Code,Name,Close,Volume,VolumeTotal,Amount,AmountTotal,Market,ChangesRatio
005930,삼성전자,260000.0,15042569.0,21619973.0,3911067940000.0,5621192980000.0,KOSPI,2.97
000660,SK하이닉스,1849000.0,4444839.0,6158964.0,8218507311000.0,11387924436000.0,KOSPI,5.96
005935,삼성전자우,196900.0,3663810.0,3663810.0,721404189000.0,721404189000.0,KOSPI,1.86
402340,SK스퀘어,1072000.0,516052.0,719686.0,553207744000.0,771503392000.0,KOSPI,6.35
009150,삼성전기,1388000.0,855524.0,1258946.0,1187467312000.0,1747417048000.0,KOSPI,4.36
373220,LG에너지솔루션,363500.0,224318.0,270879.0,81539593000.0,98464516500.0,KOSPI,-0.41
005380,현대차,366500.0,515998.0,753048.0,189113267000.0,275992092000.0,KOSPI,0.96
207940,삼성바이오로직스,1399000.0,32905.0,38478.0,46034095000.0,53830722000.0,KOSPI,0.21
105560,KB금융,175700.0,1085571.0,1256454.0,190734824700.0,220758967800.0,KOSPI,-1.95
028260,삼성물산,353500.0,298946.0,374105.0,105677411000.0,132246117500.0,KOSPI,-0.56
032830,삼성생명,283500.0,284385.0,356669.0,80623147500.0,101115661500.0,KOSPI,1.07
012450,한화에어로스페이스,1092000.0,131229.0,162404.0,143302068000.0,177345168000.0,KOSPI,-0.46
034020,두산에너빌리티,85700.0,2326458.0,4584986.0,199377450600.0,392933300200.0,KOSPI,0.35
055550,신한지주,111100.0,1561365.0,1674770.0,173467651500.0,186066947000.0,KOSPI,-1.94
329180,HD현대중공업,462000.0,195097.0,269795.0,90134814000.0,124645290000.0,KOSPI,-1.6
000270,기아,121600.0,784708.0,878640.0,95420492800.0,106842624000.0,KOSPI,0.58
006400,삼성SDI,542000.0,309984.0,482984.0,168011328000.0,261777328000.0,KOSPI,0.56
068270,셀트리온,180100.0,640709.0,721806.0,115391690900.0,129997260600.0,KOSPI,-0.11
034730,SK,550000.0,252945.0,295642.0,139119750000.0,162603100000.0,KOSPI,2.04
086790,하나금융지주,133700.0,1040121.0,1173731.0,139064177700.0,156927834700.0,KOSPI,-2.76
012330,현대모비스,380500.0,335447.0,477464.0,127637583500.0,181675052000.0,KOSPI,-0.13
066570,LG전자,198700.0,797508.0,1100069.0,158464839600.0,218583710300.0,KOSPI,0.4
010120,LS ELECTRIC,208500.0,728808.0,1246204.0,151956468000.0,259833534000.0,KOSPI,3.22
035420,NAVER,197500.0,1282168.0,1789159.0,253228180000.0,353358902500.0,KOSPI,-0.75
000810,삼성화재,655000.0,145464.0,159098.0,95278920000.0,104209190000.0,KOSPI,-1.65
298040,효성중공업,2888000.0,50247.0,68556.0,145113336000.0,197989728000.0,KOSPI,0.94
316140,우리금융지주,36150.0,3330552.0,3607904.0,120399454800.0,130425729600.0,KOSPI,-0.41
267260,HD현대일렉트릭,727000.0,125371.0,165597.0,91144717000.0,120389019000.0,KOSPI,2.11
005490,POSCO홀딩스,325500.0,286766.0,361336.0,93342333000.0,117614868000.0,KOSPI,-0.31
042660,한화오션,83500.0,525306.0,921092.0,43863051000.0,76911182000.0,KOSPI,-0.12
069500,KODEX 200,109285.0,19635190.0,19635190.0,2145831739150.0,2145831739150.0,KOSPI,2.83
009540,HD한국조선해양,340000.0,165787.0,197179.0,56367580000.0,67040860000.0,KOSPI,-2.44
010130,고려아연,1132000.0,24368.0,31150.0,27584576000.0,35261800000.0,KOSPI,0.8
000150,두산,1449000.0,143341.0,219980.0,207701109000.0,318751020000.0,KOSPI,3.13
096770,SK이노베이션,137000.0,620079.0,849912.0,84950823000.0,116437944000.0,KOSPI,-1.72
042700,한미반도체,235000.0,557950.0,1094523.0,131118250000.0,257212905000.0,KOSPI,4.21
138040,메리츠금융지주,126700.0,235852.0,257751.0,29882448400.0,32657051700.0,KOSPI,0.24
360750,TIGER 미국S&P500,26280.0,24713667.0,24713667.0,649475168760.0,649475168760.0,KOSPI,0.86
015760,한국전력,30900.0,1519584.0,2161525.0,46955145600.0,66791122500.0,KOSPI,-0.32
011200,HMM,20950.0,1494362.0,2313959.0,31306883900.0,48477441050.0,KOSPI,0.96
017670,SK텔레콤,89100.0,1720840.0,2066963.0,153326844000.0,184166403300.0,KOSPI,1.71
051910,LG화학,268000.0,161749.0,195983.0,43348732000.0,52523444000.0,KOSPI,0.0
010140,삼성중공업,21050.0,3274149.0,5606559.0,68920836450.0,118018066950.0,KOSPI,-2.09
033780,KT&G,172800.0,266754.0,285037.0,46095091200.0,49254393600.0,KOSPI,-0.58
006800,미래에셋증권,31600.0,936872.0,1408144.0,29605155200.0,44497350400.0,KOSPI,-0.63
018260,삼성에스디에스,220000.0,189267.0,242137.0,41638740000.0,53270140000.0,KOSPI,1.85
003550,LG,112100.0,281520.0,298179.0,31558392000.0,33425865900.0,KOSPI,0.27
010950,S-Oil,149700.0,311700.0,382659.0,46661490000.0,57284052300.0,KOSPI,-1.64
267250,HD현대,212000.0,401250.0,479277.0,85065000000.0,101606724000.0,KOSPI,-4.72
003670,포스코퓨처엠,183300.0,196638.0,288786.0,36043745400.0,52934473800.0,KOSPI,0.6
079550,LIG디펜스앤에어로스페이스,737000.0,108442.0,155509.0,79921754000.0,114610133000.0,KOSPI,4.1
024110,기업은행,20150.0,1021872.0,1207046.0,20590720800.0,24321976900.0,KOSPI,0.0
086280,현대글로비스,204000.0,149837.0,174042.0,30566748000.0,35504568000.0,KOSPI,-0.97
272210,한화시스템,79900.0,1206427.0,2211939.0,96393517300.0,176733926100.0,KOSPI,3.1
035720,카카오,33600.0,1479880.0,1479880.0,49723968000.0,49723968000.0,KOSPI,0.3
000720,현대건설,125600.0,753375.0,1103605.0,94623900000.0,138612788000.0,KOSPI,0.24
278470,에이피알,368000.0,299953.0,436513.0,110382704000.0,160636784000.0,KOSPI,4.25
064350,현대로템,123500.0,433198.0,517757.0,53499953000.0,63942989500.0,KOSPI,0.98
030200,KT,53200.0,166153.0,205614.0,8839339600.0,10938664800.0,KOSPI,-0.37
047810,한국항공우주,130200.0,858336.0,913737.0,111755347200.0,118968557400.0,KOSPI,-0.15
011070,LG이노텍,531000.0,199265.0,307865.0,105809715000.0,163476315000.0,KOSPI,4.73
005830,DB손해보험,188500.0,385017.0,401194.0,72575704500.0,75625069000.0,KOSPI,-2.23
133690,TIGER 미국나스닥100,181225.0,3583747.0,3583747.0,649464550075.0,649464550075.0,KOSPI,1.66
443060,HD현대마린솔루션,244000.0,232775.0,244648.0,56797100000.0,59694112000.0,KOSPI,0.83
003490,대한항공,29150.0,2445122.0,2445122.0,71275306300.0,71275306300.0,KOSPI,-0.85
078930,GS,114000.0,287288.0,320366.0,32750832000.0,36521724000.0,KOSPI,0.0
379800,KODEX 미국S&P500,23885.0,24431037.0,24431037.0,583535318745.0,583535318745.0,KOSPI,0.82
028050,삼성E&A,52100.0,5594113.0,5594113.0,291453287300.0,291453287300.0,KOSPI,1.96
071050,한국금융지주,183000.0,170724.0,213003.0,31242492000.0,38979549000.0,KOSPI,-1.4
102110,TIGER 200,109560.0,14729874.0,14729874.0,1613804995440.0,1613804995440.0,KOSPI,2.85
006260,LS,324000.0,179505.0,291142.0,58159620000.0,94330008000.0,KOSPI,6.58
307950,현대오토에버,367500.0,26067.0,44400.0,9579622500.0,16317000000.0,KOSPI,0.96
047050,포스코인터내셔널,57100.0,456569.0,693245.0,26070089900.0,39584289500.0,KOSPI,-1.21
396500,TIGER 반도체TOP10,37000.0,6885674.0,6885674.0,254769938000.0,254769938000.0,KOSPI,4.03
323410,카카오뱅크,20550.0,1725189.0,1947138.0,35452633950.0,40013685900.0,KOSPI,-0.72
003230,삼양식품,1296000.0,50277.0,68337.0,65158992000.0,88564752000.0,KOSPI,0.62
000500,가온전선,322000.0,1447374.0,2885442.0,466054428000.0,929112324000.0,KOSPI,23.61
005940,NH투자증권,25550.0,585659.0,661519.0,14963587450.0,16901810450.0,KOSPI,0.59
379810,KODEX 미국나스닥100,27090.0,20857688.0,20857688.0,565034767920.0,565034767920.0,KOSPI,1.63
259960,크래프톤,204500.0,115524.0,122019.0,23624658000.0,24952885500.0,KOSPI,0.74
180640,한진칼,139200.0,83333.0,101097.0,11599953600.0,14072702400.0,KOSPI,-0.22
488770,KODEX 머니마켓액티브,105575.0,595501.0,595501.0,62870018075.0,62870018075.0,KOSPI,0.03
090430,아모레퍼시픽,142700.0,194880.0,218177.0,27809376000.0,31133857900.0,KOSPI,-0.28
0126Z0,삼성에피스홀딩스,331000.0,44376.0,63314.0,14688456000.0,20956934000.0,KOSPI,-0.45
047040,대우건설,19020.0,7996914.0,7996914.0,152101304280.0,152101304280.0,KOSPI,2.87
278530,KODEX 200TR,39555.0,687652.0,687652.0,27200074860.0,27200074860.0,KOSPI,2.7
016360,삼성증권,85600.0,407587.0,482403.0,34889447200.0,41293696800.0,KOSPI,-0.47
161390,한국타이어앤테크놀로지,60700.0,495628.0,523508.0,30084619600.0,31776935600.0,KOSPI,3.06
007660,이수페타시스,102400.0,2283306.0,3373768.0,233810534400.0,345473843200.0,KOSPI,-3.4
352820,하이브,166700.0,147099.0,192166.0,24521403300.0,32034072200.0,KOSPI,0.66
021240,코웨이,101500.0,460646.0,481746.0,46755569000.0,48897219000.0,KOSPI,-5.58
000880,한화,134100.0,202736.0,234234.0,27186897600.0,31410779400.0,KOSPI,-2.83
039490,키움증권,261500.0,44872.0,62201.0,11734028000.0,16265561500.0,KOSPI,-0.57
459580,KODEX CD금리액티브(합성),1075235.0,952803.0,952803.0,1024487133705.0,1024487133705.0,KOSPI,0.01
064400,LG씨엔에스,70400.0,399377.0,399377.0,28116140800.0,28116140800.0,KOSPI,1.88
267270,HD건설기계,140400.0,193918.0,250425.0,27226087200.0,35159670000.0,KOSPI,-1.2
128940,한미약품,505000.0,103454.0,158383.0,52244270000.0,79983415000.0,KOSPI,-1.94
062040,산일전기,211000.0,347486.0,697670.0,73319546000.0,147208370000.0,KOSPI,4.98
009830,한화솔루션,28650.0,1736301.0,1736301.0,49745023650.0,49745023650.0,KOSPI,0.88
001440,대한전선,31650.0,8819479.0,8819479.0,279136510350.0,279136510350.0,KOSPI,11.84
326030,SK바이오팜,77900.0,178722.0,240087.0,13922443800.0,18702777300.0,KOSPI,-1.64
005387,현대차2우B,173400.0,203799.0,203799.0,35338746600.0,35338746600.0,KOSPI,0.23
122630,KODEX 레버리지,109265.0,14295853.0,14295853.0,1562036378045.0,1562036378045.0,KOSPI,5.58
032640,LG유플러스,14190.0,2703229.0,3063029.0,38358819510.0,43464381510.0,KOSPI,-3.34
498400,KODEX 200타겟위클리커버드콜,20365.0,5268196.0,5268196.0,107286811540.0,107286811540.0,KOSPI,2.59
175330,JB금융지주,31050.0,295000.0,344038.0,9159750000.0,10682379900.0,KOSPI,-1.58
381180,TIGER 미국필라델피아반도체나스닥,42165.0,1608999.0,1608999.0,67843442835.0,67843442835.0,KOSPI,3.47
241560,두산밥캣,59400.0,417098.0,458309.0,24775621200.0,27223554600.0,KOSPI,-1.82
091160,KODEX 반도체,130545.0,1156705.0,1156705.0,151002054225.0,151002054225.0,KOSPI,2.26
000100,유한양행,76000.0,508270.0,582901.0,38628520000.0,44300476000.0,KOSPI,-1.94
0167A0,SOL AI반도체TOP2플러스,17660.0,8351508.0,8351508.0,147487631280.0,147487631280.0,KOSPI,3.58
000990,DB하이텍,125900.0,627030.0,1265898.0,78943077000.0,159376558200.0,KOSPI,1.12
377300,카카오페이,40250.0,494919.0,741324.0,19920489750.0,29838291000.0,KOSPI,0.63
052690,한전기술,134600.0,720960.0,1372729.0,97041216000.0,184769323400.0,KOSPI,-2.18
088350,한화생명,5890.0,2965594.0,2965594.0,17467348660.0,17467348660.0,KOSPI,-2.0
029780,삼성카드,44000.0,117379.0,141931.0,5164676000.0,6244964000.0,KOSPI,-0.79
353200,대덕전자,103100.0,689721.0,689721.0,71110235100.0,71110235100.0,KOSPI,2.38
138930,BNK금융지주,15750.0,1597428.0,1733148.0,25159491000.0,27297081000.0,KOSPI,0.19
004020,현대제철,35850.0,980043.0,1373047.0,35134541550.0,49223734950.0,KOSPI,5.13
088980,맥쿼리인프라,9790.0,758711.0,758711.0,7427780690.0,7427780690.0,KOSPI,0.72
229200,KODEX 코스닥150,13830.0,16926883.0,16926883.0,234098791890.0,234098791890.0,KOSPI,0.22
310970,TIGER MSCI Korea TR,48780.0,5023.0,5023.0,245021940.0,245021940.0,KOSPI,2.9
454910,두산로보틱스,69600.0,183161.0,183161.0,12748005600.0,12748005600.0,KOSPI,0.72
036570,NC,209000.0,91640.0,117506.0,19152760000.0,24558754000.0,KOSPI,2.2
066970,엘앤에프,110500.0,374602.0,678209.0,41393521000.0,74942094500.0,KOSPI,-0.72
148020,RISE 200,110225.0,800277.0,800277.0,88210532325.0,88210532325.0,KOSPI,2.84
271560,오리온,112500.0,264005.0,274973.0,29700562500.0,30934462500.0,KOSPI,-0.88
051900,LG생활건강,293500.0,94128.0,103576.0,27626568000.0,30399556000.0,KOSPI,-1.01
011790,SKC,87600.0,96082.0,162604.0,8416783200.0,14244110400.0,KOSPI,0.92
458730,TIGER 미국배당다우존스,14815.0,1799711.0,1799711.0,26662718465.0,26662718465.0,KOSPI,-0.13
082740,한화엔진,51600.0,901886.0,1619410.0,46537317600.0,83561556000.0,KOSPI,-2.64
034220,LG디스플레이,8420.0,3937517.0,3937517.0,33153893140.0,33153893140.0,KOSPI,0.48
0162Z0,RISE 삼성전자SK하이닉스채권혼합50,13695.0,4000925.0,4000925.0,54792667875.0,54792667875.0,KOSPI,2.28
001450,현대해상,48400.0,677229.0,724156.0,32777883600.0,35049150400.0,KOSPI,-1.83
411060,ACE KRX금현물,27305.0,521844.0,521844.0,14248950420.0,14248950420.0,KOSPI,1.79
005385,현대차우,173900.0,118738.0,118738.0,20648538200.0,20648538200.0,KOSPI,0.64
395160,KODEX AI반도체TOP2플러스,40220.0,3365086.0,3365086.0,135343758920.0,135343758920.0,KOSPI,4.51
360200,ACE 미국S&P500,26565.0,965899.0,965899.0,25659106935.0,25659106935.0,KOSPI,0.82
002380,KCC,466000.0,33587.0,37004.0,15651542000.0,17243864000.0,KOSPI,0.98
381170,TIGER 미국테크TOP10 INDXX,31675.0,953992.0,953992.0,30217696600.0,30217696600.0,KOSPI,2.23
010060,OCI홀딩스,203500.0,124289.0,266634.0,25292811500.0,54260019000.0,KOSPI,0.74
001040,CJ,127500.0,223893.0,254283.0,28546357500.0,32421082500.0,KOSPI,-2.82
423160,KODEX KOFR금리액티브(합성),110845.0,101239.0,101239.0,11221836955.0,11221836955.0,KOSPI,0.03
103590,일진전기,75900.0,835834.0,1552021.0,63439800600.0,117798393900.0,KOSPI,8.12
395270,HANARO Fn K-반도체,57375.0,950732.0,950732.0,54548248500.0,54548248500.0,KOSPI,4.35
018880,한온시스템,3450.0,4013412.0,4013412.0,13846271400.0,13846271400.0,KOSPI,4.86
367380,ACE 미국나스닥100,31150.0,338448.0,338448.0,10542655200.0,10542655200.0,KOSPI,1.66
273130,KODEX 종합채권(AA-이상)액티브,109775.0,13253.0,13253.0,1454848075.0,1454848075.0,KOSPI,0.12
004170,신세계,364000.0,91028.0,115406.0,33134192000.0,42007784000.0,KOSPI,2.97
161890,한국콜마,145500.0,270112.0,374438.0,39301296000.0,54480729000.0,KOSPI,-1.29
357870,TIGER CD금리투자KIS(합성),58085.0,186643.0,186643.0,10841158655.0,10841158655.0,KOSPI,0.01
375500,DL이앤씨,86800.0,432973.0,432973.0,37582056400.0,37582056400.0,KOSPI,3.33
233740,KODEX 코스닥150레버리지,6695.0,36650118.0,36650118.0,245372540010.0,245372540010.0,KOSPI,0.53
008930,한미사이언스,48900.0,493622.0,569715.0,24138115800.0,27859063500.0,KOSPI,-3.93
487240,KODEX AI전력핵심설비,37585.0,3763833.0,3763833.0,141463663305.0,141463663305.0,KOSPI,5.28
036460,한국가스공사,35650.0,261395.0,305703.0,9318731750.0,10898311950.0,KOSPI,-2.06
336260,두산퓨얼셀,50200.0,559422.0,1181902.0,28082984400.0,59331480400.0,KOSPI,-0.2
102780,KODEX 삼성그룹,25665.0,257392.0,257392.0,6605965680.0,6605965680.0,KOSPI,1.4
023530,롯데쇼핑,114100.0,159179.0,186049.0,18162323900.0,21228190900.0,KOSPI,-1.3
111770,영원무역,72400.0,126995.0,135937.0,9194438000.0,9841838800.0,KOSPI,-0.14
022100,포스코DX,20950.0,286988.0,423836.0,6012398600.0,8879364200.0,KOSPI,-1.18
006360,GS건설,37200.0,3204783.0,3204783.0,119217927600.0,119217927600.0,KOSPI,1.64
012750,에스원,83400.0,111341.0,113840.0,9285839400.0,9494256000.0,KOSPI,-0.71
455890,RISE 머니마켓액티브,55560.0,262468.0,262468.0,14582722080.0,14582722080.0,KOSPI,0.01
192820,코스맥스,274000.0,85239.0,106077.0,23355486000.0,29065098000.0,KOSPI,0.74
035250,강원랜드,14420.0,464532.0,595577.0,6698551440.0,8588220340.0,KOSPI,-1.37
028670,팬오션,5770.0,2981121.0,2981121.0,17201068170.0,17201068170.0,KOSPI,-1.87
0043B0,TIGER 머니마켓액티브,103705.0,117172.0,117172.0,12151322260.0,12151322260.0,KOSPI,0.01
011780,금호석유화학,120200.0,112744.0,122681.0,13551828800.0,14746256200.0,KOSPI,-1.39
007340,DN오토모티브,49600.0,153948.0,207789.0,7635820800.0,10306334400.0,KOSPI,3.12
031210,서울보증보험,41450.0,90536.0,111035.0,3752717200.0,4602400750.0,KOSPI,-2.01
251270,넷마블,34750.0,160140.0,200723.0,5564865000.0,6975124250.0,KOSPI,1.76
017800,현대엘리베이터,73900.0,71430.0,98868.0,5278677000.0,7306345200.0,KOSPI,0.54
139130,iM금융지주,18190.0,867561.0,905124.0,15780934590.0,16464205560.0,KOSPI,-0.49
302440,SK바이오사이언스,35350.0,102511.0,135169.0,3623763850.0,4778224150.0,KOSPI,-2.48
011170,롯데케미칼,63600.0,197990.0,244311.0,12592164000.0,15538179600.0,KOSPI,2.42
004800,효성,160600.0,18484.0,20780.0,2968530400.0,3337268000.0,KOSPI,1.65
139260,TIGER 200 IT,137380.0,206874.0,206874.0,28420350120.0,28420350120.0,KOSPI,4.0
003690,코리안리,14970.0,288787.0,315127.0,4323141390.0,4717451190.0,KOSPI,-1.38
383220,F&F,69000.0,42365.0,49709.0,2923185000.0,3429921000.0,KOSPI,0.15
097950,CJ제일제당,175000.0,101023.0,119011.0,17679025000.0,20826925000.0,KOSPI,-0.79
085620,미래에셋생명,19400.0,137130.0,137130.0,2660322000.0,2660322000.0,KOSPI,-3.24
426030,TIME 미국나스닥100액티브,47040.0,797901.0,797901.0,37533263040.0,37533263040.0,KOSPI,3.15
472150,TIGER 배당커버드콜액티브,20535.0,3103371.0,3103371.0,63727723485.0,63727723485.0,KOSPI,2.75
026960,동서,25550.0,51417.0,62479.0,1313704350.0,1596338450.0,KOSPI,0.0
481050,KODEX CD1년금리플러스액티브(합성),1023395.0,30081.0,30081.0,30784744995.0,30784744995.0,KOSPI,0.01
486290,TIGER 미국나스닥100타겟데일리커버드콜,10550.0,1477040.0,1477040.0,15582772000.0,15582772000.0,KOSPI,1.64
009420,한올바이오파마,47900.0,225647.0,303011.0,10808491300.0,14514226900.0,KOSPI,-0.52
450080,에코프로머티,34950.0,218365.0,218365.0,7631856750.0,7631856750.0,KOSPI,0.0
004990,롯데지주,24650.0,434409.0,461556.0,10708181850.0,11377355400.0,KOSPI,-1.0
0193T0,KODEX SK하이닉스단일종목레버리지,11715.0,15304496.0,15304496.0,179292170640.0,179292170640.0,KOSPI,11.47
278540,KODEX MSCI Korea TR,38830.0,15304.0,15304.0,594254320.0,594254320.0,KOSPI,3.0
489790,한화비전,47350.0,336390.0,524477.0,15928066500.0,24833985950.0,KOSPI,5.46
004370,농심,392500.0,62254.0,72452.0,24434695000.0,28437410000.0,KOSPI,-1.13
449170,TIGER KOFR금리액티브(합성),111920.0,68851.0,68851.0,7705803920.0,7705803920.0,KOSPI,0.01
161510,PLUS 고배당주,24975.0,713981.0,713981.0,17831675475.0,17831675475.0,KOSPI,-0.62
282330,BGF리테일,137600.0,129835.0,136425.0,17865296000.0,18772080000.0,KOSPI,-4.11
000240,한국앤컴퍼니,24750.0,75090.0,83089.0,1858477500.0,2056452750.0,KOSPI,0.41
005850,에스엘,50400.0,53801.0,68642.0,2711570400.0,3459556800.0,KOSPI,-0.2
005440,현대지에프홀딩스,12670.0,311809.0,367056.0,3950620030.0,4650599520.0,KOSPI,-3.06
014680,한솔케미칼,215000.0,111977.0,120133.0,24075055000.0,25828595000.0,KOSPI,0.0
001720,신영증권,140300.0,5672.0,8338.0,795781600.0,1169821400.0,KOSPI,-0.07
483650,달바글로벌,182100.0,315434.0,437224.0,57440531400.0,79618490400.0,KOSPI,5.44
204320,HL만도,48250.0,271485.0,271485.0,13099151250.0,13099151250.0,KOSPI,-0.1
103140,풍산,79700.0,92293.0,136283.0,7355752100.0,10861755100.0,KOSPI,2.05
018670,SK가스,240500.0,6882.0,8216.0,1655121000.0,1975948000.0,KOSPI,0.0
020150,롯데에너지머티리얼즈,42200.0,397737.0,690757.0,16784501400.0,29149945400.0,KOSPI,7.38
279570,케이뱅크,5400.0,719194.0,719194.0,3883647600.0,3883647600.0,KOSPI,-1.64
112610,씨에스윈드,51800.0,415271.0,415271.0,21511037800.0,21511037800.0,KOSPI,0.39
385540,RISE 종합채권(A-이상)액티브,102815.0,3320.0,3320.0,341345800.0,341345800.0,KOSPI,0.07
009970,영원무역홀딩스,167900.0,17955.0,18559.0,3014644500.0,3116056100.0,KOSPI,-0.53
069960,현대백화점,99100.0,106972.0,128373.0,10600925200.0,12721764300.0,KOSPI,-1.69
051600,한전KPS,47050.0,329685.0,374467.0,15511679250.0,17618672350.0,KOSPI,-1.16
456600,TIME 글로벌AI인공지능액티브,58810.0,127227.0,127227.0,7482219870.0,7482219870.0,KOSPI,3.26
081660,미스토홀딩스,38400.0,530323.0,541689.0,20364403200.0,20800857600.0,KOSPI,-0.78
139480,이마트,73800.0,102910.0,117694.0,7594758000.0,8685817200.0,KOSPI,1.1
073240,금호타이어,7040.0,1283012.0,2394921.0,9032404480.0,16860243840.0,KOSPI,0.28
284430,KODEX 200미국채혼합50,20850.0,391167.0,391167.0,8155831950.0,8155831950.0,KOSPI,1.41
030000,제일기획,17430.0,1443932.0,1507431.0,25167734760.0,26274522330.0,KOSPI,0.29
002790,아모레퍼시픽홀딩스,26050.0,478835.0,494202.0,12473651750.0,12873962100.0,KOSPI,-2.43
457190,이수스페셜티케미컬,65400.0,92408.0,153346.0,6043483200.0,10028828400.0,KOSPI,2.03
007070,GS리테일,23400.0,577528.0,613649.0,13514155200.0,14359386600.0,KOSPI,-2.5
292150,TIGER 코리아TOP10,38420.0,479385.0,479385.0,18417971700.0,18417971700.0,KOSPI,2.51
000155,두산우,471000.0,17619.0,17619.0,8298549000.0,8298549000.0,KOSPI,6.08
181710,NHN,57300.0,174882.0,260039.0,10020738600.0,14900234700.0,KOSPI,1.24
229640,LS에코에너지,60300.0,918517.0,1873869.0,55386575100.0,112994300700.0,KOSPI,13.77
214980,KODEX 단기채권PLUS,114425.0,16267.0,16267.0,1861351475.0,1861351475.0,KOSPI,0.01
462870,시프트업,31050.0,41794.0,51513.0,1297703700.0,1599478650.0,KOSPI,-0.48
294400,KIWOOM 200TR,143645.0,52895.0,52895.0,7598102275.0,7598102275.0,KOSPI,2.91
439260,대한조선,47100.0,19827.0,32402.0,933851700.0,1526134200.0,KOSPI,0.11
089860,롯데렌탈,49000.0,80919.0,94599.0,3965031000.0,4635351000.0,KOSPI,0.82
071970,HD현대마린엔진,52100.0,298802.0,405226.0,15567584200.0,21112274600.0,KOSPI,1.36
475150,SK이터닉스,51200.0,1537324.0,1537324.0,78710988800.0,78710988800.0,KOSPI,4.6
305720,KODEX 2차전지산업,14670.0,1802166.0,1802166.0,26437775220.0,26437775220.0,KOSPI,0.31
023590,다우기술,39850.0,49832.0,59885.0,1985805200.0,2386417250.0,KOSPI,-0.25
120110,코오롱인더,57600.0,212854.0,335933.0,12260390400.0,19349740800.0,KOSPI,3.04
441640,KODEX 미국배당커버드콜액티브,12440.0,1108377.0,1108377.0,13788209880.0,13788209880.0,KOSPI,0.2
442580,PLUS 글로벌HBM반도체,101235.0,876912.0,876912.0,88774186320.0,88774186320.0,KOSPI,4.31
105190,ACE 200,109580.0,519987.0,519987.0,56980175460.0,56980175460.0,KOSPI,2.81
475630,TIGER CD1년금리액티브(합성),1077725.0,81551.0,81551.0,87889551475.0,87889551475.0,KOSPI,0.01
000120,CJ대한통운,71000.0,157263.0,168770.0,11165673000.0,11982670000.0,KOSPI,-0.28
001430,세아베스틸지주,45150.0,203774.0,330287.0,9200396100.0,14912458050.0,KOSPI,-0.66
001120,LX인터내셔널,41600.0,153145.0,171422.0,6370832000.0,7131155200.0,KOSPI,-0.48
020560,아시아나항공,7810.0,211470.0,232821.0,1651580700.0,1818332010.0,KOSPI,-0.38
008770,호텔신라,40750.0,456084.0,490793.0,18585423000.0,19999814750.0,KOSPI,0.25
368590,RISE 미국나스닥100,30230.0,120296.0,120296.0,3636548080.0,3636548080.0,KOSPI,1.7
0195S0,TIGER SK하이닉스단일종목레버리지,9945.0,9624632.0,9624632.0,95716965240.0,95716965240.0,KOSPI,11.8
012630,HDC,26550.0,111724.0,131316.0,2966272200.0,3486439800.0,KOSPI,-1.48
446770,ACE 글로벌반도체TOP4 Plus,78360.0,85988.0,85988.0,6738019680.0,6738019680.0,KOSPI,3.58
006040,동원산업,35750.0,32375.0,40786.0,1157406250.0,1458099500.0,KOSPI,-1.24
329200,TIGER 리츠부동산인프라,4075.0,3005927.0,3005927.0,12249152525.0,12249152525.0,KOSPI,0.12
093370,후성,14570.0,4182302.0,4182302.0,60936140140.0,60936140140.0,KOSPI,-1.62
0177N0,KODEX 삼성전자SK하이닉스채권혼합50,14385.0,2707290.0,2707290.0,38944366650.0,38944366650.0,KOSPI,2.13
294870,IPARK현대산업개발,23550.0,147946.0,166169.0,3484128300.0,3913279950.0,KOSPI,0.21
477080,RISE CD금리액티브(합성),107635.0,8555.0,8555.0,920817425.0,920817425.0,KOSPI,0.01
610063,메리츠 KIS CD금리투자 ETN,55835.0,5506.0,5506.0,307427510.0,307427510.0,KOSPI,0.04
395400,SK리츠,5090.0,502886.0,502886.0,2559689740.0,2559689740.0,KOSPI,-1.74
379780,RISE 미국S&P500,22980.0,133195.0,133195.0,3060821100.0,3060821100.0,KOSPI,0.88
001820,삼화콘덴서,143900.0,1688778.0,1688778.0,243015154200.0,243015154200.0,KOSPI,4.58
152100,PLUS 200,110900.0,198448.0,198448.0,22007883200.0,22007883200.0,KOSPI,2.78
487230,KODEX 미국AI전력핵심인프라,19860.0,560899.0,560899.0,11139454140.0,11139454140.0,KOSPI,1.17
011210,현대위아,54700.0,94560.0,123964.0,5172432000.0,6780830800.0,KOSPI,-0.36
453850,ACE 미국30년국채액티브(H),7150.0,1061766.0,1061766.0,7591626900.0,7591626900.0,KOSPI,0.85
009155,삼성전기우,506000.0,178785.0,178785.0,90465210000.0,90465210000.0,KOSPI,5.09
466920,SOL 조선TOP3플러스,27710.0,600362.0,600362.0,16636031020.0,16636031020.0,KOSPI,-1.14
001800,오리온홀딩스,24250.0,89549.0,122258.0,2171563250.0,2964756500.0,KOSPI,-0.21
281820,케이씨텍,73300.0,178247.0,289851.0,13065505100.0,21246078300.0,KOSPI,1.52
226490,KODEX 코스피,70600.0,168475.0,168475.0,11894335000.0,11894335000.0,KOSPI,2.32
006280,녹십자,122100.0,89455.0,95243.0,10922455500.0,11629170300.0,KOSPI,-0.49
322000,HD현대에너지솔루션,126800.0,253978.0,253978.0,32204410400.0,32204410400.0,KOSPI,5.4
298020,효성티앤씨,328000.0,10042.0,12797.0,3293776000.0,4197416000.0,KOSPI,1.55
097230,HJ중공업,15580.0,163173.0,163173.0,2542235340.0,2542235340.0,KOSPI,0.26
0193W0,KODEX 삼성전자단일종목레버리지,11645.0,5705603.0,5705603.0,66441746935.0,66441746935.0,KOSPI,5.29
005070,코스모신소재,42000.0,129643.0,244572.0,5445006000.0,10272024000.0,KOSPI,4.48
530031,삼성 레버리지 WTI원유 선물 ETN,3415.0,245405.0,245405.0,838058075.0,838058075.0,KOSPI,-1.01
232080,TIGER 코스닥150,14085.0,10748721.0,10748721.0,151395735285.0,151395735285.0,KOSPI,0.25
091230,TIGER 반도체,138165.0,111628.0,111628.0,15423082620.0,15423082620.0,KOSPI,2.34
00680K,미래에셋증권2우B,10490.0,537572.0,537572.0,5639130280.0,5639130280.0,KOSPI,-0.85
361610,SK아이이테크놀로지,15900.0,565835.0,685269.0,8996776500.0,10895777100.0,KOSPI,-0.93
157450,TIGER 단기통안채,112670.0,22119.0,22119.0,2492147730.0,2492147730.0,KOSPI,0.0
069620,대웅제약,110300.0,14608.0,18478.0,1611262400.0,2038123400.0,KOSPI,-0.9
448330,KODEX 삼성전자채권혼합,17255.0,399969.0,399969.0,6901465095.0,6901465095.0,KOSPI,0.91
390390,KODEX 미국반도체,53100.0,1153201.0,1153201.0,61234973100.0,61234973100.0,KOSPI,2.86
007310,오뚜기,316500.0,6691.0,8227.0,2117701500.0,2603845500.0,KOSPI,-1.09
415640,KB발해인프라,10330.0,2239693.0,2239693.0,23136028690.0,23136028690.0,KOSPI,-1.53
001740,SK네트웍스,6280.0,948291.0,948291.0,5955267480.0,5955267480.0,KOSPI,-0.48
007810,코리아써키트,52200.0,493823.0,684767.0,25777560600.0,35744837400.0,KOSPI,0.58
438080,ACE 미국S&P500미국채혼합50액티브,14060.0,318971.0,318971.0,4484732260.0,4484732260.0,KOSPI,0.5
192080,더블유게임즈,59000.0,60146.0,62411.0,3548614000.0,3682249000.0,KOSPI,0.34
003540,대신증권,26200.0,93202.0,122336.0,2441892400.0,3205203200.0,KOSPI,-0.95
436140,SOL 종합채권(AA-이상)액티브,105970.0,75.0,75.0,7947750.0,7947750.0,KOSPI,0.2
000815,삼성화재우,407500.0,17613.0,17613.0,7177297500.0,7177297500.0,KOSPI,-2.16
0072R0,TIGER KRX금현물,13020.0,636618.0,636618.0,8288766360.0,8288766360.0,KOSPI,1.72
300720,한일시멘트,16300.0,64975.0,82120.0,1059092500.0,1338556000.0,KOSPI,-0.24
066575,LG전자우,68600.0,95120.0,95120.0,6525232000.0,6525232000.0,KOSPI,0.73
330590,롯데리츠,4070.0,313634.0,313634.0,1276490380.0,1276490380.0,KOSPI,2.13
0183J0,TIGER 미국우주테크,7945.0,1446181.0,1446181.0,11489908045.0,11489908045.0,KOSPI,4.75
280360,롯데웰푸드,127100.0,17872.0,21683.0,2271531200.0,2755909300.0,KOSPI,-1.93
004000,롯데정밀화학,44650.0,52577.0,61946.0,2347563050.0,2765888900.0,KOSPI,-0.45
000210,DL,54900.0,62082.0,71713.0,3408301800.0,3937043700.0,KOSPI,1.1
030610,교보증권,9990.0,34718.0,50733.0,346832820.0,506822670.0,KOSPI,-0.5
356540,ACE 종합채권(AA-이상)액티브,101070.0,190.0,190.0,19203300.0,19203300.0,KOSPI,0.09
469150,ACE AI반도체TOP3+,59950.0,150066.0,150066.0,8996456700.0,8996456700.0,KOSPI,3.35
465580,ACE 미국빅테크TOP7 Plus,24765.0,504718.0,504718.0,12499341270.0,12499341270.0,KOSPI,2.0
006340,대원전선,13940.0,12313924.0,12313924.0,171656100560.0,171656100560.0,KOSPI,8.4
017960,한국카본,21050.0,118466.0,217937.0,2493709300.0,4587573850.0,KOSPI,-1.64
0139F0,TIGER 12월자동연장금융채(AA-이상)액티브,102255.0,51.0,51.0,5215005.0,5215005.0,KOSPI,0.01
497570,TIGER 미국필라델피아AI반도체나스닥,21400.0,419920.0,419920.0,8986288000.0,8986288000.0,KOSPI,3.01
445290,KODEX 로봇액티브,30600.0,214950.0,214950.0,6577470000.0,6577470000.0,KOSPI,1.09
494890,KODEX 200액티브,31485.0,153905.0,153905.0,4845698925.0,4845698925.0,KOSPI,2.81
494310,KODEX 반도체레버리지,80715.0,2202650.0,2202650.0,177786894750.0,177786894750.0,KOSPI,4.66
000080,하이트진로,14970.0,112358.0,135394.0,1681999260.0,2026848180.0,KOSPI,-0.47
0117V0,TIGER 코리아AI전력기기TOP3플러스,19590.0,1846549.0,1846549.0,36173894910.0,36173894910.0,KOSPI,4.9
455850,SOL AI반도체소부장,25120.0,1118596.0,1118596.0,28099131520.0,28099131520.0,KOSPI,0.96
494300,KODEX 미국나스닥100데일리커버드콜OTM,9070.0,1061505.0,1061505.0,9627850350.0,9627850350.0,KOSPI,1.8
469830,SOL 초단기채권액티브,54470.0,139844.0,139844.0,7617302680.0,7617302680.0,KOSPI,0.01
449180,KODEX 미국S&P500(H),17110.0,431715.0,431715.0,7386643650.0,7386643650.0,KOSPI,0.85
446720,SOL 미국배당다우존스,13575.0,271821.0,271821.0,3689970075.0,3689970075.0,KOSPI,-0.15
479520,RISE KOFR금리액티브(합성),106535.0,2275.0,2275.0,242367125.0,242367125.0,KOSPI,0.01
451540,TIGER 종합채권(AA-이상)액티브,52765.0,5151.0,5151.0,271792515.0,271792515.0,KOSPI,-0.07
449450,PLUS K방산,53045.0,222545.0,222545.0,11804899525.0,11804899525.0,KOSPI,1.17
295040,SOL 200TR,40975.0,40215.0,40215.0,1647809625.0,1647809625.0,KOSPI,2.75
003240,태광산업,904000.0,1244.0,1476.0,1124576000.0,1334304000.0,KOSPI,-1.2
006120,SK디스커버리,56500.0,23135.0,29259.0,1307127500.0,1653133500.0,KOSPI,-0.53
0195R0,TIGER 삼성전자단일종목레버리지,10590.0,4110199.0,4110199.0,43527007410.0,43527007410.0,KOSPI,5.37
003530,한화투자증권,4550.0,1090763.0,1090763.0,4962971650.0,4962971650.0,KOSPI,-1.09
402970,ACE 미국배당다우존스,15055.0,153660.0,153660.0,2313351300.0,2313351300.0,KOSPI,0.03
451800,한화리츠,5360.0,89285.0,89285.0,478567600.0,478567600.0,KOSPI,0.75
195870,해성디에스,56600.0,317219.0,616180.0,17954595400.0,34875788000.0,KOSPI,4.04
315930,KODEX Top5PlusTR,80100.0,13732.0,13732.0,1099933200.0,1099933200.0,KOSPI,1.91
192400,쿠쿠홀딩스,26950.0,17535.0,20254.0,472568250.0,545845300.0,KOSPI,-1.64
495050,RISE 코리아밸류업,32400.0,51240.0,51240.0,1660176000.0,1660176000.0,KOSPI,2.03
077970,STX엔진,23700.0,115697.0,230187.0,2742018900.0,5455431900.0,KOSPI,-1.66
487340,ACE 머니마켓액티브,106040.0,11373.0,11373.0,1205992920.0,1205992920.0,KOSPI,0.01
237350,KODEX 코스피100,87285.0,146673.0,146673.0,12802352805.0,12802352805.0,KOSPI,2.86
000370,한화손해보험,8100.0,478170.0,478170.0,3873177000.0,3873177000.0,KOSPI,-2.29
438100,ACE 미국나스닥100미국채혼합50액티브,15230.0,201687.0,201687.0,3071693010.0,3071693010.0,KOSPI,0.79
003570,SNT다이내믹스,28300.0,16487.0,24843.0,466582100.0,703056900.0,KOSPI,-1.05
032350,롯데관광개발,11730.0,238784.0,291030.0,2800936320.0,3413781900.0,KOSPI,0.6
051915,LG화학우,121400.0,38527.0,38527.0,4677177800.0,4677177800.0,KOSPI,3.5
305540,TIGER 2차전지테마,18700.0,184970.0,184970.0,3458939000.0,3458939000.0,KOSPI,0.4
009240,한샘,39100.0,25272.0,29123.0,988135200.0,1138709300.0,KOSPI,0.13
003090,대웅,15790.0,75179.0,87072.0,1187076410.0,1374866880.0,KOSPI,-0.63
006110,삼아알미늄,60100.0,66818.0,121510.0,4015761800.0,7302751000.0,KOSPI,-0.83
034230,파라다이스,9670.0,330854.0,427338.0,3199358180.0,4132358460.0,KOSPI,-0.62
030190,NICE평가정보,15350.0,50486.0,55314.0,774960100.0,849069900.0,KOSPI,-2.35
185750,종근당,64400.0,40223.0,51646.0,2590361200.0,3326002400.0,KOSPI,-1.53
003160,디아이,31400.0,266739.0,570156.0,8375604600.0,17902898400.0,KOSPI,0.64
009450,경동나비엔,60800.0,38815.0,55825.0,2359952000.0,3394160000.0,KOSPI,3.23
285130,SK케미칼,51200.0,71519.0,85120.0,3661772800.0,4358144000.0,KOSPI,-1.54
479080,1Q 머니마켓액티브,53850.0,21330.0,21330.0,1148620500.0,1148620500.0,KOSPI,0.0
000670,영풍,47900.0,176086.0,249041.0,8434519400.0,11929063900.0,KOSPI,3.46
005300,롯데칠성,94600.0,11979.0,14913.0,1133213400.0,1410769800.0,KOSPI,-0.21
0048J0,KODEX 미국머니마켓액티브,13805.0,888701.0,888701.0,12268517305.0,12268517305.0,KOSPI,-0.04
0117L0,KODEX 26-12 금융채(AA-이상)액티브,10175.0,11502.0,11502.0,117032850.0,117032850.0,KOSPI,0.05
079160,CJ CGV,5240.0,288905.0,288905.0,1513862200.0,1513862200.0,KOSPI,-0.19
071320,지역난방공사,74900.0,6389.0,8316.0,478536100.0,622868400.0,KOSPI,-0.13
003470,유안타증권,4465.0,397729.0,397729.0,1775859985.0,1775859985.0,KOSPI,-2.83
071055,한국금융지주우,146700.0,45521.0,45521.0,6677930700.0,6677930700.0,KOSPI,0.69
252670,KODEX 200선물인버스2X,72.0,2715848421.0,2715848421.0,195541086312.0,195541086312.0,KOSPI,-6.49
475720,RISE 200위클리커버드콜,12755.0,834933.0,834933.0,10649570415.0,10649570415.0,KOSPI,2.04
0177R0,TIGER 반도체TOP10커버드콜액티브,11350.0,1628862.0,1628862.0,18487583700.0,18487583700.0,KOSPI,3.99
466940,TIGER 은행고배당플러스TOP10,27075.0,773893.0,773893.0,20953152975.0,20953152975.0,KOSPI,-1.29
114800,KODEX 인버스,1000.0,529098666.0,529098666.0,529098666000.0,529098666000.0,KOSPI,-2.91
004490,세방전지,60000.0,67888.0,94327.0,4073280000.0,5659620000.0,KOSPI,-0.99
498410,KODEX 금융고배당TOP10타겟위클리커버드콜,11855.0,2149946.0,2149946.0,25487609830.0,25487609830.0,KOSPI,-1.82
153130,KODEX 단기채권,113145.0,6977.0,6977.0,789412665.0,789412665.0,KOSPI,0.0
0219E0,KODEX 200커버드콜액티브,8430.0,4059946.0,4059946.0,34225344780.0,34225344780.0,KOSPI,2.8
490590,RISE 미국AI밸류체인데일리고정커버드콜,14395.0,705440.0,705440.0,10154808800.0,10154808800.0,KOSPI,3.01
144600,KODEX 은선물(H),10805.0,701129.0,701129.0,7575698845.0,7575698845.0,KOSPI,4.55
441800,TIME Korea플러스배당액티브,28785.0,89869.0,89869.0,2586879165.0,2586879165.0,KOSPI,1.55
272580,TIGER 단기채권액티브,57175.0,120942.0,120942.0,6914858850.0,6914858850.0,KOSPI,0.03
005090,SGC에너지,54600.0,52737.0,81217.0,2879440200.0,4434448200.0,KOSPI,1.11
0025N0,TIGER TDF2045 적격,11990.0,155234.0,155234.0,1861255660.0,1861255660.0,KOSPI,0.63
457480,ACE 테슬라밸류체인액티브,18645.0,237338.0,237338.0,4425167010.0,4425167010.0,KOSPI,2.64
499790,GS피앤엘,38900.0,24357.0,31483.0,947487300.0,1224688700.0,KOSPI,-0.64
476550,TIGER 미국30년국채커버드콜액티브(H),6755.0,695396.0,695396.0,4697399980.0,4697399980.0,KOSPI,0.67
100840,SNT에너지,36750.0,137621.0,308767.0,5057571750.0,11347187250.0,KOSPI,-1.61
069660,KIWOOM 200,109325.0,199921.0,199921.0,21856363325.0,21856363325.0,KOSPI,2.85
005690,파미셀,12550.0,10332580.0,10332580.0,129673879000.0,129673879000.0,KOSPI,8.38
365550,ESR켄달스퀘어리츠,3060.0,699373.0,699373.0,2140081380.0,2140081380.0,KOSPI,-1.13
036530,SNT홀딩스,46100.0,4389.0,5474.0,202332900.0,252351400.0,KOSPI,0.88
005180,빙그레,84900.0,41072.0,49145.0,3487012800.0,4172410500.0,KOSPI,-1.51
100090,SK오션플랜트,11980.0,486981.0,486981.0,5834032380.0,5834032380.0,KOSPI,0.93
481060,KODEX 미국30년국채타겟커버드콜(합성 H),7330.0,301328.0,301328.0,2208734240.0,2208734240.0,KOSPI,0.62
298050,HS효성첨단소재,165900.0,16564.0,20427.0,2747967600.0,3388839300.0,KOSPI,-1.19
462330,KODEX 2차전지산업레버리지,1027.0,40219084.0,40219084.0,41304999268.0,41304999268.0,KOSPI,0.29
137310,에스디바이오센서,6110.0,188389.0,241963.0,1151056790.0,1478393930.0,KOSPI,-0.81
456610,TIGER 미국달러SOFR금리액티브(합성),60170.0,48078.0,48078.0,2892853260.0,2892853260.0,KOSPI,0.08
214320,이노션,18090.0,118718.0,132577.0,2147608620.0,2398317930.0,KOSPI,-0.17
0061Z0,RISE 단기특수은행채액티브,51065.0,3520.0,3520.0,179748800.0,179748800.0,KOSPI,0.0
094800,맵스리얼티,7770.0,759743.0,759743.0,5903203110.0,5903203110.0,KOSPI,-2.26
003850,보령,8320.0,105638.0,139816.0,878908160.0,1163269120.0,KOSPI,-2.23
418660,TIGER 미국나스닥100레버리지(합성),40275.0,212698.0,212698.0,8566411950.0,8566411950.0,KOSPI,3.11
434730,HANARO 원자력iSelect,60195.0,135722.0,135722.0,8169785790.0,8169785790.0,KOSPI,1.5
329750,TIGER 미국달러단기채권액티브,13080.0,221646.0,221646.0,2899129680.0,2899129680.0,KOSPI,0.11
0127P0,ACE 미국대형성장주액티브,10480.0,337.0,337.0,3531760.0,3531760.0,KOSPI,1.16
364980,TIGER 2차전지TOP10,10265.0,1489421.0,1489421.0,15288906565.0,15288906565.0,KOSPI,-0.1
458760,TIGER 미국배당다우존스타겟커버드콜2호,10885.0,255120.0,255120.0,2776981200.0,2776981200.0,KOSPI,-0.14
064960,SNT모티브,26100.0,36123.0,51779.0,942810300.0,1351431900.0,KOSPI,-0.38
090460,비에이치,20350.0,1080109.0,2317977.0,21980218150.0,47170831950.0,KOSPI,4.04
367760,RISE 네트워크인프라,58905.0,125238.0,125238.0,7377144390.0,7377144390.0,KOSPI,4.25
290130,RISE ESG사회책임투자,48050.0,40687.0,40687.0,1955010350.0,1955010350.0,KOSPI,3.71
371460,TIGER 차이나전기차SOLACTIVE,9480.0,125087.0,125087.0,1185824760.0,1185824760.0,KOSPI,1.23
0101N0,RISE AI전력인프라,21615.0,688004.0,688004.0,14871206460.0,14871206460.0,KOSPI,6.58
456040,OCI,75300.0,25561.0,31865.0,1924743300.0,2399434500.0,KOSPI,-0.13
293940,신한알파리츠,5570.0,317229.0,317229.0,1766965530.0,1766965530.0,KOSPI,2.01
482730,TIGER 미국S&P500타겟데일리커버드콜,11675.0,435356.0,435356.0,5082781300.0,5082781300.0,KOSPI,0.91
495850,KODEX 코리아밸류업,32180.0,61941.0,61941.0,1993261380.0,1993261380.0,KOSPI,2.06
700028,하나 레버리지 반도체 ETN,190265.0,1808.0,1808.0,343999120.0,343999120.0,KOSPI,5.13
268280,미원에스씨,132900.0,1042.0,1287.0,138481800.0,171042300.0,KOSPI,-0.97
069260,TKG휴켐스,16210.0,49769.0,59600.0,806755490.0,966116000.0,KOSPI,-1.76
314250,KODEX 미국빅테크10(H),63280.0,31408.0,31408.0,1987498240.0,1987498240.0,KOSPI,1.61
002960,한국쉘석유,508000.0,368.0,574.0,186944000.0,291592000.0,KOSPI,-0.2
005880,대한해운,2035.0,996636.0,996636.0,2028154260.0,2028154260.0,KOSPI,-1.21
0167B0,SOL 200타겟위클리커버드콜,11850.0,643539.0,643539.0,7625937150.0,7625937150.0,KOSPI,2.6
0148J0,TIGER 코리아휴머노이드로봇산업,9640.0,2361779.0,2361779.0,22767549560.0,22767549560.0,KOSPI,2.12
017940,E1,94900.0,7683.0,8111.0,729116700.0,769733900.0,KOSPI,-0.73
0007F0,KODEX 27-12 회사채(AA-이상)액티브,10195.0,16550.0,16550.0,168727250.0,168727250.0,KOSPI,0.15
102970,KODEX 증권,17400.0,281078.0,281078.0,4890757200.0,4890757200.0,KOSPI,-0.37
0091P0,TIGER 코리아원자력,18225.0,1636154.0,1636154.0,29818906650.0,29818906650.0,KOSPI,0.41
001060,JW중외제약,27900.0,48106.0,87535.0,1342157400.0,2442226500.0,KOSPI,0.0
000400,롯데손해보험,2065.0,192403.0,192403.0,397312195.0,397312195.0,KOSPI,-1.67
006650,대한유화,98500.0,68113.0,84999.0,6709130500.0,8372401500.0,KOSPI,2.28
138540,TIGER 현대차그룹플러스,48950.0,54476.0,54476.0,2666600200.0,2666600200.0,KOSPI,0.8
434060,KODEX TDF2050액티브 적격,16810.0,79988.0,79988.0,1344598280.0,1344598280.0,KOSPI,1.17
093050,LF,21700.0,29841.0,31987.0,647549700.0,694117900.0,KOSPI,-1.14
488080,TIGER 반도체TOP10레버리지,35240.0,3725750.0,3725750.0,131295430000.0,131295430000.0,KOSPI,9.0
000640,동아쏘시오홀딩스,93600.0,15824.0,17504.0,1481126400.0,1638374400.0,KOSPI,0.65
491010,TIGER 글로벌AI전력인프라액티브,24910.0,57510.0,57510.0,1432574100.0,1432574100.0,KOSPI,2.55
317450,명인제약,42400.0,5737.0,9105.0,243248800.0,386052000.0,KOSPI,0.24
014820,동원시스템즈,21350.0,22102.0,26579.0,471877700.0,567461650.0,KOSPI,-0.7
001680,대상,17830.0,78789.0,92281.0,1404807870.0,1645370230.0,KOSPI,-0.45
0015B0,KoAct 미국나스닥성장기업액티브,19085.0,435506.0,435506.0,8311632010.0,8311632010.0,KOSPI,3.22
017900,광전자,10560.0,20575635.0,20575635.0,217278705600.0,217278705600.0,KOSPI,3.02
383800,LX홀딩스,8020.0,108610.0,131724.0,871052200.0,1056426480.0,KOSPI,-0.5
002840,미원상사,134800.0,1622.0,1748.0,218645600.0,235630400.0,KOSPI,0.67
489250,KODEX 미국배당다우존스,12750.0,326663.0,326663.0,4164953250.0,4164953250.0,KOSPI,-0.08
079900,전진건설로봇,41350.0,73466.0,163877.0,3037819100.0,6776313950.0,KOSPI,0.98
00088K,한화3우B,41100.0,74813.0,74813.0,3074814300.0,3074814300.0,KOSPI,-2.14
453340,현대그린푸드,18530.0,55533.0,66492.0,1029026490.0,1232096760.0,KOSPI,-1.85
248070,솔루엠,12480.0,153670.0,192002.0,1917801600.0,2396184960.0,KOSPI,-0.08
251600,PLUS 고배당주채권혼합,15330.0,134621.0,134621.0,2063739930.0,2063739930.0,KOSPI,-0.16
277630,TIGER 코스피,71800.0,154888.0,154888.0,11120958400.0,11120958400.0,KOSPI,2.69
484790,KODEX 미국30년국채액티브(H),8200.0,161441.0,161441.0,1323816200.0,1323816200.0,KOSPI,0.8
033240,자화전자,27300.0,61221.0,130671.0,1671333300.0,3567318300.0,KOSPI,4.6
075580,세진중공업,10350.0,55154.0,117999.0,570843900.0,1221289650.0,KOSPI,-0.38
108320,LX세미콘,35800.0,58355.0,72695.0,2089109000.0,2602481000.0,KOSPI,0.0
336370,솔루스첨단소재,8290.0,116031.0,197010.0,961896990.0,1633212900.0,KOSPI,5.74
491620,RISE 미국테크100데일리고정커버드콜,10540.0,554329.0,554329.0,5842627660.0,5842627660.0,KOSPI,1.54
466950,TIGER 글로벌AI액티브,30685.0,82419.0,82419.0,2529027015.0,2529027015.0,KOSPI,3.46
016380,KG스틸,5730.0,207727.0,207727.0,1190275710.0,1190275710.0,KOSPI,1.42
0019K0,TIME 미국나스닥100채권혼합50액티브,13350.0,229732.0,229732.0,3066922200.0,3066922200.0,KOSPI,1.33
025540,한국단자,56100.0,13767.0,18800.0,772328700.0,1054680000.0,KOSPI,-0.36
449190,KODEX 미국나스닥100(H),22275.0,117421.0,117421.0,2615552775.0,2615552775.0,KOSPI,1.64
494670,TIGER 조선TOP10,21960.0,431041.0,431041.0,9465660360.0,9465660360.0,KOSPI,-1.3
114090,GKL,9030.0,64460.0,84052.0,582073800.0,758989560.0,KOSPI,0.33
396520,TIGER 차이나반도체FACTSET,13600.0,353123.0,353123.0,4802472800.0,4802472800.0,KOSPI,3.15
451000,PLUS 종합채권(AA-이상)액티브,107215.0,32.0,32.0,3430880.0,3430880.0,KOSPI,0.28
003300,한일홀딩스,18030.0,15480.0,17678.0,279104400.0,318734340.0,KOSPI,0.0
001530,DI동일,26800.0,27105.0,36406.0,726414000.0,975680800.0,KOSPI,-1.47
477050,PLUS 머니마켓액티브,53590.0,25960.0,25960.0,1391196400.0,1391196400.0,KOSPI,0.0
001510,SK증권,2360.0,1524494.0,1524494.0,3597805840.0,3597805840.0,KOSPI,0.85
002350,넥센타이어,5580.0,140319.0,140319.0,782980020.0,782980020.0,KOSPI,-0.18
423920,TIGER 미국필라델피아반도체레버리지(합성),80350.0,55440.0,55440.0,4454604000.0,4454604000.0,KOSPI,6.75
371160,TIGER 차이나항셍테크,6660.0,395494.0,395494.0,2633990040.0,2633990040.0,KOSPI,2.7
178920,PI첨단소재,18470.0,27880.0,48564.0,514943600.0,896977080.0,KOSPI,1.26
005810,풍산홀딩스,37600.0,6126.0,13030.0,230337600.0,489928000.0,KOSPI,1.21
455030,KODEX 미국달러SOFR금리액티브(합성),11880.0,162704.0,162704.0,1932923520.0,1932923520.0,KOSPI,-0.04
0220W0,한화머시너리앤서비스홀딩스,6350.0,2063618.0,2063618.0,13103974300.0,13103974300.0,KOSPI,-4.65
007700,F&F홀딩스,13660.0,7080.0,7562.0,96712800.0,103296920.0,KOSPI,0.0
004710,한솔테크닉스,10020.0,1195622.0,1195622.0,11980132440.0,11980132440.0,KOSPI,8.91
284740,쿠쿠홈시스,23700.0,4836.0,7575.0,114613200.0,179527500.0,KOSPI,0.21
0105E0,SOL 코리아고배당,12835.0,259514.0,259514.0,3330862190.0,3330862190.0,KOSPI,-1.0
058650,세아홀딩스,130500.0,831.0,831.0,108445500.0,108445500.0,KOSPI,-0.84
001270,부국증권,51000.0,675.0,1189.0,34425000.0,60639000.0,KOSPI,0.39
00104K,CJ4우(전환),124100.0,57415.0,57415.0,7125201500.0,7125201500.0,KOSPI,-4.24
462010,TIGER 2차전지소재Fn,4790.0,1304271.0,1304271.0,6247458090.0,6247458090.0,KOSPI,0.42
003620,KG모빌리티,2580.0,558819.0,558819.0,1441753020.0,1441753020.0,KOSPI,-0.19
463250,TIGER K방산&우주,34775.0,227642.0,227642.0,7916250550.0,7916250550.0,KOSPI,2.04
452260,한화갤러리아,2675.0,1546858.0,1546858.0,4137845150.0,4137845150.0,KOSPI,0.94
315960,RISE 대형고배당10TR,78165.0,30788.0,30788.0,2406544020.0,2406544020.0,KOSPI,1.92
365780,ACE 국고채10년,81855.0,4448.0,4448.0,364091040.0,364091040.0,KOSPI,0.27
484870,엠앤씨솔루션,18730.0,129569.0,211954.0,2426827370.0,3969898420.0,KOSPI,1.9
460860,동국제강,10260.0,285951.0,399085.0,2933857260.0,4094612100.0,KOSPI,3.95
435420,TIGER 미국나스닥100채권혼합50,14035.0,261655.0,261655.0,3672327925.0,3672327925.0,KOSPI,0.39
496020,WON 전단채플러스액티브,52555.0,5047.0,5047.0,265245085.0,265245085.0,KOSPI,0.01
192650,드림텍,7650.0,1116886.0,1116886.0,8544177900.0,8544177900.0,KOSPI,-0.13
496080,TIGER 코리아밸류업,32200.0,176343.0,176343.0,5678244600.0,5678244600.0,KOSPI,1.79
002990,금호건설,13480.0,3298058.0,3298058.0,44457821840.0,44457821840.0,KOSPI,0.9
444200,SOL 코리아메가테크액티브,45120.0,25579.0,25579.0,1154124480.0,1154124480.0,KOSPI,1.85
361580,RISE 200TR,62120.0,255007.0,255007.0,15841034840.0,15841034840.0,KOSPI,2.75
438330,TIGER 우량회사채액티브,115325.0,11183.0,11183.0,1289679475.0,1289679475.0,KOSPI,0.01
251350,KODEX MSCI선진국,38935.0,45463.0,45463.0,1770101905.0,1770101905.0,KOSPI,0.71
009410,태영건설,1673.0,95737.0,95737.0,160168001.0,160168001.0,KOSPI,-0.18
114260,KODEX 국고채3년,61580.0,14784.0,14784.0,910398720.0,910398720.0,KOSPI,0.05
019170,신풍제약,9390.0,177590.0,378476.0,1667570100.0,3553889640.0,KOSPI,-0.11
003545,대신증권우,20150.0,123519.0,123519.0,2488907850.0,2488907850.0,KOSPI,-0.49
448730,삼성FN리츠,5390.0,483052.0,483052.0,2603650280.0,2603650280.0,KOSPI,0.56
001500,현대차증권,7910.0,40282.0,64935.0,318630620.0,513635850.0,KOSPI,-0.13
145990,삼양사,47300.0,69762.0,70901.0,3299742600.0,3353617300.0,KOSPI,-0.84
161000,애경케미칼,10020.0,69507.0,145454.0,696460140.0,1457449080.0,KOSPI,-0.5
448290,TIGER 미국S&P500(H),17725.0,80875.0,80875.0,1433509375.0,1433509375.0,KOSPI,0.8
476800,KODEX 한국부동산리츠인프라,4195.0,468257.0,468257.0,1964338115.0,1964338115.0,KOSPI,0.24
004690,삼천리,131600.0,11413.0,12980.0,1501950800.0,1708168000.0,KOSPI,-0.23
039130,하나투어,30700.0,84723.0,119026.0,2600996100.0,3654098200.0,KOSPI,-3.46
377740,바이오노트,4660.0,74291.0,74291.0,346196060.0,346196060.0,KOSPI,-1.17
490490,SOL 미국배당미국채혼합50,10930.0,210655.0,210655.0,2302459150.0,2302459150.0,KOSPI,0.18
483280,KODEX 미국AI테크TOP10타겟커버드콜,11965.0,360692.0,360692.0,4315679780.0,4315679780.0,KOSPI,2.18
0163Y0,KoAct 코스닥액티브,9350.0,473384.0,473384.0,4426140400.0,4426140400.0,KOSPI,1.69
0190C0,RISE 현대차고정피지컬AI,7755.0,392438.0,392438.0,3043356690.0,3043356690.0,KOSPI,1.24
002240,고려제강,17070.0,225189.0,228348.0,3843976230.0,3897900360.0,KOSPI,1.13
010780,아이에스동서,15500.0,69808.0,87545.0,1082024000.0,1356947500.0,KOSPI,4.03
249420,일동제약,14380.0,137024.0,274773.0,1970405120.0,3951235740.0,KOSPI,-0.55
000070,삼양홀딩스,58600.0,19044.0,24258.0,1115978400.0,1421518800.0,KOSPI,-2.82
003030,세아제강지주,109600.0,25332.0,31149.0,2776387200.0,3413930400.0,KOSPI,4.88
005250,녹십자홀딩스,9620.0,37224.0,77028.0,358094880.0,741009360.0,KOSPI,-0.72
385560,RISE KIS국고채30년Enhanced,50585.0,19715.0,19715.0,997283275.0,997283275.0,KOSPI,0.74
029460,케이씨,40950.0,27775.0,48900.0,1137386250.0,2002455000.0,KOSPI,3.41
499660,TIGER CD금리플러스액티브(합성),1002130.0,18014.0,18014.0,18052369820.0,18052369820.0,KOSPI,0.01
471230,KODEX 국고채10년액티브,103015.0,32873.0,32873.0,3386412095.0,3386412095.0,KOSPI,0.35
002030,아세아,218000.0,1081.0,1200.0,235658000.0,261600000.0,KOSPI,1.16
090435,아모레퍼시픽우,42400.0,244236.0,244236.0,10355606400.0,10355606400.0,KOSPI,-4.93
008060,대덕,14240.0,49051.0,63312.0,698486240.0,901562880.0,KOSPI,-1.79
034310,NICE,12060.0,268325.0,269407.0,3235999500.0,3249048420.0,KOSPI,0.0
451060,1Q 200액티브,35005.0,39410.0,39410.0,1379547050.0,1379547050.0,KOSPI,2.83
004700,조광피혁,66100.0,747.0,789.0,49376700.0,52152900.0,KOSPI,-1.78
447770,TIGER 테슬라채권혼합Fn,13880.0,170593.0,170593.0,2367830840.0,2367830840.0,KOSPI,0.87
003280,흥아해운,1807.0,3045447.0,3045447.0,5503122729.0,5503122729.0,KOSPI,-0.61
293180,HANARO 200,109590.0,8693.0,8693.0,952665870.0,952665870.0,KOSPI,2.84
016610,DB증권,10150.0,47902.0,53717.0,486205300.0,545227550.0,KOSPI,-0.29
0023A0,SOL 미국양자컴퓨팅TOP10,24755.0,216452.0,216452.0,5358269260.0,5358269260.0,KOSPI,5.66
474220,TIGER 미국테크TOP10타겟커버드콜,15225.0,108276.0,108276.0,1648502100.0,1648502100.0,KOSPI,1.94
0016X0,SOL 중단기회사채(A-이상)액티브,51490.0,4708.0,4708.0,242414920.0,242414920.0,KOSPI,0.05
243880,TIGER 200IT레버리지,328000.0,87497.0,87497.0,28699016000.0,28699016000.0,KOSPI,8.3
005945,NH투자증권우,22550.0,45521.0,45521.0,1026498550.0,1026498550.0,KOSPI,-0.44
0162M0,KODEX 금융채1~2년(AA-이상)PLUS액티브,10055.0,2296.0,2296.0,23086280.0,23086280.0,KOSPI,0.2
130660,한전산업,13020.0,273371.0,273371.0,3559290420.0,3559290420.0,KOSPI,1.17
306200,세아제강,148000.0,6733.0,9240.0,996484000.0,1367520000.0,KOSPI,0.41
072710,농심홀딩스,90300.0,608.0,1031.0,54902400.0,93099300.0,KOSPI,-0.22
009900,명신산업,7940.0,55083.0,123644.0,437359020.0,981733360.0,KOSPI,0.89
271940,일진하이솔루스,11470.0,55856.0,81798.0,640668320.0,938223060.0,KOSPI,1.77
448300,TIGER 미국나스닥100(H),22990.0,50276.0,50276.0,1155845240.0,1155845240.0,KOSPI,1.61
148070,KIWOOM 국고채10년,103735.0,21808.0,21808.0,2262252880.0,2262252880.0,KOSPI,0.46
471990,KODEX AI반도체핵심장비,25035.0,766899.0,766899.0,19199316465.0,19199316465.0,KOSPI,0.46
014830,유니드,61200.0,7644.0,9903.0,467812800.0,606063600.0,KOSPI,0.66
092230,KPX홀딩스,97300.0,2950.0,3499.0,287035000.0,340452700.0,KOSPI,-0.21
403550,쏘카,10830.0,7289.0,11186.0,78939870.0,121144380.0,KOSPI,-0.55
426020,TIME 미국S&P500액티브,32150.0,77433.0,77433.0,2489470950.0,2489470950.0,KOSPI,1.18
760013,키움 레버리지 반도체TOP10 ETN,80935.0,8321.0,8321.0,673460135.0,673460135.0,KOSPI,7.67
001200,유진투자증권,4160.0,451699.0,451699.0,1879067840.0,1879067840.0,KOSPI,-2.12
005420,코스모화학,10420.0,57840.0,87416.0,602692800.0,910874720.0,KOSPI,1.56
357120,코람코라이프인프라리츠,4110.0,199699.0,199699.0,820762890.0,820762890.0,KOSPI,0.24
0173Y0,KODEX 미국AI광통신네트워크,11000.0,808546.0,808546.0,8894006000.0,8894006000.0,KOSPI,2.52
016590,신대양제지,9900.0,9583.0,12842.0,94871700.0,127135800.0,KOSPI,-0.9
302450,RISE 코스피,71155.0,4328.0,4328.0,307958840.0,307958840.0,KOSPI,2.51
005389,현대차3우B,171100.0,11438.0,11438.0,1957041800.0,1957041800.0,KOSPI,0.47
0060H0,TIGER 토탈월드스탁액티브,12660.0,105682.0,105682.0,1337934120.0,1337934120.0,KOSPI,0.56
480260,TIGER 27-04회사채(A+이상)액티브,53860.0,1880.0,1880.0,101256800.0,101256800.0,KOSPI,0.01
241180,TIGER 일본니케이225,34505.0,41564.0,41564.0,1434165820.0,1434165820.0,KOSPI,0.8
003000,부광약품,4000.0,249305.0,249305.0,997220000.0,997220000.0,KOSPI,1.65
015360,INVENI,14450.0,26711.0,40509.0,385973950.0,585355050.0,KOSPI,0.0
385720,TIME 코스피액티브,25510.0,36364.0,36364.0,927645640.0,927645640.0,KOSPI,2.86
473290,KODEX 26-12 회사채(AA-이상)액티브,10890.0,16738.0,16738.0,182276820.0,182276820.0,KOSPI,0.0
002810,삼영무역,21250.0,21656.0,27106.0,460190000.0,576002500.0,KOSPI,-1.16
0210A0,ACE K반도체TOP2+,7255.0,1752125.0,1752125.0,12711666875.0,12711666875.0,KOSPI,4.54
317400,자이에스앤디,10040.0,746673.0,746673.0,7496596920.0,7496596920.0,KOSPI,0.4
183190,아세아시멘트,10770.0,33661.0,45572.0,362528970.0,490810440.0,KOSPI,2.28
476760,ACE 미국30년국채액티브,8930.0,554495.0,554495.0,4951640350.0,4951640350.0,KOSPI,0.85
484880,SOL 금융지주플러스고배당,23050.0,1463858.0,1463858.0,33741926900.0,33741926900.0,KOSPI,-1.45
344820,KCC글라스,24050.0,19123.0,24667.0,459908150.0,593241350.0,KOSPI,-1.23
458250,TIGER 미국30년국채스트립액티브(합성 H),34600.0,65999.0,65999.0,2283565400.0,2283565400.0,KOSPI,1.36
020000,한섬,17730.0,657281.0,880776.0,11653592130.0,15616158480.0,KOSPI,11.58
245710,ACE 베트남VN30(합성),29295.0,35477.0,35477.0,1039298715.0,1039298715.0,KOSPI,0.86
029530,신도리코,38700.0,3942.0,4737.0,152555400.0,183321900.0,KOSPI,-1.15
0046A0,TIGER 미국초단기(3개월이하)국채,9575.0,894346.0,894346.0,8563362950.0,8563362950.0,KOSPI,0.0
008730,율촌화학,15100.0,252807.0,258941.0,3817385700.0,3910009100.0,KOSPI,-1.18
001940,KISCO홀딩스,26400.0,12324.0,14265.0,325353600.0,376596000.0,KOSPI,-0.75
385550,RISE 단기채권알파액티브,114285.0,7202.0,7202.0,823080570.0,823080570.0,KOSPI,0.02
132030,KODEX 골드선물(H),24620.0,93105.0,93105.0,2292245100.0,2292245100.0,KOSPI,1.93
439860,KODEX ESG종합채권(A-이상)액티브,113500.0,9.0,9.0,1021500.0,1021500.0,KOSPI,0.11
194370,제이에스코퍼레이션,12710.0,36690.0,48457.0,466329900.0,615888470.0,KOSPI,-2.46
091180,KODEX 자동차,26150.0,99563.0,99563.0,2603572450.0,2603572450.0,KOSPI,1.16
469070,RISE AI&로봇,10985.0,128368.0,128368.0,1410122480.0,1410122480.0,KOSPI,1.62
006220,제주은행,9730.0,246124.0,246124.0,2394786520.0,2394786520.0,KOSPI,-1.22
126560,현대퓨처넷,3365.0,41375.0,41375.0,139226875.0,139226875.0,KOSPI,0.9
031430,신세계인터내셔날,10480.0,50845.0,70406.0,532855600.0,737854880.0,KOSPI,-1.04
092790,넥스틸,14090.0,255920.0,255920.0,3605912800.0,3605912800.0,KOSPI,0.79
0080G0,KODEX 방산TOP10,10490.0,1659028.0,1659028.0,17403203720.0,17403203720.0,KOSPI,1.89
520054,미래에셋 레버리지 코스피200 선물 ETN,182330.0,1485.0,1485.0,270760050.0,270760050.0,KOSPI,5.21
0040Y0,SOL 팔란티어커버드콜OTM채권혼합,8035.0,332263.0,332263.0,2669733205.0,2669733205.0,KOSPI,0.31
0120G0,삼양바이오팜,48600.0,40710.0,94525.0,1978506000.0,4593915000.0,KOSPI,-1.92
0131V0,1Q 미국우주항공테크,11090.0,49846.0,49846.0,552792140.0,552792140.0,KOSPI,2.4
950210,프레스티지바이오파마,6000.0,30188.0,30188.0,181128000.0,181128000.0,KOSPI,0.0
217590,티엠씨,14930.0,3713338.0,3713338.0,55440136340.0,55440136340.0,KOSPI,8.42
060980,HL홀딩스,39950.0,22759.0,24443.0,909222050.0,976497850.0,KOSPI,-0.99
027410,BGF,3735.0,36838.0,36838.0,137589930.0,137589930.0,KOSPI,0.13
105630,한세실업,8900.0,353349.0,365391.0,3144806100.0,3251979900.0,KOSPI,-0.34
474590,WON 반도체밸류체인액티브,45630.0,41913.0,41913.0,1912490190.0,1912490190.0,KOSPI,2.14
089590,제주항공,4400.0,754562.0,754562.0,3320072800.0,3320072800.0,KOSPI,-3.93
003350,한국화장품제조,15600.0,4218838.0,4218838.0,65813872800.0,65813872800.0,KOSPI,5.19
0167Z0,KODEX 미국우주항공,7815.0,370304.0,370304.0,2893925760.0,2893925760.0,KOSPI,4.62
310960,TIGER 200TR,63840.0,23838.0,23838.0,1521817920.0,1521817920.0,KOSPI,2.79
0144L0,KODEX 미국성장커버드콜액티브,9585.0,126817.0,126817.0,1215540945.0,1215540945.0,KOSPI,1.54
005610,삼립,40500.0,2093.0,2625.0,84766500.0,106312500.0,KOSPI,0.37
006405,삼성SDI우,216000.0,8186.0,8186.0,1768176000.0,1768176000.0,KOSPI,0.23
011760,현대코퍼레이션,26400.0,218243.0,227043.0,5761615200.0,5993935200.0,KOSPI,-1.31
007690,국도화학,37650.0,8367.0,14510.0,315017550.0,546301500.0,KOSPI,-1.18
0094M0,RISE 코리아밸류업위클리고정커버드콜,17300.0,531831.0,531831.0,9200676300.0,9200676300.0,KOSPI,1.53
170900,동아에스티,35700.0,45852.0,46163.0,1636916400.0,1648019100.0,KOSPI,-0.14
442570,RISE TDF2050액티브 적격,17425.0,55616.0,55616.0,969108800.0,969108800.0,KOSPI,1.19
0026S0,1Q 미국S&P500,12825.0,92931.0,92931.0,1191840075.0,1191840075.0,KOSPI,0.87
279530,KODEX 고배당주,17485.0,111355.0,111355.0,1947042175.0,1947042175.0,KOSPI,-0.48
015860,일진홀딩스,7010.0,96805.0,96805.0,678603050.0,678603050.0,KOSPI,3.24
011930,신성이엔지,16960.0,260460.0,260460.0,4417401600.0,4417401600.0,KOSPI,1.8
104700,한국철강,9430.0,38942.0,41644.0,367223060.0,392702920.0,KOSPI,-1.05
0043Y0,TIME 차이나AI테크액티브,19690.0,82700.0,82700.0,1628363000.0,1628363000.0,KOSPI,2.95
001230,동국홀딩스,2190.0,774881.0,774881.0,1696989390.0,1696989390.0,KOSPI,4.29
385510,KODEX 신재생에너지액티브,38810.0,36620.0,36620.0,1421222200.0,1421222200.0,KOSPI,2.1
472170,TIGER 미국테크TOP10채권혼합,14040.0,177998.0,177998.0,2499091920.0,2499091920.0,KOSPI,1.3
190620,ACE 단기통안채,102095.0,11289.0,11289.0,1152550455.0,1152550455.0,KOSPI,0.02
017810,풀무원,8810.0,14745.0,25696.0,129903450.0,226381760.0,KOSPI,-0.79
456880,ACE 미국달러SOFR금리(합성),12175.0,66054.0,66054.0,804207450.0,804207450.0,KOSPI,0.08
0182R0,1Q K반도체TOP2+,10650.0,1333286.0,1333286.0,14199495900.0,14199495900.0,KOSPI,4.72
002310,아세아제지,8500.0,29573.0,29573.0,251370500.0,251370500.0,KOSPI,1.43
0052D0,TIGER 코리아배당다우존스,15370.0,77470.0,77470.0,1190713900.0,1190713900.0,KOSPI,-0.61
462900,KoAct 바이오헬스케어액티브,12720.0,546921.0,546921.0,6956835120.0,6956835120.0,KOSPI,-1.74
02826K,삼성물산우B,226500.0,2858.0,2858.0,647337000.0,647337000.0,KOSPI,-1.09
097520,엠씨넥스,18990.0,36355.0,41881.0,690381450.0,795320190.0,KOSPI,0.05
453810,KODEX 인도Nifty50,11310.0,52806.0,52806.0,597235860.0,597235860.0,KOSPI,0.31
012030,DB,1629.0,276265.0,276265.0,450035685.0,450035685.0,KOSPI,0.43
145720,덴티움,37900.0,16459.0,24460.0,623796100.0,927034000.0,KOSPI,0.93
0052S0,1Q 미국S&P500미국채혼합50액티브,11590.0,85254.0,85254.0,988093860.0,988093860.0,KOSPI,0.56
000157,두산2우B,364500.0,600.0,600.0,218700000.0,218700000.0,KOSPI,4.14
448630,RISE 삼성그룹Top3채권혼합,15130.0,180311.0,180311.0,2728105430.0,2728105430.0,KOSPI,0.2
024720,콜마홀딩스,9440.0,18174.0,23200.0,171562560.0,219008000.0,KOSPI,0.75
096760,JW홀딩스,4370.0,221397.0,221397.0,967504890.0,967504890.0,KOSPI,0.92
270810,RISE 코스닥150,13765.0,130930.0,130930.0,1802251450.0,1802251450.0,KOSPI,0.22
004310,현대약품,10000.0,3914589.0,3914589.0,39145890000.0,39145890000.0,KOSPI,-4.76
002020,코오롱,24750.0,22916.0,29666.0,567171000.0,734233500.0,KOSPI,-0.2
381970,케이카,6490.0,63826.0,84615.0,414230740.0,549151350.0,KOSPI,0.46
485540,KODEX 미국AI테크TOP10,15485.0,170194.0,170194.0,2635454090.0,2635454090.0,KOSPI,2.48
0008S0,TIGER 미국배당다우존스타겟데일리커버드콜,9740.0,248229.0,248229.0,2417750460.0,2417750460.0,KOSPI,-0.26
009290,광동제약,6280.0,177815.0,177815.0,1116678200.0,1116678200.0,KOSPI,-2.48
010820,퍼스텍,6400.0,418196.0,418196.0,2676454400.0,2676454400.0,KOSPI,0.79
020120,키다리스튜디오,8420.0,331297.0,331297.0,2789520740.0,2789520740.0,KOSPI,-8.97
105840,우진,15410.0,512588.0,512588.0,7898981080.0,7898981080.0,KOSPI,7.01
126720,수산인더스트리,21750.0,6934.0,18438.0,150814500.0,401026500.0,KOSPI,0.23
0111P0,1Q 미국나스닥100미국채혼합50액티브,10840.0,112913.0,112913.0,1223976920.0,1223976920.0,KOSPI,0.79
025860,남해화학,6200.0,223730.0,223730.0,1387126000.0,1387126000.0,KOSPI,1.31
009160,SIMPAC,4710.0,79236.0,79236.0,373201560.0,373201560.0,KOSPI,0.64
454780,KIWOOM 종합채권(AA-이상)액티브,99385.0,39785.0,39785.0,3954032225.0,3954032225.0,KOSPI,-0.02
272450,진에어,5820.0,57740.0,57740.0,336046800.0,336046800.0,KOSPI,-1.02
000430,대원강업,4900.0,96088.0,96088.0,470831200.0,470831200.0,KOSPI,-0.51
200880,서연이화,11160.0,26871.0,46422.0,299880360.0,518069520.0,KOSPI,0.0
244920,에이플러스에셋,13330.0,27876.0,27876.0,371587080.0,371587080.0,KOSPI,-1.62
108670,LX하우시스,33600.0,14675.0,19325.0,493080000.0,649320000.0,KOSPI,0.6
123890,한국자산신탁,2460.0,137348.0,137348.0,337876080.0,337876080.0,KOSPI,0.2
010955,S-Oil우,74800.0,14410.0,14410.0,1077868000.0,1077868000.0,KOSPI,-1.71
489030,PLUS 고배당주위클리커버드콜,6390.0,1102880.0,1102880.0,7047403200.0,7047403200.0,KOSPI,-1.84
136340,RISE 중기우량회사채,103970.0,307.0,307.0,31918790.0,31918790.0,KOSPI,0.11
433330,SOL 미국S&P500,21940.0,110118.0,110118.0,2415988920.0,2415988920.0,KOSPI,0.8
0098F0,KODEX 원자력SMR,16850.0,1091748.0,1091748.0,18395953800.0,18395953800.0,KOSPI,0.3
016800,퍼시스,25850.0,797.0,840.0,20602450.0,21714000.0,KOSPI,-2.45
002710,TCC스틸,11330.0,146973.0,247924.0,1665204090.0,2808978920.0,KOSPI,0.18
481190,SOL 미국테크TOP10,17195.0,477415.0,477415.0,8209150925.0,8209150925.0,KOSPI,2.14
018250,애경산업,11190.0,33872.0,33872.0,379027680.0,379027680.0,KOSPI,-0.09
034830,한국토지신탁,1168.0,221041.0,221041.0,258175888.0,258175888.0,KOSPI,-0.76
475300,SOL 반도체전공정,22660.0,768356.0,768356.0,17410946960.0,17410946960.0,KOSPI,1.32
091170,KODEX 은행,16625.0,831906.0,831906.0,13830437250.0,13830437250.0,KOSPI,-1.31
005720,넥센,5580.0,8790.0,8790.0,49048200.0,49048200.0,KOSPI,-0.53
026890,스틱인베스트먼트,7550.0,88440.0,110192.0,667722000.0,831949600.0,KOSPI,-2.2
483320,ACE 엔비디아밸류체인액티브,24895.0,187695.0,187695.0,4672667025.0,4672667025.0,KOSPI,3.58
003120,일성아이에스,21850.0,3742.0,5149.0,81762700.0,112505650.0,KOSPI,0.23
001390,KG케미칼,4375.0,116758.0,116758.0,510816250.0,510816250.0,KOSPI,-0.68
001750,한양증권,19210.0,2140.0,6612.0,41109400.0,127016520.0,KOSPI,0.05
497880,SOL CD금리&머니마켓액티브,50110.0,98269.0,98269.0,4924259590.0,4924259590.0,KOSPI,0.0
439870,KODEX 국고채30년액티브,87460.0,4338.0,4338.0,379401480.0,379401480.0,KOSPI,0.28
475080,KODEX 테슬라커버드콜채권혼합액티브,7960.0,72180.0,72180.0,574552800.0,574552800.0,KOSPI,0.51
0038A0,KODEX 미국휴머노이드로봇,15240.0,33286.0,33286.0,507278640.0,507278640.0,KOSPI,1.97
058430,포스코스틸리온,4800.0,98166.0,98166.0,471196800.0,471196800.0,KOSPI,1.16
570022,한투 레버리지S&P500선물 ETN(H),57375.0,3.0,3.0,172125.0,172125.0,KOSPI,0.99
084690,대상홀딩스,7920.0,19698.0,25713.0,156008160.0,203646960.0,KOSPI,-0.13
005950,이수화학,10890.0,253421.0,253421.0,2759754690.0,2759754690.0,KOSPI,-1.36
441680,TIGER 미국나스닥100커버드콜(합성),10865.0,60097.0,60097.0,652953905.0,652953905.0,KOSPI,0.88
033270,유나이티드제약,17930.0,214092.0,216377.0,3838669560.0,3879639610.0,KOSPI,0.17
084010,대한제강,8240.0,26067.0,35483.0,214792080.0,292379920.0,KOSPI,-2.25
002900,TYM,6820.0,199455.0,199455.0,1360283100.0,1360283100.0,KOSPI,0.0
471780,TIGER 코리아테크액티브,36605.0,121615.0,121615.0,4451717075.0,4451717075.0,KOSPI,2.41
461490,RISE 글로벌자산배분액티브,14645.0,102022.0,102022.0,1494112190.0,1494112190.0,KOSPI,0.41
273140,KODEX 단기변동금리부채권액티브,114610.0,5490.0,5490.0,629208900.0,629208900.0,KOSPI,0.01
004430,송원산업,11630.0,85670.0,85670.0,996342100.0,996342100.0,KOSPI,0.35
473330,SOL 미국30년국채커버드콜(합성),7950.0,165711.0,165711.0,1317402450.0,1317402450.0,KOSPI,0.7
0094K0,TIGER 28-04 회사채(A+이상)액티브,99485.0,7404.0,7404.0,736586940.0,736586940.0,KOSPI,-0.02
010580,에스엠벡셀,2500.0,477245.0,477245.0,1193112500.0,1193112500.0,KOSPI,-3.66
122900,아이마켓코리아,8300.0,46458.0,46458.0,385601400.0,385601400.0,KOSPI,-0.6
453870,TIGER 인도니프티50,11060.0,33676.0,33676.0,372456560.0,372456560.0,KOSPI,-0.18
286940,롯데이노베이트,18280.0,6314.0,10772.0,115419920.0,196912160.0,KOSPI,1.9
003200,일신방직,11980.0,220348.0,321433.0,2639769040.0,3850767340.0,KOSPI,2.39
421320,PLUS 우주항공,29300.0,139732.0,139732.0,4094147600.0,4094147600.0,KOSPI,2.41
307520,TIGER 지주회사,22210.0,254165.0,254165.0,5645004650.0,5645004650.0,KOSPI,0.11
017390,서울가스,54700.0,5343.0,6834.0,292262100.0,373819800.0,KOSPI,-1.08
091810,트리니티항공,2630.0,44742.0,44742.0,117671460.0,117671460.0,KOSPI,0.0
471040,KoAct 글로벌AI&로봇액티브,29500.0,88877.0,88877.0,2621871500.0,2621871500.0,KOSPI,3.31
078520,에이블씨엔씨,10750.0,262519.0,378613.0,2822079250.0,4070089750.0,KOSPI,8.04
037710,광주신세계,35100.0,12554.0,26583.0,440645400.0,933063300.0,KOSPI,0.72
010690,화신,7660.0,87279.0,87279.0,668557140.0,668557140.0,KOSPI,1.73
432320,KB스타리츠,1771.0,1852679.0,1852679.0,3281094509.0,3281094509.0,KOSPI,4.12
0183V0,KIWOOM 삼성전자&SK하이닉스채권혼합50,11865.0,534335.0,534335.0,6339884775.0,6339884775.0,KOSPI,1.85
123320,TIGER 레버리지,110305.0,93109.0,93109.0,10270388245.0,10270388245.0,KOSPI,5.73
486830,HANARO 머니마켓액티브,53360.0,1980.0,1980.0,105652800.0,105652800.0,KOSPI,0.0
213610,KODEX 삼성그룹밸류,21965.0,3764.0,3764.0,82676260.0,82676260.0,KOSPI,0.76
423170,SOL 글로벌AI반도체탑픽액티브,58415.0,10206.0,10206.0,596183490.0,596183490.0,KOSPI,4.15
004360,세방,13540.0,9902.0,11270.0,134073080.0,152595800.0,KOSPI,0.07
196230,RISE 단기통안채,117055.0,9879.0,9879.0,1156386345.0,1156386345.0,KOSPI,0.05
139230,TIGER 200 중공업,13215.0,68037.0,68037.0,899108955.0,899108955.0,KOSPI,-0.34
0228G0,ACE 반도체Plus전략산업,10285.0,406181.0,406181.0,4177571585.0,4177571585.0,KOSPI,2.39
0162Y0,TIME 코스닥액티브,7515.0,201997.0,201997.0,1518007455.0,1518007455.0,KOSPI,0.74
472920,HK 종합채권(AA-이상)액티브,97915.0,295.0,295.0,28884925.0,28884925.0,KOSPI,0.14
005680,삼영전자,12670.0,26121.0,26121.0,330953070.0,330953070.0,KOSPI,1.52
334890,이지스밸류플러스리츠,3645.0,79959.0,79959.0,291450555.0,291450555.0,KOSPI,0.28
409820,KODEX 미국나스닥100레버리지(합성 H),19985.0,76772.0,76772.0,1534288420.0,1534288420.0,KOSPI,3.07
005430,한국공항,79800.0,3329.0,3329.0,265654200.0,265654200.0,KOSPI,-0.25
228790,TIGER 화장품,4325.0,5401784.0,5401784.0,23362715800.0,23362715800.0,KOSPI,0.7
483340,ACE 구글밸류체인액티브,22220.0,46154.0,46154.0,1025541880.0,1025541880.0,KOSPI,3.28
493810,TIGER 미국AI빅테크10타겟데일리커버드콜,11470.0,148918.0,148918.0,1708089460.0,1708089460.0,KOSPI,1.73
003960,사조대림,27250.0,5505.0,6836.0,150011250.0,186281000.0,KOSPI,-2.5
0053L0,TIGER 차이나휴머노이드로봇,9255.0,280679.0,280679.0,2597684145.0,2597684145.0,KOSPI,2.15
364970,TIGER 바이오TOP10,6680.0,729151.0,729151.0,4870728680.0,4870728680.0,KOSPI,-0.6
001790,대한제당,2885.0,74111.0,74111.0,213810235.0,213810235.0,KOSPI,0.35
283580,KODEX 차이나CSI300,15060.0,42702.0,42702.0,643092120.0,643092120.0,KOSPI,1.18
495230,KoAct 코리아밸류업액티브,31190.0,48241.0,48241.0,1504636790.0,1504636790.0,KOSPI,1.76
448540,ACE 엔비디아채권혼합,26470.0,33394.0,33394.0,883939180.0,883939180.0,KOSPI,0.76
005500,삼진제약,18470.0,24650.0,31429.0,455285500.0,580493630.0,KOSPI,-0.65
298690,에어부산,1507.0,75505.0,75505.0,113786035.0,113786035.0,KOSPI,-0.07
007160,사조산업,48950.0,1490.0,4798.0,72935500.0,234862100.0,KOSPI,0.0
044820,코스맥스비티아이,25450.0,33137.0,33137.0,843336650.0,843336650.0,KOSPI,1.39
003920,남양유업,42950.0,2473.0,2702.0,106215350.0,116050900.0,KOSPI,-0.58
136490,선진,10230.0,42853.0,42853.0,438386190.0,438386190.0,KOSPI,0.49
053690,한미글로벌,22050.0,241064.0,241064.0,5315461200.0,5315461200.0,KOSPI,-0.68
003070,코오롱글로벌,9420.0,7038.0,7038.0,66297960.0,66297960.0,KOSPI,2.17
388420,RISE 비메모리반도체액티브,27040.0,16476.0,16476.0,445511040.0,445511040.0,KOSPI,2.91
0182S0,1Q K반도체TOP2채권혼합50,12675.0,221392.0,221392.0,2806143600.0,2806143600.0,KOSPI,1.89
404990,신한서부티엔디리츠,3850.0,35520.0,35520.0,136752000.0,136752000.0,KOSPI,1.45
008490,서흥,20450.0,9048.0,15033.0,185031600.0,307424850.0,KOSPI,1.74
226320,잇츠한불,10770.0,31514.0,42111.0,339405780.0,453535470.0,KOSPI,2.77
363580,KODEX 200IT TR,55820.0,66706.0,66706.0,3723528920.0,3723528920.0,KOSPI,4.03
363570,KODEX 장기종합채권(AA-이상)액티브,86175.0,257.0,257.0,22146975.0,22146975.0,KOSPI,0.31
025000,KPX케미칼,56300.0,3417.0,3417.0,192377100.0,192377100.0,KOSPI,1.81
000680,LS네트웍스,2945.0,63587.0,63587.0,187263715.0,187263715.0,KOSPI,-1.34
329650,KODEX TRF3070,14025.0,17949.0,17949.0,251734725.0,251734725.0,KOSPI,0.47
472160,TIGER 미국테크TOP10 INDXX(H),19255.0,102000.0,102000.0,1964010000.0,1964010000.0,KOSPI,2.04
092200,디아이씨,5920.0,492588.0,492588.0,2916120960.0,2916120960.0,KOSPI,8.23
030210,다올투자증권,3775.0,60571.0,60571.0,228655525.0,228655525.0,KOSPI,-2.45
0092C0,SOL 27-12 회사채(AA-이상)액티브,50300.0,3827.0,3827.0,192498100.0,192498100.0,KOSPI,0.01
134380,미원화학,10440.0,7655.0,7655.0,79918200.0,79918200.0,KOSPI,0.38
005010,휴스틸,4070.0,265828.0,265828.0,1081919960.0,1081919960.0,KOSPI,0.99
044450,KSS해운,10080.0,50398.0,50398.0,508011840.0,508011840.0,KOSPI,-0.88
452360,SOL 미국배당다우존스(H),13250.0,78306.0,78306.0,1037554500.0,1037554500.0,KOSPI,0.08
001460,BYC,36250.0,11933.0,12461.0,432571250.0,451711250.0,KOSPI,-2.68
000490,대동,7850.0,116297.0,116297.0,912931450.0,912931450.0,KOSPI,0.0
117700,KODEX 건설,7290.0,6006008.0,6006008.0,43783798320.0,43783798320.0,KOSPI,1.39
000540,흥국화재,3510.0,41324.0,41324.0,145047240.0,145047240.0,KOSPI,-2.09
0089D0,KODEX 금융고배당TOP10,13460.0,197227.0,197227.0,2654675420.0,2654675420.0,KOSPI,-1.61
478150,TIME 글로벌우주테크&방산액티브,18485.0,139938.0,139938.0,2586753930.0,2586753930.0,KOSPI,0.52
003720,삼영,6600.0,146215.0,146215.0,965019000.0,965019000.0,KOSPI,0.15
0119H0,KODEX 28-12 회사채(AA-이상)액티브,9910.0,29284.0,29284.0,290204440.0,290204440.0,KOSPI,0.0
002320,한진,14440.0,207539.0,209859.0,2996863160.0,3030363960.0,KOSPI,0.49
0030R0,대신밸류리츠,3745.0,20152.0,20152.0,75469240.0,75469240.0,KOSPI,1.22
500029,신한 레버리지 은 선물 ETN(H),22290.0,4624.0,4624.0,103068960.0,103068960.0,KOSPI,9.35
437080,KODEX 미국종합채권ESG액티브(H),96155.0,9810.0,9810.0,943280550.0,943280550.0,KOSPI,0.28
433500,ACE 원자력TOP10,60155.0,38276.0,38276.0,2302492780.0,2302492780.0,KOSPI,0.44
000050,경방,8100.0,47914.0,47914.0,388103400.0,388103400.0,KOSPI,-0.61
001340,PKC,4920.0,42354.0,42354.0,208381680.0,208381680.0,KOSPI,1.03
003650,미창석유,127300.0,2843.0,2843.0,361913900.0,361913900.0,KOSPI,-2.38
009680,모토닉,10190.0,10370.0,13146.0,105670300.0,133957740.0,KOSPI,-0.88
035510,신세계 I&C,15830.0,957778.0,957778.0,15161625740.0,15161625740.0,KOSPI,2.19
034120,SBS,11910.0,7067.0,11460.0,84167970.0,136488600.0,KOSPI,-0.5
458260,TIGER 미국투자등급회사채액티브(H),45945.0,4949.0,4949.0,227381805.0,227381805.0,KOSPI,0.45
442320,RISE 글로벌원자력,35205.0,9437.0,9437.0,332229585.0,332229585.0,KOSPI,0.34
422420,RISE 2차전지액티브,6725.0,115094.0,115094.0,774007150.0,774007150.0,KOSPI,0.45
498270,KIWOOM 미국양자컴퓨팅,14620.0,40446.0,40446.0,591320520.0,591320520.0,KOSPI,3.39
475560,더본코리아,14770.0,79466.0,79466.0,1173712820.0,1173712820.0,KOSPI,2.29
488980,SOL 26-12 회사채(AA-이상)액티브,52195.0,145.0,145.0,7568275.0,7568275.0,KOSPI,0.0
033920,무학,7650.0,12601.0,12601.0,96397650.0,96397650.0,KOSPI,0.39
028100,동아지질,19400.0,137753.0,137753.0,2672408200.0,2672408200.0,KOSPI,-1.27
305080,TIGER 미국채10년선물,12120.0,67223.0,67223.0,814742760.0,814742760.0,KOSPI,0.37
0104N0,TIGER 200타겟위클리커버드콜,20960.0,68688.0,68688.0,1439700480.0,1439700480.0,KOSPI,2.72
900140,엘브이엠씨홀딩스,1117.0,203257.0,203257.0,227038069.0,227038069.0,KOSPI,0.18
017860,DS단석,12130.0,60982.0,60982.0,739711660.0,739711660.0,KOSPI,0.33
490090,TIGER 미국AI빅테크10,16185.0,446940.0,446940.0,7233723900.0,7233723900.0,KOSPI,1.92
0233J0,TIGER 삼성전자SK하이닉스미국채혼합50,10630.0,219013.0,219013.0,2328108190.0,2328108190.0,KOSPI,2.46
03473K,SK우,375000.0,544.0,544.0,204000000.0,204000000.0,KOSPI,0.13
001250,GS글로벌,2570.0,266988.0,266988.0,686159160.0,686159160.0,KOSPI,0.0
000320,노루홀딩스,15940.0,6869.0,9364.0,109491860.0,149262160.0,KOSPI,-0.69
266160,RISE 고배당,33330.0,13737.0,13737.0,457854210.0,457854210.0,KOSPI,1.55
0151S0,KODEX 미국AI반도체TOP3플러스,15525.0,517582.0,517582.0,8035460550.0,8035460550.0,KOSPI,4.69
011500,한농화성,13500.0,36963.0,36963.0,499000500.0,499000500.0,KOSPI,2.43
157500,TIGER 증권,11830.0,233422.0,233422.0,2761382260.0,2761382260.0,KOSPI,-0.42
088260,이리츠코크렙,3325.0,46080.0,46080.0,153216000.0,153216000.0,KOSPI,1.06
013580,계룡건설,23500.0,146665.0,146665.0,3446627500.0,3446627500.0,KOSPI,2.4
035150,백산,10600.0,11642.0,12341.0,123405200.0,130814600.0,KOSPI,-0.66
377190,디앤디플랫폼리츠,2370.0,789639.0,789639.0,1871444430.0,1871444430.0,KOSPI,4.18
051905,LG생활건강우,99800.0,43921.0,43921.0,4383315800.0,4383315800.0,KOSPI,-4.41
486450,SOL 미국AI전력인프라,19185.0,15073.0,15073.0,289175505.0,289175505.0,KOSPI,2.32
0232A0,MIDAS 머니마켓액티브,100255.0,20000.0,20000.0,2005100000.0,2005100000.0,KOSPI,0.01
332930,HANARO 200TR,143465.0,1384.0,1384.0,198555560.0,198555560.0,KOSPI,2.87
271050,KODEX WTI원유선물인버스(H),1696.0,4638382.0,4638382.0,7866695872.0,7866695872.0,KOSPI,0.65
000650,천일고속,143600.0,932.0,932.0,133835200.0,133835200.0,KOSPI,0.0
244580,KODEX 바이오,7820.0,324447.0,324447.0,2537175540.0,2537175540.0,KOSPI,-1.39
298000,효성화학,53600.0,15621.0,15621.0,837285600.0,837285600.0,KOSPI,-1.29
0005A0,KODEX 미국S&P500데일리커버드콜OTM,9405.0,205739.0,205739.0,1934975295.0,1934975295.0,KOSPI,0.75
000480,CR홀딩스,4295.0,41168.0,41168.0,176816560.0,176816560.0,KOSPI,-1.49
267770,TIGER 200선물레버리지,83800.0,24769.0,24769.0,2075642200.0,2075642200.0,KOSPI,5.63
004980,성신양회,8200.0,91635.0,127834.0,751407000.0,1048238800.0,KOSPI,0.61
003555,LG우,66700.0,3858.0,3858.0,257328600.0,257328600.0,KOSPI,0.0
530145,삼성 레버리지 천연가스 선물 ETN D,11750.0,109678.0,109678.0,1288716500.0,1288716500.0,KOSPI,-1.59
500099,신한 WTI원유 선물 ETN,19950.0,647.0,647.0,12907650.0,12907650.0,KOSPI,0.18
005960,동부건설,8670.0,117783.0,117783.0,1021178610.0,1021178610.0,KOSPI,3.71
100250,진양홀딩스,3110.0,25171.0,25171.0,78281810.0,78281810.0,KOSPI,-0.16
039570,HDC랩스,7620.0,4922.0,4922.0,37505640.0,37505640.0,KOSPI,0.4
037270,YG PLUS,3105.0,105161.0,105161.0,326524905.0,326524905.0,KOSPI,-0.32
0069M0,1Q 미국나스닥100,13535.0,45548.0,45548.0,616492180.0,616492180.0,KOSPI,1.61
0115D0,KODEX 조선TOP10,7610.0,828752.0,828752.0,6306802720.0,6306802720.0,KOSPI,-2.12
0204D0,KODEX 현대차로보틱스밸류체인TOP3플러스,5775.0,488841.0,488841.0,2823056775.0,2823056775.0,KOSPI,0.35
117580,대성에너지,7070.0,108156.0,108156.0,764662920.0,764662920.0,KOSPI,-0.84
004560,현대비앤지스틸,12870.0,66114.0,66114.0,850887180.0,850887180.0,KOSPI,0.55
0047A0,TIGER 차이나테크TOP10,12820.0,23338.0,23338.0,299193160.0,299193160.0,KOSPI,2.48
0192Z0,TIGER 중기종합채권(A-이상)액티브,100815.0,23191.0,23191.0,2338000665.0,2338000665.0,KOSPI,0.06
495060,TIME 코리아밸류업액티브,28185.0,31163.0,31163.0,878329155.0,878329155.0,KOSPI,1.93
002420,우양피앤엘,6180.0,48665.0,48665.0,300749700.0,300749700.0,KOSPI,10.55
000390,SP삼화,7080.0,97468.0,97468.0,690073440.0,690073440.0,KOSPI,2.16
433980,KODEX TDF2040액티브 적격,15850.0,20574.0,20574.0,326097900.0,326097900.0,KOSPI,0.92
302190,TIGER 중장기국채,49840.0,907.0,907.0,45204880.0,45204880.0,KOSPI,0.35
053210,스카이라이프,4030.0,20297.0,20297.0,81796910.0,81796910.0,KOSPI,0.25
003520,영진약품,1047.0,1906702.0,1906702.0,1996316994.0,1996316994.0,KOSPI,0.67
339770,교촌에프앤비,3825.0,25004.0,25004.0,95640300.0,95640300.0,KOSPI,0.13
414780,TIGER 차이나과창판STAR50(합성),13940.0,98236.0,98236.0,1369409840.0,1369409840.0,KOSPI,2.39
480040,ACE 미국반도체데일리타겟커버드콜(합성),14010.0,138271.0,138271.0,1937176710.0,1937176710.0,KOSPI,2.52
001630,종근당홀딩스,37950.0,1775.0,2140.0,67361250.0,81213000.0,KOSPI,-0.13
495550,SOL 코리아밸류업TR,33005.0,9991.0,9991.0,329752955.0,329752955.0,KOSPI,2.36
463050,TIME K바이오액티브,11290.0,422494.0,422494.0,4769957260.0,4769957260.0,KOSPI,-3.26
001130,대한제분,11170.0,13681.0,17570.0,152816770.0,196256900.0,KOSPI,-0.27
0082V0,KODEX TDF2060액티브 적격,11260.0,42157.0,42157.0,474687820.0,474687820.0,KOSPI,1.12
102460,이연제약,10140.0,17252.0,17252.0,174935280.0,174935280.0,KOSPI,0.5
0091C0,KODEX 미국10년국채액티브(H),9410.0,50020.0,50020.0,470688200.0,470688200.0,KOSPI,0.32
429000,TIGER 미국S&P500배당귀족,13100.0,31545.0,31545.0,413239500.0,413239500.0,KOSPI,0.08
102260,동성케미컬,3695.0,61492.0,61492.0,227212940.0,227212940.0,KOSPI,0.0
095570,AJ네트웍스,4135.0,44408.0,44408.0,183627080.0,183627080.0,KOSPI,0.36
003547,대신증권2우B,19440.0,11973.0,11973.0,232755120.0,232755120.0,KOSPI,-0.46
016580,환인제약,10020.0,32219.0,32219.0,322834380.0,322834380.0,KOSPI,-0.2
466930,SOL 자동차TOP3플러스,23580.0,37143.0,37143.0,875831940.0,875831940.0,KOSPI,1.2
033530,SJG세종,6810.0,19815.0,19815.0,134940150.0,134940150.0,KOSPI,0.89
530104,삼성 레버리지 코스피200 선물 ETN,183850.0,901.0,901.0,165648850.0,165648850.0,KOSPI,5.52
0093A0,RISE AI반도체TOP10,33355.0,59200.0,59200.0,1974616000.0,1974616000.0,KOSPI,1.57
500069,신한 레버리지 코스피 200 선물 ETN,183330.0,16.0,16.0,2933280.0,2933280.0,KOSPI,5.47
003610,방림,5700.0,20361.0,20361.0,116057700.0,116057700.0,KOSPI,0.0
122090,PLUS 코스피50,82430.0,21102.0,21102.0,1739437860.0,1739437860.0,KOSPI,2.91
015230,대창단조,6720.0,48513.0,48513.0,326007360.0,326007360.0,KOSPI,-1.03
000140,하이트진로홀딩스,7860.0,2641.0,2641.0,20758260.0,20758260.0,KOSPI,0.13
473460,KODEX 미국서학개미,24000.0,49301.0,49301.0,1183224000.0,1183224000.0,KOSPI,3.09
494330,ACE 라이프자산주주가치액티브,32565.0,23753.0,23753.0,773516445.0,773516445.0,KOSPI,-0.02
480020,ACE 미국빅테크7+데일리타겟커버드콜(합성),10185.0,269179.0,269179.0,2741588115.0,2741588115.0,KOSPI,1.19
128820,대성산업,4015.0,98733.0,98733.0,396412995.0,396412995.0,KOSPI,-1.11
261260,KODEX 미국달러선물인버스2X,5325.0,145985.0,145985.0,777370125.0,777370125.0,KOSPI,0.09
213500,한솔제지,7550.0,17185.0,17185.0,129746750.0,129746750.0,KOSPI,0.4
487570,HS효성,48050.0,1292.0,1292.0,62080600.0,62080600.0,KOSPI,1.16
077500,유니퀘스트,8270.0,786724.0,786724.0,6506207480.0,6506207480.0,KOSPI,8.82
483290,KODEX 미국배당다우존스타겟커버드콜,10225.0,158214.0,158214.0,1617738150.0,1617738150.0,KOSPI,0.1
0005G0,IBK K-AI반도체코어테크,51465.0,11973.0,11973.0,616190445.0,616190445.0,KOSPI,2.33
412570,TIGER 2차전지TOP10레버리지,1224.0,4496683.0,4496683.0,5503939992.0,5503939992.0,KOSPI,0.33
003220,대원제약,7890.0,14076.0,26678.0,111059640.0,210489420.0,KOSPI,0.38
234080,JW생명과학,11150.0,9541.0,9541.0,106382150.0,106382150.0,KOSPI,1.83
332500,ACE 200TR,73540.0,41277.0,41277.0,3035510580.0,3035510580.0,KOSPI,2.81
002100,경농,9040.0,12008.0,12008.0,108552320.0,108552320.0,KOSPI,0.33
009470,삼화전기,26600.0,136627.0,136627.0,3634278200.0,3634278200.0,KOSPI,4.52
007860,서연,7460.0,14991.0,14991.0,111832860.0,111832860.0,KOSPI,0.27
0040X0,SOL 팔란티어미국채커버드콜혼합,9425.0,52372.0,52372.0,493606100.0,493606100.0,KOSPI,1.07
461950,KODEX 2차전지핵심소재10,4895.0,578988.0,578988.0,2834146260.0,2834146260.0,KOSPI,0.72
016450,한세예스24홀딩스,4355.0,17268.0,17268.0,75202140.0,75202140.0,KOSPI,0.81
0099L0,ACE 우량회사채(AA-이상)액티브,99490.0,575.0,575.0,57206750.0,57206750.0,KOSPI,0.1
0190G0,KODEX 반도체타겟위클리커버드콜,9065.0,208336.0,208336.0,1888565840.0,1888565840.0,KOSPI,1.85
014710,사조씨푸드,10050.0,5715.0,5715.0,57435750.0,57435750.0,KOSPI,-0.1
000700,유수홀딩스,6630.0,34762.0,34762.0,230472060.0,230472060.0,KOSPI,-1.34
494220,UNICORN SK하이닉스밸류체인액티브,48790.0,73817.0,73817.0,3601531430.0,3601531430.0,KOSPI,3.59
002150,도화엔지니어링,5060.0,28845.0,28845.0,145955700.0,145955700.0,KOSPI,-0.2
490600,RISE 미국배당100데일리고정커버드콜,8845.0,199652.0,199652.0,1765921940.0,1765921940.0,KOSPI,-0.11
241590,화승엔터프라이즈,2795.0,20661.0,20661.0,57747495.0,57747495.0,KOSPI,-0.18
025560,미래산업,6090.0,261056.0,261056.0,1589831040.0,1589831040.0,KOSPI,0.83
403790,MIDAS 코스피액티브,57715.0,3118.0,3118.0,179955370.0,179955370.0,KOSPI,2.29
003460,유화증권,2975.0,27488.0,27488.0,81776800.0,81776800.0,KOSPI,-0.5
000520,삼일제약,7770.0,157268.0,157268.0,1221972360.0,1221972360.0,KOSPI,4.02
472870,RISE 미국30년국채엔화노출(합성 H),6930.0,219773.0,219773.0,1523026890.0,1523026890.0,KOSPI,-0.22
0064K0,KODEX 금액티브,12725.0,62311.0,62311.0,792907475.0,792907475.0,KOSPI,2.0
491820,HANARO 전력설비투자,45260.0,85983.0,85983.0,3891590580.0,3891590580.0,KOSPI,5.53
013890,지누스,7530.0,108068.0,109664.0,813752040.0,825769920.0,KOSPI,0.13
200250,KIWOOM 인도Nifty50(합성),20735.0,5134.0,5134.0,106453490.0,106453490.0,KOSPI,0.58
337160,KODEX 200ESG,48115.0,5480.0,5480.0,263670200.0,263670200.0,KOSPI,2.78
480030,ACE 미국500데일리타겟커버드콜(합성),9735.0,108894.0,108894.0,1060083090.0,1060083090.0,KOSPI,0.78
000860,강남제비스코,12510.0,2433.0,2433.0,30436830.0,30436830.0,KOSPI,-0.08
003830,대한화섬,122000.0,284.0,284.0,34648000.0,34648000.0,KOSPI,6.92
237370,KODEX 코리아배당성장채권혼합,15570.0,52467.0,52467.0,816911190.0,816911190.0,KOSPI,-0.26
233160,TIGER 코스닥150 레버리지,7385.0,1103752.0,1103752.0,8151208520.0,8151208520.0,KOSPI,0.41
002170,SYTS,53500.0,594.0,594.0,31779000.0,31779000.0,KOSPI,-1.83
520098,미래에셋 레버리지 반도체 ETN,26715.0,16429.0,16429.0,438900735.0,438900735.0,KOSPI,4.95
460850,동국씨엠,5350.0,79440.0,79440.0,425004000.0,425004000.0,KOSPI,0.19
488720,WON 종합채권(AA-이상)액티브,48585.0,682.0,682.0,33134970.0,33134970.0,KOSPI,0.34
090350,노루페인트,7890.0,36979.0,36979.0,291764310.0,291764310.0,KOSPI,0.25
160580,TIGER 구리실물,16370.0,65646.0,65646.0,1074625020.0,1074625020.0,KOSPI,1.05
0193G0,KoAct 코스피액티브,8425.0,114719.0,114719.0,966507575.0,966507575.0,KOSPI,2.0
272560,RISE 단기국공채액티브,114910.0,14468.0,14468.0,1662517880.0,1662517880.0,KOSPI,-0.01
004380,삼익THK,7600.0,15170.0,15170.0,115292000.0,115292000.0,KOSPI,0.0
394670,TIGER 글로벌리튬&2차전지SOLACTIVE(합성),10755.0,19753.0,19753.0,212443515.0,212443515.0,KOSPI,1.8
530134,삼성 블룸버그 인버스2X WTI원유선물 ETN B,1740.0,2854749.0,2854749.0,4967263260.0,4967263260.0,KOSPI,1.75
400760,NH올원리츠,2850.0,531910.0,531910.0,1515943500.0,1515943500.0,KOSPI,0.0
0180V0,ACE 미국우주테크액티브,8210.0,137761.0,137761.0,1131017810.0,1131017810.0,KOSPI,4.39
006805,미래에셋증권우,11590.0,13183.0,13183.0,152790970.0,152790970.0,KOSPI,-0.43
0005D0,SOL 전고체배터리&실리콘음극재,14765.0,280665.0,280665.0,4144018725.0,4144018725.0,KOSPI,1.55
0051G0,SOL 미국원자력SMR,12525.0,21237.0,21237.0,265993425.0,265993425.0,KOSPI,2.71
152870,파워 200,110355.0,4499.0,4499.0,496487145.0,496487145.0,KOSPI,2.83
001780,알루코,1594.0,162169.0,162169.0,258497386.0,258497386.0,KOSPI,1.59
007570,일양약품,8050.0,36215.0,36215.0,291530750.0,291530750.0,KOSPI,0.0
570051,한투 나스닥100 ETN,30720.0,21.0,21.0,645120.0,645120.0,KOSPI,1.29
011785,금호석유화학우,50500.0,879.0,879.0,44389500.0,44389500.0,KOSPI,-0.39
00279K,아모레퍼시픽홀딩스3우C,21300.0,5332.0,5332.0,113571600.0,113571600.0,KOSPI,-2.29
000970,한국주철관,6600.0,13606.0,13606.0,89799600.0,89799600.0,KOSPI,0.15
462520,조선내화,12620.0,8812.0,8812.0,111207440.0,111207440.0,KOSPI,0.08
271980,제일약품,10130.0,5397.0,5397.0,54671610.0,54671610.0,KOSPI,1.1
458210,KIWOOM CD금리액티브(합성),110780.0,2315.0,2315.0,256455700.0,256455700.0,KOSPI,0.02
293480,하나제약,8370.0,16402.0,16402.0,137284740.0,137284740.0,KOSPI,1.58
004090,한국석유,11710.0,199541.0,199541.0,2336625110.0,2336625110.0,KOSPI,-1.26
219480,KODEX 미국S&P500선물(H),33010.0,2497.0,2497.0,82425970.0,82425970.0,KOSPI,0.73
016880,웅진,1855.0,35678.0,35678.0,66182690.0,66182690.0,KOSPI,-0.38
354500,ACE 코스닥150,13965.0,50106.0,50106.0,699730290.0,699730290.0,KOSPI,0.29
0127M0,ACE 미국대형가치주액티브,12320.0,21779.0,21779.0,268317280.0,268317280.0,KOSPI,1.03
097955,CJ제일제당 우,110800.0,121328.0,121328.0,13443142400.0,13443142400.0,KOSPI,-5.22
004970,신라교역,9170.0,12845.0,12845.0,117788650.0,117788650.0,KOSPI,-0.65
001045,CJ우,64800.0,69418.0,69418.0,4498286400.0,4498286400.0,KOSPI,-5.12
0153K0,KODEX 주주환원고배당주,12200.0,85080.0,85080.0,1037976000.0,1037976000.0,KOSPI,-1.13
530136,삼성 인버스 2X 천연가스 선물 ETN D,14620.0,27192.0,27192.0,397547040.0,397547040.0,KOSPI,1.35
025820,이구산업,4370.0,105895.0,105895.0,462761150.0,462761150.0,KOSPI,2.1
272550,삼양패키징,9680.0,20299.0,20299.0,196494320.0,196494320.0,KOSPI,-1.22
464240,KIWOOM 26-09회사채(AA-이상)액티브,52055.0,5.0,5.0,260275.0,260275.0,KOSPI,0.06
0048K0,KODEX 차이나휴머노이드로봇,8085.0,458186.0,458186.0,3704433810.0,3704433810.0,KOSPI,1.57
491610,1Q CD금리액티브(합성),105010.0,11797.0,11797.0,1238802970.0,1238802970.0,KOSPI,0.01
001520,동양,1353.0,5029523.0,5029523.0,6804944619.0,6804944619.0,KOSPI,29.97
0151P0,RISE 코리아전략산업액티브,14635.0,79702.0,79702.0,1166438770.0,1166438770.0,KOSPI,3.06
138520,TIGER 삼성그룹,35840.0,9459.0,9459.0,339010560.0,339010560.0,KOSPI,0.39
481180,SOL 미국AI소프트웨어,16810.0,123501.0,123501.0,2076051810.0,2076051810.0,KOSPI,0.72
0104H0,KoAct 미국나스닥채권혼합50액티브,11820.0,24613.0,24613.0,290925660.0,290925660.0,KOSPI,1.11
004150,한솔홀딩스,3490.0,39717.0,39717.0,138612330.0,138612330.0,KOSPI,-1.13
500037,신한 레버리지 금 선물 ETN,70945.0,589.0,589.0,41786605.0,41786605.0,KOSPI,4.34
550089,N2 월간 레버리지 코스피 200 선물 ETN,141875.0,9.0,9.0,1276875.0,1276875.0,KOSPI,5.94
245340,TIGER 미국다우존스30,34940.0,8520.0,8520.0,297688800.0,297688800.0,KOSPI,0.17
000020,동화약품,5070.0,51374.0,51374.0,260466180.0,260466180.0,KOSPI,0.0
071840,롯데하이마트,5980.0,24336.0,24336.0,145529280.0,145529280.0,KOSPI,-0.83
015890,태경산업,4825.0,18830.0,18830.0,90854750.0,90854750.0,KOSPI,1.15
008350,남선알미늄,1090.0,1104416.0,1104416.0,1203813440.0,1203813440.0,KOSPI,0.09
001080,만호제강,4005.0,24487.0,24487.0,98070435.0,98070435.0,KOSPI,1.78
438560,SOL 국고채3년,100170.0,37.0,37.0,3706290.0,3706290.0,KOSPI,0.16
107590,미원홀딩스,60400.0,45.0,45.0,2718000.0,2718000.0,KOSPI,-0.66
143860,TIGER 헬스케어,35010.0,13505.0,13505.0,472810050.0,472810050.0,KOSPI,-0.34
003480,한진중공업홀딩스,4735.0,17496.0,17496.0,82843560.0,82843560.0,KOSPI,-0.21
0041E0,KODEX 미국S&P500액티브,16230.0,91417.0,91417.0,1483697910.0,1483697910.0,KOSPI,1.6
094280,효성ITX,12060.0,4686.0,4686.0,56513160.0,56513160.0,KOSPI,0.25
0199C0,ACE 고배당주Plus커버드콜액티브,9245.0,594550.0,594550.0,5496614750.0,5496614750.0,KOSPI,-0.32
451530,TIGER 국고채30년스트립액티브,35090.0,28605.0,28605.0,1003749450.0,1003749450.0,KOSPI,0.92
0131W0,1Q 단기특수은행채액티브,102250.0,181.0,181.0,18507250.0,18507250.0,KOSPI,0.0
007540,샘표,47950.0,53211.0,53211.0,2551467450.0,2551467450.0,KOSPI,-1.94
004080,신흥,14780.0,27180.0,27180.0,401720400.0,401720400.0,KOSPI,5.2
0092B0,SOL 한국원자력SMR,16530.0,171230.0,171230.0,2830431900.0,2830431900.0,KOSPI,0.0
139220,TIGER 200 건설,8120.0,431988.0,431988.0,3507742560.0,3507742560.0,KOSPI,0.43
495330,1Q 코리아밸류업,31805.0,6607.0,6607.0,210135635.0,210135635.0,KOSPI,1.44
001210,금호전기,10950.0,10654643.0,10654643.0,116668340850.0,116668340850.0,KOSPI,3.2
520066,미래에셋 KRX금현물 Auto-KO-C 2810-01 ETN,22685.0,62281.0,62281.0,1412844485.0,1412844485.0,KOSPI,1.79
003010,혜인,10640.0,630715.0,630715.0,6710807600.0,6710807600.0,KOSPI,7.69
012610,경인양행,3230.0,166301.0,166301.0,537152230.0,537152230.0,KOSPI,3.69
476030,SOL 미국나스닥100,17165.0,20656.0,20656.0,354560240.0,354560240.0,KOSPI,1.66
457990,PLUS 태양광&ESS,34655.0,112813.0,112813.0,3909534515.0,3909534515.0,KOSPI,1.97
760007,키움 코스피 200 TR ETN,33310.0,25.0,25.0,832750.0,832750.0,KOSPI,2.35
570050,한투 S&P500선물 ETN,26600.0,5.0,5.0,133000.0,133000.0,KOSPI,1.03
002210,동성제약,1372.0,479859.0,479859.0,658366548.0,658366548.0,KOSPI,1.78
081000,일진다이아,9280.0,116517.0,116517.0,1081277760.0,1081277760.0,KOSPI,0.54
0184L0,PLUS 중기종합채권(A-이상)액티브,100525.0,17263.0,17263.0,1735363075.0,1735363075.0,KOSPI,0.09
014280,금강공업,4470.0,69242.0,69242.0,309511740.0,309511740.0,KOSPI,1.48
024090,디씨엠,11500.0,2892.0,2892.0,33258000.0,33258000.0,KOSPI,-0.43
471760,TIGER AI반도체핵심공정,14145.0,200427.0,200427.0,2835039915.0,2835039915.0,KOSPI,1.98
004960,한신공영,11270.0,11692.0,11692.0,131768840.0,131768840.0,KOSPI,-1.05
0091M0,HANARO 27-06 회사채(AA-이상)액티브,10160.0,160.0,160.0,1625600.0,1625600.0,KOSPI,0.0
463680,KODEX 미국S&P500테크놀로지,22640.0,26294.0,26294.0,595296160.0,595296160.0,KOSPI,1.98
304660,KODEX 미국30년국채울트라선물(H),7225.0,20181.0,20181.0,145807725.0,145807725.0,KOSPI,0.84
0123G0,TIGER 미국AI전력SMR,6310.0,207757.0,207757.0,1310946670.0,1310946670.0,KOSPI,4.82
018470,조일알미늄,5130.0,68479.0,68479.0,351297270.0,351297270.0,KOSPI,0.98
009270,신원,1129.0,443555.0,443555.0,500773595.0,500773595.0,KOSPI,3.11
214390,경보제약,5410.0,10650.0,10650.0,57616500.0,57616500.0,KOSPI,0.0
461500,HANARO 종합채권(AA-이상)액티브,104805.0,22080.0,22080.0,2314094400.0,2314094400.0,KOSPI,0.01
411420,KODEX 미국나스닥AI테크액티브,27025.0,44481.0,44481.0,1202099025.0,1202099025.0,KOSPI,2.29
006060,화승인더,2315.0,233080.0,233080.0,539580200.0,539580200.0,KOSPI,-2.73
267290,경동도시가스,21700.0,4666.0,4666.0,101252200.0,101252200.0,KOSPI,-0.91
760011,키움 레버리지 2차전지산업 ETN,8230.0,1409.0,1409.0,11596070.0,11596070.0,KOSPI,-1.08
550092,N2 월간 레버리지 방위산업 Top5 ETN,127115.0,28.0,28.0,3559220.0,3559220.0,KOSPI,3.78
192090,TIGER 차이나CSI300,12250.0,19353.0,19353.0,237074250.0,237074250.0,KOSPI,1.28
0074K0,KoAct K수출핵심기업TOP30액티브,17010.0,32265.0,32265.0,548827650.0,548827650.0,KOSPI,2.22
013520,화승코퍼레이션,2530.0,42376.0,42376.0,107211280.0,107211280.0,KOSPI,-0.78
350520,이지스레지던스리츠,3430.0,16382.0,16382.0,56190260.0,56190260.0,KOSPI,2.54
325010,KODEX 성장주,43510.0,31263.0,31263.0,1360253130.0,1360253130.0,KOSPI,2.9
463290,1Q 단기금융채액티브,109405.0,1149.0,1149.0,125706345.0,125706345.0,KOSPI,0.01
078000,텔코웨어,13650.0,1706.0,1706.0,23286900.0,23286900.0,KOSPI,0.96
011690,와이투솔루션,3420.0,105940.0,105940.0,362314800.0,362314800.0,KOSPI,3.17
438570,SOL 국고채10년,97450.0,88.0,88.0,8575600.0,8575600.0,KOSPI,0.37
210540,디와이파워,11300.0,8353.0,8353.0,94388900.0,94388900.0,KOSPI,0.8
447620,SOL 미국TOP5채권혼합50,15980.0,23223.0,23223.0,371103540.0,371103540.0,KOSPI,0.57
001360,삼성제약,1317.0,613146.0,613146.0,807513282.0,807513282.0,KOSPI,-4.7
448100,WON 200,112365.0,17003.0,17003.0,1910542095.0,1910542095.0,KOSPI,2.79
089470,HDC현대EP,3870.0,31346.0,31346.0,121309020.0,121309020.0,KOSPI,1.04
0000Y0,HK 26-12 회사채(AA-이상)액티브,102000.0,1.0,1.0,102000.0,102000.0,KOSPI,0.0
008970,KBI동양철관,1186.0,617831.0,617831.0,732747566.0,732747566.0,KOSPI,1.8
009070,KCTC,4090.0,101344.0,101344.0,414496960.0,414496960.0,KOSPI,2.76
214420,토니모리,5100.0,62770.0,62770.0,320127000.0,320127000.0,KOSPI,-0.78
037560,LG헬로비전,1581.0,66366.0,66366.0,104924646.0,104924646.0,KOSPI,0.44
114820,TIGER 국채3년,104770.0,7429.0,7429.0,778336330.0,778336330.0,KOSPI,0.07
469170,ACE 포스코그룹포커스,5990.0,378104.0,378104.0,2264842960.0,2264842960.0,KOSPI,-0.25
570116,한투 레버리지WTI원유선물 ETN B,61070.0,6.0,6.0,366420.0,366420.0,KOSPI,0.76
491230,PLUS 국공채머니마켓액티브,52555.0,21624.0,21624.0,1136449320.0,1136449320.0,KOSPI,-0.02
005800,신영와코루,13480.0,2787.0,2787.0,37568760.0,37568760.0,KOSPI,-0.66
377990,TIGER Fn신재생에너지,24255.0,25810.0,25810.0,626021550.0,626021550.0,KOSPI,1.76
476450,KIWOOM 머니마켓액티브,52860.0,808.0,808.0,42710880.0,42710880.0,KOSPI,0.01
328370,PLUS 코스피TR,38595.0,87.0,87.0,3357765.0,3357765.0,KOSPI,2.52
0209D0,KODEX 전고체배터리ESS TOP2플러스,8190.0,513077.0,513077.0,4202100630.0,4202100630.0,KOSPI,1.61
319640,TIGER 골드선물(H),25780.0,51940.0,51940.0,1339013200.0,1339013200.0,KOSPI,1.9
002620,제일파마홀딩스,7410.0,363.0,363.0,2689830.0,2689830.0,KOSPI,-3.52
399110,SOL 미국S&P500ESG,20715.0,6829.0,6829.0,141462735.0,141462735.0,KOSPI,0.66
002390,한독,8570.0,7019.0,7019.0,60152830.0,60152830.0,KOSPI,1.42
332940,HANARO MSCI Korea TR,48965.0,286.0,286.0,14003990.0,14003990.0,KOSPI,4.06
227840,현대코퍼레이션홀딩스,12900.0,3261.0,3261.0,42066900.0,42066900.0,KOSPI,-0.23
014530,극동유화,3360.0,133604.0,133604.0,448909440.0,448909440.0,KOSPI,-0.88
0168K0,TIGER 기술이전바이오액티브,5555.0,1387666.0,1387666.0,7708484630.0,7708484630.0,KOSPI,-3.39
015590,DKME,2180.0,114727.0,114727.0,250104860.0,250104860.0,KOSPI,3.56
034590,인천도시가스,26550.0,326.0,326.0,8655300.0,8655300.0,KOSPI,-0.38
251340,KODEX 코스닥150선물인버스,2440.0,16729145.0,16729145.0,40819113800.0,40819113800.0,KOSPI,-0.2
182480,TIGER 미국MSCI리츠(합성 H),13190.0,14089.0,14089.0,185833910.0,185833910.0,KOSPI,1.07
092220,KEC,2885.0,623666.0,623666.0,1799276410.0,1799276410.0,KOSPI,1.05
079430,현대리바트,5750.0,11951.0,11951.0,68718250.0,68718250.0,KOSPI,0.7
367770,RISE 수소경제테마,22445.0,11838.0,11838.0,265703910.0,265703910.0,KOSPI,0.16
0181B0,HANARO 미국AI메모리반도체TOP4+,9480.0,379651.0,379651.0,3599091480.0,3599091480.0,KOSPI,3.95
016740,두올,4015.0,36757.0,36757.0,147579355.0,147579355.0,KOSPI,1.01
0000J0,PLUS 한화그룹주,28775.0,75260.0,75260.0,2165606500.0,2165606500.0,KOSPI,0.44
017550,수산세보틱스,1843.0,368696.0,368696.0,679506728.0,679506728.0,KOSPI,1.1
016710,대성홀딩스,7070.0,11968.0,11968.0,84613760.0,84613760.0,KOSPI,1.0
37550L,DL이앤씨2우(전환),53700.0,3512.0,3512.0,188594400.0,188594400.0,KOSPI,3.27
083420,그린케미칼,4720.0,11322.0,11322.0,53439840.0,53439840.0,KOSPI,0.32
488500,TIGER 미국S&P500동일가중,12455.0,25857.0,25857.0,322048935.0,322048935.0,KOSPI,0.4
0085P0,ACE 미국10년국채액티브,9715.0,227768.0,227768.0,2212766120.0,2212766120.0,KOSPI,0.31
023450,동남합성,32050.0,1307.0,1307.0,41889350.0,41889350.0,KOSPI,0.31
002460,HS화성,11040.0,11106.0,11106.0,122610240.0,122610240.0,KOSPI,1.01
008040,사조동아원,7890.0,16330.0,16330.0,128843700.0,128843700.0,KOSPI,0.77
372330,KODEX 차이나항셍테크,6665.0,326478.0,326478.0,2175975870.0,2175975870.0,KOSPI,2.85
530061,삼성 레버리지 은 선물 ETN(H),37025.0,18080.0,18080.0,669412000.0,669412000.0,KOSPI,8.91
309230,ACE 미국WideMoat동일가중,30175.0,6270.0,6270.0,189197250.0,189197250.0,KOSPI,-0.18
0135Y0,IBK 중기종합채권(AA-이상)액티브,100200.0,54.0,54.0,5410800.0,5410800.0,KOSPI,0.03
530055,삼성 레버리지 금 선물 ETN(H),110910.0,668.0,668.0,74087880.0,74087880.0,KOSPI,3.94
304940,KODEX 미국나스닥100선물(H),32520.0,3432.0,3432.0,111608640.0,111608640.0,KOSPI,1.58
0132K0,PLUS 테슬라위클리커버드콜채권혼합,7955.0,125804.0,125804.0,1000770820.0,1000770820.0,KOSPI,1.02
0162L0,KODEX 차이나AI반도체TOP10,13655.0,449005.0,449005.0,6131163275.0,6131163275.0,KOSPI,1.79
0036R0,RISE 미국휴머노이드로봇,19610.0,8530.0,8530.0,167273300.0,167273300.0,KOSPI,1.66
266370,KODEX IT,68355.0,18247.0,18247.0,1247273685.0,1247273685.0,KOSPI,2.86
012800,대창,1199.0,248795.0,248795.0,298305205.0,298305205.0,KOSPI,0.93
0080Y0,SOL 조선TOP3플러스레버리지,8535.0,218409.0,218409.0,1864120815.0,1864120815.0,KOSPI,-2.57
012320,경동인베스트,46100.0,19424.0,19424.0,895446400.0,895446400.0,KOSPI,-4.06
0138Y0,PLUS 금채권혼합,9805.0,121012.0,121012.0,1186522660.0,1186522660.0,KOSPI,0.87
004100,태양금속,2960.0,260971.0,260971.0,772474160.0,772474160.0,KOSPI,-1.0
013570,디와이,4120.0,77914.0,77914.0,321005680.0,321005680.0,KOSPI,-1.44
326240,RISE IT플러스,43335.0,2626.0,2626.0,113797710.0,113797710.0,KOSPI,3.02
530107,삼성 인버스 2X 코스닥150 선물 ETN,1797.0,10936306.0,10936306.0,19652541882.0,19652541882.0,KOSPI,-0.33
078935,GS우,60500.0,5645.0,5645.0,341522500.0,341522500.0,KOSPI,-0.82
0221V0,IBK 초단기채권액티브,100625.0,2461.0,2461.0,247638125.0,247638125.0,KOSPI,0.01
203780,TIGER 미국나스닥바이오,35800.0,31747.0,31747.0,1136542600.0,1136542600.0,KOSPI,3.53
011280,태림포장,1516.0,12172.0,12172.0,18452752.0,18452752.0,KOSPI,0.0
021820,세원정공,10720.0,13110.0,13110.0,140539200.0,140539200.0,KOSPI,0.37
012200,계양전기,3930.0,5690415.0,5690415.0,22363330950.0,22363330950.0,KOSPI,8.86
006660,삼성공조,13140.0,208985.0,208985.0,2746062900.0,2746062900.0,KOSPI,1.31
464930,TIGER 글로벌혁신블루칩TOP10,20530.0,7110.0,7110.0,145968300.0,145968300.0,KOSPI,1.38
0193M0,BNK 27-12 특수채(AAA이상)액티브,50375.0,1.0,1.0,50375.0,50375.0,KOSPI,-0.01
455860,SOL 2차전지소부장Fn,4455.0,197384.0,197384.0,879345720.0,879345720.0,KOSPI,0.0
496090,KIWOOM 코리아밸류업,32095.0,162.0,162.0,5199390.0,5199390.0,KOSPI,1.92
464310,TIGER 글로벌AI&로보틱스 INDXX,13575.0,13545.0,13545.0,183873375.0,183873375.0,KOSPI,1.76
120030,조선선재,84100.0,219.0,219.0,18417900.0,18417900.0,KOSPI,0.0
027970,한국제지,2780.0,8165.0,8165.0,22698700.0,22698700.0,KOSPI,2.02
570019,한투 코스피양매도5%OTM ETN,7040.0,291.0,291.0,2048640.0,2048640.0,KOSPI,0.43
168580,ACE 중국본토CSI300,33835.0,15835.0,15835.0,535777225.0,535777225.0,KOSPI,1.06
0174B0,KoAct 글로벌AI메모리반도체액티브,14330.0,90497.0,90497.0,1296822010.0,1296822010.0,KOSPI,3.88
476850,KoAct 배당성장액티브,21905.0,48007.0,48007.0,1051593335.0,1051593335.0,KOSPI,2.86
465610,ACE 미국빅테크TOP7 Plus레버리지(합성),43730.0,7720.0,7720.0,337595600.0,337595600.0,KOSPI,3.69
004250,NPC,2855.0,29272.0,29272.0,83571560.0,83571560.0,KOSPI,-2.06
500050,신한 레버리지 S&P500 선물 ETN,52330.0,82.0,82.0,4291060.0,4291060.0,KOSPI,2.2
014580,태경비케이,3780.0,14373.0,14373.0,54329940.0,54329940.0,KOSPI,0.27
458030,WON 국공채머니마켓액티브,55110.0,1536.0,1536.0,84648960.0,84648960.0,KOSPI,0.0
010100,한국무브넥스,3410.0,32457.0,32457.0,110678370.0,110678370.0,KOSPI,0.0
009580,무림P&P,1663.0,133184.0,133184.0,221484992.0,221484992.0,KOSPI,-0.83
248170,샘표식품,22550.0,52715.0,52715.0,1188723250.0,1188723250.0,KOSPI,-1.53
0176E0,RISE 미국AI전력인프라액티브,9755.0,10076.0,10076.0,98291380.0,98291380.0,KOSPI,0.41
035000,HS애드,6330.0,16835.0,16835.0,106565550.0,106565550.0,KOSPI,0.16
475050,ACE KPOP포커스,6925.0,325203.0,325203.0,2252030775.0,2252030775.0,KOSPI,-0.22
123690,한국화장품,6370.0,193463.0,193463.0,1232359310.0,1232359310.0,KOSPI,-0.78
013700,까뮤이앤씨,1710.0,315801.0,315801.0,540019710.0,540019710.0,KOSPI,4.01
267850,아시아나IDT,9190.0,10872.0,10872.0,99913680.0,99913680.0,KOSPI,0.0
0122W0,RISE 26-11 회사채(AA-이상)액티브,51070.0,42.0,42.0,2144940.0,2144940.0,KOSPI,0.04
610037,메리츠 미국채30년 ETN(H),7260.0,2.0,2.0,14520.0,14520.0,KOSPI,0.9
0137V0,KIWOOM 미국S&P500모멘텀,11420.0,51597.0,51597.0,589237740.0,589237740.0,KOSPI,2.15
002780,진흥기업,6980.0,60850.0,60850.0,424733000.0,424733000.0,KOSPI,0.0
394660,TIGER 글로벌자율주행&전기차SOLACTIVE,15465.0,7117.0,7117.0,110064405.0,110064405.0,KOSPI,2.18
0177X0,ACE K휴머노이드로봇산업TOP2+,9870.0,251102.0,251102.0,2478376740.0,2478376740.0,KOSPI,1.33
475280,ACE 8월만기자동연장회사채AA-이상액티브,10735.0,261.0,261.0,2801835.0,2801835.0,KOSPI,-0.14
002450,삼익악기,1104.0,35633.0,35633.0,39338832.0,39338832.0,KOSPI,-0.36
114100,RISE 국고채3년,105775.0,6773.0,6773.0,716414075.0,716414075.0,KOSPI,0.11
067830,세이브존I&C,2390.0,10171.0,10171.0,24308690.0,24308690.0,KOSPI,-0.21
264900,크라운제과,7820.0,4673.0,4673.0,36542860.0,36542860.0,KOSPI,1.56
0142D0,TIGER 미국AI데이터센터TOP4Plus,10465.0,183153.0,183153.0,1916696145.0,1916696145.0,KOSPI,-0.33
036580,팜스코,2645.0,36783.0,36783.0,97291035.0,97291035.0,KOSPI,2.92
008260,NI스틸,3390.0,139274.0,139274.0,472138860.0,472138860.0,KOSPI,3.67
008700,아남전자,1255.0,93205.0,93205.0,116972275.0,116972275.0,KOSPI,-1.26
417310,코람코더원리츠,2385.0,293402.0,293402.0,699763770.0,699763770.0,KOSPI,0.63
0008T0,SOL 화장품TOP3플러스,17630.0,1430198.0,1430198.0,25214390740.0,25214390740.0,KOSPI,-0.06
002200,한국수출포장,2855.0,18739.0,18739.0,53499845.0,53499845.0,KOSPI,0.35
007210,벽산,1460.0,35131.0,35131.0,51291260.0,51291260.0,KOSPI,1.74
014790,HL D&I,2505.0,23617.0,23617.0,59160585.0,59160585.0,KOSPI,1.21
433970,KODEX TDF2030액티브 적격,13935.0,11355.0,11355.0,158231925.0,158231925.0,KOSPI,0.83
308620,KODEX 미국10년국채선물,11395.0,30973.0,30973.0,352937335.0,352937335.0,KOSPI,0.4
473440,ACE 11월만기자동연장회사채AA-이상액티브,10855.0,301.0,301.0,3267355.0,3267355.0,KOSPI,0.05
195980,PLUS 신흥국MSCI(합성 H),15375.0,17161.0,17161.0,263850375.0,263850375.0,KOSPI,1.96
454320,HANARO CAPEX설비투자iSelect,43590.0,714.0,714.0,31123260.0,31123260.0,KOSPI,1.58
070960,모나용평,1946.0,44485.0,44485.0,86567810.0,86567810.0,KOSPI,0.83
032560,황금에스티,5500.0,12619.0,12619.0,69404500.0,69404500.0,KOSPI,-1.26
363280,티와이홀딩스,2055.0,14486.0,14486.0,29768730.0,29768730.0,KOSPI,-1.91
0035T0,PLUS 글로벌휴머노이드로봇액티브,19270.0,16553.0,16553.0,318976310.0,318976310.0,KOSPI,1.37
014440,영보화학,4670.0,11797.0,11797.0,55091990.0,55091990.0,KOSPI,-0.64
0066W0,SOL 국제금,12870.0,55761.0,55761.0,717644070.0,717644070.0,KOSPI,2.14
261270,KODEX 미국달러선물인버스,8095.0,21863.0,21863.0,176980985.0,176980985.0,KOSPI,0.06
580039,KB 레버리지 KOSPI 200 선물 ETN,183160.0,502.0,502.0,91946320.0,91946320.0,KOSPI,5.73
298770,KODEX 한국대만IT프리미어,82940.0,11590.0,11590.0,961274600.0,961274600.0,KOSPI,3.7
001290,상상인증권,4195.0,40147.0,40147.0,168416665.0,168416665.0,KOSPI,0.84
001275,부국증권우,30250.0,346.0,346.0,10466500.0,10466500.0,KOSPI,0.5
325020,KODEX 배당가치,29235.0,9008.0,9008.0,263348880.0,263348880.0,KOSPI,-0.2
143850,TIGER 미국S&P500선물(H),77105.0,1282.0,1282.0,98848610.0,98848610.0,KOSPI,0.79
486240,DAISHIN AI반도체&인프라액티브,29200.0,658.0,658.0,19213600.0,19213600.0,KOSPI,2.85
019180,티에이치엔,5020.0,60051.0,60051.0,301456020.0,301456020.0,KOSPI,0.6
211900,KODEX 코리아배당성장,27800.0,3851.0,3851.0,107057800.0,107057800.0,KOSPI,-0.61
468380,KODEX iShares미국하이일드액티브,10865.0,32514.0,32514.0,353264610.0,353264610.0,KOSPI,0.23
269540,PLUS 미국S&P500(H),29990.0,5492.0,5492.0,164705080.0,164705080.0,KOSPI,0.89
33626K,두산퓨얼셀1우,6730.0,19228.0,19228.0,129404440.0,129404440.0,KOSPI,1.51
444490,WON 미국S&P500,20170.0,3218.0,3218.0,64907060.0,64907060.0,KOSPI,0.88
453080,KIWOOM 미국나스닥100(H),23000.0,2687.0,2687.0,61801000.0,61801000.0,KOSPI,1.63
006840,AK홀딩스,6740.0,8180.0,8180.0,55133200.0,55133200.0,KOSPI,-1.32
479620,SOL 미국AI반도체칩메이커,25840.0,26815.0,26815.0,692899600.0,692899600.0,KOSPI,4.7
007610,선도전기,4945.0,8263126.0,8263126.0,40861158070.0,40861158070.0,KOSPI,29.96
023000,삼원강재,2225.0,1673.0,1673.0,3722425.0,3722425.0,KOSPI,1.14
0007N0,아이엠에셋 200,109935.0,956.0,956.0,105097860.0,105097860.0,KOSPI,2.76
058860,KTis,2525.0,5708.0,5708.0,14412700.0,14412700.0,KOSPI,0.4
058850,KTcs,2115.0,60184.0,60184.0,127289160.0,127289160.0,KOSPI,-0.47
096775,SK이노베이션우,70000.0,2639.0,2639.0,184730000.0,184730000.0,KOSPI,2.64
329670,KODEX TRF7030,21830.0,7633.0,7633.0,166628390.0,166628390.0,KOSPI,0.32
204480,TIGER 차이나CSI300레버리지(합성),23440.0,6550.0,6550.0,153532000.0,153532000.0,KOSPI,2.14
025620,차AI헬스케어,4765.0,8363.0,8363.0,39849695.0,39849695.0,KOSPI,2.14
495040,PLUS 코리아밸류업,31865.0,1095.0,1095.0,34892175.0,34892175.0,KOSPI,2.03
004140,동방,1779.0,62186.0,62186.0,110628894.0,110628894.0,KOSPI,0.0
460960,ACE 글로벌인컴TOP10,10940.0,182393.0,182393.0,1995379420.0,1995379420.0,KOSPI,0.83
000850,화천기공,38750.0,16860.0,16860.0,653325000.0,653325000.0,KOSPI,0.91
004890,동일산업,35000.0,847.0,847.0,29645000.0,29645000.0,KOSPI,0.0
139990,아주스틸,2185.0,9909.0,9909.0,21651165.0,21651165.0,KOSPI,3.8
329660,KODEX TRF5050,17750.0,9686.0,9686.0,171926500.0,171926500.0,KOSPI,0.48
453330,RISE 미국S&P500(H),18120.0,22602.0,22602.0,409548240.0,409548240.0,KOSPI,0.78
006090,사조오양,8820.0,7419.0,7419.0,65435580.0,65435580.0,KOSPI,-1.12
011700,한신기계,2560.0,121919.0,121919.0,312112640.0,312112640.0,KOSPI,1.79
485690,RISE 미국AI밸류체인TOP3Plus,22415.0,8115.0,8115.0,181897725.0,181897725.0,KOSPI,2.96
461460,PLUS 국고채10년액티브,50955.0,182.0,182.0,9273810.0,9273810.0,KOSPI,0.64
002600,조흥,137700.0,42.0,42.0,5783400.0,5783400.0,KOSPI,0.22
359210,KODEX 코스피TR,35660.0,2365.0,2365.0,84335900.0,84335900.0,KOSPI,2.41
0017Y0,1Q 종합채권(AA-이상)액티브,93760.0,259.0,259.0,24283840.0,24283840.0,KOSPI,0.27
500096,신한 인버스2X 천연가스 선물 ETN B,16255.0,11.0,11.0,178805.0,178805.0,KOSPI,1.85
111380,동인기연,13230.0,3020.0,3020.0,39954600.0,39954600.0,KOSPI,2.56
007980,TP,1722.0,113795.0,113795.0,195954990.0,195954990.0,KOSPI,0.41
0018C0,PLUS 고배당주위클리고정커버드콜,10520.0,109651.0,109651.0,1153528520.0,1153528520.0,KOSPI,-0.89
449770,KIWOOM 미국S&P500,21030.0,32344.0,32344.0,680194320.0,680194320.0,KOSPI,0.86
337140,KODEX 코스피대형주,36305.0,8602.0,8602.0,312295610.0,312295610.0,KOSPI,2.85
002220,한일철강,2990.0,168120.0,168120.0,502678800.0,502678800.0,KOSPI,2.05
475310,SOL 반도체후공정,27035.0,196465.0,196465.0,5311431275.0,5311431275.0,KOSPI,1.14
023800,인지컨트롤스,5040.0,6702.0,6702.0,33778080.0,33778080.0,KOSPI,0.9
0057H0,PLUS 미국S&P500미국채혼합50액티브,11680.0,29998.0,29998.0,350376640.0,350376640.0,KOSPI,0.65
550093,N2 전력인프라 Top5 ETN,39560.0,11823.0,11823.0,467717880.0,467717880.0,KOSPI,5.24
0049M0,ACE 미국배당퀄리티+커버드콜액티브,11200.0,19660.0,19660.0,220192000.0,220192000.0,KOSPI,0.76
490480,SOL K방산,29160.0,20105.0,20105.0,586261800.0,586261800.0,KOSPI,0.6
495750,HANARO 코리아밸류업,32045.0,87.0,87.0,2787915.0,2787915.0,KOSPI,1.73
108450,ACE 삼성그룹섹터가중,39120.0,6616.0,6616.0,258817920.0,258817920.0,KOSPI,0.82
469060,RISE 미국반도체NYSE,34770.0,38032.0,38032.0,1322372640.0,1322372640.0,KOSPI,3.59
0098N0,PLUS 자사주매입고배당주,12920.0,46228.0,46228.0,597265760.0,597265760.0,KOSPI,-1.0
138530,TIGER LG그룹플러스,12025.0,46890.0,46890.0,563852250.0,563852250.0,KOSPI,-0.5
009180,한솔로지스틱스,2765.0,10827.0,10827.0,29936655.0,29936655.0,KOSPI,-0.18
005740,크라운해태홀딩스,5240.0,25251.0,25251.0,132315240.0,132315240.0,KOSPI,1.35
004840,DRB동일,4025.0,3385.0,3385.0,13624625.0,13624625.0,KOSPI,0.88
003580,HLB글로벌,1530.0,250943.0,250943.0,383942790.0,383942790.0,KOSPI,-7.27
069730,DSR제강,5370.0,30143.0,30143.0,161867910.0,161867910.0,KOSPI,2.29
210780,TIGER 코스피고배당,23395.0,19693.0,19693.0,460717735.0,460717735.0,KOSPI,-0.53
0197X0,SOL SK하이닉스선물단일종목인버스2X,5500.0,21236439.0,21236439.0,116800414500.0,116800414500.0,KOSPI,-11.43
000590,CS홀딩스,66600.0,482.0,482.0,32101200.0,32101200.0,KOSPI,-1.33
0198A0,KIWOOM 코스닥150커버드콜액티브,8585.0,570273.0,570273.0,4895793705.0,4895793705.0,KOSPI,0.7
0225V0,KODEX 미국CPU반도체TOP10,11230.0,323064.0,323064.0,3628008720.0,3628008720.0,KOSPI,7.41
365040,TIGER AI코리아그로스액티브,36315.0,5624.0,5624.0,204235560.0,204235560.0,KOSPI,1.97
0080X0,SOL 미국S&P500미국채혼합50,10865.0,149038.0,149038.0,1619297870.0,1619297870.0,KOSPI,0.6
163560,동일고무벨트,5470.0,23695.0,23695.0,129611650.0,129611650.0,KOSPI,0.37
000105,유한양행우,66200.0,355.0,355.0,23501000.0,23501000.0,KOSPI,-0.75
007590,동방아그로,5580.0,1136.0,1136.0,6338880.0,6338880.0,KOSPI,0.0
010960,삼호개발,3110.0,148247.0,148247.0,461048170.0,461048170.0,KOSPI,1.63
013360,일성건설,1387.0,163393.0,163393.0,226626091.0,226626091.0,KOSPI,0.07
001260,남광토건,7620.0,23537.0,23537.0,179351940.0,179351940.0,KOSPI,1.06
272910,ACE 중장기국공채액티브,105735.0,8.0,8.0,845880.0,845880.0,KOSPI,0.15
228810,TIGER 미디어컨텐츠,3060.0,167607.0,167607.0,512877420.0,512877420.0,KOSPI,-0.65
0022T0,SOL 국제금커버드콜액티브,13125.0,25451.0,25451.0,334044375.0,334044375.0,KOSPI,1.67
001020,페이퍼코리아,2095.0,29433.0,29433.0,61662135.0,61662135.0,KOSPI,-3.46
004770,써니전자,2100.0,502729.0,502729.0,1055730900.0,1055730900.0,KOSPI,0.48
005750,대림바스,4480.0,29632.0,29632.0,132751360.0,132751360.0,KOSPI,1.59
475350,RISE 버크셔포트폴리오TOP10,14695.0,37978.0,37978.0,558086710.0,558086710.0,KOSPI,-0.37
570120,한투 레버리지천연가스선물 ETN C,14820.0,9617.0,9617.0,142523940.0,142523940.0,KOSPI,-1.33
364960,TIGER BBIG,6205.0,9798.0,9798.0,60796590.0,60796590.0,KOSPI,0.24
550091,N2 방위산업 Top5 ETN,36825.0,8206.0,8206.0,302185950.0,302185950.0,KOSPI,1.15
157490,TIGER 소프트웨어,7900.0,72590.0,72590.0,573461000.0,573461000.0,KOSPI,0.45
013870,지엠비코리아,3860.0,13171.0,13171.0,50840060.0,50840060.0,KOSPI,0.39
473640,HANARO 글로벌금채굴기업,34975.0,18291.0,18291.0,639727725.0,639727725.0,KOSPI,3.83
520095,미래에셋 레버리지 WTI원유 선물 ETN,29195.0,100924.0,100924.0,2946476180.0,2946476180.0,KOSPI,-1.07
412770,TIGER 글로벌AI플랫폼액티브,12535.0,8019.0,8019.0,100518165.0,100518165.0,KOSPI,3.08
441540,HANARO Fn조선해운,26970.0,5112.0,5112.0,137870640.0,137870640.0,KOSPI,-0.94
298340,PLUS 국채선물3년,56380.0,15832.0,15832.0,892608160.0,892608160.0,KOSPI,0.13
0102A0,TIGER 미국AI소프트웨어TOP4Plus,9010.0,38758.0,38758.0,349209580.0,349209580.0,KOSPI,0.9
055490,테이팩스,15110.0,19160.0,19160.0,289507600.0,289507600.0,KOSPI,-0.26
292190,KODEX KRX300,48015.0,1809.0,1809.0,86859135.0,86859135.0,KOSPI,2.42
0238F0,KODEX 미국AI메모리TOP2플러스,10205.0,230364.0,230364.0,2350864620.0,2350864620.0,KOSPI,4.99
0210E0,PLUS 200커버드콜액티브,7380.0,137195.0,137195.0,1012499100.0,1012499100.0,KOSPI,2.5
095720,웅진씽크빅,1259.0,63059.0,63059.0,79391281.0,79391281.0,KOSPI,-0.4
155660,DSR,4445.0,4264.0,4264.0,18953480.0,18953480.0,KOSPI,0.0
084670,동양고속,24550.0,8115.0,8115.0,199223250.0,199223250.0,KOSPI,0.2
002795,아모레퍼시픽홀딩스우,11120.0,13367.0,13367.0,148641040.0,148641040.0,KOSPI,0.0
338100,NH프라임리츠,3800.0,37732.0,37732.0,143381600.0,143381600.0,KOSPI,0.0
063160,종근당바이오,12910.0,4636.0,4636.0,59850760.0,59850760.0,KOSPI,0.78
001560,제일연마,9300.0,1344.0,1344.0,12499200.0,12499200.0,KOSPI,3.33
120115,코오롱인더우,25400.0,3739.0,3739.0,94970600.0,94970600.0,KOSPI,0.99
211560,TIGER 배당성장,34965.0,6123.0,6123.0,214090695.0,214090695.0,KOSPI,-0.95
0098Z0,FOCUS 200,93600.0,11.0,11.0,1029600.0,1029600.0,KOSPI,3.25
214330,금호에이치티,6700.0,56209.0,56209.0,376600300.0,376600300.0,KOSPI,2.29
000180,성창기업지주,5000.0,12819.0,12819.0,64095000.0,64095000.0,KOSPI,0.1
0190Y0,TIGER 구글밸류체인,8585.0,104512.0,104512.0,897235520.0,897235520.0,KOSPI,2.45
010660,화천기계,3160.0,29763.0,29763.0,94051080.0,94051080.0,KOSPI,0.8
002720,국제약품,3280.0,19594.0,19594.0,64268320.0,64268320.0,KOSPI,0.77
465330,RISE 2차전지TOP10,11305.0,102606.0,102606.0,1159960830.0,1159960830.0,KOSPI,0.18
000230,일동홀딩스,6000.0,6473.0,6473.0,38838000.0,38838000.0,KOSPI,-0.17
031820,아이티센씨티에스,5720.0,28329.0,28329.0,162041880.0,162041880.0,KOSPI,-0.17
009770,삼정펄프,27600.0,997.0,997.0,27517200.0,27517200.0,KOSPI,-0.72
0113D0,TIME 글로벌탑픽액티브,11985.0,11505.0,11505.0,137887425.0,137887425.0,KOSPI,1.18
007280,한국특강,2405.0,5747.0,5747.0,13821535.0,13821535.0,KOSPI,4.11
530131,삼성 인버스0.5X S&P500 VIX S/T선물 ETN B,22855.0,327.0,327.0,7473585.0,7473585.0,KOSPI,1.53
011150,CJ씨푸드,1902.0,38088.0,38088.0,72443376.0,72443376.0,KOSPI,-1.4
130730,KIWOOM 단기자금,103115.0,1009.0,1009.0,104043035.0,104043035.0,KOSPI,0.0
210980,SK디앤디,3645.0,107464.0,107464.0,391706280.0,391706280.0,KOSPI,-1.62
492500,1Q 현대차그룹채권(A+이상)&국고통안,51315.0,171.0,171.0,8774865.0,8774865.0,KOSPI,-0.03
0233A0,ACE 삼성전자SK하이닉스플러스채권혼합50,10560.0,392997.0,392997.0,4150048320.0,4150048320.0,KOSPI,2.23
079980,휴비스,1958.0,21575.0,21575.0,42243850.0,42243850.0,KOSPI,1.5
228800,TIGER 여행레저,2625.0,133904.0,133904.0,351498000.0,351498000.0,KOSPI,-0.76
570100,한투 일본종합상사TOP5 ETN,22405.0,4482.0,4482.0,100419210.0,100419210.0,KOSPI,-2.29
004440,삼일씨엔에스,5270.0,343561.0,343561.0,1810566470.0,1810566470.0,KOSPI,5.82
530126,삼성 코리아 밸류업 TR ETN,33495.0,3.0,3.0,100485.0,100485.0,KOSPI,1.35
550084,N2 코스피 200 TR ETN,33450.0,14.0,14.0,468300.0,468300.0,KOSPI,3.05
433880,PLUS TDF2060액티브 적격,18525.0,14225.0,14225.0,263518125.0,263518125.0,KOSPI,1.62
458750,TIGER 미국배당다우존스타겟커버드콜1호,12830.0,39427.0,39427.0,505848410.0,505848410.0,KOSPI,0.16
278620,PLUS 단기채권액티브,119115.0,74.0,74.0,8814510.0,8814510.0,KOSPI,0.0
530115,삼성 레버리지 나스닥 100 TR ETN,66615.0,33.0,33.0,2198295.0,2198295.0,KOSPI,2.93
530067,삼성 KRX 금현물 ETN,33265.0,958.0,958.0,31867870.0,31867870.0,KOSPI,1.77
019680,대교,1653.0,11227.0,11227.0,18558231.0,18558231.0,KOSPI,2.29
010040,한국내화,1614.0,18359.0,18359.0,29631426.0,29631426.0,KOSPI,-0.12
491700,HK 200,110450.0,35.0,35.0,3865750.0,3865750.0,KOSPI,2.95
085310,엔케이,8910.0,10330.0,10330.0,92040300.0,92040300.0,KOSPI,-0.78
480370,씨케이솔루션,2025.0,725748.0,725748.0,1469639700.0,1469639700.0,KOSPI,-2.64
002700,신일전자,958.0,185627.0,185627.0,177830666.0,177830666.0,KOSPI,0.21
071090,하이스틸,3235.0,151089.0,151089.0,488772915.0,488772915.0,KOSPI,2.37
058730,다스코,3225.0,340311.0,340311.0,1097502975.0,1097502975.0,KOSPI,0.0
004720,팜젠사이언스,2875.0,28501.0,28501.0,81940375.0,81940375.0,KOSPI,-0.35
100220,비상교육,5010.0,29773.0,29773.0,149162730.0,149162730.0,KOSPI,1.21
418670,TIGER 글로벌AI사이버보안,19080.0,160072.0,160072.0,3054173760.0,3054173760.0,KOSPI,0.9
024900,디와이덕양,1992.0,296848.0,296848.0,591321216.0,591321216.0,KOSPI,4.84
520092,미래에셋 레버리지 은 선물 ETN B,32360.0,49846.0,49846.0,1613016560.0,1613016560.0,KOSPI,9.36
453950,TIGER TSMC파운드리밸류체인,31570.0,4918.0,4918.0,155261260.0,155261260.0,KOSPI,1.51
017370,우신시스템,3530.0,5785.0,5785.0,20421050.0,20421050.0,KOSPI,2.62
520087,미래에셋 레버리지 KRX 금현물 ETN,32300.0,77449.0,77449.0,2501602700.0,2501602700.0,KOSPI,3.33
261240,KODEX 미국달러선물,14300.0,101525.0,101525.0,1451807500.0,1451807500.0,KOSPI,0.07
481430,RISE 국고채10년액티브,97290.0,987.0,987.0,96025230.0,96025230.0,KOSPI,0.28
277640,TIGER 코스피대형주,37535.0,13316.0,13316.0,499816060.0,499816060.0,KOSPI,3.03
266420,KODEX 헬스케어,15900.0,22180.0,22180.0,352662000.0,352662000.0,KOSPI,-1.18
005870,휴니드,4500.0,23099.0,23099.0,103945500.0,103945500.0,KOSPI,0.78
0123S0,HANARO 26-12 은행채(AA+이상)액티브,10195.0,1088.0,1088.0,11092160.0,11092160.0,KOSPI,0.0
520080,미래에셋 미국 테크&반도체 TOP3 ETN,21065.0,92.0,92.0,1937980.0,1937980.0,KOSPI,2.28
018500,동원모빌리티,1350.0,59974.0,59974.0,80964900.0,80964900.0,KOSPI,0.52
372910,한컴라이프케어,2270.0,3611575.0,3611575.0,8198275250.0,8198275250.0,KOSPI,3.65
520081,미래에셋 2X 미국 테크&반도체 TOP3 ETN,62700.0,2.0,2.0,125400.0,125400.0,KOSPI,2.8
014990,인디에프,4160.0,785325.0,785325.0,3266952000.0,3266952000.0,KOSPI,11.83
072130,유엔젤,4915.0,14199.0,14199.0,69788085.0,69788085.0,KOSPI,-0.1
419890,KIWOOM 단기채권ESG액티브,107490.0,101.0,101.0,10856490.0,10856490.0,KOSPI,0.01
140700,KODEX 보험,20775.0,83010.0,83010.0,1724532750.0,1724532750.0,KOSPI,-1.98
0000D0,TIGER 엔비디아미국채커버드콜밸런스(합성),9030.0,38002.0,38002.0,343158060.0,343158060.0,KOSPI,1.52
009200,무림페이퍼,1494.0,34462.0,34462.0,51486228.0,51486228.0,KOSPI,0.74
068290,삼성출판사,6200.0,7717.0,7717.0,47845400.0,47845400.0,KOSPI,0.0
0172V0,1Q 은액티브,8715.0,101616.0,101616.0,885583440.0,885583440.0,KOSPI,4.87
455660,ACE 미국하이일드액티브(H),9370.0,9149.0,9149.0,85726130.0,85726130.0,KOSPI,0.27
580010,KB Wise 분할매매 ETN,10280.0,17.0,17.0,174760.0,174760.0,KOSPI,2.9
016090,대현,1391.0,13108.0,13108.0,18233228.0,18233228.0,KOSPI,0.22
495940,RISE 미국AI테크액티브,19490.0,3011.0,3011.0,58684390.0,58684390.0,KOSPI,1.86
760016,키움 레버리지 조선TOP10 ETN,61275.0,298.0,298.0,18259950.0,18259950.0,KOSPI,-2.62
610088,메리츠 레버리지 WTI원유 선물 ETN(H),61155.0,1924.0,1924.0,117662220.0,117662220.0,KOSPI,-0.24
306950,KODEX KRX300레버리지,76300.0,1528.0,1528.0,116586400.0,116586400.0,KOSPI,4.51
0181L0,SOL 미국우주항공TOP10,7310.0,156535.0,156535.0,1144270850.0,1144270850.0,KOSPI,4.73
0115E0,KODEX 코리아소버린AI,14020.0,28261.0,28261.0,396219220.0,396219220.0,KOSPI,1.34
520086,미래에셋-0.5X S&P500 VIX S/T선물 ETN(H)B,24390.0,210.0,210.0,5121900.0,5121900.0,KOSPI,1.46
760018,키움 미국달러선물 ETN B,10160.0,2.0,2.0,20320.0,20320.0,KOSPI,-0.2
476750,ACE 미국30년국채엔화노출액티브(H),7510.0,180263.0,180263.0,1353775130.0,1353775130.0,KOSPI,0.2
453640,KODEX 미국S&P500헬스케어,14135.0,14053.0,14053.0,198639155.0,198639155.0,KOSPI,0.64
700029,하나 S&P 레버리지 WTI원유 선물 ETN B,60750.0,3291.0,3291.0,199928250.0,199928250.0,KOSPI,-1.33
252400,RISE 200선물레버리지,101245.0,1238.0,1238.0,125341310.0,125341310.0,KOSPI,5.42
0040S0,HANARO 글로벌피지컬AI액티브,23795.0,8946.0,8946.0,212870070.0,212870070.0,KOSPI,1.38
500093,신한 블룸버그 레버리지 WTI원유선물 ETN B,60305.0,5.0,5.0,301525.0,301525.0,KOSPI,-2.59
580068,KB S&P 레버리지 WTI원유 선물 ETN B,60145.0,13996.0,13996.0,841789420.0,841789420.0,KOSPI,-0.86
000220,유유제약,3815.0,33717.0,33717.0,128630355.0,128630355.0,KOSPI,-0.91
002760,보락,999.0,59350.0,59350.0,59290650.0,59290650.0,KOSPI,-0.1
440640,ACE 단기채권알파액티브,112795.0,2711.0,2711.0,305787245.0,305787245.0,KOSPI,0.0
530133,삼성 블룸버그 레버리지 WTI원유선물 ETN B,59475.0,6536.0,6536.0,388728600.0,388728600.0,KOSPI,-0.9
004450,삼화왕관,27600.0,858.0,858.0,23680800.0,23680800.0,KOSPI,1.85
0166S0,PLUS K제조업핵심기업액티브,11290.0,20623.0,20623.0,232833670.0,232833670.0,KOSPI,3.15
520101,미래에셋 레버리지 SK하이닉스 단일종목ETN,11765.0,92799.0,92799.0,1091780235.0,1091780235.0,KOSPI,12.53
0220WL,한화머시너리앤서비스홀딩스3우B,2475.0,681844.0,681844.0,1687563900.0,1687563900.0,KOSPI,-5.17
491220,PLUS 200TR,129645.0,5474.0,5474.0,709676730.0,709676730.0,KOSPI,2.8
275980,TIGER 글로벌4차산업혁신기술(합성 H),23310.0,1378.0,1378.0,32121180.0,32121180.0,KOSPI,1.15
001465,BYC우,27000.0,1749.0,1749.0,47223000.0,47223000.0,KOSPI,0.19
111110,호전실업,6380.0,4801.0,4801.0,30630380.0,30630380.0,KOSPI,1.11
37550K,DL이앤씨우,27350.0,5191.0,5191.0,141973850.0,141973850.0,KOSPI,1.3
500071,신한 레버리지 코스닥 150 선물 ETN,22955.0,8.0,8.0,183640.0,183640.0,KOSPI,-0.37
006890,태경케미컬,4945.0,8968.0,8968.0,44346760.0,44346760.0,KOSPI,0.1
003925,남양유업우,30300.0,1590.0,1590.0,48177000.0,48177000.0,KOSPI,1.17
003780,진양산업,4395.0,191184.0,191184.0,840253680.0,840253680.0,KOSPI,-2.87
479730,TIGER 인도빌리언컨슈머,9675.0,10817.0,10817.0,104654475.0,104654475.0,KOSPI,0.26
075180,새론오토모티브,2970.0,18956.0,18956.0,56299320.0,56299320.0,KOSPI,0.0
396690,미래에셋글로벌리츠,1437.0,63127.0,63127.0,90713499.0,90713499.0,KOSPI,1.77
520057,미래에셋 인버스 2X 코스닥150 선물 ETN,1801.0,7440828.0,7440828.0,13400931228.0,13400931228.0,KOSPI,-0.61
225040,TIGER 미국S&P500레버리지(합성 H),67100.0,5283.0,5283.0,354489300.0,354489300.0,KOSPI,1.54
378850,화승알앤에이,2960.0,13737.0,13737.0,40661520.0,40661520.0,KOSPI,1.02
129260,인터지스,1887.0,82683.0,82683.0,156022821.0,156022821.0,KOSPI,0.16
000725,현대건설우,53200.0,1936.0,1936.0,102995200.0,102995200.0,KOSPI,-2.03
0194T0,ACE SK하이닉스단일종목레버리지,9965.0,114567.0,114567.0,1141660155.0,1141660155.0,KOSPI,11.9
0141S0,SOL 조선기자재,8850.0,160097.0,160097.0,1416858450.0,1416858450.0,KOSPI,-1.01
0226A0,PLUS SK하이닉스샌디스크채권혼합50,11135.0,99307.0,99307.0,1105783445.0,1105783445.0,KOSPI,3.15
003465,유화증권우,3185.0,47.0,47.0,149695.0,149695.0,KOSPI,0.0
304780,HANARO 200선물레버리지,123630.0,889.0,889.0,109907070.0,109907070.0,KOSPI,5.76
455960,RISE 미국달러SOFR금리액티브(합성),12130.0,291.0,291.0,3529830.0,3529830.0,KOSPI,-0.12
480310,TIGER 글로벌온디바이스AI,20855.0,16158.0,16158.0,336975090.0,336975090.0,KOSPI,4.69
092440,기신정기,1890.0,50065.0,50065.0,94622850.0,94622850.0,KOSPI,0.85
434960,DAISHIN K200,110180.0,2729.0,2729.0,300681220.0,300681220.0,KOSPI,2.83
520100,미래에셋 레버리지 삼성전자 단일종목 ETN,11010.0,95539.0,95539.0,1051884390.0,1051884390.0,KOSPI,5.51
025530,SJM홀딩스,3680.0,8371.0,8371.0,30805280.0,30805280.0,KOSPI,1.66
442560,RISE TDF2040액티브 적격,16405.0,15151.0,15151.0,248552155.0,248552155.0,KOSPI,1.05
580082,KB 레버리지 반도체 TOP10 TR ETN,21975.0,1545.0,1545.0,33951375.0,33951375.0,KOSPI,6.8
385590,ACE ESG액티브,23835.0,100.0,100.0,2383500.0,2383500.0,KOSPI,0.78
150460,TIGER 중국소비테마,7425.0,26917.0,26917.0,199858725.0,199858725.0,KOSPI,-0.2
003475,유안타증권우,4275.0,9822.0,9822.0,41989050.0,41989050.0,KOSPI,0.59
090080,평화산업,996.0,190469.0,190469.0,189707124.0,189707124.0,KOSPI,-0.9
001550,조비,10530.0,11488.0,11488.0,120968640.0,120968640.0,KOSPI,0.0
401470,KODEX 메타버스액티브,9295.0,6838.0,6838.0,63559210.0,63559210.0,KOSPI,0.16
0041D0,KODEX 미국AI소프트웨어TOP10,14085.0,72799.0,72799.0,1025373915.0,1025373915.0,KOSPI,0.11
092780,DYP,4100.0,428101.0,428101.0,1755214100.0,1755214100.0,KOSPI,29.95
278240,RISE 코스닥150선물레버리지,7585.0,21159.0,21159.0,160491015.0,160491015.0,KOSPI,0.73
0046Y0,ACE 미국배당퀄리티,12505.0,4453.0,4453.0,55684765.0,55684765.0,KOSPI,1.01
006980,우성,17400.0,1530.0,1530.0,26622000.0,26622000.0,KOSPI,1.52
261220,KODEX WTI원유선물(H),27915.0,69172.0,69172.0,1930936380.0,1930936380.0,KOSPI,-0.62
28513K,SK케미칼우,25350.0,3090.0,3090.0,78331500.0,78331500.0,KOSPI,-0.2
123700,SJM,3415.0,16954.0,16954.0,57897910.0,57897910.0,KOSPI,-0.15
011390,부산산업,50200.0,5840.0,5840.0,293168000.0,293168000.0,KOSPI,4.26
012690,모나리자,1449.0,69656.0,69656.0,100931544.0,100931544.0,KOSPI,-0.34
101280,KODEX 일본TOPIX100,30805.0,5715.0,5715.0,176050575.0,176050575.0,KOSPI,-0.47
530113,삼성 레버리지 S&P500 선물 ETN,52930.0,5.0,5.0,264650.0,264650.0,KOSPI,1.85
021050,서원,1113.0,106234.0,106234.0,118238442.0,118238442.0,KOSPI,0.72
0238P0,TIGER 미국S&P500미국채혼합50,10285.0,310483.0,310483.0,3193317655.0,3193317655.0,KOSPI,0.83
440910,WON 미국우주항공방산,22865.0,16254.0,16254.0,371647710.0,371647710.0,KOSPI,-0.2
023810,인팩,5240.0,5209.0,5209.0,27295160.0,27295160.0,KOSPI,-0.19
006880,신송홀딩스,4420.0,34013.0,34013.0,150337460.0,150337460.0,KOSPI,0.68
011230,삼화전자,2725.0,303979.0,303979.0,828342775.0,828342775.0,KOSPI,1.87
0118Z0,ACE 미국AI테크핵심산업액티브,8770.0,15367.0,15367.0,134768590.0,134768590.0,KOSPI,1.92
445150,KODEX 친환경조선해운액티브,28120.0,2119.0,2119.0,59586280.0,59586280.0,KOSPI,-0.42
006125,SK디스커버리우,42100.0,582.0,582.0,24502200.0,24502200.0,KOSPI,-0.47
0111J0,HANARO 증권고배당TOP3플러스,11915.0,50367.0,50367.0,600122805.0,600122805.0,KOSPI,-0.38
580034,KB 레버리지 FANG 플러스 ETN(H),103650.0,2.0,2.0,207300.0,207300.0,KOSPI,1.88
010770,평화홀딩스,3515.0,23739.0,23739.0,83442585.0,83442585.0,KOSPI,-0.14
004830,덕성,3275.0,28570.0,28570.0,93566750.0,93566750.0,KOSPI,0.61
0118S0,SOL 미국넥스트테크TOP10액티브,10995.0,57777.0,57777.0,635258115.0,635258115.0,KOSPI,3.87
275300,KODEX 우량주,30065.0,10434.0,10434.0,313698210.0,313698210.0,KOSPI,3.78
261070,TIGER 코스닥150바이오테크,11045.0,121198.0,121198.0,1338631910.0,1338631910.0,KOSPI,-1.87
218420,KODEX 미국S&P500에너지(합성),20700.0,31945.0,31945.0,661261500.0,661261500.0,KOSPI,0.29
475260,ACE 2월만기자동연장회사채AA-이상액티브,10765.0,216.0,216.0,2325240.0,2325240.0,KOSPI,0.0
007815,코리아써우,17100.0,1448.0,1448.0,24760800.0,24760800.0,KOSPI,-1.72
000950,전방,30150.0,801.0,801.0,24150150.0,24150150.0,KOSPI,-0.82
253150,PLUS 200선물레버리지,202410.0,1976.0,1976.0,399962160.0,399962160.0,KOSPI,6.2
0185L0,TIME 글로벌휴머노이드로봇산업액티브,7270.0,68612.0,68612.0,498809240.0,498809240.0,KOSPI,1.68
009190,대양금속,1148.0,329708.0,329708.0,378504784.0,378504784.0,KOSPI,6.39
360140,KODEX 200롱코스닥150숏선물,22925.0,5707.0,5707.0,130832975.0,130832975.0,KOSPI,2.41
005305,롯데칠성우,64900.0,455.0,455.0,29529500.0,29529500.0,KOSPI,0.0
530124,삼성 레버리지 일본니케이225선물 ETN(H),50180.0,11.0,11.0,551980.0,551980.0,KOSPI,3.5
520072,미래에셋 미국 AI TOP3 ETN,16700.0,55.0,55.0,918500.0,918500.0,KOSPI,1.86
101140,인바이오젠,4975.0,3506.0,3506.0,17442350.0,17442350.0,KOSPI,1.74
002140,고려산업,1994.0,437658.0,437658.0,872690052.0,872690052.0,KOSPI,-2.01
0139P0,ACE 고배당주,13435.0,7918.0,7918.0,106378330.0,106378330.0,KOSPI,-0.48
007460,에이프로젠,2000.0,98342.0,98342.0,196684000.0,196684000.0,KOSPI,-0.25
292560,TIGER 일본엔선물,8105.0,124829.0,124829.0,1011739045.0,1011739045.0,KOSPI,-1.28
152500,ACE 레버리지,44770.0,21852.0,21852.0,978314040.0,978314040.0,KOSPI,5.39
287180,PLUS 미국나스닥테크,54295.0,748.0,748.0,40612660.0,40612660.0,KOSPI,1.71
001620,케이비아이동국실업,2195.0,13342.0,13342.0,29285690.0,29285690.0,KOSPI,1.86
002920,유성기업,1862.0,55519.0,55519.0,103376378.0,103376378.0,KOSPI,-0.11
114470,KIWOOM 국고채3년,107180.0,356.0,356.0,38156080.0,38156080.0,KOSPI,0.19
140950,파워 코스피100,85995.0,1760.0,1760.0,151351200.0,151351200.0,KOSPI,2.86
009320,아진전자부품,976.0,12090.0,12090.0,11799840.0,11799840.0,KOSPI,3.28
004410,서울식품,1208.0,112197.0,112197.0,135533976.0,135533976.0,KOSPI,2.11
580056,KB 일본 로보틱스 TOP 10 ETN,23810.0,855.0,855.0,20357550.0,20357550.0,KOSPI,0.21
442260,마이티 다이나믹퀀트액티브,38400.0,2869.0,2869.0,110169600.0,110169600.0,KOSPI,3.28
0000Z0,RISE 바이오TOP10액티브,8130.0,125350.0,125350.0,1019095500.0,1019095500.0,KOSPI,-2.05
461340,HANARO 글로벌생성형AI액티브,43215.0,2471.0,2471.0,106784265.0,106784265.0,KOSPI,2.31
123310,TIGER 인버스,1114.0,2555986.0,2555986.0,2847368404.0,2847368404.0,KOSPI,-2.71
0178H0,IBK 미국AI TOP10국채혼합50,10065.0,6198.0,6198.0,62382870.0,62382870.0,KOSPI,1.16
453650,KODEX 미국S&P500금융,18875.0,13557.0,13557.0,255888375.0,255888375.0,KOSPI,-0.45
520102,미래에셋 인버스 2X 코스피200 선물 ETN B,23490.0,1019318.0,1019318.0,23943779820.0,23943779820.0,KOSPI,-5.53
0020H0,KoAct 글로벌양자컴퓨팅액티브,21815.0,12641.0,12641.0,275763415.0,275763415.0,KOSPI,4.28
336160,RISE 금융채액티브,99970.0,8.0,8.0,799760.0,799760.0,KOSPI,0.14
610061,메리츠 3X 레버리지 국채30년 ETN,23415.0,1846.0,1846.0,43224090.0,43224090.0,KOSPI,1.39
041650,상신브레이크,2170.0,5648.0,5648.0,12256160.0,12256160.0,KOSPI,0.93
256750,KODEX 차이나심천ChiNext(합성),15215.0,29338.0,29338.0,446377670.0,446377670.0,KOSPI,1.94
305050,ACE 코스피,71325.0,1103.0,1103.0,78671475.0,78671475.0,KOSPI,1.95
473490,KIWOOM 글로벌AI반도체,30865.0,14067.0,14067.0,434177955.0,434177955.0,KOSPI,3.57
447430,ACE 주주환원가치주액티브,16215.0,8045.0,8045.0,130449675.0,130449675.0,KOSPI,-0.76
0220B0,DS 코스닥액티브,10610.0,191547.0,191547.0,2032313670.0,2032313670.0,KOSPI,1.19
316670,KIWOOM 코스닥150,6925.0,78198.0,78198.0,541521150.0,541521150.0,KOSPI,0.14
005320,온타이드,1348.0,321626.0,321626.0,433551848.0,433551848.0,KOSPI,6.06
0086B0,TIGER 리츠부동산인프라TOP10액티브,9400.0,10716.0,10716.0,100730400.0,100730400.0,KOSPI,0.64
000910,유니온,2950.0,13380.0,13380.0,39471000.0,39471000.0,KOSPI,0.51
473590,ACE 미국주식베스트셀러,19470.0,10352.0,10352.0,201553440.0,201553440.0,KOSPI,3.29
004540,깨끗한나라,1227.0,59485.0,59485.0,72988095.0,72988095.0,KOSPI,-1.21
357250,미래에셋맵스리츠,1825.0,25510.0,25510.0,46555750.0,46555750.0,KOSPI,0.5
520056,미래에셋 레버리지 코스닥150 선물 ETN,22805.0,2634.0,2634.0,60068370.0,60068370.0,KOSPI,1.02
200030,KODEX 미국S&P500산업재(합성),40380.0,1542.0,1542.0,62265960.0,62265960.0,KOSPI,0.31
442090,에셋플러스 코리아대장장이액티브,30205.0,143.0,143.0,4319315.0,4319315.0,KOSPI,1.41
35320K,대덕전자1우,21600.0,2365.0,2365.0,51084000.0,51084000.0,KOSPI,0.93
008420,문배철강,2195.0,25405.0,25405.0,55763975.0,55763975.0,KOSPI,0.69
429760,PLUS 미국S&P500,19560.0,962523.0,962523.0,18826949880.0,18826949880.0,KOSPI,0.8
0132H0,KODEX 미국원자력SMR,7690.0,39665.0,39665.0,305023850.0,305023850.0,KOSPI,3.29
371470,TIGER 차이나바이오테크SOLACTIVE,8515.0,15311.0,15311.0,130373165.0,130373165.0,KOSPI,1.25
0197W0,SOL SK하이닉스단일종목레버리지,9865.0,180952.0,180952.0,1785091480.0,1785091480.0,KOSPI,12.36
003080,SB성보,2240.0,41717.0,41717.0,93446080.0,93446080.0,KOSPI,0.0
084870,TBH글로벌,2190.0,98168.0,98168.0,214987920.0,214987920.0,KOSPI,0.46
475270,ACE 5월만기자동연장회사채AA-이상액티브,10745.0,2.0,2.0,21490.0,21490.0,KOSPI,0.0
014910,성문전자,2045.0,273161.0,273161.0,558614245.0,558614245.0,KOSPI,0.25
375770,KODEX 탄소효율그린뉴딜,24810.0,539.0,539.0,13372590.0,13372590.0,KOSPI,2.48
196030,ACE 일본TOPIX레버리지(H),89110.0,329.0,329.0,29317190.0,29317190.0,KOSPI,-0.52
276990,KODEX 글로벌로봇(합성),25060.0,1409.0,1409.0,35309540.0,35309540.0,KOSPI,1.62
004060,SG세계물산,2190.0,49867.0,49867.0,109208730.0,109208730.0,KOSPI,2.58
0207G0,SOL 우주항공밸류체인,7450.0,533580.0,533580.0,3975171000.0,3975171000.0,KOSPI,1.22
520078,미래에셋 미국 제약 TOP3 ETN,14765.0,13.0,13.0,191945.0,191945.0,KOSPI,1.13
004910,조광페인트,3450.0,9162.0,9162.0,31608900.0,31608900.0,KOSPI,0.15
520099,미래에셋 인버스 2X 반도체 ETN,3390.0,2620020.0,2620020.0,8881867800.0,8881867800.0,KOSPI,-5.17
440650,ACE 미국달러단기채권액티브,11595.0,49852.0,49852.0,578033940.0,578033940.0,KOSPI,0.04
610078,메리츠 3X 레버리지 미국채30년 ETN,36670.0,2775.0,2775.0,101759250.0,101759250.0,KOSPI,2.7
026940,부국철강,2200.0,149448.0,149448.0,328785600.0,328785600.0,KOSPI,0.46
002870,신풍,1258.0,493827.0,493827.0,621234366.0,621234366.0,KOSPI,7.71
472830,RISE 미국30년국채커버드콜(합성),7885.0,24065.0,24065.0,189752525.0,189752525.0,KOSPI,0.96
520091,미래에셋 인버스 천연가스 선물 ETN B,10890.0,1127.0,1127.0,12273030.0,12273030.0,KOSPI,0.74
017180,명문제약,1276.0,98283.0,98283.0,125409108.0,125409108.0,KOSPI,0.0
023350,한국종합기술,3955.0,7073.0,7073.0,27973715.0,27973715.0,KOSPI,-1.25
520074,미래에셋 미국 방위산업 TOP3 ETN,14425.0,2.0,2.0,28850.0,28850.0,KOSPI,-1.06
0186S0,1Q 코스닥150채권혼합50액티브,8320.0,169495.0,169495.0,1410198400.0,1410198400.0,KOSPI,0.54
0089C0,KODEX 미국S&P500변동성확대시커버드콜,11385.0,418.0,418.0,4758930.0,4758930.0,KOSPI,0.8
0189B0,TIGER 은액티브,8350.0,94269.0,94269.0,787146150.0,787146150.0,KOSPI,4.44
570118,한투 인버스2X천연가스선물 ETN B,10730.0,949.0,949.0,10182770.0,10182770.0,KOSPI,1.66
000215,DL우,25400.0,1528.0,1528.0,38811200.0,38811200.0,KOSPI,0.0
446070,유니드비티플러스,4035.0,99796.0,99796.0,402676860.0,402676860.0,KOSPI,3.59
481850,신한글로벌액티브리츠,984.0,29603.0,29603.0,29129352.0,29129352.0,KOSPI,0.61
238720,ACE 일본Nikkei225(H),47370.0,989.0,989.0,46848930.0,46848930.0,KOSPI,1.73
009835,한화솔루션우,16710.0,6196.0,6196.0,103535160.0,103535160.0,KOSPI,-0.59
487130,KoAct AI인프라액티브,29315.0,5700.0,5700.0,167095500.0,167095500.0,KOSPI,2.09
700027,하나 반도체 ETN,42070.0,2391.0,2391.0,100589370.0,100589370.0,KOSPI,1.91
610038,메리츠 레버리지 미국채30년 ETN(H),4165.0,5060.0,5060.0,21074900.0,21074900.0,KOSPI,1.71
011330,유니켐,4150.0,49032.0,49032.0,203482800.0,203482800.0,KOSPI,-0.36
520073,미래에셋 레버리지 미국 AI TOP3 ETN,41330.0,14.0,14.0,578620.0,578620.0,KOSPI,3.53
0112X0,마이티 200TR,41290.0,3382.0,3382.0,139642780.0,139642780.0,KOSPI,3.13
494840,TIGER 미국방산TOP10,12300.0,22206.0,22206.0,273133800.0,273133800.0,KOSPI,-0.97
139320,TIGER 금은선물(H),18305.0,11959.0,11959.0,218909495.0,218909495.0,KOSPI,2.15
100910,KIWOOM KRX100,17125.0,417.0,417.0,7141125.0,7141125.0,KOSPI,2.0
550041,N2 미국 IT TOP5 ETN(H),58685.0,60.0,60.0,3521100.0,3521100.0,KOSPI,1.16
008870,금비,40850.0,689.0,689.0,28145650.0,28145650.0,KOSPI,-0.24
472840,IBK 200,108755.0,273.0,273.0,29690115.0,29690115.0,KOSPI,2.97
009810,MDS스피어,1995.0,3483.0,3483.0,6948585.0,6948585.0,KOSPI,5.06
0192L0,RISE SK하이닉스단일종목레버리지,10145.0,80478.0,80478.0,816449310.0,816449310.0,KOSPI,12.1
428510,KODEX 차이나AI테크액티브,23835.0,12674.0,12674.0,302084790.0,302084790.0,KOSPI,3.7
448570,FOCUS AI코리아액티브,30005.0,313.0,313.0,9391565.0,9391565.0,KOSPI,1.63
500095,신한 S&P500 VIX S/T 선물 ETN E,6750.0,418.0,418.0,2821500.0,2821500.0,KOSPI,-3.23
401170,RISE 메타버스,10380.0,6251.0,6251.0,64885380.0,64885380.0,KOSPI,1.02
027740,마니커,1274.0,305746.0,305746.0,389520404.0,389520404.0,KOSPI,-6.67
183700,RISE 200채권혼합50,96255.0,3159.0,3159.0,304069545.0,304069545.0,KOSPI,1.03
011300,우성머티리얼스,2335.0,51162.0,51162.0,119463270.0,119463270.0,KOSPI,1.08
570103,한투 인버스2X나스닥100 ETN B,4025.0,1238.0,1238.0,4982950.0,4982950.0,KOSPI,-3.48
322410,HANARO K고배당,22890.0,1468.0,1468.0,33602520.0,33602520.0,KOSPI,-0.46
0007G0,PLUS 글로벌원자력밸류체인,13125.0,4276.0,4276.0,56122500.0,56122500.0,KOSPI,2.06
023960,에쓰씨엔지니어링,1051.0,44785.0,44785.0,47069035.0,47069035.0,KOSPI,0.67
610101,메리츠 인버스 2X 은 선물 ETN(H),39860.0,6869.0,6869.0,273798340.0,273798340.0,KOSPI,-8.63
476260,HANARO 반도체핵심공정주도주,12705.0,159952.0,159952.0,2032190160.0,2032190160.0,KOSPI,1.68
520082,미래에셋 미국 자율주행대표기업 ETN,13115.0,103.0,103.0,1350845.0,1350845.0,KOSPI,1.98
570119,한투 인버스2X은선물 ETN,39295.0,25.0,25.0,982375.0,982375.0,KOSPI,-9.07
530143,삼성 인버스 2X 은 선물 ETN,39055.0,356.0,356.0,13903580.0,13903580.0,KOSPI,-8.44
139280,TIGER 경기방어,12165.0,1913.0,1913.0,23271645.0,23271645.0,KOSPI,-0.45
491830,TIGER 미국AI반도체팹리스,22245.0,56742.0,56742.0,1262225790.0,1262225790.0,KOSPI,4.41
580081,KB 인버스 2X 은 선물 ETN,38845.0,135.0,135.0,5244075.0,5244075.0,KOSPI,-9.44
0194M0,ACE 삼성전자단일종목레버리지,10715.0,34926.0,34926.0,374232090.0,374232090.0,KOSPI,6.56
275280,KODEX 모멘텀주,43095.0,6605.0,6605.0,284642475.0,284642475.0,KOSPI,3.79
047400,유니온머티리얼,914.0,30717.0,30717.0,28075338.0,28075338.0,KOSPI,0.33
011420,갤럭시아에스엠,1392.0,18386.0,18386.0,25593312.0,25593312.0,KOSPI,0.58
570117,한투 인버스2XWTI원유선물 ETN B,1743.0,240351.0,240351.0,418931793.0,418931793.0,KOSPI,1.34
133820,화인베스틸,1030.0,80814.0,80814.0,83238420.0,83238420.0,KOSPI,2.69
134790,시디즈,19100.0,84.0,84.0,1604400.0,1604400.0,KOSPI,0.53
049800,우진플라임,1898.0,4669.0,4669.0,8861762.0,8861762.0,KOSPI,5.44
0100K0,KODEX 방산TOP10레버리지,6415.0,359750.0,359750.0,2307796250.0,2307796250.0,KOSPI,3.3
145270,케이탑리츠,783.0,10402.0,10402.0,8144766.0,8144766.0,KOSPI,0.13
449690,TIGER 한중반도체(합성),50070.0,261.0,261.0,13068270.0,13068270.0,KOSPI,3.92
000890,보해양조,1353.0,179699.0,179699.0,243132747.0,243132747.0,KOSPI,1.73
352540,KODEX 일본부동산리츠(H),10975.0,34671.0,34671.0,380514225.0,380514225.0,KOSPI,-0.5
012280,영화금속,3745.0,9425.0,9425.0,35296625.0,35296625.0,KOSPI,2.6
195930,TIGER 유로스탁스50(합성 H),23050.0,4984.0,4984.0,114881200.0,114881200.0,KOSPI,0.15
005820,원림,16000.0,660.0,660.0,10560000.0,10560000.0,KOSPI,10.57
580077,KB 인버스 2X 미국 나스닥 100 TR ETN B,12225.0,1884.0,1884.0,23031900.0,23031900.0,KOSPI,-2.94
464470,PLUS 미국채30년액티브,47700.0,7351.0,7351.0,350642700.0,350642700.0,KOSPI,0.88
570082,한투 인버스2X코스닥150선물 ETN,1822.0,28265.0,28265.0,51498830.0,51498830.0,KOSPI,-0.82
147970,TIGER 모멘텀,79075.0,3963.0,3963.0,313374225.0,313374225.0,KOSPI,-0.08
0222D0,KoAct 고배당액티브,10355.0,282136.0,282136.0,2921518280.0,2921518280.0,KOSPI,-0.86
500094,신한 블룸버그 인버스2X WTI원유선물 ETN B,1723.0,418140.0,418140.0,720455220.0,720455220.0,KOSPI,1.0
452250,ACE 미국30년국채선물레버리지(합성 H),4665.0,4479.0,4479.0,20894535.0,20894535.0,KOSPI,1.97
365000,TIGER 인터넷TOP10,3560.0,46676.0,46676.0,166166560.0,166166560.0,KOSPI,2.45
276970,KODEX 미국S&P500배당귀족커버드콜(합성 H),7625.0,5949.0,5949.0,45361125.0,45361125.0,KOSPI,0.46
570102,한투 레버리지나스닥100 ETN B,17830.0,380.0,380.0,6775400.0,6775400.0,KOSPI,1.97
000760,이화산업,12730.0,911.0,911.0,11597030.0,11597030.0,KOSPI,-0.78
400970,TIGER Fn메타버스,7115.0,1829.0,1829.0,13013335.0,13013335.0,KOSPI,-0.14
450910,SOL 코스닥150,13560.0,1997.0,1997.0,27079320.0,27079320.0,KOSPI,0.37
010640,진양폴리,2125.0,107673.0,107673.0,228805125.0,228805125.0,KOSPI,-2.97
474800,KIWOOM 미국원유에너지기업,16095.0,41494.0,41494.0,667845930.0,667845930.0,KOSPI,-0.06
051630,진양화학,1668.0,3876234.0,3876234.0,6465558312.0,6465558312.0,KOSPI,-6.03
760005,키움 INDXX 미국테크탑10 ETN,35285.0,102.0,102.0,3599070.0,3599070.0,KOSPI,0.99
520077,미래에셋 -1.5X 천연가스 선물 ETN,14100.0,46.0,46.0,648600.0,648600.0,KOSPI,1.11
520079,미래에셋 레버리지 미국 제약 TOP3 ETN,35095.0,67.0,67.0,2351365.0,2351365.0,KOSPI,1.55
276650,RISE 글로벌테크놀로지(합성 H),46750.0,230.0,230.0,10752500.0,10752500.0,KOSPI,1.64
570029,한투 코스피양매도3%OTM ETN,7005.0,1.0,1.0,7005.0,7005.0,KOSPI,0.72
104530,KIWOOM 코리아고배당,17045.0,9144.0,9144.0,155859480.0,155859480.0,KOSPI,-1.27
0154F0,WON 초대형IB&금융지주,12215.0,14257.0,14257.0,174149255.0,174149255.0,KOSPI,-0.89
0023B0,PLUS 미국양자컴퓨팅TOP10,16570.0,26292.0,26292.0,435658440.0,435658440.0,KOSPI,5.34
407830,에셋플러스 글로벌플랫폼액티브,14495.0,711.0,711.0,10305945.0,10305945.0,KOSPI,2.58
009140,케이아이이,22100.0,499.0,499.0,11027900.0,11027900.0,KOSPI,0.91
469050,RISE 미국반도체NYSE(H),31545.0,49355.0,49355.0,1556903475.0,1556903475.0,KOSPI,3.7
0085N0,ACE 미국10년국채액티브(H),9630.0,39170.0,39170.0,377207100.0,377207100.0,KOSPI,0.21
0234N0,KIWOOM 삼성SK그룹TOP4+,10185.0,551703.0,551703.0,5619095055.0,5619095055.0,KOSPI,3.82
241390,RISE V&S셀렉트밸류채권혼합,15665.0,1630.0,1630.0,25533950.0,25533950.0,KOSPI,1.1
760024,키움 인버스 2X K방산 TOP5 ETN,7650.0,4975.0,4975.0,38058750.0,38058750.0,KOSPI,-1.16
004365,세방우,9300.0,11.0,11.0,102300.0,102300.0,KOSPI,0.32
491090,KODEX 미국테크TOP3플러스,18510.0,74645.0,74645.0,1381678950.0,1381678950.0,KOSPI,2.49
0184E0,1Q 200채권혼합50액티브,11045.0,114160.0,114160.0,1260897200.0,1260897200.0,KOSPI,1.52
006370,대구백화점,3155.0,88430.0,88430.0,278996650.0,278996650.0,KOSPI,-0.47
012160,영흥,2180.0,32433.0,32433.0,70703940.0,70703940.0,KOSPI,4.06
530117,삼성 코스피 200 TR ETN,33885.0,4910.0,4910.0,166375350.0,166375350.0,KOSPI,2.88
500085,신한 코스피 200 TR ETN,33840.0,42.0,42.0,1421280.0,1421280.0,KOSPI,2.83
0089B0,PLUS 미국나스닥100미국채혼합50,11260.0,5568.0,5568.0,62695680.0,62695680.0,KOSPI,0.9
610007,메리츠 국채30년 ETN,6750.0,269.0,269.0,1815750.0,1815750.0,KOSPI,-0.07
385520,KODEX 자율주행액티브,15655.0,2206.0,2206.0,34534930.0,34534930.0,KOSPI,2.35
008250,이건산업,3070.0,37002.0,37002.0,113596140.0,113596140.0,KOSPI,-3.0
449780,KIWOOM 미국S&P500(H),18630.0,4298.0,4298.0,80071740.0,80071740.0,KOSPI,0.87
261250,KODEX 미국달러선물레버리지,15965.0,109653.0,109653.0,1750610145.0,1750610145.0,KOSPI,0.03
013000,세우글로벌,1166.0,23753.0,23753.0,27695998.0,27695998.0,KOSPI,-0.09
099140,KODEX 차이나H,20865.0,9814.0,9814.0,204769110.0,204769110.0,KOSPI,1.16
0083S0,1Q 미국메디컬AI,11890.0,118267.0,118267.0,1406194630.0,1406194630.0,KOSPI,7.85
090370,메타랩스,1219.0,56340.0,56340.0,68678460.0,68678460.0,KOSPI,2.01
500040,신한 레버리지 구리 선물 ETN,33040.0,191.0,191.0,6310640.0,6310640.0,KOSPI,2.69
138910,KODEX 구리선물(H),9995.0,25479.0,25479.0,254662605.0,254662605.0,KOSPI,1.37
580069,KB S&P 인버스 2X WTI원유 선물 ETN B,1781.0,131316.0,131316.0,233873796.0,233873796.0,KOSPI,1.02
475070,KoAct 글로벌친환경전력인프라액티브,29945.0,2176.0,2176.0,65160320.0,65160320.0,KOSPI,2.27
0138T0,RISE 미국S&P500데일리고정커버드콜,9395.0,23300.0,23300.0,218903500.0,218903500.0,KOSPI,0.37
498860,RISE 코리아금융고배당,16405.0,13169.0,13169.0,216037445.0,216037445.0,KOSPI,-0.94
459560,KODEX 테슬라밸류체인FactSet,21870.0,663.0,663.0,14499810.0,14499810.0,KOSPI,1.44
570127,한투 인버스2X코스피200선물 ETN,32780.0,1224.0,1224.0,40122720.0,40122720.0,KOSPI,-5.25
380340,ACE 코리아AI테크핵심산업,27285.0,3319.0,3319.0,90558915.0,90558915.0,KOSPI,3.41
002880,디와이에이,3500.0,15856.0,15856.0,55496000.0,55496000.0,KOSPI,2.64
105780,RISE 5대그룹주,16310.0,2901.0,2901.0,47315310.0,47315310.0,KOSPI,1.3
570069,한투 레버리지플래티넘선물 ETN,32560.0,577.0,577.0,18787120.0,18787120.0,KOSPI,1.75
465350,RISE 2차전지TOP10인버스(합성),16235.0,29775.0,29775.0,483397125.0,483397125.0,KOSPI,0.12
117460,KODEX 에너지화학,13640.0,38259.0,38259.0,521852760.0,521852760.0,KOSPI,-0.94
122260,KIWOOM 통안채1년,104240.0,11505.0,11505.0,1199281200.0,1199281200.0,KOSPI,0.02
174360,RISE 중국본토대형주CSI100,22885.0,967.0,967.0,22129795.0,22129795.0,KOSPI,1.44
0204S0,TIGER 코스닥액티브,7090.0,156604.0,156604.0,1110322360.0,1110322360.0,KOSPI,0.71
322400,HANARO e커머스,9600.0,7428.0,7428.0,71308800.0,71308800.0,KOSPI,-1.39
009460,한창제지,2565.0,7851.0,7851.0,20137815.0,20137815.0,KOSPI,-2.29
530118,삼성 코스닥 150 TR ETN,10530.0,9591.0,9591.0,100993230.0,100993230.0,KOSPI,0.1
117680,KODEX 철강,12835.0,32824.0,32824.0,421296040.0,421296040.0,KOSPI,1.02
352560,KODEX 미국부동산리츠(H),11855.0,31238.0,31238.0,370326490.0,370326490.0,KOSPI,-0.04
139270,TIGER 200 금융,17055.0,22676.0,22676.0,386739180.0,386739180.0,KOSPI,-1.47
010400,우진아이엔에스,4105.0,7871.0,7871.0,32310455.0,32310455.0,KOSPI,2.11
0218J0,RISE 미국우주&로봇TOP2미국채혼합50,9335.0,118335.0,118335.0,1104657225.0,1104657225.0,KOSPI,1.08
275290,KODEX 가치주,34735.0,5497.0,5497.0,190938295.0,190938295.0,KOSPI,2.46
395290,HANARO Fn K-POP&미디어,4920.0,54102.0,54102.0,266181840.0,266181840.0,KOSPI,-0.81
001070,대한방직,5890.0,1878.0,1878.0,11061420.0,11061420.0,KOSPI,-0.67
0150K0,KoAct 수소전력ESS인프라액티브,11145.0,36358.0,36358.0,405209910.0,405209910.0,KOSPI,2.2
156080,KODEX MSCI Korea,52005.0,6715.0,6715.0,349213575.0,349213575.0,KOSPI,2.87
256440,ACE MSCI인도네시아(합성),5115.0,36127.0,36127.0,184789605.0,184789605.0,KOSPI,-1.54
245350,TIGER 유로스탁스배당30,19495.0,1042.0,1042.0,20313790.0,20313790.0,KOSPI,-0.1
025750,한솔홈데코,1932.0,10722.0,10722.0,20714904.0,20714904.0,KOSPI,1.63
014130,한익스프레스,2630.0,9423.0,9423.0,24782490.0,24782490.0,KOSPI,0.19
465660,TIGER 일본반도체FACTSET,23895.0,5529.0,5529.0,132115455.0,132115455.0,KOSPI,3.82
530148,삼성 인버스 2X 코스피200 선물 ETN B,31045.0,740.0,740.0,22973300.0,22973300.0,KOSPI,-4.3
459750,RISE 글로벌주식분산액티브,17735.0,2005.0,2005.0,35558675.0,35558675.0,KOSPI,1.05
520096,미래에셋 인버스 2X WTI원유 선물 ETN,12400.0,979800.0,979800.0,12149520000.0,12149520000.0,KOSPI,1.22
476690,TIGER 글로벌비만치료제TOP2Plus,10305.0,14955.0,14955.0,154111275.0,154111275.0,KOSPI,1.23
261140,TIGER 우선주,24060.0,5078.0,5078.0,122176680.0,122176680.0,KOSPI,0.77
415920,PLUS 글로벌희토류&전략자원생산기업,6550.0,42823.0,42823.0,280490650.0,280490650.0,KOSPI,1.71
426150,WON 대한민국국고채액티브,51035.0,38.0,38.0,1939330.0,1939330.0,KOSPI,0.45
024070,WISCOM,2000.0,44716.0,44716.0,89432000.0,89432000.0,KOSPI,0.35
036420,콘텐트리중앙,1587.0,22764.0,22764.0,36126468.0,36126468.0,KOSPI,0.0
227540,TIGER 200 헬스케어,18410.0,22632.0,22632.0,416655120.0,416655120.0,KOSPI,-1.13
069640,한세엠케이,1399.0,14398.0,14398.0,20142802.0,20142802.0,KOSPI,0.36
395170,KODEX Top10동일가중,15190.0,44947.0,44947.0,682744930.0,682744930.0,KOSPI,1.81
248270,TIGER S&P글로벌헬스케어(합성),26180.0,2234.0,2234.0,58486120.0,58486120.0,KOSPI,0.5
003535,한화투자증권우,6320.0,7322.0,7322.0,46275040.0,46275040.0,KOSPI,0.0
468630,KODEX iShares미국투자등급회사채액티브,10785.0,17362.0,17362.0,187249170.0,187249170.0,KOSPI,0.51
006740,블루산업개발,5090.0,3292.0,3292.0,16756280.0,16756280.0,KOSPI,1.39
153270,KIWOOM 코스피100,83950.0,2597.0,2597.0,218018150.0,218018150.0,KOSPI,2.2
494410,PLUS 미국S&P500성장주,14375.0,178129.0,178129.0,2560604375.0,2560604375.0,KOSPI,1.48
088790,진도,2420.0,122358.0,122358.0,296106360.0,296106360.0,KOSPI,4.54
0155N0,HANARO K휴머노이드테마TOP10,7715.0,45275.0,45275.0,349296625.0,349296625.0,KOSPI,1.05
496770,PLUS 글로벌방산,16700.0,8014.0,8014.0,133833800.0,133833800.0,KOSPI,-0.3
570072,한투 레버리지구리선물 ETN,30025.0,6.0,6.0,180150.0,180150.0,KOSPI,5.78
450190,KODEX 한중반도체(합성),50010.0,1222.0,1222.0,61112220.0,61112220.0,KOSPI,2.75
217770,TIGER 원유선물인버스(H),1068.0,708118.0,708118.0,756270024.0,756270024.0,KOSPI,0.56
469790,KIWOOM 코리아테크TOP10,42755.0,1932.0,1932.0,82602660.0,82602660.0,KOSPI,3.2
446690,KODEX 아시아AI반도체exChina액티브,59690.0,1419.0,1419.0,84700110.0,84700110.0,KOSPI,3.94
266360,KODEX K콘텐츠,9325.0,18783.0,18783.0,175151475.0,175151475.0,KOSPI,-0.16
500035,신한 레버리지 미국달러 선물 ETN,14915.0,203.0,203.0,3027745.0,3027745.0,KOSPI,-0.3
033250,체시스,4650.0,28201.0,28201.0,131134650.0,131134650.0,KOSPI,-0.43
0155M0,ACE 미국SMR원자력TOP10,6595.0,103242.0,103242.0,680880990.0,680880990.0,KOSPI,5.27
459790,KIWOOM 미국성장기업30액티브,20435.0,224.0,224.0,4577440.0,4577440.0,KOSPI,1.87
003680,한성기업,4770.0,40003.0,40003.0,190814310.0,190814310.0,KOSPI,1.71
520065,미래에셋 -2X 미국채울트라30년 선물 ETN,14800.0,16.0,16.0,236800.0,236800.0,KOSPI,-1.56
308170,씨티알모빌리티,3435.0,2750.0,2750.0,9446250.0,9446250.0,KOSPI,-1.58
500102,신한 블룸버그 2X 천연가스 선물 ETN B,14775.0,8607.0,8607.0,127168425.0,127168425.0,KOSPI,-1.34
387270,TIGER 글로벌이노베이션액티브,25455.0,1134.0,1134.0,28865970.0,28865970.0,KOSPI,2.56
002690,동일제강,1454.0,25043.0,25043.0,36412522.0,36412522.0,KOSPI,0.69
192720,파워 고배당저변동성,57865.0,1117.0,1117.0,64635205.0,64635205.0,KOSPI,-0.97
610075,메리츠 3X 레버리지 미국채10년 ETN,48995.0,212.0,212.0,10386940.0,10386940.0,KOSPI,1.21
415340,KODEX 차이나과창판STAR50(합성),14200.0,55868.0,55868.0,793325600.0,793325600.0,KOSPI,1.97
500023,신한 콩 선물 ETN(H),14695.0,1.0,1.0,14695.0,14695.0,KOSPI,-0.78
118000,메타케어,1330.0,11366.0,11366.0,15116780.0,15116780.0,KOSPI,3.34
006570,대림통상,1926.0,11738.0,11738.0,22607388.0,22607388.0,KOSPI,-0.82
145850,TREX 펀더멘탈 200,117290.0,6.0,6.0,703740.0,703740.0,KOSPI,0.44
494340,ACE 글로벌AI맞춤형반도체,19540.0,14296.0,14296.0,279343840.0,279343840.0,KOSPI,5.48
025890,한국주강,2625.0,66370.0,66370.0,174221250.0,174221250.0,KOSPI,0.0
0192T0,SOL 코스닥TOP10,6810.0,274327.0,274327.0,1868166870.0,1868166870.0,KOSPI,0.22
253250,KIWOOM 200선물레버리지,99550.0,1418.0,1418.0,141161900.0,141161900.0,KOSPI,5.77
0203S0,WON 삼성전자현대차채권혼합50,8490.0,26054.0,26054.0,221198460.0,221198460.0,KOSPI,0.65
007120,미래아이앤지,1056.0,16173.0,16173.0,17078688.0,17078688.0,KOSPI,-1.22
489290,WON 미국빌리어네어,15070.0,14227.0,14227.0,214400890.0,214400890.0,KOSPI,1.11
0107F0,KIWOOM 미국고배당&AI테크,11220.0,3617.0,3617.0,40582740.0,40582740.0,KOSPI,0.99
261060,TIGER 코스닥150IT,24985.0,15049.0,15049.0,375999265.0,375999265.0,KOSPI,1.48
0013R0,RISE 테슬라미국채타겟커버드콜혼합(합성),7890.0,12510.0,12510.0,98703900.0,98703900.0,KOSPI,1.74
476070,KODEX 글로벌비만치료제TOP2 Plus,10705.0,7733.0,7733.0,82781765.0,82781765.0,KOSPI,1.81
0166N0,PLUS 코스닥150액티브,8100.0,18912.0,18912.0,153187200.0,153187200.0,KOSPI,1.95
520090,미래에셋 천연가스 선물 ETN B,7085.0,14746.0,14746.0,104475410.0,104475410.0,KOSPI,-0.77
0192M0,RISE 삼성전자단일종목레버리지,10890.0,63991.0,63991.0,696861990.0,696861990.0,KOSPI,7.08
357430,마스턴프리미어리츠,911.0,9405.0,9405.0,8567955.0,8567955.0,KOSPI,-1.41
271060,KODEX 3대농산물선물(H),8990.0,26992.0,26992.0,242658080.0,242658080.0,KOSPI,-1.48
464920,PLUS 일본반도체소부장,23105.0,13044.0,13044.0,301381620.0,301381620.0,KOSPI,3.7
0224X0,1Q 엔비디아알파벳미국채혼합50,9895.0,91876.0,91876.0,909113020.0,909113020.0,KOSPI,1.49
570047,한투 FTSE100 ETN,27635.0,1.0,1.0,27635.0,27635.0,KOSPI,0.89
223190,KODEX 200가치저변동,27550.0,1057.0,1057.0,29120350.0,29120350.0,KOSPI,0.55
019175,신풍제약우,13800.0,2489.0,2489.0,34348200.0,34348200.0,KOSPI,-2.68
0223R0,TIGER 미국테크NYSE100액티브,9440.0,23405.0,23405.0,220943200.0,220943200.0,KOSPI,3.0
289480,TIGER 200커버드콜,13000.0,22260.0,22260.0,289380000.0,289380000.0,KOSPI,2.0
006490,프리티,1535.0,1061637.0,1061637.0,1629612795.0,1629612795.0,KOSPI,-29.91
0049K0,ACE 미국배당퀄리티채권혼합50,11095.0,9229.0,9229.0,102395755.0,102395755.0,KOSPI,0.63
520083,미래에셋 2X 미국 자율주행대표기업 ETN,27145.0,5.0,5.0,135725.0,135725.0,KOSPI,3.63
139250,TIGER 200 에너지화학,17390.0,152980.0,152980.0,2660322200.0,2660322200.0,KOSPI,-0.71
001380,SG글로벌,1200.0,29153.0,29153.0,34983600.0,34983600.0,KOSPI,0.84
0164G0,RISE 차이나AI반도체TOP4Plus,12805.0,53929.0,53929.0,690560845.0,690560845.0,KOSPI,2.4
0137W0,KIWOOM 미국S&P500&GOLD,10340.0,5888.0,5888.0,60881920.0,60881920.0,KOSPI,0.83
475380,RISE 글로벌리얼티인컴,10125.0,5673.0,5673.0,57439125.0,57439125.0,KOSPI,0.7
006345,대원전선우,10200.0,237300.0,237300.0,2420460000.0,2420460000.0,KOSPI,5.15
760026,키움 레버리지 전력 TOP5 ETN,17820.0,132055.0,132055.0,2353220100.0,2353220100.0,KOSPI,7.87
437350,RISE 미국단기투자등급회사채액티브,12135.0,53753.0,53753.0,652292655.0,652292655.0,KOSPI,0.21
003060,에이프로젠바이오로직스,1639.0,49969.0,49969.0,81899191.0,81899191.0,KOSPI,0.18
440340,TIGER 글로벌멀티에셋TIF액티브,11845.0,7045.0,7045.0,83448025.0,83448025.0,KOSPI,0.25
071950,코아스,1826.0,30396.0,30396.0,55503096.0,55503096.0,KOSPI,-0.27
0198D0,1Q SK하이닉스선물단일종목레버리지,10410.0,114640.0,114640.0,1193402400.0,1193402400.0,KOSPI,12.06
493420,SOL 미국배당다우존스2호,12535.0,1815.0,1815.0,22751025.0,22751025.0,KOSPI,-0.08
760004,키움 인버스 미국달러선물 ETN,9710.0,1.0,1.0,9710.0,9710.0,KOSPI,-0.36
167860,KIWOOM 국고채10년레버리지,90370.0,3.0,3.0,271110.0,271110.0,KOSPI,0.73
277540,ACE 아시아TOP50,32545.0,459.0,459.0,14938155.0,14938155.0,KOSPI,2.05
023150,MH에탄올,4195.0,2106.0,2106.0,8834670.0,8834670.0,KOSPI,2.82
252710,TIGER 200선물인버스2X,80.0,53743291.0,53743291.0,4299463280.0,4299463280.0,KOSPI,-5.88
002355,넥센타이어1우B,3980.0,1091.0,1091.0,4342180.0,4342180.0,KOSPI,1.02
0209Z0,ACE 코리아AI전력TOP10,7360.0,130811.0,130811.0,962768960.0,962768960.0,KOSPI,2.51
610028,메리츠 레버리지 구리 선물 ETN(H),25725.0,3911.0,3911.0,100610475.0,100610475.0,KOSPI,5.43
610069,메리츠 KAP 레버리지 일본 엔화 ETN,17130.0,61988.0,61988.0,1061854440.0,1061854440.0,KOSPI,-1.89
483570,KCGI 미국S&P500 TOP10,16055.0,1251.0,1251.0,20084805.0,20084805.0,KOSPI,1.68
0115C0,RISE 미국고배당다우존스TOP10,10890.0,6803.0,6803.0,74084670.0,74084670.0,KOSPI,-0.09
0047R0,RISE 팔란티어고정테크100,15440.0,7145.0,7145.0,110318800.0,110318800.0,KOSPI,2.39
550069,N2 레버리지 구리 선물 ETN(H),25460.0,3.0,3.0,76380.0,76380.0,KOSPI,5.4
530063,삼성 레버리지 구리 선물 ETN(H),25435.0,2750.0,2750.0,69946250.0,69946250.0,KOSPI,2.6
261120,TIGER 미국달러선물인버스2X,5295.0,3212.0,3212.0,17007540.0,17007540.0,KOSPI,0.28
33637K,솔루스첨단소재1우,1497.0,4030.0,4030.0,6032910.0,6032910.0,KOSPI,1.29
245360,TIGER 차이나HSCEI,12040.0,4860.0,4860.0,58514400.0,58514400.0,KOSPI,0.58
580057,KB 일본 컨슈머 TOP 10 ETN,12635.0,1.0,1.0,12635.0,12635.0,KOSPI,-1.44
481340,RISE 미국30년국채액티브,8550.0,43539.0,43539.0,372258450.0,372258450.0,KOSPI,1.06
0152E0,SOL 배당성향탑픽액티브,10700.0,5414.0,5414.0,57929800.0,57929800.0,KOSPI,-0.14
496120,ACE 코리아밸류업,33475.0,546.0,546.0,18277350.0,18277350.0,KOSPI,2.14
414270,ACE 글로벌자율주행액티브,11650.0,2953.0,2953.0,34402450.0,34402450.0,KOSPI,2.73
610022,메리츠 미국채10년 ETN(H),8315.0,38.0,38.0,315970.0,315970.0,KOSPI,0.48
580048,KB 차이나 대형주 CSI 300 ETN,12470.0,1.0,1.0,12470.0,12470.0,KOSPI,0.04
185680,KODEX 미국S&P바이오(합성),46695.0,5013.0,5013.0,234082035.0,234082035.0,KOSPI,3.18
004270,남성,5410.0,3533.0,3533.0,19113530.0,19113530.0,KOSPI,1.12
292500,SOL KRX300,49220.0,39.0,39.0,1919580.0,1919580.0,KOSPI,1.62
530128,삼성 레버리지 미국다우존스 선물 ETN,24520.0,842.0,842.0,20645840.0,20645840.0,KOSPI,0.25
225130,ACE 골드선물 레버리지(합성 H),48825.0,1096.0,1096.0,53512200.0,53512200.0,KOSPI,5.48
159800,마이티 코스피100,87000.0,841.0,841.0,73167000.0,73167000.0,KOSPI,2.98
368190,HANARO Fn K-뉴딜디지털플러스,7610.0,322.0,322.0,2450420.0,2450420.0,KOSPI,-0.39
0097L0,KIWOOM 한국고배당&미국AI테크,12455.0,5245.0,5245.0,65326475.0,65326475.0,KOSPI,0.2
0103T0,1Q K소버린AI,8230.0,24720.0,24720.0,203445600.0,203445600.0,KOSPI,0.86
610001,메리츠 인플레이션 국채 ETN,12135.0,2.0,2.0,24270.0,24270.0,KOSPI,0.33
295020,RISE 국채선물10년인버스,61210.0,13.0,13.0,795730.0,795730.0,KOSPI,-0.3
479850,HANARO K-뷰티,17955.0,31895.0,31895.0,572674725.0,572674725.0,KOSPI,-0.03
003495,대한항공우,21750.0,622.0,622.0,13528500.0,13528500.0,KOSPI,0.46
292160,TIGER KRX300,48315.0,8251.0,8251.0,398647065.0,398647065.0,KOSPI,1.92
289250,TIGER MSCI KOREA ESG유니버설,35005.0,9819.0,9819.0,343714095.0,343714095.0,KOSPI,1.85
520047,미래에셋 인버스 2X 옥수수 선물 ETN,24115.0,634.0,634.0,15288910.0,15288910.0,KOSPI,2.03
570124,한투 인버스은선물 ETN,12030.0,2005.0,2005.0,24120150.0,24120150.0,KOSPI,-3.84
005360,모나미,1273.0,173419.0,173419.0,220762387.0,220762387.0,KOSPI,1.03
0177A0,WON 두산그룹포커스,9545.0,61101.0,61101.0,583209045.0,583209045.0,KOSPI,1.01
195970,PLUS 선진국MSCI(합성 H),16340.0,5021.0,5021.0,82043140.0,82043140.0,KOSPI,0.43
419430,KODEX 차이나2차전지MSCI(합성),8500.0,1839.0,1839.0,15631500.0,15631500.0,KOSPI,1.43
0093D0,KoAct 팔란티어밸류체인액티브,18255.0,18200.0,18200.0,332241000.0,332241000.0,KOSPI,3.14
500100,신한 금 선물 ETN,11845.0,350.0,350.0,4145750.0,4145750.0,KOSPI,2.42
520093,미래에셋 인버스 2X 은 선물 ETN B,1959.0,72071.0,72071.0,141187089.0,141187089.0,KOSPI,-8.67
138230,KIWOOM 미국달러선물,16210.0,4451.0,4451.0,72150710.0,72150710.0,KOSPI,-0.03
0206G0,1Q 현대차기아채권혼합50,7955.0,185162.0,185162.0,1472963710.0,1472963710.0,KOSPI,0.82
030720,동원수산,5040.0,46200.0,46200.0,232848000.0,232848000.0,KOSPI,-3.63
367740,HANARO Fn5G산업,42575.0,220.0,220.0,9366500.0,9366500.0,KOSPI,1.54
570115,한투 인버스0.5X S&P500 VIX S/T선물 ETN B,23380.0,1.0,1.0,23380.0,23380.0,KOSPI,1.83
33626L,두산퓨얼셀2우B,7810.0,793.0,793.0,6193330.0,6193330.0,KOSPI,-0.26
364690,KODEX 혁신기술테마액티브,38765.0,451.0,451.0,17483015.0,17483015.0,KOSPI,2.58
700017,하나 레버리지 코스닥150 선물 ETN,23220.0,406.0,406.0,9427320.0,9427320.0,KOSPI,1.29
570081,한투 레버리지코스닥150선물 ETN,22950.0,2054.0,2054.0,47139300.0,47139300.0,KOSPI,-0.65
610089,메리츠 인버스 2X WTI원유 선물 ETN(H),1906.0,1212782.0,1212782.0,2311562492.0,2311562492.0,KOSPI,1.01
001420,태원물산,3005.0,14943.0,14943.0,44903715.0,44903715.0,KOSPI,0.33
0047P0,RISE 테슬라고정테크100,14730.0,7200.0,7200.0,106056000.0,106056000.0,KOSPI,2.01
388280,RISE K엔터&여행레저,7000.0,11359.0,11359.0,79513000.0,79513000.0,KOSPI,-0.64
580070,KB 레버리지 2차전지 TOP 10 TR ETN,22790.0,465.0,465.0,10597350.0,10597350.0,KOSPI,-0.63
280930,KODEX 미국러셀2000(H),16240.0,4611.0,4611.0,74882640.0,74882640.0,KOSPI,-0.12
530106,삼성 레버리지 코스닥150 선물 ETN,22730.0,4833.0,4833.0,109854090.0,109854090.0,KOSPI,0.53
530138,삼성 KRX 레버리지 2차전지 TOP10 TR ETN,22715.0,1300.0,1300.0,29529500.0,29529500.0,KOSPI,0.29
442550,RISE TDF2030액티브 적격,14650.0,20069.0,20069.0,294010850.0,294010850.0,KOSPI,0.9
610103,메리츠 솔랙티브 레버리지 금 선물 ETN(H),22705.0,2.0,2.0,45410.0,45410.0,KOSPI,3.49
760028,키움 인버스 2X 반도체TOP10 ETN,2835.0,1901036.0,1901036.0,5389437060.0,5389437060.0,KOSPI,-8.25
530116,삼성 인버스 2X 나스닥 100 TR ETN,4535.0,73890.0,73890.0,335091150.0,335091150.0,KOSPI,-3.2
461450,KODEX 코스닥글로벌,15045.0,3945.0,3945.0,59352525.0,59352525.0,KOSPI,-0.2
300950,KODEX 게임산업,5350.0,35185.0,35185.0,188239750.0,188239750.0,KOSPI,0.85
465670,TIGER 미국캐시카우100,16585.0,6300.0,6300.0,104485500.0,104485500.0,KOSPI,-0.66
269420,KODEX S&P글로벌인프라(합성),21645.0,3391.0,3391.0,73398195.0,73398195.0,KOSPI,0.35
012170,아센디오,3055.0,15770.0,15770.0,48177350.0,48177350.0,KOSPI,3.91
411540,SOL 200 Top10,17110.0,807.0,807.0,13807770.0,13807770.0,KOSPI,1.63
580072,KB 화웨이 밸류체인 ETN,11115.0,48.0,48.0,533520.0,533520.0,KOSPI,0.95
375760,HANARO 탄소효율그린뉴딜,24575.0,81.0,81.0,1990575.0,1990575.0,KOSPI,3.39
376410,TIGER 탄소효율그린뉴딜,24485.0,171.0,171.0,4186935.0,4186935.0,KOSPI,2.23
461600,SOL 미국30년국채액티브(H),8295.0,4559.0,4559.0,37816905.0,37816905.0,KOSPI,0.73
0127R0,RISE 미국AI클라우드인프라,16280.0,13000.0,13000.0,211640000.0,211640000.0,KOSPI,-0.25
239660,PLUS 우량회사채50,121750.0,775.0,775.0,94356250.0,94356250.0,KOSPI,0.05
108590,TREX 200,108880.0,24.0,24.0,2613120.0,2613120.0,KOSPI,2.73
456680,TIGER 차이나전기차레버리지(합성),5335.0,16533.0,16533.0,88203555.0,88203555.0,KOSPI,2.69
371450,TIGER 글로벌클라우드컴퓨팅INDXX,13950.0,2754.0,2754.0,38418300.0,38418300.0,KOSPI,1.23
0026E0,KODEX 미국S&P500버퍼3월액티브,11760.0,16.0,16.0,188160.0,188160.0,KOSPI,0.56
530119,삼성 레버리지 항셍테크 TR ETN(H) B,21690.0,548.0,548.0,11886120.0,11886120.0,KOSPI,5.14
0186L0,KoAct 미국로봇피지컬AI액티브,9390.0,25179.0,25179.0,236430810.0,236430810.0,KOSPI,2.07
447660,PLUS 애플채권혼합,13930.0,18815.0,18815.0,262092950.0,262092950.0,KOSPI,0.36
000040,KR모터스,1097.0,17853.0,17853.0,19584741.0,19584741.0,KOSPI,-0.36
580067,KB 인도 디지털 Select 5 ETN,10780.0,3.0,3.0,32340.0,32340.0,KOSPI,0.79
433220,에셋플러스 글로벌대장장이액티브,29075.0,32.0,32.0,930400.0,930400.0,KOSPI,1.36
0065G0,KODEX 차이나테크TOP10,8400.0,7774.0,7774.0,65301600.0,65301600.0,KOSPI,1.69
580071,KB 인버스 2X 천연가스 선물 ETN B,10665.0,11666.0,11666.0,124417890.0,124417890.0,KOSPI,1.62
0153X0,PLUS 미국고배당주액티브,11200.0,8619.0,8619.0,96532800.0,96532800.0,KOSPI,0.09
008775,호텔신라우,28250.0,451.0,451.0,12740750.0,12740750.0,KOSPI,1.44
477730,KODEX 인도타타그룹,7170.0,1892.0,1892.0,13565640.0,13565640.0,KOSPI,-0.28
610087,메리츠 WTI원유 선물 ETN(H),21100.0,153.0,153.0,3228300.0,3228300.0,KOSPI,-1.31
204450,KODEX 차이나H레버리지(H),2195.0,14417.0,14417.0,31645315.0,31645315.0,KOSPI,2.33
530130,삼성 S&P500 VIX S/T 선물 ETN B,7015.0,36504.0,36504.0,256075560.0,256075560.0,KOSPI,-3.31
580073,KB 레버리지 화웨이 밸류체인 ETN,20995.0,4004.0,4004.0,84063980.0,84063980.0,KOSPI,2.94
550088,N2 월간 레버리지 선진국 1등주 ETN,20980.0,1.0,1.0,20980.0,20980.0,KOSPI,2.84
760012,키움 반도체TOP10 ETN,29915.0,13.0,13.0,388895.0,388895.0,KOSPI,3.78
471460,KIWOOM 국고채30년액티브,45300.0,969.0,969.0,43895700.0,43895700.0,KOSPI,0.23
337120,KODEX 멀티팩터,34670.0,12.0,12.0,416040.0,416040.0,KOSPI,2.97
520106,미래에셋 인버스 코스닥150 선물 ETN B,10390.0,2.0,2.0,20780.0,20780.0,KOSPI,-0.29
0192S0,SOL 코스피200채권혼합50,9445.0,192358.0,192358.0,1816821310.0,1816821310.0,KOSPI,1.18
091220,TIGER 은행,17305.0,46267.0,46267.0,800650435.0,800650435.0,KOSPI,-1.51
463300,RISE 중국본토CSI300,12975.0,602.0,602.0,7810950.0,7810950.0,KOSPI,0.66
416090,ACE 중국과창판STAR50,12975.0,25919.0,25919.0,336299025.0,336299025.0,KOSPI,2.98
580089,KB 솔랙티브 레버리지 금 선물 ETN,20730.0,5258.0,5258.0,108998340.0,108998340.0,KOSPI,4.86
0239Z0,PLUS AI반도체소부장액티브,10360.0,501747.0,501747.0,5198098920.0,5198098920.0,KOSPI,-0.05
226980,KODEX 200 중소형,22990.0,1803.0,1803.0,41450970.0,41450970.0,KOSPI,0.2
530132,삼성 블룸버그 WTI원유 선물 ETN B,20630.0,331.0,331.0,6828530.0,6828530.0,KOSPI,-0.77
438320,TIGER 차이나항셍테크레버리지(합성 H),4775.0,33422.0,33422.0,159590050.0,159590050.0,KOSPI,4.71
469160,ACE 일본반도체,24185.0,25810.0,25810.0,624214850.0,624214850.0,KOSPI,2.15
300640,RISE 게임테마,6315.0,1914.0,1914.0,12086910.0,12086910.0,KOSPI,0.0
0067V0,TIGER 차이나글로벌리더스TOP3+,9325.0,988.0,988.0,9213100.0,9213100.0,KOSPI,1.14
253290,RISE 헬스케어채권혼합,11390.0,9834.0,9834.0,112009260.0,112009260.0,KOSPI,-0.22
700012,하나 인버스 2X 옥수수 선물 ETN(H),20470.0,2.0,2.0,40940.0,40940.0,KOSPI,1.04
152380,KODEX 국채선물10년,64360.0,567.0,567.0,36492120.0,36492120.0,KOSPI,0.26
489000,PLUS 일본엔화초단기국채(합성),9300.0,189227.0,189227.0,1759811100.0,1759811100.0,KOSPI,-0.96
0231Z0,KODEX 코리아TDF2065액티브 적격,10220.0,32003.0,32003.0,327070660.0,327070660.0,KOSPI,2.05
002070,비비안,4255.0,232118.0,232118.0,987662090.0,987662090.0,KOSPI,-12.9
570125,한투 솔랙티브레버리지금선물 ETN,20375.0,53.0,53.0,1079875.0,1079875.0,KOSPI,4.86
520104,미래에셋 인버스 코스피200 선물 ETN B,10185.0,659.0,659.0,6711915.0,6711915.0,KOSPI,-2.77
289040,KODEX MSCI KOREA ESG유니버설,33930.0,30.0,30.0,1017900.0,1017900.0,KOSPI,2.88
437070,KODEX 아시아달러채권ESG플러스액티브,58810.0,1213.0,1213.0,71336530.0,71336530.0,KOSPI,0.52
464600,SOL 자동차소부장Fn,22565.0,1943.0,1943.0,43843795.0,43843795.0,KOSPI,1.97
550085,N2 코스닥 150 TR ETN,10150.0,5139.0,5139.0,52160850.0,52160850.0,KOSPI,0.54
417630,TIGER KEDI혁신기업ESG30,19305.0,3136.0,3136.0,60540480.0,60540480.0,KOSPI,0.39
760008,키움 코스닥 150 TR ETN,10130.0,4.0,4.0,40520.0,40520.0,KOSPI,0.35
169950,KODEX 차이나A50,25220.0,527.0,527.0,13290940.0,13290940.0,KOSPI,2.02
0190M0,KIWOOM 미국AI테크하이베타,8380.0,13176.0,13176.0,110414880.0,110414880.0,KOSPI,4.16
00499K,롯데지주우,24950.0,133.0,133.0,3318350.0,3318350.0,KOSPI,0.4
465770,STX그린로지스,2780.0,392185.0,392185.0,1090274300.0,1090274300.0,KOSPI,-5.76
610085,메리츠 레버리지 미국채30년 스트립 ETN(H),33265.0,551.0,551.0,18329015.0,18329015.0,KOSPI,2.54
570122,한투 인버스금선물 ETN,9965.0,8.0,8.0,79720.0,79720.0,KOSPI,-3.16
001685,대상우,14520.0,443.0,443.0,6432360.0,6432360.0,KOSPI,0.83
760022,키움 K방산 TOP5 ETN,9945.0,236.0,236.0,2347020.0,2347020.0,KOSPI,0.1
404120,TIME K신재생에너지액티브,24825.0,846.0,846.0,21001950.0,21001950.0,KOSPI,1.08
610018,메리츠 국채10년 ETN,9915.0,1.0,1.0,9915.0,9915.0,KOSPI,0.35
093240,형지엘리트,323.0,651121.0,651121.0,210312083.0,210312083.0,KOSPI,2.87
379790,RISE 유로스탁스50(H),17215.0,3332.0,3332.0,57360380.0,57360380.0,KOSPI,0.91
580074,KB BYD 밸류체인 ETN,9870.0,25.0,25.0,246750.0,246750.0,KOSPI,0.3
304770,HANARO 코스닥150,13840.0,3318.0,3318.0,45921120.0,45921120.0,KOSPI,0.29
0239Y0,PLUS 코리아HBM반도체,9810.0,513837.0,513837.0,5040740970.0,5040740970.0,KOSPI,2.94
364990,TIGER 게임TOP10,4455.0,35421.0,35421.0,157800555.0,157800555.0,KOSPI,0.45
760021,키움 코스피200 선물 달러노출 ETN,27995.0,4.0,4.0,111980.0,111980.0,KOSPI,2.73
108675,LX하우시스우,18950.0,694.0,694.0,13151300.0,13151300.0,KOSPI,3.61
530112,삼성 S&P500 TR ETN,19515.0,536.0,536.0,10460040.0,10460040.0,KOSPI,0.9
520103,미래에셋 코스피200 선물 ETN B,9755.0,107.0,107.0,1043785.0,1043785.0,KOSPI,1.3
497780,KoAct 미국천연가스인프라액티브,10470.0,13498.0,13498.0,141324060.0,141324060.0,KOSPI,0.67
011090,에넥스,1632.0,152201.0,152201.0,248392032.0,248392032.0,KOSPI,-3.03
284980,RISE 200금융,22460.0,4278.0,4278.0,96083880.0,96083880.0,KOSPI,-2.48
487950,KODEX 대만테크고배당다우존스,13230.0,10262.0,10262.0,135766260.0,135766260.0,KOSPI,1.26
002360,SH에너지화학,1723.0,114490.0,114490.0,197266270.0,197266270.0,KOSPI,-11.64
213630,PLUS 미국다우존스고배당주(합성 H),20810.0,2136.0,2136.0,44450160.0,44450160.0,KOSPI,0.51
404260,KODEX 기후변화솔루션,23895.0,560.0,560.0,13381200.0,13381200.0,KOSPI,0.29
276000,TIGER 글로벌자원생산기업(합성 H),21240.0,4040.0,4040.0,85809600.0,85809600.0,KOSPI,0.71
304760,HANARO KRX300,47750.0,215.0,215.0,10266250.0,10266250.0,KOSPI,3.33
610036,메리츠 인버스 2X 대표 농산물 선물 ETN(H),18935.0,2264.0,2264.0,42868840.0,42868840.0,KOSPI,2.85
461910,PLUS 미국테크TOP10레버리지(합성),37760.0,589.0,589.0,22240640.0,22240640.0,KOSPI,3.91
228820,TIGER KTOP30,18720.0,4156.0,4156.0,77800320.0,77800320.0,KOSPI,2.27
0104P0,TIGER 코리아배당다우존스위클리커버드콜,11005.0,4576.0,4576.0,50358880.0,50358880.0,KOSPI,-0.36
183710,RISE 주식혼합,93265.0,467.0,467.0,43554755.0,43554755.0,KOSPI,2.04
445910,TIGER MKF배당귀족,20545.0,293.0,293.0,6019685.0,6019685.0,KOSPI,0.27
0144M0,KODEX 미국드론UAM TOP10,6710.0,65761.0,65761.0,441256310.0,441256310.0,KOSPI,2.13
229720,KODEX KTOP30,36880.0,1617.0,1617.0,59634960.0,59634960.0,KOSPI,1.25
407310,HANARO 200 TOP10,16740.0,3111.0,3111.0,52078140.0,52078140.0,KOSPI,2.07
445690,BNK 주주가치액티브,30650.0,9.0,9.0,275850.0,275850.0,KOSPI,1.52
530140,삼성 iSelect 레버리지 조선 TOP10 TR ETN,18355.0,790.0,790.0,14500450.0,14500450.0,KOSPI,-2.91
580075,KB 레버리지 BYD 밸류체인 ETN,18325.0,3.0,3.0,54975.0,54975.0,KOSPI,0.27
461900,PLUS 미국테크TOP10,22850.0,1468.0,1468.0,33543800.0,33543800.0,KOSPI,2.37
381560,HANARO Fn전기&수소차,17385.0,2680.0,2680.0,46591800.0,46591800.0,KOSPI,1.61
500072,신한 인버스 2X 코스닥 150 선물 ETN,1823.0,60267.0,60267.0,109866741.0,109866741.0,KOSPI,-0.6
006200,한국전자홀딩스,1946.0,21573.0,21573.0,41981058.0,41981058.0,KOSPI,0.36
0018Z0,RISE 미국양자컴퓨팅,18180.0,6726.0,6726.0,122278680.0,122278680.0,KOSPI,3.47
700034,하나 레버리지 K방산TOP10 ETN,12060.0,17302.0,17302.0,208662120.0,208662120.0,KOSPI,3.97
272570,RISE 중장기국공채액티브,107475.0,182.0,182.0,19560450.0,19560450.0,KOSPI,0.17
610040,메리츠 인버스 2X 미국채30년 ETN(H),17995.0,425.0,425.0,7647875.0,7647875.0,KOSPI,-1.42
580066,KB 인도 대형 성장주 Select 5 ETN,8970.0,4.0,4.0,35880.0,35880.0,KOSPI,0.73
449580,RISE 테슬라애플아마존채권혼합,16260.0,4206.0,4206.0,68389560.0,68389560.0,KOSPI,0.59
227830,PLUS 코스피,71500.0,151.0,151.0,10796500.0,10796500.0,KOSPI,3.0
415760,SOL 차이나육성산업액티브(합성),13090.0,147228.0,147228.0,1927214520.0,1927214520.0,KOSPI,1.71
570071,한투 구리선물 ETN,17660.0,4.0,4.0,70640.0,70640.0,KOSPI,2.76
468370,KODEX iShares미국인플레이션국채액티브,10525.0,8970.0,8970.0,94409250.0,94409250.0,KOSPI,0.19
195920,TIGER 일본TOPIX(합성 H),35105.0,236.0,236.0,8284780.0,8284780.0,KOSPI,-0.54
289260,TIGER MSCI KOREA ESG리더스,29035.0,475.0,475.0,13791625.0,13791625.0,KOSPI,2.71
460660,RISE 미국S&P배당킹,11600.0,1643.0,1643.0,19058800.0,19058800.0,KOSPI,0.17
0223A0,RISE 코스닥커버드콜액티브,10875.0,182246.0,182246.0,1981925250.0,1981925250.0,KOSPI,1.78
002820,SUN&L,1440.0,9340.0,9340.0,13449600.0,13449600.0,KOSPI,-1.37
225060,TIGER 이머징마켓MSCI레버리지(합성 H),16380.0,29.0,29.0,475020.0,475020.0,KOSPI,2.79
385600,ACE 2차전지&친환경차액티브,11560.0,3202.0,3202.0,37015120.0,37015120.0,KOSPI,-0.69
292050,RISE KRX300,49545.0,245.0,245.0,12138525.0,12138525.0,KOSPI,2.93
570121,한투 금선물 ETN,8660.0,16.0,16.0,138560.0,138560.0,KOSPI,1.76
391670,HK 베스트일레븐액티브,28672.0,11.0,11.0,315392.0,315392.0,KOSPI,3.27
130680,TIGER 원유선물Enhanced(H),8175.0,22012.0,22012.0,179948100.0,179948100.0,KOSPI,-0.12
0105D0,SOL 한국AI소프트웨어,8995.0,14104.0,14104.0,126865480.0,126865480.0,KOSPI,0.39
0086C0,TIGER 리츠부동산인프라10채권혼합액티브,9760.0,2277.0,2277.0,22223520.0,22223520.0,KOSPI,0.05
530123,삼성 일본니케이225선물 ETN(H),17050.0,1.0,1.0,17050.0,17050.0,KOSPI,0.92
0193K0,PLUS 삼성전자단일종목레버리지,11860.0,18176.0,18176.0,215567360.0,215567360.0,KOSPI,6.32
457690,KODEX 33-06 국고채액티브,10425.0,1830.0,1830.0,19077750.0,19077750.0,KOSPI,0.29
477490,에셋플러스 글로벌일등기업포커스10액티브,18695.0,268.0,268.0,5010260.0,5010260.0,KOSPI,1.25
474920,에셋플러스 차이나일등기업포커스10액티브,17860.0,297.0,297.0,5304420.0,5304420.0,KOSPI,1.53
483330,ACE 마이크로소프트밸류체인액티브,15200.0,3475.0,3475.0,52820000.0,52820000.0,KOSPI,0.9
610104,메리츠 솔랙티브 인버스 2X 금 선물 ETN(H),16680.0,1938.0,1938.0,32325840.0,32325840.0,KOSPI,-3.39
610025,메리츠 인버스 2X 미국채10년 ETN(H),16680.0,24.0,24.0,400320.0,400320.0,KOSPI,-0.68
219390,RISE 미국S&P원유생산기업(합성 H),8335.0,28409.0,28409.0,236789015.0,236789015.0,KOSPI,0.18
419650,PLUS 글로벌수소&차세대연료전지,5045.0,34928.0,34928.0,176211760.0,176211760.0,KOSPI,1.82
0198B0,1Q 삼성전자선물단일종목레버리지,11140.0,14110.0,14110.0,157185400.0,157185400.0,KOSPI,7.32
550097,N2 레버리지 코스닥150 선물 ETN,16485.0,4.0,4.0,65940.0,65940.0,KOSPI,0.24
332620,PLUS 미국장기우량회사채,88150.0,269.0,269.0,23712350.0,23712350.0,KOSPI,0.86
250730,RISE 차이나HSCEI(H),9680.0,1180.0,1180.0,11422400.0,11422400.0,KOSPI,1.31
580050,KB 차이나 과창판 STAR 50 ETN,16150.0,62.0,62.0,1001300.0,1001300.0,KOSPI,3.79
18064K,한진칼우,30300.0,648.0,648.0,19634400.0,19634400.0,KOSPI,-0.98
530120,삼성 나스닥 100 TR ETN,15900.0,101.0,101.0,1605900.0,1605900.0,KOSPI,1.44
131890,ACE 삼성그룹동일가중,39615.0,180.0,180.0,7130700.0,7130700.0,KOSPI,0.55
432840,HANARO 미국S&P500,19715.0,870.0,870.0,17152050.0,17152050.0,KOSPI,0.84
494420,PLUS 미국배당증가성장주데일리커버드콜,8745.0,10830.0,10830.0,94708350.0,94708350.0,KOSPI,0.34
760017,키움 조선TOP10 ETN,22455.0,7.0,7.0,157185.0,157185.0,KOSPI,-1.66
236350,TIGER 인도니프티50레버리지(합성),25270.0,1513.0,1513.0,38233510.0,38233510.0,KOSPI,0.26
005725,넥센우,4335.0,11.0,11.0,47685.0,47685.0,KOSPI,1.17
0207Z0,KIWOOM 미국우주데이터센터인프라,7230.0,11458.0,11458.0,82841340.0,82841340.0,KOSPI,3.36
005257,녹십자홀딩스2우,18240.0,6539.0,6539.0,119271360.0,119271360.0,KOSPI,1.33
0233N0,RISE 글로벌AI낸드메모리반도체,10615.0,145948.0,145948.0,1549238020.0,1549238020.0,KOSPI,4.79
002025,코오롱우,13170.0,4673.0,4673.0,61543410.0,61543410.0,KOSPI,0.23
413930,WON AI ESG액티브,27690.0,4483.0,4483.0,124134270.0,124134270.0,KOSPI,1.76
337150,KODEX 200exTOP,25100.0,117.0,117.0,2936700.0,2936700.0,KOSPI,0.84
0222F0,마이티 AI데이터센터밸류체인,13095.0,6039.0,6039.0,79080705.0,79080705.0,KOSPI,2.42
488290,MIDAS 일본테크액티브,42980.0,16715.0,16715.0,718410700.0,718410700.0,KOSPI,1.75
0106J0,대신 KOSPI200인덱스 X클래스,20045.0,227.0,227.0,4550215.0,4550215.0,KOSPI,2.9
491510,파워 K-주주가치액티브,17680.0,55.0,55.0,972400.0,972400.0,KOSPI,-1.15
114460,ACE 국고채3년,99860.0,513.0,513.0,51228180.0,51228180.0,KOSPI,0.19
530095,삼성 구리 선물 ETN(H),14970.0,103.0,103.0,1541910.0,1541910.0,KOSPI,2.57
580090,KB 솔랙티브 인버스 2X 금 선물 ETN,14890.0,6597.0,6597.0,98229330.0,98229330.0,KOSPI,-4.21
580086,KB 솔랙티브 레버리지 천연가스 선물 ETN,14800.0,7266.0,7266.0,107536800.0,107536800.0,KOSPI,-1.53
453010,PLUS KOFR금리,110010.0,636.0,636.0,69966360.0,69966360.0,KOSPI,0.02
0084E0,KIWOOM 미국대형주500월간목표헤지액티브,10105.0,25.0,25.0,252625.0,252625.0,KOSPI,-0.1
387280,TIGER 퓨처모빌리티액티브,11520.0,1643.0,1643.0,18927360.0,18927360.0,KOSPI,1.05
453630,KODEX 미국S&P500필수소비재,12145.0,7583.0,7583.0,92095535.0,92095535.0,KOSPI,-0.33
570099,한투 인버스2X엔달러 선물 ETN(H),14565.0,1.0,1.0,14565.0,14565.0,KOSPI,1.57
104520,KIWOOM 블루칩,14560.0,54.0,54.0,786240.0,786240.0,KOSPI,-0.1
404650,SOL KRX기후변화솔루션,23880.0,162.0,162.0,3868560.0,3868560.0,KOSPI,1.29
520076,미래에셋 1.5X 천연가스 선물 ETN,5730.0,4723.0,4723.0,27062790.0,27062790.0,KOSPI,-1.12
484890,SOL 머니마켓액티브,52610.0,12647.0,12647.0,665358670.0,665358670.0,KOSPI,0.0
244620,KODEX 모멘텀Plus,20430.0,613.0,613.0,12523590.0,12523590.0,KOSPI,2.05
570105,한투 인버스일본니케이225선물 ETN(H),4765.0,78.0,78.0,371670.0,371670.0,KOSPI,-2.06
530129,삼성 인버스 2X 미국다우존스 선물 ETN,14290.0,96.0,96.0,1371840.0,1371840.0,KOSPI,0.04
0090B0,PLUS K방산소부장,7130.0,34596.0,34596.0,246669480.0,246669480.0,KOSPI,1.64
438900,HANARO Fn K-푸드,10935.0,14420.0,14420.0,157682700.0,157682700.0,KOSPI,-0.55
0051A0,KoAct 브로드컴밸류체인액티브,23685.0,1093.0,1093.0,25887705.0,25887705.0,KOSPI,3.5
485810,TIME 글로벌바이오액티브,11715.0,5349.0,5349.0,62663535.0,62663535.0,KOSPI,2.31
024890,대원화성,1702.0,18283.0,18283.0,31117666.0,31117666.0,KOSPI,1.92
0104G0,PLUS K방산레버리지,5960.0,32935.0,32935.0,196292600.0,196292600.0,KOSPI,2.85
234310,RISE V&S셀렉트밸류,28005.0,7.0,7.0,196035.0,196035.0,KOSPI,1.74
001795,대한제당우,2155.0,7909.0,7909.0,17043895.0,17043895.0,KOSPI,0.47
000087,하이트진로2우B,12340.0,483.0,483.0,5960220.0,5960220.0,KOSPI,0.16
453820,KODEX 인도Nifty50레버리지(합성),10710.0,4815.0,4815.0,51568650.0,51568650.0,KOSPI,0.61
102960,KODEX 기계장비,13650.0,1643.0,1643.0,22426950.0,22426950.0,KOSPI,0.7
570123,한투 은선물 ETN,6955.0,4.0,4.0,27820.0,27820.0,KOSPI,4.35
610072,메리츠 KAP 레버리지 중국 위안화 ETN,27650.0,5.0,5.0,138250.0,138250.0,KOSPI,1.49
409810,KODEX 미국나스닥100선물인버스(H),5525.0,192253.0,192253.0,1062197825.0,1062197825.0,KOSPI,-1.52
417450,RISE 글로벌수소경제,16200.0,1818.0,1818.0,29451600.0,29451600.0,KOSPI,1.09
0153P0,ACE 리츠부동산인프라액티브,9485.0,4568.0,4568.0,43327480.0,43327480.0,KOSPI,0.74
760023,키움 레버리지 K방산 TOP5 ETN,13750.0,9900.0,9900.0,136125000.0,136125000.0,KOSPI,0.7
373490,KODEX 코리아혁신성장액티브,24965.0,30.0,30.0,748950.0,748950.0,KOSPI,1.86
0088N0,WON K-글로벌수급상위,10940.0,12103.0,12103.0,132406820.0,132406820.0,KOSPI,1.16
0013P0,RISE 미국은행TOP10,12390.0,14320.0,14320.0,177424800.0,177424800.0,KOSPI,-0.32
580051,KB 레버리지 밀 선물 ETN,9085.0,512.0,512.0,4651520.0,4651520.0,KOSPI,-2.21
496130,TRUSTON 코리아밸류업액티브,25215.0,14.0,14.0,353010.0,353010.0,KOSPI,1.86
0127V0,KIWOOM 미국S&P500 TOP10&배당다우비중전환,10820.0,3647.0,3647.0,39460540.0,39460540.0,KOSPI,1.22
137610,TIGER 농산물선물Enhanced(H),5875.0,12501.0,12501.0,73443375.0,73443375.0,KOSPI,-1.51
472720,TRUSTON 주주가치액티브,25820.0,1336.0,1336.0,34495520.0,34495520.0,KOSPI,2.46
0220A0,KIWOOM 현대차그룹TOP3채권혼합50,8950.0,15346.0,15346.0,137346700.0,137346700.0,KOSPI,0.28
451600,PLUS 국고채30년액티브,84255.0,448.0,448.0,37746240.0,37746240.0,KOSPI,1.32
0194R0,KIWOOM SK하이닉스선물단일종목레버리지,9710.0,35060.0,35060.0,340432600.0,340432600.0,KOSPI,11.42
610062,메리츠 인버스 3X 국채30년 ETN,66670.0,296.0,296.0,19734320.0,19734320.0,KOSPI,-1.64
500097,신한 레버리지 Russell 2000 ETN B,13300.0,1.0,1.0,13300.0,13300.0,KOSPI,0.15
610035,메리츠 레버리지 대표 농산물 선물 ETN(H),13290.0,2730.0,2730.0,36281700.0,36281700.0,KOSPI,-2.82
45226K,한화갤러리아우,4570.0,10873.0,10873.0,49689610.0,49689610.0,KOSPI,5.06
0127T0,KIWOOM 미국S&P500&배당다우존스비중전환,11040.0,1217.0,1217.0,13435680.0,13435680.0,KOSPI,0.82
0004G0,1Q 미국배당TOP30,8810.0,4472.0,4472.0,39398320.0,39398320.0,KOSPI,-0.23
0028X0,KODEX 미국금융테크액티브,11350.0,2590.0,2590.0,29396500.0,29396500.0,KOSPI,-0.09
015260,에이엔피,276.0,555373.0,555373.0,153282948.0,153282948.0,KOSPI,-1.08
760015,키움 레버리지 바이오TOP10 ETN,6490.0,24678.0,24678.0,160160220.0,160160220.0,KOSPI,-2.63
252650,KODEX 200동일가중,18540.0,1635.0,1635.0,30312900.0,30312900.0,KOSPI,0.22
530137,삼성 KRX 2차전지 TOP10 TR ETN,12915.0,11.0,11.0,142065.0,142065.0,KOSPI,-0.08
580032,KB 레버리지 구리 선물 ETN(H),25630.0,4821.0,4821.0,123562230.0,123562230.0,KOSPI,2.87
520088,미래에셋 S&P500 VIX S/T 선물 ETN(H),6400.0,1462.0,1462.0,9356800.0,9356800.0,KOSPI,-3.25
487750,BNK 온디바이스AI,31870.0,1798.0,1798.0,57302260.0,57302260.0,KOSPI,4.18
580083,KB 레버리지 미국 S&P500 선물 ETN B,25450.0,2.0,2.0,50900.0,50900.0,KOSPI,1.27
530092,삼성 인버스 코스피 200 선물 ETN,2535.0,50595.0,50595.0,128258325.0,128258325.0,KOSPI,-2.87
300610,TIGER K게임,5365.0,22401.0,22401.0,120181365.0,120181365.0,KOSPI,-0.19
0015F0,KIWOOM 팔란티어미국30년국채혼합액티브(H),10495.0,2395.0,2395.0,25135525.0,25135525.0,KOSPI,1.06
396510,TIGER 차이나클린에너지SOLACTIVE,6985.0,1323.0,1323.0,9241155.0,9241155.0,KOSPI,1.67
00806K,대덕1우,10360.0,2005.0,2005.0,20771800.0,20771800.0,KOSPI,-0.19
0208N0,IBK 코스피액티브,7600.0,6081.0,6081.0,46215600.0,46215600.0,KOSPI,2.84
290080,RISE 200고배당커버드콜ATM,7375.0,8489.0,8489.0,62606375.0,62606375.0,KOSPI,-1.14
279540,KODEX 최소변동성,20895.0,117.0,117.0,2444715.0,2444715.0,KOSPI,0.53
400570,KODEX 유럽탄소배출권선물ICE(H),11800.0,2149.0,2149.0,25358200.0,25358200.0,KOSPI,1.59
363510,SOL KIS단기통안채,112275.0,9649.0,9649.0,1083341475.0,1083341475.0,KOSPI,0.0
140710,KODEX 운송,6555.0,15860.0,15860.0,103962300.0,103962300.0,KOSPI,-0.23
489860,KIWOOM 글로벌전력GRID인프라,14645.0,2892.0,2892.0,42353340.0,42353340.0,KOSPI,0.55
435550,KIWOOM TDF2050액티브 적격,17745.0,1440.0,1440.0,25552800.0,25552800.0,KOSPI,0.68
360150,KODEX 코스닥150롱코스피200숏선물,3025.0,34950.0,34950.0,105723750.0,105723750.0,KOSPI,-2.26
610071,메리츠 KAP 중국 위안화 ETN,12400.0,6.0,6.0,74400.0,74400.0,KOSPI,0.16
166400,TIGER 200커버드콜OTM,24750.0,3091.0,3091.0,76502250.0,76502250.0,KOSPI,2.72
453060,HANARO KOFR금리액티브(합성),111585.0,108.0,108.0,12051180.0,12051180.0,KOSPI,0.0
610096,메리츠 인버스 2X 천연가스 선물 ETN(H),12265.0,635.0,635.0,7788275.0,7788275.0,KOSPI,1.36
145995,삼양사우,33050.0,113.0,113.0,3734650.0,3734650.0,KOSPI,-1.64
700032,하나 인버스 2X 천연가스 선물 ETN(H),12230.0,711.0,711.0,8695530.0,8695530.0,KOSPI,1.58
580080,KB 인버스 은 선물 ETN,12185.0,407.0,407.0,4959295.0,4959295.0,KOSPI,-3.79
520064,미래에셋 2X 미국채울트라30년 선물 ETN,6045.0,221.0,221.0,1335945.0,1335945.0,KOSPI,1.51
332610,PLUS 미국단기회사채(AAA~A),125530.0,122.0,122.0,15314660.0,15314660.0,KOSPI,0.06
457700,KODEX 53-09 국고채액티브,9105.0,733.0,733.0,6673965.0,6673965.0,KOSPI,0.05
520046,미래에셋 레버리지 옥수수 선물 ETN,12015.0,615.0,615.0,7389225.0,7389225.0,KOSPI,-2.2
404540,TIGER KRX기후변화솔루션,24025.0,76.0,76.0,1825900.0,1825900.0,KOSPI,0.95
251590,PLUS 고배당저변동50,17145.0,4435.0,4435.0,76038075.0,76038075.0,KOSPI,-0.38
084695,대상홀딩스우,13100.0,4016.0,4016.0,52609600.0,52609600.0,KOSPI,0.15
140580,RISE 우량업종대표주,23915.0,262.0,262.0,6265730.0,6265730.0,KOSPI,-0.08
610070,메리츠 KAP 인버스 2X 일본 엔화 ETN,23760.0,6.0,6.0,142560.0,142560.0,KOSPI,0.55
410870,TIME K컬처액티브,9135.0,8816.0,8816.0,80534160.0,80534160.0,KOSPI,-1.24
610093,메리츠 인버스 3X 일본 국채 10년 ETN,23710.0,381.0,381.0,9033510.0,9033510.0,KOSPI,-0.88
0193L0,PLUS 삼성전자선물단일종목인버스2X,9090.0,525785.0,525785.0,4779385650.0,4779385650.0,KOSPI,-5.75
282000,RISE 국고채3년선물인버스,115330.0,4.0,4.0,461320.0,461320.0,KOSPI,-0.06
580088,KB 인버스 2X KOSPI 200 선물 ETN B,23505.0,14226.0,14226.0,334382130.0,334382130.0,KOSPI,-5.66
530127,삼성 미국다우존스 TR ETN,11745.0,1.0,1.0,11745.0,11745.0,KOSPI,0.17
0203D0,PLUS 200위클리커버드콜채권혼합,8995.0,14183.0,14183.0,127576085.0,127576085.0,KOSPI,1.24
395760,PLUS ESG성장주액티브,21230.0,7.0,7.0,148610.0,148610.0,KOSPI,1.14
610086,메리츠 인버스2X 미국채30년 스트립 ETN(H),58275.0,2.0,2.0,116550.0,116550.0,KOSPI,-2.19
453660,KODEX 미국S&P500경기소비재,16640.0,1421.0,1421.0,23645440.0,23645440.0,KOSPI,1.46
0000H0,KODEX 인도Nifty미드캡100,10125.0,1092.0,1092.0,11056500.0,11056500.0,KOSPI,0.4
269530,PLUS S&P글로벌인프라,19395.0,631.0,631.0,12238245.0,12238245.0,KOSPI,0.41
580052,KB 인버스 2X 밀 선물 ETN,23255.0,561.0,561.0,13046055.0,13046055.0,KOSPI,2.94
269370,TIGER S&P글로벌인프라(합성),16570.0,1091.0,1091.0,18077870.0,18077870.0,KOSPI,-0.21
428560,KODEX 미국ETF산업Top10 Indxx,15365.0,1085.0,1085.0,16671025.0,16671025.0,KOSPI,0.0
530139,삼성 iSelect 조선 TOP10 TR ETN,11520.0,4.0,4.0,46080.0,46080.0,KOSPI,-1.96
435040,ACE 글로벌브랜드TOP10,19200.0,19793.0,19793.0,380025600.0,380025600.0,KOSPI,0.87
004105,태양금속우,3490.0,29256.0,29256.0,102103440.0,102103440.0,KOSPI,-1.69
354240,RISE 미국고정배당우선증권,10470.0,3788.0,3788.0,39660360.0,39660360.0,KOSPI,0.1
266410,KODEX 필수소비재,9540.0,8033.0,8033.0,76634820.0,76634820.0,KOSPI,-0.1
580043,KB 레버리지 KOSDAQ 150 선물 ETN,22895.0,4433.0,4433.0,101493535.0,101493535.0,KOSPI,0.77
550100,N2 인버스 2X 천연가스 선물 ETN,11400.0,2.0,2.0,22800.0,22800.0,KOSPI,1.02
0216Z0,ACE K방산TOP5+,9090.0,93004.0,93004.0,845406360.0,845406360.0,KOSPI,1.85
430500,KIWOOM 물가채KIS,112905.0,5.0,5.0,564525.0,564525.0,KOSPI,0.54
580047,KB 레버리지 항셍테크 선물 ETN(H) B,11120.0,327.0,327.0,3636240.0,3636240.0,KOSPI,3.93
448490,HANARO 32-10 국고채액티브,52475.0,101.0,101.0,5299975.0,5299975.0,KOSPI,0.56
700036,하나 인버스 2X 반도체 ETN,2200.0,595391.0,595391.0,1309860200.0,1309860200.0,KOSPI,-4.76
0002C0,에셋플러스 인도일등기업포커스20액티브,10180.0,2052.0,2052.0,20889360.0,20889360.0,KOSPI,1.85
0008E0,ACE 미국중심중소형제조업,11570.0,16120.0,16120.0,186508400.0,186508400.0,KOSPI,0.04
38380K,LX홀딩스1우,7500.0,748.0,748.0,5610000.0,5610000.0,KOSPI,-1.06
610074,메리츠 미국채10년 ETN,10890.0,2.0,2.0,21780.0,21780.0,KOSPI,0.32
500086,신한 코스닥 150 TR ETN,10870.0,5.0,5.0,54350.0,54350.0,KOSPI,0.28
407820,에셋플러스 코리아플랫폼액티브,6035.0,20010.0,20010.0,120760350.0,120760350.0,KOSPI,1.17
580065,KB 코스닥 150 TR ETN,10860.0,2.0,2.0,21720.0,21720.0,KOSPI,1.54
610102,메리츠 솔랙티브 금 선물 ETN(H),10860.0,9239.0,9239.0,100335540.0,100335540.0,KOSPI,1.78
570085,한투 인도네시아대표원자재 ETN,10840.0,1.0,1.0,10840.0,10840.0,KOSPI,0.93
0093B0,RISE 엔비디아고정테크100,12685.0,1396.0,1396.0,17708260.0,17708260.0,KOSPI,1.81
446700,RISE 배터리 리사이클링,10365.0,1769.0,1769.0,18335685.0,18335685.0,KOSPI,0.34
00781K,코리아써키트2우B,13680.0,464.0,464.0,6347520.0,6347520.0,KOSPI,-0.07
463640,KODEX 미국S&P500유틸리티,13380.0,1429.0,1429.0,19120020.0,19120020.0,KOSPI,0.72
0227L0,HANARO 미국에이전틱AI TOP2+,10680.0,76799.0,76799.0,820213320.0,820213320.0,KOSPI,1.91
610079,메리츠 인버스 3X 미국채30년 ETN,53275.0,1.0,1.0,53275.0,53275.0,KOSPI,-2.25
451150,에셋플러스 글로벌영에이지액티브,17125.0,21.0,21.0,359625.0,359625.0,KOSPI,0.74
291130,ACE MSCI멕시코(합성),17585.0,154.0,154.0,2708090.0,2708090.0,KOSPI,1.27
464610,SOL 의료기기소부장Fn,6805.0,38828.0,38828.0,264224540.0,264224540.0,KOSPI,-1.59
0068M0,KODEX 미국S&P500버퍼6월액티브,11715.0,1385.0,1385.0,16225275.0,16225275.0,KOSPI,0.73
580054,KB 인버스 2X 콩 선물 ETN,21060.0,225.0,225.0,4738500.0,4738500.0,KOSPI,3.64
419420,KODEX 미국클린에너지나스닥,8705.0,2338.0,2338.0,20352290.0,20352290.0,KOSPI,2.05
580059,KB 미국채 10년 ETN,10440.0,341.0,341.0,3560040.0,3560040.0,KOSPI,0.58
371870,ACE 차이나항셍테크,6510.0,14171.0,14171.0,92253210.0,92253210.0,KOSPI,2.68
0224D0,KIWOOM 미국CPU반도체TOP4+,10385.0,48568.0,48568.0,504378680.0,504378680.0,KOSPI,5.75
310080,RISE 중국MSCI China(H),9020.0,825.0,825.0,7441500.0,7441500.0,KOSPI,0.78
0113G0,KoAct 미국바이오헬스케어액티브,11520.0,14181.0,14181.0,163365120.0,163365120.0,KOSPI,2.13
0191S0,IBK 코스닥150,14000.0,3432.0,3432.0,48048000.0,48048000.0,KOSPI,0.76
760032,키움 모험자본창업투자 ETN,10340.0,2.0,2.0,20680.0,20680.0,KOSPI,1.03
0189Z0,DAISHIN 금융&지주고배당,10315.0,3430.0,3430.0,35380450.0,35380450.0,KOSPI,-0.72
280920,PLUS 주도업종,22905.0,80.0,80.0,1832400.0,1832400.0,KOSPI,1.87
385710,TIME K이노베이션액티브,10240.0,16152.0,16152.0,165396480.0,165396480.0,KOSPI,0.15
140570,RISE 수출주,25570.0,271.0,271.0,6929470.0,6929470.0,KOSPI,0.75
460270,KIWOOM 미국달러SOFR금리액티브(합성),12620.0,350.0,350.0,4417000.0,4417000.0,KOSPI,0.0
700011,하나 레버리지 옥수수 선물 ETN(H),10200.0,91.0,91.0,928200.0,928200.0,KOSPI,-2.16
610077,메리츠 미국채30년 ETN,10180.0,712.0,712.0,7248160.0,7248160.0,KOSPI,0.84
610092,메리츠 인버스 일본 국채 10년 ETN,10170.0,10704.0,10704.0,108859680.0,108859680.0,KOSPI,-1.12
237440,TIGER 경기방어채권혼합,10080.0,10057.0,10057.0,101374560.0,101374560.0,KOSPI,-0.2
003075,코오롱글로벌우,13590.0,213.0,213.0,2894670.0,2894670.0,KOSPI,3.74
139240,TIGER 200 철강소재,11385.0,9094.0,9094.0,103535190.0,103535190.0,KOSPI,1.38
004255,NPC우,1897.0,1148.0,1148.0,2177756.0,2177756.0,KOSPI,1.01
0219B0,KoAct 광통신&위성네트워크액티브,12520.0,479711.0,479711.0,6005981720.0,6005981720.0,KOSPI,5.61
530064,삼성 인버스 2X 구리 선물 ETN(H),667.0,8008.0,8008.0,5341336.0,5341336.0,KOSPI,-3.05
0094L0,RISE 차이나테크TOP10위클리타겟커버드콜,7140.0,2307.0,2307.0,16471980.0,16471980.0,KOSPI,2.0
463690,KODEX 미국S&P500커뮤니케이션,17950.0,593.0,593.0,10644350.0,10644350.0,KOSPI,-0.83
181480,ACE 미국부동산리츠(합성 H),82210.0,172.0,172.0,14140120.0,14140120.0,KOSPI,-0.57
580087,KB 솔랙티브 인버스 천연가스 선물 ETN,9860.0,2.0,2.0,19720.0,19720.0,KOSPI,0.72
610068,메리츠 KAP 일본 엔화 ETN,9850.0,4425.0,4425.0,43586250.0,43586250.0,KOSPI,-1.01
610034,메리츠 대표 농산물 선물 ETN(H),9810.0,72.0,72.0,706320.0,706320.0,KOSPI,-1.01
0227K0,RISE 미국우주위성통신,9325.0,6872.0,6872.0,64081400.0,64081400.0,KOSPI,1.36
487910,ACE 인도컨슈머파워액티브,8155.0,1516.0,1516.0,12362980.0,12362980.0,KOSPI,0.25
570107,한투 인버스2X일본니케이225선물 ETN(H),3905.0,403.0,403.0,1573715.0,1573715.0,KOSPI,-2.86
252000,TIGER 200동일가중,19490.0,19.0,19.0,370310.0,370310.0,KOSPI,0.23
429010,TIGER 미국나스닥넥스트100,19400.0,106.0,106.0,2056400.0,2056400.0,KOSPI,0.86
281990,RISE 중소형고배당,17625.0,314.0,314.0,5534250.0,5534250.0,KOSPI,-0.25
0174R0,KIWOOM 미국성장다우존스,11400.0,4152.0,4152.0,47332800.0,47332800.0,KOSPI,0.93
019685,대교우B,994.0,15549.0,15549.0,15455706.0,15455706.0,KOSPI,-0.3
0120J0,BNK 카카오그룹포커스,7680.0,11559.0,11559.0,88773120.0,88773120.0,KOSPI,-0.97
117690,TIGER 차이나항셍30,19155.0,181.0,181.0,3467055.0,3467055.0,KOSPI,0.52
0001P0,마이티 바이오시밀러&CDMO액티브,8520.0,2270.0,2270.0,19340400.0,19340400.0,KOSPI,0.65
354350,HANARO 글로벌럭셔리S&P(합성),18300.0,1133.0,1133.0,20733900.0,20733900.0,KOSPI,-0.03
580061,KB 미국채 30년 ETN,9505.0,77.0,77.0,731885.0,731885.0,KOSPI,0.9
482030,KoAct 반도체&2차전지핵심소재액티브,9030.0,3881.0,3881.0,35045430.0,35045430.0,KOSPI,1.57
399580,RISE 글로벌클린에너지,9470.0,6985.0,6985.0,66147950.0,66147950.0,KOSPI,1.39
700033,하나 K방산TOP10 ETN,9445.0,7.0,7.0,66115.0,66115.0,KOSPI,2.33
498050,HANARO 바이오코리아액티브,9895.0,3720.0,3720.0,36809400.0,36809400.0,KOSPI,-1.05
456250,KODEX 유럽명품TOP10 STOXX,8165.0,3400.0,3400.0,27761000.0,27761000.0,KOSPI,0.18
700014,하나 인버스 2X 콩 선물 ETN(H),9365.0,2.0,2.0,18730.0,18730.0,KOSPI,0.86
230480,KIWOOM 미국달러선물인버스2X,4625.0,2555.0,2555.0,11816875.0,11816875.0,KOSPI,0.0
494180,TIME 글로벌소비트렌드액티브,13185.0,461.0,461.0,6078285.0,6078285.0,KOSPI,1.54
610097,메리츠 미국채30년스트립 커버드콜 ETN(H),9205.0,1.0,1.0,9205.0,9205.0,KOSPI,0.88
461580,TIGER 코스닥글로벌,15275.0,14810.0,14810.0,226222750.0,226222750.0,KOSPI,0.23
001755,한양증권우,19300.0,152.0,152.0,2933600.0,2933600.0,KOSPI,0.31
520097,미래에셋 1.5X S&P500 VIX S/T선물 ETN,9110.0,7264.0,7264.0,66175040.0,66175040.0,KOSPI,-5.05
550099,N2 레버리지 천연가스 선물 ETN,9110.0,2166.0,2166.0,19732260.0,19732260.0,KOSPI,-1.83
341850,TIGER 리츠부동산인프라채권,4550.0,3685.0,3685.0,16766750.0,16766750.0,KOSPI,-0.22
580053,KB 레버리지 콩 선물 ETN,18185.0,114.0,114.0,2073090.0,2073090.0,KOSPI,-3.6
105010,TIGER 라틴35,6470.0,2370.0,2370.0,15333900.0,15333900.0,KOSPI,0.31
301400,PLUS 코스닥150,13915.0,940.0,940.0,13080100.0,13080100.0,KOSPI,-0.07
0084D0,KIWOOM 미국테크100월간목표헤지액티브,11300.0,671.0,671.0,7582300.0,7582300.0,KOSPI,0.76
610083,메리츠 레버리지 인도 루피화 ETN,18080.0,236.0,236.0,4266880.0,4266880.0,KOSPI,0.84
497510,ACE 글로벌빅파마,12870.0,1059.0,1059.0,13629330.0,13629330.0,KOSPI,1.3
0067Y0,TIGER 차이나AI소프트웨어,10010.0,5136.0,5136.0,51411360.0,51411360.0,KOSPI,4.16
610100,메리츠 레버리지 은 선물 ETN(H),9000.0,81831.0,81831.0,736479000.0,736479000.0,KOSPI,9.16
760027,키움 인버스 2X 전력 TOP5 ETN,4475.0,132296.0,132296.0,592024600.0,592024600.0,KOSPI,-7.83
0216K0,KIWOOM 미국우주테크TOP2채권혼합50,8940.0,31035.0,31035.0,277452900.0,277452900.0,KOSPI,1.94
266390,KODEX 경기소비재,14850.0,4129.0,4129.0,61315650.0,61315650.0,KOSPI,-0.87
0184N0,PLUS 은채권혼합,8910.0,11132.0,11132.0,99186120.0,99186120.0,KOSPI,1.95
0133E0,TIGER 차이나증권,8440.0,11553.0,11553.0,97507320.0,97507320.0,KOSPI,1.99
610084,메리츠 미국채30년 스트립 ETN(H),8835.0,1.0,1.0,8835.0,8835.0,KOSPI,1.44
375270,RISE 글로벌데이터센터리츠(합성),13580.0,303.0,303.0,4114740.0,4114740.0,KOSPI,0.52
395150,KODEX 웹툰&드라마,1827.0,97160.0,97160.0,177511320.0,177511320.0,KOSPI,-1.56
466810,BNK 2차전지양극재,5840.0,52071.0,52071.0,304094640.0,304094640.0,KOSPI,0.69
580079,KB 레버리지 은 선물 ETN,8760.0,16986.0,16986.0,148797360.0,148797360.0,KOSPI,9.64
570094,한투 일본엔선물 ETN C,8735.0,7.0,7.0,61145.0,61145.0,KOSPI,-0.23
500068,신한 인버스 2X 10년 국채선물 ETN,12455.0,3.0,3.0,37365.0,37365.0,KOSPI,-1.19
0221Z0,ACE K바이오코스닥액티브,9150.0,21574.0,21574.0,197402100.0,197402100.0,KOSPI,-2.76
610090,메리츠 일본 국채 10년 ETN,8680.0,1.0,1.0,8680.0,8680.0,KOSPI,0.35
215620,HK S&P코리아로우볼,16070.0,1.0,1.0,16070.0,16070.0,KOSPI,-0.4
381570,HANARO Fn친환경에너지,10150.0,592.0,592.0,6008800.0,6008800.0,KOSPI,0.1
435540,KIWOOM TDF2040액티브 적격,17245.0,1665.0,1665.0,28712925.0,28712925.0,KOSPI,0.5
500101,신한 블룸버그 천연가스 선물 ETN,8600.0,102.0,102.0,877200.0,877200.0,KOSPI,-0.75
449680,TIGER 한중전기차(합성),10110.0,19.0,19.0,192090.0,192090.0,KOSPI,1.2
520085,미래에셋 -2X 미국 AI TOP3 ETN,8580.0,167.0,167.0,1432860.0,1432860.0,KOSPI,-3.05
580085,KB 솔랙티브 천연가스 선물 ETN,8575.0,11639.0,11639.0,99804425.0,99804425.0,KOSPI,-0.87
270800,RISE KQ고배당,15580.0,39.0,39.0,607620.0,607620.0,KOSPI,0.65
33637L,솔루스첨단소재2우B,2265.0,1707.0,1707.0,3866355.0,3866355.0,KOSPI,0.0
217780,TIGER 차이나CSI300인버스(합성),5510.0,1251.0,1251.0,6893010.0,6893010.0,KOSPI,-1.34
530135,삼성 인버스 China A50 선물 ETN(H) B,8505.0,1.0,1.0,8505.0,8505.0,KOSPI,-0.82
0226G0,WON 피지컬AI TOP2플러스액티브,12090.0,651.0,651.0,7870590.0,7870590.0,KOSPI,2.24
371150,RISE 차이나항셍테크,6510.0,24122.0,24122.0,157034220.0,157034220.0,KOSPI,2.68
610059,메리츠 3X 레버리지 국채10년 ETN,16900.0,105.0,105.0,1774500.0,1774500.0,KOSPI,1.41
497520,ACE 일라이릴리밸류체인,12985.0,1933.0,1933.0,25100005.0,25100005.0,KOSPI,0.85
000225,유유제약1우,3695.0,2235.0,2235.0,8258325.0,8258325.0,KOSPI,-0.14
457930,BNK 미래전략기술액티브,27905.0,9.0,9.0,251145.0,251145.0,KOSPI,1.69
610095,메리츠 레버리지 천연가스 선물 ETN(H),8365.0,18080.0,18080.0,151239200.0,151239200.0,KOSPI,-1.59
530114,삼성 인버스 2X S&P500 선물 ETN,8345.0,621.0,621.0,5182245.0,5182245.0,KOSPI,-1.71
0219Z0,HANARO 미국S&P500액티브,10430.0,54883.0,54883.0,572429690.0,572429690.0,KOSPI,0.53
429980,SOL 한국형글로벌전기차&2차전지액티브,16685.0,428.0,428.0,7141180.0,7141180.0,KOSPI,1.4
700031,하나 레버리지 천연가스 선물 ETN(H),8340.0,159.0,159.0,1326060.0,1326060.0,KOSPI,-1.71
0194N0,KIWOOM 삼성전자선물단일종목레버리지,10740.0,12608.0,12608.0,135409920.0,135409920.0,KOSPI,5.5
182490,TIGER 단기선진하이일드(합성 H),13770.0,359.0,359.0,4943430.0,4943430.0,KOSPI,-0.4
462340,에셋플러스 글로벌다이나믹시니어액티브,16490.0,4.0,4.0,65960.0,65960.0,KOSPI,1.63
395750,PLUS ESG가치주액티브,20470.0,15.0,15.0,307050.0,307050.0,KOSPI,2.12
0226D0,FOCUS 금융반도체지주채권혼합50액티브,10165.0,2204.0,2204.0,22403660.0,22403660.0,KOSPI,1.6
0214M0,MIDAS 바이오헬스케어액티브,9515.0,491.0,491.0,4671865.0,4671865.0,KOSPI,-2.76
760025,키움 전력 TOP5 ETN,11535.0,285.0,285.0,3287475.0,3287475.0,KOSPI,3.78
261110,TIGER 미국달러선물레버리지,16030.0,2728.0,2728.0,43729840.0,43729840.0,KOSPI,0.12
500036,신한 인버스 2X 미국달러 선물 ETN,4005.0,6.0,6.0,24030.0,24030.0,KOSPI,0.25
227550,TIGER 200 산업재,12485.0,46632.0,46632.0,582200520.0,582200520.0,KOSPI,1.75
610094,메리츠 천연가스 선물 ETN(H),7960.0,14274.0,14274.0,113621040.0,113621040.0,KOSPI,-0.93
580062,KB 레버리지 미국채 30년 ETN,15820.0,96.0,96.0,1518720.0,1518720.0,KOSPI,2.16
395280,HANARO Fn K-게임,3365.0,9685.0,9685.0,32590025.0,32590025.0,KOSPI,0.45
0215T0,HANARO 미국AI광통신TOP10,8780.0,20907.0,20907.0,183563460.0,183563460.0,KOSPI,2.87
570097,한투 엔달러선물 ETN(H),7900.0,30798.0,30798.0,243304200.0,243304200.0,KOSPI,-0.88
174350,TIGER 로우볼,20665.0,8996.0,8996.0,185902340.0,185902340.0,KOSPI,-1.03
001515,SK증권우,4005.0,4205.0,4205.0,16841025.0,16841025.0,KOSPI,0.5
700035,하나 인버스 2X K방산TOP10 ETN,7760.0,133203.0,133203.0,1033655280.0,1033655280.0,KOSPI,-2.39
610073,메리츠 KAP 인버스 2X 중국 위안화 ETN,15490.0,3.0,3.0,46470.0,46470.0,KOSPI,-1.46
480460,WON 한국부동산TOP3플러스,9090.0,491.0,491.0,4463190.0,4463190.0,KOSPI,-0.11
530141,삼성 중국 자동차 TOP5 TR ETN(H),7715.0,10.0,10.0,77150.0,77150.0,KOSPI,0.78
189400,PLUS 글로벌MSCI(합성 H),25707.0,34.0,34.0,874038.0,874038.0,KOSPI,0.24
487920,ACE 인도시장대표BIG5그룹액티브,7690.0,499.0,499.0,3837310.0,3837310.0,KOSPI,0.52
225800,KIWOOM 미국달러선물레버리지,15070.0,989.0,989.0,14904230.0,14904230.0,KOSPI,0.07
435530,KIWOOM TDF2030액티브 적격,15290.0,688.0,688.0,10519520.0,10519520.0,KOSPI,0.26
437370,RISE 글로벌농업경제,10920.0,2253.0,2253.0,24602760.0,24602760.0,KOSPI,1.06
438740,MIDAS 중소형액티브,33815.0,1200.0,1200.0,40578000.0,40578000.0,KOSPI,0.82
570114,한투 S&P500 VIX S/T선물 ETN(H) B,7590.0,1635.0,1635.0,12409650.0,12409650.0,KOSPI,-3.5
494210,SOL 미국500타겟데일리커버드콜액티브,10825.0,795.0,795.0,8605875.0,8605875.0,KOSPI,0.7
0172Y0,ACE K수출핵심TOP10산업액티브,9470.0,3696.0,3696.0,35001120.0,35001120.0,KOSPI,1.12
227570,TIGER 우량가치,20995.0,750.0,750.0,15746250.0,15746250.0,KOSPI,0.02
285690,FOCUS ESG리더스,21515.0,21.0,21.0,451815.0,451815.0,KOSPI,0.94
001065,JW중외제약우,22000.0,6.0,6.0,132000.0,132000.0,KOSPI,-0.9
0094X0,1Q 샤오미밸류체인액티브,8305.0,1934.0,1934.0,16061870.0,16061870.0,KOSPI,3.1
304670,KODEX 미국30년국채울트라선물인버스(H),12425.0,53.0,53.0,658525.0,658525.0,KOSPI,-0.84
0005C0,RISE 미국S&P500엔화노출(합성 H),11365.0,508.0,508.0,5773420.0,5773420.0,KOSPI,0.13
256450,PLUS 심천차이넥스트(합성),14620.0,1103.0,1103.0,16125860.0,16125860.0,KOSPI,1.88
0218K0,BNK 스마트카,10435.0,25.0,25.0,260875.0,260875.0,KOSPI,-0.81
139660,KIWOOM 미국달러선물인버스,8385.0,1402.0,1402.0,11755770.0,11755770.0,KOSPI,0.06
520084,미래에셋 -2X 미국 자율주행대표기업 ETN,7280.0,1003.0,1003.0,7301840.0,7301840.0,KOSPI,-3.7
530142,삼성 중국 AI 테크 TOP5 TR ETN(H),7245.0,168.0,168.0,1217160.0,1217160.0,KOSPI,1.19
610099,메리츠 은 선물 ETN(H),7240.0,41802.0,41802.0,302646480.0,302646480.0,KOSPI,4.62
0176P0,FOCUS AI반도체위클리고정커버드콜,13100.0,2458.0,2458.0,32199800.0,32199800.0,KOSPI,1.91
488480,RISE 일본섹터TOP4Plus,13085.0,334.0,334.0,4370390.0,4370390.0,KOSPI,0.42
610091,메리츠 3X 레버리지 일본 국채 10년 ETN,14375.0,7.0,7.0,100625.0,100625.0,KOSPI,0.1
225050,TIGER 유로스탁스레버리지(합성 H),15930.0,162.0,162.0,2580660.0,2580660.0,KOSPI,1.5
253280,RISE 헬스케어,11930.0,939.0,939.0,11202270.0,11202270.0,KOSPI,-1.12
0082F0,HANARO 유럽방산,10215.0,609.0,609.0,6220935.0,6220935.0,KOSPI,0.64
402460,HANARO Fn K-메타버스MZ,14230.0,347.0,347.0,4937810.0,4937810.0,KOSPI,0.64
315270,TIGER 200커뮤니케이션서비스,18690.0,212.0,212.0,3962280.0,3962280.0,KOSPI,-0.05
510043,대신 인버스 천연가스 선물 ETN(H) B,7095.0,2.0,2.0,14190.0,14190.0,KOSPI,0.57
580078,KB 은 선물 ETN,7065.0,32.0,32.0,226080.0,226080.0,KOSPI,5.06
400590,SOL 글로벌탄소배출권선물ICE(합성),14095.0,2545.0,2545.0,35871775.0,35871775.0,KOSPI,-0.11
760006,키움 KPOP ETN,7030.0,49.0,49.0,344470.0,344470.0,KOSPI,-0.92
000325,노루홀딩스우,28700.0,162.0,162.0,4649400.0,4649400.0,KOSPI,5.13
368680,KODEX K-뉴딜디지털플러스,7750.0,42.0,42.0,325500.0,325500.0,KOSPI,0.58
326230,RISE 내수주플러스,10895.0,96.0,96.0,1045920.0,1045920.0,KOSPI,-1.13
244670,KODEX 밸류Plus,11615.0,56.0,56.0,650440.0,650440.0,KOSPI,-0.21
530060,삼성 코스피 양매도 5% OTM ETN,6960.0,5.0,5.0,34800.0,34800.0,KOSPI,1.31
0138D0,RISE 동학개미,12640.0,1937.0,1937.0,24483680.0,24483680.0,KOSPI,2.51
700030,하나 S&P 인버스 2X WTI원유 선물 ETN B,1736.0,92648.0,92648.0,160836928.0,160836928.0,KOSPI,1.82
570101,한투 인버스나스닥100 ETN B,6915.0,254.0,254.0,1756410.0,1756410.0,KOSPI,-1.07
0036Z0,RISE 미국천연가스밸류체인,12535.0,460.0,460.0,5766100.0,5766100.0,KOSPI,0.64
530122,삼성 인버스 2X 항셍테크 TR ETN(H) B,6880.0,3841.0,3841.0,26426080.0,26426080.0,KOSPI,-6.01
500098,신한 인버스 2X Russell 2000 ETN B,6840.0,1.0,1.0,6840.0,6840.0,KOSPI,0.96
530056,삼성 인버스 2X 금 선물 ETN(H),1709.0,11306.0,11306.0,19321954.0,19321954.0,KOSPI,-3.66
250780,TIGER 코스닥150선물인버스,2465.0,187084.0,187084.0,461162060.0,461162060.0,KOSPI,-0.2
570095,한투 레버리지일본엔선물 ETN C,6705.0,4482.0,4482.0,30051810.0,30051810.0,KOSPI,-1.32
570092,한투 인버스2X유로스탁스50 ETN(H) B,6705.0,8.0,8.0,53640.0,53640.0,KOSPI,-0.59
044380,주연테크,482.0,2194555.0,2194555.0,1057775510.0,1057775510.0,KOSPI,2.77
139290,TIGER 200 경기소비재,23910.0,6570.0,6570.0,157088700.0,157088700.0,KOSPI,0.25
450180,KODEX 한중전기차(합성),10265.0,6.0,6.0,61590.0,61590.0,KOSPI,-0.44
004985,성신양회우,9040.0,322.0,322.0,2910880.0,2910880.0,KOSPI,2.26
500067,신한 레버리지 10년 국채선물 ETN,9450.0,2.0,2.0,18900.0,18900.0,KOSPI,1.61
289670,PLUS 국채선물10년,51675.0,102.0,102.0,5270850.0,5270850.0,KOSPI,0.36
456200,PLUS 미국달러SOFR금리액티브(합성),60070.0,18.0,18.0,1081260.0,1081260.0,KOSPI,-0.03
176950,KODEX 국채선물10년인버스,61065.0,3620.0,3620.0,221055300.0,221055300.0,KOSPI,-0.25
550098,N2 인버스 2X 코스닥150 선물 ETN,6545.0,8.0,8.0,52360.0,52360.0,KOSPI,1.08
0047N0,PLUS 차이나AI테크TOP10,9300.0,5684.0,5684.0,52861200.0,52861200.0,KOSPI,1.97
138920,KODEX 콩선물(H),12855.0,690.0,690.0,8869950.0,8869950.0,KOSPI,-2.09
580084,KB 인버스 2X 미국 S&P500 선물 ETN B,12705.0,2.0,2.0,25410.0,25410.0,KOSPI,-0.66
530096,삼성 인버스 구리 선물 ETN(H),6345.0,192.0,192.0,1218240.0,1218240.0,KOSPI,-3.06
001770,SHD,5200.0,211801.0,211801.0,1101365200.0,1101365200.0,KOSPI,-0.95
012205,계양전기우,5400.0,69897.0,69897.0,377443800.0,377443800.0,KOSPI,4.25
316300,ACE 싱가포르리츠,12465.0,659.0,659.0,8214435.0,8214435.0,KOSPI,0.0
0166T0,PLUS 글로벌저작권핵심기업액티브,9450.0,67.0,67.0,633150.0,633150.0,KOSPI,-1.15
760010,키움 2차전지산업 ETN,8760.0,4.0,4.0,35040.0,35040.0,KOSPI,-0.62
429740,PLUS K리츠,6130.0,460.0,460.0,2819800.0,2819800.0,KOSPI,1.32
004835,덕성우,4380.0,9701.0,9701.0,42490380.0,42490380.0,KOSPI,0.11
570098,한투 레버리지엔달러선물 ETN(H),6070.0,5018.0,5018.0,30459260.0,30459260.0,KOSPI,-1.46
451670,RISE 국채30년레버리지(합성),12120.0,335.0,335.0,4060200.0,4060200.0,KOSPI,2.76
400580,SOL 유럽탄소배출권선물S&P(H),12110.0,1607.0,1607.0,19460770.0,19460770.0,KOSPI,1.72
469530,RISE 미국달러선물인버스,9400.0,105.0,105.0,987000.0,987000.0,KOSPI,0.21
307510,TIGER 의료기기,11925.0,4221.0,4221.0,50335425.0,50335425.0,KOSPI,1.79
0191B0,MIDAS 코스닥액티브,29770.0,1797.0,1797.0,53496690.0,53496690.0,KOSPI,0.39
0114X0,RISE 글로벌게임테크TOP3Plus,9055.0,4406.0,4406.0,39896330.0,39896330.0,KOSPI,1.17
314700,HANARO 농업융복합산업,10655.0,1520.0,1520.0,16195600.0,16195600.0,KOSPI,0.14
433250,UNICORN R&D 액티브,23400.0,7.0,7.0,163800.0,163800.0,KOSPI,2.38
483020,KIWOOM 의료AI,8915.0,1620.0,1620.0,14442300.0,14442300.0,KOSPI,0.39
0087F0,ACE 차이나AI빅테크TOP2+액티브,11580.0,2102.0,2102.0,24341160.0,24341160.0,KOSPI,1.62
0229F0,마이티 신약포커스바이오액티브,8265.0,1048.0,1048.0,8661720.0,8661720.0,KOSPI,-4.56
610023,메리츠 레버리지 미국채10년 ETN(H),5785.0,519.0,519.0,3002415.0,3002415.0,KOSPI,0.78
401590,HANARO 글로벌탄소배출권선물ICE(합성),11340.0,11.0,11.0,124740.0,124740.0,KOSPI,0.76
0053M0,더제이 중소형포커스액티브,12840.0,49.0,49.0,629160.0,629160.0,KOSPI,0.47
407300,HANARO Fn골프테마,10400.0,1.0,1.0,10400.0,10400.0,KOSPI,0.0
219900,ACE 중국본토CSI300레버리지(합성),4080.0,1342.0,1342.0,5475360.0,5475360.0,KOSPI,2.13
26490K,크라운제과우,7360.0,1144.0,1144.0,8419840.0,8419840.0,KOSPI,-1.08
0184V0,UNICORN K바이오액티브,5300.0,35017.0,35017.0,185590100.0,185590100.0,KOSPI,-2.93
090355,노루페인트우,12000.0,120.0,120.0,1440000.0,1440000.0,KOSPI,0.25
291890,KODEX MSCI EM선물(H),12320.0,845.0,845.0,10410400.0,10410400.0,KOSPI,1.61
530094,삼성 인버스 코스닥 150 선물 ETN,5530.0,5.0,5.0,27650.0,27650.0,KOSPI,-0.9
432600,RISE 국채선물3년,55170.0,4.0,4.0,220680.0,220680.0,KOSPI,0.17
220130,SOL 차이나강소기업CSI500(합성 H),6870.0,8063.0,8063.0,55392810.0,55392810.0,KOSPI,1.7
390400,KODEX 미국스마트모빌리티S&P,6870.0,4109.0,4109.0,28228830.0,28228830.0,KOSPI,1.78
0102X0,ACE 유럽방산TOP10,9155.0,755.0,755.0,6912025.0,6912025.0,KOSPI,1.78
499150,SOL 미국S&P500엔화노출(H),10930.0,1654.0,1654.0,18078220.0,18078220.0,KOSPI,0.0
510027,대신 인버스 2X 코스닥 150 선물 ETN,1814.0,893.0,893.0,1619902.0,1619902.0,KOSPI,-1.25
238670,PLUS 스마트베타Quality채권혼합,13535.0,7150.0,7150.0,96775250.0,96775250.0,KOSPI,-0.11
580044,KB 인버스 2X KOSDAQ 150 선물 ETN,1804.0,34060.0,34060.0,61444240.0,61444240.0,KOSPI,-0.55
470310,UNICORN 생성형AI강소기업액티브,17840.0,1803.0,1803.0,32165520.0,32165520.0,KOSPI,2.03
413220,SOL 차이나태양광CSI(합성),4435.0,4906.0,4906.0,21758110.0,21758110.0,KOSPI,2.19
483030,KIWOOM 미국블록버스터바이오테크의약품+,11740.0,2317.0,2317.0,27201580.0,27201580.0,KOSPI,1.38
476310,RISE 글로벌비만산업TOP2+,9525.0,1078.0,1078.0,10267950.0,10267950.0,KOSPI,2.58
0015E0,KIWOOM 엔비디아미국30년국채혼합액티브(H),10465.0,2185.0,2185.0,22866025.0,22866025.0,KOSPI,0.87
002995,금호건설우,17880.0,5128.0,5128.0,91688640.0,91688640.0,KOSPI,-0.22
0174J0,DAISHIN 오피스리츠플러스,8590.0,6896.0,6896.0,59236640.0,59236640.0,KOSPI,-0.46
295000,RISE 국채선물10년,50970.0,19.0,19.0,968430.0,968430.0,KOSPI,0.38
0132D0,KoAct 글로벌K컬처밸류체인액티브,9250.0,94.0,94.0,869500.0,869500.0,KOSPI,0.71
530062,삼성 인버스 2X 은 선물 ETN(H),39.0,508392.0,508392.0,19827288.0,19827288.0,KOSPI,-7.14
411860,KIWOOM 독일DAX,16675.0,186.0,186.0,3101550.0,3101550.0,KOSPI,0.15
291630,KIWOOM 코스닥150선물레버리지,3400.0,32581.0,32581.0,110775400.0,110775400.0,KOSPI,0.89
490330,KoAct 미국치매&뇌질환치료제액티브,14030.0,908.0,908.0,12739240.0,12739240.0,KOSPI,-1.37
0154H0,KoAct 차이나바이오헬스케어액티브,8920.0,1129.0,1129.0,10070680.0,10070680.0,KOSPI,2.18
0015K0,TIGER 미국소비트렌드액티브,6975.0,14.0,14.0,97650.0,97650.0,KOSPI,0.14
0073X0,FOCUS 알리바바미국채커버드콜혼합,8870.0,460.0,460.0,4080200.0,4080200.0,KOSPI,0.91
760014,키움 바이오TOP10 ETN,6935.0,17.0,17.0,117895.0,117895.0,KOSPI,-1.35
550070,N2 인버스 레버리지 구리 선물 ETN(H),4830.0,9.0,9.0,43470.0,43470.0,KOSPI,-4.17
610029,메리츠 인버스 2X 구리 선물 ETN(H),4825.0,506.0,506.0,2441450.0,2441450.0,KOSPI,-5.11
267440,RISE 미국장기국채선물(H),8010.0,127.0,127.0,1017270.0,1017270.0,KOSPI,1.01
498610,RISE 인도디지털성장,7955.0,222.0,222.0,1766010.0,1766010.0,KOSPI,-0.06
391600,ACE 미국친환경그린테마,10365.0,456.0,456.0,4726440.0,4726440.0,KOSPI,2.07
0128D0,PLUS 차이나항셍테크위클리타겟커버드콜,6650.0,1545.0,1545.0,10274250.0,10274250.0,KOSPI,3.34
266550,PLUS 중형주저변동50,18525.0,2.0,2.0,37050.0,37050.0,KOSPI,0.0
474390,SOL 국고채30년액티브,40300.0,49.0,49.0,1974700.0,1974700.0,KOSPI,0.57
0078V0,PLUS 미국로보택시,9125.0,143.0,143.0,1304875.0,1304875.0,KOSPI,1.0
000545,흥국화재우,5920.0,45.0,45.0,266400.0,266400.0,KOSPI,-0.34
227560,TIGER 200 생활소비재,12550.0,39106.0,39106.0,490780300.0,490780300.0,KOSPI,0.16
488200,KIWOOM K-2차전지북미공급망,12590.0,1072.0,1072.0,13496480.0,13496480.0,KOSPI,0.28
530125,삼성 인버스 2X 일본니케이225선물 ETN(H),4400.0,2097.0,2097.0,9226800.0,9226800.0,KOSPI,-2.76
000145,하이트진로홀딩스우,9200.0,22.0,22.0,202400.0,202400.0,KOSPI,-0.54
205720,ACE 일본TOPIX인버스(합성 H),1441.0,1734.0,1734.0,2498694.0,2498694.0,KOSPI,-1.03
373790,KIWOOM 미국방어배당성장나스닥,15385.0,406.0,406.0,6246310.0,6246310.0,KOSPI,0.16
277650,TIGER 코스피중형주,21225.0,85.0,85.0,1804125.0,1804125.0,KOSPI,0.38
009415,태영건설우,6430.0,568.0,568.0,3652240.0,3652240.0,KOSPI,1.9
0050E0,PLUS 미국AI에이전트,8350.0,4727.0,4727.0,39470450.0,39470450.0,KOSPI,-0.54
0131A0,SOL 차이나소비트렌드,7430.0,91.0,91.0,676130.0,676130.0,KOSPI,1.43
226380,ACE Fn성장소비주도주,5700.0,185.0,185.0,1054500.0,1054500.0,KOSPI,-0.18
291680,RISE 차이나H선물인버스(H),7950.0,266.0,266.0,2114700.0,2114700.0,KOSPI,-0.87
005965,동부건설우,17440.0,63.0,63.0,1098720.0,1098720.0,KOSPI,0.98
252420,RISE 200선물인버스2X,77.0,1231851.0,1231851.0,94852527.0,94852527.0,KOSPI,-4.94
334690,RISE 팔라듐선물(H),5900.0,3018.0,3018.0,17806200.0,17806200.0,KOSPI,0.43
500041,신한 인버스 2X 구리 선물 ETN,759.0,1730.0,1730.0,1313070.0,1313070.0,KOSPI,-2.44
225030,TIGER 미국S&P500선물인버스(H),2265.0,8002.0,8002.0,18124530.0,18124530.0,KOSPI,-0.66
244660,KODEX 퀄리티Plus,9225.0,39.0,39.0,359775.0,359775.0,KOSPI,-0.65
243890,TIGER 200에너지화학레버리지,8025.0,5953.0,5953.0,47772825.0,47772825.0,KOSPI,-1.41
014825,동원시스템즈우,13440.0,68.0,68.0,913920.0,913920.0,KOSPI,-4.14
267490,RISE 미국장기국채선물레버리지(합성 H),4920.0,8.0,8.0,39360.0,39360.0,KOSPI,1.13
427120,RISE AI플랫폼,5040.0,4394.0,4394.0,22145760.0,22145760.0,KOSPI,0.4
570023,한투 인버스2XS&P500선물 ETN(H),684.0,23599.0,23599.0,16141716.0,16141716.0,KOSPI,-1.3
007575,일양약품우,7680.0,68.0,68.0,522240.0,522240.0,KOSPI,2.4
0079X0,ACE BYD밸류체인액티브,9610.0,1379.0,1379.0,13252190.0,13252190.0,KOSPI,1.48
014285,금강공업우,5600.0,181.0,181.0,1013600.0,1013600.0,KOSPI,0.0
36328K,티와이홀딩스우,2805.0,2347.0,2347.0,6583335.0,6583335.0,KOSPI,-1.92
321410,KODEX 멀티에셋하이인컴(H),10490.0,4451.0,4451.0,46690990.0,46690990.0,KOSPI,-0.33
005745,크라운해태홀딩스우,5190.0,274.0,274.0,1422060.0,1422060.0,KOSPI,3.39
491630,RISE 미국반도체인버스(합성 H),5285.0,37594.0,37594.0,198684290.0,198684290.0,KOSPI,-4.08
306530,HANARO 코스닥150선물레버리지,6770.0,15273.0,15273.0,103398210.0,103398210.0,KOSPI,0.97
454180,KIWOOM 차이나내수소비TOP CSI,7365.0,532.0,532.0,3918180.0,3918180.0,KOSPI,0.48
145670,ACE 인버스,1275.0,68719.0,68719.0,87616725.0,87616725.0,KOSPI,-2.3
001525,동양우,10670.0,31822.0,31822.0,339540740.0,339540740.0,KOSPI,29.96
476000,UNICORN 포스트IPO액티브,5040.0,148.0,148.0,745920.0,745920.0,KOSPI,0.5
014915,성문전자우,4605.0,1713.0,1713.0,7888365.0,7888365.0,KOSPI,-4.66
280940,KODEX 골드선물인버스(H),3440.0,3037.0,3037.0,10447280.0,10447280.0,KOSPI,-1.01
252410,RISE 200선물인버스,1298.0,58852.0,58852.0,76389896.0,76389896.0,KOSPI,-3.28
000227,유유제약2우B,7930.0,346.0,346.0,2743780.0,2743780.0,KOSPI,4.62
488210,KIWOOM K-반도체북미공급망,25220.0,4045.0,4045.0,102014900.0,102014900.0,KOSPI,2.31
291620,KIWOOM 코스닥150선물인버스,4350.0,34406.0,34406.0,149666100.0,149666100.0,KOSPI,0.23
253230,KIWOOM 200선물인버스2X,74.0,2306453.0,2306453.0,170677522.0,170677522.0,KOSPI,-5.13
580033,KB 인버스 2X 구리 선물 ETN(H),4830.0,204.0,204.0,985320.0,985320.0,KOSPI,-2.72
500051,신한 인버스 2X S&P500 선물 ETN,1187.0,69.0,69.0,81903.0,81903.0,KOSPI,-0.67
275750,RISE 코스닥150선물인버스,2485.0,761.0,761.0,1891085.0,1891085.0,KOSPI,-0.2
008355,남선알미우,7130.0,381.0,381.0,2716530.0,2716530.0,KOSPI,2.0
280320,ACE 미국IT인터넷(합성 H),21650.0,713.0,713.0,15436450.0,15436450.0,KOSPI,0.44
334700,RISE 팔라듐선물인버스(H),3265.0,165.0,165.0,538725.0,538725.0,KOSPI,-1.8
500030,신한 인버스 2X 은 선물 ETN(H),55.0,54585.0,54585.0,3002175.0,3002175.0,KOSPI,-8.33
700018,하나 인버스 2X 코스닥150 선물 ETN,1831.0,102.0,102.0,186762.0,186762.0,KOSPI,0.83
570070,한투 인버스2X플래티넘선물 ETN,1645.0,13.0,13.0,21385.0,21385.0,KOSPI,-2.43
253240,KIWOOM 200선물인버스,1293.0,40211.0,40211.0,51992823.0,51992823.0,KOSPI,-3.36
306520,HANARO 200선물인버스,2350.0,5790.0,5790.0,13606500.0,13606500.0,KOSPI,-2.49
004545,깨끗한나라우,3800.0,6346.0,6346.0,24114800.0,24114800.0,KOSPI,22.19
253160,PLUS 200선물인버스2X,150.0,1897924.0,1897924.0,284688600.0,284688600.0,KOSPI,-6.25
001527,동양2우B,6570.0,23438.0,23438.0,153987660.0,153987660.0,KOSPI,29.84
261920,ACE MSCI필리핀(합성),11880.0,425.0,425.0,5049000.0,5049000.0,KOSPI,-0.17
011155,CJ씨푸드1우,5640.0,1655.0,1655.0,9334200.0,9334200.0,KOSPI,-4.41
500038,신한 인버스 2X 금 선물 ETN,1100.0,10003.0,10003.0,11003300.0,11003300.0,KOSPI,-3.51
412560,TIGER BBIG레버리지,1578.0,2106.0,2106.0,3323268.0,3323268.0,KOSPI,0.32
004415,서울식품우,4365.0,2769.0,2769.0,12086685.0,12086685.0,KOSPI,1.28
002785,진흥기업우B,10520.0,6923.0,6923.0,72829960.0,72829960.0,KOSPI,10.74
465620,ACE 미국빅테크TOP7 Plus인버스(합성),6360.0,35.0,35.0,222600.0,222600.0,KOSPI,-1.62
002787,진흥기업2우B,16710.0,3306.0,3306.0,55243260.0,55243260.0,KOSPI,-6.18
196170,알테오젠,254000.0,216302.0,441576.0,54940708000.0,112160304000.0,KOSDAQ,0.0
086520,에코프로,81600.0,514178.0,848801.0,41956924800.0,69262161600.0,KOSDAQ,-0.85
247540,에코프로비엠,105300.0,341621.0,496896.0,35972691300.0,52323148800.0,KOSDAQ,2.53
036930,주성엔지니어링,204500.0,938565.0,938565.0,191936542500.0,191936542500.0,KOSDAQ,0.25
277810,레인보우로보틱스,434500.0,50485.0,82365.0,21935732500.0,35787592500.0,KOSDAQ,1.4
240810,원익IPS,121500.0,708616.0,708616.0,86096844000.0,86096844000.0,KOSDAQ,2.97
039030,이오테크닉스,452500.0,62647.0,87949.0,28347767500.0,39796922500.0,KOSDAQ,-2.16
058470,리노공업,69600.0,537110.0,833449.0,37382856000.0,58008050400.0,KOSDAQ,4.82
222800,심텍,125900.0,437571.0,835682.0,55090188900.0,105212363800.0,KOSDAQ,-1.79
108490,로보티즈,307500.0,224628.0,471858.0,69073110000.0,145096335000.0,KOSDAQ,-0.81
403870,HPSP,53700.0,1059348.0,1059348.0,56886987600.0,56886987600.0,KOSDAQ,1.13
028300,HLB,30050.0,1336168.0,2175505.0,40151848400.0,65373925250.0,KOSDAQ,-6.09
095340,ISC,186300.0,69958.0,97222.0,13033175400.0,18112458600.0,KOSDAQ,-0.85
000250,삼천당제약,160700.0,60459.0,93935.0,9715761300.0,15095354500.0,KOSDAQ,-1.71
319660,피에스케이,126700.0,137873.0,233513.0,17468509100.0,29586097100.0,KOSDAQ,0.4
087010,펩트론,155900.0,108239.0,220325.0,16874460100.0,34348667500.0,KOSDAQ,5.41
031980,피에스케이홀딩스,159900.0,104181.0,104181.0,16658541900.0,16658541900.0,KOSDAQ,-4.19
214450,파마리서치,327000.0,95260.0,144720.0,31150020000.0,47323440000.0,KOSDAQ,-0.76
084370,유진테크,137400.0,93415.0,135800.0,12835221000.0,18658920000.0,KOSDAQ,0.73
298380,에이비엘바이오,56200.0,429127.0,701498.0,24116937400.0,39424187600.0,KOSDAQ,-3.27
440110,파두,61000.0,227112.0,227112.0,13853832000.0,13853832000.0,KOSDAQ,-4.09
141080,리가켐바이오,81900.0,190300.0,274720.0,15585570000.0,22499568000.0,KOSDAQ,-1.56
064760,티씨케이,269000.0,31269.0,41729.0,8411361000.0,11225101000.0,KOSDAQ,-1.1
010170,대한광통신,18400.0,55512094.0,55512094.0,1021422529600.0,1021422529600.0,KOSDAQ,14.07
257720,실리콘투,41300.0,743499.0,1200138.0,30706508700.0,49565699400.0,KOSDAQ,-1.55
145020,휴젤,215000.0,162398.0,221864.0,34915570000.0,47700760000.0,KOSDAQ,-7.13
131290,티에스이,243000.0,60494.0,60494.0,14700042000.0,14700042000.0,KOSDAQ,-2.21
095610,테스,138100.0,133668.0,133668.0,18459550800.0,18459550800.0,KOSDAQ,1.32
357780,솔브레인,331000.0,14753.0,20814.0,4883243000.0,6889434000.0,KOSDAQ,0.46
067310,하나마이크론,38550.0,1624727.0,1624727.0,62633225850.0,62633225850.0,KOSDAQ,2.53
226950,올릭스,112000.0,192270.0,274397.0,21534240000.0,30732464000.0,KOSDAQ,-1.93
319400,현대무벡스,22850.0,3230581.0,3230581.0,73818775850.0,73818775850.0,KOSDAQ,5.79
080220,제주반도체,73400.0,628667.0,628667.0,46144157800.0,46144157800.0,KOSDAQ,1.24
310210,보로노이,132800.0,121798.0,176253.0,16174774400.0,23406398400.0,KOSDAQ,-6.08
032820,우리기술,13970.0,6248051.0,6248051.0,87285272470.0,87285272470.0,KOSDAQ,4.8
140410,메지온,75100.0,147651.0,147651.0,11088590100.0,11088590100.0,KOSDAQ,1.35
058610,에스피지,99100.0,184313.0,519253.0,18265418300.0,51457972300.0,KOSDAQ,0.61
178320,서진시스템,34050.0,1125811.0,1125811.0,38333864550.0,38333864550.0,KOSDAQ,-0.58
263750,펄어비스,34500.0,271468.0,331542.0,9365646000.0,11438199000.0,KOSDAQ,1.02
214370,케어젠,40100.0,64140.0,104264.0,2572014000.0,4180986400.0,KOSDAQ,-1.72
005290,동진쎄미켐,41200.0,151433.0,327091.0,6239039600.0,13476149200.0,KOSDAQ,0.73
347850,디앤디파마텍,45000.0,722479.0,722479.0,32511555000.0,32511555000.0,KOSDAQ,-2.28
214150,클래시스,31450.0,303100.0,377063.0,9532495000.0,11858631350.0,KOSDAQ,0.0
030530,원익홀딩스,26300.0,1722681.0,1722681.0,45306510300.0,45306510300.0,KOSDAQ,3.14
043260,성호전자,26400.0,20049355.0,20049355.0,529302972000.0,529302972000.0,KOSDAQ,22.22
083650,비에이치아이,64100.0,412306.0,724615.0,26428814600.0,46447821500.0,KOSDAQ,-0.77
237690,에스티팜,92700.0,141015.0,241858.0,13072090500.0,22420236600.0,KOSDAQ,0.87
098460,고영,27750.0,1560758.0,1560758.0,43311034500.0,43311034500.0,KOSDAQ,-1.94
041510,에스엠,81600.0,141642.0,179017.0,11557987200.0,14607787200.0,KOSDAQ,-0.12
140860,파크시스템스,254000.0,15278.0,19354.0,3880612000.0,4915916000.0,KOSDAQ,-2.12
060370,LS마린솔루션,33650.0,498732.0,939596.0,16782331800.0,31617405400.0,KOSDAQ,5.32
068760,셀트리온제약,39100.0,304847.0,339967.0,11919517700.0,13292709700.0,KOSDAQ,-0.26
089030,테크윙,45700.0,407041.0,407041.0,18601773700.0,18601773700.0,KOSDAQ,-0.44
131970,두산테스나,86300.0,473663.0,862735.0,40877116900.0,74454030500.0,KOSDAQ,9.38
218410,RFHIC,61300.0,1839775.0,3729985.0,112778207500.0,228648080500.0,KOSDAQ,14.79
437730,삼현,51000.0,633085.0,2212452.0,32287335000.0,112835052000.0,KOSDAQ,5.48
007390,네이처셀,24700.0,120611.0,215797.0,2979091700.0,5330185900.0,KOSDAQ,0.41
183300,코미코,30850.0,1434054.0,1951371.0,44240565900.0,60199795350.0,KOSDAQ,5.65
096530,씨젠,33900.0,254955.0,399899.0,8642974500.0,13556576100.0,KOSDAQ,0.59
036540,SFA반도체,8990.0,4903347.0,4903347.0,44081089530.0,44081089530.0,KOSDAQ,3.93
089970,브이엠,55100.0,1211667.0,1608840.0,66762851700.0,88647084000.0,KOSDAQ,4.36
420770,기가비스,112100.0,361958.0,439339.0,40575491800.0,49249901900.0,KOSDAQ,12.1
039200,오스코텍,37050.0,127080.0,179646.0,4708314000.0,6655884300.0,KOSDAQ,-1.07
241710,코스메카코리아,132100.0,40425.0,61377.0,5340142500.0,8107901700.0,KOSDAQ,0.99
0009K0,에임드바이오,21650.0,248033.0,324463.0,5369914450.0,7024623950.0,KOSDAQ,-4.42
078600,대주전자재료,88000.0,68237.0,155291.0,6004856000.0,13665608000.0,KOSDAQ,1.97
323280,태성,45250.0,168914.0,347282.0,7643358500.0,15714510500.0,KOSDAQ,-0.22
035900,JYP Ent.,38700.0,148737.0,197056.0,5756121900.0,7626067200.0,KOSDAQ,0.26
204270,제이앤티씨,23700.0,1305236.0,1305236.0,30934093200.0,30934093200.0,KOSDAQ,5.8
950160,코오롱티슈진,15970.0,467675.0,467675.0,7468769750.0,7468769750.0,KOSDAQ,-1.9
082920,비츠로셀,29450.0,1132738.0,1269576.0,33359134100.0,37389013200.0,KOSDAQ,0.86
347700,스피어,24450.0,2173093.0,2173093.0,53132123850.0,53132123850.0,KOSDAQ,2.95
003380,하림지주,11100.0,361133.0,361133.0,4008576300.0,4008576300.0,KOSDAQ,-0.45
290650,엘앤씨바이오,46000.0,157318.0,205810.0,7236628000.0,9467260000.0,KOSDAQ,-1.08
127120,제이에스링크,32450.0,845121.0,898395.0,27424176450.0,29152917750.0,KOSDAQ,0.31
195940,HK이노엔,38900.0,128228.0,153573.0,4988069200.0,5973989700.0,KOSDAQ,-0.51
166090,하나머티리얼즈,55400.0,120841.0,183297.0,6694591400.0,10154653800.0,KOSDAQ,2.97
252990,샘씨엔에스,17300.0,668809.0,668809.0,11570395700.0,11570395700.0,KOSDAQ,3.22
056190,SFA,28150.0,192482.0,264155.0,5418368300.0,7435963250.0,KOSDAQ,3.3
293490,카카오게임즈,9290.0,362222.0,362222.0,3365042380.0,3365042380.0,KOSDAQ,-3.23
232140,와이씨,11960.0,1060556.0,1060556.0,12684249760.0,12684249760.0,KOSDAQ,0.25
086450,동국제약,21050.0,321544.0,486646.0,6768501200.0,10243898300.0,KOSDAQ,-0.24
458870,씨어스,24750.0,214548.0,321212.0,5310063000.0,7949997000.0,KOSDAQ,4.87
100790,미래에셋벤처투자,17670.0,1004062.0,1004062.0,17741775540.0,17741775540.0,KOSDAQ,3.39
417200,LS머트리얼즈,13730.0,2586311.0,2586311.0,35510050030.0,35510050030.0,KOSDAQ,4.41
950260,인제니아테라퓨틱스(Reg.S),18330.0,4855181.0,4855181.0,88995467730.0,88995467730.0,KOSDAQ,2.23
119850,지엔씨에너지,54000.0,1486686.0,3070675.0,80281044000.0,165816450000.0,KOSDAQ,5.26
356860,티엘비,37450.0,427588.0,965450.0,16013170600.0,36156102500.0,KOSDAQ,-0.13
101490,에스앤에스텍,41450.0,112301.0,218644.0,4654876450.0,9062793800.0,KOSDAQ,1.47
327260,RF머트리얼즈,48650.0,1361405.0,1361405.0,66232353250.0,66232353250.0,KOSDAQ,7.28
099320,쎄트렉아이,78900.0,51708.0,99312.0,4079761200.0,7835716800.0,KOSDAQ,0.77
014620,성광벤드,32300.0,99091.0,173531.0,3200639300.0,5605051300.0,KOSDAQ,0.31
083450,GST,46450.0,74381.0,144517.0,3454997450.0,6712814650.0,KOSDAQ,-0.21
065350,신성델타테크,30900.0,149664.0,238691.0,4624617600.0,7375551900.0,KOSDAQ,0.16
036830,솔브레인홀딩스,41400.0,153763.0,161968.0,6365788200.0,6705475200.0,KOSDAQ,1.47
031330,에스에이엠티,8340.0,430445.0,430445.0,3589911300.0,3589911300.0,KOSDAQ,3.6
032500,케이엠더블유,19650.0,617342.0,1173931.0,12130770300.0,23067744150.0,KOSDAQ,8.09
388720,유일로보틱스,69700.0,17773.0,36285.0,1238778100.0,2529064500.0,KOSDAQ,0.14
115180,큐리언트,21850.0,87269.0,115103.0,1906827650.0,2515000550.0,KOSDAQ,-2.46
160190,하이젠알앤엠,26550.0,894252.0,894252.0,23742390600.0,23742390600.0,KOSDAQ,10.4
122870,와이지엔터테인먼트,43600.0,104237.0,125963.0,4544733200.0,5491986800.0,KOSDAQ,-1.13
475830,오름테라퓨틱,37400.0,33235.0,71064.0,1242989000.0,2657793600.0,KOSDAQ,-29.96
035760,CJ ENM,36600.0,113280.0,132810.0,4146048000.0,4860846000.0,KOSDAQ,-2.4
445680,큐리옥스바이오시스템즈,46000.0,106859.0,166636.0,4915514000.0,7665256000.0,KOSDAQ,-3.56
090710,휴림로봇,6490.0,2106184.0,2106184.0,13669134160.0,13669134160.0,KOSDAQ,5.87
032190,다우데이타,20200.0,25556.0,40459.0,516231200.0,817271800.0,KOSDAQ,0.25
041830,인바디,57300.0,78347.0,88230.0,4489283100.0,5055579000.0,KOSDAQ,-1.38
033100,제룡전기,48000.0,151010.0,303886.0,7248480000.0,14586528000.0,KOSDAQ,3.11
090360,로보스타,78700.0,68982.0,157867.0,5428883400.0,12424132900.0,KOSDAQ,0.0
251970,펌텍코리아,61700.0,67960.0,85305.0,4193132000.0,5263318500.0,KOSDAQ,-0.32
491000,리브스메드,29950.0,313411.0,313411.0,9386659450.0,9386659450.0,KOSDAQ,4.54
044490,태웅,37800.0,108901.0,271282.0,4116457800.0,10254459600.0,KOSDAQ,0.67
476830,알지노믹스,26850.0,305110.0,472394.0,8192203500.0,12683778900.0,KOSDAQ,-2.54
295310,에이치브이엠,60400.0,185311.0,408472.0,11192784400.0,24671708800.0,KOSDAQ,-0.49
053800,안랩,67300.0,135589.0,201446.0,9125139700.0,13557315800.0,KOSDAQ,2.91
038500,삼표시멘트,6920.0,275547.0,275547.0,1906785240.0,1906785240.0,KOSDAQ,2.67
085660,차바이오텍,7970.0,371652.0,496150.0,2962066440.0,3954315500.0,KOSDAQ,2.44
074600,원익QnC,28150.0,175088.0,306114.0,4928727200.0,8617109100.0,KOSDAQ,3.49
161580,필옵틱스,31500.0,145029.0,379937.0,4568413500.0,11968015500.0,KOSDAQ,0.0
189300,인텔리안테크,68600.0,73741.0,149300.0,5058632600.0,10241980000.0,KOSDAQ,-1.01
225570,넥슨게임즈,11180.0,129191.0,166111.0,1444355380.0,1857120980.0,KOSDAQ,-2.36
041960,코미팜,9830.0,202388.0,202388.0,1989474040.0,1989474040.0,KOSDAQ,4.02
213420,덕산네오룩스,29450.0,164239.0,212259.0,4836838550.0,6251027550.0,KOSDAQ,-1.01
466100,클로봇,23300.0,209327.0,509679.0,4877319100.0,11875520700.0,KOSDAQ,1.3
171090,선익시스템,71000.0,32210.0,69120.0,2286910000.0,4907520000.0,KOSDAQ,-0.42
006730,서부T&D,11160.0,160785.0,160785.0,1794360600.0,1794360600.0,KOSDAQ,-0.62
388210,씨엠티엑스,74000.0,36362.0,69324.0,2690788000.0,5129976000.0,KOSDAQ,2.35
281740,레이크머티리얼즈,10830.0,270482.0,270482.0,2929320060.0,2929320060.0,KOSDAQ,0.46
124500,아이티센글로벌,30200.0,229700.0,585550.0,6936940000.0,17683610000.0,KOSDAQ,4.5
425420,티에프이,56600.0,57392.0,97424.0,3248387200.0,5514198400.0,KOSDAQ,-1.74
023160,태광,26550.0,153577.0,253983.0,4077469350.0,6743248650.0,KOSDAQ,1.53
137400,피엔티,28950.0,79957.0,116172.0,2314755150.0,3363179400.0,KOSDAQ,1.4
476060,온코닉테라퓨틱스,14830.0,175530.0,460123.0,2603109900.0,6823624090.0,KOSDAQ,-1.92
033790,피노,8080.0,2057659.0,2057659.0,16625884720.0,16625884720.0,KOSDAQ,8.75
093320,케이아이엔엑스,137500.0,10673.0,11706.0,1467537500.0,1609575000.0,KOSDAQ,0.07
059090,미코,20000.0,178911.0,379798.0,3578220000.0,7595960000.0,KOSDAQ,-1.23
048410,현대바이오,6830.0,884018.0,884018.0,6037842940.0,6037842940.0,KOSDAQ,2.55
328130,루닛,8770.0,1290155.0,4296334.0,11314659350.0,37678849180.0,KOSDAQ,5.66
121600,나노신소재,53200.0,99504.0,145620.0,5293612800.0,7746984000.0,KOSDAQ,3.1
122640,예스티,29600.0,277526.0,277526.0,8214769600.0,8214769600.0,KOSDAQ,2.07
253450,스튜디오드래곤,21000.0,88664.0,130740.0,1861944000.0,2745540000.0,KOSDAQ,0.24
033640,네패스,26700.0,294866.0,566636.0,7872922200.0,15129181200.0,KOSDAQ,-0.19
358570,지아이이노베이션,9450.0,403108.0,603385.0,3809370600.0,5701988250.0,KOSDAQ,4.07
064290,인텍플러스,46800.0,365017.0,365017.0,17082795600.0,17082795600.0,KOSDAQ,-3.01
222080,SFA넥셀,7750.0,359061.0,359061.0,2782722750.0,2782722750.0,KOSDAQ,1.44
050890,쏠리드,9740.0,3880103.0,3880103.0,37792203220.0,37792203220.0,KOSDAQ,4.28
102710,이엔에프테크놀로지,41350.0,55163.0,79187.0,2280990050.0,3274382450.0,KOSDAQ,0.0
053610,프로텍,65200.0,12941.0,29241.0,843753200.0,1906513200.0,KOSDAQ,0.31
036810,에프에스티,26950.0,93334.0,162478.0,2515351300.0,4378782100.0,KOSDAQ,0.19
126340,비나텍,81100.0,249816.0,522525.0,20260077600.0,42376777500.0,KOSDAQ,4.78
046890,서울반도체,9890.0,117774.0,206007.0,1164784860.0,2037409230.0,KOSDAQ,0.41
094170,동운아나텍,27200.0,57467.0,103218.0,1563102400.0,2807529600.0,KOSDAQ,-0.91
045100,한양이엔지,31800.0,158598.0,285711.0,5043416400.0,9085609800.0,KOSDAQ,5.3
052400,코나아이,37900.0,33156.0,61918.0,1256612400.0,2346692200.0,KOSDAQ,1.07
079940,가비아,40450.0,105447.0,120430.0,4265331150.0,4871393500.0,KOSDAQ,3.45
253590,네오셈,12270.0,412055.0,412055.0,5055914850.0,5055914850.0,KOSDAQ,0.25
060250,NHN KCP,13250.0,200456.0,200456.0,2656042000.0,2656042000.0,KOSDAQ,0.53
009520,포스코엠텍,12720.0,80935.0,153799.0,1029493200.0,1956323280.0,KOSDAQ,0.32
456160,지투지바이오,31800.0,155189.0,281338.0,4935010200.0,8946548400.0,KOSDAQ,-3.64
490470,세미파이브,15500.0,356991.0,356991.0,5533360500.0,5533360500.0,KOSDAQ,2.24
077360,덕산하이메탈,11550.0,1171491.0,1171491.0,13530721050.0,13530721050.0,KOSDAQ,2.94
211050,인카금융서비스,10500.0,55953.0,62754.0,587506500.0,658917000.0,KOSDAQ,-0.66
037460,삼지전자,31350.0,39033.0,39033.0,1223684550.0,1223684550.0,KOSDAQ,2.62
112040,위메이드,14990.0,145337.0,231248.0,2178601630.0,3466407520.0,KOSDAQ,-2.15
399720,가온칩스,42400.0,231508.0,1230944.0,9815939200.0,52192025600.0,KOSDAQ,4.95
025980,아난티,5160.0,1408544.0,1408544.0,7268087040.0,7268087040.0,KOSDAQ,0.78
397030,에이프릴바이오,18140.0,187265.0,265189.0,3396987100.0,4810528460.0,KOSDAQ,0.55
033500,동성화인텍,16640.0,40817.0,63740.0,679194880.0,1060633600.0,KOSDAQ,-0.18
356680,엑스게이트,17370.0,5257946.0,5257946.0,91330522020.0,91330522020.0,KOSDAQ,0.7
376900,로킷헬스케어,28350.0,97980.0,189293.0,2777733000.0,5366456550.0,KOSDAQ,2.16
101160,월덱스,29900.0,21437.0,38436.0,640966300.0,1149236400.0,KOSDAQ,-0.17
052020,에스티큐브,7260.0,294452.0,294452.0,2137721520.0,2137721520.0,KOSDAQ,-0.95
019210,와이지-원,13260.0,700435.0,700435.0,9287768100.0,9287768100.0,KOSDAQ,0.84
086900,메디톡스,67100.0,27777.0,35176.0,1863836700.0,2360309600.0,KOSDAQ,-0.74
035890,서희건설,2330.0,154745.0,154745.0,360555850.0,360555850.0,KOSDAQ,1.3
056080,유진로봇,12640.0,659029.0,659029.0,8330126560.0,8330126560.0,KOSDAQ,7.67
099190,아이센스,16200.0,44515.0,63315.0,721143000.0,1025703000.0,KOSDAQ,2.21
015750,성우하이텍,5980.0,195009.0,282973.0,1166153820.0,1692178540.0,KOSDAQ,0.17
460930,현대힘스,13270.0,83066.0,191442.0,1102285820.0,2540435340.0,KOSDAQ,-1.63
034950,한국기업평가,103600.0,710.0,1013.0,73556000.0,104946800.0,KOSDAQ,0.48
089890,코세스,28350.0,186750.0,315131.0,5294362500.0,8933963850.0,KOSDAQ,2.16
027360,아주IB투자,3880.0,6841066.0,6841066.0,26543336080.0,26543336080.0,KOSDAQ,0.65
383310,에코프로에이치엔,22400.0,90009.0,90009.0,2016201600.0,2016201600.0,KOSDAQ,-0.88
080580,오킨스전자,22150.0,300788.0,300788.0,6662454200.0,6662454200.0,KOSDAQ,-1.12
082270,젬백스,10200.0,144166.0,197878.0,1470493200.0,2018355600.0,KOSDAQ,0.0
069540,빛과전자,4100.0,18379922.0,18379922.0,75357680200.0,75357680200.0,KOSDAQ,0.12
092870,엑시콘,35400.0,251593.0,251593.0,8906392200.0,8906392200.0,KOSDAQ,5.04
368770,파이버프로,13930.0,368500.0,368500.0,5133205000.0,5133205000.0,KOSDAQ,6.09
365340,성일하이텍,35200.0,36199.0,46517.0,1274204800.0,1637398400.0,KOSDAQ,0.57
219130,타이거일렉,72000.0,21685.0,21685.0,1561320000.0,1561320000.0,KOSDAQ,0.28
214430,아이쓰리시스템,62200.0,15557.0,23992.0,967645400.0,1492302400.0,KOSDAQ,1.97
348340,뉴로메카,19410.0,414416.0,414416.0,8043814560.0,8043814560.0,KOSDAQ,5.49
278280,천보,37000.0,17863.0,26937.0,660931000.0,996669000.0,KOSDAQ,-0.27
144960,뉴파워프라즈마,10230.0,1489008.0,1489008.0,15232551840.0,15232551840.0,KOSDAQ,7.68
348370,엔켐,20350.0,166233.0,254523.0,3382841550.0,5179543050.0,KOSDAQ,0.74
041190,우리기술투자,5560.0,1806238.0,1806238.0,10042683280.0,10042683280.0,KOSDAQ,6.11
098120,마이크로컨텍솔,53200.0,132417.0,132417.0,7044584400.0,7044584400.0,KOSDAQ,2.11
340570,티앤엘,27450.0,68016.0,114426.0,1867039200.0,3140993700.0,KOSDAQ,1.48
336570,원텍,4930.0,373123.0,373123.0,1839496390.0,1839496390.0,KOSDAQ,-0.3
024850,HLB이노베이션,13830.0,317731.0,317731.0,4394219730.0,4394219730.0,KOSDAQ,-7.49
125490,한라캐스트,11930.0,8575783.0,8575783.0,102309091190.0,102309091190.0,KOSDAQ,6.71
013030,하이록코리아,36650.0,63428.0,97217.0,2324636200.0,3563003050.0,KOSDAQ,2.37
067160,SOOP,37000.0,40345.0,45332.0,1492765000.0,1677284000.0,KOSDAQ,-0.8
290550,디케이티,21250.0,876850.0,876850.0,18633062500.0,18633062500.0,KOSDAQ,13.51
332570,PS일렉트로닉스,9170.0,4540599.0,4540599.0,41637292830.0,41637292830.0,KOSDAQ,6.5
187660,페니트리움바이오,6530.0,1042337.0,1042337.0,6806460610.0,6806460610.0,KOSDAQ,0.77
104830,원익머트리얼즈,32750.0,26985.0,37028.0,883758750.0,1212667000.0,KOSDAQ,1.55
030520,한컴,17070.0,69523.0,89303.0,1186757610.0,1524402210.0,KOSDAQ,0.65
204620,글로벌텍스프리,5850.0,561332.0,561332.0,3283792200.0,3283792200.0,KOSDAQ,-0.51
018290,브이티,11740.0,100108.0,139676.0,1175267920.0,1639796240.0,KOSDAQ,-0.09
376300,디어유,17140.0,41151.0,59827.0,705328140.0,1025434780.0,KOSDAQ,-0.23
272290,이녹스첨단소재,20400.0,57075.0,102958.0,1164330000.0,2100343200.0,KOSDAQ,-1.45
078340,컴투스,33450.0,78888.0,107859.0,2638803600.0,3607883550.0,KOSDAQ,-0.89
078130,국일제지,3520.0,108144.0,108144.0,380666880.0,380666880.0,KOSDAQ,-1.68
092190,서울바이오시스,8610.0,203332.0,203332.0,1750688520.0,1750688520.0,KOSDAQ,-1.37
241770,메카로,38600.0,7200.0,12828.0,277920000.0,495160800.0,KOSDAQ,0.78
174900,앱클론,19550.0,118482.0,118482.0,2316323100.0,2316323100.0,KOSDAQ,-2.98
468530,프로티나,35000.0,120366.0,218401.0,4212810000.0,7644035000.0,KOSDAQ,3.24
101730,위메이드맥스,4625.0,308671.0,864166.0,1427603375.0,3996767750.0,KOSDAQ,-3.04
095660,네오위즈,17800.0,54205.0,64229.0,964849000.0,1143276200.0,KOSDAQ,-1.87
441270,파인엠텍,9040.0,778361.0,1525594.0,7036383440.0,13791369760.0,KOSDAQ,-3.83
107640,한중엔시에스,41900.0,65990.0,136028.0,2764981000.0,5699573200.0,KOSDAQ,1.58
477850,마키나락스,21300.0,348451.0,348451.0,7422006300.0,7422006300.0,KOSDAQ,3.4
006910,보성파워텍,7680.0,2078312.0,2078312.0,15961436160.0,15961436160.0,KOSDAQ,4.92
078350,한양디지텍,24700.0,1761816.0,3302071.0,43516855200.0,81561153700.0,KOSDAQ,10.51
089010,켐트로닉스,22450.0,43525.0,99150.0,977136250.0,2225917500.0,KOSDAQ,1.13
439960,코스모로보틱스,11520.0,625372.0,625372.0,7204285440.0,7204285440.0,KOSDAQ,2.58
486990,노타,17460.0,57497.0,116862.0,1003897620.0,2040410520.0,KOSDAQ,1.04
475960,토모큐브,27350.0,19535.0,31212.0,534282250.0,853648200.0,KOSDAQ,-2.5
092730,네오팜,22900.0,52356.0,71958.0,1198952400.0,1647838200.0,KOSDAQ,-0.22
386380,스카이랩스,19540.0,1737762.0,1737762.0,33955869480.0,33955869480.0,KOSDAQ,-3.51
018000,유니슨,1255.0,1779511.0,1779511.0,2233286305.0,2233286305.0,KOSDAQ,2.53
042000,카페24,15070.0,74100.0,108406.0,1116687000.0,1633678420.0,KOSDAQ,-2.02
078020,LS증권,6530.0,35230.0,35230.0,230051900.0,230051900.0,KOSDAQ,0.0
215200,메가스터디교육,34950.0,27184.0,34848.0,950080800.0,1217937600.0,KOSDAQ,0.14
003800,에이스침대,32650.0,1157.0,1157.0,37776050.0,37776050.0,KOSDAQ,0.0
036800,나이스정보통신,7950.0,138667.0,172346.0,1102402650.0,1370150700.0,KOSDAQ,-0.38
033160,엠케이전자,14660.0,430400.0,430400.0,6309664000.0,6309664000.0,KOSDAQ,2.88
170920,엘티씨,34000.0,129832.0,129832.0,4414288000.0,4414288000.0,KOSDAQ,3.5
046970,우리로,8140.0,19835120.0,19835120.0,161457876800.0,161457876800.0,KOSDAQ,15.95
236200,슈프리마,51100.0,16686.0,23570.0,852654600.0,1204427000.0,KOSDAQ,-0.39
025320,시노펙스,3850.0,266388.0,513213.0,1025593800.0,1975870050.0,KOSDAQ,1.05
114810,한솔아이원스,12560.0,82798.0,117094.0,1039942880.0,1470700640.0,KOSDAQ,2.28
025900,동화기업,6940.0,29149.0,57126.0,202294060.0,396454440.0,KOSDAQ,0.73
393890,더블유씨피,10320.0,478619.0,478619.0,4939348080.0,4939348080.0,KOSDAQ,6.39
078160,메디포스트,8890.0,26915.0,46608.0,239274350.0,414345120.0,KOSDAQ,-0.67
069080,웹젠,11190.0,249689.0,255195.0,2794019910.0,2855632050.0,KOSDAQ,-0.71
079370,제우스,11080.0,310972.0,310972.0,3445569760.0,3445569760.0,KOSDAQ,6.54
448900,한국피아이엠,56300.0,117950.0,241878.0,6640585000.0,13617731400.0,KOSDAQ,7.85
138080,오이솔루션,27600.0,765868.0,765868.0,21137956800.0,21137956800.0,KOSDAQ,2.22
348210,넥스틴,32350.0,51173.0,69826.0,1655446550.0,2258871100.0,KOSDAQ,2.86
389470,인벤티지랩,25450.0,79837.0,123663.0,2031851650.0,3147223350.0,KOSDAQ,-2.3
417840,저스템,14770.0,590183.0,590183.0,8717002910.0,8717002910.0,KOSDAQ,2.57
036620,감성코퍼레이션,3755.0,125342.0,175928.0,470659210.0,660609640.0,KOSDAQ,0.54
200710,에이디테크놀로지,25050.0,96147.0,317165.0,2408482350.0,7944983250.0,KOSDAQ,2.24
060280,큐렉소,8080.0,458748.0,458748.0,3706683840.0,3706683840.0,KOSDAQ,3.32
488900,비츠로넥스텍,11470.0,228431.0,617259.0,2620103570.0,7079960730.0,KOSDAQ,-5.44
121440,골프존홀딩스,7750.0,8160.0,8160.0,63240000.0,63240000.0,KOSDAQ,-0.64
455900,엔젤로보틱스,21300.0,50995.0,89009.0,1086193500.0,1895891700.0,KOSDAQ,4.41
372320,큐로셀,21500.0,17156.0,32224.0,368854000.0,692816000.0,KOSDAQ,0.0
456010,아이씨티케이,22350.0,2133767.0,2133767.0,47689692450.0,47689692450.0,KOSDAQ,9.02
064260,다날,4255.0,2233732.0,2233732.0,9504529660.0,9504529660.0,KOSDAQ,-5.44
330860,네패스아크,26400.0,207705.0,207705.0,5483412000.0,5483412000.0,KOSDAQ,0.76
200470,에이팩트,7310.0,1527360.0,1527360.0,11165001600.0,11165001600.0,KOSDAQ,4.43
900290,GRT,3425.0,155485.0,155485.0,532536125.0,532536125.0,KOSDAQ,-1.01
110990,디아이티,16780.0,90086.0,156842.0,1511643080.0,2631808760.0,KOSDAQ,3.07
052710,아모텍,16960.0,2352659.0,2352659.0,39901096640.0,39901096640.0,KOSDAQ,6.8
452430,사피엔반도체,38350.0,36881.0,70823.0,1414386350.0,2716062050.0,KOSDAQ,-1.92
093520,매커스,26500.0,6377.0,9565.0,168990500.0,253472500.0,KOSDAQ,0.19
206650,유바이오로직스,8440.0,64579.0,64579.0,545046760.0,545046760.0,KOSDAQ,1.44
039440,에스티아이,19980.0,75120.0,150026.0,1500897600.0,2997519480.0,KOSDAQ,3.68
215600,신라젠,2220.0,306207.0,306207.0,679779540.0,679779540.0,KOSDAQ,0.0
424870,이뮨온시아,3365.0,1430638.0,4550077.0,4814096870.0,15311009105.0,KOSDAQ,-2.32
042370,비츠로테크,11630.0,6606173.0,6606173.0,76829791990.0,76829791990.0,KOSDAQ,1.66
025770,한국정보통신,8120.0,18665.0,18665.0,151559800.0,151559800.0,KOSDAQ,1.25
091580,상신이디피,22800.0,624578.0,624578.0,14240378400.0,14240378400.0,KOSDAQ,5.8
071200,인피니트헬스케어,12430.0,123552.0,123552.0,1535751360.0,1535751360.0,KOSDAQ,-7.24
168360,펨트론,13530.0,64080.0,106489.0,867002400.0,1440796170.0,KOSDAQ,2.73
352480,씨앤씨인터내셔널,22000.0,8863.0,13095.0,194986000.0,288090000.0,KOSDAQ,-0.45
035810,이지홀딩스,4630.0,76790.0,76790.0,355537700.0,355537700.0,KOSDAQ,0.22
101930,인화정공,6520.0,10557.0,18376.0,68831640.0,119811520.0,KOSDAQ,0.46
117730,티로보틱스,13200.0,241664.0,1378990.0,3189964800.0,18202668000.0,KOSDAQ,7.32
017890,한국알콜,14300.0,16439.0,16439.0,235077700.0,235077700.0,KOSDAQ,0.85
067630,HLB생명과학,2405.0,157416.0,157416.0,378585480.0,378585480.0,KOSDAQ,-5.69
159010,아스플로,21950.0,69131.0,69131.0,1517425450.0,1517425450.0,KOSDAQ,3.54
199800,툴젠,32200.0,15680.0,21855.0,504896000.0,703731000.0,KOSDAQ,-0.31
228760,지노믹트리,11600.0,545932.0,920820.0,6332811200.0,10681512000.0,KOSDAQ,13.84
472850,폰드그룹,5000.0,13190.0,54907.0,65950000.0,274535000.0,KOSDAQ,0.4
203650,드림시큐리티,2830.0,2325286.0,2325286.0,6580559380.0,6580559380.0,KOSDAQ,2.54
061970,LB세미콘,4100.0,242800.0,242800.0,995480000.0,995480000.0,KOSDAQ,-0.36
049070,인탑스,18210.0,67234.0,109613.0,1224331140.0,1996052730.0,KOSDAQ,-1.78
099440,스맥,4200.0,148085.0,148085.0,621957000.0,621957000.0,KOSDAQ,-3.0
482630,삼양엔씨켐,13050.0,83744.0,83744.0,1092859200.0,1092859200.0,KOSDAQ,-2.39
234340,헥토파이낸셜,20300.0,467194.0,467194.0,9484038200.0,9484038200.0,KOSDAQ,8.96
092460,한라IMS,16470.0,6314.0,12410.0,103991580.0,204392700.0,KOSDAQ,-1.55
136480,하림,2650.0,153503.0,153503.0,406782950.0,406782950.0,KOSDAQ,0.0
054950,제이브이엠,23250.0,11285.0,13536.0,262376250.0,314712000.0,KOSDAQ,0.65
200670,휴메딕스,25000.0,161913.0,169278.0,4047825000.0,4231950000.0,KOSDAQ,-0.2
036200,유니셈,9110.0,490842.0,850409.0,4471570620.0,7747225990.0,KOSDAQ,0.55
084110,휴온스글로벌,22000.0,150405.0,157796.0,3308910000.0,3471512000.0,KOSDAQ,-0.9
024840,KBI메탈,6430.0,15299758.0,15299758.0,98377443940.0,98377443940.0,KOSDAQ,9.35
265520,AP시스템,18450.0,60130.0,75778.0,1109398500.0,1398104100.0,KOSDAQ,-0.7
098070,한텍,24950.0,36307.0,71516.0,905859650.0,1784324200.0,KOSDAQ,1.22
484590,삼양컴텍,6700.0,107824.0,107824.0,722420800.0,722420800.0,KOSDAQ,-0.15
294570,쿠콘,27300.0,286511.0,1259014.0,7821750300.0,34371082200.0,KOSDAQ,12.81
035600,KG이니시스,9970.0,41968.0,59235.0,418420960.0,590572950.0,KOSDAQ,0.0
448280,에코아이,9230.0,3615.0,7112.0,33366450.0,65643760.0,KOSDAQ,1.43
389500,에스비비테크,40850.0,71904.0,71904.0,2937278400.0,2937278400.0,KOSDAQ,2.13
160980,싸이맥스,24900.0,103369.0,103369.0,2573888100.0,2573888100.0,KOSDAQ,-0.4
036890,진성티이씨,12290.0,24607.0,35348.0,302420030.0,434426920.0,KOSDAQ,0.0
317330,덕산테코피아,13140.0,54840.0,90409.0,720597600.0,1187974260.0,KOSDAQ,-0.9
151860,KG에코솔루션,5600.0,30596.0,30596.0,171337600.0,171337600.0,KOSDAQ,-0.88
043150,바텍,17880.0,28261.0,36887.0,505306680.0,659539560.0,KOSDAQ,2.11
0011T0,채비,5600.0,207494.0,207494.0,1161966400.0,1161966400.0,KOSDAQ,-0.18
089980,상아프론테크,16380.0,425621.0,1891657.0,6971671980.0,30985341660.0,KOSDAQ,9.05
378340,필에너지,12090.0,61195.0,124735.0,739847550.0,1508046150.0,KOSDAQ,3.07
452280,한선엔지니어링,13590.0,1431571.0,1431571.0,19455049890.0,19455049890.0,KOSDAQ,1.19
051500,CJ프레시웨이,21950.0,1861.0,2724.0,40848950.0,59791800.0,KOSDAQ,0.92
091700,파트론,5210.0,246750.0,246750.0,1285567500.0,1285567500.0,KOSDAQ,-0.76
216080,제테마,6980.0,165649.0,165649.0,1156230020.0,1156230020.0,KOSDAQ,3.1
060720,KH바텍,10980.0,75820.0,75820.0,832503600.0,832503600.0,KOSDAQ,0.18
439090,마녀공장,15820.0,105809.0,228742.0,1673898380.0,3618698440.0,KOSDAQ,0.13
267980,매일유업,33800.0,996.0,1715.0,33664800.0,57967000.0,KOSDAQ,-0.44
042520,한스바이오메드,18120.0,85169.0,105050.0,1543262280.0,1903506000.0,KOSDAQ,-0.22
377450,리파인,14900.0,78338.0,78338.0,1167236200.0,1167236200.0,KOSDAQ,-6.23
086390,유니테스트,12200.0,231319.0,557185.0,2822091800.0,6797657000.0,KOSDAQ,3.21
287840,인투셀,17130.0,22167.0,32599.0,379720710.0,558420870.0,KOSDAQ,1.12
012210,삼미금속,11160.0,1052527.0,1052527.0,11746201320.0,11746201320.0,KOSDAQ,-1.15
304360,에스바이오메딕스,20300.0,11322.0,20160.0,229836600.0,409248000.0,KOSDAQ,-0.25
011560,세보엠이씨,24850.0,37550.0,37550.0,933117500.0,933117500.0,KOSDAQ,2.69
023410,유진기업,3240.0,216690.0,216690.0,702075600.0,702075600.0,KOSDAQ,0.31
484120,도우인시스,22800.0,206554.0,330547.0,4709431200.0,7536471600.0,KOSDAQ,6.54
067390,아스트,5930.0,43569.0,43569.0,258364170.0,258364170.0,KOSDAQ,1.37
446540,메가터치,8560.0,551289.0,551289.0,4719033840.0,4719033840.0,KOSDAQ,-4.14
064820,케이프,8010.0,32448.0,62656.0,259908480.0,501874560.0,KOSDAQ,0.38
073490,LIG아큐버,32500.0,101199.0,101199.0,3288967500.0,3288967500.0,KOSDAQ,1.56
461300,아이스크림미디어,18390.0,13516.0,13516.0,248559240.0,248559240.0,KOSDAQ,-0.54
068930,디지털대성,8860.0,23937.0,23937.0,212081820.0,212081820.0,KOSDAQ,-0.67
036030,케이티알파,4980.0,75652.0,75652.0,376746960.0,376746960.0,KOSDAQ,0.4
354320,알멕,37950.0,117923.0,117923.0,4475177850.0,4475177850.0,KOSDAQ,-1.17
376270,HEM파마,33550.0,7453.0,13762.0,250048150.0,461715100.0,KOSDAQ,-1.03
389650,넥스트바이오메디컬,28900.0,17874.0,31876.0,516558600.0,921216400.0,KOSDAQ,-2.53
108860,셀바스AI,8880.0,201785.0,729340.0,1791850800.0,6476539200.0,KOSDAQ,2.54
389260,대명에너지,13300.0,65536.0,65536.0,871628800.0,871628800.0,KOSDAQ,2.54
243070,휴온스,19860.0,112010.0,129587.0,2224518600.0,2573597820.0,KOSDAQ,-0.95
394280,오픈엣지테크놀로지,8950.0,228780.0,1240412.0,2047581000.0,11101687400.0,KOSDAQ,5.05
045390,대아티아이,3340.0,2179703.0,2179703.0,7280208020.0,7280208020.0,KOSDAQ,1.06
043370,피에이치에이,11200.0,10433.0,11988.0,116849600.0,134265600.0,KOSDAQ,0.63
065710,서호전기,45400.0,4324.0,4324.0,196309600.0,196309600.0,KOSDAQ,0.22
019010,베뉴지,4830.0,157414.0,157414.0,760309620.0,760309620.0,KOSDAQ,-0.1
493280,아이엠바이오로직스,15660.0,90172.0,90172.0,1412093520.0,1412093520.0,KOSDAQ,-5.26
481070,에이유브랜즈,16170.0,26939.0,35489.0,435603630.0,573857130.0,KOSDAQ,4.59
094360,칩스앤미디어,10840.0,58705.0,256574.0,636362200.0,2781262160.0,KOSDAQ,2.26
144510,지씨셀,14640.0,300449.0,610627.0,4398573360.0,8939579280.0,KOSDAQ,5.78
445090,에이직랜드,21000.0,25005.0,77617.0,525105000.0,1629957000.0,KOSDAQ,3.19
180400,DXVX,2330.0,34990.0,34990.0,81526700.0,81526700.0,KOSDAQ,-0.64
100120,뷰웍스,25500.0,9735.0,9735.0,248242500.0,248242500.0,KOSDAQ,2.41
190510,나무가,16240.0,207866.0,504750.0,3375743840.0,8197140000.0,KOSDAQ,0.56
064550,바이오니아,8850.0,677622.0,965183.0,5996954700.0,8541869550.0,KOSDAQ,-3.8
114190,강원에너지,8740.0,54016.0,136667.0,472099840.0,1194469580.0,KOSDAQ,0.69
0008Z0,에스엔시스,24050.0,7998.0,19142.0,192351900.0,460365100.0,KOSDAQ,-1.84
125020,티씨머티리얼즈,6410.0,3380336.0,3380336.0,21667953760.0,21667953760.0,KOSDAQ,9.39
200130,콜마비앤에이치,7800.0,53294.0,81993.0,415693200.0,639545400.0,KOSDAQ,-0.51
298830,슈어소프트테크,4195.0,126178.0,126178.0,529316710.0,529316710.0,KOSDAQ,-0.59
254490,미래반도체,15530.0,44233.0,44233.0,686938490.0,686938490.0,KOSDAQ,1.77
0001A0,덕양에너젠,8800.0,73011.0,73011.0,642496800.0,642496800.0,KOSDAQ,1.62
237880,클리오,12380.0,52097.0,82089.0,644960860.0,1016261820.0,KOSDAQ,0.98
215000,골프존,35650.0,102304.0,105575.0,3647137600.0,3763748750.0,KOSDAQ,0.28
425040,티이엠씨,10200.0,273614.0,273614.0,2790862800.0,2790862800.0,KOSDAQ,1.9
023760,한국캐피탈,1416.0,30239.0,30239.0,42818424.0,42818424.0,KOSDAQ,0.43
475400,씨메스로보틱스,18740.0,37072.0,86738.0,694729280.0,1625470120.0,KOSDAQ,1.96
382900,범한퓨얼셀,25250.0,120753.0,487995.0,3049013250.0,12321873750.0,KOSDAQ,-1.75
416180,신성에스티,24450.0,7809.0,11098.0,190930050.0,271346100.0,KOSDAQ,0.62
243840,신흥에스이씨,5720.0,129632.0,129632.0,741495040.0,741495040.0,KOSDAQ,2.14
005710,대원산업,10930.0,37233.0,269802.0,406956690.0,2948935860.0,KOSDAQ,2.73
307180,아이엘,5930.0,432922.0,432922.0,2567227460.0,2567227460.0,KOSDAQ,2.95
094480,갤럭시아머니트리,5570.0,272262.0,272262.0,1516499340.0,1516499340.0,KOSDAQ,7.32
462350,이노스페이스,6430.0,330951.0,330951.0,2128014930.0,2128014930.0,KOSDAQ,-2.72
272110,케이엔제이,27050.0,109394.0,109394.0,2959107700.0,2959107700.0,KOSDAQ,4.04
241520,DSC인베스트먼트,8110.0,132600.0,132600.0,1075386000.0,1075386000.0,KOSDAQ,1.76
018310,삼목에스폼,14590.0,11102.0,12103.0,161978180.0,176582770.0,KOSDAQ,-1.15
199430,케이엔알시스템,18940.0,90205.0,259601.0,1708482700.0,4916842940.0,KOSDAQ,-0.05
459510,나우로보틱스,16280.0,52044.0,206036.0,847276320.0,3354266080.0,KOSDAQ,2.01
014940,오리엔탈정공,4630.0,155986.0,155986.0,722215180.0,722215180.0,KOSDAQ,-1.7
353810,이지바이오,6330.0,104549.0,104549.0,661795170.0,661795170.0,KOSDAQ,1.93
064850,에프앤가이드,18280.0,10510.0,10510.0,192122800.0,192122800.0,KOSDAQ,5.06
290690,아리바이오홀딩스,3920.0,465526.0,465526.0,1824861920.0,1824861920.0,KOSDAQ,-0.51
126730,코칩,23700.0,1269930.0,1269930.0,30097341000.0,30097341000.0,KOSDAQ,-3.46
095500,미래나노텍,6700.0,41196.0,76414.0,276013200.0,511973800.0,KOSDAQ,1.36
099430,바이오플러스,3370.0,90177.0,90177.0,303896490.0,303896490.0,KOSDAQ,1.81
950170,JTC,4255.0,13562.0,13562.0,57706310.0,57706310.0,KOSDAQ,-0.23
065680,우주일렉트로,22450.0,6918.0,12542.0,155309100.0,281567900.0,KOSDAQ,-1.32
053300,한국정보인증,5240.0,311428.0,311428.0,1631882720.0,1631882720.0,KOSDAQ,0.96
067080,대화제약,11130.0,69253.0,154681.0,770785890.0,1721599530.0,KOSDAQ,-2.79
047920,HLB제약,6310.0,145985.0,288858.0,921165350.0,1822693980.0,KOSDAQ,-3.07
061090,세나테크놀로지,37850.0,6013.0,13045.0,227592050.0,493753250.0,KOSDAQ,-0.66
036190,금화피에스시,34400.0,1955.0,1955.0,67252000.0,67252000.0,KOSDAQ,-0.29
365270,큐라클,9260.0,42533.0,42533.0,393855580.0,393855580.0,KOSDAQ,-0.22
036710,심텍홀딩스,3875.0,167371.0,167371.0,648562625.0,648562625.0,KOSDAQ,-1.65
206640,바디텍메드,9340.0,21415.0,41133.0,200016100.0,384182220.0,KOSDAQ,-0.74
049430,코메론,22600.0,36534.0,36534.0,825668400.0,825668400.0,KOSDAQ,-1.53
314930,바이오다인,6850.0,18120.0,30310.0,124122000.0,207623500.0,KOSDAQ,0.88
112290,와이씨켐,10080.0,53632.0,53632.0,540610560.0,540610560.0,KOSDAQ,0.0
058970,엠로,16360.0,18413.0,33219.0,301236680.0,543462840.0,KOSDAQ,2.96
053030,바이넥스,6180.0,141434.0,208308.0,874062120.0,1287343440.0,KOSDAQ,-1.28
217730,강스템바이오텍,2145.0,134024.0,134024.0,287481480.0,287481480.0,KOSDAQ,0.23
123330,제닉,25300.0,179108.0,179108.0,4531432400.0,4531432400.0,KOSDAQ,1.2
388050,지투파워,10510.0,389191.0,389191.0,4090397410.0,4090397410.0,KOSDAQ,2.34
046120,오르비텍,5790.0,1268838.0,1268838.0,7346572020.0,7346572020.0,KOSDAQ,0.52
450950,아스테라시스,5200.0,10973.0,17698.0,57059600.0,92029600.0,KOSDAQ,0.39
078150,HB테크놀러지,2060.0,784936.0,784936.0,1616968160.0,1616968160.0,KOSDAQ,-0.96
024060,흥구석유,12930.0,1669218.0,1669218.0,21582988740.0,21582988740.0,KOSDAQ,-5.0
484810,티엑스알로보틱스,12540.0,80409.0,80409.0,1008328860.0,1008328860.0,KOSDAQ,0.88
066620,국보디자인,25750.0,1284.0,1284.0,33063000.0,33063000.0,KOSDAQ,1.58
304100,솔트룩스,15310.0,57502.0,135459.0,880355620.0,2073877290.0,KOSDAQ,0.99
462860,더즌,2685.0,2674419.0,2674419.0,7180815015.0,7180815015.0,KOSDAQ,6.97
013120,동원개발,2120.0,54308.0,54308.0,115132960.0,115132960.0,KOSDAQ,0.95
036560,KZ정밀,12200.0,3616.0,3616.0,44115200.0,44115200.0,KOSDAQ,0.83
126600,BGF에코머티리얼즈,3055.0,22050.0,22050.0,67362750.0,67362750.0,KOSDAQ,-0.33
032580,피델릭스,5780.0,969113.0,969113.0,5601473140.0,5601473140.0,KOSDAQ,10.94
452450,피아이이,5310.0,348819.0,348819.0,1852228890.0,1852228890.0,KOSDAQ,0.95
052330,코텍,10750.0,16835.0,16835.0,180976250.0,180976250.0,KOSDAQ,-0.56
067290,JW신약,3380.0,5375179.0,5375179.0,18168105020.0,18168105020.0,KOSDAQ,-5.06
034810,해성산업,5990.0,7325.0,7325.0,43876750.0,43876750.0,KOSDAQ,0.34
256840,한국비엔씨,2765.0,653947.0,653947.0,1808163455.0,1808163455.0,KOSDAQ,-0.54
115450,HLB테라퓨틱스,1996.0,259129.0,259129.0,517221484.0,517221484.0,KOSDAQ,-2.63
194700,노바렉스,10350.0,44729.0,65879.0,462945150.0,681847650.0,KOSDAQ,1.77
042420,네오위즈홀딩스,23150.0,11593.0,11593.0,268377950.0,268377950.0,KOSDAQ,-2.32
143240,사람인,17520.0,7674.0,7674.0,134448480.0,134448480.0,KOSDAQ,1.39
094820,일진파워,12440.0,129878.0,129878.0,1615682320.0,1615682320.0,KOSDAQ,0.32
005160,동국산업,3455.0,1570727.0,1570727.0,5426861785.0,5426861785.0,KOSDAQ,-5.86
051160,지어소프트,12010.0,1244163.0,1244163.0,14942397630.0,14942397630.0,KOSDAQ,0.25
085910,네오티스,13460.0,243723.0,243723.0,3280511580.0,3280511580.0,KOSDAQ,2.44
134580,탑코미디어,3750.0,320637.0,320637.0,1202388750.0,1202388750.0,KOSDAQ,-4.82
192440,슈피겐코리아,29700.0,2765.0,2765.0,82120500.0,82120500.0,KOSDAQ,-1.66
102940,코오롱생명과학,14050.0,30910.0,48776.0,434285500.0,685302800.0,KOSDAQ,-0.85
108380,대양전기공업,19190.0,32942.0,52009.0,632156980.0,998052710.0,KOSDAQ,1.27
230240,에치에프알,13790.0,483279.0,483279.0,6664417410.0,6664417410.0,KOSDAQ,8.58
318060,그래피,16190.0,64449.0,64449.0,1043429310.0,1043429310.0,KOSDAQ,-3.63
088800,에이스테크,2395.0,1863246.0,1863246.0,4462474170.0,4462474170.0,KOSDAQ,7.64
084850,아이티엠반도체,7970.0,19821.0,35804.0,157973370.0,285357880.0,KOSDAQ,-2.21
475040,스트라드비젼,3330.0,680685.0,680685.0,2266681050.0,2266681050.0,KOSDAQ,-2.49
086670,비엠티,18030.0,145335.0,145335.0,2620390050.0,2620390050.0,KOSDAQ,8.16
417030,니어스랩,30900.0,702768.0,702768.0,21715531200.0,21715531200.0,KOSDAQ,7.29
214180,헥토이노베이션,13670.0,23697.0,23697.0,323937990.0,323937990.0,KOSDAQ,0.37
419530,SAMG엔터,17390.0,39225.0,87927.0,682122750.0,1529050530.0,KOSDAQ,2.9
274090,켄코아에어로스페이스,12880.0,5797940.0,5797940.0,74677467200.0,74677467200.0,KOSDAQ,11.71
264850,이랜시스,5850.0,768764.0,768764.0,4497269400.0,4497269400.0,KOSDAQ,4.46
199820,제일일렉트릭,7970.0,474800.0,474800.0,3784156000.0,3784156000.0,KOSDAQ,4.46
032940,원익,9720.0,544256.0,544256.0,5290168320.0,5290168320.0,KOSDAQ,-1.62
012860,모베이스전자,2410.0,915155.0,915155.0,2205523550.0,2205523550.0,KOSDAQ,5.7
082800,비보존 제약,2900.0,151277.0,151277.0,438703300.0,438703300.0,KOSDAQ,-1.19
314130,지놈앤컴퍼니,3365.0,2121833.0,2121833.0,7139968045.0,7139968045.0,KOSDAQ,-4.27
083310,엘오티베큠,9850.0,30796.0,30796.0,303340600.0,303340600.0,KOSDAQ,0.31
194480,데브시스터즈,14370.0,36292.0,49528.0,521516040.0,711717360.0,KOSDAQ,-1.37
464080,에스오에스랩,9700.0,52727.0,52727.0,511451900.0,511451900.0,KOSDAQ,1.25
083930,아바코,11900.0,29907.0,29907.0,355893300.0,355893300.0,KOSDAQ,0.42
092130,이크레더블,14490.0,4790.0,4790.0,69407100.0,69407100.0,KOSDAQ,0.56
308430,셀비온,13500.0,16978.0,35238.0,229203000.0,475713000.0,KOSDAQ,0.22
293780,압타바이오,6190.0,86813.0,86813.0,537372470.0,537372470.0,KOSDAQ,0.32
405100,큐알티,14140.0,21628.0,21628.0,305819920.0,305819920.0,KOSDAQ,2.99
489460,바이오비쥬,11760.0,85607.0,85607.0,1006738320.0,1006738320.0,KOSDAQ,3.34
0015G0,그린광학,14810.0,50591.0,50591.0,749252710.0,749252710.0,KOSDAQ,0.2
403850,더핑크퐁컴퍼니,12060.0,41536.0,84611.0,500924160.0,1020408660.0,KOSDAQ,-2.19
049630,재영솔루텍,7400.0,237903.0,237903.0,1760482200.0,1760482200.0,KOSDAQ,1.79
143160,아이디스,16130.0,1231.0,1231.0,19856030.0,19856030.0,KOSDAQ,1.19
270660,에브리봇,13620.0,18470.0,40729.0,251561400.0,554728980.0,KOSDAQ,1.57
176750,듀켐바이오,6060.0,17264.0,62128.0,104619840.0,376495680.0,KOSDAQ,-1.94
054210,이랜텍,6820.0,86618.0,86618.0,590734760.0,590734760.0,KOSDAQ,0.29
0015N0,아로마티카,13650.0,744425.0,744425.0,10161401250.0,10161401250.0,KOSDAQ,1.87
204610,티쓰리,3060.0,40032.0,40032.0,122497920.0,122497920.0,KOSDAQ,0.66
138610,나이벡,14970.0,93962.0,804774.0,1406611140.0,12047466780.0,KOSDAQ,4.69
080160,모두투어,8990.0,504702.0,504702.0,4537270980.0,4537270980.0,KOSDAQ,-6.06
355150,코스텍시스,21750.0,157709.0,157709.0,3430170750.0,3430170750.0,KOSDAQ,-0.91
122990,와이솔,6610.0,139821.0,139821.0,924216810.0,924216810.0,KOSDAQ,-4.06
357550,석경에이티,31000.0,567.0,924.0,17577000.0,28644000.0,KOSDAQ,0.16
104480,티케이케미칼,1858.0,212983.0,212983.0,395722414.0,395722414.0,KOSDAQ,1.64
086820,바이오솔루션,6470.0,55152.0,55152.0,356833440.0,356833440.0,KOSDAQ,0.0
038390,레드캡투어,9980.0,3172.0,3172.0,31656560.0,31656560.0,KOSDAQ,-0.3
118990,모트렉스,6760.0,90117.0,90117.0,609190920.0,609190920.0,KOSDAQ,0.3
234690,녹십자웰빙,9230.0,130712.0,130712.0,1206471760.0,1206471760.0,KOSDAQ,-1.39
123860,아나패스,13650.0,29666.0,29666.0,404940900.0,404940900.0,KOSDAQ,1.04
263860,지니언스,18150.0,285435.0,285435.0,5180645250.0,5180645250.0,KOSDAQ,-3.71
402030,코난테크놀로지,13120.0,20884.0,53091.0,273998080.0,696553920.0,KOSDAQ,2.98
024800,유성티엔에스,4650.0,30155.0,30155.0,140220750.0,140220750.0,KOSDAQ,-0.96
0082N0,카나프테라퓨틱스,12310.0,119838.0,119838.0,1475205780.0,1475205780.0,KOSDAQ,0.16
039830,오로라,15210.0,92238.0,92238.0,1402939980.0,1402939980.0,KOSDAQ,6.07
372170,윤성에프앤씨,20500.0,3941.0,8659.0,80790500.0,177509500.0,KOSDAQ,2.24
036170,에이치엠넥스,2665.0,382270.0,382270.0,1018749550.0,1018749550.0,KOSDAQ,-1.3
950140,잉글우드랩,8220.0,13022.0,13022.0,107040840.0,107040840.0,KOSDAQ,0.0
289080,SV인베스트먼트,2715.0,2508873.0,2508873.0,6811590195.0,6811590195.0,KOSDAQ,2.26
478340,나라스페이스테크놀로지,14100.0,4465172.0,4465172.0,62958925200.0,62958925200.0,KOSDAQ,1.81
418550,제이오,5090.0,60704.0,60704.0,308983360.0,308983360.0,KOSDAQ,3.77
340450,지씨지놈,6890.0,148168.0,148168.0,1020877520.0,1020877520.0,KOSDAQ,-1.57
119830,아이텍,6140.0,105194.0,105194.0,645891160.0,645891160.0,KOSDAQ,-0.97
382800,지앤비에스 에코,5110.0,397048.0,397048.0,2028915280.0,2028915280.0,KOSDAQ,0.39
068790,DMS,7300.0,36639.0,36639.0,267464700.0,267464700.0,KOSDAQ,1.81
032620,GC메디아이,3100.0,51599.0,51599.0,159956900.0,159956900.0,KOSDAQ,0.49
123410,코리아에프티,5810.0,50815.0,50815.0,295235150.0,295235150.0,KOSDAQ,1.04
149950,아바텍,11810.0,217115.0,217115.0,2564128150.0,2564128150.0,KOSDAQ,6.4
126700,하이비젼시스템,10750.0,21785.0,21785.0,234188750.0,234188750.0,KOSDAQ,-0.56
474650,링크솔루션,27900.0,28774.0,28774.0,802794600.0,802794600.0,KOSDAQ,3.33
119610,인터로조,14060.0,15776.0,15776.0,221810560.0,221810560.0,KOSDAQ,1.01
260970,에스앤디,55300.0,9476.0,9476.0,524022800.0,524022800.0,KOSDAQ,-1.43
413630,씨피시스템,4385.0,4321816.0,4321816.0,18951163160.0,18951163160.0,KOSDAQ,-2.12
041920,메디아나,8590.0,77735.0,77735.0,667743650.0,667743650.0,KOSDAQ,3.87
264450,유비쿼스,10860.0,74391.0,74391.0,807886260.0,807886260.0,KOSDAQ,4.83
039860,나노엔텍,4170.0,198100.0,198100.0,826077000.0,826077000.0,KOSDAQ,0.48
0007C0,아크릴,19780.0,334366.0,334366.0,6613759480.0,6613759480.0,KOSDAQ,-3.75
023910,대한약품,26400.0,1665.0,1665.0,43956000.0,43956000.0,KOSDAQ,0.0
013990,아가방컴퍼니,4805.0,36517.0,36517.0,175464185.0,175464185.0,KOSDAQ,0.31
093190,빅솔론,8180.0,7563.0,7563.0,61865340.0,61865340.0,KOSDAQ,-1.68
072870,메가스터디,13190.0,15893.0,15893.0,209628670.0,209628670.0,KOSDAQ,0.92
388790,라이콤,5130.0,1492558.0,1492558.0,7656822540.0,7656822540.0,KOSDAQ,4.91
222040,코스맥스엔비티,7580.0,246206.0,246206.0,1866241480.0,1866241480.0,KOSDAQ,2.02
488280,에스투더블유,14350.0,240809.0,1101934.0,3455609150.0,15812752900.0,KOSDAQ,-0.42
054800,아이디스홀딩스,14990.0,1388.0,1388.0,20806120.0,20806120.0,KOSDAQ,-0.73
011040,경동제약,5040.0,13914.0,13914.0,70126560.0,70126560.0,KOSDAQ,0.0
007330,푸른저축은행,10100.0,4860.0,4860.0,49086000.0,49086000.0,KOSDAQ,-0.3
041020,폴라리스오피스,3060.0,99184.0,99184.0,303503040.0,303503040.0,KOSDAQ,-0.33
205500,넥써쓰,1818.0,324548.0,324548.0,590028264.0,590028264.0,KOSDAQ,0.0
065660,안트로젠,15130.0,23213.0,29635.0,351212690.0,448377550.0,KOSDAQ,-0.2
093640,케이알엠,4585.0,15488.0,15488.0,71012480.0,71012480.0,KOSDAQ,-1.19
179290,엠아이텍,4645.0,77237.0,77237.0,358765865.0,358765865.0,KOSDAQ,-2.0
138360,앤로보틱스,1704.0,353288.0,353288.0,602002752.0,602002752.0,KOSDAQ,1.07
042600,새로닉스,12060.0,5516.0,5516.0,66522960.0,66522960.0,KOSDAQ,-0.58
101970,우양에이치씨,10130.0,7783.0,7783.0,78841790.0,78841790.0,KOSDAQ,6.63
041520,이엘씨,12250.0,8542.0,8542.0,104639500.0,104639500.0,KOSDAQ,1.16
078070,유비쿼스홀딩스,8750.0,33663.0,33663.0,294551250.0,294551250.0,KOSDAQ,2.94
300080,플리토,9020.0,38012.0,70724.0,342868240.0,637930480.0,KOSDAQ,-1.85
394800,쓰리빌리언,4670.0,1118000.0,3758699.0,5221060000.0,17553124330.0,KOSDAQ,8.35
148150,세경하이테크,4180.0,36814.0,36814.0,153882520.0,153882520.0,KOSDAQ,0.6
051370,인터플렉스,6360.0,40208.0,40208.0,255722880.0,255722880.0,KOSDAQ,2.25
046440,KG파이낸셜,4080.0,30459.0,30459.0,124272720.0,124272720.0,KOSDAQ,-0.73
432720,퀄리타스반도체,10390.0,152296.0,152296.0,1582355440.0,1582355440.0,KOSDAQ,0.58
265740,엔에프씨,8250.0,2954836.0,2954836.0,24377397000.0,24377397000.0,KOSDAQ,29.92
226590,엠디바이스,13750.0,147410.0,147410.0,2026887500.0,2026887500.0,KOSDAQ,7.17
054450,텔레칩스,9730.0,45507.0,45507.0,442783110.0,442783110.0,KOSDAQ,2.64
023600,삼보판지,9180.0,2294.0,2294.0,21058920.0,21058920.0,KOSDAQ,0.0
049960,쎌바이오텍,15500.0,2817.0,2817.0,43663500.0,43663500.0,KOSDAQ,0.65
0039P0,매드업,7730.0,506891.0,506891.0,3918267430.0,3918267430.0,KOSDAQ,-2.4
086890,이수앱지스,3545.0,36847.0,36847.0,130622615.0,130622615.0,KOSDAQ,-1.39
089600,KT나스미디어,12650.0,14700.0,14700.0,185955000.0,185955000.0,KOSDAQ,-1.63
187870,디바이스,10390.0,67120.0,67120.0,697376800.0,697376800.0,KOSDAQ,2.26
035610,솔본,5260.0,35095.0,35095.0,184599700.0,184599700.0,KOSDAQ,-0.57
047770,코데즈컴바인,3800.0,2756985.0,2756985.0,10476543000.0,10476543000.0,KOSDAQ,4.68
469610,이노테크,16040.0,94860.0,166855.0,1521554400.0,2676354200.0,KOSDAQ,1.84
211270,AP위성,9510.0,289784.0,289784.0,2755845840.0,2755845840.0,KOSDAQ,2.92
069510,에스텍,13140.0,5608.0,5608.0,73689120.0,73689120.0,KOSDAQ,2.18
147830,제룡산업,7160.0,217040.0,217040.0,1554006400.0,1554006400.0,KOSDAQ,2.14
114840,아이패밀리에스씨,8570.0,16853.0,28521.0,144430210.0,244424970.0,KOSDAQ,-0.35
489500,엘케이켐,22300.0,18078.0,18078.0,403139400.0,403139400.0,KOSDAQ,3.0
126640,화신정공,4065.0,1619849.0,1619849.0,6584686185.0,6584686185.0,KOSDAQ,4.9
005990,매일홀딩스,10710.0,1842.0,1842.0,19727820.0,19727820.0,KOSDAQ,-0.09
092070,디엔에프,12300.0,17588.0,17588.0,216332400.0,216332400.0,KOSDAQ,0.82
084990,헬릭스미스,3060.0,46079.0,46079.0,141001740.0,141001740.0,KOSDAQ,2.68
073010,케이에스피,3500.0,331434.0,331434.0,1160019000.0,1160019000.0,KOSDAQ,-2.51
451760,컨텍,8470.0,299261.0,299261.0,2534740670.0,2534740670.0,KOSDAQ,3.93
054920,한컴위드,4930.0,3570619.0,3570619.0,17603151670.0,17603151670.0,KOSDAQ,-2.76
290740,액트로,13800.0,79541.0,79541.0,1097665800.0,1097665800.0,KOSDAQ,6.81
228850,레이언스,8350.0,423019.0,423019.0,3532208650.0,3532208650.0,KOSDAQ,14.38
212560,네오오토,10230.0,161579.0,161579.0,1652953170.0,1652953170.0,KOSDAQ,0.29
115310,인포바인,9300.0,18040.0,18040.0,167772000.0,167772000.0,KOSDAQ,-1.59
158430,아톤,5620.0,2442281.0,2442281.0,13725619220.0,13725619220.0,KOSDAQ,-2.09
457550,우진엔텍,14760.0,60669.0,60669.0,895474440.0,895474440.0,KOSDAQ,0.75
220100,퓨쳐켐,6130.0,131679.0,280613.0,807192270.0,1720157690.0,KOSDAQ,-2.7
101360,에코앤드림,7710.0,45178.0,208585.0,348322380.0,1608190350.0,KOSDAQ,1.72
067280,멀티캠퍼스,23100.0,3649.0,3649.0,84291900.0,84291900.0,KOSDAQ,-0.86
201490,미투온,4175.0,11827047.0,11827047.0,49377921225.0,49377921225.0,KOSDAQ,-9.92
417010,나노팀,6760.0,543151.0,543151.0,3671700760.0,3671700760.0,KOSDAQ,0.6
035080,그래디언트,12160.0,50068.0,50068.0,608826880.0,608826880.0,KOSDAQ,-2.49
140670,알에스오토메이션,10550.0,70223.0,70223.0,740852650.0,740852650.0,KOSDAQ,4.25
003100,선광,20500.0,3447.0,3447.0,70663500.0,70663500.0,KOSDAQ,0.99
321550,티움바이오,4500.0,63137.0,63137.0,284116500.0,284116500.0,KOSDAQ,-2.07
445180,퓨릿,7820.0,29477.0,29477.0,230510140.0,230510140.0,KOSDAQ,5.11
053260,금강철강,7170.0,442615.0,442615.0,3173549550.0,3173549550.0,KOSDAQ,-4.4
251370,와이엠티,7450.0,42470.0,42470.0,316401500.0,316401500.0,KOSDAQ,3.47
039840,디오,9950.0,189381.0,217080.0,1884340950.0,2159946000.0,KOSDAQ,-0.5
001540,안국약품,10200.0,14863.0,14863.0,151602600.0,151602600.0,KOSDAQ,0.0
059120,아진엑스텍,7260.0,457392.0,457392.0,3320665920.0,3320665920.0,KOSDAQ,1.97
474170,루미르,7460.0,141977.0,141977.0,1059148420.0,1059148420.0,KOSDAQ,2.61
156100,엘앤케이바이오,5940.0,299817.0,299817.0,1780912980.0,1780912980.0,KOSDAQ,0.0
048870,시너지이노베이션,1505.0,184017.0,184017.0,276945585.0,276945585.0,KOSDAQ,2.45
136540,윈스테크넷,10730.0,13472.0,13472.0,144554560.0,144554560.0,KOSDAQ,-0.56
080420,모다이노칩,1649.0,107.0,107.0,176443.0,176443.0,KOSDAQ,-0.06
443670,에스피소프트,5470.0,3874615.0,3874615.0,21194144050.0,21194144050.0,KOSDAQ,-3.53
322510,제이엘케이,5100.0,91083.0,91083.0,464523300.0,464523300.0,KOSDAQ,2.72
105330,케이엔더블유,8190.0,74878.0,74878.0,613250820.0,613250820.0,KOSDAQ,2.63
417500,제이아이테크,3980.0,136529.0,136529.0,543385420.0,543385420.0,KOSDAQ,0.63
282880,코윈로보틱스,11150.0,59619.0,59619.0,664751850.0,664751850.0,KOSDAQ,3.34
049720,고려신용정보,9110.0,14231.0,14231.0,129644410.0,129644410.0,KOSDAQ,-0.22
038290,마크로젠,11980.0,10830.0,10830.0,129743400.0,129743400.0,KOSDAQ,2.04
264660,씨앤지하이테크,13360.0,17070.0,17070.0,228055200.0,228055200.0,KOSDAQ,1.14
102120,어보브반도체,7300.0,140349.0,140349.0,1024547700.0,1024547700.0,KOSDAQ,2.96
361390,제노코,13320.0,38150.0,38150.0,508158000.0,508158000.0,KOSDAQ,1.68
079960,동양이엔피,17170.0,26365.0,26365.0,452687050.0,452687050.0,KOSDAQ,2.81
037070,파세코,6470.0,74441.0,74441.0,481633270.0,481633270.0,KOSDAQ,0.15
095700,제넥신,2840.0,192278.0,192278.0,546069520.0,546069520.0,KOSDAQ,0.18
060150,인선이엔티,2835.0,120950.0,120950.0,342893250.0,342893250.0,KOSDAQ,-3.41
146320,비씨엔씨,10050.0,23785.0,23785.0,239039250.0,239039250.0,KOSDAQ,1.82
321370,센서뷰,1821.0,44905559.0,44905559.0,81773022939.0,81773022939.0,KOSDAQ,8.01
232680,라온로보틱스,9640.0,90134.0,90134.0,868891760.0,868891760.0,KOSDAQ,1.05
021320,KCC건설,5970.0,25363.0,25363.0,151417110.0,151417110.0,KOSDAQ,1.53
163730,핑거,10000.0,135721.0,135721.0,1357210000.0,1357210000.0,KOSDAQ,6.04
267320,나인테크,2220.0,150749.0,150749.0,334662780.0,334662780.0,KOSDAQ,-0.67
079650,서산,6370.0,1588881.0,1588881.0,10121171970.0,10121171970.0,KOSDAQ,-1.09
285490,노바텍,12040.0,10215.0,10215.0,122988600.0,122988600.0,KOSDAQ,0.42
027710,팜스토리,1142.0,237595.0,237595.0,271333490.0,271333490.0,KOSDAQ,0.44
042510,라온시큐어,11440.0,561547.0,561547.0,6424097680.0,6424097680.0,KOSDAQ,-3.13
142210,유니트론텍,6100.0,102083.0,102083.0,622706300.0,622706300.0,KOSDAQ,2.01
950190,고스트스튜디오,9720.0,142012.0,142012.0,1380356640.0,1380356640.0,KOSDAQ,-4.14
307750,국전,2340.0,168912.0,168912.0,395254080.0,395254080.0,KOSDAQ,1.74
408920,메쎄이상,2920.0,6609.0,6609.0,19298280.0,19298280.0,KOSDAQ,0.0
331920,셀레믹스,11280.0,59021.0,59021.0,665756880.0,665756880.0,KOSDAQ,0.45
338840,와이바이오로직스,8180.0,20364.0,34227.0,166577520.0,279976860.0,KOSDAQ,-0.97
108230,톱텍,3310.0,1884612.0,1884612.0,6238065720.0,6238065720.0,KOSDAQ,5.41
220260,켐트로스,3920.0,47908.0,47908.0,187799360.0,187799360.0,KOSDAQ,3.16
494120,큐리오시스,8190.0,78910.0,207058.0,646272900.0,1695805020.0,KOSDAQ,-0.73
418420,라온텍,4050.0,109298.0,109298.0,442656900.0,442656900.0,KOSDAQ,-1.22
255220,SG,1137.0,995047.0,995047.0,1131368439.0,1131368439.0,KOSDAQ,0.98
017510,세명전기,8160.0,845479.0,845479.0,6899108640.0,6899108640.0,KOSDAQ,5.97
115500,케이씨에스,10310.0,507752.0,507752.0,5234923120.0,5234923120.0,KOSDAQ,2.49
396300,HT로보틱스,4670.0,341809.0,341809.0,1596248030.0,1596248030.0,KOSDAQ,-1.27
240550,동방메디컬,5890.0,105675.0,105675.0,622425750.0,622425750.0,KOSDAQ,4.8
052860,아이앤씨,6900.0,24395.0,24395.0,168325500.0,168325500.0,KOSDAQ,0.29
095190,신화프리텍,1888.0,47277.0,47277.0,89258976.0,89258976.0,KOSDAQ,-0.26
297090,씨에스베어링,4515.0,127983.0,127983.0,577843245.0,577843245.0,KOSDAQ,-5.94
322310,오로스테크놀로지,13070.0,57498.0,57498.0,751498860.0,751498860.0,KOSDAQ,1.32
256940,킵스파마,6050.0,23780.0,23780.0,143869000.0,143869000.0,KOSDAQ,-0.98
008830,대동기어,6320.0,144081.0,144081.0,910591920.0,910591920.0,KOSDAQ,1.12
052260,현대바이오랜드,4020.0,59791.0,59791.0,240359820.0,240359820.0,KOSDAQ,-0.25
041440,현대에버다임,6720.0,41390.0,41390.0,278140800.0,278140800.0,KOSDAQ,0.45
153890,져스텍,9930.0,141805.0,141805.0,1408123650.0,1408123650.0,KOSDAQ,-1.19
387690,레메디,15660.0,337410.0,337410.0,5283840600.0,5283840600.0,KOSDAQ,-1.07
0088M0,메쥬,12080.0,72106.0,72106.0,871040480.0,871040480.0,KOSDAQ,-0.08
009780,엠에스씨,6770.0,3214.0,3214.0,21758780.0,21758780.0,KOSDAQ,-1.31
101170,우림피티에스,8820.0,87287.0,87287.0,769871340.0,769871340.0,KOSDAQ,2.2
297890,HB솔루션,1623.0,293608.0,293608.0,476525784.0,476525784.0,KOSDAQ,-1.64
293580,나우IB,1249.0,274109.0,274109.0,342362141.0,342362141.0,KOSDAQ,-0.79
122450,KX,2640.0,49837.0,49837.0,131569680.0,131569680.0,KOSDAQ,0.57
094840,슈프리마에이치큐,12050.0,10789.0,10789.0,130007450.0,130007450.0,KOSDAQ,-0.74
261780,아리바이오랩,4080.0,1519191.0,1519191.0,6198299280.0,6198299280.0,KOSDAQ,-4.78
308080,바이젠셀,5760.0,121225.0,121225.0,698256000.0,698256000.0,KOSDAQ,-1.54
402490,그린리소스,6950.0,99471.0,99471.0,691323450.0,691323450.0,KOSDAQ,1.91
452190,한빛레이저,4920.0,579664.0,579664.0,2851946880.0,2851946880.0,KOSDAQ,-1.4
333430,일승,3830.0,110215.0,110215.0,422123450.0,422123450.0,KOSDAQ,-0.39
049520,유아이엘,3810.0,15525.0,15525.0,59150250.0,59150250.0,KOSDAQ,0.66
475230,엔알비,10770.0,43522.0,43522.0,468731940.0,468731940.0,KOSDAQ,0.65
0011A0,액스비스,12500.0,375064.0,375064.0,4688300000.0,4688300000.0,KOSDAQ,1.38
351320,넥사다이내믹스,3915.0,171998.0,171998.0,673372170.0,673372170.0,KOSDAQ,-0.38
336680,탑런토탈솔루션,2940.0,14009.0,14009.0,41186460.0,41186460.0,KOSDAQ,-1.34
086980,쇼박스,1839.0,39228.0,39228.0,72140292.0,72140292.0,KOSDAQ,0.6
458650,성우,7630.0,8832.0,8832.0,67388160.0,67388160.0,KOSDAQ,0.93
053080,케이엔솔,8820.0,29480.0,29480.0,260013600.0,260013600.0,KOSDAQ,-0.45
259630,엠플러스,9360.0,34777.0,34777.0,325512720.0,325512720.0,KOSDAQ,0.86
473980,노머스,10510.0,24380.0,120432.0,256233800.0,1265740320.0,KOSDAQ,1.25
051360,토비스,11850.0,28202.0,36100.0,334193700.0,427785000.0,KOSDAQ,-0.67
474610,RF시스템즈,7900.0,284048.0,284048.0,2243979200.0,2243979200.0,KOSDAQ,9.57
047310,파워로직스,3105.0,142442.0,142442.0,442282410.0,442282410.0,KOSDAQ,-0.48
189330,씨이랩,12110.0,278333.0,278333.0,3370612630.0,3370612630.0,KOSDAQ,0.0
039560,다산네트웍스,2645.0,407324.0,407324.0,1077371980.0,1077371980.0,KOSDAQ,3.32
063570,NICE인프라,3320.0,15350.0,15350.0,50962000.0,50962000.0,KOSDAQ,-0.75
054050,NH농우바이오,7060.0,3648.0,3648.0,25754880.0,25754880.0,KOSDAQ,0.28
389020,자람테크놀로지,16370.0,142343.0,142343.0,2330154910.0,2330154910.0,KOSDAQ,5.0
172670,에이엘티,12600.0,35422.0,35422.0,446317200.0,446317200.0,KOSDAQ,1.78
037350,성도이엔지,7410.0,102191.0,102191.0,757235310.0,757235310.0,KOSDAQ,3.2
090850,현대이지웰,5010.0,45230.0,45230.0,226602300.0,226602300.0,KOSDAQ,0.0
072950,빛샘전자,13980.0,14846112.0,14846112.0,207548645760.0,207548645760.0,KOSDAQ,4.8
036630,세종텔레콤,8040.0,7771.0,7771.0,62478840.0,62478840.0,KOSDAQ,-2.31
217270,넵튠,2465.0,134008.0,134008.0,330329720.0,330329720.0,KOSDAQ,-2.18
141000,비아트론,9270.0,19994.0,19994.0,185344380.0,185344380.0,KOSDAQ,0.76
018120,진로발효,16700.0,194.0,194.0,3239800.0,3239800.0,KOSDAQ,0.12
246710,티앤알바이오팹,2315.0,79309.0,79309.0,183600335.0,183600335.0,KOSDAQ,1.98
115440,우리넷,10220.0,5691026.0,5691026.0,58162285720.0,58162285720.0,KOSDAQ,9.07
067990,도이치모터스,3775.0,26512.0,26512.0,100082800.0,100082800.0,KOSDAQ,-0.66
166480,코아스템켐온,2080.0,84663.0,84663.0,176099040.0,176099040.0,KOSDAQ,-1.42
067900,와이엔텍,6040.0,7855.0,7855.0,47444200.0,47444200.0,KOSDAQ,1.51
040300,YTN,2305.0,807759.0,807759.0,1861884495.0,1861884495.0,KOSDAQ,-3.56
038540,상상인,1980.0,58722.0,58722.0,116269560.0,116269560.0,KOSDAQ,0.66
290720,푸드나무,2860.0,12162.0,12162.0,34783320.0,34783320.0,KOSDAQ,0.0
339950,아이비김영,2415.0,36163.0,36163.0,87333645.0,87333645.0,KOSDAQ,1.47
217820,원익피앤이,2285.0,424850.0,424850.0,970782250.0,970782250.0,KOSDAQ,-0.44
198440,강동씨앤엘,1779.0,1463354.0,1463354.0,2603306766.0,2603306766.0,KOSDAQ,-4.82
039340,한국경제TV,4925.0,4909.0,4909.0,24176825.0,24176825.0,KOSDAQ,-0.2
106190,하이텍팜,10180.0,2226.0,2226.0,22660680.0,22660680.0,KOSDAQ,0.0
950250,테라뷰,3030.0,416201.0,416201.0,1261089030.0,1261089030.0,KOSDAQ,-1.46
299030,하나기술,13490.0,25473.0,38395.0,343630770.0,517948550.0,KOSDAQ,2.51
071280,로체시스템즈,7050.0,74707.0,74707.0,526684350.0,526684350.0,KOSDAQ,2.17
396470,워트,6670.0,66818.0,66818.0,445676060.0,445676060.0,KOSDAQ,-1.04
242040,나무AX,3105.0,204989.0,204989.0,636490845.0,636490845.0,KOSDAQ,-0.16
209640,와이제이링크,3765.0,1725553.0,1725553.0,6496707045.0,6496707045.0,KOSDAQ,-1.44
073560,우리손에프앤지,1540.0,18779.0,18779.0,28919660.0,28919660.0,KOSDAQ,0.0
475580,에이럭스,7800.0,154828.0,154828.0,1207658400.0,1207658400.0,KOSDAQ,1.3
192410,오늘이엔엠,4215.0,31349.0,31349.0,132136035.0,132136035.0,KOSDAQ,1.81
109740,디에스케이,4125.0,15549.0,15549.0,64139625.0,64139625.0,KOSDAQ,0.61
100700,세운메디칼,2415.0,21117.0,21117.0,50997555.0,50997555.0,KOSDAQ,-1.02
130580,나이스디앤비,6860.0,21581.0,21581.0,148045660.0,148045660.0,KOSDAQ,0.88
123040,엠에스오토텍,1681.0,66492.0,66492.0,111773052.0,111773052.0,KOSDAQ,-0.88
120240,대정화금,14640.0,5602.0,5602.0,82013280.0,82013280.0,KOSDAQ,0.21
053700,삼보모터스,3910.0,38264.0,38264.0,149612240.0,149612240.0,KOSDAQ,0.39
311320,지오엘리먼트,8190.0,24739.0,24739.0,202612410.0,202612410.0,KOSDAQ,2.12
125210,아모그린텍,6260.0,421342.0,421342.0,2637600920.0,2637600920.0,KOSDAQ,0.0
059210,메타바이오메드,3800.0,41419.0,41419.0,157392200.0,157392200.0,KOSDAQ,0.4
048550,SM C&C,1067.0,393325.0,393325.0,419677775.0,419677775.0,KOSDAQ,-5.83
394420,리센스메디컬,9350.0,57061.0,57061.0,533520350.0,533520350.0,KOSDAQ,1.52
088130,동아엘텍,5880.0,46626.0,46626.0,274160880.0,274160880.0,KOSDAQ,1.73
289930,웨이비스,7810.0,89527.0,89527.0,699205870.0,699205870.0,KOSDAQ,0.39
021080,에이티넘인베스트,2135.0,44060.0,44060.0,94068100.0,94068100.0,KOSDAQ,1.67
334970,프레스티지바이오로직스,1316.0,159570.0,159570.0,209994120.0,209994120.0,KOSDAQ,-0.08
162300,신스틸,2465.0,511739.0,511739.0,1261436635.0,1261436635.0,KOSDAQ,-1.4
453450,그리드위즈,12810.0,16442.0,16442.0,210622020.0,210622020.0,KOSDAQ,1.1
357880,SKAI,1874.0,525654.0,525654.0,985075596.0,985075596.0,KOSDAQ,-2.85
131030,옵투스제약,5740.0,15422.0,15422.0,88522280.0,88522280.0,KOSDAQ,1.23
091440,한울소재과학,2780.0,174670.0,174670.0,485582600.0,485582600.0,KOSDAQ,-2.28
006620,동구바이오제약,3550.0,26960.0,26960.0,95708000.0,95708000.0,KOSDAQ,1.14
310200,애니플러스,1937.0,164952.0,164952.0,319512024.0,319512024.0,KOSDAQ,0.52
323990,박셀바이오,4330.0,161239.0,161239.0,698164870.0,698164870.0,KOSDAQ,0.0
250060,모비스,3125.0,143051.0,143051.0,447034375.0,447034375.0,KOSDAQ,1.46
063170,서울옥션,5630.0,6153.0,6153.0,34641390.0,34641390.0,KOSDAQ,0.9
217190,제너셈,7580.0,225304.0,225304.0,1707804320.0,1707804320.0,KOSDAQ,5.28
014950,삼익제약,9890.0,1142318.0,1142318.0,11297525020.0,11297525020.0,KOSDAQ,-5.72
182360,큐브엔터,6400.0,17141.0,17141.0,109702400.0,109702400.0,KOSDAQ,-2.29
053350,이니텍,4500.0,49447.0,49447.0,222511500.0,222511500.0,KOSDAQ,0.45
352090,스톰테크,3680.0,12671.0,12671.0,46629280.0,46629280.0,KOSDAQ,0.55
187790,나노,3205.0,98621.0,98621.0,316080305.0,316080305.0,KOSDAQ,1.26
309960,LB인베스트먼트,4255.0,20348.0,20348.0,86580740.0,86580740.0,KOSDAQ,-0.23
037030,파워넷,3870.0,730164.0,730164.0,2825734680.0,2825734680.0,KOSDAQ,7.65
366030,나인앤컴퍼니,4350.0,58566.0,58566.0,254762100.0,254762100.0,KOSDAQ,-0.8
175250,아이큐어,1584.0,232107.0,232107.0,367657488.0,367657488.0,KOSDAQ,-4.12
036220,오상헬스케어,6810.0,39823.0,39823.0,271194630.0,271194630.0,KOSDAQ,1.04
330350,위더스제약,7350.0,66310.0,66310.0,487378500.0,487378500.0,KOSDAQ,-0.41
317770,엑스페릭스,2620.0,52330.0,52330.0,137104600.0,137104600.0,KOSDAQ,1.16
298540,더네이쳐홀딩스,6690.0,8368.0,8368.0,55981920.0,55981920.0,KOSDAQ,0.6
307930,컴퍼니케이,6200.0,25367.0,25367.0,157275400.0,157275400.0,KOSDAQ,0.98
439580,블루엠텍,2855.0,557676.0,557676.0,1592164980.0,1592164980.0,KOSDAQ,5.74
306620,지아이에스,2010.0,1171789.0,1171789.0,2355295890.0,2355295890.0,KOSDAQ,5.24
411080,샌즈랩,6310.0,567425.0,567425.0,3580451750.0,3580451750.0,KOSDAQ,-3.37
099750,이지케어텍,7030.0,19554.0,19554.0,137464620.0,137464620.0,KOSDAQ,3.38
005860,한일사료,2430.0,328490.0,328490.0,798230700.0,798230700.0,KOSDAQ,-1.22
052420,오성첨단소재,9790.0,21404.0,21404.0,209545160.0,209545160.0,KOSDAQ,2.09
042500,링네트,4255.0,36953.0,36953.0,157235015.0,157235015.0,KOSDAQ,0.0
235980,메드팩토,2760.0,202362.0,202362.0,558519120.0,558519120.0,KOSDAQ,-4.66
002230,피에스텍,5130.0,26388.0,26388.0,135370440.0,135370440.0,KOSDAQ,-0.19
083500,에프엔에스테크,11350.0,36588.0,36588.0,415273800.0,415273800.0,KOSDAQ,0.98
049950,미래컴퍼니,10680.0,20346.0,20346.0,217295280.0,217295280.0,KOSDAQ,0.47
036010,아비코전자,7070.0,73683.0,73683.0,520938810.0,520938810.0,KOSDAQ,0.28
348350,위드텍,9570.0,13308.0,13308.0,127357560.0,127357560.0,KOSDAQ,1.81
109610,에스와이,1905.0,41959.0,41959.0,79931895.0,79931895.0,KOSDAQ,0.26
457370,한켐,11540.0,2892982.0,2892982.0,33385012280.0,33385012280.0,KOSDAQ,-8.7
173130,오파스넷,7130.0,120452.0,120452.0,858822760.0,858822760.0,KOSDAQ,3.63
047560,이스트소프트,7860.0,26303.0,26303.0,206741580.0,206741580.0,KOSDAQ,1.95
362320,청담글로벌,4460.0,64809.0,64809.0,289048140.0,289048140.0,KOSDAQ,2.06
432470,케이엔에스,10520.0,391791.0,391791.0,4121641320.0,4121641320.0,KOSDAQ,-3.4
282720,금양그린파워,7610.0,18485.0,18485.0,140670850.0,140670850.0,KOSDAQ,2.15
045970,코아시아,3500.0,99146.0,99146.0,347011000.0,347011000.0,KOSDAQ,2.04
493330,지에프아이,11410.0,45387.0,45387.0,517865670.0,517865670.0,KOSDAQ,-2.48
066590,스모트로닉,2370.0,59508.0,59508.0,141033960.0,141033960.0,KOSDAQ,-1.04
040420,정상제이엘에스,5830.0,2378.0,2378.0,13863740.0,13863740.0,KOSDAQ,0.17
023900,풍국주정,7250.0,4893.0,4893.0,35474250.0,35474250.0,KOSDAQ,-1.23
307870,비투엔,1228.0,818740.0,818740.0,1005412720.0,1005412720.0,KOSDAQ,1.66
053580,웹케시,7040.0,4937.0,4937.0,34756480.0,34756480.0,KOSDAQ,1.44
074430,아미노로직스,1015.0,132207.0,132207.0,134190105.0,134190105.0,KOSDAQ,-0.88
093920,서원인텍,4870.0,8394.0,8394.0,40878780.0,40878780.0,KOSDAQ,0.0
062970,한국첨단소재,2990.0,4761421.0,4761421.0,14236648790.0,14236648790.0,KOSDAQ,-2.92
205100,엑셈,1333.0,1136281.0,1136281.0,1514662573.0,1514662573.0,KOSDAQ,5.71
255440,야스,6890.0,64816.0,64816.0,446582240.0,446582240.0,KOSDAQ,4.87
322180,LS티라유텍,4180.0,84300.0,84300.0,352374000.0,352374000.0,KOSDAQ,2.7
357230,에이치피오,2165.0,48855.0,48855.0,105771075.0,105771075.0,KOSDAQ,4.84
419050,삼기에너지솔루션즈,1558.0,300099.0,300099.0,467554242.0,467554242.0,KOSDAQ,-0.64
009300,삼아제약,13960.0,769.0,769.0,10735240.0,10735240.0,KOSDAQ,-0.29
013310,아진산업,2290.0,78156.0,78156.0,178977240.0,178977240.0,KOSDAQ,1.55
096240,크레버스,8640.0,6393.0,6393.0,55235520.0,55235520.0,KOSDAQ,0.58
033290,로젠,1575.0,31528.0,31528.0,49656600.0,49656600.0,KOSDAQ,3.69
226400,오스테오닉,4270.0,111651.0,111651.0,476749770.0,476749770.0,KOSDAQ,-0.93
900260,로스웰,1913.0,20973.0,20973.0,40121349.0,40121349.0,KOSDAQ,-2.65
091120,이엠텍,5120.0,35156.0,35156.0,179998720.0,179998720.0,KOSDAQ,1.39
049080,기가레인,10330.0,1926386.0,1926386.0,19899567380.0,19899567380.0,KOSDAQ,-0.1
048530,인트론바이오,2835.0,62440.0,62440.0,177017400.0,177017400.0,KOSDAQ,-3.9
054540,삼영엠텍,6710.0,60906.0,60906.0,408679260.0,408679260.0,KOSDAQ,0.75
052460,아이크래프트,5960.0,171256.0,171256.0,1020685760.0,1020685760.0,KOSDAQ,0.34
129920,대성하이텍,5320.0,104198.0,104198.0,554333360.0,554333360.0,KOSDAQ,-1.3
263720,디앤씨미디어,7040.0,15720.0,15720.0,110668800.0,110668800.0,KOSDAQ,1.0
294630,서남,3250.0,373414.0,373414.0,1213595500.0,1213595500.0,KOSDAQ,1.88
040350,크레오에스지,4320.0,213846.0,213846.0,923814720.0,923814720.0,KOSDAQ,12.21
004650,창해에탄올,9310.0,4018.0,4018.0,37407580.0,37407580.0,KOSDAQ,0.0
072020,중앙백신,9230.0,8559.0,8559.0,78999570.0,78999570.0,KOSDAQ,0.65
234300,에스트래픽,3125.0,136794.0,136794.0,427481250.0,427481250.0,KOSDAQ,3.99
100590,머큐리,4960.0,3083336.0,3083336.0,15293346560.0,15293346560.0,KOSDAQ,5.53
215100,로보로보,4170.0,38890.0,38890.0,162171300.0,162171300.0,KOSDAQ,2.58
029480,광무,1420.0,82290.0,82290.0,116851800.0,116851800.0,KOSDAQ,-0.14
065450,빅텍,2875.0,276709.0,276709.0,795538375.0,795538375.0,KOSDAQ,0.52
380550,뉴로핏,6950.0,35491.0,35491.0,246662450.0,246662450.0,KOSDAQ,1.31
078890,가온그룹,4585.0,51941.0,51941.0,238149485.0,238149485.0,KOSDAQ,1.66
058820,CMG제약,569.0,646273.0,646273.0,367729337.0,367729337.0,KOSDAQ,0.53
330730,스톤브릿지벤처스,4615.0,11872.0,11872.0,54789280.0,54789280.0,KOSDAQ,0.54
0015S0,페스카로,8520.0,579782.0,579782.0,4939742640.0,4939742640.0,KOSDAQ,4.8
357580,아모센스,7130.0,475572.0,475572.0,3390828360.0,3390828360.0,KOSDAQ,3.63
025950,동신건설,10000.0,14447.0,14447.0,144470000.0,144470000.0,KOSDAQ,-0.3
038110,에코플라스틱,2025.0,91940.0,91940.0,186178500.0,186178500.0,KOSDAQ,0.0
086960,MDS테크,1960.0,155466.0,155466.0,304713360.0,304713360.0,KOSDAQ,0.51
185490,아이진,1926.0,50133.0,50133.0,96556158.0,96556158.0,KOSDAQ,0.1
007820,엠엑스로보틱스,3560.0,82058.0,82058.0,292126480.0,292126480.0,KOSDAQ,1.14
100130,동국S&C,1451.0,284439.0,284439.0,412720989.0,412720989.0,KOSDAQ,2.18
047820,초록뱀미디어,3390.0,9959.0,9959.0,33761010.0,33761010.0,KOSDAQ,-1.31
137950,제이씨케미칼,3715.0,70304.0,70304.0,261179360.0,261179360.0,KOSDAQ,-2.11
048910,대원미디어,6570.0,26577.0,26577.0,174610890.0,174610890.0,KOSDAQ,2.5
101330,모베이스,3570.0,74100.0,74100.0,264537000.0,264537000.0,KOSDAQ,1.56
078140,대봉엘에스,7450.0,7298.0,7298.0,54370100.0,54370100.0,KOSDAQ,1.64
381620,제닉스로보틱스,6290.0,57055.0,57055.0,358875950.0,358875950.0,KOSDAQ,4.31
036640,HRS,5030.0,17072.0,17072.0,85872160.0,85872160.0,KOSDAQ,0.4
044990,에이치엔에스하이텍,10700.0,9257.0,9257.0,99049900.0,99049900.0,KOSDAQ,3.08
086710,선진뷰티사이언스,6730.0,5015.0,5015.0,33750950.0,33750950.0,KOSDAQ,-0.59
066430,아이로보틱스,2095.0,404268.0,404268.0,846941460.0,846941460.0,KOSDAQ,0.0
234030,싸이닉솔루션,3460.0,240958.0,240958.0,833714680.0,833714680.0,KOSDAQ,0.0
950130,엑세스바이오,2320.0,166750.0,166750.0,386860000.0,386860000.0,KOSDAQ,-5.31
131370,알서포트,1529.0,97024.0,97024.0,148349696.0,148349696.0,KOSDAQ,1.26
478560,블랙야크아이앤씨,3145.0,54348.0,54348.0,170924460.0,170924460.0,KOSDAQ,2.78
004590,한국가구,5410.0,13711.0,13711.0,74176510.0,74176510.0,KOSDAQ,1.31
418470,KT밀리의서재,9470.0,16874.0,16874.0,159796780.0,159796780.0,KOSDAQ,0.96
105740,디케이락,7970.0,51051.0,51051.0,406876470.0,406876470.0,KOSDAQ,1.27
037760,쎄니트,2395.0,2777.0,2777.0,6650915.0,6650915.0,KOSDAQ,0.84
066980,한성크린텍,1502.0,161494.0,161494.0,242563988.0,242563988.0,KOSDAQ,1.42
149980,하이로닉,4695.0,18202.0,18202.0,85458390.0,85458390.0,KOSDAQ,-0.32
054670,대한뉴팜,5620.0,6901.0,6901.0,38783620.0,38783620.0,KOSDAQ,0.9
033560,블루콤,4705.0,13515.0,13515.0,63588075.0,63588075.0,KOSDAQ,-1.26
140070,서플러스글로벌,2175.0,175184.0,175184.0,381025200.0,381025200.0,KOSDAQ,4.82
089230,THE E&M,2040.0,360494.0,360494.0,735407760.0,735407760.0,KOSDAQ,6.58
052900,KX하이텍,1048.0,894756.0,894756.0,937704288.0,937704288.0,KOSDAQ,2.44
079810,APS이노베이션,3720.0,32326.0,32326.0,120252720.0,120252720.0,KOSDAQ,-0.67
246960,SCL사이언스,2350.0,127110.0,127110.0,298708500.0,298708500.0,KOSDAQ,3.98
032300,한국파마,7310.0,3361.0,3361.0,24568910.0,24568910.0,KOSDAQ,-1.62
000440,중앙에너비스,12800.0,30026.0,30026.0,384332800.0,384332800.0,KOSDAQ,-1.31
094860,네오리진,1498.0,73230.0,73230.0,109698540.0,109698540.0,KOSDAQ,-1.45
066700,테라젠이텍스,2140.0,39499.0,39499.0,84527860.0,84527860.0,KOSDAQ,1.9
302550,리메드,2625.0,21227.0,21227.0,55720875.0,55720875.0,KOSDAQ,-0.38
0007J0,인벤테라,10100.0,168424.0,168424.0,1701082400.0,1701082400.0,KOSDAQ,-6.91
142280,녹십자엠에스,3315.0,574356.0,574356.0,1903990140.0,1903990140.0,KOSDAQ,0.45
371950,풍원정밀,3370.0,167240.0,167240.0,563598800.0,563598800.0,KOSDAQ,0.3
032540,TJ미디어,3800.0,2296.0,2296.0,8724800.0,8724800.0,KOSDAQ,0.26
067000,조이시티,1135.0,163459.0,163459.0,185525965.0,185525965.0,KOSDAQ,0.71
117670,알파칩스,11900.0,734896.0,734896.0,8745262400.0,8745262400.0,KOSDAQ,14.86
365330,에스와이스틸텍,1580.0,174315.0,174315.0,275417700.0,275417700.0,KOSDAQ,1.28
019550,SBI인베스트먼트,981.0,111358.0,111358.0,109242198.0,109242198.0,KOSDAQ,-0.3
0117P0,피스피스스튜디오,5570.0,53589.0,53589.0,298490730.0,298490730.0,KOSDAQ,0.0
263800,데이타솔루션,4840.0,251424.0,251424.0,1216892160.0,1216892160.0,KOSDAQ,-0.1
382840,원준,5140.0,84774.0,84774.0,435738360.0,435738360.0,KOSDAQ,-1.53
040160,누리플렉스,6600.0,19770.0,19770.0,130482000.0,130482000.0,KOSDAQ,1.69
475430,키스트론,4385.0,215288.0,215288.0,944037880.0,944037880.0,KOSDAQ,3.06
396270,넥스트칩,2375.0,1024892.0,1024892.0,2434118500.0,2434118500.0,KOSDAQ,-1.25
0017J0,세미티에스,2590.0,157490.0,157490.0,407899100.0,407899100.0,KOSDAQ,0.39
389030,지니너스,1980.0,153533.0,153533.0,303995340.0,303995340.0,KOSDAQ,-1.74
412350,레이저쎌,5340.0,441101.0,441101.0,2355479340.0,2355479340.0,KOSDAQ,2.5
058400,KNN,5870.0,8101.0,8101.0,47552870.0,47552870.0,KOSDAQ,-1.01
066310,큐에스아이,8360.0,291048.0,291048.0,2433161280.0,2433161280.0,KOSDAQ,4.63
251120,바이오에프디엔씨,8910.0,3665.0,3665.0,32655150.0,32655150.0,KOSDAQ,2.41
253840,수젠텍,4625.0,120801.0,120801.0,558704625.0,558704625.0,KOSDAQ,0.22
030960,양지사,4845.0,23146.0,23146.0,112142370.0,112142370.0,KOSDAQ,2.32
024880,케이피에프,3880.0,37238.0,37238.0,144483440.0,144483440.0,KOSDAQ,2.11
063080,컴투스홀딩스,11690.0,9728.0,9728.0,113720320.0,113720320.0,KOSDAQ,-0.51
223250,드림씨아이에스,3130.0,51866.0,51866.0,162340580.0,162340580.0,KOSDAQ,-1.57
487580,폴레드,3055.0,103572.0,103572.0,316412460.0,316412460.0,KOSDAQ,2.17
124560,태웅로직스,1985.0,18563.0,18563.0,36847555.0,36847555.0,KOSDAQ,-0.65
487400,케이앤에스아이앤씨,7490.0,235008.0,235008.0,1760209920.0,1760209920.0,KOSDAQ,5.34
389140,포바이포,5380.0,25486.0,25486.0,137114680.0,137114680.0,KOSDAQ,0.56
225530,HC보광산업,2110.0,5826.0,5826.0,12292860.0,12292860.0,KOSDAQ,0.96
083790,CG인바이츠,997.0,138462.0,138462.0,138046614.0,138046614.0,KOSDAQ,1.63
102370,케이옥션,2960.0,11117.0,11117.0,32906320.0,32906320.0,KOSDAQ,2.07
107600,새빗켐,13560.0,9936.0,9936.0,134732160.0,134732160.0,KOSDAQ,0.59
331380,포커스에이아이,2070.0,11307.0,11307.0,23405490.0,23405490.0,KOSDAQ,-1.66
088390,이녹스,8140.0,11138.0,11138.0,90663320.0,90663320.0,KOSDAQ,0.74
041930,SY동아,5020.0,31473.0,31473.0,157994460.0,157994460.0,KOSDAQ,0.9
012700,리드코프,2930.0,10689.0,10689.0,31318770.0,31318770.0,KOSDAQ,1.21
017480,삼현철강,4930.0,29261.0,29261.0,144256730.0,144256730.0,KOSDAQ,2.49
228340,동양파일,3795.0,2093868.0,2093868.0,7946229060.0,7946229060.0,KOSDAQ,-0.26
168330,내츄럴엔도텍,2380.0,12621.0,12621.0,30037980.0,30037980.0,KOSDAQ,0.21
038680,에스넷,3780.0,60878.0,60878.0,230118840.0,230118840.0,KOSDAQ,-1.05
456070,이엔셀,6820.0,2924086.0,2924086.0,19942266520.0,19942266520.0,KOSDAQ,29.9
011370,서한,3720.0,17023.0,17023.0,63325560.0,63325560.0,KOSDAQ,0.68
024740,한일단조,2280.0,75761.0,75761.0,172735080.0,172735080.0,KOSDAQ,-0.65
020710,시공테크,3735.0,126480.0,126480.0,472402800.0,472402800.0,KOSDAQ,-0.4
303810,동국생명과학,2340.0,17793.0,17793.0,41635620.0,41635620.0,KOSDAQ,1.3
060570,드림어스컴퍼니,5050.0,8081.0,8081.0,40809050.0,40809050.0,KOSDAQ,1.41
060590,씨티씨바이오,3085.0,27879.0,27879.0,86006715.0,86006715.0,KOSDAQ,1.48
048430,유라테크,6470.0,1835579.0,1835579.0,11876196130.0,11876196130.0,KOSDAQ,5.89
040910,아이씨디,4100.0,8746.0,8746.0,35858600.0,35858600.0,KOSDAQ,0.37
320000,한울반도체,10760.0,187595.0,187595.0,2018522200.0,2018522200.0,KOSDAQ,-0.55
208140,정다운,2275.0,10633.0,10633.0,24190075.0,24190075.0,KOSDAQ,-0.22
282620,기도산업,12680.0,48648.0,48648.0,616856640.0,616856640.0,KOSDAQ,0.79
090470,제이스로보틱스,4245.0,25055.0,25055.0,106358475.0,106358475.0,KOSDAQ,-0.24
084730,팅크웨어,6670.0,15970.0,15970.0,106519900.0,106519900.0,KOSDAQ,0.3
080010,이상네트웍스,7520.0,1298.0,1298.0,9760960.0,9760960.0,KOSDAQ,-0.53
451250,삐아,7230.0,7230.0,7230.0,52272900.0,52272900.0,KOSDAQ,-0.82
039980,폴라리스AI,5120.0,95186.0,95186.0,487352320.0,487352320.0,KOSDAQ,1.99
091590,남화토건,6260.0,310887.0,310887.0,1946152620.0,1946152620.0,KOSDAQ,-1.57
026150,특수건설,4185.0,57121.0,57121.0,239051385.0,239051385.0,KOSDAQ,3.85
413390,엠오티,6330.0,17528.0,17528.0,110952240.0,110952240.0,KOSDAQ,0.32
011320,유니크,3785.0,23563.0,23563.0,89185955.0,89185955.0,KOSDAQ,1.47
053280,예스24,2925.0,23586.0,23586.0,68989050.0,68989050.0,KOSDAQ,1.39
038460,바이오스마트,2890.0,116314.0,116314.0,336147460.0,336147460.0,KOSDAQ,3.03
337930,젝시믹스,2460.0,42891.0,42891.0,105511860.0,105511860.0,KOSDAQ,0.41
065510,휴비츠,6710.0,15102.0,15102.0,101334420.0,101334420.0,KOSDAQ,0.75
170030,현대공업,4755.0,9727.0,9727.0,46251885.0,46251885.0,KOSDAQ,-0.63
045660,에이텍,8830.0,7615.0,7615.0,67240450.0,67240450.0,KOSDAQ,1.38
041910,폴라리스AI파마,5490.0,14377.0,14377.0,78929730.0,78929730.0,KOSDAQ,0.37
058630,엠게임,3880.0,22597.0,22597.0,87676360.0,87676360.0,KOSDAQ,-1.02
360070,탑머티리얼,8890.0,16262.0,16262.0,144569180.0,144569180.0,KOSDAQ,6.34
302430,이노메트리,7420.0,73474.0,73474.0,545177080.0,545177080.0,KOSDAQ,-0.93
054040,한국컴퓨터,4520.0,13046.0,13046.0,58967920.0,58967920.0,KOSDAQ,2.26
0004V0,엔비알모션,6590.0,1432697.0,1432697.0,9441473230.0,9441473230.0,KOSDAQ,14.61
096350,대창솔루션,1966.0,102000.0,102000.0,200532000.0,200532000.0,KOSDAQ,1.39
388870,파로스아이바이오,5580.0,32875.0,32875.0,183442500.0,183442500.0,KOSDAQ,0.18
347890,엠엑스온,4235.0,16956.0,16956.0,71808660.0,71808660.0,KOSDAQ,-0.24
012790,신일제약,6010.0,20619.0,20619.0,123920190.0,123920190.0,KOSDAQ,-0.83
085670,뉴프렉스,2935.0,37083.0,37083.0,108838605.0,108838605.0,KOSDAQ,1.21
076610,해성옵틱스,1179.0,931539.0,931539.0,1098284481.0,1098284481.0,KOSDAQ,-0.84
228670,레이,4590.0,27391.0,27391.0,125724690.0,125724690.0,KOSDAQ,0.0
171120,라이온켐텍,1999.0,29363.0,29363.0,58696637.0,58696637.0,KOSDAQ,1.01
128660,피제이메탈,2885.0,25364.0,25364.0,73175140.0,73175140.0,KOSDAQ,0.0
377480,마음AI,10010.0,23087.0,23087.0,231100870.0,231100870.0,KOSDAQ,1.73
153710,옵티팜,4850.0,1973.0,1973.0,9569050.0,9569050.0,KOSDAQ,2.75
104460,디와이피엔에프,6760.0,9137.0,9137.0,61766120.0,61766120.0,KOSDAQ,0.0
277880,티에스아이,3580.0,15134.0,15134.0,54179720.0,54179720.0,KOSDAQ,0.42
054620,APS,3850.0,18529.0,18529.0,71336650.0,71336650.0,KOSDAQ,0.92
217330,싸이토젠,3060.0,40415.0,40415.0,123669900.0,123669900.0,KOSDAQ,0.0
067370,선바이오,5790.0,6640.0,6640.0,38445600.0,38445600.0,KOSDAQ,-0.17
417790,트루엔,6750.0,9043.0,9043.0,61040250.0,61040250.0,KOSDAQ,1.81
332370,아이디피,5320.0,1371.0,1371.0,7293720.0,7293720.0,KOSDAQ,-0.56
204840,지엘팜텍,4550.0,18938.0,18938.0,86167900.0,86167900.0,KOSDAQ,0.22
460940,피앤에스로보틱스,5240.0,76864.0,76864.0,402767360.0,402767360.0,KOSDAQ,0.0
347000,센코,1862.0,8227.0,8227.0,15318674.0,15318674.0,KOSDAQ,-2.0
024830,세원물산,8420.0,581.0,581.0,4892020.0,4892020.0,KOSDAQ,-0.82
049550,잉크테크,3575.0,4694.0,4694.0,16781050.0,16781050.0,KOSDAQ,3.62
110790,크리스에프앤씨,2990.0,2161.0,2161.0,6461390.0,6461390.0,KOSDAQ,1.7
067570,엔브이에이치코리아,1655.0,84333.0,84333.0,139571115.0,139571115.0,KOSDAQ,0.73
136150,원일티엔아이,8280.0,10868.0,10868.0,89987040.0,89987040.0,KOSDAQ,5.61
043610,KT지니뮤직,1192.0,64714.0,64714.0,77139088.0,77139088.0,KOSDAQ,-0.25
032850,비트컴퓨터,4165.0,250809.0,250809.0,1044619485.0,1044619485.0,KOSDAQ,7.9
006140,피제이전자,4645.0,31996.0,31996.0,148621420.0,148621420.0,KOSDAQ,2.09
318160,셀바이오휴먼텍,7390.0,96589.0,96589.0,713792710.0,713792710.0,KOSDAQ,6.33
039010,현대에이치티,8000.0,19196.0,19196.0,153568000.0,153568000.0,KOSDAQ,1.01
109860,동일금속,7580.0,538.0,538.0,4078040.0,4078040.0,KOSDAQ,2.57
019540,일지테크,5080.0,16545.0,16545.0,84048600.0,84048600.0,KOSDAQ,0.2
048770,TPC로보틱스,4365.0,582675.0,582675.0,2543376375.0,2543376375.0,KOSDAQ,2.46
265560,영화테크,6400.0,9125.0,9125.0,58400000.0,58400000.0,KOSDAQ,0.0
338220,뷰노,4880.0,418963.0,1845134.0,2044539440.0,9004253920.0,KOSDAQ,12.83
303360,프로티아,5300.0,7356.0,7356.0,38986800.0,38986800.0,KOSDAQ,0.19
004780,대륙제관,4290.0,21183.0,21183.0,90875070.0,90875070.0,KOSDAQ,0.12
061040,알에프텍,7540.0,5353.0,5353.0,40361620.0,40361620.0,KOSDAQ,3.43
002800,신신제약,4495.0,12887.0,12887.0,57927065.0,57927065.0,KOSDAQ,0.67
299660,셀리드,2305.0,292903.0,292903.0,675141415.0,675141415.0,KOSDAQ,1.1
417970,모델솔루션,10630.0,10018.0,10018.0,106491340.0,106491340.0,KOSDAQ,2.31
123420,위메이드플레이,6510.0,10798.0,10798.0,70294980.0,70294980.0,KOSDAQ,1.09
262260,에이프로,4490.0,27239.0,27239.0,122303110.0,122303110.0,KOSDAQ,1.7
205470,휴마시스,2730.0,70522.0,70522.0,192525060.0,192525060.0,KOSDAQ,-3.7
214260,라파스,7540.0,4682.0,4682.0,35302280.0,35302280.0,KOSDAQ,-0.53
137080,나래나노텍,6270.0,6832.0,6832.0,42836640.0,42836640.0,KOSDAQ,1.79
010280,아이티센엔텍,5150.0,19264.0,19264.0,99209600.0,99209600.0,KOSDAQ,0.39
067920,이글루,6100.0,107845.0,107845.0,657854500.0,657854500.0,KOSDAQ,-1.45
950220,네오이뮨텍,1960.0,187408.0,187408.0,367319680.0,367319680.0,KOSDAQ,-1.21
0156T0,에이치엘지노믹스,8590.0,57361.0,57361.0,492730990.0,492730990.0,KOSDAQ,-0.69
270520,앱튼,2880.0,85873.0,85873.0,247314240.0,247314240.0,KOSDAQ,-0.69
424960,스마트레이더시스템,4040.0,19418.0,19418.0,78448720.0,78448720.0,KOSDAQ,1.0
111710,남화산업,3230.0,59908.0,59908.0,193502840.0,193502840.0,KOSDAQ,1.41
014970,삼륭물산,4485.0,28369.0,28369.0,127234965.0,127234965.0,KOSDAQ,-1.21
294140,레몬,2665.0,35576.0,35576.0,94810040.0,94810040.0,KOSDAQ,2.5
041460,한국전자인증,3490.0,23384.0,23384.0,81610160.0,81610160.0,KOSDAQ,1.31
323350,다원넥스뷰,8270.0,47364.0,47364.0,391700280.0,391700280.0,KOSDAQ,4.16
222110,팬젠,4900.0,1583.0,1583.0,7756700.0,7756700.0,KOSDAQ,2.73
290660,다이나믹솔루션,1543.0,554055.0,554055.0,854906865.0,854906865.0,KOSDAQ,0.98
212710,아이에스티이,6800.0,30048.0,30048.0,204326400.0,204326400.0,KOSDAQ,1.49
067170,오텍,2405.0,116556.0,116556.0,280317180.0,280317180.0,KOSDAQ,-0.62
483350,딜리셔스,2970.0,255756.0,255756.0,759595320.0,759595320.0,KOSDAQ,-1.16
0218L0,네오뷰,12450.0,17497.0,17497.0,217837650.0,217837650.0,KOSDAQ,-1.11
100030,인지소프트,19990.0,7488.0,7488.0,149685120.0,149685120.0,KOSDAQ,-1.28
033130,디지틀조선,1768.0,145634.0,145634.0,257480912.0,257480912.0,KOSDAQ,0.45
096250,와이즈넛,5550.0,19058.0,19058.0,105771900.0,105771900.0,KOSDAQ,2.21
214680,디알텍,3920.0,50869.0,50869.0,199406480.0,199406480.0,KOSDAQ,0.13
036000,예림당,2825.0,12071.0,12071.0,34100575.0,34100575.0,KOSDAQ,1.07
043650,국순당,3635.0,31125.0,31125.0,113139375.0,113139375.0,KOSDAQ,0.14
104040,디에스엠,2420.0,10534.0,10534.0,25492280.0,25492280.0,KOSDAQ,-0.41
0155E0,해치텍,11700.0,380670.0,380670.0,4453839000.0,4453839000.0,KOSDAQ,-2.5
463020,뉴엔AI,7140.0,148400.0,148400.0,1059576000.0,1059576000.0,KOSDAQ,5.78
241790,티이엠씨씨엔에스,6410.0,21743.0,21743.0,139372630.0,139372630.0,KOSDAQ,0.16
451220,아이엠티,8140.0,59778.0,59778.0,486592920.0,486592920.0,KOSDAQ,-0.97
092040,아미코젠,907.0,248798.0,248798.0,225659786.0,225659786.0,KOSDAQ,-0.11
008370,원풍,5340.0,6587.0,6587.0,35174580.0,35174580.0,KOSDAQ,1.71
039610,화성밸브,6140.0,45826.0,45826.0,281371640.0,281371640.0,KOSDAQ,1.49
331740,아우토크립트,6540.0,63280.0,63280.0,413851200.0,413851200.0,KOSDAQ,-2.68
082210,옵트론텍,1817.0,61238.0,61238.0,111269446.0,111269446.0,KOSDAQ,3.47
065170,비엘팜텍,2270.0,391234.0,391234.0,888101180.0,888101180.0,KOSDAQ,0.44
081150,티플랙스,2610.0,39437.0,39437.0,102930570.0,102930570.0,KOSDAQ,-0.38
089850,유비벨록스,4300.0,7508.0,7508.0,32284400.0,32284400.0,KOSDAQ,0.35
155650,와이엠씨,3325.0,29035.0,29035.0,96541375.0,96541375.0,KOSDAQ,2.94
054300,팬스타엔터프라이즈,1082.0,233222.0,233222.0,252346204.0,252346204.0,KOSDAQ,0.37
065530,와이어블,1315.0,226175.0,226175.0,297420125.0,297420125.0,KOSDAQ,4.61
147760,피엠티,3140.0,102870.0,102870.0,323011800.0,323011800.0,KOSDAQ,3.46
191420,테고사이언스,7730.0,3588.0,3588.0,27735240.0,27735240.0,KOSDAQ,1.71
039420,케이엘넷,2730.0,27716.0,27716.0,75664680.0,75664680.0,KOSDAQ,1.49
382480,지아이텍,1589.0,39107.0,39107.0,62141023.0,62141023.0,KOSDAQ,0.19
095270,웨이브일렉트로,4350.0,47495.0,47495.0,206603250.0,206603250.0,KOSDAQ,2.59
900300,오가닉티코스메틱,3030.0,111996.0,111996.0,339347880.0,339347880.0,KOSDAQ,-3.19
005670,푸드웰,6230.0,17890.0,17890.0,111454700.0,111454700.0,KOSDAQ,0.65
049480,오픈베이스,1980.0,203338.0,203338.0,402609240.0,402609240.0,KOSDAQ,2.38
064240,홈캐스트,1791.0,80690.0,80690.0,144515790.0,144515790.0,KOSDAQ,-1.05
122350,삼기,1620.0,502667.0,502667.0,814320540.0,814320540.0,KOSDAQ,-0.06
457600,벡트,4525.0,40328.0,40328.0,182484200.0,182484200.0,KOSDAQ,-0.77
347860,알체라,1471.0,76747.0,76747.0,112894837.0,112894837.0,KOSDAQ,1.8
010240,흥국,5290.0,22433.0,22433.0,118670570.0,118670570.0,KOSDAQ,0.76
241690,유니테크노,2530.0,22215.0,22215.0,56203950.0,56203950.0,KOSDAQ,1.2
352910,오비고,4870.0,5090.0,5090.0,24788300.0,24788300.0,KOSDAQ,0.0
016250,SGC E&C,12180.0,1019.0,1019.0,12411420.0,12411420.0,KOSDAQ,1.75
216050,인크로스,5020.0,17318.0,17318.0,86936360.0,86936360.0,KOSDAQ,2.03
448710,코츠테크놀로지,11540.0,21607.0,21607.0,249344780.0,249344780.0,KOSDAQ,3.78
291230,컴투스엔,2540.0,58869.0,58869.0,149527260.0,149527260.0,KOSDAQ,0.2
221800,지구홀딩스,3725.0,40385.0,40385.0,150434125.0,150434125.0,KOSDAQ,3.47
066670,디티씨,3245.0,2937.0,2937.0,9530565.0,9530565.0,KOSDAQ,0.93
014470,부방,1063.0,73247.0,73247.0,77861561.0,77861561.0,KOSDAQ,-1.3
094850,참좋은여행,4330.0,17108.0,17108.0,74077640.0,74077640.0,KOSDAQ,-1.48
288180,케이피항공산업,8180.0,69889.0,69889.0,571692020.0,571692020.0,KOSDAQ,0.12
056360,코위버,6150.0,368655.0,368655.0,2267228250.0,2267228250.0,KOSDAQ,4.24
033320,제이씨현시스템,3150.0,107471.0,107471.0,338533650.0,338533650.0,KOSDAQ,2.61
053620,태양,6990.0,2840.0,2840.0,19851600.0,19851600.0,KOSDAQ,2.79
060310,3S,1130.0,72719.0,72719.0,82172470.0,82172470.0,KOSDAQ,-0.18
365660,레몬헬스케어,4455.0,314500.0,314500.0,1401097500.0,1401097500.0,KOSDAQ,-1.76
238090,앤디포스,1958.0,12103.0,12103.0,23697674.0,23697674.0,KOSDAQ,0.15
950200,소마젠,3090.0,107558.0,107558.0,332354220.0,332354220.0,KOSDAQ,0.98
097800,윈팩,2170.0,203402.0,203402.0,441382340.0,441382340.0,KOSDAQ,1.88
208370,셀바스헬스케어,2300.0,81217.0,81217.0,186799100.0,186799100.0,KOSDAQ,0.66
003310,대주산업,1665.0,239392.0,239392.0,398587680.0,398587680.0,KOSDAQ,1.28
050960,수산아이앤티,8710.0,1493.0,1493.0,13004030.0,13004030.0,KOSDAQ,-0.68
036120,서울평가정보,1673.0,46655.0,46655.0,78053815.0,78053815.0,KOSDAQ,-0.48
037440,희림,4220.0,187182.0,187182.0,789908040.0,789908040.0,KOSDAQ,0.0
010470,오리콤,4905.0,17878.0,17878.0,87691590.0,87691590.0,KOSDAQ,-0.51
192250,케이사인,8310.0,338262.0,338262.0,2810957220.0,2810957220.0,KOSDAQ,4.27
064800,포니링크,2295.0,33406.0,33406.0,76666770.0,76666770.0,KOSDAQ,3.38
340810,시선AI,4205.0,153862.0,153862.0,646989710.0,646989710.0,KOSDAQ,4.34
214270,FSN,1296.0,37807.0,37807.0,48997872.0,48997872.0,KOSDAQ,-0.92
348080,큐라티스,4570.0,2552429.0,2552429.0,11664600530.0,11664600530.0,KOSDAQ,-5.09
126880,제이엔케이글로벌,2520.0,52059.0,52059.0,131188680.0,131188680.0,KOSDAQ,0.4
187420,HLB제넥스,1786.0,76449.0,76449.0,136537914.0,136537914.0,KOSDAQ,0.34
025550,한국선재,2280.0,78986.0,78986.0,180088080.0,180088080.0,KOSDAQ,2.01
033310,엠투엔,1453.0,29246.0,29246.0,42494438.0,42494438.0,KOSDAQ,0.14
036090,위지트,1363.0,602632.0,602632.0,821387416.0,821387416.0,KOSDAQ,-0.8
045340,토탈소프트,6760.0,15306.0,15306.0,103468560.0,103468560.0,KOSDAQ,0.9
061250,화일약품,6820.0,140098.0,140098.0,955468360.0,955468360.0,KOSDAQ,0.29
039020,이건홀딩스,2540.0,15327.0,15327.0,38930580.0,38930580.0,KOSDAQ,0.2
315640,딥노이드,1951.0,559447.0,559447.0,1091481097.0,1091481097.0,KOSDAQ,6.9
175140,아고스,2290.0,27777.0,27777.0,63609330.0,63609330.0,KOSDAQ,1.78
053050,지에스이,1904.0,134966.0,134966.0,256975264.0,256975264.0,KOSDAQ,-0.94
333620,엔시스,5170.0,9424.0,9424.0,48722080.0,48722080.0,KOSDAQ,0.39
123010,MSDI,2810.0,168560.0,168560.0,473653600.0,473653600.0,KOSDAQ,-3.93
089790,제이티,5500.0,137205.0,137205.0,754627500.0,754627500.0,KOSDAQ,-0.18
273640,와이엠텍,5150.0,8042.0,8042.0,41416300.0,41416300.0,KOSDAQ,0.78
127710,아시아경제,1281.0,84759.0,84759.0,108576279.0,108576279.0,KOSDAQ,7.83
391710,코닉오토메이션,1322.0,639474.0,639474.0,845384628.0,845384628.0,KOSDAQ,-1.42
263600,덕우전자,3535.0,9137.0,9137.0,32299295.0,32299295.0,KOSDAQ,0.43
443250,레뷰코퍼레이션,5200.0,14822.0,14822.0,77074400.0,77074400.0,KOSDAQ,1.17
024950,삼천리자전거,4520.0,21766.0,21766.0,98382320.0,98382320.0,KOSDAQ,1.23
007370,진양제약,3965.0,10832.0,10832.0,42948880.0,42948880.0,KOSDAQ,-0.87
420570,제이투케이바이오,9580.0,93092.0,93092.0,891821360.0,891821360.0,KOSDAQ,-1.64
053160,프리엠스,9320.0,13242.0,13242.0,123415440.0,123415440.0,KOSDAQ,-6.43
263690,디알젬,4920.0,3319.0,3319.0,16329480.0,16329480.0,KOSDAQ,0.1
040610,SG&G,3265.0,20836.0,20836.0,68029540.0,68029540.0,KOSDAQ,1.71
059270,해성에어로보틱스,4980.0,40361.0,40361.0,200997780.0,200997780.0,KOSDAQ,0.0
317530,에피소드컴퍼니,3175.0,19002.0,19002.0,60331350.0,60331350.0,KOSDAQ,-1.4
460870,에스엠씨지,2755.0,28291.0,28291.0,77941705.0,77941705.0,KOSDAQ,1.66
109080,옵티시스,9810.0,314031.0,314031.0,3080644110.0,3080644110.0,KOSDAQ,7.57
104540,코렌텍,4095.0,13343.0,13343.0,54639585.0,54639585.0,KOSDAQ,1.87
104620,노랑풍선,3260.0,99717.0,99717.0,325077420.0,325077420.0,KOSDAQ,-1.66
215360,우리산업,6000.0,3301.0,3301.0,19806000.0,19806000.0,KOSDAQ,-1.64
036670,삼양케이씨아이,5080.0,2259.0,2259.0,11475720.0,11475720.0,KOSDAQ,1.2
027050,코리아나,1364.0,114066.0,114066.0,155586024.0,155586024.0,KOSDAQ,0.22
459100,위츠,4030.0,8949.0,8949.0,36064470.0,36064470.0,KOSDAQ,0.75
054930,유신,18030.0,3737.0,3737.0,67378110.0,67378110.0,KOSDAQ,0.28
053270,구영테크,1973.0,25524.0,25524.0,50358852.0,50358852.0,KOSDAQ,0.15
170790,파이오링크,8450.0,12922.0,12922.0,109190900.0,109190900.0,KOSDAQ,-0.24
024910,경창산업,1507.0,29812.0,29812.0,44926684.0,44926684.0,KOSDAQ,0.0
459550,알트,2135.0,1139058.0,1139058.0,2431888830.0,2431888830.0,KOSDAQ,-3.61
370090,퓨런티어,6280.0,17206.0,17206.0,108053680.0,108053680.0,KOSDAQ,3.8
435570,에르코스,7020.0,3683.0,3683.0,25854660.0,25854660.0,KOSDAQ,0.72
251630,브이원텍,3345.0,11738.0,11738.0,39263610.0,39263610.0,KOSDAQ,-1.18
081180,쎄크,6040.0,115883.0,115883.0,699933320.0,699933320.0,KOSDAQ,5.41
232830,아이티센피엔에스,3220.0,1879437.0,1879437.0,6051787140.0,6051787140.0,KOSDAQ,-7.6
019990,에너토크,5440.0,50620.0,50620.0,275372800.0,275372800.0,KOSDAQ,1.87
163280,에어레인,3895.0,102532.0,102532.0,399362140.0,399362140.0,KOSDAQ,-0.26
347740,피엔케이피부임상연구센타,1763.0,20767.0,20767.0,36612221.0,36612221.0,KOSDAQ,-0.23
070300,퀀텀레일,1488.0,313684.0,313684.0,466761792.0,466761792.0,KOSDAQ,0.47
464490,쿼드메디슨,4580.0,18793.0,18793.0,86071940.0,86071940.0,KOSDAQ,-0.43
256630,포인트엔지니어링,4530.0,577.0,577.0,2613810.0,2613810.0,KOSDAQ,3.31
094940,푸른로보틱스,6280.0,45826.0,45826.0,287787280.0,287787280.0,KOSDAQ,2.78
419080,엔젯,4825.0,9137.0,9137.0,44086025.0,44086025.0,KOSDAQ,0.52
340360,다보링크,988.0,294040.0,294040.0,290511520.0,290511520.0,KOSDAQ,7.98
463480,모티브링크,4225.0,1355828.0,1355828.0,5728373300.0,5728373300.0,KOSDAQ,6.42
088910,동우팜투테이블,2035.0,13568.0,13568.0,27610880.0,27610880.0,KOSDAQ,0.49
261520,이지스,5090.0,44292.0,44292.0,225446280.0,225446280.0,KOSDAQ,5.17
317850,대모,6260.0,243366.0,243366.0,1523471160.0,1523471160.0,KOSDAQ,-0.63
033230,인성정보,1031.0,71145.0,71145.0,73350495.0,73350495.0,KOSDAQ,1.38
453860,에이에스텍,8070.0,8857.0,8857.0,71475990.0,71475990.0,KOSDAQ,-2.18
046210,HLB파나진,1142.0,53522.0,53522.0,61122124.0,61122124.0,KOSDAQ,-2.31
015710,코콤,2965.0,5720.0,5720.0,16959800.0,16959800.0,KOSDAQ,0.34
0013V0,삼진식품,5240.0,28175.0,28175.0,147637000.0,147637000.0,KOSDAQ,0.77
105760,포스뱅크,5090.0,13669.0,13669.0,69575210.0,69575210.0,KOSDAQ,0.79
246690,TS인베스트먼트,2180.0,73100.0,73100.0,159358000.0,159358000.0,KOSDAQ,0.46
049470,비트플래닛,2200.0,49766.0,49766.0,109485200.0,109485200.0,KOSDAQ,4.51
376290,씨유테크,2915.0,3467.0,3467.0,10106305.0,10106305.0,KOSDAQ,5.81
039240,경남스틸,1906.0,28844.0,28844.0,54976664.0,54976664.0,KOSDAQ,0.16
348150,고바이오랩,2645.0,43362.0,43362.0,114692490.0,114692490.0,KOSDAQ,-3.11
189860,서전기전,5290.0,386880.0,386880.0,2046595200.0,2046595200.0,KOSDAQ,0.76
314140,알피바이오,5920.0,27732.0,27732.0,164173440.0,164173440.0,KOSDAQ,-0.84
088280,쏘닉스,2955.0,123548.0,123548.0,365084340.0,365084340.0,KOSDAQ,0.0
452400,이닉스,5630.0,18491.0,18491.0,104104330.0,104104330.0,KOSDAQ,-0.88
046940,우원개발,2820.0,59792.0,59792.0,168613440.0,168613440.0,KOSDAQ,0.53
044340,위닉스,2850.0,78864.0,78864.0,224762400.0,224762400.0,KOSDAQ,-3.39
408470,한패스,4800.0,15241.0,15241.0,73156800.0,73156800.0,KOSDAQ,0.95
060560,HC홈센타,1997.0,4498.0,4498.0,8982506.0,8982506.0,KOSDAQ,1.73
179530,애드바이오텍,1857.0,139308.0,139308.0,258694956.0,258694956.0,KOSDAQ,-1.07
071670,에이테크솔루션,5040.0,8840.0,8840.0,44553600.0,44553600.0,KOSDAQ,1.82
179900,유티아이,2330.0,164770.0,164770.0,383914100.0,383914100.0,KOSDAQ,1.97
043710,코스리거글로벌,2890.0,1121.0,1121.0,3239690.0,3239690.0,KOSDAQ,-8.4
424980,마이크로투나노,8430.0,17038.0,17038.0,143630340.0,143630340.0,KOSDAQ,-5.28
299170,더블유에스아이,1196.0,254294.0,254294.0,304135624.0,304135624.0,KOSDAQ,3.91
321260,프로이천,1756.0,190569.0,190569.0,334639164.0,334639164.0,KOSDAQ,0.8
092300,현우산업,2455.0,52388.0,52388.0,128612540.0,128612540.0,KOSDAQ,1.03
042110,에스씨디,1017.0,73564.0,73564.0,74814588.0,74814588.0,KOSDAQ,1.19
361570,알비더블유,1708.0,51110.0,51110.0,87295880.0,87295880.0,KOSDAQ,-1.67
063440,SM Life Design,1082.0,91514.0,91514.0,99018148.0,99018148.0,KOSDAQ,0.28
311690,CJ 바이오사이언스,3745.0,5108.0,5108.0,19129460.0,19129460.0,KOSDAQ,1.77
122310,제노레이,3360.0,3532.0,3532.0,11867520.0,11867520.0,KOSDAQ,0.15
217500,러셀,1532.0,27339.0,27339.0,41883348.0,41883348.0,KOSDAQ,1.12
440290,HB인베스트먼트,1753.0,18821.0,18821.0,32993213.0,32993213.0,KOSDAQ,0.57
150900,파수AI,4115.0,125119.0,125119.0,514864685.0,514864685.0,KOSDAQ,0.37
355690,에이텀,5030.0,63647.0,63647.0,320144410.0,320144410.0,KOSDAQ,0.6
291650,츌립앤사이언스,1570.0,6191.0,6191.0,9719870.0,9719870.0,KOSDAQ,3.15
073110,엘엠에스,5380.0,5104.0,5104.0,27459520.0,27459520.0,KOSDAQ,4.87
373200,엑스플러스,1900.0,27752.0,27752.0,52728800.0,52728800.0,KOSDAQ,-3.16
219550,디와이디,1149.0,34893.0,34893.0,40092057.0,40092057.0,KOSDAQ,-0.09
068330,일신바이오,1074.0,66527.0,66527.0,71449998.0,71449998.0,KOSDAQ,1.7
384470,코어라인소프트,2645.0,34117.0,34117.0,90239465.0,90239465.0,KOSDAQ,0.76
900340,윙입푸드,1333.0,22357.0,22357.0,29801881.0,29801881.0,KOSDAQ,-0.15
037950,엘컴텍,2795.0,23903.0,23903.0,66808885.0,66808885.0,KOSDAQ,0.36
189980,흥국에프엔비,1176.0,26123.0,26123.0,30720648.0,30720648.0,KOSDAQ,0.51
051390,YW,4130.0,4764.0,4764.0,19675320.0,19675320.0,KOSDAQ,2.99
198080,캐프,2160.0,25684.0,25684.0,55477440.0,55477440.0,KOSDAQ,0.0
471820,셀로맥스사이언스,4100.0,2088.0,2088.0,8560800.0,8560800.0,KOSDAQ,1.74
059100,아이컴포넌트,6530.0,22557.0,22557.0,147297210.0,147297210.0,KOSDAQ,-0.31
178780,일월지엠엘,2475.0,9213.0,9213.0,22802175.0,22802175.0,KOSDAQ,0.81
317830,에스피시스템스,4270.0,21609.0,21609.0,92270430.0,92270430.0,KOSDAQ,1.18
014190,원익큐브,1295.0,95275.0,95275.0,123381125.0,123381125.0,KOSDAQ,1.97
038010,제일테크노스,5090.0,2938.0,2938.0,14954420.0,14954420.0,KOSDAQ,0.2
199550,레이저옵텍,3080.0,15896.0,15896.0,48959680.0,48959680.0,KOSDAQ,-3.45
094970,제이엠티,2725.0,56276.0,56276.0,153352100.0,153352100.0,KOSDAQ,-0.18
053980,오상자이엘,2400.0,19655.0,19655.0,47172000.0,47172000.0,KOSDAQ,0.21
222420,쎄노텍,940.0,104155.0,104155.0,97905700.0,97905700.0,KOSDAQ,-1.05
082850,우리바이오,4695.0,17183.0,17183.0,80674185.0,80674185.0,KOSDAQ,-0.63
099410,동방선기,3245.0,21954.0,21954.0,71240730.0,71240730.0,KOSDAQ,0.78
290670,대보마그네틱,5780.0,2687.0,2687.0,15530860.0,15530860.0,KOSDAQ,0.7
260930,씨티케이,2335.0,19150.0,19150.0,44715250.0,44715250.0,KOSDAQ,1.08
072990,에이치시티,3115.0,100112.0,100112.0,311848880.0,311848880.0,KOSDAQ,-2.96
321820,아티스트컴퍼니,2895.0,852243.0,852243.0,2467243485.0,2467243485.0,KOSDAQ,-26.15
0010V0,제이피아이헬스케어,8810.0,1782.0,1782.0,15699420.0,15699420.0,KOSDAQ,0.92
072470,우리산업홀딩스,2380.0,8800.0,8800.0,20944000.0,20944000.0,KOSDAQ,1.06
317870,엔바이오니아,5070.0,3144.0,3144.0,15940080.0,15940080.0,KOSDAQ,3.36
027830,대성창투,830.0,89030.0,89030.0,73894900.0,73894900.0,KOSDAQ,-0.36
224110,에이텍모빌리티,8820.0,1520.0,1520.0,13406400.0,13406400.0,KOSDAQ,2.32
227950,엔투텍,1296.0,47229.0,47229.0,61208784.0,61208784.0,KOSDAQ,2.45
317690,퀀타매트릭스,2220.0,48694.0,48694.0,108100680.0,108100680.0,KOSDAQ,0.45
052790,액토즈소프트,4090.0,43651.0,43651.0,178532590.0,178532590.0,KOSDAQ,-0.49
143540,영우디에스피,1001.0,42160.0,42160.0,42202160.0,42202160.0,KOSDAQ,-0.2
114450,그린생명과학,2230.0,40265.0,40265.0,89790950.0,89790950.0,KOSDAQ,1.13
083550,케이엠,3290.0,2844.0,2844.0,9356760.0,9356760.0,KOSDAQ,0.15
042040,케이피엠테크,5130.0,9662.0,9662.0,49566060.0,49566060.0,KOSDAQ,-1.72
053450,세코닉스,2990.0,20236.0,20236.0,60505640.0,60505640.0,KOSDAQ,0.17
900250,크리스탈신소재,1232.0,68096.0,68096.0,83894272.0,83894272.0,KOSDAQ,-1.2
277070,린드먼아시아,3220.0,733.0,733.0,2360260.0,2360260.0,KOSDAQ,0.0
065130,탑엔지니어링,2750.0,16861.0,16861.0,46367750.0,46367750.0,KOSDAQ,-0.72
258610,케일럼,1206.0,23112.0,23112.0,27873072.0,27873072.0,KOSDAQ,1.43
238120,얼라인드,3080.0,14387.0,14387.0,44311960.0,44311960.0,KOSDAQ,1.48
263020,디케이앤디,3165.0,3283.0,3283.0,10390695.0,10390695.0,KOSDAQ,1.44
145170,노브랜드,2575.0,10565.0,10565.0,27204875.0,27204875.0,KOSDAQ,-0.39
479960,위너스일렉,6100.0,3053.0,3053.0,18623300.0,18623300.0,KOSDAQ,1.33
382150,온코크로스,3330.0,19530.0,19530.0,65034900.0,65034900.0,KOSDAQ,0.45
066130,하츠,3390.0,13307.0,13307.0,45110730.0,45110730.0,KOSDAQ,0.44
450330,하스,5300.0,2129.0,2129.0,11283700.0,11283700.0,KOSDAQ,1.53
278650,HLB바이오스텝,2485.0,83219.0,83219.0,206799215.0,206799215.0,KOSDAQ,0.0
022220,티케이지애강,836.0,35369.0,35369.0,29568484.0,29568484.0,KOSDAQ,0.12
226340,본느,5150.0,335659.0,335659.0,1728643850.0,1728643850.0,KOSDAQ,-0.96
050120,ES큐브,3185.0,21960.0,21960.0,69942600.0,69942600.0,KOSDAQ,1.76
184230,SGA솔루션즈,2290.0,502650.0,502650.0,1151068500.0,1151068500.0,KOSDAQ,7.26
189690,포시에스,1574.0,9138.0,9138.0,14383212.0,14383212.0,KOSDAQ,2.08
053950,경남제약,2190.0,231118.0,231118.0,506148420.0,506148420.0,KOSDAQ,-3.95
129890,앱코,943.0,61611.0,61611.0,58099173.0,58099173.0,KOSDAQ,0.43
413640,비아이매트릭스,5950.0,14389.0,14389.0,85614550.0,85614550.0,KOSDAQ,0.34
159580,제로투세븐,2135.0,16155.0,16155.0,34490925.0,34490925.0,KOSDAQ,0.47
140520,대창스틸,2025.0,3792.0,3792.0,7678800.0,7678800.0,KOSDAQ,-0.25
476040,오가노이드사이언스,6490.0,15568.0,15568.0,101036320.0,101036320.0,KOSDAQ,2.53
373160,데이원컴퍼니,3095.0,19609.0,19609.0,60689855.0,60689855.0,KOSDAQ,-4.48
466410,사이냅소프트,8460.0,8848.0,8848.0,74854080.0,74854080.0,KOSDAQ,0.24
007680,대원,3200.0,6656.0,6656.0,21299200.0,21299200.0,KOSDAQ,-0.78
307280,원바이오젠,5890.0,8023.0,8023.0,47255470.0,47255470.0,KOSDAQ,-1.67
037230,한국팩키지,1401.0,22391.0,22391.0,31369791.0,31369791.0,KOSDAQ,0.14
065440,이루온,1530.0,356987.0,356987.0,546190110.0,546190110.0,KOSDAQ,4.08
452200,민테크,1706.0,91282.0,91282.0,155727092.0,155727092.0,KOSDAQ,0.53
256150,한독크린텍,4935.0,6238.0,6238.0,30784530.0,30784530.0,KOSDAQ,0.1
190650,코리아에셋투자증권,6480.0,6251.0,6251.0,40506480.0,40506480.0,KOSDAQ,-0.77
263810,상신전자,2595.0,16772.0,16772.0,43523340.0,43523340.0,KOSDAQ,0.58
056700,신화인터텍,1417.0,81090.0,81090.0,114904530.0,114904530.0,KOSDAQ,-0.21
086060,진바이오텍,4790.0,9245.0,9245.0,44283550.0,44283550.0,KOSDAQ,-0.62
261200,덴티스,2595.0,22845.0,22845.0,59282775.0,59282775.0,KOSDAQ,-0.19
002290,삼일기업공사,3300.0,8692.0,8692.0,28683600.0,28683600.0,KOSDAQ,-1.2
066900,디에이피,1787.0,11033.0,11033.0,19715971.0,19715971.0,KOSDAQ,3.59
221980,케이디켐,10050.0,1091.0,1091.0,10964550.0,10964550.0,KOSDAQ,6.24
460470,아이빔테크놀로지,2670.0,15332.0,15332.0,40936440.0,40936440.0,KOSDAQ,3.09
286750,나노실리칸첨단소재,2515.0,10409.0,10409.0,26178635.0,26178635.0,KOSDAQ,-0.59
136410,아셈스,3655.0,34450.0,34450.0,125914750.0,125914750.0,KOSDAQ,0.0
035460,기산텔레콤,2695.0,313100.0,313100.0,843804500.0,843804500.0,KOSDAQ,3.45
199480,뱅크웨어글로벌,3930.0,7974.0,7974.0,31337820.0,31337820.0,KOSDAQ,1.42
007530,와이엠,1785.0,97957.0,97957.0,174853245.0,174853245.0,KOSDAQ,0.0
250000,보라티알,5880.0,3226.0,3226.0,18968880.0,18968880.0,KOSDAQ,2.44
234100,폴라리스세원,2715.0,5554.0,5554.0,15079110.0,15079110.0,KOSDAQ,0.74
109670,씨싸이트,6790.0,27514.0,27514.0,186820060.0,186820060.0,KOSDAQ,0.0
218150,미래생명자원,1939.0,137498.0,137498.0,266608622.0,266608622.0,KOSDAQ,-1.32
196300,HLB펩,4165.0,932.0,932.0,3881780.0,3881780.0,KOSDAQ,-0.48
044960,이글벳,3125.0,10761.0,10761.0,33628125.0,33628125.0,KOSDAQ,0.32
042940,상지건설,5770.0,21437.0,21437.0,123691490.0,123691490.0,KOSDAQ,0.52
263770,유에스티,1658.0,1830.0,1830.0,3034140.0,3034140.0,KOSDAQ,0.61
025880,케이씨피드,2350.0,28740.0,28740.0,67539000.0,67539000.0,KOSDAQ,0.86
037370,EG,4540.0,25384.0,25384.0,115243360.0,115243360.0,KOSDAQ,1.91
049830,승일,6380.0,995.0,995.0,6348100.0,6348100.0,KOSDAQ,0.63
043340,에쎈테크,822.0,77861.0,77861.0,64001742.0,64001742.0,KOSDAQ,0.12
052220,iMBC,1696.0,118650.0,118650.0,201230400.0,201230400.0,KOSDAQ,-1.57
263700,케어랩스,2005.0,15480.0,15480.0,31037400.0,31037400.0,KOSDAQ,1.42
352700,씨앤투스,1478.0,33552.0,33552.0,49589856.0,49589856.0,KOSDAQ,0.82
221840,하이즈항공,2075.0,1662.0,1662.0,3448650.0,3448650.0,KOSDAQ,1.47
219420,링크제니시스,3380.0,15205.0,15205.0,51392900.0,51392900.0,KOSDAQ,0.0
097870,효성오앤비,4555.0,33202.0,33202.0,151235110.0,151235110.0,KOSDAQ,0.77
100660,서암기계공업,3060.0,8850.0,8850.0,27081000.0,27081000.0,KOSDAQ,0.33
465480,인스피언,3800.0,21062.0,21062.0,80035600.0,80035600.0,KOSDAQ,-0.13
060540,에스에이티,1466.0,72297.0,72297.0,105987402.0,105987402.0,KOSDAQ,0.34
050860,아세아텍,1695.0,4580.0,4580.0,7763100.0,7763100.0,KOSDAQ,-0.12
208710,포톤,2890.0,100694.0,100694.0,291005660.0,291005660.0,KOSDAQ,1.94
046310,백금T&A,2315.0,11707.0,11707.0,27101705.0,27101705.0,KOSDAQ,-0.64
032960,동일기연,2155.0,20232.0,20232.0,43599960.0,43599960.0,KOSDAQ,3.36
038070,서린바이오,4070.0,6345.0,6345.0,25824150.0,25824150.0,KOSDAQ,0.12
273060,와이즈버즈,3850.0,8005.0,8005.0,30819250.0,30819250.0,KOSDAQ,-0.9
065500,오리엔트정공,1057.0,51953.0,51953.0,54914321.0,54914321.0,KOSDAQ,-0.09
122690,서진오토모티브,1635.0,63000.0,63000.0,103005000.0,103005000.0,KOSDAQ,-0.85
026040,제이에스티나,2285.0,102562.0,102562.0,234354170.0,234354170.0,KOSDAQ,2.7
014570,고려제약,3420.0,437.0,437.0,1494540.0,1494540.0,KOSDAQ,0.59
153460,네이블,5760.0,3545.0,3545.0,20419200.0,20419200.0,KOSDAQ,0.7
203450,유니온바이오메트릭스,2670.0,10271.0,10271.0,27423570.0,27423570.0,KOSDAQ,0.75
019770,서연탑메탈,3220.0,11277.0,11277.0,36311940.0,36311940.0,KOSDAQ,-0.62
101240,씨큐브,3285.0,15279.0,15279.0,50191515.0,50191515.0,KOSDAQ,-1.79
051490,나라엠앤디,2625.0,20500.0,20500.0,53812500.0,53812500.0,KOSDAQ,-2.42
335810,프리시젼바이오,1696.0,30524.0,30524.0,51768704.0,51768704.0,KOSDAQ,13.14
171010,램테크놀러지,2595.0,19741.0,19741.0,51227895.0,51227895.0,KOSDAQ,0.19
123570,이엠넷,1659.0,263.0,263.0,436317.0,436317.0,KOSDAQ,2.41
033170,시그네틱스,2155.0,96072.0,96072.0,207035160.0,207035160.0,KOSDAQ,7.48
060850,영림원소프트랩,4530.0,4528.0,4528.0,20511840.0,20511840.0,KOSDAQ,0.11
086040,바이오톡스텍,2305.0,2226.0,2226.0,5130930.0,5130930.0,KOSDAQ,0.0
434480,모니터랩,2985.0,219255.0,219255.0,654476175.0,654476175.0,KOSDAQ,2.93
066360,체리부로,1529.0,20104.0,20104.0,30739016.0,30739016.0,KOSDAQ,2.62
043910,자연과환경,3230.0,18590.0,18590.0,60045700.0,60045700.0,KOSDAQ,-1.52
260660,알리코제약,2385.0,41118.0,41118.0,98066430.0,98066430.0,KOSDAQ,-2.25
045060,오공,2150.0,14012.0,14012.0,30125800.0,30125800.0,KOSDAQ,2.87
215380,콜마바이오텍,2155.0,18774.0,18774.0,40457970.0,40457970.0,KOSDAQ,1.65
461030,아이엠비디엑스,2525.0,17866.0,17866.0,45111650.0,45111650.0,KOSDAQ,-1.75
360350,코셈,6650.0,14423.0,14423.0,95912950.0,95912950.0,KOSDAQ,0.76
207760,미스터블루,2170.0,68261.0,68261.0,148126370.0,148126370.0,KOSDAQ,-2.25
406820,뷰티스킨,2545.0,11572774.0,11572774.0,29452709830.0,29452709830.0,KOSDAQ,10.17
039290,인포뱅크,4130.0,2988.0,2988.0,12340440.0,12340440.0,KOSDAQ,2.99
121890,에스디시스템,2700.0,16396.0,16396.0,44269200.0,44269200.0,KOSDAQ,0.0
081580,성우전자,2305.0,25490.0,25490.0,58754450.0,58754450.0,KOSDAQ,1.54
045510,정원엔시스,1135.0,53440.0,53440.0,60654400.0,60654400.0,KOSDAQ,4.51
318410,비비씨,6430.0,626.0,626.0,4025180.0,4025180.0,KOSDAQ,0.47
046390,삼화네트웍스,2065.0,14083.0,14083.0,29081395.0,29081395.0,KOSDAQ,0.0
446840,지슨,3230.0,18045.0,18045.0,58285350.0,58285350.0,KOSDAQ,0.94
106240,파인테크닉스,1336.0,632683.0,632683.0,845264488.0,845264488.0,KOSDAQ,13.9
186230,그린플러스,3240.0,13443.0,13443.0,43555320.0,43555320.0,KOSDAQ,0.15
239890,피엔에이치테크,3555.0,26635.0,26635.0,94687425.0,94687425.0,KOSDAQ,0.57
387570,파인메딕스,6230.0,6945.0,6945.0,43267350.0,43267350.0,KOSDAQ,-0.16
024120,KB오토시스,3045.0,5426.0,5426.0,16522170.0,16522170.0,KOSDAQ,-0.98
332290,누보,4405.0,21192.0,21192.0,93350760.0,93350760.0,KOSDAQ,1.26
204020,그리티,1794.0,3143.0,3143.0,5638542.0,5638542.0,KOSDAQ,1.47
075130,플랜티넷,2155.0,14410.0,14410.0,31053550.0,31053550.0,KOSDAQ,-2.49
196450,코아시아씨엠,3815.0,14709.0,14709.0,56114835.0,56114835.0,KOSDAQ,-0.52
177900,쓰리에이로직스,3590.0,24720.0,24720.0,88744800.0,88744800.0,KOSDAQ,0.7
016600,큐캐피탈,2475.0,43520.0,43520.0,107712000.0,107712000.0,KOSDAQ,0.61
417860,오브젠,7340.0,21450.0,21450.0,157443000.0,157443000.0,KOSDAQ,1.52
057540,옴니시스템,581.0,56383.0,56383.0,32758523.0,32758523.0,KOSDAQ,0.35
432430,와이랩,2090.0,17206.0,17206.0,35960540.0,35960540.0,KOSDAQ,0.24
363250,진시스템,4055.0,6029.0,6029.0,24447595.0,24447595.0,KOSDAQ,-1.46
215090,솔디펜스,1483.0,89905.0,89905.0,133329115.0,133329115.0,KOSDAQ,3.71
057030,YBM넷,2105.0,7258.0,7258.0,15278090.0,15278090.0,KOSDAQ,-0.71
099220,SDN,5440.0,102924.0,102924.0,559906560.0,559906560.0,KOSDAQ,6.46
072770,멤레이비티,824.0,124744.0,124744.0,102789056.0,102789056.0,KOSDAQ,5.37
258790,소프트캠프,6810.0,116406.0,116406.0,792724860.0,792724860.0,KOSDAQ,11.82
270870,뉴트리,3765.0,2397.0,2397.0,9024705.0,9024705.0,KOSDAQ,-1.05
397810,애드포러스,6540.0,6107.0,6107.0,39939780.0,39939780.0,KOSDAQ,0.93
052600,한네트,2915.0,2773.0,2773.0,8083295.0,8083295.0,KOSDAQ,-0.34
133750,메가엠디,1440.0,4725.0,4725.0,6804000.0,6804000.0,KOSDAQ,1.69
452300,캡스톤파트너스,2370.0,21850.0,21850.0,51784500.0,51784500.0,KOSDAQ,0.64
006920,모헨즈,3075.0,53014.0,53014.0,163018050.0,163018050.0,KOSDAQ,0.33
064520,테크엘,1495.0,9537.0,9537.0,14257815.0,14257815.0,KOSDAQ,3.17
408900,스튜디오미르,1018.0,21475.0,21475.0,21861550.0,21861550.0,KOSDAQ,-0.68
065950,웰크론,1179.0,50722.0,50722.0,59801238.0,59801238.0,KOSDAQ,-0.08
290120,DH오토리드,2100.0,14175.0,14175.0,29767500.0,29767500.0,KOSDAQ,-1.87
104200,NHN벅스,2240.0,53636.0,53636.0,120144640.0,120144640.0,KOSDAQ,-1.54
159910,에코글로우,3160.0,4437.0,4437.0,14020920.0,14020920.0,KOSDAQ,1.61
080520,오디텍,2920.0,6909.0,6909.0,20174280.0,20174280.0,KOSDAQ,1.04
068050,팬엔터테인먼트,1191.0,14650.0,14650.0,17448150.0,17448150.0,KOSDAQ,0.0
318020,포인트모바일,2680.0,12785.0,12785.0,34263800.0,34263800.0,KOSDAQ,2.29
153490,우리이앤엘하루틴,3200.0,4627.0,4627.0,14806400.0,14806400.0,KOSDAQ,1.11
476080,M83,4075.0,5669.0,5669.0,23101175.0,23101175.0,KOSDAQ,1.24
310870,디와이씨,1501.0,73428.0,73428.0,110215428.0,110215428.0,KOSDAQ,-4.15
131090,시큐브,4285.0,10391.0,10391.0,44525435.0,44525435.0,KOSDAQ,2.27
079170,한창산업,6300.0,11655.0,11655.0,73426500.0,73426500.0,KOSDAQ,2.94
220180,폴라리스AI핸디,1367.0,12406.0,12406.0,16959002.0,16959002.0,KOSDAQ,-1.37
087600,픽셀플러스,4005.0,2690.0,2690.0,10773450.0,10773450.0,KOSDAQ,1.65
109820,진매트릭스,1600.0,25067.0,25067.0,40107200.0,40107200.0,KOSDAQ,0.31
290090,트윔,4385.0,2127.0,2127.0,9326895.0,9326895.0,KOSDAQ,0.11
430690,한싹,2990.0,154243.0,154243.0,461186570.0,461186570.0,KOSDAQ,3.64
148930,에이치와이티씨,3200.0,4597.0,4597.0,14710400.0,14710400.0,KOSDAQ,-0.31
021650,한국큐빅,1990.0,1366.0,1366.0,2718340.0,2718340.0,KOSDAQ,0.96
271830,팸텍,1101.0,125622.0,125622.0,138309822.0,138309822.0,KOSDAQ,0.55
263920,휴엠앤씨,3310.0,675.0,675.0,2234250.0,2234250.0,KOSDAQ,1.69
173940,에프엔씨엔터,2105.0,7730.0,7730.0,16271650.0,16271650.0,KOSDAQ,-3.0
215790,이노인스트루먼트,802.0,11965734.0,11965734.0,9596518668.0,9596518668.0,KOSDAQ,13.76
900270,헝셩그룹,3015.0,391171.0,391171.0,1179380565.0,1179380565.0,KOSDAQ,4.69
025440,DH오토웨어,3295.0,775.0,775.0,2553625.0,2553625.0,KOSDAQ,-0.3
296640,이노에이엑스,6200.0,3298.0,3298.0,20447600.0,20447600.0,KOSDAQ,0.81
200780,비씨월드제약,3010.0,2081.0,2081.0,6263810.0,6263810.0,KOSDAQ,-0.33
090410,덕신이피씨,3480.0,7038.0,7038.0,24492240.0,24492240.0,KOSDAQ,-1.42
369370,블리츠웨이엔터테인먼트,3215.0,29123.0,29123.0,93630445.0,93630445.0,KOSDAQ,2.23
033830,티비씨,1693.0,12426.0,12426.0,21037218.0,21037218.0,KOSDAQ,-1.11
031510,오스템,1140.0,51360.0,51360.0,58550400.0,58550400.0,KOSDAQ,1.88
187270,신화콘텍,3145.0,2171.0,2171.0,6827795.0,6827795.0,KOSDAQ,3.45
089140,넥스턴앤롤코리아,2080.0,25881.0,25881.0,53832480.0,53832480.0,KOSDAQ,0.24
197140,디지캡,2445.0,12497.0,12497.0,30555165.0,30555165.0,KOSDAQ,4.71
419120,산돌,2235.0,12817.0,12817.0,28645995.0,28645995.0,KOSDAQ,-1.11
020180,대신정보통신,4100.0,9104.0,9104.0,37326400.0,37326400.0,KOSDAQ,0.99
160550,NEW,1128.0,35038.0,35038.0,39522864.0,39522864.0,KOSDAQ,3.11
368970,오에스피,2800.0,104871.0,104871.0,293638800.0,293638800.0,KOSDAQ,3.9
037330,인지디스플레,713.0,53892.0,53892.0,38424996.0,38424996.0,KOSDAQ,-0.14
064480,브리지텍,2610.0,36080.0,36080.0,94168800.0,94168800.0,KOSDAQ,0.38
317240,TS트릴리온,1068.0,93521.0,93521.0,99880428.0,99880428.0,KOSDAQ,0.66
093380,풍강,3150.0,13010.0,13010.0,40981500.0,40981500.0,KOSDAQ,2.27
088340,유라클,7130.0,218348.0,218348.0,1556821240.0,1556821240.0,KOSDAQ,2.74
127980,화인써키트,2620.0,4450.0,4450.0,11659000.0,11659000.0,KOSDAQ,0.19
288620,에스프리즘,4440.0,23200.0,23200.0,103008000.0,103008000.0,KOSDAQ,-0.22
099390,브레인즈컴퍼니,3775.0,3567.0,3567.0,13465425.0,13465425.0,KOSDAQ,0.4
388610,지에프씨생명과학,5810.0,7823.0,7823.0,45451630.0,45451630.0,KOSDAQ,1.75
069920,엑시온그룹,1360.0,357895.0,357895.0,486737200.0,486737200.0,KOSDAQ,9.32
464280,티디에스팜,5580.0,15409.0,15409.0,85982220.0,85982220.0,KOSDAQ,-1.59
393210,토마토시스템,1969.0,234999.0,234999.0,462713031.0,462713031.0,KOSDAQ,-8.63
444530,심플랫폼,4770.0,3103.0,3103.0,14801310.0,14801310.0,KOSDAQ,-0.21
049120,파인디앤씨,2890.0,8411.0,8411.0,24307790.0,24307790.0,KOSDAQ,0.7
097780,에코볼트,1505.0,3924.0,3924.0,5905620.0,5905620.0,KOSDAQ,0.13
300120,라온피플,3080.0,46387.0,46387.0,142871960.0,142871960.0,KOSDAQ,-1.75
356890,싸이버원,2550.0,68289.0,68289.0,174136950.0,174136950.0,KOSDAQ,0.0
073540,에프알텍,2655.0,83384.0,83384.0,221384520.0,221384520.0,KOSDAQ,3.71
376980,원티드랩,3090.0,938.0,938.0,2898420.0,2898420.0,KOSDAQ,2.83
128540,에코캡,1130.0,9115.0,9115.0,10299950.0,10299950.0,KOSDAQ,-1.22
367000,플래티어,3595.0,3504.0,3504.0,12596880.0,12596880.0,KOSDAQ,0.28
254120,자비스,976.0,97437.0,97437.0,95098512.0,95098512.0,KOSDAQ,1.67
140430,카티스,2805.0,638222.0,638222.0,1790212710.0,1790212710.0,KOSDAQ,-5.4
012620,원일특강,6810.0,2935.0,2935.0,19987350.0,19987350.0,KOSDAQ,-1.16
123840,뉴온,1926.0,109309.0,109309.0,210529134.0,210529134.0,KOSDAQ,16.37
038950,파인디지털,2930.0,1220.0,1220.0,3574600.0,3574600.0,KOSDAQ,-2.5
139670,키네마스터,2115.0,7418.0,7418.0,15689070.0,15689070.0,KOSDAQ,3.17
075970,동국알앤에스,1622.0,21322.0,21322.0,34584284.0,34584284.0,KOSDAQ,-0.25
091340,S&K폴리텍,2550.0,28199.0,28199.0,71907450.0,71907450.0,KOSDAQ,3.03
071850,캐스텍코리아,1230.0,1775.0,1775.0,2183250.0,2183250.0,KOSDAQ,-0.73
462310,뉴키즈온,3775.0,6309.0,6309.0,23816475.0,23816475.0,KOSDAQ,-0.13
078590,휴림에이텍,2980.0,54022.0,54022.0,160985560.0,160985560.0,KOSDAQ,1.02
336060,웨이버스,3075.0,9920.0,9920.0,30504000.0,30504000.0,KOSDAQ,0.65
031310,아이즈비전,993.0,29268.0,29268.0,29063124.0,29063124.0,KOSDAQ,-0.4
237820,플레이디,2300.0,7452.0,7452.0,17139600.0,17139600.0,KOSDAQ,0.0
311390,네오크레마,2325.0,26038.0,26038.0,60538350.0,60538350.0,KOSDAQ,3.33
462980,아이지넷,1613.0,10536.0,10536.0,16994568.0,16994568.0,KOSDAQ,0.25
318010,팜스빌,3695.0,3498.0,3498.0,12925110.0,12925110.0,KOSDAQ,4.67
407400,꿈비,2000.0,28302.0,28302.0,56604000.0,56604000.0,KOSDAQ,0.0
033540,파라텍,2785.0,11697.0,11697.0,32576145.0,32576145.0,KOSDAQ,-0.89
070590,인티큐브,2090.0,24478.0,24478.0,51159020.0,51159020.0,KOSDAQ,0.48
322780,코퍼스코리아,1924.0,14447.0,14447.0,27796028.0,27796028.0,KOSDAQ,3.72
119500,포메탈,2435.0,61213.0,61213.0,149053655.0,149053655.0,KOSDAQ,-0.61
096630,에스코넥,1815.0,17861.0,17861.0,32417715.0,32417715.0,KOSDAQ,1.74
066910,손오공,1870.0,30159.0,30159.0,56397330.0,56397330.0,KOSDAQ,2.8
236810,엔비티,1693.0,34157.0,34157.0,57827801.0,57827801.0,KOSDAQ,-2.25
373170,엠아이큐브솔루션,1900.0,57606.0,57606.0,109451400.0,109451400.0,KOSDAQ,-0.21
348030,모비릭스,2980.0,15571.0,15571.0,46401580.0,46401580.0,KOSDAQ,4.56
452160,제이엔비,2975.0,8714.0,8714.0,25924150.0,25924150.0,KOSDAQ,1.71
089150,케이씨티,1668.0,29623.0,29623.0,49411164.0,49411164.0,KOSDAQ,1.09
008470,부스타,1700.0,27501.0,27501.0,46751700.0,46751700.0,KOSDAQ,1.43
431190,케이쓰리아이,3815.0,401859.0,401859.0,1533092085.0,1533092085.0,KOSDAQ,12.37
450520,인스웨이브,1942.0,3695.0,3695.0,7175690.0,7175690.0,KOSDAQ,2.26
045300,성우테크론,2705.0,7676.0,7676.0,20763580.0,20763580.0,KOSDAQ,1.69
464580,닷밀,1550.0,23384.0,23384.0,36245200.0,36245200.0,KOSDAQ,1.97
239610,에이치엘사이언스,5290.0,172.0,172.0,909880.0,909880.0,KOSDAQ,-0.38
351330,이삭엔지니어링,3435.0,182508.0,182508.0,626914980.0,626914980.0,KOSDAQ,15.27
079000,와토스코리아,3950.0,9186.0,9186.0,36284700.0,36284700.0,KOSDAQ,0.0
290560,파라택시스이더리움,1270.0,42639.0,42639.0,54151530.0,54151530.0,KOSDAQ,5.48
262840,아이퀘스트,2685.0,6846.0,6846.0,18381510.0,18381510.0,KOSDAQ,-0.92
224060,더코디,5490.0,706720.0,706720.0,3879892800.0,3879892800.0,KOSDAQ,-29.89
148250,알엔투테크놀로지,2080.0,112649.0,112649.0,234309920.0,234309920.0,KOSDAQ,-2.8
038870,에코심플렉스,2020.0,6063.0,6063.0,12247260.0,12247260.0,KOSDAQ,2.02
188260,세니젠,2035.0,4800.0,4800.0,9768000.0,9768000.0,KOSDAQ,-2.16
333050,이노테나,5740.0,16596.0,16596.0,95261040.0,95261040.0,KOSDAQ,1.59
364950,에이아이코리아,3400.0,8937.0,8937.0,30385800.0,30385800.0,KOSDAQ,1.49
007770,한일화학,8030.0,3490.0,3490.0,28024700.0,28024700.0,KOSDAQ,0.12
114630,폴라리스우노,1635.0,31437.0,31437.0,51399495.0,51399495.0,KOSDAQ,-0.06
297570,아틀라스링크,4060.0,8026.0,8026.0,32585560.0,32585560.0,KOSDAQ,2.27
290270,휴네시온,2925.0,18445.0,18445.0,53951625.0,53951625.0,KOSDAQ,0.69
052300,오션인더블유,1730.0,2338573.0,2338573.0,4045731290.0,4045731290.0,KOSDAQ,15.72
038620,위즈코프,1851.0,39820.0,39820.0,73706820.0,73706820.0,KOSDAQ,-2.53
198940,한주라이트메탈,1407.0,33541.0,33541.0,47192187.0,47192187.0,KOSDAQ,-1.26
091970,LSK아이로봇,3715.0,23121.0,23121.0,85894515.0,85894515.0,KOSDAQ,-2.37
130500,GH신소재,1919.0,22201.0,22201.0,42603719.0,42603719.0,KOSDAQ,3.51
193250,링크드,2085.0,23181.0,23181.0,48332385.0,48332385.0,KOSDAQ,1.21
017000,신원종합개발,2385.0,13806.0,13806.0,32927310.0,32927310.0,KOSDAQ,0.63
226330,신테카바이오,1140.0,261549.0,261549.0,298165860.0,298165860.0,KOSDAQ,-6.79
109960,앱토크롬,1826.0,1188.0,1188.0,2169288.0,2169288.0,KOSDAQ,0.61
069410,엔텔스,2695.0,6739.0,6739.0,18161605.0,18161605.0,KOSDAQ,-0.19
053290,NE능률,1664.0,9503.0,9503.0,15812992.0,15812992.0,KOSDAQ,3.03
067010,이씨에스,2520.0,84036.0,84036.0,211770720.0,211770720.0,KOSDAQ,-0.79
080530,코디,2475.0,5396.0,5396.0,13355100.0,13355100.0,KOSDAQ,-0.8
016920,카스,1066.0,41591.0,41591.0,44336006.0,44336006.0,KOSDAQ,-2.65
101670,하이드로리튬,482.0,477802.0,477802.0,230300564.0,230300564.0,KOSDAQ,-3.6
195500,마니커에프앤지,1711.0,44310.0,44310.0,75814410.0,75814410.0,KOSDAQ,-0.75
096690,에이루트,6780.0,619.0,619.0,4196820.0,4196820.0,KOSDAQ,1.5
363260,모비데이즈,4230.0,5202.0,5202.0,22004460.0,22004460.0,KOSDAQ,-0.24
068100,케이웨더,2280.0,3559.0,3559.0,8114520.0,8114520.0,KOSDAQ,-2.15
225220,제놀루션,1417.0,45307.0,45307.0,64200019.0,64200019.0,KOSDAQ,-0.84
900070,글로벌에스엠,1006.0,6709.0,6709.0,6749254.0,6749254.0,KOSDAQ,0.8
032750,삼진,2985.0,7401.0,7401.0,22091985.0,22091985.0,KOSDAQ,0.51
131220,대한과학,3615.0,3987.0,3987.0,14413005.0,14413005.0,KOSDAQ,0.14
105550,엣지파운드리,1716.0,34247.0,34247.0,58767852.0,58767852.0,KOSDAQ,1.48
054780,키이스트,1362.0,16182.0,16182.0,22039884.0,22039884.0,KOSDAQ,4.29
013720,청보,2200.0,4110.0,4110.0,9042000.0,9042000.0,KOSDAQ,2.33
033050,제이엠아이,840.0,15752.0,15752.0,13231680.0,13231680.0,KOSDAQ,0.24
047080,한빛소프트,1073.0,64476.0,64476.0,69182748.0,69182748.0,KOSDAQ,-1.2
048470,대동스틸,2750.0,18392.0,18392.0,50578000.0,50578000.0,KOSDAQ,-0.9
083660,CSA 코스믹,1522.0,19189.0,19189.0,29205658.0,29205658.0,KOSDAQ,-0.33
328380,솔트웨어,3865.0,12152.0,12152.0,46967480.0,46967480.0,KOSDAQ,0.13
069140,누리플랜,1750.0,15748.0,15748.0,27559000.0,27559000.0,KOSDAQ,-2.34
057680,티사이언티픽,1667.0,21522.0,21522.0,35877174.0,35877174.0,KOSDAQ,2.46
365590,하이딥,1430.0,125038.0,125038.0,178804340.0,178804340.0,KOSDAQ,-1.79
458350,에스팀,3025.0,29713.0,29713.0,89881825.0,89881825.0,KOSDAQ,2.02
054090,삼진엘앤디,1048.0,80672.0,80672.0,84544256.0,84544256.0,KOSDAQ,2.24
138070,신진에스엠,1493.0,9074.0,9074.0,13547482.0,13547482.0,KOSDAQ,0.13
169330,엠브레인,1425.0,42528.0,42528.0,60602400.0,60602400.0,KOSDAQ,7.95
001810,무림SP,1177.0,4274.0,4274.0,5030498.0,5030498.0,KOSDAQ,0.77
359090,씨엔알리서치,2265.0,9415.0,9415.0,21324975.0,21324975.0,KOSDAQ,4.38
238490,힘스,2300.0,4937.0,4937.0,11355100.0,11355100.0,KOSDAQ,2.45
900310,컬러레이,2030.0,20050.0,20050.0,40701500.0,40701500.0,KOSDAQ,1.0
351870,차이커뮤니케이션,2325.0,4710.0,4710.0,10950750.0,10950750.0,KOSDAQ,0.43
019570,GMI벤처,2715.0,16225.0,16225.0,44050875.0,44050875.0,KOSDAQ,-1.45
021880,메이슨캐피탈,1220.0,20393.0,20393.0,24879460.0,24879460.0,KOSDAQ,-0.73
146060,율촌,1077.0,15542.0,15542.0,16738734.0,16738734.0,KOSDAQ,-1.64
0010F0,보원케미칼,2320.0,52913.0,52913.0,122758160.0,122758160.0,KOSDAQ,0.65
475660,에스켐,3260.0,700.0,700.0,2282000.0,2282000.0,KOSDAQ,1.56
083640,인콘,5610.0,13073.0,13073.0,73339530.0,73339530.0,KOSDAQ,2.19
377030,비트맥스,1801.0,14811.0,14811.0,26674611.0,26674611.0,KOSDAQ,0.17
076080,웰크론한텍,1138.0,19671.0,19671.0,22385598.0,22385598.0,KOSDAQ,-0.26
290520,신도기연,1632.0,10275.0,10275.0,16768800.0,16768800.0,KOSDAQ,2.13
044780,에이치케이,1385.0,33544.0,33544.0,46458440.0,46458440.0,KOSDAQ,0.73
301300,바이브컴퍼니,1948.0,71809.0,71809.0,139883932.0,139883932.0,KOSDAQ,-0.41
103840,우양,1561.0,13467.0,13467.0,21021987.0,21021987.0,KOSDAQ,-0.45
123750,알톤,1848.0,7192.0,7192.0,13290816.0,13290816.0,KOSDAQ,0.33
200350,아티스트스튜디오,2550.0,165535.0,165535.0,422114250.0,422114250.0,KOSDAQ,-9.25
026910,광진실업,3215.0,69999.0,69999.0,225046785.0,225046785.0,KOSDAQ,-1.23
115480,씨유메디칼,2100.0,15598.0,15598.0,32755800.0,32755800.0,KOSDAQ,-9.48
020400,대동금속,2805.0,12743.0,12743.0,35744115.0,35744115.0,KOSDAQ,0.9
131180,딜리,4330.0,7969.0,7969.0,34505770.0,34505770.0,KOSDAQ,1.05
060380,동양에스텍,1290.0,16848.0,16848.0,21733920.0,21733920.0,KOSDAQ,-1.0
054940,엑사이엔씨,3830.0,48743.0,48743.0,186685690.0,186685690.0,KOSDAQ,0.79
134060,이퓨쳐,5320.0,4182.0,4182.0,22248240.0,22248240.0,KOSDAQ,-0.56
016670,디모아,2485.0,11845.0,11845.0,29434825.0,29434825.0,KOSDAQ,3.54
090150,아이윈,6020.0,11299.0,11299.0,68019980.0,68019980.0,KOSDAQ,-1.79
206400,베노티앤알,670.0,23609.0,23609.0,15818030.0,15818030.0,KOSDAQ,1.67
101680,한국정밀기계,2990.0,11002.0,11002.0,32895980.0,32895980.0,KOSDAQ,0.84
035200,프럼파스트,2725.0,680030.0,680030.0,1853081750.0,1853081750.0,KOSDAQ,0.74
415380,스튜디오삼익,2185.0,21305.0,21305.0,46551425.0,46551425.0,KOSDAQ,0.0
376180,피코그램,1344.0,9950.0,9950.0,13372800.0,13372800.0,KOSDAQ,2.28
058110,멕아이씨에스,1553.0,39738.0,39738.0,61713114.0,61713114.0,KOSDAQ,3.19
115160,휴맥스,5780.0,820.0,820.0,4739600.0,4739600.0,KOSDAQ,0.7
208350,지란지교시큐리티,3050.0,34428.0,34428.0,105005400.0,105005400.0,KOSDAQ,1.5
038880,아이에이,3285.0,8105.0,8105.0,26624925.0,26624925.0,KOSDAQ,-0.45
073570,리튬포어스,2050.0,72457.0,72457.0,148536850.0,148536850.0,KOSDAQ,6.94
177830,파버나인,2175.0,10685.0,10685.0,23239875.0,23239875.0,KOSDAQ,-0.23
039740,한국정보공학,3070.0,14942.0,14942.0,45871940.0,45871940.0,KOSDAQ,-0.81
043200,파루,1175.0,78782.0,78782.0,92568850.0,92568850.0,KOSDAQ,-0.34
417180,핑거스토리,4290.0,5498.0,5498.0,23586420.0,23586420.0,KOSDAQ,5.15
023770,플레이위드,2735.0,27401.0,27401.0,74941735.0,74941735.0,KOSDAQ,2.82
389680,유디엠텍,2940.0,404773.0,404773.0,1190032620.0,1190032620.0,KOSDAQ,0.68
405920,나라셀라,1899.0,3577.0,3577.0,6792723.0,6792723.0,KOSDAQ,0.96
267790,배럴,3180.0,6744.0,6744.0,21445920.0,21445920.0,KOSDAQ,-0.62
148780,비큐AI,3885.0,38316.0,38316.0,148857660.0,148857660.0,KOSDAQ,0.39
276730,한울앤제주,1032.0,52124.0,52124.0,53791968.0,53791968.0,KOSDAQ,1.57
222980,한국맥널티,2205.0,2562.0,2562.0,5649210.0,5649210.0,KOSDAQ,0.0
016100,리더스코스메틱,1270.0,154049.0,154049.0,195642230.0,195642230.0,KOSDAQ,0.87
398120,에스지헬스케어,2030.0,28131.0,28131.0,57105930.0,57105930.0,KOSDAQ,1.5
355390,크라우드웍스,1514.0,451105.0,451105.0,682972970.0,682972970.0,KOSDAQ,1.07
027040,서울전자통신,1724.0,52991.0,52991.0,91356484.0,91356484.0,KOSDAQ,-0.75
318000,KBG,2740.0,5207.0,5207.0,14267180.0,14267180.0,KOSDAQ,0.37
060230,제이케이시냅스,1215.0,168297.0,168297.0,204480855.0,204480855.0,KOSDAQ,2.19
007720,소노스퀘어,1176.0,23581.0,23581.0,27731256.0,27731256.0,KOSDAQ,3.43
039310,세중,1302.0,15089.0,15089.0,19645878.0,19645878.0,KOSDAQ,4.16
051380,피씨디렉트,1538.0,11808.0,11808.0,18160704.0,18160704.0,KOSDAQ,-0.65
462510,라메디텍,2680.0,18688.0,18688.0,50083840.0,50083840.0,KOSDAQ,-2.55
036480,대성미생물,6190.0,3590.0,3590.0,22222100.0,22222100.0,KOSDAQ,0.81
188040,바이오포트,5020.0,8739.0,8739.0,43869780.0,43869780.0,KOSDAQ,0.9
247660,나노씨엠에스,4490.0,87172.0,87172.0,391402280.0,391402280.0,KOSDAQ,8.32
033200,모아텍,2545.0,14526.0,14526.0,36968670.0,36968670.0,KOSDAQ,0.99
432980,엠에프씨,2725.0,95310.0,95310.0,259719750.0,259719750.0,KOSDAQ,-0.91
032860,더라미,2885.0,9989.0,9989.0,28818265.0,28818265.0,KOSDAQ,2.49
464500,아이언디바이스,1662.0,23337.0,23337.0,38786094.0,38786094.0,KOSDAQ,3.36
018680,서울제약,1994.0,1543.0,1543.0,3076742.0,3076742.0,KOSDAQ,1.01
215480,토박스코리아,2160.0,972.0,972.0,2099520.0,2099520.0,KOSDAQ,7.73
115530,씨엔플러스,2700.0,33464.0,33464.0,90352800.0,90352800.0,KOSDAQ,3.85
013810,스페코,1581.0,21945.0,21945.0,34695045.0,34695045.0,KOSDAQ,1.35
352940,인바이오,2130.0,14940.0,14940.0,31822200.0,31822200.0,KOSDAQ,1.67
900110,딥커머스,6270.0,44270.0,44270.0,277572900.0,277572900.0,KOSDAQ,4.33
187220,디티앤씨,2000.0,4049.0,4049.0,8098000.0,8098000.0,KOSDAQ,1.27
206560,덱스터,905.0,30219.0,30219.0,27348195.0,27348195.0,KOSDAQ,-0.55
115570,스타플렉스,2880.0,6569.0,6569.0,18918720.0,18918720.0,KOSDAQ,1.95
331520,밸로프,2340.0,16170.0,16170.0,37837800.0,37837800.0,KOSDAQ,0.0
317120,라닉스,1494.0,48320.0,48320.0,72190080.0,72190080.0,KOSDAQ,2.33
277410,인산가,5890.0,2564.0,2564.0,15101960.0,15101960.0,KOSDAQ,3.7
241840,에이스토리,2370.0,30709.0,30709.0,72780330.0,72780330.0,KOSDAQ,4.18
303530,이노뎁,3080.0,5320.0,5320.0,16385600.0,16385600.0,KOSDAQ,0.82
044480,빌리언스,3395.0,7706.0,7706.0,26161870.0,26161870.0,KOSDAQ,-0.29
298060,풍전약품,2340.0,14926.0,14926.0,34926840.0,34926840.0,KOSDAQ,-0.64
257370,피엔티엠에스,1797.0,9387.0,9387.0,16868439.0,16868439.0,KOSDAQ,-0.61
237750,피앤씨테크,3440.0,1999.0,1999.0,6876560.0,6876560.0,KOSDAQ,2.84
032800,판타지오,1478.0,1910.0,1910.0,2822980.0,2822980.0,KOSDAQ,0.41
289220,자이언트스텝,997.0,31736.0,31736.0,31640792.0,31640792.0,KOSDAQ,0.71
130740,티피씨글로벌,1968.0,22005.0,22005.0,43305840.0,43305840.0,KOSDAQ,1.13
017250,인터엠,1053.0,9255.0,9255.0,9745515.0,9745515.0,KOSDAQ,0.96
192390,윈하이텍,1844.0,12508.0,12508.0,23064752.0,23064752.0,KOSDAQ,1.15
065370,위세아이텍,2985.0,2162.0,2162.0,6453570.0,6453570.0,KOSDAQ,0.34
440320,오픈놀,2205.0,11286.0,11286.0,24885630.0,24885630.0,KOSDAQ,1.61
027580,상보,1858.0,76167.0,76167.0,141518286.0,141518286.0,KOSDAQ,5.57
053060,세동,1245.0,10722.0,10722.0,13348890.0,13348890.0,KOSDAQ,-0.72
424760,벨로크,2185.0,39141.0,39141.0,85523085.0,85523085.0,KOSDAQ,2.1
238200,비피도,2685.0,3912.0,3912.0,10503720.0,10503720.0,KOSDAQ,-2.54
065690,파커스,1828.0,110798.0,110798.0,202538744.0,202538744.0,KOSDAQ,-0.49
362990,드림인사이트,1305.0,28401.0,28401.0,37063305.0,37063305.0,KOSDAQ,1.4
069330,유아이디,1293.0,22279.0,22279.0,28806747.0,28806747.0,KOSDAQ,1.02
383930,디티앤씨알오,1714.0,33790.0,33790.0,57916060.0,57916060.0,KOSDAQ,0.82
032280,삼일,1350.0,8097.0,8097.0,10930950.0,10930950.0,KOSDAQ,0.37
043360,디지아이,2430.0,18752.0,18752.0,45567360.0,45567360.0,KOSDAQ,1.25
018700,졸스,1301.0,22174.0,22174.0,28848374.0,28848374.0,KOSDAQ,-0.99
067730,로지시스,2240.0,8404.0,8404.0,18824960.0,18824960.0,KOSDAQ,1.82
063760,이엘피,2320.0,17628.0,17628.0,40896960.0,40896960.0,KOSDAQ,2.2
219750,한국비티비,1650.0,1392.0,1392.0,2296800.0,2296800.0,KOSDAQ,0.86
344860,이노진,1433.0,47102.0,47102.0,67497166.0,67497166.0,KOSDAQ,-2.52
429270,시지트로닉스,3330.0,88127.0,88127.0,293462910.0,293462910.0,KOSDAQ,-1.48
377330,이지트로닉스,2635.0,1983.0,1983.0,5225205.0,5225205.0,KOSDAQ,-3.48
095910,에스에너지,586.0,127442.0,127442.0,74681012.0,74681012.0,KOSDAQ,-0.17
045520,크린앤사이언스,3270.0,24623.0,24623.0,80517210.0,80517210.0,KOSDAQ,2.19
054220,비츠로시스,1682.0,166932.0,166932.0,280779624.0,280779624.0,KOSDAQ,-2.94
403490,우듬지팜,2300.0,38552.0,38552.0,88669600.0,88669600.0,KOSDAQ,2.22
084440,유비온,5520.0,4814.0,4814.0,26573280.0,26573280.0,KOSDAQ,-7.69
275630,에스에스알,4020.0,11701.0,11701.0,47038020.0,47038020.0,KOSDAQ,0.5
032680,소프트센,915.0,17205.0,17205.0,15742575.0,15742575.0,KOSDAQ,2.46
024940,PN풍년,2105.0,70298.0,70298.0,147977290.0,147977290.0,KOSDAQ,-1.41
191410,육일씨엔에쓰,1874.0,230432.0,230432.0,431829568.0,431829568.0,KOSDAQ,4.23
043590,웰킵스하이텍,1543.0,20471.0,20471.0,31586753.0,31586753.0,KOSDAQ,0.92
019660,글로본,1501.0,31348.0,31348.0,47053348.0,47053348.0,KOSDAQ,0.2
067770,세진티에스,2490.0,103484.0,103484.0,257675160.0,257675160.0,KOSDAQ,-1.39
200230,텔콘RF제약,2190.0,11065.0,11065.0,24232350.0,24232350.0,KOSDAQ,0.92
353590,오토앤,1610.0,3577.0,3577.0,5758970.0,5758970.0,KOSDAQ,3.01
085810,알티캐스트,1465.0,15496.0,15496.0,22701640.0,22701640.0,KOSDAQ,-1.61
438700,버넥트,1849.0,15228.0,15228.0,28156572.0,28156572.0,KOSDAQ,1.87
196700,웹스,1433.0,100720.0,100720.0,144331760.0,144331760.0,KOSDAQ,3.17
101000,KS인더스트리,2075.0,272393.0,272393.0,565215475.0,565215475.0,KOSDAQ,4.01
051780,큐로홀딩스,2705.0,5869.0,5869.0,15875645.0,15875645.0,KOSDAQ,2.08
342870,오아,3770.0,3126.0,3126.0,11785020.0,11785020.0,KOSDAQ,-0.13
154030,아시아종묘,1700.0,4181.0,4181.0,7107700.0,7107700.0,KOSDAQ,0.24
021040,대호특수강,940.0,204446.0,204446.0,192179240.0,192179240.0,KOSDAQ,3.87
080470,성창오토텍,2790.0,3816.0,3816.0,10646640.0,10646640.0,KOSDAQ,2.95
227610,아우딘퓨쳐스,1050.0,12813.0,12813.0,13453650.0,13453650.0,KOSDAQ,0.1
361670,삼영에스앤씨,3585.0,2423.0,2423.0,8686455.0,8686455.0,KOSDAQ,-0.42
113810,디젠스,3110.0,8350.0,8350.0,25968500.0,25968500.0,KOSDAQ,1.3
060900,에이전트AI,3095.0,7264.0,7264.0,22482080.0,22482080.0,KOSDAQ,2.15
065150,대산F&B,1267.0,33637.0,33637.0,42618079.0,42618079.0,KOSDAQ,5.58
353190,휴럼,2555.0,2120.0,2120.0,5416600.0,5416600.0,KOSDAQ,-2.29
065060,지엔코,3355.0,13147.0,13147.0,44108185.0,44108185.0,KOSDAQ,-0.74
050090,비케이홀딩스,853.0,99212.0,99212.0,84627836.0,84627836.0,KOSDAQ,-1.61
372800,아이티아이즈,2850.0,11707.0,11707.0,33364950.0,33364950.0,KOSDAQ,0.53
054410,케이피티유,3500.0,3917.0,3917.0,13709500.0,13709500.0,KOSDAQ,4.48
115610,이미지스,1695.0,64540.0,64540.0,109395300.0,109395300.0,KOSDAQ,1.13
096870,엘디티,2385.0,45448.0,45448.0,108393480.0,108393480.0,KOSDAQ,0.21
006050,국영지앤엠,5690.0,41354.0,41354.0,235304260.0,235304260.0,KOSDAQ,1.61
347770,핌스,873.0,35335.0,35335.0,30847455.0,30847455.0,KOSDAQ,-1.36
098660,에스티오,1578.0,1329.0,1329.0,2097162.0,2097162.0,KOSDAQ,-1.74
365900,브이씨,2695.0,53381.0,53381.0,143861795.0,143861795.0,KOSDAQ,-1.64
455180,케이지에이,1338.0,9804.0,9804.0,13117752.0,13117752.0,KOSDAQ,1.44
050760,에스폴리텍,1202.0,33776.0,33776.0,40598752.0,40598752.0,KOSDAQ,0.75
078860,아이오케이이엔엠,3175.0,229965.0,229965.0,730138875.0,730138875.0,KOSDAQ,29.86
137940,넥스트아이,1993.0,10157.0,10157.0,20242901.0,20242901.0,KOSDAQ,-2.3
110020,전진바이오팜,2155.0,104737.0,104737.0,225708235.0,225708235.0,KOSDAQ,0.47
101400,엔시트론,1660.0,249267.0,249267.0,413783220.0,413783220.0,KOSDAQ,-5.74
083470,이엠앤아이,908.0,109695.0,109695.0,99603060.0,99603060.0,KOSDAQ,3.65
056730,CNT85,1305.0,15579.0,15579.0,20330595.0,20330595.0,KOSDAQ,3.74
018620,우진비앤지,2780.0,4748.0,4748.0,13199440.0,13199440.0,KOSDAQ,3.93
037400,우리엔터프라이즈,3660.0,4367.0,4367.0,15983220.0,15983220.0,KOSDAQ,0.0
048830,엔피케이,1024.0,5417.0,5417.0,5547008.0,5547008.0,KOSDAQ,2.09
274400,이노시뮬레이션,2110.0,7980.0,7980.0,16837800.0,16837800.0,KOSDAQ,-0.94
195990,루트K,1174.0,12798.0,12798.0,15024852.0,15024852.0,KOSDAQ,0.0
285800,진영,5320.0,2398972.0,2398972.0,12762531040.0,12762531040.0,KOSDAQ,8.46
252500,세화피앤씨,2295.0,15457.0,15457.0,35473815.0,35473815.0,KOSDAQ,0.0
079950,인베니아,1379.0,71301.0,71301.0,98324079.0,98324079.0,KOSDAQ,-0.07
419540,비스토스,3190.0,6643.0,6643.0,21191170.0,21191170.0,KOSDAQ,0.95
023790,동일스틸럭스,1454.0,74674.0,74674.0,108575996.0,108575996.0,KOSDAQ,0.0
014100,메디앙스,1576.0,343542.0,343542.0,541422192.0,541422192.0,KOSDAQ,-6.97
092600,앤씨앤,3670.0,53180.0,53180.0,195170600.0,195170600.0,KOSDAQ,29.91
405000,플라즈맵,3400.0,10457.0,10457.0,35553800.0,35553800.0,KOSDAQ,0.89
279600,미디어젠,3900.0,4185.0,4185.0,16321500.0,16321500.0,KOSDAQ,2.09
335870,윙스풋,5420.0,2004.0,2004.0,10861680.0,10861680.0,KOSDAQ,1.31
060480,국일신동,1610.0,102246.0,102246.0,164616060.0,164616060.0,KOSDAQ,-0.31
291810,핀텔,1560.0,309881.0,309881.0,483414360.0,483414360.0,KOSDAQ,-11.36
088290,이원컴포텍,2210.0,4357.0,4357.0,9628970.0,9628970.0,KOSDAQ,-3.7
373110,엑셀세라퓨틱스,1018.0,57352.0,57352.0,58384336.0,58384336.0,KOSDAQ,0.1
0197V0,엔에이치스팩34호,1927.0,315278.0,315278.0,607540706.0,607540706.0,KOSDAQ,-0.16
309930,조이웍스앤코,901.0,40499.0,40499.0,36489599.0,36489599.0,KOSDAQ,2.62
009730,이렘,2165.0,49653.0,49653.0,107498745.0,107498745.0,KOSDAQ,3.1
376930,노을,1670.0,194103.0,194103.0,324152010.0,324152010.0,KOSDAQ,6.44
002680,한탑,2630.0,42460.0,42460.0,111669800.0,111669800.0,KOSDAQ,2.33
210120,캔버스엔,1745.0,61286.0,61286.0,106944070.0,106944070.0,KOSDAQ,-0.68
034940,조아제약,2715.0,23586.0,23586.0,64035990.0,64035990.0,KOSDAQ,0.18
225590,패션플랫폼,3260.0,15348.0,15348.0,50034480.0,50034480.0,KOSDAQ,0.0
477380,미래에셋비전스팩4호,2040.0,211.0,211.0,430440.0,430440.0,KOSDAQ,-1.69
065650,하이퍼코퍼레이션,1508.0,14559.0,14559.0,21954972.0,21954972.0,KOSDAQ,4.87
377220,프롬바이오,2900.0,17662.0,17662.0,51219800.0,51219800.0,KOSDAQ,-1.19
103230,에스앤더블류,2270.0,26641.0,26641.0,60475070.0,60475070.0,KOSDAQ,-1.09
009620,삼보산업,4645.0,57313.0,57313.0,266218885.0,266218885.0,KOSDAQ,8.02
289010,아이스크림에듀,1163.0,192808.0,192808.0,224235704.0,224235704.0,KOSDAQ,1.31
223310,사토시홀딩스,3080.0,25084.0,25084.0,77258720.0,77258720.0,KOSDAQ,-0.16
0072Z0,KB제33호스팩,1970.0,5655.0,5655.0,11140350.0,11140350.0,KOSDAQ,0.05
477340,에이치엠씨제7호스팩,2060.0,153.0,153.0,315180.0,315180.0,KOSDAQ,0.0
0130H0,엔에이치스팩33호,1993.0,4301.0,4301.0,8571893.0,8571893.0,KOSDAQ,0.86
177350,베셀,1540.0,52714.0,52714.0,81179560.0,81179560.0,KOSDAQ,-0.06
0101C0,하나36호스팩,1967.0,6753.0,6753.0,13283151.0,13283151.0,KOSDAQ,0.0
131100,티엔엔터테인먼트,2360.0,5683.0,5683.0,13411880.0,13411880.0,KOSDAQ,-1.05
306040,에스제이그룹,1622.0,14644.0,14644.0,23752568.0,23752568.0,KOSDAQ,0.87
475460,미트박스,2630.0,61909.0,61909.0,162820670.0,162820670.0,KOSDAQ,-5.05
0044K0,삼성스팩10호,1971.0,5845.0,5845.0,11520495.0,11520495.0,KOSDAQ,-0.86
473050,유안타제15호스팩,2100.0,76.0,76.0,159600.0,159600.0,KOSDAQ,0.0
0115H0,삼성스팩13호,1978.0,3767.0,3767.0,7451126.0,7451126.0,KOSDAQ,0.15
478440,미래에셋비전스팩6호,2065.0,4302.0,4302.0,8883630.0,8883630.0,KOSDAQ,0.49
479880,한국제15호스팩,2065.0,3102.0,3102.0,6405630.0,6405630.0,KOSDAQ,0.0
0165X0,메리츠제2호스팩,1950.0,6355.0,6355.0,12392250.0,12392250.0,KOSDAQ,0.1
418620,E8,710.0,413202.0,413202.0,293373420.0,293373420.0,KOSDAQ,0.0
0099W0,미래에셋비전스팩11호,1980.0,3805.0,3805.0,7533900.0,7533900.0,KOSDAQ,0.56
0134X0,대신밸런스제20호스팩,1974.0,9132.0,9132.0,18026568.0,18026568.0,KOSDAQ,0.05
0096B0,삼성스팩12호,2005.0,6760.0,6760.0,13553800.0,13553800.0,KOSDAQ,1.06
0164H0,한국제16호스팩,1948.0,8945.0,8945.0,17424860.0,17424860.0,KOSDAQ,-0.36
481890,엔에이치스팩31호,2065.0,6171.0,6171.0,12743115.0,12743115.0,KOSDAQ,-0.24
478390,KB제29호스팩,2080.0,5260.0,5260.0,10940800.0,10940800.0,KOSDAQ,0.73
303030,지니틱스,1411.0,18814.0,18814.0,26546554.0,26546554.0,KOSDAQ,-0.77
028080,휴맥스홀딩스,5300.0,895.0,895.0,4743500.0,4743500.0,KOSDAQ,-0.93
489730,디비금융제13호스팩,2030.0,118.0,118.0,239540.0,239540.0,KOSDAQ,-0.25
0097F0,미래에셋비전스팩10호,1967.0,15012.0,15012.0,29528604.0,29528604.0,KOSDAQ,-0.15
0093G0,미래에셋비전스팩8호,1980.0,3487.0,3487.0,6904260.0,6904260.0,KOSDAQ,0.66
492220,KB제31호스팩,2035.0,3171.0,3171.0,6452985.0,6452985.0,KOSDAQ,0.0
482520,교보16호스팩,2065.0,109.0,109.0,225085.0,225085.0,KOSDAQ,0.0
0037T0,KB제32호스팩,1987.0,25397.0,25397.0,50463839.0,50463839.0,KOSDAQ,-0.05
0131D0,키움히어로제2호스팩,1975.0,43526.0,43526.0,85963850.0,85963850.0,KOSDAQ,0.25
0054V0,엔에이치스팩32호,2000.0,3116.0,3116.0,6232000.0,6232000.0,KOSDAQ,-0.25
079190,케스피온,1281.0,152336.0,152336.0,195142416.0,195142416.0,KOSDAQ,-6.15
0091W0,신영스팩11호,2010.0,3889.0,3889.0,7816890.0,7816890.0,KOSDAQ,-0.74
060260,뉴보텍,913.0,68579.0,68579.0,62612627.0,62612627.0,KOSDAQ,-3.89
354200,엔젠바이오,1351.0,394239.0,394239.0,532616889.0,532616889.0,KOSDAQ,-7.28
477760,DB금융스팩12호,2065.0,20465.0,20465.0,42260225.0,42260225.0,KOSDAQ,0.0
0088D0,메리츠제1호스팩,2080.0,3013.0,3013.0,6267040.0,6267040.0,KOSDAQ,0.73
035620,바른손이앤에이,645.0,155495.0,155495.0,100294275.0,100294275.0,KOSDAQ,5.39
0041L0,하나35호스팩,1980.0,19344.0,19344.0,38301120.0,38301120.0,KOSDAQ,-0.25
0132G0,교보20호스팩,1992.0,173.0,173.0,344616.0,344616.0,KOSDAQ,0.25
469900,하나31호스팩,2095.0,22470.0,22470.0,47074650.0,47074650.0,KOSDAQ,-0.24
482690,대신밸런스제19호스팩,2075.0,6688.0,6688.0,13877600.0,13877600.0,KOSDAQ,0.0
208640,썸에이지,828.0,3082394.0,3082394.0,2552222232.0,2552222232.0,KOSDAQ,15.16
474660,신한제12호스팩,2085.0,20003.0,20003.0,41706255.0,41706255.0,KOSDAQ,0.0
474490,유안타제16호스팩,2075.0,10.0,10.0,20750.0,20750.0,KOSDAQ,0.0
487360,신한제14호스팩,2025.0,3693.0,3693.0,7478325.0,7478325.0,KOSDAQ,0.0
496070,신한제16호스팩,2030.0,4289.0,4289.0,8706670.0,8706670.0,KOSDAQ,2.32
477470,미래에셋비전스팩5호,2070.0,22.0,22.0,45540.0,45540.0,KOSDAQ,-0.24
0071M0,삼성스팩11호,1954.0,4996.0,4996.0,9762184.0,9762184.0,KOSDAQ,-1.06
0105P0,유진스팩12호,1986.0,955.0,955.0,1896630.0,1896630.0,KOSDAQ,0.0
0129K0,신한제18호스팩,1975.0,86141.0,86141.0,170128475.0,170128475.0,KOSDAQ,0.36
131760,파인텍,1275.0,104612.0,104612.0,133380300.0,133380300.0,KOSDAQ,0.79
489210,교보17호스팩,2110.0,192.0,192.0,405120.0,405120.0,KOSDAQ,3.69
486630,KB제30호스팩,2045.0,3118.0,3118.0,6376310.0,6376310.0,KOSDAQ,-0.24
0096D0,미래에셋비전스팩9호,1971.0,4586.0,4586.0,9039006.0,9039006.0,KOSDAQ,-0.05
493790,유안타제17호스팩,2025.0,586.0,586.0,1186650.0,1186650.0,KOSDAQ,0.0
0098T0,교보19호스팩,1976.0,231.0,231.0,456456.0,456456.0,KOSDAQ,-0.35
0004Y0,디비금융제14호스팩,2000.0,11862.0,11862.0,23724000.0,23724000.0,KOSDAQ,0.0
0130D0,신한제17호스팩,1960.0,3763.0,3763.0,7375480.0,7375480.0,KOSDAQ,0.2
478110,이베스트스팩6호,2055.0,230.0,230.0,472650.0,472650.0,KOSDAQ,0.24
240600,유진테크놀로지,1230.0,58664.0,58664.0,72156720.0,72156720.0,KOSDAQ,2.5
0041B0,교보18호스팩,2010.0,28.0,28.0,56280.0,56280.0,KOSDAQ,0.5
142760,모아라이프플러스,478.0,173985.0,173985.0,83164830.0,83164830.0,KOSDAQ,-2.45
466690,키움히어로제1호스팩,1951.0,1381.0,1381.0,2694331.0,2694331.0,KOSDAQ,-2.69
065770,CS,940.0,106645.0,106645.0,100246300.0,100246300.0,KOSDAQ,0.43
288980,모아데이타,270.0,2594154.0,2594154.0,700421580.0,700421580.0,KOSDAQ,0.0
012340,뉴인텍,442.0,400430.0,400430.0,176990060.0,176990060.0,KOSDAQ,-3.28
488060,유진스팩11호,2040.0,84.0,84.0,171360.0,171360.0,KOSDAQ,0.0
484130,하나34호스팩,2025.0,4163.0,4163.0,8430075.0,8430075.0,KOSDAQ,0.0
001000,신라섬유,1876.0,16974.0,16974.0,31843224.0,31843224.0,KOSDAQ,0.97
473950,에스케이증권제13호스팩,2015.0,9.0,9.0,18135.0,18135.0,KOSDAQ,-1.95
487830,신한제15호스팩,2040.0,3227.0,3227.0,6583080.0,6583080.0,KOSDAQ,0.0
472230,에스케이증권제11호스팩,2100.0,1317.0,1317.0,2765700.0,2765700.0,KOSDAQ,0.0
0068Y0,비엔케이제3호스팩,2015.0,1005.0,1005.0,2025075.0,2025075.0,KOSDAQ,2.23
487720,키움제10호스팩,2005.0,64.0,64.0,128320.0,128320.0,KOSDAQ,-1.23
03481K,해성산업1우,6030.0,50.0,50.0,301500.0,301500.0,KOSDAQ,0.0
0041J0,엘에스스팩1호,1992.0,122.0,122.0,243024.0,243024.0,KOSDAQ,0.1
308100,형지글로벌,303.0,1057124.0,1057124.0,320308572.0,320308572.0,KOSDAQ,7.07
475250,하나33호스팩,2085.0,1104.0,1104.0,2301840.0,2301840.0,KOSDAQ,0.0
900100,파이온엑스,1438.0,303586.0,303586.0,436556668.0,436556668.0,KOSDAQ,-22.35
474930,신한제13호스팩,2095.0,4.0,4.0,8380.0,8380.0,KOSDAQ,-0.48
250930,예선테크,1100.0,176630.0,176630.0,194293000.0,194293000.0,KOSDAQ,-15.51
473000,에스케이증권제12호스팩,2080.0,4395.0,4395.0,9141600.0,9141600.0,KOSDAQ,0.0
475240,하나32호스팩,2100.0,257.0,257.0,539700.0,539700.0,KOSDAQ,0.48
058450,한주에이알티,944.0,40036.0,40036.0,37793984.0,37793984.0,KOSDAQ,4.89
011080,형지I&C,647.0,173807.0,173807.0,112453129.0,112453129.0,KOSDAQ,-2.12
199730,바이오인프라,817.0,135338.0,135338.0,110571146.0,110571146.0,KOSDAQ,-10.12
084180,수성웹툰,165.0,8132090.0,8132090.0,1341794850.0,1341794850.0,KOSDAQ,23.13
312610,에이에프더블류,107.0,1469182.0,1469182.0,157202474.0,157202474.0,KOSDAQ,-6.14
021045,대호특수강우,2405.0,3499.0,3499.0,8415095.0,8415095.0,KOSDAQ,13.44
046070,코다코,140.0,3628363.0,3628363.0,507970820.0,507970820.0,KOSDAQ,-45.1
032685,소프트센우,6980.0,2107.0,2107.0,14706860.0,14706860.0,KOSDAQ,11.68
008290,원풍물산,20.0,9774329.0,9774329.0,195486580.0,195486580.0,KOSDAQ,-53.49
082660,코스나인,1.0,56816980.0,56816980.0,56816980.0,56816980.0,KOSDAQ,-50.0
