Code,Close,Volume,VolumeTotal,Amount,AmountTotal,Market,ChangesRatio
005930,240000.0,29246080.0,53757630.0,7019059200000.0,12901831200000.0,KOSPI,0.21
000660,1577000.0,5302250.0,9224209.0,8361648250000.0,14546577593000.0,KOSPI,0.64
005935,176400.0,2548005.0,2548005.0,449468082000.0,449468082000.0,KOSPI,-0.9
402340,1060000.0,949701.0,1367351.0,1006683060000.0,1449392060000.0,KOSPI,3.41
009150,1185000.0,981146.0,2211354.0,1162658010000.0,2620454490000.0,KOSPI,0.34
005380,392500.0,680354.0,1176493.0,267038945000.0,461773502500.0,KOSPI,-0.13
373220,328500.0,270560.0,377584.0,88878960000.0,124036344000.0,KOSPI,3.96
207940,1476000.0,51711.0,69300.0,76325436000.0,102286800000.0,KOSPI,3.72
105560,168800.0,743858.0,905754.0,125563230400.0,152891275200.0,KOSPI,-0.41
032830,278000.0,691982.0,796371.0,192370996000.0,221391138000.0,KOSPI,-3.3
028260,322500.0,484547.0,653400.0,156266407500.0,210721500000.0,KOSPI,-1.98
012450,1004000.0,225172.0,274425.0,226072688000.0,275522700000.0,KOSPI,9.25
329180,483000.0,151987.0,201963.0,73409721000.0,97548129000.0,KOSPI,2.66
000270,129600.0,700158.0,871498.0,90740476800.0,112946140800.0,KOSPI,0.0
055550,102300.0,760871.0,860036.0,77837103300.0,87981682800.0,KOSPI,-0.39
034020,73000.0,2577175.0,5280455.0,188133775000.0,385473215000.0,KOSPI,7.83
012330,481500.0,270991.0,466845.0,130482166500.0,224785867500.0,KOSPI,-2.43
068270,185800.0,521154.0,725606.0,96830413200.0,134817594800.0,KOSPI,1.98
034730,518000.0,180653.0,244968.0,93578254000.0,126893424000.0,KOSPI,-0.96
035420,226500.0,2278507.0,4886893.0,516081835500.0,1106881264500.0,KOSPI,9.16
086790,127600.0,507052.0,567101.0,64699835200.0,72362087600.0,KOSPI,0.55
006400,419500.0,401522.0,673662.0,168438479000.0,282601209000.0,KOSPI,7.7
010120,197000.0,827737.0,1703395.0,163064189000.0,335568815000.0,KOSPI,4.56
000810,620000.0,81687.0,90370.0,50645940000.0,56029400000.0,KOSPI,0.65
066570,165500.0,1179360.0,2136175.0,195184080000.0,353536962500.0,KOSPI,4.22
042660,87500.0,1087835.0,2070665.0,95185562500.0,181183187500.0,KOSPI,5.42
009540,374000.0,169922.0,210797.0,63550828000.0,78838078000.0,KOSPI,1.49
267260,716000.0,156137.0,210029.0,111794092000.0,150380764000.0,KOSPI,6.39
005490,313000.0,276520.0,427101.0,86550760000.0,133682613000.0,KOSPI,3.13
298040,2655000.0,61559.0,89601.0,163439145000.0,237890655000.0,KOSPI,6.41
316140,33200.0,1619757.0,1908313.0,53775932400.0,63355991600.0,KOSPI,-0.45
069500,100330.0,20320351.0,20320351.0,2038740815830.0,2038740815830.0,KOSPI,1.24
015760,35150.0,1276750.0,1944709.0,44877762500.0,68356521350.0,KOSPI,1.88
010130,1044000.0,14310.0,18962.0,14939640000.0,19796328000.0,KOSPI,2.35
000150,1274000.0,70065.0,104871.0,89262810000.0,133605654000.0,KOSPI,2.91
360750,27125.0,20419238.0,20419238.0,553871830750.0,553871830750.0,KOSPI,1.59
138040,119500.0,276866.0,296857.0,33085487000.0,35474411500.0,KOSPI,-0.67
011200,21200.0,1078734.0,1740776.0,22869160800.0,36904451200.0,KOSPI,2.17
017670,91400.0,2444130.0,4157942.0,223393482000.0,380035898800.0,KOSPI,11.46
042700,203000.0,865479.0,1655834.0,175692237000.0,336134302000.0,KOSPI,0.25
006800,34050.0,1586634.0,2666264.0,54024887700.0,90786289200.0,KOSPI,2.41
010140,21650.0,3560045.0,6198755.0,77074974250.0,134203045750.0,KOSPI,3.59
096770,111300.0,574466.0,854581.0,63938065800.0,95114865300.0,KOSPI,3.06
033780,175600.0,218157.0,242367.0,38308369200.0,42559645200.0,KOSPI,0.0
051910,256500.0,217286.0,276281.0,55733859000.0,70866076500.0,KOSPI,3.85
079550,801000.0,182444.0,254154.0,146137644000.0,203577354000.0,KOSPI,14.59
018260,219500.0,409886.0,786358.0,89969977000.0,172605581000.0,KOSPI,8.13
035720,37900.0,2256846.0,2256846.0,85534463400.0,85534463400.0,KOSPI,1.88
267250,208500.0,159803.0,195497.0,33318925500.0,40761124500.0,KOSPI,4.98
024110,20350.0,597126.0,867397.0,12151514100.0,17651528950.0,KOSPI,0.49
003550,102000.0,224190.0,281577.0,22867380000.0,28720854000.0,KOSPI,2.31
064350,139900.0,457455.0,612373.0,63997954500.0,85670982700.0,KOSPI,7.86
086280,200000.0,110606.0,144488.0,22121200000.0,28897600000.0,KOSPI,0.05
010950,125800.0,388861.0,445031.0,48918713800.0,55984899800.0,KOSPI,3.37
278470,359500.0,318623.0,454466.0,114544968500.0,163380527000.0,KOSPI,6.36
047810,137500.0,511714.0,711739.0,70360675000.0,97864112500.0,KOSPI,11.16
030200,52300.0,233152.0,292710.0,12193849600.0,15308733000.0,KOSPI,0.19
272210,69100.0,615884.0,1053489.0,42557584400.0,72796089900.0,KOSPI,9.51
003670,142800.0,183174.0,277499.0,26157247200.0,39626857200.0,KOSPI,4.39
011070,525000.0,256055.0,465894.0,134428875000.0,244594350000.0,KOSPI,2.34
000720,101500.0,622625.0,912886.0,63196437500.0,92657929000.0,KOSPI,6.17
071050,202500.0,181756.0,233305.0,36805590000.0,47244262500.0,KOSPI,2.84
133690,183570.0,1330386.0,1330386.0,244218958020.0,244218958020.0,KOSPI,1.79
259960,238000.0,115700.0,130737.0,27536600000.0,31115406000.0,KOSPI,1.28
307950,394000.0,72173.0,148334.0,28436162000.0,58443596000.0,KOSPI,3.01
323410,21850.0,704358.0,1049738.0,15390222300.0,22936775300.0,KOSPI,0.0
005940,27850.0,355305.0,571785.0,9895244250.0,15924212250.0,KOSPI,0.91
005830,154800.0,174829.0,187371.0,27063529200.0,29005030800.0,KOSPI,-1.15
379800,24595.0,15888205.0,15888205.0,390770401975.0,390770401975.0,KOSPI,1.36
003490,26100.0,1548257.0,1548257.0,40409507700.0,40409507700.0,KOSPI,-0.38
0126Z0,386000.0,28356.0,48833.0,10945416000.0,18849538000.0,KOSPI,4.47
102110,100435.0,4053219.0,4053219.0,407085050265.0,407085050265.0,KOSPI,1.08
047050,54000.0,375949.0,534062.0,20301246000.0,28839348000.0,KOSPI,5.26
006260,300500.0,167255.0,251321.0,50260127500.0,75521960500.0,KOSPI,10.07
028050,47750.0,2738210.0,2738210.0,130749527500.0,130749527500.0,KOSPI,7.55
003230,1219000.0,66134.0,97933.0,80617346000.0,119380327000.0,KOSPI,5.91
078930,96900.0,756290.0,876171.0,73284501000.0,84900969900.0,KOSPI,14.54
379810,27445.0,5742902.0,5742902.0,157613945390.0,157613945390.0,KOSPI,1.78
016360,98600.0,260697.0,437882.0,25704724200.0,43175165200.0,KOSPI,1.65
396500,32395.0,16308641.0,16308641.0,528318425195.0,528318425195.0,KOSPI,2.0
161390,67700.0,180614.0,208378.0,12227567800.0,14107190600.0,KOSPI,1.35
443060,184900.0,128660.0,144651.0,23789234000.0,26745969900.0,KOSPI,1.09
488770,105125.0,662786.0,662786.0,69675378250.0,69675378250.0,KOSPI,0.01
180640,120400.0,84832.0,125005.0,10213772800.0,15050602000.0,KOSPI,1.18
352820,181000.0,360309.0,504001.0,65215929000.0,91224181000.0,KOSPI,3.84
090430,131900.0,383994.0,508658.0,50648808600.0,67091990200.0,KOSPI,1.62
039490,284000.0,100192.0,135381.0,28454528000.0,38448204000.0,KOSPI,3.65
278530,36365.0,2694201.0,2694201.0,97974619365.0,97974619365.0,KOSPI,1.21
005387,198100.0,61674.0,61674.0,12217619400.0,12217619400.0,KOSPI,0.0
021240,94300.0,194264.0,210302.0,18319095200.0,19831478600.0,KOSPI,2.28
459580,1073870.0,448252.0,448252.0,481364375240.0,481364375240.0,KOSPI,0.01
064400,68100.0,1261597.0,1261597.0,85914755700.0,85914755700.0,KOSPI,8.96
032640,14930.0,1106127.0,1334971.0,16514476110.0,19931117030.0,KOSPI,0.61
326030,79800.0,119364.0,189086.0,9525247200.0,15089062800.0,KOSPI,1.79
047040,15200.0,9667997.0,9667997.0,146953554400.0,146953554400.0,KOSPI,14.29
267270,127100.0,450904.0,616606.0,57309898400.0,78370622600.0,KOSPI,0.47
241560,62700.0,121080.0,155348.0,7591716000.0,9740319600.0,KOSPI,3.81
000100,74800.0,216144.0,342139.0,16167571200.0,25591997200.0,KOSPI,1.63
377300,43800.0,591871.0,935081.0,25923949800.0,40956547800.0,KOSPI,1.98
007660,79600.0,626109.0,1018368.0,49838276400.0,81062092800.0,KOSPI,6.85
381180,43300.0,1642198.0,1642198.0,71107173400.0,71107173400.0,KOSPI,1.44
122630,95335.0,23734004.0,23734004.0,2262681271340.0,2262681271340.0,KOSPI,1.78
029780,46550.0,79246.0,103583.0,3688901300.0,4821788650.0,KOSPI,-0.85
498400,19295.0,7996790.0,7996790.0,154298063050.0,154298063050.0,KOSPI,0.99
271560,132700.0,62778.0,76781.0,8330640600.0,10188838700.0,KOSPI,-0.6
036570,240500.0,43882.0,60749.0,10553621000.0,14610134500.0,KOSPI,3.66
0167A0,15925.0,25101946.0,25101946.0,399748490050.0,399748490050.0,KOSPI,2.02
175330,27050.0,233791.0,281194.0,6324046550.0,7606297700.0,KOSPI,-0.18
091160,114485.0,1676003.0,1676003.0,191877203455.0,191877203455.0,KOSPI,2.31
001440,25500.0,2326357.0,2326357.0,59322103500.0,59322103500.0,KOSPI,6.47
128940,378000.0,93358.0,123752.0,35289324000.0,46778256000.0,KOSPI,9.41
353200,97800.0,1163636.0,1163636.0,113803600800.0,113803600800.0,KOSPI,1.14
034220,9530.0,2459377.0,2459377.0,23437862810.0,23437862810.0,KOSPI,4.04
088980,9880.0,1620548.0,1620548.0,16011014240.0,16011014240.0,KOSPI,-0.9
138930,15110.0,1081012.0,1230406.0,16334091320.0,18591434660.0,KOSPI,0.13
062040,152900.0,155107.0,309882.0,23715860300.0,47380957800.0,KOSPI,5.01
009830,26800.0,3971054.0,3971054.0,106424247200.0,106424247200.0,KOSPI,8.06
229200,13330.0,64541580.0,64541580.0,860339261400.0,860339261400.0,KOSPI,6.9
005385,196000.0,54954.0,54954.0,10770984000.0,10770984000.0,KOSPI,-0.51
454910,68500.0,527866.0,527866.0,36158821000.0,36158821000.0,KOSPI,6.37
051900,291500.0,101117.0,140631.0,29475605500.0,40993936500.0,KOSPI,2.82
000500,146500.0,239936.0,912507.0,35150624000.0,133682275500.0,KOSPI,8.04
148020,101185.0,1460106.0,1460106.0,147740825610.0,147740825610.0,KOSPI,1.21
010060,225000.0,531248.0,1036407.0,119530800000.0,233191575000.0,KOSPI,14.27
458730,15250.0,2383312.0,2383312.0,36345508000.0,36345508000.0,KOSPI,0.53
310970,44940.0,24621.0,24621.0,1106467740.0,1106467740.0,KOSPI,1.18
360200,27340.0,810759.0,810759.0,22166151060.0,22166151060.0,KOSPI,1.33
004170,425500.0,102414.0,118267.0,43577157000.0,50322608500.0,KOSPI,4.93
111770,89200.0,43486.0,48139.0,3878951200.0,4293998800.0,KOSPI,1.48
0162Z0,12785.0,10039104.0,10039104.0,128349944640.0,128349944640.0,KOSPI,0.24
381170,31875.0,1036732.0,1036732.0,33045832500.0,33045832500.0,KOSPI,2.31
011790,78100.0,227073.0,370984.0,17734401300.0,28973850400.0,KOSPI,7.28
001040,132000.0,117849.0,131432.0,15556068000.0,17349024000.0,KOSPI,0.69
411060,26005.0,513435.0,513435.0,13351877175.0,13351877175.0,KOSPI,0.89
052690,99000.0,124343.0,185733.0,12309957000.0,18387567000.0,KOSPI,9.15
088350,4310.0,2533970.0,2533970.0,10921410700.0,10921410700.0,KOSPI,1.77
000990,85000.0,470438.0,705998.0,39987230000.0,60009830000.0,KOSPI,5.07
395160,36300.0,7123027.0,7123027.0,258565880100.0,258565880100.0,KOSPI,1.87
423160,110690.0,115703.0,115703.0,12807165070.0,12807165070.0,KOSPI,0.01
233740,6345.0,153973030.0,153973030.0,976958875350.0,976958875350.0,KOSPI,13.3
004020,26450.0,635823.0,953840.0,16817518350.0,25229068000.0,KOSPI,6.65
357870,57855.0,230224.0,230224.0,13319609520.0,13319609520.0,KOSPI,0.01
367380,31550.0,785331.0,785331.0,24777193050.0,24777193050.0,KOSPI,1.82
273130,109885.0,16163.0,16163.0,1776071255.0,1776071255.0,KOSPI,0.0
018880,3370.0,5852543.0,5852543.0,19723069910.0,19723069910.0,KOSPI,3.69
002380,396500.0,29715.0,38039.0,11781997500.0,15082463500.0,KOSPI,7.02
082740,40750.0,1165463.0,1847614.0,47492617250.0,75290270500.0,KOSPI,7.24
395270,51235.0,1662694.0,1662694.0,85188127090.0,85188127090.0,KOSPI,1.74
023530,114700.0,167505.0,205836.0,19212823500.0,23609389200.0,KOSPI,-1.38
251270,39300.0,126708.0,147725.0,4979624400.0,5805592500.0,KOSPI,2.61
066970,77500.0,223939.0,380319.0,17355272500.0,29474722500.0,KOSPI,6.6
036460,34100.0,143645.0,193430.0,4898294500.0,6595963000.0,KOSPI,-0.58
001450,36800.0,1066931.0,1213937.0,39263060800.0,44672881600.0,KOSPI,-1.34
0193T0,9350.0,49819280.0,49819280.0,465810268000.0,465810268000.0,KOSPI,0.86
035250,14500.0,549768.0,658352.0,7971636000.0,9546104000.0,KOSPI,-0.28
022100,20300.0,289693.0,536078.0,5880767900.0,10882383400.0,KOSPI,5.56
0043B0,103225.0,157516.0,157516.0,16259589100.0,16259589100.0,KOSPI,0.01
102780,23620.0,709258.0,709258.0,16752673960.0,16752673960.0,KOSPI,1.55
028670,5640.0,8049157.0,8049157.0,45397245480.0,45397245480.0,KOSPI,14.29
483650,239500.0,183388.0,307516.0,43921426000.0,73650082000.0,KOSPI,7.16
031210,42550.0,20293.0,26706.0,863467150.0,1136340300.0,KOSPI,0.71
455890,55335.0,107541.0,107541.0,5950781235.0,5950781235.0,KOSPI,0.01
011780,117000.0,87584.0,102462.0,10247328000.0,11988054000.0,KOSPI,3.54
097950,195100.0,52033.0,61673.0,10151638300.0,12032402300.0,KOSPI,1.99
487240,33110.0,3255884.0,3255884.0,107802319240.0,107802319240.0,KOSPI,6.55
012750,72300.0,39418.0,43691.0,2849921400.0,3158859300.0,KOSPI,0.56
139130,17250.0,447348.0,491243.0,7716753000.0,8473941750.0,KOSPI,1.71
302440,34650.0,80467.0,116302.0,2788181550.0,4029864300.0,KOSPI,1.32
009420,52000.0,572420.0,998783.0,29765840000.0,51936716000.0,KOSPI,13.17
017800,69200.0,87413.0,127398.0,6048979600.0,8815941600.0,KOSPI,2.22
008930,39200.0,316696.0,467137.0,12414483200.0,18311770400.0,KOSPI,8.74
103590,56100.0,375104.0,685133.0,21043334400.0,38435961300.0,KOSPI,5.65
481050,1021875.0,51166.0,51166.0,52285256250.0,52285256250.0,KOSPI,0.01
375500,66000.0,361441.0,361441.0,23855106000.0,23855106000.0,KOSPI,7.84
069960,118400.0,178548.0,204241.0,21140083200.0,24182134400.0,KOSPI,2.07
026960,25400.0,70436.0,83263.0,1789074400.0,2114880200.0,KOSPI,0.0
005850,54100.0,76142.0,118026.0,4119282200.0,6385206600.0,KOSPI,0.0
007340,42850.0,189049.0,248709.0,8100749650.0,10657180650.0,KOSPI,4.77
004800,148300.0,16285.0,24892.0,2415065500.0,3691483600.0,KOSPI,3.63
009970,190900.0,12257.0,13781.0,2339861300.0,2630792900.0,KOSPI,0.42
011170,57700.0,82435.0,129760.0,4756499500.0,7487152000.0,KOSPI,4.53
139260,123840.0,706767.0,706767.0,87526025280.0,87526025280.0,KOSPI,2.2
006360,28750.0,5403632.0,5403632.0,155354420000.0,155354420000.0,KOSPI,18.56
426030,46580.0,855802.0,855802.0,39863257160.0,39863257160.0,KOSPI,3.63
449170,111505.0,73633.0,73633.0,8210447665.0,8210447665.0,KOSPI,0.01
003690,13740.0,155440.0,182399.0,2135745600.0,2506162260.0,KOSPI,1.33
383220,63300.0,249521.0,344835.0,15794679300.0,21828055500.0,KOSPI,2.43
161890,101300.0,341815.0,469092.0,34625859500.0,47519019600.0,KOSPI,4.65
000240,25050.0,51389.0,59721.0,1287294450.0,1496011050.0,KOSPI,0.4
081660,44400.0,125473.0,132432.0,5571001200.0,5879980800.0,KOSPI,0.91
001720,142500.0,4016.0,5598.0,572280000.0,797715000.0,KOSPI,1.42
450080,32750.0,691774.0,691774.0,22655598500.0,22655598500.0,KOSPI,0.46
014680,214500.0,32099.0,37225.0,6885235500.0,7984762500.0,KOSPI,3.87
161510,24510.0,815405.0,815405.0,19985576550.0,19985576550.0,KOSPI,1.62
486290,10835.0,2346287.0,2346287.0,25422019645.0,25422019645.0,KOSPI,1.74
004370,376500.0,13824.0,17453.0,5204736000.0,6571054500.0,KOSPI,0.4
204320,48750.0,623811.0,623811.0,30410786250.0,30410786250.0,KOSPI,3.94
279570,5620.0,496197.0,496197.0,2788627140.0,2788627140.0,KOSPI,1.26
004990,22650.0,119146.0,176259.0,2698656900.0,3992266350.0,KOSPI,1.12
489790,44700.0,254338.0,431623.0,11368908600.0,19293548100.0,KOSPI,2.76
472150,19180.0,3373444.0,3373444.0,64702655920.0,64702655920.0,KOSPI,1.32
192820,195200.0,109471.0,147291.0,21368739200.0,28751203200.0,KOSPI,5.23
139480,80100.0,89887.0,134834.0,7199948700.0,10800203400.0,KOSPI,2.43
456600,58770.0,407457.0,407457.0,23946247890.0,23946247890.0,KOSPI,2.36
005440,12000.0,288161.0,348010.0,3457932000.0,4176120000.0,KOSPI,1.87
278540,35775.0,56006.0,56006.0,2003614650.0,2003614650.0,KOSPI,1.16
282330,125300.0,40805.0,43558.0,5112866500.0,5457817400.0,KOSPI,2.7
030000,18730.0,318066.0,417905.0,5957376180.0,7827360650.0,KOSPI,-1.16
007070,25050.0,126637.0,142030.0,3172256850.0,3557851500.0,KOSPI,2.66
051600,45800.0,75846.0,105527.0,3473746800.0,4833136600.0,KOSPI,2.69
085620,15180.0,96779.0,96779.0,1469105220.0,1469105220.0,KOSPI,1.0
073240,6980.0,5103370.0,13621391.0,35621522600.0,95077309180.0,KOSPI,4.8
284430,20500.0,1367447.0,1367447.0,28032663500.0,28032663500.0,KOSPI,0.94
002790,25900.0,82254.0,106106.0,2130378600.0,2748145400.0,KOSPI,2.37
018670,213500.0,23694.0,32665.0,5058669000.0,6973977500.0,KOSPI,7.83
103140,70500.0,122387.0,179054.0,8628283500.0,12623307000.0,KOSPI,3.83
385540,102975.0,2048.0,2048.0,210892800.0,210892800.0,KOSPI,0.08
292150,35605.0,475148.0,475148.0,16917644540.0,16917644540.0,KOSPI,1.21
462870,32650.0,77798.0,108629.0,2540104700.0,3546736850.0,KOSPI,5.15
475150,55800.0,13141302.0,13141302.0,733284651600.0,733284651600.0,KOSPI,19.87
336260,28600.0,692507.0,1416725.0,19805700200.0,40518335000.0,KOSPI,10.21
000155,464500.0,8573.0,8573.0,3982158500.0,3982158500.0,KOSPI,2.88
439260,48700.0,67326.0,102778.0,3278776200.0,5005288600.0,KOSPI,2.96
214980,114670.0,49868.0,49868.0,5718363560.0,5718363560.0,KOSPI,0.01
071970,52600.0,263496.0,449288.0,13859889600.0,23632548800.0,KOSPI,5.2
0193W0,10600.0,19582771.0,19582771.0,207577372600.0,207577372600.0,KOSPI,0.81
457190,57900.0,121162.0,249038.0,7015279800.0,14419300200.0,KOSPI,8.02
000120,76000.0,44047.0,55582.0,3347572000.0,4224232000.0,KOSPI,2.84
294400,131835.0,398703.0,398703.0,52563010005.0,52563010005.0,KOSPI,1.01
112610,39850.0,396587.0,396587.0,15803991950.0,15803991950.0,KOSPI,3.91
105190,100560.0,402078.0,402078.0,40432963680.0,40432963680.0,KOSPI,1.26
023590,38500.0,30332.0,43928.0,1167782000.0,1691228000.0,KOSPI,3.49
441640,13000.0,770104.0,770104.0,10011352000.0,10011352000.0,KOSPI,1.01
395400,5510.0,175852.0,175852.0,968944520.0,968944520.0,KOSPI,-1.61
442580,94610.0,1243571.0,1243571.0,117654252310.0,117654252310.0,KOSPI,0.61
011210,60200.0,55758.0,98298.0,3356631600.0,5917539600.0,KOSPI,1.18
006040,36950.0,75979.0,108943.0,2807424050.0,4025443850.0,KOSPI,5.12
008770,41500.0,721472.0,970475.0,29941088000.0,40274712500.0,KOSPI,0.61
477080,107220.0,3979.0,3979.0,426628380.0,426628380.0,KOSPI,0.01
0195S0,7935.0,27208265.0,27208265.0,215897582775.0,215897582775.0,KOSPI,0.95
487230,21170.0,610419.0,610419.0,12922570230.0,12922570230.0,KOSPI,2.62
020150,30450.0,166581.0,271692.0,5072391450.0,8273021400.0,KOSPI,10.33
446770,76150.0,188398.0,188398.0,14346507700.0,14346507700.0,KOSPI,1.21
120110,52100.0,99887.0,137166.0,5204112700.0,7146348600.0,KOSPI,7.09
368590,30600.0,157705.0,157705.0,4825773000.0,4825773000.0,KOSPI,1.73
475630,1073300.0,61993.0,61993.0,66537086900.0,66537086900.0,KOSPI,0.01
379780,23640.0,321902.0,321902.0,7609763280.0,7609763280.0,KOSPI,1.31
610063,55615.0,10.0,10.0,556150.0,556150.0,KOSPI,0.01
001800,25400.0,85309.0,116838.0,2166848600.0,2967685200.0,KOSPI,-0.39
453850,7140.0,590162.0,590162.0,4213756680.0,4213756680.0,KOSPI,-0.28
001740,7540.0,1216821.0,1216821.0,9174830340.0,9174830340.0,KOSPI,6.8
00680K,11050.0,129798.0,129798.0,1434267900.0,1434267900.0,KOSPI,1.28
466920,28360.0,776252.0,776252.0,22014506720.0,22014506720.0,KOSPI,3.64
097230,16570.0,458902.0,458902.0,7604006140.0,7604006140.0,KOSPI,6.63
329200,4000.0,3084946.0,3084946.0,12339784000.0,12339784000.0,KOSPI,0.13
305720,13010.0,3323130.0,3323130.0,43233921300.0,43233921300.0,KOSPI,5.73
322000,129000.0,741888.0,741888.0,95703552000.0,95703552000.0,KOSPI,7.86
020560,7000.0,47288.0,88776.0,331016000.0,621432000.0,KOSPI,-0.71
001120,37050.0,201169.0,283271.0,7453311450.0,10495190550.0,KOSPI,10.43
069620,123600.0,60974.0,88603.0,7536386400.0,10951330800.0,KOSPI,8.42
181710,43700.0,391882.0,574335.0,17125243400.0,25098439500.0,KOSPI,17.63
089860,39400.0,67749.0,81320.0,2669310600.0,3204008000.0,KOSPI,1.16
0177N0,13535.0,5019616.0,5019616.0,67940502560.0,67940502560.0,KOSPI,0.22
006280,120000.0,51245.0,62018.0,6149400000.0,7442160000.0,KOSPI,5.91
294870,21250.0,279056.0,355159.0,5929940000.0,7547128750.0,KOSPI,5.99
281820,70200.0,207358.0,390119.0,14556531600.0,27386353800.0,KOSPI,1.89
298020,320500.0,42124.0,58835.0,13500742000.0,18856617500.0,KOSPI,2.07
152100,101880.0,623378.0,623378.0,63509750640.0,63509750640.0,KOSPI,1.42
001430,37850.0,217929.0,303605.0,8248612650.0,11491449250.0,KOSPI,7.83
229640,44200.0,137581.0,224167.0,6081080200.0,9908181400.0,KOSPI,8.6
315930,76885.0,46423.0,46423.0,3569232355.0,3569232355.0,KOSPI,0.89
415640,10680.0,68419.0,68419.0,730714920.0,730714920.0,KOSPI,0.28
192080,61500.0,27249.0,33697.0,1675813500.0,2072365500.0,KOSPI,1.82
007310,322500.0,4009.0,4705.0,1292902500.0,1517362500.0,KOSPI,0.62
436140,106235.0,3026.0,3026.0,321467110.0,321467110.0,KOSPI,0.0
390390,53830.0,1276004.0,1276004.0,68687295320.0,68687295320.0,KOSPI,1.15
009155,440500.0,53173.0,53173.0,23422706500.0,23422706500.0,KOSPI,4.76
082640,8200.0,28396.0,28396.0,232847200.0,232847200.0,KOSPI,0.0
157450,112325.0,10291.0,10291.0,1155936575.0,1155936575.0,KOSPI,0.01
012630,21000.0,44077.0,93872.0,925617000.0,1971312000.0,KOSPI,6.49
091230,120120.0,718274.0,718274.0,86279072880.0,86279072880.0,KOSPI,1.38
232080,13580.0,4581700.0,4581700.0,62219486000.0,62219486000.0,KOSPI,6.89
003540,26200.0,36248.0,55971.0,949697600.0,1466440200.0,KOSPI,1.35
448330,16900.0,881598.0,881598.0,14899006200.0,14899006200.0,KOSPI,0.72
438080,14500.0,555060.0,555060.0,8048370000.0,8048370000.0,KOSPI,0.8
004000,45850.0,63590.0,82284.0,2915601500.0,3772721400.0,KOSPI,4.92
000815,392000.0,6679.0,6679.0,2618168000.0,2618168000.0,KOSPI,1.42
361610,14170.0,159451.0,239483.0,2259420670.0,3393474110.0,KOSPI,5.9
007810,48200.0,323276.0,596057.0,15581903200.0,28729947400.0,KOSPI,4.9
0072R0,12440.0,281084.0,281084.0,3496684960.0,3496684960.0,KOSPI,0.85
017960,22200.0,162255.0,276473.0,3602061000.0,6137700600.0,KOSPI,4.23
497570,21975.0,329419.0,329419.0,7238982525.0,7238982525.0,KOSPI,1.38
005070,34250.0,96023.0,177711.0,3288787750.0,6086601750.0,KOSPI,5.87
030610,9650.0,32438.0,50282.0,313026700.0,485221300.0,KOSPI,1.69
000210,51900.0,264729.0,323336.0,13739435100.0,16781138400.0,KOSPI,12.95
006340,13790.0,15017246.0,15017246.0,207087822340.0,207087822340.0,KOSPI,5.19
0183J0,7385.0,2494889.0,2494889.0,18424755265.0,18424755265.0,KOSPI,8.84
479080,53615.0,26088.0,26088.0,1398708120.0,1398708120.0,KOSPI,0.01
494890,28900.0,635440.0,635440.0,18364216000.0,18364216000.0,KOSPI,0.87
449450,53800.0,448090.0,448090.0,24107242000.0,24107242000.0,KOSPI,8.98
000080,15130.0,100236.0,145320.0,1516570680.0,2198691600.0,KOSPI,-0.59
445290,30025.0,649873.0,649873.0,19512436825.0,19512436825.0,KOSPI,3.71
451540,52815.0,13682.0,13682.0,722614830.0,722614830.0,KOSPI,-0.04
226490,65225.0,358536.0,358536.0,23385510600.0,23385510600.0,KOSPI,1.76
330590,3625.0,114825.0,114825.0,416240625.0,416240625.0,KOSPI,0.28
066575,60600.0,72444.0,72444.0,4390106400.0,4390106400.0,KOSPI,4.48
093370,9700.0,2892801.0,2892801.0,28060169700.0,28060169700.0,KOSPI,1.89
465580,24875.0,2059760.0,2059760.0,51236530000.0,51236530000.0,KOSPI,2.45
003570,31000.0,63721.0,76376.0,1975351000.0,2367656000.0,KOSPI,1.31
300720,14010.0,51515.0,81475.0,721725150.0,1141464750.0,KOSPI,1.45
479520,106135.0,2349.0,2349.0,249311115.0,249311115.0,KOSPI,0.02
446720,13995.0,282423.0,282423.0,3952509885.0,3952509885.0,KOSPI,0.57
469830,54225.0,138449.0,138449.0,7507397025.0,7507397025.0,KOSPI,0.0
356540,101205.0,145.0,145.0,14674725.0,14674725.0,KOSPI,-0.03
469150,52255.0,967101.0,967101.0,50535862755.0,50535862755.0,KOSPI,1.53
009450,68500.0,49493.0,65197.0,3390270500.0,4465994500.0,KOSPI,4.74
003090,17110.0,62186.0,76923.0,1064002460.0,1316152530.0,KOSPI,5.62
760009,107080.0,10.0,10.0,1070800.0,1070800.0,KOSPI,0.0
0117L0,10135.0,5499.0,5499.0,55732365.0,55732365.0,KOSPI,0.0
003240,880000.0,1989.0,2394.0,1750320000.0,2106720000.0,KOSPI,1.38
077970,24400.0,124123.0,228407.0,3028601200.0,5573130800.0,KOSPI,5.86
449180,17005.0,400268.0,400268.0,6806557340.0,6806557340.0,KOSPI,1.13
0139F0,101840.0,621.0,621.0,63242640.0,63242640.0,KOSPI,0.0
032350,12210.0,483749.0,600716.0,5906575290.0,7334742360.0,KOSPI,4.81
494300,9485.0,1353280.0,1353280.0,12835860800.0,12835860800.0,KOSPI,1.55
192400,26800.0,7201.0,12187.0,192986800.0,326611600.0,KOSPI,1.9
005300,102700.0,22532.0,29120.0,2314036400.0,2990624000.0,KOSPI,0.59
280360,103300.0,19540.0,21778.0,2018482000.0,2249667400.0,KOSPI,2.38
402970,15530.0,347061.0,347061.0,5389857330.0,5389857330.0,KOSPI,0.62
530031,2315.0,863001.0,863001.0,1997847315.0,1997847315.0,KOSPI,4.28
185750,67500.0,27500.0,38858.0,1856250000.0,2622915000.0,KOSPI,1.81
051915,121000.0,12107.0,12107.0,1464947000.0,1464947000.0,KOSPI,3.51
003530,4330.0,581150.0,581150.0,2516379500.0,2516379500.0,KOSPI,3.71
034230,10010.0,381633.0,573377.0,3820146330.0,5739503770.0,KOSPI,5.15
438100,15610.0,466831.0,466831.0,7287231910.0,7287231910.0,KOSPI,1.04
009240,39000.0,30774.0,36996.0,1200186000.0,1442844000.0,KOSPI,3.17
0195R0,9665.0,11429934.0,11429934.0,110470312110.0,110470312110.0,KOSPI,0.26
495050,30690.0,142963.0,142963.0,4387534470.0,4387534470.0,KOSPI,1.69
006120,52300.0,14934.0,19768.0,781048200.0,1033866400.0,KOSPI,3.36
237350,80170.0,363704.0,363704.0,29158149680.0,29158149680.0,KOSPI,1.22
451800,5040.0,71309.0,71309.0,359397360.0,359397360.0,KOSPI,0.0
0117V0,17290.0,2293799.0,2293799.0,39659784710.0,39659784710.0,KOSPI,6.27
071055,149800.0,15387.0,15387.0,2304972600.0,2304972600.0,KOSPI,1.97
295040,37645.0,312321.0,312321.0,11757324045.0,11757324045.0,KOSPI,1.16
455850,20715.0,2063353.0,2063353.0,42742357395.0,42742357395.0,KOSPI,4.2
003470,4465.0,302526.0,302526.0,1350778590.0,1350778590.0,KOSPI,3.12
079160,5190.0,306934.0,306934.0,1592987460.0,1592987460.0,KOSPI,4.22
030190,14400.0,45254.0,53284.0,651657600.0,767289600.0,KOSPI,1.69
195870,49700.0,157042.0,240091.0,7804987400.0,11932522700.0,KOSPI,1.43
153130,113310.0,22072.0,22072.0,2500978320.0,2500978320.0,KOSPI,0.01
100090,13190.0,1654783.0,1654783.0,21826587770.0,21826587770.0,KOSPI,4.27
114800,1119.0,1167956312.0,1167956312.0,1306943113128.0,1306943113128.0,KOSPI,-2.36
371460,11040.0,94387.0,94387.0,1042032480.0,1042032480.0,KOSPI,0.18
001820,77700.0,331954.0,331954.0,25792825800.0,25792825800.0,KOSPI,4.3
494310,64400.0,7097947.0,7097947.0,457107786800.0,457107786800.0,KOSPI,3.9
499790,40250.0,180308.0,367264.0,7257397000.0,14782376000.0,KOSPI,6.34
305540,16340.0,316377.0,316377.0,5169600180.0,5169600180.0,KOSPI,4.11
137310,6580.0,96611.0,122627.0,635700380.0,806885660.0,KOSPI,2.02
476550,6810.0,936730.0,936730.0,6379131300.0,6379131300.0,KOSPI,-0.22
490590,14545.0,651807.0,651807.0,9480532815.0,9480532815.0,KOSPI,4.23
365550,3195.0,313280.0,313280.0,1000929600.0,1000929600.0,KOSPI,-1.24
036530,48200.0,6443.0,14037.0,310552600.0,676583400.0,KOSPI,2.23
481060,7450.0,555459.0,555459.0,4138169550.0,4138169550.0,KOSPI,0.0
385560,51915.0,24345.0,24345.0,1263870675.0,1263870675.0,KOSPI,-0.3
0048J0,14300.0,494720.0,494720.0,7074496000.0,7074496000.0,KOSPI,0.14
498410,11570.0,805541.0,805541.0,9320109370.0,9320109370.0,KOSPI,0.65
466940,25670.0,253884.0,253884.0,6517202280.0,6517202280.0,KOSPI,-0.1
475720,11730.0,546449.0,546449.0,6409846770.0,6409846770.0,KOSPI,1.43
0025N0,12275.0,464291.0,464291.0,5699172025.0,5699172025.0,KOSPI,0.95
214320,19000.0,57819.0,69028.0,1098561000.0,1311532000.0,KOSPI,0.58
441800,27370.0,200494.0,200494.0,5487520780.0,5487520780.0,KOSPI,0.29
071320,64200.0,12923.0,19028.0,829656600.0,1221597600.0,KOSPI,1.1
298050,164800.0,18963.0,23706.0,3125102400.0,3906748800.0,KOSPI,2.87
457480,17870.0,275356.0,275356.0,4920611720.0,4920611720.0,KOSPI,3.5
285130,42400.0,57386.0,73833.0,2433166400.0,3130519200.0,KOSPI,6.8
0061Z0,50885.0,373.0,373.0,18980105.0,18980105.0,KOSPI,0.01
005090,50400.0,291743.0,536061.0,14703847200.0,27017474400.0,KOSPI,14.03
064960,27300.0,41470.0,53177.0,1132131000.0,1451732100.0,KOSPI,2.44
272580,56955.0,34303.0,34303.0,1953727365.0,1953727365.0,KOSPI,0.01
004490,52100.0,22305.0,38732.0,1162090500.0,2017937200.0,KOSPI,2.56
144600,9610.0,365121.0,365121.0,3508812810.0,3508812810.0,KOSPI,1.21
069660,100350.0,165881.0,165881.0,16646158350.0,16646158350.0,KOSPI,1.43
003850,8350.0,67917.0,97616.0,567106950.0,815093600.0,KOSPI,2.71
458760,11270.0,214130.0,214130.0,2413245100.0,2413245100.0,KOSPI,0.22
456610,61950.0,22579.0,22579.0,1398769050.0,1398769050.0,KOSPI,0.22
0177R0,10325.0,2158097.0,2158097.0,22282351525.0,22282351525.0,KOSPI,1.72
102970,18985.0,988248.0,988248.0,18761888280.0,18761888280.0,KOSPI,3.26
0127P0,10860.0,167236.0,167236.0,1816182960.0,1816182960.0,KOSPI,1.97
487340,105570.0,4957.0,4957.0,523310490.0,523310490.0,KOSPI,0.01
248070,14330.0,99022.0,133406.0,1418985260.0,1911707980.0,KOSPI,5.29
000370,5760.0,317982.0,317982.0,1831576320.0,1831576320.0,KOSPI,2.67
005690,11080.0,661050.0,661050.0,7324434000.0,7324434000.0,KOSPI,7.57
0167B0,11010.0,1058382.0,1058382.0,11652785820.0,11652785820.0,KOSPI,1.1
455030,12280.0,98573.0,98573.0,1210476440.0,1210476440.0,KOSPI,-0.08
491010,26320.0,112270.0,112270.0,2954946400.0,2954946400.0,KOSPI,2.23
314250,60420.0,58764.0,58764.0,3550520880.0,3550520880.0,KOSPI,3.34
456040,72600.0,47589.0,79091.0,3454961400.0,5742006600.0,KOSPI,3.27
002960,499500.0,1048.0,1232.0,523476000.0,615384000.0,KOSPI,1.22
434730,54405.0,249403.0,249403.0,13568770215.0,13568770215.0,KOSPI,6.35
482730,12240.0,404719.0,404719.0,4953760560.0,4953760560.0,KOSPI,1.37
138540,49920.0,197529.0,197529.0,9860647680.0,9860647680.0,KOSPI,0.94
000670,35000.0,35510.0,40780.0,1242850000.0,1427300000.0,KOSPI,2.34
329750,13520.0,523361.0,523361.0,7075840720.0,7075840720.0,KOSPI,0.26
003160,22650.0,380176.0,734115.0,8610986400.0,16627704750.0,KOSPI,7.35
093050,21850.0,35245.0,43216.0,770103250.0,944269600.0,KOSPI,-0.68
371160,7630.0,1211815.0,1211815.0,9246148450.0,9246148450.0,KOSPI,0.39
293940,5240.0,122903.0,122903.0,644011720.0,644011720.0,KOSPI,-0.57
317450,43350.0,9829.0,15949.0,426087150.0,691389150.0,KOSPI,2.73
005180,67900.0,18602.0,32418.0,1263075800.0,2201182200.0,KOSPI,0.15
434060,17170.0,133403.0,133403.0,2290529510.0,2290529510.0,KOSPI,1.09
025540,61800.0,6188.0,8854.0,382418400.0,547177200.0,KOSPI,2.15
0015B0,19340.0,407786.0,407786.0,7886581240.0,7886581240.0,KOSPI,2.71
290130,43800.0,179826.0,179826.0,7876378800.0,7876378800.0,KOSPI,1.22
002350,6390.0,98352.0,98352.0,628469280.0,628469280.0,KOSPI,4.75
252670,93.0,11067955070.0,11067955070.0,1029319821510.0,1029319821510.0,KOSPI,-6.06
495850,30500.0,182748.0,182748.0,5573814000.0,5573814000.0,KOSPI,1.65
005880,1917.0,2402751.0,2402751.0,4606073667.0,4606073667.0,KOSPI,6.2
001680,17740.0,46582.0,59858.0,826364680.0,1061880920.0,KOSPI,1.49
069260,15020.0,71885.0,87222.0,1079712700.0,1310074440.0,KOSPI,2.11
014820,21150.0,33374.0,42312.0,705860100.0,894898800.0,KOSPI,2.17
423920,87320.0,98376.0,98376.0,8590192320.0,8590192320.0,KOSPI,2.58
453340,18610.0,76852.0,95450.0,1430215720.0,1776324500.0,KOSPI,4.37
484790,8230.0,510117.0,510117.0,4198262910.0,4198262910.0,KOSPI,0.0
000400,1937.0,292326.0,292326.0,566235462.0,566235462.0,KOSPI,2.81
0148J0,9040.0,8704939.0,8704939.0,78692648560.0,78692648560.0,KOSPI,3.85
367760,51275.0,488419.0,488419.0,25043684225.0,25043684225.0,KOSPI,1.48
418660,41600.0,339627.0,339627.0,14128483200.0,14128483200.0,KOSPI,3.28
075580,10480.0,201434.0,336179.0,2111028320.0,3523155920.0,KOSPI,5.54
000640,88000.0,16623.0,18638.0,1462824000.0,1640144000.0,KOSPI,2.21
006110,39150.0,202608.0,377223.0,7932103200.0,14768280450.0,KOSPI,12.5
466950,31370.0,142024.0,142024.0,4455292880.0,4455292880.0,KOSPI,2.62
383800,7710.0,49820.0,101453.0,384112200.0,782202630.0,KOSPI,1.05
251600,15210.0,202802.0,202802.0,3084618420.0,3084618420.0,KOSPI,0.56
006650,89700.0,33705.0,43446.0,3023338500.0,3897106200.0,KOSPI,3.58
364980,8985.0,4322901.0,4322901.0,38841265485.0,38841265485.0,KOSPI,5.58
114090,9360.0,76202.0,104856.0,713250720.0,981452160.0,KOSPI,1.74
010780,19170.0,83262.0,125474.0,1596132540.0,2405336580.0,KOSPI,6.8
268280,115700.0,2518.0,3013.0,291332600.0,348604100.0,KOSPI,-0.43
003620,2855.0,696872.0,696872.0,1989569560.0,1989569560.0,KOSPI,5.94
449190,21795.0,196744.0,196744.0,4288035480.0,4288035480.0,KOSPI,1.56
489250,13160.0,300167.0,300167.0,3950197720.0,3950197720.0,KOSPI,0.65
017940,83900.0,6348.0,8105.0,532597200.0,680009500.0,KOSPI,1.82
100840,27700.0,167837.0,285989.0,4649084900.0,7921895300.0,KOSPI,5.52
033240,26400.0,169076.0,248631.0,4463606400.0,6563858400.0,KOSPI,11.16
094800,6140.0,35733.0,35733.0,219400620.0,219400620.0,KOSPI,-1.44
494670,22200.0,550230.0,550230.0,12215106000.0,12215106000.0,KOSPI,3.35
108320,34900.0,37195.0,59471.0,1298105500.0,2075537900.0,KOSPI,4.02
001060,24200.0,28236.0,39352.0,683311200.0,952318400.0,KOSPI,4.31
007700,14310.0,28875.0,32653.0,413201250.0,467264430.0,KOSPI,0.92
462330,838.0,80297011.0,80297011.0,67288895218.0,67288895218.0,KOSPI,10.85
016380,5580.0,286163.0,286163.0,1596789540.0,1596789540.0,KOSPI,1.09
0101N0,17750.0,497970.0,497970.0,8838967500.0,8838967500.0,KOSPI,8.03
396520,13650.0,950091.0,950091.0,12968742150.0,12968742150.0,KOSPI,6.02
114260,61820.0,37166.0,37166.0,2297602120.0,2297602120.0,KOSPI,0.05
0007F0,10155.0,12612.0,12612.0,128074860.0,128074860.0,KOSPI,-0.05
491620,10940.0,565242.0,565242.0,6183747480.0,6183747480.0,KOSPI,1.86
001270,52700.0,3157.0,4566.0,166373900.0,240628200.0,KOSPI,2.33
003300,17710.0,19682.0,25358.0,348568220.0,449090180.0,KOSPI,-0.51
0019K0,13400.0,381340.0,381340.0,5109956000.0,5109956000.0,KOSPI,1.21
365780,82755.0,7916.0,7916.0,655088580.0,655088580.0,KOSPI,0.16
002840,120000.0,4076.0,4622.0,489120000.0,554640000.0,KOSPI,0.08
178920,18350.0,41823.0,67379.0,767452050.0,1236404650.0,KOSPI,3.5
438330,115530.0,4603.0,4603.0,531784590.0,531784590.0,KOSPI,0.07
00104K,127000.0,4528.0,4528.0,575056000.0,575056000.0,KOSPI,0.32
0105E0,12680.0,396888.0,396888.0,5032539840.0,5032539840.0,KOSPI,0.48
463250,34675.0,514626.0,514626.0,17844656550.0,17844656550.0,KOSPI,10.04
700028,147330.0,4747.0,4747.0,699375510.0,699375510.0,KOSPI,3.34
251350,40255.0,44158.0,44158.0,1777580290.0,1777580290.0,KOSPI,1.18
058650,120800.0,823.0,823.0,99418400.0,99418400.0,KOSPI,2.11
090460,15200.0,696106.0,1031657.0,10580811200.0,15681186400.0,KOSPI,-2.56
005810,35450.0,20385.0,29858.0,722648250.0,1058466100.0,KOSPI,2.46
001530,24350.0,18382.0,26500.0,447601700.0,645275000.0,KOSPI,3.4
448730,5530.0,22476.0,22476.0,124292280.0,124292280.0,KOSPI,2.79
496080,30630.0,164778.0,164778.0,5047150140.0,5047150140.0,KOSPI,2.07
499660,1000510.0,7395.0,7395.0,7398771450.0,7398771450.0,KOSPI,0.01
0091P0,14890.0,1900790.0,1900790.0,28302763100.0,28302763100.0,KOSPI,9.12
473290,10855.0,18391.0,18391.0,199634305.0,199634305.0,KOSPI,0.05
444200,42805.0,195096.0,195096.0,8351084280.0,8351084280.0,KOSPI,1.99
001510,2105.0,2094221.0,2094221.0,4408335205.0,4408335205.0,KOSPI,3.69
483280,12280.0,221805.0,221805.0,2723765400.0,2723765400.0,KOSPI,2.93
003545,19860.0,38242.0,38242.0,759486120.0,759486120.0,KOSPI,1.12
0190C0,8220.0,1267934.0,1267934.0,10422417480.0,10422417480.0,KOSPI,1.11
284740,21550.0,8578.0,11514.0,184855900.0,248126700.0,KOSPI,3.11
009410,1623.0,217052.0,217052.0,352275396.0,352275396.0,KOSPI,0.25
315960,73015.0,129941.0,129941.0,9487642115.0,9487642115.0,KOSPI,0.3
476800,4210.0,368814.0,368814.0,1552706940.0,1552706940.0,KOSPI,0.0
039130,30850.0,20593.0,40238.0,635294050.0,1241342300.0,KOSPI,2.32
471230,104210.0,6502.0,6502.0,677573420.0,677573420.0,KOSPI,0.14
435420,14170.0,303832.0,303832.0,4305299440.0,4305299440.0,KOSPI,0.78
001500,7690.0,63765.0,118791.0,490352850.0,913502790.0,KOSPI,3.22
336370,6770.0,59057.0,113916.0,399815890.0,771211320.0,KOSPI,5.78
079900,32500.0,38483.0,87243.0,1250697500.0,2835397500.0,KOSPI,2.69
090435,44800.0,16957.0,16957.0,759673600.0,759673600.0,KOSPI,1.93
005945,25050.0,33718.0,33718.0,844635900.0,844635900.0,KOSPI,1.42
034310,12780.0,27560.0,28658.0,352216800.0,366249240.0,KOSPI,-0.7
490490,11390.0,252966.0,252966.0,2881282740.0,2881282740.0,KOSPI,0.44
249420,14760.0,98040.0,166385.0,1447070400.0,2455842600.0,KOSPI,5.05
462010,4355.0,3096675.0,3096675.0,13486019625.0,13486019625.0,KOSPI,5.19
005250,9850.0,76853.0,95954.0,757002050.0,945146900.0,KOSPI,4.9
361580,57080.0,86314.0,86314.0,4926803120.0,4926803120.0,KOSPI,1.33
377740,4520.0,71703.0,71703.0,324097560.0,324097560.0,KOSPI,-1.09
0162M0,10045.0,5713.0,5713.0,57387085.0,57387085.0,KOSPI,0.05
002240,17020.0,33565.0,41647.0,571276300.0,708831940.0,KOSPI,2.16
460860,9200.0,135692.0,220677.0,1248366400.0,2030228400.0,KOSPI,4.66
448290,17650.0,158641.0,158641.0,2800013650.0,2800013650.0,KOSPI,1.15
145990,43750.0,8613.0,9510.0,376818750.0,416062500.0,KOSPI,1.39
000070,58100.0,7906.0,10242.0,459338600.0,595060200.0,KOSPI,0.52
005389,191000.0,5005.0,5005.0,955955000.0,955955000.0,KOSPI,0.21
293180,100565.0,136385.0,136385.0,13715557525.0,13715557525.0,KOSPI,1.1
484870,16110.0,73763.0,108464.0,1188321930.0,1747355040.0,KOSPI,5.85
003030,106700.0,27236.0,29887.0,2906081200.0,3188942900.0,KOSPI,1.14
447770,13535.0,124549.0,124549.0,1685770715.0,1685770715.0,KOSPI,1.2
480260,53685.0,3103.0,3103.0,166584555.0,166584555.0,KOSPI,0.02
008060,13980.0,138508.0,176546.0,1936341840.0,2468113080.0,KOSPI,2.87
474220,15525.0,69849.0,69849.0,1084405725.0,1084405725.0,KOSPI,2.24
0219E0,7900.0,5135460.0,5135460.0,40570134000.0,40570134000.0,KOSPI,1.41
277630,66400.0,48852.0,48852.0,3243772800.0,3243772800.0,KOSPI,1.67
004690,118900.0,8658.0,10478.0,1029436200.0,1245834200.0,KOSPI,2.68
0016X0,51360.0,5709.0,5709.0,293214240.0,293214240.0,KOSPI,0.04
417310,10670.0,65279.0,65279.0,696526930.0,696526930.0,KOSPI,0.09
477050,53375.0,5041.0,5041.0,269063375.0,269063375.0,KOSPI,0.03
0163Y0,8260.0,1211975.0,1211975.0,10010913500.0,10010913500.0,KOSPI,5.76
003000,4285.0,460578.0,460578.0,1973576730.0,1973576730.0,KOSPI,6.72
019170,8040.0,69598.0,119662.0,559567920.0,962082480.0,KOSPI,3.47
0023A0,25905.0,233510.0,233510.0,6049076550.0,6049076550.0,KOSPI,6.5
161000,8560.0,138812.0,246999.0,1188230720.0,2114311440.0,KOSPI,4.65
004700,62600.0,1128.0,1263.0,70612800.0,79063800.0,KOSPI,-0.63
072710,89500.0,2952.0,6603.0,264204000.0,590968500.0,KOSPI,-0.11
451000,107230.0,8.0,8.0,857840.0,857840.0,KOSPI,-0.09
439870,87380.0,4406.0,4406.0,384996280.0,384996280.0,KOSPI,-0.42
357120,4220.0,82164.0,82164.0,346732080.0,346732080.0,KOSPI,3.43
148070,104810.0,30335.0,30335.0,3179411350.0,3179411350.0,KOSPI,0.09
014830,60200.0,7482.0,12352.0,450416400.0,743590400.0,KOSPI,2.21
004710,7660.0,1339012.0,1339012.0,10256831920.0,10256831920.0,KOSPI,10.69
091180,28285.0,114896.0,114896.0,3249833360.0,3249833360.0,KOSPI,0.21
001200,4180.0,467180.0,467180.0,1952812400.0,1952812400.0,KOSPI,3.47
0173Y0,11345.0,931619.0,931619.0,10569217555.0,10569217555.0,KOSPI,9.72
016590,10000.0,12623.0,17048.0,126230000.0,170480000.0,KOSPI,6.95
451060,32150.0,244770.0,244770.0,7869355500.0,7869355500.0,KOSPI,1.39
002810,21600.0,13049.0,16240.0,281858400.0,350784000.0,KOSPI,-2.92
241180,35015.0,65683.0,65683.0,2299890245.0,2299890245.0,KOSPI,0.03
001940,28100.0,27549.0,34432.0,774126900.0,967539200.0,KOSPI,2.0
003280,1653.0,3825020.0,3825020.0,6322758060.0,6322758060.0,KOSPI,5.69
426020,32805.0,78735.0,78735.0,2582901675.0,2582901675.0,KOSPI,1.25
0060H0,13040.0,488818.0,488818.0,6374186720.0,6374186720.0,KOSPI,0.38
458250,34320.0,70344.0,70344.0,2414206080.0,2414206080.0,KOSPI,-0.44
403550,10280.0,13618.0,21071.0,139993040.0,216609880.0,KOSPI,2.59
243880,282285.0,253238.0,253238.0,71485288830.0,71485288830.0,KOSPI,4.15
029530,39900.0,14606.0,15164.0,582779400.0,605043600.0,KOSPI,0.0
194370,13300.0,107405.0,171657.0,1428486500.0,2283038100.0,KOSPI,0.53
452260,1978.0,989727.0,989727.0,1957680006.0,1957680006.0,KOSPI,4.05
015360,14030.0,33020.0,36928.0,463270600.0,518099840.0,KOSPI,1.74
031430,10920.0,96789.0,131417.0,1056935880.0,1435073640.0,KOSPI,0.09
950210,6340.0,56923.0,56923.0,360891820.0,360891820.0,KOSPI,6.55
016610,8940.0,50605.0,66336.0,452408700.0,593043840.0,KOSPI,1.82
271940,10440.0,34052.0,45898.0,355502880.0,479175120.0,KOSPI,3.37
002030,183900.0,7667.0,8112.0,1409961300.0,1491796800.0,KOSPI,0.0
027410,3945.0,114726.0,114726.0,452594070.0,452594070.0,KOSPI,-0.13
469070,11340.0,728817.0,728817.0,8264784780.0,8264784780.0,KOSPI,6.18
462900,14215.0,2190231.0,2190231.0,31134133665.0,31134133665.0,KOSPI,9.94
488080,28760.0,3832939.0,3832939.0,110235325640.0,110235325640.0,KOSPI,3.29
105630,9230.0,45135.0,54298.0,416596050.0,501170540.0,KOSPI,2.56
0131V0,11170.0,118869.0,118869.0,1327766730.0,1327766730.0,KOSPI,5.23
453810,12390.0,128969.0,128969.0,1597925910.0,1597925910.0,KOSPI,-0.08
381970,7550.0,32114.0,62311.0,242460700.0,470448050.0,KOSPI,3.28
385720,23640.0,178346.0,178346.0,4216099440.0,4216099440.0,KOSPI,2.27
0040Y0,8100.0,945566.0,945566.0,7659084600.0,7659084600.0,KOSPI,4.25
0043Y0,20400.0,142481.0,142481.0,2906612400.0,2906612400.0,KOSPI,4.59
344820,22800.0,9852.0,13185.0,224625600.0,300618000.0,KOSPI,3.64
005420,9470.0,128838.0,173116.0,1220095860.0,1639408520.0,KOSPI,5.69
170900,37250.0,15425.0,20831.0,574581250.0,775954750.0,KOSPI,4.2
130660,11100.0,101573.0,101573.0,1127460300.0,1127460300.0,KOSPI,6.63
092230,85500.0,1689.0,2007.0,144409500.0,171598500.0,KOSPI,2.27
484880,21880.0,408761.0,408761.0,8943690680.0,8943690680.0,KOSPI,-0.18
0080G0,10530.0,3717497.0,3717497.0,39145243410.0,39145243410.0,KOSPI,11.08
306200,126500.0,12196.0,16262.0,1542794000.0,2057143000.0,KOSPI,-2.77
007690,38700.0,27220.0,38003.0,1053414000.0,1470716100.0,KOSPI,0.26
002990,9610.0,4964511.0,4964511.0,47708950710.0,47708950710.0,KOSPI,7.02
005950,13600.0,780919.0,780919.0,10620498400.0,10620498400.0,KOSPI,11.93
0144L0,9855.0,186106.0,186106.0,1834074630.0,1834074630.0,KOSPI,2.02
448300,22525.0,148925.0,148925.0,3354535625.0,3354535625.0,KOSPI,1.6
009900,6760.0,77352.0,118837.0,522899520.0,803338120.0,KOSPI,3.21
020000,16470.0,917257.0,1278044.0,15107222790.0,21049384680.0,KOSPI,-5.67
439860,113550.0,19.0,19.0,2157450.0,2157450.0,KOSPI,0.06
104700,9620.0,44394.0,54903.0,427070280.0,528166860.0,KOSPI,3.11
0167Z0,7715.0,873774.0,873774.0,6741166410.0,6741166410.0,KOSPI,8.74
060980,38450.0,18945.0,25116.0,728435250.0,965710200.0,KOSPI,2.81
126560,3185.0,115398.0,115398.0,367542630.0,367542630.0,KOSPI,0.0
496020,52310.0,1044.0,1044.0,54611640.0,54611640.0,KOSPI,-0.01
456880,12540.0,33245.0,33245.0,416892300.0,416892300.0,KOSPI,0.16
0046A0,9910.0,596816.0,596816.0,5914446560.0,5914446560.0,KOSPI,0.41
089590,4260.0,167392.0,167392.0,713089920.0,713089920.0,KOSPI,0.59
008730,13790.0,56258.0,78041.0,775797820.0,1076185390.0,KOSPI,3.3
017810,8960.0,12093.0,22072.0,108353280.0,197765120.0,KOSPI,2.05
011760,25800.0,14111.0,30834.0,364063800.0,795517200.0,KOSPI,1.78
006220,9010.0,101878.0,101878.0,917920780.0,917920780.0,KOSPI,0.78
145720,39350.0,15455.0,22319.0,608154250.0,878252650.0,KOSPI,2.21
385550,113835.0,2144.0,2144.0,244062240.0,244062240.0,KOSPI,0.02
0052D0,15270.0,87100.0,87100.0,1330017000.0,1330017000.0,KOSPI,1.39
017900,5820.0,1285848.0,1285848.0,7483635360.0,7483635360.0,KOSPI,7.18
472170,14150.0,182999.0,182999.0,2589435850.0,2589435850.0,KOSPI,1.25
005610,39000.0,3636.0,4273.0,141804000.0,166647000.0,KOSPI,-0.64
0120G0,44500.0,46811.0,72170.0,2083089500.0,3211565000.0,KOSPI,12.23
097520,18960.0,43629.0,67815.0,827205840.0,1285772400.0,KOSPI,3.95
310960,58670.0,89458.0,89458.0,5248500860.0,5248500860.0,KOSPI,1.22
760013,65470.0,119101.0,119101.0,7797542470.0,7797542470.0,KOSPI,4.14
002020,25350.0,86713.0,125273.0,2198174550.0,3175670550.0,KOSPI,5.63
183190,9090.0,24469.0,49443.0,222423210.0,449436870.0,KOSPI,2.25
0026S0,13230.0,211675.0,211675.0,2800460250.0,2800460250.0,KOSPI,1.38
471990,19855.0,1269233.0,1269233.0,25200621215.0,25200621215.0,KOSPI,4.83
132030,22830.0,83211.0,83211.0,1899707130.0,1899707130.0,KOSPI,-0.24
0052S0,11930.0,153307.0,153307.0,1828952510.0,1828952510.0,KOSPI,0.8
474590,39520.0,169676.0,169676.0,6705595520.0,6705595520.0,KOSPI,2.3
024720,9330.0,58082.0,80545.0,541905060.0,751484850.0,KOSPI,2.19
520054,159200.0,4923.0,4923.0,783741600.0,783741600.0,KOSPI,1.79
029460,28850.0,31820.0,41524.0,918007000.0,1197967400.0,KOSPI,2.3
011930,15650.0,205664.0,205664.0,3218641600.0,3218641600.0,KOSPI,6.68
442570,17700.0,178927.0,178927.0,3167007900.0,3167007900.0,KOSPI,1.17
126720,22150.0,24361.0,38800.0,539596150.0,859420000.0,KOSPI,4.98
448630,14735.0,140023.0,140023.0,2063238905.0,2063238905.0,KOSPI,1.13
279530,17020.0,210068.0,210068.0,3575357360.0,3575357360.0,KOSPI,0.98
485540,15665.0,380501.0,380501.0,5960548165.0,5960548165.0,KOSPI,3.16
091810,606.0,587727.0,587727.0,356162562.0,356162562.0,KOSPI,6.32
000157,345000.0,604.0,604.0,208380000.0,208380000.0,KOSPI,3.45
453870,12200.0,62743.0,62743.0,765464600.0,765464600.0,KOSPI,0.08
0182R0,9550.0,3916578.0,3916578.0,37403319900.0,37403319900.0,KOSPI,1.22
009290,6170.0,170887.0,170887.0,1054372790.0,1054372790.0,KOSPI,1.48
026890,7920.0,40744.0,62323.0,322692480.0,493598160.0,KOSPI,3.39
005720,5840.0,27170.0,27170.0,158672800.0,158672800.0,KOSPI,-0.85
200880,11330.0,36907.0,81220.0,418156310.0,920222600.0,KOSPI,3.47
009160,4645.0,82724.0,82724.0,384252980.0,384252980.0,KOSPI,1.75
0038A0,15770.0,121648.0,121648.0,1918388960.0,1918388960.0,KOSPI,2.74
018250,11430.0,11056.0,11056.0,126370080.0,126370080.0,KOSPI,1.24
0111P0,11070.0,149786.0,149786.0,1658131020.0,1658131020.0,KOSPI,1.05
270810,13235.0,414207.0,414207.0,5482029645.0,5482029645.0,KOSPI,6.78
108670,33350.0,42447.0,65596.0,1415607450.0,2187626600.0,KOSPI,3.73
217590,12410.0,903443.0,903443.0,11211727630.0,11211727630.0,KOSPI,18.64
105840,14800.0,164690.0,164690.0,2437412000.0,2437412000.0,KOSPI,9.63
006405,184500.0,5047.0,5047.0,931171500.0,931171500.0,KOSPI,6.22
002310,7560.0,71224.0,71224.0,538453440.0,538453440.0,KOSPI,3.42
016800,25900.0,118.0,133.0,3056200.0,3444700.0,KOSPI,2.17
441680,10940.0,100030.0,100030.0,1094328200.0,1094328200.0,KOSPI,1.02
317400,7670.0,1945721.0,1945721.0,14923680070.0,14923680070.0,KOSPI,14.99
476760,9230.0,456749.0,456749.0,4215793270.0,4215793270.0,KOSPI,0.0
001750,19600.0,7694.0,10332.0,150802400.0,202507200.0,KOSPI,1.29
0210A0,6550.0,5007124.0,5007124.0,32796662200.0,32796662200.0,KOSPI,1.95
433330,22595.0,64037.0,64037.0,1446916015.0,1446916015.0,KOSPI,1.32
092790,11250.0,174900.0,174900.0,1967625000.0,1967625000.0,KOSPI,5.24
192650,4435.0,174038.0,174038.0,771858530.0,771858530.0,KOSPI,4.23
02826K,199100.0,7194.0,7194.0,1432325400.0,1432325400.0,KOSPI,-0.7
481190,17310.0,267649.0,267649.0,4633004190.0,4633004190.0,KOSPI,2.46
015860,5900.0,84532.0,84532.0,498738800.0,498738800.0,KOSPI,4.8
037710,38150.0,57612.0,216924.0,2197897800.0,8275650600.0,KOSPI,0.39
385510,34585.0,213197.0,213197.0,7373418245.0,7373418245.0,KOSPI,7.94
012030,1444.0,499557.0,499557.0,721360308.0,721360308.0,KOSPI,2.05
473330,8300.0,250958.0,250958.0,2082951400.0,2082951400.0,KOSPI,0.3
475080,7815.0,190350.0,190350.0,1487585250.0,1487585250.0,KOSPI,1.36
454780,99565.0,19429.0,19429.0,1934448385.0,1934448385.0,KOSPI,-0.02
005430,91200.0,9304.0,9304.0,848524800.0,848524800.0,KOSPI,2.7
190620,101800.0,24380.0,24380.0,2481884000.0,2481884000.0,KOSPI,0.01
570022,57410.0,40.0,40.0,2296400.0,2296400.0,KOSPI,2.65
461490,14705.0,37330.0,37330.0,548937650.0,548937650.0,KOSPI,0.58
483320,24025.0,1335575.0,1335575.0,32087189375.0,32087189375.0,KOSPI,2.74
245710,29125.0,22361.0,22361.0,651264125.0,651264125.0,KOSPI,-0.6
033270,17880.0,27858.0,38165.0,498101040.0,682390200.0,KOSPI,0.85
489030,6395.0,354620.0,354620.0,2267794900.0,2267794900.0,KOSPI,1.99
078520,10920.0,194665.0,277901.0,2125741800.0,3034678920.0,KOSPI,2.15
034830,1123.0,293132.0,293132.0,329187236.0,329187236.0,KOSPI,1.54
364970,7095.0,1267413.0,1267413.0,8992295235.0,8992295235.0,KOSPI,5.27
123890,2300.0,124547.0,124547.0,286458100.0,286458100.0,KOSPI,0.88
010820,5760.0,659175.0,659175.0,3796848000.0,3796848000.0,KOSPI,7.87
096760,3800.0,33405.0,33405.0,126939000.0,126939000.0,KOSPI,1.74
001390,4170.0,136866.0,136866.0,570731220.0,570731220.0,KOSPI,2.96
003960,30550.0,2641.0,3948.0,80682550.0,120611400.0,KOSPI,0.99
025860,5620.0,198388.0,198388.0,1114940560.0,1114940560.0,KOSPI,4.27
084010,8100.0,25481.0,36785.0,206396100.0,297958500.0,KOSPI,2.14
273140,114700.0,1885.0,1885.0,216209500.0,216209500.0,KOSPI,0.01
286940,18340.0,17180.0,26057.0,315081200.0,477885380.0,KOSPI,3.03
244920,12270.0,29535.0,29535.0,362394450.0,362394450.0,KOSPI,-1.05
084690,7650.0,27042.0,34474.0,206871300.0,263726100.0,KOSPI,1.06
272450,5300.0,53730.0,53730.0,284769000.0,284769000.0,KOSPI,0.57
0094K0,99470.0,2660.0,2660.0,264590200.0,264590200.0,KOSPI,0.06
004430,11500.0,157543.0,157543.0,1811744500.0,1811744500.0,KOSPI,2.68
0053L0,10480.0,406253.0,406253.0,4257531440.0,4257531440.0,KOSPI,0.67
0008S0,10245.0,275552.0,275552.0,2823030240.0,2823030240.0,KOSPI,0.34
010690,7780.0,385361.0,385361.0,2998108580.0,2998108580.0,KOSPI,4.85
530134,2990.0,730371.0,730371.0,2183809290.0,2183809290.0,KOSPI,-2.45
058430,4480.0,353184.0,353184.0,1582264320.0,1582264320.0,KOSPI,5.04
017390,54200.0,4916.0,6837.0,266447200.0,370565400.0,KOSPI,1.31
003120,20100.0,4898.0,6189.0,98449800.0,124398900.0,KOSPI,-0.5
005680,13320.0,29461.0,29461.0,392420520.0,392420520.0,KOSPI,2.07
001230,1712.0,561670.0,561670.0,961579040.0,961579040.0,KOSPI,1.06
471040,28935.0,60387.0,60387.0,1747297845.0,1747297845.0,KOSPI,2.39
136340,104230.0,171.0,171.0,17823330.0,17823330.0,KOSPI,0.05
307520,20580.0,928933.0,928933.0,19117441140.0,19117441140.0,KOSPI,4.18
283580,15755.0,112014.0,112014.0,1764780570.0,1764780570.0,KOSPI,1.65
483340,22985.0,186421.0,186421.0,4284886685.0,4284886685.0,KOSPI,3.47
007160,52000.0,30248.0,53566.0,1572896000.0,2785432000.0,KOSPI,7.33
003920,43250.0,1384.0,2016.0,59858000.0,87192000.0,KOSPI,-0.69
478150,21435.0,14836.0,14836.0,318009660.0,318009660.0,KOSPI,2.14
497880,50045.0,115918.0,115918.0,5801116310.0,5801116310.0,KOSPI,0.01
008490,22300.0,57005.0,87577.0,1271211500.0,1952967100.0,KOSPI,6.95
002900,6210.0,230888.0,230888.0,1433814480.0,1433814480.0,KOSPI,1.8
404990,4120.0,127537.0,127537.0,525452440.0,525452440.0,KOSPI,4.7
139230,12780.0,97718.0,97718.0,1248836040.0,1248836040.0,KOSPI,5.32
423170,55135.0,82139.0,82139.0,4528733765.0,4528733765.0,KOSPI,0.62
421320,27005.0,144488.0,144488.0,3901898440.0,3901898440.0,KOSPI,11.29
409820,19320.0,136864.0,136864.0,2644212480.0,2644212480.0,KOSPI,3.07
493810,11960.0,125747.0,125747.0,1503934120.0,1503934120.0,KOSPI,2.35
196230,116705.0,3084.0,3084.0,359918220.0,359918220.0,KOSPI,0.0
298690,1526.0,115377.0,115377.0,176065302.0,176065302.0,KOSPI,0.07
0098F0,14190.0,1017189.0,1017189.0,14433911910.0,14433911910.0,KOSPI,7.83
486450,20865.0,15950.0,15950.0,332796750.0,332796750.0,KOSPI,4.09
010955,61700.0,7832.0,7832.0,483234400.0,483234400.0,KOSPI,4.05
475300,18415.0,1830682.0,1830682.0,33712009030.0,33712009030.0,KOSPI,3.54
004360,12900.0,18206.0,29850.0,234857400.0,385065000.0,KOSPI,0.08
122900,7290.0,43416.0,43416.0,316502640.0,316502640.0,KOSPI,0.41
003650,139200.0,1385.0,1385.0,192792000.0,192792000.0,KOSPI,-1.76
298000,63700.0,84689.0,84689.0,5394689300.0,5394689300.0,KOSPI,-2.75
228790,3920.0,4491695.0,4491695.0,17607444400.0,17607444400.0,KOSPI,5.38
123320,96150.0,287299.0,287299.0,27623798850.0,27623798850.0,KOSPI,2.48
495230,28930.0,62575.0,62575.0,1810294750.0,1810294750.0,KOSPI,0.94
458260,46375.0,10989.0,10989.0,509614875.0,509614875.0,KOSPI,0.06
005500,17850.0,29856.0,51735.0,532929600.0,923469750.0,KOSPI,1.13
472160,18770.0,221404.0,221404.0,4155753080.0,4155753080.0,KOSPI,2.21
002710,9050.0,73521.0,121731.0,665365050.0,1101665550.0,KOSPI,2.72
471780,31685.0,208969.0,208969.0,6621182765.0,6621182765.0,KOSPI,2.08
900140,1223.0,460068.0,460068.0,562663164.0,562663164.0,KOSPI,0.49
0162Y0,6895.0,1395900.0,1395900.0,9624730500.0,9624730500.0,KOSPI,7.73
002320,15200.0,30207.0,35247.0,459146400.0,535754400.0,KOSPI,1.88
003200,10270.0,31626.0,37879.0,324799020.0,389017330.0,KOSPI,1.18
363570,86595.0,778.0,778.0,67370910.0,67370910.0,KOSPI,0.0
213610,20835.0,32178.0,32178.0,670428630.0,670428630.0,KOSPI,1.39
261260,4965.0,495394.0,495394.0,2459631210.0,2459631210.0,KOSPI,-0.2
437080,97045.0,1438.0,1438.0,139550710.0,139550710.0,KOSPI,0.05
329650,14245.0,25771.0,25771.0,367107895.0,367107895.0,KOSPI,-0.04
028100,17540.0,14890.0,14890.0,261170600.0,261170600.0,KOSPI,0.92
157500,12885.0,374814.0,374814.0,4829478390.0,4829478390.0,KOSPI,1.86
334890,3365.0,50448.0,50448.0,169757520.0,169757520.0,KOSPI,0.75
003720,6870.0,265864.0,265864.0,1826485680.0,1826485680.0,KOSPI,7.68
488980,51990.0,3.0,3.0,155970.0,155970.0,KOSPI,0.01
000050,8500.0,50875.0,50875.0,432437500.0,432437500.0,KOSPI,2.91
001790,2700.0,282078.0,282078.0,761610600.0,761610600.0,KOSPI,1.12
136490,9790.0,55332.0,55332.0,541700280.0,541700280.0,KOSPI,3.6
044450,10050.0,24112.0,24112.0,242325600.0,242325600.0,KOSPI,3.93
091170,15720.0,642187.0,642187.0,10095179640.0,10095179640.0,KOSPI,-0.19
442320,35950.0,6954.0,6954.0,249996300.0,249996300.0,KOSPI,4.35
448540,26270.0,26837.0,26837.0,705007990.0,705007990.0,KOSPI,0.9
305080,12745.0,117408.0,117408.0,1496364960.0,1496364960.0,KOSPI,0.28
051905,108700.0,8500.0,8500.0,923950000.0,923950000.0,KOSPI,2.84
498270,15200.0,47747.0,47747.0,725754400.0,725754400.0,KOSPI,3.93
0030R0,3800.0,19604.0,19604.0,74495200.0,74495200.0,KOSPI,4.68
0183V0,11365.0,995548.0,995548.0,11314403020.0,11314403020.0,KOSPI,0.22
388420,24470.0,372636.0,372636.0,9118402920.0,9118402920.0,KOSPI,2.04
000680,2850.0,46144.0,46144.0,131510400.0,131510400.0,KOSPI,1.79
000430,3615.0,56109.0,56109.0,202834035.0,202834035.0,KOSPI,1.54
0092C0,50135.0,119.0,119.0,5966065.0,5966065.0,KOSPI,0.02
0182S0,11885.0,444766.0,444766.0,5286043910.0,5286043910.0,KOSPI,0.46
134380,10110.0,2192.0,2192.0,22161120.0,22161120.0,KOSPI,-0.2
003070,8700.0,6670.0,6670.0,58029000.0,58029000.0,KOSPI,2.35
363580,50015.0,391619.0,391619.0,19586824285.0,19586824285.0,KOSPI,2.18
414780,14070.0,146872.0,146872.0,2066489040.0,2066489040.0,KOSPI,3.84
001460,35000.0,8127.0,9572.0,284445000.0,335020000.0,KOSPI,7.03
244580,8475.0,1240441.0,1240441.0,10512737475.0,10512737475.0,KOSPI,9.5
001340,4840.0,121316.0,121316.0,587169440.0,587169440.0,KOSPI,4.99
003520,1190.0,227366.0,227366.0,270565540.0,270565540.0,KOSPI,2.85
001250,2635.0,888284.0,888284.0,2340628340.0,2340628340.0,KOSPI,6.68
463050,12910.0,557169.0,557169.0,7193051790.0,7193051790.0,KOSPI,9.41
009680,9970.0,23789.0,30970.0,237176330.0,308770900.0,KOSPI,0.71
000480,4615.0,39851.0,39851.0,183912365.0,183912365.0,KOSPI,0.0
490090,16390.0,261230.0,261230.0,4281559700.0,4281559700.0,KOSPI,2.09
0151S0,15260.0,602936.0,602936.0,9200803360.0,9200803360.0,KOSPI,2.38
025000,49000.0,1479.0,1479.0,72471000.0,72471000.0,KOSPI,0.41
452360,13195.0,179651.0,179651.0,2370494945.0,2370494945.0,KOSPI,0.34
033920,7500.0,29954.0,29954.0,224655000.0,224655000.0,KOSPI,0.27
466930,24980.0,372925.0,372925.0,9315666500.0,9315666500.0,KOSPI,-0.56
0047A0,13445.0,96941.0,96941.0,1303371745.0,1303371745.0,KOSPI,2.95
037270,3345.0,301245.0,301245.0,1007664525.0,1007664525.0,KOSPI,5.69
0089D0,13135.0,156233.0,156233.0,2052120455.0,2052120455.0,KOSPI,0.31
030210,3460.0,57609.0,57609.0,199327140.0,199327140.0,KOSPI,0.29
034120,11240.0,7203.0,11396.0,80961720.0,128091040.0,KOSPI,0.63
226320,9460.0,26154.0,36727.0,247416840.0,347437420.0,KOSPI,2.16
433500,50330.0,85549.0,85549.0,4305681170.0,4305681170.0,KOSPI,8.56
000540,3210.0,14621.0,14621.0,46933410.0,46933410.0,KOSPI,1.58
000320,15500.0,8783.0,15675.0,136136500.0,242962500.0,KOSPI,1.04
530145,12105.0,77524.0,77524.0,938428020.0,938428020.0,KOSPI,1.04
000650,143300.0,4261.0,4261.0,610601300.0,610601300.0,KOSPI,4.22
432320,1355.0,303949.0,303949.0,411850895.0,411850895.0,KOSPI,3.91
092200,5250.0,834614.0,834614.0,4381723500.0,4381723500.0,KOSPI,14.63
520094,102025.0,17.0,17.0,1734425.0,1734425.0,KOSPI,0.0
0104N0,19650.0,150267.0,150267.0,2952746550.0,2952746550.0,KOSPI,1.84
044820,21050.0,20684.0,20684.0,435398200.0,435398200.0,KOSPI,5.51
0204D0,6385.0,1147583.0,1147583.0,7327317455.0,7327317455.0,KOSPI,-0.31
0115D0,7885.0,2740724.0,2740724.0,21610608740.0,21610608740.0,KOSPI,3.41
053690,18350.0,471170.0,471170.0,8645969500.0,8645969500.0,KOSPI,16.51
475560,13560.0,3815.0,9903.0,51731400.0,134284680.0,KOSPI,3.2
302450,65805.0,6604.0,6604.0,434576220.0,434576220.0,KOSPI,1.39
495060,27300.0,135264.0,135264.0,3692707200.0,3692707200.0,KOSPI,2.23
005010,3560.0,239074.0,239074.0,851103440.0,851103440.0,KOSPI,4.4
017860,11240.0,103126.0,103126.0,1159136240.0,1159136240.0,KOSPI,4.56
035150,10030.0,9033.0,10855.0,90600990.0,108875650.0,KOSPI,1.01
241590,3260.0,28170.0,28170.0,91834200.0,91834200.0,KOSPI,3.16
266160,31050.0,30349.0,30349.0,942336450.0,942336450.0,KOSPI,0.21
0119H0,9910.0,1124.0,1124.0,11138840.0,11138840.0,KOSPI,0.05
302190,50180.0,1248.0,1248.0,62624640.0,62624640.0,KOSPI,0.13
013890,8970.0,16266.0,33679.0,145906020.0,302100630.0,KOSPI,3.46
394670,11090.0,41411.0,41411.0,459247990.0,459247990.0,KOSPI,1.37
001630,39150.0,3037.0,3751.0,118898550.0,146851650.0,KOSPI,1.95
003555,65100.0,6445.0,6445.0,419569500.0,419569500.0,KOSPI,1.09
0005A0,9815.0,226776.0,226776.0,2225806440.0,2225806440.0,KOSPI,1.03
463290,108990.0,8467.0,8467.0,922818330.0,922818330.0,KOSPI,0.01
053210,4105.0,33696.0,33696.0,138322080.0,138322080.0,KOSPI,1.36
001130,11430.0,21933.0,25395.0,250694190.0,290264850.0,KOSPI,1.42
039570,7430.0,13812.0,13812.0,102623160.0,102623160.0,KOSPI,0.68
003350,8510.0,90616.0,90616.0,771142160.0,771142160.0,KOSPI,5.98
491610,104605.0,14720.0,14720.0,1539785600.0,1539785600.0,KOSPI,0.0
332930,131880.0,1426.0,1426.0,188060880.0,188060880.0,KOSPI,1.4
000490,6620.0,70798.0,70798.0,468682760.0,468682760.0,KOSPI,2.16
0091C0,9605.0,63573.0,63573.0,610618665.0,610618665.0,KOSPI,-0.05
004980,7750.0,58634.0,136131.0,454413500.0,1055015250.0,KOSPI,2.79
429000,13955.0,88854.0,88854.0,1239957570.0,1239957570.0,KOSPI,0.76
014710,10980.0,40895.0,40895.0,449027100.0,449027100.0,KOSPI,3.88
011500,12090.0,61885.0,61885.0,748189650.0,748189650.0,KOSPI,5.13
100250,2950.0,53711.0,53711.0,158447450.0,158447450.0,KOSPI,1.9
000140,8120.0,3207.0,3207.0,26040840.0,26040840.0,KOSPI,0.5
095570,4160.0,303909.0,303909.0,1264261440.0,1264261440.0,KOSPI,-0.12
128820,4135.0,102686.0,102686.0,424606610.0,424606610.0,KOSPI,4.42
0069M0,13735.0,163000.0,163000.0,2238805000.0,2238805000.0,KOSPI,1.78
433980,16100.0,64175.0,64175.0,1033217500.0,1033217500.0,KOSPI,0.88
422420,5855.0,144218.0,144218.0,844396390.0,844396390.0,KOSPI,6.75
016580,10020.0,53559.0,53559.0,536661180.0,536661180.0,KOSPI,0.6
495550,31245.0,24083.0,24083.0,752473335.0,752473335.0,KOSPI,1.81
117580,6750.0,45575.0,45575.0,307631250.0,307631250.0,KOSPI,1.96
339770,3710.0,39925.0,39925.0,148121750.0,148121750.0,KOSPI,1.23
102460,9950.0,33260.0,33260.0,330937000.0,330937000.0,KOSPI,0.81
088260,2915.0,119222.0,119222.0,347532130.0,347532130.0,KOSPI,-1.02
03473K,326000.0,1181.0,1181.0,385006000.0,385006000.0,KOSPI,0.46
033530,6620.0,73784.0,73784.0,488450080.0,488450080.0,KOSPI,3.12
007860,7840.0,17596.0,17596.0,137952640.0,137952640.0,KOSPI,4.39
102260,3625.0,75196.0,75196.0,272585500.0,272585500.0,KOSPI,3.87
0082V0,11440.0,100818.0,100818.0,1153357920.0,1153357920.0,KOSPI,1.15
003547,19000.0,8080.0,8080.0,153520000.0,153520000.0,KOSPI,0.74
377190,2060.0,123679.0,123679.0,254778740.0,254778740.0,KOSPI,0.49
035510,13000.0,46280.0,46280.0,601640000.0,601640000.0,KOSPI,4.42
480040,15495.0,187126.0,187126.0,2899517370.0,2899517370.0,KOSPI,-0.23
500029,18125.0,13476.0,13476.0,244252500.0,244252500.0,KOSPI,2.49
473460,23035.0,63194.0,63194.0,1455673790.0,1455673790.0,KOSPI,3.6
200250,22725.0,19007.0,19007.0,431934075.0,431934075.0,KOSPI,0.02
004310,5600.0,820012.0,820012.0,4592067200.0,4592067200.0,KOSPI,3.51
002100,9150.0,34250.0,34250.0,313387500.0,313387500.0,KOSPI,0.44
0040X0,9180.0,315639.0,315639.0,2897566020.0,2897566020.0,KOSPI,5.03
458210,110345.0,313.0,313.0,34537985.0,34537985.0,KOSPI,0.02
117700,6230.0,2363150.0,2363150.0,14722424500.0,14722424500.0,KOSPI,8.63
234080,11170.0,42659.0,42659.0,476501030.0,476501030.0,KOSPI,0.0
213500,7380.0,93242.0,93242.0,688125960.0,688125960.0,KOSPI,2.22
267770,73130.0,97753.0,97753.0,7148676890.0,7148676890.0,KOSPI,0.24
122090,75745.0,62168.0,62168.0,4708915160.0,4708915160.0,KOSPI,0.97
472870,7205.0,114319.0,114319.0,823668395.0,823668395.0,KOSPI,-0.62
006805,12400.0,21703.0,21703.0,269117200.0,269117200.0,KOSPI,2.14
025560,6840.0,329488.0,329488.0,2253697920.0,2253697920.0,KOSPI,1.94
003610,5420.0,109044.0,109044.0,591018480.0,591018480.0,KOSPI,2.46
016450,4345.0,6754.0,6754.0,29346130.0,29346130.0,KOSPI,0.23
483290,10570.0,169606.0,169606.0,1792735420.0,1792735420.0,KOSPI,0.33
160580,16755.0,60729.0,60729.0,1017514395.0,1017514395.0,KOSPI,1.27
003220,7690.0,26764.0,47886.0,205815160.0,368243340.0,KOSPI,2.81
004380,8320.0,28926.0,28926.0,240664320.0,240664320.0,KOSPI,2.59
013580,19270.0,49053.0,49053.0,945251310.0,945251310.0,KOSPI,5.65
003460,3035.0,53010.0,53010.0,160885350.0,160885350.0,KOSPI,0.33
004560,11320.0,76856.0,76856.0,870009920.0,870009920.0,KOSPI,3.47
002150,5040.0,38763.0,38763.0,195365520.0,195365520.0,KOSPI,1.82
233160,7020.0,3335133.0,3335133.0,23412633660.0,23412633660.0,KOSPI,13.68
0051G0,13560.0,33943.0,33943.0,460267080.0,460267080.0,KOSPI,3.47
010580,1500.0,26677.0,26677.0,40015500.0,40015500.0,KOSPI,2.6
002210,1724.0,337261.0,337261.0,581437964.0,581437964.0,KOSPI,-0.29
097955,125400.0,2114.0,2114.0,265095600.0,265095600.0,KOSPI,0.8
000700,6380.0,57621.0,57621.0,367621980.0,367621980.0,KOSPI,1.27
462520,13950.0,5583.0,5583.0,77882850.0,77882850.0,KOSPI,1.38
480020,11355.0,322917.0,322917.0,3666722535.0,3666722535.0,KOSPI,1.98
500099,16460.0,75.0,75.0,1234500.0,1234500.0,KOSPI,1.92
0094M0,17375.0,250994.0,250994.0,4361020750.0,4361020750.0,KOSPI,1.49
0099L0,99490.0,19175.0,19175.0,1907720750.0,1907720750.0,KOSPI,0.07
000390,6010.0,97828.0,97828.0,587946280.0,587946280.0,KOSPI,3.09
016880,2045.0,247043.0,247043.0,505202935.0,505202935.0,KOSPI,8.09
001080,3930.0,12722.0,12722.0,49997460.0,49997460.0,KOSPI,1.29
237370,15640.0,34252.0,34252.0,535701280.0,535701280.0,KOSPI,0.48
002170,54200.0,3278.0,3278.0,177667600.0,177667600.0,KOSPI,0.18
400760,2955.0,61593.0,61593.0,182007315.0,182007315.0,KOSPI,0.0
101530,5570.0,35174.0,35174.0,195919180.0,195919180.0,KOSPI,0.36
332500,67505.0,62121.0,62121.0,4193478105.0,4193478105.0,KOSPI,1.41
487570,43400.0,8105.0,8105.0,351757000.0,351757000.0,KOSPI,1.4
001780,1668.0,432889.0,432889.0,722058852.0,722058852.0,KOSPI,5.7
007570,8460.0,15300.0,15300.0,129438000.0,129438000.0,KOSPI,0.36
530104,160240.0,2803.0,2803.0,449152720.0,449152720.0,KOSPI,1.71
500069,159895.0,77.0,77.0,12311915.0,12311915.0,KOSPI,2.74
480030,10515.0,118812.0,118812.0,1249308180.0,1249308180.0,KOSPI,0.86
000860,12290.0,2420.0,2420.0,29741800.0,29741800.0,KOSPI,1.57
0093A0,28435.0,233318.0,233318.0,6634397330.0,6634397330.0,KOSPI,2.6
476450,52635.0,188.0,188.0,9895380.0,9895380.0,KOSPI,0.01
490600,9415.0,208487.0,208487.0,1962905105.0,1962905105.0,KOSPI,0.75
530136,15795.0,107793.0,107793.0,1702590435.0,1702590435.0,KOSPI,-0.88
272560,114655.0,2661.0,2661.0,305096955.0,305096955.0,KOSPI,0.01
293480,8880.0,34043.0,34043.0,302301840.0,302301840.0,KOSPI,2.42
403790,53940.0,11455.0,11455.0,617882700.0,617882700.0,KOSPI,2.21
494220,42620.0,206787.0,206787.0,8813261940.0,8813261940.0,KOSPI,3.85
0048K0,9210.0,673719.0,673719.0,6204951990.0,6204951990.0,KOSPI,2.11
337160,44475.0,33469.0,33469.0,1488533775.0,1488533775.0,KOSPI,1.23
015230,5730.0,20018.0,20018.0,114703140.0,114703140.0,KOSPI,2.69
494330,31085.0,65833.0,65833.0,2046418805.0,2046418805.0,KOSPI,3.02
460850,5180.0,40462.0,40462.0,209593160.0,209593160.0,KOSPI,2.57
570051,30960.0,20.0,20.0,619200.0,619200.0,KOSPI,0.75
0190G0,7895.0,480278.0,480278.0,3791794810.0,3791794810.0,KOSPI,2.73
219480,32875.0,5945.0,5945.0,195441875.0,195441875.0,KOSPI,1.15
0005G0,44290.0,41886.0,41886.0,1855130940.0,1855130940.0,KOSPI,2.27
001045,67600.0,4904.0,4904.0,331510400.0,331510400.0,KOSPI,-1.17
090350,7630.0,24633.0,24633.0,187949790.0,187949790.0,KOSPI,1.6
0104H0,12060.0,52053.0,52053.0,627759180.0,627759180.0,KOSPI,0.92
0127M0,12495.0,82097.0,82097.0,1025802015.0,1025802015.0,KOSPI,0.44
009470,22850.0,46588.0,46588.0,1064535800.0,1064535800.0,KOSPI,5.54
005960,6580.0,50432.0,50432.0,331842560.0,331842560.0,KOSPI,6.99
071840,6390.0,17264.0,17264.0,110316960.0,110316960.0,KOSPI,2.57
003830,113300.0,31.0,31.0,3512300.0,3512300.0,KOSPI,0.27
00279K,21150.0,2318.0,2318.0,49025700.0,49025700.0,KOSPI,2.17
271980,10170.0,18566.0,18566.0,188816220.0,188816220.0,KOSPI,4.95
245340,37200.0,47542.0,47542.0,1768562400.0,1768562400.0,KOSPI,1.31
011785,49400.0,2674.0,2674.0,132095600.0,132095600.0,KOSPI,1.23
143860,37300.0,23236.0,23236.0,866702800.0,866702800.0,KOSPI,5.83
000970,6540.0,14238.0,14238.0,93116520.0,93116520.0,KOSPI,0.0
0180V0,7800.0,382823.0,382823.0,2986019400.0,2986019400.0,KOSPI,7.96
004970,9290.0,27737.0,27737.0,257676730.0,257676730.0,KOSPI,0.0
0153K0,11980.0,83790.0,83790.0,1003804200.0,1003804200.0,KOSPI,1.1
491820,39770.0,170574.0,170574.0,6783727980.0,6783727980.0,KOSPI,6.35
0064K0,12165.0,101088.0,101088.0,1229735520.0,1229735520.0,KOSPI,0.16
000520,6720.0,69351.0,69351.0,466038720.0,466038720.0,KOSPI,4.02
451530,35220.0,31272.0,31272.0,1101399840.0,1101399840.0,KOSPI,-0.58
461950,4370.0,732307.0,732307.0,3200181590.0,3200181590.0,KOSPI,5.05
0197X0,9325.0,27354586.0,27354586.0,255081514450.0,255081514450.0,KOSPI,-2.0
0151P0,13655.0,597759.0,597759.0,8162399145.0,8162399145.0,KOSPI,2.52
003480,4765.0,17343.0,17343.0,82639395.0,82639395.0,KOSPI,2.14
094280,12100.0,5712.0,5712.0,69115200.0,69115200.0,KOSPI,0.83
354500,13440.0,388266.0,388266.0,5218295040.0,5218295040.0,KOSPI,6.71
006060,2525.0,33913.0,33913.0,85630325.0,85630325.0,KOSPI,2.43
0041E0,16610.0,82475.0,82475.0,1369909750.0,1369909750.0,KOSPI,1.96
271050,2130.0,1005589.0,1005589.0,2141904570.0,2141904570.0,KOSPI,-2.07
272550,9240.0,17630.0,17630.0,162901200.0,162901200.0,KOSPI,4.29
025820,4135.0,379379.0,379379.0,1568732165.0,1568732165.0,KOSPI,6.57
192090,12860.0,44805.0,44805.0,576192300.0,576192300.0,KOSPI,1.7
304660,7235.0,104883.0,104883.0,758828505.0,758828505.0,KOSPI,-0.07
000020,4915.0,122284.0,122284.0,601025860.0,601025860.0,KOSPI,3.26
481180,15930.0,254407.0,254407.0,4052703510.0,4052703510.0,KOSPI,5.6
152870,101385.0,13759.0,13759.0,1394956215.0,1394956215.0,KOSPI,1.3
570050,27355.0,22.0,22.0,601810.0,601810.0,KOSPI,0.72
486830,53145.0,7464.0,7464.0,396674280.0,396674280.0,KOSPI,0.01
008350,1051.0,975469.0,975469.0,1025217919.0,1025217919.0,KOSPI,5.84
004090,10680.0,148753.0,148753.0,1588682040.0,1588682040.0,KOSPI,4.71
138520,33380.0,90751.0,90751.0,3029268380.0,3029268380.0,KOSPI,1.34
015890,4625.0,44003.0,44003.0,203513875.0,203513875.0,KOSPI,0.54
412570,972.0,5777071.0,5777071.0,5615313012.0,5615313012.0,KOSPI,11.09
182480,14145.0,34392.0,34392.0,486474840.0,486474840.0,KOSPI,0.11
550092,133260.0,58.0,58.0,7729080.0,7729080.0,KOSPI,26.24
089470,4150.0,666324.0,666324.0,2765244600.0,2765244600.0,KOSPI,11.26
004150,3215.0,65634.0,65634.0,211013310.0,211013310.0,KOSPI,2.23
411420,27180.0,14658.0,14658.0,398404440.0,398404440.0,KOSPI,2.78
020120,3555.0,86802.0,86802.0,308581110.0,308581110.0,KOSPI,3.04
372330,7605.0,30644.0,30644.0,233047620.0,233047620.0,KOSPI,0.8
476030,17395.0,42102.0,42102.0,732364290.0,732364290.0,KOSPI,1.75
018470,1037.0,642822.0,642822.0,666606414.0,666606414.0,KOSPI,2.37
004080,14050.0,2168.0,2168.0,30460400.0,30460400.0,KOSPI,0.0
495330,30330.0,9076.0,9076.0,275275080.0,275275080.0,KOSPI,1.64
488720,48630.0,342.0,342.0,16631460.0,16631460.0,KOSPI,-0.08
0123G0,6750.0,66057.0,66057.0,445884750.0,445884750.0,KOSPI,3.37
037560,1681.0,420854.0,420854.0,707455574.0,707455574.0,KOSPI,6.12
520066,21680.0,18415.0,18415.0,399237200.0,399237200.0,KOSPI,0.28
013520,2590.0,116864.0,116864.0,302677760.0,302677760.0,KOSPI,0.19
0176E0,10545.0,21472.0,21472.0,226422240.0,226422240.0,KOSPI,3.84
0181B0,9880.0,479830.0,479830.0,4740720400.0,4740720400.0,KOSPI,0.82
500037,64035.0,422.0,422.0,27022770.0,27022770.0,KOSPI,0.57
002390,9290.0,12020.0,12020.0,111665800.0,111665800.0,KOSPI,2.65
0168K0,6355.0,2419989.0,2419989.0,15379030095.0,15379030095.0,KOSPI,10.81
214420,5270.0,71040.0,71040.0,374380800.0,374380800.0,KOSPI,5.19
007540,44050.0,5074.0,5074.0,223509700.0,223509700.0,KOSPI,1.73
448100,103240.0,39365.0,39365.0,4064042600.0,4064042600.0,KOSPI,1.24
0131W0,101895.0,11.0,11.0,1120845.0,1120845.0,KOSPI,0.0
024090,11020.0,2238.0,2238.0,24662760.0,24662760.0,KOSPI,0.46
214390,5230.0,29192.0,29192.0,152674160.0,152674160.0,KOSPI,2.15
520098,20805.0,56578.0,56578.0,1177105290.0,1177105290.0,KOSPI,3.43
001360,1320.0,491514.0,491514.0,648798480.0,648798480.0,KOSPI,6.02
530107,2070.0,28921968.0,28921968.0,59868473760.0,59868473760.0,KOSPI,-13.57
0005D0,12780.0,644378.0,644378.0,8235150840.0,8235150840.0,KOSPI,8.21
114820,105135.0,10369.0,10369.0,1090144815.0,1090144815.0,KOSPI,0.06
0000Y0,101610.0,11.0,11.0,1117710.0,1117710.0,KOSPI,0.01
012610,2950.0,155440.0,155440.0,458548000.0,458548000.0,KOSPI,3.87
464310,14690.0,21868.0,21868.0,321240920.0,321240920.0,KOSPI,2.8
107590,52800.0,196.0,196.0,10348800.0,10348800.0,KOSPI,-0.38
760007,30595.0,14123.0,14123.0,432093185.0,432093185.0,KOSPI,-1.08
081000,8590.0,21406.0,21406.0,183877540.0,183877540.0,KOSPI,2.87
005800,13480.0,4730.0,4730.0,63760400.0,63760400.0,KOSPI,-0.66
0074K0,15650.0,58101.0,58101.0,909280650.0,909280650.0,KOSPI,4.65
464930,21640.0,5232.0,5232.0,113220480.0,113220480.0,KOSPI,1.05
350520,3285.0,6859.0,6859.0,22531815.0,22531815.0,KOSPI,0.0
399110,21585.0,13720.0,13720.0,296146200.0,296146200.0,KOSPI,1.5
210540,10900.0,21386.0,21386.0,233107400.0,233107400.0,KOSPI,2.64
447620,16240.0,168790.0,168790.0,2741149600.0,2741149600.0,KOSPI,1.34
004960,10340.0,24040.0,24040.0,248573600.0,248573600.0,KOSPI,5.94
457990,33200.0,403767.0,403767.0,13405064400.0,13405064400.0,KOSPI,8.64
267290,20250.0,5550.0,5550.0,112387500.0,112387500.0,KOSPI,1.76
011690,3250.0,99766.0,99766.0,324239500.0,324239500.0,KOSPI,3.83
325010,39755.0,25331.0,25331.0,1007033905.0,1007033905.0,KOSPI,3.06
463680,22465.0,258503.0,258503.0,5807269895.0,5807269895.0,KOSPI,2.44
0080Y0,9270.0,414589.0,414589.0,3843240030.0,3843240030.0,KOSPI,7.29
009270,1033.0,232030.0,232030.0,239686990.0,239686990.0,KOSPI,2.28
014280,4040.0,26934.0,26934.0,108813360.0,108813360.0,KOSPI,0.75
139220,6950.0,732030.0,732030.0,5087608500.0,5087608500.0,KOSPI,4.83
083420,4930.0,95495.0,95495.0,470790350.0,470790350.0,KOSPI,7.29
550089,117825.0,157.0,157.0,18498525.0,18498525.0,KOSPI,2.73
309230,31595.0,7648.0,7648.0,241638560.0,241638560.0,KOSPI,1.46
011280,1652.0,18924.0,18924.0,31262448.0,31262448.0,KOSPI,0.73
251340,2580.0,81138464.0,81138464.0,209337237120.0,209337237120.0,KOSPI,-6.86
008970,1126.0,482666.0,482666.0,543481916.0,543481916.0,KOSPI,4.94
0199C0,8970.0,436651.0,436651.0,3916759470.0,3916759470.0,KOSPI,0.96
009070,3880.0,144172.0,144172.0,559387360.0,559387360.0,KOSPI,0.52
079430,5780.0,55607.0,55607.0,321408460.0,321408460.0,KOSPI,3.4
488500,13060.0,55171.0,55171.0,720533260.0,720533260.0,KOSPI,1.16
0036R0,19860.0,24081.0,24081.0,478248660.0,478248660.0,KOSPI,2.4
078000,12530.0,1986.0,1986.0,24884580.0,24884580.0,KOSPI,0.72
002460,11400.0,30307.0,30307.0,345499800.0,345499800.0,KOSPI,1.79
570106,46220.0,208.0,208.0,9613760.0,9613760.0,KOSPI,-2.59
001520,1074.0,217165.0,217165.0,233235210.0,233235210.0,KOSPI,3.07
002780,790.0,1416878.0,1416878.0,1119333620.0,1119333620.0,KOSPI,4.36
034590,26250.0,781.0,781.0,20501250.0,20501250.0,KOSPI,0.38
002620,7180.0,1466.0,1466.0,10525880.0,10525880.0,KOSPI,3.01
0135Y0,100405.0,8.0,8.0,803240.0,803240.0,KOSPI,0.08
498180,93510.0,1.0,1.0,93510.0,93510.0,KOSPI,0.0
0122W0,50890.0,4366.0,4366.0,222185740.0,222185740.0,KOSPI,0.05
367770,21515.0,138745.0,138745.0,2985098675.0,2985098675.0,KOSPI,3.89
227840,12400.0,4170.0,4170.0,51708000.0,51708000.0,KOSPI,0.73
0092B0,13955.0,117608.0,117608.0,1641219640.0,1641219640.0,KOSPI,7.35
491230,52380.0,992.0,992.0,51960960.0,51960960.0,KOSPI,0.01
010100,3660.0,51078.0,51078.0,186945480.0,186945480.0,KOSPI,3.39
0174B0,13715.0,162009.0,162009.0,2221953435.0,2221953435.0,KOSPI,1.22
016710,6890.0,18191.0,18191.0,125335990.0,125335990.0,KOSPI,0.0
261270,7810.0,40175.0,40175.0,313766750.0,313766750.0,KOSPI,0.0
168580,35470.0,2542.0,2542.0,90164740.0,90164740.0,KOSPI,1.93
077500,5120.0,85382.0,85382.0,437155840.0,437155840.0,KOSPI,3.23
328370,35650.0,4484.0,4484.0,159854600.0,159854600.0,KOSPI,1.86
013570,4195.0,70139.0,70139.0,294233105.0,294233105.0,KOSPI,1.21
304940,31875.0,4087.0,4087.0,130273125.0,130273125.0,KOSPI,1.53
014530,3140.0,43517.0,43517.0,136643380.0,136643380.0,KOSPI,1.95
014580,3960.0,40297.0,40297.0,159576120.0,159576120.0,KOSPI,2.59
465610,45225.0,25027.0,25027.0,1131846075.0,1131846075.0,KOSPI,5.91
0052T0,50600.0,238.0,238.0,12042800.0,12042800.0,KOSPI,0.01
377990,21810.0,175376.0,175376.0,3824950560.0,3824950560.0,KOSPI,7.89
332940,44870.0,4037.0,4037.0,181140190.0,181140190.0,KOSPI,1.08
500050,53840.0,1894.0,1894.0,101972960.0,101972960.0,KOSPI,2.43
394660,16260.0,8373.0,8373.0,136144980.0,136144980.0,KOSPI,1.56
438570,98520.0,101.0,101.0,9950520.0,9950520.0,KOSPI,0.1
012320,45250.0,8649.0,8649.0,391367250.0,391367250.0,KOSPI,1.69
469170,5330.0,490602.0,490602.0,2614908660.0,2614908660.0,KOSPI,4.2
0085P0,10170.0,186149.0,186149.0,1893135330.0,1893135330.0,KOSPI,0.1
0193M0,50300.0,2.0,2.0,100600.0,100600.0,KOSPI,0.0
035000,6560.0,50815.0,50815.0,333346400.0,333346400.0,KOSPI,1.08
120030,84300.0,294.0,294.0,24784200.0,24784200.0,KOSPI,0.6
0091M0,10140.0,401.0,401.0,4066140.0,4066140.0,KOSPI,0.05
319640,23985.0,10982.0,10982.0,263403270.0,263403270.0,KOSPI,-0.06
248170,23100.0,4535.0,4535.0,104758500.0,104758500.0,KOSPI,1.54
021820,10550.0,18438.0,18438.0,194520900.0,194520900.0,KOSPI,4.66
0132K0,8130.0,97100.0,97100.0,789423000.0,789423000.0,KOSPI,0.81
471760,11955.0,647672.0,647672.0,7742918760.0,7742918760.0,KOSPI,2.88
017550,1678.0,276424.0,276424.0,463839472.0,463839472.0,KOSPI,4.22
760011,6745.0,1269.0,1269.0,8559405.0,8559405.0,KOSPI,10.12
0184L0,100465.0,3.0,3.0,301395.0,301395.0,KOSPI,0.0
019180,5800.0,57396.0,57396.0,332896800.0,332896800.0,KOSPI,2.84
009580,1669.0,45584.0,45584.0,76079696.0,76079696.0,KOSPI,4.05
0177X0,9625.0,803889.0,803889.0,7737431625.0,7737431625.0,KOSPI,1.85
078935,58400.0,23577.0,23577.0,1376896800.0,1376896800.0,KOSPI,5.42
092220,2585.0,350214.0,350214.0,905303190.0,905303190.0,KOSPI,5.94
267850,9350.0,6953.0,6953.0,65010550.0,65010550.0,KOSPI,3.31
475280,10715.0,224.0,224.0,2400160.0,2400160.0,KOSPI,0.09
481430,98610.0,653.0,653.0,64392330.0,64392330.0,KOSPI,0.22
012200,3775.0,234977.0,234977.0,887038175.0,887038175.0,KOSPI,3.14
070960,2135.0,10859.0,10859.0,23183965.0,23183965.0,KOSPI,0.23
465780,106175.0,4.0,4.0,424700.0,424700.0,KOSPI,0.0
0221V0,100160.0,158.0,158.0,15825280.0,15825280.0,KOSPI,0.0
475050,7150.0,434996.0,434996.0,3110221400.0,3110221400.0,KOSPI,5.61
012800,1117.0,474730.0,474730.0,530273410.0,530273410.0,KOSPI,7.2
326240,39745.0,10414.0,10414.0,413904430.0,413904430.0,KOSPI,3.71
002450,1120.0,184069.0,184069.0,206157280.0,206157280.0,KOSPI,1.17
004250,2760.0,53673.0,53673.0,148137480.0,148137480.0,KOSPI,2.6
264900,8080.0,3633.0,3633.0,29354640.0,29354640.0,KOSPI,0.5
023450,28750.0,3464.0,3464.0,99590000.0,99590000.0,KOSPI,0.35
008040,711.0,217243.0,217243.0,154459773.0,154459773.0,KOSPI,-0.28
114100,106660.0,5060.0,5060.0,539699600.0,539699600.0,KOSPI,0.08
0000J0,25730.0,93913.0,93913.0,2416381490.0,2416381490.0,KOSPI,6.45
496090,30340.0,9934.0,9934.0,301397560.0,301397560.0,KOSPI,0.58
204480,26455.0,1658.0,1658.0,43862390.0,43862390.0,KOSPI,3.64
308620,11955.0,39298.0,39298.0,469807590.0,469807590.0,KOSPI,0.13
123690,6090.0,59603.0,59603.0,362982270.0,362982270.0,KOSPI,4.46
0138Y0,9625.0,83046.0,83046.0,799317750.0,799317750.0,KOSPI,0.16
468380,11330.0,60642.0,60642.0,687073860.0,687073860.0,KOSPI,0.4
006840,7350.0,23077.0,23077.0,169615950.0,169615950.0,KOSPI,6.83
449770,21635.0,599257.0,599257.0,12964925195.0,12964925195.0,KOSPI,1.24
455860,4080.0,289891.0,289891.0,1182755280.0,1182755280.0,KOSPI,4.35
008700,1257.0,320052.0,320052.0,402305364.0,402305364.0,KOSPI,1.53
0035T0,19930.0,25237.0,25237.0,502973410.0,502973410.0,KOSPI,2.18
461500,105200.0,4.0,4.0,420800.0,420800.0,KOSPI,-0.02
266370,60155.0,221221.0,221221.0,13307549255.0,13307549255.0,KOSPI,2.66
195980,14660.0,133472.0,133472.0,1956699520.0,1956699520.0,KOSPI,-0.64
530055,95770.0,1360.0,1360.0,130247200.0,130247200.0,KOSPI,-0.42
476850,20250.0,95876.0,95876.0,1941489000.0,1941489000.0,KOSPI,1.48
203780,33665.0,21315.0,21315.0,717569475.0,717569475.0,KOSPI,-0.22
007210,1450.0,113830.0,113830.0,165053500.0,165053500.0,KOSPI,3.06
002220,3545.0,201817.0,201817.0,715441265.0,715441265.0,KOSPI,4.11
485690,22200.0,13315.0,13315.0,295593000.0,295593000.0,KOSPI,4.13
0137V0,11775.0,172481.0,172481.0,2030963775.0,2030963775.0,KOSPI,1.51
067830,2295.0,20425.0,20425.0,46875375.0,46875375.0,KOSPI,1.55
433970,14150.0,18520.0,18520.0,262058000.0,262058000.0,KOSPI,0.64
473440,10815.0,834.0,834.0,9019710.0,9019710.0,KOSPI,-0.09
016740,3280.0,15392.0,15392.0,50485760.0,50485760.0,KOSPI,1.08
325020,28195.0,5437.0,5437.0,153296215.0,153296215.0,KOSPI,1.09
014790,2455.0,84433.0,84433.0,207283015.0,207283015.0,KOSPI,4.47
37550L,43900.0,13136.0,13136.0,576670400.0,576670400.0,KOSPI,7.86
143850,76960.0,9704.0,9704.0,746819840.0,746819840.0,KOSPI,1.15
0142D0,10730.0,319932.0,319932.0,3432870360.0,3432870360.0,KOSPI,10.79
058850,2215.0,205324.0,205324.0,454792660.0,454792660.0,KOSPI,0.23
036580,2495.0,115657.0,115657.0,288564215.0,288564215.0,KOSPI,2.67
008260,3195.0,38931.0,38931.0,124384545.0,124384545.0,KOSPI,0.63
211900,27610.0,60439.0,60439.0,1668720790.0,1668720790.0,KOSPI,1.79
0007N0,101090.0,138.0,138.0,13950420.0,13950420.0,KOSPI,1.85
006660,11170.0,252791.0,252791.0,2823675470.0,2823675470.0,KOSPI,1.45
032560,5320.0,17545.0,17545.0,93339400.0,93339400.0,KOSPI,2.5
014440,4515.0,19319.0,19319.0,87225285.0,87225285.0,KOSPI,0.33
015590,1688.0,48295.0,48295.0,81521960.0,81521960.0,KOSPI,7.45
001275,30000.0,2106.0,2106.0,63180000.0,63180000.0,KOSPI,0.0
479620,25670.0,40426.0,40426.0,1037735420.0,1037735420.0,KOSPI,1.87
269540,29945.0,8750.0,8750.0,262018750.0,262018750.0,KOSPI,1.13
329670,22390.0,9134.0,9134.0,204510260.0,204510260.0,KOSPI,0.2
530061,29800.0,6569.0,6569.0,195756200.0,195756200.0,KOSPI,2.3
0209D0,7080.0,833905.0,833905.0,5904047400.0,5904047400.0,KOSPI,6.31
444490,20745.0,8816.0,8816.0,182887920.0,182887920.0,KOSPI,1.37
460960,11480.0,18616.0,18616.0,213711680.0,213711680.0,KOSPI,1.28
013700,1481.0,189452.0,189452.0,280578412.0,280578412.0,KOSPI,4.37
023000,2225.0,15215.0,15215.0,33853375.0,33853375.0,KOSPI,0.68
610064,54980.0,19591.0,19591.0,1077113180.0,1077113180.0,KOSPI,0.02
453080,22520.0,1799.0,1799.0,40513480.0,40513480.0,KOSPI,1.46
004100,2390.0,308761.0,308761.0,737938790.0,737938790.0,KOSPI,5.05
058860,2520.0,57727.0,57727.0,145472040.0,145472040.0,KOSPI,0.6
500096,17510.0,5688.0,5688.0,99596880.0,99596880.0,KOSPI,-0.82
004140,1817.0,94572.0,94572.0,171837324.0,171837324.0,KOSPI,3.24
570019,5770.0,401.0,401.0,2313770.0,2313770.0,KOSPI,-2.7
139990,2225.0,27314.0,27314.0,60773650.0,60773650.0,KOSPI,3.49
454320,39935.0,4750.0,4750.0,189691250.0,189691250.0,KOSPI,6.89
359210,32900.0,9590.0,9590.0,315511000.0,315511000.0,KOSPI,1.36
025620,4685.0,7792.0,7792.0,36505520.0,36505520.0,KOSPI,2.4
329660,18070.0,4859.0,4859.0,87802130.0,87802130.0,KOSPI,0.19
004840,4385.0,14474.0,14474.0,63468490.0,63468490.0,KOSPI,2.45
0162L0,13500.0,851517.0,851517.0,11495479500.0,11495479500.0,KOSPI,6.8
210980,4530.0,40531.0,40531.0,183605430.0,183605430.0,KOSPI,0.33
298770,76270.0,10357.0,10357.0,789928390.0,789928390.0,KOSPI,0.51
005740,5650.0,8580.0,8580.0,48477000.0,48477000.0,KOSPI,3.29
495040,29925.0,5730.0,5730.0,171470250.0,171470250.0,KOSPI,0.98
004890,34450.0,918.0,918.0,31625100.0,31625100.0,KOSPI,1.32
461460,51485.0,35982.0,35982.0,1852533270.0,1852533270.0,KOSPI,0.05
0017Y0,94100.0,743.0,743.0,69916300.0,69916300.0,KOSPI,-0.01
453330,18035.0,66117.0,66117.0,1192420095.0,1192420095.0,KOSPI,1.18
486240,25920.0,5362.0,5362.0,138983040.0,138983040.0,KOSPI,3.21
157490,8625.0,299999.0,299999.0,2587491375.0,2587491375.0,KOSPI,5.05
363280,1804.0,27064.0,27064.0,48823456.0,48823456.0,KOSPI,2.27
023800,5180.0,30327.0,30327.0,157093860.0,157093860.0,KOSPI,3.19
0057H0,12035.0,48421.0,48421.0,582746735.0,582746735.0,KOSPI,0.67
570116,40845.0,1335.0,1335.0,54528075.0,54528075.0,KOSPI,4.73
002600,134600.0,5.0,5.0,673000.0,673000.0,KOSPI,0.0
108450,36520.0,51125.0,51125.0,1867085000.0,1867085000.0,KOSPI,1.91
163560,5780.0,9323.0,9323.0,53886940.0,53886940.0,KOSPI,1.58
228810,3390.0,290963.0,290963.0,986364570.0,986364570.0,KOSPI,6.1
0066W0,12315.0,37417.0,37417.0,460790355.0,460790355.0,KOSPI,0.24
006090,8490.0,5762.0,5762.0,48919380.0,48919380.0,KOSPI,1.92
580039,159900.0,28210.0,28210.0,4510779000.0,4510779000.0,KOSPI,2.34
0049M0,11530.0,30200.0,30200.0,348206000.0,348206000.0,KOSPI,1.41
069730,5490.0,38148.0,38148.0,209432520.0,209432520.0,KOSPI,4.57
002200,2345.0,39105.0,39105.0,91701225.0,91701225.0,KOSPI,2.85
007980,1674.0,203741.0,203741.0,341062434.0,341062434.0,KOSPI,3.14
490480,28945.0,73190.0,73190.0,2118484550.0,2118484550.0,KOSPI,8.77
492500,51245.0,146.0,146.0,7481770.0,7481770.0,KOSPI,0.05
009180,2770.0,25426.0,25426.0,70430020.0,70430020.0,KOSPI,1.09
458030,54915.0,19.0,19.0,1043385.0,1043385.0,KOSPI,0.01
412770,12655.0,45949.0,45949.0,581484595.0,581484595.0,KOSPI,4.33
469060,35350.0,53378.0,53378.0,1886912300.0,1886912300.0,KOSPI,0.73
364960,6405.0,50112.0,50112.0,320967360.0,320967360.0,KOSPI,4.57
011700,2385.0,122680.0,122680.0,292591800.0,292591800.0,KOSPI,6.71
111380,12570.0,5633.0,5633.0,70806810.0,70806810.0,KOSPI,1.37
138530,11350.0,113273.0,113273.0,1285648550.0,1285648550.0,KOSPI,5.04
007590,5640.0,13548.0,13548.0,76410720.0,76410720.0,KOSPI,0.0
096775,61300.0,2444.0,2444.0,149817200.0,149817200.0,KOSPI,2.34
0098N0,12630.0,44171.0,44171.0,557879730.0,557879730.0,KOSPI,1.32
009190,1737.0,769982.0,769982.0,1337458734.0,1337458734.0,KOSPI,14.28
084680,538.0,237992.0,237992.0,128039696.0,128039696.0,KOSPI,-1.28
438560,100370.0,33.0,33.0,3312210.0,3312210.0,KOSPI,-0.04
570120,15255.0,14534.0,14534.0,221716170.0,221716170.0,KOSPI,0.99
0113D0,12300.0,61364.0,61364.0,754777200.0,754777200.0,KOSPI,1.07
013360,1411.0,458511.0,458511.0,646959021.0,646959021.0,KOSPI,4.91
0193G0,7835.0,292069.0,292069.0,2288360615.0,2288360615.0,KOSPI,1.95
014160,699.0,394742.0,394742.0,275924658.0,275924658.0,KOSPI,0.72
000590,65600.0,1566.0,1566.0,102729600.0,102729600.0,KOSPI,2.82
000105,64000.0,554.0,554.0,35456000.0,35456000.0,KOSPI,2.73
004720,3325.0,26995.0,26995.0,89758375.0,89758375.0,KOSPI,-0.15
063160,13690.0,15174.0,15174.0,207732060.0,207732060.0,KOSPI,3.71
001290,692.0,125236.0,125236.0,86663312.0,86663312.0,KOSPI,2.52
002700,1093.0,2584989.0,2584989.0,2825392977.0,2825392977.0,KOSPI,-1.0
109070,1418.0,113118.0,113118.0,160401324.0,160401324.0,KOSPI,2.38
495750,30520.0,1047.0,1047.0,31954440.0,31954440.0,KOSPI,2.21
210780,22555.0,10038.0,10038.0,226407090.0,226407090.0,KOSPI,1.74
272910,106075.0,23.0,23.0,2439725.0,2439725.0,KOSPI,0.02
337140,33700.0,23351.0,23351.0,786928700.0,786928700.0,KOSPI,1.97
550091,36975.0,3.0,3.0,110925.0,110925.0,KOSPI,12.64
0190Y0,9125.0,114838.0,114838.0,1047896750.0,1047896750.0,KOSPI,1.45
013870,3860.0,15472.0,15472.0,59721920.0,59721920.0,KOSPI,1.05
000230,6350.0,15794.0,15794.0,100291900.0,100291900.0,KOSPI,3.08
0018C0,10430.0,43755.0,43755.0,456364650.0,456364650.0,KOSPI,0.72
001260,7420.0,69576.0,69576.0,516253920.0,516253920.0,KOSPI,4.36
211560,34640.0,4789.0,4789.0,165890960.0,165890960.0,KOSPI,1.35
550093,36365.0,37.0,37.0,1345505.0,1345505.0,KOSPI,8.1
010960,3015.0,226157.0,226157.0,681863355.0,681863355.0,KOSPI,3.97
017370,3970.0,18189.0,18189.0,72210330.0,72210330.0,KOSPI,3.79
005750,4380.0,42986.0,42986.0,188278680.0,188278680.0,KOSPI,2.1
0080X0,11335.0,57992.0,57992.0,657339320.0,657339320.0,KOSPI,0.58
000180,5190.0,3676.0,3676.0,19078440.0,19078440.0,KOSPI,1.57
0225V0,10300.0,2757177.0,2757177.0,28398923100.0,28398923100.0,KOSPI,3.36
130730,102840.0,4126.0,4126.0,424317840.0,424317840.0,KOSPI,0.03
007610,4005.0,251523.0,251523.0,1007349615.0,1007349615.0,KOSPI,3.76
019680,895.0,38855.0,38855.0,34775225.0,34775225.0,KOSPI,-2.19
000850,32700.0,10824.0,10824.0,353944800.0,353944800.0,KOSPI,3.65
011150,2000.0,37369.0,37369.0,74738000.0,74738000.0,KOSPI,2.04
338100,3850.0,26850.0,26850.0,103372500.0,103372500.0,KOSPI,1.18
441540,26590.0,12209.0,12209.0,324637310.0,324637310.0,KOSPI,2.86
155660,4475.0,36932.0,36932.0,165270700.0,165270700.0,KOSPI,3.95
434960,101150.0,1282.0,1282.0,129674300.0,129674300.0,KOSPI,1.41
0102A0,8185.0,129472.0,129472.0,1059728320.0,1059728320.0,KOSPI,7.7
365040,33540.0,24786.0,24786.0,831322440.0,831322440.0,KOSPI,1.98
002795,11030.0,6271.0,6271.0,69169130.0,69169130.0,KOSPI,1.1
003580,1382.0,217538.0,217538.0,300637516.0,300637516.0,KOSPI,6.31
031820,5740.0,16279.0,16279.0,93441460.0,93441460.0,KOSPI,2.14
475350,15070.0,43420.0,43420.0,654339400.0,654339400.0,KOSPI,-0.23
002720,3265.0,33805.0,33805.0,110373325.0,110373325.0,KOSPI,2.51
079980,1997.0,185111.0,185111.0,369666667.0,369666667.0,KOSPI,0.55
440640,112415.0,176.0,176.0,19785040.0,19785040.0,KOSPI,0.02
0008T0,15100.0,645427.0,645427.0,9745947700.0,9745947700.0,KOSPI,6.45
095720,1203.0,51464.0,51464.0,61911192.0,61911192.0,KOSPI,1.35
458750,13335.0,29856.0,29856.0,398129760.0,398129760.0,KOSPI,0.53
266420,16950.0,26197.0,26197.0,444039150.0,444039150.0,KOSPI,6.0
009770,27050.0,1575.0,1575.0,42603750.0,42603750.0,KOSPI,0.19
001020,1884.0,11891.0,11891.0,22402644.0,22402644.0,KOSPI,-1.0
006890,5780.0,100200.0,100200.0,579156000.0,579156000.0,KOSPI,-0.17
084670,23100.0,23812.0,23812.0,550057200.0,550057200.0,KOSPI,3.13
018500,1427.0,99835.0,99835.0,142464545.0,142464545.0,KOSPI,1.28
016090,1505.0,82494.0,82494.0,124153470.0,124153470.0,KOSPI,1.69
530115,66630.0,243.0,243.0,16191090.0,16191090.0,KOSPI,3.34
292190,44365.0,10716.0,10716.0,475415340.0,475415340.0,KOSPI,1.71
120115,24000.0,6095.0,6095.0,146280000.0,146280000.0,KOSPI,1.69
0022T0,12740.0,40600.0,40600.0,517244000.0,517244000.0,KOSPI,-0.08
433880,18925.0,17541.0,17541.0,331963425.0,331963425.0,KOSPI,1.56
228800,2535.0,404597.0,404597.0,1025653395.0,1025653395.0,KOSPI,2.01
570117,2990.0,81132.0,81132.0,242584680.0,242584680.0,KOSPI,-2.92
0197W0,7865.0,589456.0,589456.0,4636071440.0,4636071440.0,KOSPI,2.28
396690,1655.0,41246.0,41246.0,68262130.0,68262130.0,KOSPI,1.47
530131,21780.0,400.0,400.0,8712000.0,8712000.0,KOSPI,0.46
0036D0,13065.0,39855.0,39855.0,520705575.0,520705575.0,KOSPI,0.42
010040,1590.0,112547.0,112547.0,178949730.0,178949730.0,KOSPI,11.58
0194T0,7955.0,404594.0,404594.0,3218545270.0,3218545270.0,KOSPI,1.86
453950,33325.0,13510.0,13510.0,450220750.0,450220750.0,KOSPI,-0.13
33626K,4845.0,15328.0,15328.0,74264160.0,74264160.0,KOSPI,3.53
058730,3195.0,1551514.0,1551514.0,4957087230.0,4957087230.0,KOSPI,7.04
570100,21540.0,2003.0,2003.0,43144620.0,43144620.0,KOSPI,-1.49
001560,8480.0,561.0,561.0,4757280.0,4757280.0,KOSPI,1.44
760016,64295.0,78.0,78.0,5015010.0,5015010.0,KOSPI,6.59
520080,21405.0,233.0,233.0,4987365.0,4987365.0,KOSPI,0.42
100220,4925.0,45854.0,45854.0,225830950.0,225830950.0,KOSPI,3.68
520081,63990.0,11.0,11.0,703890.0,703890.0,KOSPI,1.24
0115E0,13755.0,205594.0,205594.0,2827945470.0,2827945470.0,KOSPI,6.59
0098Z0,85160.0,36.0,36.0,3065760.0,3065760.0,KOSPI,-0.13
0000D0,9320.0,26001.0,26001.0,242329320.0,242329320.0,KOSPI,1.86
068290,6380.0,10091.0,10091.0,64380580.0,64380580.0,KOSPI,2.57
0089C0,11705.0,121493.0,121493.0,1422075565.0,1422075565.0,KOSPI,1.08
530067,31860.0,1834.0,1834.0,58431240.0,58431240.0,KOSPI,0.22
278620,118760.0,38.0,38.0,4512880.0,4512880.0,KOSPI,0.03
085310,8580.0,16356.0,16356.0,140334480.0,140334480.0,KOSPI,4.38
495940,20185.0,4317.0,4317.0,87138645.0,87138645.0,KOSPI,2.41
009200,1527.0,41079.0,41079.0,62727633.0,62727633.0,KOSPI,2.48
479730,10585.0,14969.0,14969.0,158446865.0,158446865.0,KOSPI,0.19
530126,31540.0,2.0,2.0,63080.0,63080.0,KOSPI,1.09
0123S0,10170.0,185.0,185.0,1881450.0,1881450.0,KOSPI,0.0
760018,10505.0,1.0,1.0,10505.0,10505.0,KOSPI,-0.28
055490,13140.0,34090.0,34090.0,447942600.0,447942600.0,KOSPI,10.42
476750,7755.0,86633.0,86633.0,671838915.0,671838915.0,KOSPI,-0.89
500094,2990.0,141109.0,141109.0,421915910.0,421915910.0,KOSPI,-2.29
0040S0,24125.0,8247.0,8247.0,198958875.0,198958875.0,KOSPI,3.25
277640,34700.0,33198.0,33198.0,1151970600.0,1151970600.0,KOSPI,1.46
455660,9445.0,26447.0,26447.0,249791915.0,249791915.0,KOSPI,0.11
419890,107375.0,5.0,5.0,536875.0,536875.0,KOSPI,0.06
004440,4890.0,9236.0,9236.0,45164040.0,45164040.0,KOSPI,3.27
072130,4895.0,23307.0,23307.0,114087765.0,114087765.0,KOSPI,2.62
252400,88265.0,35609.0,35609.0,3143028385.0,3143028385.0,KOSPI,1.88
100910,15825.0,48319.0,48319.0,764648175.0,764648175.0,KOSPI,0.92
003925,30850.0,921.0,921.0,28412850.0,28412850.0,KOSPI,-0.32
550084,30600.0,3268.0,3268.0,100000800.0,100000800.0,KOSPI,1.14
007460,2590.0,113070.0,113070.0,292851300.0,292851300.0,KOSPI,3.6
491700,101285.0,1099.0,1099.0,111312215.0,111312215.0,KOSPI,1.92
005870,4290.0,45262.0,45262.0,194173980.0,194173980.0,KOSPI,4.38
010660,2750.0,149564.0,149564.0,411301000.0,411301000.0,KOSPI,3.77
520102,30190.0,445698.0,445698.0,13455622620.0,13455622620.0,KOSPI,-2.01
111110,6660.0,20324.0,20324.0,135357840.0,135357840.0,KOSPI,1.06
440910,26795.0,2336.0,2336.0,62593120.0,62593120.0,KOSPI,3.66
453640,14000.0,29379.0,29379.0,411306000.0,411306000.0,KOSPI,-0.74
520087,29915.0,883.0,883.0,26414945.0,26414945.0,KOSPI,0.45
0111J0,13000.0,52858.0,52858.0,687154000.0,687154000.0,KOSPI,2.48
261240,14765.0,77494.0,77494.0,1144198910.0,1144198910.0,KOSPI,0.27
123310,1245.0,9173878.0,9173878.0,11421478110.0,11421478110.0,KOSPI,-5.25
004770,1678.0,252835.0,252835.0,424257130.0,424257130.0,KOSPI,3.58
475310,22475.0,147224.0,147224.0,3308859400.0,3308859400.0,KOSPI,3.5
071090,2945.0,70221.0,70221.0,206800845.0,206800845.0,KOSPI,4.43
225040,66795.0,8497.0,8497.0,567557115.0,567557115.0,KOSPI,2.33
520089,11635.0,30.0,30.0,349050.0,349050.0,KOSPI,0.78
002760,970.0,92483.0,92483.0,89708510.0,89708510.0,KOSPI,0.0
275980,22810.0,622.0,622.0,14187820.0,14187820.0,KOSPI,-0.07
007110,747.0,165547.0,165547.0,123663609.0,123663609.0,KOSPI,2.33
401470,9650.0,7924.0,7924.0,76466600.0,76466600.0,KOSPI,5.12
455960,12510.0,4372.0,4372.0,54693720.0,54693720.0,KOSPI,0.32
000220,3630.0,42618.0,42618.0,154703340.0,154703340.0,KOSPI,1.4
003010,4485.0,76072.0,76072.0,341182920.0,341182920.0,KOSPI,3.7
075180,2960.0,19049.0,19049.0,56385040.0,56385040.0,KOSPI,0.34
473640,28385.0,22841.0,22841.0,648341785.0,648341785.0,KOSPI,1.38
129260,1907.0,16661.0,16661.0,31772527.0,31772527.0,KOSPI,1.49
0181L0,7180.0,416307.0,416307.0,2989084260.0,2989084260.0,KOSPI,8.05
465330,9865.0,174224.0,174224.0,1718719760.0,1718719760.0,KOSPI,4.72
261070,12570.0,314651.0,314651.0,3955163070.0,3955163070.0,KOSPI,10.12
580069,3040.0,62341.0,62341.0,189516640.0,189516640.0,KOSPI,-1.62
520086,22495.0,1412.0,1412.0,31762940.0,31762940.0,KOSPI,0.58
010770,3825.0,23718.0,23718.0,90721350.0,90721350.0,KOSPI,-0.13
024900,1715.0,80707.0,80707.0,138412505.0,138412505.0,KOSPI,-0.12
0185L0,8005.0,31456.0,31456.0,251805280.0,251805280.0,KOSPI,2.69
580010,9255.0,60.0,60.0,555300.0,555300.0,KOSPI,-0.32
520057,2090.0,5089411.0,5089411.0,10636868990.0,10636868990.0,KOSPI,-13.28
090080,1007.0,212193.0,212193.0,213678351.0,213678351.0,KOSPI,-0.3
150460,7220.0,13581.0,13581.0,98054820.0,98054820.0,KOSPI,3.07
005305,70900.0,769.0,769.0,54522100.0,54522100.0,KOSPI,1.14
0046Y0,12920.0,10151.0,10151.0,131150920.0,131150920.0,KOSPI,1.65
214330,5250.0,38343.0,38343.0,201300750.0,201300750.0,KOSPI,2.94
0166S0,10100.0,83440.0,83440.0,842744000.0,842744000.0,KOSPI,2.38
0141S0,8020.0,168055.0,168055.0,1347801100.0,1347801100.0,KOSPI,3.75
092440,1867.0,57448.0,57448.0,107255416.0,107255416.0,KOSPI,0.65
530113,54445.0,138.0,138.0,7513410.0,7513410.0,KOSPI,2.55
500071,21725.0,1540.0,1540.0,33456500.0,33456500.0,KOSPI,13.71
306950,67560.0,5820.0,5820.0,393199200.0,393199200.0,KOSPI,2.73
0118Z0,8850.0,33657.0,33657.0,297864450.0,297864450.0,KOSPI,5.73
491220,119900.0,7357.0,7357.0,882104300.0,882104300.0,KOSPI,2.78
428510,23435.0,50629.0,50629.0,1186490615.0,1186490615.0,KOSPI,5.49
002140,2160.0,3376207.0,3376207.0,7292607120.0,7292607120.0,KOSPI,6.93
003465,3080.0,321.0,321.0,988680.0,988680.0,KOSPI,-3.3
004450,24950.0,515.0,515.0,12849250.0,12849250.0,KOSPI,1.63
520092,26845.0,7785.0,7785.0,208988325.0,208988325.0,KOSPI,2.42
002630,902.0,67284.0,67284.0,60690168.0,60690168.0,KOSPI,4.16
480310,19375.0,34465.0,34465.0,667759375.0,667759375.0,KOSPI,1.68
580081,53145.0,1863.0,1863.0,99009135.0,99009135.0,KOSPI,-2.15
003475,4140.0,9283.0,9283.0,38431620.0,38431620.0,KOSPI,1.1
530143,53000.0,6419.0,6419.0,340207000.0,340207000.0,KOSPI,-2.81
610101,52975.0,167.0,167.0,8846825.0,8846825.0,KOSPI,-2.45
278240,7115.0,278403.0,278403.0,1980837345.0,1980837345.0,KOSPI,13.03
0113P0,102170.0,10.0,10.0,1021700.0,1021700.0,KOSPI,0.0
006370,4885.0,15580.0,15580.0,76108300.0,76108300.0,KOSPI,5.39
0210E0,6935.0,169264.0,169264.0,1173845840.0,1173845840.0,KOSPI,1.39
012690,1441.0,789098.0,789098.0,1137090218.0,1137090218.0,KOSPI,3.52
298340,56525.0,5002.0,5002.0,282738050.0,282738050.0,KOSPI,0.16
445150,27720.0,4317.0,4317.0,119667240.0,119667240.0,KOSPI,4.7
336160,100360.0,9.0,9.0,903240.0,903240.0,KOSPI,0.02
101140,5230.0,2554.0,2554.0,13357420.0,13357420.0,KOSPI,3.98
000725,49800.0,1366.0,1366.0,68026800.0,68026800.0,KOSPI,4.62
0172V0,7935.0,37519.0,37519.0,297713265.0,297713265.0,KOSPI,1.41
004060,2585.0,474382.0,474382.0,1226277470.0,1226277470.0,KOSPI,12.15
025530,3500.0,13067.0,13067.0,45734500.0,45734500.0,KOSPI,0.43
123700,3345.0,5532.0,5532.0,18504540.0,18504540.0,KOSPI,1.36
520072,17390.0,124.0,124.0,2156360.0,2156360.0,KOSPI,2.47
011230,2720.0,469487.0,469487.0,1277004640.0,1277004640.0,KOSPI,2.06
378850,2740.0,18807.0,18807.0,51531180.0,51531180.0,KOSPI,0.74
007280,1810.0,14399.0,14399.0,26062190.0,26062190.0,KOSPI,1.51
114470,108015.0,1432.0,1432.0,154677480.0,154677480.0,KOSPI,0.02
0132H0,8625.0,45172.0,45172.0,389608500.0,389608500.0,KOSPI,4.36
580076,25795.0,83.0,83.0,2140985.0,2140985.0,KOSPI,2.16
580056,25760.0,137.0,137.0,3529120.0,3529120.0,KOSPI,1.5
282000,114325.0,4.0,4.0,457300.0,457300.0,KOSPI,0.0
0194M0,9690.0,147078.0,147078.0,1425185820.0,1425185820.0,KOSPI,0.52
001465,23800.0,2121.0,2121.0,50479800.0,50479800.0,KOSPI,2.37
006880,4315.0,16448.0,16448.0,70973120.0,70973120.0,KOSPI,0.7
261220,22425.0,82522.0,82522.0,1850555850.0,1850555850.0,KOSPI,1.82
0226A0,10195.0,278589.0,278589.0,2840214855.0,2840214855.0,KOSPI,1.95
0118S0,10840.0,12568.0,12568.0,136237120.0,136237120.0,KOSPI,4.63
200030,45005.0,12094.0,12094.0,544290470.0,544290470.0,KOSPI,1.01
001550,9730.0,7823.0,7823.0,76117790.0,76117790.0,KOSPI,2.42
475260,10720.0,224.0,224.0,2401280.0,2401280.0,KOSPI,0.09
004830,3220.0,52985.0,52985.0,170611700.0,170611700.0,KOSPI,2.55
011300,2995.0,44381.0,44381.0,132921095.0,132921095.0,KOSPI,3.63
570104,16765.0,3.0,3.0,50295.0,50295.0,KOSPI,0.06
0000Z0,9290.0,541433.0,541433.0,5029912570.0,5029912570.0,KOSPI,9.23
385590,21810.0,163.0,163.0,3555030.0,3555030.0,KOSPI,1.44
37550K,23700.0,7633.0,7633.0,180902100.0,180902100.0,KOSPI,4.87
500095,8330.0,807.0,807.0,6722310.0,6722310.0,KOSPI,-0.66
520037,24970.0,8349.0,8349.0,208474530.0,208474530.0,KOSPI,0.58
256750,16290.0,4815.0,4815.0,78436350.0,78436350.0,KOSPI,5.81
520100,9965.0,265522.0,265522.0,2645926730.0,2645926730.0,KOSPI,0.25
023810,4970.0,15491.0,15491.0,76990270.0,76990270.0,KOSPI,-0.2
101280,30650.0,19148.0,19148.0,586886200.0,586886200.0,KOSPI,-1.34
000950,29550.0,3491.0,3491.0,103159050.0,103159050.0,KOSPI,5.54
442560,16535.0,16533.0,16533.0,273373155.0,273373155.0,KOSPI,0.46
494840,13940.0,17831.0,17831.0,248564140.0,248564140.0,KOSPI,1.68
003780,3805.0,103012.0,103012.0,391960660.0,391960660.0,KOSPI,2.42
009320,996.0,97697.0,97697.0,97306212.0,97306212.0,KOSPI,-0.99
360140,22245.0,324111.0,324111.0,7209849195.0,7209849195.0,KOSPI,-5.7
530124,48875.0,211.0,211.0,10312625.0,10312625.0,KOSPI,0.47
140700,18075.0,96780.0,96780.0,1749298500.0,1749298500.0,KOSPI,-0.93
006980,15770.0,444.0,444.0,7001880.0,7001880.0,KOSPI,0.83
372910,1759.0,83750.0,83750.0,147316250.0,147316250.0,KOSPI,3.35
0139P0,13150.0,16160.0,16160.0,212504000.0,212504000.0,KOSPI,0.8
004920,927.0,253542.0,253542.0,235033434.0,235033434.0,KOSPI,-1.38
520074,16120.0,219.0,219.0,3530280.0,3530280.0,KOSPI,0.72
304780,107120.0,19233.0,19233.0,2060238960.0,2060238960.0,KOSPI,1.44
218420,19670.0,29064.0,29064.0,571688880.0,571688880.0,KOSPI,1.13
580034,96125.0,25.0,25.0,2403125.0,2403125.0,KOSPI,5.64
610061,24030.0,939.0,939.0,22564170.0,22564170.0,KOSPI,-0.35
473490,30960.0,6407.0,6407.0,198360720.0,198360720.0,KOSPI,1.69
002920,1849.0,22524.0,22524.0,41646876.0,41646876.0,KOSPI,1.04
0041D0,12925.0,63602.0,63602.0,822055850.0,822055850.0,KOSPI,7.0
275300,28025.0,15368.0,15368.0,430688200.0,430688200.0,KOSPI,2.41
006125,38550.0,283.0,283.0,10909650.0,10909650.0,KOSPI,1.45
287180,55700.0,6596.0,6596.0,367397200.0,367397200.0,KOSPI,1.7
041650,2200.0,36226.0,36226.0,79697200.0,79697200.0,KOSPI,4.27
276990,26670.0,4076.0,4076.0,108706920.0,108706920.0,KOSPI,1.18
447430,15935.0,8146.0,8146.0,129806510.0,129806510.0,KOSPI,1.46
461340,42710.0,3460.0,3460.0,147776600.0,147776600.0,KOSPI,2.48
0192L0,8095.0,291417.0,291417.0,2359020615.0,2359020615.0,KOSPI,1.19
0178H0,10095.0,10890.0,10890.0,109934550.0,109934550.0,KOSPI,2.38
0020H0,22335.0,22068.0,22068.0,492888780.0,492888780.0,KOSPI,3.84
28513K,22150.0,2841.0,2841.0,62928150.0,62928150.0,KOSPI,3.99
001620,2090.0,16655.0,16655.0,34808950.0,34808950.0,KOSPI,0.72
570118,11595.0,17547.0,17547.0,203457465.0,203457465.0,KOSPI,-0.13
442260,35105.0,9116.0,9116.0,320017180.0,320017180.0,KOSPI,2.02
0086B0,9435.0,14311.0,14311.0,135024285.0,135024285.0,KOSPI,-0.21
610078,38455.0,5647.0,5647.0,217155385.0,217155385.0,KOSPI,-0.52
520101,9220.0,165195.0,165195.0,1523097900.0,1523097900.0,KOSPI,1.04
371470,8320.0,98340.0,98340.0,818188800.0,818188800.0,KOSPI,3.94
520091,11435.0,8806.0,8806.0,100696610.0,100696610.0,KOSPI,-0.22
472830,8230.0,20926.0,20926.0,172220980.0,172220980.0,KOSPI,0.06
004910,3550.0,35515.0,35515.0,126078250.0,126078250.0,KOSPI,6.13
357250,1816.0,12110.0,12110.0,21991760.0,21991760.0,KOSPI,-0.16
001210,3665.0,1684665.0,1684665.0,6174297225.0,6174297225.0,KOSPI,-1.21
021050,955.0,137790.0,137790.0,131589450.0,131589450.0,KOSPI,4.95
453650,20080.0,12777.0,12777.0,256562160.0,256562160.0,KOSPI,0.27
35320K,21400.0,6419.0,6419.0,137366600.0,137366600.0,KOSPI,2.15
401170,11305.0,3530.0,3530.0,39906650.0,39906650.0,KOSPI,4.0
475270,10700.0,13.0,13.0,139100.0,139100.0,KOSPI,0.05
418670,17130.0,38010.0,38010.0,651111300.0,651111300.0,KOSPI,4.17
253150,177220.0,299131.0,299131.0,53011995820.0,53011995820.0,KOSPI,2.41
140950,79095.0,3671.0,3671.0,290357745.0,290357745.0,KOSPI,1.34
003080,2210.0,21977.0,21977.0,48569170.0,48569170.0,KOSPI,0.23
316670,6640.0,226011.0,226011.0,1500713040.0,1500713040.0,KOSPI,6.58
580082,17600.0,123191.0,123191.0,2168161600.0,2168161600.0,KOSPI,3.23
295020,60265.0,22.0,22.0,1325830.0,1325830.0,KOSPI,-0.03
0198A0,8455.0,663550.0,663550.0,5610315250.0,5610315250.0,KOSPI,4.38
520073,43830.0,1827.0,1827.0,80077410.0,80077410.0,KOSPI,6.24
570127,43700.0,6025.0,6025.0,263292500.0,263292500.0,KOSPI,1.16
456680,7360.0,1060.0,1060.0,7801600.0,7801600.0,KOSPI,0.2
0141T0,50260.0,5.0,5.0,251300.0,251300.0,KOSPI,-0.02
570103,4350.0,11389.0,11389.0,49542150.0,49542150.0,KOSPI,-2.9
452250,4740.0,29113.0,29113.0,137995620.0,137995620.0,KOSPI,0.0
000910,2775.0,32129.0,32129.0,89157975.0,89157975.0,KOSPI,4.52
570061,43195.0,159.0,159.0,6868005.0,6868005.0,KOSPI,2.13
440650,11975.0,29063.0,29063.0,348029425.0,348029425.0,KOSPI,0.04
152500,39175.0,56984.0,56984.0,2232348200.0,2232348200.0,KOSPI,2.3
481850,991.0,27266.0,27266.0,27020606.0,27020606.0,KOSPI,1.23
520056,21540.0,17405.0,17405.0,374903700.0,374903700.0,KOSPI,13.67
023350,3930.0,9886.0,9886.0,38851980.0,38851980.0,KOSPI,0.13
009835,16610.0,10675.0,10675.0,177311750.0,177311750.0,KOSPI,4.01
476260,11560.0,552166.0,552166.0,6383038960.0,6383038960.0,KOSPI,4.0
004540,1148.0,71113.0,71113.0,81637724.0,81637724.0,KOSPI,2.5
520078,14105.0,64.0,64.0,902720.0,902720.0,KOSPI,-1.74
429760,20130.0,9905.0,9905.0,199387650.0,199387650.0,KOSPI,1.28
008420,2060.0,21161.0,21161.0,43591660.0,43591660.0,KOSPI,3.0
196030,84255.0,65.0,65.0,5476575.0,5476575.0,KOSPI,-0.25
550041,60125.0,1.0,1.0,60125.0,60125.0,KOSPI,1.97
610038,4205.0,2447.0,2447.0,10289635.0,10289635.0,KOSPI,-0.59
570082,2100.0,185922.0,185922.0,390436200.0,390436200.0,KOSPI,-13.76
238720,46650.0,1495.0,1495.0,69741750.0,69741750.0,KOSPI,0.54
480370,1288.0,89674.0,89674.0,115500112.0,115500112.0,KOSPI,7.96
092780,3170.0,13901.0,13901.0,44066170.0,44066170.0,KOSPI,1.6
520075,41645.0,19.0,19.0,791255.0,791255.0,KOSPI,2.57
261120,4945.0,29247.0,29247.0,144626415.0,144626415.0,KOSPI,-0.2
375770,23060.0,1448.0,1448.0,33390880.0,33390880.0,KOSPI,3.06
004410,1052.0,107261.0,107261.0,112838572.0,112838572.0,KOSPI,1.54
007815,13990.0,1130.0,1130.0,15808700.0,15808700.0,KOSPI,7.62
0007G0,13550.0,2308.0,2308.0,31273400.0,31273400.0,KOSPI,1.69
084870,2015.0,118297.0,118297.0,238368455.0,238368455.0,KOSPI,1.0
011390,39000.0,1074.0,1074.0,41886000.0,41886000.0,KOSPI,4.0
464470,49550.0,6840.0,6840.0,338922000.0,338922000.0,KOSPI,0.04
580068,40825.0,9757.0,9757.0,398329525.0,398329525.0,KOSPI,4.36
139280,12405.0,9913.0,9913.0,122970765.0,122970765.0,KOSPI,4.07
442090,27090.0,1000.0,1000.0,27090000.0,27090000.0,KOSPI,4.68
011420,1468.0,64574.0,64574.0,94794632.0,94794632.0,KOSPI,2.3
530133,40425.0,19141.0,19141.0,773774925.0,773774925.0,KOSPI,4.34
500093,40325.0,2964.0,2964.0,119523300.0,119523300.0,KOSPI,3.85
003680,6480.0,1388259.0,1388259.0,8995918320.0,8995918320.0,KOSPI,4.52
365000,3835.0,470519.0,470519.0,1804440365.0,1804440365.0,KOSPI,7.12
700029,39960.0,52.0,52.0,2077920.0,2077920.0,KOSPI,1.61
322410,22180.0,10828.0,10828.0,240165040.0,240165040.0,KOSPI,1.09
520082,13285.0,3.0,3.0,39855.0,39855.0,KOSPI,2.86
610088,39795.0,43169.0,43169.0,1717910355.0,1717910355.0,KOSPI,4.2
012280,803.0,45162.0,45162.0,36265086.0,36265086.0,KOSPI,1.52
305050,66280.0,3475.0,3475.0,230323000.0,230323000.0,KOSPI,2.31
465660,26435.0,14478.0,14478.0,382725930.0,382725930.0,KOSPI,4.1
400970,7765.0,2039.0,2039.0,15832835.0,15832835.0,KOSPI,4.93
580077,13190.0,5682.0,5682.0,74945580.0,74945580.0,KOSPI,-2.91
145270,822.0,9473.0,9473.0,7786806.0,7786806.0,KOSPI,1.61
491830,21755.0,33090.0,33090.0,719872950.0,719872950.0,KOSPI,2.45
134790,19550.0,379.0,379.0,7409450.0,7409450.0,KOSPI,0.15
183700,92790.0,4555.0,4555.0,422658450.0,422658450.0,KOSPI,0.48
000215,23050.0,2757.0,2757.0,63548850.0,63548850.0,KOSPI,5.73
437070,61380.0,18.0,18.0,1104840.0,1104840.0,KOSPI,0.22
465350,19380.0,48702.0,48702.0,943844760.0,943844760.0,KOSPI,-5.0
352540,11385.0,9334.0,9334.0,106267590.0,106267590.0,KOSPI,-0.65
0189B0,7665.0,29828.0,29828.0,228631620.0,228631620.0,KOSPI,1.59
012160,2470.0,74241.0,74241.0,183375270.0,183375270.0,KOSPI,3.78
017180,1136.0,50708.0,50708.0,57604288.0,57604288.0,KOSPI,4.89
008870,38400.0,183.0,183.0,7027200.0,7027200.0,KOSPI,0.92
009460,3210.0,39870.0,39870.0,127982700.0,127982700.0,KOSPI,2.72
473590,17710.0,59176.0,59176.0,1048006960.0,1048006960.0,KOSPI,3.6
448570,28200.0,30.0,30.0,846000.0,846000.0,KOSPI,1.18
195930,23750.0,45537.0,45537.0,1081503750.0,1081503750.0,KOSPI,0.53
026940,1899.0,130426.0,130426.0,247678974.0,247678974.0,KOSPI,2.87
047400,899.0,88417.0,88417.0,79486883.0,79486883.0,KOSPI,1.12
610089,3145.0,139911.0,139911.0,440020095.0,440020095.0,KOSPI,-3.38
475070,31250.0,4425.0,4425.0,138281250.0,138281250.0,KOSPI,3.86
520077,14980.0,21191.0,21191.0,317441180.0,317441180.0,KOSPI,-1.38
0220B0,9245.0,672202.0,672202.0,6214507490.0,6214507490.0,KOSPI,4.52
0100K0,6680.0,574065.0,574065.0,3834754200.0,3834754200.0,KOSPI,20.14
487130,24915.0,32096.0,32096.0,799671840.0,799671840.0,KOSPI,3.81
139320,16965.0,4016.0,4016.0,68131440.0,68131440.0,KOSPI,0.09
472840,99505.0,7395.0,7395.0,735839475.0,735839475.0,KOSPI,0.95
498860,16550.0,50145.0,50145.0,829899750.0,829899750.0,KOSPI,1.29
352560,12595.0,18471.0,18471.0,232642245.0,232642245.0,KOSPI,0.28
023960,974.0,49782.0,49782.0,48487668.0,48487668.0,KOSPI,0.93
000890,1340.0,250051.0,250051.0,335068340.0,335068340.0,KOSPI,2.52
147970,76370.0,3904.0,3904.0,298148480.0,298148480.0,KOSPI,3.29
000760,13040.0,1154.0,1154.0,15048160.0,15048160.0,KOSPI,-2.32
276970,7765.0,13255.0,13255.0,102925075.0,102925075.0,KOSPI,0.06
049800,1823.0,5738.0,5738.0,10460374.0,10460374.0,KOSPI,1.33
002880,775.0,100741.0,100741.0,78074275.0,78074275.0,KOSPI,0.52
468630,11260.0,38410.0,38410.0,432496600.0,432496600.0,KOSPI,0.22
292560,8390.0,28576.0,28576.0,239752640.0,239752640.0,KOSPI,-0.3
0085N0,9745.0,22093.0,22093.0,215296285.0,215296285.0,KOSPI,0.0
760005,36040.0,2.0,2.0,72080.0,72080.0,KOSPI,2.77
322400,10560.0,5842.0,5842.0,61691520.0,61691520.0,KOSPI,3.48
133820,967.0,50288.0,50288.0,48628496.0,48628496.0,KOSPI,2.11
570102,17930.0,756.0,756.0,13555080.0,13555080.0,KOSPI,2.43
014910,1637.0,234935.0,234935.0,384588595.0,384588595.0,KOSPI,2.96
253250,87175.0,57948.0,57948.0,5051616900.0,5051616900.0,KOSPI,2.14
104530,17325.0,6533.0,6533.0,113184225.0,113184225.0,KOSPI,1.97
446070,3345.0,45569.0,45569.0,152428305.0,152428305.0,KOSPI,-0.45
0154F0,12015.0,5145.0,5145.0,61817175.0,61817175.0,KOSPI,0.71
700027,35355.0,15685.0,15685.0,554543175.0,554543175.0,KOSPI,-1.98
275280,39275.0,4016.0,4016.0,157728400.0,157728400.0,KOSPI,1.87
002870,1005.0,280814.0,280814.0,282218070.0,282218070.0,KOSPI,-4.65
500040,35035.0,266.0,266.0,9319310.0,9319310.0,KOSPI,1.02
0192M0,9790.0,93903.0,93903.0,919310370.0,919310370.0,KOSPI,-1.31
013000,1219.0,54540.0,54540.0,66484260.0,66484260.0,KOSPI,-1.3
550064,34965.0,18.0,18.0,629370.0,629370.0,KOSPI,0.34
027740,1096.0,149834.0,149834.0,164218064.0,164218064.0,KOSPI,3.98
476690,10730.0,13905.0,13905.0,149200650.0,149200650.0,KOSPI,-1.11
474800,15260.0,32629.0,32629.0,497918540.0,497918540.0,KOSPI,0.73
138910,10090.0,39499.0,39499.0,398544910.0,398544910.0,KOSPI,0.4
174360,24460.0,3313.0,3313.0,81035980.0,81035980.0,KOSPI,1.83
469050,31120.0,23630.0,23630.0,735365600.0,735365600.0,KOSPI,0.94
459560,22070.0,9151.0,9151.0,201962570.0,201962570.0,KOSPI,0.48
0112X0,37925.0,2484.0,2484.0,94205700.0,94205700.0,KOSPI,1.8
276650,45437.0,207.0,207.0,9405459.0,9405459.0,KOSPI,0.27
610007,6805.0,41.0,41.0,279005.0,279005.0,KOSPI,-0.22
241390,15430.0,1775.0,1775.0,27388250.0,27388250.0,KOSPI,1.35
0186S0,8150.0,649486.0,649486.0,5293310900.0,5293310900.0,KOSPI,3.56
004365,9110.0,1302.0,1302.0,11861220.0,11861220.0,KOSPI,-1.09
099140,22390.0,2313.0,2313.0,51788070.0,51788070.0,KOSPI,-0.31
449690,44700.0,311.0,311.0,13901700.0,13901700.0,KOSPI,0.46
407830,13905.0,2206.0,2206.0,30674430.0,30674430.0,KOSPI,3.0
449780,18535.0,7493.0,7493.0,138882755.0,138882755.0,KOSPI,1.06
122260,104005.0,1062.0,1062.0,110453310.0,110453310.0,KOSPI,0.03
002420,5570.0,71029.0,71029.0,395631530.0,395631530.0,KOSPI,5.29
496770,18950.0,4231.0,4231.0,80177450.0,80177450.0,KOSPI,1.34
266360,10310.0,21058.0,21058.0,217107980.0,217107980.0,KOSPI,3.57
0023B0,16490.0,27103.0,27103.0,446928470.0,446928470.0,KOSPI,5.84
491090,18310.0,13186.0,13186.0,241435660.0,241435660.0,KOSPI,2.18
459750,18280.0,3055.0,3055.0,55845400.0,55845400.0,KOSPI,0.27
256440,5370.0,118297.0,118297.0,635254890.0,635254890.0,KOSPI,-1.47
395290,5235.0,18630.0,18630.0,97528050.0,97528050.0,KOSPI,5.44
009140,20800.0,5085.0,5085.0,105768000.0,105768000.0,KOSPI,4.84
153270,77550.0,3994.0,3994.0,309734700.0,309734700.0,KOSPI,1.84
003060,2260.0,44566.0,44566.0,100719160.0,100719160.0,KOSPI,5.61
036420,1685.0,102073.0,102073.0,171993005.0,171993005.0,KOSPI,2.62
570065,32370.0,133.0,133.0,4305210.0,4305210.0,KOSPI,1.3
450910,13020.0,140853.0,140853.0,1833906060.0,1833906060.0,KOSPI,7.74
520093,2690.0,6186.0,6186.0,16640340.0,16640340.0,KOSPI,-2.0
001070,6090.0,4876.0,4876.0,29694840.0,29694840.0,KOSPI,1.0
494410,14660.0,5449.0,5449.0,79882340.0,79882340.0,KOSPI,2.66
415920,6860.0,41693.0,41693.0,286013980.0,286013980.0,KOSPI,4.02
0089B0,11510.0,23075.0,23075.0,265593250.0,265593250.0,KOSPI,1.01
007120,1177.0,64030.0,64030.0,75363310.0,75363310.0,KOSPI,-1.09
610075,53500.0,47.0,47.0,2514500.0,2514500.0,KOSPI,0.21
010400,4205.0,20434.0,20434.0,85924970.0,85924970.0,KOSPI,0.84
227540,18400.0,11192.0,11192.0,205932800.0,205932800.0,KOSPI,3.63
261140,23175.0,10113.0,10113.0,234368775.0,234368775.0,KOSPI,1.31
004870,1410.0,5100229.0,5100229.0,7191322890.0,7191322890.0,KOSPI,12.98
500035,15955.0,10.0,10.0,159550.0,159550.0,KOSPI,-1.21
245350,19830.0,2075.0,2075.0,41147250.0,41147250.0,KOSPI,0.03
570072,31700.0,99.0,99.0,3138300.0,3138300.0,KOSPI,1.93
0138T0,9890.0,33212.0,33212.0,328466680.0,328466680.0,KOSPI,1.07
520047,31535.0,43.0,43.0,1356005.0,1356005.0,KOSPI,-5.41
520079,31490.0,8.0,8.0,251920.0,251920.0,KOSPI,-3.51
380340,26200.0,77304.0,77304.0,2025364800.0,2025364800.0,KOSPI,5.73
005820,13680.0,707.0,707.0,9671760.0,9671760.0,KOSPI,2.78
385520,14960.0,17977.0,17977.0,268935920.0,268935920.0,KOSPI,2.08
105780,15690.0,5650.0,5650.0,88648500.0,88648500.0,KOSPI,1.92
530117,31130.0,1015.0,1015.0,31596950.0,31596950.0,KOSPI,1.63
011330,3450.0,41048.0,41048.0,141615600.0,141615600.0,KOSPI,5.83
464920,24850.0,9643.0,9643.0,239628550.0,239628550.0,KOSPI,1.55
476070,11235.0,17658.0,17658.0,198387630.0,198387630.0,KOSPI,-1.01
426150,51215.0,26.0,26.0,1331590.0,1331590.0,KOSPI,-0.09
308170,3580.0,26908.0,26908.0,96330640.0,96330640.0,KOSPI,-3.63
069640,1414.0,134046.0,134046.0,189541044.0,189541044.0,KOSPI,14.96
006570,2015.0,8493.0,8493.0,17113395.0,17113395.0,KOSPI,0.5
001380,1361.0,24492.0,24492.0,33333612.0,33333612.0,KOSPI,3.11
005360,1615.0,8019828.0,8019828.0,12952022220.0,12952022220.0,KOSPI,7.1
500102,15215.0,556.0,556.0,8459540.0,8459540.0,KOSPI,1.43
025750,1885.0,17243.0,17243.0,32503055.0,32503055.0,KOSPI,3.23
520065,15185.0,20.0,20.0,303700.0,303700.0,KOSPI,-0.07
530118,10115.0,2230.0,2230.0,22556450.0,22556450.0,KOSPI,7.04
0107F0,11895.0,39008.0,39008.0,464000160.0,464000160.0,KOSPI,2.63
009810,1909.0,11146.0,11146.0,21277714.0,21277714.0,KOSPI,-1.6
248270,26315.0,6260.0,6260.0,164731900.0,164731900.0,KOSPI,-1.02
500085,29940.0,58.0,58.0,1736520.0,1736520.0,KOSPI,-3.9
023150,4050.0,6554.0,6554.0,26543700.0,26543700.0,KOSPI,1.0
0155M0,7200.0,12139.0,12139.0,87400800.0,87400800.0,KOSPI,3.3
387270,24625.0,851.0,851.0,20955875.0,20955875.0,KOSPI,2.31
271060,8200.0,28188.0,28188.0,231141600.0,231141600.0,KOSPI,2.18
024070,1940.0,19066.0,19066.0,36988040.0,36988040.0,KOSPI,-1.67
494340,19785.0,16078.0,16078.0,318103230.0,318103230.0,KOSPI,1.88
002690,1461.0,4227.0,4227.0,6175647.0,6175647.0,KOSPI,0.34
139270,16260.0,12622.0,12622.0,205233720.0,205233720.0,KOSPI,-0.7
0155N0,7570.0,198962.0,198962.0,1506142340.0,1506142340.0,KOSPI,2.02
415340,14255.0,24222.0,24222.0,345284610.0,345284610.0,KOSPI,3.98
395170,14740.0,39013.0,39013.0,575051620.0,575051620.0,KOSPI,0.65
014130,2485.0,31000.0,31000.0,77035000.0,77035000.0,KOSPI,3.33
0209Z0,6495.0,210655.0,210655.0,1368204225.0,1368204225.0,KOSPI,6.91
090370,1070.0,35350.0,35350.0,37824500.0,37824500.0,KOSPI,0.0
570069,29150.0,35.0,35.0,1020250.0,1020250.0,KOSPI,-0.73
475380,10795.0,10978.0,10978.0,118507510.0,118507510.0,KOSPI,0.14
520090,7280.0,6496.0,6496.0,47290880.0,47290880.0,KOSPI,0.76
192720,57050.0,967.0,967.0,55167350.0,55167350.0,KOSPI,2.0
0203S0,8425.0,61743.0,61743.0,520184775.0,520184775.0,KOSPI,0.78
489290,15530.0,104898.0,104898.0,1629065940.0,1629065940.0,KOSPI,3.09
008250,2620.0,29850.0,29850.0,78207000.0,78207000.0,KOSPI,2.14
088790,2305.0,10068.0,10068.0,23206740.0,23206740.0,KOSPI,1.1
156080,47785.0,2976.0,2976.0,142208160.0,142208160.0,KOSPI,0.65
014990,1904.0,5434.0,5434.0,10346336.0,10346336.0,KOSPI,2.37
570029,5720.0,700.0,700.0,4004000.0,4004000.0,KOSPI,0.35
477730,8055.0,1467.0,1467.0,11816685.0,11816685.0,KOSPI,0.62
0137W0,10580.0,3489.0,3489.0,36913620.0,36913620.0,KOSPI,1.2
261250,17090.0,59312.0,59312.0,1013642080.0,1013642080.0,KOSPI,0.29
118000,1294.0,9110.0,9110.0,11788340.0,11788340.0,KOSPI,2.54
275290,31705.0,2741.0,2741.0,86903405.0,86903405.0,KOSPI,1.33
570047,28520.0,2.0,2.0,57040.0,57040.0,KOSPI,-1.3
245360,12925.0,8257.0,8257.0,106721725.0,106721725.0,KOSPI,-1.03
570124,14190.0,67.0,67.0,950730.0,950730.0,KOSPI,-0.11
0198D0,8305.0,108270.0,108270.0,899182350.0,899182350.0,KOSPI,1.34
446690,56560.0,18809.0,18809.0,1063837040.0,1063837040.0,KOSPI,3.11
0204S0,6285.0,88157.0,88157.0,554066745.0,554066745.0,KOSPI,6.53
0083S0,9665.0,10369.0,10369.0,100216385.0,100216385.0,KOSPI,2.93
145850,112105.0,12.0,12.0,1345260.0,1345260.0,KOSPI,1.64
002820,2220.0,7010.0,7010.0,15562200.0,15562200.0,KOSPI,2.07
469790,39745.0,2509.0,2509.0,99720205.0,99720205.0,KOSPI,0.76
450190,46330.0,1013.0,1013.0,46932290.0,46932290.0,KOSPI,4.3
0164G0,13230.0,57048.0,57048.0,754745040.0,754745040.0,KOSPI,8.4
419430,9920.0,1059.0,1059.0,10505280.0,10505280.0,KOSPI,0.71
437350,12625.0,6406.0,6406.0,80875750.0,80875750.0,KOSPI,0.2
176950,60060.0,928.0,928.0,55735680.0,55735680.0,KOSPI,-0.12
0192T0,6745.0,456000.0,456000.0,3075720000.0,3075720000.0,KOSPI,8.18
0150K0,9650.0,132971.0,132971.0,1283170150.0,1283170150.0,KOSPI,9.66
357430,901.0,107335.0,107335.0,96708835.0,96708835.0,KOSPI,7.26
610069,18295.0,4141.0,4141.0,75759595.0,75759595.0,KOSPI,-1.11
0223R0,9575.0,72764.0,72764.0,696715300.0,696715300.0,KOSPI,2.3
003535,5690.0,20424.0,20424.0,116212560.0,116212560.0,KOSPI,1.97
493420,12975.0,14666.0,14666.0,190291350.0,190291350.0,KOSPI,0.58
0065G0,9720.0,10665.0,10665.0,103663800.0,103663800.0,KOSPI,0.83
093240,442.0,1135969.0,1135969.0,502098298.0,502098298.0,KOSPI,0.0
520083,27125.0,10.0,10.0,271250.0,271250.0,KOSPI,5.94
0013R0,7975.0,13047.0,13047.0,104049825.0,104049825.0,KOSPI,1.27
167860,93075.0,46.0,46.0,4281450.0,4281450.0,KOSPI,0.72
006490,910.0,53136.0,53136.0,48353760.0,48353760.0,KOSPI,1.68
269420,23600.0,13447.0,13447.0,317349200.0,317349200.0,KOSPI,0.85
0103T0,8650.0,59157.0,59157.0,511708050.0,511708050.0,KOSPI,6.72
530119,26770.0,37.0,37.0,990490.0,990490.0,KOSPI,0.26
530128,26755.0,203.0,203.0,5431265.0,5431265.0,KOSPI,1.98
006345,10190.0,150185.0,150185.0,1530385150.0,1530385150.0,KOSPI,3.66
010640,1599.0,27203.0,27203.0,43497597.0,43497597.0,KOSPI,2.3
0152E0,10885.0,7404.0,7404.0,80592540.0,80592540.0,KOSPI,0.6
414270,12400.0,162630.0,162630.0,2016612000.0,2016612000.0,KOSPI,0.69
440340,12400.0,4440.0,4440.0,55056000.0,55056000.0,KOSPI,0.73
223190,26570.0,2418.0,2418.0,64246260.0,64246260.0,KOSPI,1.72
500023,13240.0,250.0,250.0,3310000.0,3310000.0,KOSPI,0.49
289480,11505.0,44739.0,44739.0,514722195.0,514722195.0,KOSPI,1.1
117460,12600.0,135017.0,135017.0,1701214200.0,1701214200.0,KOSPI,4.96
610028,26455.0,3830.0,3830.0,101322650.0,101322650.0,KOSPI,2.01
580048,13165.0,6.0,6.0,78990.0,78990.0,KOSPI,0.11
580057,13140.0,3.0,3.0,39420.0,39420.0,KOSPI,-1.61
0184E0,10500.0,83255.0,83255.0,874177500.0,874177500.0,KOSPI,0.86
0166N0,6985.0,252299.0,252299.0,1762308515.0,1762308515.0,KOSPI,8.8
461600,8315.0,12190.0,12190.0,101359850.0,101359850.0,KOSPI,0.0
530063,26060.0,8065.0,8065.0,210173900.0,210173900.0,KOSPI,0.87
530130,8685.0,19243.0,19243.0,167125455.0,167125455.0,KOSPI,-0.74
483570,16275.0,3972.0,3972.0,64644300.0,64644300.0,KOSPI,2.65
550069,26035.0,43.0,43.0,1119505.0,1119505.0,KOSPI,0.95
0115C0,11315.0,45392.0,45392.0,513610480.0,513610480.0,KOSPI,0.49
700012,25980.0,1.0,1.0,25980.0,25980.0,KOSPI,-5.66
0047R0,14825.0,79637.0,79637.0,1180618525.0,1180618525.0,KOSPI,5.22
030720,5570.0,19298.0,19298.0,107489860.0,107489860.0,KOSPI,1.27
0218J0,8640.0,132921.0,132921.0,1148437440.0,1148437440.0,KOSPI,2.73
438320,5885.0,9169.0,9169.0,53959565.0,53959565.0,KOSPI,0.94
252710,102.0,195252995.0,195252995.0,19915805490.0,19915805490.0,KOSPI,-2.86
0097L0,12565.0,3105.0,3105.0,39014325.0,39014325.0,KOSPI,0.88
33637K,1516.0,8071.0,8071.0,12235636.0,12235636.0,KOSPI,0.2
071950,2055.0,356425.0,356425.0,732453375.0,732453375.0,KOSPI,0.74
479850,17060.0,68898.0,68898.0,1175399880.0,1175399880.0,KOSPI,3.93
025890,2285.0,23472.0,23472.0,53633520.0,53633520.0,KOSPI,-0.22
0049K0,11295.0,14865.0,14865.0,167900175.0,167900175.0,KOSPI,0.85
760004,9390.0,1.0,1.0,9390.0,9390.0,KOSPI,0.32
610022,8420.0,59.0,59.0,496780.0,496780.0,KOSPI,-0.12
0067V0,10445.0,7374.0,7374.0,77021430.0,77021430.0,KOSPI,0.72
005320,733.0,85007.0,85007.0,62310131.0,62310131.0,KOSPI,-1.21
033250,3905.0,56452.0,56452.0,220445060.0,220445060.0,KOSPI,3.99
006740,1052.0,43752.0,43752.0,46027104.0,46027104.0,KOSPI,0.77
300950,5795.0,39979.0,39979.0,231678305.0,231678305.0,KOSPI,2.66
002355,3825.0,1099.0,1099.0,4203675.0,4203675.0,KOSPI,0.66
261060,20705.0,72709.0,72709.0,1505439845.0,1505439845.0,KOSPI,5.83
0193L0,12350.0,1847610.0,1847610.0,22817983500.0,22817983500.0,KOSPI,-1.08
411540,16365.0,4208.0,4208.0,68863920.0,68863920.0,KOSPI,3.15
530116,4905.0,60458.0,60458.0,296546490.0,296546490.0,KOSPI,-2.87
280930,16895.0,14553.0,14553.0,245872935.0,245872935.0,KOSPI,1.26
481340,8880.0,26174.0,26174.0,232425120.0,232425120.0,KOSPI,-0.11
0093D0,17420.0,111270.0,111270.0,1938323400.0,1938323400.0,KOSPI,5.8
204450,2385.0,44442.0,44442.0,105994170.0,105994170.0,KOSPI,-2.05
368190,7590.0,933.0,933.0,7081470.0,7081470.0,KOSPI,4.19
610001,12130.0,1.0,1.0,12130.0,12130.0,KOSPI,0.04
138230,16715.0,3283.0,3283.0,54875345.0,54875345.0,KOSPI,0.09
195970,16490.0,48993.0,48993.0,807894570.0,807894570.0,KOSPI,0.09
469160,26725.0,18818.0,18818.0,502911050.0,502911050.0,KOSPI,3.81
760026,16005.0,95688.0,95688.0,1531486440.0,1531486440.0,KOSPI,13.31
185680,45100.0,2165.0,2165.0,97641500.0,97641500.0,KOSPI,-0.19
388280,7205.0,9432.0,9432.0,67957560.0,67957560.0,KOSPI,1.26
0186L0,9925.0,18766.0,18766.0,186252550.0,186252550.0,KOSPI,2.96
277540,31710.0,1062.0,1062.0,33676020.0,33676020.0,KOSPI,0.33
496120,31610.0,8374.0,8374.0,264702140.0,264702140.0,KOSPI,2.12
019175,11890.0,7184.0,7184.0,85417760.0,85417760.0,KOSPI,4.21
457690,10520.0,19793.0,19793.0,208222360.0,208222360.0,KOSPI,0.14
580072,11775.0,18.0,18.0,211950.0,211950.0,KOSPI,2.17
550088,23520.0,1.0,1.0,23520.0,23520.0,KOSPI,1.23
003495,21150.0,2506.0,2506.0,53001900.0,53001900.0,KOSPI,0.24
580073,23390.0,1.0,1.0,23390.0,23390.0,KOSPI,3.63
024890,2835.0,16140.0,16140.0,45756900.0,45756900.0,KOSPI,0.18
0206G0,8155.0,227238.0,227238.0,1853125890.0,1853125890.0,KOSPI,-0.24
117680,11040.0,43455.0,43455.0,479743200.0,479743200.0,KOSPI,3.91
610036,23075.0,873.0,873.0,20144475.0,20144475.0,KOSPI,-3.41
580071,11500.0,36508.0,36508.0,419842000.0,419842000.0,KOSPI,-0.73
0190M0,8675.0,58514.0,58514.0,507608950.0,507608950.0,KOSPI,7.03
442550,14820.0,7111.0,7111.0,105385020.0,105385020.0,KOSPI,0.44
300640,6655.0,1381.0,1381.0,9190555.0,9190555.0,KOSPI,4.07
471460,45650.0,589.0,589.0,26887850.0,26887850.0,KOSPI,-0.25
459790,20695.0,301422.0,301422.0,6237928290.0,6237928290.0,KOSPI,2.5
500100,11375.0,70.0,70.0,796250.0,796250.0,KOSPI,0.31
364990,4970.0,59193.0,59193.0,294189210.0,294189210.0,KOSPI,3.33
0047P0,14570.0,4239.0,4239.0,61762230.0,61762230.0,KOSPI,1.96
433220,30500.0,1077.0,1077.0,32848500.0,32848500.0,KOSPI,2.28
530089,22490.0,410.0,410.0,9220900.0,9220900.0,KOSPI,1.6
0198B0,9960.0,69612.0,69612.0,693335520.0,693335520.0,KOSPI,0.15
570115,22390.0,3.0,3.0,67170.0,67170.0,KOSPI,0.52
159800,79920.0,4541.0,4541.0,362916720.0,362916720.0,KOSPI,1.67
289250,32415.0,30438.0,30438.0,986647770.0,986647770.0,KOSPI,1.93
570122,11150.0,2.0,2.0,22300.0,22300.0,KOSPI,-0.45
292500,44440.0,3186.0,3186.0,141585840.0,141585840.0,KOSPI,-0.3
292160,44425.0,34083.0,34083.0,1514137275.0,1514137275.0,KOSPI,1.57
0026E0,12000.0,394.0,394.0,4728000.0,4728000.0,KOSPI,0.76
002360,1996.0,48859.0,48859.0,97522564.0,97522564.0,KOSPI,2.99
463300,13740.0,1427.0,1427.0,19606980.0,19606980.0,KOSPI,3.62
447660,13720.0,70614.0,70614.0,968824080.0,968824080.0,KOSPI,-0.22
217770,1359.0,317278.0,317278.0,431180802.0,431180802.0,KOSPI,-1.59
580067,10950.0,1.0,1.0,10950.0,10950.0,KOSPI,2.53
239660,121500.0,3296.0,3296.0,400464000.0,400464000.0,KOSPI,0.03
0144M0,7670.0,18989.0,18989.0,145645630.0,145645630.0,KOSPI,4.5
700017,21850.0,334.0,334.0,7297900.0,7297900.0,KOSPI,14.94
051630,1029.0,55240.0,55240.0,56841960.0,56841960.0,KOSPI,3.52
139250,16035.0,19112.0,19112.0,306460920.0,306460920.0,KOSPI,4.53
008775,29000.0,836.0,836.0,24244000.0,24244000.0,KOSPI,1.58
0153X0,11475.0,42557.0,42557.0,488341575.0,488341575.0,KOSPI,0.92
004270,6000.0,5952.0,5952.0,35712000.0,35712000.0,KOSPI,-2.12
530106,21695.0,13419.0,13419.0,291125205.0,291125205.0,KOSPI,13.77
570081,21665.0,7488.0,7488.0,162227520.0,162227520.0,KOSPI,7.33
461450,14425.0,32915.0,32915.0,474798875.0,474798875.0,KOSPI,7.61
000040,1248.0,23837.0,23837.0,29748576.0,29748576.0,KOSPI,0.65
091220,16285.0,26418.0,26418.0,430217130.0,430217130.0,KOSPI,0.4
364690,35820.0,501.0,501.0,17945820.0,17945820.0,KOSPI,2.47
0221Z0,10680.0,520569.0,520569.0,5559676920.0,5559676920.0,KOSPI,10.9
367740,38605.0,1393.0,1393.0,53776765.0,53776765.0,KOSPI,4.98
500072,2120.0,91217.0,91217.0,193380040.0,193380040.0,KOSPI,-13.82
011090,1788.0,2579784.0,2579784.0,4612653792.0,4612653792.0,KOSPI,3.77
580074,10590.0,3.0,3.0,31770.0,31770.0,KOSPI,0.24
489000,9595.0,25302.0,25302.0,242772690.0,242772690.0,KOSPI,-0.62
169950,26330.0,692.0,692.0,18220360.0,18220360.0,KOSPI,0.92
0177A0,8425.0,89528.0,89528.0,754273400.0,754273400.0,KOSPI,4.53
33626L,7050.0,1439.0,1439.0,10144950.0,10144950.0,KOSPI,-0.28
225130,42070.0,564.0,564.0,23727480.0,23727480.0,KOSPI,-0.43
0106J0,18225.0,60.0,60.0,1093500.0,1093500.0,KOSPI,1.25
253290,11615.0,10909.0,10909.0,126708035.0,126708035.0,KOSPI,1.18
152380,65125.0,1001.0,1001.0,65190125.0,65190125.0,KOSPI,0.16
0127R0,17190.0,54393.0,54393.0,935015670.0,935015670.0,KOSPI,10.44
760022,10300.0,243.0,243.0,2502900.0,2502900.0,KOSPI,9.17
464600,21670.0,16132.0,16132.0,349580440.0,349580440.0,KOSPI,2.8
001420,2705.0,27038.0,27038.0,73137790.0,73137790.0,KOSPI,1.31
497780,10815.0,7697.0,7697.0,83243055.0,83243055.0,KOSPI,-0.6
375760,22755.0,380.0,380.0,8646900.0,8646900.0,KOSPI,2.2
376410,22670.0,2635.0,2635.0,59735450.0,59735450.0,KOSPI,2.0
371450,13285.0,17851.0,17851.0,237150535.0,237150535.0,KOSPI,2.83
465770,2795.0,1402509.0,1402509.0,3920012655.0,3920012655.0,KOSPI,1.27
530112,20030.0,97.0,97.0,1942910.0,1942910.0,KOSPI,1.16
108590,100125.0,114.0,114.0,11414250.0,11414250.0,KOSPI,1.46
006200,2115.0,124309.0,124309.0,262913535.0,262913535.0,KOSPI,1.44
0223A0,9885.0,263274.0,263274.0,2602463490.0,2602463490.0,KOSPI,6.75
0104P0,10960.0,14260.0,14260.0,156289600.0,156289600.0,KOSPI,1.39
580066,9830.0,2.0,2.0,19660.0,19660.0,KOSPI,1.55
610104,19630.0,2.0,2.0,39260.0,39260.0,KOSPI,-0.15
610085,32715.0,261.0,261.0,8538615.0,8538615.0,KOSPI,-1.74
416090,13035.0,11104.0,11104.0,144740640.0,144740640.0,KOSPI,5.08
236350,31410.0,4476.0,4476.0,140591160.0,140591160.0,KOSPI,0.05
304770,13325.0,23939.0,23939.0,318987175.0,318987175.0,KOSPI,6.94
001685,14190.0,1311.0,1311.0,18603090.0,18603090.0,KOSPI,0.42
550085,9720.0,4.0,4.0,38880.0,38880.0,KOSPI,6.46
461910,38850.0,4210.0,4210.0,163558500.0,163558500.0,KOSPI,5.97
530140,19385.0,1405.0,1405.0,27235925.0,27235925.0,KOSPI,5.64
760008,9685.0,10790.0,10790.0,104501150.0,104501150.0,KOSPI,2.87
213630,20980.0,15978.0,15978.0,335218440.0,335218440.0,KOSPI,0.38
445910,20275.0,12161.0,12161.0,246564275.0,246564275.0,KOSPI,3.36
407310,16045.0,1639.0,1639.0,26297755.0,26297755.0,KOSPI,3.32
520039,9605.0,21649.0,21649.0,207938645.0,207938645.0,KOSPI,7.44
404260,21200.0,905.0,905.0,19186000.0,19186000.0,KOSPI,2.27
468370,11075.0,12840.0,12840.0,142203000.0,142203000.0,KOSPI,-0.09
417630,18115.0,10298.0,10298.0,186548270.0,186548270.0,KOSPI,4.53
226980,21055.0,9161.0,9161.0,192884855.0,192884855.0,KOSPI,4.34
219390,7700.0,43131.0,43131.0,332108700.0,332108700.0,KOSPI,1.92
700034,12500.0,10444.0,10444.0,130550000.0,130550000.0,KOSPI,20.37
483330,14965.0,152221.0,152221.0,2277987265.0,2277987265.0,KOSPI,4.14
460660,12470.0,1425.0,1425.0,17769750.0,17769750.0,KOSPI,0.36
580089,18665.0,5962.0,5962.0,111280730.0,111280730.0,KOSPI,0.65
760021,26665.0,11.0,11.0,293315.0,293315.0,KOSPI,0.77
0018Z0,18605.0,4257.0,4257.0,79201485.0,79201485.0,KOSPI,4.82
337120,31005.0,5.0,5.0,155025.0,155025.0,KOSPI,-1.4
289040,30895.0,1642.0,1642.0,50729590.0,50729590.0,KOSPI,1.15
570125,18445.0,2.0,2.0,36890.0,36890.0,KOSPI,-0.49
487950,12720.0,12428.0,12428.0,158084160.0,158084160.0,KOSPI,1.15
461900,23005.0,7745.0,7745.0,178173725.0,178173725.0,KOSPI,2.72
760012,26235.0,21.0,21.0,550935.0,550935.0,KOSPI,1.96
474920,19475.0,1199.0,1199.0,23350525.0,23350525.0,KOSPI,1.54
0192S0,9115.0,219339.0,219339.0,1999274985.0,1999274985.0,KOSPI,0.72
284980,21645.0,5438.0,5438.0,117705510.0,117705510.0,KOSPI,-0.53
415760,13350.0,8799.0,8799.0,117466650.0,117466650.0,KOSPI,3.89
580090,18110.0,4.0,4.0,72440.0,72440.0,KOSPI,0.25
449580,16335.0,7431.0,7431.0,121385385.0,121385385.0,KOSPI,0.71
0220A0,9375.0,24330.0,24330.0,228093750.0,228093750.0,KOSPI,0.27
580070,17800.0,16344.0,16344.0,290923200.0,290923200.0,KOSPI,9.14
00499K,22000.0,179.0,179.0,3938000.0,3938000.0,KOSPI,0.0
381560,16110.0,16204.0,16204.0,261046440.0,261046440.0,KOSPI,3.01
015260,375.0,6536503.0,6536503.0,2451188625.0,2451188625.0,KOSPI,13.98
580026,35330.0,1466.0,1466.0,51793780.0,51793780.0,KOSPI,1.74
477490,19575.0,20102.0,20102.0,393496650.0,393496650.0,KOSPI,0.67
304760,43855.0,61.0,61.0,2675155.0,2675155.0,KOSPI,2.72
183710,87545.0,441.0,441.0,38607345.0,38607345.0,KOSPI,0.51
445690,29115.0,153.0,153.0,4454595.0,4454595.0,KOSPI,1.94
228820,17460.0,16578.0,16578.0,289451880.0,289451880.0,KOSPI,3.1
419650,5245.0,17759.0,17759.0,93145955.0,93145955.0,KOSPI,0.48
0105D0,9575.0,197481.0,197481.0,1890880575.0,1890880575.0,KOSPI,5.57
108675,16690.0,1700.0,1700.0,28373000.0,28373000.0,KOSPI,1.27
453630,12750.0,5558.0,5558.0,70864500.0,70864500.0,KOSPI,-0.7
229720,34405.0,6127.0,6127.0,210799435.0,210799435.0,KOSPI,1.7
0051A0,24560.0,4047.0,4047.0,99394320.0,99394320.0,KOSPI,2.08
0086C0,9790.0,16627.0,16627.0,162778330.0,162778330.0,KOSPI,-0.05
332620,91570.0,242.0,242.0,22159940.0,22159940.0,KOSPI,0.32
530132,17010.0,239.0,239.0,4065390.0,4065390.0,KOSPI,2.53
530138,17005.0,804.0,804.0,13672020.0,13672020.0,KOSPI,6.28
195920,34000.0,1151.0,1151.0,39134000.0,39134000.0,KOSPI,0.18
250730,9995.0,11900.0,11900.0,118940500.0,118940500.0,KOSPI,-0.6
280320,21200.0,2004.0,2004.0,42484800.0,42484800.0,KOSPI,3.04
453010,109620.0,1491.0,1491.0,163443420.0,163443420.0,KOSPI,0.01
291130,18720.0,204.0,204.0,3818880.0,3818880.0,KOSPI,0.05
610087,16780.0,3.0,3.0,50340.0,50340.0,KOSPI,1.64
453820,12825.0,18022.0,18022.0,231132150.0,231132150.0,KOSPI,-0.23
700036,3325.0,5352055.0,5352055.0,17795582875.0,17795582875.0,KOSPI,-3.9
570121,8300.0,32.0,32.0,265600.0,265600.0,KOSPI,-0.72
530123,16585.0,2607.0,2607.0,43237095.0,43237095.0,KOSPI,-0.78
0216Z0,8925.0,442937.0,442937.0,3953212725.0,3953212725.0,KOSPI,11.42
276000,19420.0,638.0,638.0,12389960.0,12389960.0,KOSPI,-0.92
494420,9665.0,8187.0,8187.0,79127355.0,79127355.0,KOSPI,0.42
385600,10950.0,4012.0,4012.0,43931400.0,43931400.0,KOSPI,2.19
227830,65570.0,289.0,289.0,18949730.0,18949730.0,KOSPI,1.97
432840,20340.0,5312.0,5312.0,108046080.0,108046080.0,KOSPI,1.47
0104G0,6365.0,113253.0,113253.0,720855345.0,720855345.0,KOSPI,17.87
002070,6740.0,1584933.0,1584933.0,10682448420.0,10682448420.0,KOSPI,2.28
0193K0,10730.0,84582.0,84582.0,907564860.0,907564860.0,KOSPI,-0.05
530120,16065.0,86.0,86.0,1381590.0,1381590.0,KOSPI,1.29
225060,15085.0,1144.0,1144.0,17257240.0,17257240.0,KOSPI,-1.28
292050,45660.0,2827.0,2827.0,129080820.0,129080820.0,KOSPI,2.37
289260,26600.0,14432.0,14432.0,383891200.0,383891200.0,KOSPI,2.43
760017,22705.0,4.0,4.0,90820.0,90820.0,KOSPI,3.42
0000H0,10900.0,1492.0,1492.0,16262800.0,16262800.0,KOSPI,-0.14
0207G0,6430.0,584958.0,584958.0,3761279940.0,3761279940.0,KOSPI,13.7
550097,15725.0,6199.0,6199.0,97479275.0,97479275.0,KOSPI,15.67
488290,44750.0,1008.0,1008.0,45108000.0,45108000.0,KOSPI,2.58
404120,22365.0,11192.0,11192.0,250309080.0,250309080.0,KOSPI,4.75
002025,13400.0,4119.0,4119.0,55194600.0,55194600.0,KOSPI,3.88
391670,25910.0,242.0,242.0,6270220.0,6270220.0,KOSPI,2.41
580050,15525.0,62.0,62.0,962550.0,962550.0,KOSPI,0.81
0207Z0,7180.0,18196.0,18196.0,130647280.0,130647280.0,KOSPI,5.74
520099,5145.0,5885909.0,5885909.0,30283001805.0,30283001805.0,KOSPI,-3.47
18064K,28750.0,978.0,978.0,28117500.0,28117500.0,KOSPI,0.88
491510,17060.0,56.0,56.0,955360.0,955360.0,KOSPI,1.22
760023,15315.0,8562.0,8562.0,131127030.0,131127030.0,KOSPI,18.4
131890,38225.0,1320.0,1320.0,50457000.0,50457000.0,KOSPI,2.27
580086,15270.0,6641.0,6641.0,101408070.0,101408070.0,KOSPI,1.53
520088,7620.0,1480.0,1480.0,11277600.0,11277600.0,KOSPI,-0.91
114460,100740.0,1313.0,1313.0,132271620.0,132271620.0,KOSPI,0.08
580088,30190.0,26901.0,26901.0,812141190.0,812141190.0,KOSPI,-2.53
530095,15070.0,6663.0,6663.0,100411410.0,100411410.0,KOSPI,0.4
0153P0,9415.0,3523.0,3523.0,33169045.0,33169045.0,KOSPI,0.0
379790,17660.0,24410.0,24410.0,431080600.0,431080600.0,KOSPI,1.26
570063,14910.0,4.0,4.0,59640.0,59640.0,KOSPI,2.37
570105,4955.0,17.0,17.0,84235.0,84235.0,KOSPI,0.51
500097,14835.0,27.0,27.0,400545.0,400545.0,KOSPI,2.06
500024,7405.0,5.0,5.0,37025.0,37025.0,KOSPI,-0.54
0013P0,13410.0,19165.0,19165.0,257002650.0,257002650.0,KOSPI,1.13
520076,5885.0,3145.0,3145.0,18508325.0,18508325.0,KOSPI,1.03
580052,29160.0,78.0,78.0,2274480.0,2274480.0,KOSPI,-3.83
570099,14580.0,23.0,23.0,335340.0,335340.0,KOSPI,1.36
396510,7750.0,869.0,869.0,6734750.0,6734750.0,KOSPI,1.84
337150,24215.0,987.0,987.0,23900205.0,23900205.0,KOSPI,4.31
0194R0,7825.0,47940.0,47940.0,375130500.0,375130500.0,KOSPI,2.49
610072,28880.0,3.0,3.0,86640.0,86640.0,KOSPI,-0.05
760015,7195.0,44967.0,44967.0,323537565.0,323537565.0,KOSPI,13.13
104520,14360.0,69.0,69.0,990840.0,990840.0,KOSPI,3.76
438900,10990.0,31751.0,31751.0,348943490.0,348943490.0,KOSPI,2.19
530092,2845.0,79496.0,79496.0,226166120.0,226166120.0,KOSPI,-0.52
580080,14215.0,4.0,4.0,56860.0,56860.0,KOSPI,-1.8
413930,25760.0,159.0,159.0,4095840.0,4095840.0,KOSPI,1.28
387280,10630.0,11273.0,11273.0,119831990.0,119831990.0,KOSPI,4.01
130680,6555.0,74433.0,74433.0,487908315.0,487908315.0,KOSPI,1.94
484890,52425.0,7662.0,7662.0,401680350.0,401680350.0,KOSPI,0.02
580047,13905.0,10.0,10.0,139050.0,139050.0,KOSPI,-1.56
000087,12290.0,552.0,552.0,6784080.0,6784080.0,KOSPI,0.41
530129,13885.0,2417.0,2417.0,33560045.0,33560045.0,KOSPI,-1.87
0224X0,10280.0,287619.0,287619.0,2956723320.0,2956723320.0,KOSPI,2.39
0127V0,11050.0,4482.0,4482.0,49526100.0,49526100.0,KOSPI,2.13
0028X0,11995.0,9591.0,9591.0,115044045.0,115044045.0,KOSPI,1.44
019685,710.0,41434.0,41434.0,29418140.0,29418140.0,KOSPI,4.11
435040,19535.0,1027.0,1027.0,20062445.0,20062445.0,KOSPI,1.14
417450,16032.0,612.0,612.0,9811584.0,9811584.0,KOSPI,-0.61
0090B0,6645.0,47151.0,47151.0,313318395.0,313318395.0,KOSPI,5.73
610080,13610.0,2.0,2.0,27220.0,27220.0,KOSPI,0.04
102960,12840.0,9981.0,9981.0,128156040.0,128156040.0,KOSPI,5.38
0127T0,11325.0,2024.0,2024.0,22921800.0,22921800.0,KOSPI,0.8
0004G0,9655.0,5440.0,5440.0,52523200.0,52523200.0,KOSPI,1.79
234310,26910.0,8.0,8.0,215280.0,215280.0,KOSPI,3.2
001795,2070.0,13905.0,13905.0,28783350.0,28783350.0,KOSPI,0.49
610062,66930.0,209.0,209.0,13988370.0,13988370.0,KOSPI,0.88
465670,16675.0,9178.0,9178.0,153043150.0,153043150.0,KOSPI,0.97
489860,15675.0,4616.0,4616.0,72355800.0,72355800.0,KOSPI,0.55
300610,5660.0,11464.0,11464.0,64886240.0,64886240.0,KOSPI,4.04
0088N0,9830.0,1454.0,1454.0,14292820.0,14292820.0,KOSPI,5.7
580054,26505.0,13.0,13.0,344565.0,344565.0,KOSPI,-1.27
360150,3230.0,523674.0,523674.0,1691467020.0,1691467020.0,KOSPI,5.21
580083,26470.0,6.0,6.0,158820.0,158820.0,KOSPI,2.54
580032,26450.0,3935.0,3935.0,104080750.0,104080750.0,KOSPI,1.54
244620,18582.0,456.0,456.0,8473392.0,8473392.0,KOSPI,3.81
428560,16210.0,2022.0,2022.0,32776620.0,32776620.0,KOSPI,0.56
0015F0,9965.0,6646.0,6646.0,66227390.0,66227390.0,KOSPI,2.63
266410,9245.0,58722.0,58722.0,542884890.0,542884890.0,KOSPI,3.41
005257,15300.0,391.0,391.0,5982300.0,5982300.0,KOSPI,7.67
496130,23940.0,131.0,131.0,3136140.0,3136140.0,KOSPI,0.76
00806K,10630.0,2091.0,2091.0,22227330.0,22227330.0,KOSPI,3.1
610096,12880.0,31450.0,31450.0,405076000.0,405076000.0,KOSPI,-0.43
266390,14245.0,1114.0,1114.0,15868930.0,15868930.0,KOSPI,2.59
137610,5335.0,28234.0,28234.0,150628390.0,150628390.0,KOSPI,1.23
435550,18270.0,4559.0,4559.0,83292930.0,83292930.0,KOSPI,0.86
404650,21305.0,19.0,19.0,404795.0,404795.0,KOSPI,1.48
570123,6390.0,1.0,1.0,6390.0,6390.0,KOSPI,0.31
472720,24570.0,216.0,216.0,5307120.0,5307120.0,KOSPI,1.19
700032,12770.0,7.0,7.0,89390.0,89390.0,KOSPI,-1.01
453660,18235.0,2346.0,2346.0,42779310.0,42779310.0,KOSPI,1.28
610071,12685.0,48.0,48.0,608880.0,608880.0,KOSPI,0.0
45226K,4365.0,27567.0,27567.0,120329955.0,120329955.0,KOSPI,-2.13
520064,6330.0,237.0,237.0,1500210.0,1500210.0,KOSPI,0.0
269530,21060.0,625.0,625.0,13162500.0,13162500.0,KOSPI,1.01
0008E0,13300.0,252.0,252.0,3351600.0,3351600.0,KOSPI,2.35
463640,14715.0,6812.0,6812.0,100238580.0,100238580.0,KOSPI,0.0
332610,130195.0,456.0,456.0,59368920.0,59368920.0,KOSPI,0.39
494180,13840.0,4158.0,4158.0,57546720.0,57546720.0,KOSPI,1.21
269370,17775.0,565.0,565.0,10042875.0,10042875.0,KOSPI,-1.25
363510,111950.0,3.0,3.0,335850.0,335850.0,KOSPI,0.01
290080,7095.0,16291.0,16291.0,115584645.0,115584645.0,KOSPI,3.58
520097,12365.0,8068.0,8068.0,99760820.0,99760820.0,KOSPI,-0.68
550100,12355.0,2.0,2.0,24710.0,24710.0,KOSPI,-0.96
453060,111160.0,319.0,319.0,35460040.0,35460040.0,KOSPI,0.0
0084E0,10630.0,36.0,36.0,382680.0,382680.0,KOSPI,0.95
580051,8115.0,1883.0,1883.0,15280545.0,15280545.0,KOSPI,4.91
354240,11060.0,1269.0,1269.0,14035140.0,14035140.0,KOSPI,-0.09
400570,11040.0,3046.0,3046.0,33627840.0,33627840.0,KOSPI,-0.41
145995,32750.0,34.0,34.0,1113500.0,1113500.0,KOSPI,-1.06
457700,9150.0,670.0,670.0,6130500.0,6130500.0,KOSPI,-0.33
760027,6020.0,255823.0,255823.0,1540054460.0,1540054460.0,KOSPI,-12.69
610086,59925.0,1.0,1.0,59925.0,59925.0,KOSPI,1.23
700030,2990.0,13437.0,13437.0,40176630.0,40176630.0,KOSPI,-2.61
371870,7455.0,6654.0,6654.0,49605570.0,49605570.0,KOSPI,0.13
485810,10835.0,3369.0,3369.0,36503115.0,36503115.0,KOSPI,-1.1
610093,23825.0,17.0,17.0,405025.0,405025.0,KOSPI,-1.0
0094L0,8490.0,2393.0,2393.0,20316570.0,20316570.0,KOSPI,0.83
448490,53030.0,231.0,231.0,12249930.0,12249930.0,KOSPI,0.18
500063,5935.0,5.0,5.0,29675.0,29675.0,KOSPI,-6.31
520040,5920.0,19905.0,19905.0,117837600.0,117837600.0,KOSPI,-6.33
464610,7885.0,60661.0,60661.0,478311985.0,478311985.0,KOSPI,6.55
409810,5625.0,89122.0,89122.0,501311250.0,501311250.0,KOSPI,-1.57
279540,19605.0,107.0,107.0,2097735.0,2097735.0,KOSPI,2.48
610030,11730.0,1.0,1.0,11730.0,11730.0,KOSPI,-0.51
251590,16710.0,1062.0,1062.0,17746020.0,17746020.0,KOSPI,0.45
395760,19455.0,35.0,35.0,680925.0,680925.0,KOSPI,1.81
410870,9715.0,3395.0,3395.0,32982425.0,32982425.0,KOSPI,5.25
530139,11615.0,11.0,11.0,127765.0,127765.0,KOSPI,2.47
700014,11610.0,3.0,3.0,34830.0,34830.0,KOSPI,-1.4
451600,84720.0,7.0,7.0,593040.0,593040.0,KOSPI,-0.12
0067Y0,11600.0,6904.0,6904.0,80086400.0,80086400.0,KOSPI,5.02
419420,9635.0,696.0,696.0,6705960.0,6705960.0,KOSPI,2.94
0093B0,12825.0,1611.0,1611.0,20661075.0,20661075.0,KOSPI,2.31
280920,20980.0,9.0,9.0,188820.0,188820.0,KOSPI,0.02
0208N0,6980.0,14577.0,14577.0,101747460.0,101747460.0,KOSPI,1.45
610049,11510.0,1.0,1.0,11510.0,11510.0,KOSPI,0.09
610074,11460.0,52.0,52.0,595920.0,595920.0,KOSPI,0.17
140580,22865.0,143.0,143.0,3269695.0,3269695.0,KOSPI,3.3
520038,2855.0,98147.0,98147.0,280209685.0,280209685.0,KOSPI,-1.55
430500,112750.0,439.0,439.0,49497250.0,49497250.0,KOSPI,-0.09
451150,18165.0,14.0,14.0,254310.0,254310.0,KOSPI,1.45
610070,22460.0,231.0,231.0,5188260.0,5188260.0,KOSPI,2.18
530137,11200.0,56.0,56.0,627200.0,627200.0,KOSPI,4.87
570096,11160.0,2.0,2.0,22320.0,22320.0,KOSPI,1.09
610035,11100.0,817.0,817.0,9068700.0,9068700.0,KOSPI,3.98
0222D0,10065.0,43519.0,43519.0,438018735.0,438018735.0,KOSPI,1.41
310080,9605.0,6251.0,6251.0,60040855.0,60040855.0,KOSPI,0.1
498050,11015.0,14637.0,14637.0,161226555.0,161226555.0,KOSPI,10.09
456250,9490.0,7110.0,7110.0,67473900.0,67473900.0,KOSPI,1.66
610060,21745.0,7.0,7.0,152215.0,152215.0,KOSPI,-1.43
610079,54350.0,123.0,123.0,6685050.0,6685050.0,KOSPI,-0.63
354350,20860.0,388.0,388.0,8093680.0,8093680.0,KOSPI,1.14
580043,21680.0,3858.0,3858.0,83641440.0,83641440.0,KOSPI,13.63
166400,21660.0,2342.0,2342.0,50727720.0,50727720.0,KOSPI,1.29
407820,6015.0,358.0,358.0,2153370.0,2153370.0,KOSPI,5.62
0068M0,12020.0,81.0,81.0,973620.0,973620.0,KOSPI,0.33
0002C0,10015.0,258.0,258.0,2583870.0,2583870.0,KOSPI,1.26
487750,27015.0,7573.0,7573.0,204584595.0,204584595.0,KOSPI,1.85
487910,8995.0,991.0,991.0,8914045.0,8914045.0,KOSPI,-0.06
044380,835.0,581288.0,581288.0,485375480.0,485375480.0,KOSPI,5.03
38380K,7270.0,270.0,270.0,1962900.0,1962900.0,KOSPI,1.11
252650,17715.0,24726.0,24726.0,438021090.0,438021090.0,KOSPI,3.32
385710,10550.0,1339.0,1339.0,14126450.0,14126450.0,KOSPI,6.62
460270,12995.0,2554.0,2554.0,33189230.0,33189230.0,KOSPI,0.39
570107,4195.0,518.0,518.0,2173010.0,2173010.0,KOSPI,1.45
373490,23260.0,187.0,187.0,4349620.0,4349620.0,KOSPI,3.93
610092,10415.0,1.0,1.0,10415.0,10415.0,KOSPI,-0.9
500086,10415.0,3.0,3.0,31245.0,31245.0,KOSPI,3.58
117690,20740.0,471.0,471.0,9768540.0,9768540.0,KOSPI,-1.05
580087,10365.0,21328.0,21328.0,221064720.0,221064720.0,KOSPI,-0.14
181480,85865.0,2755.0,2755.0,236558075.0,236558075.0,KOSPI,-0.18
580065,10250.0,1195.0,1195.0,12248750.0,12248750.0,KOSPI,6.22
610082,10215.0,14.0,14.0,143010.0,143010.0,KOSPI,-0.24
0001P0,9115.0,10499.0,10499.0,95698385.0,95698385.0,KOSPI,6.8
252000,18550.0,20319.0,20319.0,376917450.0,376917450.0,KOSPI,4.45
0113G0,10715.0,15786.0,15786.0,169146990.0,169146990.0,KOSPI,-0.14
463690,18480.0,3292.0,3292.0,60836160.0,60836160.0,KOSPI,2.84
429010,20305.0,571.0,571.0,11594155.0,11594155.0,KOSPI,1.53
610068,10150.0,51382.0,51382.0,521527300.0,521527300.0,KOSPI,-0.73
237440,10115.0,11131.0,11131.0,112590065.0,112590065.0,KOSPI,-0.1
0120J0,8085.0,17216.0,17216.0,139191360.0,139191360.0,KOSPI,3.13
446700,9340.0,1379.0,1379.0,12879860.0,12879860.0,KOSPI,4.77
610102,10055.0,52.0,52.0,522860.0,522860.0,KOSPI,-0.25
570085,10050.0,91.0,91.0,914550.0,914550.0,KOSPI,0.6
140710,6270.0,13416.0,13416.0,84118320.0,84118320.0,KOSPI,2.45
520046,10000.0,4419.0,4419.0,44190000.0,44190000.0,KOSPI,5.65
084695,10930.0,3710.0,3710.0,40550300.0,40550300.0,KOSPI,6.12
0191S0,13445.0,45495.0,45495.0,611680275.0,611680275.0,KOSPI,6.62
0189Z0,9945.0,331.0,331.0,3291795.0,3291795.0,KOSPI,0.76
530064,661.0,46956.0,46956.0,31037916.0,31037916.0,KOSPI,-0.9
0174R0,11640.0,8610.0,8610.0,100220400.0,100220400.0,KOSPI,2.6
399580,9845.0,2600.0,2600.0,25597000.0,25597000.0,KOSPI,2.66
580061,9820.0,9.0,9.0,88380.0,88380.0,KOSPI,-0.46
395150,1913.0,32027.0,32027.0,61267651.0,61267651.0,KOSPI,6.28
004255,1845.0,25273.0,25273.0,46628685.0,46628685.0,KOSPI,-0.54
371150,7405.0,750.0,750.0,5553750.0,5553750.0,KOSPI,-0.2
610083,19115.0,13.0,13.0,248495.0,248495.0,KOSPI,-1.01
461580,14700.0,42219.0,42219.0,620619300.0,620619300.0,KOSPI,8.01
0203D0,8680.0,46337.0,46337.0,402205160.0,402205160.0,KOSPI,1.17
140570,23775.0,1196.0,1196.0,28434900.0,28434900.0,KOSPI,3.57
0224D0,9505.0,44046.0,44046.0,418657230.0,418657230.0,KOSPI,1.71
281990,17210.0,2231.0,2231.0,38395510.0,38395510.0,KOSPI,2.75
375270,14520.0,2440.0,2440.0,35428800.0,35428800.0,KOSPI,0.41
004105,2850.0,7729.0,7729.0,22027650.0,22027650.0,KOSPI,4.01
003075,12690.0,91.0,91.0,1154790.0,1154790.0,KOSPI,2.01
0084D0,11745.0,1221.0,1221.0,14340645.0,14340645.0,KOSPI,1.6
530141,9395.0,5.0,5.0,46975.0,46975.0,KOSPI,-1.0
301400,13415.0,25260.0,25260.0,338862900.0,338862900.0,KOSPI,7.88
0222F0,11735.0,100441.0,100441.0,1178675135.0,1178675135.0,KOSPI,5.82
550099,9385.0,171.0,171.0,1604835.0,1604835.0,KOSPI,2.07
0214M0,11030.0,3469.0,3469.0,38263070.0,38263070.0,KOSPI,9.7
0133E0,8925.0,11484.0,11484.0,102494700.0,102494700.0,KOSPI,0.51
0194N0,9860.0,38455.0,38455.0,379166300.0,379166300.0,KOSPI,1.91
0226G0,11705.0,45721.0,45721.0,535164305.0,535164305.0,KOSPI,1.69
001755,19790.0,438.0,438.0,8668020.0,8668020.0,KOSPI,0.41
105010,6640.0,2209.0,2209.0,14667760.0,14667760.0,KOSPI,-0.3
700033,9255.0,18.0,18.0,166590.0,166590.0,KOSPI,9.79
0219B0,10255.0,81936.0,81936.0,840253680.0,840253680.0,KOSPI,12.32
001067,43700.0,3.0,3.0,131100.0,131100.0,KOSPI,0.0
610097,9110.0,2.0,2.0,18220.0,18220.0,KOSPI,0.0
449680,10715.0,42.0,42.0,450030.0,450030.0,KOSPI,0.28
570114,9105.0,11.0,11.0,100155.0,100155.0,KOSPI,-0.16
480460,9060.0,165.0,165.0,1494900.0,1494900.0,KOSPI,0.5
570094,9055.0,11.0,11.0,99605.0,99605.0,KOSPI,-0.77
341850,4525.0,10522.0,10522.0,47612050.0,47612050.0,KOSPI,0.0
610090,8975.0,5.0,5.0,44875.0,44875.0,KOSPI,-0.77
497510,12775.0,1484.0,1484.0,18958100.0,18958100.0,KOSPI,-0.93
610034,8905.0,306.0,306.0,2724930.0,2724930.0,KOSPI,2.18
00781K,11350.0,711.0,711.0,8069850.0,8069850.0,KOSPI,3.28
435540,17775.0,1926.0,1926.0,34234650.0,34234650.0,KOSPI,0.65
580085,8815.0,216.0,216.0,1904040.0,1904040.0,KOSPI,1.09
610084,8755.0,1.0,1.0,8755.0,8755.0,KOSPI,-0.11
500101,8755.0,93.0,93.0,814215.0,814215.0,KOSPI,0.34
520085,8700.0,8171.0,8171.0,71087700.0,71087700.0,KOSPI,-6.45
230480,4325.0,3133.0,3133.0,13550225.0,13550225.0,KOSPI,0.0
530114,8680.0,3974.0,3974.0,34494320.0,34494320.0,KOSPI,-2.14
395280,3655.0,1611.0,1611.0,5888205.0,5888205.0,KOSPI,3.54
000225,3785.0,4462.0,4462.0,16888670.0,16888670.0,KOSPI,2.44
261110,17130.0,2520.0,2520.0,43167600.0,43167600.0,KOSPI,0.18
482030,8150.0,10641.0,10641.0,86724150.0,86724150.0,KOSPI,4.76
429980,17085.0,219.0,219.0,3741615.0,3741615.0,KOSPI,2.64
404540,21350.0,20026.0,20026.0,427555100.0,427555100.0,KOSPI,3.19
530090,2845.0,1235.0,1235.0,3513575.0,3513575.0,KOSPI,-0.52
487920,8530.0,1026.0,1026.0,8751780.0,8751780.0,KOSPI,0.24
700035,8505.0,121616.0,121616.0,1034344080.0,1034344080.0,KOSPI,-20.55
0184N0,8505.0,30161.0,30161.0,256519305.0,256519305.0,KOSPI,0.95
0216K0,8420.0,36505.0,36505.0,307372100.0,307372100.0,KOSPI,5.25
500068,12025.0,2.0,2.0,24050.0,24050.0,KOSPI,-0.95
497520,12865.0,1828.0,1828.0,23517220.0,23517220.0,KOSPI,0.19
0219Z0,10450.0,276981.0,276981.0,2894451450.0,2894451450.0,KOSPI,4.55
610095,8340.0,29795.0,29795.0,248490300.0,248490300.0,KOSPI,1.21
700031,8320.0,971.0,971.0,8078720.0,8078720.0,KOSPI,1.46
182490,13845.0,47.0,47.0,650715.0,650715.0,KOSPI,0.11
001770,6830.0,27001.0,27001.0,184416830.0,184416830.0,KOSPI,29.85
270800,15050.0,2026.0,2026.0,30491300.0,30491300.0,KOSPI,3.29
462340,16550.0,28.0,28.0,463400.0,463400.0,KOSPI,0.91
225800,16130.0,66.0,66.0,1064580.0,1064580.0,KOSPI,0.62
700011,8175.0,125.0,125.0,1021875.0,1021875.0,KOSPI,4.87
217780,5255.0,175.0,175.0,919625.0,919625.0,KOSPI,-1.87
0215T0,9015.0,61114.0,61114.0,550942710.0,550942710.0,KOSPI,9.47
490330,14650.0,4717.0,4717.0,69104050.0,69104050.0,KOSPI,-2.1
530056,2000.0,9012.0,9012.0,18024000.0,18024000.0,KOSPI,-0.25
435530,15805.0,4828.0,4828.0,76306540.0,76306540.0,KOSPI,0.41
570097,7900.0,9685.0,9685.0,76511500.0,76511500.0,KOSPI,-0.75
0166T0,9875.0,15523.0,15523.0,153289625.0,153289625.0,KOSPI,1.39
610094,7890.0,2269.0,2269.0,17902410.0,17902410.0,KOSPI,0.9
530142,7885.0,425.0,425.0,3351125.0,3351125.0,KOSPI,0.38
520084,7875.0,647.0,647.0,5095125.0,5095125.0,KOSPI,-6.14
0082F0,11225.0,3314.0,3314.0,37199650.0,37199650.0,KOSPI,2.37
0094X0,8700.0,1065.0,1065.0,9265500.0,9265500.0,KOSPI,2.17
580053,15655.0,123.0,123.0,1925565.0,1925565.0,KOSPI,1.72
494210,11170.0,5149.0,5149.0,57514330.0,57514330.0,KOSPI,1.22
457930,26035.0,7.0,7.0,182245.0,182245.0,KOSPI,4.27
381570,9185.0,11472.0,11472.0,105370320.0,105370320.0,KOSPI,7.81
402460,14105.0,303.0,303.0,4273815.0,4273815.0,KOSPI,3.14
174350,20405.0,14771.0,14771.0,301402255.0,301402255.0,KOSPI,1.87
256450,15505.0,5437.0,5437.0,84300685.0,84300685.0,KOSPI,3.4
189400,25605.0,86.0,86.0,2202030.0,2202030.0,KOSPI,-0.29
390400,7615.0,1584.0,1584.0,12062160.0,12062160.0,KOSPI,1.94
0047N0,10860.0,3585.0,3585.0,38933100.0,38933100.0,KOSPI,0.93
395750,19000.0,218.0,218.0,4142000.0,4142000.0,KOSPI,0.8
0005C0,11610.0,3927.0,3927.0,45592470.0,45592470.0,KOSPI,0.22
001515,3855.0,7397.0,7397.0,28515435.0,28515435.0,KOSPI,1.72
550098,7530.0,41989.0,41989.0,316177170.0,316177170.0,KOSPI,-14.19
760025,10700.0,1215.0,1215.0,13000500.0,13000500.0,KOSPI,6.31
225050,16610.0,594.0,594.0,9866340.0,9866340.0,KOSPI,1.34
500036,3735.0,362.0,362.0,1352070.0,1352070.0,KOSPI,0.54
437370,10655.0,2053.0,2053.0,21874715.0,21874715.0,KOSPI,0.0
0218K0,9910.0,294.0,294.0,2913540.0,2913540.0,KOSPI,1.07
001065,21700.0,101.0,101.0,2191700.0,2191700.0,KOSPI,0.0
304670,12350.0,34.0,34.0,419900.0,419900.0,KOSPI,-0.28
760006,7395.0,4.0,4.0,29580.0,29580.0,KOSPI,4.6
610073,14770.0,81.0,81.0,1196370.0,1196370.0,KOSPI,-0.24
466810,5070.0,33872.0,33872.0,171731040.0,171731040.0,KOSPI,4.11
272570,108065.0,29.0,29.0,3133885.0,3133885.0,KOSPI,0.11
33637L,1945.0,882.0,882.0,1715490.0,1715490.0,KOSPI,4.01
488480,13300.0,1073.0,1073.0,14270900.0,14270900.0,KOSPI,0.0
570101,7290.0,83.0,83.0,605070.0,605070.0,KOSPI,-0.88
227570,20180.0,1893.0,1893.0,38200740.0,38200740.0,KOSPI,3.81
580079,7260.0,10684.0,10684.0,77565840.0,77565840.0,KOSPI,2.33
610100,7245.0,27367.0,27367.0,198273915.0,198273915.0,KOSPI,3.95
570095,7235.0,371.0,371.0,2684185.0,2684185.0,KOSPI,-1.56
0172Y0,9035.0,183867.0,183867.0,1661238345.0,1661238345.0,KOSPI,2.67
450180,11050.0,60.0,60.0,663000.0,663000.0,KOSPI,0.68
0138D0,11045.0,17359.0,17359.0,191730155.0,191730155.0,KOSPI,4.05
438740,31825.0,2.0,2.0,63650.0,63650.0,KOSPI,4.57
510043,7150.0,16.0,16.0,114400.0,114400.0,KOSPI,-1.38
012205,6080.0,14498.0,14498.0,88147840.0,88147840.0,KOSPI,0.33
400590,14195.0,1191.0,1191.0,16906245.0,16906245.0,KOSPI,-0.32
285690,20250.0,1.0,1.0,20250.0,20250.0,KOSPI,1.99
253280,12800.0,2699.0,2699.0,34547200.0,34547200.0,KOSPI,6.89
139660,8080.0,2003.0,2003.0,16184240.0,16184240.0,KOSPI,-0.25
326230,10950.0,31.0,31.0,339450.0,339450.0,KOSPI,5.09
0036Z0,12740.0,2984.0,2984.0,38016160.0,38016160.0,KOSPI,-1.16
368680,7595.0,1694.0,1694.0,12865930.0,12865930.0,KOSPI,4.69
316300,13650.0,558.0,558.0,7616700.0,7616700.0,KOSPI,0.37
456200,61735.0,35001.0,35001.0,2160786735.0,2160786735.0,KOSPI,0.05
500067,9695.0,2.0,2.0,19390.0,19390.0,KOSPI,0.88
0184V0,6160.0,116591.0,116591.0,718200560.0,718200560.0,KOSPI,12.61
244670,11220.0,223.0,223.0,2502060.0,2502060.0,KOSPI,4.32
139290,25705.0,283.0,283.0,7274515.0,7274515.0,KOSPI,-0.54
307510,13320.0,19385.0,19385.0,258208200.0,258208200.0,KOSPI,6.35
429740,5990.0,8516.0,8516.0,51010840.0,51010840.0,KOSPI,0.42
580084,13135.0,185.0,185.0,2429975.0,2429975.0,KOSPI,-2.78
315270,20510.0,22355.0,22355.0,458501050.0,458501050.0,KOSPI,6.38
0087F0,13015.0,2438.0,2438.0,31730570.0,31730570.0,KOSPI,0.58
530062,50.0,54636.0,54636.0,2731800.0,2731800.0,KOSPI,-5.66
580078,6490.0,503.0,503.0,3264470.0,3264470.0,KOSPI,1.49
760028,4310.0,1882715.0,1882715.0,8114501650.0,8114501650.0,KOSPI,-4.22
500098,6465.0,11.0,11.0,71115.0,71115.0,KOSPI,-3.29
610099,6425.0,15711.0,15711.0,100943175.0,100943175.0,KOSPI,1.26
570092,6375.0,204.0,204.0,1300500.0,1300500.0,KOSPI,-2.15
0102X0,9800.0,1629.0,1629.0,15964200.0,15964200.0,KOSPI,1.71
510027,2115.0,24327.0,24327.0,51451605.0,51451605.0,KOSPI,-13.5
219900,4525.0,3361.0,3361.0,15208525.0,15208525.0,KOSPI,2.72
580044,2110.0,395326.0,395326.0,834137860.0,834137860.0,KOSPI,-13.35
530096,6300.0,179.0,179.0,1127700.0,1127700.0,KOSPI,-0.87
451670,12290.0,398.0,398.0,4891420.0,4891420.0,KOSPI,-0.04
139240,9910.0,9896.0,9896.0,98069360.0,98069360.0,KOSPI,4.92
570091,6120.0,6.0,6.0,36720.0,36720.0,KOSPI,-0.97
570098,6070.0,110.0,110.0,667700.0,667700.0,KOSPI,-1.54
570064,6055.0,2024.0,2024.0,12255320.0,12255320.0,KOSPI,-2.81
0114X0,8650.0,1408.0,1408.0,12179200.0,12179200.0,KOSPI,2.0
004985,8150.0,2615.0,2615.0,21312250.0,21312250.0,KOSPI,0.99
610023,5965.0,2340.0,2340.0,13958100.0,13958100.0,KOSPI,-0.25
291890,11815.0,1206.0,1206.0,14248890.0,14248890.0,KOSPI,-0.67
530094,5905.0,1352.0,1352.0,7983560.0,7983560.0,KOSPI,-6.05
138920,11810.0,53.0,53.0,625930.0,625930.0,KOSPI,0.55
26490K,7580.0,10.0,10.0,75800.0,75800.0,KOSPI,1.88
289670,52155.0,557.0,557.0,29050335.0,29050335.0,KOSPI,0.12
469530,9075.0,21.0,21.0,190575.0,190575.0,KOSPI,0.11
530060,5800.0,1.0,1.0,5800.0,5800.0,KOSPI,-3.81
314700,10520.0,226.0,226.0,2377520.0,2377520.0,KOSPI,1.84
401590,11340.0,197.0,197.0,2233980.0,2233980.0,KOSPI,-0.13
250780,2615.0,473077.0,473077.0,1237096355.0,1237096355.0,KOSPI,-6.77
413220,4790.0,3540.0,3540.0,16956600.0,16956600.0,KOSPI,2.57
530122,5730.0,16593.0,16593.0,95077890.0,95077890.0,KOSPI,-0.52
483020,9550.0,1928.0,1928.0,18412400.0,18412400.0,KOSPI,5.82
500061,2860.0,10462.0,10462.0,29921320.0,29921320.0,KOSPI,-0.35
391600,11440.0,1158.0,1158.0,13247520.0,13247520.0,KOSPI,2.28
0176P0,11405.0,2914.0,2914.0,33234170.0,33234170.0,KOSPI,2.42
0053M0,12665.0,115.0,115.0,1456475.0,1456475.0,KOSPI,5.45
400580,11370.0,380.0,380.0,4320600.0,4320600.0,KOSPI,-0.48
407300,10275.0,121.0,121.0,1243275.0,1243275.0,KOSPI,1.73
499150,11215.0,234.0,234.0,2624310.0,2624310.0,KOSPI,0.0
267450,11210.0,9.0,9.0,100890.0,100890.0,KOSPI,0.76
002995,18950.0,16251.0,16251.0,307956450.0,307956450.0,KOSPI,4.52
432600,55340.0,4.0,4.0,221360.0,221360.0,KOSPI,0.11
476310,10050.0,250.0,250.0,2512500.0,2512500.0,KOSPI,-1.42
433250,22055.0,4.0,4.0,88220.0,88220.0,KOSPI,2.44
0191B0,27305.0,6304.0,6304.0,172130720.0,172130720.0,KOSPI,7.67
760010,7800.0,71.0,71.0,553800.0,553800.0,KOSPI,5.05
570066,5445.0,4001.0,4001.0,21785445.0,21785445.0,KOSPI,0.18
474390,40610.0,4091.0,4091.0,166135510.0,166135510.0,KOSPI,-0.48
004835,3865.0,2986.0,2986.0,11540890.0,11540890.0,KOSPI,0.13
470310,17935.0,2617.0,2617.0,46935895.0,46935895.0,KOSPI,8.66
261920,13385.0,25.0,25.0,334625.0,334625.0,KOSPI,-0.11
220130,6660.0,5520.0,5520.0,36763200.0,36763200.0,KOSPI,2.46
411860,17665.0,474.0,474.0,8373210.0,8373210.0,KOSPI,1.09
321410,10595.0,25.0,25.0,264875.0,264875.0,KOSPI,-0.09
0128D0,7505.0,1073.0,1073.0,8052865.0,8052865.0,KOSPI,0.54
0073X0,9535.0,116.0,116.0,1106060.0,1106060.0,KOSPI,0.42
000325,21500.0,190.0,190.0,4085000.0,4085000.0,KOSPI,6.44
483030,11615.0,15254.0,15254.0,177175210.0,177175210.0,KOSPI,-1.11
0015E0,10445.0,304.0,304.0,3175280.0,3175280.0,KOSPI,0.53
0131A0,7985.0,400.0,400.0,3194000.0,3194000.0,KOSPI,-1.05
498610,8620.0,2866.0,2866.0,24704920.0,24704920.0,KOSPI,0.47
0174J0,8605.0,22.0,22.0,189310.0,189310.0,KOSPI,-0.58
295000,51545.0,53.0,53.0,2731885.0,2731885.0,KOSPI,0.21
760014,7250.0,90.0,90.0,652500.0,652500.0,KOSPI,6.38
0078V0,10140.0,245.0,245.0,2484300.0,2484300.0,KOSPI,2.58
090355,10840.0,225.0,225.0,2439000.0,2439000.0,KOSPI,3.34
0132D0,9090.0,88.0,88.0,799920.0,799920.0,KOSPI,1.68
0154H0,8325.0,1776.0,1776.0,14785200.0,14785200.0,KOSPI,2.78
252420,100.0,1625111.0,1625111.0,162511100.0,162511100.0,KOSPI,-2.91
0015K0,7290.0,39.0,39.0,284310.0,284310.0,KOSPI,0.41
488200,10890.0,8078.0,8078.0,87969420.0,87969420.0,KOSPI,4.91
267440,8060.0,208.0,208.0,1676480.0,1676480.0,KOSPI,1.83
550070,4820.0,2.0,2.0,9640.0,9640.0,KOSPI,-0.31
610029,4770.0,1183.0,1183.0,5642910.0,5642910.0,KOSPI,-1.85
291630,3195.0,122320.0,122320.0,390812400.0,390812400.0,KOSPI,12.3
530125,4610.0,7502.0,7502.0,34584220.0,34584220.0,KOSPI,-1.5
244660,9215.0,13.0,13.0,119795.0,119795.0,KOSPI,3.54
373790,16155.0,279.0,279.0,4507245.0,4507245.0,KOSPI,0.31
205720,1506.0,1676.0,1676.0,2524056.0,2524056.0,KOSPI,-0.07
0050E0,8185.0,16466.0,16466.0,134774210.0,134774210.0,KOSPI,2.83
266550,18005.0,4.0,4.0,72020.0,72020.0,KOSPI,3.84
000145,9350.0,191.0,191.0,1785850.0,1785850.0,KOSPI,-1.48
009415,6340.0,834.0,834.0,5287560.0,5287560.0,KOSPI,4.62
226380,5795.0,122.0,122.0,706990.0,706990.0,KOSPI,4.7
238670,13265.0,991.0,991.0,13145615.0,13145615.0,KOSPI,1.26
277650,19660.0,2264.0,2264.0,44510240.0,44510240.0,KOSPI,3.97
000545,5110.0,377.0,377.0,1926470.0,1926470.0,KOSPI,4.71
760024,7785.0,14288.0,14288.0,111232080.0,111232080.0,KOSPI,-18.48
500041,778.0,11992.0,11992.0,9329776.0,9329776.0,KOSPI,-1.39
488210,19325.0,218.0,218.0,4212850.0,4212850.0,KOSPI,3.45
225030,2265.0,24999.0,24999.0,56622735.0,56622735.0,KOSPI,-1.31
334690,5830.0,7320.0,7320.0,42675600.0,42675600.0,KOSPI,-1.44
291680,7560.0,65.0,65.0,491400.0,491400.0,KOSPI,-0.92
0079X0,10715.0,595.0,595.0,6375425.0,6375425.0,KOSPI,0.75
005965,16500.0,811.0,811.0,13381500.0,13381500.0,KOSPI,0.55
227550,11605.0,28723.0,28723.0,333330415.0,333330415.0,KOSPI,7.35
243890,7040.0,26342.0,26342.0,185447680.0,185447680.0,KOSPI,8.64
014825,13360.0,61.0,61.0,814960.0,814960.0,KOSPI,1.6
267490,4980.0,11.0,11.0,54780.0,54780.0,KOSPI,0.0
570023,685.0,1834.0,1834.0,1256290.0,1256290.0,KOSPI,-2.14
427120,5150.0,8567.0,8567.0,44120050.0,44120050.0,KOSPI,8.08
007575,7400.0,334.0,334.0,2471600.0,2471600.0,KOSPI,0.0
145670,1412.0,342950.0,342950.0,484245400.0,484245400.0,KOSPI,-2.15
454180,8060.0,530.0,530.0,4271800.0,4271800.0,KOSPI,-0.8
005745,5240.0,524.0,524.0,2745760.0,2745760.0,KOSPI,1.95
014285,5300.0,3826.0,3826.0,20277800.0,20277800.0,KOSPI,1.53
489010,20530.0,702.0,702.0,14412060.0,14412060.0,KOSPI,3.19
476000,5505.0,25397.0,25397.0,139810485.0,139810485.0,KOSPI,8.05
227560,12525.0,6114.0,6114.0,76577850.0,76577850.0,KOSPI,2.92
306530,6395.0,47444.0,47444.0,303404380.0,303404380.0,KOSPI,14.81
36328K,2475.0,16055.0,16055.0,39736125.0,39736125.0,KOSPI,2.48
252410,1451.0,27059.0,27059.0,39262609.0,39262609.0,KOSPI,-1.16
280940,3725.0,49225.0,49225.0,183363125.0,183363125.0,KOSPI,0.13
253230,95.0,4411967.0,4411967.0,419136865.0,419136865.0,KOSPI,-1.04
491630,5570.0,1382.0,1382.0,7697740.0,7697740.0,KOSPI,-0.71
291620,4620.0,68237.0,68237.0,315254940.0,315254940.0,KOSPI,-7.32
014915,4345.0,641.0,641.0,2785145.0,2785145.0,KOSPI,-0.46
500030,73.0,41247.0,41247.0,3011031.0,3011031.0,KOSPI,-1.35
500051,1225.0,537.0,537.0,657825.0,657825.0,KOSPI,-2.0
580033,4805.0,12.0,12.0,57660.0,57660.0,KOSPI,-0.72
275750,2645.0,21119.0,21119.0,55859755.0,55859755.0,KOSPI,-6.37
000227,7230.0,1006.0,1006.0,7273380.0,7273380.0,KOSPI,-1.36
001525,8800.0,24.0,24.0,211200.0,211200.0,KOSPI,0.0
334700,3465.0,64.0,64.0,221760.0,221760.0,KOSPI,1.02
570070,2195.0,277.0,277.0,608015.0,608015.0,KOSPI,2.81
008355,7080.0,592.0,592.0,4191360.0,4191360.0,KOSPI,2.61
700018,2125.0,14302.0,14302.0,30391750.0,30391750.0,KOSPI,-13.44
253240,1452.0,81937.0,81937.0,118972524.0,118972524.0,KOSPI,-0.41
004545,4480.0,701.0,701.0,3140480.0,3140480.0,KOSPI,-0.33
465620,6335.0,332.0,332.0,2103220.0,2103220.0,KOSPI,-2.91
306520,2635.0,4130.0,4130.0,10882550.0,10882550.0,KOSPI,-1.13
011155,7480.0,12995.0,12995.0,97202600.0,97202600.0,KOSPI,-0.53
001527,7000.0,331.0,331.0,2317000.0,2317000.0,KOSPI,0.0
500038,1340.0,2004.0,2004.0,2685360.0,2685360.0,KOSPI,0.07
253160,193.0,818435.0,818435.0,157957955.0,157957955.0,KOSPI,-2.03
002785,1340.0,31342.0,31342.0,41998280.0,41998280.0,KOSPI,-2.4
412560,1726.0,18981.0,18981.0,32761206.0,32761206.0,KOSPI,8.9
004415,4845.0,6899.0,6899.0,33425655.0,33425655.0,KOSPI,0.83
002787,3040.0,17494.0,17494.0,53181760.0,53181760.0,KOSPI,-1.94
196170,347000.0,571972.0,974207.0,198474284000.0,338049829000.0,KOSDAQ,9.29
086520,82000.0,1334597.0,2327573.0,109436954000.0,190860986000.0,KOSDAQ,5.94
247540,102500.0,556835.0,773937.0,57075587500.0,79328542500.0,KOSDAQ,5.89
277810,467000.0,146293.0,328508.0,68318831000.0,153413236000.0,KOSDAQ,1.85
036930,136000.0,1331281.0,1331281.0,181054216000.0,181054216000.0,KOSDAQ,6.42
058470,64400.0,594996.0,873807.0,38317742400.0,56273170800.0,KOSDAQ,4.89
240810,96500.0,1098593.0,1098593.0,106014224500.0,106014224500.0,KOSDAQ,2.99
028300,34350.0,1400943.0,2658805.0,48122392050.0,91329951750.0,KOSDAQ,11.17
298380,80400.0,637605.0,990588.0,51263442000.0,79643275200.0,KOSDAQ,13.24
141080,109900.0,570552.0,865543.0,62703664800.0,95123175700.0,KOSDAQ,15.2
087010,173800.0,504840.0,1028099.0,87741192000.0,178683606200.0,KOSDAQ,4.64
214450,384500.0,172659.0,256778.0,66387385500.0,98731141000.0,KOSDAQ,3.36
000250,167300.0,240837.0,402785.0,40292030100.0,67385930500.0,KOSDAQ,5.69
039030,309000.0,104381.0,126264.0,32253729000.0,39015576000.0,KOSDAQ,5.82
319660,126000.0,435799.0,669151.0,54910674000.0,84313026000.0,KOSDAQ,0.4
222800,97100.0,864236.0,1542327.0,83917315600.0,149759951700.0,KOSDAQ,10.97
214370,64300.0,111655.0,144777.0,7179416500.0,9309161100.0,KOSDAQ,9.17
108490,232500.0,413401.0,863963.0,96115732500.0,200871397500.0,KOSDAQ,7.89
145020,258000.0,50802.0,63054.0,13106916000.0,16267932000.0,KOSDAQ,7.95
440110,61900.0,416930.0,416930.0,25807967000.0,25807967000.0,KOSDAQ,-2.21
347850,64800.0,1781391.0,1781391.0,115434136800.0,115434136800.0,KOSDAQ,14.29
214150,45400.0,246098.0,299647.0,11172849200.0,13603973800.0,KOSDAQ,6.7
403870,35400.0,1945393.0,1945393.0,68866912200.0,68866912200.0,KOSDAQ,4.27
095340,131500.0,141760.0,187243.0,18641440000.0,24622454500.0,KOSDAQ,6.05
084370,118400.0,246940.0,321632.0,29237696000.0,38081228800.0,KOSDAQ,3.95
319400,23700.0,2544263.0,2544263.0,60299033100.0,60299033100.0,KOSDAQ,2.38
095610,132400.0,551333.0,1036520.0,72996489200.0,137235248000.0,KOSDAQ,4.09
310210,137500.0,170004.0,254350.0,23375550000.0,34973125000.0,KOSDAQ,18.84
226950,119800.0,484026.0,675270.0,57986314800.0,80897346000.0,KOSDAQ,13.66
257720,37350.0,1104301.0,1494259.0,41245642350.0,55810573650.0,KOSDAQ,8.26
058610,108800.0,1359158.0,3299538.0,147876390400.0,358989734400.0,KOSDAQ,0.09
080220,70000.0,1891372.0,1891372.0,132396040000.0,132396040000.0,KOSDAQ,7.53
178320,36800.0,970779.0,970779.0,35724667200.0,35724667200.0,KOSDAQ,11.01
263750,35600.0,288999.0,406020.0,10288364400.0,14454312000.0,KOSDAQ,5.17
031980,103000.0,149251.0,210526.0,15372853000.0,21684178000.0,KOSDAQ,6.08
131290,196900.0,98957.0,146627.0,19484633300.0,28870856300.0,KOSDAQ,3.8
357780,270500.0,43232.0,54210.0,11694256000.0,14663805000.0,KOSDAQ,6.5
237690,100700.0,166173.0,234198.0,16733621100.0,23583738600.0,KOSDAQ,6.67
005290,40550.0,449335.0,694127.0,18220534250.0,28146849850.0,KOSDAQ,4.51
067310,31000.0,1111570.0,1111570.0,34458670000.0,34458670000.0,KOSDAQ,2.82
098460,29900.0,1847274.0,1847274.0,55233492600.0,55233492600.0,KOSDAQ,8.33
064760,177000.0,91037.0,109290.0,16113549000.0,19344330000.0,KOSDAQ,3.93
032820,10840.0,5459378.0,5459378.0,59179657520.0,59179657520.0,KOSDAQ,12.45
068760,41700.0,112068.0,156377.0,4673235600.0,6520920900.0,KOSDAQ,3.47
089030,48100.0,814813.0,814813.0,39192505300.0,39192505300.0,KOSDAQ,3.89
140860,252000.0,55100.0,61866.0,13885200000.0,15590232000.0,KOSDAQ,7.01
089970,66900.0,633481.0,1009585.0,42379878900.0,67541236500.0,KOSDAQ,4.53
041510,76700.0,155955.0,209809.0,11961748500.0,16092350300.0,KOSDAQ,7.12
140410,54400.0,581593.0,581593.0,31638659200.0,31638659200.0,KOSDAQ,-16.69
035900,46250.0,230415.0,293607.0,10656693750.0,13579323750.0,KOSDAQ,4.17
290650,58700.0,489895.0,815438.0,28756836500.0,47866210600.0,KOSDAQ,20.91
010170,10180.0,11398025.0,11398025.0,116031894500.0,116031894500.0,KOSDAQ,10.05
030530,20400.0,3322331.0,3322331.0,67775552400.0,67775552400.0,KOSDAQ,2.72
0009K0,24200.0,392787.0,634499.0,9505445400.0,15354875800.0,KOSDAQ,15.24
083650,49850.0,623133.0,1065250.0,31063180050.0,53102712500.0,KOSDAQ,16.88
060370,29450.0,152884.0,250896.0,4502433800.0,7388887200.0,KOSDAQ,9.28
096530,27950.0,239414.0,311894.0,6691621300.0,8717437300.0,KOSDAQ,4.68
420770,114800.0,118825.0,159284.0,13641110000.0,18285803200.0,KOSDAQ,-1.29
007390,21950.0,436410.0,743816.0,9579199500.0,16326761200.0,KOSDAQ,3.78
082920,31000.0,624060.0,771305.0,19345860000.0,23910455000.0,KOSDAQ,8.96
950160,15920.0,4196387.0,4196387.0,66806481040.0,66806481040.0,KOSDAQ,11.41
078600,85200.0,740906.0,1922577.0,63125191200.0,163803560400.0,KOSDAQ,17.19
039200,34600.0,259788.0,354674.0,8988664800.0,12271720400.0,KOSDAQ,12.16
131970,67600.0,282180.0,508088.0,19075368000.0,34346748800.0,KOSDAQ,4.16
218410,48750.0,440018.0,924590.0,21450877500.0,45073762500.0,KOSDAQ,12.33
475830,57900.0,310331.0,473905.0,17968164900.0,27439099500.0,KOSDAQ,19.5
323280,40050.0,484710.0,1090343.0,19412635500.0,43668237150.0,KOSDAQ,6.09
043260,16810.0,1478913.0,1478913.0,24860527530.0,24860527530.0,KOSDAQ,5.92
437730,37750.0,558095.0,558095.0,21068086250.0,21068086250.0,KOSDAQ,-6.91
003380,10650.0,935854.0,935854.0,9966845100.0,9966845100.0,KOSDAQ,5.34
127120,32900.0,229897.0,384473.0,7563611300.0,12649161700.0,KOSDAQ,17.5
491000,44950.0,259515.0,259515.0,11665199250.0,11665199250.0,KOSDAQ,8.57
195940,38900.0,181259.0,264832.0,7050975100.0,10301964800.0,KOSDAQ,7.16
458870,28600.0,293186.0,467290.0,8385119600.0,13364494000.0,KOSDAQ,17.7
166090,54900.0,122157.0,181807.0,6706419300.0,9981204300.0,KOSDAQ,1.48
347700,19690.0,3524813.0,3524813.0,69403567970.0,69403567970.0,KOSDAQ,23.14
241710,86000.0,92892.0,116948.0,7988712000.0,10057528000.0,KOSDAQ,8.31
101490,41900.0,208445.0,337867.0,8733845500.0,14156627300.0,KOSDAQ,2.57
031330,8930.0,674566.0,674566.0,6023874380.0,6023874380.0,KOSDAQ,1.36
293490,8340.0,409252.0,409252.0,3413161680.0,3413161680.0,KOSDAQ,4.64
065350,32250.0,228177.0,470765.0,7358708250.0,15182171250.0,KOSDAQ,3.7
476830,31500.0,856457.0,1532939.0,26978395500.0,48287578500.0,KOSDAQ,18.64
085660,9500.0,390403.0,491999.0,3708828500.0,4673990500.0,KOSDAQ,6.38
204270,15060.0,260109.0,260109.0,3917241540.0,3917241540.0,KOSDAQ,3.01
090710,7070.0,2573156.0,2573156.0,18192212920.0,18192212920.0,KOSDAQ,6.48
119850,51200.0,3593699.0,8086861.0,183997388800.0,414047283200.0,KOSDAQ,21.9
083450,45600.0,118622.0,249559.0,5409163200.0,11379890400.0,KOSDAQ,3.75
388720,70400.0,43052.0,70043.0,3030860800.0,4931027200.0,KOSDAQ,5.55
036540,5030.0,1379896.0,1379896.0,6940876880.0,6940876880.0,KOSDAQ,4.25
086450,18230.0,200366.0,314168.0,3652672180.0,5727282640.0,KOSDAQ,3.76
115180,21900.0,550038.0,1046485.0,12045832200.0,22918021500.0,KOSDAQ,27.25
038500,7500.0,1089395.0,1089395.0,8170462500.0,8170462500.0,KOSDAQ,7.6
099320,73300.0,70699.0,107992.0,5182236700.0,7915813600.0,KOSDAQ,9.57
328130,10750.0,510053.0,836749.0,5483069750.0,8995051750.0,KOSDAQ,7.82
281740,11850.0,371937.0,371937.0,4407453450.0,4407453450.0,KOSDAQ,6.37
213420,31350.0,174625.0,236118.0,5474493750.0,7402299300.0,KOSDAQ,5.73
417200,11490.0,610256.0,610256.0,7011841440.0,7011841440.0,KOSDAQ,8.09
041830,57400.0,178988.0,244373.0,10273911200.0,14027010200.0,KOSDAQ,14.8
100790,14490.0,686529.0,686529.0,9947805210.0,9947805210.0,KOSDAQ,9.28
252990,12700.0,756801.0,756801.0,9611372700.0,9611372700.0,KOSDAQ,8.09
056190,21250.0,113216.0,139874.0,2405840000.0,2972322500.0,KOSDAQ,6.57
122870,40750.0,148756.0,189096.0,6061807000.0,7705662000.0,KOSDAQ,5.84
189300,70000.0,128023.0,192932.0,8961610000.0,13505240000.0,KOSDAQ,10.76
232140,9150.0,487138.0,487138.0,4457312700.0,4457312700.0,KOSDAQ,4.69
035760,33900.0,130470.0,160686.0,4422933000.0,5447255400.0,KOSDAQ,9.18
137400,31250.0,158864.0,226262.0,4964500000.0,7070687500.0,KOSDAQ,7.94
032190,19240.0,134306.0,174749.0,2584047440.0,3362170760.0,KOSDAQ,3.22
388210,75300.0,63049.0,83103.0,4747589700.0,6257655900.0,KOSDAQ,4.01
445680,41950.0,111282.0,176844.0,4668279900.0,7418605800.0,KOSDAQ,8.68
033100,44700.0,182998.0,715477.0,8180010600.0,31981821900.0,KOSDAQ,7.58
014620,26600.0,125048.0,169653.0,3326276800.0,4512769800.0,KOSDAQ,3.91
074600,26700.0,258119.0,354571.0,6891777300.0,9467045700.0,KOSDAQ,4.5
036830,33550.0,65558.0,83894.0,2199470900.0,2814643700.0,KOSDAQ,7.88
253450,22850.0,85927.0,100837.0,1963431950.0,2304125450.0,KOSDAQ,6.78
032500,16250.0,233137.0,523812.0,3788476250.0,8511945000.0,KOSDAQ,7.97
466100,26900.0,356491.0,896315.0,9589607900.0,24110873500.0,KOSDAQ,5.28
090360,69800.0,190371.0,465123.0,13287895800.0,32465585400.0,KOSDAQ,6.89
019210,17890.0,881927.0,881927.0,15777674030.0,15777674030.0,KOSDAQ,10.57
093320,133900.0,13559.0,19857.0,1815550100.0,2658852300.0,KOSDAQ,-1.83
171090,64400.0,72635.0,122404.0,4677694000.0,7882817600.0,KOSDAQ,5.57
006730,10130.0,325877.0,325877.0,3301134010.0,3301134010.0,KOSDAQ,1.1
048410,6500.0,1252823.0,1252823.0,8143349500.0,8143349500.0,KOSDAQ,4.84
079940,46700.0,8087.0,16126.0,377662900.0,753084200.0,KOSDAQ,-0.64
053800,56300.0,34736.0,47069.0,1955636800.0,2649984700.0,KOSDAQ,3.68
225570,9490.0,148472.0,198990.0,1408999280.0,1888415100.0,KOSDAQ,5.92
161580,26400.0,135344.0,233340.0,3573081600.0,6160176000.0,KOSDAQ,6.02
456160,36650.0,327758.0,548693.0,12012330700.0,20109598450.0,KOSDAQ,19.58
102710,42600.0,69444.0,96672.0,2958314400.0,4118227200.0,KOSDAQ,6.23
251970,48400.0,60990.0,87642.0,2951916000.0,4241872800.0,KOSDAQ,6.61
052400,41050.0,50496.0,73534.0,2072860800.0,3018570700.0,KOSDAQ,3.66
397030,25400.0,411237.0,917623.0,10445419800.0,23307624200.0,KOSDAQ,6.28
490470,17230.0,153539.0,153539.0,2645476970.0,2645476970.0,KOSDAQ,3.61
050890,9630.0,900620.0,900620.0,8672970600.0,8672970600.0,KOSDAQ,8.08
023160,22600.0,55345.0,98790.0,1250797000.0,2232654000.0,KOSDAQ,5.61
439960,17980.0,6628340.0,6628340.0,119177553200.0,119177553200.0,KOSDAQ,0.56
094170,27700.0,97716.0,186813.0,2706733200.0,5174720100.0,KOSDAQ,5.12
052020,8480.0,258753.0,258753.0,2194225440.0,2194225440.0,KOSDAQ,9.99
476060,12650.0,785874.0,3079974.0,9941306100.0,38961671100.0,KOSDAQ,12.54
376900,36000.0,132754.0,259221.0,4779144000.0,9331956000.0,KOSDAQ,5.73
399720,47700.0,152043.0,414746.0,7252451100.0,19783384200.0,KOSDAQ,2.36
222080,7250.0,732796.0,732796.0,5312771000.0,5312771000.0,KOSDAQ,6.77
037460,34450.0,115500.0,115500.0,3978975000.0,3978975000.0,KOSDAQ,3.45
086900,76900.0,27951.0,36586.0,2149431900.0,2813463400.0,KOSDAQ,6.81
112040,16380.0,221777.0,259462.0,3632707260.0,4249987560.0,KOSDAQ,4.66
044490,27600.0,161266.0,393944.0,4450941600.0,10872854400.0,KOSDAQ,3.37
358570,8550.0,633491.0,927323.0,5416348050.0,7928611650.0,KOSDAQ,12.95
295310,45500.0,524789.0,791491.0,23877899500.0,36012840500.0,KOSDAQ,16.37
041960,7400.0,188427.0,188427.0,1394359800.0,1394359800.0,KOSDAQ,2.49
124500,23300.0,182811.0,340058.0,4259496300.0,7923351400.0,KOSDAQ,1.75
121600,44000.0,85141.0,129917.0,3746204000.0,5716348000.0,KOSDAQ,8.91
082270,12170.0,274716.0,385573.0,3343293720.0,4692423410.0,KOSDAQ,8.95
060250,13280.0,349881.0,349881.0,4646419680.0,4646419680.0,KOSDAQ,6.41
053610,59100.0,16933.0,37335.0,1000740300.0,2206498500.0,KOSDAQ,2.07
059090,15900.0,156465.0,235299.0,2487793500.0,3741254100.0,KOSDAQ,6.57
174900,26500.0,499374.0,499374.0,13233411000.0,13233411000.0,KOSDAQ,20.73
099190,18100.0,100198.0,164708.0,1813583800.0,2981214800.0,KOSDAQ,8.25
376300,21850.0,121322.0,151974.0,2650885700.0,3320631900.0,KOSDAQ,8.98
045100,29500.0,85411.0,157929.0,2519624500.0,4658905500.0,KOSDAQ,2.97
340570,63500.0,168540.0,239603.0,10702290000.0,15214790500.0,KOSDAQ,10.05
046890,8770.0,245969.0,504505.0,2157148130.0,4424508850.0,KOSDAQ,3.91
211050,10350.0,181089.0,211032.0,1874271150.0,2184181200.0,KOSDAQ,5.83
033500,16780.0,106662.0,144605.0,1789788360.0,2426471900.0,KOSDAQ,5.01
383310,23900.0,187412.0,187412.0,4479146800.0,4479146800.0,KOSDAQ,3.02
067160,43000.0,97014.0,117574.0,4171602000.0,5055682000.0,KOSDAQ,2.14
475960,36450.0,53186.0,91492.0,1938629700.0,3334883400.0,KOSDAQ,10.62
214430,67000.0,41796.0,71101.0,2800332000.0,4763767000.0,KOSDAQ,10.74
460930,13740.0,644892.0,2306949.0,8860816080.0,31697479260.0,KOSDAQ,2.46
160190,15620.0,118227.0,118227.0,1846705740.0,1846705740.0,KOSDAQ,2.49
101160,28900.0,83052.0,122870.0,2400202800.0,3550943000.0,KOSDAQ,-2.03
056080,12380.0,326725.0,326725.0,4044855500.0,4044855500.0,KOSDAQ,7.37
015750,5870.0,286510.0,431240.0,1681813700.0,2531378800.0,KOSDAQ,2.98
336570,5210.0,646205.0,646205.0,3366728050.0,3366728050.0,KOSDAQ,7.2
034950,101600.0,1106.0,1705.0,112369600.0,173228000.0,KOSDAQ,-0.1
122640,21200.0,305997.0,305997.0,6487136400.0,6487136400.0,KOSDAQ,-2.08
126340,63600.0,103643.0,166818.0,6591694800.0,10609624800.0,KOSDAQ,5.47
033790,5480.0,272996.0,272996.0,1496018080.0,1496018080.0,KOSDAQ,5.18
009520,10890.0,204846.0,276733.0,2230772940.0,3013622370.0,KOSDAQ,4.91
348370,20550.0,288551.0,1096352.0,5929723050.0,22530033600.0,KOSDAQ,12.91
018290,12860.0,199231.0,315088.0,2562110660.0,4052031680.0,KOSDAQ,7.8
030520,18570.0,196181.0,358733.0,3643081170.0,6661671810.0,KOSDAQ,7.03
144960,10200.0,1193880.0,1193880.0,12177576000.0,12177576000.0,KOSDAQ,5.7
042000,18420.0,117324.0,154605.0,2161108080.0,2847824100.0,KOSDAQ,5.02
486990,20350.0,295520.0,1284048.0,6013832000.0,26130376800.0,KOSDAQ,10.36
215200,41650.0,38487.0,41145.0,1602983550.0,1713689250.0,KOSDAQ,1.59
036810,19900.0,132335.0,181992.0,2633466500.0,3621640800.0,KOSDAQ,3.22
077360,9410.0,599157.0,599157.0,5638067370.0,5638067370.0,KOSDAQ,5.73
095660,19260.0,95807.0,106301.0,1845242820.0,2047357260.0,KOSDAQ,4.11
272290,20900.0,109755.0,167305.0,2293879500.0,3496674500.0,KOSDAQ,5.66
389470,31300.0,65269.0,125589.0,2042919700.0,3930935700.0,KOSDAQ,10.41
078130,3675.0,71295.0,71295.0,262009125.0,262009125.0,KOSDAQ,0.82
372320,27200.0,48003.0,83080.0,1305681600.0,2259776000.0,KOSDAQ,9.02
278280,33550.0,36146.0,49461.0,1212698300.0,1659416550.0,KOSDAQ,4.52
368770,12500.0,123858.0,123858.0,1548225000.0,1548225000.0,KOSDAQ,10.82
477850,22950.0,2591070.0,2591070.0,59465056500.0,59465056500.0,KOSDAQ,14.75
035890,1955.0,415704.0,415704.0,812701320.0,812701320.0,KOSDAQ,1.98
219130,64100.0,50938.0,50938.0,3265125800.0,3265125800.0,KOSDAQ,3.55
104830,31350.0,82077.0,96775.0,2573113950.0,3033896250.0,KOSDAQ,1.13
027360,3245.0,1117422.0,1117422.0,3626034390.0,3626034390.0,KOSDAQ,5.53
365340,30400.0,33898.0,52103.0,1030499200.0,1583931200.0,KOSDAQ,6.85
348340,31500.0,621594.0,621594.0,19580211000.0,19580211000.0,KOSDAQ,13.72
199800,43400.0,31668.0,50289.0,1374391200.0,2182542600.0,KOSDAQ,8.36
200710,28950.0,123431.0,399708.0,3573327450.0,11571546600.0,KOSDAQ,9.04
253590,8880.0,289033.0,289033.0,2566613040.0,2566613040.0,KOSDAQ,4.23
036620,4335.0,519157.0,600317.0,2250545595.0,2602374195.0,KOSDAQ,3.09
078160,9860.0,216800.0,343812.0,2137648000.0,3389986320.0,KOSDAQ,17.52
448900,63500.0,154505.0,371564.0,9811067500.0,23594314000.0,KOSDAQ,5.48
332570,8240.0,2886144.0,2886144.0,23781826560.0,23781826560.0,KOSDAQ,7.29
078340,31800.0,103803.0,127084.0,3300935400.0,4041271200.0,KOSDAQ,6.53
425420,31050.0,49033.0,95053.0,1522474650.0,2951395650.0,KOSDAQ,2.64
170920,36200.0,273794.0,273794.0,9911342800.0,9911342800.0,KOSDAQ,2.4
041190,4540.0,414644.0,414644.0,1882483760.0,1882483760.0,KOSDAQ,4.73
013030,32250.0,42292.0,54334.0,1363917000.0,1752271500.0,KOSDAQ,5.05
069080,12220.0,142140.0,153141.0,1736950800.0,1871383020.0,KOSDAQ,3.38
033160,15350.0,738321.0,738321.0,11333227350.0,11333227350.0,KOSDAQ,6.3
025980,3810.0,680965.0,680965.0,2594476650.0,2594476650.0,KOSDAQ,5.83
060280,8950.0,287211.0,287211.0,2570538450.0,2570538450.0,KOSDAQ,4.68
236200,52700.0,15311.0,22625.0,806889700.0,1192337500.0,KOSDAQ,0.76
003800,32800.0,1373.0,1373.0,45034400.0,45034400.0,KOSDAQ,2.5
064260,4805.0,3276371.0,3276371.0,15742962655.0,15742962655.0,KOSDAQ,5.03
290550,18170.0,250905.0,250905.0,4558943850.0,4558943850.0,KOSDAQ,1.45
033640,15690.0,146804.0,236224.0,2303354760.0,3706354560.0,KOSDAQ,4.67
025320,3890.0,1553472.0,5749346.0,6043006080.0,22364955940.0,KOSDAQ,9.89
241770,35050.0,16381.0,19141.0,574154050.0,670892050.0,KOSDAQ,3.09
089010,21300.0,65162.0,167933.0,1387950600.0,3576972900.0,KOSDAQ,6.82
204620,5070.0,561043.0,561043.0,2844488010.0,2844488010.0,KOSDAQ,3.89
089890,21250.0,249316.0,442798.0,5297965000.0,9409457500.0,KOSDAQ,5.99
064290,27150.0,248570.0,248570.0,6748675500.0,6748675500.0,KOSDAQ,-0.37
455900,22500.0,264078.0,773312.0,5941755000.0,17399520000.0,KOSDAQ,-0.88
078020,6240.0,39610.0,39610.0,247166400.0,247166400.0,KOSDAQ,1.13
039440,21900.0,71990.0,134339.0,1576581000.0,2942024100.0,KOSDAQ,3.79
348210,32300.0,93960.0,119230.0,3034908000.0,3851129000.0,KOSDAQ,7.49
441270,7980.0,493677.0,1387680.0,3939542460.0,11073686400.0,KOSDAQ,9.77
389650,40400.0,42104.0,71654.0,1701001600.0,2894821600.0,KOSDAQ,11.29
160980,29450.0,155736.0,155736.0,4586425200.0,4586425200.0,KOSDAQ,2.97
092730,20000.0,65204.0,115190.0,1304080000.0,2303800000.0,KOSDAQ,0.96
243070,26750.0,21522.0,43267.0,575713500.0,1157392250.0,KOSDAQ,6.36
228760,12780.0,155742.0,220741.0,1990382760.0,2821069980.0,KOSDAQ,8.95
376270,43850.0,7989.0,16328.0,350317650.0,715982800.0,KOSDAQ,8.0
006910,6400.0,1381832.0,1381832.0,8843724800.0,8843724800.0,KOSDAQ,9.22
084110,24800.0,24732.0,34248.0,613353600.0,849350400.0,KOSDAQ,5.76
356860,26250.0,330737.0,628486.0,8681846250.0,16497757500.0,KOSDAQ,0.38
101930,6790.0,19130.0,29864.0,129892700.0,202776560.0,KOSDAQ,5.76
024850,9770.0,124350.0,124350.0,1214899500.0,1214899500.0,KOSDAQ,9.53
125490,8480.0,704537.0,704537.0,5974473760.0,5974473760.0,KOSDAQ,6.4
215600,2230.0,736076.0,736076.0,1641449480.0,1641449480.0,KOSDAQ,3.96
025900,6100.0,93904.0,123949.0,572814400.0,756088900.0,KOSDAQ,4.63
206650,8340.0,109967.0,109967.0,917124780.0,917124780.0,KOSDAQ,5.97
900290,3735.0,637026.0,637026.0,2379292110.0,2379292110.0,KOSDAQ,3.75
117730,13460.0,182996.0,455554.0,2463126160.0,6131756840.0,KOSDAQ,4.91
330860,24800.0,140131.0,140131.0,3475248800.0,3475248800.0,KOSDAQ,5.53
092460,17650.0,37214.0,62731.0,656827100.0,1107202150.0,KOSDAQ,2.5
356680,10540.0,1048095.0,1048095.0,11046921300.0,11046921300.0,KOSDAQ,6.46
025770,8010.0,34075.0,34075.0,272940750.0,272940750.0,KOSDAQ,0.88
036890,13420.0,71655.0,126549.0,961610100.0,1698287580.0,KOSDAQ,0.6
049070,17920.0,60478.0,119932.0,1083765760.0,2149181440.0,KOSDAQ,3.88
265520,19580.0,90135.0,130757.0,1764843300.0,2560222060.0,KOSDAQ,6.41
108860,10900.0,3787600.0,17961240.0,41284840000.0,195777516000.0,KOSDAQ,12.37
110990,15500.0,73010.0,136938.0,1131655000.0,2122539000.0,KOSDAQ,2.79
107640,32100.0,89338.0,169423.0,2867749800.0,5438478300.0,KOSDAQ,8.08
042520,20250.0,128524.0,182265.0,2602611000.0,3690866250.0,KOSDAQ,8.17
472850,5010.0,113747.0,300064.0,569872470.0,1503320640.0,KOSDAQ,3.19
078350,18920.0,97733.0,132854.0,1849108360.0,2513597680.0,KOSDAQ,2.99
419530,28200.0,120979.0,215192.0,3411607800.0,6068414400.0,KOSDAQ,6.21
101730,3430.0,170679.0,247940.0,585428970.0,850434200.0,KOSDAQ,4.73
054950,23650.0,22901.0,36716.0,541608650.0,868333400.0,KOSDAQ,0.64
200670,25400.0,22670.0,35327.0,575818000.0,897305800.0,KOSDAQ,3.46
136480,2680.0,348179.0,348179.0,933119720.0,933119720.0,KOSDAQ,1.52
121440,6640.0,102163.0,102163.0,678362320.0,678362320.0,KOSDAQ,-0.45
482630,12890.0,290808.0,290808.0,3748515120.0,3748515120.0,KOSDAQ,6.53
287840,18610.0,83618.0,134779.0,1556130980.0,2508237190.0,KOSDAQ,8.58
079370,8950.0,224619.0,224619.0,2010340050.0,2010340050.0,KOSDAQ,5.17
098070,24850.0,164871.0,315709.0,4097044350.0,7845368650.0,KOSDAQ,3.54
424870,3025.0,447995.0,804840.0,1355184875.0,2434641000.0,KOSDAQ,11.42
091700,5510.0,133414.0,133414.0,735111140.0,735111140.0,KOSDAQ,2.23
035810,4270.0,132090.0,132090.0,564024300.0,564024300.0,KOSDAQ,2.64
051500,23150.0,11534.0,14782.0,267012100.0,342203300.0,KOSDAQ,2.66
194700,14920.0,301001.0,407168.0,4490934920.0,6074946560.0,KOSDAQ,9.3
017890,13100.0,34798.0,34798.0,455853800.0,455853800.0,KOSDAQ,-0.83
047920,8240.0,242057.0,657702.0,1994549680.0,5419464480.0,KOSDAQ,7.99
035600,9790.0,63917.0,91222.0,625747430.0,893063380.0,KOSDAQ,1.98
327260,29950.0,902012.0,902012.0,27015259400.0,27015259400.0,KOSDAQ,29.93
439090,16330.0,228468.0,508443.0,3730882440.0,8302874190.0,KOSDAQ,3.55
093520,22350.0,34274.0,55410.0,766023900.0,1238413500.0,KOSDAQ,5.67
484810,17150.0,1782811.0,6781507.0,30575208650.0,116302845050.0,KOSDAQ,-1.72
067630,2170.0,333941.0,333941.0,724651970.0,724651970.0,KOSDAQ,5.6
352480,19360.0,20656.0,27278.0,399900160.0,528102080.0,KOSDAQ,6.2
043150,17760.0,36435.0,46941.0,647085600.0,833672160.0,KOSDAQ,4.1
168360,11740.0,85326.0,155735.0,1001727240.0,1828328900.0,KOSDAQ,1.82
099440,3850.0,374190.0,374190.0,1440631500.0,1440631500.0,KOSDAQ,1.05
151860,5510.0,69168.0,69168.0,381115680.0,381115680.0,KOSDAQ,3.57
267980,34000.0,2109.0,3420.0,71706000.0,116280000.0,KOSDAQ,-0.58
064820,8410.0,65786.0,136274.0,553260260.0,1146064340.0,KOSDAQ,6.86
481070,18040.0,22389.0,32653.0,403897560.0,589060120.0,KOSDAQ,3.09
060720,10860.0,352857.0,352857.0,3832027020.0,3832027020.0,KOSDAQ,5.85
493280,17330.0,69375.0,69375.0,1202268750.0,1202268750.0,KOSDAQ,7.24
394280,9750.0,86883.0,145328.0,847109250.0,1416948000.0,KOSDAQ,3.83
114810,9100.0,217925.0,292834.0,1983117500.0,2664789400.0,KOSDAQ,2.36
484590,6200.0,207915.0,207915.0,1289073000.0,1289073000.0,KOSDAQ,8.77
194480,21050.0,228832.0,340939.0,4816913600.0,7176765950.0,KOSDAQ,9.75
314930,8550.0,26045.0,35342.0,222684750.0,302174100.0,KOSDAQ,5.43
468530,23050.0,73066.0,128799.0,1684171300.0,2968816950.0,KOSDAQ,8.47
023410,3280.0,371622.0,371622.0,1218920160.0,1218920160.0,KOSDAQ,3.96
200130,8620.0,71211.0,92137.0,613838820.0,794220940.0,KOSDAQ,7.35
234340,18020.0,172248.0,172248.0,3103908960.0,3103908960.0,KOSDAQ,5.38
180400,2550.0,80225.0,80225.0,204573750.0,204573750.0,KOSDAQ,5.15
069540,2225.0,7591344.0,7591344.0,16890740400.0,16890740400.0,KOSDAQ,10.97
080580,11790.0,165631.0,165631.0,1952789490.0,1952789490.0,KOSDAQ,9.67
206640,11290.0,116697.0,133010.0,1317509130.0,1501682900.0,KOSDAQ,0.36
039830,22900.0,184599.0,184599.0,4227317100.0,4227317100.0,KOSDAQ,5.53
488900,8450.0,90353.0,187373.0,763482850.0,1583301850.0,KOSDAQ,7.92
061090,44700.0,58100.0,114496.0,2597070000.0,5117971200.0,KOSDAQ,7.71
475400,20550.0,159698.0,383508.0,3281793900.0,7881089400.0,KOSDAQ,3.01
085910,17420.0,117662.0,117662.0,2049672040.0,2049672040.0,KOSDAQ,6.87
393890,7090.0,250524.0,250524.0,1776215160.0,1776215160.0,KOSDAQ,10.61
452280,12460.0,406705.0,406705.0,5067544300.0,5067544300.0,KOSDAQ,19.23
138080,19370.0,232878.0,232878.0,4510846860.0,4510846860.0,KOSDAQ,10.56
092190,5200.0,128946.0,128946.0,670519200.0,670519200.0,KOSDAQ,5.16
073490,31250.0,122326.0,122326.0,3822687500.0,3822687500.0,KOSDAQ,8.89
452430,28600.0,84059.0,193700.0,2404087400.0,5539820000.0,KOSDAQ,14.86
389500,35250.0,146730.0,146730.0,5172232500.0,5172232500.0,KOSDAQ,7.47
215000,37300.0,28969.0,36174.0,1080543700.0,1349290200.0,KOSDAQ,2.19
036200,7600.0,145602.0,270636.0,1106575200.0,2056833600.0,KOSDAQ,2.98
389260,12950.0,317755.0,317755.0,4114927250.0,4114927250.0,KOSDAQ,5.28
005710,11540.0,17539.0,26115.0,202400060.0,301367100.0,KOSDAQ,1.58
071200,9410.0,121254.0,121254.0,1141000140.0,1141000140.0,KOSDAQ,8.41
304360,18480.0,47551.0,76408.0,878742480.0,1412019840.0,KOSDAQ,5.6
950170,4415.0,10129.0,10129.0,44719535.0,44719535.0,KOSDAQ,1.73
100120,25400.0,64410.0,64410.0,1636014000.0,1636014000.0,KOSDAQ,4.96
043370,10840.0,27358.0,33036.0,296560720.0,358110240.0,KOSDAQ,-1.09
187660,4085.0,1203061.0,1203061.0,4914504185.0,4914504185.0,KOSDAQ,-4.44
036030,4620.0,62324.0,62324.0,287936880.0,287936880.0,KOSDAQ,3.7
144510,14330.0,68492.0,85267.0,981490360.0,1221876110.0,KOSDAQ,5.68
042370,8620.0,188872.0,188872.0,1628076640.0,1628076640.0,KOSDAQ,11.66
099430,3635.0,269270.0,269270.0,978796450.0,978796450.0,KOSDAQ,3.12
377450,12920.0,68237.0,68237.0,881622040.0,881622040.0,KOSDAQ,3.86
053030,6850.0,79530.0,119035.0,544780500.0,815389750.0,KOSDAQ,6.7
094360,10440.0,146401.0,517314.0,1528426440.0,5400758160.0,KOSDAQ,5.14
068930,8020.0,17643.0,17643.0,141496860.0,141496860.0,KOSDAQ,0.5
065710,43000.0,5768.0,5768.0,248024000.0,248024000.0,KOSDAQ,-0.69
450950,5830.0,20062.0,28793.0,116961460.0,167863190.0,KOSDAQ,3.37
290690,4165.0,320267.0,320267.0,1333912055.0,1333912055.0,KOSDAQ,2.84
459510,16840.0,308531.0,1135014.0,5195662040.0,19113635760.0,KOSDAQ,2.43
200470,5140.0,481696.0,481696.0,2475917440.0,2475917440.0,KOSDAQ,5.01
061970,3740.0,1229395.0,1229395.0,4597937300.0,4597937300.0,KOSDAQ,8.88
461300,16210.0,24332.0,24332.0,394421720.0,394421720.0,KOSDAQ,4.92
298830,4040.0,306646.0,306646.0,1238849840.0,1238849840.0,KOSDAQ,6.46
0011T0,4585.0,229338.0,229338.0,1051514730.0,1051514730.0,KOSDAQ,10.62
462350,6360.0,260296.0,260296.0,1655482560.0,1655482560.0,KOSDAQ,7.98
052330,12100.0,10760.0,10760.0,130196000.0,130196000.0,KOSDAQ,2.11
417840,9380.0,522488.0,522488.0,4900937440.0,4900937440.0,KOSDAQ,5.39
254490,14830.0,86041.0,86041.0,1275988030.0,1275988030.0,KOSDAQ,4.88
304100,17000.0,29298.0,2652770.0,498066000.0,45097090000.0,KOSDAQ,29.97
089980,13370.0,25178.0,34137.0,336629860.0,456411690.0,KOSDAQ,4.62
241520,7990.0,179037.0,179037.0,1430505630.0,1430505630.0,KOSDAQ,9.0
095500,6840.0,103689.0,240618.0,709232760.0,1645827120.0,KOSDAQ,5.72
0008Z0,22300.0,11548.0,21424.0,257520400.0,477755200.0,KOSDAQ,3.0
378340,9720.0,24228.0,60075.0,235496160.0,583929000.0,KOSDAQ,5.88
272110,26150.0,74415.0,74415.0,1945952250.0,1945952250.0,KOSDAQ,-0.57
0001A0,8210.0,65175.0,65175.0,535086750.0,535086750.0,KOSDAQ,5.26
402030,16700.0,280554.0,1474895.0,4685251800.0,24630746500.0,KOSDAQ,15.97
318060,18640.0,82515.0,82515.0,1538079600.0,1538079600.0,KOSDAQ,2.64
011560,20600.0,17748.0,17748.0,365608800.0,365608800.0,KOSDAQ,3.26
014940,4540.0,215613.0,215613.0,978883020.0,978883020.0,KOSDAQ,5.34
114190,7900.0,76620.0,149365.0,605298000.0,1179983500.0,KOSDAQ,7.19
217730,2190.0,604353.0,604353.0,1323533070.0,1323533070.0,KOSDAQ,3.79
365270,9280.0,140539.0,140539.0,1304201920.0,1304201920.0,KOSDAQ,10.21
230240,15330.0,234776.0,234776.0,3599116080.0,3599116080.0,KOSDAQ,4.21
448280,6880.0,13756.0,25869.0,94641280.0,177978720.0,KOSDAQ,0.44
067390,484.0,961190.0,961190.0,465215960.0,465215960.0,KOSDAQ,9.01
456010,14030.0,196837.0,196837.0,2761623110.0,2761623110.0,KOSDAQ,5.33
034810,6440.0,33895.0,33895.0,218283800.0,218283800.0,KOSDAQ,0.78
317330,9900.0,65534.0,99116.0,648786600.0,981248400.0,KOSDAQ,6.22
018310,13760.0,6226.0,6677.0,85669760.0,91875520.0,KOSDAQ,1.1
102940,15450.0,252514.0,326512.0,3901341300.0,5044610400.0,KOSDAQ,4.25
018000,779.0,1838059.0,1838059.0,1431847961.0,1431847961.0,KOSDAQ,8.04
220100,9010.0,66984.0,108934.0,603525840.0,981495340.0,KOSDAQ,13.33
064850,17700.0,43346.0,43346.0,767224200.0,767224200.0,KOSDAQ,4.36
353810,6070.0,198317.0,198317.0,1203784190.0,1203784190.0,KOSDAQ,0.5
065680,21700.0,22037.0,25734.0,478202900.0,558427800.0,KOSDAQ,1.17
094480,5080.0,208945.0,208945.0,1061440600.0,1061440600.0,KOSDAQ,3.99
159010,14930.0,181527.0,181527.0,2710198110.0,2710198110.0,KOSDAQ,13.19
058970,16000.0,44390.0,127823.0,710240000.0,2045168000.0,KOSDAQ,9.89
237880,10860.0,22468.0,44771.0,244002480.0,486213060.0,KOSDAQ,1.31
445090,17930.0,27068.0,55223.0,485329240.0,990148390.0,KOSDAQ,3.16
052710,13300.0,713671.0,713671.0,9491824300.0,9491824300.0,KOSDAQ,-10.2
042420,23850.0,9468.0,9468.0,225811800.0,225811800.0,KOSDAQ,-0.42
046970,4430.0,651067.0,651067.0,2884226810.0,2884226810.0,KOSDAQ,10.2
036190,32350.0,2766.0,2766.0,89480100.0,89480100.0,KOSDAQ,2.21
013120,2130.0,151357.0,151357.0,322390410.0,322390410.0,KOSDAQ,2.16
270660,15230.0,1705169.0,4182829.0,25969723870.0,63704485670.0,KOSDAQ,12.32
112290,9540.0,80217.0,80217.0,765270180.0,765270180.0,KOSDAQ,3.36
190510,13670.0,44052.0,72896.0,602190840.0,996488320.0,KOSDAQ,4.35
203650,1891.0,1443929.0,1443929.0,2730469739.0,2730469739.0,KOSDAQ,7.32
123330,23900.0,209877.0,209877.0,5016060300.0,5016060300.0,KOSDAQ,5.05
394800,5970.0,249462.0,398106.0,1489288140.0,2376692820.0,KOSDAQ,14.37
092870,14450.0,197516.0,197516.0,2854106200.0,2854106200.0,KOSDAQ,8.89
484120,17150.0,18945.0,54110.0,324906750.0,927986500.0,KOSDAQ,2.76
098120,22550.0,44890.0,44890.0,1012269500.0,1012269500.0,KOSDAQ,7.38
091580,14050.0,115114.0,115114.0,1617351700.0,1617351700.0,KOSDAQ,10.2
214180,14400.0,44253.0,44253.0,637243200.0,637243200.0,KOSDAQ,3.67
176750,6550.0,74734.0,232309.0,489507700.0,1521623950.0,KOSDAQ,0.15
425040,8490.0,192068.0,192068.0,1630657320.0,1630657320.0,KOSDAQ,5.47
054210,7280.0,137538.0,137538.0,1001276640.0,1001276640.0,KOSDAQ,7.06
084850,8110.0,50712.0,78432.0,411274320.0,636083520.0,KOSDAQ,1.25
019010,3800.0,119202.0,119202.0,452967600.0,452967600.0,KOSDAQ,0.0
068790,8100.0,94248.0,94248.0,763408800.0,763408800.0,KOSDAQ,-0.61
086390,8640.0,127519.0,301812.0,1101764160.0,2607655680.0,KOSDAQ,5.75
036560,11590.0,9970.0,9970.0,115552300.0,115552300.0,KOSDAQ,0.0
192440,29300.0,12378.0,12378.0,362675400.0,362675400.0,KOSDAQ,0.0
308430,14080.0,39614.0,58473.0,557765120.0,823299840.0,KOSDAQ,9.4
053300,4475.0,60958.0,60958.0,272787050.0,272787050.0,KOSDAQ,4.07
294570,17900.0,9275.0,19726.0,166022500.0,353095400.0,KOSDAQ,0.9
126600,2875.0,66445.0,66445.0,191029375.0,191029375.0,KOSDAQ,5.7
357550,33000.0,9798.0,12299.0,323334000.0,405867000.0,KOSDAQ,-1.2
078150,1939.0,786423.0,786423.0,1524874197.0,1524874197.0,KOSDAQ,4.81
354320,28100.0,80880.0,80880.0,2272728000.0,2272728000.0,KOSDAQ,14.23
045390,2545.0,441779.0,441779.0,1124327555.0,1124327555.0,KOSDAQ,5.82
049430,19780.0,32137.0,32137.0,635669860.0,635669860.0,KOSDAQ,-0.25
143240,16590.0,17502.0,17502.0,290358180.0,290358180.0,KOSDAQ,1.72
446540,6110.0,78932.0,78932.0,482274520.0,482274520.0,KOSDAQ,0.0
256840,2585.0,272215.0,272215.0,703675775.0,703675775.0,KOSDAQ,6.82
066620,23500.0,1158.0,1158.0,27213000.0,27213000.0,KOSDAQ,1.29
064550,6820.0,87118.0,167257.0,594144760.0,1140692740.0,KOSDAQ,2.87
0015G0,14810.0,104808.0,104808.0,1552206480.0,1552206480.0,KOSDAQ,11.69
950140,8720.0,21045.0,21045.0,183512400.0,183512400.0,KOSDAQ,5.06
403850,12030.0,69503.0,103241.0,836121090.0,1241989230.0,KOSDAQ,3.8
067080,9270.0,45450.0,94437.0,421321500.0,875430990.0,KOSDAQ,4.75
125020,4915.0,306613.0,306613.0,1507002895.0,1507002895.0,KOSDAQ,8.14
065660,17210.0,47476.0,108061.0,817061960.0,1859729810.0,KOSDAQ,4.62
092130,14290.0,1946.0,1946.0,27808340.0,27808340.0,KOSDAQ,0.35
012860,2345.0,336526.0,336526.0,789153470.0,789153470.0,KOSDAQ,3.53
204610,3090.0,84718.0,84718.0,261778620.0,261778620.0,KOSDAQ,0.0
416180,18950.0,17736.0,30065.0,336097200.0,569731750.0,KOSDAQ,3.5
243840,4425.0,126766.0,126766.0,560939550.0,560939550.0,KOSDAQ,4.73
138610,15000.0,23797.0,38361.0,356955000.0,575415000.0,KOSDAQ,7.07
036710,3220.0,184581.0,184581.0,594350820.0,594350820.0,KOSDAQ,3.04
199430,15180.0,269427.0,269427.0,4089901860.0,4089901860.0,KOSDAQ,2.5
138360,1930.0,901441.0,901441.0,1739781130.0,1739781130.0,KOSDAQ,2.71
094820,11230.0,92698.0,92698.0,1040998540.0,1040998540.0,KOSDAQ,6.55
307180,4575.0,286904.0,286904.0,1312585800.0,1312585800.0,KOSDAQ,5.9
041920,9070.0,77415.0,77415.0,702154050.0,702154050.0,KOSDAQ,8.88
115450,1903.0,524195.0,524195.0,997543085.0,997543085.0,KOSDAQ,10.0
048550,1742.0,1827964.0,1827964.0,3184313288.0,3184313288.0,KOSDAQ,10.88
080160,8830.0,29549.0,29549.0,260917670.0,260917670.0,KOSDAQ,1.26
0082N0,12500.0,43658.0,43658.0,545725000.0,545725000.0,KOSDAQ,10.42
314130,3650.0,478170.0,478170.0,1745320500.0,1745320500.0,KOSDAQ,5.64
093190,8610.0,36871.0,36871.0,317459310.0,317459310.0,KOSDAQ,-0.92
038390,9900.0,22993.0,22993.0,227630700.0,227630700.0,KOSDAQ,1.75
024840,3835.0,1846845.0,1846845.0,7082650575.0,7082650575.0,KOSDAQ,5.07
123860,13530.0,22821.0,22821.0,308768130.0,308768130.0,KOSDAQ,7.55
039840,12210.0,17821.0,28120.0,217594410.0,343345200.0,KOSDAQ,1.92
143160,15270.0,6846.0,6846.0,104538420.0,104538420.0,KOSDAQ,-0.2
216080,4375.0,113601.0,113601.0,497004375.0,497004375.0,KOSDAQ,3.43
108380,17010.0,41819.0,49695.0,711341190.0,845311950.0,KOSDAQ,4.1
489460,11030.0,124434.0,124434.0,1372507020.0,1372507020.0,KOSDAQ,0.55
046120,4795.0,437777.0,437777.0,2099140715.0,2099140715.0,KOSDAQ,10.23
179290,4990.0,71860.0,71860.0,358581400.0,358581400.0,KOSDAQ,4.39
051370,6920.0,79820.0,79820.0,552354400.0,552354400.0,KOSDAQ,5.33
024060,10540.0,1359993.0,1359993.0,14334326220.0,14334326220.0,KOSDAQ,6.46
023910,26300.0,6532.0,6532.0,171791600.0,171791600.0,KOSDAQ,0.38
036170,2570.0,351833.0,351833.0,904210810.0,904210810.0,KOSDAQ,1.98
083930,10740.0,39373.0,39373.0,422866020.0,422866020.0,KOSDAQ,3.37
086670,15880.0,17964.0,17964.0,285268320.0,285268320.0,KOSDAQ,1.28
123410,5640.0,86266.0,86266.0,486540240.0,486540240.0,KOSDAQ,4.83
475040,2945.0,1202093.0,1202093.0,3540163885.0,3540163885.0,KOSDAQ,9.89
119610,13740.0,35696.0,35696.0,490463040.0,490463040.0,KOSDAQ,2.77
086820,6040.0,53034.0,53034.0,320325360.0,320325360.0,KOSDAQ,3.78
013990,4755.0,90409.0,90409.0,429894795.0,429894795.0,KOSDAQ,4.51
338840,10170.0,104732.0,166199.0,1065124440.0,1690243830.0,KOSDAQ,13.0
032620,2980.0,63295.0,63295.0,188619100.0,188619100.0,KOSDAQ,3.29
413630,4265.0,20131695.0,20131695.0,85861679175.0,85861679175.0,KOSDAQ,4.79
293780,5520.0,81090.0,81090.0,447616800.0,447616800.0,KOSDAQ,9.31
464080,8640.0,102470.0,102470.0,885340800.0,885340800.0,KOSDAQ,5.24
024800,4175.0,25184.0,25184.0,105143200.0,105143200.0,KOSDAQ,-0.71
126700,10350.0,99861.0,99861.0,1033561350.0,1033561350.0,KOSDAQ,5.94
187870,11230.0,81098.0,81098.0,910730540.0,910730540.0,KOSDAQ,2.09
222040,7490.0,185013.0,185013.0,1385747370.0,1385747370.0,KOSDAQ,9.99
054800,14900.0,1739.0,1739.0,25911100.0,25911100.0,KOSDAQ,0.61
079960,20400.0,36071.0,36071.0,735848400.0,735848400.0,KOSDAQ,4.08
072870,12920.0,19180.0,19180.0,247805600.0,247805600.0,KOSDAQ,0.47
041020,3095.0,895832.0,895832.0,2772600040.0,2772600040.0,KOSDAQ,8.98
199820,6900.0,173296.0,173296.0,1195742400.0,1195742400.0,KOSDAQ,6.32
012210,6640.0,107386.0,107386.0,713043040.0,713043040.0,KOSDAQ,12.54
084990,3320.0,133631.0,133631.0,443654920.0,443654920.0,KOSDAQ,5.73
046440,4020.0,47807.0,47807.0,192184140.0,192184140.0,KOSDAQ,2.55
264850,5030.0,860122.0,860122.0,4326413660.0,4326413660.0,KOSDAQ,0.6
011040,4940.0,17422.0,17422.0,86064680.0,86064680.0,KOSDAQ,0.82
082800,2500.0,141394.0,141394.0,353485000.0,353485000.0,KOSDAQ,5.26
234690,8430.0,100550.0,100550.0,847636500.0,847636500.0,KOSDAQ,5.24
007330,10020.0,3634.0,3634.0,36412680.0,36412680.0,KOSDAQ,0.1
078070,8840.0,26514.0,26514.0,234383760.0,234383760.0,KOSDAQ,4.12
092070,12990.0,31959.0,31959.0,415147410.0,415147410.0,KOSDAQ,3.26
122990,5640.0,26050.0,26050.0,146922000.0,146922000.0,KOSDAQ,3.3
049960,15890.0,8545.0,8545.0,135780050.0,135780050.0,KOSDAQ,4.06
260970,51600.0,22747.0,22747.0,1173745200.0,1173745200.0,KOSDAQ,8.86
067280,25050.0,5278.0,5278.0,132213900.0,132213900.0,KOSDAQ,1.01
264450,10120.0,25226.0,25226.0,255287120.0,255287120.0,KOSDAQ,3.16
255220,1337.0,3396848.0,3396848.0,4541585776.0,4541585776.0,KOSDAQ,9.59
083310,8210.0,48472.0,48472.0,397955120.0,397955120.0,KOSDAQ,5.26
126640,4170.0,909328.0,909328.0,3791897760.0,3791897760.0,KOSDAQ,3.99
040350,7330.0,153583.0,153583.0,1125763390.0,1125763390.0,KOSDAQ,15.62
251370,8070.0,52375.0,52375.0,422666250.0,422666250.0,KOSDAQ,3.2
104480,1597.0,685188.0,685188.0,1094245236.0,1094245236.0,KOSDAQ,5.27
001540,11030.0,40073.0,40073.0,442005190.0,442005190.0,KOSDAQ,5.15
048870,1630.0,471211.0,471211.0,768073930.0,768073930.0,KOSDAQ,6.05
051160,9270.0,1473180.0,1473180.0,13656378600.0,13656378600.0,KOSDAQ,17.34
049630,6120.0,162745.0,162745.0,995999400.0,995999400.0,KOSDAQ,8.13
005990,10740.0,1739.0,1739.0,18676860.0,18676860.0,KOSDAQ,-0.09
334970,1829.0,512748.0,512748.0,937816092.0,937816092.0,KOSDAQ,-4.14
094840,14490.0,40500.0,40500.0,586845000.0,586845000.0,KOSDAQ,-3.72
382800,4460.0,234749.0,234749.0,1046980540.0,1046980540.0,KOSDAQ,6.7
300080,8600.0,197743.0,1217282.0,1700589800.0,10468625200.0,KOSDAQ,15.28
310200,2700.0,228176.0,228176.0,616075200.0,616075200.0,KOSDAQ,4.65
462860,1957.0,86570.0,86570.0,169417490.0,169417490.0,KOSDAQ,3.16
322510,5440.0,143363.0,143363.0,779894720.0,779894720.0,KOSDAQ,9.35
037070,6980.0,2060552.0,2060552.0,14382652960.0,14382652960.0,KOSDAQ,-4.38
039860,3655.0,178137.0,178137.0,651090735.0,651090735.0,KOSDAQ,3.54
205500,1698.0,189464.0,189464.0,321709872.0,321709872.0,KOSDAQ,8.02
408920,3195.0,50584.0,50584.0,161615880.0,161615880.0,KOSDAQ,3.9
212560,10240.0,73836.0,73836.0,756080640.0,756080640.0,KOSDAQ,0.29
388050,7370.0,211028.0,211028.0,1555276360.0,1555276360.0,KOSDAQ,7.91
0039P0,7320.0,6888380.0,6888380.0,50422941600.0,50422941600.0,KOSDAQ,-0.41
023600,8590.0,6572.0,6572.0,56453480.0,56453480.0,KOSDAQ,1.78
069510,12600.0,2171.0,2171.0,27354600.0,27354600.0,KOSDAQ,2.19
054450,9070.0,65793.0,65793.0,596742510.0,596742510.0,KOSDAQ,4.86
389020,19880.0,21703.0,21703.0,431455640.0,431455640.0,KOSDAQ,4.63
101970,9270.0,4980.0,4980.0,46164600.0,46164600.0,KOSDAQ,-0.11
060150,3005.0,37646.0,37646.0,113126230.0,113126230.0,KOSDAQ,2.56
088800,1800.0,151136.0,151136.0,272044800.0,272044800.0,KOSDAQ,4.35
119830,5100.0,169565.0,169565.0,864781500.0,864781500.0,KOSDAQ,2.82
114840,8110.0,18994.0,30972.0,154041340.0,251182920.0,KOSDAQ,6.85
086890,3315.0,57683.0,57683.0,191219145.0,191219145.0,KOSDAQ,4.25
293580,1423.0,289460.0,289460.0,411901580.0,411901580.0,KOSDAQ,2.74
339950,3000.0,324610.0,324610.0,973830000.0,973830000.0,KOSDAQ,4.17
090850,5990.0,21339.0,21339.0,127820610.0,127820610.0,KOSDAQ,0.34
005160,2480.0,30792.0,30792.0,76364160.0,76364160.0,KOSDAQ,3.33
321550,4470.0,144295.0,144295.0,644998650.0,644998650.0,KOSDAQ,8.63
322310,14290.0,178994.0,178994.0,2557824260.0,2557824260.0,KOSDAQ,3.85
457550,14360.0,167016.0,167016.0,2398349760.0,2398349760.0,KOSDAQ,3.31
0088M0,13540.0,78203.0,78203.0,1058868620.0,1058868620.0,KOSDAQ,10.26
246710,2795.0,422643.0,422643.0,1181287185.0,1181287185.0,KOSDAQ,3.33
274090,9670.0,249052.0,249052.0,2408332840.0,2408332840.0,KOSDAQ,9.02
382900,15170.0,31704.0,61343.0,480949680.0,930573310.0,KOSDAQ,5.64
418550,4140.0,85418.0,85418.0,353630520.0,353630520.0,KOSDAQ,5.34
355150,16990.0,85308.0,85308.0,1449382920.0,1449382920.0,KOSDAQ,0.59
263860,14580.0,84867.0,84867.0,1237360860.0,1237360860.0,KOSDAQ,6.42
0007C0,16440.0,80855.0,80855.0,1329256200.0,1329256200.0,KOSDAQ,8.59
003100,19960.0,38924.0,38924.0,776923040.0,776923040.0,KOSDAQ,2.89
474650,22900.0,67659.0,67659.0,1549391100.0,1549391100.0,KOSDAQ,13.09
049720,9190.0,78703.0,78703.0,723280570.0,723280570.0,KOSDAQ,1.43
035610,4800.0,78027.0,78027.0,374529600.0,374529600.0,KOSDAQ,1.8
136540,10670.0,18778.0,18778.0,200361260.0,200361260.0,KOSDAQ,3.49
297890,1778.0,783210.0,783210.0,1392547380.0,1392547380.0,KOSDAQ,7.11
038290,11870.0,18504.0,18504.0,219642480.0,219642480.0,KOSDAQ,4.12
041520,10490.0,34282.0,34282.0,359618180.0,359618180.0,KOSDAQ,9.84
080420,1601.0,46437.0,46437.0,74345637.0,74345637.0,KOSDAQ,8.54
242040,3680.0,248189.0,248189.0,913335520.0,913335520.0,KOSDAQ,4.69
093640,3870.0,96593.0,96593.0,373814910.0,373814910.0,KOSDAQ,7.2
405100,10340.0,26312.0,26312.0,272066080.0,272066080.0,KOSDAQ,3.3
086980,2030.0,119250.0,119250.0,242077500.0,242077500.0,KOSDAQ,3.41
333430,4100.0,4960659.0,4960659.0,20338701900.0,20338701900.0,KOSDAQ,3.67
372170,15770.0,26346.0,36379.0,415476420.0,573696830.0,KOSDAQ,4.3
950190,9630.0,67117.0,67117.0,646336710.0,646336710.0,KOSDAQ,-3.31
032580,3780.0,1834676.0,1834676.0,6935075280.0,6935075280.0,KOSDAQ,11.01
264660,12880.0,30359.0,30359.0,391023920.0,391023920.0,KOSDAQ,4.63
095190,1905.0,156704.0,156704.0,298521120.0,298521120.0,KOSDAQ,1.71
140670,9660.0,67352.0,67352.0,650620320.0,650620320.0,KOSDAQ,5.69
361390,12710.0,30462.0,30462.0,387172020.0,387172020.0,KOSDAQ,7.08
147830,6170.0,95989.0,95989.0,592252130.0,592252130.0,KOSDAQ,4.58
102120,6940.0,109518.0,109518.0,760054920.0,760054920.0,KOSDAQ,5.63
489500,19270.0,24142.0,24142.0,465216340.0,465216340.0,KOSDAQ,6.52
118990,5000.0,58723.0,58723.0,293615000.0,293615000.0,KOSDAQ,4.6
445180,7080.0,18621.0,18621.0,131836680.0,131836680.0,KOSDAQ,2.61
451760,7370.0,107934.0,107934.0,795473580.0,795473580.0,KOSDAQ,6.5
388790,3965.0,2753189.0,2753189.0,10916394385.0,10916394385.0,KOSDAQ,19.43
240550,5790.0,65909.0,65909.0,381613110.0,381613110.0,KOSDAQ,6.43
146320,9440.0,33614.0,33614.0,317316160.0,317316160.0,KOSDAQ,-0.32
232680,9100.0,175374.0,175374.0,1595903400.0,1595903400.0,KOSDAQ,4.48
340450,5100.0,132873.0,132873.0,677652300.0,677652300.0,KOSDAQ,4.83
226590,11240.0,20242.0,20242.0,227520080.0,227520080.0,KOSDAQ,2.27
101360,6770.0,29590.0,60362.0,200324300.0,408650740.0,KOSDAQ,8.67
478340,10400.0,88927.0,88927.0,924840800.0,924840800.0,KOSDAQ,9.13
095700,2640.0,129202.0,129202.0,341093280.0,341093280.0,KOSDAQ,7.1
488280,11090.0,346772.0,1846318.0,3845701480.0,20475666620.0,KOSDAQ,16.98
458650,7950.0,12069.0,12069.0,95948550.0,95948550.0,KOSDAQ,3.52
473980,10800.0,27899.0,44953.0,301309200.0,485492400.0,KOSDAQ,4.65
089600,10320.0,12317.0,12317.0,127111440.0,127111440.0,KOSDAQ,1.47
256940,5930.0,40637.0,40637.0,240977410.0,240977410.0,KOSDAQ,5.7
285490,11220.0,20896.0,20896.0,234453120.0,234453120.0,KOSDAQ,4.57
027710,1065.0,226631.0,226631.0,241362015.0,241362015.0,KOSDAQ,2.11
108230,3115.0,69902.0,69902.0,217744730.0,217744730.0,KOSDAQ,6.5
163730,9820.0,255805.0,255805.0,2512005100.0,2512005100.0,KOSDAQ,28.87
122450,2605.0,24077.0,24077.0,62720585.0,62720585.0,KOSDAQ,3.58
021320,5450.0,23120.0,23120.0,126004000.0,126004000.0,KOSDAQ,4.41
307750,2155.0,103020.0,103020.0,222008100.0,222008100.0,KOSDAQ,5.38
049520,3760.0,110096.0,110096.0,413960960.0,413960960.0,KOSDAQ,2.04
394420,10540.0,124609.0,124609.0,1313378860.0,1313378860.0,KOSDAQ,11.3
106190,10850.0,10916.0,10916.0,118438600.0,118438600.0,KOSDAQ,3.63
142210,5540.0,88290.0,88290.0,489126600.0,489126600.0,KOSDAQ,1.84
211270,7600.0,84349.0,84349.0,641052400.0,641052400.0,KOSDAQ,7.5
059120,6250.0,580228.0,580228.0,3626425000.0,3626425000.0,KOSDAQ,2.63
217270,2440.0,57690.0,57690.0,140763600.0,140763600.0,KOSDAQ,7.73
149950,8290.0,37199.0,37199.0,308379710.0,308379710.0,KOSDAQ,2.98
338220,8090.0,46024.0,93967.0,372334160.0,760193030.0,KOSDAQ,7.15
432720,7980.0,152859.0,152859.0,1219814820.0,1219814820.0,KOSDAQ,4.72
289080,1881.0,218491.0,218491.0,410981571.0,410981571.0,KOSDAQ,3.13
038540,2035.0,15711.0,15711.0,31971885.0,31971885.0,KOSDAQ,0.74
006620,3950.0,78102.0,78102.0,308502900.0,308502900.0,KOSDAQ,2.6
469610,12570.0,107661.0,131905.0,1353298770.0,1658045850.0,KOSDAQ,5.72
357880,2120.0,1018188.0,1018188.0,2158558560.0,2158558560.0,KOSDAQ,5.74
051360,11620.0,77197.0,99088.0,897029140.0,1151402560.0,KOSDAQ,3.01
402490,6610.0,94898.0,94898.0,627275780.0,627275780.0,KOSDAQ,4.59
259630,9150.0,69088.0,69088.0,632155200.0,632155200.0,KOSDAQ,4.57
054920,3960.0,337103.0,337103.0,1334927880.0,1334927880.0,KOSDAQ,8.94
067990,3820.0,169194.0,169194.0,646321080.0,646321080.0,KOSDAQ,-0.52
041440,6240.0,78675.0,78675.0,490932000.0,490932000.0,KOSDAQ,2.97
037350,7300.0,152327.0,152327.0,1111987100.0,1111987100.0,KOSDAQ,2.96
009780,6280.0,10384.0,10384.0,65211520.0,65211520.0,KOSDAQ,0.96
126730,12600.0,54504.0,54504.0,686750400.0,686750400.0,KOSDAQ,3.96
058820,746.0,675739.0,675739.0,504101294.0,504101294.0,KOSDAQ,5.22
267320,1918.0,237349.0,237349.0,455235382.0,455235382.0,KOSDAQ,4.52
371950,4855.0,15375.0,15375.0,74645625.0,74645625.0,KOSDAQ,2.64
047310,3000.0,98944.0,98944.0,296832000.0,296832000.0,KOSDAQ,6.38
035080,9590.0,26221.0,26221.0,251459390.0,251459390.0,KOSDAQ,4.35
018120,16550.0,1285.0,1285.0,21266750.0,21266750.0,KOSDAQ,-0.3
021080,2280.0,374512.0,374512.0,853887360.0,853887360.0,KOSDAQ,7.29
053700,4095.0,166732.0,166732.0,682767540.0,682767540.0,KOSDAQ,3.28
282880,9350.0,63739.0,63739.0,595959650.0,595959650.0,KOSDAQ,3.31
053080,8410.0,49056.0,49056.0,412560960.0,412560960.0,KOSDAQ,3.19
148150,3075.0,88046.0,88046.0,270741450.0,270741450.0,KOSDAQ,2.84
042600,8790.0,10896.0,10896.0,95775840.0,95775840.0,KOSDAQ,8.52
396300,4120.0,1336154.0,1336154.0,5504954480.0,5504954480.0,KOSDAQ,0.49
452450,3020.0,108657.0,108657.0,328144140.0,328144140.0,KOSDAQ,5.96
220260,3390.0,72483.0,72483.0,245717370.0,245717370.0,KOSDAQ,4.63
101170,8050.0,107377.0,107377.0,864384850.0,864384850.0,KOSDAQ,3.74
067290,1939.0,4485252.0,4485252.0,8696903628.0,8696903628.0,KOSDAQ,0.15
063570,3180.0,25670.0,25670.0,81630600.0,81630600.0,KOSDAQ,2.09
054050,6770.0,15649.0,15649.0,105943730.0,105943730.0,KOSDAQ,1.65
290720,3060.0,103391.0,103391.0,316376460.0,316376460.0,KOSDAQ,-0.65
052260,3605.0,64487.0,64487.0,232475635.0,232475635.0,KOSDAQ,3.0
109740,4200.0,28070.0,28070.0,117894000.0,117894000.0,KOSDAQ,2.94
067900,5900.0,27425.0,27425.0,161807500.0,161807500.0,KOSDAQ,1.72
474170,6010.0,66887.0,66887.0,401990870.0,401990870.0,KOSDAQ,12.34
265740,5980.0,130993.0,130993.0,783338140.0,783338140.0,KOSDAQ,0.0
418420,3470.0,142780.0,142780.0,495446600.0,495446600.0,KOSDAQ,9.98
362320,5040.0,51296.0,51296.0,258531840.0,258531840.0,KOSDAQ,-0.98
115310,7180.0,2935.0,2935.0,21073300.0,21073300.0,KOSDAQ,2.28
051980,958.0,665458.0,665458.0,637508764.0,637508764.0,KOSDAQ,3.79
039340,4835.0,11089.0,11089.0,53615315.0,53615315.0,KOSDAQ,0.73
032940,5840.0,189391.0,189391.0,1106043440.0,1106043440.0,KOSDAQ,4.29
073010,2640.0,172653.0,172653.0,455803920.0,455803920.0,KOSDAQ,9.77
331920,9450.0,46455.0,46455.0,438999750.0,438999750.0,KOSDAQ,1.07
192410,4190.0,146072.0,146072.0,612041680.0,612041680.0,KOSDAQ,3.58
308080,5140.0,107128.0,107128.0,550637920.0,550637920.0,KOSDAQ,5.87
158430,4300.0,220684.0,220684.0,948941200.0,948941200.0,KOSDAQ,6.7
166480,1991.0,116121.0,116121.0,231196911.0,231196911.0,KOSDAQ,4.68
417500,3210.0,139149.0,139149.0,446668290.0,446668290.0,KOSDAQ,5.25
453450,13210.0,32927.0,32927.0,434965670.0,434965670.0,KOSDAQ,6.53
044340,5840.0,10473382.0,10473382.0,61164550880.0,61164550880.0,KOSDAQ,-0.34
228850,6290.0,35139.0,35139.0,221024310.0,221024310.0,KOSDAQ,4.66
226400,5050.0,151918.0,151918.0,767185900.0,767185900.0,KOSDAQ,2.85
059210,3835.0,39770.0,39770.0,152517950.0,152517950.0,KOSDAQ,2.4
056090,1008.0,761469.0,761469.0,767560752.0,767560752.0,KOSDAQ,7.01
189330,11020.0,1242006.0,1242006.0,13686906120.0,13686906120.0,KOSDAQ,17.23
083500,12440.0,50521.0,50521.0,628481240.0,628481240.0,KOSDAQ,5.6
120240,14370.0,18881.0,18881.0,271319970.0,271319970.0,KOSDAQ,0.28
073560,1490.0,127338.0,127338.0,189733620.0,189733620.0,KOSDAQ,1.02
039560,2405.0,138267.0,138267.0,332532135.0,332532135.0,KOSDAQ,5.48
309960,4420.0,32692.0,32692.0,144498640.0,144498640.0,KOSDAQ,2.55
100700,2340.0,33110.0,33110.0,77477400.0,77477400.0,KOSDAQ,1.96
047560,8720.0,201369.0,201369.0,1755937680.0,1755937680.0,KOSDAQ,6.99
105330,6390.0,28467.0,28467.0,181904130.0,181904130.0,KOSDAQ,7.21
131030,5790.0,52857.0,52857.0,306042030.0,306042030.0,KOSDAQ,3.76
299030,12740.0,63120.0,74298.0,804148800.0,946556520.0,KOSDAQ,7.15
317770,2775.0,294592.0,294592.0,817492800.0,817492800.0,KOSDAQ,5.11
013310,2615.0,79310.0,79310.0,207395650.0,207395650.0,KOSDAQ,2.75
297090,3690.0,74013.0,74013.0,273107970.0,273107970.0,KOSDAQ,5.13
141000,8300.0,55194.0,55194.0,458110200.0,458110200.0,KOSDAQ,1.22
123040,1590.0,307131.0,307131.0,488338290.0,488338290.0,KOSDAQ,3.92
307930,6360.0,60250.0,60250.0,383190000.0,383190000.0,KOSDAQ,4.95
115500,8250.0,59395.0,59395.0,490008750.0,490008750.0,KOSDAQ,8.7
323990,4250.0,142367.0,142367.0,605059750.0,605059750.0,KOSDAQ,5.85
036630,7050.0,6162.0,6162.0,43442100.0,43442100.0,KOSDAQ,0.86
380550,8090.0,86536.0,86536.0,700076240.0,700076240.0,KOSDAQ,9.32
071280,6440.0,44786.0,44786.0,288421840.0,288421840.0,KOSDAQ,3.21
040300,2065.0,34980.0,34980.0,72233700.0,72233700.0,KOSDAQ,0.49
205100,1389.0,250125.0,250125.0,347423625.0,347423625.0,KOSDAQ,2.89
017510,6420.0,114399.0,114399.0,734441580.0,734441580.0,KOSDAQ,5.25
047770,2565.0,241975.0,241975.0,620665875.0,620665875.0,KOSDAQ,5.99
366030,4275.0,87198.0,87198.0,372771450.0,372771450.0,KOSDAQ,-3.28
066590,2495.0,1820537.0,1820537.0,4542239815.0,4542239815.0,KOSDAQ,4.39
352090,3585.0,16032.0,16032.0,57474720.0,57474720.0,KOSDAQ,1.13
336680,2450.0,6777.0,6777.0,16603650.0,16603650.0,KOSDAQ,3.81
091440,2800.0,117137.0,117137.0,327983600.0,327983600.0,KOSDAQ,2.38
002230,5190.0,111094.0,111094.0,576577860.0,576577860.0,KOSDAQ,4.32
474610,6630.0,120172.0,120172.0,796740360.0,796740360.0,KOSDAQ,9.05
042500,4280.0,134715.0,134715.0,576580200.0,576580200.0,KOSDAQ,3.88
298540,6580.0,7024.0,7024.0,46217920.0,46217920.0,KOSDAQ,1.86
475580,6980.0,56881.0,56881.0,397029380.0,397029380.0,KOSDAQ,6.24
036220,6560.0,10352.0,10352.0,67909120.0,67909120.0,KOSDAQ,5.3
086710,7660.0,15417.0,15417.0,118094220.0,118094220.0,KOSDAQ,2.82
282720,7700.0,62996.0,62996.0,485069200.0,485069200.0,KOSDAQ,8.3
125210,5650.0,49052.0,49052.0,277143800.0,277143800.0,KOSDAQ,6.0
088130,5290.0,71689.0,71689.0,379234810.0,379234810.0,KOSDAQ,4.75
209640,3250.0,184623.0,184623.0,600024750.0,600024750.0,KOSDAQ,5.01
417010,4580.0,184019.0,184019.0,842807020.0,842807020.0,KOSDAQ,7.39
289930,7020.0,64455.0,64455.0,452474100.0,452474100.0,KOSDAQ,6.36
129920,5680.0,189892.0,189892.0,1078586560.0,1078586560.0,KOSDAQ,14.86
099750,6710.0,32899.0,32899.0,220752290.0,220752290.0,KOSDAQ,5.5
063170,5150.0,50482.0,50482.0,259982300.0,259982300.0,KOSDAQ,6.08
044990,11800.0,11164.0,11164.0,131735200.0,131735200.0,KOSDAQ,4.98
005860,2300.0,549533.0,549533.0,1263925900.0,1263925900.0,KOSDAQ,3.84
023900,7190.0,6654.0,6654.0,47842260.0,47842260.0,KOSDAQ,0.28
074430,1027.0,72909.0,72909.0,74877543.0,74877543.0,KOSDAQ,1.78
040420,5770.0,33981.0,33981.0,196070370.0,196070370.0,KOSDAQ,0.35
093920,4855.0,9642.0,9642.0,46811910.0,46811910.0,KOSDAQ,0.0
217820,1902.0,313883.0,313883.0,597005466.0,597005466.0,KOSDAQ,3.65
330350,6830.0,57666.0,57666.0,393858780.0,393858780.0,KOSDAQ,4.27
037030,3530.0,266704.0,266704.0,941465120.0,941465120.0,KOSDAQ,7.62
042510,8100.0,125346.0,125346.0,1015302600.0,1015302600.0,KOSDAQ,3.45
235980,2620.0,233933.0,233933.0,612904460.0,612904460.0,KOSDAQ,6.94
052420,9200.0,26479.0,26479.0,243606800.0,243606800.0,KOSDAQ,2.22
052460,6130.0,1802026.0,1802026.0,11046419380.0,11046419380.0,KOSDAQ,18.11
322180,4165.0,137933.0,137933.0,574490945.0,574490945.0,KOSDAQ,5.71
033560,5230.0,120209.0,120209.0,628693070.0,628693070.0,KOSDAQ,1.36
078140,8050.0,18464.0,18464.0,148635200.0,148635200.0,KOSDAQ,3.87
0017J0,2960.0,383120.0,383120.0,1134035200.0,1134035200.0,KOSDAQ,5.71
053260,4750.0,17737.0,17737.0,84250750.0,84250750.0,KOSDAQ,3.04
109610,1814.0,187234.0,187234.0,339642476.0,339642476.0,KOSDAQ,4.86
228670,5670.0,294072.0,294072.0,1667388240.0,1667388240.0,KOSDAQ,-9.28
396470,5480.0,65607.0,65607.0,359526360.0,359526360.0,KOSDAQ,2.62
104460,8390.0,5874.0,5874.0,49282860.0,49282860.0,KOSDAQ,1.08
418470,10280.0,35906.0,35906.0,369113680.0,369113680.0,KOSDAQ,2.39
182360,5660.0,19538.0,19538.0,110585080.0,110585080.0,KOSDAQ,3.1
049950,9960.0,24168.0,24168.0,240713280.0,240713280.0,KOSDAQ,5.62
357230,2125.0,50587.0,50587.0,107497375.0,107497375.0,KOSDAQ,0.24
302550,2830.0,136379.0,136379.0,385952570.0,385952570.0,KOSDAQ,5.99
096240,8520.0,15598.0,15598.0,132894960.0,132894960.0,KOSDAQ,4.67
250060,2710.0,204020.0,204020.0,552894200.0,552894200.0,KOSDAQ,7.54
053580,6730.0,19221.0,19221.0,129357330.0,129357330.0,KOSDAQ,2.75
065450,2955.0,252501.0,252501.0,746140455.0,746140455.0,KOSDAQ,3.87
033290,1550.0,16190.0,16190.0,25094500.0,25094500.0,KOSDAQ,3.33
172670,9710.0,34650.0,34650.0,336451500.0,336451500.0,KOSDAQ,-1.32
092040,1230.0,1421435.0,1421435.0,1748365050.0,1748365050.0,KOSDAQ,7.99
263720,7000.0,14971.0,14971.0,104797000.0,104797000.0,KOSDAQ,6.06
348350,8680.0,28636.0,28636.0,248560480.0,248560480.0,KOSDAQ,2.48
025950,10310.0,52916.0,52916.0,545563960.0,545563960.0,KOSDAQ,3.72
330730,4750.0,29245.0,29245.0,138913750.0,138913750.0,KOSDAQ,3.71
187790,2805.0,255744.0,255744.0,717361920.0,717361920.0,KOSDAQ,10.22
067000,1231.0,385886.0,385886.0,475025666.0,475025666.0,KOSDAQ,3.79
079650,4300.0,1531921.0,1531921.0,6587260300.0,6587260300.0,KOSDAQ,1.18
019540,6350.0,44731.0,44731.0,284041850.0,284041850.0,KOSDAQ,1.44
066430,2190.0,1533560.0,1533560.0,3358496400.0,3358496400.0,KOSDAQ,4.04
311320,6780.0,51073.0,51073.0,346274940.0,346274940.0,KOSDAQ,7.11
389030,2170.0,266568.0,266568.0,578452560.0,578452560.0,KOSDAQ,8.23
149980,4970.0,18953.0,18953.0,94196410.0,94196410.0,KOSDAQ,3.01
072020,9230.0,6279.0,6279.0,57955170.0,57955170.0,KOSDAQ,0.33
004650,9290.0,14895.0,14895.0,138374550.0,138374550.0,KOSDAQ,-0.11
337930,2875.0,60573.0,60573.0,174147375.0,174147375.0,KOSDAQ,2.13
130580,5530.0,14614.0,14614.0,80815420.0,80815420.0,KOSDAQ,1.84
032300,7790.0,14229.0,14229.0,110843910.0,110843910.0,KOSDAQ,6.57
487580,3365.0,152422.0,152422.0,512900030.0,512900030.0,KOSDAQ,3.54
063080,12800.0,13356.0,13356.0,170956800.0,170956800.0,KOSDAQ,6.22
494120,11030.0,117820.0,142448.0,1299554600.0,1571201440.0,KOSDAQ,8.24
017650,9540.0,5084.0,5084.0,48501360.0,48501360.0,KOSDAQ,0.95
452190,3500.0,105845.0,105845.0,370457500.0,370457500.0,KOSDAQ,5.26
100130,1465.0,114774.0,114774.0,168143910.0,168143910.0,KOSDAQ,2.81
086960,1962.0,260246.0,260246.0,510602652.0,510602652.0,KOSDAQ,5.43
054540,6400.0,108874.0,108874.0,696793600.0,696793600.0,KOSDAQ,6.31
419050,1449.0,2913682.0,2913682.0,4221925218.0,4221925218.0,KOSDAQ,29.96
263800,5090.0,2406032.0,2406032.0,12246702880.0,12246702880.0,KOSDAQ,7.5
377480,11580.0,474986.0,474986.0,5500337880.0,5500337880.0,KOSDAQ,7.02
048530,2665.0,67218.0,67218.0,179135970.0,179135970.0,KOSDAQ,2.3
215100,4045.0,204653.0,204653.0,827821385.0,827821385.0,KOSDAQ,5.34
153890,6820.0,432772.0,432772.0,2951505040.0,2951505040.0,KOSDAQ,1.94
475230,7540.0,65098.0,65098.0,490838920.0,490838920.0,KOSDAQ,9.75
054040,5110.0,68054.0,68054.0,347755940.0,347755940.0,KOSDAQ,2.51
029480,1375.0,103574.0,103574.0,142414250.0,142414250.0,KOSDAQ,0.88
058630,4365.0,14639.0,14639.0,63899235.0,63899235.0,KOSDAQ,1.87
950130,2325.0,32715.0,32715.0,76062375.0,76062375.0,KOSDAQ,2.65
066700,2200.0,77130.0,77130.0,169686000.0,169686000.0,KOSDAQ,4.02
0218L0,15440.0,237239.0,237239.0,3662970160.0,3662970160.0,KOSDAQ,5.32
102370,3140.0,26113.0,26113.0,81994820.0,81994820.0,KOSDAQ,1.95
019550,1000.0,265759.0,265759.0,265759000.0,265759000.0,KOSDAQ,2.99
053350,3675.0,67705.0,67705.0,248815875.0,248815875.0,KOSDAQ,-2.0
037760,2390.0,11197.0,11197.0,26760830.0,26760830.0,KOSDAQ,0.42
054670,5630.0,19645.0,19645.0,110601350.0,110601350.0,KOSDAQ,1.99
131370,1517.0,180114.0,180114.0,273232938.0,273232938.0,KOSDAQ,1.88
052900,1053.0,631477.0,631477.0,664945281.0,664945281.0,KOSDAQ,5.51
463020,9060.0,1672717.0,1672717.0,15154816020.0,15154816020.0,KOSDAQ,3.54
223250,3260.0,160788.0,160788.0,524168880.0,524168880.0,KOSDAQ,13.19
214260,8970.0,8780.0,8780.0,78756600.0,78756600.0,KOSDAQ,1.7
0011A0,8550.0,26330.0,26330.0,225121500.0,225121500.0,KOSDAQ,5.95
053280,3190.0,5726.0,5726.0,18265940.0,18265940.0,KOSDAQ,0.31
365660,5910.0,8996022.0,8996022.0,53166490020.0,53166490020.0,KOSDAQ,8.24
067370,6490.0,10392.0,10392.0,67444080.0,67444080.0,KOSDAQ,0.31
012700,3025.0,16059.0,16059.0,48578475.0,48578475.0,KOSDAQ,0.17
493330,10100.0,73747.0,73747.0,744844700.0,744844700.0,KOSDAQ,6.32
036640,4840.0,29607.0,29607.0,143297880.0,143297880.0,KOSDAQ,1.04
009300,12400.0,4227.0,4227.0,52414800.0,52414800.0,KOSDAQ,1.64
381620,6020.0,141960.0,141960.0,854599200.0,854599200.0,KOSDAQ,4.51
101330,3410.0,54314.0,54314.0,185210740.0,185210740.0,KOSDAQ,4.12
255440,6020.0,578996.0,578996.0,3485555920.0,3485555920.0,KOSDAQ,2.03
038110,1907.0,156928.0,156928.0,299261696.0,299261696.0,KOSDAQ,4.04
080010,7970.0,18440.0,18440.0,146966800.0,146966800.0,KOSDAQ,1.4
078890,4250.0,111944.0,111944.0,475762000.0,475762000.0,KOSDAQ,3.28
950250,2200.0,141751.0,141751.0,311852200.0,311852200.0,KOSDAQ,6.02
303810,2435.0,40620.0,40620.0,98909700.0,98909700.0,KOSDAQ,1.25
0156T0,9980.0,1025240.0,1025240.0,10231895200.0,10231895200.0,KOSDAQ,9.67
036010,5830.0,116287.0,116287.0,677953210.0,677953210.0,KOSDAQ,5.23
011370,768.0,168705.0,168705.0,129565440.0,129565440.0,KOSDAQ,6.96
000440,12430.0,19038.0,19038.0,236642340.0,236642340.0,KOSDAQ,4.81
320000,11490.0,223372.0,223372.0,2566544280.0,2566544280.0,KOSDAQ,-1.54
0117P0,5460.0,228677.0,228677.0,1248576420.0,1248576420.0,KOSDAQ,-1.8
900260,1680.0,14390.0,14390.0,24175200.0,24175200.0,KOSDAQ,0.9
004590,5150.0,47388.0,47388.0,244048200.0,244048200.0,KOSDAQ,2.18
173130,5920.0,23286.0,23286.0,137853120.0,137853120.0,KOSDAQ,2.07
054620,4190.0,34496.0,34496.0,144538240.0,144538240.0,KOSDAQ,2.57
115440,7130.0,168229.0,168229.0,1199472770.0,1199472770.0,KOSDAQ,8.69
413390,6630.0,41216.0,41216.0,273262080.0,273262080.0,KOSDAQ,5.24
217330,3315.0,104771.0,104771.0,347315865.0,347315865.0,KOSDAQ,6.25
039980,5330.0,1621018.0,1621018.0,8640025940.0,8640025940.0,KOSDAQ,4.92
290740,7610.0,53684.0,53684.0,408535240.0,408535240.0,KOSDAQ,1.2
049080,9020.0,3222555.0,3222555.0,29067446100.0,29067446100.0,KOSDAQ,21.89
156100,3415.0,287330.0,287330.0,981231950.0,981231950.0,KOSDAQ,0.89
306620,1592.0,206170.0,206170.0,328222640.0,328222640.0,KOSDAQ,1.92
265560,7110.0,8550.0,8550.0,60790500.0,60790500.0,KOSDAQ,1.72
443670,3160.0,106498.0,106498.0,336533680.0,336533680.0,KOSDAQ,7.12
331380,2075.0,32537.0,32537.0,67514275.0,67514275.0,KOSDAQ,-1.19
065510,6960.0,20608.0,20608.0,143431680.0,143431680.0,KOSDAQ,0.14
451250,7400.0,7295.0,7295.0,53983000.0,53983000.0,KOSDAQ,2.92
090470,4325.0,13018.0,13018.0,56302850.0,56302850.0,KOSDAQ,3.97
061250,8960.0,4232.0,4232.0,37918720.0,37918720.0,KOSDAQ,0.9
040910,4145.0,8724.0,8724.0,36160980.0,36160980.0,KOSDAQ,-0.72
047820,3080.0,6133.0,6133.0,18889640.0,18889640.0,KOSDAQ,1.82
024880,3765.0,24274.0,24274.0,91391610.0,91391610.0,KOSDAQ,2.73
024830,8920.0,2317.0,2317.0,20667640.0,20667640.0,KOSDAQ,-0.56
212710,7630.0,48120.0,48120.0,367155600.0,367155600.0,KOSDAQ,1.87
332370,5580.0,7360.0,7360.0,41068800.0,41068800.0,KOSDAQ,2.39
096250,6260.0,101645.0,101645.0,636297700.0,636297700.0,KOSDAQ,9.06
107600,13040.0,12173.0,12173.0,158735920.0,158735920.0,KOSDAQ,8.22
060590,3040.0,27910.0,27910.0,84846400.0,84846400.0,KOSDAQ,2.36
038680,3690.0,286961.0,286961.0,1058886090.0,1058886090.0,KOSDAQ,10.98
170030,4785.0,14971.0,14971.0,71636235.0,71636235.0,KOSDAQ,1.16
234300,2690.0,50480.0,50480.0,135791200.0,135791200.0,KOSDAQ,1.7
085670,2985.0,91933.0,91933.0,274420005.0,274420005.0,KOSDAQ,5.85
234030,3095.0,53524.0,53524.0,165656780.0,165656780.0,KOSDAQ,5.45
067570,1729.0,357731.0,357731.0,618516899.0,618516899.0,KOSDAQ,1.23
017480,4720.0,5497.0,5497.0,25945840.0,25945840.0,KOSDAQ,2.16
208140,2230.0,9466.0,9466.0,21109180.0,21109180.0,KOSDAQ,1.59
294630,2750.0,200470.0,200470.0,551292500.0,551292500.0,KOSDAQ,4.36
066980,1359.0,498518.0,498518.0,677485962.0,677485962.0,KOSDAQ,6.5
389140,5090.0,122370.0,122370.0,622863300.0,622863300.0,KOSDAQ,6.37
347890,4260.0,46292.0,46292.0,197203920.0,197203920.0,KOSDAQ,3.52
475430,4050.0,211289.0,211289.0,855720450.0,855720450.0,KOSDAQ,4.52
020710,3605.0,91226.0,91226.0,328869730.0,328869730.0,KOSDAQ,3.44
171120,2010.0,72217.0,72217.0,145156170.0,145156170.0,KOSDAQ,1.26
011320,3725.0,28765.0,28765.0,107149625.0,107149625.0,KOSDAQ,4.34
030960,4485.0,56144.0,56144.0,251805840.0,251805840.0,KOSDAQ,2.87
033130,1926.0,22699.0,22699.0,43718274.0,43718274.0,KOSDAQ,2.88
052860,3985.0,23161.0,23161.0,92296585.0,92296585.0,KOSDAQ,2.84
043610,1225.0,335219.0,335219.0,410643275.0,410643275.0,KOSDAQ,-3.92
082210,2030.0,128313.0,128313.0,260475390.0,260475390.0,KOSDAQ,4.37
104040,2640.0,16539.0,16539.0,43662960.0,43662960.0,KOSDAQ,-0.75
038460,2800.0,170694.0,170694.0,477943200.0,477943200.0,KOSDAQ,6.06
084730,6370.0,7264.0,7264.0,46271680.0,46271680.0,KOSDAQ,2.08
201490,2160.0,166314.0,166314.0,359238240.0,359238240.0,KOSDAQ,3.6
006140,4750.0,64742.0,64742.0,307524500.0,307524500.0,KOSDAQ,4.05
041910,5300.0,44110.0,44110.0,233783000.0,233783000.0,KOSDAQ,3.72
417970,11000.0,17124.0,17124.0,188364000.0,188364000.0,KOSDAQ,2.14
253840,4190.0,139374.0,139374.0,583977060.0,583977060.0,KOSDAQ,6.75
225530,1930.0,14319.0,14319.0,27635670.0,27635670.0,KOSDAQ,0.73
251120,8060.0,14687.0,14687.0,118377220.0,118377220.0,KOSDAQ,4.13
382480,1775.0,92472.0,92472.0,164137800.0,164137800.0,KOSDAQ,3.38
388870,5390.0,72958.0,72958.0,393243620.0,393243620.0,KOSDAQ,10.0
208370,2710.0,492443.0,492443.0,1334520530.0,1334520530.0,KOSDAQ,9.05
105740,6860.0,40523.0,40523.0,277987780.0,277987780.0,KOSDAQ,2.69
124560,1796.0,24034.0,24034.0,43165064.0,43165064.0,KOSDAQ,2.63
270520,3535.0,487421.0,487421.0,1723033235.0,1723033235.0,KOSDAQ,10.3
365330,1385.0,315938.0,315938.0,437574130.0,437574130.0,KOSDAQ,5.16
290660,1620.0,460348.0,460348.0,745763760.0,745763760.0,KOSDAQ,-1.88
0015N0,5510.0,70448.0,70448.0,388168480.0,388168480.0,KOSDAQ,3.77
451220,8800.0,67017.0,67017.0,589749600.0,589749600.0,KOSDAQ,6.54
153710,4710.0,3601.0,3601.0,16960710.0,16960710.0,KOSDAQ,0.75
045970,2625.0,68812.0,68812.0,180631500.0,180631500.0,KOSDAQ,1.55
214680,824.0,79327.0,79327.0,65365448.0,65365448.0,KOSDAQ,2.23
041930,4515.0,21726.0,21726.0,98092890.0,98092890.0,KOSDAQ,1.57
045660,8300.0,11897.0,11897.0,98745100.0,98745100.0,KOSDAQ,1.59
110790,2925.0,1871.0,1871.0,5472675.0,5472675.0,KOSDAQ,3.91
091120,3995.0,34802.0,34802.0,139033990.0,139033990.0,KOSDAQ,2.44
024740,2080.0,110515.0,110515.0,229871200.0,229871200.0,KOSDAQ,3.74
307870,917.0,556280.0,556280.0,510108760.0,510108760.0,KOSDAQ,11.02
478560,2635.0,19032.0,19032.0,50149320.0,50149320.0,KOSDAQ,2.73
456070,6140.0,42713.0,42713.0,262257820.0,262257820.0,KOSDAQ,7.91
088390,7210.0,5936.0,5936.0,42798560.0,42798560.0,KOSDAQ,6.03
222110,5000.0,8111.0,8111.0,40555000.0,40555000.0,KOSDAQ,0.81
109860,7420.0,3854.0,3854.0,28596680.0,28596680.0,KOSDAQ,1.37
008830,7510.0,69797.0,69797.0,524175470.0,524175470.0,KOSDAQ,1.76
128660,2720.0,68049.0,68049.0,185093280.0,185093280.0,KOSDAQ,1.68
094860,1270.0,84360.0,84360.0,107137200.0,107137200.0,KOSDAQ,1.36
185490,1560.0,104839.0,104839.0,163548840.0,163548840.0,KOSDAQ,0.0
079810,3130.0,88622.0,88622.0,277386860.0,277386860.0,KOSDAQ,4.86
396270,2045.0,146469.0,146469.0,299529105.0,299529105.0,KOSDAQ,6.62
032850,4045.0,39413.0,39413.0,159425585.0,159425585.0,KOSDAQ,2.02
464490,5850.0,23591.0,23591.0,138007350.0,138007350.0,KOSDAQ,2.27
089230,1747.0,993635.0,993635.0,1735880345.0,1735880345.0,KOSDAQ,15.01
432470,7650.0,37466.0,37466.0,286614900.0,286614900.0,KOSDAQ,7.9
321370,1298.0,692853.0,692853.0,899323194.0,899323194.0,KOSDAQ,5.61
382840,4390.0,45995.0,45995.0,201918050.0,201918050.0,KOSDAQ,5.53
048430,5760.0,4398.0,4398.0,25332480.0,25332480.0,KOSDAQ,2.49
357580,5620.0,33519.0,33519.0,188376780.0,188376780.0,KOSDAQ,5.64
360070,8080.0,37213.0,37213.0,300681040.0,300681040.0,KOSDAQ,4.12
083790,860.0,175504.0,175504.0,150933440.0,150933440.0,KOSDAQ,5.91
036000,2870.0,33415.0,33415.0,95901050.0,95901050.0,KOSDAQ,1.41
0004V0,6000.0,250017.0,250017.0,1500102000.0,1500102000.0,KOSDAQ,6.38
238090,2165.0,14963.0,14963.0,32394895.0,32394895.0,KOSDAQ,2.61
221800,4020.0,33610.0,33610.0,135112200.0,135112200.0,KOSDAQ,-0.62
076610,1105.0,3653965.0,3653965.0,4037631325.0,4037631325.0,KOSDAQ,8.55
198440,1072.0,469130.0,469130.0,502907360.0,502907360.0,KOSDAQ,2.1
032540,3125.0,2404.0,2404.0,7512500.0,7512500.0,KOSDAQ,-1.26
049550,3330.0,12278.0,12278.0,40885740.0,40885740.0,KOSDAQ,0.15
026150,3720.0,27423.0,27423.0,102013560.0,102013560.0,KOSDAQ,5.68
004780,4095.0,35438.0,35438.0,145118610.0,145118610.0,KOSDAQ,1.61
460940,4840.0,80165.0,80165.0,387998600.0,387998600.0,KOSDAQ,3.2
065170,2325.0,613114.0,613114.0,1425490050.0,1425490050.0,KOSDAQ,0.87
387690,8500.0,810453.0,810453.0,6888850500.0,6888850500.0,KOSDAQ,5.99
203400,719.0,748679.0,748679.0,538300201.0,538300201.0,KOSDAQ,4.51
002800,4270.0,28447.0,28447.0,121468690.0,121468690.0,KOSDAQ,1.18
303360,5020.0,32327.0,32327.0,162281540.0,162281540.0,KOSDAQ,2.97
066310,6970.0,56775.0,56775.0,395721750.0,395721750.0,KOSDAQ,7.4
347860,1530.0,248750.0,248750.0,380587500.0,380587500.0,KOSDAQ,7.37
010240,5500.0,12890.0,12890.0,70895000.0,70895000.0,KOSDAQ,2.61
059270,5740.0,42560.0,42560.0,244294400.0,244294400.0,KOSDAQ,4.17
122350,1664.0,7066550.0,7066550.0,11758739200.0,11758739200.0,KOSDAQ,30.0
010280,4890.0,38282.0,38282.0,187198980.0,187198980.0,KOSDAQ,4.04
096350,1725.0,101020.0,101020.0,174259500.0,174259500.0,KOSDAQ,3.23
331740,6500.0,57397.0,57397.0,373080500.0,373080500.0,KOSDAQ,9.24
347000,1676.0,90954.0,90954.0,152438904.0,152438904.0,KOSDAQ,4.88
041460,3335.0,31396.0,31396.0,104705660.0,104705660.0,KOSDAQ,2.62
081150,2610.0,51808.0,51808.0,135218880.0,135218880.0,KOSDAQ,1.95
089850,4295.0,4510.0,4510.0,19370450.0,19370450.0,KOSDAQ,-0.12
039420,2755.0,54118.0,54118.0,149095090.0,149095090.0,KOSDAQ,1.66
012790,5260.0,9697.0,9697.0,51006220.0,51006220.0,KOSDAQ,2.33
217190,4775.0,51527.0,51527.0,246041425.0,246041425.0,KOSDAQ,-0.62
043650,3515.0,37755.0,37755.0,132708825.0,132708825.0,KOSDAQ,1.44
142280,2615.0,120981.0,120981.0,316365315.0,316365315.0,KOSDAQ,5.02
123420,6010.0,14945.0,14945.0,89819450.0,89819450.0,KOSDAQ,5.07
443250,5780.0,8574.0,8574.0,49557720.0,49557720.0,KOSDAQ,3.96
214270,1380.0,107838.0,107838.0,148816440.0,148816440.0,KOSDAQ,1.1
014970,4210.0,28341.0,28341.0,119315610.0,119315610.0,KOSDAQ,4.21
005670,6240.0,13074.0,13074.0,81581760.0,81581760.0,KOSDAQ,2.46
0015S0,6300.0,31386.0,31386.0,197731800.0,197731800.0,KOSDAQ,6.78
007820,3100.0,45350.0,45350.0,140585000.0,140585000.0,KOSDAQ,4.55
126880,2630.0,43147.0,43147.0,113476610.0,113476610.0,KOSDAQ,3.75
0007J0,7750.0,16966.0,16966.0,131486500.0,131486500.0,KOSDAQ,6.16
117670,9150.0,4289.0,4289.0,39244350.0,39244350.0,KOSDAQ,-0.87
095270,4240.0,91874.0,91874.0,389545760.0,389545760.0,KOSDAQ,7.61
134580,1235.0,170984.0,170984.0,211165240.0,211165240.0,KOSDAQ,11.06
072950,7560.0,107817.0,107817.0,815096520.0,815096520.0,KOSDAQ,5.29
065530,1271.0,94555.0,94555.0,120179405.0,120179405.0,KOSDAQ,2.75
058400,4590.0,49340.0,49340.0,226470600.0,226470600.0,KOSDAQ,-1.18
014470,1000.0,610803.0,610803.0,610803000.0,610803000.0,KOSDAQ,14.29
137950,2695.0,43586.0,43586.0,117464270.0,117464270.0,KOSDAQ,4.46
241690,2450.0,40782.0,40782.0,99915900.0,99915900.0,KOSDAQ,2.08
168330,1886.0,23612.0,23612.0,44532232.0,44532232.0,KOSDAQ,5.36
411080,3920.0,202381.0,202381.0,793333520.0,793333520.0,KOSDAQ,12.0
067920,5440.0,537133.0,537133.0,2922003520.0,2922003520.0,KOSDAQ,4.82
100030,18200.0,27901.0,27901.0,507798200.0,507798200.0,KOSDAQ,7.06
162300,1440.0,21476.0,21476.0,30925440.0,30925440.0,KOSDAQ,0.07
453860,9260.0,11860.0,11860.0,109823600.0,109823600.0,KOSDAQ,2.55
175140,2390.0,84834.0,84834.0,202753260.0,202753260.0,KOSDAQ,13.27
039010,6890.0,45835.0,45835.0,315803150.0,315803150.0,KOSDAQ,2.07
043710,3430.0,1599.0,1599.0,5484570.0,5484570.0,KOSDAQ,1.78
417790,5670.0,8058.0,8058.0,45688860.0,45688860.0,KOSDAQ,0.71
348150,3050.0,17057.0,17057.0,52023850.0,52023850.0,KOSDAQ,4.45
111710,2875.0,93313.0,93313.0,268274875.0,268274875.0,KOSDAQ,0.88
140070,1594.0,288255.0,288255.0,459478470.0,459478470.0,KOSDAQ,6.62
094850,4210.0,9402.0,9402.0,39582420.0,39582420.0,KOSDAQ,2.93
424960,3575.0,30395.0,30395.0,108662125.0,108662125.0,KOSDAQ,8.01
049480,1875.0,247301.0,247301.0,463689375.0,463689375.0,KOSDAQ,6.29
179530,2180.0,157540.0,157540.0,343437200.0,343437200.0,KOSDAQ,4.56
136150,7010.0,10965.0,10965.0,76864650.0,76864650.0,KOSDAQ,6.21
277880,2960.0,38564.0,38564.0,114149440.0,114149440.0,KOSDAQ,3.5
251630,3680.0,31536.0,31536.0,116052480.0,116052480.0,KOSDAQ,4.4
318160,6280.0,22441.0,22441.0,140929480.0,140929480.0,KOSDAQ,2.95
246960,1711.0,91487.0,91487.0,156534257.0,156534257.0,KOSDAQ,4.39
333620,5290.0,11627.0,11627.0,61506830.0,61506830.0,KOSDAQ,0.0
054300,1000.0,164816.0,164816.0,164816000.0,164816000.0,KOSDAQ,0.0
261780,2065.0,267967.0,267967.0,553351855.0,553351855.0,KOSDAQ,1.72
448710,10930.0,16703.0,16703.0,182563790.0,182563790.0,KOSDAQ,5.4
008370,4810.0,1162.0,1162.0,5589220.0,5589220.0,KOSDAQ,-0.1
216050,4720.0,29306.0,29306.0,138324320.0,138324320.0,KOSDAQ,3.17
048910,4575.0,17184.0,17184.0,78616800.0,78616800.0,KOSDAQ,5.05
263690,5070.0,17777.0,17777.0,90129390.0,90129390.0,KOSDAQ,1.0
215360,6280.0,10536.0,10536.0,66166080.0,66166080.0,KOSDAQ,3.29
323350,7130.0,31502.0,31502.0,224609260.0,224609260.0,KOSDAQ,0.71
137080,5330.0,10200.0,10200.0,54366000.0,54366000.0,KOSDAQ,3.29
412350,3900.0,251825.0,251825.0,982117500.0,982117500.0,KOSDAQ,4.7
016250,11270.0,5422.0,5422.0,61105940.0,61105940.0,KOSDAQ,4.06
010470,4725.0,5050.0,5050.0,23861250.0,23861250.0,KOSDAQ,3.39
408470,5340.0,65354.0,65354.0,348990360.0,348990360.0,KOSDAQ,5.33
100590,3285.0,191098.0,191098.0,627756930.0,627756930.0,KOSDAQ,9.68
155650,2960.0,45671.0,45671.0,135186160.0,135186160.0,KOSDAQ,7.05
053620,6520.0,7407.0,7407.0,48293640.0,48293640.0,KOSDAQ,0.77
476040,8500.0,42244.0,42244.0,359074000.0,359074000.0,KOSDAQ,8.7
439580,1653.0,60096.0,60096.0,99338688.0,99338688.0,KOSDAQ,3.38
060310,1054.0,76871.0,76871.0,81022034.0,81022034.0,KOSDAQ,2.33
460870,2780.0,114740.0,114740.0,318977200.0,318977200.0,KOSDAQ,4.12
147760,2790.0,61247.0,61247.0,170879130.0,170879130.0,KOSDAQ,3.72
042110,1154.0,530469.0,530469.0,612161226.0,612161226.0,KOSDAQ,2.58
219550,1442.0,59680.0,59680.0,86058560.0,86058560.0,KOSDAQ,4.04
084650,751.0,4044855.0,4044855.0,3037686105.0,3037686105.0,KOSDAQ,29.93
061040,6160.0,3325.0,3325.0,20482000.0,20482000.0,KOSDAQ,0.0
056360,5680.0,69355.0,69355.0,393936400.0,393936400.0,KOSDAQ,6.37
053160,9260.0,7981.0,7981.0,73904060.0,73904060.0,KOSDAQ,1.42
067170,2020.0,279590.0,279590.0,564771800.0,564771800.0,KOSDAQ,5.48
045340,6460.0,15210.0,15210.0,98256600.0,98256600.0,KOSDAQ,0.62
003310,1560.0,236510.0,236510.0,368955600.0,368955600.0,KOSDAQ,4.21
288180,7450.0,61389.0,61389.0,457348050.0,457348050.0,KOSDAQ,10.37
050960,8150.0,2022.0,2022.0,16479300.0,16479300.0,KOSDAQ,-0.61
088910,2135.0,29401.0,29401.0,62771135.0,62771135.0,KOSDAQ,1.18
007370,3885.0,35074.0,35074.0,136262490.0,136262490.0,KOSDAQ,1.17
025550,2145.0,33994.0,33994.0,72917130.0,72917130.0,KOSDAQ,2.88
205470,2215.0,32712.0,32712.0,72457080.0,72457080.0,KOSDAQ,3.5
420570,9340.0,25085.0,25085.0,234293900.0,234293900.0,KOSDAQ,-0.11
036090,1283.0,207600.0,207600.0,266350800.0,266350800.0,KOSDAQ,5.95
027050,1364.0,96936.0,96936.0,132220704.0,132220704.0,KOSDAQ,4.68
039020,2410.0,65943.0,65943.0,158922630.0,158922630.0,KOSDAQ,1.9
104540,4055.0,17348.0,17348.0,70346140.0,70346140.0,KOSDAQ,5.32
263600,3395.0,42595.0,42595.0,144610025.0,144610025.0,KOSDAQ,4.62
040610,3165.0,39516.0,39516.0,125068140.0,125068140.0,KOSDAQ,6.03
459100,4000.0,28072.0,28072.0,112288000.0,112288000.0,KOSDAQ,3.09
950200,2800.0,10434.0,10434.0,29215200.0,29215200.0,KOSDAQ,3.51
033320,2815.0,64640.0,64640.0,181961600.0,181961600.0,KOSDAQ,3.87
036670,5000.0,20381.0,20381.0,101905000.0,101905000.0,KOSDAQ,-0.4
314140,6190.0,27522.0,27522.0,170361180.0,170361180.0,KOSDAQ,2.31
299170,1290.0,160505.0,160505.0,207051450.0,207051450.0,KOSDAQ,5.65
036120,1522.0,50105.0,50105.0,76259810.0,76259810.0,KOSDAQ,3.05
037440,3840.0,183172.0,183172.0,703380480.0,703380480.0,KOSDAQ,5.21
064800,2090.0,39993.0,39993.0,83585370.0,83585370.0,KOSDAQ,4.5
039610,5130.0,30341.0,30341.0,155649330.0,155649330.0,KOSDAQ,4.06
033310,1332.0,33840.0,33840.0,45074880.0,45074880.0,KOSDAQ,1.76
040160,4410.0,16250.0,16250.0,71662500.0,71662500.0,KOSDAQ,0.0
027830,984.0,132245.0,132245.0,130129080.0,130129080.0,KOSDAQ,-0.1
170790,8300.0,12995.0,12995.0,107858500.0,107858500.0,KOSDAQ,2.34
347740,1769.0,31140.0,31140.0,55086660.0,55086660.0,KOSDAQ,1.55
273640,4835.0,7760.0,7760.0,37519600.0,37519600.0,KOSDAQ,3.76
191420,6530.0,2819.0,2819.0,18408070.0,18408070.0,KOSDAQ,7.05
435570,6950.0,7921.0,7921.0,55050950.0,55050950.0,KOSDAQ,3.58
370090,6170.0,26399.0,26399.0,162881830.0,162881830.0,KOSDAQ,7.12
046940,2915.0,98445.0,98445.0,286967175.0,286967175.0,KOSDAQ,4.86
452400,5790.0,9635.0,9635.0,55786650.0,55786650.0,KOSDAQ,2.48
187420,1600.0,157997.0,157997.0,252795200.0,252795200.0,KOSDAQ,8.84
457370,6470.0,67788.0,67788.0,438588360.0,438588360.0,KOSDAQ,2.86
391710,1217.0,81514.0,81514.0,99202538.0,99202538.0,KOSDAQ,3.31
419080,4765.0,21194.0,21194.0,100989410.0,100989410.0,KOSDAQ,3.25
192250,7300.0,33340.0,33340.0,243382000.0,243382000.0,KOSDAQ,0.97
094970,3080.0,329250.0,329250.0,1014090000.0,1014090000.0,KOSDAQ,2.67
091590,4375.0,404621.0,404621.0,1770216875.0,1770216875.0,KOSDAQ,3.18
053270,1868.0,44340.0,44340.0,82827120.0,82827120.0,KOSDAQ,1.52
071670,5120.0,14463.0,14463.0,74050560.0,74050560.0,KOSDAQ,7.56
070300,1439.0,269565.0,269565.0,387904035.0,387904035.0,KOSDAQ,-0.35
053050,1704.0,49623.0,49623.0,84557592.0,84557592.0,KOSDAQ,2.65
039240,1893.0,40475.0,40475.0,76619175.0,76619175.0,KOSDAQ,1.61
317830,4740.0,54830.0,54830.0,259894200.0,259894200.0,KOSDAQ,5.69
033230,1006.0,254707.0,254707.0,256235242.0,256235242.0,KOSDAQ,6.23
063440,1120.0,334004.0,334004.0,374084480.0,374084480.0,KOSDAQ,6.16
072990,3500.0,46098.0,46098.0,161343000.0,161343000.0,KOSDAQ,6.22
317530,2900.0,46223.0,46223.0,134046700.0,134046700.0,KOSDAQ,9.23
457600,3680.0,170045.0,170045.0,625765600.0,625765600.0,KOSDAQ,0.0
299660,1707.0,686558.0,686558.0,1171954506.0,1171954506.0,KOSDAQ,-1.16
094940,6020.0,45772.0,45772.0,275547440.0,275547440.0,KOSDAQ,3.97
046210,1104.0,185057.0,185057.0,204302928.0,204302928.0,KOSDAQ,4.94
104620,2980.0,63522.0,63522.0,189295560.0,189295560.0,KOSDAQ,2.76
136410,4535.0,7687.0,7687.0,34860545.0,34860545.0,KOSDAQ,3.54
053450,3365.0,27359.0,27359.0,92063035.0,92063035.0,KOSDAQ,3.86
122310,3420.0,957.0,957.0,3272940.0,3272940.0,KOSDAQ,0.0
054930,16550.0,8733.0,8733.0,144531150.0,144531150.0,KOSDAQ,1.04
225190,703.0,1684231.0,1684231.0,1184014393.0,1184014393.0,KOSDAQ,29.94
066670,2645.0,30258.0,30258.0,80032410.0,80032410.0,KOSDAQ,5.59
256630,4240.0,2402.0,2402.0,10184480.0,10184480.0,KOSDAQ,0.59
064240,1417.0,20580.0,20580.0,29161860.0,29161860.0,KOSDAQ,1.72
217500,1543.0,47281.0,47281.0,72954583.0,72954583.0,KOSDAQ,5.04
081180,5540.0,100382.0,100382.0,556116280.0,556116280.0,KOSDAQ,3.36
024910,1361.0,47362.0,47362.0,64459682.0,64459682.0,KOSDAQ,3.81
228340,2420.0,195159.0,195159.0,472284780.0,472284780.0,KOSDAQ,4.99
260930,2500.0,17223.0,17223.0,43057500.0,43057500.0,KOSDAQ,5.49
092300,2395.0,57566.0,57566.0,137870570.0,137870570.0,KOSDAQ,5.04
198080,2235.0,68461.0,68461.0,153010335.0,153010335.0,KOSDAQ,4.44
302430,4885.0,32225.0,32225.0,157419125.0,157419125.0,KOSDAQ,5.05
0013V0,4840.0,10081.0,10081.0,48792040.0,48792040.0,KOSDAQ,3.64
145170,2825.0,25937.0,25937.0,73272025.0,73272025.0,KOSDAQ,0.18
241790,4740.0,36785.0,36785.0,174360900.0,174360900.0,KOSDAQ,3.49
053980,2495.0,12696.0,12696.0,31676520.0,31676520.0,KOSDAQ,2.04
950220,1379.0,122756.0,122756.0,169280524.0,169280524.0,KOSDAQ,3.84
315640,1606.0,1856998.0,1856998.0,2982338788.0,2982338788.0,KOSDAQ,0.44
101670,830.0,371772.0,371772.0,308570760.0,308570760.0,KOSDAQ,6.96
317850,5660.0,32374.0,32374.0,183236840.0,183236840.0,KOSDAQ,6.39
311690,3600.0,7155.0,7155.0,25758000.0,25758000.0,KOSDAQ,4.8
109080,8330.0,21119.0,21119.0,175921270.0,175921270.0,KOSDAQ,3.87
463480,3780.0,10698.0,10698.0,40438440.0,40438440.0,KOSDAQ,3.7
014950,4650.0,186511.0,186511.0,867276150.0,867276150.0,KOSDAQ,4.73
037950,2770.0,18111.0,18111.0,50167470.0,50167470.0,KOSDAQ,2.59
019990,4790.0,34095.0,34095.0,163315050.0,163315050.0,KOSDAQ,5.74
317690,2320.0,26781.0,26781.0,62131920.0,62131920.0,KOSDAQ,5.69
143540,1046.0,158646.0,158646.0,165943716.0,165943716.0,KOSDAQ,0.38
114450,2330.0,156031.0,156031.0,363552230.0,363552230.0,KOSDAQ,6.88
082850,960.0,78700.0,78700.0,75552000.0,75552000.0,KOSDAQ,2.35
051390,4090.0,6980.0,6980.0,28548200.0,28548200.0,KOSDAQ,1.87
038010,5160.0,11236.0,11236.0,57977760.0,57977760.0,KOSDAQ,2.79
384470,2585.0,57619.0,57619.0,148945115.0,148945115.0,KOSDAQ,5.51
222420,958.0,155632.0,155632.0,149095456.0,149095456.0,KOSDAQ,5.04
015710,2645.0,15836.0,15836.0,41886220.0,41886220.0,KOSDAQ,1.15
048770,2950.0,158792.0,158792.0,468436400.0,468436400.0,KOSDAQ,5.73
413640,6400.0,45440.0,45440.0,290816000.0,290816000.0,KOSDAQ,5.79
024950,3715.0,59663.0,59663.0,221648045.0,221648045.0,KOSDAQ,0.41
471820,4065.0,8512.0,8512.0,34601280.0,34601280.0,KOSDAQ,0.25
461030,3205.0,17367.0,17367.0,55661235.0,55661235.0,KOSDAQ,5.78
057540,773.0,178265.0,178265.0,137798845.0,137798845.0,KOSDAQ,-0.9
0010V0,8990.0,12455.0,12455.0,111970450.0,111970450.0,KOSDAQ,3.33
321260,1622.0,217856.0,217856.0,353362432.0,353362432.0,KOSDAQ,8.49
072470,2420.0,13412.0,13412.0,32457040.0,32457040.0,KOSDAQ,4.76
286750,1425.0,337782.0,337782.0,481339350.0,481339350.0,KOSDAQ,-7.35
060560,1794.0,4321.0,4321.0,7751874.0,7751874.0,KOSDAQ,3.22
097800,1661.0,91167.0,91167.0,151428387.0,151428387.0,KOSDAQ,9.42
440290,1647.0,44889.0,44889.0,73932183.0,73932183.0,KOSDAQ,2.55
127710,1027.0,4498.0,4498.0,4619446.0,4619446.0,KOSDAQ,0.0
052790,4130.0,16226.0,16226.0,67013380.0,67013380.0,KOSDAQ,0.85
376290,2555.0,2373.0,2373.0,6063015.0,6063015.0,KOSDAQ,-0.97
294140,1810.0,8937.0,8937.0,16175970.0,16175970.0,KOSDAQ,4.99
007680,3405.0,7508.0,7508.0,25564740.0,25564740.0,KOSDAQ,1.79
459550,1783.0,34716555.0,34716555.0,61899617565.0,61899617565.0,KOSDAQ,19.5
224110,8790.0,8906.0,8906.0,78283740.0,78283740.0,KOSDAQ,1.38
460470,2940.0,84178.0,84178.0,247483320.0,247483320.0,KOSDAQ,6.14
065130,2770.0,45074.0,45074.0,124854980.0,124854980.0,KOSDAQ,5.12
066130,3460.0,17507.0,17507.0,60574220.0,60574220.0,KOSDAQ,1.17
189980,1095.0,109769.0,109769.0,120197055.0,120197055.0,KOSDAQ,2.05
340810,3215.0,580733.0,580733.0,1867056595.0,1867056595.0,KOSDAQ,0.16
073110,4910.0,1420.0,1420.0,6972200.0,6972200.0,KOSDAQ,0.1
373200,1735.0,44528.0,44528.0,77256080.0,77256080.0,KOSDAQ,1.88
150900,3695.0,144655.0,144655.0,534500225.0,534500225.0,KOSDAQ,6.64
382150,3310.0,42794.0,42794.0,141648140.0,141648140.0,KOSDAQ,9.42
163280,3170.0,67708.0,67708.0,214634360.0,214634360.0,KOSDAQ,5.84
014190,1216.0,187471.0,187471.0,227964736.0,227964736.0,KOSDAQ,9.65
088280,2470.0,43542.0,43542.0,107548740.0,107548740.0,KOSDAQ,2.07
065500,1194.0,165956.0,165956.0,198151464.0,198151464.0,KOSDAQ,4.92
273060,867.0,188672.0,188672.0,163578624.0,163578624.0,KOSDAQ,11.01
159580,2125.0,18245.0,18245.0,38770625.0,38770625.0,KOSDAQ,4.17
466410,8450.0,17511.0,17511.0,147967950.0,147967950.0,KOSDAQ,8.89
190650,6650.0,6555.0,6555.0,43590750.0,43590750.0,KOSDAQ,0.0
352910,3360.0,13822.0,13822.0,46441920.0,46441920.0,KOSDAQ,1.2
227950,1230.0,99623.0,99623.0,122536290.0,122536290.0,KOSDAQ,10.61
099410,3030.0,36139.0,36139.0,109501170.0,109501170.0,KOSDAQ,4.66
263020,3060.0,38745.0,38745.0,118559700.0,118559700.0,KOSDAQ,2.0
373160,3055.0,3093.0,3093.0,9449115.0,9449115.0,KOSDAQ,6.08
270870,4575.0,22654.0,22654.0,103642050.0,103642050.0,KOSDAQ,-1.51
153460,6430.0,3991.0,3991.0,25662130.0,25662130.0,KOSDAQ,0.94
340360,806.0,198327.0,198327.0,159851562.0,159851562.0,KOSDAQ,-4.05
025880,2510.0,18684.0,18684.0,46896840.0,46896840.0,KOSDAQ,0.4
129890,917.0,140348.0,140348.0,128699116.0,128699116.0,KOSDAQ,0.0
060850,5120.0,16008.0,16008.0,81960960.0,81960960.0,KOSDAQ,3.43
104200,2795.0,38397.0,38397.0,107319615.0,107319615.0,KOSDAQ,5.87
355690,4320.0,134542.0,134542.0,581221440.0,581221440.0,KOSDAQ,1.41
056700,1419.0,81598.0,81598.0,115787562.0,115787562.0,KOSDAQ,-0.42
086060,4790.0,13829.0,13829.0,66240910.0,66240910.0,KOSDAQ,-2.15
277070,3010.0,2182.0,2182.0,6567820.0,6567820.0,KOSDAQ,1.35
261520,4000.0,36023.0,36023.0,144092000.0,144092000.0,KOSDAQ,2.96
089790,3985.0,51736.0,51736.0,206167960.0,206167960.0,KOSDAQ,6.13
178780,2195.0,5107.0,5107.0,11209865.0,11209865.0,KOSDAQ,0.0
099220,650.0,196718.0,196718.0,127866700.0,127866700.0,KOSDAQ,5.35
065440,1498.0,183557.0,183557.0,274968386.0,274968386.0,KOSDAQ,5.72
196450,898.0,40240.0,40240.0,36135520.0,36135520.0,KOSDAQ,2.05
179900,2050.0,1009116.0,1009116.0,2068687800.0,2068687800.0,KOSDAQ,12.7
261200,2565.0,13234.0,13234.0,33945210.0,33945210.0,KOSDAQ,2.19
038060,843.0,1018905.0,1018905.0,858936915.0,858936915.0,KOSDAQ,10.92
263810,2545.0,45036.0,45036.0,114616620.0,114616620.0,KOSDAQ,2.41
140520,1916.0,29932.0,29932.0,57349712.0,57349712.0,KOSDAQ,0.63
122690,1748.0,46581.0,46581.0,81423588.0,81423588.0,KOSDAQ,4.98
068330,912.0,72397.0,72397.0,66026064.0,66026064.0,KOSDAQ,1.22
215380,2395.0,11961.0,11961.0,28646595.0,28646595.0,KOSDAQ,5.04
037230,1352.0,66935.0,66935.0,90496120.0,90496120.0,KOSDAQ,2.58
246690,1690.0,123626.0,123626.0,208927940.0,208927940.0,KOSDAQ,6.16
219420,3500.0,26321.0,26321.0,92123500.0,92123500.0,KOSDAQ,3.55
262260,2660.0,137707.0,137707.0,366300620.0,366300620.0,KOSDAQ,6.83
131400,673.0,651574.0,651574.0,438509302.0,438509302.0,KOSDAQ,0.9
238120,2815.0,15012.0,15012.0,42258780.0,42258780.0,KOSDAQ,-3.26
050120,2945.0,6409.0,6409.0,18874505.0,18874505.0,KOSDAQ,0.51
189690,1461.0,9620.0,9620.0,14054820.0,14054820.0,KOSDAQ,-0.27
042940,5830.0,64614.0,64614.0,376699620.0,376699620.0,KOSDAQ,2.28
196300,4245.0,5765.0,5765.0,24472425.0,24472425.0,KOSDAQ,2.04
218150,1948.0,391384.0,391384.0,762416032.0,762416032.0,KOSDAQ,2.26
189860,4100.0,82800.0,82800.0,339480000.0,339480000.0,KOSDAQ,6.49
479960,5570.0,9559.0,9559.0,53243630.0,53243630.0,KOSDAQ,3.15
171010,2770.0,19612.0,19612.0,54325240.0,54325240.0,KOSDAQ,2.21
361570,1374.0,22080.0,22080.0,30337920.0,30337920.0,KOSDAQ,2.23
002290,3180.0,9271.0,9271.0,29481780.0,29481780.0,KOSDAQ,0.16
043340,830.0,49602.0,49602.0,41169660.0,41169660.0,KOSDAQ,2.72
066900,1720.0,1305.0,1305.0,2244600.0,2244600.0,KOSDAQ,-0.58
038070,4205.0,16318.0,16318.0,68617190.0,68617190.0,KOSDAQ,2.19
317870,4400.0,27539.0,27539.0,121171600.0,121171600.0,KOSDAQ,13.84
123010,2235.0,237155.0,237155.0,530041425.0,530041425.0,KOSDAQ,-6.68
052220,1690.0,49343.0,49343.0,83389670.0,83389670.0,KOSDAQ,1.62
424980,6560.0,12959.0,12959.0,85011040.0,85011040.0,KOSDAQ,5.3
226330,1600.0,218491.0,218491.0,349585600.0,349585600.0,KOSDAQ,4.71
417860,8230.0,666239.0,666239.0,5483146970.0,5483146970.0,KOSDAQ,8.29
019770,3320.0,20615.0,20615.0,68441800.0,68441800.0,KOSDAQ,0.3
363250,4540.0,16158.0,16158.0,73357320.0,73357320.0,KOSDAQ,1.57
044960,3055.0,42348.0,42348.0,129373140.0,129373140.0,KOSDAQ,2.52
307280,5440.0,60420.0,60420.0,328684800.0,328684800.0,KOSDAQ,0.0
049830,6290.0,1270.0,1270.0,7988300.0,7988300.0,KOSDAQ,0.32
229000,1645.0,92031.0,92031.0,151390995.0,151390995.0,KOSDAQ,4.78
051490,2705.0,9583.0,9583.0,25922015.0,25922015.0,KOSDAQ,4.44
290670,4885.0,19021.0,19021.0,92917585.0,92917585.0,KOSDAQ,6.89
256150,4545.0,1017.0,1017.0,4622265.0,4622265.0,KOSDAQ,0.0
221980,9450.0,320.0,320.0,3024000.0,3024000.0,KOSDAQ,0.0
260660,2485.0,30459.0,30459.0,75690615.0,75690615.0,KOSDAQ,3.76
097870,4480.0,20778.0,20778.0,93085440.0,93085440.0,KOSDAQ,3.7
105760,3720.0,25355.0,25355.0,94320600.0,94320600.0,KOSDAQ,2.2
026910,4780.0,41588.0,41588.0,198790640.0,198790640.0,KOSDAQ,3.02
900300,1827.0,91456.0,91456.0,167090112.0,167090112.0,KOSDAQ,-1.03
234100,2560.0,19907.0,19907.0,50961920.0,50961920.0,KOSDAQ,2.81
177900,3880.0,12513.0,12513.0,48550440.0,48550440.0,KOSDAQ,6.3
014570,3380.0,5013.0,5013.0,16943940.0,16943940.0,KOSDAQ,0.6
258610,1015.0,40846.0,40846.0,41458690.0,41458690.0,KOSDAQ,1.6
081580,2385.0,39820.0,39820.0,94970700.0,94970700.0,KOSDAQ,3.92
900250,1032.0,76579.0,76579.0,79029528.0,79029528.0,KOSDAQ,1.38
050860,1642.0,30897.0,30897.0,50732874.0,50732874.0,KOSDAQ,-0.18
290120,2325.0,15727.0,15727.0,36565275.0,36565275.0,KOSDAQ,0.43
173940,2390.0,18611.0,18611.0,44480290.0,44480290.0,KOSDAQ,7.42
263770,1550.0,2311.0,2311.0,3582050.0,3582050.0,KOSDAQ,2.99
250000,5440.0,3624.0,3624.0,19714560.0,19714560.0,KOSDAQ,3.82
046310,2235.0,33868.0,33868.0,75694980.0,75694980.0,KOSDAQ,3.23
059100,5170.0,49172.0,49172.0,254219240.0,254219240.0,KOSDAQ,9.65
123570,1630.0,3437.0,3437.0,5602310.0,5602310.0,KOSDAQ,-0.06
057030,2215.0,8604.0,8604.0,19057860.0,19057860.0,KOSDAQ,3.02
042040,4165.0,19762.0,19762.0,82308730.0,82308730.0,KOSDAQ,1.22
221840,1928.0,8474.0,8474.0,16337872.0,16337872.0,KOSDAQ,2.34
332290,903.0,230574.0,230574.0,208208322.0,208208322.0,KOSDAQ,5.49
083550,2650.0,16095.0,16095.0,42651750.0,42651750.0,KOSDAQ,6.85
100660,2850.0,32264.0,32264.0,91952400.0,91952400.0,KOSDAQ,4.59
393210,2295.0,45232.0,45232.0,103807440.0,103807440.0,KOSDAQ,7.49
046390,2075.0,44649.0,44649.0,92646675.0,92646675.0,KOSDAQ,3.23
321820,2290.0,18395.0,18395.0,42124550.0,42124550.0,KOSDAQ,1.55
305090,1914.0,158528.0,158528.0,303422592.0,303422592.0,KOSDAQ,1.16
352700,1356.0,46104.0,46104.0,62517024.0,62517024.0,KOSDAQ,0.15
045060,2100.0,2842.0,2842.0,5968200.0,5968200.0,KOSDAQ,0.24
184230,1876.0,64129.0,64129.0,120306004.0,120306004.0,KOSDAQ,6.05
204020,1818.0,27368.0,27368.0,49755024.0,49755024.0,KOSDAQ,-0.76
086040,2205.0,28548.0,28548.0,62948340.0,62948340.0,KOSDAQ,3.52
024120,3050.0,24215.0,24215.0,73855750.0,73855750.0,KOSDAQ,1.84
052600,3030.0,16276.0,16276.0,49316280.0,49316280.0,KOSDAQ,1.34
049470,1484.0,24808.0,24808.0,36815072.0,36815072.0,KOSDAQ,1.37
101240,3075.0,18910.0,18910.0,58148250.0,58148250.0,KOSDAQ,0.99
078590,3485.0,2953475.0,2953475.0,10292860375.0,10292860375.0,KOSDAQ,15.21
127980,2940.0,10248.0,10248.0,30129120.0,30129120.0,KOSDAQ,8.29
239890,3500.0,36411.0,36411.0,127438500.0,127438500.0,KOSDAQ,4.01
089140,2270.0,49350.0,49350.0,112024500.0,112024500.0,KOSDAQ,5.09
360350,6390.0,3401.0,3401.0,21732390.0,21732390.0,KOSDAQ,4.07
075130,2155.0,24776.0,24776.0,53392280.0,53392280.0,KOSDAQ,6.16
263700,1788.0,6010.0,6010.0,10745880.0,10745880.0,KOSDAQ,5.18
208710,2630.0,1225159.0,1225159.0,3222168170.0,3222168170.0,KOSDAQ,14.1
006920,3170.0,114760.0,114760.0,363789200.0,363789200.0,KOSDAQ,4.79
446840,3140.0,31621.0,31621.0,99289940.0,99289940.0,KOSDAQ,1.45
080520,3050.0,20665.0,20665.0,63028250.0,63028250.0,KOSDAQ,2.18
278650,1980.0,60305.0,60305.0,119403900.0,119403900.0,KOSDAQ,10.61
032960,1955.0,4436.0,4436.0,8672380.0,8672380.0,KOSDAQ,-2.15
037330,783.0,47425.0,47425.0,37133775.0,37133775.0,KOSDAQ,0.26
025440,3485.0,24587.0,24587.0,85685695.0,85685695.0,KOSDAQ,4.5
200780,3185.0,11778.0,11778.0,37512930.0,37512930.0,KOSDAQ,3.41
450330,4145.0,3158.0,3158.0,13089910.0,13089910.0,KOSDAQ,4.41
007530,1517.0,21862.0,21862.0,33164654.0,33164654.0,KOSDAQ,0.0
263920,3435.0,3982.0,3982.0,13678170.0,13678170.0,KOSDAQ,0.88
220180,1406.0,26062.0,26062.0,36643172.0,36643172.0,KOSDAQ,-0.28
186230,3075.0,10266.0,10266.0,31567950.0,31567950.0,KOSDAQ,0.99
355390,2115.0,2257808.0,2257808.0,4775263920.0,4775263920.0,KOSDAQ,29.83
199550,2260.0,124253.0,124253.0,280811780.0,280811780.0,KOSDAQ,-2.8
043910,2950.0,18360.0,18360.0,54162000.0,54162000.0,KOSDAQ,0.34
064520,1495.0,9232.0,9232.0,13801840.0,13801840.0,KOSDAQ,5.21
090410,725.0,163466.0,163466.0,118512850.0,118512850.0,KOSDAQ,7.57
203450,2370.0,16981.0,16981.0,40244970.0,40244970.0,KOSDAQ,2.6
364950,4020.0,11433.0,11433.0,45960660.0,45960660.0,KOSDAQ,0.25
021650,2035.0,5393.0,5393.0,10974755.0,10974755.0,KOSDAQ,-0.25
148930,3265.0,17812.0,17812.0,58156180.0,58156180.0,KOSDAQ,1.4
408900,1012.0,78671.0,78671.0,79615052.0,79615052.0,KOSDAQ,4.76
159910,3165.0,5289.0,5289.0,16739685.0,16739685.0,KOSDAQ,-0.47
022220,639.0,35421.0,35421.0,22634019.0,22634019.0,KOSDAQ,3.06
365590,897.0,100889.0,100889.0,90497433.0,90497433.0,KOSDAQ,3.1
432430,2000.0,26033.0,26033.0,52066000.0,52066000.0,KOSDAQ,3.04
091970,4380.0,116321.0,116321.0,509485980.0,509485980.0,KOSDAQ,-0.11
419120,2315.0,27186.0,27186.0,62935590.0,62935590.0,KOSDAQ,7.93
087600,4020.0,2083.0,2083.0,8373660.0,8373660.0,KOSDAQ,2.94
475460,5810.0,7476.0,7476.0,43435560.0,43435560.0,KOSDAQ,3.38
072770,789.0,73128.0,73128.0,57697992.0,57697992.0,KOSDAQ,-0.13
469750,949.0,1510616.0,1510616.0,1433574584.0,1433574584.0,KOSDAQ,30.0
452200,1339.0,200130.0,200130.0,267974070.0,267974070.0,KOSDAQ,3.4
317240,1115.0,194180.0,194180.0,216510700.0,216510700.0,KOSDAQ,4.69
301300,2470.0,538464.0,538464.0,1330006080.0,1330006080.0,KOSDAQ,19.04
031510,1158.0,90809.0,90809.0,105156822.0,105156822.0,KOSDAQ,-0.26
064480,2700.0,32316.0,32316.0,87253200.0,87253200.0,KOSDAQ,5.06
215090,1389.0,102784.0,102784.0,142766976.0,142766976.0,KOSDAQ,5.39
066360,670.0,22574.0,22574.0,15124580.0,15124580.0,KOSDAQ,-0.15
071850,1320.0,11436.0,11436.0,15095520.0,15095520.0,KOSDAQ,-3.65
035460,2135.0,137879.0,137879.0,294371665.0,294371665.0,KOSDAQ,5.43
045510,1011.0,112939.0,112939.0,114181329.0,114181329.0,KOSDAQ,5.31
376930,619.0,132495.0,132495.0,82014405.0,82014405.0,KOSDAQ,5.09
033340,326.0,1008584.0,1008584.0,328798384.0,328798384.0,KOSDAQ,4.82
206400,839.0,34874.0,34874.0,29259286.0,29259286.0,KOSDAQ,0.48
388610,5900.0,3795.0,3795.0,22390500.0,22390500.0,KOSDAQ,4.42
318410,5650.0,4410.0,4410.0,24916500.0,24916500.0,KOSDAQ,0.71
128540,1174.0,13605.0,13605.0,15972270.0,15972270.0,KOSDAQ,1.29
016600,2235.0,32158.0,32158.0,71873130.0,71873130.0,KOSDAQ,5.67
053950,1590.0,42033.0,42033.0,66832470.0,66832470.0,KOSDAQ,5.86
458350,3590.0,14883.0,14883.0,53429970.0,53429970.0,KOSDAQ,5.74
133750,1328.0,77985.0,77985.0,103564080.0,103564080.0,KOSDAQ,-0.97
068050,1117.0,113244.0,113244.0,126493548.0,126493548.0,KOSDAQ,8.24
476080,3830.0,241862.0,241862.0,926331460.0,926331460.0,KOSDAQ,13.31
039290,3545.0,14188.0,14188.0,50296460.0,50296460.0,KOSDAQ,3.65
464580,1673.0,113032.0,113032.0,189102536.0,189102536.0,KOSDAQ,16.34
096630,1939.0,41843.0,41843.0,81133577.0,81133577.0,KOSDAQ,8.87
254120,1000.0,494320.0,494320.0,494320000.0,494320000.0,KOSDAQ,11.36
208860,902.0,11657.0,11657.0,10514614.0,10514614.0,KOSDAQ,1.35
215790,760.0,1919973.0,1919973.0,1459179480.0,1459179480.0,KOSDAQ,4.83
237820,2380.0,46878.0,46878.0,111569640.0,111569640.0,KOSDAQ,3.03
465480,3000.0,14690.0,14690.0,44070000.0,44070000.0,KOSDAQ,2.74
262840,2875.0,9589.0,9589.0,27568375.0,27568375.0,KOSDAQ,1.05
106240,1270.0,39272.0,39272.0,49875440.0,49875440.0,KOSDAQ,-2.23
031310,1019.0,98844.0,98844.0,100722036.0,100722036.0,KOSDAQ,1.9
012620,6880.0,4668.0,4668.0,32115840.0,32115840.0,KOSDAQ,2.08
079000,4200.0,27389.0,27389.0,115033800.0,115033800.0,KOSDAQ,2.44
452300,2130.0,34762.0,34762.0,74043060.0,74043060.0,KOSDAQ,4.93
310870,1370.0,360792.0,360792.0,494285040.0,494285040.0,KOSDAQ,7.11
033830,1586.0,20018.0,20018.0,31748548.0,31748548.0,KOSDAQ,0.89
348030,3095.0,164727.0,164727.0,509830065.0,509830065.0,KOSDAQ,0.49
464280,5370.0,22078.0,22078.0,118558860.0,118558860.0,KOSDAQ,9.59
452160,3080.0,10898.0,10898.0,33565840.0,33565840.0,KOSDAQ,-1.6
089150,1727.0,35299.0,35299.0,60961373.0,60961373.0,KOSDAQ,2.8
075970,1607.0,19036.0,19036.0,30590852.0,30590852.0,KOSDAQ,2.88
348080,2300.0,65995.0,65995.0,151788500.0,151788500.0,KOSDAQ,4.31
311390,2330.0,29889.0,29889.0,69641370.0,69641370.0,KOSDAQ,1.3
103840,1801.0,23293.0,23293.0,41950693.0,41950693.0,KOSDAQ,3.21
109820,1445.0,101821.0,101821.0,147131345.0,147131345.0,KOSDAQ,7.04
351330,3555.0,11376.0,11376.0,40441680.0,40441680.0,KOSDAQ,0.28
088340,6750.0,14495.0,14495.0,97841250.0,97841250.0,KOSDAQ,8.0
376980,3015.0,61199.0,61199.0,184514985.0,184514985.0,KOSDAQ,10.24
033050,924.0,45096.0,45096.0,41668704.0,41668704.0,KOSDAQ,1.09
131090,3840.0,2339.0,2339.0,8981760.0,8981760.0,KOSDAQ,0.52
033170,340.0,269104.0,269104.0,91495360.0,91495360.0,KOSDAQ,-3.95
038950,2850.0,3347.0,3347.0,9538950.0,9538950.0,KOSDAQ,0.18
271830,986.0,135060.0,135060.0,133169160.0,133169160.0,KOSDAQ,8.59
026040,1753.0,40689.0,40689.0,71327817.0,71327817.0,KOSDAQ,3.85
290090,3880.0,769.0,769.0,2983720.0,2983720.0,KOSDAQ,2.11
318010,3635.0,2022.0,2022.0,7349970.0,7349970.0,KOSDAQ,0.97
335810,1310.0,18307.0,18307.0,23982170.0,23982170.0,KOSDAQ,5.56
060540,1100.0,21659.0,21659.0,23824900.0,23824900.0,KOSDAQ,2.33
119500,2425.0,43969.0,43969.0,106624825.0,106624825.0,KOSDAQ,0.83
044480,859.0,80001.0,80001.0,68720859.0,68720859.0,KOSDAQ,4.76
160550,1022.0,31125.0,31125.0,31809750.0,31809750.0,KOSDAQ,-0.29
351320,960.0,24328.0,24328.0,23354880.0,23354880.0,KOSDAQ,5.49
053290,1725.0,73465.0,73465.0,126727125.0,126727125.0,KOSDAQ,1.47
434480,2310.0,148306.0,148306.0,342586860.0,342586860.0,KOSDAQ,10.0
462310,3600.0,4805.0,4805.0,17298000.0,17298000.0,KOSDAQ,-2.31
444530,4390.0,12934.0,12934.0,56780260.0,56780260.0,KOSDAQ,10.03
239610,5230.0,1403.0,1403.0,7337690.0,7337690.0,KOSDAQ,-1.13
050110,961.0,304544.0,304544.0,292666784.0,292666784.0,KOSDAQ,2.67
297570,811.0,12807.0,12807.0,10386477.0,10386477.0,KOSDAQ,2.53
288620,4020.0,17309.0,17309.0,69582180.0,69582180.0,KOSDAQ,2.68
187270,2750.0,7050.0,7050.0,19387500.0,19387500.0,KOSDAQ,4.76
069410,2720.0,22616.0,22616.0,61515520.0,61515520.0,KOSDAQ,2.26
188260,1999.0,7868.0,7868.0,15728132.0,15728132.0,KOSDAQ,5.27
356890,2320.0,85125.0,85125.0,197490000.0,197490000.0,KOSDAQ,5.69
032860,681.0,116189.0,116189.0,79124709.0,79124709.0,KOSDAQ,5.09
407400,1872.0,122177.0,122177.0,228715344.0,228715344.0,KOSDAQ,5.46
068100,2295.0,5663.0,5663.0,12996585.0,12996585.0,KOSDAQ,1.1
123840,1755.0,6308.0,6308.0,11070540.0,11070540.0,KOSDAQ,2.93
065950,966.0,201733.0,201733.0,194874078.0,194874078.0,KOSDAQ,-1.53
016920,1027.0,150425.0,150425.0,154486475.0,154486475.0,KOSDAQ,3.63
013720,2225.0,15633.0,15633.0,34783425.0,34783425.0,KOSDAQ,5.2
197140,2080.0,10756.0,10756.0,22372480.0,22372480.0,KOSDAQ,2.21
177830,2385.0,8234.0,8234.0,19638090.0,19638090.0,KOSDAQ,-2.05
289220,1209.0,54755.0,54755.0,66198795.0,66198795.0,KOSDAQ,8.43
083640,1171.0,107773.0,107773.0,126202183.0,126202183.0,KOSDAQ,5.5
138070,1535.0,17479.0,17479.0,26830265.0,26830265.0,KOSDAQ,-0.84
007720,1331.0,110011.0,110011.0,146424641.0,146424641.0,KOSDAQ,6.48
038880,3570.0,13795.0,13795.0,49248150.0,49248150.0,KOSDAQ,7.85
130500,1840.0,22300.0,22300.0,41032000.0,41032000.0,KOSDAQ,3.37
032750,2960.0,21050.0,21050.0,62308000.0,62308000.0,KOSDAQ,0.17
069140,1767.0,30359.0,30359.0,53644353.0,53644353.0,KOSDAQ,-1.34
001810,1204.0,24840.0,24840.0,29907360.0,29907360.0,KOSDAQ,2.03
099390,3245.0,16364.0,16364.0,53101180.0,53101180.0,KOSDAQ,2.04
198940,1335.0,124421.0,124421.0,166102035.0,166102035.0,KOSDAQ,5.45
475660,3345.0,4588.0,4588.0,15346860.0,15346860.0,KOSDAQ,2.76
199480,2600.0,14546.0,14546.0,37819600.0,37819600.0,KOSDAQ,10.87
318020,2155.0,35185.0,35185.0,75823675.0,75823675.0,KOSDAQ,10.23
114630,1535.0,94075.0,94075.0,144405125.0,144405125.0,KOSDAQ,2.74
387570,4695.0,11625.0,11625.0,54579375.0,54579375.0,KOSDAQ,5.27
121890,1987.0,21200.0,21200.0,42124400.0,42124400.0,KOSDAQ,1.53
195500,1650.0,47239.0,47239.0,77944350.0,77944350.0,KOSDAQ,3.9
037370,3050.0,7959.0,7959.0,24274950.0,24274950.0,KOSDAQ,7.21
131220,3520.0,6253.0,6253.0,22010560.0,22010560.0,KOSDAQ,1.44
057680,1661.0,45363.0,45363.0,75347943.0,75347943.0,KOSDAQ,5.8
038620,1729.0,12949.0,12949.0,22388821.0,22388821.0,KOSDAQ,0.23
066910,1956.0,77056.0,77056.0,150721536.0,150721536.0,KOSDAQ,7.95
073540,2285.0,35584.0,35584.0,81309440.0,81309440.0,KOSDAQ,5.54
079170,5000.0,16720.0,16720.0,83600000.0,83600000.0,KOSDAQ,0.81
290270,2705.0,10498.0,10498.0,28397090.0,28397090.0,KOSDAQ,0.19
0010F0,2310.0,87003.0,87003.0,200976930.0,200976930.0,KOSDAQ,7.19
093380,2605.0,12432.0,12432.0,32385360.0,32385360.0,KOSDAQ,0.0
900310,1999.0,16174.0,16174.0,32331826.0,32331826.0,KOSDAQ,4.71
038530,988.0,194341.0,194341.0,192008908.0,192008908.0,KOSDAQ,3.89
290520,1625.0,13819.0,13819.0,22455875.0,22455875.0,KOSDAQ,1.18
021880,1202.0,102304.0,102304.0,122969408.0,122969408.0,KOSDAQ,1.01
237750,3925.0,4894.0,4894.0,19208950.0,19208950.0,KOSDAQ,4.11
376180,1372.0,34891.0,34891.0,47870452.0,47870452.0,KOSDAQ,2.62
238490,2250.0,34599.0,34599.0,77847750.0,77847750.0,KOSDAQ,1.35
044780,1375.0,7773.0,7773.0,10687875.0,10687875.0,KOSDAQ,0.36
363260,790.0,185500.0,185500.0,146545000.0,146545000.0,KOSDAQ,8.37
047080,1023.0,122880.0,122880.0,125706240.0,125706240.0,KOSDAQ,1.79
430690,2330.0,302674.0,302674.0,705230420.0,705230420.0,KOSDAQ,15.92
450520,1726.0,9797.0,9797.0,16909622.0,16909622.0,KOSDAQ,4.99
095910,680.0,624965.0,624965.0,424976200.0,424976200.0,KOSDAQ,4.13
039740,3160.0,19766.0,19766.0,62460560.0,62460560.0,KOSDAQ,3.27
288980,696.0,214558.0,214558.0,149332368.0,149332368.0,KOSDAQ,3.11
016670,2480.0,13621.0,13621.0,33780080.0,33780080.0,KOSDAQ,3.77
017000,2165.0,51488.0,51488.0,111471520.0,111471520.0,KOSDAQ,4.59
257370,2010.0,12205.0,12205.0,24532050.0,24532050.0,KOSDAQ,2.66
298060,2600.0,4789.0,4789.0,12451400.0,12451400.0,KOSDAQ,2.16
367000,2985.0,1814.0,1814.0,5414790.0,5414790.0,KOSDAQ,1.53
058110,1559.0,52850.0,52850.0,82393150.0,82393150.0,KOSDAQ,0.32
406820,1769.0,186913.0,186913.0,330649097.0,330649097.0,KOSDAQ,4.49
900070,930.0,88180.0,88180.0,82007400.0,82007400.0,KOSDAQ,-3.53
054780,1271.0,56410.0,56410.0,71697110.0,71697110.0,KOSDAQ,1.68
109960,1650.0,22958.0,22958.0,37880700.0,37880700.0,KOSDAQ,-0.06
225220,1300.0,34458.0,34458.0,44795400.0,44795400.0,KOSDAQ,0.62
045300,2365.0,9003.0,9003.0,21292095.0,21292095.0,KOSDAQ,3.28
455180,1777.0,33421.0,33421.0,59389117.0,59389117.0,KOSDAQ,3.25
148250,1820.0,70559.0,70559.0,128417380.0,128417380.0,KOSDAQ,-0.05
318000,2830.0,5945.0,5945.0,16824350.0,16824350.0,KOSDAQ,0.71
368600,955.0,3026271.0,3026271.0,2890088805.0,2890088805.0,KOSDAQ,-4.79
333050,4990.0,11308.0,11308.0,56426920.0,56426920.0,KOSDAQ,-0.2
373170,1625.0,8288.0,8288.0,13468000.0,13468000.0,KOSDAQ,2.01
054090,983.0,89536.0,89536.0,88013888.0,88013888.0,KOSDAQ,0.0
123750,1771.0,16632.0,16632.0,29455272.0,29455272.0,KOSDAQ,0.11
146060,1018.0,43985.0,43985.0,44776730.0,44776730.0,KOSDAQ,3.35
065150,1533.0,34579.0,34579.0,53009607.0,53009607.0,KOSDAQ,-0.45
053060,1381.0,45552.0,45552.0,62907312.0,62907312.0,KOSDAQ,0.58
051380,1586.0,18866.0,18866.0,29921476.0,29921476.0,KOSDAQ,2.59
097780,1198.0,3272.0,3272.0,3919856.0,3919856.0,KOSDAQ,0.17
462510,2760.0,21175.0,21175.0,58443000.0,58443000.0,KOSDAQ,0.55
232830,1469.0,24393.0,24393.0,35833317.0,35833317.0,KOSDAQ,-1.94
200350,2425.0,138858.0,138858.0,336730650.0,336730650.0,KOSDAQ,4.98
048470,2500.0,14861.0,14861.0,37152500.0,37152500.0,KOSDAQ,5.04
236810,1419.0,89129.0,89129.0,126474051.0,126474051.0,KOSDAQ,2.75
038870,1707.0,28480.0,28480.0,48615360.0,48615360.0,KOSDAQ,8.04
035200,2585.0,8823.0,8823.0,22807455.0,22807455.0,KOSDAQ,0.58
226340,2830.0,36205.0,36205.0,102460150.0,102460150.0,KOSDAQ,29.82
070590,1709.0,1505.0,1505.0,2572045.0,2572045.0,KOSDAQ,0.65
368970,2325.0,44616.0,44616.0,103732200.0,103732200.0,KOSDAQ,2.88
464500,1690.0,28954.0,28954.0,48932260.0,48932260.0,KOSDAQ,2.74
328380,3450.0,52400.0,52400.0,180780000.0,180780000.0,KOSDAQ,5.99
036480,6220.0,10424.0,10424.0,64837280.0,64837280.0,KOSDAQ,5.07
065370,3200.0,16731.0,16731.0,53539200.0,53539200.0,KOSDAQ,4.92
187220,2050.0,39713.0,39713.0,81411650.0,81411650.0,KOSDAQ,0.24
462980,1295.0,30767.0,30767.0,39843265.0,39843265.0,KOSDAQ,4.02
032790,919.0,60430.0,60430.0,55535170.0,55535170.0,KOSDAQ,-1.18
169330,1288.0,8892.0,8892.0,11452896.0,11452896.0,KOSDAQ,1.74
267790,3065.0,1070.0,1070.0,3279550.0,3279550.0,KOSDAQ,-0.33
134060,4940.0,4955.0,4955.0,24477700.0,24477700.0,KOSDAQ,1.44
033200,2550.0,2690.0,2690.0,6859500.0,6859500.0,KOSDAQ,2.82
115160,5440.0,19729.0,19729.0,107325760.0,107325760.0,KOSDAQ,3.03
085810,1657.0,6100.0,6100.0,10107700.0,10107700.0,KOSDAQ,0.0
383930,1822.0,44510.0,44510.0,81097220.0,81097220.0,KOSDAQ,8.71
052300,1433.0,112790.0,112790.0,161628070.0,161628070.0,KOSDAQ,-1.44
063760,2495.0,12330.0,12330.0,30763350.0,30763350.0,KOSDAQ,-0.2
027040,1668.0,26606.0,26606.0,44378808.0,44378808.0,KOSDAQ,0.12
018680,1987.0,9356.0,9356.0,18590372.0,18590372.0,KOSDAQ,2.16
091340,1979.0,8798.0,8798.0,17411242.0,17411242.0,KOSDAQ,1.23
340440,816.0,120409.0,120409.0,98253744.0,98253744.0,KOSDAQ,1.49
060380,1175.0,6880.0,6880.0,8084000.0,8084000.0,KOSDAQ,1.73
013810,1578.0,36515.0,36515.0,57620670.0,57620670.0,KOSDAQ,0.83
403490,501.0,129945.0,129945.0,65102445.0,65102445.0,KOSDAQ,-3.28
398120,1942.0,55162.0,55162.0,107124604.0,107124604.0,KOSDAQ,1.78
080530,2065.0,10068.0,10068.0,20790420.0,20790420.0,KOSDAQ,0.49
405920,1770.0,6023.0,6023.0,10660710.0,10660710.0,KOSDAQ,7.47
378800,491.0,1124901.0,1124901.0,552326391.0,552326391.0,KOSDAQ,12.36
258790,4535.0,13958.0,13958.0,63299530.0,63299530.0,KOSDAQ,3.07
019570,2365.0,27948.0,27948.0,66097020.0,66097020.0,KOSDAQ,0.64
397810,4365.0,7177.0,7177.0,31327605.0,31327605.0,KOSDAQ,0.11
222980,2035.0,6938.0,6938.0,14118830.0,14118830.0,KOSDAQ,-0.73
208350,2770.0,2557.0,2557.0,7082890.0,7082890.0,KOSDAQ,-1.07
219750,1715.0,8496.0,8496.0,14570640.0,14570640.0,KOSDAQ,-0.92
014100,1899.0,9938.0,9938.0,18872262.0,18872262.0,KOSDAQ,0.26
432980,2600.0,1969.0,1969.0,5119400.0,5119400.0,KOSDAQ,0.58
115480,1842.0,12748.0,12748.0,23481816.0,23481816.0,KOSDAQ,3.48
353190,2835.0,14274.0,14274.0,40466790.0,40466790.0,KOSDAQ,2.16
139670,1579.0,2953.0,2953.0,4662787.0,4662787.0,KOSDAQ,1.81
188040,4760.0,12272.0,12272.0,58414720.0,58414720.0,KOSDAQ,6.97
096690,5520.0,5470.0,5470.0,30194400.0,30194400.0,KOSDAQ,3.95
023770,2480.0,8468.0,8468.0,21000640.0,21000640.0,KOSDAQ,2.06
007770,6290.0,3690.0,3690.0,23210100.0,23210100.0,KOSDAQ,-0.47
377330,2705.0,2952.0,2952.0,7985160.0,7985160.0,KOSDAQ,4.04
084440,1150.0,172925.0,172925.0,198863750.0,198863750.0,KOSDAQ,10.58
101680,2605.0,37260.0,37260.0,97062300.0,97062300.0,KOSDAQ,-2.62
415380,1906.0,34730.0,34730.0,66195380.0,66195380.0,KOSDAQ,4.5
241840,2285.0,43171.0,43171.0,98645735.0,98645735.0,KOSDAQ,1.11
352940,2005.0,16158.0,16158.0,32396790.0,32396790.0,KOSDAQ,0.55
424760,2155.0,40209.0,40209.0,86650395.0,86650395.0,KOSDAQ,6.42
083660,3045.0,56103.0,56103.0,170833635.0,170833635.0,KOSDAQ,-10.44
080470,2965.0,3606.0,3606.0,10691790.0,10691790.0,KOSDAQ,6.65
317120,1415.0,106000.0,106000.0,149990000.0,149990000.0,KOSDAQ,8.76
359090,1878.0,8618.0,8618.0,16184604.0,16184604.0,KOSDAQ,3.76
130740,1913.0,44987.0,44987.0,86060131.0,86060131.0,KOSDAQ,2.03
019660,1545.0,33704.0,33704.0,52072680.0,52072680.0,KOSDAQ,1.64
296640,4160.0,12392.0,12392.0,51550720.0,51550720.0,KOSDAQ,1.46
065060,3585.0,33666.0,33666.0,120692610.0,120692610.0,KOSDAQ,2.43
049120,2025.0,19280.0,19280.0,39042000.0,39042000.0,KOSDAQ,5.74
032080,996.0,9847.0,9847.0,9807612.0,9807612.0,KOSDAQ,-2.64
223310,4100.0,26846.0,26846.0,110068600.0,110068600.0,KOSDAQ,2.5
032280,1313.0,71758.0,71758.0,94218254.0,94218254.0,KOSDAQ,2.58
098660,1702.0,7633.0,7633.0,12991366.0,12991366.0,KOSDAQ,0.12
076080,940.0,1141488.0,1141488.0,1072998720.0,1072998720.0,KOSDAQ,-6.84
377030,1482.0,15734.0,15734.0,23317788.0,23317788.0,KOSDAQ,2.14
274400,2325.0,14820.0,14820.0,34456500.0,34456500.0,KOSDAQ,1.53
056730,1422.0,17094.0,17094.0,24307668.0,24307668.0,KOSDAQ,0.71
043360,2340.0,10937.0,10937.0,25592580.0,25592580.0,KOSDAQ,5.88
238200,2570.0,21001.0,21001.0,53972570.0,53972570.0,KOSDAQ,1.78
131180,3580.0,976.0,976.0,3494080.0,3494080.0,KOSDAQ,1.56
193250,1570.0,10668.0,10668.0,16748760.0,16748760.0,KOSDAQ,1.09
342870,3850.0,5412.0,5412.0,20836200.0,20836200.0,KOSDAQ,3.08
347770,916.0,28712.0,28712.0,26300192.0,26300192.0,KOSDAQ,2.23
227610,1076.0,18920.0,18920.0,20357920.0,20357920.0,KOSDAQ,0.28
353590,1615.0,5777.0,5777.0,9329855.0,9329855.0,KOSDAQ,1.7
137940,2115.0,65482.0,65482.0,138494430.0,138494430.0,KOSDAQ,4.19
067010,1905.0,7042.0,7042.0,13415010.0,13415010.0,KOSDAQ,1.6
088290,2595.0,17137.0,17137.0,44470515.0,44470515.0,KOSDAQ,1.76
362990,1229.0,18433.0,18433.0,22654157.0,22654157.0,KOSDAQ,0.08
277410,5370.0,10692.0,10692.0,57416040.0,57416040.0,KOSDAQ,-0.92
200230,2175.0,29900.0,29900.0,65032500.0,65032500.0,KOSDAQ,2.35
054410,3600.0,13244.0,13244.0,47678400.0,47678400.0,KOSDAQ,-9.09
440320,2065.0,14275.0,14275.0,29477875.0,29477875.0,KOSDAQ,3.25
067730,2130.0,17211.0,17211.0,36659430.0,36659430.0,KOSDAQ,0.24
101400,1751.0,101792.0,101792.0,178237792.0,178237792.0,KOSDAQ,0.06
290560,919.0,40741.0,40741.0,37440979.0,37440979.0,KOSDAQ,6.98
429270,3175.0,34309.0,34309.0,108931075.0,108931075.0,KOSDAQ,3.42
109670,3500.0,43838.0,43838.0,153433000.0,153433000.0,KOSDAQ,3.4
239340,755.0,304977.0,304977.0,230257635.0,230257635.0,KOSDAQ,29.95
373110,1174.0,45880.0,45880.0,53863120.0,53863120.0,KOSDAQ,6.24
361670,3580.0,29402.0,29402.0,105259160.0,105259160.0,KOSDAQ,5.29
372800,2880.0,46965.0,46965.0,135259200.0,135259200.0,KOSDAQ,0.7
275630,3855.0,13469.0,13469.0,51922995.0,51922995.0,KOSDAQ,-0.13
083470,946.0,591134.0,591134.0,559212764.0,559212764.0,KOSDAQ,11.56
032800,1617.0,32352.0,32352.0,52313184.0,52313184.0,KOSDAQ,3.79
900110,1092.0,6913.0,6913.0,7548996.0,7548996.0,KOSDAQ,0.55
331520,2050.0,15388.0,15388.0,31545400.0,31545400.0,KOSDAQ,1.74
016100,1049.0,12712.0,12712.0,13334888.0,13334888.0,KOSDAQ,2.94
303530,2730.0,32694.0,32694.0,89254620.0,89254620.0,KOSDAQ,8.98
058450,3980.0,11840.0,11840.0,47123200.0,47123200.0,KOSDAQ,-0.13
195990,1220.0,38885.0,38885.0,47439700.0,47439700.0,KOSDAQ,3.92
017250,942.0,13795.0,13795.0,12994890.0,12994890.0,KOSDAQ,-0.11
215480,1840.0,42791.0,42791.0,78735440.0,78735440.0,KOSDAQ,0.22
012340,885.0,266347.0,266347.0,235717095.0,235717095.0,KOSDAQ,-0.45
024940,1947.0,79075.0,79075.0,153959025.0,153959025.0,KOSDAQ,1.83
048830,1039.0,25429.0,25429.0,26420731.0,26420731.0,KOSDAQ,-0.19
192390,1757.0,34383.0,34383.0,60410931.0,60410931.0,KOSDAQ,-3.41
154030,1605.0,8059.0,8059.0,12934695.0,12934695.0,KOSDAQ,0.12
065650,1767.0,14844.0,14844.0,26229348.0,26229348.0,KOSDAQ,-0.73
252500,465.0,73187.0,73187.0,34031955.0,34031955.0,KOSDAQ,3.33
140430,1784.0,46658.0,46658.0,83237872.0,83237872.0,KOSDAQ,-0.89
039310,1051.0,73044.0,73044.0,76769244.0,76769244.0,KOSDAQ,-3.58
073570,1575.0,63972.0,63972.0,100755900.0,100755900.0,KOSDAQ,1.94
078860,3060.0,9457.0,9457.0,28938420.0,28938420.0,KOSDAQ,5.52
148780,2990.0,135907.0,135907.0,406361930.0,406361930.0,KOSDAQ,30.0
096870,2250.0,7787.0,7787.0,17520750.0,17520750.0,KOSDAQ,0.0
023790,1437.0,333315.0,333315.0,478973655.0,478973655.0,KOSDAQ,4.59
065690,1325.0,40871.0,40871.0,54154075.0,54154075.0,KOSDAQ,-1.56
021040,857.0,46993.0,46993.0,40273001.0,40273001.0,KOSDAQ,4.9
438700,1665.0,12255.0,12255.0,20404575.0,20404575.0,KOSDAQ,3.1
037400,707.0,44038.0,44038.0,31134866.0,31134866.0,KOSDAQ,0.71
045520,2850.0,47583.0,47583.0,135611550.0,135611550.0,KOSDAQ,4.78
309930,961.0,220300.0,220300.0,211708300.0,211708300.0,KOSDAQ,2.34
351870,1654.0,5213.0,5213.0,8622302.0,8622302.0,KOSDAQ,1.29
196700,1273.0,82769.0,82769.0,105364937.0,105364937.0,KOSDAQ,2.66
365900,2500.0,22004.0,22004.0,55010000.0,55010000.0,KOSDAQ,8.93
142760,430.0,419319.0,419319.0,180307170.0,180307170.0,KOSDAQ,-6.93
018620,2600.0,19183.0,19183.0,49875800.0,49875800.0,KOSDAQ,-1.52
322780,2005.0,91258.0,91258.0,182972290.0,182972290.0,KOSDAQ,-0.5
115610,1522.0,41801.0,41801.0,63621122.0,63621122.0,KOSDAQ,-1.3
154040,830.0,83785.0,83785.0,69541550.0,69541550.0,KOSDAQ,2.85
431190,2390.0,9992.0,9992.0,23880880.0,23880880.0,KOSDAQ,5.52
050760,1094.0,1656503.0,1656503.0,1812214282.0,1812214282.0,KOSDAQ,7.89
405000,4650.0,15353.0,15353.0,71391450.0,71391450.0,KOSDAQ,9.15
067770,2125.0,167072.0,167072.0,355028000.0,355028000.0,KOSDAQ,0.71
069330,1050.0,35468.0,35468.0,37241400.0,37241400.0,KOSDAQ,2.34
224060,3445.0,10261.0,10261.0,35349145.0,35349145.0,KOSDAQ,0.15
027580,1502.0,49796.0,49796.0,74793592.0,74793592.0,KOSDAQ,3.51
419540,2980.0,21403.0,21403.0,63780940.0,63780940.0,KOSDAQ,4.2
054220,1405.0,28047.0,28047.0,39406035.0,39406035.0,KOSDAQ,2.18
008470,2100.0,119849.0,119849.0,251682900.0,251682900.0,KOSDAQ,2.44
006050,505.0,248676.0,248676.0,125581380.0,125581380.0,KOSDAQ,2.64
020400,2755.0,32021.0,32021.0,88217855.0,88217855.0,KOSDAQ,1.85
060900,4390.0,13183.0,13183.0,57873370.0,57873370.0,KOSDAQ,4.28
051780,2765.0,17221.0,17221.0,47616065.0,47616065.0,KOSDAQ,8.86
115530,2220.0,15078.0,15078.0,33473160.0,33473160.0,KOSDAQ,4.72
335870,1035.0,6441.0,6441.0,6666435.0,6666435.0,KOSDAQ,2.68
032680,829.0,34660.0,34660.0,28733140.0,28733140.0,KOSDAQ,4.67
208640,1233.0,4329512.0,4329512.0,5338288296.0,5338288296.0,KOSDAQ,-8.05
034940,550.0,1168235.0,1168235.0,642529250.0,642529250.0,KOSDAQ,-1.08
103230,2350.0,15562.0,15562.0,36570700.0,36570700.0,KOSDAQ,-2.08
303030,1830.0,37470.0,37470.0,68570100.0,68570100.0,KOSDAQ,0.94
115570,2095.0,175856.0,175856.0,368418320.0,368418320.0,KOSDAQ,-6.47
279600,3555.0,3206.0,3206.0,11397330.0,11397330.0,KOSDAQ,3.04
477380,2050.0,11011.0,11011.0,22572550.0,22572550.0,KOSDAQ,0.24
035620,885.0,147344.0,147344.0,130399440.0,130399440.0,KOSDAQ,5.73
018700,1384.0,17960.0,17960.0,24856640.0,24856640.0,KOSDAQ,0.14
110020,1787.0,3022.0,3022.0,5400314.0,5400314.0,KOSDAQ,2.76
065770,1531.0,97532.0,97532.0,149321492.0,149321492.0,KOSDAQ,5.37
079950,1165.0,171546.0,171546.0,199851090.0,199851090.0,KOSDAQ,-2.84
417180,4565.0,29861.0,29861.0,136315465.0,136315465.0,KOSDAQ,5.92
060230,1411.0,148673.0,148673.0,209777603.0,209777603.0,KOSDAQ,-9.32
306040,1599.0,99037.0,99037.0,158360163.0,158360163.0,KOSDAQ,1.14
069920,1098.0,421374.0,421374.0,462668652.0,462668652.0,KOSDAQ,-11.09
001000,644.0,405569.0,405569.0,261186436.0,261186436.0,KOSDAQ,2.88
0072Z0,1980.0,2441.0,2441.0,4833180.0,4833180.0,KOSDAQ,0.15
354200,1747.0,61542.0,61542.0,107513874.0,107513874.0,KOSDAQ,5.24
060260,1170.0,66291.0,66291.0,77560470.0,77560470.0,KOSDAQ,-0.59
191410,1377.0,247479.0,247479.0,340778583.0,340778583.0,KOSDAQ,12.78
477340,2045.0,10514.0,10514.0,21501130.0,21501130.0,KOSDAQ,0.49
0101C0,1984.0,1391.0,1391.0,2759744.0,2759744.0,KOSDAQ,0.05
0130H0,1987.0,1728.0,1728.0,3433536.0,3433536.0,KOSDAQ,0.05
344860,1258.0,25645.0,25645.0,32261410.0,32261410.0,KOSDAQ,0.72
225590,2950.0,76651.0,76651.0,226120450.0,226120450.0,KOSDAQ,3.51
043590,1113.0,82660.0,82660.0,92000580.0,92000580.0,KOSDAQ,11.41
0044K0,1986.0,8631.0,8631.0,17141166.0,17141166.0,KOSDAQ,0.0
009730,1848.0,71088.0,71088.0,131370624.0,131370624.0,KOSDAQ,1.87
473050,2080.0,13336.0,13336.0,27738880.0,27738880.0,KOSDAQ,0.0
0115H0,1979.0,17254.0,17254.0,34145666.0,34145666.0,KOSDAQ,0.05
009620,831.0,216827.0,216827.0,180183237.0,180183237.0,KOSDAQ,-1.66
073190,1197.0,145111.0,145111.0,173697867.0,173697867.0,KOSDAQ,10.12
478440,2045.0,5968.0,5968.0,12204560.0,12204560.0,KOSDAQ,0.0
131760,1624.0,125653.0,125653.0,204060472.0,204060472.0,KOSDAQ,4.24
0165X0,1947.0,33295.0,33295.0,64825365.0,64825365.0,KOSDAQ,0.0
479880,2050.0,11918.0,11918.0,24431900.0,24431900.0,KOSDAQ,0.0
0099W0,1982.0,789.0,789.0,1563798.0,1563798.0,KOSDAQ,0.0
240600,1970.0,53853.0,53853.0,106090410.0,106090410.0,KOSDAQ,3.25
900340,1080.0,46618.0,46618.0,50347440.0,50347440.0,KOSDAQ,4.15
291810,1187.0,819328.0,819328.0,972542336.0,972542336.0,KOSDAQ,5.89
285800,771.0,243040.0,243040.0,187383840.0,187383840.0,KOSDAQ,7.83
489480,2020.0,4908.0,4908.0,9914160.0,9914160.0,KOSDAQ,0.0
0134X0,1975.0,11225.0,11225.0,22169375.0,22169375.0,KOSDAQ,0.05
113810,2035.0,23563.0,23563.0,47950705.0,47950705.0,KOSDAQ,3.62
0164H0,1951.0,21881.0,21881.0,42689831.0,42689831.0,KOSDAQ,0.1
481890,2075.0,8724.0,8724.0,18102300.0,18102300.0,KOSDAQ,-0.48
0096B0,1974.0,23946.0,23946.0,47269404.0,47269404.0,KOSDAQ,-0.15
0097F0,1995.0,1010.0,1010.0,2014950.0,2014950.0,KOSDAQ,0.05
489730,2020.0,8695.0,8695.0,17563900.0,17563900.0,KOSDAQ,0.25
478390,2050.0,22929.0,22929.0,47004450.0,47004450.0,KOSDAQ,0.24
418620,641.0,282253.0,282253.0,180924173.0,180924173.0,KOSDAQ,-2.29
0093G0,1987.0,3239.0,3239.0,6435893.0,6435893.0,KOSDAQ,-0.25
471050,2095.0,5904.0,5904.0,12368880.0,12368880.0,KOSDAQ,-0.48
0037T0,1994.0,13151.0,13151.0,26223094.0,26223094.0,KOSDAQ,0.4
247660,2900.0,52429.0,52429.0,152044100.0,152044100.0,KOSDAQ,-2.52
482520,2050.0,36307.0,36307.0,74429350.0,74429350.0,KOSDAQ,0.24
492220,2010.0,7590.0,7590.0,15255900.0,15255900.0,KOSDAQ,0.25
0054V0,2005.0,10393.0,10393.0,20837965.0,20837965.0,KOSDAQ,0.0
0131D0,1967.0,9601.0,9601.0,18885167.0,18885167.0,KOSDAQ,0.25
0091W0,2020.0,8813.0,8813.0,17802260.0,17802260.0,KOSDAQ,0.25
028080,4830.0,10632.0,10632.0,51352560.0,51352560.0,KOSDAQ,5.81
0088D0,2105.0,2749.0,2749.0,5786645.0,5786645.0,KOSDAQ,-0.24
0041L0,1999.0,4604.0,4604.0,9203396.0,9203396.0,KOSDAQ,0.05
477760,2050.0,20436.0,20436.0,41893800.0,41893800.0,KOSDAQ,0.24
0132G0,1996.0,3287.0,3287.0,6560852.0,6560852.0,KOSDAQ,0.4
482690,2100.0,6982.0,6982.0,14662200.0,14662200.0,KOSDAQ,0.24
469900,2070.0,12720.0,12720.0,26330400.0,26330400.0,KOSDAQ,0.0
0071M0,1982.0,1145.0,1145.0,2269390.0,2269390.0,KOSDAQ,-0.05
487360,2015.0,8256.0,8256.0,16635840.0,16635840.0,KOSDAQ,0.25
474660,2055.0,941.0,941.0,1933755.0,1933755.0,KOSDAQ,0.0
474490,2055.0,13123.0,13123.0,26967765.0,26967765.0,KOSDAQ,0.0
477470,2055.0,9614.0,9614.0,19756770.0,19756770.0,KOSDAQ,0.24
496070,2000.0,9444.0,9444.0,18888000.0,18888000.0,KOSDAQ,0.0
289010,805.0,681452.0,681452.0,548568860.0,548568860.0,KOSDAQ,-1.71
0105P0,1979.0,2451.0,2451.0,4850529.0,4850529.0,KOSDAQ,-0.6
060480,1005.0,79073.0,79073.0,79468365.0,79468365.0,KOSDAQ,-1.86
308100,429.0,1289291.0,1289291.0,553105839.0,553105839.0,KOSDAQ,1.9
0129K0,1970.0,1524.0,1524.0,3002280.0,3002280.0,KOSDAQ,0.05
002680,1704.0,66231.0,66231.0,112857624.0,112857624.0,KOSDAQ,0.89
0096D0,1982.0,1007.0,1007.0,1995874.0,1995874.0,KOSDAQ,-0.45
250930,1649.0,34517.0,34517.0,56918533.0,56918533.0,KOSDAQ,11.87
025870,2710.0,32736.0,32736.0,88714560.0,88714560.0,KOSDAQ,-3.56
486630,2030.0,10305.0,10305.0,20919150.0,20919150.0,KOSDAQ,0.0
0098T0,1995.0,2781.0,2781.0,5548095.0,5548095.0,KOSDAQ,0.25
389680,1292.0,229327.0,229327.0,296290484.0,296290484.0,KOSDAQ,0.7
493790,2010.0,509.0,509.0,1023090.0,1023090.0,KOSDAQ,0.0
0004Y0,1995.0,27943.0,27943.0,55746285.0,55746285.0,KOSDAQ,0.0
0130D0,1975.0,4029.0,4029.0,7957275.0,7957275.0,KOSDAQ,0.05
489210,2025.0,802.0,802.0,1624050.0,1624050.0,KOSDAQ,0.0
900100,1955.0,74499.0,74499.0,145645545.0,145645545.0,KOSDAQ,-0.91
478110,2035.0,5027.0,5027.0,10229945.0,10229945.0,KOSDAQ,0.74
466690,1998.0,1050.0,1050.0,2097900.0,2097900.0,KOSDAQ,-0.05
0041B0,2005.0,263.0,263.0,527315.0,527315.0,KOSDAQ,0.25
225430,1797.0,79794.0,79794.0,143389818.0,143389818.0,KOSDAQ,-0.17
084180,552.0,199176.0,199176.0,109945152.0,109945152.0,KOSDAQ,-2.47
079190,1040.0,684782.0,684782.0,712173280.0,712173280.0,KOSDAQ,-11.26
472220,2095.0,7299.0,7299.0,15291405.0,15291405.0,KOSDAQ,0.24
488060,2020.0,6081.0,6081.0,12283620.0,12283620.0,KOSDAQ,0.0
050090,405.0,778172.0,778172.0,315159660.0,315159660.0,KOSDAQ,-5.81
092600,1880.0,56157.0,56157.0,105575160.0,105575160.0,KOSDAQ,4.91
900120,824.0,73725.0,73725.0,60749400.0,60749400.0,KOSDAQ,-3.17
484130,2020.0,6105.0,6105.0,12332100.0,12332100.0,KOSDAQ,0.0
473950,2030.0,11367.0,11367.0,23075010.0,23075010.0,KOSDAQ,0.0
487830,2020.0,2027.0,2027.0,4094540.0,4094540.0,KOSDAQ,0.0
472230,2080.0,1534.0,1534.0,3190720.0,3190720.0,KOSDAQ,0.0
008290,420.0,2478991.0,2478991.0,1041176220.0,1041176220.0,KOSDAQ,8.25
0068Y0,1980.0,321.0,321.0,635580.0,635580.0,KOSDAQ,0.15
03481K,6090.0,1311.0,1311.0,7983990.0,7983990.0,KOSDAQ,0.83
199730,1719.0,130809.0,130809.0,224860671.0,224860671.0,KOSDAQ,2.32
0041J0,1993.0,5747.0,5747.0,11453771.0,11453771.0,KOSDAQ,0.05
465320,2105.0,339846.0,339846.0,715375830.0,715375830.0,KOSDAQ,0.24
312610,385.0,148000.0,148000.0,56980000.0,56980000.0,KOSDAQ,5.48
475250,2060.0,12440.0,12440.0,25626400.0,25626400.0,KOSDAQ,0.24
474930,2085.0,1059.0,1059.0,2208015.0,2208015.0,KOSDAQ,-0.48
035290,1519.0,28502.0,28502.0,43294538.0,43294538.0,KOSDAQ,13.61
473000,2050.0,8604.0,8604.0,17638200.0,17638200.0,KOSDAQ,-0.24
011080,944.0,294185.0,294185.0,277710640.0,277710640.0,KOSDAQ,-1.67
121850,1188.0,108123.0,108123.0,128450124.0,128450124.0,KOSDAQ,-9.93
021045,2410.0,2060.0,2060.0,4964600.0,4964600.0,KOSDAQ,-0.82
043090,249.0,585929.0,585929.0,145896321.0,145896321.0,KOSDAQ,-17.0
032685,10800.0,22812.0,22812.0,246369600.0,246369600.0,KOSDAQ,-10.0
