Code,Close,Volume,VolumeTotal,Amount,AmountTotal,Market,ChangesRatio
005930,239500.0,27393580.0,52592228.0,6560762410000.0,12595838606000.0,KOSPI,-8.76
000660,1567000.0,5429182.0,9171336.0,8507528194000.0,14371483512000.0,KOSPI,-8.79
005935,178000.0,3132086.0,3132086.0,557511308000.0,557511308000.0,KOSPI,-6.81
402340,1025000.0,819005.0,1181787.0,839480125000.0,1211331675000.0,KOSPI,-1.25
009150,1181000.0,1107138.0,2278412.0,1307529978000.0,2690804572000.0,KOSPI,3.42
005380,393000.0,826843.0,1309823.0,324949299000.0,514760439000.0,KOSPI,1.29
373220,316000.0,279360.0,372630.0,88277760000.0,117751080000.0,KOSPI,-3.66
207940,1423000.0,47113.0,63968.0,67041799000.0,91026464000.0,KOSPI,-4.18
105560,169500.0,921537.0,1075571.0,156200521500.0,182309284500.0,KOSPI,0.59
032830,287500.0,355175.0,452229.0,102112812500.0,130015837500.0,KOSPI,-7.7
028260,329000.0,299392.0,418172.0,98499968000.0,137578588000.0,KOSPI,-6.4
000270,129600.0,686065.0,843523.0,88914024000.0,109320580800.0,KOSPI,-1.74
329180,470500.0,134192.0,172726.0,63137336000.0,81267583000.0,KOSPI,-2.18
055550,102700.0,991006.0,1146995.0,101776316200.0,117796386500.0,KOSPI,1.99
012450,919000.0,141612.0,181328.0,130141428000.0,166640432000.0,KOSPI,0.22
012330,493500.0,328332.0,516709.0,162031842000.0,254995891500.0,KOSPI,3.68
034020,67700.0,1762521.0,3565055.0,119322671700.0,241354223500.0,KOSPI,0.89
068270,182200.0,451402.0,714673.0,82245444400.0,130213420600.0,KOSPI,-2.41
034730,523000.0,221163.0,278601.0,115668249000.0,145708323000.0,KOSPI,-6.1
086790,126900.0,591005.0,684654.0,74998534500.0,86882592600.0,KOSPI,1.2
035420,207500.0,662318.0,1301161.0,137430985000.0,269990907500.0,KOSPI,-0.24
006400,389500.0,318802.0,520839.0,124173379000.0,202866790500.0,KOSPI,-1.89
010120,188400.0,890344.0,1560113.0,167740809600.0,293925289200.0,KOSPI,1.95
000810,616000.0,64081.0,71531.0,39473896000.0,44063096000.0,KOSPI,-2.53
009540,368500.0,149515.0,183591.0,55096277500.0,67653283500.0,KOSPI,-4.16
066570,158800.0,754750.0,1339134.0,119854300000.0,212654479200.0,KOSPI,-2.04
042660,83000.0,839335.0,1630981.0,69664805000.0,135371423000.0,KOSPI,-2.58
316140,33350.0,1828005.0,2273441.0,60963966750.0,75819257350.0,KOSPI,-0.74
267260,673000.0,130244.0,187619.0,87654212000.0,126267587000.0,KOSPI,-1.61
005490,303500.0,294993.0,433985.0,89530375500.0,131714447500.0,KOSPI,-2.88
298040,2495000.0,65316.0,94162.0,162963420000.0,234934190000.0,KOSPI,3.23
069500,99105.0,24439342.0,24439342.0,2422060988910.0,2422060988910.0,KOSPI,-8.93
015760,34500.0,1146002.0,1590815.0,39537069000.0,54883117500.0,KOSPI,-0.86
010130,1020000.0,18726.0,23727.0,19100520000.0,24201540000.0,KOSPI,2.1
138040,120300.0,207835.0,241747.0,25002550500.0,29082164100.0,KOSPI,-2.98
000150,1238000.0,114333.0,167612.0,141544254000.0,207503656000.0,KOSPI,5.81
360750,26700.0,27034652.0,27034652.0,721825208400.0,721825208400.0,KOSPI,0.58
011200,20750.0,1029639.0,1609748.0,21365009250.0,33402271000.0,KOSPI,-0.95
042700,202500.0,679433.0,1268612.0,137585182500.0,256893930000.0,KOSPI,-5.59
006800,33250.0,1460334.0,2336420.0,48556105500.0,77685965000.0,KOSPI,-3.76
010140,20900.0,2460280.0,4351993.0,51419852000.0,90956653700.0,KOSPI,-2.11
096770,108000.0,573157.0,848487.0,61900956000.0,91636596000.0,KOSPI,-2.26
033780,175600.0,311905.0,357934.0,54770518000.0,62853210400.0,KOSPI,-1.95
017670,82000.0,1440486.0,2092189.0,118119852000.0,171559498000.0,KOSPI,0.74
051910,247000.0,263827.0,334895.0,65165269000.0,82719065000.0,KOSPI,-4.26
035720,37200.0,1691919.0,1691919.0,62939386800.0,62939386800.0,KOSPI,-0.53
024110,20250.0,1111640.0,1645912.0,22510710000.0,33329718000.0,KOSPI,-1.94
018260,203000.0,249490.0,405961.0,50646470000.0,82410083000.0,KOSPI,-1.46
267250,198600.0,134752.0,168777.0,26761747200.0,33519112200.0,KOSPI,-0.5
079550,699000.0,77506.0,101100.0,54176694000.0,70668900000.0,KOSPI,0.0
003550,99700.0,287431.0,339742.0,28656870700.0,33872277400.0,KOSPI,-1.38
086280,199900.0,144098.0,186068.0,28805190200.0,37194993200.0,KOSPI,-0.05
064350,129700.0,309170.0,398759.0,40099349000.0,51719042300.0,KOSPI,-2.99
010950,121700.0,457356.0,531629.0,55660225200.0,64699249300.0,KOSPI,-4.4
030200,52200.0,312474.0,383075.0,16311142800.0,19996515000.0,KOSPI,0.58
278470,338000.0,336822.0,481324.0,113845836000.0,162687512000.0,KOSPI,5.63
003670,136800.0,295681.0,374372.0,40449160800.0,51214089600.0,KOSPI,-0.65
011070,513000.0,282339.0,430129.0,144839907000.0,220656177000.0,KOSPI,-0.19
047810,123700.0,428207.0,528269.0,52969205900.0,65346875300.0,KOSPI,-2.83
272210,63100.0,444375.0,703191.0,28040062500.0,44371352100.0,KOSPI,0.96
133690,180335.0,1189625.0,1189625.0,214531024375.0,214531024375.0,KOSPI,0.27
071050,196900.0,223320.0,265948.0,43971708000.0,52365161200.0,KOSPI,-4.65
259960,235000.0,128355.0,149059.0,30163425000.0,35028865000.0,KOSPI,-3.29
000720,95600.0,477597.0,714465.0,45658273200.0,68302854000.0,KOSPI,1.06
307950,382500.0,127110.0,229210.0,48619575000.0,87672825000.0,KOSPI,4.94
323410,21850.0,716642.0,908827.0,15658627700.0,19857869950.0,KOSPI,-1.13
005830,156600.0,155069.0,169791.0,24283805400.0,26589270600.0,KOSPI,-0.25
005940,27600.0,376285.0,505245.0,10385466000.0,13944762000.0,KOSPI,-3.16
379800,24265.0,18672665.0,18672665.0,453092216225.0,453092216225.0,KOSPI,0.98
003490,26200.0,3146636.0,3146636.0,82441863200.0,82441863200.0,KOSPI,1.16
102110,99360.0,4092868.0,4092868.0,406667364480.0,406667364480.0,KOSPI,-9.28
0126Z0,369500.0,24368.0,36643.0,9003976000.0,13539588500.0,KOSPI,-1.47
047050,51300.0,376050.0,512584.0,19291365000.0,26295559200.0,KOSPI,-1.72
028050,44400.0,1886368.0,1886368.0,83754739200.0,83754739200.0,KOSPI,1.37
003230,1151000.0,43339.0,64199.0,49883189000.0,73893049000.0,KOSPI,-1.46
016360,97000.0,336831.0,458790.0,32672607000.0,44502630000.0,KOSPI,-2.81
379810,26965.0,4504585.0,4504585.0,121466134525.0,121466134525.0,KOSPI,0.33
006260,273000.0,119332.0,169263.0,32577636000.0,46208799000.0,KOSPI,2.25
396500,31760.0,13774259.0,13774259.0,437470465840.0,437470465840.0,KOSPI,-7.59
161390,66800.0,221274.0,245605.0,14781103200.0,16406414000.0,KOSPI,-1.18
488770,105115.0,684031.0,684031.0,71901918565.0,71901918565.0,KOSPI,0.01
443060,182900.0,63366.0,77334.0,11589641400.0,14144388600.0,KOSPI,-0.6
180640,119000.0,133211.0,201081.0,15852109000.0,23928639000.0,KOSPI,6.54
078930,84600.0,383507.0,421784.0,32444692200.0,35682926400.0,KOSPI,-4.94
090430,129800.0,318643.0,455277.0,41359861400.0,59094954600.0,KOSPI,-0.15
352820,174300.0,319896.0,501592.0,55757872800.0,87427485600.0,KOSPI,3.26
039490,274000.0,166588.0,226128.0,45645112000.0,61959072000.0,KOSPI,-6.64
278530,35930.0,2067112.0,2067112.0,74271334160.0,74271334160.0,KOSPI,-7.42
005387,198100.0,102571.0,102571.0,20319315100.0,20319315100.0,KOSPI,-1.44
459580,1073785.0,367278.0,367278.0,394377607230.0,394377607230.0,KOSPI,0.01
021240,92200.0,174811.0,192159.0,16117574200.0,17717059800.0,KOSPI,0.77
032640,14840.0,725723.0,940457.0,10769729320.0,13956381880.0,KOSPI,0.41
326030,78400.0,111869.0,165142.0,8770529600.0,12947132800.0,KOSPI,-0.76
267270,126500.0,188651.0,280641.0,23864351500.0,35501086500.0,KOSPI,1.28
064400,62500.0,873949.0,873949.0,54621812500.0,54621812500.0,KOSPI,0.0
000100,73600.0,225373.0,330360.0,16587452800.0,24314496000.0,KOSPI,0.14
377300,42950.0,142720.0,211136.0,6129824000.0,9068291200.0,KOSPI,0.82
241560,60400.0,137817.0,167169.0,8324146800.0,10097007600.0,KOSPI,1.0
381180,42685.0,1406540.0,1406540.0,60038159900.0,60038159900.0,KOSPI,-2.21
007660,74500.0,605831.0,980349.0,45134409500.0,73036000500.0,KOSPI,0.0
047040,13300.0,5963895.0,5963895.0,79319803500.0,79319803500.0,KOSPI,4.07
029780,46950.0,82735.0,111388.0,3884408250.0,5229666600.0,KOSPI,-0.11
122630,93670.0,21001807.0,21001807.0,1967239261690.0,1967239261690.0,KOSPI,-15.57
271560,133500.0,107210.0,118776.0,14312535000.0,15856596000.0,KOSPI,1.29
498400,19105.0,8672428.0,8672428.0,165686736940.0,165686736940.0,KOSPI,-5.89
175330,27100.0,274782.0,341878.0,7446592200.0,9264893800.0,KOSPI,2.46
036570,232000.0,54463.0,69536.0,12635416000.0,16132352000.0,KOSPI,-1.07
0167A0,15610.0,19576150.0,19576150.0,305583701500.0,305583701500.0,KOSPI,-5.37
091160,111905.0,2049950.0,2049950.0,229399654750.0,229399654750.0,KOSPI,-7.39
353200,96700.0,1355639.0,1355639.0,131090291300.0,131090291300.0,KOSPI,-0.1
088980,9970.0,1263126.0,1263126.0,12593366220.0,12593366220.0,KOSPI,-1.38
001440,23950.0,1968289.0,1968289.0,47140521550.0,47140521550.0,KOSPI,3.23
138930,15090.0,1497895.0,1687508.0,22603235550.0,25464495720.0,KOSPI,-0.53
005385,197000.0,60761.0,60761.0,11969917000.0,11969917000.0,KOSPI,-1.3
034220,9160.0,3127732.0,3127732.0,28650025120.0,28650025120.0,KOSPI,-0.54
062040,145600.0,143168.0,264294.0,20845260800.0,38481206400.0,KOSPI,1.68
128940,345500.0,101994.0,125815.0,35238927000.0,43469082500.0,KOSPI,3.6
229200,12470.0,41879239.0,41879239.0,522234110330.0,522234110330.0,KOSPI,3.06
009830,24800.0,2030250.0,2030250.0,50350200000.0,50350200000.0,KOSPI,-2.75
051900,283500.0,98338.0,146019.0,27878823000.0,41396386500.0,KOSPI,-1.22
454910,64400.0,870792.0,870792.0,56079004800.0,56079004800.0,KOSPI,4.55
148020,99975.0,846608.0,846608.0,84639634800.0,84639634800.0,KOSPI,-8.95
458730,15170.0,2178610.0,2178610.0,33049513700.0,33049513700.0,KOSPI,0.03
000500,135600.0,163604.0,356629.0,22184702400.0,48358892400.0,KOSPI,1.04
310970,44415.0,28777.0,28777.0,1278130455.0,1278130455.0,KOSPI,-6.1
0162Z0,12755.0,9252415.0,9252415.0,118014553325.0,118014553325.0,KOSPI,-5.94
360200,26980.0,564105.0,564105.0,15219552900.0,15219552900.0,KOSPI,1.01
111770,87900.0,54681.0,60710.0,4806459900.0,5336409000.0,KOSPI,-1.68
004170,405500.0,68320.0,80733.0,27703760000.0,32737231500.0,KOSPI,-4.14
001040,131100.0,76787.0,87297.0,10066775700.0,11444636700.0,KOSPI,1.31
411060,25775.0,552796.0,552796.0,14248316900.0,14248316900.0,KOSPI,-1.17
381170,31155.0,452534.0,452534.0,14098696770.0,14098696770.0,KOSPI,2.1
088350,4235.0,2842020.0,2842020.0,12035954700.0,12035954700.0,KOSPI,-4.19
010060,196900.0,236881.0,431081.0,46641868900.0,84879848900.0,KOSPI,3.47
423160,110675.0,86040.0,86040.0,9522477000.0,9522477000.0,KOSPI,0.01
011790,72800.0,189055.0,320937.0,13763204000.0,23364213600.0,KOSPI,0.83
395160,35635.0,6160618.0,6160618.0,219533622430.0,219533622430.0,KOSPI,-6.12
000990,80900.0,289455.0,432202.0,23416909500.0,34965141800.0,KOSPI,-2.65
357870,57850.0,226229.0,226229.0,13087347650.0,13087347650.0,KOSPI,0.01
052690,90700.0,133298.0,175491.0,12090128600.0,15917033700.0,KOSPI,1.91
273130,109885.0,44021.0,44021.0,4837247585.0,4837247585.0,KOSPI,-0.22
367380,30985.0,598531.0,598531.0,18545483035.0,18545483035.0,KOSPI,0.32
018880,3250.0,5685158.0,5685158.0,18476763500.0,18476763500.0,KOSPI,-1.66
004020,24800.0,732726.0,1080926.0,18171604800.0,26806964800.0,KOSPI,-5.88
023530,116300.0,98157.0,112785.0,11415659100.0,13116895500.0,KOSPI,-0.85
395270,50360.0,1371933.0,1371933.0,69090545880.0,69090545880.0,KOSPI,-5.87
002380,370500.0,21433.0,29461.0,7940926500.0,10915300500.0,KOSPI,-4.51
001450,37300.0,364798.0,475836.0,13606965400.0,17748682800.0,KOSPI,-2.99
082740,38000.0,1420403.0,2134480.0,53975314000.0,81110240000.0,KOSPI,-2.69
036460,34300.0,142922.0,178569.0,4902224600.0,6124916700.0,KOSPI,-0.44
251270,38300.0,147239.0,167312.0,5639253700.0,6408049600.0,KOSPI,0.0
035250,14540.0,300522.0,382941.0,4369589880.0,5567962140.0,KOSPI,-1.09
0043B0,103215.0,114122.0,114122.0,11779102230.0,11779102230.0,KOSPI,0.01
0193T0,9270.0,44389598.0,44389598.0,411491573460.0,411491573460.0,KOSPI,-16.15
233740,5600.0,117038101.0,117038101.0,655413365600.0,655413365600.0,KOSPI,7.28
102780,23260.0,573660.0,573660.0,13343331600.0,13343331600.0,KOSPI,-4.93
066970,72700.0,216501.0,336215.0,15739622700.0,24442830500.0,KOSPI,-0.82
031210,42250.0,21555.0,30725.0,910698750.0,1298131250.0,KOSPI,-1.63
455890,55330.0,210472.0,210472.0,11645415760.0,11645415760.0,KOSPI,0.01
022100,19230.0,297062.0,505165.0,5712502260.0,9714322950.0,KOSPI,-0.16
097950,191300.0,54416.0,65402.0,10409780800.0,12511402600.0,KOSPI,-0.05
011780,113000.0,69498.0,79493.0,7853274000.0,8982709000.0,KOSPI,-1.22
483650,223500.0,112172.0,205893.0,25070442000.0,46017085500.0,KOSPI,1.13
012750,71900.0,83266.0,90906.0,5986825400.0,6536141400.0,KOSPI,0.98
139130,16960.0,567994.0,610769.0,9633178240.0,10358642240.0,KOSPI,0.06
302440,34200.0,76668.0,110278.0,2622045600.0,3771507600.0,KOSPI,1.03
487240,31075.0,2729404.0,2729404.0,84816229300.0,84816229300.0,KOSPI,1.16
481050,1021795.0,16595.0,16595.0,16956688025.0,16956688025.0,KOSPI,0.01
017800,67700.0,78904.0,119452.0,5341800800.0,8086900400.0,KOSPI,-0.29
028670,4935.0,6835803.0,6835803.0,33734687805.0,33734687805.0,KOSPI,-9.78
026960,25400.0,62468.0,80921.0,1586687200.0,2055393400.0,KOSPI,-0.39
103590,53100.0,330461.0,534645.0,17547479100.0,28389649500.0,KOSPI,2.12
005850,54100.0,76210.0,106194.0,4122961000.0,5745095400.0,KOSPI,2.27
069960,116000.0,158436.0,187071.0,18378576000.0,21700236000.0,KOSPI,-2.36
008930,36050.0,178690.0,233496.0,6441774500.0,8417530800.0,KOSPI,0.56
009970,190100.0,9014.0,10898.0,1713561400.0,2071709800.0,KOSPI,-0.99
449170,111495.0,74358.0,74358.0,8290545210.0,8290545210.0,KOSPI,0.01
139260,121180.0,714347.0,714347.0,86564569460.0,86564569460.0,KOSPI,-7.06
009420,45950.0,279176.0,413922.0,12828137200.0,19019715900.0,KOSPI,5.88
003690,13560.0,233070.0,269485.0,3160429200.0,3654216600.0,KOSPI,-1.53
004800,143100.0,23608.0,38811.0,3378304800.0,5553854100.0,KOSPI,-0.97
007340,40900.0,107399.0,143652.0,4392619100.0,5875366800.0,KOSPI,1.36
000240,24950.0,70214.0,78163.0,1751839300.0,1950166850.0,KOSPI,0.0
375500,61200.0,359374.0,359374.0,21993688800.0,21993688800.0,KOSPI,4.62
383220,61800.0,403680.0,542386.0,24947424000.0,33519454800.0,KOSPI,-23.23
426030,44950.0,611818.0,611818.0,27501219100.0,27501219100.0,KOSPI,-1.72
011170,55200.0,96921.0,148928.0,5350039200.0,8220825600.0,KOSPI,-2.3
081660,44000.0,158250.0,165909.0,6963000000.0,7299996000.0,KOSPI,-2.55
001720,140500.0,6020.0,7260.0,845810000.0,1020030000.0,KOSPI,0.14
450080,32600.0,288931.0,288931.0,9419150600.0,9419150600.0,KOSPI,1.24
161890,96800.0,164882.0,270412.0,15960577600.0,26175881600.0,KOSPI,1.68
004370,375000.0,18847.0,26702.0,7067625000.0,10013250000.0,KOSPI,-2.09
161510,24120.0,826114.0,826114.0,19925869680.0,19925869680.0,KOSPI,-1.99
279570,5550.0,675422.0,675422.0,3748592100.0,3748592100.0,KOSPI,-0.72
472150,18930.0,3841720.0,3841720.0,72723759600.0,72723759600.0,KOSPI,-6.24
486290,10650.0,1270818.0,1270818.0,13534211700.0,13534211700.0,KOSPI,0.28
004990,22400.0,103820.0,140101.0,2325568000.0,3138262400.0,KOSPI,-0.88
014680,206500.0,33720.0,39199.0,6963180000.0,8094593500.0,KOSPI,-0.72
204320,46900.0,1104059.0,1104059.0,51780367100.0,51780367100.0,KOSPI,4.92
489790,43500.0,252893.0,440362.0,11000845500.0,19155747000.0,KOSPI,3.57
030000,18950.0,227414.0,280992.0,4309495300.0,5324798400.0,KOSPI,0.11
456600,57415.0,244827.0,244827.0,14056742205.0,14056742205.0,KOSPI,0.74
005440,11780.0,111149.0,138756.0,1309335220.0,1634545680.0,KOSPI,0.0
139480,78200.0,93485.0,134414.0,7310527000.0,10511174800.0,KOSPI,-2.01
278540,35365.0,44205.0,44205.0,1563309825.0,1563309825.0,KOSPI,-7.11
282330,122000.0,60035.0,63842.0,7324270000.0,7788724000.0,KOSPI,-2.4
192820,185500.0,57032.0,84657.0,10579436000.0,15703873500.0,KOSPI,0.43
006360,24250.0,2494954.0,2494954.0,60502634500.0,60502634500.0,KOSPI,3.41
007070,24400.0,204434.0,228187.0,4988189600.0,5567762800.0,KOSPI,-1.41
085620,15030.0,93940.0,93940.0,1411918200.0,1411918200.0,KOSPI,-2.97
051600,44600.0,67866.0,100597.0,3026823600.0,4486626200.0,KOSPI,-0.78
385540,102895.0,12354.0,12354.0,1271164830.0,1271164830.0,KOSPI,-0.18
284430,20310.0,860187.0,860187.0,17470397970.0,17470397970.0,KOSPI,-4.65
002790,25300.0,114286.0,153860.0,2891435800.0,3892658000.0,KOSPI,-0.78
073240,6660.0,5818028.0,13775237.0,38748066480.0,91743078420.0,KOSPI,-8.64
103140,67900.0,177541.0,247773.0,12055033900.0,16823786700.0,KOSPI,-4.63
292150,35180.0,546203.0,546203.0,19215421540.0,19215421540.0,KOSPI,-6.37
214980,114655.0,65124.0,65124.0,7466792220.0,7466792220.0,KOSPI,0.03
018670,198000.0,47871.0,68212.0,9478458000.0,13505976000.0,KOSPI,-11.41
462870,31050.0,38656.0,64309.0,1200268800.0,1996794450.0,KOSPI,-1.74
000155,451500.0,12533.0,12533.0,5658649500.0,5658649500.0,KOSPI,2.73
439260,47300.0,75980.0,123789.0,3593854000.0,5855219700.0,KOSPI,-5.59
0193W0,10515.0,21315445.0,21315445.0,224131904175.0,224131904175.0,KOSPI,-16.65
336260,25950.0,1403166.0,2512331.0,36412157700.0,65194989450.0,KOSPI,5.7
071970,50000.0,294320.0,448211.0,14716000000.0,22410550000.0,KOSPI,1.11
294400,130515.0,121190.0,121190.0,15817112850.0,15817112850.0,KOSPI,-8.53
000120,73900.0,29880.0,37536.0,2208132000.0,2773910400.0,KOSPI,-0.81
395400,5600.0,132031.0,132031.0,739373600.0,739373600.0,KOSPI,2.19
441640,12870.0,753944.0,753944.0,9703259280.0,9703259280.0,KOSPI,0.35
442580,94035.0,758556.0,758556.0,71330813460.0,71330813460.0,KOSPI,-9.38
105190,99305.0,1012061.0,1012061.0,100502717605.0,100502717605.0,KOSPI,-6.32
477080,107210.0,2019.0,2019.0,216456990.0,216456990.0,KOSPI,0.0
457190,53600.0,100615.0,168799.0,5392964000.0,9047626400.0,KOSPI,2.29
008770,41250.0,795790.0,1004634.0,32826337500.0,41441152500.0,KOSPI,-5.28
011210,59500.0,87350.0,135249.0,5197325000.0,8047315500.0,KOSPI,2.23
112610,38350.0,356608.0,356608.0,13675916800.0,13675916800.0,KOSPI,2.82
023590,37200.0,38780.0,54210.0,1442616000.0,2016612000.0,KOSPI,1.5
475150,46550.0,4782131.0,4782131.0,222608198050.0,222608198050.0,KOSPI,2.42
0195S0,7860.0,35989328.0,35989328.0,282876118080.0,282876118080.0,KOSPI,-16.78
487230,20630.0,237452.0,237452.0,4898634760.0,4898634760.0,KOSPI,-0.17
006040,35150.0,40923.0,51047.0,1438443450.0,1794302050.0,KOSPI,-0.71
446770,75240.0,168407.0,168407.0,12670942680.0,12670942680.0,KOSPI,-5.26
475630,1073220.0,41450.0,41450.0,44484969000.0,44484969000.0,KOSPI,0.01
610063,55610.0,10.0,10.0,556100.0,556100.0,KOSPI,0.0
001800,25500.0,101634.0,122010.0,2591667000.0,3111255000.0,KOSPI,0.0
453850,7160.0,778600.0,778600.0,5574776000.0,5574776000.0,KOSPI,-0.69
379780,23335.0,291583.0,291583.0,6804089305.0,6804089305.0,KOSPI,0.89
368590,30080.0,223679.0,223679.0,6728264320.0,6728264320.0,KOSPI,0.42
329200,3995.0,2290139.0,2290139.0,9149105305.0,9149105305.0,KOSPI,-0.5
00680K,10910.0,189145.0,189145.0,2063571950.0,2063571950.0,KOSPI,-0.27
120110,48650.0,147598.0,187272.0,7180642700.0,9110782800.0,KOSPI,1.25
020560,7050.0,61444.0,98054.0,433180200.0,691280700.0,KOSPI,1.29
020150,27600.0,114708.0,165502.0,3165940800.0,4567855200.0,KOSPI,0.91
466920,27365.0,615245.0,615245.0,16836179425.0,16836179425.0,KOSPI,-2.86
001740,7060.0,873049.0,873049.0,6163725940.0,6163725940.0,KOSPI,-3.55
089860,38950.0,81151.0,113990.0,3160831450.0,4439910500.0,KOSPI,-1.02
0177N0,13505.0,4618956.0,4618956.0,62379000780.0,62379000780.0,KOSPI,-5.82
097230,15540.0,271664.0,271664.0,4221658560.0,4221658560.0,KOSPI,-1.02
305720,12305.0,2971256.0,2971256.0,36561305080.0,36561305080.0,KOSPI,-3.75
281820,68900.0,145467.0,304150.0,10022676300.0,20955935000.0,KOSPI,-1.29
298020,314000.0,30369.0,47138.0,9535866000.0,14801332000.0,KOSPI,1.95
152100,100455.0,553651.0,553651.0,55617011205.0,55617011205.0,KOSPI,-8.45
322000,119600.0,287929.0,287929.0,34436308400.0,34436308400.0,KOSPI,6.69
315930,76210.0,24218.0,24218.0,1845653780.0,1845653780.0,KOSPI,-6.61
006280,113300.0,57670.0,73721.0,6534011000.0,8352589300.0,KOSPI,-2.24
294870,20050.0,154200.0,176728.0,3091710000.0,3543396400.0,KOSPI,1.01
069620,114000.0,45007.0,67956.0,5130798000.0,7746984000.0,KOSPI,0.18
436140,106230.0,2144.0,2144.0,227757120.0,227757120.0,KOSPI,-0.22
415640,10650.0,75467.0,75467.0,803723550.0,803723550.0,KOSPI,0.57
001120,33550.0,328387.0,466819.0,11017383850.0,15661777450.0,KOSPI,-10.29
007310,320500.0,5663.0,6371.0,1814991500.0,2041905500.0,KOSPI,-0.93
082640,8200.0,40807.0,40807.0,334617400.0,334617400.0,KOSPI,-1.56
192080,60400.0,35878.0,43203.0,2167031200.0,2609461200.0,KOSPI,0.5
390390,53220.0,1135912.0,1135912.0,60453236640.0,60453236640.0,KOSPI,-1.53
157450,112310.0,21216.0,21216.0,2382768960.0,2382768960.0,KOSPI,0.0
001430,35100.0,129227.0,158923.0,4535867700.0,5578197300.0,KOSPI,5.41
091230,118485.0,482489.0,482489.0,57167709165.0,57167709165.0,KOSPI,-6.92
229640,40700.0,60283.0,103950.0,2453518100.0,4230765000.0,KOSPI,0.87
448330,16780.0,792026.0,792026.0,13290196280.0,13290196280.0,KOSPI,-3.01
003540,25850.0,63352.0,79793.0,1637649200.0,2062649050.0,KOSPI,0.0
009155,420500.0,100867.0,100867.0,42414573500.0,42414573500.0,KOSPI,1.08
438080,14385.0,618856.0,618856.0,8902243560.0,8902243560.0,KOSPI,0.59
181710,37150.0,36244.0,42994.0,1346464600.0,1597227100.0,KOSPI,0.13
012630,19720.0,36291.0,50299.0,715658520.0,991896280.0,KOSPI,-1.2
232080,12705.0,3468381.0,3468381.0,44065780605.0,44065780605.0,KOSPI,3.42
000815,386500.0,15345.0,15345.0,5930842500.0,5930842500.0,KOSPI,0.91
0072R0,12335.0,235105.0,235105.0,2900020175.0,2900020175.0,KOSPI,-0.92
497570,21675.0,542015.0,542015.0,11748175125.0,11748175125.0,KOSPI,-1.45
004000,43700.0,52455.0,79889.0,2292283500.0,3491149300.0,KOSPI,-2.13
479080,53610.0,33060.0,33060.0,1772346600.0,1772346600.0,KOSPI,0.0
007810,45950.0,312947.0,510321.0,14379914650.0,23449249950.0,KOSPI,-1.08
017960,21300.0,178089.0,318070.0,3793295700.0,6774891000.0,KOSPI,-0.23
361610,13380.0,183392.0,274671.0,2453784960.0,3675097980.0,KOSPI,0.9
030610,9490.0,37588.0,54123.0,356710120.0,513627270.0,KOSPI,-1.15
005070,32350.0,94652.0,157579.0,3061992200.0,5097680650.0,KOSPI,-0.31
451540,52835.0,3285.0,3285.0,173562975.0,173562975.0,KOSPI,-0.17
000080,15220.0,115795.0,152519.0,1762399900.0,2321339180.0,KOSPI,-1.17
494890,28650.0,545710.0,545710.0,15634591500.0,15634591500.0,KOSPI,-5.86
330590,3615.0,101584.0,101584.0,367226160.0,367226160.0,KOSPI,0.0
479520,106115.0,3435.0,3435.0,364505025.0,364505025.0,KOSPI,0.0
006340,13110.0,8910646.0,8910646.0,116818569060.0,116818569060.0,KOSPI,0.85
356540,101240.0,728.0,728.0,73702720.0,73702720.0,KOSPI,-0.21
446720,13915.0,339024.0,339024.0,4717518960.0,4717518960.0,KOSPI,0.22
093370,9520.0,7504523.0,7504523.0,71443058960.0,71443058960.0,KOSPI,5.78
469830,54225.0,218476.0,218476.0,11846861100.0,11846861100.0,KOSPI,0.01
003570,30600.0,29482.0,40036.0,902149200.0,1225101600.0,KOSPI,-0.65
445290,28950.0,848018.0,848018.0,24550121100.0,24550121100.0,KOSPI,1.58
300720,13810.0,75334.0,103300.0,1040362540.0,1426573000.0,KOSPI,-0.65
465580,24280.0,290562.0,290562.0,7054845360.0,7054845360.0,KOSPI,2.6
066575,58000.0,46066.0,46066.0,2671828000.0,2671828000.0,KOSPI,-1.86
0183J0,6785.0,1516450.0,1516450.0,10289113250.0,10289113250.0,KOSPI,-1.67
226490,64095.0,272626.0,272626.0,17473963470.0,17473963470.0,KOSPI,-5.53
760009,107075.0,27.0,27.0,2891025.0,2891025.0,KOSPI,0.0
469150,51470.0,1066870.0,1066870.0,54911798900.0,54911798900.0,KOSPI,-7.95
0117L0,10135.0,33726.0,33726.0,341813010.0,341813010.0,KOSPI,0.0
0139F0,101835.0,4.0,4.0,407340.0,407340.0,KOSPI,0.03
449450,49365.0,249584.0,249584.0,12320714160.0,12320714160.0,KOSPI,-1.01
449180,16815.0,461707.0,461707.0,7763603205.0,7763603205.0,KOSPI,0.69
003240,868000.0,2172.0,2738.0,1885296000.0,2376584000.0,KOSPI,1.28
000210,45950.0,248841.0,330379.0,11434243950.0,15180915050.0,KOSPI,6.98
009450,65400.0,48239.0,55915.0,3154830600.0,3656841000.0,KOSPI,2.99
005300,102100.0,16640.0,20939.0,1698944000.0,2137871900.0,KOSPI,1.09
402970,15435.0,262398.0,262398.0,4050113130.0,4050113130.0,KOSPI,0.16
003090,16200.0,53170.0,71825.0,861354000.0,1163565000.0,KOSPI,-0.8
494300,9340.0,851723.0,851723.0,7955092820.0,7955092820.0,KOSPI,0.16
192400,26300.0,22502.0,26975.0,591802600.0,709442500.0,KOSPI,0.0
032350,11650.0,279594.0,371105.0,3257270100.0,4323373250.0,KOSPI,0.26
280360,100900.0,20160.0,23247.0,2034144000.0,2345622300.0,KOSPI,-2.04
077970,23050.0,136057.0,221279.0,3136113850.0,5100480950.0,KOSPI,0.0
438100,15450.0,422399.0,422399.0,6526064550.0,6526064550.0,KOSPI,0.16
185750,66300.0,24212.0,30523.0,1605255600.0,2023674900.0,KOSPI,-0.9
451800,5040.0,51023.0,51023.0,257155920.0,257155920.0,KOSPI,-0.98
237350,79205.0,398616.0,398616.0,31572380280.0,31572380280.0,KOSPI,-7.06
0195R0,9640.0,8841560.0,8841560.0,85232638400.0,85232638400.0,KOSPI,-16.54
051915,116900.0,9647.0,9647.0,1127734300.0,1127734300.0,KOSPI,-1.43
530031,2220.0,1017126.0,1017126.0,2258019720.0,2258019720.0,KOSPI,-7.31
495050,30180.0,142605.0,142605.0,4303818900.0,4303818900.0,KOSPI,-4.49
003530,4175.0,761120.0,761120.0,3177676000.0,3177676000.0,KOSPI,0.6
009240,37800.0,34034.0,45988.0,1286485200.0,1738346400.0,KOSPI,-2.83
034230,9520.0,315320.0,463635.0,3001846400.0,4413805200.0,KOSPI,-1.86
006120,50600.0,30081.0,37191.0,1522098600.0,1881864600.0,KOSPI,-1.75
0117V0,16270.0,1787300.0,1787300.0,29079371000.0,29079371000.0,KOSPI,1.09
114800,1146.0,1001105448.0,1001105448.0,1147266843408.0,1147266843408.0,KOSPI,9.56
071055,146900.0,9416.0,9416.0,1383210400.0,1383210400.0,KOSPI,-2.39
295040,37215.0,379983.0,379983.0,14141067345.0,14141067345.0,KOSPI,-7.52
455850,19880.0,1860994.0,1860994.0,36996560720.0,36996560720.0,KOSPI,-2.09
003470,4330.0,317951.0,317951.0,1376727830.0,1376727830.0,KOSPI,-1.14
030190,14160.0,26607.0,30990.0,376755120.0,438818400.0,KOSPI,0.35
195870,49000.0,140110.0,207207.0,6865390000.0,10153143000.0,KOSPI,1.66
153130,113300.0,22674.0,22674.0,2568964200.0,2568964200.0,KOSPI,0.0
079160,4980.0,675842.0,675842.0,3365693160.0,3365693160.0,KOSPI,-7.95
371460,11020.0,113290.0,113290.0,1248455800.0,1248455800.0,KOSPI,0.14
365550,3235.0,213680.0,213680.0,691254800.0,691254800.0,KOSPI,-1.67
476550,6825.0,780889.0,780889.0,5329567425.0,5329567425.0,KOSPI,-0.58
100090,12650.0,727370.0,727370.0,9201230500.0,9201230500.0,KOSPI,1.04
385560,52070.0,43307.0,43307.0,2254995490.0,2254995490.0,KOSPI,-0.88
137310,6450.0,113324.0,137879.0,730939800.0,889319550.0,KOSPI,1.57
001820,74500.0,641071.0,641071.0,47759789500.0,47759789500.0,KOSPI,4.05
481060,7450.0,394093.0,394093.0,2935992850.0,2935992850.0,KOSPI,-0.13
498410,11495.0,695344.0,695344.0,7992979280.0,7992979280.0,KOSPI,-0.04
0048J0,14280.0,385005.0,385005.0,5497871400.0,5497871400.0,KOSPI,0.28
036530,47150.0,20586.0,30782.0,970629900.0,1451371300.0,KOSPI,-5.61
466940,25695.0,469211.0,469211.0,12056376645.0,12056376645.0,KOSPI,-0.33
305540,15695.0,220059.0,220059.0,3453826005.0,3453826005.0,KOSPI,-2.73
494310,61980.0,4644420.0,4644420.0,287861151600.0,287861151600.0,KOSPI,-14.53
490590,13955.0,473934.0,473934.0,6613748970.0,6613748970.0,KOSPI,1.16
214320,18890.0,74075.0,81579.0,1399276750.0,1541027310.0,KOSPI,-0.74
0025N0,12160.0,309910.0,309910.0,3768505600.0,3768505600.0,KOSPI,0.29
441800,27290.0,224394.0,224394.0,6123712260.0,6123712260.0,KOSPI,-4.08
499790,37850.0,151155.0,176291.0,5721216750.0,6672614350.0,KOSPI,7.38
475720,11565.0,740715.0,740715.0,8566368975.0,8566368975.0,KOSPI,-2.82
071320,63500.0,27815.0,39091.0,1766252500.0,2482278500.0,KOSPI,-5.37
0061Z0,50880.0,440.0,440.0,22387200.0,22387200.0,KOSPI,-0.02
272580,56950.0,21696.0,21696.0,1235587200.0,1235587200.0,KOSPI,-0.01
298050,160200.0,17388.0,22782.0,2785557600.0,3649676400.0,KOSPI,-0.37
457480,17265.0,258519.0,258519.0,4463330535.0,4463330535.0,KOSPI,-0.75
458760,11245.0,252622.0,252622.0,2840734390.0,2840734390.0,KOSPI,0.22
144600,9495.0,416817.0,416817.0,3957677415.0,3957677415.0,KOSPI,-0.63
064960,26650.0,54206.0,74967.0,1444589900.0,1997870550.0,KOSPI,0.57
252670,99.0,8785383382.0,8785383382.0,869752954818.0,869752954818.0,KOSPI,20.73
004490,50800.0,17311.0,22143.0,879398800.0,1124864400.0,KOSPI,-1.36
069660,98935.0,78277.0,78277.0,7744334995.0,7744334995.0,KOSPI,-8.96
487340,105560.0,13766.0,13766.0,1453138960.0,1453138960.0,KOSPI,0.0
456610,61815.0,15586.0,15586.0,963448590.0,963448590.0,KOSPI,0.25
003850,8130.0,99580.0,128666.0,809585400.0,1046054580.0,KOSPI,-0.73
285130,39700.0,60537.0,73538.0,2403318900.0,2919458600.0,KOSPI,0.89
0177R0,10150.0,2295052.0,2295052.0,23294777800.0,23294777800.0,KOSPI,-6.41
102970,18385.0,618467.0,618467.0,11370515795.0,11370515795.0,KOSPI,-3.69
0127P0,10650.0,4849.0,4849.0,51641850.0,51641850.0,KOSPI,1.24
455030,12290.0,63611.0,63611.0,781779190.0,781779190.0,KOSPI,0.37
495850,30005.0,177095.0,177095.0,5313735475.0,5313735475.0,KOSPI,-4.5
000370,5610.0,374916.0,374916.0,2103278760.0,2103278760.0,KOSPI,-0.88
0167B0,10890.0,1682149.0,1682149.0,18318602610.0,18318602610.0,KOSPI,-5.92
248070,13610.0,58790.0,79797.0,800131900.0,1086037170.0,KOSPI,0.44
329750,13485.0,336586.0,336586.0,4538862210.0,4538862210.0,KOSPI,0.19
491010,25745.0,124682.0,124682.0,3209938090.0,3209938090.0,KOSPI,1.1
093050,22000.0,20955.0,22596.0,461010000.0,497112000.0,KOSPI,-1.79
002960,493500.0,1578.0,1877.0,778743000.0,926299500.0,KOSPI,-1.0
138540,49455.0,278276.0,278276.0,13762139580.0,13762139580.0,KOSPI,-0.29
293940,5270.0,114001.0,114001.0,600785270.0,600785270.0,KOSPI,0.96
482730,12075.0,370411.0,370411.0,4472712825.0,4472712825.0,KOSPI,0.79
005090,44200.0,280910.0,439286.0,12416222000.0,19416441200.0,KOSPI,8.47
371160,7600.0,175755.0,175755.0,1335738000.0,1335738000.0,KOSPI,1.27
314250,58470.0,66271.0,66271.0,3874865370.0,3874865370.0,KOSPI,1.09
000670,34200.0,31303.0,35695.0,1070562600.0,1220769000.0,KOSPI,1.63
456040,70300.0,38732.0,61353.0,2722859600.0,4313115900.0,KOSPI,2.03
0015B0,18830.0,610755.0,610755.0,11500516650.0,11500516650.0,KOSPI,-2.16
005180,67800.0,25572.0,44062.0,1733781600.0,2987403600.0,KOSPI,0.15
434060,16985.0,129177.0,129177.0,2194071345.0,2194071345.0,KOSPI,0.71
005690,10300.0,506842.0,506842.0,5220472600.0,5220472600.0,KOSPI,1.68
317450,42200.0,14442.0,19438.0,609452400.0,820283600.0,KOSPI,0.48
290130,43270.0,125307.0,125307.0,5422033890.0,5422033890.0,KOSPI,-5.47
025540,60500.0,10138.0,13360.0,613349000.0,808280000.0,KOSPI,-2.26
434730,51155.0,214157.0,214157.0,10955201335.0,10955201335.0,KOSPI,0.65
001680,17480.0,65026.0,82162.0,1136654480.0,1436191760.0,KOSPI,-1.35
069260,14710.0,68700.0,84926.0,1010577000.0,1249261460.0,KOSPI,-1.21
484790,8230.0,629015.0,629015.0,5176793450.0,5176793450.0,KOSPI,-0.84
014820,20700.0,89591.0,99280.0,1854533700.0,2055096000.0,KOSPI,0.49
003160,21100.0,412665.0,820423.0,8707231500.0,17310925300.0,KOSPI,4.71
002350,6100.0,97337.0,97337.0,593755700.0,593755700.0,KOSPI,-1.29
423920,85125.0,98079.0,98079.0,8348974875.0,8348974875.0,KOSPI,-3.97
367760,50525.0,393332.0,393332.0,19873099300.0,19873099300.0,KOSPI,-6.01
251600,15125.0,181098.0,181098.0,2739107250.0,2739107250.0,KOSPI,-0.62
000400,1884.0,593393.0,593393.0,1117952412.0,1117952412.0,KOSPI,-1.0
005880,1805.0,1509673.0,1509673.0,2724959765.0,2724959765.0,KOSPI,-2.96
383800,7630.0,89920.0,136719.0,686089600.0,1043165970.0,KOSPI,-1.04
268280,116200.0,5643.0,6426.0,655716600.0,746701200.0,KOSPI,-5.61
418660,40280.0,302692.0,302692.0,12192433760.0,12192433760.0,KOSPI,1.09
000640,86100.0,19521.0,21102.0,1680758100.0,1816882200.0,KOSPI,-2.38
466950,30570.0,116368.0,116368.0,3557369760.0,3557369760.0,KOSPI,-0.88
453340,17830.0,26961.0,30193.0,480714630.0,538341190.0,KOSPI,-1.38
094800,6230.0,17592.0,17592.0,109598160.0,109598160.0,KOSPI,1.47
489250,13075.0,254396.0,254396.0,3326227700.0,3326227700.0,KOSPI,0.0
0148J0,8705.0,12407427.0,12407427.0,108006652035.0,108006652035.0,KOSPI,8.81
114090,9200.0,97605.0,127950.0,897966000.0,1177140000.0,KOSPI,-1.92
449190,21460.0,223664.0,223664.0,4799829440.0,4799829440.0,KOSPI,0.09
017940,82400.0,15580.0,18806.0,1283792000.0,1549614400.0,KOSPI,-6.26
075580,9930.0,140572.0,274054.0,1395879960.0,2721356220.0,KOSPI,-1.88
114260,61790.0,33229.0,33229.0,2053219910.0,2053219910.0,KOSPI,0.02
006650,86600.0,37191.0,46162.0,3220740600.0,3997629200.0,KOSPI,1.29
007700,14180.0,34457.0,36833.0,488600260.0,522291940.0,KOSPI,-2.48
016380,5520.0,360341.0,360341.0,1989082320.0,1989082320.0,KOSPI,1.47
364980,8510.0,3541438.0,3541438.0,30137637380.0,30137637380.0,KOSPI,-3.79
494670,21480.0,463155.0,463155.0,9948569400.0,9948569400.0,KOSPI,-2.96
003300,17800.0,27710.0,31694.0,493238000.0,564153200.0,KOSPI,-0.28
108320,33550.0,76532.0,89563.0,2567648600.0,3004838650.0,KOSPI,-1.9
003620,2695.0,1134150.0,1134150.0,3056534250.0,3056534250.0,KOSPI,-5.11
100840,26250.0,156156.0,224803.0,4099095000.0,5901078750.0,KOSPI,5.42
010780,17950.0,32793.0,241501.0,588634350.0,4334942950.0,KOSPI,-0.44
001060,23200.0,20075.0,33579.0,465740000.0,779032800.0,KOSPI,-1.28
002840,119900.0,7333.0,7718.0,879226700.0,925388200.0,KOSPI,-2.68
0019K0,13240.0,315835.0,315835.0,4181655400.0,4181655400.0,KOSPI,-0.56
438330,115445.0,8680.0,8680.0,1002062600.0,1002062600.0,KOSPI,-0.03
491620,10740.0,371598.0,371598.0,3990962520.0,3990962520.0,KOSPI,1.42
00104K,126600.0,9415.0,9415.0,1191939000.0,1191939000.0,KOSPI,0.4
001270,51500.0,2745.0,3861.0,141367500.0,198841500.0,KOSPI,-0.58
006110,34800.0,263917.0,446207.0,9184311600.0,15528003600.0,KOSPI,14.29
365780,82625.0,6565.0,6565.0,542433125.0,542433125.0,KOSPI,-0.07
090460,15600.0,311764.0,448466.0,4863518400.0,6996069600.0,KOSPI,3.52
396520,12875.0,1191963.0,1191963.0,15346523625.0,15346523625.0,KOSPI,-9.62
178920,17730.0,45234.0,67904.0,801998820.0,1203937920.0,KOSPI,-0.51
0105E0,12620.0,476927.0,476927.0,6018818740.0,6018818740.0,KOSPI,-1.37
0101N0,16430.0,447931.0,447931.0,7359506330.0,7359506330.0,KOSPI,1.55
033240,23750.0,103539.0,163189.0,2459051250.0,3875738750.0,KOSPI,7.22
251350,39785.0,35091.0,35091.0,1396095435.0,1396095435.0,KOSPI,0.67
0007F0,10160.0,21583.0,21583.0,219283280.0,219283280.0,KOSPI,-0.15
496080,30010.0,161044.0,161044.0,4832930440.0,4832930440.0,KOSPI,-4.5
462330,756.0,58294355.0,58294355.0,44070532380.0,44070532380.0,KOSPI,-6.44
058650,118300.0,466.0,466.0,55127800.0,55127800.0,KOSPI,1.28
700028,142565.0,2332.0,2332.0,332461580.0,332461580.0,KOSPI,-11.92
005810,34600.0,34495.0,45776.0,1193527000.0,1583849600.0,KOSPI,-3.49
499660,1000435.0,9749.0,9749.0,9753240815.0,9753240815.0,KOSPI,0.01
473290,10850.0,69983.0,69983.0,759315550.0,759315550.0,KOSPI,-0.05
448730,5380.0,25826.0,25826.0,138943880.0,138943880.0,KOSPI,-0.19
001530,23550.0,7500.0,10820.0,176625000.0,254811000.0,KOSPI,-0.63
444200,41970.0,113496.0,113496.0,4763427120.0,4763427120.0,KOSPI,-3.74
0190C0,8130.0,1974329.0,1974329.0,16051294770.0,16051294770.0,KOSPI,2.65
009410,1619.0,403100.0,403100.0,652618900.0,652618900.0,KOSPI,0.25
315960,72800.0,118601.0,118601.0,8634152800.0,8634152800.0,KOSPI,-6.74
476800,4210.0,361778.0,361778.0,1523085380.0,1523085380.0,KOSPI,0.0
003545,19640.0,37051.0,37051.0,727681640.0,727681640.0,KOSPI,-0.1
471230,104060.0,6401.0,6401.0,666088060.0,666088060.0,KOSPI,-0.02
463250,31510.0,238409.0,238409.0,7512267590.0,7512267590.0,KOSPI,-0.76
034310,12870.0,51600.0,52822.0,664092000.0,679819140.0,KOSPI,0.08
483280,11930.0,214738.0,214738.0,2561824340.0,2561824340.0,KOSPI,2.49
435420,14060.0,237375.0,237375.0,3337492500.0,3337492500.0,KOSPI,0.11
001510,2030.0,1988718.0,1988718.0,4037097540.0,4037097540.0,KOSPI,0.74
284740,20900.0,7577.0,11511.0,158359300.0,240579900.0,KOSPI,-2.79
490490,11340.0,208358.0,208358.0,2362779720.0,2362779720.0,KOSPI,-0.35
039130,30150.0,31426.0,48676.0,947493900.0,1467581400.0,KOSPI,-1.63
005945,24700.0,42597.0,42597.0,1052145900.0,1052145900.0,KOSPI,-2.18
377740,4570.0,60696.0,60696.0,277380720.0,277380720.0,KOSPI,0.33
090435,43950.0,10388.0,10388.0,456552600.0,456552600.0,KOSPI,0.46
079900,31650.0,51344.0,145768.0,1625037600.0,4613557200.0,KOSPI,4.46
001500,7450.0,52776.0,107302.0,393181200.0,799399900.0,KOSPI,-1.32
0162M0,10040.0,8362.0,8362.0,83954480.0,83954480.0,KOSPI,0.1
0091P0,13645.0,1563312.0,1563312.0,21331392240.0,21331392240.0,KOSPI,1.45
002240,16660.0,18144.0,21790.0,302279040.0,363021400.0,KOSPI,-0.77
336370,6400.0,110225.0,181366.0,705440000.0,1160742400.0,KOSPI,-0.47
000070,57800.0,12044.0,14305.0,696143200.0,826829000.0,KOSPI,0.17
361580,56330.0,127908.0,127908.0,7205057640.0,7205057640.0,KOSPI,-5.72
448290,17450.0,143099.0,143099.0,2497077550.0,2497077550.0,KOSPI,0.69
145990,43150.0,4118.0,5306.0,177691700.0,228953900.0,KOSPI,-2.49
249420,14050.0,96696.0,144250.0,1358578800.0,2026712500.0,KOSPI,2.33
005389,190600.0,9523.0,9523.0,1815083800.0,1815083800.0,KOSPI,0.53
462010,4140.0,3634597.0,3634597.0,15047231580.0,15047231580.0,KOSPI,-3.94
005250,9390.0,55097.0,73860.0,517360830.0,693545400.0,KOSPI,0.97
480260,53675.0,10511.0,10511.0,564177925.0,564177925.0,KOSPI,0.03
451000,107325.0,31.0,31.0,3327075.0,3327075.0,KOSPI,0.01
293180,99470.0,54893.0,54893.0,5460206710.0,5460206710.0,KOSPI,-4.92
003030,105500.0,26493.0,29050.0,2795011500.0,3064775000.0,KOSPI,0.86
460860,8790.0,81732.0,158780.0,718424280.0,1395676200.0,KOSPI,-2.44
447770,13375.0,115079.0,115079.0,1539181625.0,1539181625.0,KOSPI,-0.04
417310,10660.0,66808.0,66808.0,712173280.0,712173280.0,KOSPI,-0.37
474220,15185.0,66906.0,66906.0,1015967610.0,1015967610.0,KOSPI,1.98
008060,13590.0,83030.0,108878.0,1128377700.0,1479652020.0,KOSPI,-1.59
439870,87750.0,10571.0,10571.0,927605250.0,927605250.0,KOSPI,-0.72
004690,115800.0,9263.0,10139.0,1072655400.0,1174096200.0,KOSPI,-2.11
004700,63000.0,3364.0,6325.0,211932000.0,398475000.0,KOSPI,0.0
277630,65310.0,129961.0,129961.0,8487752910.0,8487752910.0,KOSPI,-5.19
484870,15220.0,62572.0,102992.0,952345840.0,1567538240.0,KOSPI,1.33
091180,28225.0,398077.0,398077.0,11235723325.0,11235723325.0,KOSPI,0.98
072710,89600.0,4540.0,6858.0,406784000.0,614476800.0,KOSPI,0.0
477050,53360.0,45847.0,45847.0,2446395920.0,2446395920.0,KOSPI,0.0
002810,22250.0,14461.0,16771.0,321757250.0,373154750.0,KOSPI,-0.45
148070,104720.0,18301.0,18301.0,1916480720.0,1916480720.0,KOSPI,0.0
019170,7770.0,66183.0,134915.0,514241910.0,1048289550.0,KOSPI,3.74
0219E0,7790.0,6005833.0,6005833.0,46785439070.0,46785439070.0,KOSPI,-7.21
0016X0,51340.0,3719.0,3719.0,190933460.0,190933460.0,KOSPI,0.04
0163Y0,7810.0,1560143.0,1560143.0,12184716830.0,12184716830.0,KOSPI,-2.37
014830,58900.0,14470.0,23648.0,852283000.0,1392867200.0,KOSPI,-2.32
241180,35005.0,34857.0,34857.0,1220169285.0,1220169285.0,KOSPI,0.52
161000,8180.0,94639.0,169066.0,774147020.0,1382959880.0,KOSPI,-0.85
357120,4080.0,58476.0,58476.0,238582080.0,238582080.0,KOSPI,-1.57
003000,4015.0,347458.0,347458.0,1395043870.0,1395043870.0,KOSPI,0.63
451060,31710.0,76128.0,76128.0,2414018880.0,2414018880.0,KOSPI,-6.07
0023A0,24325.0,144063.0,144063.0,3504332475.0,3504332475.0,KOSPI,0.39
458250,34470.0,58994.0,58994.0,2033523180.0,2033523180.0,KOSPI,-0.95
0060H0,12990.0,90613.0,90613.0,1177062870.0,1177062870.0,KOSPI,2.08
001200,4040.0,777082.0,777082.0,3139411280.0,3139411280.0,KOSPI,-2.42
426020,32400.0,82858.0,82858.0,2684599200.0,2684599200.0,KOSPI,0.25
001940,27550.0,25382.0,32554.0,699274100.0,896862700.0,KOSPI,2.23
029530,39900.0,8175.0,9157.0,326182500.0,365364300.0,KOSPI,-3.16
194370,13230.0,373836.0,604735.0,4945850280.0,8000644050.0,KOSPI,8.89
031430,10910.0,61818.0,77967.0,674434380.0,850619970.0,KOSPI,1.39
403550,10020.0,27842.0,38724.0,278976840.0,388014480.0,KOSPI,2.56
002030,183900.0,6846.0,7466.0,1258979400.0,1372997400.0,KOSPI,-4.72
027410,3950.0,68162.0,68162.0,269239900.0,269239900.0,KOSPI,-1.25
016590,9350.0,9529.0,11996.0,89096150.0,112162600.0,KOSPI,0.97
003280,1564.0,4454783.0,4454783.0,6967280612.0,6967280612.0,KOSPI,-5.9
015360,13790.0,52102.0,65884.0,718486580.0,908540360.0,KOSPI,-2.61
020000,17460.0,153593.0,209587.0,2681733780.0,3659389020.0,KOSPI,-11.37
243880,271045.0,223013.0,223013.0,60446558585.0,60446558585.0,KOSPI,-15.3
016610,8780.0,69339.0,89912.0,608796420.0,789427360.0,KOSPI,-1.46
306200,130100.0,9033.0,13309.0,1175193300.0,1731500900.0,KOSPI,2.93
453810,12400.0,97315.0,97315.0,1206706000.0,1206706000.0,KOSPI,1.06
0173Y0,10340.0,776547.0,776547.0,8029495980.0,8029495980.0,KOSPI,-0.96
452260,1901.0,951046.0,951046.0,1807938446.0,1807938446.0,KOSPI,1.93
271940,10100.0,36030.0,44512.0,363903000.0,449571200.0,KOSPI,1.1
484880,21920.0,950591.0,950591.0,20836954720.0,20836954720.0,KOSPI,0.07
105630,9000.0,26987.0,31924.0,242883000.0,287316000.0,KOSPI,-1.32
950210,5950.0,46843.0,46843.0,278715850.0,278715850.0,KOSPI,-7.03
007690,38600.0,25680.0,33407.0,991248000.0,1289510200.0,KOSPI,1.05
381970,7310.0,48835.0,57722.0,356983850.0,421947820.0,KOSPI,-0.95
488080,27845.0,3610815.0,3610815.0,100543143675.0,100543143675.0,KOSPI,-14.52
385720,23115.0,250164.0,250164.0,5782540860.0,5782540860.0,KOSPI,-9.65
092230,83600.0,1646.0,2444.0,137605600.0,204318400.0,KOSPI,0.36
439860,113485.0,625.0,625.0,70928125.0,70928125.0,KOSPI,-0.03
469070,10680.0,846465.0,846465.0,9040246200.0,9040246200.0,KOSPI,6.11
0131V0,10615.0,72856.0,72856.0,773366440.0,773366440.0,KOSPI,0.43
344820,22000.0,8040.0,12187.0,176880000.0,268114000.0,KOSPI,0.0
448300,22170.0,69289.0,69289.0,1536137130.0,1536137130.0,KOSPI,0.02
0144L0,9660.0,208452.0,208452.0,2013646320.0,2013646320.0,KOSPI,0.31
0040Y0,7770.0,548312.0,548312.0,4260384240.0,4260384240.0,KOSPI,-0.13
126560,3185.0,415363.0,415363.0,1322931155.0,1322931155.0,KOSPI,8.15
170900,35750.0,6446.0,10038.0,230444500.0,358858500.0,KOSPI,3.77
0043Y0,19505.0,326603.0,326603.0,6370391515.0,6370391515.0,KOSPI,0.64
496020,52315.0,9956.0,9956.0,520848140.0,520848140.0,KOSPI,0.01
456880,12520.0,67624.0,67624.0,846652480.0,846652480.0,KOSPI,0.12
005420,8960.0,154652.0,214953.0,1385681920.0,1925978880.0,KOSPI,0.9
009900,6550.0,98475.0,139480.0,645011250.0,913594000.0,KOSPI,0.61
089590,4235.0,110995.0,110995.0,470063825.0,470063825.0,KOSPI,0.95
0046A0,9870.0,948478.0,948478.0,9361477860.0,9361477860.0,KOSPI,0.0
104700,9330.0,52513.0,65602.0,489946290.0,612066660.0,KOSPI,-1.27
060980,37400.0,10851.0,12983.0,405827400.0,485564200.0,KOSPI,-0.53
130660,10410.0,77333.0,77333.0,805036530.0,805036530.0,KOSPI,0.97
385550,113815.0,849.0,849.0,96628935.0,96628935.0,KOSPI,0.02
462900,12930.0,1263949.0,1263949.0,16342860570.0,16342860570.0,KOSPI,5.42
005610,39250.0,2600.0,4330.0,102050000.0,169952500.0,KOSPI,-1.63
006220,8940.0,151210.0,151210.0,1351817400.0,1351817400.0,KOSPI,1.59
011760,25350.0,38541.0,61867.0,977014350.0,1568328450.0,KOSPI,-0.98
017810,8780.0,27643.0,48945.0,242705540.0,429737100.0,KOSPI,-0.57
002990,8980.0,5021922.0,5021922.0,45096859560.0,45096859560.0,KOSPI,-1.43
0052D0,15060.0,131164.0,131164.0,1975329840.0,1975329840.0,KOSPI,-1.57
472170,13975.0,95125.0,95125.0,1329371875.0,1329371875.0,KOSPI,1.19
145720,38500.0,11431.0,16001.0,440093500.0,616038500.0,KOSPI,0.52
008730,13350.0,55475.0,78719.0,740591250.0,1050898650.0,KOSPI,-1.55
091170,15750.0,5537602.0,5537602.0,87217231500.0,87217231500.0,KOSPI,0.57
0080G0,9480.0,2142594.0,2142594.0,20311791120.0,20311791120.0,KOSPI,-1.25
132030,22885.0,50537.0,50537.0,1156539245.0,1156539245.0,KOSPI,-0.33
310960,57965.0,52652.0,52652.0,3051973180.0,3051973180.0,KOSPI,-5.76
0026S0,13050.0,199889.0,199889.0,2608551450.0,2608551450.0,KOSPI,0.73
0167Z0,7095.0,294908.0,294908.0,2092372260.0,2092372260.0,KOSPI,-0.14
471990,18940.0,1793376.0,1793376.0,33966541440.0,33966541440.0,KOSPI,-2.19
183190,8890.0,36194.0,56992.0,321764660.0,506658880.0,KOSPI,-0.11
0052S0,11835.0,244415.0,244415.0,2892651525.0,2892651525.0,KOSPI,0.59
005950,12150.0,315840.0,315840.0,3837456000.0,3837456000.0,KOSPI,-2.02
474590,38630.0,154740.0,154740.0,5977606200.0,5977606200.0,KOSPI,-5.18
097520,18240.0,59098.0,88056.0,1077947520.0,1606141440.0,KOSPI,3.34
017900,5430.0,1490652.0,1490652.0,8094240360.0,8094240360.0,KOSPI,4.62
760013,62865.0,10040.0,10040.0,631164600.0,631164600.0,KOSPI,-12.08
442570,17495.0,154511.0,154511.0,2703169945.0,2703169945.0,KOSPI,-0.6
024720,9130.0,23863.0,43102.0,217869190.0,393521260.0,KOSPI,1.9
520054,156400.0,4105.0,4105.0,642022000.0,642022000.0,KOSPI,-8.97
029460,28200.0,31996.0,37681.0,902287200.0,1062604200.0,KOSPI,-1.23
448630,14570.0,172417.0,172417.0,2512115690.0,2512115690.0,KOSPI,-1.85
002020,24000.0,94038.0,144189.0,2256912000.0,3460536000.0,KOSPI,3.9
005720,5890.0,36435.0,36435.0,214602150.0,214602150.0,KOSPI,3.15
453870,12190.0,69352.0,69352.0,845400880.0,845400880.0,KOSPI,0.99
279530,16855.0,404141.0,404141.0,6811796555.0,6811796555.0,KOSPI,-1.98
009290,6080.0,147408.0,147408.0,896240640.0,896240640.0,KOSPI,0.5
126720,21100.0,15142.0,24601.0,319496200.0,519081100.0,KOSPI,-1.63
485540,15185.0,149955.0,149955.0,2277066675.0,2277066675.0,KOSPI,2.26
009160,4565.0,193451.0,193451.0,883103815.0,883103815.0,KOSPI,-2.77
018250,11290.0,21495.0,21495.0,242678550.0,242678550.0,KOSPI,-0.96
011930,14670.0,167431.0,167431.0,2456212770.0,2456212770.0,KOSPI,4.04
000157,333500.0,821.0,821.0,273803500.0,273803500.0,KOSPI,2.46
026890,7660.0,63180.0,78759.0,483958800.0,603293940.0,KOSPI,-1.79
0111P0,10955.0,183336.0,183336.0,2008445880.0,2008445880.0,KOSPI,0.14
476760,9230.0,6335623.0,6335623.0,58477800290.0,58477800290.0,KOSPI,-0.86
0182R0,9435.0,3607064.0,3607064.0,34032648840.0,34032648840.0,KOSPI,-5.84
200880,10950.0,82655.0,149792.0,905072250.0,1640222400.0,KOSPI,1.48
0120G0,39650.0,36716.0,46215.0,1455789400.0,1832424750.0,KOSPI,2.99
0038A0,15350.0,80744.0,80744.0,1239420400.0,1239420400.0,KOSPI,1.93
441680,10830.0,114349.0,114349.0,1238399670.0,1238399670.0,KOSPI,-0.05
02826K,200500.0,3608.0,3608.0,723404000.0,723404000.0,KOSPI,-4.98
001750,19350.0,7334.0,11176.0,141912900.0,216255600.0,KOSPI,-0.87
016800,25350.0,410.0,642.0,10393500.0,16274700.0,KOSPI,1.4
091810,570.0,557039.0,557039.0,317512230.0,317512230.0,KOSPI,2.15
433330,22300.0,67967.0,67967.0,1515664100.0,1515664100.0,KOSPI,1.0
037710,38000.0,38616.0,162323.0,1467408000.0,6168274000.0,KOSPI,0.53
454780,99585.0,10924.0,10924.0,1087866540.0,1087866540.0,KOSPI,-0.17
473330,8275.0,333137.0,333137.0,2756708675.0,2756708675.0,KOSPI,-0.84
002310,7310.0,67531.0,67531.0,493651610.0,493651610.0,KOSPI,0.14
108670,32150.0,48262.0,75174.0,1551623300.0,2416844100.0,KOSPI,3.54
190620,101785.0,7704.0,7704.0,784151640.0,784151640.0,KOSPI,0.03
245710,29300.0,14848.0,14848.0,435046400.0,435046400.0,KOSPI,2.06
461490,14620.0,54260.0,54260.0,793281200.0,793281200.0,KOSPI,0.14
475080,7710.0,193842.0,193842.0,1494521820.0,1494521820.0,KOSPI,-0.77
012030,1415.0,343550.0,343550.0,486123250.0,486123250.0,KOSPI,-2.14
0210A0,6425.0,4428878.0,4428878.0,28455541150.0,28455541150.0,KOSPI,-4.1
481190,16895.0,75043.0,75043.0,1267851485.0,1267851485.0,KOSPI,1.96
033270,17730.0,24998.0,30791.0,443214540.0,545924430.0,KOSPI,-0.67
004710,6920.0,503020.0,503020.0,3480898400.0,3480898400.0,KOSPI,-1.0
005430,88800.0,16822.0,16822.0,1493793600.0,1493793600.0,KOSPI,-2.09
006405,173700.0,4426.0,4426.0,768796200.0,768796200.0,KOSPI,0.17
483320,23385.0,2015014.0,2015014.0,47121102390.0,47121102390.0,KOSPI,-1.1
270810,12395.0,398135.0,398135.0,4934883325.0,4934883325.0,KOSPI,3.55
192650,4255.0,340311.0,340311.0,1448023305.0,1448023305.0,KOSPI,1.43
244920,12400.0,62513.0,62513.0,775161200.0,775161200.0,KOSPI,1.81
570022,55930.0,2.0,2.0,111860.0,111860.0,KOSPI,1.43
034830,1106.0,242158.0,242158.0,267826748.0,267826748.0,KOSPI,0.09
123890,2280.0,148190.0,148190.0,337873200.0,337873200.0,KOSPI,-0.22
489030,6270.0,589341.0,589341.0,3695168070.0,3695168070.0,KOSPI,0.97
273140,114690.0,4088.0,4088.0,468852720.0,468852720.0,KOSPI,0.01
078520,10690.0,95072.0,143710.0,1016319680.0,1536259900.0,KOSPI,-0.09
092790,10690.0,170910.0,170910.0,1827027900.0,1827027900.0,KOSPI,-1.02
015860,5630.0,104130.0,104130.0,586251900.0,586251900.0,KOSPI,-1.23
0094K0,99410.0,23176.0,23176.0,2303926160.0,2303926160.0,KOSPI,0.05
003960,30250.0,6293.0,10181.0,190363250.0,307975250.0,KOSPI,0.83
096760,3735.0,67264.0,67264.0,251231040.0,251231040.0,KOSPI,-0.4
530134,3065.0,1681352.0,1681352.0,5153343880.0,5153343880.0,KOSPI,5.33
272450,5270.0,80602.0,80602.0,424772540.0,424772540.0,KOSPI,1.35
084690,7570.0,21335.0,29143.0,161505950.0,220612510.0,KOSPI,1.07
0053L0,10410.0,260701.0,260701.0,2713897410.0,2713897410.0,KOSPI,0.24
105840,13500.0,109167.0,109167.0,1473754500.0,1473754500.0,KOSPI,2.35
084010,7930.0,24578.0,46941.0,194903540.0,372242130.0,KOSPI,-0.87
001390,4050.0,119353.0,119353.0,483379650.0,483379650.0,KOSPI,-0.74
0008S0,10210.0,400806.0,400806.0,4092229260.0,4092229260.0,KOSPI,0.34
385510,32040.0,107414.0,107414.0,3441544560.0,3441544560.0,KOSPI,1.63
286940,17800.0,14456.0,16770.0,257316800.0,298506000.0,KOSPI,0.0
004430,11200.0,176497.0,176497.0,1976766400.0,1976766400.0,KOSPI,-6.98
003120,20200.0,2422.0,3073.0,48924400.0,62074600.0,KOSPI,0.5
025860,5390.0,200643.0,200643.0,1081465770.0,1081465770.0,KOSPI,-0.92
364970,6740.0,982648.0,982648.0,6623047520.0,6623047520.0,KOSPI,-0.22
017390,53500.0,6077.0,7008.0,325119500.0,374928000.0,KOSPI,-0.37
472920,98295.0,2.0,2.0,196590.0,196590.0,KOSPI,0.3
001230,1694.0,310507.0,310507.0,525998858.0,525998858.0,KOSPI,-2.19
497880,50040.0,164478.0,164478.0,8230479120.0,8230479120.0,KOSPI,0.01
003920,43550.0,3928.0,4362.0,171064400.0,189965100.0,KOSPI,0.0
005680,13050.0,14765.0,14765.0,192683250.0,192683250.0,KOSPI,-0.76
010820,5340.0,1038241.0,1038241.0,5544206940.0,5544206940.0,KOSPI,0.0
471040,28260.0,33124.0,33124.0,936084240.0,936084240.0,KOSPI,-2.11
010690,7420.0,403813.0,403813.0,2996292460.0,2996292460.0,KOSPI,2.91
317400,6670.0,846266.0,846266.0,5644594220.0,5644594220.0,KOSPI,4.22
283580,15500.0,503893.0,503893.0,7810341500.0,7810341500.0,KOSPI,-1.05
058430,4265.0,172606.0,172606.0,736164590.0,736164590.0,KOSPI,-0.23
307520,19755.0,880906.0,880906.0,17402298030.0,17402298030.0,KOSPI,-1.22
483340,22215.0,111763.0,111763.0,2482815045.0,2482815045.0,KOSPI,-0.91
478150,20985.0,28165.0,28165.0,591042525.0,591042525.0,KOSPI,1.25
002900,6100.0,84777.0,84777.0,517139700.0,517139700.0,KOSPI,2.52
423170,54795.0,40455.0,40455.0,2216731725.0,2216731725.0,KOSPI,-6.24
217590,10460.0,190193.0,190193.0,1989418780.0,1989418780.0,KOSPI,-0.19
196230,116705.0,1327.0,1327.0,154867535.0,154867535.0,KOSPI,0.01
298690,1525.0,150555.0,150555.0,229596375.0,229596375.0,KOSPI,1.87
298000,65500.0,227094.0,227094.0,14874657000.0,14874657000.0,KOSPI,-1.5
003650,141700.0,2238.0,2238.0,317124600.0,317124600.0,KOSPI,2.38
004360,12890.0,24623.0,32534.0,317390470.0,419363260.0,KOSPI,0.86
493810,11685.0,114413.0,114413.0,1336915905.0,1336915905.0,KOSPI,2.01
139230,12135.0,153162.0,153162.0,1858620870.0,1858620870.0,KOSPI,-0.61
157500,12650.0,466713.0,466713.0,5903919450.0,5903919450.0,KOSPI,-3.55
409820,18745.0,123219.0,123219.0,2309740155.0,2309740155.0,KOSPI,0.54
122900,7260.0,34668.0,34668.0,251689680.0,251689680.0,KOSPI,0.0
007160,48450.0,4305.0,6293.0,208577250.0,304895850.0,KOSPI,2.11
475300,17785.0,2062507.0,2062507.0,36681686995.0,36681686995.0,KOSPI,-2.04
136340,104175.0,33143.0,33143.0,3452672025.0,3452672025.0,KOSPI,0.13
404990,3935.0,9829.0,9829.0,38677115.0,38677115.0,KOSPI,0.51
008490,20850.0,33312.0,44152.0,694555200.0,920569200.0,KOSPI,-1.42
495230,28660.0,44773.0,44773.0,1283194180.0,1283194180.0,KOSPI,-3.76
486450,20045.0,29494.0,29494.0,591207230.0,591207230.0,KOSPI,-1.21
010955,59300.0,15478.0,15478.0,917845400.0,917845400.0,KOSPI,-3.89
458260,46345.0,5894.0,5894.0,273157430.0,273157430.0,KOSPI,-0.18
261260,4975.0,208934.0,208934.0,1039446650.0,1039446650.0,KOSPI,-0.4
363570,86595.0,1410.0,1410.0,122098950.0,122098950.0,KOSPI,-0.44
437080,96995.0,2065.0,2065.0,200294675.0,200294675.0,KOSPI,-0.11
900140,1217.0,405936.0,405936.0,494024112.0,494024112.0,KOSPI,-3.03
329650,14250.0,37447.0,37447.0,533619750.0,533619750.0,KOSPI,0.56
005500,17650.0,60848.0,91104.0,1073967200.0,1607985600.0,KOSPI,-0.45
488980,51985.0,287.0,287.0,14919695.0,14919695.0,KOSPI,0.01
228790,3720.0,3146117.0,3146117.0,11703555240.0,11703555240.0,KOSPI,1.09
003200,10150.0,28080.0,42774.0,285012000.0,434156100.0,KOSPI,-2.68
028100,17380.0,45524.0,45524.0,791207120.0,791207120.0,KOSPI,-0.11
213610,20550.0,11824.0,11824.0,242983200.0,242983200.0,KOSPI,-4.55
334890,3340.0,204508.0,204508.0,683056720.0,683056720.0,KOSPI,-4.3
471780,31040.0,131783.0,131783.0,4090544320.0,4090544320.0,KOSPI,-4.52
002320,14920.0,20127.0,23600.0,300294840.0,352112000.0,KOSPI,-0.53
472160,18365.0,86396.0,86396.0,1586662540.0,1586662540.0,KOSPI,1.49
002710,8810.0,63488.0,96043.0,559329280.0,846138830.0,KOSPI,6.66
0098F0,13160.0,448177.0,448177.0,5898009320.0,5898009320.0,KOSPI,1.0
001790,2670.0,286406.0,286406.0,764704020.0,764704020.0,KOSPI,3.29
448540,26035.0,25235.0,25235.0,656993225.0,656993225.0,KOSPI,0.64
421320,24265.0,86969.0,86969.0,2110302785.0,2110302785.0,KOSPI,2.13
305080,12710.0,114944.0,114944.0,1460938240.0,1460938240.0,KOSPI,-0.12
0183V0,11340.0,951898.0,951898.0,10794523320.0,10794523320.0,KOSPI,-5.5
302190,50115.0,20807.0,20807.0,1042742805.0,1042742805.0,KOSPI,-0.01
000050,8260.0,30825.0,30825.0,254614500.0,254614500.0,KOSPI,0.36
0092C0,50125.0,40.0,40.0,2005000.0,2005000.0,KOSPI,0.01
136490,9450.0,33319.0,33319.0,314864550.0,314864550.0,KOSPI,-0.63
388420,23980.0,582749.0,582749.0,13974321020.0,13974321020.0,KOSPI,-4.69
044450,9670.0,27082.0,27082.0,261882940.0,261882940.0,KOSPI,-3.2
134380,10130.0,1784.0,1784.0,18071920.0,18071920.0,KOSPI,0.0
0182S0,11830.0,505394.0,505394.0,5978811020.0,5978811020.0,KOSPI,-4.13
051905,105700.0,10695.0,10695.0,1130461500.0,1130461500.0,KOSPI,-1.86
000430,3560.0,53943.0,53943.0,192037080.0,192037080.0,KOSPI,-0.7
000680,2800.0,49439.0,49439.0,138429200.0,138429200.0,KOSPI,-1.75
0162Y0,6400.0,602976.0,602976.0,3859046400.0,3859046400.0,KOSPI,2.32
442320,34450.0,10490.0,10490.0,361380500.0,361380500.0,KOSPI,-0.1
498270,14625.0,40819.0,40819.0,596977875.0,596977875.0,KOSPI,1.25
0030R0,3630.0,19114.0,19114.0,69383820.0,69383820.0,KOSPI,0.28
003720,6380.0,285406.0,285406.0,1820890280.0,1820890280.0,KOSPI,1.59
000480,4615.0,23508.0,23508.0,108489420.0,108489420.0,KOSPI,-0.22
003070,8500.0,6579.0,6579.0,55921500.0,55921500.0,KOSPI,1.8
466930,25120.0,571427.0,571427.0,14354246240.0,14354246240.0,KOSPI,0.32
123320,93820.0,167154.0,167154.0,15682388280.0,15682388280.0,KOSPI,-12.97
363580,48950.0,292557.0,292557.0,14320665150.0,14320665150.0,KOSPI,-4.94
009680,9900.0,9276.0,11454.0,91832400.0,113394600.0,KOSPI,1.02
025000,48800.0,3290.0,3290.0,160552000.0,160552000.0,KOSPI,0.41
033920,7480.0,23638.0,23638.0,176812240.0,176812240.0,KOSPI,1.22
452360,13150.0,152498.0,152498.0,2005348700.0,2005348700.0,KOSPI,-0.08
003520,1157.0,281769.0,281769.0,326006733.0,326006733.0,KOSPI,-0.34
414780,13550.0,281819.0,281819.0,3818647450.0,3818647450.0,KOSPI,-5.67
490090,16055.0,81133.0,81133.0,1302590315.0,1302590315.0,KOSPI,2.26
0089D0,13095.0,103218.0,103218.0,1351639710.0,1351639710.0,KOSPI,-0.95
0151S0,14905.0,359803.0,359803.0,5362863715.0,5362863715.0,KOSPI,-2.39
030210,3450.0,77878.0,77878.0,268679100.0,268679100.0,KOSPI,0.73
0047A0,13060.0,49929.0,49929.0,652072740.0,652072740.0,KOSPI,-1.06
001340,4610.0,126464.0,126464.0,582999040.0,582999040.0,KOSPI,1.43
034120,11170.0,6125.0,11781.0,68416250.0,131593770.0,KOSPI,1.55
001460,32700.0,7698.0,9728.0,251724600.0,318105600.0,KOSPI,1.87
520094,102025.0,22.0,22.0,2244550.0,2244550.0,KOSPI,0.01
000320,15340.0,3439.0,6034.0,52754260.0,92561560.0,KOSPI,-2.17
001250,2470.0,850091.0,850091.0,2099724770.0,2099724770.0,KOSPI,-1.79
0204D0,6405.0,1453187.0,1453187.0,9307662735.0,9307662735.0,KOSPI,1.1
530145,11980.0,61540.0,61540.0,737249200.0,737249200.0,KOSPI,-0.37
226320,9260.0,18918.0,25807.0,175180680.0,238972820.0,KOSPI,0.33
000540,3160.0,14560.0,14560.0,46009600.0,46009600.0,KOSPI,0.32
037270,3165.0,184123.0,184123.0,582749295.0,582749295.0,KOSPI,-0.16
0104N0,19295.0,86775.0,86775.0,1674323625.0,1674323625.0,KOSPI,-5.69
463050,11800.0,277080.0,277080.0,3269544000.0,3269544000.0,KOSPI,2.7
244580,7740.0,513335.0,513335.0,3973212900.0,3973212900.0,KOSPI,4.59
302450,64905.0,3921.0,3921.0,254492505.0,254492505.0,KOSPI,-5.12
266160,30985.0,55050.0,55050.0,1705724250.0,1705724250.0,KOSPI,-5.68
0119H0,9905.0,18461.0,18461.0,182856205.0,182856205.0,KOSPI,0.25
432320,1304.0,535570.0,535570.0,698383280.0,698383280.0,KOSPI,-2.03
000650,137500.0,8120.0,8120.0,1116500000.0,1116500000.0,KOSPI,1.85
035150,9930.0,13510.0,16939.0,134154300.0,168204270.0,KOSPI,0.0
495060,26705.0,79059.0,79059.0,2111270595.0,2111270595.0,KOSPI,-5.85
463290,108980.0,823.0,823.0,89690540.0,89690540.0,KOSPI,0.02
475560,13140.0,8327.0,13683.0,109416780.0,179794620.0,KOSPI,0.31
003555,64400.0,4323.0,4323.0,278401200.0,278401200.0,KOSPI,-0.77
394670,10940.0,62108.0,62108.0,679461520.0,679461520.0,KOSPI,-0.05
0005A0,9715.0,222034.0,222034.0,2157060310.0,2157060310.0,KOSPI,0.88
053210,4050.0,14684.0,14684.0,59470200.0,59470200.0,KOSPI,0.5
001630,38400.0,3575.0,4609.0,137280000.0,176985600.0,KOSPI,0.66
491610,104605.0,1908.0,1908.0,199586340.0,199586340.0,KOSPI,0.01
005010,3410.0,275259.0,275259.0,938633190.0,938633190.0,KOSPI,-2.57
044820,19950.0,20074.0,20074.0,400476300.0,400476300.0,KOSPI,0.1
039570,7380.0,5452.0,5452.0,40235760.0,40235760.0,KOSPI,0.14
241590,3160.0,36699.0,36699.0,115968840.0,115968840.0,KOSPI,3.61
017860,10750.0,72410.0,72410.0,778407500.0,778407500.0,KOSPI,-2.54
001130,11270.0,9910.0,15586.0,111685700.0,175654220.0,KOSPI,0.18
013890,8670.0,7123.0,8448.0,61756410.0,73244160.0,KOSPI,-0.12
433500,46360.0,98627.0,98627.0,4572347720.0,4572347720.0,KOSPI,2.0
0091C0,9610.0,58608.0,58608.0,563222880.0,563222880.0,KOSPI,-0.31
0115D0,7625.0,2003759.0,2003759.0,15278662375.0,15278662375.0,KOSPI,-2.68
332930,130055.0,2503.0,2503.0,325527665.0,325527665.0,KOSPI,-7.1
095570,4165.0,327985.0,327985.0,1366057525.0,1366057525.0,KOSPI,-2.69
000140,8080.0,4553.0,4553.0,36788240.0,36788240.0,KOSPI,0.37
000490,6480.0,76628.0,76628.0,496549440.0,496549440.0,KOSPI,1.89
088260,2945.0,70771.0,70771.0,208420595.0,208420595.0,KOSPI,-0.34
429000,13850.0,128924.0,128924.0,1785597400.0,1785597400.0,KOSPI,-0.36
016580,9960.0,81292.0,81292.0,809668320.0,809668320.0,KOSPI,-0.9
433980,15960.0,69593.0,69593.0,1110704280.0,1110704280.0,KOSPI,0.57
100250,2895.0,56678.0,56678.0,164082810.0,164082810.0,KOSPI,-0.17
004980,7540.0,82939.0,136378.0,625360060.0,1028290120.0,KOSPI,0.0
03473K,324500.0,1038.0,1038.0,336831000.0,336831000.0,KOSPI,-6.75
0069M0,13495.0,210261.0,210261.0,2837472195.0,2837472195.0,KOSPI,0.37
102460,9870.0,23931.0,23931.0,236198970.0,236198970.0,KOSPI,-0.4
339770,3665.0,79585.0,79585.0,291679025.0,291679025.0,KOSPI,-0.68
495550,30690.0,11961.0,11961.0,367083090.0,367083090.0,KOSPI,-4.3
117580,6620.0,70497.0,70497.0,466690140.0,466690140.0,KOSPI,-1.93
014710,10570.0,29909.0,29909.0,316138130.0,316138130.0,KOSPI,5.17
003350,8030.0,90245.0,90245.0,724667350.0,724667350.0,KOSPI,2.16
480040,15530.0,162763.0,162763.0,2527709390.0,2527709390.0,KOSPI,-1.96
0082V0,11310.0,93204.0,93204.0,1054137240.0,1054137240.0,KOSPI,0.31
377190,2050.0,249527.0,249527.0,511530350.0,511530350.0,KOSPI,3.69
003547,18860.0,12155.0,12155.0,229243300.0,229243300.0,KOSPI,-0.16
011500,11500.0,53227.0,53227.0,612110500.0,612110500.0,KOSPI,1.77
200250,22720.0,21544.0,21544.0,489479680.0,489479680.0,KOSPI,1.11
128820,3960.0,157575.0,157575.0,623997000.0,623997000.0,KOSPI,-1.37
033530,6420.0,90241.0,90241.0,579347220.0,579347220.0,KOSPI,3.72
092200,4580.0,528060.0,528060.0,2418514800.0,2418514800.0,KOSPI,7.51
458210,110325.0,289.0,289.0,31883925.0,31883925.0,KOSPI,0.0
002100,9110.0,25045.0,25045.0,228159950.0,228159950.0,KOSPI,0.11
234080,11170.0,24566.0,24566.0,274402220.0,274402220.0,KOSPI,0.27
500029,17685.0,6905.0,6905.0,122114925.0,122114925.0,KOSPI,-0.59
102260,3490.0,92293.0,92293.0,322102570.0,322102570.0,KOSPI,-1.97
007860,7510.0,28784.0,28784.0,216167840.0,216167840.0,KOSPI,0.4
472870,7250.0,326940.0,326940.0,2370315000.0,2370315000.0,KOSPI,1.75
267770,72955.0,98761.0,98761.0,7205108755.0,7205108755.0,KOSPI,-12.19
473460,22235.0,32275.0,32275.0,717634625.0,717634625.0,KOSPI,0.27
422420,5485.0,145016.0,145016.0,795412760.0,795412760.0,KOSPI,-1.44
035510,12450.0,26470.0,26470.0,329551500.0,329551500.0,KOSPI,0.4
016450,4335.0,5162.0,5162.0,22377270.0,22377270.0,KOSPI,0.46
004310,5410.0,2355764.0,2355764.0,12744683240.0,12744683240.0,KOSPI,0.93
053690,15750.0,81016.0,81016.0,1276002000.0,1276002000.0,KOSPI,-0.88
213500,7220.0,129367.0,129367.0,934029740.0,934029740.0,KOSPI,-1.1
483290,10535.0,251263.0,251263.0,2647055705.0,2647055705.0,KOSPI,-0.14
003460,3025.0,49817.0,49817.0,150696425.0,150696425.0,KOSPI,-0.66
122090,75015.0,47153.0,47153.0,3537182295.0,3537182295.0,KOSPI,-6.97
006805,12140.0,17604.0,17604.0,213712560.0,213712560.0,KOSPI,-1.3
025560,6710.0,441875.0,441875.0,2964981250.0,2964981250.0,KOSPI,1.36
160580,16545.0,36857.0,36857.0,609799065.0,609799065.0,KOSPI,1.07
003610,5290.0,91627.0,91627.0,484706830.0,484706830.0,KOSPI,1.15
0040X0,8740.0,292732.0,292732.0,2558477680.0,2558477680.0,KOSPI,-0.57
004380,8110.0,43829.0,43829.0,355453190.0,355453190.0,KOSPI,2.92
003220,7480.0,27812.0,41694.0,208033760.0,311871120.0,KOSPI,1.22
002210,1729.0,372683.0,372683.0,644368907.0,644368907.0,KOSPI,-6.34
002150,4950.0,69933.0,69933.0,346168350.0,346168350.0,KOSPI,1.23
117700,5735.0,1683973.0,1683973.0,9657585155.0,9657585155.0,KOSPI,2.87
0197X0,9515.0,19406201.0,19406201.0,184650002515.0,184650002515.0,KOSPI,23.65
097955,124400.0,3036.0,3036.0,377678400.0,377678400.0,KOSPI,-0.48
004560,10940.0,35039.0,35039.0,383326660.0,383326660.0,KOSPI,0.0
000700,6300.0,63307.0,63307.0,398834100.0,398834100.0,KOSPI,3.62
0099L0,99420.0,23187.0,23187.0,2305251540.0,2305251540.0,KOSPI,0.08
462520,13760.0,15414.0,15414.0,212096640.0,212096640.0,KOSPI,-1.29
013580,18240.0,37562.0,37562.0,685130880.0,685130880.0,KOSPI,-0.6
0192Z0,100790.0,145.0,145.0,14614550.0,14614550.0,KOSPI,-0.03
010580,1462.0,20414.0,20414.0,29845268.0,29845268.0,KOSPI,0.0
337160,43935.0,16439.0,16439.0,722247465.0,722247465.0,KOSPI,-5.82
0051G0,13105.0,19065.0,19065.0,249846825.0,249846825.0,KOSPI,-1.32
400760,2955.0,67696.0,67696.0,200041680.0,200041680.0,KOSPI,-0.34
002170,54100.0,1734.0,1734.0,93809400.0,93809400.0,KOSPI,-2.52
237370,15565.0,55653.0,55653.0,866238945.0,866238945.0,KOSPI,-0.19
101530,5550.0,34299.0,34299.0,190359450.0,190359450.0,KOSPI,-1.07
500099,16150.0,722.0,722.0,11660300.0,11660300.0,KOSPI,-3.12
480020,11135.0,197711.0,197711.0,2201511985.0,2201511985.0,KOSPI,2.67
001080,3880.0,7141.0,7141.0,27707080.0,27707080.0,KOSPI,-0.51
007570,8430.0,16663.0,16663.0,140469090.0,140469090.0,KOSPI,0.6
332500,66565.0,106441.0,106441.0,7085245165.0,7085245165.0,KOSPI,-9.0
487570,42800.0,16835.0,16835.0,720538000.0,720538000.0,KOSPI,-3.39
530136,15935.0,34042.0,34042.0,542459270.0,542459270.0,KOSPI,0.6
476450,52630.0,272.0,272.0,14315360.0,14315360.0,KOSPI,0.01
000390,5830.0,119689.0,119689.0,697786870.0,697786870.0,KOSPI,-0.34
480030,10425.0,98563.0,98563.0,1027519275.0,1027519275.0,KOSPI,0.92
272560,114640.0,4333.0,4333.0,496735120.0,496735120.0,KOSPI,0.01
530104,157545.0,4660.0,4660.0,734159700.0,734159700.0,KOSPI,-8.8
0094M0,17120.0,410271.0,410271.0,7023839520.0,7023839520.0,KOSPI,-5.1
490600,9345.0,289674.0,289674.0,2707003530.0,2707003530.0,KOSPI,-0.43
000860,12100.0,13406.0,13406.0,162212600.0,162212600.0,KOSPI,-0.82
500069,155625.0,100.0,100.0,15562500.0,15562500.0,KOSPI,-9.64
0190G0,7685.0,441241.0,441241.0,3390937085.0,3390937085.0,KOSPI,-4.71
0093A0,27715.0,249276.0,249276.0,6908684340.0,6908684340.0,KOSPI,-5.34
001045,68400.0,4592.0,4592.0,314092800.0,314092800.0,KOSPI,0.88
403790,52775.0,336.0,336.0,17732400.0,17732400.0,KOSPI,-8.44
464240,52300.0,3.0,3.0,156900.0,156900.0,KOSPI,0.05
293480,8670.0,88362.0,88362.0,766098540.0,766098540.0,KOSPI,0.12
0048K0,9020.0,182331.0,182331.0,1644625620.0,1644625620.0,KOSPI,1.46
570051,30730.0,132.0,132.0,4056360.0,4056360.0,KOSPI,0.21
001780,1578.0,183639.0,183639.0,289782342.0,289782342.0,KOSPI,-1.07
494220,41040.0,198450.0,198450.0,8144388000.0,8144388000.0,KOSPI,-3.24
015230,5580.0,17564.0,17564.0,98007120.0,98007120.0,KOSPI,-1.93
016880,1892.0,209511.0,209511.0,396394812.0,396394812.0,KOSPI,-3.81
219480,32500.0,6937.0,6937.0,225452500.0,225452500.0,KOSPI,0.74
460850,5050.0,32137.0,32137.0,162291850.0,162291850.0,KOSPI,-1.17
494330,30175.0,28011.0,28011.0,845231925.0,845231925.0,KOSPI,-4.33
0104H0,11950.0,69357.0,69357.0,828816150.0,828816150.0,KOSPI,0.04
451530,35425.0,15726.0,15726.0,557093550.0,557093550.0,KOSPI,-1.25
090350,7510.0,42046.0,42046.0,315765460.0,315765460.0,KOSPI,-1.05
003830,113000.0,119.0,119.0,13447000.0,13447000.0,KOSPI,1.25
0127M0,12440.0,178440.0,178440.0,2219793600.0,2219793600.0,KOSPI,-0.16
0005G0,43305.0,37438.0,37438.0,1621252590.0,1621252590.0,KOSPI,-6.17
000970,6540.0,6312.0,6312.0,41280480.0,41280480.0,KOSPI,0.0
004970,9290.0,3814.0,3814.0,35432060.0,35432060.0,KOSPI,0.11
245340,36720.0,48566.0,48566.0,1783343520.0,1783343520.0,KOSPI,0.58
011785,48800.0,1841.0,1841.0,89840800.0,89840800.0,KOSPI,0.1
071840,6230.0,16425.0,16425.0,102327750.0,102327750.0,KOSPI,1.3
00279K,20700.0,569.0,569.0,11778300.0,11778300.0,KOSPI,0.98
0064K0,12145.0,57405.0,57405.0,697183725.0,697183725.0,KOSPI,-0.37
0153K0,11850.0,188709.0,188709.0,2236201650.0,2236201650.0,KOSPI,-1.13
233160,6175.0,3308129.0,3308129.0,20427696575.0,20427696575.0,KOSPI,7.39
0151P0,13320.0,463460.0,463460.0,6173287200.0,6173287200.0,KOSPI,-6.0
530107,2395.0,22258704.0,22258704.0,53309596080.0,53309596080.0,KOSPI,-4.96
009470,21650.0,46260.0,46260.0,1001529000.0,1001529000.0,KOSPI,-0.46
271980,9690.0,14937.0,14937.0,144739530.0,144739530.0,KOSPI,2.76
271050,2175.0,1208413.0,1208413.0,2628298275.0,2628298275.0,KOSPI,2.84
005960,6150.0,47628.0,47628.0,292912200.0,292912200.0,KOSPI,-0.32
143860,35245.0,24467.0,24467.0,862339415.0,862339415.0,KOSPI,1.28
491820,37395.0,93320.0,93320.0,3489701400.0,3489701400.0,KOSPI,1.62
000520,6460.0,101295.0,101295.0,654365700.0,654365700.0,KOSPI,4.19
094280,12000.0,5468.0,5468.0,65616000.0,65616000.0,KOSPI,0.42
0180V0,7225.0,142322.0,142322.0,1028276450.0,1028276450.0,KOSPI,-1.23
461950,4160.0,777716.0,777716.0,3235298560.0,3235298560.0,KOSPI,-1.77
003480,4665.0,15035.0,15035.0,70138275.0,70138275.0,KOSPI,0.11
304660,7240.0,44445.0,44445.0,321781800.0,321781800.0,KOSPI,-0.34
0041E0,16290.0,61426.0,61426.0,1000629540.0,1000629540.0,KOSPI,0.77
006060,2465.0,30792.0,30792.0,75902280.0,75902280.0,KOSPI,1.23
486830,53140.0,3282.0,3282.0,174405480.0,174405480.0,KOSPI,0.01
570050,27160.0,8.0,8.0,217280.0,217280.0,KOSPI,0.84
192090,12645.0,48901.0,48901.0,618353145.0,618353145.0,KOSPI,-1.98
251340,2770.0,62696073.0,62696073.0,173668122210.0,173668122210.0,KOSPI,-3.82
152870,100080.0,5802.0,5802.0,580664160.0,580664160.0,KOSPI,-4.54
015890,4600.0,18255.0,18255.0,83973000.0,83973000.0,KOSPI,0.0
182480,14130.0,23755.0,23755.0,335658150.0,335658150.0,KOSPI,-1.19
272550,8860.0,12102.0,12102.0,107223720.0,107223720.0,KOSPI,-0.45
138520,32940.0,79910.0,79910.0,2632235400.0,2632235400.0,KOSPI,-4.52
000020,4760.0,145175.0,145175.0,691033000.0,691033000.0,KOSPI,1.71
354500,12595.0,216355.0,216355.0,2724991225.0,2724991225.0,KOSPI,3.07
004080,14050.0,776.0,776.0,10902800.0,10902800.0,KOSPI,0.21
372330,7545.0,90530.0,90530.0,683048850.0,683048850.0,KOSPI,0.8
0181B0,9800.0,287685.0,287685.0,2819313000.0,2819313000.0,KOSPI,-5.68
025820,3880.0,205562.0,205562.0,797580560.0,797580560.0,KOSPI,-0.64
481180,15085.0,88508.0,88508.0,1335143180.0,1335143180.0,KOSPI,1.69
520066,21620.0,7737.0,7737.0,167273940.0,167273940.0,KOSPI,-0.69
004090,10200.0,127822.0,127822.0,1303784400.0,1303784400.0,KOSPI,-2.39
013520,2585.0,83003.0,83003.0,214562755.0,214562755.0,KOSPI,0.0
476030,17095.0,52861.0,52861.0,903658795.0,903658795.0,KOSPI,0.41
004150,3145.0,75264.0,75264.0,236705280.0,236705280.0,KOSPI,0.64
495330,29840.0,8162.0,8162.0,243554080.0,243554080.0,KOSPI,-3.88
018470,1013.0,854821.0,854821.0,865933673.0,865933673.0,KOSPI,-4.61
008350,993.0,894952.0,894952.0,888687336.0,888687336.0,KOSPI,0.81
020120,3450.0,63482.0,63482.0,219012900.0,219012900.0,KOSPI,-1.29
500037,63675.0,268.0,268.0,17064900.0,17064900.0,KOSPI,-1.19
411420,26445.0,22749.0,22749.0,601597305.0,601597305.0,KOSPI,1.01
0131W0,101890.0,652.0,652.0,66432280.0,66432280.0,KOSPI,0.01
0123G0,6530.0,44845.0,44845.0,292837850.0,292837850.0,KOSPI,-1.8
024090,10970.0,2544.0,2544.0,27907680.0,27907680.0,KOSPI,0.46
002390,9050.0,9400.0,9400.0,85070000.0,85070000.0,KOSPI,1.0
007540,43300.0,1048.0,1048.0,45378400.0,45378400.0,KOSPI,-0.23
0176E0,10155.0,7369.0,7369.0,74832195.0,74832195.0,KOSPI,-0.49
760007,30930.0,769.0,769.0,23785170.0,23785170.0,KOSPI,-3.39
107590,53000.0,152.0,152.0,8056000.0,8056000.0,KOSPI,0.19
0000Y0,101600.0,9.0,9.0,914400.0,914400.0,KOSPI,0.01
114820,105070.0,17556.0,17556.0,1844608920.0,1844608920.0,KOSPI,0.02
037560,1584.0,136961.0,136961.0,216946224.0,216946224.0,KOSPI,0.32
214390,5120.0,27031.0,27031.0,138398720.0,138398720.0,KOSPI,0.59
448100,101975.0,18214.0,18214.0,1857372650.0,1857372650.0,KOSPI,-4.95
005800,13570.0,3567.0,3567.0,48404190.0,48404190.0,KOSPI,-0.07
412570,875.0,5901101.0,5901101.0,5163463375.0,5163463375.0,KOSPI,-7.51
350520,3285.0,16900.0,16900.0,55516500.0,55516500.0,KOSPI,0.61
520098,20115.0,44324.0,44324.0,891577260.0,891577260.0,KOSPI,-12.1
214420,5010.0,48301.0,48301.0,241988010.0,241988010.0,KOSPI,-0.79
464930,21415.0,24080.0,24080.0,515673200.0,515673200.0,KOSPI,1.59
464310,14290.0,46454.0,46454.0,663827660.0,663827660.0,KOSPI,-0.03
399110,21265.0,14265.0,14265.0,303345225.0,303345225.0,KOSPI,1.99
089470,3730.0,71067.0,71067.0,265079910.0,265079910.0,KOSPI,0.4
570106,47450.0,1.0,1.0,47450.0,47450.0,KOSPI,-1.99
081000,8350.0,19935.0,19935.0,166457250.0,166457250.0,KOSPI,1.83
012610,2840.0,146175.0,146175.0,415137000.0,415137000.0,KOSPI,0.18
014280,4010.0,25677.0,25677.0,102964770.0,102964770.0,KOSPI,2.04
267290,19900.0,6102.0,6102.0,121429800.0,121429800.0,KOSPI,-3.63
210540,10620.0,29133.0,29133.0,309392460.0,309392460.0,KOSPI,-1.67
001360,1245.0,242480.0,242480.0,301887600.0,301887600.0,KOSPI,0.48
447620,16025.0,45867.0,45867.0,735018675.0,735018675.0,KOSPI,2.01
463680,21930.0,40156.0,40156.0,880621080.0,880621080.0,KOSPI,-0.75
011280,1640.0,22647.0,22647.0,37141080.0,37141080.0,KOSPI,2.76
009270,1010.0,277745.0,277745.0,280522450.0,280522450.0,KOSPI,0.2
309230,31140.0,4859.0,4859.0,151309260.0,151309260.0,KOSPI,0.32
009070,3860.0,93687.0,93687.0,361631820.0,361631820.0,KOSPI,2.39
325010,38575.0,9214.0,9214.0,355430050.0,355430050.0,KOSPI,-5.91
0199C0,8885.0,640841.0,640841.0,5693872285.0,5693872285.0,KOSPI,-1.66
0168K0,5735.0,1392906.0,1392906.0,7988315910.0,7988315910.0,KOSPI,4.75
0074K0,14955.0,54502.0,54502.0,815077410.0,815077410.0,KOSPI,-3.24
078000,12440.0,702.0,702.0,8732880.0,8732880.0,KOSPI,1.14
488500,12910.0,230705.0,230705.0,2978401550.0,2978401550.0,KOSPI,-0.84
011690,3130.0,202149.0,202149.0,632726370.0,632726370.0,KOSPI,3.47
550089,114695.0,466.0,466.0,53447870.0,53447870.0,KOSPI,-11.14
034590,26150.0,562.0,562.0,14696300.0,14696300.0,KOSPI,-0.38
0135Y0,100320.0,10.0,10.0,1003200.0,1003200.0,KOSPI,-0.01
0005D0,11810.0,446214.0,446214.0,5269787340.0,5269787340.0,KOSPI,-1.01
139220,6630.0,417200.0,417200.0,2766036000.0,2766036000.0,KOSPI,-0.23
002460,11200.0,24335.0,24335.0,272552000.0,272552000.0,KOSPI,2.94
0122W0,50865.0,3209.0,3209.0,163225785.0,163225785.0,KOSPI,-0.03
0036R0,19395.0,16083.0,16083.0,311929785.0,311929785.0,KOSPI,0.23
004960,9760.0,22612.0,22612.0,220693120.0,220693120.0,KOSPI,1.35
491230,52375.0,1640.0,1640.0,85895000.0,85895000.0,KOSPI,0.03
0174B0,13550.0,118291.0,118291.0,1602843050.0,1602843050.0,KOSPI,-4.0
079430,5590.0,23661.0,23661.0,132264990.0,132264990.0,KOSPI,1.82
261270,7810.0,38674.0,38674.0,302043940.0,302043940.0,KOSPI,-0.06
227840,12310.0,4157.0,4157.0,51172670.0,51172670.0,KOSPI,0.41
001520,1042.0,217298.0,217298.0,226424516.0,226424516.0,KOSPI,-0.1
0080Y0,8640.0,344978.0,344978.0,2980609920.0,2980609920.0,KOSPI,-5.78
008970,1073.0,325962.0,325962.0,349757226.0,349757226.0,KOSPI,-0.37
002620,6970.0,4734.0,4734.0,32995980.0,32995980.0,KOSPI,-3.33
016710,6890.0,33155.0,33155.0,228437950.0,228437950.0,KOSPI,0.73
083420,4595.0,16685.0,16685.0,76667575.0,76667575.0,KOSPI,1.88
002780,757.0,1146413.0,1146413.0,867834641.0,867834641.0,KOSPI,-3.2
457990,30560.0,167548.0,167548.0,5120266880.0,5120266880.0,KOSPI,0.18
304940,31395.0,4663.0,4663.0,146394885.0,146394885.0,KOSPI,0.13
013570,4145.0,33040.0,33040.0,136950800.0,136950800.0,KOSPI,-0.72
168580,34800.0,1766.0,1766.0,61456800.0,61456800.0,KOSPI,-2.11
328370,35000.0,7083.0,7083.0,247905000.0,247905000.0,KOSPI,-5.61
0052T0,50595.0,70.0,70.0,3541650.0,3541650.0,KOSPI,0.03
010100,3540.0,65034.0,65034.0,230220360.0,230220360.0,KOSPI,0.85
367770,20710.0,88365.0,88365.0,1830039150.0,1830039150.0,KOSPI,0.95
014530,3080.0,94453.0,94453.0,290915240.0,290915240.0,KOSPI,-0.81
077500,4960.0,61305.0,61305.0,304072800.0,304072800.0,KOSPI,1.64
438570,98420.0,1502.0,1502.0,147826840.0,147826840.0,KOSPI,0.01
319640,24000.0,17725.0,17725.0,425400000.0,425400000.0,KOSPI,-0.54
0085P0,10160.0,180957.0,180957.0,1838523120.0,1838523120.0,KOSPI,0.0
332940,44390.0,9701.0,9701.0,430627390.0,430627390.0,KOSPI,-6.11
014580,3860.0,36896.0,36896.0,142418560.0,142418560.0,KOSPI,-1.03
0193M0,50300.0,1.0,1.0,50300.0,50300.0,KOSPI,0.14
394660,16010.0,5885.0,5885.0,94218850.0,94218850.0,KOSPI,0.44
0132K0,8065.0,98364.0,98364.0,793305660.0,793305660.0,KOSPI,0.06
550092,105565.0,1.0,1.0,105565.0,105565.0,KOSPI,-3.59
0091M0,10135.0,46415.0,46415.0,470416025.0,470416025.0,KOSPI,0.1
120030,83800.0,460.0,460.0,38548000.0,38548000.0,KOSPI,1.21
012320,44500.0,2755.0,2755.0,122597500.0,122597500.0,KOSPI,1.71
035000,6490.0,49036.0,49036.0,318243640.0,318243640.0,KOSPI,0.78
471760,11620.0,1071688.0,1071688.0,12453014560.0,12453014560.0,KOSPI,-0.85
500050,52565.0,1928.0,1928.0,101345320.0,101345320.0,KOSPI,2.19
0184L0,100465.0,8.0,8.0,803720.0,803720.0,KOSPI,-0.01
0092B0,13000.0,71019.0,71019.0,923247000.0,923247000.0,KOSPI,1.17
248170,22750.0,6541.0,6541.0,148807750.0,148807750.0,KOSPI,1.56
377990,20215.0,128951.0,128951.0,2606744465.0,2606744465.0,KOSPI,0.82
475280,10705.0,9.0,9.0,96345.0,96345.0,KOSPI,-0.05
481430,98390.0,318.0,318.0,31288020.0,31288020.0,KOSPI,-0.09
070960,2130.0,14110.0,14110.0,30054300.0,30054300.0,KOSPI,0.47
465610,42700.0,6992.0,6992.0,298558400.0,298558400.0,KOSPI,4.36
0221V0,100155.0,300.0,300.0,30046500.0,30046500.0,KOSPI,0.0
610037,7275.0,83.0,83.0,603825.0,603825.0,KOSPI,-0.61
019180,5640.0,72238.0,72238.0,407422320.0,407422320.0,KOSPI,0.18
0177X0,9450.0,1313526.0,1313526.0,12412820700.0,12412820700.0,KOSPI,8.81
469170,5115.0,709777.0,709777.0,3630509355.0,3630509355.0,KOSPI,-1.92
021820,10080.0,19448.0,19448.0,196035840.0,196035840.0,KOSPI,2.34
264900,8040.0,1862.0,1862.0,14970480.0,14970480.0,KOSPI,0.37
008040,713.0,123218.0,123218.0,87854434.0,87854434.0,KOSPI,-1.66
017550,1610.0,247852.0,247852.0,399041720.0,399041720.0,KOSPI,2.29
267850,9050.0,5714.0,5714.0,51711700.0,51711700.0,KOSPI,-0.88
023450,28650.0,387.0,387.0,11087550.0,11087550.0,KOSPI,1.24
002450,1107.0,230118.0,230118.0,254740626.0,254740626.0,KOSPI,0.27
009580,1604.0,32267.0,32267.0,51756268.0,51756268.0,KOSPI,-0.12
488720,48670.0,26006.0,26006.0,1265712020.0,1265712020.0,KOSPI,-0.09
012200,3660.0,346654.0,346654.0,1268753640.0,1268753640.0,KOSPI,2.95
114100,106570.0,9946.0,9946.0,1059945220.0,1059945220.0,KOSPI,0.0
004250,2690.0,62347.0,62347.0,167713430.0,167713430.0,KOSPI,-1.82
078935,55400.0,2037.0,2037.0,112849800.0,112849800.0,KOSPI,-2.81
326240,38325.0,6388.0,6388.0,244820100.0,244820100.0,KOSPI,-5.45
496090,30165.0,640.0,640.0,19305600.0,19305600.0,KOSPI,-3.24
092220,2440.0,313879.0,313879.0,765864760.0,765864760.0,KOSPI,0.41
308620,11940.0,46672.0,46672.0,557263680.0,557263680.0,KOSPI,-0.04
461500,105225.0,3.0,3.0,315675.0,315675.0,KOSPI,-0.08
0138Y0,9610.0,48681.0,48681.0,467824410.0,467824410.0,KOSPI,-0.16
468380,11285.0,81648.0,81648.0,921397680.0,921397680.0,KOSPI,0.18
195980,14755.0,41643.0,41643.0,614442465.0,614442465.0,KOSPI,-1.5
530055,96170.0,1378.0,1378.0,132522260.0,132522260.0,KOSPI,-1.29
449770,21370.0,13639.0,13639.0,291465430.0,291465430.0,KOSPI,1.04
475050,6770.0,824361.0,824361.0,5580923970.0,5580923970.0,KOSPI,2.58
008700,1238.0,614876.0,614876.0,761216488.0,761216488.0,KOSPI,1.73
203780,33740.0,20797.0,20797.0,701690780.0,701690780.0,KOSPI,-2.84
012800,1042.0,540916.0,540916.0,563634472.0,563634472.0,KOSPI,-0.76
204480,25525.0,6287.0,6287.0,160475675.0,160475675.0,KOSPI,-4.42
760011,6125.0,4308.0,4308.0,26386500.0,26386500.0,KOSPI,-5.33
0035T0,19505.0,31656.0,31656.0,617450280.0,617450280.0,KOSPI,1.27
473440,10825.0,999.0,999.0,10814175.0,10814175.0,KOSPI,0.0
266370,58595.0,114536.0,114536.0,6711236920.0,6711236920.0,KOSPI,-6.54
123690,5830.0,41628.0,41628.0,242691240.0,242691240.0,KOSPI,0.0
433970,14060.0,40133.0,40133.0,564269980.0,564269980.0,KOSPI,0.25
455860,3910.0,1118461.0,1118461.0,4373182510.0,4373182510.0,KOSPI,-2.49
0000J0,24170.0,61842.0,61842.0,1494721140.0,1494721140.0,KOSPI,-1.29
016740,3245.0,72660.0,72660.0,235781700.0,235781700.0,KOSPI,2.37
0137V0,11600.0,57888.0,57888.0,671500800.0,671500800.0,KOSPI,-0.85
476850,19955.0,103955.0,103955.0,2074422025.0,2074422025.0,KOSPI,-6.49
067830,2260.0,18848.0,18848.0,42596480.0,42596480.0,KOSPI,0.89
325020,27890.0,9054.0,9054.0,252516060.0,252516060.0,KOSPI,-3.31
007210,1407.0,130407.0,130407.0,183482649.0,183482649.0,KOSPI,-1.61
058850,2210.0,54620.0,54620.0,120710200.0,120710200.0,KOSPI,0.45
143850,76085.0,1865.0,1865.0,141898525.0,141898525.0,KOSPI,0.73
006840,6880.0,11548.0,11548.0,79450240.0,79450240.0,KOSPI,2.99
002220,3405.0,782731.0,782731.0,2665199055.0,2665199055.0,KOSPI,18.23
008260,3175.0,55160.0,55160.0,175133000.0,175133000.0,KOSPI,2.25
485690,21320.0,16177.0,16177.0,344893640.0,344893640.0,KOSPI,1.69
001275,30000.0,1383.0,1383.0,41490000.0,41490000.0,KOSPI,-0.99
014440,4500.0,12885.0,12885.0,57982500.0,57982500.0,KOSPI,0.22
006660,11010.0,682783.0,682783.0,7517440830.0,7517440830.0,KOSPI,2.04
329670,22345.0,17522.0,17522.0,391529090.0,391529090.0,KOSPI,1.2
0007N0,99250.0,17647.0,17647.0,1751464750.0,1751464750.0,KOSPI,-5.4
036580,2430.0,23129.0,23129.0,56203470.0,56203470.0,KOSPI,-0.21
014790,2350.0,23387.0,23387.0,54959450.0,54959450.0,KOSPI,1.73
570019,5930.0,916.0,916.0,5431880.0,5431880.0,KOSPI,-6.47
269540,29610.0,15436.0,15436.0,457059960.0,457059960.0,KOSPI,0.41
500096,17655.0,9.0,9.0,158895.0,158895.0,KOSPI,-0.93
032560,5190.0,15544.0,15544.0,80673360.0,80673360.0,KOSPI,0.78
479620,25200.0,20192.0,20192.0,508838400.0,508838400.0,KOSPI,-3.96
211900,27125.0,5532.0,5532.0,150055500.0,150055500.0,KOSPI,-1.2
460960,11335.0,14216.0,14216.0,161138360.0,161138360.0,KOSPI,0.0
023000,2210.0,35139.0,35139.0,77657190.0,77657190.0,KOSPI,3.03
530061,29130.0,5781.0,5781.0,168400530.0,168400530.0,KOSPI,-1.25
058860,2505.0,29456.0,29456.0,73787280.0,73787280.0,KOSPI,0.2
444490,20465.0,11053.0,11053.0,226199645.0,226199645.0,KOSPI,0.99
37550L,40700.0,9471.0,9471.0,385469700.0,385469700.0,KOSPI,2.13
013700,1419.0,139927.0,139927.0,198556413.0,198556413.0,KOSPI,-2.81
329660,18035.0,15095.0,15095.0,272238325.0,272238325.0,KOSPI,0.81
004140,1760.0,113287.0,113287.0,199385120.0,199385120.0,KOSPI,-0.62
359210,32460.0,122099.0,122099.0,3963333540.0,3963333540.0,KOSPI,-5.91
453080,22195.0,9588.0,9588.0,212805660.0,212805660.0,KOSPI,0.07
210980,4515.0,66451.0,66451.0,300026265.0,300026265.0,KOSPI,5.49
015590,1571.0,44512.0,44512.0,69928352.0,69928352.0,KOSPI,-3.08
0209D0,6660.0,431598.0,431598.0,2874442680.0,2874442680.0,KOSPI,-0.75
004100,2275.0,250782.0,250782.0,570529050.0,570529050.0,KOSPI,0.0
298770,75880.0,5809.0,5809.0,440786920.0,440786920.0,KOSPI,-0.58
461460,51460.0,742.0,742.0,38183320.0,38183320.0,KOSPI,0.04
139990,2150.0,13090.0,13090.0,28143500.0,28143500.0,KOSPI,0.94
0142D0,9685.0,74846.0,74846.0,724883510.0,724883510.0,KOSPI,-3.0
025620,4575.0,9834.0,9834.0,44990550.0,44990550.0,KOSPI,6.64
0017Y0,94105.0,59.0,59.0,5552195.0,5552195.0,KOSPI,-0.02
495040,29635.0,4564.0,4564.0,135254140.0,135254140.0,KOSPI,-4.74
004840,4280.0,18055.0,18055.0,77275400.0,77275400.0,KOSPI,-1.15
004890,34000.0,892.0,892.0,30328000.0,30328000.0,KOSPI,1.64
453330,17825.0,27472.0,27472.0,489688400.0,489688400.0,KOSPI,0.76
0057H0,11955.0,66478.0,66478.0,794744490.0,794744490.0,KOSPI,0.8
005740,5470.0,23038.0,23038.0,126017860.0,126017860.0,KOSPI,0.37
002600,134600.0,16.0,16.0,2153600.0,2153600.0,KOSPI,-1.03
486240,25115.0,1894.0,1894.0,47567810.0,47567810.0,KOSPI,-3.96
454320,37360.0,3213.0,3213.0,120037680.0,120037680.0,KOSPI,0.38
363280,1764.0,15970.0,15970.0,28171080.0,28171080.0,KOSPI,0.68
0066W0,12285.0,57775.0,57775.0,709765875.0,709765875.0,KOSPI,-0.49
023800,5020.0,42293.0,42293.0,212310860.0,212310860.0,KOSPI,-1.38
163560,5690.0,49403.0,49403.0,281103070.0,281103070.0,KOSPI,1.79
108450,35835.0,12754.0,12754.0,457039590.0,457039590.0,KOSPI,-3.85
006090,8330.0,3833.0,3833.0,31928890.0,31928890.0,KOSPI,0.36
0049M0,11370.0,33503.0,33503.0,380929110.0,380929110.0,KOSPI,-0.04
0162L0,12640.0,642991.0,642991.0,8127406240.0,8127406240.0,KOSPI,-6.85
157490,8210.0,138027.0,138027.0,1133201670.0,1133201670.0,KOSPI,-0.67
580039,156250.0,13380.0,13380.0,2090625000.0,2090625000.0,KOSPI,-8.96
570116,39000.0,2215.0,2215.0,86385000.0,86385000.0,KOSPI,-6.89
492500,51220.0,271.0,271.0,13880620.0,13880620.0,KOSPI,-0.03
458030,54910.0,146.0,146.0,8016860.0,8016860.0,KOSPI,0.02
084680,545.0,432870.0,432870.0,235914150.0,235914150.0,KOSPI,1.49
009180,2740.0,32276.0,32276.0,88436240.0,88436240.0,KOSPI,-0.36
007590,5640.0,5744.0,5744.0,32396160.0,32396160.0,KOSPI,0.18
002200,2280.0,25962.0,25962.0,59193360.0,59193360.0,KOSPI,0.44
438560,100415.0,19.0,19.0,1907885.0,1907885.0,KOSPI,0.06
007980,1623.0,179428.0,179428.0,291211644.0,291211644.0,KOSPI,-0.31
228810,3195.0,268733.0,268733.0,858601935.0,858601935.0,KOSPI,0.95
111380,12400.0,10821.0,10821.0,134180400.0,134180400.0,KOSPI,0.24
002700,1104.0,12134815.0,12134815.0,13396835760.0,13396835760.0,KOSPI,3.56
069730,5250.0,30254.0,30254.0,158833500.0,158833500.0,KOSPI,-3.49
570120,15105.0,15571.0,15571.0,235199955.0,235199955.0,KOSPI,-0.36
0113D0,12170.0,36396.0,36396.0,442939320.0,442939320.0,KOSPI,0.21
004720,3330.0,32174.0,32174.0,107139420.0,107139420.0,KOSPI,2.46
0098N0,12465.0,29714.0,29714.0,370385010.0,370385010.0,KOSPI,-0.99
130730,102805.0,4943.0,4943.0,508165115.0,508165115.0,KOSPI,0.02
014160,694.0,240456.0,240456.0,166876464.0,166876464.0,KOSPI,0.87
096775,59900.0,1331.0,1331.0,79726900.0,79726900.0,KOSPI,-1.48
490480,26610.0,39491.0,39491.0,1050855510.0,1050855510.0,KOSPI,-1.64
364960,6125.0,18231.0,18231.0,111664875.0,111664875.0,KOSPI,-1.92
272910,106050.0,41.0,41.0,4348050.0,4348050.0,KOSPI,0.05
412770,12130.0,11072.0,11072.0,134303360.0,134303360.0,KOSPI,-2.06
469060,35095.0,41123.0,41123.0,1443211685.0,1443211685.0,KOSPI,-2.34
000590,63800.0,1232.0,1232.0,78601600.0,78601600.0,KOSPI,0.16
019680,915.0,56599.0,56599.0,51788085.0,51788085.0,KOSPI,1.55
000105,62300.0,696.0,696.0,43360800.0,43360800.0,KOSPI,0.16
138530,10805.0,147988.0,147988.0,1599010340.0,1599010340.0,KOSPI,-1.73
210780,22170.0,15291.0,15291.0,339001470.0,339001470.0,KOSPI,-0.81
495750,29860.0,159.0,159.0,4747740.0,4747740.0,KOSPI,-6.59
109070,1385.0,111588.0,111588.0,154549380.0,154549380.0,KOSPI,-1.77
001290,675.0,387166.0,387166.0,261337050.0,261337050.0,KOSPI,3.85
0018C0,10355.0,91015.0,91015.0,942460325.0,942460325.0,KOSPI,-1.52
013870,3820.0,19786.0,19786.0,75582520.0,75582520.0,KOSPI,0.13
337140,33050.0,26109.0,26109.0,862902450.0,862902450.0,KOSPI,-6.91
013360,1345.0,615302.0,615302.0,827581190.0,827581190.0,KOSPI,0.0
011700,2235.0,92993.0,92993.0,207839355.0,207839355.0,KOSPI,0.9
063160,13200.0,9196.0,9196.0,121387200.0,121387200.0,KOSPI,2.48
0080X0,11270.0,55111.0,55111.0,621100970.0,621100970.0,KOSPI,0.54
211560,34180.0,9829.0,9829.0,335955220.0,335955220.0,KOSPI,-0.19
000180,5110.0,7108.0,7108.0,36321880.0,36321880.0,KOSPI,0.0
005750,4290.0,43862.0,43862.0,188167980.0,188167980.0,KOSPI,-0.92
000230,6160.0,11587.0,11587.0,71375920.0,71375920.0,KOSPI,1.65
0190Y0,8995.0,90465.0,90465.0,813732675.0,813732675.0,KOSPI,2.33
338100,3805.0,46737.0,46737.0,177834285.0,177834285.0,KOSPI,0.0
011150,1960.0,37184.0,37184.0,72880640.0,72880640.0,KOSPI,1.45
017370,3825.0,46025.0,46025.0,176045625.0,176045625.0,KOSPI,0.79
010960,2900.0,246403.0,246403.0,714568700.0,714568700.0,KOSPI,-3.33
001260,7110.0,53080.0,53080.0,377398800.0,377398800.0,KOSPI,-1.66
434960,99745.0,1784.0,1784.0,177945080.0,177945080.0,KOSPI,-5.04
441540,25850.0,17877.0,17877.0,462120450.0,462120450.0,KOSPI,-2.82
002795,10910.0,11721.0,11721.0,127876110.0,127876110.0,KOSPI,-0.37
475350,15105.0,39831.0,39831.0,601647255.0,601647255.0,KOSPI,-0.56
007610,3860.0,326058.0,326058.0,1258583880.0,1258583880.0,KOSPI,3.21
000850,31550.0,14786.0,14786.0,466498300.0,466498300.0,KOSPI,0.16
365040,32890.0,35030.0,35030.0,1152136700.0,1152136700.0,KOSPI,-5.16
155660,4305.0,11941.0,11941.0,51406005.0,51406005.0,KOSPI,-0.12
440640,112390.0,5467.0,5467.0,614436130.0,614436130.0,KOSPI,0.01
079980,1986.0,149983.0,149983.0,297866238.0,297866238.0,KOSPI,0.35
031820,5620.0,29413.0,29413.0,165301060.0,165301060.0,KOSPI,2.74
570117,3080.0,175021.0,175021.0,539064680.0,539064680.0,KOSPI,6.02
001020,1903.0,15367.0,15367.0,29243401.0,29243401.0,KOSPI,3.42
458750,13265.0,35296.0,35296.0,468201440.0,468201440.0,KOSPI,0.11
009770,27000.0,753.0,753.0,20331000.0,20331000.0,KOSPI,-1.82
095720,1187.0,44094.0,44094.0,52339578.0,52339578.0,KOSPI,0.51
002720,3185.0,42159.0,42159.0,134276415.0,134276415.0,KOSPI,0.31
550093,33640.0,1127.0,1127.0,37912280.0,37912280.0,KOSPI,1.01
006890,5790.0,108693.0,108693.0,629332470.0,629332470.0,KOSPI,7.22
123310,1314.0,9844227.0,9844227.0,12935314278.0,12935314278.0,KOSPI,13.96
009190,1520.0,485304.0,485304.0,737662080.0,737662080.0,KOSPI,0.73
0022T0,12750.0,83481.0,83481.0,1064382750.0,1064382750.0,KOSPI,-0.31
018500,1409.0,59095.0,59095.0,83264855.0,83264855.0,KOSPI,0.57
003580,1300.0,127819.0,127819.0,166164700.0,166164700.0,KOSPI,4.75
0102A0,7600.0,31836.0,31836.0,241953600.0,241953600.0,KOSPI,1.13
550091,32825.0,768.0,768.0,25209600.0,25209600.0,KOSPI,-1.87
570100,21865.0,1959.0,1959.0,42833535.0,42833535.0,KOSPI,1.46
016090,1480.0,145584.0,145584.0,215464320.0,215464320.0,KOSPI,1.02
292190,43620.0,83513.0,83513.0,3642837060.0,3642837060.0,KOSPI,-7.19
120115,23600.0,10039.0,10039.0,236920400.0,236920400.0,KOSPI,0.43
0008T0,14185.0,392114.0,392114.0,5562137090.0,5562137090.0,KOSPI,0.67
433880,18635.0,15020.0,15020.0,279897700.0,279897700.0,KOSPI,0.22
453950,33370.0,6342.0,6342.0,211632540.0,211632540.0,KOSPI,-0.34
0036D0,13010.0,87577.0,87577.0,1139376770.0,1139376770.0,KOSPI,0.27
530131,21680.0,174.0,174.0,3772320.0,3772320.0,KOSPI,1.55
084670,22400.0,28904.0,28904.0,647449600.0,647449600.0,KOSPI,0.22
228800,2485.0,148225.0,148225.0,368339125.0,368339125.0,KOSPI,0.81
396690,1631.0,43078.0,43078.0,70260218.0,70260218.0,KOSPI,1.05
530115,64475.0,53.0,53.0,3417175.0,3417175.0,KOSPI,0.43
500094,3060.0,389704.0,389704.0,1192494240.0,1192494240.0,KOSPI,4.97
0197W0,7690.0,537151.0,537151.0,4130691190.0,4130691190.0,KOSPI,-16.95
266420,15990.0,30291.0,30291.0,484353090.0,484353090.0,KOSPI,1.36
0098Z0,85270.0,22.0,22.0,1875940.0,1875940.0,KOSPI,-6.39
520080,21315.0,22.0,22.0,468930.0,468930.0,KOSPI,-0.35
520057,2410.0,3008735.0,3008735.0,7251051350.0,7251051350.0,KOSPI,-4.74
530067,31790.0,4009.0,4009.0,127446110.0,127446110.0,KOSPI,-0.53
001560,8360.0,657.0,657.0,5492520.0,5492520.0,KOSPI,-0.36
479730,10565.0,3980.0,3980.0,42048700.0,42048700.0,KOSPI,0.62
476750,7825.0,128610.0,128610.0,1006373250.0,1006373250.0,KOSPI,1.89
277640,34200.0,42417.0,42417.0,1450661400.0,1450661400.0,KOSPI,-8.63
760018,10535.0,5.0,5.0,52675.0,52675.0,KOSPI,0.96
520081,63205.0,6.0,6.0,379230.0,379230.0,KOSPI,0.4
278620,118725.0,236.0,236.0,28019100.0,28019100.0,KOSPI,0.04
0089C0,11580.0,118592.0,118592.0,1373295360.0,1373295360.0,KOSPI,0.92
0123S0,10170.0,3519.0,3519.0,35788230.0,35788230.0,KOSPI,-0.1
0000D0,9150.0,19794.0,19794.0,181115100.0,181115100.0,KOSPI,-0.16
33626K,4680.0,29227.0,29227.0,136782360.0,136782360.0,KOSPI,2.63
0194T0,7810.0,258152.0,258152.0,2016167120.0,2016167120.0,KOSPI,-15.8
530126,31200.0,66.0,66.0,2059200.0,2059200.0,KOSPI,-3.64
455660,9435.0,19831.0,19831.0,187105485.0,187105485.0,KOSPI,0.0
419890,107310.0,10.0,10.0,1073100.0,1073100.0,KOSPI,0.05
068290,6220.0,3395.0,3395.0,21116900.0,21116900.0,KOSPI,1.14
495940,19710.0,7465.0,7465.0,147135150.0,147135150.0,KOSPI,1.78
009200,1490.0,40828.0,40828.0,60833720.0,60833720.0,KOSPI,1.36
003925,30950.0,1910.0,1910.0,59114500.0,59114500.0,KOSPI,-0.16
100220,4750.0,183447.0,183447.0,871373250.0,871373250.0,KOSPI,-8.3
520102,30810.0,288853.0,288853.0,8899560930.0,8899560930.0,KOSPI,17.66
0193G0,7685.0,1057126.0,1057126.0,8124013310.0,8124013310.0,KOSPI,-7.07
085310,8220.0,10867.0,10867.0,89326740.0,89326740.0,KOSPI,-0.6
0040S0,23365.0,11052.0,11052.0,258229980.0,258229980.0,KOSPI,-0.15
0115E0,12905.0,49863.0,49863.0,643482015.0,643482015.0,KOSPI,-0.08
453640,14105.0,33245.0,33245.0,468920725.0,468920725.0,KOSPI,-0.35
252400,86635.0,42322.0,42322.0,3666566470.0,3666566470.0,KOSPI,-9.28
072130,4770.0,27122.0,27122.0,129371940.0,129371940.0,KOSPI,-2.95
550084,30255.0,19.0,19.0,574845.0,574845.0,KOSPI,-5.72
058730,2985.0,781054.0,781054.0,2331446190.0,2331446190.0,KOSPI,-2.45
760016,60320.0,601.0,601.0,36252320.0,36252320.0,KOSPI,-4.77
004440,4735.0,19701.0,19701.0,93284235.0,93284235.0,KOSPI,1.39
261240,14725.0,91617.0,91617.0,1349060325.0,1349060325.0,KOSPI,0.24
111110,6590.0,7013.0,7013.0,46215670.0,46215670.0,KOSPI,0.0
491700,99380.0,311.0,311.0,30907180.0,30907180.0,KOSPI,-5.13
520087,29780.0,486.0,486.0,14473080.0,14473080.0,KOSPI,-1.28
007460,2500.0,121400.0,121400.0,303500000.0,303500000.0,KOSPI,8.23
475310,21715.0,102679.0,102679.0,2229674485.0,2229674485.0,KOSPI,-3.4
010040,1425.0,34381.0,34381.0,48992925.0,48992925.0,KOSPI,3.94
275980,22825.0,2679.0,2679.0,61148175.0,61148175.0,KOSPI,1.04
0111J0,12685.0,72235.0,72235.0,916300975.0,916300975.0,KOSPI,-4.08
010660,2650.0,193030.0,193030.0,511529500.0,511529500.0,KOSPI,-5.19
440910,25850.0,23692.0,23692.0,612438200.0,612438200.0,KOSPI,1.06
002760,970.0,83120.0,83120.0,80626400.0,80626400.0,KOSPI,-0.1
005870,4110.0,30728.0,30728.0,126292080.0,126292080.0,KOSPI,-1.67
004770,1620.0,146438.0,146438.0,237229560.0,237229560.0,KOSPI,-0.55
225040,65275.0,10635.0,10635.0,694199625.0,694199625.0,KOSPI,1.48
580069,3090.0,147799.0,147799.0,456698910.0,456698910.0,KOSPI,4.39
455960,12470.0,2324.0,2324.0,28980280.0,28980280.0,KOSPI,-0.36
055490,11900.0,19973.0,19973.0,237678700.0,237678700.0,KOSPI,1.88
071090,2820.0,61603.0,61603.0,173720460.0,173720460.0,KOSPI,0.36
075180,2950.0,5285.0,5285.0,15590750.0,15590750.0,KOSPI,0.68
007110,730.0,190145.0,190145.0,138805850.0,138805850.0,KOSPI,-0.68
100910,15680.0,8986.0,8986.0,140900480.0,140900480.0,KOSPI,-5.29
000220,3580.0,49765.0,49765.0,178158700.0,178158700.0,KOSPI,0.28
010770,3830.0,36022.0,36022.0,137964260.0,137964260.0,KOSPI,-1.16
473640,28000.0,5237.0,5237.0,146636000.0,146636000.0,KOSPI,-0.87
024900,1717.0,97447.0,97447.0,167316499.0,167316499.0,KOSPI,1.0
520086,22365.0,738.0,738.0,16505370.0,16505370.0,KOSPI,1.08
129260,1879.0,20796.0,20796.0,39075684.0,39075684.0,KOSPI,-0.84
580010,9285.0,6.0,6.0,55710.0,55710.0,KOSPI,-9.5
003465,3185.0,21.0,21.0,66885.0,66885.0,KOSPI,4.08
090080,1010.0,217858.0,217858.0,220036580.0,220036580.0,KOSPI,-0.2
003010,4325.0,32163.0,32163.0,139104975.0,139104975.0,KOSPI,0.7
465330,9420.0,479085.0,479085.0,4512980700.0,4512980700.0,KOSPI,-2.79
401470,9180.0,7376.0,7376.0,67711680.0,67711680.0,KOSPI,0.11
0185L0,7795.0,31396.0,31396.0,244731820.0,244731820.0,KOSPI,1.37
530143,54535.0,3667.0,3667.0,199979845.0,199979845.0,KOSPI,-0.23
005305,70100.0,2507.0,2507.0,175740700.0,175740700.0,KOSPI,2.34
580081,54315.0,2105.0,2105.0,114333075.0,114333075.0,KOSPI,0.91
610101,54305.0,1865.0,1865.0,101278825.0,101278825.0,KOSPI,1.16
092440,1855.0,73296.0,73296.0,135964080.0,135964080.0,KOSPI,0.27
0046Y0,12710.0,10807.0,10807.0,137356970.0,137356970.0,KOSPI,0.12
150460,7005.0,10080.0,10080.0,70610400.0,70610400.0,KOSPI,-1.34
214330,5100.0,43752.0,43752.0,223135200.0,223135200.0,KOSPI,0.0
0181L0,6645.0,49723.0,49723.0,330409335.0,330409335.0,KOSPI,-1.85
530113,53090.0,52.0,52.0,2760680.0,2760680.0,KOSPI,0.65
0141S0,7730.0,181843.0,181843.0,1405646390.0,1405646390.0,KOSPI,-1.02
0113P0,102165.0,1.0,1.0,102165.0,102165.0,KOSPI,0.01
004450,24550.0,736.0,736.0,18068800.0,18068800.0,KOSPI,0.61
0166S0,9865.0,76618.0,76618.0,755836570.0,755836570.0,KOSPI,-5.1
306950,65765.0,10813.0,10813.0,711116945.0,711116945.0,KOSPI,-9.91
298340,56435.0,86782.0,86782.0,4897542170.0,4897542170.0,KOSPI,0.05
336160,100340.0,671.0,671.0,67328140.0,67328140.0,KOSPI,0.09
491220,116655.0,14390.0,14390.0,1678665450.0,1678665450.0,KOSPI,-7.05
003475,4095.0,11734.0,11734.0,48050730.0,48050730.0,KOSPI,-1.21
520092,26210.0,16301.0,16301.0,427249210.0,427249210.0,KOSPI,-0.74
480310,19055.0,34769.0,34769.0,662523295.0,662523295.0,KOSPI,-0.18
0139P0,13045.0,21645.0,21645.0,282359025.0,282359025.0,KOSPI,-1.47
025530,3485.0,12453.0,12453.0,43398705.0,43398705.0,KOSPI,0.0
360140,23590.0,201231.0,201231.0,4747039290.0,4747039290.0,KOSPI,-9.69
114470,107995.0,2291.0,2291.0,247416545.0,247416545.0,KOSPI,0.07
378850,2720.0,42820.0,42820.0,116470400.0,116470400.0,KOSPI,0.55
0172V0,7825.0,68654.0,68654.0,537217550.0,537217550.0,KOSPI,-0.57
123700,3300.0,14093.0,14093.0,46506900.0,46506900.0,KOSPI,0.46
282000,114330.0,6.0,6.0,685980.0,685980.0,KOSPI,-0.07
002630,866.0,61868.0,61868.0,53577688.0,53577688.0,KOSPI,-2.7
428510,22215.0,15326.0,15326.0,340467090.0,340467090.0,KOSPI,-2.89
007280,1783.0,20850.0,20850.0,37175550.0,37175550.0,KOSPI,-1.33
011230,2665.0,541912.0,541912.0,1444195480.0,1444195480.0,KOSPI,0.0
0118Z0,8370.0,24807.0,24807.0,207634590.0,207634590.0,KOSPI,0.66
520072,16970.0,219.0,219.0,3716430.0,3716430.0,KOSPI,3.98
012690,1392.0,433016.0,433016.0,602758272.0,602758272.0,KOSPI,0.22
0194M0,9640.0,150364.0,150364.0,1449508960.0,1449508960.0,KOSPI,-18.31
580056,25380.0,264.0,264.0,6700320.0,6700320.0,KOSPI,1.52
006880,4285.0,22340.0,22340.0,95726900.0,95726900.0,KOSPI,2.63
0210E0,6840.0,166974.0,166974.0,1142102160.0,1142102160.0,KOSPI,-6.94
101140,5030.0,1275.0,1275.0,6413250.0,6413250.0,KOSPI,-5.98
580076,25250.0,1.0,1.0,25250.0,25250.0,KOSPI,0.08
261070,11415.0,204454.0,204454.0,2333842410.0,2333842410.0,KOSPI,5.6
475260,10710.0,38.0,38.0,406980.0,406980.0,KOSPI,-0.05
002140,2020.0,1323750.0,1323750.0,2673975000.0,2673975000.0,KOSPI,-4.72
101280,31065.0,41638.0,41638.0,1293484470.0,1293484470.0,KOSPI,0.84
500095,8385.0,2865.0,2865.0,24023025.0,24023025.0,KOSPI,-2.5
445150,26475.0,5015.0,5015.0,132772125.0,132772125.0,KOSPI,-2.25
570104,16755.0,3.0,3.0,50265.0,50265.0,KOSPI,-0.98
200030,44555.0,2338.0,2338.0,104169590.0,104169590.0,KOSPI,0.93
000725,47600.0,2468.0,2468.0,117476800.0,117476800.0,KOSPI,1.82
006370,4635.0,32088.0,32088.0,148727880.0,148727880.0,KOSPI,-6.36
001465,23250.0,3580.0,3580.0,83235000.0,83235000.0,KOSPI,3.1
023810,4980.0,10145.0,10145.0,50522100.0,50522100.0,KOSPI,0.81
520100,9940.0,213206.0,213206.0,2119267640.0,2119267640.0,KOSPI,-17.95
520037,24825.0,2473.0,2473.0,61392225.0,61392225.0,KOSPI,-4.57
009320,1006.0,126731.0,126731.0,127491386.0,127491386.0,KOSPI,0.8
0132H0,8265.0,18321.0,18321.0,151423065.0,151423065.0,KOSPI,-2.19
261220,22025.0,165299.0,165299.0,3640710475.0,3640710475.0,KOSPI,-3.61
385590,21500.0,1305.0,1305.0,28057500.0,28057500.0,KOSPI,-4.25
442560,16460.0,15260.0,15260.0,251179600.0,251179600.0,KOSPI,-0.45
001550,9500.0,10390.0,10390.0,98705000.0,98705000.0,KOSPI,0.21
140700,18245.0,33927.0,33927.0,618998115.0,618998115.0,KOSPI,-3.03
004830,3140.0,83419.0,83419.0,261935660.0,261935660.0,KOSPI,1.13
004920,940.0,116944.0,116944.0,109927360.0,109927360.0,KOSPI,-0.11
570082,2435.0,190520.0,190520.0,463916200.0,463916200.0,KOSPI,-4.88
0086B0,9455.0,13470.0,13470.0,127358850.0,127358850.0,KOSPI,-1.1
0118S0,10360.0,16606.0,16606.0,172038160.0,172038160.0,KOSPI,-2.63
494840,13710.0,22739.0,22739.0,311751690.0,311751690.0,KOSPI,-0.33
530124,48645.0,6413.0,6413.0,311960385.0,311960385.0,KOSPI,-1.85
011300,2890.0,79804.0,79804.0,230633560.0,230633560.0,KOSPI,-4.93
006980,15640.0,916.0,916.0,14326240.0,14326240.0,KOSPI,0.26
003780,3715.0,115503.0,115503.0,429093645.0,429093645.0,KOSPI,-1.72
610061,24115.0,935.0,935.0,22547525.0,22547525.0,KOSPI,-2.15
37550K,22600.0,6873.0,6873.0,155329800.0,155329800.0,KOSPI,2.96
500071,19105.0,1159.0,1159.0,22142695.0,22142695.0,KOSPI,8.06
0000Z0,8505.0,227547.0,227547.0,1935287235.0,1935287235.0,KOSPI,6.58
218420,19450.0,49021.0,49021.0,953458450.0,953458450.0,KOSPI,-0.61
304780,105600.0,17090.0,17090.0,1804704000.0,1804704000.0,KOSPI,-9.73
002920,1830.0,18989.0,18989.0,34749870.0,34749870.0,KOSPI,4.57
295020,60285.0,7.0,7.0,421995.0,421995.0,KOSPI,-0.05
473490,30445.0,2894.0,2894.0,88107830.0,88107830.0,KOSPI,-0.8
372910,1702.0,102388.0,102388.0,174264376.0,174264376.0,KOSPI,1.01
256750,15395.0,6225.0,6225.0,95833875.0,95833875.0,KOSPI,-2.28
000950,28000.0,16866.0,16866.0,472248000.0,472248000.0,KOSPI,2.0
278240,6295.0,586083.0,586083.0,3689392485.0,3689392485.0,KOSPI,8.07
006125,38000.0,5453.0,5453.0,207214000.0,207214000.0,KOSPI,-0.78
004060,2305.0,60941.0,60941.0,140469005.0,140469005.0,KOSPI,-0.86
276990,26360.0,5813.0,5813.0,153230680.0,153230680.0,KOSPI,2.25
287180,54770.0,8850.0,8850.0,484714500.0,484714500.0,KOSPI,-0.35
275300,27365.0,8416.0,8416.0,230303840.0,230303840.0,KOSPI,-5.3
570118,11610.0,227.0,227.0,2635470.0,2635470.0,KOSPI,0.26
610078,38655.0,8483.0,8483.0,327910365.0,327910365.0,KOSPI,-1.65
447430,15705.0,4054.0,4054.0,63668070.0,63668070.0,KOSPI,-1.04
001620,2075.0,21504.0,21504.0,44620800.0,44620800.0,KOSPI,-0.95
001210,3710.0,2017074.0,2017074.0,7483344540.0,7483344540.0,KOSPI,-9.84
0178H0,9860.0,11824.0,11824.0,116584640.0,116584640.0,KOSPI,1.49
461340,41675.0,4787.0,4787.0,199498225.0,199498225.0,KOSPI,-0.3
520091,11460.0,8738.0,8738.0,100137480.0,100137480.0,KOSPI,0.53
472830,8225.0,32426.0,32426.0,266703850.0,266703850.0,KOSPI,-0.48
520101,9125.0,92237.0,92237.0,841662625.0,841662625.0,KOSPI,-17.46
0192L0,8000.0,177604.0,177604.0,1420832000.0,1420832000.0,KOSPI,-16.67
580034,90990.0,66.0,66.0,6005340.0,6005340.0,KOSPI,2.98
357250,1819.0,16313.0,16313.0,29673347.0,29673347.0,KOSPI,1.79
041650,2110.0,24124.0,24124.0,50901640.0,50901640.0,KOSPI,3.94
0020H0,21510.0,9800.0,9800.0,210798000.0,210798000.0,KOSPI,-1.4
28513K,21300.0,3529.0,3529.0,75167700.0,75167700.0,KOSPI,0.0
453650,20025.0,18185.0,18185.0,364154625.0,364154625.0,KOSPI,0.18
570103,4480.0,13086.0,13086.0,58625280.0,58625280.0,KOSPI,0.34
0041D0,12080.0,50446.0,50446.0,609387680.0,609387680.0,KOSPI,0.17
475270,10695.0,421.0,421.0,4502595.0,4502595.0,KOSPI,-0.05
371470,8005.0,34400.0,34400.0,275372000.0,275372000.0,KOSPI,-2.56
003080,2205.0,9355.0,9355.0,20627775.0,20627775.0,KOSPI,0.68
442260,34410.0,1357.0,1357.0,46694370.0,46694370.0,KOSPI,-6.09
35320K,20950.0,10918.0,10918.0,228732100.0,228732100.0,KOSPI,-0.48
140950,78050.0,2429.0,2429.0,189583450.0,189583450.0,KOSPI,-5.95
456680,7345.0,2145.0,2145.0,15755025.0,15755025.0,KOSPI,-1.14
0141T0,50270.0,1.0,1.0,50270.0,50270.0,KOSPI,0.07
452250,4740.0,9746.0,9746.0,46196040.0,46196040.0,KOSPI,-0.73
253150,173055.0,76365.0,76365.0,13215345075.0,13215345075.0,KOSPI,-9.58
021050,910.0,199400.0,199400.0,181454000.0,181454000.0,KOSPI,-3.19
570127,43200.0,2792.0,2792.0,120614400.0,120614400.0,KOSPI,12.65
440650,11970.0,66928.0,66928.0,801128160.0,801128160.0,KOSPI,0.21
520078,14355.0,45.0,45.0,645975.0,645975.0,KOSPI,0.88
401170,10870.0,18058.0,18058.0,196290460.0,196290460.0,KOSPI,0.0
023350,3925.0,5574.0,5574.0,21877950.0,21877950.0,KOSPI,1.95
004910,3345.0,20878.0,20878.0,69836910.0,69836910.0,KOSPI,0.0
418670,16445.0,49429.0,49429.0,812859905.0,812859905.0,KOSPI,1.32
580082,17050.0,5611.0,5611.0,95667550.0,95667550.0,KOSPI,-13.32
481850,979.0,23308.0,23308.0,22818532.0,22818532.0,KOSPI,0.41
610038,4230.0,6274.0,6274.0,26539020.0,26539020.0,KOSPI,-0.94
570061,42295.0,400.0,400.0,16918000.0,16918000.0,KOSPI,-0.6
196030,84470.0,158.0,158.0,13346260.0,13346260.0,KOSPI,-1.78
152500,38295.0,63340.0,63340.0,2425605300.0,2425605300.0,KOSPI,-9.49
238720,46400.0,4665.0,4665.0,216456000.0,216456000.0,KOSPI,-0.92
429760,19875.0,5411.0,5411.0,107543625.0,107543625.0,KOSPI,0.99
004540,1120.0,100914.0,100914.0,113023680.0,113023680.0,KOSPI,0.72
476260,11115.0,395402.0,395402.0,4394893230.0,4394893230.0,KOSPI,-3.52
261120,4955.0,20378.0,20378.0,100972990.0,100972990.0,KOSPI,-0.1
000910,2655.0,36873.0,36873.0,97897815.0,97897815.0,KOSPI,1.14
550041,58965.0,27.0,27.0,1592055.0,1592055.0,KOSPI,3.65
520073,41255.0,70.0,70.0,2887850.0,2887850.0,KOSPI,7.95
009835,15970.0,6730.0,6730.0,107478100.0,107478100.0,KOSPI,-3.62
092780,3120.0,19129.0,19129.0,59682480.0,59682480.0,KOSPI,0.81
008420,2000.0,49391.0,49391.0,98782000.0,98782000.0,KOSPI,-1.23
004410,1036.0,278539.0,278539.0,288566404.0,288566404.0,KOSPI,2.17
084870,1995.0,37782.0,37782.0,75375090.0,75375090.0,KOSPI,-1.72
464470,49530.0,7182.0,7182.0,355724460.0,355724460.0,KOSPI,-0.46
465350,20400.0,92459.0,92459.0,1886163600.0,1886163600.0,KOSPI,2.0
580077,13585.0,450.0,450.0,6113250.0,6113250.0,KOSPI,-0.22
0007G0,13325.0,3075.0,3075.0,40974375.0,40974375.0,KOSPI,-0.89
520075,40600.0,33.0,33.0,1339800.0,1339800.0,KOSPI,2.59
375770,22375.0,517.0,517.0,11567875.0,11567875.0,KOSPI,-5.81
139280,11920.0,3812.0,3812.0,45439040.0,45439040.0,KOSPI,-0.91
011390,37500.0,845.0,845.0,31687500.0,31687500.0,KOSPI,0.67
011420,1435.0,48077.0,48077.0,68990495.0,68990495.0,KOSPI,1.13
322410,21940.0,9348.0,9348.0,205095120.0,205095120.0,KOSPI,-1.17
316670,6230.0,229887.0,229887.0,1432196010.0,1432196010.0,KOSPI,3.66
700029,39325.0,1108.0,1108.0,43572100.0,43572100.0,KOSPI,-5.35
473590,17095.0,9941.0,9941.0,169941395.0,169941395.0,KOSPI,-3.28
012280,791.0,119196.0,119196.0,94284036.0,94284036.0,KOSPI,0.13
580068,39120.0,3744.0,3744.0,146465280.0,146465280.0,KOSPI,-6.82
610089,3255.0,271090.0,271090.0,882397950.0,882397950.0,KOSPI,5.68
134790,19520.0,1309.0,1309.0,25551680.0,25551680.0,KOSPI,0.15
352540,11460.0,10531.0,10531.0,120685260.0,120685260.0,KOSPI,-1.63
145270,809.0,36104.0,36104.0,29208136.0,29208136.0,KOSPI,-0.86
0198A0,8100.0,529119.0,529119.0,4285863900.0,4285863900.0,KOSPI,3.45
305050,64785.0,2491.0,2491.0,161379435.0,161379435.0,KOSPI,-5.54
500093,38830.0,3650.0,3650.0,141729500.0,141729500.0,KOSPI,-5.72
442090,25880.0,716.0,716.0,18530080.0,18530080.0,KOSPI,-1.33
183700,92350.0,3450.0,3450.0,318607500.0,318607500.0,KOSPI,-2.83
480370,1193.0,95919.0,95919.0,114431367.0,114431367.0,KOSPI,3.74
530133,38745.0,15472.0,15472.0,599462640.0,599462640.0,KOSPI,-6.87
520082,12915.0,4.0,4.0,51660.0,51660.0,KOSPI,2.91
437070,61245.0,2367.0,2367.0,144966915.0,144966915.0,KOSPI,0.0
007815,13000.0,921.0,921.0,11973000.0,11973000.0,KOSPI,-1.89
003680,6200.0,525656.0,525656.0,3259067200.0,3259067200.0,KOSPI,1.14
487130,24000.0,32372.0,32372.0,776928000.0,776928000.0,KOSPI,-4.02
491830,21235.0,23480.0,23480.0,498597800.0,498597800.0,KOSPI,-1.48
610088,38190.0,16341.0,16341.0,624062790.0,624062790.0,KOSPI,-6.74
400970,7400.0,3027.0,3027.0,22399800.0,22399800.0,KOSPI,0.2
0189B0,7545.0,41974.0,41974.0,316693830.0,316693830.0,KOSPI,0.53
465660,25395.0,18204.0,18204.0,462290580.0,462290580.0,KOSPI,4.46
008870,38050.0,91.0,91.0,3462550.0,3462550.0,KOSPI,-0.52
520077,15190.0,14397.0,14397.0,218690430.0,218690430.0,KOSPI,-0.23
520056,18950.0,11582.0,11582.0,219478900.0,219478900.0,KOSPI,5.28
176950,60135.0,176.0,176.0,10583760.0,10583760.0,KOSPI,0.12
195930,23625.0,21498.0,21498.0,507890250.0,507890250.0,KOSPI,0.21
448570,27870.0,431.0,431.0,12011970.0,12011970.0,KOSPI,-6.35
365000,3580.0,225515.0,225515.0,807343700.0,807343700.0,KOSPI,0.42
000760,13350.0,1191.0,1191.0,15899850.0,15899850.0,KOSPI,-2.55
047400,889.0,25416.0,25416.0,22594824.0,22594824.0,KOSPI,1.83
009460,3125.0,54642.0,54642.0,170756250.0,170756250.0,KOSPI,3.31
139320,16950.0,8017.0,8017.0,135888150.0,135888150.0,KOSPI,-0.62
012160,2380.0,27572.0,27572.0,65621360.0,65621360.0,KOSPI,1.06
099140,22460.0,4675.0,4675.0,105000500.0,105000500.0,KOSPI,-0.2
472840,98565.0,2266.0,2266.0,223348290.0,223348290.0,KOSPI,-5.65
026940,1846.0,149409.0,149409.0,275809014.0,275809014.0,KOSPI,0.44
002870,1054.0,204054.0,204054.0,215072916.0,215072916.0,KOSPI,5.19
017180,1083.0,55360.0,55360.0,59954880.0,59954880.0,KOSPI,1.03
000215,21800.0,3140.0,3140.0,68452000.0,68452000.0,KOSPI,3.07
023960,965.0,20655.0,20655.0,19932075.0,19932075.0,KOSPI,1.37
276970,7760.0,5704.0,5704.0,44263040.0,44263040.0,KOSPI,-0.64
352560,12560.0,190738.0,190738.0,2395669280.0,2395669280.0,KOSPI,-1.14
0220B0,8845.0,439407.0,439407.0,3886554915.0,3886554915.0,KOSPI,-2.05
292560,8415.0,122315.0,122315.0,1029280725.0,1029280725.0,KOSPI,1.69
475070,30090.0,5642.0,5642.0,169767780.0,169767780.0,KOSPI,0.25
000890,1307.0,332372.0,332372.0,434410204.0,434410204.0,KOSPI,-1.58
700027,36070.0,2865.0,2865.0,103340550.0,103340550.0,KOSPI,-3.17
468630,11235.0,46223.0,46223.0,519315405.0,519315405.0,KOSPI,0.0
002880,771.0,96181.0,96181.0,74155551.0,74155551.0,KOSPI,-0.52
0085N0,9745.0,29653.0,29653.0,288968485.0,288968485.0,KOSPI,-0.26
049800,1799.0,8363.0,8363.0,15045037.0,15045037.0,KOSPI,2.22
498860,16340.0,20010.0,20010.0,326963400.0,326963400.0,KOSPI,-1.98
446070,3360.0,105802.0,105802.0,355494720.0,355494720.0,KOSPI,5.16
147970,73940.0,3405.0,3405.0,251765700.0,251765700.0,KOSPI,-0.87
0192M0,9920.0,491260.0,491260.0,4873299200.0,4873299200.0,KOSPI,-15.32
013000,1235.0,32467.0,32467.0,40096745.0,40096745.0,KOSPI,-0.8
0154F0,11930.0,32461.0,32461.0,387259730.0,387259730.0,KOSPI,-1.81
133820,947.0,99314.0,99314.0,94050358.0,94050358.0,KOSPI,-3.96
760005,35070.0,4.0,4.0,140280.0,140280.0,KOSPI,2.84
570102,17505.0,30.0,30.0,525150.0,525150.0,KOSPI,1.13
253250,85345.0,40188.0,40188.0,3429844860.0,3429844860.0,KOSPI,-10.25
104530,16990.0,6829.0,6829.0,116024710.0,116024710.0,KOSPI,-2.22
014910,1590.0,327863.0,327863.0,521302170.0,521302170.0,KOSPI,1.73
476690,10850.0,17655.0,17655.0,191556750.0,191556750.0,KOSPI,-3.43
275280,38555.0,32734.0,32734.0,1262059370.0,1262059370.0,KOSPI,-4.44
322400,10205.0,3557.0,3557.0,36299185.0,36299185.0,KOSPI,-0.78
500040,34680.0,200.0,200.0,6936000.0,6936000.0,KOSPI,1.64
138910,10050.0,46766.0,46766.0,469998300.0,469998300.0,KOSPI,0.5
474800,15150.0,91336.0,91336.0,1383740400.0,1383740400.0,KOSPI,-0.49
139270,16375.0,19073.0,19073.0,312320375.0,312320375.0,KOSPI,-1.03
459560,21965.0,51855.0,51855.0,1138995075.0,1138995075.0,KOSPI,3.0
276650,45315.0,69.0,69.0,3126735.0,3126735.0,KOSPI,2.7
004365,9210.0,976.0,976.0,8988960.0,8988960.0,KOSPI,-0.97
174360,24020.0,1914.0,1914.0,45974280.0,45974280.0,KOSPI,-1.82
0112X0,37255.0,441.0,441.0,16429455.0,16429455.0,KOSPI,-5.16
241390,15225.0,10139.0,10139.0,154366275.0,154366275.0,KOSPI,-1.1
027740,1054.0,67558.0,67558.0,71206132.0,71206132.0,KOSPI,-0.38
449690,44495.0,900.0,900.0,40045500.0,40045500.0,KOSPI,-6.86
520047,33340.0,139.0,139.0,4634260.0,4634260.0,KOSPI,3.64
122260,103970.0,63.0,63.0,6550110.0,6550110.0,KOSPI,0.01
256440,5450.0,119167.0,119167.0,649460150.0,649460150.0,KOSPI,2.16
449780,18340.0,7973.0,7973.0,146224820.0,146224820.0,KOSPI,0.63
520093,2745.0,9901.0,9901.0,27178245.0,27178245.0,KOSPI,1.1
459750,18230.0,4419.0,4419.0,80558370.0,80558370.0,KOSPI,1.31
496770,18700.0,18516.0,18516.0,346249200.0,346249200.0,KOSPI,1.0
0186S0,7870.0,432415.0,432415.0,3403106050.0,3403106050.0,KOSPI,1.22
414270,12315.0,200134.0,200134.0,2464650210.0,2464650210.0,KOSPI,-0.36
007120,1190.0,140273.0,140273.0,166924870.0,166924870.0,KOSPI,7.59
407830,13500.0,725.0,725.0,9787500.0,9787500.0,KOSPI,0.15
500035,16150.0,2.0,2.0,32300.0,32300.0,KOSPI,-0.09
491090,17920.0,13673.0,13673.0,245020160.0,245020160.0,KOSPI,0.93
610075,53390.0,183.0,183.0,9770370.0,9770370.0,KOSPI,-1.72
261140,22875.0,16372.0,16372.0,374509500.0,374509500.0,KOSPI,-2.91
308170,3715.0,4687.0,4687.0,17412205.0,17412205.0,KOSPI,1.09
153270,76150.0,7490.0,7490.0,570363500.0,570363500.0,KOSPI,-7.13
001070,6030.0,5762.0,5762.0,34744860.0,34744860.0,KOSPI,0.17
570065,31955.0,2016.0,2016.0,64421280.0,64421280.0,KOSPI,2.8
0089B0,11395.0,18714.0,18714.0,213246030.0,213246030.0,KOSPI,0.22
426150,51260.0,1788.0,1788.0,91652880.0,91652880.0,KOSPI,-0.28
266360,9955.0,39895.0,39895.0,397154725.0,397154725.0,KOSPI,-0.1
010400,4170.0,41454.0,41454.0,172863180.0,172863180.0,KOSPI,0.24
245350,19825.0,4213.0,4213.0,83522725.0,83522725.0,KOSPI,-0.38
036420,1642.0,69474.0,69474.0,114076308.0,114076308.0,KOSPI,-2.03
002420,5290.0,8868.0,8868.0,46911720.0,46911720.0,KOSPI,-1.12
494410,14280.0,20136.0,20136.0,287542080.0,287542080.0,KOSPI,1.24
0138T0,9785.0,32067.0,32067.0,313775595.0,313775595.0,KOSPI,1.08
476070,11350.0,12934.0,12934.0,146800900.0,146800900.0,KOSPI,-2.78
009140,19840.0,2491.0,2491.0,49421440.0,49421440.0,KOSPI,-1.29
0023B0,15580.0,10518.0,10518.0,163870440.0,163870440.0,KOSPI,0.29
500085,31155.0,105.0,105.0,3271275.0,3271275.0,KOSPI,-4.3
0100K0,5560.0,371200.0,371200.0,2063872000.0,2063872000.0,KOSPI,-1.42
570072,31100.0,126.0,126.0,3918600.0,3918600.0,KOSPI,1.27
395290,4965.0,45422.0,45422.0,225520230.0,225520230.0,KOSPI,2.9
415920,6595.0,44932.0,44932.0,296326540.0,296326540.0,KOSPI,0.76
227540,17755.0,28167.0,28167.0,500105085.0,500105085.0,KOSPI,-1.0
003060,2140.0,187947.0,187947.0,402206580.0,402206580.0,KOSPI,0.94
469050,30830.0,27367.0,27367.0,843724610.0,843724610.0,KOSPI,-3.14
105780,15395.0,4286.0,4286.0,65982970.0,65982970.0,KOSPI,-3.36
385520,14655.0,14185.0,14185.0,207881175.0,207881175.0,KOSPI,0.38
530117,30630.0,1358.0,1358.0,41595540.0,41595540.0,KOSPI,-6.39
464920,24470.0,12019.0,12019.0,294104930.0,294104930.0,KOSPI,2.0
005820,13310.0,513.0,513.0,6828030.0,6828030.0,KOSPI,1.84
006570,2005.0,7647.0,7647.0,15332235.0,15332235.0,KOSPI,-3.14
520065,15195.0,42.0,42.0,638190.0,638190.0,KOSPI,1.27
248270,26585.0,4981.0,4981.0,132419885.0,132419885.0,KOSPI,-0.75
024070,1973.0,26912.0,26912.0,53097376.0,53097376.0,KOSPI,4.28
494340,19420.0,24074.0,24074.0,467517080.0,467517080.0,KOSPI,-1.25
500102,15000.0,29111.0,29111.0,436665000.0,436665000.0,KOSPI,-0.96
450910,12085.0,157836.0,157836.0,1907448060.0,1907448060.0,KOSPI,2.46
380340,24780.0,63867.0,63867.0,1582624260.0,1582624260.0,KOSPI,-0.86
001380,1320.0,18211.0,18211.0,24038520.0,24038520.0,KOSPI,0.15
023150,4010.0,1707.0,1707.0,6845070.0,6845070.0,KOSPI,-0.62
002690,1456.0,25232.0,25232.0,36737792.0,36737792.0,KOSPI,-3.89
0107F0,11590.0,14386.0,14386.0,166733740.0,166733740.0,KOSPI,-1.07
009810,1940.0,17189.0,17189.0,33346660.0,33346660.0,KOSPI,0.31
025750,1826.0,11397.0,11397.0,20810922.0,20810922.0,KOSPI,1.11
011330,3260.0,27407.0,27407.0,89346820.0,89346820.0,KOSPI,-4.12
570069,29365.0,336.0,336.0,9866640.0,9866640.0,KOSPI,3.29
395170,14645.0,9226.0,9226.0,135114770.0,135114770.0,KOSPI,-3.49
090370,1070.0,37609.0,37609.0,40241630.0,40241630.0,KOSPI,4.09
271060,8025.0,43131.0,43131.0,346126275.0,346126275.0,KOSPI,-1.89
387270,24070.0,5744.0,5744.0,138258080.0,138258080.0,KOSPI,-2.51
475380,10780.0,9596.0,9596.0,103444880.0,103444880.0,KOSPI,-1.69
0155M0,6970.0,4695.0,4695.0,32724150.0,32724150.0,KOSPI,-0.64
520090,7225.0,10841.0,10841.0,78326225.0,78326225.0,KOSPI,0.07
570047,28895.0,14.0,14.0,404530.0,404530.0,KOSPI,-0.62
0203S0,8360.0,81223.0,81223.0,679024280.0,679024280.0,KOSPI,-2.39
245360,13060.0,15869.0,15869.0,207249140.0,207249140.0,KOSPI,1.71
0155N0,7420.0,479108.0,479108.0,3554981360.0,3554981360.0,KOSPI,5.62
192720,55930.0,3228.0,3228.0,180542040.0,180542040.0,KOSPI,-2.13
570029,5700.0,400.0,400.0,2280000.0,2280000.0,KOSPI,3.83
005360,1508.0,980335.0,980335.0,1478345180.0,1478345180.0,KOSPI,-0.59
156080,47475.0,4532.0,4532.0,215156700.0,215156700.0,KOSPI,-8.75
261250,17040.0,129960.0,129960.0,2214518400.0,2214518400.0,KOSPI,0.5
014130,2405.0,21049.0,21049.0,50622845.0,50622845.0,KOSPI,-3.8
477730,8005.0,3371.0,3371.0,26984855.0,26984855.0,KOSPI,1.46
570124,14205.0,829.0,829.0,11775945.0,11775945.0,KOSPI,2.01
088790,2280.0,24293.0,24293.0,55388040.0,55388040.0,KOSPI,0.66
415340,13710.0,37830.0,37830.0,518649300.0,518649300.0,KOSPI,-7.46
530118,9450.0,31372.0,31372.0,296465400.0,296465400.0,KOSPI,2.89
004870,1248.0,681311.0,681311.0,850276128.0,850276128.0,KOSPI,30.0
0137W0,10455.0,4764.0,4764.0,49807620.0,49807620.0,KOSPI,0.87
275290,31290.0,8352.0,8352.0,261334080.0,261334080.0,KOSPI,-7.82
008250,2565.0,14907.0,14907.0,38236455.0,38236455.0,KOSPI,-0.19
014990,1860.0,11164.0,11164.0,20765040.0,20765040.0,KOSPI,3.1
489290,15065.0,6675.0,6675.0,100558875.0,100558875.0,KOSPI,1.82
118000,1262.0,14469.0,14469.0,18259878.0,18259878.0,KOSPI,2.69
269420,23400.0,4063.0,4063.0,95074200.0,95074200.0,KOSPI,0.06
610069,18500.0,27932.0,27932.0,516742000.0,516742000.0,KOSPI,4.88
437350,12600.0,29312.0,29312.0,369331200.0,369331200.0,KOSPI,0.08
0209Z0,6075.0,207602.0,207602.0,1261182150.0,1261182150.0,KOSPI,0.08
469790,39445.0,2867.0,2867.0,113088815.0,113088815.0,KOSPI,-5.24
419430,9850.0,989.0,989.0,9741650.0,9741650.0,KOSPI,-0.51
145850,110300.0,2.0,2.0,220600.0,220600.0,KOSPI,-1.28
700012,27540.0,1.0,1.0,27540.0,27540.0,KOSPI,3.51
252710,105.0,158073518.0,158073518.0,16597719390.0,16597719390.0,KOSPI,20.69
446690,54855.0,23019.0,23019.0,1262707245.0,1262707245.0,KOSPI,2.97
002820,2175.0,11147.0,11147.0,24244725.0,24244725.0,KOSPI,1.87
0083S0,9390.0,9941.0,9941.0,93345990.0,93345990.0,KOSPI,-0.48
0204S0,5900.0,109887.0,109887.0,648333300.0,648333300.0,KOSPI,2.08
093240,442.0,2372703.0,2372703.0,1048734726.0,1048734726.0,KOSPI,8.6
493420,12900.0,28733.0,28733.0,370655700.0,370655700.0,KOSPI,0.27
0065G0,9640.0,39595.0,39595.0,381695800.0,381695800.0,KOSPI,0.52
167860,92410.0,623.0,623.0,57571430.0,57571430.0,KOSPI,-0.22
003535,5580.0,11870.0,11870.0,66234600.0,66234600.0,KOSPI,3.91
0013R0,7875.0,12203.0,12203.0,96098625.0,96098625.0,KOSPI,0.0
0223R0,9360.0,162401.0,162401.0,1520073360.0,1520073360.0,KOSPI,-1.89
069640,1230.0,330417.0,330417.0,406412910.0,406412910.0,KOSPI,9.04
580057,13355.0,2.0,2.0,26710.0,26710.0,KOSPI,1.1
530119,26700.0,353.0,353.0,9425100.0,9425100.0,KOSPI,2.18
450190,44420.0,1649.0,1649.0,73248580.0,73248580.0,KOSPI,-7.83
0152E0,10820.0,5536.0,5536.0,59899520.0,59899520.0,KOSPI,-1.37
006490,895.0,123233.0,123233.0,110293535.0,110293535.0,KOSPI,0.0
440340,12310.0,5908.0,5908.0,72727480.0,72727480.0,KOSPI,0.16
580048,13150.0,5.0,5.0,65750.0,65750.0,KOSPI,-1.2
530130,8750.0,22145.0,22145.0,193768750.0,193768750.0,KOSPI,-2.29
530128,26235.0,561.0,561.0,14717835.0,14717835.0,KOSPI,0.27
461600,8315.0,8418.0,8418.0,69995670.0,69995670.0,KOSPI,-0.95
289480,11380.0,28570.0,28570.0,325126600.0,325126600.0,KOSPI,-1.13
223190,26120.0,1079.0,1079.0,28183480.0,28183480.0,KOSPI,-2.81
010640,1563.0,24915.0,24915.0,38942145.0,38942145.0,KOSPI,0.13
0184E0,10410.0,86559.0,86559.0,901079190.0,901079190.0,KOSPI,-3.3
610028,25935.0,6.0,6.0,155610.0,155610.0,KOSPI,1.53
0115C0,11260.0,7669.0,7669.0,86352940.0,86352940.0,KOSPI,0.09
530063,25835.0,2477.0,2477.0,63993295.0,63993295.0,KOSPI,1.91
550069,25790.0,4.0,4.0,103160.0,103160.0,KOSPI,1.72
006345,9830.0,96592.0,96592.0,949499360.0,949499360.0,KOSPI,-1.4
0164G0,12205.0,21456.0,21456.0,261870480.0,261870480.0,KOSPI,-6.22
357430,840.0,202781.0,202781.0,170336040.0,170336040.0,KOSPI,24.08
520083,25605.0,17.0,17.0,435285.0,435285.0,KOSPI,5.92
030720,5500.0,27797.0,27797.0,152883500.0,152883500.0,KOSPI,0.73
438320,5830.0,21786.0,21786.0,127012380.0,127012380.0,KOSPI,0.87
33637K,1513.0,11776.0,11776.0,17817088.0,17817088.0,KOSPI,-0.07
0097L0,12455.0,6582.0,6582.0,81978810.0,81978810.0,KOSPI,0.04
025890,2290.0,17107.0,17107.0,39175030.0,39175030.0,KOSPI,0.0
0198D0,8195.0,94389.0,94389.0,773517855.0,773517855.0,KOSPI,-13.28
071950,2040.0,507207.0,507207.0,1034702280.0,1034702280.0,KOSPI,10.39
483570,15855.0,8805.0,8805.0,139603275.0,139603275.0,KOSPI,1.7
005320,742.0,62034.0,62034.0,46029228.0,46029228.0,KOSPI,4.21
610022,8430.0,51.0,51.0,429930.0,429930.0,KOSPI,-0.24
760004,9360.0,1.0,1.0,9360.0,9360.0,KOSPI,-0.32
0192T0,6235.0,191833.0,191833.0,1196078755.0,1196078755.0,KOSPI,-0.24
530116,5050.0,44157.0,44157.0,222992850.0,222992850.0,KOSPI,-0.2
0218J0,8410.0,53641.0,53641.0,451120810.0,451120810.0,KOSPI,-0.71
0049K0,11200.0,17575.0,17575.0,196840000.0,196840000.0,KOSPI,0.36
0103T0,8105.0,32136.0,32136.0,260462280.0,260462280.0,KOSPI,0.31
204450,2435.0,52743.0,52743.0,128429205.0,128429205.0,KOSPI,1.46
0067V0,10370.0,3805.0,3805.0,39457850.0,39457850.0,KOSPI,-3.36
300950,5645.0,21522.0,21522.0,121491690.0,121491690.0,KOSPI,-0.96
006740,1044.0,48480.0,48480.0,50613120.0,50613120.0,KOSPI,1.56
002355,3800.0,2563.0,2563.0,9739400.0,9739400.0,KOSPI,1.6
0093D0,16465.0,14735.0,14735.0,242611775.0,242611775.0,KOSPI,-1.08
0047R0,14090.0,2743.0,2743.0,38648870.0,38648870.0,KOSPI,1.22
0150K0,8800.0,79764.0,79764.0,701923200.0,701923200.0,KOSPI,3.35
479850,16415.0,21343.0,21343.0,350345345.0,350345345.0,KOSPI,3.11
500072,2460.0,52704.0,52704.0,129651840.0,129651840.0,KOSPI,-4.84
481340,8890.0,44397.0,44397.0,394689330.0,394689330.0,KOSPI,-0.56
117460,12005.0,43193.0,43193.0,518531965.0,518531965.0,KOSPI,-1.32
610001,12125.0,2.0,2.0,24250.0,24250.0,KOSPI,0.08
138230,16700.0,2297.0,2297.0,38359900.0,38359900.0,KOSPI,0.15
280930,16685.0,9775.0,9775.0,163095875.0,163095875.0,KOSPI,-0.48
0166N0,6420.0,109849.0,109849.0,705230580.0,705230580.0,KOSPI,0.63
195970,16475.0,29830.0,29830.0,491449250.0,491449250.0,KOSPI,-0.03
185680,45185.0,890.0,890.0,40214650.0,40214650.0,KOSPI,-2.98
033250,3755.0,110178.0,110178.0,413718390.0,413718390.0,KOSPI,7.13
610036,23890.0,1640.0,1640.0,39179600.0,39179600.0,KOSPI,3.78
411540,15865.0,56389.0,56389.0,894611485.0,894611485.0,KOSPI,-3.85
277540,31605.0,1417.0,1417.0,44784285.0,44784285.0,KOSPI,-1.97
457690,10505.0,18139.0,18139.0,190550195.0,190550195.0,KOSPI,-0.1
388280,7115.0,3458.0,3458.0,24603670.0,24603670.0,KOSPI,-1.79
261060,19565.0,52904.0,52904.0,1035066760.0,1035066760.0,KOSPI,1.74
003495,21100.0,1036.0,1036.0,21859600.0,21859600.0,KOSPI,0.48
024890,2830.0,24025.0,24025.0,67990750.0,67990750.0,KOSPI,0.18
368190,7285.0,1.0,1.0,7285.0,7285.0,KOSPI,-0.88
0206G0,8175.0,259665.0,259665.0,2122761375.0,2122761375.0,KOSPI,0.0
550088,23235.0,2.0,2.0,46470.0,46470.0,KOSPI,-1.65
496120,30955.0,2581.0,2581.0,79894855.0,79894855.0,KOSPI,-5.05
580071,11585.0,28386.0,28386.0,328851810.0,328851810.0,KOSPI,-0.34
469160,25745.0,52212.0,52212.0,1344197940.0,1344197940.0,KOSPI,2.53
0186L0,9640.0,17123.0,17123.0,165065720.0,165065720.0,KOSPI,0.0
580072,11525.0,25.0,25.0,288125.0,288125.0,KOSPI,-1.87
471460,45765.0,1062.0,1062.0,48602430.0,48602430.0,KOSPI,-0.78
442550,14755.0,23057.0,23057.0,340206035.0,340206035.0,KOSPI,-0.4
0193L0,12485.0,1434999.0,1434999.0,17915962515.0,17915962515.0,KOSPI,12.68
019175,11410.0,4200.0,4200.0,47922000.0,47922000.0,KOSPI,1.42
217770,1381.0,260090.0,260090.0,359184290.0,359184290.0,KOSPI,2.6
500100,11340.0,10036.0,10036.0,113808240.0,113808240.0,KOSPI,-0.4
580073,22570.0,3.0,3.0,67710.0,67710.0,KOSPI,-2.84
570122,11200.0,50.0,50.0,560000.0,560000.0,KOSPI,0.0
117680,10625.0,28521.0,28521.0,303035625.0,303035625.0,KOSPI,-0.7
292500,44575.0,268.0,268.0,11946100.0,11946100.0,KOSPI,-8.61
570115,22275.0,7.0,7.0,155925.0,155925.0,KOSPI,1.09
0198B0,9945.0,39381.0,39381.0,391644045.0,391644045.0,KOSPI,-15.93
459790,20190.0,164.0,164.0,3311160.0,3311160.0,KOSPI,0.95
004270,6130.0,8208.0,8208.0,50315040.0,50315040.0,KOSPI,-2.08
0047P0,14290.0,2079.0,2079.0,29708910.0,29708910.0,KOSPI,1.24
530089,22135.0,388.0,388.0,8588380.0,8588380.0,KOSPI,-0.67
433220,29820.0,133.0,133.0,3966060.0,3966060.0,KOSPI,1.26
300640,6395.0,2974.0,2974.0,19018730.0,19018730.0,KOSPI,-0.85
0026E0,11910.0,393.0,393.0,4680630.0,4680630.0,KOSPI,0.46
159800,78610.0,664.0,664.0,52197040.0,52197040.0,KOSPI,-6.07
289250,31800.0,16890.0,16890.0,537102000.0,537102000.0,KOSPI,-5.5
364990,4810.0,39012.0,39012.0,187647720.0,187647720.0,KOSPI,-1.84
292160,43740.0,1624.0,1624.0,71033760.0,71033760.0,KOSPI,-6.2
239660,121460.0,651.0,651.0,79070460.0,79070460.0,KOSPI,0.02
0153X0,11370.0,49106.0,49106.0,558335220.0,558335220.0,KOSPI,0.26
002360,1938.0,36171.0,36171.0,70099398.0,70099398.0,KOSPI,-2.47
008775,28550.0,571.0,571.0,16302050.0,16302050.0,KOSPI,-1.04
000040,1240.0,40275.0,40275.0,49941000.0,49941000.0,KOSPI,0.4
091220,16220.0,29238.0,29238.0,474240360.0,474240360.0,KOSPI,0.12
580067,10680.0,1.0,1.0,10680.0,10680.0,KOSPI,0.42
489000,9655.0,190528.0,190528.0,1839547840.0,1839547840.0,KOSPI,2.55
463300,13260.0,3399.0,3399.0,45070740.0,45070740.0,KOSPI,-3.07
760026,14125.0,155338.0,155338.0,2194149250.0,2194149250.0,KOSPI,2.43
580074,10565.0,99.0,99.0,1045935.0,1045935.0,KOSPI,-1.72
225130,42250.0,983.0,983.0,41531750.0,41531750.0,KOSPI,-1.55
33626L,7070.0,3441.0,3441.0,24327870.0,24327870.0,KOSPI,-1.67
051630,994.0,135930.0,135930.0,135114420.0,135114420.0,KOSPI,0.51
364690,34955.0,1449.0,1449.0,50649795.0,50649795.0,KOSPI,-5.78
0144M0,7340.0,43974.0,43974.0,322769160.0,322769160.0,KOSPI,1.73
169950,26090.0,406.0,406.0,10592540.0,10592540.0,KOSPI,-1.92
139250,15340.0,37389.0,37389.0,573547260.0,573547260.0,KOSPI,-3.34
0106J0,18000.0,209.0,209.0,3762000.0,3762000.0,KOSPI,-6.52
152380,65020.0,1791.0,1791.0,116450820.0,116450820.0,KOSPI,-0.01
497780,10880.0,18520.0,18520.0,201497600.0,201497600.0,KOSPI,-0.23
0190M0,8105.0,102542.0,102542.0,831102910.0,831102910.0,KOSPI,-3.34
580075,20665.0,1.0,1.0,20665.0,20665.0,KOSPI,-3.0
253290,11480.0,4815.0,4815.0,55276200.0,55276200.0,KOSPI,0.13
447660,13750.0,109597.0,109597.0,1506958750.0,1506958750.0,KOSPI,0.33
011090,1723.0,4554735.0,4554735.0,7847808405.0,7847808405.0,KOSPI,-11.05
001420,2670.0,32197.0,32197.0,85965990.0,85965990.0,KOSPI,2.69
367740,36775.0,1952.0,1952.0,71784800.0,71784800.0,KOSPI,-2.7
570081,20185.0,4.0,4.0,80740.0,80740.0,KOSPI,11.12
0177A0,8060.0,85595.0,85595.0,689895700.0,689895700.0,KOSPI,2.03
461450,13405.0,11631.0,11631.0,155913555.0,155913555.0,KOSPI,1.17
375760,22265.0,139.0,139.0,3094835.0,3094835.0,KOSPI,-7.02
464600,21080.0,5690.0,5690.0,119945200.0,119945200.0,KOSPI,1.35
376410,22225.0,3066.0,3066.0,68141850.0,68141850.0,KOSPI,-5.2
610085,33295.0,1091.0,1091.0,36324845.0,36324845.0,KOSPI,-2.29
465770,2760.0,805922.0,805922.0,2224344720.0,2224344720.0,KOSPI,-10.97
530112,19800.0,141.0,141.0,2791800.0,2791800.0,KOSPI,0.51
108590,98685.0,248.0,248.0,24473880.0,24473880.0,KOSPI,-5.12
610104,19660.0,79.0,79.0,1553140.0,1553140.0,KOSPI,1.47
371450,12920.0,44651.0,44651.0,576890920.0,576890920.0,KOSPI,1.53
445910,19615.0,3073.0,3073.0,60276895.0,60276895.0,KOSPI,-1.95
006200,2085.0,96976.0,96976.0,202194960.0,202194960.0,KOSPI,-1.42
236350,31395.0,1105.0,1105.0,34691475.0,34691475.0,KOSPI,2.25
0104P0,10810.0,14870.0,14870.0,160744700.0,160744700.0,KOSPI,-0.73
001685,14130.0,595.0,595.0,8407350.0,8407350.0,KOSPI,0.28
580066,9680.0,434.0,434.0,4201120.0,4201120.0,KOSPI,-0.72
0221Z0,9630.0,438718.0,438718.0,4224854340.0,4224854340.0,KOSPI,6.12
213630,20900.0,14642.0,14642.0,306017800.0,306017800.0,KOSPI,-0.43
530106,19070.0,16090.0,16090.0,306836300.0,306836300.0,KOSPI,7.77
468370,11085.0,30058.0,30058.0,333192930.0,333192930.0,KOSPI,0.05
700017,19010.0,597.0,597.0,11348970.0,11348970.0,KOSPI,3.01
760022,9435.0,1905.0,1905.0,17973675.0,17973675.0,KOSPI,-1.05
337120,31445.0,3155.0,3155.0,99208975.0,99208975.0,KOSPI,-6.32
760008,9415.0,21.0,21.0,197715.0,197715.0,KOSPI,6.02
0127R0,15565.0,9715.0,9715.0,151213975.0,151213975.0,KOSPI,-0.64
404260,20730.0,273.0,273.0,5659290.0,5659290.0,KOSPI,-1.19
460660,12425.0,14308.0,14308.0,177776900.0,177776900.0,KOSPI,-0.08
407310,15530.0,2183.0,2183.0,33901990.0,33901990.0,KOSPI,-4.72
416090,12405.0,17518.0,17518.0,217310790.0,217310790.0,KOSPI,-7.56
580089,18545.0,21528.0,21528.0,399236760.0,399236760.0,KOSPI,-1.72
570125,18535.0,3.0,3.0,55605.0,55605.0,KOSPI,-1.04
760021,26460.0,9.0,9.0,238140.0,238140.0,KOSPI,-3.83
0223A0,9260.0,566827.0,566827.0,5248818020.0,5248818020.0,KOSPI,2.49
219390,7555.0,53162.0,53162.0,401638910.0,401638910.0,KOSPI,-0.2
530140,18350.0,5295.0,5295.0,97163250.0,97163250.0,KOSPI,-5.24
461910,36660.0,262.0,262.0,9604920.0,9604920.0,KOSPI,2.2
289040,30545.0,1650.0,1650.0,50399250.0,50399250.0,KOSPI,-5.04
284980,21760.0,10740.0,10740.0,233702400.0,233702400.0,KOSPI,-0.89
550085,9130.0,5.0,5.0,45650.0,45650.0,KOSPI,3.87
487950,12575.0,40156.0,40156.0,504961700.0,504961700.0,KOSPI,1.41
417630,17330.0,2044.0,2044.0,35422520.0,35422520.0,KOSPI,-2.34
304770,12460.0,45943.0,45943.0,572449780.0,572449780.0,KOSPI,2.98
226980,20180.0,43963.0,43963.0,887173340.0,887173340.0,KOSPI,-0.17
0192S0,9050.0,191025.0,191025.0,1728776250.0,1728776250.0,KOSPI,-3.62
580090,18065.0,22623.0,22623.0,408684495.0,408684495.0,KOSPI,0.78
0051A0,24060.0,1454.0,1454.0,34983240.0,34983240.0,KOSPI,-0.15
570071,18045.0,6.0,6.0,108270.0,108270.0,KOSPI,0.31
474920,19180.0,15218.0,15218.0,291881240.0,291881240.0,KOSPI,-0.1
760012,25730.0,1220.0,1220.0,31390600.0,31390600.0,KOSPI,-5.11
461900,22395.0,1269.0,1269.0,28419255.0,28419255.0,KOSPI,1.11
520039,8940.0,1147.0,1147.0,10254180.0,10254180.0,KOSPI,2.23
449580,16220.0,9174.0,9174.0,148802280.0,148802280.0,KOSPI,0.84
610040,17785.0,264.0,264.0,4695240.0,4695240.0,KOSPI,1.31
0220A0,9350.0,26193.0,26193.0,244904550.0,244904550.0,KOSPI,-0.05
0018Z0,17750.0,7154.0,7154.0,126983500.0,126983500.0,KOSPI,0.8
00499K,22000.0,124.0,124.0,2728000.0,2728000.0,KOSPI,0.69
477490,19445.0,39.0,39.0,758355.0,758355.0,KOSPI,1.46
415760,12850.0,17332.0,17332.0,222716200.0,222716200.0,KOSPI,-5.34
183710,87105.0,143.0,143.0,12456015.0,12456015.0,KOSPI,-4.34
580026,34725.0,553.0,553.0,19202925.0,19202925.0,KOSPI,-0.84
453630,12840.0,13985.0,13985.0,179567400.0,179567400.0,KOSPI,-0.62
700036,3460.0,2755787.0,2755787.0,9535023020.0,9535023020.0,KOSPI,12.52
483330,14370.0,19622.0,19622.0,281968140.0,281968140.0,KOSPI,2.57
419650,5220.0,9023.0,9023.0,47100060.0,47100060.0,KOSPI,-0.19
381560,15640.0,405797.0,405797.0,6346665080.0,6346665080.0,KOSPI,-2.16
0086C0,9795.0,24326.0,24326.0,238273170.0,238273170.0,KOSPI,-0.2
445690,28560.0,50.0,50.0,1428000.0,1428000.0,KOSPI,-2.28
250730,10055.0,9492.0,9492.0,95442060.0,95442060.0,KOSPI,0.55
304760,42695.0,63.0,63.0,2689785.0,2689785.0,KOSPI,-9.0
332620,91280.0,404.0,404.0,36877120.0,36877120.0,KOSPI,-0.35
012170,842.0,887060.0,887060.0,746904520.0,746904520.0,KOSPI,29.94
108675,16480.0,775.0,775.0,12772000.0,12772000.0,KOSPI,1.1
195920,33940.0,1298.0,1298.0,44054120.0,44054120.0,KOSPI,-1.38
228820,16935.0,6043.0,6043.0,102338205.0,102338205.0,KOSPI,-6.8
229720,33830.0,3027.0,3027.0,102403410.0,102403410.0,KOSPI,-5.05
453010,109610.0,4228.0,4228.0,463431080.0,463431080.0,KOSPI,0.01
291130,18710.0,352.0,352.0,6585920.0,6585920.0,KOSPI,-0.13
0105D0,9070.0,48585.0,48585.0,440665950.0,440665950.0,KOSPI,-0.11
570121,8360.0,10.0,10.0,83600.0,83600.0,KOSPI,-0.48
530123,16715.0,4.0,4.0,66860.0,66860.0,KOSPI,-0.71
453820,12855.0,9586.0,9586.0,123228030.0,123228030.0,KOSPI,2.02
276000,19600.0,4068.0,4068.0,79732800.0,79732800.0,KOSPI,-1.41
530132,16590.0,8238.0,8238.0,136668420.0,136668420.0,KOSPI,-4.16
610087,16510.0,5.0,5.0,82550.0,82550.0,KOSPI,-2.71
280320,20575.0,153.0,153.0,3147975.0,3147975.0,KOSPI,2.47
494420,9625.0,7459.0,7459.0,71792875.0,71792875.0,KOSPI,0.26
580070,16310.0,8150.0,8150.0,132926500.0,132926500.0,KOSPI,-5.7
225060,15280.0,3803.0,3803.0,58109840.0,58109840.0,KOSPI,-0.88
0193K0,10735.0,91660.0,91660.0,983970100.0,983970100.0,KOSPI,-14.53
227830,64305.0,1906.0,1906.0,122565330.0,122565330.0,KOSPI,-6.42
385600,10715.0,4807.0,4807.0,51507005.0,51507005.0,KOSPI,-0.79
432840,20045.0,2968.0,2968.0,59493560.0,59493560.0,KOSPI,0.8
530138,16000.0,546.0,546.0,8736000.0,8736000.0,KOSPI,-6.62
520099,5330.0,3544101.0,3544101.0,18890058330.0,18890058330.0,KOSPI,13.04
530120,15860.0,134.0,134.0,2125240.0,2125240.0,KOSPI,0.44
002070,6590.0,335725.0,335725.0,2212427750.0,2212427750.0,KOSPI,29.98
0000H0,10915.0,11265.0,11265.0,122957475.0,122957475.0,KOSPI,1.16
292050,44605.0,1170.0,1170.0,52187850.0,52187850.0,KOSPI,-9.12
289260,25970.0,13430.0,13430.0,348777100.0,348777100.0,KOSPI,-4.52
700034,10385.0,13274.0,13274.0,137850490.0,137850490.0,KOSPI,-1.42
015260,329.0,409778.0,409778.0,134816962.0,134816962.0,KOSPI,-6.27
580088,30975.0,12381.0,12381.0,383501475.0,383501475.0,KOSPI,19.11
005725,4285.0,4037.0,4037.0,17298545.0,17298545.0,KOSPI,-0.23
580050,15400.0,48.0,48.0,739200.0,739200.0,KOSPI,-6.15
520088,7690.0,1224.0,1224.0,9412560.0,9412560.0,KOSPI,-2.47
760017,21955.0,1204.0,1204.0,26433820.0,26433820.0,KOSPI,-2.2
18064K,28500.0,2914.0,2914.0,83049000.0,83049000.0,KOSPI,5.17
488290,43625.0,8112.0,8112.0,353886000.0,353886000.0,KOSPI,3.28
391670,25300.0,353.0,353.0,8930900.0,8930900.0,KOSPI,-6.3
491510,16855.0,57.0,57.0,960735.0,960735.0,KOSPI,-1.63
580052,30320.0,900.0,900.0,27288000.0,27288000.0,KOSPI,5.33
114460,100655.0,154.0,154.0,15500870.0,15500870.0,KOSPI,0.0
0153P0,9415.0,1155.0,1155.0,10874325.0,10874325.0,KOSPI,-0.05
580086,15040.0,27650.0,27650.0,415856000.0,415856000.0,KOSPI,-0.56
530095,15010.0,18.0,18.0,270180.0,270180.0,KOSPI,0.91
002025,12900.0,3875.0,3875.0,49987500.0,49987500.0,KOSPI,2.95
131890,37375.0,966.0,966.0,36104250.0,36104250.0,KOSPI,-2.92
404120,21350.0,1149.0,1149.0,24531150.0,24531150.0,KOSPI,-2.4
500024,7445.0,4.0,4.0,29780.0,29780.0,KOSPI,0.54
379790,17440.0,22736.0,22736.0,396515840.0,396515840.0,KOSPI,0.26
0216Z0,8010.0,391762.0,391762.0,3138013620.0,3138013620.0,KOSPI,-0.56
570105,4930.0,3219.0,3219.0,15869670.0,15869670.0,KOSPI,1.13
610039,14710.0,1.0,1.0,14710.0,14710.0,KOSPI,0.72
0207Z0,6790.0,11755.0,11755.0,79816450.0,79816450.0,KOSPI,0.3
0013P0,13260.0,12628.0,12628.0,167447280.0,167447280.0,KOSPI,0.76
570063,14565.0,2521.0,2521.0,36718365.0,36718365.0,KOSPI,0.0
520076,5825.0,21153.0,21153.0,123216225.0,123216225.0,KOSPI,-0.17
580080,14475.0,8.0,8.0,115800.0,115800.0,KOSPI,0.52
610072,28895.0,20.0,20.0,577900.0,577900.0,KOSPI,0.3
570099,14385.0,29.0,29.0,417165.0,417165.0,KOSPI,-4.92
396510,7610.0,3148.0,3148.0,23956280.0,23956280.0,KOSPI,1.53
530092,2860.0,198474.0,198474.0,567635640.0,567635640.0,KOSPI,9.16
530129,14150.0,66.0,66.0,933900.0,933900.0,KOSPI,-1.53
580047,14125.0,1.0,1.0,14125.0,14125.0,KOSPI,2.43
484890,52415.0,11927.0,11927.0,625153705.0,625153705.0,KOSPI,-0.01
413930,25435.0,4488.0,4488.0,114152280.0,114152280.0,KOSPI,-4.95
438900,10755.0,9466.0,9466.0,101806830.0,101806830.0,KOSPI,-0.78
337150,23215.0,402.0,402.0,9332430.0,9332430.0,KOSPI,-1.74
0207G0,5655.0,588154.0,588154.0,3326010870.0,3326010870.0,KOSPI,4.72
104520,13840.0,4062.0,4062.0,56218080.0,56218080.0,KOSPI,-2.29
000087,12240.0,213.0,213.0,2607120.0,2607120.0,KOSPI,0.16
130680,6430.0,107474.0,107474.0,691057820.0,691057820.0,KOSPI,-3.74
760027,6895.0,175515.0,175515.0,1210175925.0,1210175925.0,KOSPI,-2.41
0194R0,7635.0,22686.0,22686.0,173207610.0,173207610.0,KOSPI,-16.1
417450,16130.0,6699.0,6699.0,108054870.0,108054870.0,KOSPI,1.48
0028X0,11825.0,4698.0,4698.0,55553850.0,55553850.0,KOSPI,-1.09
550097,13595.0,1274.0,1274.0,17320030.0,17320030.0,KOSPI,3.19
387280,10220.0,338.0,338.0,3454360.0,3454360.0,KOSPI,0.15
0127V0,10820.0,2011.0,2011.0,21759020.0,21759020.0,KOSPI,1.36
435040,19315.0,861.0,861.0,16630215.0,16630215.0,KOSPI,0.23
0127T0,11235.0,3437.0,3437.0,38614695.0,38614695.0,KOSPI,0.94
580054,26845.0,1.0,1.0,26845.0,26845.0,KOSPI,2.31
001795,2060.0,7333.0,7333.0,15105980.0,15105980.0,KOSPI,0.49
0004G0,9485.0,10417.0,10417.0,98805245.0,98805245.0,KOSPI,0.0
610062,66345.0,157.0,157.0,10416165.0,10416165.0,KOSPI,2.27
489860,15590.0,2376.0,2376.0,37041840.0,37041840.0,KOSPI,2.77
019685,682.0,4686.0,4686.0,3195852.0,3195852.0,KOSPI,3.33
0104G0,5400.0,19819.0,19819.0,107022600.0,107022600.0,KOSPI,-2.7
465670,16515.0,24517.0,24517.0,404898255.0,404898255.0,KOSPI,0.03
234310,26075.0,20.0,20.0,521500.0,521500.0,KOSPI,-4.91
580032,26050.0,1740.0,1740.0,45327000.0,45327000.0,KOSPI,1.62
45226K,4460.0,36767.0,36767.0,163980820.0,163980820.0,KOSPI,0.56
760023,12935.0,3052.0,3052.0,39477620.0,39477620.0,KOSPI,-3.47
610096,12935.0,894.0,894.0,11563890.0,11563890.0,KOSPI,0.62
102960,12185.0,4489.0,4489.0,54698465.0,54698465.0,KOSPI,-1.73
580083,25815.0,2.0,2.0,51630.0,51630.0,KOSPI,0.96
700032,12900.0,250.0,250.0,3225000.0,3225000.0,KOSPI,0.86
428560,16120.0,3706.0,3706.0,59740720.0,59740720.0,KOSPI,-1.01
0090B0,6285.0,27455.0,27455.0,172554675.0,172554675.0,KOSPI,0.8
496130,23760.0,215.0,215.0,5108400.0,5108400.0,KOSPI,-5.94
300610,5440.0,12044.0,12044.0,65519360.0,65519360.0,KOSPI,-0.46
570123,6370.0,1.0,1.0,6370.0,6370.0,KOSPI,-0.39
760015,6360.0,50279.0,50279.0,319774440.0,319774440.0,KOSPI,0.95
610071,12685.0,9.0,9.0,114165.0,114165.0,KOSPI,0.2
435550,18115.0,4099.0,4099.0,74253385.0,74253385.0,KOSPI,0.39
500063,6335.0,7.0,7.0,44345.0,44345.0,KOSPI,-2.84
520064,6330.0,147.0,147.0,930510.0,930510.0,KOSPI,-1.63
137610,5270.0,5702.0,5702.0,30049540.0,30049540.0,KOSPI,-0.47
520040,6320.0,8276.0,8276.0,52304320.0,52304320.0,KOSPI,-2.92
472720,24280.0,2241.0,2241.0,54411480.0,54411480.0,KOSPI,-1.72
0015F0,9710.0,2915.0,2915.0,28304650.0,28304650.0,KOSPI,0.0
453660,18005.0,47321.0,47321.0,852014605.0,852014605.0,KOSPI,3.09
269370,18000.0,529.0,529.0,9522000.0,9522000.0,KOSPI,0.03
404650,20995.0,143.0,143.0,3002285.0,3002285.0,KOSPI,0.07
360150,3070.0,157512.0,157512.0,483561840.0,483561840.0,KOSPI,9.06
0088N0,9300.0,6503.0,6503.0,60477900.0,60477900.0,KOSPI,-2.0
244620,17900.0,719.0,719.0,12870100.0,12870100.0,KOSPI,-0.06
266410,8940.0,20778.0,20778.0,185755320.0,185755320.0,KOSPI,-0.67
269530,20850.0,896.0,896.0,18681600.0,18681600.0,KOSPI,-1.23
463640,14715.0,4169.0,4169.0,61346835.0,61346835.0,KOSPI,-1.08
00806K,10310.0,2435.0,2435.0,25104850.0,25104850.0,KOSPI,-1.06
266390,13885.0,40237.0,40237.0,558690745.0,558690745.0,KOSPI,-1.45
550100,12475.0,863.0,863.0,10765925.0,10765925.0,KOSPI,0.73
520097,12450.0,5560.0,5560.0,69222000.0,69222000.0,KOSPI,-3.49
332610,129685.0,1000.0,1000.0,129685000.0,129685000.0,KOSPI,-0.07
363510,111935.0,42.0,42.0,4701270.0,4701270.0,KOSPI,-0.01
0008E0,12995.0,657.0,657.0,8537715.0,8537715.0,KOSPI,1.76
494180,13675.0,59742.0,59742.0,816971850.0,816971850.0,KOSPI,0.15
700030,3070.0,50106.0,50106.0,153825420.0,153825420.0,KOSPI,5.86
145995,33100.0,408.0,408.0,13504800.0,13504800.0,KOSPI,0.0
453060,111165.0,32.0,32.0,3557280.0,3557280.0,KOSPI,0.01
400570,11085.0,1774.0,1774.0,19664790.0,19664790.0,KOSPI,-0.63
354240,11070.0,2956.0,2956.0,32722920.0,32722920.0,KOSPI,-0.05
457700,9180.0,363.0,363.0,3332340.0,3332340.0,KOSPI,-0.6
485810,10955.0,4703.0,4703.0,51521365.0,51521365.0,KOSPI,-0.99
610093,24065.0,14.0,14.0,336910.0,336910.0,KOSPI,3.95
005257,14210.0,646.0,646.0,9179660.0,9179660.0,KOSPI,1.0
409810,5715.0,55847.0,55847.0,319165605.0,319165605.0,KOSPI,0.0
290080,6850.0,15030.0,15030.0,102955500.0,102955500.0,KOSPI,0.29
371870,7445.0,23357.0,23357.0,173892865.0,173892865.0,KOSPI,1.5
448490,52935.0,1070.0,1070.0,56640450.0,56640450.0,KOSPI,-0.08
610086,59195.0,11.0,11.0,651145.0,651145.0,KOSPI,2.04
610030,11790.0,1.0,1.0,11790.0,11790.0,KOSPI,-0.04
0094L0,8420.0,2159.0,2159.0,18178780.0,18178780.0,KOSPI,0.12
700014,11775.0,1.0,1.0,11775.0,11775.0,KOSPI,1.42
251590,16635.0,1496.0,1496.0,24885960.0,24885960.0,KOSPI,-1.33
451600,84825.0,14.0,14.0,1187550.0,1187550.0,KOSPI,-0.75
580051,7735.0,3294.0,3294.0,25479090.0,25479090.0,KOSPI,-6.58
520038,2900.0,179763.0,179763.0,521312700.0,521312700.0,KOSPI,3.76
0084E0,10530.0,8.0,8.0,84240.0,84240.0,KOSPI,0.77
280920,20975.0,27.0,27.0,566325.0,566325.0,KOSPI,-3.65
610049,11500.0,1.0,1.0,11500.0,11500.0,KOSPI,0.09
279540,19130.0,116.0,116.0,2219080.0,2219080.0,KOSPI,0.21
395760,19110.0,60.0,60.0,1146600.0,1146600.0,KOSPI,-6.09
610074,11440.0,267.0,267.0,3054480.0,3054480.0,KOSPI,-0.13
610045,11400.0,4.0,4.0,45600.0,45600.0,KOSPI,0.09
0208N0,6880.0,17396.0,17396.0,119684480.0,119684480.0,KOSPI,-5.23
530139,11335.0,914.0,914.0,10360190.0,10360190.0,KOSPI,-2.2
430500,112850.0,136.0,136.0,15347600.0,15347600.0,KOSPI,-0.13
0093B0,12535.0,461.0,461.0,5778635.0,5778635.0,KOSPI,0.44
419420,9360.0,724.0,724.0,6776640.0,6776640.0,KOSPI,-1.21
451150,17905.0,5.0,5.0,89525.0,89525.0,KOSPI,-0.44
464610,7400.0,24498.0,24498.0,181285200.0,181285200.0,KOSPI,2.07
410870,9230.0,7643.0,7643.0,70544890.0,70544890.0,KOSPI,1.1
140580,22135.0,15.0,15.0,332025.0,332025.0,KOSPI,-3.45
0067Y0,11045.0,4751.0,4751.0,52474795.0,52474795.0,KOSPI,0.41
570096,11040.0,2.0,2.0,22080.0,22080.0,KOSPI,-3.92
310080,9595.0,10272.0,10272.0,98559840.0,98559840.0,KOSPI,1.37
610060,22060.0,5.0,5.0,110300.0,110300.0,KOSPI,0.85
140710,6120.0,92308.0,92308.0,564924960.0,564924960.0,KOSPI,-0.97
610070,21980.0,302.0,302.0,6637960.0,6637960.0,KOSPI,-3.93
610055,21955.0,24.0,24.0,526920.0,526920.0,KOSPI,0.05
610079,54695.0,38.0,38.0,2078410.0,2078410.0,KOSPI,2.32
0222D0,9925.0,18062.0,18062.0,179265350.0,179265350.0,KOSPI,-1.15
580059,10875.0,21.0,21.0,228375.0,228375.0,KOSPI,-1.0
487910,9000.0,4214.0,4214.0,37926000.0,37926000.0,KOSPI,0.39
0068M0,11980.0,245.0,245.0,2935100.0,2935100.0,KOSPI,-0.37
456250,9335.0,7197.0,7197.0,67183995.0,67183995.0,KOSPI,0.05
354350,20625.0,1613.0,1613.0,33268125.0,33268125.0,KOSPI,-0.39
700035,10705.0,21872.0,21872.0,234139760.0,234139760.0,KOSPI,1.95
166400,21385.0,1077.0,1077.0,23031645.0,23031645.0,KOSPI,-4.57
0120X0,10080.0,1.0,1.0,10080.0,10080.0,KOSPI,0.15
0002C0,9890.0,2244.0,2244.0,22193160.0,22193160.0,KOSPI,0.82
530137,10680.0,913.0,913.0,9750840.0,9750840.0,KOSPI,-3.39
610035,10675.0,2760.0,2760.0,29463000.0,29463000.0,KOSPI,-4.04
487750,26525.0,2099.0,2099.0,55675975.0,55675975.0,KOSPI,-2.48
0224X0,10040.0,186100.0,186100.0,1868444000.0,1868444000.0,KOSPI,1.06
610077,10535.0,14.0,14.0,147490.0,147490.0,KOSPI,-0.47
38380K,7190.0,100.0,100.0,719000.0,719000.0,KOSPI,0.84
610092,10510.0,32.0,32.0,336320.0,336320.0,KOSPI,3.09
460270,12945.0,17419.0,17419.0,225488955.0,225488955.0,KOSPI,0.04
117690,20960.0,1930.0,1930.0,40452800.0,40452800.0,KOSPI,1.62
580060,20815.0,4.0,4.0,83260.0,83260.0,KOSPI,-0.31
580087,10380.0,147.0,147.0,1525860.0,1525860.0,KOSPI,-0.48
570107,4135.0,4091.0,4091.0,16916285.0,16916285.0,KOSPI,2.22
181480,86020.0,5259.0,5259.0,452379180.0,452379180.0,KOSPI,-2.08
252650,17145.0,26502.0,26502.0,454376790.0,454376790.0,KOSPI,-0.41
044380,795.0,400280.0,400280.0,318222600.0,318222600.0,KOSPI,4.33
407820,5695.0,528.0,528.0,3006960.0,3006960.0,KOSPI,-1.04
610082,10240.0,3.0,3.0,30720.0,30720.0,KOSPI,0.2
610068,10225.0,3818.0,3818.0,39039050.0,39039050.0,KOSPI,2.25
0113G0,10730.0,5840.0,5840.0,62663200.0,62663200.0,KOSPI,-2.32
237440,10125.0,1138.0,1138.0,11522250.0,11522250.0,KOSPI,0.4
610106,10100.0,30.0,30.0,303000.0,303000.0,KOSPI,0.9
610102,10080.0,3.0,3.0,30240.0,30240.0,KOSPI,-0.79
373490,22380.0,738.0,738.0,16516440.0,16516440.0,KOSPI,-2.01
610076,50300.0,1.0,1.0,50300.0,50300.0,KOSPI,1.39
500086,10055.0,4.0,4.0,40220.0,40220.0,KOSPI,5.68
530064,667.0,462526.0,462526.0,308504842.0,308504842.0,KOSPI,-1.48
498050,10005.0,8044.0,8044.0,80480220.0,80480220.0,KOSPI,2.83
429010,20000.0,223.0,223.0,4460000.0,4460000.0,KOSPI,-0.65
570085,9990.0,82.0,82.0,819180.0,819180.0,KOSPI,0.71
385710,9895.0,2116.0,2116.0,20937820.0,20937820.0,KOSPI,-2.27
0189Z0,9870.0,696.0,696.0,6869520.0,6869520.0,KOSPI,0.0
580061,9865.0,2555.0,2555.0,25205075.0,25205075.0,KOSPI,-1.05
0120J0,7840.0,8983.0,8983.0,70426720.0,70426720.0,KOSPI,-0.32
004255,1855.0,46709.0,46709.0,86645195.0,86645195.0,KOSPI,0.27
252000,17760.0,377.0,377.0,6695520.0,6695520.0,KOSPI,-1.47
580065,9650.0,1505.0,1505.0,14523250.0,14523250.0,KOSPI,3.15
371150,7420.0,8261.0,8261.0,61296620.0,61296620.0,KOSPI,1.02
0174R0,11345.0,5627.0,5627.0,63838315.0,63838315.0,KOSPI,0.49
446700,8915.0,4212.0,4212.0,37549980.0,37549980.0,KOSPI,-0.78
399580,9590.0,5113.0,5113.0,49033670.0,49033670.0,KOSPI,0.42
0001P0,8535.0,14700.0,14700.0,125464500.0,125464500.0,KOSPI,1.73
580043,19080.0,4225.0,4225.0,80613000.0,80613000.0,KOSPI,4.43
461580,13610.0,638.0,638.0,8683180.0,8683180.0,KOSPI,0.07
530141,9490.0,2543.0,2543.0,24133070.0,24133070.0,KOSPI,0.32
520046,9465.0,4683.0,4683.0,44324595.0,44324595.0,KOSPI,-3.07
0203D0,8580.0,17615.0,17615.0,151136700.0,151136700.0,KOSPI,-4.45
084695,10300.0,10282.0,10282.0,105904600.0,105904600.0,KOSPI,-4.28
375270,14460.0,1717.0,1717.0,24827820.0,24827820.0,KOSPI,-1.3
0224D0,9345.0,24073.0,24073.0,224962185.0,224962185.0,KOSPI,-2.96
0191S0,12610.0,4038.0,4038.0,50919180.0,50919180.0,KOSPI,2.9
0133E0,8880.0,2778.0,2778.0,24668640.0,24668640.0,KOSPI,-2.04
105010,6660.0,14521.0,14521.0,96709860.0,96709860.0,KOSPI,0.23
001755,19710.0,554.0,554.0,10919340.0,10919340.0,KOSPI,1.03
520085,9300.0,5054.0,5054.0,47002200.0,47002200.0,KOSPI,-9.27
0084D0,11560.0,14351.0,14351.0,165897560.0,165897560.0,KOSPI,-1.03
003075,12440.0,91.0,91.0,1132040.0,1132040.0,KOSPI,-0.96
281990,16750.0,193.0,193.0,3232750.0,3232750.0,KOSPI,-2.45
550099,9195.0,110.0,110.0,1011450.0,1011450.0,KOSPI,-1.02
140570,22955.0,75.0,75.0,1721625.0,1721625.0,KOSPI,-1.99
395150,1800.0,23268.0,23268.0,41882400.0,41882400.0,KOSPI,-0.5
001067,43700.0,2.0,2.0,87400.0,87400.0,KOSPI,0.23
570094,9125.0,215.0,215.0,1961875.0,1961875.0,KOSPI,2.18
570114,9120.0,252.0,252.0,2298240.0,2298240.0,KOSPI,-2.56
610097,9110.0,1.0,1.0,9110.0,9110.0,KOSPI,-0.98
449680,10685.0,8.0,8.0,85480.0,85480.0,KOSPI,0.38
341850,4525.0,2391.0,2391.0,10819275.0,10819275.0,KOSPI,-0.77
610090,9045.0,9.0,9.0,81405.0,81405.0,KOSPI,2.15
004105,2740.0,8182.0,8182.0,22418680.0,22418680.0,KOSPI,-0.36
497510,12895.0,1607.0,1607.0,20722265.0,20722265.0,KOSPI,-1.07
480460,9015.0,1157.0,1157.0,10430355.0,10430355.0,KOSPI,-0.99
463690,17970.0,1616.0,1616.0,29039520.0,29039520.0,KOSPI,1.24
0194N0,9675.0,32282.0,32282.0,312328350.0,312328350.0,KOSPI,-15.76
530114,8870.0,1515.0,1515.0,13438050.0,13438050.0,KOSPI,-1.17
435540,17660.0,349.0,349.0,6163340.0,6163340.0,KOSPI,0.43
610059,17585.0,201.0,201.0,3534585.0,3534585.0,KOSPI,-0.11
550098,8775.0,20307.0,20307.0,178193925.0,178193925.0,KOSPI,-4.57
610084,8765.0,1.0,1.0,8765.0,8765.0,KOSPI,-1.07
500101,8725.0,38.0,38.0,331550.0,331550.0,KOSPI,-0.46
580085,8720.0,175.0,175.0,1526000.0,1526000.0,KOSPI,-0.85
610034,8715.0,23.0,23.0,200445.0,200445.0,KOSPI,-2.02
301400,12435.0,21340.0,21340.0,265362900.0,265362900.0,KOSPI,0.93
230480,4325.0,3498.0,3498.0,15128850.0,15128850.0,KOSPI,-0.23
00781K,10990.0,443.0,443.0,4868570.0,4868570.0,KOSPI,-1.43
530090,2860.0,2172.0,2172.0,6211920.0,6211920.0,KOSPI,-0.17
261110,17100.0,1360.0,1360.0,23256000.0,23256000.0,KOSPI,0.47
0214M0,10055.0,21833.0,21833.0,219530815.0,219530815.0,KOSPI,3.08
487920,8510.0,1459.0,1459.0,12416090.0,12416090.0,KOSPI,1.25
500068,12140.0,2.0,2.0,24280.0,24280.0,KOSPI,-0.08
530135,8460.0,2.0,2.0,16920.0,16920.0,KOSPI,1.08
700033,8430.0,15755.0,15755.0,132814650.0,132814650.0,KOSPI,-1.58
0184N0,8425.0,6633.0,6633.0,55883025.0,55883025.0,KOSPI,-0.3
520084,8390.0,36.0,36.0,302040.0,302040.0,KOSPI,-7.29
000225,3695.0,4301.0,4301.0,15892195.0,15892195.0,KOSPI,-0.94
497520,12840.0,10803.0,10803.0,138710520.0,138710520.0,KOSPI,-2.36
215620,15430.0,212.0,212.0,3271160.0,3271160.0,KOSPI,-0.26
429980,16645.0,129.0,129.0,2147205.0,2147205.0,KOSPI,-1.71
217780,5355.0,282.0,282.0,1510110.0,1510110.0,KOSPI,1.32
182490,13830.0,63.0,63.0,871290.0,871290.0,KOSPI,0.33
395280,3530.0,10619.0,10619.0,37485070.0,37485070.0,KOSPI,-1.81
404540,20690.0,10126.0,10126.0,209506940.0,209506940.0,KOSPI,-3.14
610095,8240.0,20036.0,20036.0,165096640.0,165096640.0,KOSPI,-0.6
490330,14965.0,2247.0,2247.0,33626355.0,33626355.0,KOSPI,-2.44
0219B0,9130.0,54784.0,54784.0,500177920.0,500177920.0,KOSPI,2.13
462340,16400.0,69.0,69.0,1131600.0,1131600.0,KOSPI,-0.33
700031,8200.0,1219.0,1219.0,9995800.0,9995800.0,KOSPI,-0.3
225800,16030.0,213.0,213.0,3414390.0,3414390.0,KOSPI,0.0
530056,2005.0,20793.0,20793.0,41689965.0,41689965.0,KOSPI,0.75
270800,14570.0,343.0,343.0,4997510.0,4997510.0,KOSPI,-0.21
0216K0,8000.0,16337.0,16337.0,130696000.0,130696000.0,KOSPI,-4.08
570097,7960.0,13911.0,13911.0,110731560.0,110731560.0,KOSPI,2.58
435530,15740.0,1086.0,1086.0,17093640.0,17093640.0,KOSPI,0.32
530142,7855.0,5188.0,5188.0,40751740.0,40751740.0,KOSPI,2.28
610094,7820.0,14789.0,14789.0,115649980.0,115649980.0,KOSPI,-0.64
700011,7795.0,1120.0,1120.0,8730400.0,8730400.0,KOSPI,-2.99
0166T0,9740.0,20008.0,20008.0,194877920.0,194877920.0,KOSPI,-3.18
482030,7780.0,8463.0,8463.0,65842140.0,65842140.0,KOSPI,0.65
494210,11035.0,4637.0,4637.0,51169295.0,51169295.0,KOSPI,1.42
189400,25680.0,282.0,282.0,7241760.0,7241760.0,KOSPI,1.28
580053,15390.0,15.0,15.0,230850.0,230850.0,KOSPI,-2.01
0082F0,10965.0,968.0,968.0,10614120.0,10614120.0,KOSPI,0.18
0094X0,8515.0,6165.0,6165.0,52494975.0,52494975.0,KOSPI,0.59
610091,15235.0,3.0,3.0,45705.0,45705.0,KOSPI,2.08
174350,20030.0,1785.0,1785.0,35753550.0,35753550.0,KOSPI,-0.69
395750,18850.0,2037.0,2037.0,38397450.0,38397450.0,KOSPI,-6.43
0047N0,10760.0,8715.0,8715.0,93773400.0,93773400.0,KOSPI,1.18
0005C0,11585.0,3323.0,3323.0,38496955.0,38496955.0,KOSPI,3.39
402460,13675.0,153.0,153.0,2092275.0,2092275.0,KOSPI,1.11
256450,14995.0,2686.0,2686.0,40276570.0,40276570.0,KOSPI,-1.77
457930,24970.0,10.0,10.0,249700.0,249700.0,KOSPI,-0.56
390400,7470.0,758.0,758.0,5662260.0,5662260.0,KOSPI,-0.53
437370,10655.0,2100.0,2100.0,22375500.0,22375500.0,KOSPI,-2.61
304670,12385.0,273.0,273.0,3381105.0,3381105.0,KOSPI,0.61
0138D0,10615.0,9852.0,9852.0,104578980.0,104578980.0,KOSPI,-1.21
500036,3715.0,2.0,2.0,7430.0,7430.0,KOSPI,0.27
001065,21700.0,35.0,35.0,759500.0,759500.0,KOSPI,1.17
001515,3790.0,6338.0,6338.0,24021020.0,24021020.0,KOSPI,1.07
0215T0,8235.0,7709.0,7709.0,63483615.0,63483615.0,KOSPI,-0.66
610073,14805.0,103.0,103.0,1524915.0,1524915.0,KOSPI,1.65
225050,16390.0,652.0,652.0,10686280.0,10686280.0,KOSPI,0.46
570101,7355.0,188.0,188.0,1382740.0,1382740.0,KOSPI,-0.74
0218K0,9805.0,331.0,331.0,3245455.0,3245455.0,KOSPI,1.92
570095,7350.0,11609.0,11609.0,85326150.0,85326150.0,KOSPI,5.08
272570,107945.0,4.0,4.0,431780.0,431780.0,KOSPI,-0.02
510027,2445.0,40663.0,40663.0,99421035.0,99421035.0,KOSPI,-2.2
488480,13300.0,1046.0,1046.0,13911800.0,13911800.0,KOSPI,2.74
580044,2435.0,128059.0,128059.0,311823665.0,311823665.0,KOSPI,-3.94
510043,7250.0,89.0,89.0,645250.0,645250.0,KOSPI,0.0
381570,8520.0,3909.0,3909.0,33304680.0,33304680.0,KOSPI,-0.99
450180,10975.0,5.0,5.0,54875.0,54875.0,KOSPI,-0.32
400590,14240.0,171.0,171.0,2435040.0,2435040.0,KOSPI,-0.32
580079,7095.0,3646.0,3646.0,25868370.0,25868370.0,KOSPI,-1.32
0036Z0,12890.0,946.0,946.0,12193940.0,12193940.0,KOSPI,1.38
012205,6060.0,16600.0,16600.0,100596000.0,100596000.0,KOSPI,5.94
760006,7070.0,4008.0,4008.0,28336560.0,28336560.0,KOSPI,2.69
33637L,1870.0,732.0,732.0,1368840.0,1368840.0,KOSPI,3.03
466810,4870.0,38830.0,38830.0,189102100.0,189102100.0,KOSPI,-2.01
139660,8100.0,841.0,841.0,6812100.0,6812100.0,KOSPI,0.06
760025,10065.0,8460.0,8460.0,85149900.0,85149900.0,KOSPI,2.13
0172Y0,8800.0,4106.0,4106.0,36132800.0,36132800.0,KOSPI,-4.71
227570,19440.0,1163.0,1163.0,22608720.0,22608720.0,KOSPI,-1.89
610100,6970.0,2186.0,2186.0,15236420.0,15236420.0,KOSPI,-2.18
285690,19855.0,2.0,2.0,39710.0,39710.0,KOSPI,-1.05
530062,53.0,181196.0,181196.0,9603388.0,9603388.0,KOSPI,1.92
438740,30435.0,21.0,21.0,639135.0,639135.0,KOSPI,-0.52
316300,13600.0,2628.0,2628.0,35740800.0,35740800.0,KOSPI,0.04
456200,61705.0,17.0,17.0,1048985.0,1048985.0,KOSPI,0.0
580084,13510.0,3.0,3.0,40530.0,40530.0,KOSPI,-0.92
760028,4500.0,2396480.0,2396480.0,10784160000.0,10784160000.0,KOSPI,6.51
500067,9610.0,2.0,2.0,19220.0,19220.0,KOSPI,0.16
139290,25845.0,6005.0,6005.0,155199225.0,155199225.0,KOSPI,1.63
326230,10420.0,16.0,16.0,166720.0,166720.0,KOSPI,-0.95
253280,11975.0,5693.0,5693.0,68173675.0,68173675.0,KOSPI,0.59
429740,5965.0,13089.0,13089.0,78075885.0,78075885.0,KOSPI,-0.91
368680,7255.0,141.0,141.0,1022955.0,1022955.0,KOSPI,-2.81
570092,6515.0,10.0,10.0,65150.0,65150.0,KOSPI,-0.08
0087F0,12940.0,1122.0,1122.0,14518680.0,14518680.0,KOSPI,-1.56
244670,10755.0,284.0,284.0,3054420.0,3054420.0,KOSPI,-2.4
580078,6395.0,56.0,56.0,358120.0,358120.0,KOSPI,-1.54
001770,5260.0,7419.0,7419.0,39023940.0,39023940.0,KOSPI,4.78
530096,6355.0,35.0,35.0,222425.0,222425.0,KOSPI,-0.39
610099,6345.0,5.0,5.0,31725.0,31725.0,KOSPI,-1.48
530094,6285.0,7053.0,7053.0,44328105.0,44328105.0,KOSPI,-3.6
0102X0,9635.0,2344.0,2344.0,22584440.0,22584440.0,KOSPI,1.47
307510,12525.0,5169.0,5169.0,64741725.0,64741725.0,KOSPI,4.11
570064,6230.0,21.0,21.0,130830.0,130830.0,KOSPI,0.48
250780,2805.0,479366.0,479366.0,1344621630.0,1344621630.0,KOSPI,-2.26
315270,19280.0,25501.0,25501.0,491659280.0,491659280.0,KOSPI,-1.05
219900,4405.0,1107.0,1107.0,4876335.0,4876335.0,KOSPI,-2.87
570098,6165.0,32554.0,32554.0,200695410.0,200695410.0,KOSPI,5.03
451670,12295.0,398.0,398.0,4893410.0,4893410.0,KOSPI,-1.95
530060,6030.0,404.0,404.0,2436120.0,2436120.0,KOSPI,10.44
0184V0,5470.0,28644.0,28644.0,156682680.0,156682680.0,KOSPI,8.1
610023,5980.0,282.0,282.0,1686360.0,1686360.0,KOSPI,-0.58
291890,11895.0,2450.0,2450.0,29142750.0,29142750.0,KOSPI,-1.16
0114X0,8480.0,3792.0,3792.0,32156160.0,32156160.0,KOSPI,-1.57
004985,8070.0,1673.0,1673.0,13501110.0,13501110.0,KOSPI,1.77
570073,5910.0,2.0,2.0,11820.0,11820.0,KOSPI,-1.5
138920,11745.0,106.0,106.0,1244970.0,1244970.0,KOSPI,-0.72
139240,9445.0,21979.0,21979.0,207591655.0,207591655.0,KOSPI,-2.53
289670,52095.0,289.0,289.0,15055455.0,15055455.0,KOSPI,-0.08
469530,9065.0,1158.0,1158.0,10497270.0,10497270.0,KOSPI,-0.11
401590,11355.0,3469.0,3469.0,39390495.0,39390495.0,KOSPI,-0.09
530122,5760.0,6189.0,6189.0,35648640.0,35648640.0,KOSPI,-1.62
26490K,7440.0,201.0,201.0,1495440.0,1495440.0,KOSPI,0.81
500061,2870.0,9791.0,9791.0,28100170.0,28100170.0,KOSPI,5.51
400580,11425.0,78.0,78.0,891150.0,891150.0,KOSPI,-0.61
314700,10330.0,155.0,155.0,1601150.0,1601150.0,KOSPI,0.63
476310,10195.0,424.0,424.0,4322680.0,4322680.0,KOSPI,-3.36
499150,11215.0,933.0,933.0,10463595.0,10463595.0,KOSPI,2.98
413220,4670.0,980.0,980.0,4576600.0,4576600.0,KOSPI,0.54
391600,11185.0,551.0,551.0,6162935.0,6162935.0,KOSPI,-0.93
0176P0,11135.0,6385.0,6385.0,71096975.0,71096975.0,KOSPI,-5.4
267450,11125.0,24.0,24.0,267000.0,267000.0,KOSPI,0.41
407300,10100.0,21.0,21.0,212100.0,212100.0,KOSPI,-1.8
432600,55280.0,18.0,18.0,995040.0,995040.0,KOSPI,0.01
474390,40805.0,4.0,4.0,163220.0,163220.0,KOSPI,-0.39
570066,5435.0,4133.0,4133.0,22462855.0,22462855.0,KOSPI,-3.55
483020,9025.0,5525.0,5525.0,49863125.0,49863125.0,KOSPI,-1.2
0053M0,12010.0,12.0,12.0,144120.0,144120.0,KOSPI,-0.37
433250,21530.0,4643.0,4643.0,99963790.0,99963790.0,KOSPI,-4.06
004835,3860.0,11936.0,11936.0,46072960.0,46072960.0,KOSPI,0.78
261920,13400.0,470.0,470.0,6298000.0,6298000.0,KOSPI,0.37
321410,10605.0,66.0,66.0,699930.0,699930.0,KOSPI,-0.28
002995,18130.0,15455.0,15455.0,280199150.0,280199150.0,KOSPI,5.28
483030,11745.0,5655.0,5655.0,66417975.0,66417975.0,KOSPI,-1.76
0131A0,8070.0,7083.0,7083.0,57159810.0,57159810.0,KOSPI,-0.86
411860,17475.0,495.0,495.0,8650125.0,8650125.0,KOSPI,0.69
0128D0,7465.0,4255.0,4255.0,31763575.0,31763575.0,KOSPI,0.81
0073X0,9495.0,4990.0,4990.0,47380050.0,47380050.0,KOSPI,1.88
220130,6500.0,47.0,47.0,305500.0,305500.0,KOSPI,-0.99
760010,7425.0,1190.0,1190.0,8835750.0,8835750.0,KOSPI,-2.04
0015E0,10390.0,716.0,716.0,7439240.0,7439240.0,KOSPI,0.29
0174J0,8655.0,512.0,512.0,4431360.0,4431360.0,KOSPI,-0.17
498610,8580.0,2884.0,2884.0,24744720.0,24744720.0,KOSPI,1.3
295000,51435.0,9.0,9.0,462915.0,462915.0,KOSPI,-0.05
252420,103.0,2569308.0,2569308.0,264638724.0,264638724.0,KOSPI,13.19
0191B0,25360.0,2723.0,2723.0,69055280.0,69055280.0,KOSPI,1.44
470310,16505.0,1242.0,1242.0,20499210.0,20499210.0,KOSPI,3.45
0078V0,9885.0,1610.0,1610.0,15914850.0,15914850.0,KOSPI,0.05
0015K0,7260.0,34.0,34.0,246840.0,246840.0,KOSPI,0.28
000325,20200.0,467.0,467.0,9433400.0,9433400.0,KOSPI,-5.83
0132D0,8940.0,470.0,470.0,4201800.0,4201800.0,KOSPI,-2.08
0154H0,8100.0,1498.0,1498.0,12133800.0,12133800.0,KOSPI,-1.82
610029,4860.0,222.0,222.0,1078920.0,1078920.0,KOSPI,-1.42
090355,10490.0,20.0,20.0,209800.0,209800.0,KOSPI,0.0
760024,9550.0,2227.0,2227.0,21267850.0,21267850.0,KOSPI,2.74
760014,6815.0,4049.0,4049.0,27593935.0,27593935.0,KOSPI,1.26
267440,7915.0,435.0,435.0,3443025.0,3443025.0,KOSPI,-0.57
530125,4680.0,3385.0,3385.0,15841800.0,15841800.0,KOSPI,2.86
488200,10380.0,8185.0,8185.0,84960300.0,84960300.0,KOSPI,-1.42
205720,1507.0,6689.0,6689.0,10080323.0,10080323.0,KOSPI,1.96
373790,16105.0,1070.0,1070.0,17232350.0,17232350.0,KOSPI,-1.5
000145,9490.0,41.0,41.0,389090.0,389090.0,KOSPI,-0.11
244660,8900.0,7.0,7.0,62300.0,62300.0,KOSPI,-1.44
0050E0,7960.0,2170.0,2170.0,17273200.0,17273200.0,KOSPI,0.57
266550,17340.0,7.0,7.0,121380.0,121380.0,KOSPI,-1.48
291630,2845.0,171397.0,171397.0,487624465.0,487624465.0,KOSPI,9.42
500041,789.0,26839.0,26839.0,21175971.0,21175971.0,KOSPI,-1.37
009415,6060.0,3195.0,3195.0,19361700.0,19361700.0,KOSPI,-1.78
238670,13100.0,2499.0,2499.0,32736900.0,32736900.0,KOSPI,0.5
225030,2295.0,8078.0,8078.0,18539010.0,18539010.0,KOSPI,-0.65
226380,5535.0,10006.0,10006.0,55383210.0,55383210.0,KOSPI,-0.54
334690,5915.0,1678.0,1678.0,9925370.0,9925370.0,KOSPI,-0.42
291680,7630.0,5.0,5.0,38150.0,38150.0,KOSPI,1.19
277650,18910.0,3161.0,3161.0,59774510.0,59774510.0,KOSPI,0.48
000545,4880.0,1279.0,1279.0,6241520.0,6241520.0,KOSPI,-0.2
488210,18680.0,1601.0,1601.0,29906680.0,29906680.0,KOSPI,-3.31
0079X0,10635.0,359.0,359.0,3817965.0,3817965.0,KOSPI,0.85
005965,16410.0,291.0,291.0,4775310.0,4775310.0,KOSPI,-0.06
227550,10810.0,600.0,600.0,6486000.0,6486000.0,KOSPI,-0.32
570023,700.0,136.0,136.0,95200.0,95200.0,KOSPI,-1.55
267490,4980.0,185.0,185.0,921300.0,921300.0,KOSPI,-0.5
014825,13150.0,203.0,203.0,2669450.0,2669450.0,KOSPI,1.08
243890,6480.0,20994.0,20994.0,136041120.0,136041120.0,KOSPI,-6.9
145670,1443.0,343170.0,343170.0,495194310.0,495194310.0,KOSPI,6.1
007575,7400.0,179.0,179.0,1324600.0,1324600.0,KOSPI,0.27
454180,8125.0,832.0,832.0,6760000.0,6760000.0,KOSPI,0.0
427120,4765.0,4543.0,4543.0,21647395.0,21647395.0,KOSPI,-0.21
005745,5140.0,3657.0,3657.0,18796980.0,18796980.0,KOSPI,0.98
014285,5220.0,540.0,540.0,2818800.0,2818800.0,KOSPI,0.0
489010,19895.0,482.0,482.0,9589390.0,9589390.0,KOSPI,2.45
252410,1468.0,39524.0,39524.0,58021232.0,58021232.0,KOSPI,4.48
227560,12170.0,1082.0,1082.0,13167940.0,13167940.0,KOSPI,-0.73
291620,4985.0,62116.0,62116.0,309648260.0,309648260.0,KOSPI,-2.83
36328K,2415.0,855.0,855.0,2064825.0,2064825.0,KOSPI,-0.82
476000,5095.0,113092.0,113092.0,576203740.0,576203740.0,KOSPI,5.93
280940,3720.0,62051.0,62051.0,230829720.0,230829720.0,KOSPI,0.54
253230,96.0,5618769.0,5618769.0,539401824.0,539401824.0,KOSPI,11.63
491630,5610.0,8744.0,8744.0,49053840.0,49053840.0,KOSPI,5.15
014915,4365.0,6385.0,6385.0,27870525.0,27870525.0,KOSPI,-3.0
306530,5570.0,36455.0,36455.0,203054350.0,203054350.0,KOSPI,3.34
275750,2825.0,64921.0,64921.0,183401825.0,183401825.0,KOSPI,-3.25
500030,74.0,18924.0,18924.0,1400376.0,1400376.0,KOSPI,1.37
500051,1250.0,841.0,841.0,1051250.0,1051250.0,KOSPI,-1.57
700018,2455.0,4295.0,4295.0,10544225.0,10544225.0,KOSPI,-3.91
580033,4840.0,54.0,54.0,261360.0,261360.0,KOSPI,-1.53
000227,7330.0,1938.0,1938.0,14205540.0,14205540.0,KOSPI,-0.95
001525,8800.0,113.0,113.0,994400.0,994400.0,KOSPI,5.14
334700,3430.0,337.0,337.0,1155910.0,1155910.0,KOSPI,1.03
570070,2135.0,1469.0,1469.0,3136315.0,3136315.0,KOSPI,-3.61
008355,6900.0,1642.0,1642.0,11329800.0,11329800.0,KOSPI,0.0
253240,1458.0,147651.0,147651.0,215275158.0,215275158.0,KOSPI,4.22
253160,197.0,1059899.0,1059899.0,208800103.0,208800103.0,KOSPI,1.03
004545,4495.0,1324.0,1324.0,5951380.0,5951380.0,KOSPI,-2.28
465620,6525.0,1402.0,1402.0,9148050.0,9148050.0,KOSPI,-1.88
306520,2665.0,37035.0,37035.0,98698275.0,98698275.0,KOSPI,1.52
011155,7520.0,17576.0,17576.0,132171520.0,132171520.0,KOSPI,10.75
001527,7000.0,606.0,606.0,4242000.0,4242000.0,KOSPI,-1.27
500038,1339.0,2581.0,2581.0,3455959.0,3455959.0,KOSPI,1.13
002785,1373.0,51210.0,51210.0,70311330.0,70311330.0,KOSPI,-3.92
004415,4805.0,15027.0,15027.0,72204735.0,72204735.0,KOSPI,2.78
412560,1585.0,44105.0,44105.0,69906425.0,69906425.0,KOSPI,-3.53
002787,3100.0,18460.0,18460.0,57226000.0,57226000.0,KOSPI,-1.12
397420,50575.0,3.0,3.0,151725.0,151725.0,KOSPI,0.01
196170,317500.0,301673.0,487791.0,95781177500.0,154873642500.0,KOSDAQ,2.92
086520,77400.0,950173.0,1600549.0,73543390200.0,123882492600.0,KOSDAQ,-2.15
247540,96800.0,649492.0,1000052.0,62870825600.0,96805033600.0,KOSDAQ,-6.47
277810,458500.0,294073.0,665661.0,134832470500.0,305205568500.0,KOSDAQ,5.89
036930,127800.0,1751926.0,1751926.0,223896142800.0,223896142800.0,KOSDAQ,2.65
058470,61400.0,701920.0,946459.0,43097888000.0,58112582600.0,KOSDAQ,-4.21
240810,93700.0,1348745.0,1348745.0,126377406500.0,126377406500.0,KOSDAQ,-4.0
028300,30900.0,884319.0,1567350.0,27325457100.0,48431115000.0,KOSDAQ,0.98
298380,71000.0,318409.0,517140.0,22607039000.0,36716940000.0,KOSDAQ,6.29
087010,166100.0,265443.0,567154.0,44090082300.0,94204279400.0,KOSDAQ,29.97
214450,372000.0,238665.0,370018.0,88783380000.0,137646696000.0,KOSDAQ,9.9
000250,158300.0,234808.0,389482.0,37170106400.0,61655000600.0,KOSDAQ,5.82
319660,125500.0,462418.0,671386.0,58033459000.0,84258943000.0,KOSDAQ,-3.16
039030,292000.0,97661.0,116958.0,28517012000.0,34151736000.0,KOSDAQ,-1.35
141080,95400.0,355302.0,535295.0,33895810800.0,51067143000.0,KOSDAQ,9.03
222800,87500.0,810453.0,1242447.0,70914637500.0,108714112500.0,KOSDAQ,5.55
440110,63300.0,507343.0,507343.0,32114811900.0,32114811900.0,KOSDAQ,-0.16
214370,58900.0,89452.0,119638.0,5268722800.0,7046678200.0,KOSDAQ,5.94
108490,215500.0,589041.0,1191612.0,126938335500.0,256792386000.0,KOSDAQ,17.25
145020,239000.0,34152.0,43261.0,8162328000.0,10339379000.0,KOSDAQ,2.8
403870,33950.0,1756766.0,1756766.0,59642205700.0,59642205700.0,KOSDAQ,-1.88
214150,42550.0,223960.0,254714.0,9529498000.0,10838080700.0,KOSDAQ,3.4
095340,124000.0,150529.0,190743.0,18665596000.0,23652132000.0,KOSDAQ,-4.32
084370,113900.0,288730.0,358653.0,32886347000.0,40850576700.0,KOSDAQ,1.42
347850,56700.0,1305186.0,1305186.0,74004046200.0,74004046200.0,KOSDAQ,12.5
319400,23150.0,3930894.0,3930894.0,91000196100.0,91000196100.0,KOSDAQ,8.69
095610,127200.0,664164.0,1131721.0,84481660800.0,143954911200.0,KOSDAQ,-2.15
058610,108700.0,2808007.0,7242442.0,305230360900.0,787253445400.0,KOSDAQ,14.9
257720,34500.0,396819.0,622679.0,13690255500.0,21482425500.0,KOSDAQ,1.62
080220,65100.0,1774863.0,1774863.0,115543581300.0,115543581300.0,KOSDAQ,0.0
226950,105400.0,283442.0,399964.0,29874786800.0,42156205600.0,KOSDAQ,11.18
310210,115700.0,134332.0,170735.0,15542212400.0,19754039500.0,KOSDAQ,4.33
263750,33850.0,258560.0,385790.0,8752256000.0,13058991500.0,KOSDAQ,1.96
178320,33150.0,671011.0,671011.0,22244014650.0,22244014650.0,KOSDAQ,0.45
131290,189700.0,122604.0,183135.0,23257978800.0,34740709500.0,KOSDAQ,1.66
031980,97100.0,139603.0,205929.0,13555451300.0,19995705900.0,KOSDAQ,-0.72
067310,30150.0,1276271.0,1276271.0,38479570650.0,38479570650.0,KOSDAQ,1.52
140410,65300.0,204437.0,204437.0,13349736100.0,13349736100.0,KOSDAQ,10.68
005290,38800.0,376735.0,584456.0,14617318000.0,22676892800.0,KOSDAQ,-0.89
357780,254000.0,36952.0,45989.0,9385808000.0,11681206000.0,KOSDAQ,0.59
237690,94400.0,144428.0,195556.0,13634003200.0,18460486400.0,KOSDAQ,6.67
064760,170300.0,94279.0,104807.0,16055713700.0,17848632100.0,KOSDAQ,2.9
098460,27600.0,1843424.0,1843424.0,50878502400.0,50878502400.0,KOSDAQ,1.28
068760,40300.0,81247.0,116103.0,3274254100.0,4678950900.0,KOSDAQ,0.25
089030,46300.0,1772764.0,1772764.0,82078973200.0,82078973200.0,KOSDAQ,11.7
089970,64000.0,658155.0,955077.0,42121920000.0,61124928000.0,KOSDAQ,-2.29
032820,9640.0,3696813.0,3696813.0,35637277320.0,35637277320.0,KOSDAQ,6.76
140860,235500.0,54040.0,63775.0,12726420000.0,15019012500.0,KOSDAQ,-7.65
041510,71600.0,119084.0,149139.0,8526414400.0,10678352400.0,KOSDAQ,4.68
035900,44400.0,227115.0,302648.0,10083906000.0,13437571200.0,KOSDAQ,2.78
030530,19860.0,4034580.0,4034580.0,80126758800.0,80126758800.0,KOSDAQ,29.97
420770,116300.0,205320.0,255661.0,23878716000.0,29733374300.0,KOSDAQ,12.37
010170,9250.0,14375564.0,14375564.0,132973967000.0,132973967000.0,KOSDAQ,8.44
060370,26950.0,108315.0,171355.0,2919089250.0,4618017250.0,KOSDAQ,2.28
096530,26700.0,220335.0,318816.0,5882944500.0,8512387200.0,KOSDAQ,-0.74
007390,21150.0,614229.0,1029763.0,12990943350.0,21779487450.0,KOSDAQ,-3.86
0009K0,21000.0,139895.0,226504.0,2937795000.0,4756584000.0,KOSDAQ,3.45
083650,42650.0,204643.0,354582.0,8728023950.0,15122922300.0,KOSDAQ,5.83
290650,48550.0,524485.0,720253.0,25463746750.0,34968283150.0,KOSDAQ,-6.45
437730,40550.0,640697.0,1867556.0,25980263350.0,75729395800.0,KOSDAQ,7.7
082920,28450.0,337005.0,452334.0,9587792250.0,12868902300.0,KOSDAQ,3.45
131970,64900.0,323534.0,653185.0,20997356600.0,42391706500.0,KOSDAQ,1.25
950160,14290.0,4758941.0,4758941.0,68005266890.0,68005266890.0,KOSDAQ,9.92
039200,30850.0,180536.0,234396.0,5569535600.0,7231116600.0,KOSDAQ,2.66
218410,43400.0,206773.0,305241.0,8973948200.0,13247459400.0,KOSDAQ,1.64
323280,37750.0,852532.0,2066606.0,32183083000.0,78014376500.0,KOSDAQ,20.8
078600,72700.0,92034.0,153879.0,6690871800.0,11187003300.0,KOSDAQ,2.54
043260,15870.0,1140149.0,1140149.0,18094164630.0,18094164630.0,KOSDAQ,6.22
003380,10110.0,835909.0,835909.0,8451039990.0,8451039990.0,KOSDAQ,5.31
166090,54100.0,145905.0,204826.0,7893460500.0,11081086600.0,KOSDAQ,2.85
475830,48450.0,123818.0,181596.0,5998982100.0,8798326200.0,KOSDAQ,8.63
491000,41400.0,301715.0,301715.0,12491001000.0,12491001000.0,KOSDAQ,10.55
195940,36300.0,153619.0,209819.0,5576369700.0,7616429700.0,KOSDAQ,0.55
127120,28000.0,102393.0,169779.0,2867004000.0,4753812000.0,KOSDAQ,-3.28
458870,24300.0,155823.0,227767.0,3786498900.0,5534738100.0,KOSDAQ,2.32
031330,8810.0,591335.0,591335.0,5209661350.0,5209661350.0,KOSDAQ,-2.22
101490,40850.0,247212.0,378407.0,10098610200.0,15457925950.0,KOSDAQ,0.0
065350,31100.0,249068.0,944747.0,7746014800.0,29381631700.0,KOSDAQ,7.24
293490,7970.0,373921.0,373921.0,2980150370.0,2980150370.0,KOSDAQ,0.0
241710,79400.0,63639.0,85706.0,5052936600.0,6805056400.0,KOSDAQ,0.76
204270,14620.0,361135.0,361135.0,5279793700.0,5279793700.0,KOSDAQ,10.34
085660,8930.0,385356.0,503635.0,3441229080.0,4497460550.0,KOSDAQ,5.68
347700,15990.0,688142.0,688142.0,11003390580.0,11003390580.0,KOSDAQ,3.83
083450,43950.0,105962.0,203650.0,4657029900.0,8950417500.0,KOSDAQ,2.57
086450,17570.0,208434.0,300120.0,3662185380.0,5273108400.0,KOSDAQ,0.4
090710,6640.0,3940071.0,3940071.0,26162071440.0,26162071440.0,KOSDAQ,7.27
036540,4825.0,1370369.0,1370369.0,6612030425.0,6612030425.0,KOSDAQ,-0.92
388720,66700.0,58422.0,110086.0,3896747400.0,7342736200.0,KOSDAQ,7.06
038500,6970.0,488302.0,488302.0,3403464940.0,3403464940.0,KOSDAQ,-0.57
476830,26550.0,316650.0,556692.0,8407057500.0,14780172600.0,KOSDAQ,9.94
328130,9970.0,393204.0,669046.0,3920243880.0,6670388620.0,KOSDAQ,7.78
213420,29650.0,114549.0,147920.0,3396377850.0,4385828000.0,KOSDAQ,-1.17
099320,66900.0,56979.0,75234.0,3811895100.0,5033154600.0,KOSDAQ,4.04
281740,11140.0,286460.0,286460.0,3191164400.0,3191164400.0,KOSDAQ,2.77
122870,38500.0,131474.0,177365.0,5061749000.0,6828552500.0,KOSDAQ,0.92
417200,10630.0,438241.0,438241.0,4658501830.0,4658501830.0,KOSDAQ,2.71
232140,8740.0,663045.0,663045.0,5795013300.0,5795013300.0,KOSDAQ,1.16
056190,19940.0,103658.0,122036.0,2066940520.0,2433397840.0,KOSDAQ,-0.3
032190,18640.0,97349.0,123763.0,1814585360.0,2306942320.0,KOSDAQ,-0.69
252990,11750.0,901684.0,901684.0,10594787000.0,10594787000.0,KOSDAQ,7.01
100790,13260.0,512637.0,512637.0,6797566620.0,6797566620.0,KOSDAQ,6.08
388210,72400.0,42983.0,65234.0,3111969200.0,4722941600.0,KOSDAQ,0.28
119850,42000.0,1752297.0,3223641.0,73596474000.0,135392922000.0,KOSDAQ,14.75
137400,28950.0,129703.0,181188.0,3754901850.0,5245392600.0,KOSDAQ,2.3
035760,31050.0,67238.0,79517.0,2087739900.0,2469002850.0,KOSDAQ,-0.96
014620,25600.0,122625.0,177468.0,3139200000.0,4543180800.0,KOSDAQ,-4.3
189300,63200.0,87125.0,123288.0,5506300000.0,7791801600.0,KOSDAQ,8.59
041830,50000.0,73343.0,106372.0,3667150000.0,5318600000.0,KOSDAQ,8.23
074600,25550.0,269580.0,392078.0,6887769000.0,10017592900.0,KOSDAQ,3.44
033100,41550.0,121310.0,232142.0,5040430500.0,9645500100.0,KOSDAQ,0.61
093320,136400.0,17563.0,22120.0,2395593200.0,3017168000.0,KOSDAQ,5.17
445680,38600.0,71744.0,109242.0,2769318400.0,4216741200.0,KOSDAQ,2.8
466100,25550.0,581889.0,1939337.0,14867263950.0,49550060350.0,KOSDAQ,10.13
115180,17210.0,122690.0,147349.0,2111494900.0,2535876290.0,KOSDAQ,3.3
006730,10020.0,429826.0,429826.0,4306856520.0,4306856520.0,KOSDAQ,3.09
253450,21400.0,58704.0,69739.0,1256265600.0,1492414600.0,KOSDAQ,-0.93
036830,31100.0,90893.0,104789.0,2826772300.0,3258937900.0,KOSDAQ,0.32
090360,65300.0,302856.0,741621.0,19776496800.0,48427851300.0,KOSDAQ,6.35
032500,15050.0,205281.0,313968.0,3089479050.0,4725218400.0,KOSDAQ,5.1
079940,47000.0,18606.0,31364.0,874482000.0,1474108000.0,KOSDAQ,0.0
171090,61000.0,49286.0,74499.0,3006446000.0,4544439000.0,KOSDAQ,2.87
053800,54300.0,37784.0,52733.0,2051671200.0,2863401900.0,KOSDAQ,2.45
019210,16180.0,673794.0,673794.0,10901986920.0,10901986920.0,KOSDAQ,-4.32
048410,6200.0,1150162.0,1150162.0,7131004400.0,7131004400.0,KOSDAQ,5.08
225570,8960.0,121776.0,177483.0,1091112960.0,1590247680.0,KOSDAQ,-0.67
161580,24900.0,137652.0,245735.0,3427534800.0,6118801500.0,KOSDAQ,3.75
439960,17880.0,18269013.0,18269013.0,326649952440.0,326649952440.0,KOSDAQ,21.3
052400,39600.0,45299.0,65839.0,1793840400.0,2607224400.0,KOSDAQ,-0.25
102710,40100.0,85415.0,120215.0,3425141500.0,4820621500.0,KOSDAQ,-3.37
490470,16630.0,202622.0,202622.0,3369603860.0,3369603860.0,KOSDAQ,0.85
251970,45400.0,47101.0,60326.0,2138385400.0,2738800400.0,KOSDAQ,-1.52
397030,23900.0,123075.0,224435.0,2941492500.0,5363996500.0,KOSDAQ,7.9
023160,21400.0,69246.0,106955.0,1481864400.0,2288837000.0,KOSDAQ,-1.83
399720,46600.0,152644.0,366824.0,7113210400.0,17093998400.0,KOSDAQ,-3.82
094170,26350.0,106568.0,240650.0,2808066800.0,6341127500.0,KOSDAQ,-2.04
037460,33300.0,30438.0,30438.0,1013585400.0,1013585400.0,KOSDAQ,2.3
050890,8910.0,951135.0,951135.0,8474612850.0,8474612850.0,KOSDAQ,5.19
376900,34050.0,197741.0,197741.0,6733081050.0,6733081050.0,KOSDAQ,5.91
044490,26700.0,168491.0,407747.0,4498709700.0,10886844900.0,KOSDAQ,-2.73
041960,7220.0,155618.0,155618.0,1123561960.0,1123561960.0,KOSDAQ,-0.96
124500,22900.0,196040.0,380517.0,4489316000.0,8713839300.0,KOSDAQ,8.79
112040,15650.0,253292.0,296472.0,3964019800.0,4639786800.0,KOSDAQ,-2.13
222080,6790.0,517729.0,517729.0,3515379910.0,3515379910.0,KOSDAQ,2.26
086900,72000.0,27857.0,31265.0,2005704000.0,2251080000.0,KOSDAQ,0.0
052020,7710.0,228948.0,228948.0,1765189080.0,1765189080.0,KOSDAQ,7.23
053610,57900.0,31268.0,47003.0,1810417200.0,2721473700.0,KOSDAQ,0.35
476060,11240.0,228820.0,2555188.0,2571936800.0,28720313120.0,KOSDAQ,3.88
456160,30650.0,139503.0,242259.0,4275766950.0,7425238350.0,KOSDAQ,13.73
045100,28650.0,91384.0,158940.0,2618151600.0,4553631000.0,KOSDAQ,-5.45
060250,12480.0,261751.0,261751.0,3266652480.0,3266652480.0,KOSDAQ,2.55
059090,14920.0,144611.0,229316.0,2157596120.0,3421394720.0,KOSDAQ,1.84
121600,40400.0,63761.0,82276.0,2575944400.0,3323950400.0,KOSDAQ,1.13
082270,11170.0,260578.0,392114.0,2910656260.0,4379913380.0,KOSDAQ,9.72
046890,8440.0,265035.0,425198.0,2236895400.0,3588671120.0,KOSDAQ,-0.82
358570,7570.0,365439.0,519781.0,2766373230.0,3934742170.0,KOSDAQ,2.16
101160,29500.0,72846.0,120167.0,2148957000.0,3544926500.0,KOSDAQ,0.51
383310,23200.0,127521.0,127521.0,2958487200.0,2958487200.0,KOSDAQ,-2.73
067160,42100.0,174228.0,239586.0,7334998800.0,10086570600.0,KOSDAQ,-12.29
211050,9780.0,111117.0,126397.0,1086724260.0,1236162660.0,KOSDAQ,-2.1
099190,16720.0,46824.0,72219.0,782897280.0,1207501680.0,KOSDAQ,-0.18
033500,15980.0,64815.0,97426.0,1035743700.0,1556867480.0,KOSDAQ,1.85
460930,13410.0,673874.0,2560410.0,9036650340.0,34335098100.0,KOSDAQ,-1.76
376300,20050.0,122544.0,146168.0,2457007200.0,2930668400.0,KOSDAQ,1.06
295310,39100.0,185117.0,259740.0,7238074700.0,10155834000.0,KOSDAQ,11.71
160190,15240.0,229795.0,229795.0,3502075800.0,3502075800.0,KOSDAQ,8.93
340570,57700.0,35199.0,72744.0,2030982300.0,4197328800.0,KOSDAQ,3.78
122640,21650.0,397023.0,397023.0,8595547950.0,8595547950.0,KOSDAQ,0.7
034950,101700.0,1390.0,1792.0,141363000.0,182246400.0,KOSDAQ,0.39
015750,5700.0,253220.0,398427.0,1443354000.0,2271033900.0,KOSDAQ,1.6
475960,32950.0,32198.0,56502.0,1060924100.0,1861740900.0,KOSDAQ,1.38
214430,60500.0,24023.0,38635.0,1453391500.0,2337417500.0,KOSDAQ,3.07
056080,11530.0,510466.0,510466.0,5885672980.0,5885672980.0,KOSDAQ,5.78
035890,1917.0,287224.0,287224.0,550608408.0,550608408.0,KOSDAQ,-2.09
174900,21950.0,145873.0,145873.0,3201912350.0,3201912350.0,KOSDAQ,11.42
033790,5210.0,292722.0,292722.0,1525081620.0,1525081620.0,KOSDAQ,0.0
336570,4860.0,487328.0,487328.0,2368414080.0,2368414080.0,KOSDAQ,-0.1
126340,60300.0,107493.0,162311.0,6481827900.0,9787353300.0,KOSDAQ,6.73
009520,10380.0,189265.0,260901.0,1964570700.0,2708152380.0,KOSDAQ,1.47
215200,41000.0,29643.0,33089.0,1215363000.0,1356649000.0,KOSDAQ,0.12
042000,17540.0,84334.0,113061.0,1479218360.0,1983089940.0,KOSDAQ,4.09
144960,9650.0,813485.0,813485.0,7850130250.0,7850130250.0,KOSDAQ,-3.6
030520,17350.0,155242.0,191971.0,2693448700.0,3330696850.0,KOSDAQ,1.76
036810,19280.0,184878.0,238522.0,3564447840.0,4598704160.0,KOSDAQ,4.73
018290,11930.0,134063.0,207118.0,1599371590.0,2470917740.0,KOSDAQ,2.05
078130,3645.0,82256.0,82256.0,299823120.0,299823120.0,KOSDAQ,0.0
077360,8900.0,646330.0,646330.0,5752337000.0,5752337000.0,KOSDAQ,1.6
095660,18500.0,96421.0,106629.0,1783788500.0,1972636500.0,KOSDAQ,1.26
348370,18200.0,222675.0,467103.0,4052685000.0,8501274600.0,KOSDAQ,4.42
486990,18440.0,182301.0,318814.0,3361630440.0,5878930160.0,KOSDAQ,-0.65
272290,19780.0,108145.0,151422.0,2139108100.0,2995127160.0,KOSDAQ,0.92
278280,32100.0,29246.0,41443.0,938796600.0,1330320300.0,KOSDAQ,3.05
219130,61900.0,18003.0,18003.0,1114385700.0,1114385700.0,KOSDAQ,2.15
104830,31000.0,63170.0,79353.0,1958270000.0,2459943000.0,KOSDAQ,-1.12
372320,24950.0,41105.0,83085.0,1025569750.0,2072970750.0,KOSDAQ,8.01
036620,4205.0,361498.0,408541.0,1520099090.0,1717914905.0,KOSDAQ,2.44
389470,28350.0,49475.0,153593.0,1402616250.0,4354361550.0,KOSDAQ,4.04
253590,8520.0,222453.0,222453.0,1895299560.0,1895299560.0,KOSDAQ,3.27
425420,30250.0,58190.0,105431.0,1760247500.0,3189287750.0,KOSDAQ,3.42
170920,35350.0,482625.0,482625.0,17060793750.0,17060793750.0,KOSDAQ,2.32
027360,3075.0,1033605.0,1033605.0,3178335375.0,3178335375.0,KOSDAQ,3.02
368770,11280.0,80129.0,80129.0,903855120.0,903855120.0,KOSDAQ,1.44
365340,28450.0,37634.0,53511.0,1070687300.0,1522387950.0,KOSDAQ,1.43
069080,11820.0,145435.0,154445.0,1719041700.0,1825539900.0,KOSDAQ,0.42
448900,60200.0,298372.0,679305.0,17961994400.0,40894161000.0,KOSDAQ,17.35
236200,52300.0,36365.0,59192.0,1901889500.0,3095741600.0,KOSDAQ,2.35
041190,4335.0,296509.0,296509.0,1285366515.0,1285366515.0,KOSDAQ,-0.23
013030,30700.0,22066.0,34290.0,677426200.0,1052703000.0,KOSDAQ,-2.85
078340,29850.0,78038.0,101090.0,2329434300.0,3017536500.0,KOSDAQ,0.84
199800,40050.0,22254.0,32691.0,891272700.0,1309274550.0,KOSDAQ,1.91
332570,7680.0,3353505.0,3353505.0,25754918400.0,25754918400.0,KOSDAQ,5.64
290550,17910.0,260165.0,260165.0,4659555150.0,4659555150.0,KOSDAQ,3.53
200710,26550.0,132559.0,295054.0,3519441450.0,7833683700.0,KOSDAQ,-0.75
477850,20000.0,909242.0,909242.0,18184840000.0,18184840000.0,KOSDAQ,0.05
003800,32000.0,6850.0,6850.0,219200000.0,219200000.0,KOSDAQ,-1.69
064290,27250.0,159024.0,159024.0,4333404000.0,4333404000.0,KOSDAQ,-1.27
060280,8550.0,249022.0,249022.0,2129138100.0,2129138100.0,KOSDAQ,3.64
025980,3600.0,579604.0,579604.0,2086574400.0,2086574400.0,KOSDAQ,0.56
455900,22700.0,872218.0,3218285.0,19799348600.0,73055069500.0,KOSDAQ,12.66
033160,14440.0,733251.0,733251.0,10588144440.0,10588144440.0,KOSDAQ,-0.35
241770,34000.0,16644.0,24450.0,565896000.0,831300000.0,KOSDAQ,3.66
064260,4575.0,2499120.0,2499120.0,11433474000.0,11433474000.0,KOSDAQ,1.22
033640,14990.0,122200.0,196418.0,1831778000.0,2944305820.0,KOSDAQ,-1.12
348340,27700.0,300178.0,300178.0,8314930600.0,8314930600.0,KOSDAQ,5.93
204620,4880.0,1169697.0,1169697.0,5708121360.0,5708121360.0,KOSDAQ,2.95
078020,6170.0,76712.0,76712.0,473313040.0,473313040.0,KOSDAQ,-1.75
089010,19940.0,70820.0,138825.0,1412150800.0,2768170500.0,KOSDAQ,2.26
089890,20050.0,154983.0,265872.0,3107409150.0,5330733600.0,KOSDAQ,1.78
078160,8390.0,59131.0,90437.0,496109090.0,758766430.0,KOSDAQ,0.6
039440,21100.0,114918.0,192867.0,2424769800.0,4069493700.0,KOSDAQ,-3.87
025320,3540.0,633659.0,4327587.0,2243152860.0,15319657980.0,KOSDAQ,2.16
092730,19810.0,46861.0,90945.0,928316410.0,1801620450.0,KOSDAQ,3.61
348210,30050.0,122026.0,150644.0,3666881300.0,4526852200.0,KOSDAQ,4.16
160980,28600.0,89651.0,89651.0,2564018600.0,2564018600.0,KOSDAQ,-5.45
356860,26150.0,378708.0,583344.0,9903214200.0,15254445600.0,KOSDAQ,-0.95
441270,7270.0,346024.0,742308.0,2515594480.0,5396579160.0,KOSDAQ,2.97
243070,25150.0,11281.0,18405.0,283717150.0,462885750.0,KOSDAQ,2.44
389650,36300.0,28129.0,39196.0,1021082700.0,1422814800.0,KOSDAQ,4.76
025770,7940.0,74138.0,74138.0,588655720.0,588655720.0,KOSDAQ,2.45
215600,2145.0,498055.0,498055.0,1068327975.0,1068327975.0,KOSDAQ,3.62
084110,23450.0,32383.0,40393.0,759381350.0,947215850.0,KOSDAQ,4.22
025900,5830.0,95761.0,117087.0,558286630.0,682617210.0,KOSDAQ,4.29
092460,17220.0,37292.0,66944.0,642168240.0,1152775680.0,KOSDAQ,0.12
900290,3600.0,609427.0,609427.0,2193937200.0,2193937200.0,KOSDAQ,7.3
036890,13340.0,54374.0,80242.0,725349160.0,1070428280.0,KOSDAQ,0.3
101930,6420.0,7238.0,12024.0,46467960.0,77194080.0,KOSDAQ,-1.38
376270,40600.0,9680.0,18158.0,393008000.0,737214800.0,KOSDAQ,7.12
228760,11730.0,121683.0,181080.0,1427341590.0,2124068400.0,KOSDAQ,3.44
125490,7970.0,1145772.0,1145772.0,9131802840.0,9131802840.0,KOSDAQ,9.33
117730,12830.0,242840.0,782855.0,3115637200.0,10044029650.0,KOSDAQ,4.22
206650,7870.0,95693.0,95693.0,753103910.0,753103910.0,KOSDAQ,-0.76
006910,5860.0,639270.0,639270.0,3746122200.0,3746122200.0,KOSDAQ,1.91
330860,23500.0,106196.0,106196.0,2495606000.0,2495606000.0,KOSDAQ,-0.42
121440,6670.0,320965.0,320965.0,2140836550.0,2140836550.0,KOSDAQ,0.0
110990,15080.0,87924.0,130811.0,1325893920.0,1972629880.0,KOSDAQ,-0.13
054950,23500.0,37607.0,56684.0,883764500.0,1332074000.0,KOSDAQ,-1.05
049070,17250.0,63243.0,139471.0,1090941750.0,2405874750.0,KOSDAQ,-0.4
024850,8920.0,192935.0,192935.0,1720980200.0,1720980200.0,KOSDAQ,7.47
356680,9900.0,388366.0,388366.0,3844823400.0,3844823400.0,KOSDAQ,0.81
136480,2640.0,259144.0,259144.0,684140160.0,684140160.0,KOSDAQ,-0.56
078350,18370.0,118831.0,145366.0,2182925470.0,2670373420.0,KOSDAQ,1.66
472850,4855.0,248023.0,583608.0,1204151665.0,2833416840.0,KOSDAQ,9.1
265520,18400.0,84549.0,102603.0,1555701600.0,1887895200.0,KOSDAQ,0.77
200670,24550.0,16136.0,25541.0,396138800.0,627031550.0,KOSDAQ,2.29
101730,3275.0,136520.0,213388.0,447103000.0,698845700.0,KOSDAQ,-1.36
017890,13210.0,39328.0,39328.0,519522880.0,519522880.0,KOSDAQ,-2.0
047920,8280.0,281136.0,539823.0,2327806080.0,4469734440.0,KOSDAQ,1.6
419530,26550.0,59965.0,117518.0,1592070750.0,3120102900.0,KOSDAQ,-2.39
484810,17450.0,745521.0,5983896.0,13009341450.0,104418985200.0,KOSDAQ,29.93
091700,5390.0,164983.0,164983.0,889258370.0,889258370.0,KOSDAQ,0.0
107640,29700.0,49270.0,94400.0,1463319000.0,2803680000.0,KOSDAQ,4.58
035810,4160.0,215889.0,215889.0,898098240.0,898098240.0,KOSDAQ,0.6
051500,22550.0,10244.0,12530.0,231002200.0,282551500.0,KOSDAQ,0.0
042520,18720.0,157624.0,187989.0,2950721280.0,3519154080.0,KOSDAQ,0.65
098070,24000.0,37190.0,72015.0,892560000.0,1728360000.0,KOSDAQ,2.13
482630,12100.0,102144.0,102144.0,1235942400.0,1235942400.0,KOSDAQ,-0.66
035600,9600.0,55292.0,75447.0,530803200.0,724291200.0,KOSDAQ,-0.21
079370,8510.0,141271.0,141271.0,1202216210.0,1202216210.0,KOSDAQ,0.71
267980,34200.0,3785.0,4961.0,129447000.0,169666200.0,KOSDAQ,0.74
108860,9700.0,4547862.0,15055900.0,44114261400.0,146042230000.0,KOSDAQ,20.05
099440,3810.0,460821.0,460821.0,1755728010.0,1755728010.0,KOSDAQ,-1.93
439090,15770.0,159991.0,575052.0,2523058070.0,9068570040.0,KOSDAQ,1.55
168360,11530.0,76689.0,130964.0,884224170.0,1510014920.0,KOSDAQ,0.61
287840,17140.0,58923.0,94180.0,1009940220.0,1614245200.0,KOSDAQ,5.93
043150,17060.0,45195.0,56783.0,771026700.0,968717980.0,KOSDAQ,-1.67
151860,5320.0,89936.0,89936.0,478459520.0,478459520.0,KOSDAQ,-1.3
093520,21150.0,30590.0,47863.0,646978500.0,1012302450.0,KOSDAQ,3.42
481070,17500.0,41555.0,61840.0,727212500.0,1082200000.0,KOSDAQ,-5.86
067630,2055.0,169418.0,169418.0,348153990.0,348153990.0,KOSDAQ,1.73
114810,8890.0,209227.0,325070.0,1860028030.0,2889872300.0,KOSDAQ,4.1
194700,13650.0,106570.0,126841.0,1454680500.0,1731379650.0,KOSDAQ,-2.5
352480,18230.0,15381.0,20742.0,280395630.0,378126660.0,KOSDAQ,1.84
424870,2715.0,363393.0,537329.0,986611995.0,1458848235.0,KOSDAQ,0.56
394280,9390.0,96124.0,128179.0,902604360.0,1203600810.0,KOSDAQ,3.19
206640,11250.0,176477.0,223377.0,1985366250.0,2512991250.0,KOSDAQ,-2.6
023410,3155.0,382480.0,382480.0,1206724400.0,1206724400.0,KOSDAQ,-0.94
060720,10260.0,310600.0,310600.0,3186756000.0,3186756000.0,KOSDAQ,5.66
064820,7870.0,54840.0,101556.0,431590800.0,799245720.0,KOSDAQ,-0.88
314930,8110.0,17583.0,39680.0,142598130.0,321804800.0,KOSDAQ,-1.7
493280,16160.0,49583.0,49583.0,801261280.0,801261280.0,KOSDAQ,5.55
234340,17100.0,135459.0,135459.0,2316348900.0,2316348900.0,KOSDAQ,4.14
180400,2425.0,48397.0,48397.0,117362725.0,117362725.0,KOSDAQ,4.98
187660,4275.0,901995.0,901995.0,3856028625.0,3856028625.0,KOSDAQ,0.35
200130,8030.0,73412.0,113170.0,589498360.0,908755100.0,KOSDAQ,-4.52
475400,19950.0,279979.0,1011129.0,5585581050.0,20172023550.0,KOSDAQ,6.74
484590,5700.0,128362.0,128362.0,731663400.0,731663400.0,KOSDAQ,-0.87
468530,21250.0,74760.0,127348.0,1588650000.0,2706145000.0,KOSDAQ,14.74
039830,21700.0,103146.0,103146.0,2238268200.0,2238268200.0,KOSDAQ,-1.14
194480,19180.0,210692.0,631113.0,4041072560.0,12104747340.0,KOSDAQ,3.9
043370,10960.0,11952.0,14902.0,130993920.0,163325920.0,KOSDAQ,2.43
215000,36500.0,54122.0,82485.0,1975453000.0,3010702500.0,KOSDAQ,-6.89
005710,11360.0,9689.0,12052.0,110067040.0,136910720.0,KOSDAQ,0.8
061090,41500.0,103055.0,207407.0,4276782500.0,8607390500.0,KOSDAQ,8.92
488900,7830.0,96094.0,210886.0,752416020.0,1651237380.0,KOSDAQ,6.53
092190,4945.0,128302.0,128302.0,634453390.0,634453390.0,KOSDAQ,4.44
080580,10750.0,75130.0,75130.0,807647500.0,807647500.0,KOSDAQ,0.56
036200,7380.0,158069.0,265680.0,1166549220.0,1960718400.0,KOSDAQ,-1.47
069540,2005.0,7013546.0,7013546.0,14062159730.0,14062159730.0,KOSDAQ,6.76
085910,16300.0,118966.0,118966.0,1939145800.0,1939145800.0,KOSDAQ,2.84
950170,4340.0,20958.0,20958.0,90957720.0,90957720.0,KOSDAQ,-0.91
065710,43300.0,5752.0,5752.0,249061600.0,249061600.0,KOSDAQ,-0.23
068930,7980.0,87978.0,87978.0,702064440.0,702064440.0,KOSDAQ,3.23
389260,12300.0,163440.0,163440.0,2010312000.0,2010312000.0,KOSDAQ,0.74
389500,32800.0,155332.0,155332.0,5094889600.0,5094889600.0,KOSDAQ,8.07
036030,4455.0,37488.0,37488.0,167009040.0,167009040.0,KOSDAQ,0.11
073490,28700.0,80702.0,80702.0,2316147400.0,2316147400.0,KOSDAQ,8.3
099430,3525.0,225962.0,225962.0,796516050.0,796516050.0,KOSDAQ,0.0
100120,24200.0,76814.0,76814.0,1858898800.0,1858898800.0,KOSDAQ,10.25
393890,6410.0,168975.0,168975.0,1083129750.0,1083129750.0,KOSDAQ,2.07
138080,17520.0,243222.0,243222.0,4261249440.0,4261249440.0,KOSDAQ,11.59
304360,17500.0,25254.0,54625.0,441945000.0,955937500.0,KOSDAQ,5.23
052710,14810.0,566275.0,566275.0,8386532750.0,8386532750.0,KOSDAQ,5.48
377450,12440.0,70269.0,70269.0,874146360.0,874146360.0,KOSDAQ,-1.11
144510,13560.0,77103.0,87564.0,1045516680.0,1187367840.0,KOSDAQ,1.5
459510,16440.0,784624.0,2744784.0,12899218560.0,45124248960.0,KOSDAQ,19.04
290690,4050.0,370842.0,370842.0,1501910100.0,1501910100.0,KOSDAQ,-3.57
450950,5640.0,10909.0,16032.0,61526760.0,90420480.0,KOSDAQ,0.18
094360,9930.0,58971.0,114612.0,585582030.0,1138097160.0,KOSDAQ,1.22
071200,8680.0,56016.0,56016.0,486218880.0,486218880.0,KOSDAQ,9.18
272110,26300.0,174424.0,174424.0,4587351200.0,4587351200.0,KOSDAQ,6.05
052330,11850.0,13483.0,13483.0,159773550.0,159773550.0,KOSDAQ,0.59
053030,6420.0,49656.0,95149.0,318791520.0,610856580.0,KOSDAQ,0.31
200470,4895.0,630526.0,630526.0,3086424770.0,3086424770.0,KOSDAQ,1.98
327260,23050.0,173788.0,173788.0,4005813400.0,4005813400.0,KOSDAQ,3.13
461300,15450.0,16332.0,16332.0,252329400.0,252329400.0,KOSDAQ,-1.47
452430,24900.0,32151.0,46032.0,800559900.0,1146196800.0,KOSDAQ,-1.19
089980,12780.0,29442.0,40973.0,376268760.0,523634940.0,KOSDAQ,-0.78
0008Z0,21650.0,16397.0,31737.0,354995050.0,687106050.0,KOSDAQ,3.1
254490,14140.0,126427.0,126427.0,1787677780.0,1787677780.0,KOSDAQ,3.14
417840,8900.0,448195.0,448195.0,3988935500.0,3988935500.0,KOSDAQ,-1.55
318060,18160.0,114720.0,114720.0,2083315200.0,2083315200.0,KOSDAQ,9.0
448280,6850.0,5915.0,9889.0,40517750.0,67739650.0,KOSDAQ,1.18
298830,3795.0,384406.0,384406.0,1458820770.0,1458820770.0,KOSDAQ,4.98
042370,7720.0,109426.0,109426.0,844768720.0,844768720.0,KOSDAQ,1.85
034810,6390.0,58962.0,58962.0,376767180.0,376767180.0,KOSDAQ,1.27
011560,19950.0,20580.0,20580.0,410571000.0,410571000.0,KOSDAQ,-0.99
452280,10450.0,103480.0,103480.0,1081366000.0,1081366000.0,KOSDAQ,0.48
095500,6470.0,150950.0,258949.0,976646500.0,1675400030.0,KOSDAQ,0.94
018310,13610.0,8957.0,10267.0,121904770.0,139733870.0,KOSDAQ,-1.02
353810,6040.0,73082.0,73082.0,441415280.0,441415280.0,KOSDAQ,-1.79
061970,3435.0,3928552.0,3928552.0,13494576120.0,13494576120.0,KOSDAQ,7.34
462350,5890.0,308929.0,308929.0,1819591810.0,1819591810.0,KOSDAQ,2.97
378340,9180.0,25719.0,51660.0,236100420.0,474238800.0,KOSDAQ,3.15
0001A0,7800.0,82535.0,82535.0,643773000.0,643773000.0,KOSDAQ,1.43
217730,2110.0,821656.0,821656.0,1733694160.0,1733694160.0,KOSDAQ,-6.22
065680,21450.0,7035.0,9710.0,150900750.0,208279500.0,KOSDAQ,1.9
014940,4310.0,237903.0,237903.0,1025361930.0,1025361930.0,KOSDAQ,0.0
230240,14710.0,191134.0,191134.0,2811581140.0,2811581140.0,KOSDAQ,2.58
042420,23950.0,10312.0,10312.0,246972400.0,246972400.0,KOSDAQ,1.91
241520,7330.0,163999.0,163999.0,1202112670.0,1202112670.0,KOSDAQ,-1.87
0011T0,4145.0,202849.0,202849.0,840809105.0,840809105.0,KOSDAQ,1.47
102940,14820.0,296744.0,397955.0,4397746080.0,5897693100.0,KOSDAQ,3.71
237880,10720.0,44180.0,60309.0,473609600.0,646512480.0,KOSDAQ,-0.92
064850,16960.0,41434.0,41434.0,702720640.0,702720640.0,KOSDAQ,2.42
456010,13320.0,170484.0,170484.0,2270846880.0,2270846880.0,KOSDAQ,1.45
114190,7370.0,53733.0,112611.0,396012210.0,829943070.0,KOSDAQ,0.82
094480,4885.0,193527.0,193527.0,945379395.0,945379395.0,KOSDAQ,4.05
317330,9320.0,98532.0,119225.0,918318240.0,1111177000.0,KOSDAQ,-2.82
036190,31650.0,2660.0,2660.0,84189000.0,84189000.0,KOSDAQ,-1.25
445090,17380.0,26566.0,47374.0,461717080.0,823360120.0,KOSDAQ,-0.8
013120,2085.0,141159.0,141159.0,294316515.0,294316515.0,KOSDAQ,-0.24
018000,721.0,1177543.0,1177543.0,849008503.0,849008503.0,KOSDAQ,-0.83
067390,444.0,722288.0,722288.0,320695872.0,320695872.0,KOSDAQ,3.74
112290,9230.0,86246.0,86246.0,796050580.0,796050580.0,KOSDAQ,1.43
365270,8420.0,85819.0,85819.0,722595980.0,722595980.0,KOSDAQ,2.31
176750,6540.0,185024.0,1521560.0,1210056960.0,9951002400.0,KOSDAQ,15.14
190510,13100.0,62548.0,83188.0,819378800.0,1089762800.0,KOSDAQ,-0.76
068790,8150.0,106717.0,106717.0,869743550.0,869743550.0,KOSDAQ,0.0
019010,3800.0,77126.0,77126.0,293078800.0,293078800.0,KOSDAQ,-5.0
484120,16690.0,50446.0,102701.0,841943740.0,1714079690.0,KOSDAQ,13.54
036560,11590.0,18306.0,18306.0,212166540.0,212166540.0,KOSDAQ,-0.43
357550,33400.0,9126.0,9999.0,304808400.0,333966600.0,KOSDAQ,-3.05
192440,29300.0,10881.0,10881.0,318813300.0,318813300.0,KOSDAQ,0.0
084850,8010.0,66765.0,96912.0,534787650.0,776265120.0,KOSDAQ,-0.74
123330,22750.0,279009.0,279009.0,6347454750.0,6347454750.0,KOSDAQ,-7.14
214180,13890.0,39379.0,39379.0,546974310.0,546974310.0,KOSDAQ,1.09
402030,14400.0,118093.0,365736.0,1700539200.0,5266598400.0,KOSDAQ,5.8
058970,14560.0,24007.0,40883.0,349541920.0,595256480.0,KOSDAQ,2.39
049430,19830.0,27223.0,27223.0,539832090.0,539832090.0,KOSDAQ,0.86
203650,1762.0,991747.0,991747.0,1747458214.0,1747458214.0,KOSDAQ,1.97
294570,17740.0,14451.0,27085.0,256360740.0,480487900.0,KOSDAQ,6.93
220100,7950.0,34050.0,59648.0,270697500.0,474201600.0,KOSDAQ,4.33
446540,6110.0,116377.0,116377.0,711063470.0,711063470.0,KOSDAQ,-7.56
425040,8050.0,192069.0,192069.0,1546155450.0,1546155450.0,KOSDAQ,0.63
046970,4020.0,868481.0,868481.0,3491293620.0,3491293620.0,KOSDAQ,3.61
159010,13190.0,120515.0,120515.0,1589592850.0,1589592850.0,KOSDAQ,-4.97
143240,16310.0,15494.0,15494.0,252707140.0,252707140.0,KOSDAQ,0.25
098120,21000.0,49057.0,49057.0,1030197000.0,1030197000.0,KOSDAQ,1.94
053300,4300.0,50055.0,50055.0,215236500.0,215236500.0,KOSDAQ,0.47
066620,23200.0,2549.0,2549.0,59136800.0,59136800.0,KOSDAQ,0.87
092870,13270.0,144025.0,144025.0,1911211750.0,1911211750.0,KOSDAQ,1.38
086390,8170.0,132742.0,249604.0,1084502140.0,2039264680.0,KOSDAQ,-1.68
270660,13560.0,333505.0,1368265.0,4522327800.0,18553673400.0,KOSDAQ,7.28
054210,6800.0,105717.0,105717.0,718875600.0,718875600.0,KOSDAQ,1.04
204610,3090.0,135452.0,135452.0,418546680.0,418546680.0,KOSDAQ,1.48
078150,1850.0,834255.0,834255.0,1543371750.0,1543371750.0,KOSDAQ,0.87
092130,14240.0,2473.0,2473.0,35215520.0,35215520.0,KOSDAQ,1.14
064550,6630.0,152616.0,619912.0,1011844080.0,4110016560.0,KOSDAQ,5.07
126600,2720.0,25105.0,25105.0,68285600.0,68285600.0,KOSDAQ,-0.55
138360,1879.0,1022444.0,1022444.0,1921172276.0,1921172276.0,KOSDAQ,4.85
091580,12750.0,110132.0,110132.0,1404183000.0,1404183000.0,KOSDAQ,0.0
045390,2405.0,251141.0,251141.0,603994105.0,603994105.0,KOSDAQ,0.84
093190,8690.0,26470.0,26470.0,230024300.0,230024300.0,KOSDAQ,0.0
403850,11590.0,73239.0,95561.0,848840010.0,1107551990.0,KOSDAQ,4.41
394800,5220.0,91050.0,138485.0,475281000.0,722891700.0,KOSDAQ,1.56
308430,12870.0,28227.0,40095.0,363281490.0,516022650.0,KOSDAQ,2.14
012860,2265.0,492283.0,492283.0,1115020995.0,1115020995.0,KOSDAQ,1.12
199430,14810.0,781900.0,781900.0,11579939000.0,11579939000.0,KOSDAQ,13.05
416180,18310.0,19686.0,53738.0,360450660.0,983942780.0,KOSDAQ,3.04
256840,2420.0,263719.0,263719.0,638199980.0,638199980.0,KOSDAQ,2.11
036710,3125.0,166521.0,166521.0,520378125.0,520378125.0,KOSDAQ,2.12
950140,8300.0,7270.0,7270.0,60341000.0,60341000.0,KOSDAQ,1.97
080160,8720.0,43998.0,43998.0,383662560.0,383662560.0,KOSDAQ,2.95
067080,8850.0,41982.0,83753.0,371540700.0,741214050.0,KOSDAQ,-0.34
304100,13080.0,340446.0,1297492.0,4453033680.0,16971195360.0,KOSDAQ,4.06
065660,16450.0,78059.0,85205.0,1284070550.0,1401622250.0,KOSDAQ,0.12
143160,15300.0,4429.0,4429.0,67763700.0,67763700.0,KOSDAQ,-4.97
243840,4225.0,154093.0,154093.0,651042925.0,651042925.0,KOSDAQ,1.56
038390,9730.0,19454.0,19454.0,189287420.0,189287420.0,KOSDAQ,-0.41
489460,10970.0,173855.0,173855.0,1907189350.0,1907189350.0,KOSDAQ,4.48
039840,11980.0,22979.0,32975.0,275288420.0,395040500.0,KOSDAQ,-1.4
307180,4320.0,417687.0,417687.0,1804407840.0,1804407840.0,KOSDAQ,0.58
138610,14010.0,13703.0,25722.0,191979030.0,360365220.0,KOSDAQ,2.19
125020,4545.0,250404.0,250404.0,1138086180.0,1138086180.0,KOSDAQ,1.79
094820,10540.0,64329.0,64329.0,678027660.0,678027660.0,KOSDAQ,-1.03
216080,4230.0,100941.0,100941.0,426980430.0,426980430.0,KOSDAQ,-1.51
024840,3650.0,1332525.0,1332525.0,4863716250.0,4863716250.0,KOSDAQ,-1.88
354320,24600.0,65518.0,65518.0,1611742800.0,1611742800.0,KOSDAQ,4.68
023910,26200.0,6049.0,6049.0,158483800.0,158483800.0,KOSDAQ,-0.95
314130,3455.0,321993.0,321993.0,1112485815.0,1112485815.0,KOSDAQ,5.34
108380,16340.0,55435.0,61569.0,905807900.0,1006037460.0,KOSDAQ,-0.55
024800,4205.0,16568.0,16568.0,69668440.0,69668440.0,KOSDAQ,-0.94
086670,15680.0,16580.0,16580.0,259974400.0,259974400.0,KOSDAQ,-0.7
0015G0,13260.0,37859.0,37859.0,502010340.0,502010340.0,KOSDAQ,1.07
041920,8330.0,60065.0,60065.0,500341450.0,500341450.0,KOSDAQ,1.46
179290,4780.0,31292.0,31292.0,149575760.0,149575760.0,KOSDAQ,0.84
036170,2520.0,330515.0,330515.0,832897800.0,832897800.0,KOSDAQ,-0.2
072870,12860.0,17964.0,17964.0,231017040.0,231017040.0,KOSDAQ,-0.69
051370,6570.0,73805.0,73805.0,484898850.0,484898850.0,KOSDAQ,-0.45
054800,14810.0,1587.0,1587.0,23503470.0,23503470.0,KOSDAQ,0.41
115450,1730.0,357358.0,357358.0,618229340.0,618229340.0,KOSDAQ,4.41
119610,13370.0,54134.0,54134.0,723771580.0,723771580.0,KOSDAQ,-3.47
123860,12580.0,13144.0,13144.0,165351520.0,165351520.0,KOSDAQ,1.45
083930,10390.0,24908.0,24908.0,258794120.0,258794120.0,KOSDAQ,0.87
048550,1571.0,605795.0,605795.0,951703945.0,951703945.0,KOSDAQ,1.35
264850,5000.0,1347650.0,1347650.0,6738250000.0,6738250000.0,KOSDAQ,7.76
187870,11000.0,119760.0,119760.0,1317360000.0,1317360000.0,KOSDAQ,-4.35
007330,10010.0,21348.0,21348.0,213693480.0,213693480.0,KOSDAQ,-1.38
086820,5820.0,38748.0,38748.0,225513360.0,225513360.0,KOSDAQ,-0.17
011040,4900.0,17721.0,17721.0,86832900.0,86832900.0,KOSDAQ,1.14
032620,2885.0,61697.0,61697.0,177995845.0,177995845.0,KOSDAQ,0.0
0082N0,11320.0,33516.0,33516.0,379401120.0,379401120.0,KOSDAQ,5.3
123410,5380.0,97835.0,97835.0,526352300.0,526352300.0,KOSDAQ,-1.28
013990,4550.0,92713.0,92713.0,421844150.0,421844150.0,KOSDAQ,2.02
046440,3920.0,78532.0,78532.0,307845440.0,307845440.0,KOSDAQ,0.51
024060,9900.0,1599841.0,1599841.0,15838425900.0,15838425900.0,KOSDAQ,-11.13
334970,1908.0,448677.0,448677.0,856075716.0,856075716.0,KOSDAQ,-1.09
413630,4070.0,8918820.0,8918820.0,36299597400.0,36299597400.0,KOSDAQ,5.3
079960,19600.0,32370.0,32370.0,634452000.0,634452000.0,KOSDAQ,-1.46
094840,15050.0,48567.0,48567.0,730933350.0,730933350.0,KOSDAQ,-0.33
464080,8210.0,112372.0,112372.0,922574120.0,922574120.0,KOSDAQ,6.76
046120,4350.0,457288.0,457288.0,1989202800.0,1989202800.0,KOSDAQ,5.71
067280,24800.0,6955.0,6955.0,172484000.0,172484000.0,KOSDAQ,2.69
037070,7300.0,5692702.0,5692702.0,41556724600.0,41556724600.0,KOSDAQ,10.44
126700,9770.0,84248.0,84248.0,823102960.0,823102960.0,KOSDAQ,-0.1
092070,12580.0,41204.0,41204.0,518346320.0,518346320.0,KOSDAQ,1.62
122990,5460.0,61061.0,61061.0,333393060.0,333393060.0,KOSDAQ,-1.44
078070,8490.0,22454.0,22454.0,190634460.0,190634460.0,KOSDAQ,1.68
084990,3140.0,145086.0,145086.0,455570040.0,455570040.0,KOSDAQ,1.13
082800,2375.0,105079.0,105079.0,249562625.0,249562625.0,KOSDAQ,1.28
199820,6490.0,112205.0,112205.0,728210450.0,728210450.0,KOSDAQ,1.56
234690,8010.0,88260.0,88260.0,706962600.0,706962600.0,KOSDAQ,2.69
264450,9810.0,31303.0,31303.0,307082430.0,307082430.0,KOSDAQ,2.83
049960,15270.0,2294.0,2294.0,35029380.0,35029380.0,KOSDAQ,0.2
005990,10750.0,1760.0,1760.0,18920000.0,18920000.0,KOSDAQ,0.37
475040,2680.0,2018558.0,2018558.0,5409735440.0,5409735440.0,KOSDAQ,5.1
293780,5050.0,143937.0,143937.0,726881850.0,726881850.0,KOSDAQ,9.9
041020,2840.0,329131.0,329131.0,934732040.0,934732040.0,KOSDAQ,1.61
251370,7820.0,86101.0,86101.0,673309820.0,673309820.0,KOSDAQ,5.68
126640,4010.0,1342443.0,1342443.0,5383196430.0,5383196430.0,KOSDAQ,2.56
222040,6810.0,77970.0,77970.0,530975700.0,530975700.0,KOSDAQ,-1.3
083310,7800.0,39629.0,39629.0,309106200.0,309106200.0,KOSDAQ,-1.14
338840,9000.0,61931.0,117872.0,557379000.0,1060848000.0,KOSDAQ,10.02
0039P0,7350.0,11814846.0,11814846.0,86839118100.0,86839118100.0,KOSDAQ,13.08
104480,1517.0,180986.0,180986.0,274555762.0,274555762.0,KOSDAQ,-0.46
212560,10210.0,97225.0,97225.0,992667250.0,992667250.0,KOSDAQ,6.24
101970,9280.0,3468.0,3468.0,32183040.0,32183040.0,KOSDAQ,-5.02
260970,47400.0,12350.0,12350.0,585390000.0,585390000.0,KOSDAQ,-1.66
001540,10490.0,55652.0,55652.0,583789480.0,583789480.0,KOSDAQ,2.74
462860,1897.0,156236.0,156236.0,296379692.0,296379692.0,KOSDAQ,2.82
012210,5900.0,46208.0,46208.0,272627200.0,272627200.0,KOSDAQ,7.27
048870,1537.0,674052.0,674052.0,1036017924.0,1036017924.0,KOSDAQ,2.81
023600,8440.0,2581.0,2581.0,21783640.0,21783640.0,KOSDAQ,0.0
310200,2580.0,128056.0,128056.0,330384480.0,330384480.0,KOSDAQ,1.18
069510,12330.0,3901.0,3901.0,48099330.0,48099330.0,KOSDAQ,-0.8
039860,3530.0,175121.0,175121.0,618177130.0,618177130.0,KOSDAQ,1.44
090850,5970.0,49030.0,49030.0,292709100.0,292709100.0,KOSDAQ,-2.93
255220,1220.0,756101.0,756101.0,922443220.0,922443220.0,KOSDAQ,2.95
060150,2930.0,103755.0,103755.0,304002150.0,304002150.0,KOSDAQ,2.63
382800,4180.0,233252.0,233252.0,974993360.0,974993360.0,KOSDAQ,-0.95
408920,3075.0,22674.0,22674.0,69722550.0,69722550.0,KOSDAQ,4.59
049630,5660.0,211110.0,211110.0,1194882600.0,1194882600.0,KOSDAQ,5.99
355150,16890.0,104350.0,104350.0,1762471500.0,1762471500.0,KOSDAQ,13.97
119830,4960.0,148573.0,148573.0,736922080.0,736922080.0,KOSDAQ,-7.64
293580,1385.0,239838.0,239838.0,332175630.0,332175630.0,KOSDAQ,5.0
389020,19000.0,34590.0,34590.0,657210000.0,657210000.0,KOSDAQ,2.87
054450,8650.0,67257.0,67257.0,581773050.0,581773050.0,KOSDAQ,2.61
088800,1725.0,216069.0,216069.0,372719025.0,372719025.0,KOSDAQ,8.9
005160,2400.0,37412.0,37412.0,89788800.0,89788800.0,KOSDAQ,3.67
086890,3180.0,61895.0,61895.0,196826100.0,196826100.0,KOSDAQ,1.92
950190,9960.0,61146.0,61146.0,609014160.0,609014160.0,KOSDAQ,0.0
049720,9060.0,118690.0,118690.0,1075331400.0,1075331400.0,KOSDAQ,-1.41
457550,13900.0,25394.0,25394.0,352976600.0,352976600.0,KOSDAQ,2.58
339950,2880.0,102257.0,102257.0,294500160.0,294500160.0,KOSDAQ,1.41
035610,4715.0,92905.0,92905.0,438047075.0,438047075.0,KOSDAQ,0.43
246710,2705.0,1716425.0,1716425.0,4642929625.0,4642929625.0,KOSDAQ,-9.83
322310,13760.0,178523.0,178523.0,2456476480.0,2456476480.0,KOSDAQ,1.03
003100,19400.0,37345.0,37345.0,724493000.0,724493000.0,KOSDAQ,0.52
322510,4975.0,94467.0,94467.0,469973325.0,469973325.0,KOSDAQ,2.37
205500,1572.0,127689.0,127689.0,200727108.0,200727108.0,KOSDAQ,0.38
388050,6830.0,175787.0,175787.0,1200625210.0,1200625210.0,KOSDAQ,3.48
114840,7590.0,20044.0,28951.0,152133960.0,219738090.0,KOSDAQ,0.53
136540,10310.0,23247.0,23247.0,239676570.0,239676570.0,KOSDAQ,0.39
040350,6340.0,86760.0,86760.0,550058400.0,550058400.0,KOSDAQ,-3.06
418550,3930.0,142990.0,142990.0,561950700.0,561950700.0,KOSDAQ,3.42
382900,14360.0,34545.0,58160.0,496066200.0,835177600.0,KOSDAQ,1.63
263860,13700.0,20569.0,20569.0,281795300.0,281795300.0,KOSDAQ,1.78
321550,4115.0,224822.0,224822.0,925142530.0,925142530.0,KOSDAQ,4.31
038290,11400.0,20404.0,20404.0,232605600.0,232605600.0,KOSDAQ,0.71
300080,7460.0,57951.0,106607.0,432314460.0,795288220.0,KOSDAQ,1.5
405100,10010.0,25216.0,25216.0,252412160.0,252412160.0,KOSDAQ,2.88
086980,1963.0,123861.0,123861.0,243139143.0,243139143.0,KOSDAQ,-0.1
051160,7900.0,47558.0,47558.0,375708200.0,375708200.0,KOSDAQ,0.38
095190,1873.0,215427.0,215427.0,403494771.0,403494771.0,KOSDAQ,0.32
274090,8870.0,119650.0,119650.0,1061295500.0,1061295500.0,KOSDAQ,3.5
242040,3515.0,318294.0,318294.0,1118803410.0,1118803410.0,KOSDAQ,3.84
0007C0,15140.0,73239.0,73239.0,1108838460.0,1108838460.0,KOSDAQ,0.13
333430,3955.0,3340466.0,3340466.0,13211543030.0,13211543030.0,KOSDAQ,-1.25
297890,1660.0,459778.0,459778.0,763231480.0,763231480.0,KOSDAQ,3.88
0088M0,12280.0,55011.0,55011.0,675535080.0,675535080.0,KOSDAQ,4.07
146320,9470.0,320855.0,320855.0,3038496850.0,3038496850.0,KOSDAQ,10.63
372170,15120.0,54678.0,60890.0,826731360.0,920656800.0,KOSDAQ,3.21
264660,12310.0,27818.0,27818.0,342439580.0,342439580.0,KOSDAQ,2.07
445180,6900.0,25003.0,25003.0,172520700.0,172520700.0,KOSDAQ,0.73
093640,3610.0,86157.0,86157.0,311026770.0,311026770.0,KOSDAQ,8.08
147830,5900.0,82624.0,82624.0,487481600.0,487481600.0,KOSDAQ,-0.84
226590,10990.0,41009.0,41009.0,450688910.0,450688910.0,KOSDAQ,3.29
089600,10170.0,11010.0,11010.0,111971700.0,111971700.0,KOSDAQ,-0.29
080420,1475.0,21447.0,21447.0,31634325.0,31634325.0,KOSDAQ,4.46
140670,9140.0,76204.0,76204.0,696504560.0,696504560.0,KOSDAQ,4.58
118990,4780.0,29682.0,29682.0,141879960.0,141879960.0,KOSDAQ,-0.42
102120,6570.0,98340.0,98340.0,646093800.0,646093800.0,KOSDAQ,-0.61
474650,20250.0,36905.0,36905.0,747326250.0,747326250.0,KOSDAQ,1.76
041520,9550.0,25590.0,25590.0,244384500.0,244384500.0,KOSDAQ,3.24
027710,1043.0,346005.0,346005.0,360883215.0,360883215.0,KOSDAQ,1.86
489500,18090.0,19035.0,19035.0,344343150.0,344343150.0,KOSDAQ,3.91
361390,11870.0,32540.0,32540.0,386249800.0,386249800.0,KOSDAQ,3.76
458650,7680.0,8282.0,8282.0,63605760.0,63605760.0,KOSDAQ,0.39
232680,8710.0,349786.0,349786.0,3046636060.0,3046636060.0,KOSDAQ,2.23
340450,4865.0,94763.0,94763.0,461021995.0,461021995.0,KOSDAQ,5.76
451760,6920.0,84781.0,84781.0,586684520.0,586684520.0,KOSDAQ,3.28
473980,10320.0,16815.0,25855.0,173530800.0,266823600.0,KOSDAQ,-0.29
240550,5440.0,76696.0,76696.0,417226240.0,417226240.0,KOSDAQ,2.26
049520,3685.0,74168.0,74168.0,273309080.0,273309080.0,KOSDAQ,0.41
285490,10730.0,37253.0,37253.0,399724690.0,399724690.0,KOSDAQ,-0.28
142210,5440.0,110076.0,110076.0,598813440.0,598813440.0,KOSDAQ,2.64
032580,3405.0,693487.0,693487.0,2361323235.0,2361323235.0,KOSDAQ,-3.81
122450,2515.0,28287.0,28287.0,71141805.0,71141805.0,KOSDAQ,0.0
256940,5610.0,47936.0,47936.0,268920960.0,268920960.0,KOSDAQ,0.0
095700,2465.0,59986.0,59986.0,147865490.0,147865490.0,KOSDAQ,0.0
067990,3840.0,148694.0,148694.0,570984960.0,570984960.0,KOSDAQ,0.39
038540,2020.0,22725.0,22725.0,45904500.0,45904500.0,KOSDAQ,1.35
021320,5220.0,5782.0,5782.0,30182040.0,30182040.0,KOSDAQ,-0.57
059120,6090.0,930642.0,930642.0,5667609780.0,5667609780.0,KOSDAQ,4.1
106190,10470.0,15302.0,15302.0,160211940.0,160211940.0,KOSDAQ,-1.97
108230,2925.0,53354.0,53354.0,156060450.0,156060450.0,KOSDAQ,-2.17
101360,6230.0,35648.0,65507.0,222087040.0,408108610.0,KOSDAQ,-1.58
307750,2045.0,101220.0,101220.0,206994900.0,206994900.0,KOSDAQ,2.82
478340,9530.0,80631.0,80631.0,768413430.0,768413430.0,KOSDAQ,7.56
149950,8050.0,54983.0,54983.0,442613150.0,442613150.0,KOSDAQ,0.5
018120,16600.0,827.0,827.0,13728200.0,13728200.0,KOSDAQ,0.79
289080,1824.0,306803.0,306803.0,559608672.0,559608672.0,KOSDAQ,3.81
006620,3850.0,80998.0,80998.0,311842300.0,311842300.0,KOSDAQ,0.13
009780,6220.0,5157.0,5157.0,32076540.0,32076540.0,KOSDAQ,1.3
290720,3080.0,75645.0,75645.0,232986600.0,232986600.0,KOSDAQ,-2.84
051360,11280.0,91711.0,141934.0,1034500080.0,1601015520.0,KOSDAQ,6.92
396300,4100.0,3650768.0,3650768.0,14968148800.0,14968148800.0,KOSDAQ,3.93
067290,1936.0,16818608.0,16818608.0,32560825088.0,32560825088.0,KOSDAQ,4.2
041440,6060.0,75320.0,75320.0,456439200.0,456439200.0,KOSDAQ,2.02
432720,7620.0,120037.0,120037.0,914681940.0,914681940.0,KOSDAQ,4.24
037350,7090.0,155393.0,155393.0,1101736370.0,1101736370.0,KOSDAQ,-1.8
362320,5090.0,55392.0,55392.0,281945280.0,281945280.0,KOSDAQ,-5.39
371950,4730.0,13908.0,13908.0,65784840.0,65784840.0,KOSDAQ,0.0
402490,6320.0,144139.0,144139.0,910958480.0,910958480.0,KOSDAQ,1.12
259630,8750.0,49059.0,49059.0,429266250.0,429266250.0,KOSDAQ,0.23
265740,5980.0,120853.0,120853.0,722700940.0,722700940.0,KOSDAQ,-0.83
054050,6660.0,19108.0,19108.0,127259280.0,127259280.0,KOSDAQ,-0.45
211270,7070.0,62045.0,62045.0,438658150.0,438658150.0,KOSDAQ,2.91
063570,3115.0,19075.0,19075.0,59418625.0,59418625.0,KOSDAQ,0.16
469610,11890.0,75168.0,94213.0,893747520.0,1120192570.0,KOSDAQ,1.36
126730,12120.0,65479.0,65479.0,793605480.0,793605480.0,KOSDAQ,3.77
148150,2990.0,90487.0,90487.0,270556130.0,270556130.0,KOSDAQ,1.53
357880,2005.0,848266.0,848266.0,1700773330.0,1700773330.0,KOSDAQ,0.8
053080,8150.0,55327.0,55327.0,450915050.0,450915050.0,KOSDAQ,2.52
053700,3965.0,222335.0,222335.0,881558275.0,881558275.0,KOSDAQ,1.28
217270,2265.0,12949.0,12949.0,29329485.0,29329485.0,KOSDAQ,0.44
282880,9050.0,290721.0,290721.0,2631025050.0,2631025050.0,KOSDAQ,2.72
338220,7550.0,20378.0,35294.0,153853900.0,266469700.0,KOSDAQ,3.71
039340,4800.0,18534.0,18534.0,88963200.0,88963200.0,KOSDAQ,-0.21
067900,5800.0,13769.0,13769.0,79860200.0,79860200.0,KOSDAQ,0.52
267320,1835.0,234356.0,234356.0,430043260.0,430043260.0,KOSDAQ,1.94
035080,9190.0,21916.0,21916.0,201408040.0,201408040.0,KOSDAQ,-0.76
058820,709.0,847321.0,847321.0,600750589.0,600750589.0,KOSDAQ,-2.88
052260,3500.0,123570.0,123570.0,432495000.0,432495000.0,KOSDAQ,8.36
109740,4080.0,39183.0,39183.0,159866640.0,159866640.0,KOSDAQ,-0.24
101170,7760.0,104209.0,104209.0,808661840.0,808661840.0,KOSDAQ,6.45
044340,5860.0,8245309.0,8245309.0,48317510740.0,48317510740.0,KOSDAQ,21.45
331920,9350.0,46144.0,46144.0,431446400.0,431446400.0,KOSDAQ,3.31
394420,9470.0,179942.0,179942.0,1704050740.0,1704050740.0,KOSDAQ,5.57
115310,7020.0,3956.0,3956.0,27771120.0,27771120.0,KOSDAQ,4.46
220260,3240.0,91561.0,91561.0,296657640.0,296657640.0,KOSDAQ,-0.31
047310,2820.0,145596.0,145596.0,410580720.0,410580720.0,KOSDAQ,1.08
120240,14330.0,16226.0,16226.0,232518580.0,232518580.0,KOSDAQ,0.07
452450,2850.0,122993.0,122993.0,350530050.0,350530050.0,KOSDAQ,5.17
054920,3635.0,133674.0,133674.0,485904990.0,485904990.0,KOSDAQ,0.41
051980,923.0,900115.0,900115.0,830806145.0,830806145.0,KOSDAQ,1.88
488280,9480.0,63034.0,131393.0,597562320.0,1245605640.0,KOSDAQ,3.61
073560,1475.0,27336.0,27336.0,40320600.0,40320600.0,KOSDAQ,-1.14
021080,2125.0,312555.0,312555.0,664179375.0,664179375.0,KOSDAQ,0.24
032940,5600.0,1157629.0,1157629.0,6482722400.0,6482722400.0,KOSDAQ,6.06
192410,4045.0,256279.0,256279.0,1036648555.0,1036648555.0,KOSDAQ,9.92
059210,3745.0,73768.0,73768.0,276261160.0,276261160.0,KOSDAQ,1.63
388790,3320.0,278315.0,278315.0,924005800.0,924005800.0,KOSDAQ,2.31
226400,4910.0,183881.0,183881.0,902855710.0,902855710.0,KOSDAQ,0.2
042600,8100.0,7776.0,7776.0,62985600.0,62985600.0,KOSDAQ,-0.98
166480,1902.0,81847.0,81847.0,155672994.0,155672994.0,KOSDAQ,5.14
100700,2295.0,24307.0,24307.0,55784565.0,55784565.0,KOSDAQ,-1.08
366030,4420.0,44692.0,44692.0,197538640.0,197538640.0,KOSDAQ,1.73
309960,4310.0,134947.0,134947.0,581621570.0,581621570.0,KOSDAQ,0.7
417500,3050.0,105028.0,105028.0,320335400.0,320335400.0,KOSDAQ,2.69
228850,6010.0,126924.0,126924.0,762813240.0,762813240.0,KOSDAQ,0.33
308080,4855.0,90371.0,90371.0,438751205.0,438751205.0,KOSDAQ,1.78
141000,8200.0,28268.0,28268.0,231797600.0,231797600.0,KOSDAQ,5.81
013310,2545.0,169701.0,169701.0,431889045.0,431889045.0,KOSDAQ,0.99
158430,4030.0,195746.0,195746.0,788856380.0,788856380.0,KOSDAQ,3.87
453450,12400.0,32323.0,32323.0,400805200.0,400805200.0,KOSDAQ,2.14
131030,5580.0,55344.0,55344.0,308819520.0,308819520.0,KOSDAQ,2.2
040300,2055.0,18201.0,18201.0,37403055.0,37403055.0,KOSDAQ,0.74
036630,6990.0,6021.0,6021.0,42086790.0,42086790.0,KOSDAQ,-0.29
083500,11780.0,71612.0,71612.0,843589360.0,843589360.0,KOSDAQ,5.18
039560,2280.0,91866.0,91866.0,209454480.0,209454480.0,KOSDAQ,3.4
228670,6250.0,808792.0,808792.0,5054950000.0,5054950000.0,KOSDAQ,24.75
056090,942.0,427924.0,427924.0,403104408.0,403104408.0,KOSDAQ,3.18
418420,3155.0,123859.0,123859.0,390775145.0,390775145.0,KOSDAQ,4.82
317770,2640.0,294034.0,294034.0,776249760.0,776249760.0,KOSDAQ,-1.12
073010,2405.0,103907.0,103907.0,249896335.0,249896335.0,KOSDAQ,-2.83
123040,1530.0,550086.0,550086.0,841631580.0,841631580.0,KOSDAQ,2.48
047560,8150.0,41820.0,41820.0,340833000.0,340833000.0,KOSDAQ,6.26
297090,3510.0,67460.0,67460.0,236784600.0,236784600.0,KOSDAQ,0.57
105330,5960.0,15919.0,15919.0,94877240.0,94877240.0,KOSDAQ,-0.67
071280,6240.0,58278.0,58278.0,363654720.0,363654720.0,KOSDAQ,1.96
205100,1350.0,128621.0,128621.0,173638350.0,173638350.0,KOSDAQ,-0.3
474170,5350.0,47397.0,47397.0,253573950.0,253573950.0,KOSDAQ,0.0
352090,3545.0,34708.0,34708.0,123039860.0,123039860.0,KOSDAQ,-0.28
299030,11890.0,66874.0,75948.0,795131860.0,903021720.0,KOSDAQ,1.62
307930,6060.0,73415.0,73415.0,444894900.0,444894900.0,KOSDAQ,3.77
298540,6460.0,9856.0,9856.0,63669760.0,63669760.0,KOSDAQ,0.62
091440,2735.0,68469.0,68469.0,187262715.0,187262715.0,KOSDAQ,-1.97
323990,4015.0,76127.0,76127.0,305649905.0,305649905.0,KOSDAQ,1.52
017510,6100.0,111591.0,111591.0,680705100.0,680705100.0,KOSDAQ,0.99
066590,2390.0,367218.0,367218.0,877651020.0,877651020.0,KOSDAQ,-0.83
336680,2360.0,4800.0,4800.0,11328000.0,11328000.0,KOSDAQ,0.43
042500,4120.0,141372.0,141372.0,582452640.0,582452640.0,KOSDAQ,-1.44
002230,4975.0,216555.0,216555.0,1077361125.0,1077361125.0,KOSDAQ,9.22
047770,2420.0,349615.0,349615.0,846068300.0,846068300.0,KOSDAQ,4.54
163730,7620.0,44333.0,44333.0,337817460.0,337817460.0,KOSDAQ,0.26
115500,7590.0,56047.0,56047.0,425396730.0,425396730.0,KOSDAQ,-1.3
086710,7450.0,18100.0,18100.0,134845000.0,134845000.0,KOSDAQ,-1.46
023900,7170.0,6454.0,6454.0,46275180.0,46275180.0,KOSDAQ,1.13
093920,4855.0,29457.0,29457.0,143013735.0,143013735.0,KOSDAQ,0.73
380550,7400.0,60779.0,60779.0,449764600.0,449764600.0,KOSDAQ,4.52
040420,5750.0,16730.0,16730.0,96197500.0,96197500.0,KOSDAQ,0.0
475580,6570.0,36875.0,36875.0,242268750.0,242268750.0,KOSDAQ,2.98
036220,6230.0,8084.0,8084.0,50363320.0,50363320.0,KOSDAQ,2.98
074430,1009.0,122276.0,122276.0,123376484.0,123376484.0,KOSDAQ,0.7
088130,5050.0,94041.0,94041.0,474907050.0,474907050.0,KOSDAQ,2.43
033560,5160.0,131146.0,131146.0,676713360.0,676713360.0,KOSDAQ,11.09
189330,9400.0,205690.0,205690.0,1933486000.0,1933486000.0,KOSDAQ,5.74
172670,9840.0,71535.0,71535.0,703904400.0,703904400.0,KOSDAQ,5.92
209640,3095.0,133439.0,133439.0,412993705.0,412993705.0,KOSDAQ,3.0
125210,5330.0,68092.0,68092.0,362930360.0,362930360.0,KOSDAQ,3.5
052420,9000.0,39827.0,39827.0,358443000.0,358443000.0,KOSDAQ,4.29
474610,6080.0,106336.0,106336.0,646522880.0,646522880.0,KOSDAQ,5.01
357230,2120.0,22153.0,22153.0,46964360.0,46964360.0,KOSDAQ,-0.47
104460,8300.0,6178.0,6178.0,51277400.0,51277400.0,KOSDAQ,1.59
005860,2215.0,613724.0,613724.0,1359398660.0,1359398660.0,KOSDAQ,1.84
217820,1835.0,634375.0,634375.0,1164078125.0,1164078125.0,KOSDAQ,3.09
042510,7830.0,42136.0,42136.0,329924880.0,329924880.0,KOSDAQ,2.09
099750,6360.0,57670.0,57670.0,366781200.0,366781200.0,KOSDAQ,-4.36
289930,6600.0,69590.0,69590.0,459294000.0,459294000.0,KOSDAQ,0.76
330350,6550.0,70322.0,70322.0,460609100.0,460609100.0,KOSDAQ,1.39
044990,11240.0,31330.0,31330.0,352149200.0,352149200.0,KOSDAQ,3.12
053260,4610.0,11295.0,11295.0,52069950.0,52069950.0,KOSDAQ,-1.18
063170,4855.0,15322.0,15322.0,74388310.0,74388310.0,KOSDAQ,-0.41
282720,7110.0,49532.0,49532.0,352172520.0,352172520.0,KOSDAQ,1.57
396470,5340.0,44570.0,44570.0,238003800.0,238003800.0,KOSDAQ,1.71
417010,4265.0,159699.0,159699.0,681116235.0,681116235.0,KOSDAQ,7.03
418470,10040.0,11180.0,11180.0,112247200.0,112247200.0,KOSDAQ,-2.33
078140,7750.0,60151.0,60151.0,466170250.0,466170250.0,KOSDAQ,1.44
004650,9300.0,32406.0,32406.0,301375800.0,301375800.0,KOSDAQ,0.22
182360,5490.0,18860.0,18860.0,103541400.0,103541400.0,KOSDAQ,4.17
072020,9200.0,9303.0,9303.0,85587600.0,85587600.0,KOSDAQ,1.1
079650,4250.0,5376090.0,5376090.0,22848382500.0,22848382500.0,KOSDAQ,0.0
053580,6550.0,28746.0,28746.0,188286300.0,188286300.0,KOSDAQ,3.31
322180,3940.0,168741.0,168741.0,664839540.0,664839540.0,KOSDAQ,3.68
109610,1730.0,207927.0,207927.0,359713710.0,359713710.0,KOSDAQ,1.29
019540,6260.0,36557.0,36557.0,228846820.0,228846820.0,KOSDAQ,1.29
348350,8470.0,28109.0,28109.0,238083230.0,238083230.0,KOSDAQ,-1.4
0017J0,2800.0,589858.0,589858.0,1651602400.0,1651602400.0,KOSDAQ,3.9
033290,1500.0,86564.0,86564.0,129846000.0,129846000.0,KOSDAQ,-1.45
235980,2450.0,268079.0,268079.0,656793550.0,656793550.0,KOSDAQ,4.26
065450,2845.0,228534.0,228534.0,650179230.0,650179230.0,KOSDAQ,-0.35
037030,3280.0,452225.0,452225.0,1483298000.0,1483298000.0,KOSDAQ,2.02
130580,5430.0,2614.0,2614.0,14194020.0,14194020.0,KOSDAQ,0.0
337930,2815.0,36781.0,36781.0,103538515.0,103538515.0,KOSDAQ,2.36
025950,9940.0,44748.0,44748.0,444795120.0,444795120.0,KOSDAQ,0.71
330730,4580.0,30487.0,30487.0,139630460.0,139630460.0,KOSDAQ,1.89
096240,8140.0,18402.0,18402.0,149792280.0,149792280.0,KOSDAQ,-1.93
049950,9430.0,9315.0,9315.0,87840450.0,87840450.0,KOSDAQ,2.5
017650,9450.0,8629.0,8629.0,81544050.0,81544050.0,KOSDAQ,0.0
149980,4825.0,14068.0,14068.0,67878100.0,67878100.0,KOSDAQ,1.05
067000,1186.0,239787.0,239787.0,284387382.0,284387382.0,KOSDAQ,3.94
053350,3750.0,80885.0,80885.0,303318750.0,303318750.0,KOSDAQ,3.31
302550,2670.0,42122.0,42122.0,112465740.0,112465740.0,KOSDAQ,2.5
066430,2105.0,4335435.0,4335435.0,9126090675.0,9126090675.0,KOSDAQ,4.99
263720,6600.0,10597.0,10597.0,69940200.0,69940200.0,KOSDAQ,3.13
487580,3250.0,175130.0,175130.0,569172500.0,569172500.0,KOSDAQ,-2.11
100130,1425.0,142127.0,142127.0,202530975.0,202530975.0,KOSDAQ,0.0
029480,1363.0,70000.0,70000.0,95410000.0,95410000.0,KOSDAQ,1.04
250060,2520.0,212058.0,212058.0,534386160.0,534386160.0,KOSDAQ,1.61
153890,6690.0,989365.0,989365.0,6618851850.0,6618851850.0,KOSDAQ,13.01
037760,2380.0,4656.0,4656.0,11081280.0,11081280.0,KOSDAQ,-0.21
092040,1139.0,498448.0,498448.0,567732272.0,567732272.0,KOSDAQ,1.24
048530,2605.0,123385.0,123385.0,321417925.0,321417925.0,KOSDAQ,6.98
058630,4285.0,28738.0,28738.0,123142330.0,123142330.0,KOSDAQ,0.35
129920,4945.0,150565.0,150565.0,744543925.0,744543925.0,KOSDAQ,-1.3
054040,4985.0,53563.0,53563.0,267011555.0,267011555.0,KOSDAQ,3.21
311320,6330.0,48428.0,48428.0,306549240.0,306549240.0,KOSDAQ,-2.47
102370,3080.0,50278.0,50278.0,154856240.0,154856240.0,KOSDAQ,3.53
032300,7310.0,20493.0,20493.0,149803830.0,149803830.0,KOSDAQ,2.81
950130,2265.0,48438.0,48438.0,109712070.0,109712070.0,KOSDAQ,5.35
452190,3325.0,128590.0,128590.0,427561750.0,427561750.0,KOSDAQ,3.42
053280,3180.0,6447.0,6447.0,20501460.0,20501460.0,KOSDAQ,2.25
063080,12050.0,10422.0,10422.0,125585100.0,125585100.0,KOSDAQ,1.86
131370,1489.0,136450.0,136450.0,203174050.0,203174050.0,KOSDAQ,1.09
054670,5520.0,17123.0,17123.0,94518960.0,94518960.0,KOSDAQ,-1.43
086960,1861.0,323778.0,323778.0,602550858.0,602550858.0,KOSDAQ,2.53
012700,3020.0,19762.0,19762.0,59681240.0,59681240.0,KOSDAQ,-0.17
067370,6470.0,15454.0,15454.0,99987380.0,99987380.0,KOSDAQ,1.41
389030,2005.0,96501.0,96501.0,193484505.0,193484505.0,KOSDAQ,-0.5
0117P0,5560.0,185347.0,185347.0,1030529320.0,1030529320.0,KOSDAQ,2.77
214260,8820.0,17621.0,17621.0,155417220.0,155417220.0,KOSDAQ,6.78
019550,971.0,199005.0,199005.0,193233855.0,193233855.0,KOSDAQ,1.04
320000,11670.0,629880.0,629880.0,7350699600.0,7350699600.0,KOSDAQ,3.92
066700,2115.0,55375.0,55375.0,117118125.0,117118125.0,KOSDAQ,3.93
187790,2545.0,224382.0,224382.0,571052190.0,571052190.0,KOSDAQ,5.38
036640,4790.0,29812.0,29812.0,142799480.0,142799480.0,KOSDAQ,0.21
054540,6020.0,138690.0,138690.0,834913800.0,834913800.0,KOSDAQ,-0.5
215100,3840.0,285107.0,285107.0,1094810880.0,1094810880.0,KOSDAQ,4.07
494120,10190.0,94739.0,135135.0,965390410.0,1377025650.0,KOSDAQ,8.87
009300,12200.0,3872.0,3872.0,47238400.0,47238400.0,KOSDAQ,-0.08
463020,8750.0,2842339.0,2842339.0,24870466250.0,24870466250.0,KOSDAQ,14.38
0218L0,14660.0,274412.0,274412.0,4022879920.0,4022879920.0,KOSDAQ,-0.34
080010,7860.0,15266.0,15266.0,119990760.0,119990760.0,KOSDAQ,2.21
255440,5900.0,2277412.0,2277412.0,13436730800.0,13436730800.0,KOSDAQ,9.67
377480,10820.0,404210.0,404210.0,4373552200.0,4373552200.0,KOSDAQ,7.98
303810,2405.0,25510.0,25510.0,61351550.0,61351550.0,KOSDAQ,0.21
263800,4735.0,266104.0,266104.0,1260002440.0,1260002440.0,KOSDAQ,1.39
331380,2100.0,88141.0,88141.0,185096100.0,185096100.0,KOSDAQ,4.74
900260,1665.0,15014.0,15014.0,24998310.0,24998310.0,KOSDAQ,-0.42
052900,998.0,752938.0,752938.0,751432124.0,751432124.0,KOSDAQ,-0.8
040910,4175.0,11105.0,11105.0,46363375.0,46363375.0,KOSDAQ,3.21
078890,4115.0,167309.0,167309.0,688476535.0,688476535.0,KOSDAQ,5.51
052460,5190.0,2073812.0,2073812.0,10763084280.0,10763084280.0,KOSDAQ,12.34
101330,3275.0,73398.0,73398.0,240378450.0,240378450.0,KOSDAQ,3.15
290740,7520.0,175343.0,175343.0,1318579360.0,1318579360.0,KOSDAQ,9.3
173130,5800.0,26339.0,26339.0,152766200.0,152766200.0,KOSDAQ,0.0
156100,3385.0,317895.0,317895.0,1076074575.0,1076074575.0,KOSDAQ,10.8
065510,6950.0,41916.0,41916.0,291316200.0,291316200.0,KOSDAQ,-0.71
004590,5040.0,23482.0,23482.0,118349280.0,118349280.0,KOSDAQ,0.8
381620,5760.0,172338.0,172338.0,992666880.0,992666880.0,KOSDAQ,4.73
038110,1833.0,341980.0,341980.0,626849340.0,626849340.0,KOSDAQ,-0.87
0011A0,8070.0,46985.0,46985.0,379168950.0,379168950.0,KOSDAQ,3.86
054620,4085.0,62630.0,62630.0,255843550.0,255843550.0,KOSDAQ,-0.97
024830,8970.0,124.0,124.0,1112280.0,1112280.0,KOSDAQ,4.91
306620,1562.0,175122.0,175122.0,273540564.0,273540564.0,KOSDAQ,0.13
475230,6870.0,51091.0,51091.0,350995170.0,350995170.0,KOSDAQ,5.05
061250,8880.0,2609.0,2609.0,23167920.0,23167920.0,KOSDAQ,1.6
265560,6990.0,14646.0,14646.0,102375540.0,102375540.0,KOSDAQ,1.3
493330,9500.0,150276.0,150276.0,1427622000.0,1427622000.0,KOSDAQ,8.45
043610,1275.0,90085.0,90085.0,114858375.0,114858375.0,KOSDAQ,-0.62
047820,3025.0,4960.0,4960.0,15004000.0,15004000.0,KOSDAQ,2.72
000440,11860.0,21302.0,21302.0,252641720.0,252641720.0,KOSDAQ,-6.54
950250,2075.0,146877.0,146877.0,304769775.0,304769775.0,KOSDAQ,2.98
036010,5540.0,98365.0,98365.0,544942100.0,544942100.0,KOSDAQ,2.97
451250,7190.0,28281.0,28281.0,203340390.0,203340390.0,KOSDAQ,1.27
024880,3665.0,28630.0,28630.0,104928950.0,104928950.0,KOSDAQ,0.41
039980,5080.0,3438987.0,3438987.0,17470053960.0,17470053960.0,KOSDAQ,11.89
413390,6300.0,20793.0,20793.0,130995900.0,130995900.0,KOSDAQ,1.94
365660,5460.0,8052204.0,8052204.0,43965033840.0,43965033840.0,KOSDAQ,2.06
212710,7490.0,60710.0,60710.0,454717900.0,454717900.0,KOSDAQ,1.22
090470,4160.0,27939.0,27939.0,116226240.0,116226240.0,KOSDAQ,3.61
170030,4730.0,22099.0,22099.0,104528270.0,104528270.0,KOSDAQ,1.72
011370,718.0,65572.0,65572.0,47080696.0,47080696.0,KOSDAQ,-0.97
332370,5450.0,6098.0,6098.0,33234100.0,33234100.0,KOSDAQ,0.93
217330,3120.0,63516.0,63516.0,198169920.0,198169920.0,KOSDAQ,1.79
067570,1708.0,112775.0,112775.0,192619700.0,192619700.0,KOSDAQ,1.49
234300,2645.0,68032.0,68032.0,179944640.0,179944640.0,KOSDAQ,-2.58
060590,2970.0,25031.0,25031.0,74342070.0,74342070.0,KOSDAQ,1.71
208140,2195.0,39297.0,39297.0,86256915.0,86256915.0,KOSDAQ,1.62
017480,4620.0,18334.0,18334.0,84703080.0,84703080.0,KOSDAQ,-1.28
104040,2660.0,21200.0,21200.0,56392000.0,56392000.0,KOSDAQ,1.92
171120,1985.0,61620.0,61620.0,122315700.0,122315700.0,KOSDAQ,1.33
223250,2880.0,48772.0,48772.0,140463360.0,140463360.0,KOSDAQ,1.77
443670,2950.0,69825.0,69825.0,205983750.0,205983750.0,KOSDAQ,1.72
0156T0,9100.0,564195.0,564195.0,5134174500.0,5134174500.0,KOSDAQ,-2.99
115440,6560.0,80712.0,80712.0,529470720.0,529470720.0,KOSDAQ,3.14
290660,1651.0,829600.0,829600.0,1369669600.0,1369669600.0,KOSDAQ,-3.39
347890,4115.0,12249.0,12249.0,50404635.0,50404635.0,KOSDAQ,-1.32
020710,3485.0,122452.0,122452.0,426745220.0,426745220.0,KOSDAQ,1.46
294630,2635.0,139798.0,139798.0,368367730.0,368367730.0,KOSDAQ,0.19
030960,4360.0,49677.0,49677.0,216591720.0,216591720.0,KOSDAQ,-1.25
225530,1916.0,58947.0,58947.0,112942452.0,112942452.0,KOSDAQ,1.91
033130,1872.0,58555.0,58555.0,109614960.0,109614960.0,KOSDAQ,-0.21
084730,6240.0,3080.0,3080.0,19219200.0,19219200.0,KOSDAQ,0.0
234030,2935.0,97164.0,97164.0,285176340.0,285176340.0,KOSDAQ,3.35
052860,3875.0,6800.0,6800.0,26350000.0,26350000.0,KOSDAQ,1.71
475430,3875.0,191737.0,191737.0,742980875.0,742980875.0,KOSDAQ,1.84
085670,2820.0,163023.0,163023.0,459724860.0,459724860.0,KOSDAQ,2.92
011320,3570.0,21100.0,21100.0,75327000.0,75327000.0,KOSDAQ,-4.55
417970,10770.0,21375.0,21375.0,230208750.0,230208750.0,KOSDAQ,6.11
153710,4675.0,7187.0,7187.0,33599225.0,33599225.0,KOSDAQ,1.3
066980,1276.0,617042.0,617042.0,787345592.0,787345592.0,KOSDAQ,1.67
389140,4785.0,64313.0,64313.0,307737705.0,307737705.0,KOSDAQ,1.81
201490,2085.0,114023.0,114023.0,237737955.0,237737955.0,KOSDAQ,2.71
107600,12050.0,8569.0,8569.0,103256450.0,103256450.0,KOSDAQ,4.06
045970,2585.0,120445.0,120445.0,311350325.0,311350325.0,KOSDAQ,-2.45
082210,1945.0,78692.0,78692.0,153055940.0,153055940.0,KOSDAQ,-2.65
105740,6680.0,38351.0,38351.0,256184680.0,256184680.0,KOSDAQ,1.21
041910,5110.0,28147.0,28147.0,143831170.0,143831170.0,KOSDAQ,-0.78
006140,4565.0,70321.0,70321.0,321015365.0,321015365.0,KOSDAQ,1.11
096250,5740.0,20401.0,20401.0,117101740.0,117101740.0,KOSDAQ,1.77
124560,1750.0,31085.0,31085.0,54398750.0,54398750.0,KOSDAQ,0.11
382480,1717.0,71597.0,71597.0,122932049.0,122932049.0,KOSDAQ,1.96
041930,4445.0,7548.0,7548.0,33550860.0,33550860.0,KOSDAQ,1.14
045660,8170.0,9529.0,9529.0,77851930.0,77851930.0,KOSDAQ,-2.51
185490,1560.0,192373.0,192373.0,300101880.0,300101880.0,KOSDAQ,6.19
251120,7740.0,9882.0,9882.0,76486680.0,76486680.0,KOSDAQ,4.03
214680,806.0,124506.0,124506.0,100351836.0,100351836.0,KOSDAQ,5.64
222110,4960.0,5403.0,5403.0,26798880.0,26798880.0,KOSDAQ,1.22
091120,3900.0,27461.0,27461.0,107097900.0,107097900.0,KOSDAQ,5.83
0015N0,5310.0,90923.0,90923.0,482801130.0,482801130.0,KOSDAQ,-4.32
038460,2640.0,99204.0,99204.0,261898560.0,261898560.0,KOSDAQ,1.15
109860,7320.0,2107.0,2107.0,15423240.0,15423240.0,KOSDAQ,2.66
094860,1253.0,219748.0,219748.0,275344244.0,275344244.0,KOSDAQ,2.54
128660,2675.0,56275.0,56275.0,150535625.0,150535625.0,KOSDAQ,-0.19
008830,7380.0,129427.0,129427.0,955171260.0,955171260.0,KOSDAQ,5.43
478560,2565.0,60575.0,60575.0,155374875.0,155374875.0,KOSDAQ,5.12
038680,3325.0,78497.0,78497.0,261002525.0,261002525.0,KOSDAQ,-0.75
032540,3165.0,949.0,949.0,3003585.0,3003585.0,KOSDAQ,1.44
365330,1317.0,394472.0,394472.0,519519624.0,519519624.0,KOSDAQ,2.17
221800,4045.0,52163.0,52163.0,210999335.0,210999335.0,KOSDAQ,4.39
110790,2815.0,3570.0,3570.0,10049550.0,10049550.0,KOSDAQ,-0.18
024740,2005.0,110425.0,110425.0,221402125.0,221402125.0,KOSDAQ,0.0
032850,3965.0,47434.0,47434.0,188075810.0,188075810.0,KOSDAQ,0.89
253840,3925.0,166944.0,166944.0,655255200.0,655255200.0,KOSDAQ,3.29
464490,5720.0,19463.0,19463.0,111328360.0,111328360.0,KOSDAQ,3.81
049550,3325.0,15085.0,15085.0,50157625.0,50157625.0,KOSDAQ,3.58
036000,2830.0,33914.0,33914.0,95976620.0,95976620.0,KOSDAQ,-1.39
451220,8260.0,35527.0,35527.0,293453020.0,293453020.0,KOSDAQ,0.24
048430,5620.0,15046.0,15046.0,84558520.0,84558520.0,KOSDAQ,0.0
065170,2305.0,933679.0,933679.0,2152130095.0,2152130095.0,KOSDAQ,4.3
238090,2110.0,11964.0,11964.0,25244040.0,25244040.0,KOSDAQ,5.24
079810,2985.0,101550.0,101550.0,303126750.0,303126750.0,KOSDAQ,5.66
004780,4030.0,64206.0,64206.0,258750180.0,258750180.0,KOSDAQ,-1.47
002800,4220.0,12369.0,12369.0,52197180.0,52197180.0,KOSDAQ,1.93
198440,1050.0,463031.0,463031.0,486182550.0,486182550.0,KOSDAQ,-4.46
208370,2485.0,203259.0,203259.0,505098615.0,505098615.0,KOSDAQ,4.41
088390,6800.0,8077.0,8077.0,54923600.0,54923600.0,KOSDAQ,4.13
419050,1115.0,289516.0,289516.0,322810340.0,322810340.0,KOSDAQ,0.72
360070,7760.0,24242.0,24242.0,188117920.0,188117920.0,KOSDAQ,4.16
382840,4160.0,34933.0,34933.0,145321280.0,145321280.0,KOSDAQ,1.84
321370,1229.0,722974.0,722974.0,888535046.0,888535046.0,KOSDAQ,5.95
388870,4900.0,78245.0,78245.0,383400500.0,383400500.0,KOSDAQ,3.48
089850,4300.0,8169.0,8169.0,35126700.0,35126700.0,KOSDAQ,0.58
217190,4805.0,32430.0,32430.0,155826150.0,155826150.0,KOSDAQ,-0.1
460940,4690.0,135401.0,135401.0,635030690.0,635030690.0,KOSDAQ,7.32
396270,1918.0,210703.0,210703.0,404128354.0,404128354.0,KOSDAQ,5.27
270520,3205.0,191598.0,191598.0,614071590.0,614071590.0,KOSDAQ,1.75
049080,7400.0,551643.0,551643.0,4082158200.0,4082158200.0,KOSDAQ,0.82
303360,4875.0,23978.0,23978.0,116892750.0,116892750.0,KOSDAQ,-1.52
456070,5690.0,53005.0,53005.0,301598450.0,301598450.0,KOSDAQ,4.21
010240,5360.0,6892.0,6892.0,36941120.0,36941120.0,KOSDAQ,0.56
357580,5320.0,54168.0,54168.0,288173760.0,288173760.0,KOSDAQ,-0.56
083790,812.0,172213.0,172213.0,139836956.0,139836956.0,KOSDAQ,6.56
432470,7090.0,40383.0,40383.0,286315470.0,286315470.0,KOSDAQ,2.16
039420,2710.0,77248.0,77248.0,209342080.0,209342080.0,KOSDAQ,1.5
081150,2560.0,33116.0,33116.0,84776960.0,84776960.0,KOSDAQ,0.59
0004V0,5640.0,227474.0,227474.0,1282953360.0,1282953360.0,KOSDAQ,5.22
203400,688.0,596589.0,596589.0,410453232.0,410453232.0,KOSDAQ,3.77
043650,3465.0,29645.0,29645.0,102719925.0,102719925.0,KOSDAQ,-0.86
214270,1365.0,131412.0,131412.0,179377380.0,179377380.0,KOSDAQ,3.02
026150,3520.0,27446.0,27446.0,96609920.0,96609920.0,KOSDAQ,1.0
041460,3250.0,25616.0,25616.0,83252000.0,83252000.0,KOSDAQ,-0.91
012790,5140.0,12076.0,12076.0,62070640.0,62070640.0,KOSDAQ,1.58
096350,1671.0,65877.0,65877.0,110080467.0,110080467.0,KOSDAQ,1.89
059270,5510.0,85211.0,85211.0,469512610.0,469512610.0,KOSDAQ,4.55
058400,4645.0,26099.0,26099.0,121229855.0,121229855.0,KOSDAQ,0.65
117670,9230.0,5124.0,5124.0,47294520.0,47294520.0,KOSDAQ,-1.18
307870,826.0,325801.0,325801.0,269111626.0,269111626.0,KOSDAQ,-3.84
010280,4700.0,33634.0,33634.0,158079800.0,158079800.0,KOSDAQ,1.4
387690,8020.0,696690.0,696690.0,5587453800.0,5587453800.0,KOSDAQ,-3.02
005670,6090.0,17289.0,17289.0,105290010.0,105290010.0,KOSDAQ,1.5
347000,1598.0,34230.0,34230.0,54699540.0,54699540.0,KOSDAQ,2.96
076610,1018.0,769323.0,769323.0,783170814.0,783170814.0,KOSDAQ,2.0
066310,6490.0,42272.0,42272.0,274345280.0,274345280.0,KOSDAQ,0.15
443250,5560.0,5404.0,5404.0,30046240.0,30046240.0,KOSDAQ,2.58
347860,1425.0,139172.0,139172.0,198320100.0,198320100.0,KOSDAQ,2.96
014970,4040.0,72170.0,72170.0,291566800.0,291566800.0,KOSDAQ,0.12
162300,1439.0,8761.0,8761.0,12607079.0,12607079.0,KOSDAQ,2.42
142280,2490.0,124084.0,124084.0,308969160.0,308969160.0,KOSDAQ,0.0
123420,5720.0,11101.0,11101.0,63497720.0,63497720.0,KOSDAQ,0.0
007820,2965.0,85127.0,85127.0,252401555.0,252401555.0,KOSDAQ,1.72
065530,1237.0,246143.0,246143.0,304478891.0,304478891.0,KOSDAQ,5.46
417790,5630.0,7057.0,7057.0,39730910.0,39730910.0,KOSDAQ,2.74
126880,2535.0,27779.0,27779.0,70419765.0,70419765.0,KOSDAQ,0.0
241690,2400.0,35439.0,35439.0,85053600.0,85053600.0,KOSDAQ,3.9
111710,2850.0,70687.0,70687.0,201457950.0,201457950.0,KOSDAQ,0.0
089230,1519.0,482242.0,482242.0,732525598.0,732525598.0,KOSDAQ,17.03
043710,3370.0,1140.0,1140.0,3841800.0,3841800.0,KOSDAQ,2.12
039010,6750.0,105357.0,105357.0,711159750.0,711159750.0,KOSDAQ,11.02
0015S0,5900.0,31450.0,31450.0,185555000.0,185555000.0,KOSDAQ,0.51
453860,9030.0,5122.0,5122.0,46251660.0,46251660.0,KOSDAQ,0.0
333620,5290.0,10841.0,10841.0,57348890.0,57348890.0,KOSDAQ,0.0
331740,5950.0,17975.0,17975.0,106951250.0,106951250.0,KOSDAQ,-1.98
054300,1000.0,366081.0,366081.0,366081000.0,366081000.0,KOSDAQ,5.93
072950,7180.0,134254.0,134254.0,963943720.0,963943720.0,KOSDAQ,1.84
008370,4815.0,4962.0,4962.0,23892030.0,23892030.0,KOSDAQ,0.63
137950,2580.0,108373.0,108373.0,279602340.0,279602340.0,KOSDAQ,-4.27
0007J0,7300.0,24448.0,24448.0,178470400.0,178470400.0,KOSDAQ,6.1
094850,4090.0,22966.0,22966.0,93930940.0,93930940.0,KOSDAQ,-0.24
067920,5190.0,28326.0,28326.0,147011940.0,147011940.0,KOSDAQ,0.39
318160,6100.0,25939.0,25939.0,158227900.0,158227900.0,KOSDAQ,4.27
261780,2030.0,318419.0,318419.0,646390570.0,646390570.0,KOSDAQ,-2.64
263690,5020.0,15192.0,15192.0,76263840.0,76263840.0,KOSDAQ,2.03
168330,1790.0,10328.0,10328.0,18487120.0,18487120.0,KOSDAQ,2.29
277880,2860.0,21144.0,21144.0,60471840.0,60471840.0,KOSDAQ,1.42
323350,7080.0,70246.0,70246.0,497341680.0,497341680.0,KOSDAQ,4.89
348150,2920.0,22946.0,22946.0,67002320.0,67002320.0,KOSDAQ,3.0
095270,3940.0,85298.0,85298.0,336074120.0,336074120.0,KOSDAQ,3.41
251630,3525.0,47142.0,47142.0,166175550.0,166175550.0,KOSDAQ,3.22
179530,2085.0,39983.0,39983.0,83364555.0,83364555.0,KOSDAQ,2.71
100030,17000.0,2364.0,2364.0,40188000.0,40188000.0,KOSDAQ,-3.08
216050,4575.0,46314.0,46314.0,211886550.0,211886550.0,KOSDAQ,-2.35
246960,1639.0,232751.0,232751.0,381478889.0,381478889.0,KOSDAQ,1.67
061040,6160.0,4307.0,4307.0,26531120.0,26531120.0,KOSDAQ,2.67
053620,6470.0,3066.0,3066.0,19837020.0,19837020.0,KOSDAQ,-0.61
215360,6080.0,20424.0,20424.0,124177920.0,124177920.0,KOSDAQ,1.84
049480,1764.0,147873.0,147873.0,260847972.0,260847972.0,KOSDAQ,0.51
050960,8200.0,1253.0,1253.0,10274600.0,10274600.0,KOSDAQ,-0.85
136150,6600.0,8862.0,8862.0,58489200.0,58489200.0,KOSDAQ,2.48
140070,1495.0,379187.0,379187.0,566884565.0,566884565.0,KOSDAQ,0.0
137080,5160.0,12050.0,12050.0,62178000.0,62178000.0,KOSDAQ,1.57
045340,6420.0,27686.0,27686.0,177744120.0,177744120.0,KOSDAQ,0.16
134580,1112.0,100619.0,100619.0,111888328.0,111888328.0,KOSDAQ,13.35
448710,10370.0,12144.0,12144.0,125933280.0,125933280.0,KOSDAQ,-0.58
048910,4355.0,15762.0,15762.0,68643510.0,68643510.0,KOSDAQ,0.35
053160,9130.0,18511.0,18511.0,169005430.0,169005430.0,KOSDAQ,1.9
010470,4570.0,1741.0,1741.0,7956370.0,7956370.0,KOSDAQ,0.0
420570,9350.0,18969.0,18969.0,177360150.0,177360150.0,KOSDAQ,-1.06
060310,1030.0,359338.0,359338.0,370118140.0,370118140.0,KOSDAQ,4.36
424960,3310.0,20712.0,20712.0,68556720.0,68556720.0,KOSDAQ,-0.6
016250,10830.0,9063.0,9063.0,98152290.0,98152290.0,KOSDAQ,1.69
412350,3725.0,430832.0,430832.0,1604849200.0,1604849200.0,KOSDAQ,0.68
042110,1125.0,1858088.0,1858088.0,2090349000.0,2090349000.0,KOSDAQ,1.44
007370,3840.0,8554.0,8554.0,32847360.0,32847360.0,KOSDAQ,0.52
088910,2110.0,46680.0,46680.0,98494800.0,98494800.0,KOSDAQ,-0.71
439580,1599.0,80649.0,80649.0,128957751.0,128957751.0,KOSDAQ,-0.06
036670,5020.0,23163.0,23163.0,116278260.0,116278260.0,KOSDAQ,-2.14
147760,2690.0,126991.0,126991.0,341605790.0,341605790.0,KOSDAQ,-3.06
219550,1386.0,41856.0,41856.0,58012416.0,58012416.0,KOSDAQ,-4.48
408470,5070.0,37139.0,37139.0,188294730.0,188294730.0,KOSDAQ,-1.17
460870,2670.0,68359.0,68359.0,182518530.0,182518530.0,KOSDAQ,2.69
411080,3500.0,33466.0,33466.0,117131000.0,117131000.0,KOSDAQ,-0.57
039020,2365.0,40603.0,40603.0,96026095.0,96026095.0,KOSDAQ,0.42
025550,2085.0,32892.0,32892.0,68579820.0,68579820.0,KOSDAQ,1.46
027830,985.0,182601.0,182601.0,179861985.0,179861985.0,KOSDAQ,-5.74
040160,4410.0,35433.0,35433.0,156259530.0,156259530.0,KOSDAQ,7.17
003310,1497.0,325314.0,325314.0,486995058.0,486995058.0,KOSDAQ,-0.53
205470,2140.0,62359.0,62359.0,133448260.0,133448260.0,KOSDAQ,5.16
175140,2110.0,44311.0,44311.0,93496210.0,93496210.0,KOSDAQ,6.84
067170,1915.0,481362.0,481362.0,921808230.0,921808230.0,KOSDAQ,4.87
014470,875.0,131381.0,131381.0,114958375.0,114958375.0,KOSDAQ,1.63
155650,2765.0,5321.0,5321.0,14712565.0,14712565.0,KOSDAQ,1.65
314140,6050.0,38404.0,38404.0,232344200.0,232344200.0,KOSDAQ,1.68
033310,1309.0,33269.0,33269.0,43549121.0,43549121.0,KOSDAQ,1.71
056360,5340.0,111248.0,111248.0,594064320.0,594064320.0,KOSDAQ,5.95
347740,1742.0,18802.0,18802.0,32753084.0,32753084.0,KOSDAQ,0.35
459100,3880.0,21118.0,21118.0,81937840.0,81937840.0,KOSDAQ,5.15
027050,1303.0,44166.0,44166.0,57548298.0,57548298.0,KOSDAQ,-0.84
950200,2705.0,11382.0,11382.0,30788310.0,30788310.0,KOSDAQ,-1.1
036120,1477.0,45464.0,45464.0,67150328.0,67150328.0,KOSDAQ,0.82
170790,8110.0,18553.0,18553.0,150464830.0,150464830.0,KOSDAQ,1.38
033320,2710.0,56530.0,56530.0,153196300.0,153196300.0,KOSDAQ,3.24
263600,3245.0,32409.0,32409.0,105167205.0,105167205.0,KOSDAQ,5.02
104540,3850.0,59483.0,59483.0,229009550.0,229009550.0,KOSDAQ,-1.53
036090,1211.0,172482.0,172482.0,208875702.0,208875702.0,KOSDAQ,2.02
476040,7820.0,17551.0,17551.0,137248820.0,137248820.0,KOSDAQ,5.25
100590,2995.0,140368.0,140368.0,420402160.0,420402160.0,KOSDAQ,4.54
039610,4930.0,24111.0,24111.0,118867230.0,118867230.0,KOSDAQ,0.82
070300,1444.0,169596.0,169596.0,244896624.0,244896624.0,KOSDAQ,-2.43
452400,5650.0,14259.0,14259.0,80563350.0,80563350.0,KOSDAQ,4.05
064800,2000.0,18421.0,18421.0,36842000.0,36842000.0,KOSDAQ,-0.25
435570,6710.0,5063.0,5063.0,33972730.0,33972730.0,KOSDAQ,0.0
273640,4660.0,10384.0,10384.0,48389440.0,48389440.0,KOSDAQ,3.1
192250,7230.0,25972.0,25972.0,187777560.0,187777560.0,KOSDAQ,2.99
299660,1727.0,2206005.0,2206005.0,3809770635.0,3809770635.0,KOSDAQ,1.17
040610,2985.0,17386.0,17386.0,51897210.0,51897210.0,KOSDAQ,0.84
037440,3650.0,152105.0,152105.0,555183250.0,555183250.0,KOSDAQ,2.1
457370,6290.0,57512.0,57512.0,361750480.0,361750480.0,KOSDAQ,1.94
299170,1221.0,291531.0,291531.0,355959351.0,355959351.0,KOSDAQ,3.04
457600,3680.0,617577.0,617577.0,2272683360.0,2272683360.0,KOSDAQ,8.08
053270,1840.0,48459.0,48459.0,89164560.0,89164560.0,KOSDAQ,1.21
039240,1863.0,21951.0,21951.0,40894713.0,40894713.0,KOSDAQ,1.31
046940,2780.0,109283.0,109283.0,303806740.0,303806740.0,KOSDAQ,-0.36
094970,3000.0,685830.0,685830.0,2057490000.0,2057490000.0,KOSDAQ,14.29
391710,1178.0,226580.0,226580.0,266911240.0,266911240.0,KOSDAQ,5.18
419080,4615.0,25502.0,25502.0,117691730.0,117691730.0,KOSDAQ,-0.86
288180,6750.0,23244.0,23244.0,156897000.0,156897000.0,KOSDAQ,4.49
053050,1660.0,87123.0,87123.0,144624180.0,144624180.0,KOSDAQ,-1.48
091590,4240.0,504972.0,504972.0,2141081280.0,2141081280.0,KOSDAQ,-4.72
122310,3420.0,2702.0,2702.0,9240840.0,9240840.0,KOSDAQ,-1.16
191420,6100.0,1996.0,1996.0,12175600.0,12175600.0,KOSDAQ,-2.87
370090,5760.0,14035.0,14035.0,80841600.0,80841600.0,KOSDAQ,4.16
286750,1538.0,149185.0,149185.0,229446530.0,229446530.0,KOSDAQ,-3.87
054930,16380.0,20618.0,20618.0,337722840.0,337722840.0,KOSDAQ,3.15
122350,1280.0,1104472.0,1104472.0,1413724160.0,1413724160.0,KOSDAQ,0.95
256630,4215.0,5053.0,5053.0,21298395.0,21298395.0,KOSDAQ,-0.59
104620,2900.0,35673.0,35673.0,103451700.0,103451700.0,KOSDAQ,1.58
094940,5790.0,72208.0,72208.0,418084320.0,418084320.0,KOSDAQ,5.46
064240,1393.0,249932.0,249932.0,348155276.0,348155276.0,KOSDAQ,6.09
317830,4485.0,75819.0,75819.0,340048215.0,340048215.0,KOSDAQ,4.91
136410,4380.0,13770.0,13770.0,60312600.0,60312600.0,KOSDAQ,0.92
187420,1470.0,188733.0,188733.0,277437510.0,277437510.0,KOSDAQ,2.15
053450,3240.0,44099.0,44099.0,142880760.0,142880760.0,KOSDAQ,-0.46
046210,1052.0,108616.0,108616.0,114264032.0,114264032.0,KOSDAQ,1.94
033230,947.0,189636.0,189636.0,179585292.0,179585292.0,KOSDAQ,2.93
063440,1055.0,68019.0,68019.0,71760045.0,71760045.0,KOSDAQ,0.0
072990,3295.0,19348.0,19348.0,63751660.0,63751660.0,KOSDAQ,1.54
145170,2820.0,14307.0,14307.0,40345740.0,40345740.0,KOSDAQ,1.99
071670,4760.0,27954.0,27954.0,133061040.0,133061040.0,KOSDAQ,2.04
081180,5360.0,45456.0,45456.0,243644160.0,243644160.0,KOSDAQ,0.19
315640,1599.0,1215890.0,1215890.0,1944208110.0,1944208110.0,KOSDAQ,30.0
024910,1311.0,80879.0,80879.0,106032369.0,106032369.0,KOSDAQ,-0.68
066670,2505.0,7090.0,7090.0,17760450.0,17760450.0,KOSDAQ,-3.47
217500,1469.0,188872.0,188872.0,277452968.0,277452968.0,KOSDAQ,4.56
143540,1042.0,182401.0,182401.0,190061842.0,190061842.0,KOSDAQ,0.87
317530,2655.0,12426.0,12426.0,32991030.0,32991030.0,KOSDAQ,1.72
053980,2445.0,21106.0,21106.0,51604170.0,51604170.0,KOSDAQ,0.2
057540,780.0,392701.0,392701.0,306306780.0,306306780.0,KOSDAQ,-7.36
0013V0,4670.0,12672.0,12672.0,59178240.0,59178240.0,KOSDAQ,2.08
228340,2305.0,305390.0,305390.0,703923950.0,703923950.0,KOSDAQ,-5.92
198080,2140.0,93037.0,93037.0,199099180.0,199099180.0,KOSDAQ,2.64
092300,2280.0,86383.0,86383.0,196953240.0,196953240.0,KOSDAQ,4.59
024950,3700.0,93414.0,93414.0,345631800.0,345631800.0,KOSDAQ,7.09
015710,2615.0,7184.0,7184.0,18786160.0,18786160.0,KOSDAQ,2.95
260930,2370.0,9588.0,9588.0,22723560.0,22723560.0,KOSDAQ,-1.25
471820,4055.0,1971.0,1971.0,7992405.0,7992405.0,KOSDAQ,-0.37
241790,4580.0,31525.0,31525.0,144384500.0,144384500.0,KOSDAQ,-0.65
302430,4650.0,14127.0,14127.0,65690550.0,65690550.0,KOSDAQ,0.11
037950,2700.0,14280.0,14280.0,38556000.0,38556000.0,KOSDAQ,2.66
051390,4015.0,8721.0,8721.0,35014815.0,35014815.0,KOSDAQ,2.95
376290,2580.0,3438.0,3438.0,8870040.0,8870040.0,KOSDAQ,3.2
082850,938.0,39251.0,39251.0,36817438.0,36817438.0,KOSDAQ,2.63
950220,1328.0,124993.0,124993.0,165990704.0,165990704.0,KOSDAQ,1.76
127710,1027.0,8313.0,8313.0,8537451.0,8537451.0,KOSDAQ,2.8
109080,8020.0,7923.0,7923.0,63542460.0,63542460.0,KOSDAQ,0.5
038010,5020.0,31377.0,31377.0,157512540.0,157512540.0,KOSDAQ,-0.79
463480,3645.0,13265.0,13265.0,48350925.0,48350925.0,KOSDAQ,4.44
311690,3435.0,6991.0,6991.0,24014085.0,24014085.0,KOSDAQ,0.15
052790,4095.0,11618.0,11618.0,47575710.0,47575710.0,KOSDAQ,3.8
014950,4440.0,206735.0,206735.0,917903400.0,917903400.0,KOSDAQ,-0.45
0010V0,8700.0,13875.0,13875.0,120712500.0,120712500.0,KOSDAQ,0.0
317850,5320.0,35376.0,35376.0,188200320.0,188200320.0,KOSDAQ,2.31
007680,3345.0,8779.0,8779.0,29365755.0,29365755.0,KOSDAQ,1.06
317690,2195.0,19634.0,19634.0,43096630.0,43096630.0,KOSDAQ,3.29
019990,4530.0,24362.0,24362.0,110359860.0,110359860.0,KOSDAQ,2.14
440290,1606.0,79847.0,79847.0,128234282.0,128234282.0,KOSDAQ,-0.99
222420,912.0,323324.0,323324.0,294871488.0,294871488.0,KOSDAQ,1.67
060560,1738.0,6108.0,6108.0,10615704.0,10615704.0,KOSDAQ,-0.52
101670,776.0,300066.0,300066.0,232851216.0,232851216.0,KOSDAQ,-0.77
224110,8670.0,8661.0,8661.0,75090870.0,75090870.0,KOSDAQ,-0.34
384470,2450.0,40525.0,40525.0,99286250.0,99286250.0,KOSDAQ,2.08
340810,3210.0,425523.0,425523.0,1365928830.0,1365928830.0,KOSDAQ,0.78
048770,2790.0,191141.0,191141.0,533283390.0,533283390.0,KOSDAQ,3.53
066130,3420.0,40833.0,40833.0,139648860.0,139648860.0,KOSDAQ,4.43
340360,840.0,435152.0,435152.0,365527680.0,365527680.0,KOSDAQ,9.09
073110,4905.0,587.0,587.0,2879235.0,2879235.0,KOSDAQ,4.58
072470,2310.0,16102.0,16102.0,37195620.0,37195620.0,KOSDAQ,-0.86
413640,6050.0,9285.0,9285.0,56174250.0,56174250.0,KOSDAQ,3.24
114450,2180.0,154088.0,154088.0,335911840.0,335911840.0,KOSDAQ,2.59
461030,3030.0,17263.0,17263.0,52306890.0,52306890.0,KOSDAQ,-2.26
189980,1073.0,47880.0,47880.0,51375240.0,51375240.0,KOSDAQ,0.37
294140,1724.0,18824.0,18824.0,32452576.0,32452576.0,KOSDAQ,-3.36
084650,578.0,300430.0,300430.0,173648540.0,173648540.0,KOSDAQ,5.67
270870,4645.0,9959.0,9959.0,46259555.0,46259555.0,KOSDAQ,3.68
373200,1703.0,60111.0,60111.0,102369033.0,102369033.0,KOSDAQ,3.02
190650,6650.0,1416.0,1416.0,9416400.0,9416400.0,KOSDAQ,0.15
065130,2635.0,69232.0,69232.0,182426320.0,182426320.0,KOSDAQ,1.15
086060,4895.0,20212.0,20212.0,98937740.0,98937740.0,KOSDAQ,-1.11
321260,1495.0,130131.0,130131.0,194545845.0,194545845.0,KOSDAQ,0.74
352910,3320.0,6651.0,6651.0,22081320.0,22081320.0,KOSDAQ,-2.21
088280,2420.0,69902.0,69902.0,169162840.0,169162840.0,KOSDAQ,5.22
460470,2770.0,18774.0,18774.0,52003980.0,52003980.0,KOSDAQ,2.59
025880,2500.0,19601.0,19601.0,49002500.0,49002500.0,KOSDAQ,0.4
129890,917.0,62590.0,62590.0,57395030.0,57395030.0,KOSDAQ,-0.65
123010,2395.0,148673.0,148673.0,356071835.0,356071835.0,KOSDAQ,3.68
153460,6370.0,2283.0,2283.0,14542710.0,14542710.0,KOSDAQ,1.11
056700,1425.0,21673.0,21673.0,30884025.0,30884025.0,KOSDAQ,-0.7
263020,3000.0,46006.0,46006.0,138018000.0,138018000.0,KOSDAQ,0.17
097800,1518.0,115976.0,115976.0,176051568.0,176051568.0,KOSDAQ,1.2
238120,2910.0,10751.0,10751.0,31285410.0,31285410.0,KOSDAQ,1.75
178780,2195.0,21393.0,21393.0,46957635.0,46957635.0,KOSDAQ,-0.23
159580,2040.0,55168.0,55168.0,112542720.0,112542720.0,KOSDAQ,3.55
355690,4260.0,55801.0,55801.0,237712260.0,237712260.0,KOSDAQ,-1.27
163280,2995.0,78197.0,78197.0,234200015.0,234200015.0,KOSDAQ,0.17
065500,1138.0,112015.0,112015.0,127473070.0,127473070.0,KOSDAQ,5.86
277070,2970.0,969.0,969.0,2877930.0,2877930.0,KOSDAQ,1.19
150900,3465.0,120338.0,120338.0,416971170.0,416971170.0,KOSDAQ,3.74
099410,2895.0,40068.0,40068.0,115996860.0,115996860.0,KOSDAQ,0.17
060850,4950.0,14728.0,14728.0,72903600.0,72903600.0,KOSDAQ,0.41
140520,1904.0,37598.0,37598.0,71586592.0,71586592.0,KOSDAQ,-2.76
189690,1465.0,24865.0,24865.0,36427225.0,36427225.0,KOSDAQ,0.83
261520,3885.0,169617.0,169617.0,658962045.0,658962045.0,KOSDAQ,5.14
196450,880.0,26164.0,26164.0,23024320.0,23024320.0,KOSDAQ,0.92
068330,901.0,84062.0,84062.0,75739862.0,75739862.0,KOSDAQ,0.33
373160,2880.0,2673.0,2673.0,7698240.0,7698240.0,KOSDAQ,4.54
131400,667.0,2519254.0,2519254.0,1680342418.0,1680342418.0,KOSDAQ,8.28
050120,2930.0,7385.0,7385.0,21638050.0,21638050.0,KOSDAQ,1.21
261200,2510.0,16465.0,16465.0,41327150.0,41327150.0,KOSDAQ,1.21
263810,2485.0,25485.0,25485.0,63330225.0,63330225.0,KOSDAQ,-1.39
382150,3025.0,20305.0,20305.0,61422625.0,61422625.0,KOSDAQ,2.72
002290,3175.0,15985.0,15985.0,50752375.0,50752375.0,KOSDAQ,0.47
066900,1730.0,7996.0,7996.0,13833080.0,13833080.0,KOSDAQ,-2.26
037230,1318.0,62099.0,62099.0,81846482.0,81846482.0,KOSDAQ,-0.45
014190,1109.0,262773.0,262773.0,291415257.0,291415257.0,KOSDAQ,4.62
104200,2640.0,50728.0,50728.0,133921920.0,133921920.0,KOSDAQ,8.87
466410,7760.0,8920.0,8920.0,69219200.0,69219200.0,KOSDAQ,1.7
196300,4160.0,9179.0,9179.0,38184640.0,38184640.0,KOSDAQ,4.52
042940,5700.0,80640.0,80640.0,459648000.0,459648000.0,KOSDAQ,1.06
218150,1905.0,407394.0,407394.0,776085570.0,776085570.0,KOSDAQ,-0.31
099220,617.0,144068.0,144068.0,88889956.0,88889956.0,KOSDAQ,1.48
219420,3380.0,44067.0,44067.0,148946460.0,148946460.0,KOSDAQ,3.21
171010,2710.0,26099.0,26099.0,70728290.0,70728290.0,KOSDAQ,1.31
089790,3755.0,30241.0,30241.0,113554955.0,113554955.0,KOSDAQ,0.0
065440,1417.0,157999.0,157999.0,223884583.0,223884583.0,KOSDAQ,5.43
361570,1344.0,17604.0,17604.0,23659776.0,23659776.0,KOSDAQ,1.13
307280,5440.0,17662.0,17662.0,96081280.0,96081280.0,KOSDAQ,1.87
019770,3310.0,15943.0,15943.0,52771330.0,52771330.0,KOSDAQ,1.07
479960,5400.0,4536.0,4536.0,24494400.0,24494400.0,KOSDAQ,0.93
049830,6270.0,3069.0,3069.0,19242630.0,19242630.0,KOSDAQ,1.13
122690,1665.0,45770.0,45770.0,76207050.0,76207050.0,KOSDAQ,1.34
273060,781.0,98934.0,98934.0,77267454.0,77267454.0,KOSDAQ,0.51
043340,808.0,66246.0,66246.0,53526768.0,53526768.0,KOSDAQ,0.25
227950,1112.0,40956.0,40956.0,45543072.0,45543072.0,KOSDAQ,3.44
215380,2280.0,34777.0,34777.0,79291560.0,79291560.0,KOSDAQ,0.0
038070,4115.0,17375.0,17375.0,71498125.0,71498125.0,KOSDAQ,0.0
052220,1663.0,22922.0,22922.0,38119286.0,38119286.0,KOSDAQ,4.07
256150,4545.0,860.0,860.0,3908700.0,3908700.0,KOSDAQ,1.79
221980,9450.0,59.0,59.0,557550.0,557550.0,KOSDAQ,2.16
225190,541.0,228498.0,228498.0,123617418.0,123617418.0,KOSDAQ,-0.92
363250,4470.0,22690.0,22690.0,101424300.0,101424300.0,KOSDAQ,-5.5
900300,1846.0,168235.0,168235.0,310561810.0,310561810.0,KOSDAQ,4.29
246690,1592.0,252611.0,252611.0,402156712.0,402156712.0,KOSDAQ,6.7
044960,2980.0,25463.0,25463.0,75879740.0,75879740.0,KOSDAQ,-1.0
459550,1492.0,6263896.0,6263896.0,9345732832.0,9345732832.0,KOSDAQ,29.97
262260,2490.0,50255.0,50255.0,125134950.0,125134950.0,KOSDAQ,0.61
189860,3850.0,50706.0,50706.0,195218100.0,195218100.0,KOSDAQ,1.72
105760,3640.0,30751.0,30751.0,111933640.0,111933640.0,KOSDAQ,3.7
226330,1528.0,177981.0,177981.0,271954968.0,271954968.0,KOSDAQ,6.7
050860,1645.0,6485.0,6485.0,10667825.0,10667825.0,KOSDAQ,-0.06
014570,3360.0,5683.0,5683.0,19094880.0,19094880.0,KOSDAQ,0.0
424980,6230.0,7578.0,7578.0,47210940.0,47210940.0,KOSDAQ,-1.11
026910,4640.0,35908.0,35908.0,166613120.0,166613120.0,KOSDAQ,3.11
229000,1570.0,78190.0,78190.0,122758300.0,122758300.0,KOSDAQ,3.09
051490,2590.0,13502.0,13502.0,34970180.0,34970180.0,KOSDAQ,4.44
260660,2395.0,22104.0,22104.0,52939080.0,52939080.0,KOSDAQ,1.27
097870,4320.0,12646.0,12646.0,54630720.0,54630720.0,KOSDAQ,-0.23
290120,2315.0,2066.0,2066.0,4782790.0,4782790.0,KOSDAQ,1.31
038060,760.0,159760.0,159760.0,121417600.0,121417600.0,KOSDAQ,-0.91
900250,1018.0,85072.0,85072.0,86603296.0,86603296.0,KOSDAQ,6.15
258610,999.0,69894.0,69894.0,69824106.0,69824106.0,KOSDAQ,-1.87
234100,2490.0,9007.0,9007.0,22427430.0,22427430.0,KOSDAQ,3.53
123570,1631.0,3300.0,3300.0,5382300.0,5382300.0,KOSDAQ,0.87
179900,1819.0,1342236.0,1342236.0,2441527284.0,2441527284.0,KOSDAQ,-21.26
290670,4570.0,17991.0,17991.0,82218870.0,82218870.0,KOSDAQ,1.44
417860,7600.0,157415.0,157415.0,1196354000.0,1196354000.0,KOSDAQ,-0.78
042040,4115.0,13778.0,13778.0,56696470.0,56696470.0,KOSDAQ,2.11
263770,1505.0,3909.0,3909.0,5883045.0,5883045.0,KOSDAQ,0.94
204020,1832.0,7480.0,7480.0,13703360.0,13703360.0,KOSDAQ,0.0
081580,2295.0,34323.0,34323.0,78771285.0,78771285.0,KOSDAQ,2.68
352700,1354.0,59459.0,59459.0,80507486.0,80507486.0,KOSDAQ,0.45
046310,2165.0,61738.0,61738.0,133662770.0,133662770.0,KOSDAQ,3.34
045060,2095.0,4447.0,4447.0,9316465.0,9316465.0,KOSDAQ,-1.41
250000,5240.0,3436.0,3436.0,18004640.0,18004640.0,KOSDAQ,1.95
221840,1884.0,34238.0,34238.0,64504392.0,64504392.0,KOSDAQ,3.52
305090,1892.0,46906.0,46906.0,88746152.0,88746152.0,KOSDAQ,1.72
321820,2255.0,33983.0,33983.0,76631665.0,76631665.0,KOSDAQ,6.37
032960,1998.0,1956.0,1956.0,3908088.0,3908088.0,KOSDAQ,2.36
177900,3650.0,27532.0,27532.0,100491800.0,100491800.0,KOSDAQ,-2.14
057030,2150.0,4723.0,4723.0,10154450.0,10154450.0,KOSDAQ,0.0
046390,2010.0,54032.0,54032.0,108604320.0,108604320.0,KOSDAQ,2.13
101240,3045.0,3296.0,3296.0,10036320.0,10036320.0,KOSDAQ,0.5
052600,2990.0,13777.0,13777.0,41193230.0,41193230.0,KOSDAQ,0.0
199550,2325.0,61983.0,61983.0,144110475.0,144110475.0,KOSDAQ,-1.9
049470,1464.0,103605.0,103605.0,151677720.0,151677720.0,KOSDAQ,20.1
024120,2995.0,25427.0,25427.0,76153865.0,76153865.0,KOSDAQ,0.0
100660,2725.0,30592.0,30592.0,83363200.0,83363200.0,KOSDAQ,1.3
037330,781.0,99457.0,99457.0,77675917.0,77675917.0,KOSDAQ,-2.25
173940,2225.0,17892.0,17892.0,39809700.0,39809700.0,KOSDAQ,-2.2
317870,3865.0,11004.0,11004.0,42530460.0,42530460.0,KOSDAQ,-0.51
332290,856.0,135087.0,135087.0,115634472.0,115634472.0,KOSDAQ,-2.84
446840,3095.0,12751.0,12751.0,39464345.0,39464345.0,KOSDAQ,2.31
086040,2130.0,8870.0,8870.0,18893100.0,18893100.0,KOSDAQ,2.9
080520,2985.0,27109.0,27109.0,80920365.0,80920365.0,KOSDAQ,3.83
007530,1517.0,31744.0,31744.0,48155648.0,48155648.0,KOSDAQ,2.02
220180,1410.0,12452.0,12452.0,17557320.0,17557320.0,KOSDAQ,1.22
083550,2480.0,7990.0,7990.0,19815200.0,19815200.0,KOSDAQ,2.27
239890,3365.0,11616.0,11616.0,39087840.0,39087840.0,KOSDAQ,2.28
184230,1769.0,37134.0,37134.0,65690046.0,65690046.0,KOSDAQ,2.91
263920,3405.0,1361.0,1361.0,4634205.0,4634205.0,KOSDAQ,-3.4
360350,6140.0,6419.0,6419.0,39412660.0,39412660.0,KOSDAQ,3.37
021650,2040.0,2280.0,2280.0,4651200.0,4651200.0,KOSDAQ,-0.24
059100,4715.0,87751.0,87751.0,413745965.0,413745965.0,KOSDAQ,2.5
043910,2940.0,14546.0,14546.0,42765240.0,42765240.0,KOSDAQ,0.0
393210,2135.0,12065.0,12065.0,25758775.0,25758775.0,KOSDAQ,2.15
159910,3180.0,4424.0,4424.0,14068320.0,14068320.0,KOSDAQ,-0.62
364950,4010.0,12733.0,12733.0,51059330.0,51059330.0,KOSDAQ,1.91
186230,3045.0,12332.0,12332.0,37550940.0,37550940.0,KOSDAQ,-0.81
071850,1370.0,963.0,963.0,1319310.0,1319310.0,KOSDAQ,1.56
089140,2160.0,44642.0,44642.0,96426720.0,96426720.0,KOSDAQ,0.47
091970,4385.0,145132.0,145132.0,636403820.0,636403820.0,KOSDAQ,3.66
006920,3025.0,69880.0,69880.0,211387000.0,211387000.0,KOSDAQ,0.67
263700,1700.0,47192.0,47192.0,80226400.0,80226400.0,KOSDAQ,-2.86
200780,3080.0,3506.0,3506.0,10798480.0,10798480.0,KOSDAQ,-0.32
072770,790.0,138711.0,138711.0,109581690.0,109581690.0,KOSDAQ,1.02
148930,3220.0,22437.0,22437.0,72247140.0,72247140.0,KOSDAQ,1.42
075130,2030.0,35764.0,35764.0,72600920.0,72600920.0,KOSDAQ,1.65
025440,3335.0,10855.0,10855.0,36201425.0,36201425.0,KOSDAQ,2.77
203450,2310.0,28853.0,28853.0,66650430.0,66650430.0,KOSDAQ,-1.7
031510,1161.0,158826.0,158826.0,184396986.0,184396986.0,KOSDAQ,3.11
450330,3970.0,10755.0,10755.0,42697350.0,42697350.0,KOSDAQ,0.63
066360,671.0,29321.0,29321.0,19674391.0,19674391.0,KOSDAQ,2.44
127980,2715.0,6576.0,6576.0,17853840.0,17853840.0,KOSDAQ,-3.72
022220,620.0,24521.0,24521.0,15203020.0,15203020.0,KOSDAQ,4.55
432430,1941.0,11125.0,11125.0,21593625.0,21593625.0,KOSDAQ,0.15
365590,870.0,236560.0,236560.0,205807200.0,205807200.0,KOSDAQ,-0.68
087600,3905.0,7410.0,7410.0,28936050.0,28936050.0,KOSDAQ,-6.13
064520,1421.0,3907.0,3907.0,5551847.0,5551847.0,KOSDAQ,-0.14
475460,5620.0,9115.0,9115.0,51226300.0,51226300.0,KOSDAQ,4.07
408900,966.0,38809.0,38809.0,37489494.0,37489494.0,KOSDAQ,0.0
452200,1295.0,112873.0,112873.0,146170535.0,146170535.0,KOSDAQ,10.87
133750,1341.0,7723.0,7723.0,10356543.0,10356543.0,KOSDAQ,1.13
206400,835.0,20513.0,20513.0,17128355.0,17128355.0,KOSDAQ,-2.34
278650,1790.0,46715.0,46715.0,83619850.0,83619850.0,KOSDAQ,5.73
318410,5610.0,12856.0,12856.0,72122160.0,72122160.0,KOSDAQ,2.75
317240,1065.0,274715.0,274715.0,292571475.0,292571475.0,KOSDAQ,-1.48
090410,674.0,86891.0,86891.0,58564534.0,58564534.0,KOSDAQ,-0.74
106240,1299.0,149777.0,149777.0,194560323.0,194560323.0,KOSDAQ,6.83
128540,1159.0,22235.0,22235.0,25770365.0,25770365.0,KOSDAQ,0.43
064480,2570.0,27811.0,27811.0,71474270.0,71474270.0,KOSDAQ,2.39
215090,1318.0,49090.0,49090.0,64700620.0,64700620.0,KOSDAQ,3.7
419120,2145.0,35624.0,35624.0,76413480.0,76413480.0,KOSDAQ,-0.23
208710,2305.0,408456.0,408456.0,941491080.0,941491080.0,KOSDAQ,3.36
033170,354.0,230765.0,230765.0,81690810.0,81690810.0,KOSDAQ,0.0
078590,3025.0,488957.0,488957.0,1479094925.0,1479094925.0,KOSDAQ,29.83
045510,960.0,85358.0,85358.0,81943680.0,81943680.0,KOSDAQ,1.69
208860,890.0,42854.0,42854.0,38140060.0,38140060.0,KOSDAQ,0.0
035460,2025.0,82425.0,82425.0,166910625.0,166910625.0,KOSDAQ,2.9
376930,589.0,154726.0,154726.0,91133614.0,91133614.0,KOSDAQ,1.38
033340,311.0,942588.0,942588.0,293144868.0,293144868.0,KOSDAQ,0.65
452160,3130.0,10443.0,10443.0,32686590.0,32686590.0,KOSDAQ,-0.32
388610,5650.0,8701.0,8701.0,49160650.0,49160650.0,KOSDAQ,4.44
262840,2845.0,5056.0,5056.0,14384320.0,14384320.0,KOSDAQ,0.0
031310,1000.0,235399.0,235399.0,235399000.0,235399000.0,KOSDAQ,10.62
039290,3420.0,8743.0,8743.0,29901060.0,29901060.0,KOSDAQ,4.59
033830,1572.0,8429.0,8429.0,13250388.0,13250388.0,KOSDAQ,-0.06
012620,6740.0,3164.0,3164.0,21325360.0,21325360.0,KOSDAQ,0.0
237820,2310.0,61788.0,61788.0,142730280.0,142730280.0,KOSDAQ,0.87
465480,2920.0,21210.0,21210.0,61933200.0,61933200.0,KOSDAQ,1.04
348030,3080.0,93114.0,93114.0,286791120.0,286791120.0,KOSDAQ,-1.28
016600,2115.0,94977.0,94977.0,200876355.0,200876355.0,KOSDAQ,1.2
079000,4100.0,19891.0,19891.0,81553100.0,81553100.0,KOSDAQ,-1.44
458350,3395.0,18615.0,18615.0,63197925.0,63197925.0,KOSDAQ,0.74
053950,1502.0,70677.0,70677.0,106156854.0,106156854.0,KOSDAQ,0.13
351330,3545.0,43565.0,43565.0,154437925.0,154437925.0,KOSDAQ,6.94
131090,3820.0,11988.0,11988.0,45794160.0,45794160.0,KOSDAQ,-0.26
215790,725.0,1965862.0,1965862.0,1425249950.0,1425249950.0,KOSDAQ,0.14
462310,3685.0,13878.0,13878.0,51140430.0,51140430.0,KOSDAQ,2.5
311390,2300.0,11683.0,11683.0,26870900.0,26870900.0,KOSDAQ,-0.43
033050,914.0,282004.0,282004.0,257751656.0,257751656.0,KOSDAQ,-2.66
038950,2845.0,1593.0,1593.0,4532085.0,4532085.0,KOSDAQ,0.0
089150,1680.0,31766.0,31766.0,53366880.0,53366880.0,KOSDAQ,3.45
452300,2030.0,51368.0,51368.0,104277040.0,104277040.0,KOSDAQ,0.74
075970,1562.0,10376.0,10376.0,16207312.0,16207312.0,KOSDAQ,1.36
160550,1025.0,17592.0,17592.0,18031800.0,18031800.0,KOSDAQ,-2.94
068050,1032.0,90111.0,90111.0,92994552.0,92994552.0,KOSDAQ,-0.67
103840,1745.0,14750.0,14750.0,25738750.0,25738750.0,KOSDAQ,-1.97
318010,3600.0,5380.0,5380.0,19368000.0,19368000.0,KOSDAQ,4.35
239610,5290.0,209.0,209.0,1105610.0,1105610.0,KOSDAQ,0.19
119500,2405.0,35125.0,35125.0,84475625.0,84475625.0,KOSDAQ,4.11
348080,2205.0,29459.0,29459.0,64957095.0,64957095.0,KOSDAQ,0.68
096630,1781.0,17556.0,17556.0,31267236.0,31267236.0,KOSDAQ,2.47
290090,3800.0,1468.0,1468.0,5578400.0,5578400.0,KOSDAQ,0.93
053290,1700.0,60685.0,60685.0,103164500.0,103164500.0,KOSDAQ,0.12
060540,1075.0,19912.0,19912.0,21405400.0,21405400.0,KOSDAQ,0.0
310870,1279.0,68082.0,68082.0,87076878.0,87076878.0,KOSDAQ,0.0
026040,1688.0,11534.0,11534.0,19469392.0,19469392.0,KOSDAQ,1.26
065950,981.0,85466.0,85466.0,83842146.0,83842146.0,KOSDAQ,5.03
254120,898.0,1235036.0,1235036.0,1109062328.0,1109062328.0,KOSDAQ,15.42
177830,2435.0,7092.0,7092.0,17269020.0,17269020.0,KOSDAQ,1.04
109820,1350.0,17755.0,17755.0,23969250.0,23969250.0,KOSDAQ,1.89
297570,791.0,48135.0,48135.0,38074785.0,38074785.0,KOSDAQ,-3.42
050110,936.0,190817.0,190817.0,178604712.0,178604712.0,KOSDAQ,2.52
288620,3915.0,5681.0,5681.0,22241115.0,22241115.0,KOSDAQ,1.69
476080,3380.0,27742.0,27742.0,93767960.0,93767960.0,KOSDAQ,0.3
301300,2075.0,491651.0,491651.0,1020175825.0,1020175825.0,KOSDAQ,13.95
088340,6250.0,10239.0,10239.0,63993750.0,63993750.0,KOSDAQ,-0.64
044480,820.0,48002.0,48002.0,39361640.0,39361640.0,KOSDAQ,3.93
069410,2660.0,15295.0,15295.0,40684700.0,40684700.0,KOSDAQ,2.9
335810,1241.0,12583.0,12583.0,15615503.0,15615503.0,KOSDAQ,0.73
464280,4900.0,15675.0,15675.0,76807500.0,76807500.0,KOSDAQ,6.99
138070,1548.0,27064.0,27064.0,41895072.0,41895072.0,KOSDAQ,1.24
068100,2270.0,47525.0,47525.0,107881750.0,107881750.0,KOSDAQ,1.34
069140,1791.0,26724.0,26724.0,47862684.0,47862684.0,KOSDAQ,2.93
351320,910.0,149900.0,149900.0,136409000.0,136409000.0,KOSDAQ,6.81
271830,908.0,76775.0,76775.0,69711700.0,69711700.0,KOSDAQ,3.3
376980,2735.0,61951.0,61951.0,169435985.0,169435985.0,KOSDAQ,8.32
032750,2955.0,9134.0,9134.0,26990970.0,26990970.0,KOSDAQ,2.6
187270,2625.0,20185.0,20185.0,52985625.0,52985625.0,KOSDAQ,0.19
123840,1705.0,8597.0,8597.0,14657885.0,14657885.0,KOSDAQ,-0.12
197140,2035.0,12063.0,12063.0,24548205.0,24548205.0,KOSDAQ,-0.49
464580,1438.0,16237.0,16237.0,23348806.0,23348806.0,KOSDAQ,-1.78
188260,1899.0,3794.0,3794.0,7204806.0,7204806.0,KOSDAQ,3.26
016920,991.0,89555.0,89555.0,88749005.0,88749005.0,KOSDAQ,-1.59
356890,2195.0,33444.0,33444.0,73409580.0,73409580.0,KOSDAQ,5.53
032860,648.0,49797.0,49797.0,32268456.0,32268456.0,KOSDAQ,8.91
038620,1725.0,11895.0,11895.0,20518875.0,20518875.0,KOSDAQ,-0.75
001810,1180.0,16733.0,16733.0,19744940.0,19744940.0,KOSDAQ,-0.76
099390,3180.0,16861.0,16861.0,53617980.0,53617980.0,KOSDAQ,1.11
121890,1957.0,15137.0,15137.0,29623109.0,29623109.0,KOSDAQ,0.98
407400,1775.0,34369.0,34369.0,61004975.0,61004975.0,KOSDAQ,1.14
290270,2700.0,18148.0,18148.0,48999600.0,48999600.0,KOSDAQ,2.86
900070,964.0,16177.0,16177.0,15594628.0,15594628.0,KOSDAQ,-3.21
130500,1780.0,9443.0,9443.0,16808540.0,16808540.0,KOSDAQ,0.56
368600,1003.0,1760201.0,1760201.0,1765481603.0,1765481603.0,KOSDAQ,-5.91
131220,3470.0,2451.0,2451.0,8504970.0,8504970.0,KOSDAQ,-1.7
355390,1629.0,76116.0,76116.0,123992964.0,123992964.0,KOSDAQ,-0.79
434480,2100.0,43859.0,43859.0,92103900.0,92103900.0,KOSDAQ,3.7
475660,3255.0,4291.0,4291.0,13967205.0,13967205.0,KOSDAQ,0.15
079170,4960.0,33879.0,33879.0,168039840.0,168039840.0,KOSDAQ,8.53
114630,1494.0,187344.0,187344.0,279891936.0,279891936.0,KOSDAQ,2.54
093380,2605.0,49035.0,49035.0,127736175.0,127736175.0,KOSDAQ,-8.11
013720,2115.0,21715.0,21715.0,45927225.0,45927225.0,KOSDAQ,5.8
444530,3990.0,16584.0,16584.0,66170160.0,66170160.0,KOSDAQ,-4.89
083640,1110.0,63429.0,63429.0,70406190.0,70406190.0,KOSDAQ,4.72
195500,1588.0,65118.0,65118.0,103407384.0,103407384.0,KOSDAQ,4.27
044780,1370.0,57820.0,57820.0,79213400.0,79213400.0,KOSDAQ,6.12
290520,1606.0,21724.0,21724.0,34888744.0,34888744.0,KOSDAQ,5.04
021880,1190.0,45645.0,45645.0,54317550.0,54317550.0,KOSDAQ,2.76
198940,1266.0,125552.0,125552.0,158948832.0,158948832.0,KOSDAQ,2.43
007720,1250.0,77110.0,77110.0,96387500.0,96387500.0,KOSDAQ,5.93
469750,730.0,257305.0,257305.0,187832650.0,187832650.0,KOSDAQ,15.87
238490,2220.0,54272.0,54272.0,120483840.0,120483840.0,KOSDAQ,-2.42
387570,4455.0,12869.0,12869.0,57331395.0,57331395.0,KOSDAQ,5.32
109960,1651.0,2263.0,2263.0,3736213.0,3736213.0,KOSDAQ,-0.9
047080,1005.0,109698.0,109698.0,110246490.0,110246490.0,KOSDAQ,3.08
058110,1554.0,23725.0,23725.0,36868650.0,36868650.0,KOSDAQ,-0.58
289220,1115.0,80240.0,80240.0,89467600.0,89467600.0,KOSDAQ,9.31
038880,3310.0,11966.0,11966.0,39607460.0,39607460.0,KOSDAQ,-0.9
376180,1337.0,235922.0,235922.0,315427714.0,315427714.0,KOSDAQ,4.05
057680,1570.0,6544.0,6544.0,10274080.0,10274080.0,KOSDAQ,0.13
225220,1292.0,22207.0,22207.0,28691444.0,28691444.0,KOSDAQ,-0.31
148250,1821.0,24100.0,24100.0,43886100.0,43886100.0,KOSDAQ,0.11
232830,1498.0,31504.0,31504.0,47192992.0,47192992.0,KOSDAQ,6.09
073540,2165.0,60673.0,60673.0,131357045.0,131357045.0,KOSDAQ,6.13
367000,2940.0,1544.0,1544.0,4539360.0,4539360.0,KOSDAQ,0.17
333050,5000.0,5991.0,5991.0,29955000.0,29955000.0,KOSDAQ,-1.19
038530,951.0,196388.0,196388.0,186764988.0,186764988.0,KOSDAQ,6.26
054780,1250.0,28427.0,28427.0,35533750.0,35533750.0,KOSDAQ,5.31
318000,2810.0,13885.0,13885.0,39016850.0,39016850.0,KOSDAQ,2.37
288980,675.0,262811.0,262811.0,177397425.0,177397425.0,KOSDAQ,0.6
065150,1540.0,27727.0,27727.0,42699580.0,42699580.0,KOSDAQ,-0.32
037370,2845.0,7077.0,7077.0,20134065.0,20134065.0,KOSDAQ,-3.56
039740,3060.0,20408.0,20408.0,62448480.0,62448480.0,KOSDAQ,1.32
054090,983.0,80809.0,80809.0,79435247.0,79435247.0,KOSDAQ,-4.56
298060,2545.0,9853.0,9853.0,25075885.0,25075885.0,KOSDAQ,-2.12
237750,3770.0,12225.0,12225.0,46088250.0,46088250.0,KOSDAQ,4.0
257370,1958.0,5130.0,5130.0,10044540.0,10044540.0,KOSDAQ,5.84
900310,1909.0,8546.0,8546.0,16314314.0,16314314.0,KOSDAQ,3.52
123750,1769.0,6791.0,6791.0,12013279.0,12013279.0,KOSDAQ,-0.39
016670,2390.0,6260.0,6260.0,14961400.0,14961400.0,KOSDAQ,-1.24
095910,653.0,722306.0,722306.0,471665818.0,471665818.0,KOSDAQ,0.15
097780,1196.0,10907.0,10907.0,13044772.0,13044772.0,KOSDAQ,-0.83
066910,1812.0,52290.0,52290.0,94749480.0,94749480.0,KOSDAQ,2.43
053060,1373.0,30368.0,30368.0,41695264.0,41695264.0,KOSDAQ,-1.93
450520,1644.0,22713.0,22713.0,37340172.0,37340172.0,KOSDAQ,-1.56
462510,2745.0,37084.0,37084.0,101795580.0,101795580.0,KOSDAQ,0.92
017000,2070.0,69353.0,69353.0,143560710.0,143560710.0,KOSDAQ,-0.96
045300,2290.0,15784.0,15784.0,36145360.0,36145360.0,KOSDAQ,2.0
373170,1593.0,26199.0,26199.0,41735007.0,41735007.0,KOSDAQ,4.94
318020,1955.0,15184.0,15184.0,29684720.0,29684720.0,KOSDAQ,4.32
455180,1721.0,20056.0,20056.0,34516376.0,34516376.0,KOSDAQ,-2.22
0010F0,2155.0,93429.0,93429.0,201339495.0,201339495.0,KOSDAQ,5.38
406820,1693.0,226507.0,226507.0,383476351.0,383476351.0,KOSDAQ,1.01
199480,2345.0,9134.0,9134.0,21419230.0,21419230.0,KOSDAQ,1.52
032790,930.0,116867.0,116867.0,108686310.0,108686310.0,KOSDAQ,0.32
403490,518.0,212248.0,212248.0,109944464.0,109944464.0,KOSDAQ,10.21
051380,1546.0,23269.0,23269.0,35973874.0,35973874.0,KOSDAQ,2.05
035200,2570.0,6480.0,6480.0,16653600.0,16653600.0,KOSDAQ,-1.15
146060,985.0,58596.0,58596.0,57717060.0,57717060.0,KOSDAQ,2.82
267790,3075.0,1531.0,1531.0,4707825.0,4707825.0,KOSDAQ,-0.81
052300,1454.0,294380.0,294380.0,428028520.0,428028520.0,KOSDAQ,3.56
187220,2045.0,21815.0,21815.0,44611675.0,44611675.0,KOSDAQ,0.49
070590,1698.0,8153.0,8153.0,13843794.0,13843794.0,KOSDAQ,0.0
363260,729.0,42928.0,42928.0,31294512.0,31294512.0,KOSDAQ,-0.14
236810,1381.0,542925.0,542925.0,749779425.0,749779425.0,KOSDAQ,12.55
085810,1657.0,5263.0,5263.0,8720791.0,8720791.0,KOSDAQ,2.73
063760,2500.0,14299.0,14299.0,35747500.0,35747500.0,KOSDAQ,0.2
134060,4870.0,9424.0,9424.0,45894880.0,45894880.0,KOSDAQ,0.72
169330,1266.0,13896.0,13896.0,17592336.0,17592336.0,KOSDAQ,-0.63
027040,1666.0,99320.0,99320.0,165467120.0,165467120.0,KOSDAQ,-1.42
200350,2310.0,338653.0,338653.0,782288430.0,782288430.0,KOSDAQ,29.99
368970,2260.0,55348.0,55348.0,125086480.0,125086480.0,KOSDAQ,1.35
464500,1645.0,67675.0,67675.0,111325375.0,111325375.0,KOSDAQ,3.52
048470,2380.0,23433.0,23433.0,55770540.0,55770540.0,KOSDAQ,0.42
013810,1565.0,39448.0,39448.0,61736120.0,61736120.0,KOSDAQ,2.02
091340,1955.0,24134.0,24134.0,47181970.0,47181970.0,KOSDAQ,1.51
033200,2480.0,4643.0,4643.0,11514640.0,11514640.0,KOSDAQ,-1.0
340440,804.0,236853.0,236853.0,190429812.0,190429812.0,KOSDAQ,-0.99
076080,1009.0,54142.0,54142.0,54629278.0,54629278.0,KOSDAQ,4.56
060380,1155.0,5384.0,5384.0,6218520.0,6218520.0,KOSDAQ,-0.69
080530,2055.0,24731.0,24731.0,50822205.0,50822205.0,KOSDAQ,-5.3
115160,5280.0,15898.0,15898.0,83941440.0,83941440.0,KOSDAQ,-3.12
462980,1245.0,29831.0,29831.0,37139595.0,37139595.0,KOSDAQ,-0.8
208350,2800.0,1061.0,1061.0,2970800.0,2970800.0,KOSDAQ,-0.71
018680,1945.0,4947.0,4947.0,9621915.0,9621915.0,KOSDAQ,-2.31
054410,3960.0,32703.0,32703.0,129503880.0,129503880.0,KOSDAQ,8.05
219750,1731.0,5901.0,5901.0,10214631.0,10214631.0,KOSDAQ,0.06
222980,2050.0,12797.0,12797.0,26233850.0,26233850.0,KOSDAQ,-3.98
398120,1908.0,15522.0,15522.0,29615976.0,29615976.0,KOSDAQ,0.47
065370,3050.0,14003.0,14003.0,42709150.0,42709150.0,KOSDAQ,7.58
397810,4360.0,8495.0,8495.0,37038200.0,37038200.0,KOSDAQ,-2.68
036480,5920.0,5507.0,5507.0,32601440.0,32601440.0,KOSDAQ,-2.95
101680,2675.0,49412.0,49412.0,132177100.0,132177100.0,KOSDAQ,7.0
019570,2350.0,44284.0,44284.0,104067400.0,104067400.0,KOSDAQ,1.73
014100,1894.0,14961.0,14961.0,28336134.0,28336134.0,KOSDAQ,1.18
328380,3255.0,43687.0,43687.0,142201185.0,142201185.0,KOSDAQ,6.72
432980,2585.0,2188.0,2188.0,5655980.0,5655980.0,KOSDAQ,1.77
007770,6320.0,533.0,533.0,3368560.0,3368560.0,KOSDAQ,0.32
038870,1580.0,26536.0,26536.0,41926880.0,41926880.0,KOSDAQ,2.66
258790,4400.0,17757.0,17757.0,78130800.0,78130800.0,KOSDAQ,3.65
032080,1023.0,34975.0,34975.0,35779425.0,35779425.0,KOSDAQ,1.19
430690,2010.0,29396.0,29396.0,59085960.0,59085960.0,KOSDAQ,2.29
139670,1551.0,15277.0,15277.0,23694627.0,23694627.0,KOSDAQ,-6.0
353190,2775.0,6430.0,6430.0,17843250.0,17843250.0,KOSDAQ,4.32
023770,2430.0,15204.0,15204.0,36945720.0,36945720.0,KOSDAQ,-2.8
352940,1994.0,9148.0,9148.0,18241112.0,18241112.0,KOSDAQ,-0.55
115480,1780.0,12137.0,12137.0,21603860.0,21603860.0,KOSDAQ,-0.17
241840,2260.0,32243.0,32243.0,72869180.0,72869180.0,KOSDAQ,1.57
383930,1676.0,19825.0,19825.0,33226700.0,33226700.0,KOSDAQ,0.84
043200,512.0,401390.0,401390.0,205511680.0,205511680.0,KOSDAQ,-0.97
096690,5310.0,902.0,902.0,4789620.0,4789620.0,KOSDAQ,0.19
098660,1700.0,24463.0,24463.0,41587100.0,41587100.0,KOSDAQ,4.81
296640,4100.0,14508.0,14508.0,59482800.0,59482800.0,KOSDAQ,-6.07
405920,1647.0,5730.0,5730.0,9437310.0,9437310.0,KOSDAQ,-2.02
019660,1520.0,40925.0,40925.0,62206000.0,62206000.0,KOSDAQ,-8.38
377330,2600.0,28604.0,28604.0,74370400.0,74370400.0,KOSDAQ,0.19
130740,1875.0,47528.0,47528.0,89115000.0,89115000.0,KOSDAQ,-1.83
065060,3500.0,5187.0,5187.0,18154500.0,18154500.0,KOSDAQ,-2.51
056730,1412.0,24739.0,24739.0,34931468.0,34931468.0,KOSDAQ,7.05
415380,1824.0,7207.0,7207.0,13145568.0,13145568.0,KOSDAQ,-2.72
188040,4450.0,17015.0,17015.0,75716750.0,75716750.0,KOSDAQ,-5.52
277410,5420.0,6007.0,6007.0,32557940.0,32557940.0,KOSDAQ,1.31
223310,4000.0,24001.0,24001.0,96004000.0,96004000.0,KOSDAQ,-1.6
274400,2290.0,14402.0,14402.0,32980580.0,32980580.0,KOSDAQ,0.44
359090,1810.0,9749.0,9749.0,17645690.0,17645690.0,KOSDAQ,2.43
227610,1073.0,33567.0,33567.0,36017391.0,36017391.0,KOSDAQ,3.47
193250,1553.0,13768.0,13768.0,21381704.0,21381704.0,KOSDAQ,-7.78
032280,1280.0,31296.0,31296.0,40058880.0,40058880.0,KOSDAQ,-2.29
377030,1451.0,14163.0,14163.0,20550513.0,20550513.0,KOSDAQ,-2.36
131180,3525.0,8245.0,8245.0,29063625.0,29063625.0,KOSDAQ,0.28
238200,2525.0,8451.0,8451.0,21338775.0,21338775.0,KOSDAQ,3.06
362990,1228.0,34354.0,34354.0,42186712.0,42186712.0,KOSDAQ,0.0
067730,2125.0,17912.0,17912.0,38063000.0,38063000.0,KOSDAQ,1.67
101400,1750.0,395302.0,395302.0,691778500.0,691778500.0,KOSDAQ,2.34
347770,896.0,66383.0,66383.0,59479168.0,59479168.0,KOSDAQ,1.24
353590,1588.0,4957.0,4957.0,7871716.0,7871716.0,KOSDAQ,-1.73
067010,1875.0,37040.0,37040.0,69450000.0,69450000.0,KOSDAQ,-2.29
424760,2025.0,31913.0,31913.0,64623825.0,64623825.0,KOSDAQ,5.52
342870,3735.0,1893.0,1893.0,7070355.0,7070355.0,KOSDAQ,0.0
088290,2550.0,42051.0,42051.0,107230050.0,107230050.0,KOSDAQ,10.87
049120,1915.0,1641.0,1641.0,3142515.0,3142515.0,KOSDAQ,0.1
080470,2780.0,4841.0,4841.0,13457980.0,13457980.0,KOSDAQ,3.35
275630,3860.0,8172.0,8172.0,31543920.0,31543920.0,KOSDAQ,2.52
378800,437.0,529309.0,529309.0,231308033.0,231308033.0,KOSDAQ,4.3
200230,2125.0,31143.0,31143.0,66178875.0,66178875.0,KOSDAQ,-2.07
372800,2860.0,16961.0,16961.0,48508460.0,48508460.0,KOSDAQ,2.69
192390,1819.0,15562.0,15562.0,28307278.0,28307278.0,KOSDAQ,1.45
900110,1086.0,32947.0,32947.0,35780442.0,35780442.0,KOSDAQ,-2.16
058450,3985.0,16733.0,16733.0,66681005.0,66681005.0,KOSDAQ,3.78
440320,2000.0,19290.0,19290.0,38580000.0,38580000.0,KOSDAQ,0.7
137940,2030.0,114251.0,114251.0,231929530.0,231929530.0,KOSDAQ,2.78
084440,1040.0,93073.0,93073.0,96795920.0,96795920.0,KOSDAQ,0.19
043360,2210.0,13647.0,13647.0,30159870.0,30159870.0,KOSDAQ,-2.64
317120,1301.0,50780.0,50780.0,66064780.0,66064780.0,KOSDAQ,7.43
017250,943.0,7560.0,7560.0,7129080.0,7129080.0,KOSDAQ,-1.87
429270,3070.0,27527.0,27527.0,84507890.0,84507890.0,KOSDAQ,4.96
109670,3385.0,3732.0,3732.0,12632820.0,12632820.0,KOSDAQ,4.15
039310,1090.0,29178.0,29178.0,31804020.0,31804020.0,KOSDAQ,-0.55
331520,2015.0,19613.0,19613.0,39520195.0,39520195.0,KOSDAQ,0.5
215480,1836.0,22607.0,22607.0,41506452.0,41506452.0,KOSDAQ,-1.24
048830,1041.0,38409.0,38409.0,39983769.0,39983769.0,KOSDAQ,-1.14
065650,1780.0,3421.0,3421.0,6089380.0,6089380.0,KOSDAQ,10.9
142760,462.0,1619723.0,1619723.0,748312026.0,748312026.0,KOSDAQ,19.38
016100,1019.0,7555.0,7555.0,7698545.0,7698545.0,KOSDAQ,0.59
032800,1558.0,32554.0,32554.0,50719132.0,50719132.0,KOSDAQ,3.87
154030,1603.0,13163.0,13163.0,21100289.0,21100289.0,KOSDAQ,0.19
361670,3400.0,14597.0,14597.0,49629800.0,49629800.0,KOSDAQ,0.0
140430,1800.0,88600.0,88600.0,159480000.0,159480000.0,KOSDAQ,10.02
290560,859.0,52306.0,52306.0,44930854.0,44930854.0,KOSDAQ,1.3
195990,1174.0,45303.0,45303.0,53185722.0,53185722.0,KOSDAQ,0.34
024940,1912.0,25324.0,25324.0,48419488.0,48419488.0,KOSDAQ,0.63
373110,1105.0,40714.0,40714.0,44988970.0,44988970.0,KOSDAQ,1.47
065690,1346.0,26934.0,26934.0,36253164.0,36253164.0,KOSDAQ,-0.66
096870,2250.0,9773.0,9773.0,21989250.0,21989250.0,KOSDAQ,-1.1
208640,1341.0,611764.0,611764.0,820375524.0,820375524.0,KOSDAQ,29.94
252500,450.0,74984.0,74984.0,33742800.0,33742800.0,KOSDAQ,-3.23
073570,1545.0,19165.0,19165.0,29609925.0,29609925.0,KOSDAQ,1.64
037400,702.0,83493.0,83493.0,58612086.0,58612086.0,KOSDAQ,1.45
303530,2505.0,7880.0,7880.0,19739400.0,19739400.0,KOSDAQ,1.01
018620,2640.0,24685.0,24685.0,65168400.0,65168400.0,KOSDAQ,1.34
226340,2180.0,29737.0,29737.0,64826660.0,64826660.0,KOSDAQ,29.99
351870,1633.0,12117.0,12117.0,19787061.0,19787061.0,KOSDAQ,1.11
115610,1542.0,166835.0,166835.0,257259570.0,257259570.0,KOSDAQ,4.47
083470,848.0,407027.0,407027.0,345158896.0,345158896.0,KOSDAQ,13.37
322780,2015.0,57088.0,57088.0,115032320.0,115032320.0,KOSDAQ,-0.25
309930,939.0,983770.0,983770.0,923760030.0,923760030.0,KOSDAQ,-14.87
438700,1615.0,13532.0,13532.0,21854180.0,21854180.0,KOSDAQ,1.19
023790,1374.0,275974.0,275974.0,379188276.0,379188276.0,KOSDAQ,-0.65
078860,2900.0,9348.0,9348.0,27109200.0,27109200.0,KOSDAQ,4.32
115570,2240.0,16364.0,16364.0,36655360.0,36655360.0,KOSDAQ,-1.97
196700,1240.0,58736.0,58736.0,72832640.0,72832640.0,KOSDAQ,-1.27
224060,3440.0,17643.0,17643.0,60691920.0,60691920.0,KOSDAQ,0.0
021040,817.0,34595.0,34595.0,28264115.0,28264115.0,KOSDAQ,-1.92
067770,2110.0,541986.0,541986.0,1143590460.0,1143590460.0,KOSDAQ,23.32
045520,2720.0,103950.0,103950.0,282744000.0,282744000.0,KOSDAQ,12.16
069920,1235.0,194108.0,194108.0,239723380.0,239723380.0,KOSDAQ,-0.24
060230,1556.0,162130.0,162130.0,252274280.0,252274280.0,KOSDAQ,16.21
154040,807.0,71465.0,71465.0,57672255.0,57672255.0,KOSDAQ,3.46
069330,1026.0,141322.0,141322.0,144996372.0,144996372.0,KOSDAQ,-4.02
054220,1375.0,46917.0,46917.0,64510875.0,64510875.0,KOSDAQ,4.8
103230,2400.0,4741.0,4741.0,11378400.0,11378400.0,KOSDAQ,-0.41
020400,2705.0,18793.0,18793.0,50835065.0,50835065.0,KOSDAQ,2.85
008470,2050.0,29341.0,29341.0,60149050.0,60149050.0,KOSDAQ,6.38
034940,556.0,915297.0,915297.0,508905132.0,508905132.0,KOSDAQ,-4.96
027580,1451.0,17597.0,17597.0,25533247.0,25533247.0,KOSDAQ,3.42
006050,492.0,85293.0,85293.0,41964156.0,41964156.0,KOSDAQ,2.07
419540,2860.0,21983.0,21983.0,62871380.0,62871380.0,KOSDAQ,6.12
431190,2265.0,31185.0,31185.0,70634025.0,70634025.0,KOSDAQ,3.19
335870,1008.0,6302.0,6302.0,6352416.0,6352416.0,KOSDAQ,1.0
060900,4210.0,54024.0,54024.0,227441040.0,227441040.0,KOSDAQ,-2.55
365900,2295.0,34998.0,34998.0,80320410.0,80320410.0,KOSDAQ,-10.87
115530,2120.0,11870.0,11870.0,25164400.0,25164400.0,KOSDAQ,1.44
012340,889.0,319829.0,319829.0,284327981.0,284327981.0,KOSDAQ,5.83
303030,1813.0,17656.0,17656.0,32010328.0,32010328.0,KOSDAQ,0.89
477380,2045.0,28657.0,28657.0,58603565.0,58603565.0,KOSDAQ,0.0
050760,1014.0,57892.0,57892.0,58702488.0,58702488.0,KOSDAQ,0.4
079950,1199.0,130375.0,130375.0,156319625.0,156319625.0,KOSDAQ,-7.05
032680,792.0,104556.0,104556.0,82808352.0,82808352.0,KOSDAQ,-4.58
405000,4260.0,15680.0,15680.0,66796800.0,66796800.0,KOSDAQ,-5.12
018700,1382.0,17346.0,17346.0,23972172.0,23972172.0,KOSDAQ,0.8
279600,3450.0,2318.0,2318.0,7997100.0,7997100.0,KOSDAQ,-4.43
051780,2540.0,10073.0,10073.0,25585420.0,25585420.0,KOSDAQ,4.31
110020,1739.0,7438.0,7438.0,12934682.0,12934682.0,KOSDAQ,0.69
060260,1177.0,46050.0,46050.0,54200850.0,54200850.0,KOSDAQ,0.17
239340,581.0,21076.0,21076.0,12245156.0,12245156.0,KOSDAQ,3.57
306040,1581.0,92864.0,92864.0,146817984.0,146817984.0,KOSDAQ,12.29
0072Z0,1977.0,462.0,462.0,913374.0,913374.0,KOSDAQ,0.1
035620,837.0,163427.0,163427.0,136788399.0,136788399.0,KOSDAQ,2.45
0101C0,1983.0,184.0,184.0,364872.0,364872.0,KOSDAQ,0.25
0130H0,1986.0,3766.0,3766.0,7479276.0,7479276.0,KOSDAQ,0.1
477340,2035.0,75.0,75.0,152625.0,152625.0,KOSDAQ,0.0
065770,1453.0,32967.0,32967.0,47901051.0,47901051.0,KOSDAQ,-0.68
001000,626.0,136735.0,136735.0,85596110.0,85596110.0,KOSDAQ,3.99
417180,4310.0,13337.0,13337.0,57482470.0,57482470.0,KOSDAQ,-1.6
344860,1249.0,49493.0,49493.0,61816757.0,61816757.0,KOSDAQ,1.54
0044K0,1986.0,435.0,435.0,863910.0,863910.0,KOSDAQ,0.35
354200,1660.0,49409.0,49409.0,82018940.0,82018940.0,KOSDAQ,2.41
009620,845.0,309315.0,309315.0,261371175.0,261371175.0,KOSDAQ,-6.42
225590,2850.0,64095.0,64095.0,182670750.0,182670750.0,KOSDAQ,3.64
473050,2080.0,32929.0,32929.0,68492320.0,68492320.0,KOSDAQ,-0.24
0115H0,1978.0,3530.0,3530.0,6982340.0,6982340.0,KOSDAQ,-0.15
009730,1814.0,107844.0,107844.0,195629016.0,195629016.0,KOSDAQ,12.88
478440,2045.0,15587.0,15587.0,31875415.0,31875415.0,KOSDAQ,0.0
0165X0,1947.0,59243.0,59243.0,115346121.0,115346121.0,KOSDAQ,0.15
479880,2050.0,59945.0,59945.0,122887250.0,122887250.0,KOSDAQ,0.24
0099W0,1982.0,1580.0,1580.0,3131560.0,3131560.0,KOSDAQ,-0.05
191410,1221.0,224510.0,224510.0,274126710.0,274126710.0,KOSDAQ,-2.94
043590,999.0,53816.0,53816.0,53762184.0,53762184.0,KOSDAQ,-2.92
131760,1558.0,336119.0,336119.0,523673402.0,523673402.0,KOSDAQ,7.15
489480,2020.0,179.0,179.0,361580.0,361580.0,KOSDAQ,-0.25
0134X0,1974.0,7997.0,7997.0,15786078.0,15786078.0,KOSDAQ,-0.05
481890,2085.0,4132.0,4132.0,8615220.0,8615220.0,KOSDAQ,0.48
240600,1908.0,52860.0,52860.0,100856880.0,100856880.0,KOSDAQ,-3.59
0164H0,1949.0,38351.0,38351.0,74746099.0,74746099.0,KOSDAQ,0.0
900340,1037.0,50423.0,50423.0,52288651.0,52288651.0,KOSDAQ,3.39
418620,656.0,147011.0,147011.0,96439216.0,96439216.0,KOSDAQ,0.0
073190,1087.0,190514.0,190514.0,207088718.0,207088718.0,KOSDAQ,15.52
0096B0,1977.0,1993.0,1993.0,3940161.0,3940161.0,KOSDAQ,-0.05
0097F0,1994.0,259.0,259.0,516446.0,516446.0,KOSDAQ,0.35
247660,2975.0,103001.0,103001.0,306427975.0,306427975.0,KOSDAQ,12.48
113810,1964.0,15696.0,15696.0,30826944.0,30826944.0,KOSDAQ,-1.31
489730,2015.0,4595.0,4595.0,9258925.0,9258925.0,KOSDAQ,0.25
471050,2105.0,23073.0,23073.0,48568665.0,48568665.0,KOSDAQ,0.48
0093G0,1992.0,105.0,105.0,209160.0,209160.0,KOSDAQ,0.96
291810,1121.0,776799.0,776799.0,870791679.0,870791679.0,KOSDAQ,-5.32
478390,2045.0,30077.0,30077.0,61507465.0,61507465.0,KOSDAQ,0.25
0037T0,1986.0,564.0,564.0,1120104.0,1120104.0,KOSDAQ,0.46
285800,715.0,218820.0,218820.0,156456300.0,156456300.0,KOSDAQ,0.85
482520,2045.0,27082.0,27082.0,55382690.0,55382690.0,KOSDAQ,0.49
0054V0,2005.0,1734.0,1734.0,3476670.0,3476670.0,KOSDAQ,-0.25
492220,2005.0,5416.0,5416.0,10859080.0,10859080.0,KOSDAQ,0.5
0131D0,1962.0,9503.0,9503.0,18644886.0,18644886.0,KOSDAQ,0.1
0091W0,2015.0,17078.0,17078.0,34412170.0,34412170.0,KOSDAQ,0.0
0088D0,2110.0,28050.0,28050.0,59185500.0,59185500.0,KOSDAQ,1.2
0041L0,1998.0,837.0,837.0,1672326.0,1672326.0,KOSDAQ,0.25
477760,2045.0,1087.0,1087.0,2222915.0,2222915.0,KOSDAQ,0.0
0132G0,1988.0,2115.0,2115.0,4204620.0,4204620.0,KOSDAQ,0.0
482690,2095.0,33431.0,33431.0,70037945.0,70037945.0,KOSDAQ,0.72
469900,2070.0,2195.0,2195.0,4543650.0,4543650.0,KOSDAQ,-0.24
028080,4565.0,4577.0,4577.0,20894005.0,20894005.0,KOSDAQ,-3.49
0071M0,1983.0,9831.0,9831.0,19494873.0,19494873.0,KOSDAQ,-0.2
289010,819.0,113122.0,113122.0,92646918.0,92646918.0,KOSDAQ,1.61
060480,1024.0,97887.0,97887.0,100236288.0,100236288.0,KOSDAQ,6.22
474660,2055.0,24859.0,24859.0,51085245.0,51085245.0,KOSDAQ,-0.24
487360,2010.0,6077.0,6077.0,12214770.0,12214770.0,KOSDAQ,0.0
474490,2055.0,46220.0,46220.0,94982100.0,94982100.0,KOSDAQ,0.0
0105P0,1991.0,161.0,161.0,320551.0,320551.0,KOSDAQ,0.3
496070,2000.0,1017.0,1017.0,2034000.0,2034000.0,KOSDAQ,0.81
025870,2810.0,208561.0,208561.0,586056410.0,586056410.0,KOSDAQ,19.32
079190,1172.0,1234327.0,1234327.0,1446631244.0,1446631244.0,KOSDAQ,29.93
477470,2050.0,22769.0,22769.0,46676450.0,46676450.0,KOSDAQ,-0.24
0129K0,1969.0,4642.0,4642.0,9140098.0,9140098.0,KOSDAQ,0.0
0096D0,1991.0,2208.0,2208.0,4396128.0,4396128.0,KOSDAQ,0.81
002680,1689.0,114436.0,114436.0,193282404.0,193282404.0,KOSDAQ,1.69
308100,421.0,1544366.0,1544366.0,650178086.0,650178086.0,KOSDAQ,14.09
486630,2030.0,41078.0,41078.0,83388340.0,83388340.0,KOSDAQ,0.5
0098T0,1990.0,11503.0,11503.0,22890970.0,22890970.0,KOSDAQ,0.35
389680,1283.0,160261.0,160261.0,205614863.0,205614863.0,KOSDAQ,-4.25
493790,2010.0,482.0,482.0,968820.0,968820.0,KOSDAQ,0.0
0004Y0,1995.0,751.0,751.0,1498245.0,1498245.0,KOSDAQ,0.0
0130D0,1974.0,798.0,798.0,1575252.0,1575252.0,KOSDAQ,0.0
489210,2025.0,6042.0,6042.0,12235050.0,12235050.0,KOSDAQ,0.75
900100,1973.0,127885.0,127885.0,252317105.0,252317105.0,KOSDAQ,-9.5
084180,566.0,109756.0,109756.0,62121896.0,62121896.0,KOSDAQ,10.55
466690,1999.0,656.0,656.0,1311344.0,1311344.0,KOSDAQ,0.2
478110,2020.0,41581.0,41581.0,83993620.0,83993620.0,KOSDAQ,-0.25
050090,430.0,1048486.0,1048486.0,450848980.0,450848980.0,KOSDAQ,29.91
0041B0,2000.0,221.0,221.0,442000.0,442000.0,KOSDAQ,0.0
225430,1800.0,137972.0,137972.0,248349600.0,248349600.0,KOSDAQ,0.0
472220,2090.0,20324.0,20324.0,42477160.0,42477160.0,KOSDAQ,0.0
250930,1474.0,23028.0,23028.0,33943272.0,33943272.0,KOSDAQ,-8.39
488060,2020.0,26025.0,26025.0,52570500.0,52570500.0,KOSDAQ,-0.25
900120,851.0,47824.0,47824.0,40698224.0,40698224.0,KOSDAQ,-2.07
484130,2020.0,24043.0,24043.0,48566860.0,48566860.0,KOSDAQ,0.0
092600,1792.0,204491.0,204491.0,366447872.0,366447872.0,KOSDAQ,2.93
473950,2030.0,38566.0,38566.0,78288980.0,78288980.0,KOSDAQ,0.0
487830,2020.0,72487.0,72487.0,146423740.0,146423740.0,KOSDAQ,0.5
472230,2080.0,20609.0,20609.0,42866720.0,42866720.0,KOSDAQ,0.0
487720,2015.0,2368.0,2368.0,4771520.0,4771520.0,KOSDAQ,0.0
0068Y0,1977.0,1330.0,1330.0,2629410.0,2629410.0,KOSDAQ,0.05
03481K,6040.0,1615.0,1615.0,9754600.0,9754600.0,KOSDAQ,1.0
0041J0,1992.0,1026.0,1026.0,2043792.0,2043792.0,KOSDAQ,0.35
199730,1680.0,223562.0,223562.0,375584160.0,375584160.0,KOSDAQ,-6.67
465320,2100.0,660325.0,660325.0,1386682500.0,1386682500.0,KOSDAQ,0.0
008290,388.0,2824363.0,2824363.0,1095852844.0,1095852844.0,KOSDAQ,4.86
475250,2055.0,15384.0,15384.0,31614120.0,31614120.0,KOSDAQ,0.0
474930,2095.0,11921.0,11921.0,24974495.0,24974495.0,KOSDAQ,0.72
312610,365.0,37739.0,37739.0,13774735.0,13774735.0,KOSDAQ,3.69
011080,960.0,542430.0,542430.0,520732800.0,520732800.0,KOSDAQ,-1.54
473000,2055.0,2233.0,2233.0,4588815.0,4588815.0,KOSDAQ,0.24
475240,2085.0,18.0,18.0,37530.0,37530.0,KOSDAQ,-0.24
121850,1319.0,32936.0,32936.0,43442584.0,43442584.0,KOSDAQ,3.05
035290,1337.0,35220.0,35220.0,47089140.0,47089140.0,KOSDAQ,-2.05
021045,2430.0,3746.0,3746.0,9102780.0,9102780.0,KOSDAQ,3.85
043090,300.0,682690.0,682690.0,204807000.0,204807000.0,KOSDAQ,9.09
032685,12000.0,35884.0,35884.0,430608000.0,430608000.0,KOSDAQ,13.21
