Code,Name,Close,Volume,VolumeTotal,Amount,AmountTotal,Market,ChangesRatio
005930,삼성전자,276000.0,11408387.0,16915343.0,3148714812000.0,4668634668000.0,KOSPI,0.0
000660,SK하이닉스,1842000.0,2014287.0,2893258.0,3710316654000.0,5329381236000.0,KOSPI,0.49
005935,삼성전자우,201500.0,2537796.0,2537796.0,511365894000.0,511365894000.0,KOSPI,-1.47
402340,SK스퀘어,1156000.0,346879.0,490378.0,400992124000.0,566876968000.0,KOSPI,0.09
009150,삼성전기,1577000.0,480105.0,826498.0,757125585000.0,1303387346000.0,KOSPI,1.02
373220,LG에너지솔루션,369000.0,210285.0,294751.0,77595165000.0,108763119000.0,KOSPI,2.36
005380,현대차,347000.0,451604.0,685541.0,156706588000.0,237882727000.0,KOSPI,-0.57
207940,삼성바이오로직스,1366000.0,51556.0,68581.0,70425496000.0,93681646000.0,KOSPI,-3.67
105560,KB금융,168400.0,564592.0,668637.0,95077292800.0,112598470800.0,KOSPI,1.45
032830,삼성생명,288000.0,183046.0,217502.0,52717248000.0,62640576000.0,KOSPI,1.41
028260,삼성물산,347000.0,223341.0,276454.0,77499327000.0,95929538000.0,KOSPI,0.0
012450,한화에어로스페이스,1069000.0,105107.0,141220.0,112359383000.0,150964180000.0,KOSPI,3.38
034020,두산에너빌리티,81400.0,1806290.0,3550140.0,147032006000.0,288981396000.0,KOSPI,-0.85
055550,신한지주,105900.0,720780.0,830173.0,76330602000.0,87915320700.0,KOSPI,2.02
329180,HD현대중공업,426000.0,212914.0,290139.0,90701364000.0,123599214000.0,KOSPI,-1.27
000270,기아,113200.0,780472.0,950740.0,88349430400.0,107623768000.0,KOSPI,-0.09
006400,삼성SDI,529000.0,235435.0,448775.0,124545115000.0,237401975000.0,KOSPI,2.32
068270,셀트리온,182600.0,303612.0,407255.0,55439551200.0,74364763000.0,KOSPI,-0.54
034730,SK,578000.0,89870.0,121719.0,51944860000.0,70353582000.0,KOSPI,-1.53
086790,하나금융지주,129600.0,396097.0,450716.0,51334171200.0,58412793600.0,KOSPI,1.01
066570,LG전자,215500.0,395945.0,804066.0,85326147500.0,173276223000.0,KOSPI,1.89
012330,현대모비스,385500.0,162623.0,263299.0,62691166500.0,101501764500.0,KOSPI,0.92
010120,LS ELECTRIC,209000.0,289926.0,661781.0,60594534000.0,138312229000.0,KOSPI,1.46
035420,NAVER,192200.0,436417.0,732893.0,83879347400.0,140862034600.0,KOSPI,0.52
000810,삼성화재,629000.0,41591.0,47068.0,26160739000.0,29605772000.0,KOSPI,0.48
298040,효성중공업,2790000.0,24554.0,36957.0,68505660000.0,103110030000.0,KOSPI,-1.13
042700,한미반도체,272000.0,658461.0,1636481.0,179101392000.0,445122832000.0,KOSPI,1.3
069500,KODEX 200,112060.0,24580661.0,24580661.0,2754508871660.0,2754508871660.0,KOSPI,0.48
096770,SK이노베이션,151300.0,1199550.0,2021398.0,181491915000.0,305837517400.0,KOSPI,8.38
316140,우리금융지주,33750.0,2930108.0,3515715.0,98891145000.0,118655381250.0,KOSPI,1.5
005490,POSCO홀딩스,311500.0,168229.0,267482.0,52403333500.0,83320643000.0,KOSPI,1.63
267260,HD현대일렉트릭,678000.0,104822.0,140220.0,71069316000.0,95069160000.0,KOSPI,0.74
042660,한화오션,78700.0,535759.0,1014644.0,42164233300.0,79852482800.0,KOSPI,0.25
009540,HD한국조선해양,326500.0,97035.0,117323.0,31681927500.0,38305959500.0,KOSPI,0.31
010130,고려아연,1083000.0,9625.0,15581.0,10423875000.0,16874223000.0,KOSPI,1.31
000150,두산,1338000.0,152860.0,222119.0,204526680000.0,297195222000.0,KOSPI,-3.32
138040,메리츠금융지주,128800.0,93978.0,103798.0,12104366400.0,13369182400.0,KOSPI,1.26
360750,TIGER 미국S&P500,25780.0,35697646.0,35697646.0,920285313880.0,920285313880.0,KOSPI,-0.71
011200,HMM,21400.0,785203.0,1234668.0,16803344200.0,26421895200.0,KOSPI,1.18
015760,한국전력,30100.0,647691.0,1169825.0,19495499100.0,35211732500.0,KOSPI,-0.17
017670,SK텔레콤,88600.0,575006.0,1084774.0,50945531600.0,96110976400.0,KOSPI,2.67
010950,S-Oil,164900.0,466323.0,754236.0,76896662700.0,124373516400.0,KOSPI,10.82
051910,LG화학,262000.0,129176.0,163393.0,33844112000.0,42808966000.0,KOSPI,1.95
033780,KT&G,176800.0,146149.0,163922.0,25839143200.0,28981409600.0,KOSPI,1.2
010140,삼성중공업,19920.0,1922545.0,3401615.0,38297096400.0,67760170800.0,KOSPI,1.01
006800,미래에셋증권,31600.0,644610.0,986216.0,20369676000.0,31164425600.0,KOSPI,-1.71
018260,삼성에스디에스,219000.0,111681.0,184108.0,24458139000.0,40319652000.0,KOSPI,-1.79
003550,LG,111400.0,103265.0,127321.0,11503721000.0,14183559400.0,KOSPI,1.46
079550,LIG디펜스앤에어로스페이스,759000.0,94362.0,142372.0,71620758000.0,108060348000.0,KOSPI,4.83
003670,포스코퓨처엠,186800.0,228889.0,360152.0,42756465200.0,67276393600.0,KOSPI,2.24
024110,기업은행,20300.0,585232.0,698617.0,11880209600.0,14181925100.0,KOSPI,0.74
267250,HD현대,200500.0,148361.0,178155.0,29746380500.0,35720077500.0,KOSPI,1.52
272210,한화시스템,82000.0,942564.0,1428859.0,77290248000.0,117166438000.0,KOSPI,3.93
086280,현대글로비스,201000.0,90292.0,117366.0,18148692000.0,23590566000.0,KOSPI,1.31
035720,카카오,33400.0,1164476.0,1164476.0,38893498400.0,38893498400.0,KOSPI,-0.45
278470,에이피알,367000.0,175776.0,254994.0,64509792000.0,93582798000.0,KOSPI,0.27
011070,LG이노텍,574000.0,157131.0,257727.0,90193194000.0,147935298000.0,KOSPI,-1.71
030200,KT,52000.0,156297.0,204407.0,8127444000.0,10629164000.0,KOSPI,0.39
047810,한국항공우주,133300.0,257487.0,381148.0,34323017100.0,50807028400.0,KOSPI,4.88
000720,현대건설,114700.0,705754.0,1121649.0,80949983800.0,128653140300.0,KOSPI,-2.13
064350,현대로템,115800.0,441757.0,595024.0,51155460600.0,68903779200.0,KOSPI,2.93
133690,TIGER 미국나스닥100,183055.0,5544322.0,5544322.0,1014915863710.0,1014915863710.0,KOSPI,-1.4
005830,DB손해보험,182500.0,94314.0,102767.0,17212305000.0,18754977500.0,KOSPI,-0.33
003490,대한항공,30850.0,1868125.0,1868125.0,57631656250.0,57631656250.0,KOSPI,-1.12
396500,TIGER 반도체TOP10,39900.0,6630859.0,6630859.0,264571274100.0,264571274100.0,KOSPI,-0.13
307950,현대오토에버,383500.0,35419.0,65511.0,13583186500.0,25123468500.0,KOSPI,0.92
443060,HD현대마린솔루션,234500.0,61956.0,71946.0,14528682000.0,16871337000.0,KOSPI,-1.05
102110,TIGER 200,112235.0,12827477.0,12827477.0,1439691881095.0,1439691881095.0,KOSPI,0.38
379800,KODEX 미국S&P500,23430.0,32374097.0,32374097.0,758525092710.0,758525092710.0,KOSPI,-0.76
071050,한국금융지주,180400.0,137029.0,165632.0,24720031600.0,29880012800.0,KOSPI,0.5
047050,포스코인터내셔널,56600.0,413878.0,733704.0,23425494800.0,41527646400.0,KOSPI,2.35
379810,KODEX 미국나스닥100,27385.0,29229363.0,29229363.0,800446105755.0,800446105755.0,KOSPI,-1.33
005940,NH투자증권,26850.0,338242.0,393698.0,9081797700.0,10570791300.0,KOSPI,1.32
488770,KODEX 머니마켓액티브,105725.0,607515.0,607515.0,64229523375.0,64229523375.0,KOSPI,0.03
078930,GS,105100.0,390440.0,499915.0,41035244000.0,52541066500.0,KOSPI,2.84
000500,가온전선,327500.0,194747.0,497020.0,63779642500.0,162774050000.0,KOSPI,2.99
323410,카카오뱅크,19730.0,630564.0,810028.0,12441027720.0,15981852440.0,KOSPI,-0.15
028050,삼성E&A,47850.0,1065918.0,1065918.0,51004176300.0,51004176300.0,KOSPI,1.06
006260,LS,299000.0,107849.0,188668.0,32246851000.0,56411732000.0,KOSPI,0.34
259960,크래프톤,199500.0,67809.0,80263.0,13527895500.0,16012468500.0,KOSPI,-0.1
003230,삼양식품,1215000.0,24045.0,34478.0,29214675000.0,41890770000.0,KOSPI,-0.74
0126Z0,삼성에피스홀딩스,367500.0,25667.0,46572.0,9432622500.0,17115210000.0,KOSPI,-1.61
007660,이수페타시스,122000.0,472175.0,935394.0,57605350000.0,114118068000.0,KOSPI,-1.13
180640,한진칼,132800.0,53178.0,71351.0,7062038400.0,9475412800.0,KOSPI,-0.75
009830,한화솔루션,36100.0,5534468.0,5534468.0,199794294800.0,199794294800.0,KOSPI,5.4
016360,삼성증권,90300.0,176031.0,235654.0,15895599300.0,21279556200.0,KOSPI,0.0
278530,KODEX 200TR,40585.0,452814.0,452814.0,18377456190.0,18377456190.0,KOSPI,0.53
090430,아모레퍼시픽,132500.0,192984.0,244417.0,25570380000.0,32385252500.0,KOSPI,-2.36
161390,한국타이어앤테크놀로지,60000.0,127236.0,154711.0,7634160000.0,9282660000.0,KOSPI,1.87
353200,대덕전자,149200.0,1108856.0,1108856.0,165441315200.0,165441315200.0,KOSPI,-0.13
047040,대우건설,17690.0,3166858.0,3166858.0,56021718020.0,56021718020.0,KOSPI,-0.39
021240,코웨이,102400.0,107030.0,117804.0,10959872000.0,12063129600.0,KOSPI,3.12
459580,KODEX CD금리액티브(합성),1073765.0,1073804.0,1073804.0,1153013152060.0,1153013152060.0,KOSPI,0.01
064400,LG씨엔에스,72000.0,368239.0,368239.0,26513208000.0,26513208000.0,KOSPI,1.84
062040,산일전기,227000.0,430010.0,852800.0,97612270000.0,193585600000.0,KOSPI,6.32
000880,한화,127600.0,72270.0,92715.0,9221652000.0,11830434000.0,KOSPI,2.74
039490,키움증권,259000.0,59085.0,69094.0,15303015000.0,17895346000.0,KOSPI,-1.33
352820,하이브,155400.0,144963.0,222504.0,22527250200.0,34577121600.0,KOSPI,-0.51
128940,한미약품,504000.0,55128.0,89962.0,27784512000.0,45340848000.0,KOSPI,1.31
091160,KODEX 반도체,148780.0,2124162.0,2124162.0,316032822360.0,316032822360.0,KOSPI,-0.61
032640,LG유플러스,14570.0,377603.0,442338.0,5501675710.0,6444864660.0,KOSPI,0.21
001440,대한전선,31500.0,3577789.0,3577789.0,112700353500.0,112700353500.0,KOSPI,4.48
381180,TIGER 미국필라델피아반도체나스닥,45260.0,1557590.0,1557590.0,70496523400.0,70496523400.0,KOSPI,-1.35
000990,DB하이텍,141300.0,317918.0,648360.0,44921813400.0,91613268000.0,KOSPI,-0.84
498400,KODEX 200타겟위클리커버드콜,20855.0,4801579.0,4801579.0,100136930045.0,100136930045.0,KOSPI,0.53
005387,현대차2우B,175800.0,81012.0,81012.0,14241909600.0,14241909600.0,KOSPI,0.23
326030,SK바이오팜,76400.0,64206.0,95552.0,4905338400.0,7300172800.0,KOSPI,-0.39
0167A0,SOL AI반도체TOP2플러스,19385.0,9685275.0,9685275.0,187749055875.0,187749055875.0,KOSPI,-0.59
122630,KODEX 레버리지,114395.0,13843165.0,13843165.0,1583588860175.0,1583588860175.0,KOSPI,1.01
267270,HD건설기계,118000.0,351346.0,467978.0,41458828000.0,55221404000.0,KOSPI,-1.34
000100,유한양행,74200.0,120454.0,189714.0,8937686800.0,14076778800.0,KOSPI,-0.8
377300,카카오페이,40150.0,98054.0,180790.0,3936868100.0,7258718500.0,KOSPI,0.25
175330,JB금융지주,29000.0,269416.0,319748.0,7813064000.0,9272692000.0,KOSPI,2.29
241560,두산밥캣,55500.0,83081.0,103674.0,4610995500.0,5753907000.0,KOSPI,1.46
011790,SKC,106800.0,628414.0,1002863.0,67114615200.0,107105768400.0,KOSPI,1.91
036570,NC,244500.0,190012.0,256086.0,46457934000.0,62613027000.0,KOSPI,6.3
229200,KODEX 코스닥150,15180.0,26666610.0,26666610.0,404799139800.0,404799139800.0,KOSPI,-0.88
138930,BNK금융지주,16020.0,516011.0,588743.0,8266496220.0,9431662860.0,KOSPI,1.26
029780,삼성카드,42200.0,42880.0,56834.0,1809536000.0,2398394800.0,KOSPI,0.84
052690,한전기술,126700.0,245905.0,520646.0,31156163500.0,65965848200.0,KOSPI,0.72
454910,두산로보틱스,73100.0,371254.0,371254.0,27138667400.0,27138667400.0,KOSPI,1.81
088980,맥쿼리인프라,9820.0,424912.0,424912.0,4172635840.0,4172635840.0,KOSPI,0.72
310970,TIGER MSCI Korea TR,50130.0,12563.0,12563.0,629783190.0,629783190.0,KOSPI,0.4
066970,엘앤에프,114100.0,360458.0,683969.0,41128257800.0,78040862900.0,KOSPI,0.62
088350,한화생명,5320.0,2115062.0,2115062.0,11252129840.0,11252129840.0,KOSPI,0.57
148020,RISE 200,112965.0,621839.0,621839.0,70246042635.0,70246042635.0,KOSPI,0.57
010060,OCI홀딩스,236000.0,384807.0,708376.0,90814452000.0,167176736000.0,KOSPI,6.79
034220,LG디스플레이,8570.0,2139890.0,2139890.0,18338857300.0,18338857300.0,KOSPI,-0.12
395160,KODEX AI반도체TOP2플러스,43220.0,2922121.0,2922121.0,126294069620.0,126294069620.0,KOSPI,0.5
0162Z0,RISE 삼성전자SK하이닉스채권혼합50,13940.0,3744468.0,3744468.0,52197883920.0,52197883920.0,KOSPI,0.07
458730,TIGER 미국배당다우존스,14055.0,1602481.0,1602481.0,22522870455.0,22522870455.0,KOSPI,0.25
271560,오리온,105700.0,106030.0,117540.0,11207371000.0,12423978000.0,KOSPI,-0.38
103590,일진전기,86000.0,654554.0,2045866.0,56291644000.0,175944476000.0,KOSPI,3.74
051900,LG생활건강,271500.0,56820.0,72816.0,15426630000.0,19769544000.0,KOSPI,0.0
001450,현대해상,47650.0,296392.0,329969.0,14123078800.0,15723022850.0,KOSPI,0.85
002380,KCC,472000.0,10450.0,12637.0,4932400000.0,5964664000.0,KOSPI,-0.11
082740,한화엔진,48600.0,382908.0,666689.0,18609328800.0,32401085400.0,KOSPI,0.21
004020,현대제철,30100.0,462524.0,680942.0,13921972400.0,20496354200.0,KOSPI,-0.82
005385,현대차우,175400.0,31805.0,31805.0,5578597000.0,5578597000.0,KOSPI,0.29
360200,ACE 미국S&P500,26055.0,727988.0,727988.0,18967727340.0,18967727340.0,KOSPI,-0.76
357870,TIGER CD금리투자KIS(합성),58165.0,150286.0,150286.0,8741385190.0,8741385190.0,KOSPI,0.03
018880,한온시스템,3840.0,18945142.0,18945142.0,72749345280.0,72749345280.0,KOSPI,4.49
381170,TIGER 미국테크TOP10 INDXX,31325.0,1241435.0,1241435.0,38887951375.0,38887951375.0,KOSPI,-1.74
395270,HANARO Fn K-반도체,61600.0,1027916.0,1027916.0,63319625600.0,63319625600.0,KOSPI,0.16
001040,CJ,131000.0,48555.0,57057.0,6360705000.0,7474467000.0,KOSPI,-0.46
411060,ACE KRX금현물,25515.0,536886.0,536886.0,13698646290.0,13698646290.0,KOSPI,-0.55
233740,KODEX 코스닥150레버리지,8035.0,66237148.0,66237148.0,532215484180.0,532215484180.0,KOSPI,-1.41
008930,한미사이언스,55000.0,162367.0,252344.0,8930185000.0,13878920000.0,KOSPI,4.36
367380,ACE 미국나스닥100,31500.0,368293.0,368293.0,11601229500.0,11601229500.0,KOSPI,-1.28
273130,KODEX 종합채권(AA-이상)액티브,110440.0,18947.0,18947.0,2092506680.0,2092506680.0,KOSPI,0.38
423160,KODEX KOFR금리액티브(합성),110715.0,163592.0,163592.0,18112088280.0,18112088280.0,KOSPI,0.03
102780,KODEX 삼성그룹,26730.0,214493.0,214493.0,5733397890.0,5733397890.0,KOSPI,0.58
028670,팬오션,6250.0,4854631.0,4854631.0,30341443750.0,30341443750.0,KOSPI,6.29
036460,한국가스공사,35850.0,194155.0,249418.0,6960456750.0,8941635300.0,KOSPI,1.7
487240,KODEX AI전력핵심설비,36900.0,2076587.0,2076587.0,76626060300.0,76626060300.0,KOSPI,1.35
161890,한국콜마,137100.0,689017.0,989755.0,94464230700.0,135695410500.0,KOSPI,-6.42
0043B0,TIGER 머니마켓액티브,103860.0,156474.0,156474.0,16251389640.0,16251389640.0,KOSPI,0.01
012750,에스원,84100.0,35477.0,39012.0,2983615700.0,3280909200.0,KOSPI,1.08
022100,포스코DX,20950.0,208174.0,353597.0,4361245300.0,7407857150.0,KOSPI,2.2
004170,신세계,332000.0,49671.0,62534.0,16490772000.0,20761288000.0,KOSPI,-0.45
192820,코스맥스,271000.0,127719.0,159634.0,34611849000.0,43260814000.0,KOSPI,-2.87
035250,강원랜드,14330.0,181612.0,237102.0,2602499960.0,3397671660.0,KOSPI,0.42
336260,두산퓨얼셀,45950.0,408327.0,829034.0,18762625650.0,38094112300.0,KOSPI,2.57
014680,한솔케미칼,277500.0,68632.0,80116.0,19045380000.0,22232190000.0,KOSPI,-0.54
111770,영원무역,67300.0,63523.0,79052.0,4275097900.0,5320199600.0,KOSPI,-2.89
139130,iM금융지주,18680.0,221889.0,257511.0,4144886520.0,4810305480.0,KOSPI,1.63
011780,금호석유화학,117500.0,30400.0,40865.0,3572000000.0,4801637500.0,KOSPI,1.47
007340,DN오토모티브,50500.0,104270.0,148264.0,5265635000.0,7487332000.0,KOSPI,1.71
031210,서울보증보험,42250.0,28978.0,38399.0,1224320500.0,1622357750.0,KOSPI,-0.71
251270,넷마블,35250.0,145939.0,176468.0,5144349750.0,6220497000.0,KOSPI,1.0
375500,DL이앤씨,75700.0,241340.0,241340.0,18269438000.0,18269438000.0,KOSPI,-0.39
023530,롯데쇼핑,101800.0,60274.0,68641.0,6135893200.0,6987653800.0,KOSPI,0.49
302440,SK바이오사이언스,36500.0,46272.0,62201.0,1688928000.0,2270336500.0,KOSPI,-0.82
017800,현대엘리베이터,73100.0,70964.0,92163.0,5187468400.0,6737115300.0,KOSPI,1.39
472150,TIGER 배당커버드콜액티브,20500.0,2807283.0,2807283.0,57549301500.0,57549301500.0,KOSPI,0.42
006360,GS건설,33150.0,1142778.0,1142778.0,37883090700.0,37883090700.0,KOSPI,0.61
455890,RISE 머니마켓액티브,55640.0,124019.0,124019.0,6900417160.0,6900417160.0,KOSPI,0.01
139260,TIGER 200 IT,145880.0,323636.0,323636.0,47212019680.0,47212019680.0,KOSPI,0.67
026960,동서,27550.0,237234.0,381785.0,6535796700.0,10518176750.0,KOSPI,6.37
450080,에코프로머티,38200.0,522347.0,522347.0,19953655400.0,19953655400.0,KOSPI,3.38
097950,CJ제일제당,179600.0,21886.0,27832.0,3930725600.0,4998627200.0,KOSPI,0.9
020150,롯데에너지머티리얼즈,51100.0,1399138.0,2229137.0,71495951800.0,113908900700.0,KOSPI,18.98
481050,KODEX CD1년금리플러스액티브(합성),1021990.0,29333.0,29333.0,29978032670.0,29978032670.0,KOSPI,0.01
383220,F&F,69200.0,24470.0,26774.0,1693324000.0,1852760800.0,KOSPI,0.0
426030,TIME 미국나스닥100액티브,48085.0,722121.0,722121.0,34723188285.0,34723188285.0,KOSPI,-1.17
004800,효성,158000.0,9396.0,11737.0,1484568000.0,1854446000.0,KOSPI,1.54
085620,미래에셋생명,19480.0,49609.0,49609.0,966383320.0,966383320.0,KOSPI,-0.05
486290,TIGER 미국나스닥100타겟데일리커버드콜,10505.0,1525230.0,1525230.0,16022541150.0,16022541150.0,KOSPI,-1.13
011170,롯데케미칼,60900.0,133587.0,204268.0,8135448300.0,12439921200.0,KOSPI,1.0
489790,한화비전,51400.0,210811.0,397434.0,10835685400.0,20428107600.0,KOSPI,-1.72
003690,코리안리,14400.0,130073.0,160777.0,1873051200.0,2315188800.0,KOSPI,0.56
457190,이수스페셜티케미컬,81900.0,369967.0,901258.0,30300297300.0,73813030200.0,KOSPI,4.46
278540,KODEX MSCI Korea TR,39860.0,32673.0,32673.0,1302345780.0,1302345780.0,KOSPI,0.26
004370,농심,402000.0,12192.0,14855.0,4901184000.0,5971710000.0,KOSPI,0.37
005850,에스엘,52500.0,40235.0,59788.0,2112337500.0,3138870000.0,KOSPI,0.19
009420,한올바이오파마,46400.0,261279.0,377925.0,12123345600.0,17535720000.0,KOSPI,-4.33
000240,한국앤컴퍼니,25450.0,32081.0,42462.0,816461450.0,1080657900.0,KOSPI,1.39
449170,TIGER KOFR금리액티브(합성),112060.0,57135.0,57135.0,6402548100.0,6402548100.0,KOSPI,0.02
004990,롯데지주,23900.0,43041.0,55620.0,1028679900.0,1329318000.0,KOSPI,0.84
161510,PLUS 고배당주,24490.0,367370.0,367370.0,8996891300.0,8996891300.0,KOSPI,0.72
112610,씨에스윈드,55300.0,417600.0,417600.0,23093280000.0,23093280000.0,KOSPI,1.28
0193T0,KODEX SK하이닉스단일종목레버리지,11555.0,12064191.0,12064191.0,139401727005.0,139401727005.0,KOSPI,1.14
005440,현대지에프홀딩스,12690.0,459958.0,524860.0,5836867020.0,6660473400.0,KOSPI,1.2
483650,달바글로벌,183400.0,57269.0,95124.0,10503134600.0,17445741600.0,KOSPI,-0.33
001720,신영증권,139400.0,13841.0,16189.0,1929435400.0,2256746600.0,KOSPI,0.07
204320,HL만도,47300.0,145634.0,145634.0,6888488200.0,6888488200.0,KOSPI,1.28
018670,SK가스,239500.0,7262.0,8629.0,1739249000.0,2066645500.0,KOSPI,-0.42
103140,풍산,79100.0,84494.0,119599.0,6683475400.0,9460280900.0,KOSPI,1.54
282330,BGF리테일,128000.0,33199.0,37412.0,4249472000.0,4788736000.0,KOSPI,0.08
385540,RISE 종합채권(A-이상)액티브,103480.0,2554.0,2554.0,264287920.0,264287920.0,KOSPI,0.35
279570,케이뱅크,5390.0,358369.0,358369.0,1931608910.0,1931608910.0,KOSPI,-0.19
030000,제일기획,18770.0,210569.0,254771.0,3952380130.0,4782051670.0,KOSPI,0.16
009970,영원무역홀딩스,164600.0,9442.0,11612.0,1554153200.0,1911335200.0,KOSPI,1.73
456600,TIME 글로벌AI인공지능액티브,59185.0,126062.0,126062.0,7460979470.0,7460979470.0,KOSPI,-0.71
081660,미스토홀딩스,39050.0,111049.0,125312.0,4336463450.0,4893433600.0,KOSPI,4.27
229640,LS에코에너지,66900.0,233625.0,782510.0,15629512500.0,52349919000.0,KOSPI,5.85
051600,한전KPS,45050.0,83430.0,125601.0,3758521500.0,5658325050.0,KOSPI,2.04
284430,KODEX 200미국채혼합50,20715.0,329189.0,329189.0,6819150135.0,6819150135.0,KOSPI,0.17
007810,코리아써키트,82900.0,935221.0,2065162.0,77529820900.0,171201929800.0,KOSPI,4.94
139480,이마트,72000.0,72916.0,99072.0,5249952000.0,7133184000.0,KOSPI,1.55
073240,금호타이어,6890.0,498175.0,951236.0,3432425750.0,6554016040.0,KOSPI,0.15
305720,KODEX 2차전지산업,15080.0,4930642.0,4930642.0,74354081360.0,74354081360.0,KOSPI,2.83
214980,KODEX 단기채권PLUS,114580.0,87603.0,87603.0,10037551740.0,10037551740.0,KOSPI,0.07
002790,아모레퍼시픽홀딩스,25300.0,157988.0,186488.0,3997096400.0,4718146400.0,KOSPI,-2.32
292150,TIGER 코리아TOP10,38960.0,352843.0,352843.0,13746763280.0,13746763280.0,KOSPI,0.43
069960,현대백화점,88800.0,55212.0,67715.0,4902825600.0,6013092000.0,KOSPI,-0.45
089860,롯데렌탈,51400.0,111763.0,156263.0,5744618200.0,8031918200.0,KOSPI,0.78
007070,GS리테일,22200.0,68875.0,87621.0,1529025000.0,1945186200.0,KOSPI,0.45
181710,NHN,57300.0,132766.0,164530.0,7607491800.0,9427569000.0,KOSPI,1.78
442580,PLUS 글로벌HBM반도체,109600.0,641142.0,641142.0,70269163200.0,70269163200.0,KOSPI,-0.07
294400,KIWOOM 200TR,147190.0,93570.0,93570.0,13772568300.0,13772568300.0,KOSPI,0.56
281820,케이씨텍,92100.0,155962.0,250716.0,14364100200.0,23090943600.0,KOSPI,-0.43
462870,시프트업,31000.0,25346.0,32583.0,785726000.0,1010073000.0,KOSPI,-0.64
000155,두산우,451000.0,13820.0,13820.0,6232820000.0,6232820000.0,KOSPI,-3.32
093370,후성,16400.0,5427377.0,5427377.0,89008982800.0,89008982800.0,KOSPI,4.39
439260,대한조선,46050.0,19772.0,37393.0,910500600.0,1721947650.0,KOSPI,0.22
001120,LX인터내셔널,43850.0,146065.0,184279.0,6404950250.0,8080634150.0,KOSPI,3.3
475150,SK이터닉스,49800.0,576745.0,576745.0,28721901000.0,28721901000.0,KOSPI,0.71
020560,아시아나항공,8220.0,57120.0,83186.0,469526400.0,683788920.0,KOSPI,-2.49
441640,KODEX 미국배당커버드콜액티브,12120.0,969462.0,969462.0,11749879440.0,11749879440.0,KOSPI,-0.53
120110,코오롱인더,56400.0,86607.0,148198.0,4884634800.0,8358367200.0,KOSPI,2.36
105190,ACE 200,112325.0,101969.0,101969.0,11453667925.0,11453667925.0,KOSPI,0.52
001430,세아베스틸지주,46900.0,65124.0,108774.0,3054315600.0,5101500600.0,KOSPI,-0.21
071970,HD현대마린엔진,49050.0,98826.0,170701.0,4847415300.0,8372884050.0,KOSPI,1.76
023590,다우기술,37950.0,30212.0,38589.0,1146545400.0,1464452550.0,KOSPI,-1.43
001820,삼화콘덴서,157800.0,607042.0,607042.0,95791227600.0,95791227600.0,KOSPI,-0.57
446770,ACE 글로벌반도체TOP4 Plus,81730.0,152043.0,152043.0,12426474390.0,12426474390.0,KOSPI,-1.23
368590,RISE 미국나스닥100,30515.0,159785.0,159785.0,4875839275.0,4875839275.0,KOSPI,-1.33
000120,CJ대한통운,70700.0,33255.0,42258.0,2351128500.0,2987640600.0,KOSPI,1.29
395400,SK리츠,5300.0,169394.0,169394.0,897788200.0,897788200.0,KOSPI,0.95
329200,TIGER 리츠부동산인프라,4045.0,1939786.0,1939786.0,7846434370.0,7846434370.0,KOSPI,0.25
0177N0,KODEX 삼성전자SK하이닉스채권혼합50,14705.0,2206455.0,2206455.0,32445920775.0,32445920775.0,KOSPI,0.1
006040,동원산업,35450.0,16490.0,22296.0,584570500.0,790393200.0,KOSPI,0.14
005070,코스모신소재,47100.0,292753.0,534604.0,13788666300.0,25179848400.0,KOSPI,5.61
322000,HD현대에너지솔루션,139200.0,401008.0,401008.0,55820313600.0,55820313600.0,KOSPI,6.18
008770,호텔신라,39400.0,115760.0,157881.0,4560944000.0,6220511400.0,KOSPI,0.51
0193W0,KODEX 삼성전자단일종목레버리지,13330.0,5608258.0,5608258.0,74758079140.0,74758079140.0,KOSPI,-0.34
610063,메리츠 KIS CD금리투자 ETN,55905.0,815.0,815.0,45562575.0,45562575.0,KOSPI,0.03
091230,TIGER 반도체,157370.0,213264.0,213264.0,33561355680.0,33561355680.0,KOSPI,-0.54
0195S0,TIGER SK하이닉스단일종목레버리지,9840.0,5669865.0,5669865.0,55791471600.0,55791471600.0,KOSPI,1.29
152100,PLUS 200,113730.0,154746.0,154746.0,17599262580.0,17599262580.0,KOSPI,0.57
009155,삼성전기우,525000.0,8843.0,8843.0,4642575000.0,4642575000.0,KOSPI,0.0
477080,RISE CD금리액티브(합성),107780.0,7286.0,7286.0,785285080.0,785285080.0,KOSPI,0.02
232080,TIGER 코스닥150,15480.0,12519330.0,12519330.0,193799228400.0,193799228400.0,KOSPI,-0.67
379780,RISE 미국S&P500,22485.0,172053.0,172053.0,3868611705.0,3868611705.0,KOSPI,-0.75
006280,녹십자,126600.0,14875.0,18960.0,1883175000.0,2400336000.0,KOSPI,-2.09
294870,IPARK현대산업개발,22350.0,63883.0,83905.0,1427785050.0,1875276750.0,KOSPI,-1.32
487230,KODEX 미국AI전력핵심인프라,19665.0,1306535.0,1306535.0,25693010775.0,25693010775.0,KOSPI,-1.18
361610,SK아이이테크놀로지,17760.0,655822.0,1046588.0,11647398720.0,18587402880.0,KOSPI,9.43
011210,현대위아,53300.0,37635.0,57361.0,2005945500.0,3057341300.0,KOSPI,1.14
226490,KODEX 코스피,72150.0,148665.0,148665.0,10726179750.0,10726179750.0,KOSPI,0.56
453850,ACE 미국30년국채액티브(H),6780.0,1221895.0,1221895.0,8284448100.0,8284448100.0,KOSPI,0.0
012630,HDC,23500.0,122383.0,157218.0,2876000500.0,3694623000.0,KOSPI,-5.05
001800,오리온홀딩스,23100.0,43891.0,58129.0,1013882100.0,1342779900.0,KOSPI,0.43
097230,HJ중공업,15330.0,216690.0,216690.0,3321857700.0,3321857700.0,KOSPI,2.13
466920,SOL 조선TOP3플러스,26135.0,491822.0,491822.0,12853767970.0,12853767970.0,KOSPI,-0.11
390390,KODEX 미국반도체,56900.0,408574.0,408574.0,23247860600.0,23247860600.0,KOSPI,-1.27
469150,ACE AI반도체TOP3+,66545.0,694204.0,694204.0,46195805180.0,46195805180.0,KOSPI,0.07
475630,TIGER CD1년금리액티브(합성),1079240.0,77538.0,77538.0,83682111120.0,83682111120.0,KOSPI,0.01
494310,KODEX 반도체레버리지,104040.0,4400787.0,4400787.0,457857879480.0,457857879480.0,KOSPI,-1.57
448330,KODEX 삼성전자채권혼합,17700.0,415897.0,415897.0,7361376900.0,7361376900.0,KOSPI,-0.08
001740,SK네트웍스,6520.0,955783.0,955783.0,6231705160.0,6231705160.0,KOSPI,1.09
00680K,미래에셋증권2우B,10190.0,335975.0,335975.0,3423585250.0,3423585250.0,KOSPI,-0.59
455850,SOL AI반도체소부장,30500.0,7242185.0,7242185.0,220886642500.0,220886642500.0,KOSPI,-1.34
066575,LG전자우,75000.0,43058.0,43058.0,3229350000.0,3229350000.0,KOSPI,2.6
157450,TIGER 단기통안채,112795.0,10780.0,10780.0,1215930100.0,1215930100.0,KOSPI,0.03
436140,SOL 종합채권(AA-이상)액티브,106815.0,1207.0,1207.0,128925705.0,128925705.0,KOSPI,0.37
007310,오뚜기,318000.0,2100.0,3017.0,667800000.0,959406000.0,KOSPI,1.6
069620,대웅제약,109300.0,15122.0,18037.0,1652834600.0,1971444100.0,KOSPI,-0.27
530031,삼성 레버리지 WTI원유 선물 ETN,3080.0,296048.0,296048.0,911827840.0,911827840.0,KOSPI,5.48
438080,ACE 미국S&P500미국채혼합50액티브,13770.0,357384.0,357384.0,4921177680.0,4921177680.0,KOSPI,-0.47
415640,KB발해인프라,10040.0,38607.0,38607.0,387614280.0,387614280.0,KOSPI,-0.3
192080,더블유게임즈,57800.0,19970.0,21723.0,1154266000.0,1255589400.0,KOSPI,-0.69
465580,ACE 미국빅테크TOP7 Plus,24210.0,1328604.0,1328604.0,32165502840.0,32165502840.0,KOSPI,-1.78
487340,ACE 머니마켓액티브,106200.0,9320.0,9320.0,989784000.0,989784000.0,KOSPI,0.01
003540,대신증권,25450.0,15555.0,28557.0,395874750.0,726775650.0,KOSPI,0.39
003160,디아이,42500.0,1285976.0,2691534.0,54653980000.0,114390195000.0,KOSPI,2.41
298020,효성티앤씨,274500.0,21241.0,26501.0,5830654500.0,7274524500.0,KOSPI,0.0
300720,한일시멘트,16100.0,24926.0,37513.0,401308600.0,603959300.0,KOSPI,-0.31
000815,삼성화재우,392000.0,8587.0,8587.0,3366104000.0,3366104000.0,KOSPI,0.26
356540,ACE 종합채권(AA-이상)액티브,101740.0,746.0,746.0,75898040.0,75898040.0,KOSPI,0.27
006120,SK디스커버리,67600.0,47956.0,63846.0,3241825600.0,4315989600.0,KOSPI,1.96
330590,롯데리츠,4055.0,149698.0,149698.0,607025390.0,607025390.0,KOSPI,-1.82
0072R0,TIGER KRX금현물,12195.0,582709.0,582709.0,7106136255.0,7106136255.0,KOSPI,-0.45
497570,TIGER 미국필라델피아AI반도체나스닥,22755.0,470920.0,470920.0,10715784600.0,10715784600.0,KOSPI,-1.83
030610,교보증권,9970.0,11407.0,19177.0,113727790.0,191194690.0,KOSPI,0.0
195870,해성디에스,65500.0,187910.0,336196.0,12308105000.0,22020838000.0,KOSPI,-1.5
004000,롯데정밀화학,42850.0,23742.0,34235.0,1017344700.0,1466969750.0,KOSPI,0.59
280360,롯데웰푸드,120100.0,13597.0,15240.0,1632999700.0,1830324000.0,KOSPI,-1.31
0139F0,TIGER 12월자동연장금융채(AA-이상)액티브,102395.0,149.0,149.0,15256855.0,15256855.0,KOSPI,0.02
445290,KODEX 로봇액티브,31580.0,772245.0,772245.0,24387497100.0,24387497100.0,KOSPI,1.67
003570,SNT다이내믹스,32850.0,217038.0,315571.0,7129698300.0,10366507350.0,KOSPI,7.88
0183J0,TIGER 미국우주테크,7360.0,1549937.0,1549937.0,11407536320.0,11407536320.0,KOSPI,-3.16
494890,KODEX 200액티브,32320.0,171801.0,171801.0,5552608320.0,5552608320.0,KOSPI,0.59
451540,TIGER 종합채권(AA-이상)액티브,53120.0,6780.0,6780.0,360153600.0,360153600.0,KOSPI,0.35
017960,한국카본,20650.0,115348.0,210620.0,2381936200.0,4349303000.0,KOSPI,1.72
494300,KODEX 미국나스닥100데일리커버드콜OTM,8855.0,1171836.0,1171836.0,10376607780.0,10376607780.0,KOSPI,-0.9
006340,대원전선,13430.0,1966854.0,1966854.0,26414849220.0,26414849220.0,KOSPI,2.52
469830,SOL 초단기채권액티브,54545.0,132611.0,132611.0,7233266995.0,7233266995.0,KOSPI,0.02
295040,SOL 200TR,42040.0,90742.0,90742.0,3814793680.0,3814793680.0,KOSPI,0.59
000080,하이트진로,14810.0,31085.0,49179.0,460368850.0,728340990.0,KOSPI,0.27
449180,KODEX 미국S&P500(H),17160.0,279203.0,279203.0,4791123480.0,4791123480.0,KOSPI,-0.29
0117V0,TIGER 코리아AI전력기기TOP3플러스,19275.0,762241.0,762241.0,14692195275.0,14692195275.0,KOSPI,1.07
000210,DL,48700.0,29732.0,38820.0,1447948400.0,1890534000.0,KOSPI,0.21
479520,RISE KOFR금리액티브(합성),106670.0,2119.0,2119.0,226033730.0,226033730.0,KOSPI,0.01
449450,PLUS K방산,52250.0,371950.0,371950.0,19434387500.0,19434387500.0,KOSPI,3.47
003530,한화투자증권,4675.0,960694.0,960694.0,4491244450.0,4491244450.0,KOSPI,0.86
003240,태광산업,892000.0,1590.0,1901.0,1418280000.0,1695692000.0,KOSPI,-0.89
446720,SOL 미국배당다우존스,12875.0,354608.0,354608.0,4565578000.0,4565578000.0,KOSPI,-0.04
153130,KODEX 단기채권,113265.0,16229.0,16229.0,1838177685.0,1838177685.0,KOSPI,0.02
0219E0,KODEX 200커버드콜액티브,8435.0,4478399.0,4478399.0,37775295565.0,37775295565.0,KOSPI,0.3
451800,한화리츠,5370.0,72077.0,72077.0,387053490.0,387053490.0,KOSPI,0.75
495050,RISE 코리아밸류업,32640.0,82302.0,82302.0,2686337280.0,2686337280.0,KOSPI,0.45
030190,NICE평가정보,16460.0,86444.0,91535.0,1422868240.0,1506666100.0,KOSPI,1.54
192400,쿠쿠홀딩스,26950.0,6213.0,8074.0,167440350.0,217594300.0,KOSPI,0.19
315930,KODEX Top5PlusTR,79680.0,19442.0,19442.0,1549138560.0,1549138560.0,KOSPI,0.31
237350,KODEX 코스피100,89275.0,100873.0,100873.0,9005437075.0,9005437075.0,KOSPI,0.31
305540,TIGER 2차전지테마,19175.0,467654.0,467654.0,8967265450.0,8967265450.0,KOSPI,2.98
006110,삼아알미늄,62900.0,261585.0,398471.0,16453696500.0,25063825900.0,KOSPI,4.49
438100,ACE 미국나스닥100미국채혼합50액티브,15160.0,333537.0,333537.0,5056420920.0,5056420920.0,KOSPI,-0.92
0195R0,TIGER 삼성전자단일종목레버리지,12180.0,4273962.0,4273962.0,52056857160.0,52056857160.0,KOSPI,0.0
009240,한샘,39550.0,22829.0,26439.0,902886950.0,1045662450.0,KOSPI,1.41
402970,ACE 미국배당다우존스,14330.0,178964.0,178964.0,2564554120.0,2564554120.0,KOSPI,0.07
0048J0,KODEX 미국머니마켓액티브,13445.0,709230.0,709230.0,9535597350.0,9535597350.0,KOSPI,-0.52
071320,지역난방공사,79500.0,10165.0,14237.0,808117500.0,1131841500.0,KOSPI,1.53
077970,STX엔진,22750.0,76206.0,151898.0,1733686500.0,3455679500.0,KOSPI,1.11
185750,종근당,65300.0,11871.0,15677.0,775176300.0,1023708100.0,KOSPI,0.15
285130,SK케미칼,51900.0,28238.0,33628.0,1465552200.0,1745293200.0,KOSPI,1.96
051915,LG화학우,116300.0,12319.0,12319.0,1432699700.0,1432699700.0,KOSPI,2.2
009450,경동나비엔,61300.0,25035.0,29860.0,1534645500.0,1830418000.0,KOSPI,0.0
003090,대웅,15310.0,55924.0,70441.0,856196440.0,1078451710.0,KOSPI,-1.8
005300,롯데칠성,95500.0,6842.0,8393.0,653411000.0,801531500.0,KOSPI,0.32
475720,RISE 200위클리커버드콜,12755.0,542432.0,542432.0,6918720160.0,6918720160.0,KOSPI,0.47
0117L0,KODEX 26-12 금융채(AA-이상)액티브,10185.0,14279.0,14279.0,145431615.0,145431615.0,KOSPI,0.0
032350,롯데관광개발,10910.0,1301611.0,1679979.0,14200576010.0,18328570890.0,KOSPI,-7.15
034230,파라다이스,9390.0,294435.0,451954.0,2764744650.0,4243848060.0,KOSPI,-0.95
479080,1Q 머니마켓액티브,53930.0,10871.0,10871.0,586273030.0,586273030.0,KOSPI,0.01
0177R0,TIGER 반도체TOP10커버드콜액티브,12195.0,1408560.0,1408560.0,17177389200.0,17177389200.0,KOSPI,0.04
004490,세방전지,62200.0,38190.0,56557.0,2375418000.0,3517845400.0,KOSPI,0.97
000370,한화손해보험,7380.0,270030.0,270030.0,1992821400.0,1992821400.0,KOSPI,1.37
700028,하나 레버리지 반도체 ETN,243460.0,2311.0,2311.0,562636060.0,562636060.0,KOSPI,-1.77
069660,KIWOOM 200,112045.0,31215.0,31215.0,3497484675.0,3497484675.0,KOSPI,0.57
498410,KODEX 금융고배당TOP10타겟위클리커버드콜,11350.0,1174531.0,1174531.0,13330926850.0,13330926850.0,KOSPI,0.8
003470,유안타증권,4345.0,180855.0,180855.0,785814975.0,785814975.0,KOSPI,-0.57
071055,한국금융지주우,142900.0,7275.0,7275.0,1039597500.0,1039597500.0,KOSPI,0.85
490590,RISE 미국AI밸류체인데일리고정커버드콜,14405.0,656603.0,656603.0,9458366215.0,9458366215.0,KOSPI,-1.64
079160,CJ CGV,5010.0,218692.0,218692.0,1095646920.0,1095646920.0,KOSPI,-0.2
462330,KODEX 2차전지산업레버리지,1071.0,97058401.0,97058401.0,103949547471.0,103949547471.0,KOSPI,5.73
466940,TIGER 은행고배당플러스TOP10,25900.0,361050.0,361050.0,9351195000.0,9351195000.0,KOSPI,0.78
248070,솔루엠,16710.0,1237252.0,1847069.0,20674480920.0,30864522990.0,KOSPI,8.3
495850,KODEX 코리아밸류업,32525.0,43877.0,43877.0,1427099425.0,1427099425.0,KOSPI,0.71
272580,TIGER 단기채권액티브,57240.0,36175.0,36175.0,2070657000.0,2070657000.0,KOSPI,0.02
441800,TIME Korea플러스배당액티브,28650.0,117458.0,117458.0,3365171700.0,3365171700.0,KOSPI,0.44
0025N0,TIGER TDF2045 적격,11775.0,171977.0,171977.0,2025029175.0,2025029175.0,KOSPI,-0.8
329750,TIGER 미국달러단기채권액티브,12775.0,194318.0,194318.0,2482412450.0,2482412450.0,KOSPI,-0.66
365550,ESR켄달스퀘어리츠,3120.0,120390.0,120390.0,375616800.0,375616800.0,KOSPI,1.13
137310,에스디바이오센서,6340.0,64355.0,89564.0,408010700.0,567835760.0,KOSPI,0.48
499790,GS피앤엘,38150.0,67153.0,79202.0,2561886950.0,3021556300.0,KOSPI,-0.13
418660,TIGER 미국나스닥100레버리지(합성),41110.0,191750.0,191750.0,7882842500.0,7882842500.0,KOSPI,-2.68
100090,SK오션플랜트,12030.0,320634.0,320634.0,3857227020.0,3857227020.0,KOSPI,0.5
000670,영풍,40600.0,20256.0,31548.0,822393600.0,1280848800.0,KOSPI,0.0
005690,파미셀,12400.0,946380.0,946380.0,11735112000.0,11735112000.0,KOSPI,-1.51
036530,SNT홀딩스,45500.0,4886.0,7169.0,222313000.0,326189500.0,KOSPI,-0.11
488080,TIGER 반도체TOP10레버리지,40520.0,4669713.0,4669713.0,189216770760.0,189216770760.0,KOSPI,-0.59
476550,TIGER 미국30년국채커버드콜액티브(H),6380.0,761865.0,761865.0,4860698700.0,4860698700.0,KOSPI,0.08
005180,빙그레,83700.0,43932.0,51204.0,3677108400.0,4285774800.0,KOSPI,-1.65
456610,TIGER 미국달러SOFR금리액티브(합성),58815.0,20665.0,20665.0,1215411975.0,1215411975.0,KOSPI,-0.63
252670,KODEX 200선물인버스2X,69.0,4145527462.0,4145527462.0,286041394878.0,286041394878.0,KOSPI,0.0
367760,RISE 네트워크인프라,63745.0,564059.0,564059.0,35955940955.0,35955940955.0,KOSPI,0.62
298050,HS효성첨단소재,163200.0,5670.0,7253.0,925344000.0,1183689600.0,KOSPI,0.55
094800,맵스리얼티,7870.0,30705.0,30705.0,241648350.0,241648350.0,KOSPI,-0.13
003850,보령,8500.0,35743.0,45188.0,303815500.0,384098000.0,KOSPI,0.47
144600,KODEX 은선물(H),9920.0,365994.0,365994.0,3630660480.0,3630660480.0,KOSPI,0.05
214320,이노션,18190.0,35371.0,40692.0,643398490.0,740187480.0,KOSPI,0.06
457480,ACE 테슬라밸류체인액티브,17610.0,185715.0,185715.0,3270441150.0,3270441150.0,KOSPI,-1.45
100840,SNT에너지,36650.0,109921.0,244895.0,4028604650.0,8975401750.0,KOSPI,0.41
114800,KODEX 인버스,975.0,505027412.0,505027412.0,492401726700.0,492401726700.0,KOSPI,-0.61
064960,SNT모티브,26950.0,38569.0,61882.0,1039434550.0,1667719900.0,KOSPI,1.13
481060,KODEX 미국30년국채타겟커버드콜(합성 H),7025.0,403345.0,403345.0,2833498625.0,2833498625.0,KOSPI,0.0
093050,LF,24200.0,45964.0,52556.0,1112328800.0,1271855200.0,KOSPI,2.98
090460,비에이치,20850.0,532307.0,1129184.0,11098600950.0,23543486400.0,KOSPI,0.48
580058,KB KIS CD금리투자 ETN,53975.0,10000.0,10000.0,539750000.0,539750000.0,KOSPI,0.01
364980,TIGER 2차전지TOP10,10270.0,3155398.0,3155398.0,32405937460.0,32405937460.0,KOSPI,1.99
005880,대한해운,2155.0,1740471.0,1740471.0,3750715005.0,3750715005.0,KOSPI,2.62
0101N0,RISE AI전력인프라,22000.0,284857.0,284857.0,6266854000.0,6266854000.0,KOSPI,1.92
0127P0,ACE 미국대형성장주액티브,10550.0,16978.0,16978.0,179117900.0,179117900.0,KOSPI,-1.36
000400,롯데손해보험,2230.0,1055714.0,1055714.0,2354242220.0,2354242220.0,KOSPI,5.19
290130,RISE ESG사회책임투자,49060.0,33803.0,33803.0,1658375180.0,1658375180.0,KOSPI,0.48
005090,SGC에너지,47500.0,59447.0,80690.0,2823732500.0,3832775000.0,KOSPI,-1.96
0167B0,SOL 200타겟위클리커버드콜,11940.0,796241.0,796241.0,9507117540.0,9507117540.0,KOSPI,0.51
0148J0,TIGER 코리아휴머노이드로봇산업,9930.0,3962952.0,3962952.0,39352113360.0,39352113360.0,KOSPI,2.37
002960,한국쉘석유,517000.0,269.0,380.0,139073000.0,196460000.0,KOSPI,-0.58
293940,신한알파리츠,5550.0,104656.0,104656.0,580840800.0,580840800.0,KOSPI,-1.07
482730,TIGER 미국S&P500타겟데일리커버드콜,11440.0,504044.0,504044.0,5766263360.0,5766263360.0,KOSPI,-0.69
434730,HANARO 원자력iSelect,57365.0,125587.0,125587.0,7204298255.0,7204298255.0,KOSPI,-0.41
314250,KODEX 미국빅테크10(H),64245.0,52163.0,52163.0,3351211935.0,3351211935.0,KOSPI,-0.86
456040,OCI,74100.0,35070.0,52535.0,2598687000.0,3892843500.0,KOSPI,1.09
458760,TIGER 미국배당다우존스타겟커버드콜2호,10260.0,222780.0,222780.0,2285722800.0,2285722800.0,KOSPI,0.1
102970,KODEX 증권,17600.0,391358.0,391358.0,6887900800.0,6887900800.0,KOSPI,-0.11
069260,TKG휴켐스,15990.0,28959.0,35861.0,463054410.0,573417390.0,KOSPI,1.07
0007F0,KODEX 27-12 회사채(AA-이상)액티브,10200.0,24601.0,24601.0,250930200.0,250930200.0,KOSPI,0.1
268280,미원에스씨,129100.0,831.0,937.0,107282100.0,120966700.0,KOSPI,1.81
423920,TIGER 미국필라델피아반도체레버리지(합성),92625.0,139890.0,139890.0,12957311250.0,12957311250.0,KOSPI,-1.83
004710,한솔테크닉스,12070.0,1361335.0,1361335.0,16431313450.0,16431313450.0,KOSPI,2.03
371460,TIGER 차이나전기차SOLACTIVE,8915.0,246213.0,246213.0,2194988895.0,2194988895.0,KOSPI,-1.65
491010,TIGER 글로벌AI전력인프라액티브,25180.0,38571.0,38571.0,971217780.0,971217780.0,KOSPI,-1.18
317450,명인제약,43650.0,9885.0,17449.0,431480250.0,761648850.0,KOSPI,-2.57
000640,동아쏘시오홀딩스,94500.0,12659.0,14525.0,1196275500.0,1372612500.0,KOSPI,-0.94
0015B0,KoAct 미국나스닥성장기업액티브,19660.0,622218.0,622218.0,12232805880.0,12232805880.0,KOSPI,-0.68
434060,KODEX TDF2050액티브 적격,16685.0,71048.0,71048.0,1185435880.0,1185435880.0,KOSPI,-0.42
0061Z0,RISE 단기특수은행채액티브,51140.0,1439.0,1439.0,73590460.0,73590460.0,KOSPI,0.02
001060,JW중외제약,26800.0,21175.0,32616.0,567490000.0,874108800.0,KOSPI,-1.29
471990,KODEX AI반도체핵심장비,30300.0,2830066.0,2830066.0,85750999800.0,85750999800.0,KOSPI,-0.75
192650,드림텍,9400.0,1243208.0,1243208.0,11686155200.0,11686155200.0,KOSPI,3.18
014820,동원시스템즈,21350.0,15611.0,24603.0,333294850.0,525274050.0,KOSPI,0.71
001680,대상,17810.0,40157.0,50242.0,715196170.0,894810020.0,KOSPI,0.39
453340,현대그린푸드,18900.0,21466.0,23401.0,405707400.0,442278900.0,KOSPI,0.96
383800,LX홀딩스,8040.0,60872.0,79789.0,489410880.0,641503560.0,KOSPI,0.0
336370,솔루스첨단소재,8730.0,336348.0,549066.0,2936318040.0,4793346180.0,KOSPI,7.38
108320,LX세미콘,37600.0,38840.0,71054.0,1460384000.0,2671630400.0,KOSPI,-1.83
033240,자화전자,28300.0,89571.0,153339.0,2534859300.0,4339493700.0,KOSPI,2.91
002840,미원상사,135700.0,1018.0,1172.0,138142600.0,159040400.0,KOSPI,1.19
017940,E1,88700.0,8479.0,9609.0,752087300.0,852318300.0,KOSPI,0.45
466950,TIGER 글로벌AI액티브,32065.0,62942.0,62942.0,2018235230.0,2018235230.0,KOSPI,-0.71
0091P0,TIGER 코리아원자력,16840.0,1049009.0,1049009.0,17665311560.0,17665311560.0,KOSPI,-1.17
138540,TIGER 현대차그룹플러스,45820.0,101758.0,101758.0,4662551560.0,4662551560.0,KOSPI,-0.25
006650,대한유화,91600.0,36689.0,60654.0,3360712400.0,5555906400.0,KOSPI,3.27
491620,RISE 미국테크100데일리고정커버드콜,10415.0,524874.0,524874.0,5466562710.0,5466562710.0,KOSPI,-1.19
489250,KODEX 미국배당다우존스,12115.0,296841.0,296841.0,3596228715.0,3596228715.0,KOSPI,-0.04
178920,PI첨단소재,20150.0,68006.0,104495.0,1370320900.0,2105574250.0,KOSPI,3.39
079900,전진건설로봇,40550.0,25017.0,57337.0,1014439350.0,2325015350.0,KOSPI,0.0
251600,PLUS 고배당주채권혼합,15210.0,118264.0,118264.0,1798795440.0,1798795440.0,KOSPI,0.4
0019K0,TIME 미국나스닥100채권혼합50액티브,13515.0,265513.0,265513.0,3588408195.0,3588408195.0,KOSPI,-0.44
477050,PLUS 머니마켓액티브,53665.0,15072.0,15072.0,808838880.0,808838880.0,KOSPI,0.03
00088K,한화3우B,39400.0,14379.0,14379.0,566532600.0,566532600.0,KOSPI,2.34
277630,TIGER 코스피,73395.0,49259.0,49259.0,3615364305.0,3615364305.0,KOSPI,0.67
484790,KODEX 미국30년국채액티브(H),7810.0,490194.0,490194.0,3828415140.0,3828415140.0,KOSPI,0.19
016380,KG스틸,5720.0,446625.0,446625.0,2554695000.0,2554695000.0,KOSPI,1.24
075580,세진중공업,10010.0,111307.0,181246.0,1114183070.0,1814272460.0,KOSPI,0.4
017900,광전자,9820.0,1677338.0,1677338.0,16471459160.0,16471459160.0,KOSPI,2.61
025540,한국단자,56200.0,6628.0,9635.0,372493600.0,541487000.0,KOSPI,0.36
002350,넥센타이어,5800.0,75411.0,75411.0,437383800.0,437383800.0,KOSPI,1.58
451000,PLUS 종합채권(AA-이상)액티브,107820.0,40.0,40.0,4312800.0,4312800.0,KOSPI,0.35
449190,KODEX 미국나스닥100(H),23035.0,217158.0,217158.0,5002234530.0,5002234530.0,KOSPI,-0.8
284740,쿠쿠홈시스,24800.0,9874.0,10952.0,244875200.0,271609600.0,KOSPI,0.0
496020,WON 전단채플러스액티브,52630.0,5551.0,5551.0,292149130.0,292149130.0,KOSPI,0.01
003300,한일홀딩스,17820.0,3102.0,4693.0,55277640.0,83629260.0,KOSPI,2.71
462010,TIGER 2차전지소재Fn,4995.0,4545294.0,4545294.0,22703743530.0,22703743530.0,KOSPI,2.57
001510,SK증권,2360.0,1569341.0,1569341.0,3703644760.0,3703644760.0,KOSPI,1.29
00104K,CJ4우(전환),128800.0,3125.0,3125.0,402500000.0,402500000.0,KOSPI,0.0
161000,애경케미칼,11040.0,493823.0,2493005.0,5451805920.0,27522775200.0,KOSPI,8.34
455030,KODEX 미국달러SOFR금리액티브(합성),11580.0,98888.0,98888.0,1145123040.0,1145123040.0,KOSPI,-0.43
001270,부국증권,51400.0,1707.0,2448.0,87739800.0,125827200.0,KOSPI,2.19
005810,풍산홀딩스,36950.0,8214.0,12389.0,303507300.0,457773550.0,KOSPI,0.0
114090,GKL,8560.0,158153.0,226864.0,1353789680.0,1941955840.0,KOSPI,-1.72
0163Y0,KoAct 코스닥액티브,10845.0,1599646.0,1599646.0,17348160870.0,17348160870.0,KOSPI,-0.46
365780,ACE 국고채10년,82655.0,6882.0,6882.0,568831710.0,568831710.0,KOSPI,0.6
494670,TIGER 조선TOP10,20790.0,262544.0,262544.0,5458289760.0,5458289760.0,KOSPI,-0.05
0105E0,SOL 코리아고배당,12615.0,289885.0,289885.0,3656899275.0,3656899275.0,KOSPI,0.36
007700,F&F홀딩스,13380.0,2840.0,3318.0,37999200.0,44394840.0,KOSPI,0.22
009410,태영건설,1635.0,221896.0,221896.0,362799960.0,362799960.0,KOSPI,-0.18
058650,세아홀딩스,127800.0,566.0,566.0,72334800.0,72334800.0,KOSPI,-1.24
315960,RISE 대형고배당10TR,78490.0,34791.0,34791.0,2730745590.0,2730745590.0,KOSPI,0.85
435420,TIGER 미국나스닥100채권혼합50,14150.0,283456.0,283456.0,4010902400.0,4010902400.0,KOSPI,-0.53
001530,DI동일,24950.0,13103.0,20366.0,326919850.0,508131700.0,KOSPI,-2.92
361580,RISE 200TR,63700.0,112054.0,112054.0,7137839800.0,7137839800.0,KOSPI,0.51
463250,TIGER K방산&우주,34735.0,298218.0,298218.0,10358602230.0,10358602230.0,KOSPI,4.32
003620,KG모빌리티,2545.0,251797.0,251797.0,640823365.0,640823365.0,KOSPI,0.99
484870,엠앤씨솔루션,18520.0,175198.0,285620.0,3244666960.0,5289682400.0,KOSPI,7.99
444200,SOL 코리아메가테크액티브,45745.0,33404.0,33404.0,1528065980.0,1528065980.0,KOSPI,0.32
008060,대덕,16090.0,127645.0,168979.0,2053808050.0,2718872110.0,KOSPI,-0.12
452260,한화갤러리아,2590.0,1145009.0,1145009.0,2965573310.0,2965573310.0,KOSPI,-1.52
496080,TIGER 코리아밸류업,32575.0,112638.0,112638.0,3669182850.0,3669182850.0,KOSPI,0.99
114260,KODEX 국고채3년,61915.0,12002.0,12002.0,743103830.0,743103830.0,KOSPI,0.23
371160,TIGER 차이나항셍테크,6135.0,640960.0,640960.0,3932289600.0,3932289600.0,KOSPI,-2.46
396520,TIGER 차이나반도체FACTSET,12010.0,156493.0,156493.0,1879480930.0,1879480930.0,KOSPI,-1.68
460860,동국제강,9910.0,407185.0,844191.0,4035203350.0,8365932810.0,KOSPI,0.3
003545,대신증권우,20100.0,24771.0,24771.0,497897100.0,497897100.0,KOSPI,0.6
476800,KODEX 한국부동산리츠인프라,4205.0,451367.0,451367.0,1897998235.0,1897998235.0,KOSPI,0.6
019170,신풍제약,9310.0,111506.0,197506.0,1038120860.0,1838780860.0,KOSPI,-0.75
029460,케이씨,44100.0,33974.0,44695.0,1498253400.0,1971049500.0,KOSPI,-2.0
251350,KODEX MSCI선진국,37945.0,19338.0,19338.0,733780410.0,733780410.0,KOSPI,-1.11
448290,TIGER 미국S&P500(H),17785.0,71912.0,71912.0,1278954920.0,1278954920.0,KOSPI,-0.22
001500,현대차증권,7790.0,13489.0,23030.0,105079310.0,179403700.0,KOSPI,-0.13
0220W0,한화머시너리앤서비스홀딩스,5670.0,925552.0,925552.0,5247879840.0,5247879840.0,KOSPI,1.25
377740,바이오노트,4695.0,28645.0,28645.0,134488275.0,134488275.0,KOSPI,0.0
003030,세아제강지주,115400.0,22079.0,26450.0,2547916600.0,3052330000.0,KOSPI,3.87
145990,삼양사,46250.0,3552.0,4330.0,164280000.0,200262500.0,KOSPI,0.54
020000,한섬,22050.0,214039.0,260608.0,4719559950.0,5746406400.0,KOSPI,3.76
243880,TIGER 200IT레버리지,363950.0,55726.0,55726.0,20281477700.0,20281477700.0,KOSPI,1.66
438330,TIGER 우량회사채액티브,115850.0,5517.0,5517.0,639144450.0,639144450.0,KOSPI,0.27
760013,키움 레버리지 반도체TOP10 ETN,93720.0,2989.0,2989.0,280129080.0,280129080.0,KOSPI,-0.25
0190C0,RISE 현대차고정피지컬AI,7760.0,413950.0,413950.0,3212252000.0,3212252000.0,KOSPI,0.58
039130,하나투어,30100.0,15431.0,23615.0,464473100.0,710811500.0,KOSPI,0.17
471230,KODEX 국고채10년액티브,104125.0,14473.0,14473.0,1507001125.0,1507001125.0,KOSPI,0.72
004690,삼천리,127300.0,2784.0,3491.0,354403200.0,444404300.0,KOSPI,0.0
483280,KODEX 미국AI테크TOP10타겟커버드콜,11715.0,143911.0,143911.0,1685917365.0,1685917365.0,KOSPI,-1.31
249420,일동제약,14530.0,136276.0,265801.0,1980090280.0,3862088530.0,KOSPI,-0.27
002240,고려제강,16970.0,43383.0,89319.0,736209510.0,1515743430.0,KOSPI,-2.36
448730,삼성FN리츠,5020.0,31848.0,31848.0,159876960.0,159876960.0,KOSPI,-0.2
002990,금호건설,12250.0,920163.0,920163.0,11271996750.0,11271996750.0,KOSPI,-0.08
005250,녹십자홀딩스,9700.0,29703.0,38605.0,288119100.0,374468500.0,KOSPI,-0.41
499660,TIGER CD금리플러스액티브(합성),1000470.0,16409.0,16409.0,16416712230.0,16416712230.0,KOSPI,0.01
451060,1Q 200액티브,35915.0,33211.0,33211.0,1192773065.0,1192773065.0,KOSPI,0.49
490490,SOL 미국배당미국채혼합50,10450.0,211187.0,211187.0,2206904150.0,2206904150.0,KOSPI,0.0
009900,명신산업,8550.0,148633.0,246505.0,1270812150.0,2107617750.0,KOSPI,0.23
003280,흥아해운,1858.0,2876162.0,2876162.0,5343908996.0,5343908996.0,KOSPI,1.53
016610,DB증권,10500.0,26803.0,35005.0,281431500.0,367552500.0,KOSPI,1.16
000070,삼양홀딩스,57300.0,22082.0,26695.0,1265298600.0,1529623500.0,KOSPI,-0.52
217590,티엠씨,18440.0,5833870.0,5833870.0,107576562800.0,107576562800.0,KOSPI,29.95
004700,조광피혁,66600.0,533.0,597.0,35497800.0,39760200.0,KOSPI,-1.62
293180,HANARO 200,112395.0,17823.0,17823.0,2003216085.0,2003216085.0,KOSPI,0.6
034310,NICE,11880.0,6487.0,7082.0,77065560.0,84134160.0,KOSPI,1.19
306200,세아제강,153700.0,21079.0,34094.0,3239842300.0,5240247800.0,KOSPI,3.64
010780,아이에스동서,14660.0,92025.0,109220.0,1349086500.0,1601165200.0,KOSPI,-1.81
0173Y0,KODEX 미국AI광통신네트워크,11680.0,1473671.0,1473671.0,17212477280.0,17212477280.0,KOSPI,3.5
447770,TIGER 테슬라채권혼합Fn,13710.0,119608.0,119608.0,1639825680.0,1639825680.0,KOSPI,0.04
005420,코스모화학,11230.0,160940.0,279021.0,1807356200.0,3133405830.0,KOSPI,6.55
0210A0,ACE K반도체TOP2+,7935.0,3505519.0,3505519.0,27816293265.0,27816293265.0,KOSPI,0.63
403550,쏘카,11280.0,35706.0,45304.0,402763680.0,511029120.0,KOSPI,3.87
271940,일진하이솔루스,11750.0,49825.0,99288.0,585443750.0,1166634000.0,KOSPI,4.91
385560,RISE KIS국고채30년Enhanced,51675.0,25702.0,25702.0,1328150850.0,1328150850.0,KOSPI,1.11
005945,NH투자증권우,22500.0,24835.0,24835.0,558787500.0,558787500.0,KOSPI,0.67
090435,아모레퍼시픽우,40150.0,16059.0,16059.0,644768850.0,644768850.0,KOSPI,-1.95
0016X0,SOL 중단기회사채(A-이상)액티브,51610.0,16213.0,16213.0,836752930.0,836752930.0,KOSPI,0.13
448300,TIGER 미국나스닥100(H),23760.0,87649.0,87649.0,2082540240.0,2082540240.0,KOSPI,-0.77
474220,TIGER 미국테크TOP10타겟커버드콜,14925.0,113716.0,113716.0,1697211300.0,1697211300.0,KOSPI,-1.35
002030,아세아,203000.0,1246.0,1422.0,252938000.0,288666000.0,KOSPI,-2.64
0023A0,SOL 미국양자컴퓨팅TOP10,23745.0,110082.0,110082.0,2613897090.0,2613897090.0,KOSPI,-2.22
072710,농심홀딩스,89200.0,737.0,1203.0,65740400.0,107307600.0,KOSPI,0.0
014830,유니드,61100.0,7680.0,11370.0,469248000.0,694707000.0,KOSPI,2.0
003000,부광약품,4120.0,207832.0,207832.0,856267840.0,856267840.0,KOSPI,-0.84
012030,DB,2020.0,900631.0,900631.0,1819274620.0,1819274620.0,KOSPI,0.0
011930,신성이엔지,19940.0,677973.0,677973.0,13518781620.0,13518781620.0,KOSPI,6.23
130660,한전산업,12410.0,145258.0,145258.0,1802651780.0,1802651780.0,KOSPI,0.65
426020,TIME 미국S&P500액티브,31630.0,53508.0,53508.0,1692458040.0,1692458040.0,KOSPI,-1.06
005389,현대차3우B,173000.0,2010.0,2010.0,347730000.0,347730000.0,KOSPI,0.06
302450,RISE 코스피,72755.0,29623.0,29623.0,2155221365.0,2155221365.0,KOSPI,0.47
385550,RISE 단기채권알파액티브,114210.0,10163.0,10163.0,1160716230.0,1160716230.0,KOSPI,-0.04
476760,ACE 미국30년국채액티브,8270.0,1052322.0,1052322.0,8702702940.0,8702702940.0,KOSPI,-0.36
241180,TIGER 일본니케이225,35485.0,74797.0,74797.0,2654171545.0,2654171545.0,KOSPI,-1.05
357120,코람코라이프인프라리츠,4080.0,41571.0,41571.0,169609680.0,169609680.0,KOSPI,-0.37
001200,유진투자증권,4095.0,182309.0,182309.0,746555355.0,746555355.0,KOSPI,0.24
385720,TIME 코스피액티브,25965.0,35686.0,35686.0,926586990.0,926586990.0,KOSPI,0.82
148070,KIWOOM 국고채10년,104855.0,9453.0,9453.0,991194315.0,991194315.0,KOSPI,0.71
474590,WON 반도체밸류체인액티브,51085.0,66837.0,66837.0,3414368145.0,3414368145.0,KOSPI,-0.3
0046A0,TIGER 미국초단기(3개월이하)국채,9340.0,682630.0,682630.0,6375764200.0,6375764200.0,KOSPI,-0.59
439860,KODEX ESG종합채권(A-이상)액티브,113945.0,549.0,549.0,62555805.0,62555805.0,KOSPI,0.26
002810,삼영무역,21100.0,12894.0,15252.0,272063400.0,321817200.0,KOSPI,-2.54
480260,TIGER 27-04회사채(A+이상)액티브,53925.0,30671.0,30671.0,1653933675.0,1653933675.0,KOSPI,0.03
0060H0,TIGER 토탈월드스탁액티브,12345.0,48378.0,48378.0,597226410.0,597226410.0,KOSPI,-1.04
317400,자이에스앤디,9990.0,540732.0,540732.0,5401912680.0,5401912680.0,KOSPI,3.52
015360,INVENI,14700.0,9810.0,14414.0,144207000.0,211885800.0,KOSPI,0.07
344820,KCC글라스,24100.0,8334.0,15498.0,200849400.0,373501800.0,KOSPI,1.69
092230,KPX홀딩스,96900.0,1053.0,1151.0,102035700.0,111531900.0,KOSPI,0.41
520054,미래에셋 레버리지 코스피200 선물 ETN,190645.0,1729.0,1729.0,329625205.0,329625205.0,KOSPI,0.88
029530,신도리코,38700.0,2990.0,3732.0,115713000.0,144428400.0,KOSPI,-1.78
469070,RISE AI&로봇,11200.0,236270.0,236270.0,2646224000.0,2646224000.0,KOSPI,1.5
194370,제이에스코퍼레이션,12850.0,49933.0,63989.0,641639050.0,822258650.0,KOSPI,1.82
126560,현대퓨처넷,3410.0,34981.0,34981.0,119285210.0,119285210.0,KOSPI,0.59
950210,프레스티지바이오파마,6170.0,16233.0,16233.0,100157610.0,100157610.0,KOSPI,0.33
016590,신대양제지,9180.0,10103.0,17172.0,92745540.0,157638960.0,KOSPI,-0.33
008730,율촌화학,14850.0,29655.0,46555.0,440376750.0,691341750.0,KOSPI,0.27
0080G0,KODEX 방산TOP10,10575.0,1776854.0,1776854.0,18790231050.0,18790231050.0,KOSPI,4.5
0094M0,RISE 코리아밸류업위클리고정커버드콜,17480.0,1208404.0,1208404.0,21122901920.0,21122901920.0,KOSPI,0.72
031430,신세계인터내셔날,10490.0,121058.0,144939.0,1269898420.0,1520410110.0,KOSPI,-1.04
310960,TIGER 200TR,65450.0,21334.0,21334.0,1396310300.0,1396310300.0,KOSPI,0.45
183190,아세아시멘트,10180.0,21377.0,28909.0,217617860.0,294293620.0,KOSPI,0.79
006220,제주은행,9670.0,98529.0,98529.0,952775430.0,952775430.0,KOSPI,1.26
015860,일진홀딩스,7400.0,112622.0,112622.0,833402800.0,833402800.0,KOSPI,3.06
092790,넥스틸,14020.0,425338.0,425338.0,5963238760.0,5963238760.0,KOSPI,0.14
089590,제주항공,4520.0,159020.0,159020.0,718770400.0,718770400.0,KOSPI,-1.2
0040Y0,SOL 팔란티어커버드콜OTM채권혼합,7885.0,281964.0,281964.0,2223286140.0,2223286140.0,KOSPI,0.25
001940,KISCO홀딩스,25650.0,4081.0,4607.0,104677650.0,118169550.0,KOSPI,1.18
005610,삼립,41950.0,5359.0,8045.0,224810050.0,337487750.0,KOSPI,2.94
0120G0,삼양바이오팜,48450.0,22793.0,45212.0,1104320850.0,2190521400.0,KOSPI,-1.52
475300,SOL 반도체전공정,27080.0,3955385.0,3955385.0,107111825800.0,107111825800.0,KOSPI,-3.8
091180,KODEX 자동차,25600.0,108806.0,108806.0,2785433600.0,2785433600.0,KOSPI,0.57
027410,BGF,3725.0,42339.0,42339.0,157712775.0,157712775.0,KOSPI,0.81
002710,TCC스틸,13590.0,507467.0,1155923.0,6896476530.0,15708993570.0,KOSPI,-2.58
007690,국도화학,38450.0,11553.0,14296.0,444212850.0,549681200.0,KOSPI,0.39
385510,KODEX 신재생에너지액티브,40915.0,118674.0,118674.0,4855546710.0,4855546710.0,KOSPI,2.3
0182R0,1Q K반도체TOP2+,11410.0,1429081.0,1429081.0,16305814210.0,16305814210.0,KOSPI,0.48
010955,S-Oil우,87700.0,32493.0,32493.0,2849636100.0,2849636100.0,KOSPI,8.81
442570,RISE TDF2050액티브 적격,17365.0,101117.0,101117.0,1755896705.0,1755896705.0,KOSPI,-0.54
105630,한세실업,8780.0,34370.0,61923.0,301768600.0,543683940.0,KOSPI,1.74
245710,ACE 베트남VN30(합성),27185.0,31915.0,31915.0,867609275.0,867609275.0,KOSPI,-1.68
270810,RISE 코스닥150,15110.0,175234.0,175234.0,2647785740.0,2647785740.0,KOSPI,-0.59
003350,한국화장품제조,15470.0,936723.0,936723.0,14491104810.0,14491104810.0,KOSPI,-8.62
458250,TIGER 미국30년국채스트립액티브(합성 H),31550.0,165974.0,165974.0,5236479700.0,5236479700.0,KOSPI,-0.13
484880,SOL 금융지주플러스고배당,22055.0,278241.0,278241.0,6136605255.0,6136605255.0,KOSPI,0.8
0131V0,1Q 미국우주항공테크,10625.0,112833.0,112833.0,1198850625.0,1198850625.0,KOSPI,-2.39
279530,KODEX 고배당주,17310.0,223019.0,223019.0,3860458890.0,3860458890.0,KOSPI,1.05
0144L0,KODEX 미국성장커버드콜액티브,9460.0,160088.0,160088.0,1514432480.0,1514432480.0,KOSPI,-0.73
132030,KODEX 골드선물(H),23440.0,54643.0,54643.0,1280831920.0,1280831920.0,KOSPI,-0.11
060980,HL홀딩스,38350.0,9422.0,10343.0,361333700.0,396654050.0,KOSPI,0.66
104700,한국철강,9390.0,30456.0,50246.0,285981840.0,471809940.0,KOSPI,-0.63
006405,삼성SDI우,211500.0,1586.0,1586.0,335439000.0,335439000.0,KOSPI,1.93
005720,넥센,6490.0,155210.0,155210.0,1007312900.0,1007312900.0,KOSPI,6.92
472170,TIGER 미국테크TOP10채권혼합,14025.0,155573.0,155573.0,2181911325.0,2181911325.0,KOSPI,-0.64
097520,엠씨넥스,19530.0,36465.0,45029.0,712161450.0,879416370.0,KOSPI,0.26
170900,동아에스티,34900.0,3789.0,4576.0,132236100.0,159702400.0,KOSPI,-0.14
0026S0,1Q 미국S&P500,12570.0,84400.0,84400.0,1060908000.0,1060908000.0,KOSPI,-0.79
462900,KoAct 바이오헬스케어액티브,12900.0,818005.0,818005.0,10552264500.0,10552264500.0,KOSPI,-3.01
0167Z0,KODEX 미국우주항공,7310.0,803675.0,803675.0,5874864250.0,5874864250.0,KOSPI,-3.43
0052D0,TIGER 코리아배당다우존스,15230.0,122450.0,122450.0,1864913500.0,1864913500.0,KOSPI,0.36
017810,풀무원,8750.0,15796.0,22799.0,138215000.0,199491250.0,KOSPI,1.04
145720,덴티움,38650.0,24257.0,51279.0,937533050.0,1981933350.0,KOSPI,4.18
011760,현대코퍼레이션,25000.0,17569.0,22032.0,439225000.0,550800000.0,KOSPI,-0.6
448630,RISE 삼성그룹Top3채권혼합,15345.0,64459.0,64459.0,989123355.0,989123355.0,KOSPI,0.03
456880,ACE 미국달러SOFR금리(합성),11905.0,44885.0,44885.0,534355925.0,534355925.0,KOSPI,-0.58
009290,광동제약,6580.0,137178.0,137178.0,902631240.0,902631240.0,KOSPI,0.0
02826K,삼성물산우B,222500.0,3218.0,3218.0,716005000.0,716005000.0,KOSPI,-0.89
000157,두산2우B,364000.0,259.0,259.0,94276000.0,94276000.0,KOSPI,-1.36
096760,JW홀딩스,4395.0,45788.0,45788.0,201238260.0,201238260.0,KOSPI,0.92
009160,SIMPAC,4930.0,25799.0,25799.0,127189070.0,127189070.0,KOSPI,-0.7
0043Y0,TIME 차이나AI테크액티브,18765.0,87303.0,87303.0,1638240795.0,1638240795.0,KOSPI,-1.26
0162M0,KODEX 금융채1~2년(AA-이상)PLUS액티브,10070.0,4297.0,4297.0,43270790.0,43270790.0,KOSPI,0.2
0052S0,1Q 미국S&P500미국채혼합50액티브,11330.0,100285.0,100285.0,1136229050.0,1136229050.0,KOSPI,-0.79
010820,퍼스텍,6540.0,556269.0,556269.0,3637999260.0,3637999260.0,KOSPI,2.03
024720,콜마홀딩스,9290.0,23628.0,30448.0,219504120.0,282861920.0,KOSPI,-0.11
471780,TIGER 코리아테크액티브,40550.0,198942.0,198942.0,8067098100.0,8067098100.0,KOSPI,-0.43
001230,동국홀딩스,2030.0,394279.0,394279.0,800386370.0,800386370.0,KOSPI,0.25
002310,아세아제지,7900.0,25825.0,25825.0,204017500.0,204017500.0,KOSPI,0.77
485540,KODEX 미국AI테크TOP10,15470.0,515036.0,515036.0,7967606920.0,7967606920.0,KOSPI,-1.65
005430,한국공항,97700.0,5764.0,5764.0,563142800.0,563142800.0,KOSPI,-2.01
272450,진에어,5910.0,51597.0,51597.0,304938270.0,304938270.0,KOSPI,-0.67
0111P0,1Q 미국나스닥100미국채혼합50액티브,10775.0,127361.0,127361.0,1372314775.0,1372314775.0,KOSPI,-0.97
453810,KODEX 인도Nifty50,10630.0,104857.0,104857.0,1114629910.0,1114629910.0,KOSPI,-0.89
026890,스틱인베스트먼트,7920.0,34608.0,45349.0,274095360.0,359164080.0,KOSPI,0.38
126720,수산인더스트리,21450.0,13304.0,24836.0,285370800.0,532732200.0,KOSPI,0.0
381970,KG모빌리티플랫폼,6270.0,13447.0,28212.0,84312690.0,176889240.0,KOSPI,0.8
489030,PLUS 고배당주위클리커버드콜,6175.0,394566.0,394566.0,2436445050.0,2436445050.0,KOSPI,0.65
002020,코오롱,23650.0,23975.0,35769.0,567008750.0,845936850.0,KOSPI,-2.07
020120,키다리스튜디오,8230.0,270776.0,270776.0,2228486480.0,2228486480.0,KOSPI,-2.14
200880,서연이화,11280.0,29159.0,49874.0,328913520.0,562578720.0,KOSPI,2.36
483320,ACE 엔비디아밸류체인액티브,26165.0,674284.0,674284.0,17642640860.0,17642640860.0,KOSPI,-0.66
084010,대한제강,8860.0,256441.0,597302.0,2272067260.0,5292095720.0,KOSPI,-2.64
005950,이수화학,11560.0,379875.0,379875.0,4391355000.0,4391355000.0,KOSPI,2.12
454780,KIWOOM 종합채권(AA-이상)액티브,100065.0,3.0,3.0,300195.0,300195.0,KOSPI,0.35
497880,SOL CD금리&머니마켓액티브,50045.0,117891.0,117891.0,5899855095.0,5899855095.0,KOSPI,0.01
025860,남해화학,6030.0,147177.0,147177.0,887477310.0,887477310.0,KOSPI,-0.17
108670,LX하우시스,33400.0,21870.0,28474.0,730458000.0,951031600.0,KOSPI,1.21
433330,SOL 미국S&P500,21500.0,117457.0,117457.0,2525325500.0,2525325500.0,KOSPI,-0.74
018250,애경산업,11220.0,22474.0,22474.0,252158280.0,252158280.0,KOSPI,0.81
123890,한국자산신탁,2410.0,122377.0,122377.0,294928570.0,294928570.0,KOSPI,-0.21
003120,일성아이에스,22150.0,4705.0,5909.0,104215750.0,130884350.0,KOSPI,0.45
0008S0,TIGER 미국배당다우존스타겟데일리커버드콜,9300.0,214356.0,214356.0,1993510800.0,1993510800.0,KOSPI,0.22
481190,SOL 미국테크TOP10,17030.0,79963.0,79963.0,1361769890.0,1361769890.0,KOSPI,-1.59
0038A0,KODEX 미국휴머노이드로봇,15340.0,450164.0,450164.0,6905515760.0,6905515760.0,KOSPI,-1.67
136340,RISE 중기우량회사채,104140.0,3556.0,3556.0,370321840.0,370321840.0,KOSPI,0.28
421320,PLUS 우주항공,30300.0,126344.0,126344.0,3828223200.0,3828223200.0,KOSPI,5.87
570022,한투 레버리지S&P500선물 ETN(H),58005.0,13.0,13.0,754065.0,754065.0,KOSPI,-0.63
001750,한양증권,19190.0,2044.0,3514.0,39224360.0,67433660.0,KOSPI,0.16
0162Y0,TIME 코스닥액티브,8575.0,681312.0,681312.0,5842250400.0,5842250400.0,KOSPI,-0.06
084690,대상홀딩스,7850.0,13425.0,20246.0,105386250.0,158931100.0,KOSPI,0.38
034830,한국토지신탁,1124.0,202263.0,202263.0,227343612.0,227343612.0,KOSPI,0.36
475080,KODEX 테슬라커버드콜채권혼합액티브,7770.0,166953.0,166953.0,1297224810.0,1297224810.0,KOSPI,0.32
441680,TIGER 미국나스닥100커버드콜(합성),10705.0,86101.0,86101.0,921711205.0,921711205.0,KOSPI,-0.79
001390,KG케미칼,4235.0,56717.0,56717.0,240196495.0,240196495.0,KOSPI,-0.12
000430,대원강업,4535.0,109172.0,109172.0,495095020.0,495095020.0,KOSPI,-2.68
0098F0,KODEX 원자력SMR,15600.0,673118.0,673118.0,10500640800.0,10500640800.0,KOSPI,-1.02
033270,유나이티드제약,17640.0,18070.0,25331.0,318754800.0,446838840.0,KOSPI,-0.45
091170,KODEX 은행,15755.0,576740.0,576740.0,9086538700.0,9086538700.0,KOSPI,0.35
273140,KODEX 단기변동금리부채권액티브,114690.0,2250.0,2250.0,258052500.0,258052500.0,KOSPI,0.03
461490,RISE 글로벌자산배분액티브,14495.0,35446.0,35446.0,513789770.0,513789770.0,KOSPI,-0.14
004430,송원산업,11550.0,92654.0,92654.0,1070153700.0,1070153700.0,KOSPI,3.59
105840,우진,13690.0,264031.0,264031.0,3614584390.0,3614584390.0,KOSPI,0.51
016800,퍼시스,24000.0,1507.0,1998.0,36168000.0,47952000.0,KOSPI,-0.83
058430,포스코스틸리온,4600.0,271157.0,271157.0,1247322200.0,1247322200.0,KOSPI,0.0
244920,에이플러스에셋,12200.0,18990.0,18990.0,231678000.0,231678000.0,KOSPI,-0.57
0183V0,KIWOOM 삼성전자&SK하이닉스채권혼합50,12085.0,566006.0,566006.0,6840182510.0,6840182510.0,KOSPI,0.04
423170,SOL 글로벌AI반도체탑픽액티브,61105.0,12084.0,12084.0,738392820.0,738392820.0,KOSPI,-1.28
0228G0,ACE 반도체Plus전략산업,10270.0,112183.0,112183.0,1152119410.0,1152119410.0,KOSPI,0.29
471040,KoAct 글로벌AI&로봇액티브,30485.0,61695.0,61695.0,1880772075.0,1880772075.0,KOSPI,-0.41
078520,에이블씨엔씨,10990.0,60838.0,94744.0,668609620.0,1041236560.0,KOSPI,-2.48
473290,KODEX 26-12 회사채(AA-이상)액티브,10905.0,151189.0,151189.0,1648716045.0,1648716045.0,KOSPI,0.0
122900,아이마켓코리아,8200.0,53218.0,53218.0,436387600.0,436387600.0,KOSPI,0.0
388420,RISE 비메모리반도체액티브,31200.0,252981.0,252981.0,7893007200.0,7893007200.0,KOSPI,-1.39
439870,KODEX 국고채30년액티브,88880.0,8497.0,8497.0,755213360.0,755213360.0,KOSPI,0.78
044450,KSS해운,11950.0,97517.0,97517.0,1165328150.0,1165328150.0,KOSPI,-0.33
196230,RISE 단기통안채,117175.0,1258.0,1258.0,147406150.0,147406150.0,KOSPI,0.06
004310,현대약품,8400.0,522815.0,522815.0,4391646000.0,4391646000.0,KOSPI,-0.94
010690,화신,7670.0,194893.0,194893.0,1494829310.0,1494829310.0,KOSPI,1.59
017390,서울가스,54000.0,4590.0,6431.0,247860000.0,347274000.0,KOSPI,-0.37
473330,SOL 미국30년국채커버드콜(합성),7400.0,310743.0,310743.0,2299498200.0,2299498200.0,KOSPI,-0.6
091810,트리니티항공,2615.0,29986.0,29986.0,78413390.0,78413390.0,KOSPI,1.36
213610,KODEX 삼성그룹밸류,22430.0,5632.0,5632.0,126325760.0,126325760.0,KOSPI,0.16
002900,TYM,6440.0,260592.0,260592.0,1678212480.0,1678212480.0,KOSPI,0.63
409820,KODEX 미국나스닥100레버리지(합성 H),21390.0,54565.0,54565.0,1167145350.0,1167145350.0,KOSPI,-1.7
123320,TIGER 레버리지,115400.0,113623.0,113623.0,13112094200.0,13112094200.0,KOSPI,1.1
286940,롯데이노베이트,17340.0,6392.0,7792.0,110837280.0,135113280.0,KOSPI,0.23
190620,ACE 단기통안채,102235.0,1505.0,1505.0,153863675.0,153863675.0,KOSPI,0.05
453870,TIGER 인도니프티50,10410.0,52561.0,52561.0,547160010.0,547160010.0,KOSPI,-1.0
307520,TIGER 지주회사,21710.0,174655.0,174655.0,3791760050.0,3791760050.0,KOSPI,0.53
0232A0,MIDAS 머니마켓액티브,100390.0,2.0,2.0,200780.0,200780.0,KOSPI,0.01
037710,광주신세계,33950.0,13383.0,22872.0,454352850.0,776504400.0,KOSPI,0.59
364970,TIGER 바이오TOP10,6840.0,590856.0,590856.0,4041455040.0,4041455040.0,KOSPI,-1.79
004360,세방,13450.0,16851.0,21119.0,226645950.0,284050550.0,KOSPI,1.59
483340,ACE 구글밸류체인액티브,22655.0,75355.0,75355.0,1707167525.0,1707167525.0,KOSPI,-1.8
472920,HK 종합채권(AA-이상)액티브,98505.0,8.0,8.0,788040.0,788040.0,KOSPI,0.21
486830,HANARO 머니마켓액티브,53445.0,2345.0,2345.0,125328525.0,125328525.0,KOSPI,0.01
005500,삼진제약,19090.0,41276.0,53243.0,787958840.0,1016408870.0,KOSPI,-1.5
334890,이지스밸류플러스리츠,3660.0,31897.0,31897.0,116743020.0,116743020.0,KOSPI,0.14
005680,삼영전자,12570.0,15512.0,15512.0,194985840.0,194985840.0,KOSPI,-0.16
495230,KoAct 코리아밸류업액티브,31910.0,41475.0,41475.0,1323467250.0,1323467250.0,KOSPI,0.55
010580,에스엠벡셀,2240.0,333589.0,333589.0,747239360.0,747239360.0,KOSPI,-1.75
003960,사조대림,27100.0,2061.0,3116.0,55853100.0,84443600.0,KOSPI,0.18
003200,일신방직,10800.0,21496.0,34321.0,232156800.0,370666800.0,KOSPI,1.69
432320,KB스타리츠,1639.0,215268.0,215268.0,352824252.0,352824252.0,KOSPI,0.24
117700,KODEX 건설,6705.0,1445622.0,1445622.0,9692895510.0,9692895510.0,KOSPI,-0.52
001250,GS글로벌,2975.0,1311292.0,1311292.0,3901093700.0,3901093700.0,KOSPI,5.5
363580,KODEX 200IT TR,59155.0,63777.0,63777.0,3772728435.0,3772728435.0,KOSPI,0.78
298690,에어부산,1504.0,42064.0,42064.0,63264256.0,63264256.0,KOSPI,-0.2
139230,TIGER 200 중공업,12490.0,54659.0,54659.0,682690910.0,682690910.0,KOSPI,-0.6
001790,대한제당,2815.0,60335.0,60335.0,169843025.0,169843025.0,KOSPI,0.9
002320,한진,15560.0,23662.0,27011.0,368180720.0,420291160.0,KOSPI,2.17
136490,선진,10130.0,24606.0,24606.0,249258780.0,249258780.0,KOSPI,0.9
404990,신한서부티엔디리츠,3900.0,44124.0,44124.0,172083600.0,172083600.0,KOSPI,-0.51
044820,코스맥스비티아이,25000.0,33487.0,33487.0,837175000.0,837175000.0,KOSPI,0.4
0182S0,1Q K반도체TOP2채권혼합50,12895.0,172829.0,172829.0,2228629955.0,2228629955.0,KOSPI,0.0
003920,남양유업,42250.0,4842.0,5442.0,204574500.0,229924500.0,KOSPI,-0.24
007160,사조산업,47800.0,1328.0,3009.0,63478400.0,143830200.0,KOSPI,1.38
493810,TIGER 미국AI빅테크10타겟데일리커버드콜,11310.0,167137.0,167137.0,1890319470.0,1890319470.0,KOSPI,-1.57
001340,PKC,5280.0,141253.0,141253.0,745815840.0,745815840.0,KOSPI,2.52
000680,LS네트웍스,2995.0,84451.0,84451.0,252930745.0,252930745.0,KOSPI,0.84
226320,잇츠한불,10710.0,10511.0,13965.0,112572810.0,149565150.0,KOSPI,0.47
008490,서흥,20300.0,8128.0,13380.0,164998400.0,271614000.0,KOSPI,1.0
030210,다올투자증권,3855.0,33097.0,33097.0,127588935.0,127588935.0,KOSPI,0.39
0030R0,대신밸류리츠,3920.0,16244.0,16244.0,63676480.0,63676480.0,KOSPI,1.95
025000,KPX케미칼,56100.0,4818.0,4818.0,270289800.0,270289800.0,KOSPI,-0.88
011500,한농화성,14870.0,152172.0,152172.0,2262797640.0,2262797640.0,KOSPI,2.2
003070,코오롱글로벌,9140.0,10967.0,10967.0,100238380.0,100238380.0,KOSPI,-1.4
025560,미래산업,8350.0,489152.0,489152.0,4084419200.0,4084419200.0,KOSPI,-0.6
422420,RISE 2차전지액티브,7080.0,161996.0,161996.0,1146931680.0,1146931680.0,KOSPI,3.74
228790,TIGER 화장품,4075.0,4688646.0,4688646.0,19106232450.0,19106232450.0,KOSPI,-2.86
0053L0,TIGER 차이나휴머노이드로봇,8560.0,387622.0,387622.0,3318044320.0,3318044320.0,KOSPI,-2.06
329650,KODEX TRF3070,13980.0,21899.0,21899.0,306148020.0,306148020.0,KOSPI,0.11
0092C0,SOL 27-12 회사채(AA-이상)액티브,50360.0,1151.0,1151.0,57964360.0,57964360.0,KOSPI,0.11
017860,DS단석,13040.0,179458.0,179458.0,2340132320.0,2340132320.0,KOSPI,4.91
900140,엘브이엠씨홀딩스,1187.0,295417.0,295417.0,350659979.0,350659979.0,KOSPI,-0.84
283580,KODEX 차이나CSI300,14020.0,280932.0,280932.0,3938666640.0,3938666640.0,KOSPI,-1.99
363570,KODEX 장기종합채권(AA-이상)액티브,87175.0,20620.0,20620.0,1797548500.0,1797548500.0,KOSPI,0.58
053690,한미글로벌,20800.0,118499.0,118499.0,2464779200.0,2464779200.0,KOSPI,-2.35
472160,TIGER 미국테크TOP10 INDXX(H),19505.0,154770.0,154770.0,3018788850.0,3018788850.0,KOSPI,-1.04
077500,유니퀘스트,10450.0,298998.0,298998.0,3124529100.0,3124529100.0,KOSPI,-2.34
005010,휴스틸,4010.0,379305.0,379305.0,1521013050.0,1521013050.0,KOSPI,-0.62
498270,KIWOOM 미국양자컴퓨팅,14955.0,44423.0,44423.0,664345965.0,664345965.0,KOSPI,-1.93
092200,디아이씨,5770.0,166084.0,166084.0,958304680.0,958304680.0,KOSPI,1.58
001460,BYC,35900.0,800.0,931.0,28720000.0,33422900.0,KOSPI,0.0
028100,동아지질,19860.0,16901.0,16901.0,335653860.0,335653860.0,KOSPI,0.46
134380,미원화학,10130.0,6860.0,6860.0,69491800.0,69491800.0,KOSPI,0.7
0089D0,KODEX 금융고배당TOP10,13020.0,160842.0,160842.0,2094162840.0,2094162840.0,KOSPI,0.27
0104N0,TIGER 200타겟위클리커버드콜,21505.0,32528.0,32528.0,699514640.0,699514640.0,KOSPI,0.51
000540,흥국화재,3435.0,46750.0,46750.0,160586250.0,160586250.0,KOSPI,2.38
000490,대동,7650.0,69086.0,69086.0,528507900.0,528507900.0,KOSPI,1.32
003720,삼영,6470.0,164129.0,164129.0,1061914630.0,1061914630.0,KOSPI,0.0
433500,ACE 원자력TOP10,56275.0,62454.0,62454.0,3514598850.0,3514598850.0,KOSPI,-1.34
437080,KODEX 미국종합채권ESG액티브(H),94195.0,6743.0,6743.0,635156885.0,635156885.0,KOSPI,0.18
009680,모토닉,10050.0,8208.0,9812.0,82490400.0,98610600.0,KOSPI,0.2
000050,경방,7960.0,14538.0,14538.0,115722480.0,115722480.0,KOSPI,0.51
244580,KODEX 바이오,8305.0,544780.0,544780.0,4524397900.0,4524397900.0,KOSPI,-2.12
0151S0,KODEX 미국AI반도체TOP3플러스,15900.0,301566.0,301566.0,4794899400.0,4794899400.0,KOSPI,-2.36
458260,TIGER 미국투자등급회사채액티브(H),44580.0,3048.0,3048.0,135879840.0,135879840.0,KOSPI,0.22
035510,신세계 I&C,15450.0,83907.0,83907.0,1296363150.0,1296363150.0,KOSPI,0.65
452360,SOL 미국배당다우존스(H),12850.0,99259.0,99259.0,1275478150.0,1275478150.0,KOSPI,0.71
488980,SOL 26-12 회사채(AA-이상)액티브,52260.0,447.0,447.0,23360220.0,23360220.0,KOSPI,0.02
034120,SBS,11610.0,7542.0,10825.0,87562620.0,125678250.0,KOSPI,-0.77
0119H0,KODEX 28-12 회사채(AA-이상)액티브,9940.0,46701.0,46701.0,464207940.0,464207940.0,KOSPI,0.25
442320,RISE 글로벌원자력,34130.0,9261.0,9261.0,316077930.0,316077930.0,KOSPI,-0.61
271050,KODEX WTI원유선물인버스(H),1746.0,3726154.0,3726154.0,6505864884.0,6505864884.0,KOSPI,-2.62
003650,미창석유,123000.0,1947.0,1947.0,239481000.0,239481000.0,KOSPI,-0.24
0233J0,TIGER 삼성전자SK하이닉스미국채혼합50,10680.0,87403.0,87403.0,933464040.0,933464040.0,KOSPI,-0.28
475560,더본코리아,14390.0,13302.0,13302.0,191415780.0,191415780.0,KOSPI,-0.35
266160,RISE 고배당,33590.0,14685.0,14685.0,493269150.0,493269150.0,KOSPI,0.89
332930,HANARO 200TR,147060.0,1155.0,1155.0,169854300.0,169854300.0,KOSPI,0.58
03473K,SK우,374000.0,164.0,164.0,61336000.0,61336000.0,KOSPI,0.13
157500,TIGER 증권,11945.0,176087.0,176087.0,2103359215.0,2103359215.0,KOSPI,-0.04
033920,무학,7420.0,15619.0,15619.0,115892980.0,115892980.0,KOSPI,0.68
305080,TIGER 미국채10년선물,11675.0,95400.0,95400.0,1113795000.0,1113795000.0,KOSPI,-0.09
0093A0,RISE AI반도체TOP10,38725.0,224231.0,224231.0,8683345475.0,8683345475.0,KOSPI,-0.63
478150,TIME 글로벌우주테크&방산액티브,17450.0,566713.0,566713.0,9889141850.0,9889141850.0,KOSPI,-1.69
463050,TIME K바이오액티브,11640.0,679887.0,679887.0,7913884680.0,7913884680.0,KOSPI,-2.31
490090,TIGER 미국AI빅테크10,16000.0,97264.0,97264.0,1556224000.0,1556224000.0,KOSPI,-1.72
448540,ACE 엔비디아채권혼합,26765.0,39037.0,39037.0,1044825305.0,1044825305.0,KOSPI,0.15
035150,백산,10480.0,11918.0,17688.0,124900640.0,185370240.0,KOSPI,0.19
0153K0,KODEX 주주환원고배당주,11965.0,120748.0,120748.0,1444749820.0,1444749820.0,KOSPI,1.1
088260,이리츠코크렙,3255.0,29514.0,29514.0,96068070.0,96068070.0,KOSPI,0.77
000320,노루홀딩스,15510.0,4874.0,8288.0,75595740.0,128546880.0,KOSPI,0.58
480040,ACE 미국반도체데일리타겟커버드콜(합성),15110.0,349784.0,349784.0,5285236240.0,5285236240.0,KOSPI,-0.33
520094,미래에셋 CD금리 플러스 ETN,102575.0,17038.0,17038.0,1747672850.0,1747672850.0,KOSPI,0.01
298000,효성화학,53900.0,12758.0,12758.0,687656200.0,687656200.0,KOSPI,1.13
486450,SOL 미국AI전력인프라,18650.0,67377.0,67377.0,1256581050.0,1256581050.0,KOSPI,-0.75
520098,미래에셋 레버리지 반도체 ETN,33965.0,16922.0,16922.0,574755730.0,574755730.0,KOSPI,-1.92
267770,TIGER 200선물레버리지,88100.0,33028.0,33028.0,2909766800.0,2909766800.0,KOSPI,1.5
000480,CR홀딩스,4320.0,9187.0,9187.0,39687840.0,39687840.0,KOSPI,0.82
0005A0,KODEX 미국S&P500데일리커버드콜OTM,9050.0,227357.0,227357.0,2057580850.0,2057580850.0,KOSPI,-0.71
003555,LG우,67000.0,1862.0,1862.0,124754000.0,124754000.0,KOSPI,0.45
000650,천일고속,140700.0,1376.0,1376.0,193603200.0,193603200.0,KOSPI,-0.64
004980,성신양회,8160.0,69539.0,97098.0,567438240.0,792319680.0,KOSPI,-0.61
0005G0,IBK K-AI반도체코어테크,57710.0,20914.0,20914.0,1206946940.0,1206946940.0,KOSPI,0.76
0069M0,1Q 미국나스닥100,13685.0,79346.0,79346.0,1085850010.0,1085850010.0,KOSPI,-1.3
037270,YG PLUS,3100.0,79090.0,79090.0,245179000.0,245179000.0,KOSPI,0.16
051905,LG생활건강우,93500.0,7417.0,7417.0,693489500.0,693489500.0,KOSPI,0.21
117580,대성에너지,7100.0,57666.0,57666.0,409428600.0,409428600.0,KOSPI,1.14
302190,TIGER 중장기국채,50185.0,2624.0,2624.0,131685440.0,131685440.0,KOSPI,0.45
100250,진양홀딩스,3045.0,23668.0,23668.0,72069060.0,72069060.0,KOSPI,-1.14
039570,HDC랩스,7490.0,1304.0,1304.0,9766960.0,9766960.0,KOSPI,0.4
530104,삼성 레버리지 코스피200 선물 ETN,193975.0,736.0,736.0,142765600.0,142765600.0,KOSPI,1.2
095570,AJ네트웍스,4280.0,47480.0,47480.0,203214400.0,203214400.0,KOSPI,0.82
339770,교촌에프앤비,3875.0,23971.0,23971.0,92887625.0,92887625.0,KOSPI,0.65
005960,동부건설,8430.0,25992.0,25992.0,219112560.0,219112560.0,KOSPI,2.43
000390,SP삼화,7100.0,27724.0,27724.0,196840400.0,196840400.0,KOSPI,0.14
013580,계룡건설,21550.0,36838.0,36838.0,793858900.0,793858900.0,KOSPI,0.47
003520,영진약품,1052.0,249225.0,249225.0,262184700.0,262184700.0,KOSPI,-0.47
0190G0,KODEX 반도체타겟위클리커버드콜,10230.0,682582.0,682582.0,6982813860.0,6982813860.0,KOSPI,-0.73
495060,TIME 코리아밸류업액티브,28685.0,41754.0,41754.0,1197713490.0,1197713490.0,KOSPI,0.44
0204D0,KODEX 현대차로보틱스밸류체인TOP3플러스,5600.0,397106.0,397106.0,2223793600.0,2223793600.0,KOSPI,-0.09
433980,KODEX TDF2040액티브 적격,15650.0,53532.0,53532.0,837775800.0,837775800.0,KOSPI,-0.45
494220,UNICORN SK하이닉스밸류체인액티브,54720.0,68578.0,68578.0,3752588160.0,3752588160.0,KOSPI,-0.62
233160,TIGER 코스닥150 레버리지,8905.0,1929620.0,1929620.0,17183266100.0,17183266100.0,KOSPI,-1.11
500069,신한 레버리지 코스피 200 선물 ETN,191450.0,159.0,159.0,30440550.0,30440550.0,KOSPI,1.05
495550,SOL 코리아밸류업TR,33255.0,12468.0,12468.0,414623340.0,414623340.0,KOSPI,0.5
053210,스카이라이프,4005.0,17162.0,17162.0,68733810.0,68733810.0,KOSPI,-0.12
102260,동성케미컬,3750.0,66236.0,66236.0,248385000.0,248385000.0,KOSPI,0.94
002420,우양피앤엘,6090.0,3749.0,3749.0,22831410.0,22831410.0,KOSPI,0.66
500099,신한 WTI원유 선물 ETN,18965.0,56.0,56.0,1062040.0,1062040.0,KOSPI,3.69
016580,환인제약,10180.0,28179.0,28179.0,286862220.0,286862220.0,KOSPI,0.59
128820,대성산업,4185.0,60295.0,60295.0,252334575.0,252334575.0,KOSPI,2.07
0082V0,KODEX TDF2060액티브 적격,11230.0,76912.0,76912.0,863721760.0,863721760.0,KOSPI,0.04
500029,신한 레버리지 은 선물 ETN(H),18890.0,3861.0,3861.0,72934290.0,72934290.0,KOSPI,0.11
494330,ACE 라이프자산주주가치액티브,33105.0,24990.0,24990.0,827293950.0,827293950.0,KOSPI,0.65
0115D0,KODEX 조선TOP10,7215.0,1019823.0,1019823.0,7358022945.0,7358022945.0,KOSPI,-0.07
102460,이연제약,10130.0,30218.0,30218.0,306108340.0,306108340.0,KOSPI,-0.2
001130,대한제분,11090.0,5651.0,9843.0,62669590.0,109158870.0,KOSPI,0.18
000520,삼일제약,8640.0,99722.0,99722.0,861598080.0,861598080.0,KOSPI,5.37
001630,종근당홀딩스,37400.0,1552.0,2231.0,58044800.0,83439400.0,KOSPI,-0.13
004560,현대비앤지스틸,12360.0,16250.0,16250.0,200850000.0,200850000.0,KOSPI,0.08
487570,HS효성,49950.0,2639.0,2639.0,131818050.0,131818050.0,KOSPI,-1.09
0091C0,KODEX 미국10년국채액티브(H),9250.0,100011.0,100011.0,925101750.0,925101750.0,KOSPI,0.33
003547,대신증권2우B,19300.0,1363.0,1363.0,26305900.0,26305900.0,KOSPI,0.52
466930,SOL 자동차TOP3플러스,23505.0,92917.0,92917.0,2184014085.0,2184014085.0,KOSPI,0.19
033530,SJG세종,6810.0,25153.0,25153.0,171291930.0,171291930.0,KOSPI,0.89
261260,KODEX 미국달러선물인버스2X,5575.0,233249.0,233249.0,1300363175.0,1300363175.0,KOSPI,1.0
0094K0,TIGER 28-04 회사채(A+이상)액티브,99800.0,10198.0,10198.0,1017760400.0,1017760400.0,KOSPI,0.2
530145,삼성 레버리지 천연가스 선물 ETN D,10755.0,298722.0,298722.0,3212755110.0,3212755110.0,KOSPI,-4.36
009470,삼화전기,27600.0,47621.0,47621.0,1314339600.0,1314339600.0,KOSPI,1.66
412570,TIGER 2차전지TOP10레버리지,1203.0,7008437.0,7008437.0,8431149711.0,8431149711.0,KOSPI,3.98
007860,서연,7750.0,12904.0,12904.0,100006000.0,100006000.0,KOSPI,0.52
473460,KODEX 미국서학개미,24030.0,30180.0,30180.0,725225400.0,725225400.0,KOSPI,-1.37
000140,하이트진로홀딩스,7800.0,1447.0,1447.0,11286600.0,11286600.0,KOSPI,-0.38
332500,ACE 200TR,75345.0,5291.0,5291.0,398650395.0,398650395.0,KOSPI,0.47
414780,TIGER 차이나과창판STAR50(합성),12585.0,55966.0,55966.0,704332110.0,704332110.0,KOSPI,-0.63
122090,PLUS 코스피50,84260.0,21854.0,21854.0,1841418040.0,1841418040.0,KOSPI,0.63
429000,TIGER 미국S&P500배당귀족,12455.0,34229.0,34229.0,426322195.0,426322195.0,KOSPI,-0.12
461950,KODEX 2차전지핵심소재10,5055.0,1470368.0,1470368.0,7432710240.0,7432710240.0,KOSPI,2.54
015230,대창단조,6540.0,25202.0,25202.0,164821080.0,164821080.0,KOSPI,1.4
002100,경농,9090.0,18129.0,18129.0,164792610.0,164792610.0,KOSPI,0.89
480020,ACE 미국빅테크7+데일리타겟커버드콜(합성),9900.0,458558.0,458558.0,4539724200.0,4539724200.0,KOSPI,-1.59
003220,대원제약,7890.0,7005.0,19654.0,55269450.0,155070060.0,KOSPI,0.0
003610,방림,5500.0,23863.0,23863.0,131246500.0,131246500.0,KOSPI,0.0
377190,디앤디플랫폼리츠,1997.0,106362.0,106362.0,212404914.0,212404914.0,KOSPI,0.0
234080,JW생명과학,11070.0,3957.0,3957.0,43803990.0,43803990.0,KOSPI,0.09
0099L0,ACE 우량회사채(AA-이상)액티브,99835.0,119.0,119.0,11880365.0,11880365.0,KOSPI,0.2
016450,한세예스24홀딩스,4330.0,6303.0,6303.0,27291990.0,27291990.0,KOSPI,-0.12
403790,MIDAS 코스피액티브,59050.0,479.0,479.0,28284950.0,28284950.0,KOSPI,0.64
213500,한솔제지,7230.0,27473.0,27473.0,198629790.0,198629790.0,KOSPI,-0.14
000700,유수홀딩스,6600.0,41097.0,41097.0,271240200.0,271240200.0,KOSPI,0.0
483290,KODEX 미국배당다우존스타겟커버드콜,9595.0,132148.0,132148.0,1267960060.0,1267960060.0,KOSPI,0.0
476450,KIWOOM 머니마켓액티브,52925.0,1527.0,1527.0,80816475.0,80816475.0,KOSPI,0.03
0047A0,TIGER 차이나테크TOP10,11380.0,101292.0,101292.0,1152702960.0,1152702960.0,KOSPI,-2.23
0040X0,SOL 팔란티어미국채커버드콜혼합,9030.0,108943.0,108943.0,983755290.0,983755290.0,KOSPI,-0.28
003460,유화증권,2990.0,5145.0,5145.0,15383550.0,15383550.0,KOSPI,0.34
002150,도화엔지니어링,4995.0,37326.0,37326.0,186443370.0,186443370.0,KOSPI,0.4
0005D0,SOL 전고체배터리&실리콘음극재,16070.0,972154.0,972154.0,15622514780.0,15622514780.0,KOSPI,4.11
241590,화승엔터프라이즈,2750.0,20771.0,20771.0,57120250.0,57120250.0,KOSPI,2.61
337160,KODEX 200ESG,49000.0,4946.0,4946.0,242354000.0,242354000.0,KOSPI,0.15
272560,RISE 단기국공채액티브,115035.0,23038.0,23038.0,2650176330.0,2650176330.0,KOSPI,0.07
014710,사조씨푸드,9610.0,4400.0,4400.0,42284000.0,42284000.0,KOSPI,-2.63
0192Z0,TIGER 중기종합채권(A-이상)액티브,101145.0,2.0,2.0,202290.0,202290.0,KOSPI,0.17
354500,ACE 코스닥150,15345.0,144707.0,144707.0,2220528915.0,2220528915.0,KOSPI,-0.68
004380,삼익THK,7840.0,18092.0,18092.0,141841280.0,141841280.0,KOSPI,2.22
090350,노루페인트,8100.0,51819.0,51819.0,419733900.0,419733900.0,KOSPI,1.25
491820,HANARO 전력설비투자,44350.0,48887.0,48887.0,2168138450.0,2168138450.0,KOSPI,1.72
530134,삼성 블룸버그 인버스2X WTI원유선물 ETN B,1797.0,2890969.0,2890969.0,5195071293.0,5195071293.0,KOSPI,-6.36
490600,RISE 미국배당100데일리고정커버드콜,8420.0,137065.0,137065.0,1154087300.0,1154087300.0,KOSPI,0.06
237370,KODEX 코리아배당성장채권혼합,15535.0,30317.0,30317.0,470974595.0,470974595.0,KOSPI,0.39
0193G0,KoAct 코스피액티브,8610.0,153673.0,153673.0,1323124530.0,1323124530.0,KOSPI,0.64
460850,동국씨엠,5390.0,19080.0,19080.0,102841200.0,102841200.0,KOSPI,0.94
480030,ACE 미국500데일리타겟커버드콜(합성),9545.0,159853.0,159853.0,1525796885.0,1525796885.0,KOSPI,-0.47
488720,WON 종합채권(AA-이상)액티브,48870.0,380.0,380.0,18570600.0,18570600.0,KOSPI,0.17
152870,파워 200,113165.0,383.0,383.0,43342195.0,43342195.0,KOSPI,0.6
438560,SOL 국고채3년,100665.0,335.0,335.0,33722775.0,33722775.0,KOSPI,0.28
001780,알루코,1627.0,310868.0,310868.0,505782236.0,505782236.0,KOSPI,2.26
471760,TIGER AI반도체핵심공정,16685.0,962261.0,962261.0,16055324785.0,16055324785.0,KOSPI,-1.1
570051,한투 나스닥100 ETN,31340.0,44.0,44.0,1378960.0,1378960.0,KOSPI,-0.63
000860,강남제비스코,12040.0,8728.0,8728.0,105085120.0,105085120.0,KOSPI,-1.31
007570,일양약품,8160.0,15667.0,15667.0,127842720.0,127842720.0,KOSPI,0.62
002170,SYTS,51800.0,838.0,838.0,43408400.0,43408400.0,KOSPI,-0.38
472870,RISE 미국30년국채엔화노출(합성 H),6400.0,168103.0,168103.0,1075859200.0,1075859200.0,KOSPI,0.08
400760,NH올원리츠,2815.0,58074.0,58074.0,163478310.0,163478310.0,KOSPI,0.72
200250,KIWOOM 인도Nifty50(합성),19455.0,5208.0,5208.0,101321640.0,101321640.0,KOSPI,-1.04
462520,조선내화,12900.0,1425.0,1425.0,18382500.0,18382500.0,KOSPI,1.02
160580,TIGER 구리실물,15885.0,61237.0,61237.0,972749745.0,972749745.0,KOSPI,-1.18
0064K0,KODEX 금액티브,11850.0,96711.0,96711.0,1146025350.0,1146025350.0,KOSPI,-0.46
004090,한국석유,11980.0,151278.0,151278.0,1812310440.0,1812310440.0,KOSPI,2.74
013890,지누스,6890.0,13625.0,20778.0,93876250.0,143160420.0,KOSPI,1.47
006805,미래에셋증권우,11220.0,26183.0,26183.0,293773260.0,293773260.0,KOSPI,-0.27
457990,PLUS 태양광&ESS,38140.0,514036.0,514036.0,19605333040.0,19605333040.0,KOSPI,3.98
000970,한국주철관,6600.0,2738.0,2738.0,18070800.0,18070800.0,KOSPI,0.46
011785,금호석유화학우,49750.0,4000.0,4000.0,199000000.0,199000000.0,KOSPI,0.81
0151P0,RISE 코리아전략산업액티브,15320.0,203826.0,203826.0,3122614320.0,3122614320.0,KOSPI,-0.26
001045,CJ우,66400.0,933.0,933.0,61951200.0,61951200.0,KOSPI,-0.15
550089,N2 월간 레버리지 코스피 200 선물 ETN,149345.0,7.0,7.0,1045415.0,1045415.0,KOSPI,1.0
004150,한솔홀딩스,3635.0,96754.0,96754.0,351700790.0,351700790.0,KOSPI,0.83
394670,TIGER 글로벌리튬&2차전지SOLACTIVE(합성),10210.0,9441.0,9441.0,96392610.0,96392610.0,KOSPI,-0.2
458210,KIWOOM CD금리액티브(합성),110925.0,964.0,964.0,106931700.0,106931700.0,KOSPI,0.03
293480,하나제약,8370.0,14944.0,14944.0,125081280.0,125081280.0,KOSPI,0.84
00279K,아모레퍼시픽홀딩스3우C,20850.0,6509.0,6509.0,135712650.0,135712650.0,KOSPI,-2.11
272550,삼양패키징,9800.0,10703.0,10703.0,104889400.0,104889400.0,KOSPI,-0.71
219480,KODEX 미국S&P500선물(H),33105.0,16119.0,16119.0,533619495.0,533619495.0,KOSPI,-0.21
138520,TIGER 삼성그룹,36375.0,20497.0,20497.0,745578375.0,745578375.0,KOSPI,0.68
0104H0,KoAct 미국나스닥채권혼합50액티브,11995.0,34675.0,34675.0,415926625.0,415926625.0,KOSPI,-0.12
016880,웅진,1838.0,45864.0,45864.0,84298032.0,84298032.0,KOSPI,-0.27
271980,제일약품,9960.0,7704.0,7704.0,76731840.0,76731840.0,KOSPI,-0.7
0180V0,ACE 미국우주테크액티브,7680.0,146006.0,146006.0,1121326080.0,1121326080.0,KOSPI,-2.91
530136,삼성 인버스 2X 천연가스 선물 ETN D,14580.0,36532.0,36532.0,532636560.0,532636560.0,KOSPI,3.22
491610,1Q CD금리액티브(합성),105150.0,2437.0,2437.0,256250550.0,256250550.0,KOSPI,0.01
097955,CJ제일제당 우,109500.0,3377.0,3377.0,369781500.0,369781500.0,KOSPI,0.46
003830,대한화섬,109400.0,144.0,144.0,15753600.0,15753600.0,KOSPI,0.83
004970,신라교역,9060.0,7536.0,7536.0,68276160.0,68276160.0,KOSPI,0.11
025820,이구산업,4295.0,86648.0,86648.0,372153160.0,372153160.0,KOSPI,-0.12
0199C0,ACE 고배당주Plus커버드콜액티브,8925.0,402550.0,402550.0,3592758750.0,3592758750.0,KOSPI,0.28
481180,SOL 미국AI소프트웨어,16775.0,90147.0,90147.0,1512215925.0,1512215925.0,KOSPI,-0.74
0051G0,SOL 미국원자력SMR,11540.0,58420.0,58420.0,674166800.0,674166800.0,KOSPI,-1.87
000020,동화약품,5100.0,24683.0,24683.0,125883300.0,125883300.0,KOSPI,-0.58
071840,롯데하이마트,6030.0,6101.0,6101.0,36789030.0,36789030.0,KOSPI,1.17
012610,경인양행,3420.0,237152.0,237152.0,811059840.0,811059840.0,KOSPI,2.09
0127M0,ACE 미국대형가치주액티브,11815.0,73328.0,73328.0,866370320.0,866370320.0,KOSPI,-0.8
143860,TIGER 헬스케어,35620.0,7920.0,7920.0,282110400.0,282110400.0,KOSPI,-2.06
008970,KBI동양철관,1361.0,5579356.0,5579356.0,7593503516.0,7593503516.0,KOSPI,-6.14
001080,만호제강,4000.0,30579.0,30579.0,122316000.0,122316000.0,KOSPI,3.09
0041E0,KODEX 미국S&P500액티브,16125.0,77824.0,77824.0,1254912000.0,1254912000.0,KOSPI,-0.8
0131W0,1Q 단기특수은행채액티브,102380.0,6018.0,6018.0,616122840.0,616122840.0,KOSPI,0.02
015890,태경산업,4770.0,20080.0,20080.0,95781600.0,95781600.0,KOSPI,0.53
003480,한진중공업홀딩스,4720.0,32646.0,32646.0,154089120.0,154089120.0,KOSPI,-0.42
495330,1Q 코리아밸류업,32305.0,6122.0,6122.0,197771210.0,197771210.0,KOSPI,0.62
008350,남선알미늄,1074.0,367655.0,367655.0,394861470.0,394861470.0,KOSPI,0.56
107590,미원홀딩스,59700.0,110.0,110.0,6567000.0,6567000.0,KOSPI,-1.32
094280,효성ITX,11940.0,1605.0,1605.0,19163700.0,19163700.0,KOSPI,0.34
0085P0,ACE 미국10년국채액티브,9295.0,508075.0,508075.0,4722557125.0,4722557125.0,KOSPI,-0.21
476030,SOL 미국나스닥100,17355.0,38963.0,38963.0,676202865.0,676202865.0,KOSPI,-1.36
760007,키움 코스피 200 TR ETN,34195.0,342.0,342.0,11694690.0,11694690.0,KOSPI,1.12
001360,삼성제약,1449.0,721084.0,721084.0,1044850716.0,1044850716.0,KOSPI,-1.02
0048K0,KODEX 차이나휴머노이드로봇,7600.0,461458.0,461458.0,3507080800.0,3507080800.0,KOSPI,-1.49
011690,와이투솔루션,3715.0,336167.0,336167.0,1248860405.0,1248860405.0,KOSPI,2.2
570106,한투 레버리지일본니케이225선물 ETN(H),54460.0,18.0,18.0,980280.0,980280.0,KOSPI,-2.46
245340,TIGER 미국다우존스30,33550.0,9195.0,9195.0,308492250.0,308492250.0,KOSPI,-0.55
760011,키움 레버리지 2차전지산업 ETN,8715.0,3658.0,3658.0,31879470.0,31879470.0,KOSPI,5.51
004080,신흥,14460.0,3706.0,3706.0,53588760.0,53588760.0,KOSPI,0.07
081000,일진다이아,9460.0,22468.0,22468.0,212547280.0,212547280.0,KOSPI,2.94
0209D0,KODEX 전고체배터리ESS TOP2플러스,8665.0,1032694.0,1032694.0,8948293510.0,8948293510.0,KOSPI,3.9
014280,금강공업,4560.0,192806.0,192806.0,879195360.0,879195360.0,KOSPI,-2.36
451530,TIGER 국고채30년스트립액티브,35930.0,29810.0,29810.0,1071073300.0,1071073300.0,KOSPI,1.01
018470,조일알미늄,5240.0,48727.0,48727.0,255329480.0,255329480.0,KOSPI,1.16
463680,KODEX 미국S&P500테크놀로지,23000.0,210572.0,210572.0,4843156000.0,4843156000.0,KOSPI,-1.58
570050,한투 S&P500선물 ETN,26285.0,4.0,4.0,105140.0,105140.0,KOSPI,-0.17
0074K0,KoAct K수출핵심기업TOP30액티브,17880.0,44440.0,44440.0,794587200.0,794587200.0,KOSPI,2.0
024090,디씨엠,11510.0,1470.0,1470.0,16919700.0,16919700.0,KOSPI,0.26
0091M0,HANARO 27-06 회사채(AA-이상)액티브,10180.0,546.0,546.0,5558280.0,5558280.0,KOSPI,0.05
214390,경보제약,5460.0,22669.0,22669.0,123772740.0,123772740.0,KOSPI,0.37
325010,KODEX 성장주,44895.0,1757.0,1757.0,78880515.0,78880515.0,KOSPI,0.63
0181B0,HANARO 미국AI메모리반도체TOP4+,10425.0,231542.0,231542.0,2413825350.0,2413825350.0,KOSPI,-1.09
411420,KODEX 미국나스닥AI테크액티브,27290.0,11987.0,11987.0,327125230.0,327125230.0,KOSPI,-1.23
139220,TIGER 200 건설,7600.0,219191.0,219191.0,1665851600.0,1665851600.0,KOSPI,-0.13
092220,KEC,3225.0,451718.0,451718.0,1456790550.0,1456790550.0,KOSPI,0.31
0092B0,SOL 한국원자력SMR,15485.0,86277.0,86277.0,1335999345.0,1335999345.0,KOSPI,-0.67
461500,HANARO 종합채권(AA-이상)액티브,105680.0,113.0,113.0,11941840.0,11941840.0,KOSPI,0.44
013520,화승코퍼레이션,2540.0,62470.0,62470.0,158673800.0,158673800.0,KOSPI,1.4
520066,미래에셋 KRX금현물 Auto-KO-C 2810-01 ETN,21185.0,5895.0,5895.0,124885575.0,124885575.0,KOSPI,-0.66
015590,DKME,2380.0,139399.0,139399.0,331769620.0,331769620.0,KOSPI,-1.24
004960,한신공영,10960.0,19318.0,19318.0,211725280.0,211725280.0,KOSPI,-1.26
550092,N2 월간 레버리지 방위산업 Top5 ETN,126775.0,42.0,42.0,5324550.0,5324550.0,KOSPI,8.37
500037,신한 레버리지 금 선물 ETN,63225.0,150.0,150.0,9483750.0,9483750.0,KOSPI,-0.58
463290,1Q 단기금융채액티브,109545.0,7546.0,7546.0,826626570.0,826626570.0,KOSPI,0.02
009270,신원,1099.0,199419.0,199419.0,219161481.0,219161481.0,KOSPI,-0.36
448100,WON 200,114595.0,6941.0,6941.0,795403895.0,795403895.0,KOSPI,0.5
078000,텔코웨어,13640.0,627.0,627.0,8552280.0,8552280.0,KOSPI,0.89
002210,동성제약,1300.0,30877.0,30877.0,40140100.0,40140100.0,KOSPI,0.23
447620,SOL 미국TOP5채권혼합50,15885.0,40766.0,40766.0,647567910.0,647567910.0,KOSPI,-0.47
267290,경동도시가스,21250.0,3473.0,3473.0,73801250.0,73801250.0,KOSPI,0.47
377990,TIGER Fn신재생에너지,25415.0,73967.0,73967.0,1879871305.0,1879871305.0,KOSPI,2.48
009070,KCTC,4140.0,93628.0,93628.0,387619920.0,387619920.0,KOSPI,1.35
0000Y0,HK 26-12 회사채(AA-이상)액티브,102120.0,11.0,11.0,1123320.0,1123320.0,KOSPI,0.0
005800,신영와코루,13720.0,1075.0,1075.0,14749000.0,14749000.0,KOSPI,1.48
210540,디와이파워,11180.0,15986.0,15986.0,178723480.0,178723480.0,KOSPI,0.09
006060,화승인더,2225.0,32658.0,32658.0,72664050.0,72664050.0,KOSPI,1.6
328370,PLUS 코스피TR,39425.0,55.0,55.0,2168375.0,2168375.0,KOSPI,0.95
214420,토니모리,5080.0,32531.0,32531.0,165257480.0,165257480.0,KOSPI,-0.2
001520,동양,1137.0,195577.0,195577.0,222371049.0,222371049.0,KOSPI,1.34
438570,SOL 국고채10년,98485.0,180.0,180.0,17727300.0,17727300.0,KOSPI,0.66
304660,KODEX 미국30년국채울트라선물(H),6880.0,88537.0,88537.0,609134560.0,609134560.0,KOSPI,0.22
089470,HDC현대EP,3790.0,54635.0,54635.0,207066650.0,207066650.0,KOSPI,0.66
003010,혜인,9500.0,343669.0,343669.0,3264855500.0,3264855500.0,KOSPI,-5.19
350520,이지스레지던스리츠,3275.0,43903.0,43903.0,143782325.0,143782325.0,KOSPI,-0.15
469170,ACE 포스코그룹포커스,5915.0,492655.0,492655.0,2914054325.0,2914054325.0,KOSPI,1.98
332940,HANARO MSCI Korea TR,50270.0,3698.0,3698.0,185898460.0,185898460.0,KOSPI,1.21
0123G0,TIGER 미국AI전력SMR,5800.0,148890.0,148890.0,863562000.0,863562000.0,KOSPI,-2.93
002390,한독,8740.0,1496.0,1496.0,13075040.0,13075040.0,KOSPI,2.34
001210,금호전기,9490.0,3880122.0,3880122.0,36822357780.0,36822357780.0,KOSPI,0.42
002620,제일파마홀딩스,7480.0,3540.0,3540.0,26479200.0,26479200.0,KOSPI,1.77
004100,태양금속,3255.0,349839.0,349839.0,1138725945.0,1138725945.0,KOSPI,2.84
037560,LG헬로비전,1532.0,129490.0,129490.0,198378680.0,198378680.0,KOSPI,0.86
014530,극동유화,3395.0,75681.0,75681.0,256936995.0,256936995.0,KOSPI,2.11
0168K0,TIGER 기술이전바이오액티브,5730.0,886639.0,886639.0,5080441470.0,5080441470.0,KOSPI,-1.8
114820,TIGER 국채3년,105300.0,5774.0,5774.0,608002200.0,608002200.0,KOSPI,0.28
0184L0,PLUS 중기종합채권(A-이상)액티브,100825.0,2358.0,2358.0,237745350.0,237745350.0,KOSPI,0.19
192090,TIGER 차이나CSI300,11405.0,97166.0,97166.0,1108178230.0,1108178230.0,KOSPI,-2.4
017550,수산세보틱스,1870.0,156496.0,156496.0,292647520.0,292647520.0,KOSPI,0.65
399110,SOL 미국S&P500ESG,20460.0,15410.0,15410.0,315288600.0,315288600.0,KOSPI,-0.92
326240,RISE IT플러스,46645.0,9651.0,9651.0,450170895.0,450170895.0,KOSPI,0.39
0000J0,PLUS 한화그룹주,29060.0,77051.0,77051.0,2239102060.0,2239102060.0,KOSPI,2.87
491230,PLUS 국공채머니마켓액티브,52645.0,5753.0,5753.0,302866685.0,302866685.0,KOSPI,0.02
227840,현대코퍼레이션홀딩스,12720.0,9840.0,9840.0,125164800.0,125164800.0,KOSPI,-0.08
0174B0,KoAct 글로벌AI메모리반도체액티브,15835.0,85710.0,85710.0,1357217850.0,1357217850.0,KOSPI,-1.03
034590,인천도시가스,26300.0,3934.0,3934.0,103464200.0,103464200.0,KOSPI,-0.38
266370,KODEX IT,74000.0,17358.0,17358.0,1284492000.0,1284492000.0,KOSPI,0.58
475310,SOL 반도체후공정,32750.0,1625676.0,1625676.0,53240889000.0,53240889000.0,KOSPI,-1.34
304940,KODEX 미국나스닥100선물(H),33600.0,1609.0,1609.0,54062400.0,54062400.0,KOSPI,-0.83
079430,현대리바트,5660.0,12188.0,12188.0,68984080.0,68984080.0,KOSPI,1.8
016740,두올,3970.0,11529.0,11529.0,45770130.0,45770130.0,KOSPI,-1.12
083420,그린케미칼,4740.0,21303.0,21303.0,100976220.0,100976220.0,KOSPI,1.39
367770,RISE 수소경제테마,21960.0,26234.0,26234.0,576098640.0,576098640.0,KOSPI,0.83
319640,TIGER 골드선물(H),24575.0,15543.0,15543.0,381969225.0,381969225.0,KOSPI,0.0
002460,HS화성,11070.0,3900.0,3900.0,43173000.0,43173000.0,KOSPI,1.0
182480,TIGER 미국MSCI리츠(합성 H),12755.0,15483.0,15483.0,197485665.0,197485665.0,KOSPI,-0.08
023450,동남합성,32000.0,633.0,633.0,20256000.0,20256000.0,KOSPI,-0.62
013570,디와이,4240.0,26925.0,26925.0,114162000.0,114162000.0,KOSPI,1.44
455860,SOL 2차전지소부장Fn,4640.0,647727.0,647727.0,3005453280.0,3005453280.0,KOSPI,3.11
0036R0,RISE 미국휴머노이드로봇,19875.0,34173.0,34173.0,679188375.0,679188375.0,KOSPI,-1.49
012200,계양전기,3125.0,530377.0,530377.0,1657428125.0,1657428125.0,KOSPI,0.16
016710,대성홀딩스,6880.0,10611.0,10611.0,73003680.0,73003680.0,KOSPI,-0.58
012800,대창,1213.0,323136.0,323136.0,391963968.0,391963968.0,KOSPI,1.42
476850,KoAct 배당성장액티브,22050.0,65119.0,65119.0,1435873950.0,1435873950.0,KOSPI,0.43
009580,무림P&P,1760.0,162915.0,162915.0,286730400.0,286730400.0,KOSPI,2.56
0221V0,IBK 초단기채권액티브,100770.0,1083.0,1083.0,109133910.0,109133910.0,KOSPI,0.02
570019,한투 코스피양매도5%OTM ETN,7295.0,9.0,9.0,65655.0,65655.0,KOSPI,0.27
570116,한투 레버리지WTI원유선물 ETN B,54405.0,43.0,43.0,2339415.0,2339415.0,KOSPI,6.67
488500,TIGER 미국S&P500동일가중,11950.0,31969.0,31969.0,382029550.0,382029550.0,KOSPI,-0.38
496090,KIWOOM 코리아밸류업,32570.0,7686.0,7686.0,250333020.0,250333020.0,KOSPI,0.6
006660,삼성공조,13180.0,142554.0,142554.0,1878861720.0,1878861720.0,KOSPI,0.69
014580,태경비케이,3880.0,118080.0,118080.0,458150400.0,458150400.0,KOSPI,3.05
0193M0,BNK 27-12 특수채(AAA이상)액티브,50410.0,299.0,299.0,15072590.0,15072590.0,KOSPI,0.04
0137V0,KIWOOM 미국S&P500모멘텀,11580.0,95911.0,95911.0,1110649380.0,1110649380.0,KOSPI,-1.03
0132K0,PLUS 테슬라위클리커버드콜채권혼합,7915.0,141500.0,141500.0,1119972500.0,1119972500.0,KOSPI,0.25
008040,사조동아원,7540.0,11130.0,11130.0,83920200.0,83920200.0,KOSPI,-0.92
010100,한국무브넥스,3485.0,42161.0,42161.0,146931085.0,146931085.0,KOSPI,1.6
078935,GS우,59600.0,2955.0,2955.0,176118000.0,176118000.0,KOSPI,2.76
021820,세원정공,10600.0,7994.0,7994.0,84736400.0,84736400.0,KOSPI,0.0
309230,ACE 미국WideMoat동일가중,28775.0,7867.0,7867.0,226372925.0,226372925.0,KOSPI,-1.07
004250,NPC,2880.0,5777.0,5777.0,16637760.0,16637760.0,KOSPI,0.52
011280,태림포장,1482.0,91423.0,91423.0,135488886.0,135488886.0,KOSPI,5.86
0138Y0,PLUS 금채권혼합,9510.0,63269.0,63269.0,601688190.0,601688190.0,KOSPI,-0.11
464310,TIGER 글로벌AI&로보틱스 INDXX,13390.0,12627.0,12627.0,169075530.0,169075530.0,KOSPI,-1.83
120030,조선선재,83000.0,413.0,413.0,34279000.0,34279000.0,KOSPI,0.36
203780,TIGER 미국나스닥바이오,34310.0,13668.0,13668.0,468949080.0,468949080.0,KOSPI,-3.19
123690,한국화장품,6480.0,43798.0,43798.0,283811040.0,283811040.0,KOSPI,0.15
500050,신한 레버리지 S&P500 선물 ETN,51845.0,1938.0,1938.0,100475610.0,100475610.0,KOSPI,0.38
251340,KODEX 코스닥150선물인버스,2215.0,48485597.0,48485597.0,107395597355.0,107395597355.0,KOSPI,0.45
0177X0,ACE K휴머노이드로봇산업TOP2+,10025.0,586692.0,586692.0,5881587300.0,5881587300.0,KOSPI,2.87
012320,경동인베스트,43450.0,2141.0,2141.0,93026450.0,93026450.0,KOSPI,-0.8
267850,아시아나IDT,9240.0,2617.0,2617.0,24181080.0,24181080.0,KOSPI,-0.54
027970,한국제지,2695.0,3260.0,3260.0,8785700.0,8785700.0,KOSPI,0.19
0191W0,HANARO 중기종합채권(A-이상)액티브,101055.0,45.0,45.0,4547475.0,4547475.0,KOSPI,0.12
0122W0,RISE 26-11 회사채(AA-이상)액티브,51135.0,31.0,31.0,1585185.0,1585185.0,KOSPI,0.04
464930,TIGER 글로벌혁신블루칩TOP10,20290.0,3727.0,3727.0,75620830.0,75620830.0,KOSPI,-2.15
0135Y0,IBK 중기종합채권(AA-이상)액티브,100550.0,90.0,90.0,9049500.0,9049500.0,KOSPI,0.14
0080Y0,SOL 조선TOP3플러스레버리지,7610.0,317412.0,317412.0,2415505320.0,2415505320.0,KOSPI,-0.13
372330,KODEX 차이나항셍테크,6115.0,251945.0,251945.0,1540643675.0,1540643675.0,KOSPI,-2.55
465610,ACE 미국빅테크TOP7 Plus레버리지(합성),41960.0,3978.0,3978.0,166916880.0,166916880.0,KOSPI,-3.95
37550L,DL이앤씨2우(전환),47500.0,1018.0,1018.0,48355000.0,48355000.0,KOSPI,-2.06
248170,샘표식품,21900.0,17156.0,17156.0,375716400.0,375716400.0,KOSPI,0.0
530055,삼성 레버리지 금 선물 ETN(H),99955.0,90.0,90.0,8995950.0,8995950.0,KOSPI,-0.71
458030,WON 국공채머니마켓액티브,55190.0,6.0,6.0,331140.0,331140.0,KOSPI,0.01
035000,HS애드,6150.0,259266.0,259266.0,1594485900.0,1594485900.0,KOSPI,0.33
168580,ACE 중국본토CSI300,31895.0,881.0,881.0,28099495.0,28099495.0,KOSPI,-1.25
002450,삼익악기,1096.0,73125.0,73125.0,80145000.0,80145000.0,KOSPI,-0.18
475050,ACE KPOP포커스,6620.0,603933.0,603933.0,3998036460.0,3998036460.0,KOSPI,-0.08
486240,DAISHIN AI반도체&인프라액티브,31705.0,6396.0,6396.0,202785180.0,202785180.0,KOSPI,-0.53
0162L0,KODEX 차이나AI반도체TOP10,12175.0,244644.0,244644.0,2978540700.0,2978540700.0,KOSPI,-1.58
0142D0,TIGER 미국AI데이터센터TOP4Plus,10405.0,130035.0,130035.0,1353014175.0,1353014175.0,KOSPI,-1.98
394660,TIGER 글로벌자율주행&전기차SOLACTIVE,14830.0,2061.0,2061.0,30564630.0,30564630.0,KOSPI,-1.43
070960,모나용평,2020.0,10090.0,10090.0,20381800.0,20381800.0,KOSPI,0.75
610037,메리츠 미국채30년 ETN(H),6935.0,94.0,94.0,651890.0,651890.0,KOSPI,0.14
002780,진흥기업,6630.0,190244.0,190244.0,1261317720.0,1261317720.0,KOSPI,2.0
0198A0,KIWOOM 코스닥150커버드콜액티브,8970.0,977480.0,977480.0,8767995600.0,8767995600.0,KOSPI,-1.7
461460,PLUS 국고채10년액티브,51495.0,26531.0,26531.0,1366213845.0,1366213845.0,KOSPI,0.78
417310,코람코더원리츠,2385.0,68834.0,68834.0,164169090.0,164169090.0,KOSPI,0.0
264900,크라운제과,7650.0,6119.0,6119.0,46810350.0,46810350.0,KOSPI,0.39
008700,아남전자,1242.0,74782.0,74782.0,92879244.0,92879244.0,KOSPI,0.16
580039,KB 레버리지 KOSPI 200 선물 ETN,191410.0,129.0,129.0,24691890.0,24691890.0,KOSPI,1.04
008260,NI스틸,3325.0,45899.0,45899.0,152614175.0,152614175.0,KOSPI,0.3
453080,KIWOOM 미국나스닥100(H),23765.0,16733.0,16733.0,397659745.0,397659745.0,KOSPI,-0.63
014790,HL D&I,2510.0,25227.0,25227.0,63319770.0,63319770.0,KOSPI,0.4
013700,까뮤이앤씨,1590.0,74582.0,74582.0,118585380.0,118585380.0,KOSPI,0.95
363280,티와이홀딩스,2085.0,4396.0,4396.0,9165660.0,9165660.0,KOSPI,2.71
014440,영보화학,4735.0,10303.0,10303.0,48784705.0,48784705.0,KOSPI,1.5
025620,차AI헬스케어,5200.0,12936.0,12936.0,67267200.0,67267200.0,KOSPI,-0.57
473440,ACE 11월만기자동연장회사채AA-이상액티브,10865.0,3670.0,3670.0,39874550.0,39874550.0,KOSPI,0.0
433970,KODEX TDF2030액티브 적격,13895.0,13697.0,13697.0,190319815.0,190319815.0,KOSPI,0.22
032560,황금에스티,5550.0,16271.0,16271.0,90304050.0,90304050.0,KOSPI,-0.36
007210,벽산,1439.0,50651.0,50651.0,72886789.0,72886789.0,KOSPI,0.42
0008T0,SOL 화장품TOP3플러스,16500.0,1307986.0,1307986.0,21581769000.0,21581769000.0,KOSPI,-3.68
0176E0,RISE 미국AI전력인프라액티브,9890.0,12949.0,12949.0,128065610.0,128065610.0,KOSPI,0.1
195980,PLUS 신흥국MSCI(합성 H),15300.0,112542.0,112542.0,1721892600.0,1721892600.0,KOSPI,0.2
530061,삼성 레버리지 은 선물 ETN(H),31280.0,16065.0,16065.0,502513200.0,502513200.0,KOSPI,0.27
007540,샘표,46550.0,7496.0,7496.0,348938800.0,348938800.0,KOSPI,0.0
006840,AK홀딩스,7080.0,4645.0,4645.0,32886600.0,32886600.0,KOSPI,1.29
0035T0,PLUS 글로벌휴머노이드로봇액티브,19530.0,18216.0,18216.0,355758480.0,355758480.0,KOSPI,0.67
002200,한국수출포장,2795.0,17626.0,17626.0,49264670.0,49264670.0,KOSPI,0.36
479620,SOL 미국AI반도체칩메이커,26975.0,63200.0,63200.0,1704820000.0,1704820000.0,KOSPI,-2.71
067830,세이브존I&C,2265.0,41039.0,41039.0,92953335.0,92953335.0,KOSPI,-0.44
308620,KODEX 미국10년국채선물,10965.0,46310.0,46310.0,507789150.0,507789150.0,KOSPI,-0.18
0197X0,SOL SK하이닉스선물단일종목인버스2X,5495.0,7564581.0,7564581.0,41567372595.0,41567372595.0,KOSPI,-1.35
019180,티에이치엔,5100.0,55915.0,55915.0,285166500.0,285166500.0,KOSPI,1.19
001290,상상인증권,4230.0,50076.0,50076.0,211821480.0,211821480.0,KOSPI,1.68
058850,KTcs,2210.0,42251.0,42251.0,93374710.0,93374710.0,KOSPI,0.91
036580,팜스코,2490.0,23800.0,23800.0,59262000.0,59262000.0,KOSPI,-2.73
001275,부국증권우,30300.0,97.0,97.0,2939100.0,2939100.0,KOSPI,0.17
143850,TIGER 미국S&P500선물(H),77275.0,790.0,790.0,61047250.0,61047250.0,KOSPI,-0.21
003580,HLB글로벌,1791.0,303149.0,303149.0,542939859.0,542939859.0,KOSPI,-3.92
298770,KODEX 한국대만IT프리미어,84775.0,5783.0,5783.0,490253825.0,490253825.0,KOSPI,0.19
0007N0,아이엠에셋 200,112775.0,87.0,87.0,9811425.0,9811425.0,KOSPI,0.57
0052T0,1Q 중단기회사채(A-이상)액티브,50855.0,40055.0,40055.0,2036997025.0,2036997025.0,KOSPI,0.1
096775,SK이노베이션우,72100.0,5400.0,5400.0,389340000.0,389340000.0,KOSPI,4.95
269540,PLUS 미국S&P500(H),30000.0,4317.0,4317.0,129510000.0,129510000.0,KOSPI,-0.2
058860,KTis,2585.0,132524.0,132524.0,342574540.0,342574540.0,KOSPI,0.19
325020,KODEX 배당가치,28990.0,3300.0,3300.0,95667000.0,95667000.0,KOSPI,0.26
454320,HANARO CAPEX설비투자iSelect,41600.0,1707.0,1707.0,71011200.0,71011200.0,KOSPI,0.12
114100,RISE 국고채3년,106290.0,7600.0,7600.0,807804000.0,807804000.0,KOSPI,0.29
139990,아주스틸,2290.0,18015.0,18015.0,41254350.0,41254350.0,KOSPI,-0.87
0066W0,SOL 국제금,11980.0,34804.0,34804.0,416951920.0,416951920.0,KOSPI,-0.66
444490,WON 미국S&P500,19785.0,11989.0,11989.0,237202365.0,237202365.0,KOSPI,-0.78
023000,삼원강재,2215.0,3178.0,3178.0,7039270.0,7039270.0,KOSPI,0.23
530107,삼성 인버스 2X 코스닥150 선물 ETN,1464.0,33394428.0,33394428.0,48889442592.0,48889442592.0,KOSPI,1.04
261270,KODEX 미국달러선물인버스,8290.0,7182.0,7182.0,59538780.0,59538780.0,KOSPI,0.61
468380,KODEX iShares미국하이일드액티브,10365.0,34802.0,34802.0,360722730.0,360722730.0,KOSPI,-0.48
004140,동방,1818.0,118763.0,118763.0,215911134.0,215911134.0,KOSPI,1.39
495040,PLUS 코리아밸류업,32145.0,4489.0,4489.0,144298905.0,144298905.0,KOSPI,0.82
211900,KODEX 코리아배당성장,27340.0,5823.0,5823.0,159200820.0,159200820.0,KOSPI,0.51
329670,KODEX TRF7030,21505.0,5120.0,5120.0,110105600.0,110105600.0,KOSPI,-0.51
453330,RISE 미국S&P500(H),18175.0,13175.0,13175.0,239455625.0,239455625.0,KOSPI,-0.11
475280,ACE 8월만기자동연장회사채AA-이상액티브,10755.0,24680.0,24680.0,265433400.0,265433400.0,KOSPI,0.14
006090,사조오양,9030.0,2416.0,2416.0,21816480.0,21816480.0,KOSPI,-0.11
33626K,두산퓨얼셀1우,6300.0,4863.0,4863.0,30636900.0,30636900.0,KOSPI,1.94
007980,TP,1794.0,175134.0,175134.0,314190396.0,314190396.0,KOSPI,1.07
004890,동일산업,34650.0,499.0,499.0,17290350.0,17290350.0,KOSPI,-1.0
359210,KODEX 코스피TR,36520.0,4364.0,4364.0,159373280.0,159373280.0,KOSPI,0.69
485690,RISE 미국AI밸류체인TOP3Plus,22885.0,14013.0,14013.0,320687505.0,320687505.0,KOSPI,-1.84
002600,조흥,139000.0,4.0,4.0,556000.0,556000.0,KOSPI,1.31
011700,한신기계,2565.0,156451.0,156451.0,401296815.0,401296815.0,KOSPI,1.38
329660,KODEX TRF5050,17585.0,6378.0,6378.0,112157130.0,112157130.0,KOSPI,-0.31
0017Y0,1Q 종합채권(AA-이상)액티브,94565.0,18.0,18.0,1702170.0,1702170.0,KOSPI,0.49
460960,ACE 글로벌인컴TOP10,10395.0,32812.0,32812.0,341080740.0,341080740.0,KOSPI,-0.57
000850,화천기공,37300.0,1548.0,1548.0,57740400.0,57740400.0,KOSPI,-0.4
337140,KODEX 코스피대형주,37200.0,12625.0,12625.0,469650000.0,469650000.0,KOSPI,0.53
000590,CS홀딩스,70300.0,238.0,238.0,16731400.0,16731400.0,KOSPI,0.14
108450,ACE 삼성그룹섹터가중,40420.0,3322.0,3322.0,134275240.0,134275240.0,KOSPI,0.57
500096,신한 인버스2X 천연가스 선물 ETN B,16165.0,161.0,161.0,2602565.0,2602565.0,KOSPI,3.26
055490,테이팩스,16850.0,21839.0,21839.0,367987150.0,367987150.0,KOSPI,2.81
429760,PLUS 미국S&P500,19165.0,81010.0,81010.0,1552556650.0,1552556650.0,KOSPI,-0.75
001260,남광토건,8170.0,63420.0,63420.0,518141400.0,518141400.0,KOSPI,1.36
449770,KIWOOM 미국S&P500,20575.0,3487.0,3487.0,71745025.0,71745025.0,KOSPI,-1.06
023800,인지컨트롤스,5050.0,19684.0,19684.0,99404200.0,99404200.0,KOSPI,0.6
495750,HANARO 코리아밸류업,32570.0,4121.0,4121.0,134220970.0,134220970.0,KOSPI,0.96
0018C0,PLUS 고배당주위클리고정커버드콜,10360.0,42721.0,42721.0,442589560.0,442589560.0,KOSPI,0.34
069730,DSR제강,5500.0,17417.0,17417.0,95793500.0,95793500.0,KOSPI,0.18
111380,동인기연,12920.0,2828.0,2828.0,36537760.0,36537760.0,KOSPI,1.17
009180,한솔로지스틱스,2810.0,33064.0,33064.0,92909840.0,92909840.0,KOSPI,1.26
490480,SOL K방산,28720.0,22351.0,22351.0,641920720.0,641920720.0,KOSPI,3.24
0057H0,PLUS 미국S&P500미국채혼합50액티브,11415.0,79869.0,79869.0,911704635.0,911704635.0,KOSPI,-0.44
469060,RISE 미국반도체NYSE,37485.0,22157.0,22157.0,830555145.0,830555145.0,KOSPI,-1.56
365040,TIGER AI코리아그로스액티브,37250.0,19821.0,19821.0,738332250.0,738332250.0,KOSPI,0.91
0225V0,KODEX 미국CPU반도체TOP10,12000.0,717473.0,717473.0,8609676000.0,8609676000.0,KOSPI,-2.87
005740,크라운해태홀딩스,5250.0,8769.0,8769.0,46037250.0,46037250.0,KOSPI,1.55
109070,주성코퍼레이션,7360.0,27540.0,27540.0,202694400.0,202694400.0,KOSPI,0.27
163560,동일고무벨트,5580.0,7686.0,7686.0,42887880.0,42887880.0,KOSPI,1.45
007610,선도전기,4305.0,661424.0,661424.0,2847430320.0,2847430320.0,KOSPI,-0.35
138530,TIGER LG그룹플러스,12065.0,62830.0,62830.0,758043950.0,758043950.0,KOSPI,1.13
004840,DRB동일,4010.0,46107.0,46107.0,184889070.0,184889070.0,KOSPI,1.01
0049M0,ACE 미국배당퀄리티+커버드콜액티브,10955.0,34890.0,34890.0,382219950.0,382219950.0,KOSPI,-0.36
0098N0,PLUS 자사주매입고배당주,12810.0,28419.0,28419.0,364047390.0,364047390.0,KOSPI,0.83
210780,TIGER 코스피고배당,23095.0,5109.0,5109.0,117992355.0,117992355.0,KOSPI,0.63
0238F0,KODEX 미국AI메모리TOP2플러스,10965.0,179287.0,179287.0,1965881955.0,1965881955.0,KOSPI,-0.63
550093,N2 전력인프라 Top5 ETN,38095.0,2681.0,2681.0,102132695.0,102132695.0,KOSPI,1.11
007590,동방아그로,5580.0,4837.0,4837.0,26990460.0,26990460.0,KOSPI,0.0
364960,TIGER BBIG,6355.0,10172.0,10172.0,64643060.0,64643060.0,KOSPI,0.63
002220,한일철강,2815.0,49563.0,49563.0,139519845.0,139519845.0,KOSPI,-0.35
0240J0,RISE 삼성SK그룹,10720.0,393977.0,393977.0,4223433440.0,4223433440.0,KOSPI,0.8
010960,삼호개발,3095.0,33571.0,33571.0,103902245.0,103902245.0,KOSPI,1.14
013360,일성건설,1380.0,91662.0,91662.0,126493560.0,126493560.0,KOSPI,0.95
0210E0,PLUS 200커버드콜액티브,7375.0,749645.0,749645.0,5528631875.0,5528631875.0,KOSPI,0.68
214330,금호에이치티,7120.0,26596.0,26596.0,189363520.0,189363520.0,KOSPI,1.28
412770,TIGER 글로벌AI플랫폼액티브,12975.0,1730.0,1730.0,22446750.0,22446750.0,KOSPI,-0.08
000105,유한양행우,64500.0,473.0,473.0,30508500.0,30508500.0,KOSPI,-0.46
292190,KODEX KRX300,49370.0,2340.0,2340.0,115525800.0,115525800.0,KOSPI,-0.06
0080X0,SOL 미국S&P500미국채혼합50,10555.0,50341.0,50341.0,531349255.0,531349255.0,KOSPI,-0.66
228810,TIGER 미디어컨텐츠,3000.0,398662.0,398662.0,1195986000.0,1195986000.0,KOSPI,0.0
298340,PLUS 국채선물3년,56635.0,27688.0,27688.0,1568109880.0,1568109880.0,KOSPI,0.24
024900,디와이덕양,2260.0,83209.0,83209.0,188052340.0,188052340.0,KOSPI,1.12
157490,TIGER 소프트웨어,7910.0,39016.0,39016.0,308616560.0,308616560.0,KOSPI,0.44
272910,ACE 중장기국공채액티브,106315.0,45.0,45.0,4784175.0,4784175.0,KOSPI,0.33
480370,씨케이솔루션,2250.0,1034587.0,1034587.0,2327820750.0,2327820750.0,KOSPI,15.09
013870,지엠비코리아,3820.0,5303.0,5303.0,20257460.0,20257460.0,KOSPI,0.39
338100,NH프라임리츠,3890.0,45458.0,45458.0,176831620.0,176831620.0,KOSPI,1.3
550091,N2 방위산업 Top5 ETN,36245.0,7374.0,7374.0,267270630.0,267270630.0,KOSPI,3.07
000230,일동홀딩스,6250.0,14163.0,14163.0,88518750.0,88518750.0,KOSPI,2.12
0098Z0,FOCUS 200,95725.0,1.0,1.0,95725.0,95725.0,KOSPI,0.61
475350,RISE 버크셔포트폴리오TOP10,13975.0,22255.0,22255.0,311013625.0,311013625.0,KOSPI,-0.64
063160,종근당바이오,12930.0,5699.0,5699.0,73688070.0,73688070.0,KOSPI,1.17
441540,HANARO Fn조선해운,26070.0,9049.0,9049.0,235907430.0,235907430.0,KOSPI,0.44
002795,아모레퍼시픽홀딩스우,11020.0,6437.0,6437.0,70935740.0,70935740.0,KOSPI,-1.87
0102A0,TIGER 미국AI소프트웨어TOP4Plus,8735.0,89287.0,89287.0,779921945.0,779921945.0,KOSPI,-0.17
005750,대림바스,4230.0,17879.0,17879.0,75628170.0,75628170.0,KOSPI,-0.24
001020,페이퍼코리아,1968.0,4047.0,4047.0,7964496.0,7964496.0,KOSPI,-0.4
120115,코오롱인더우,25300.0,630.0,630.0,15939000.0,15939000.0,KOSPI,0.8
002720,국제약품,3305.0,28029.0,28029.0,92635845.0,92635845.0,KOSPI,1.07
071090,하이스틸,3460.0,811347.0,811347.0,2807260620.0,2807260620.0,KOSPI,-4.55
001560,제일연마,9190.0,1441.0,1441.0,13242790.0,13242790.0,KOSPI,1.43
0190Y0,TIGER 구글밸류체인,8615.0,33742.0,33742.0,290687330.0,290687330.0,KOSPI,-1.26
0022T0,SOL 국제금커버드콜액티브,12235.0,33681.0,33681.0,412087035.0,412087035.0,KOSPI,-0.69
031820,아이티센씨티에스,5760.0,7385.0,7385.0,42537600.0,42537600.0,KOSPI,1.41
266420,KODEX 헬스케어,16210.0,21956.0,21956.0,355906760.0,355906760.0,KOSPI,-1.58
530115,삼성 레버리지 나스닥 100 TR ETN,69530.0,48.0,48.0,3337440.0,3337440.0,KOSPI,-2.21
002700,신일전자,1012.0,603620.0,603620.0,610863440.0,610863440.0,KOSPI,0.7
155660,DSR,4335.0,34111.0,34111.0,147871185.0,147871185.0,KOSPI,1.29
004440,삼일씨엔에스,5440.0,23940.0,23940.0,130233600.0,130233600.0,KOSPI,-0.18
0233A0,ACE 삼성전자SK하이닉스플러스채권혼합50,10820.0,40844.0,40844.0,441932080.0,441932080.0,KOSPI,0.14
211560,TIGER 배당성장,34350.0,4125.0,4125.0,141693750.0,141693750.0,KOSPI,0.98
465330,RISE 2차전지TOP10,11745.0,181158.0,181158.0,2127700710.0,2127700710.0,KOSPI,3.25
453950,TIGER TSMC파운드리밸류체인,35360.0,20131.0,20131.0,711832160.0,711832160.0,KOSPI,1.32
500071,신한 레버리지 코스닥 150 선물 ETN,27555.0,173.0,173.0,4767015.0,4767015.0,KOSPI,-1.38
010660,화천기계,3130.0,93971.0,93971.0,294129230.0,294129230.0,KOSPI,2.12
009770,삼정펄프,27500.0,3955.0,3955.0,108762500.0,108762500.0,KOSPI,0.18
095720,웅진씽크빅,1205.0,32016.0,32016.0,38579280.0,38579280.0,KOSPI,0.5
130730,KIWOOM 단기자금,103235.0,919.0,919.0,94872965.0,94872965.0,KOSPI,0.02
011150,CJ씨푸드,1895.0,21685.0,21685.0,41093075.0,41093075.0,KOSPI,-0.32
492500,1Q 현대차그룹채권(A+이상)&국고통안,51435.0,143.0,143.0,7355205.0,7355205.0,KOSPI,0.16
550084,N2 코스피 200 TR ETN,33990.0,11.0,11.0,373890.0,373890.0,KOSPI,0.94
084670,동양고속,23450.0,6008.0,6008.0,140887600.0,140887600.0,KOSPI,1.3
570120,한투 레버리지천연가스선물 ETN C,13555.0,13817.0,13817.0,187289435.0,187289435.0,KOSPI,-4.47
010040,한국내화,1648.0,33845.0,33845.0,55776560.0,55776560.0,KOSPI,-2.25
491700,HK 200,112615.0,7.0,7.0,788305.0,788305.0,KOSPI,0.37
079980,휴비스,1952.0,36080.0,36080.0,70428160.0,70428160.0,KOSPI,1.56
007280,한국특강,2350.0,10016.0,10016.0,23537600.0,23537600.0,KOSPI,4.21
000180,성창기업지주,4825.0,31882.0,31882.0,153830650.0,153830650.0,KOSPI,0.21
530126,삼성 코리아 밸류업 TR ETN,33655.0,4.0,4.0,134620.0,134620.0,KOSPI,0.79
278620,PLUS 단기채권액티브,119265.0,577.0,577.0,68815905.0,68815905.0,KOSPI,0.05
530131,삼성 인버스0.5X S&P500 VIX S/T선물 ETN B,22330.0,156.0,156.0,3483480.0,3483480.0,KOSPI,-1.17
228800,TIGER 여행레저,2600.0,176555.0,176555.0,459043000.0,459043000.0,KOSPI,-1.14
418670,TIGER 글로벌AI사이버보안,19175.0,94080.0,94080.0,1803984000.0,1803984000.0,KOSPI,-0.13
433880,PLUS TDF2060액티브 적격,18230.0,16977.0,16977.0,309490710.0,309490710.0,KOSPI,-0.25
0222D0,KoAct 고배당액티브,10060.0,130689.0,130689.0,1314731340.0,1314731340.0,KOSPI,0.7
084680,이월드,2340.0,153178.0,153178.0,358436520.0,358436520.0,KOSPI,-12.03
085310,엔케이,8940.0,3573.0,3573.0,31942620.0,31942620.0,KOSPI,0.0
0113D0,TIME 글로벌탑픽액티브,11605.0,10653.0,10653.0,123628065.0,123628065.0,KOSPI,-1.15
004770,써니전자,1854.0,1408596.0,1408596.0,2611536984.0,2611536984.0,KOSPI,-6.74
004720,팜젠사이언스,2905.0,9917.0,9917.0,28808885.0,28808885.0,KOSPI,0.69
520095,미래에셋 레버리지 WTI원유 선물 ETN,26305.0,123235.0,123235.0,3241696675.0,3241696675.0,KOSPI,5.98
017370,우신시스템,3585.0,7883.0,7883.0,28260555.0,28260555.0,KOSPI,0.99
277640,TIGER 코스피대형주,38510.0,7246.0,7246.0,279043460.0,279043460.0,KOSPI,0.8
473640,HANARO 글로벌금채굴기업,31095.0,13766.0,13766.0,428053770.0,428053770.0,KOSPI,-1.5
019680,대교,1623.0,13388.0,13388.0,21728724.0,21728724.0,KOSPI,-0.73
278240,RISE 코스닥150선물레버리지,9045.0,139296.0,139296.0,1259932320.0,1259932320.0,KOSPI,-1.2
100220,비상교육,5000.0,13376.0,13376.0,66880000.0,66880000.0,KOSPI,0.0
005870,휴니드,4570.0,61323.0,61323.0,280246110.0,280246110.0,KOSPI,0.55
306950,KODEX KRX300레버리지,80415.0,367.0,367.0,29512305.0,29512305.0,KOSPI,0.63
058730,다스코,3175.0,158155.0,158155.0,502142125.0,502142125.0,KOSPI,0.95
580082,KB 레버리지 반도체 TOP10 TR ETN,25580.0,5832.0,5832.0,149182560.0,149182560.0,KOSPI,0.85
018500,동원모빌리티,1365.0,54618.0,54618.0,74553570.0,74553570.0,KOSPI,1.71
009200,무림페이퍼,1532.0,39356.0,39356.0,60293392.0,60293392.0,KOSPI,1.26
252400,RISE 200선물레버리지,106200.0,840.0,840.0,89208000.0,89208000.0,KOSPI,1.15
458750,TIGER 미국배당다우존스타겟커버드콜1호,12190.0,11512.0,11512.0,140331280.0,140331280.0,KOSPI,0.33
0123S0,HANARO 26-12 은행채(AA+이상)액티브,10210.0,1103.0,1103.0,11261630.0,11261630.0,KOSPI,0.05
210980,SK디앤디,3390.0,92369.0,92369.0,313130910.0,313130910.0,KOSPI,-2.87
580010,KB Wise 분할매매 ETN,10505.0,20.0,20.0,210100.0,210100.0,KOSPI,0.72
007815,코리아써우,21250.0,503.0,503.0,10688750.0,10688750.0,KOSPI,2.66
570100,한투 일본종합상사TOP5 ETN,20955.0,4943.0,4943.0,103580565.0,103580565.0,KOSPI,-8.75
0115E0,KODEX 코리아소버린AI,14410.0,13634.0,13634.0,196465940.0,196465940.0,KOSPI,0.77
261240,KODEX 미국달러선물,13965.0,154584.0,154584.0,2158765560.0,2158765560.0,KOSPI,-0.71
016090,대현,1410.0,12675.0,12675.0,17871750.0,17871750.0,KOSPI,0.57
419890,KIWOOM 단기채권ESG액티브,107645.0,24.0,24.0,2583480.0,2583480.0,KOSPI,0.09
520080,미래에셋 미국 테크&반도체 TOP3 ETN,20795.0,2.0,2.0,41590.0,41590.0,KOSPI,-0.81
530067,삼성 KRX 금현물 ETN,31125.0,704.0,704.0,21912000.0,21912000.0,KOSPI,-0.57
520100,미래에셋 레버리지 삼성전자 단일종목 ETN,12380.0,93369.0,93369.0,1155908220.0,1155908220.0,KOSPI,0.04
495940,RISE 미국AI테크액티브,19610.0,7398.0,7398.0,145074780.0,145074780.0,KOSPI,-1.21
455660,ACE 미국하이일드액티브(H),9145.0,22739.0,22739.0,207948155.0,207948155.0,KOSPI,-0.05
068290,삼성출판사,6120.0,11337.0,11337.0,69382440.0,69382440.0,KOSPI,0.49
014990,인디에프,4060.0,208653.0,208653.0,847131180.0,847131180.0,KOSPI,3.18
520086,미래에셋-0.5X S&P500 VIX S/T선물 ETN(H)B,24390.0,53.0,53.0,1292670.0,1292670.0,KOSPI,-0.63
0220B0,DS 코스닥액티브,12660.0,1493812.0,1493812.0,18911659920.0,18911659920.0,KOSPI,0.48
072130,유엔젤,4780.0,14025.0,14025.0,67039500.0,67039500.0,KOSPI,-0.52
004450,삼화왕관,28150.0,833.0,833.0,23448950.0,23448950.0,KOSPI,0.0
003925,남양유업우,31700.0,4165.0,4165.0,132030500.0,132030500.0,KOSPI,4.62
491220,PLUS 200TR,133155.0,5343.0,5343.0,711447165.0,711447165.0,KOSPI,0.84
002760,보락,999.0,42491.0,42491.0,42448509.0,42448509.0,KOSPI,-0.1
760018,키움 미국달러선물 ETN B,9960.0,3.0,3.0,29880.0,29880.0,KOSPI,-0.6
440640,ACE 단기채권알파액티브,112950.0,392.0,392.0,44276400.0,44276400.0,KOSPI,0.02
275980,TIGER 글로벌4차산업혁신기술(합성 H),23855.0,156.0,156.0,3721380.0,3721380.0,KOSPI,0.15
000220,유유제약,3785.0,22463.0,22463.0,85022455.0,85022455.0,KOSPI,-0.39
372910,한컴라이프케어,2140.0,156708.0,156708.0,335355120.0,335355120.0,KOSPI,-0.23
0040S0,HANARO 글로벌피지컬AI액티브,23590.0,10231.0,10231.0,241349290.0,241349290.0,KOSPI,-0.61
480310,TIGER 글로벌온디바이스AI,21795.0,19780.0,19780.0,431105100.0,431105100.0,KOSPI,-1.13
140700,KODEX 보험,20165.0,62285.0,62285.0,1255977025.0,1255977025.0,KOSPI,0.5
453640,KODEX 미국S&P500헬스케어,13580.0,18774.0,18774.0,254950920.0,254950920.0,KOSPI,-2.55
0172V0,1Q 은액티브,7785.0,79893.0,79893.0,621967005.0,621967005.0,KOSPI,-0.45
304780,HANARO 200선물레버리지,129425.0,157.0,157.0,20319725.0,20319725.0,KOSPI,1.47
35320K,대덕전자1우,27700.0,10736.0,10736.0,297387200.0,297387200.0,KOSPI,1.47
111110,호전실업,6400.0,1493.0,1493.0,9555200.0,9555200.0,KOSPI,0.0
0181L0,SOL 미국우주항공TOP10,6960.0,73527.0,73527.0,511747920.0,511747920.0,KOSPI,-2.59
129260,인터지스,1939.0,13440.0,13440.0,26060160.0,26060160.0,KOSPI,2.05
520101,미래에셋 레버리지 SK하이닉스 단일종목ETN,11515.0,27329.0,27329.0,314693435.0,314693435.0,KOSPI,0.88
0226A0,PLUS SK하이닉스샌디스크채권혼합50,11390.0,96785.0,96785.0,1102381150.0,1102381150.0,KOSPI,0.09
225040,TIGER 미국S&P500레버리지(합성 H),67500.0,3403.0,3403.0,229702500.0,229702500.0,KOSPI,-0.42
37550K,DL이앤씨우,26800.0,1939.0,1939.0,51965200.0,51965200.0,KOSPI,0.37
434960,DAISHIN K200,112940.0,4.0,4.0,451760.0,451760.0,KOSPI,0.59
442560,RISE TDF2040액티브 적격,16365.0,10632.0,10632.0,173992680.0,173992680.0,KOSPI,-0.4
001465,BYC우,26200.0,4264.0,4264.0,111716800.0,111716800.0,KOSPI,0.0
520087,미래에셋 레버리지 KRX 금현물 ETN,28175.0,40487.0,40487.0,1140721225.0,1140721225.0,KOSPI,-0.86
006890,태경케미컬,4855.0,11125.0,11125.0,54011875.0,54011875.0,KOSPI,0.21
385590,ACE ESG액티브,24465.0,377.0,377.0,9223305.0,9223305.0,KOSPI,0.93
075180,새론오토모티브,2930.0,3335.0,3335.0,9771550.0,9771550.0,KOSPI,1.21
610088,메리츠 레버리지 WTI원유 선물 ETN(H),56250.0,4718.0,4718.0,265387500.0,265387500.0,KOSPI,8.06
090080,평화산업,1022.0,65160.0,65160.0,66593520.0,66593520.0,KOSPI,-0.49
476750,ACE 미국30년국채엔화노출액티브(H),6915.0,57979.0,57979.0,400924785.0,400924785.0,KOSPI,-0.07
0141S0,SOL 조선기자재,8545.0,63434.0,63434.0,542043530.0,542043530.0,KOSPI,0.12
530124,삼성 레버리지 일본니케이225선물 ETN(H),55930.0,2148.0,2148.0,120137640.0,120137640.0,KOSPI,-2.41
003465,유화증권우,3165.0,272.0,272.0,860880.0,860880.0,KOSPI,1.44
0220WL,한화머시너리앤서비스홀딩스3우B,2335.0,112615.0,112615.0,262956025.0,262956025.0,KOSPI,0.65
760016,키움 레버리지 조선TOP10 ETN,55195.0,186.0,186.0,10266270.0,10266270.0,KOSPI,0.25
0238P0,TIGER 미국S&P500미국채혼합50,10095.0,112035.0,112035.0,1130993325.0,1130993325.0,KOSPI,-0.35
500093,신한 블룸버그 레버리지 WTI원유선물 ETN B,55010.0,48.0,48.0,2640480.0,2640480.0,KOSPI,8.93
025530,SJM홀딩스,3680.0,3152.0,3152.0,11599360.0,11599360.0,KOSPI,1.52
455960,RISE 미국달러SOFR금리액티브(합성),11965.0,424.0,424.0,5073160.0,5073160.0,KOSPI,0.13
261070,TIGER 코스닥150바이오테크,11460.0,204233.0,204233.0,2340510180.0,2340510180.0,KOSPI,-2.47
007460,에이프로젠,2135.0,362977.0,362977.0,774955895.0,774955895.0,KOSPI,8.05
700029,하나 S&P 레버리지 WTI원유 선물 ETN B,54705.0,3.0,3.0,164115.0,164115.0,KOSPI,5.52
580076,KB 레버리지 미국 나스닥 100 TR ETN B,27330.0,64.0,64.0,1749120.0,1749120.0,KOSPI,0.81
476260,HANARO 반도체핵심공정주도주,15385.0,657845.0,657845.0,10120945325.0,10120945325.0,KOSPI,-3.06
520056,미래에셋 레버리지 코스닥150 선물 ETN,27265.0,1631.0,1631.0,44469215.0,44469215.0,KOSPI,-1.21
000725,현대건설우,51600.0,3723.0,3723.0,192106800.0,192106800.0,KOSPI,-2.27
092440,기신정기,1862.0,40661.0,40661.0,75710782.0,75710782.0,KOSPI,1.36
003780,진양산업,4175.0,95406.0,95406.0,398320050.0,398320050.0,KOSPI,0.0
28513K,SK케미칼우,25650.0,875.0,875.0,22443750.0,22443750.0,KOSPI,0.98
580068,KB S&P 레버리지 WTI원유 선물 ETN B,54180.0,7382.0,7382.0,399956760.0,399956760.0,KOSPI,5.33
0000D0,TIGER 엔비디아미국채커버드콜밸런스(합성),8580.0,39491.0,39491.0,338832780.0,338832780.0,KOSPI,-0.46
378850,화승알앤에이,2840.0,19097.0,19097.0,54235480.0,54235480.0,KOSPI,0.0
396690,미래에셋글로벌리츠,1360.0,45645.0,45645.0,62077200.0,62077200.0,KOSPI,0.89
580034,KB 레버리지 FANG 플러스 ETN(H),107560.0,19.0,19.0,2043640.0,2043640.0,KOSPI,-1.44
530133,삼성 블룸버그 레버리지 WTI원유선물 ETN B,53645.0,1270.0,1270.0,68129150.0,68129150.0,KOSPI,5.49
401470,KODEX 메타버스액티브,9325.0,4880.0,4880.0,45506000.0,45506000.0,KOSPI,0.38
0166S0,PLUS K제조업핵심기업액티브,11755.0,34322.0,34322.0,403455110.0,403455110.0,KOSPI,0.21
006125,SK디스커버리우,43400.0,3518.0,3518.0,152681200.0,152681200.0,KOSPI,1.64
021050,서원,1125.0,99567.0,99567.0,112012875.0,112012875.0,KOSPI,0.45
0194T0,ACE SK하이닉스단일종목레버리지,9875.0,31033.0,31033.0,306450875.0,306450875.0,KOSPI,1.59
003475,유안타증권우,4160.0,3835.0,3835.0,15953600.0,15953600.0,KOSPI,-0.24
520089,미래에셋 CAPE 실러 US Core Sector ETN,10630.0,471.0,471.0,5006730.0,5006730.0,KOSPI,0.0
0041D0,KODEX 미국AI소프트웨어TOP10,14350.0,80717.0,80717.0,1158288950.0,1158288950.0,KOSPI,-0.35
001550,조비,10210.0,8644.0,8644.0,88255240.0,88255240.0,KOSPI,0.1
253150,PLUS 200선물레버리지,212015.0,205.0,205.0,43463075.0,43463075.0,KOSPI,1.17
023810,인팩,5300.0,8393.0,8393.0,44482900.0,44482900.0,KOSPI,0.95
520092,미래에셋 레버리지 은 선물 ETN B,26485.0,23089.0,23089.0,611512165.0,611512165.0,KOSPI,-0.47
150460,TIGER 중국소비테마,7205.0,42845.0,42845.0,308698225.0,308698225.0,KOSPI,-0.83
0111J0,HANARO 증권고배당TOP3플러스,11985.0,19538.0,19538.0,234162930.0,234162930.0,KOSPI,-0.04
275300,KODEX 우량주,30995.0,10019.0,10019.0,310538905.0,310538905.0,KOSPI,0.15
101140,인바이오젠,5230.0,7795.0,7795.0,40767850.0,40767850.0,KOSPI,11.75
004830,덕성,3345.0,23186.0,23186.0,77557170.0,77557170.0,KOSPI,1.83
479730,TIGER 인도빌리언컨슈머,8875.0,8178.0,8178.0,72579750.0,72579750.0,KOSPI,-2.1
530113,삼성 레버리지 S&P500 선물 ETN,52235.0,13.0,13.0,679055.0,679055.0,KOSPI,-0.25
101280,KODEX 일본TOPIX100,30315.0,2863.0,2863.0,86791845.0,86791845.0,KOSPI,-0.05
0046Y0,ACE 미국배당퀄리티,12125.0,8404.0,8404.0,101898500.0,101898500.0,KOSPI,-0.29
012690,모나리자,1423.0,34204.0,34204.0,48672292.0,48672292.0,KOSPI,0.49
006980,우성,16800.0,3087.0,3087.0,51861600.0,51861600.0,KOSPI,-0.18
010770,평화홀딩스,3540.0,12432.0,12432.0,44009280.0,44009280.0,KOSPI,1.0
114470,KIWOOM 국고채3년,107700.0,304.0,304.0,32740800.0,32740800.0,KOSPI,0.26
152500,ACE 레버리지,46995.0,12699.0,12699.0,596789505.0,596789505.0,KOSPI,1.12
287180,PLUS 미국나스닥테크,57315.0,7523.0,7523.0,431180745.0,431180745.0,KOSPI,-0.35
292560,TIGER 일본엔선물,7925.0,71104.0,71104.0,563499200.0,563499200.0,KOSPI,-0.25
011230,삼화전자,2675.0,155766.0,155766.0,416674050.0,416674050.0,KOSPI,-0.93
445150,KODEX 친환경조선해운액티브,27680.0,5787.0,5787.0,160184160.0,160184160.0,KOSPI,1.52
123700,SJM,3280.0,14448.0,14448.0,47389440.0,47389440.0,KOSPI,0.92
005305,롯데칠성우,66000.0,104.0,104.0,6864000.0,6864000.0,KOSPI,-0.15
0113P0,HK 머니마켓액티브,102705.0,10429.0,10429.0,1071110445.0,1071110445.0,KOSPI,0.01
0118Z0,ACE 미국AI테크핵심산업액티브,8590.0,14811.0,14811.0,127226490.0,127226490.0,KOSPI,-1.26
011390,부산산업,48400.0,1950.0,1950.0,94380000.0,94380000.0,KOSPI,2.65
336160,RISE 금융채액티브,100105.0,8.0,8.0,800840.0,800840.0,KOSPI,0.28
473490,KIWOOM 글로벌AI반도체,33655.0,17262.0,17262.0,580952610.0,580952610.0,KOSPI,0.09
0139P0,ACE 고배당주,13250.0,14163.0,14163.0,187659750.0,187659750.0,KOSPI,0.99
006880,신송홀딩스,4255.0,8348.0,8348.0,35520740.0,35520740.0,KOSPI,0.83
520072,미래에셋 미국 AI TOP3 ETN,16770.0,5.0,5.0,83850.0,83850.0,KOSPI,-0.24
0118S0,SOL 미국넥스트테크TOP10액티브,10885.0,30630.0,30630.0,333407550.0,333407550.0,KOSPI,-0.87
0000Z0,RISE 바이오TOP10액티브,8530.0,114241.0,114241.0,974475730.0,974475730.0,KOSPI,-1.73
0185L0,TIME 글로벌휴머노이드로봇산업액티브,7105.0,14221.0,14221.0,101040205.0,101040205.0,KOSPI,-0.7
011300,우성머티리얼스,2885.0,44106.0,44106.0,127245810.0,127245810.0,KOSPI,0.87
475260,ACE 2월만기자동연장회사채AA-이상액티브,10770.0,5811.0,5811.0,62584470.0,62584470.0,KOSPI,0.0
316670,KIWOOM 코스닥150,7570.0,597879.0,597879.0,4525944030.0,4525944030.0,KOSPI,-0.66
580056,KB 일본 로보틱스 TOP 10 ETN,24750.0,127.0,127.0,3143250.0,3143250.0,KOSPI,0.36
002630,오리엔트바이오,1668.0,27445.0,27445.0,45778260.0,45778260.0,KOSPI,2.46
204480,TIGER 차이나CSI300레버리지(합성),20765.0,9301.0,9301.0,193135265.0,193135265.0,KOSPI,-1.12
140950,파워 코스피100,88045.0,5366.0,5366.0,472449470.0,472449470.0,KOSPI,0.61
610061,메리츠 3X 레버리지 국채30년 ETN,24645.0,1942.0,1942.0,47860590.0,47860590.0,KOSPI,2.39
295020,RISE 국채선물10년인버스,60710.0,13.0,13.0,789230.0,789230.0,KOSPI,-0.57
000950,전방,29100.0,657.0,657.0,19118700.0,19118700.0,KOSPI,-1.85
001620,케이비아이동국실업,2195.0,7531.0,7531.0,16530545.0,16530545.0,KOSPI,0.46
442260,마이티 다이나믹퀀트액티브,39380.0,2067.0,2067.0,81398460.0,81398460.0,KOSPI,0.5
461340,HANARO 글로벌생성형AI액티브,44385.0,2256.0,2256.0,100132560.0,100132560.0,KOSPI,-1.28
218420,KODEX 미국S&P500에너지(합성),19825.0,49100.0,49100.0,973407500.0,973407500.0,KOSPI,1.74
440910,WON 미국우주항공방산,21600.0,15617.0,15617.0,337327200.0,337327200.0,KOSPI,0.14
005320,온타이드,1417.0,403223.0,403223.0,571366991.0,571366991.0,KOSPI,7.02
261220,KODEX WTI원유선물(H),26910.0,56352.0,56352.0,1516432320.0,1516432320.0,KOSPI,3.06
002140,고려산업,1940.0,100376.0,100376.0,194729440.0,194729440.0,KOSPI,1.31
004410,서울식품,1225.0,97067.0,97067.0,118907075.0,118907075.0,KOSPI,0.74
0178H0,IBK 미국AI TOP10국채혼합50,10240.0,13643.0,13643.0,139704320.0,139704320.0,KOSPI,0.29
0141T0,SOL 중기종합채권(AA-이상)액티브,50380.0,1.0,1.0,50380.0,50380.0,KOSPI,0.18
009320,아진전자부품,972.0,63534.0,63534.0,61755048.0,61755048.0,KOSPI,0.93
700027,하나 반도체 ETN,47835.0,12451.0,12451.0,595593585.0,595593585.0,KOSPI,-0.67
009835,한화솔루션우,18710.0,9766.0,9766.0,182721860.0,182721860.0,KOSPI,1.19
0207G0,SOL 우주항공밸류체인,8120.0,670536.0,670536.0,5444752320.0,5444752320.0,KOSPI,6.14
442090,에셋플러스 코리아대장장이액티브,31645.0,538.0,538.0,17025010.0,17025010.0,KOSPI,0.51
0020H0,KoAct 글로벌양자컴퓨팅액티브,22595.0,9038.0,9038.0,204213610.0,204213610.0,KOSPI,-1.97
305050,ACE 코스피,72950.0,1551.0,1551.0,113145450.0,113145450.0,KOSPI,0.5
447430,ACE 주주환원가치주액티브,16585.0,14529.0,14529.0,240963465.0,240963465.0,KOSPI,0.79
360140,KODEX 200롱코스닥150숏선물,21385.0,18781.0,18781.0,401631685.0,401631685.0,KOSPI,1.21
610101,메리츠 인버스 2X 은 선물 ETN(H),46950.0,9.0,9.0,422550.0,422550.0,KOSPI,-0.04
041650,상신브레이크,2185.0,2522.0,2522.0,5510570.0,5510570.0,KOSPI,0.23
357250,미래에셋맵스리츠,1867.0,6937.0,6937.0,12951379.0,12951379.0,KOSPI,1.03
0086B0,TIGER 리츠부동산인프라TOP10액티브,9500.0,27724.0,27724.0,263378000.0,263378000.0,KOSPI,0.69
520057,미래에셋 인버스 2X 코스닥150 선물 ETN,1476.0,15705557.0,15705557.0,23181402132.0,23181402132.0,KOSPI,1.37
004540,깨끗한나라,1244.0,8617.0,8617.0,10719548.0,10719548.0,KOSPI,0.0
000910,유니온,2965.0,18984.0,18984.0,56287560.0,56287560.0,KOSPI,0.17
002920,유성기업,1783.0,60140.0,60140.0,107229620.0,107229620.0,KOSPI,-0.11
473590,ACE 미국주식베스트셀러,19620.0,22678.0,22678.0,444942360.0,444942360.0,KOSPI,-2.27
123310,TIGER 인버스,1086.0,1720131.0,1720131.0,1868062266.0,1868062266.0,KOSPI,-0.64
371470,TIGER 차이나바이오테크SOLACTIVE,8680.0,11572.0,11572.0,100444960.0,100444960.0,KOSPI,-1.42
487130,KoAct AI인프라액티브,31580.0,24882.0,24882.0,785773560.0,785773560.0,KOSPI,-0.71
481430,RISE 국고채10년액티브,98385.0,1196.0,1196.0,117668460.0,117668460.0,KOSPI,0.8
084870,TBH글로벌,2235.0,7036.0,7036.0,15725460.0,15725460.0,KOSPI,2.05
196030,ACE 일본TOPIX레버리지(H),91410.0,76.0,76.0,6947160.0,6947160.0,KOSPI,-1.69
375770,KODEX 탄소효율그린뉴딜,25380.0,462.0,462.0,11725560.0,11725560.0,KOSPI,0.61
570119,한투 인버스2X은선물 ETN,45215.0,2.0,2.0,90430.0,90430.0,KOSPI,-3.71
530143,삼성 인버스 2X 은 선물 ETN,45150.0,2038.0,2038.0,92015700.0,92015700.0,KOSPI,0.44
003080,SB성보,2245.0,19194.0,19194.0,43090530.0,43090530.0,KOSPI,0.9
092780,DYP,3405.0,35921.0,35921.0,122311005.0,122311005.0,KOSPI,-0.29
238720,ACE 일본Nikkei225(H),49805.0,1854.0,1854.0,92338470.0,92338470.0,KOSPI,-0.95
0186S0,1Q 코스닥150채권혼합50액티브,8745.0,379455.0,379455.0,3318333975.0,3318333975.0,KOSPI,-0.4
580081,KB 인버스 2X 은 선물 ETN,44580.0,199.0,199.0,8871420.0,8871420.0,KOSPI,-2.24
276990,KODEX 글로벌로봇(합성),25180.0,3522.0,3522.0,88683960.0,88683960.0,KOSPI,-0.3
520102,미래에셋 인버스 2X 코스피200 선물 ETN B,22275.0,1294913.0,1294913.0,28844187075.0,28844187075.0,KOSPI,-1.0
453650,KODEX 미국S&P500금융,17770.0,39036.0,39036.0,693669720.0,693669720.0,KOSPI,-0.67
200030,KODEX 미국S&P500산업재(합성),39365.0,6488.0,6488.0,255400120.0,255400120.0,KOSPI,0.04
004910,조광페인트,3445.0,4698.0,4698.0,16184610.0,16184610.0,KOSPI,1.47
0194M0,ACE 삼성전자단일종목레버리지,12390.0,36292.0,36292.0,449657880.0,449657880.0,KOSPI,0.85
014910,성문전자,2005.0,154651.0,154651.0,310075255.0,310075255.0,KOSPI,1.37
017180,명문제약,1277.0,46704.0,46704.0,59641008.0,59641008.0,KOSPI,0.79
520091,미래에셋 인버스 천연가스 선물 ETN B,10815.0,211.0,211.0,2281965.0,2281965.0,KOSPI,1.17
002870,신풍,1235.0,248722.0,248722.0,307171670.0,307171670.0,KOSPI,8.71
440650,ACE 미국달러단기채권액티브,11350.0,24890.0,24890.0,282501500.0,282501500.0,KOSPI,-0.57
446070,유니드비티플러스,4045.0,36254.0,36254.0,146647430.0,146647430.0,KOSPI,-0.98
0197W0,SOL SK하이닉스단일종목레버리지,9695.0,81228.0,81228.0,787505460.0,787505460.0,KOSPI,1.57
008420,문배철강,2085.0,37284.0,37284.0,77737140.0,77737140.0,KOSPI,-0.24
570118,한투 인버스2X천연가스선물 ETN B,10680.0,1922.0,1922.0,20526960.0,20526960.0,KOSPI,3.29
520078,미래에셋 미국 제약 TOP3 ETN,14180.0,3.0,3.0,42540.0,42540.0,KOSPI,-1.32
0089C0,KODEX 미국S&P500변동성확대시커버드콜,11190.0,1952.0,1952.0,21842880.0,21842880.0,KOSPI,-0.58
481850,신한글로벌액티브리츠,978.0,9401.0,9401.0,9194178.0,9194178.0,KOSPI,0.1
004060,SG세계물산,2095.0,66341.0,66341.0,138984395.0,138984395.0,KOSPI,1.7
520073,미래에셋 레버리지 미국 AI TOP3 ETN,42345.0,61.0,61.0,2583045.0,2583045.0,KOSPI,-0.76
0112X0,마이티 200TR,42255.0,10798.0,10798.0,456269490.0,456269490.0,KOSPI,0.42
026940,부국철강,2110.0,113950.0,113950.0,240434500.0,240434500.0,KOSPI,-1.4
100910,KIWOOM KRX100,17540.0,13207.0,13207.0,231650780.0,231650780.0,KOSPI,0.57
256750,KODEX 차이나심천ChiNext(합성),13760.0,18710.0,18710.0,257449600.0,257449600.0,KOSPI,-0.9
472840,IBK 200,111280.0,500.0,500.0,55640000.0,55640000.0,KOSPI,0.5
011330,유니켐,4165.0,94765.0,94765.0,394696225.0,394696225.0,KOSPI,4.13
401170,RISE 메타버스,10630.0,1308.0,1308.0,13904040.0,13904040.0,KOSPI,0.52
448570,FOCUS AI코리아액티브,30505.0,115.0,115.0,3508075.0,3508075.0,KOSPI,1.41
0132H0,KODEX 미국원자력SMR,6915.0,37577.0,37577.0,259844955.0,259844955.0,KOSPI,-1.91
023350,한국종합기술,3750.0,18974.0,18974.0,71152500.0,71152500.0,KOSPI,-0.27
183700,RISE 200채권혼합50,97560.0,2755.0,2755.0,268777800.0,268777800.0,KOSPI,0.4
000215,DL우,24300.0,131.0,131.0,3183300.0,3183300.0,KOSPI,0.41
491830,TIGER 미국AI반도체팹리스,23220.0,15464.0,15464.0,359074080.0,359074080.0,KOSPI,-2.03
472830,RISE 미국30년국채커버드콜(합성),7275.0,24150.0,24150.0,175691250.0,175691250.0,KOSPI,-0.34
049800,우진플라임,2005.0,94929.0,94929.0,190332645.0,190332645.0,KOSPI,6.88
004920,씨아이테크,7670.0,80386.0,80386.0,616560620.0,616560620.0,KOSPI,-15.44
469050,RISE 미국반도체NYSE(H),34765.0,52848.0,52848.0,1837260720.0,1837260720.0,KOSPI,-1.17
570117,한투 인버스2XWTI원유선물 ETN B,1814.0,259187.0,259187.0,470165218.0,470165218.0,KOSPI,-6.54
275280,KODEX 모멘텀주,44305.0,3235.0,3235.0,143326675.0,143326675.0,KOSPI,0.46
023960,에쓰씨엔지니어링,1046.0,18895.0,18895.0,19764170.0,19764170.0,KOSPI,4.08
011420,갤럭시아에스엠,1444.0,24550.0,24550.0,35450200.0,35450200.0,KOSPI,-0.41
009810,MDS스피어,1950.0,6174.0,6174.0,12039300.0,12039300.0,KOSPI,4.45
520074,미래에셋 미국 방위산업 TOP3 ETN,13225.0,5.0,5.0,66125.0,66125.0,KOSPI,-0.97
500095,신한 S&P500 VIX S/T 선물 ETN E,6600.0,2002.0,2002.0,13213200.0,13213200.0,KOSPI,1.3
008870,금비,39400.0,524.0,524.0,20645600.0,20645600.0,KOSPI,-0.63
007110,일신석재,2540.0,368002.0,368002.0,934725080.0,934725080.0,KOSPI,-9.29
0189B0,TIGER 은액티브,7515.0,21465.0,21465.0,161309475.0,161309475.0,KOSPI,-0.27
450910,SOL 코스닥150,14890.0,156909.0,156909.0,2336375010.0,2336375010.0,KOSPI,-0.53
139320,TIGER 금은선물(H),17335.0,5590.0,5590.0,96902650.0,96902650.0,KOSPI,-0.26
322410,HANARO K고배당,22265.0,7050.0,7050.0,156968250.0,156968250.0,KOSPI,0.88
139280,TIGER 경기방어,12100.0,3502.0,3502.0,42374200.0,42374200.0,KOSPI,-0.98
0100K0,KODEX 방산TOP10레버리지,6435.0,652273.0,652273.0,4197376755.0,4197376755.0,KOSPI,9.07
145270,케이탑리츠,803.0,69461.0,69461.0,55777183.0,55777183.0,KOSPI,0.5
520082,미래에셋 미국 자율주행대표기업 ETN,12840.0,3609.0,3609.0,46339560.0,46339560.0,KOSPI,-0.54
0192L0,RISE SK하이닉스단일종목레버리지,10065.0,11936.0,11936.0,120135840.0,120135840.0,KOSPI,1.62
047400,유니온머티리얼,910.0,98066.0,98066.0,89240060.0,89240060.0,KOSPI,-0.98
494840,TIGER 미국방산TOP10,11395.0,18367.0,18367.0,209291965.0,209291965.0,KOSPI,0.26
428510,KODEX 차이나AI테크액티브,22405.0,5817.0,5817.0,130329885.0,130329885.0,KOSPI,0.74
0234N0,KIWOOM 삼성SK그룹TOP4+,10720.0,175253.0,175253.0,1878712160.0,1878712160.0,KOSPI,0.56
365000,TIGER 인터넷TOP10,3750.0,79153.0,79153.0,296823750.0,296823750.0,KOSPI,2.18
500094,신한 블룸버그 인버스2X WTI원유선물 ETN B,1799.0,337084.0,337084.0,606414116.0,606414116.0,KOSPI,-5.81
610038,메리츠 레버리지 미국채30년 ETN(H),3765.0,849.0,849.0,3196485.0,3196485.0,KOSPI,-0.53
570102,한투 레버리지나스닥100 ETN B,18735.0,60.0,60.0,1124100.0,1124100.0,KOSPI,-2.29
133820,화인베스틸,1006.0,20471.0,20471.0,20593826.0,20593826.0,KOSPI,2.34
134790,시디즈,18600.0,135.0,135.0,2511000.0,2511000.0,KOSPI,-0.96
027740,마니커,1168.0,21766.0,21766.0,25422688.0,25422688.0,KOSPI,2.46
449690,TIGER 한중반도체(합성),49435.0,22.0,22.0,1087570.0,1087570.0,KOSPI,-0.05
610078,메리츠 3X 레버리지 미국채30년 ETN,30835.0,6137.0,6137.0,189234395.0,189234395.0,KOSPI,-0.24
0007G0,PLUS 글로벌원자력밸류체인,12120.0,19385.0,19385.0,234946200.0,234946200.0,KOSPI,0.21
002360,SH에너지화학,3325.0,309229.0,309229.0,1028186425.0,1028186425.0,KOSPI,-8.15
147970,TIGER 모멘텀,80285.0,5395.0,5395.0,433137575.0,433137575.0,KOSPI,0.97
0204S0,TIGER 코스닥액티브,8310.0,179085.0,179085.0,1488196350.0,1488196350.0,KOSPI,0.12
570029,한투 코스피양매도3%OTM ETN,7340.0,1.0,1.0,7340.0,7340.0,KOSPI,1.45
570103,한투 인버스2X나스닥100 ETN B,3665.0,1221.0,1221.0,4474965.0,4474965.0,KOSPI,0.96
276650,RISE 글로벌테크놀로지(합성 H),48860.0,348.0,348.0,17003280.0,17003280.0,KOSPI,0.52
000890,보해양조,1322.0,93259.0,93259.0,123288398.0,123288398.0,KOSPI,0.84
195930,TIGER 유로스탁스50(합성 H),22590.0,30363.0,30363.0,685900170.0,685900170.0,KOSPI,-1.5
352540,KODEX 일본부동산리츠(H),10600.0,13258.0,13258.0,140534800.0,140534800.0,KOSPI,-1.17
400970,TIGER Fn메타버스,7185.0,5589.0,5589.0,40156965.0,40156965.0,KOSPI,0.49
0085N0,ACE 미국10년국채액티브(H),9435.0,38244.0,38244.0,360832140.0,360832140.0,KOSPI,0.32
494410,PLUS 미국S&P500성장주,14325.0,4645.0,4645.0,66539625.0,66539625.0,KOSPI,-0.76
464470,PLUS 미국채30년액티브,44355.0,11156.0,11156.0,494824380.0,494824380.0,KOSPI,-0.48
012280,영화금속,3595.0,14415.0,14415.0,51821925.0,51821925.0,KOSPI,3.16
002880,디와이에이,3800.0,34275.0,34275.0,130245000.0,130245000.0,KOSPI,6.44
385520,KODEX 자율주행액티브,16465.0,11397.0,11397.0,187651605.0,187651605.0,KOSPI,1.14
760024,키움 인버스 2X K방산 TOP5 ETN,7840.0,1022.0,1022.0,8012480.0,8012480.0,KOSPI,-6.94
760005,키움 INDXX 미국테크탑10 ETN,35215.0,5.0,5.0,176075.0,176075.0,KOSPI,-0.76
276970,KODEX 미국S&P500배당귀족커버드콜(합성 H),7490.0,5400.0,5400.0,40446000.0,40446000.0,KOSPI,0.47
104530,KIWOOM 코리아고배당,17115.0,6453.0,6453.0,110443095.0,110443095.0,KOSPI,0.23
520077,미래에셋 -1.5X 천연가스 선물 ETN,14020.0,603.0,603.0,8454060.0,8454060.0,KOSPI,2.22
241390,RISE V&S셀렉트밸류채권혼합,15910.0,11465.0,11465.0,182408150.0,182408150.0,KOSPI,0.79
012160,영흥,2235.0,11634.0,11634.0,26001990.0,26001990.0,KOSPI,7.71
117460,KODEX 에너지화학,14635.0,78073.0,78073.0,1142598355.0,1142598355.0,KOSPI,4.09
010640,진양폴리,2085.0,58600.0,58600.0,122181000.0,122181000.0,KOSPI,-1.18
530118,삼성 코스닥 150 TR ETN,11575.0,85615.0,85615.0,990993625.0,990993625.0,KOSPI,1.8
0184E0,1Q 200채권혼합50액티브,11200.0,117722.0,117722.0,1318486400.0,1318486400.0,KOSPI,0.04
500085,신한 코스피 200 TR ETN,34610.0,194.0,194.0,6714340.0,6714340.0,KOSPI,1.21
530117,삼성 코스피 200 TR ETN,34540.0,1250.0,1250.0,43175000.0,43175000.0,KOSPI,0.58
0023B0,PLUS 미국양자컴퓨팅TOP10,16065.0,12374.0,12374.0,198788310.0,198788310.0,KOSPI,-1.95
013000,세우글로벌,1203.0,26364.0,26364.0,31715892.0,31715892.0,KOSPI,0.25
380340,ACE 코리아AI테크핵심산업,28775.0,4994.0,4994.0,143702350.0,143702350.0,KOSPI,0.52
407830,에셋플러스 글로벌플랫폼액티브,14385.0,563.0,563.0,8098755.0,8098755.0,KOSPI,-1.78
610007,메리츠 국채30년 ETN,6900.0,111.0,111.0,765900.0,765900.0,KOSPI,0.44
610089,메리츠 인버스 2X WTI원유 선물 ETN(H),2020.0,1865735.0,1865735.0,3768784700.0,3768784700.0,KOSPI,-5.16
266360,KODEX K콘텐츠,9275.0,23413.0,23413.0,217155575.0,217155575.0,KOSPI,0.32
009460,한창제지,2770.0,6781.0,6781.0,18783370.0,18783370.0,KOSPI,1.09
008250,이건산업,3120.0,25626.0,25626.0,79953120.0,79953120.0,KOSPI,0.65
000760,이화산업,12190.0,325.0,325.0,3961750.0,3961750.0,KOSPI,-1.77
580069,KB S&P 인버스 2X WTI원유 선물 ETN B,1842.0,335618.0,335618.0,618208356.0,618208356.0,KOSPI,-6.02
004365,세방우,9170.0,644.0,644.0,5905480.0,5905480.0,KOSPI,0.22
465660,TIGER 일본반도체FACTSET,26975.0,838222.0,838222.0,22611038450.0,22611038450.0,KOSPI,-0.46
580077,KB 인버스 2X 미국 나스닥 100 TR ETN B,11225.0,5010.0,5010.0,56237250.0,56237250.0,KOSPI,1.86
449780,KIWOOM 미국S&P500(H),18655.0,10206.0,10206.0,190392930.0,190392930.0,KOSPI,-0.16
520099,미래에셋 인버스 2X 반도체 ETN,2580.0,3635779.0,3635779.0,9380309820.0,9380309820.0,KOSPI,1.57
105780,RISE 5대그룹주,16715.0,13390.0,13390.0,223813850.0,223813850.0,KOSPI,1.09
459560,KODEX 테슬라밸류체인FactSet,22270.0,15118.0,15118.0,336677860.0,336677860.0,KOSPI,0.72
005820,원림,14500.0,194.0,194.0,2813000.0,2813000.0,KOSPI,-1.02
261250,KODEX 미국달러선물레버리지,15250.0,72821.0,72821.0,1110520250.0,1110520250.0,KOSPI,-1.17
0154F0,WON 초대형IB&금융지주,11970.0,32718.0,32718.0,391634460.0,391634460.0,KOSPI,0.59
520079,미래에셋 레버리지 미국 제약 TOP3 ETN,32915.0,3.0,3.0,98745.0,98745.0,KOSPI,-3.12
446690,KODEX 아시아AI반도체exChina액티브,65730.0,29144.0,29144.0,1915635120.0,1915635120.0,KOSPI,0.54
491090,KODEX 미국테크TOP3플러스,18215.0,6713.0,6713.0,122277295.0,122277295.0,KOSPI,-1.73
138910,KODEX 구리선물(H),9935.0,21683.0,21683.0,215420605.0,215420605.0,KOSPI,-0.45
475070,KoAct 글로벌친환경전력인프라액티브,29800.0,8679.0,8679.0,258634200.0,258634200.0,KOSPI,-0.72
498860,RISE 코리아금융고배당,16345.0,12254.0,12254.0,200291630.0,200291630.0,KOSPI,0.4
006370,대구백화점,3020.0,54640.0,54640.0,165012800.0,165012800.0,KOSPI,-0.98
051630,진양화학,1540.0,329663.0,329663.0,507681020.0,507681020.0,KOSPI,0.33
452250,ACE 미국30년국채선물레버리지(합성 H),4210.0,14722.0,14722.0,61979620.0,61979620.0,KOSPI,0.36
0166N0,PLUS 코스닥150액티브,9270.0,120475.0,120475.0,1116803250.0,1116803250.0,KOSPI,0.43
090370,메타랩스,1188.0,11401.0,11401.0,13544388.0,13544388.0,KOSPI,0.51
0138T0,RISE 미국S&P500데일리고정커버드콜,9250.0,29619.0,29619.0,273975750.0,273975750.0,KOSPI,-0.7
0089B0,PLUS 미국나스닥100미국채혼합50,11160.0,16900.0,16900.0,188604000.0,188604000.0,KOSPI,-1.11
122260,KIWOOM 통안채1년,104320.0,3003.0,3003.0,313272960.0,313272960.0,KOSPI,0.06
474800,KIWOOM 미국원유에너지기업,15375.0,34093.0,34093.0,524179875.0,524179875.0,KOSPI,1.52
520096,미래에셋 인버스 2X WTI원유 선물 ETN,12875.0,778159.0,778159.0,10018797125.0,10018797125.0,KOSPI,-6.3
261060,TIGER 코스닥150IT,29240.0,79919.0,79919.0,2336831560.0,2336831560.0,KOSPI,-0.24
217770,TIGER 원유선물인버스(H),1099.0,456301.0,456301.0,501474799.0,501474799.0,KOSPI,-2.74
014130,한익스프레스,2715.0,17148.0,17148.0,46556820.0,46556820.0,KOSPI,0.37
0192T0,SOL 코스닥TOP10,7430.0,354534.0,354534.0,2634187620.0,2634187620.0,KOSPI,-0.13
156080,KODEX MSCI Korea,53210.0,8303.0,8303.0,441802630.0,441802630.0,KOSPI,0.1
0150K0,KoAct 수소전력ESS인프라액티브,11400.0,36632.0,36632.0,417604800.0,417604800.0,KOSPI,1.65
275290,KODEX 가치주,35455.0,3840.0,3840.0,136147200.0,136147200.0,KOSPI,0.33
010400,우진아이엔에스,4185.0,19190.0,19190.0,80310150.0,80310150.0,KOSPI,2.32
500040,신한 레버리지 구리 선물 ETN,31845.0,53.0,53.0,1687785.0,1687785.0,KOSPI,-1.47
088790,진도,2540.0,18904.0,18904.0,48016160.0,48016160.0,KOSPI,0.99
494340,ACE 글로벌AI맞춤형반도체,21065.0,22667.0,22667.0,477480355.0,477480355.0,KOSPI,-1.7
469790,KIWOOM 코리아테크TOP10,44935.0,3890.0,3890.0,174797150.0,174797150.0,KOSPI,0.32
003535,한화투자증권우,6540.0,13220.0,13220.0,86458800.0,86458800.0,KOSPI,0.46
322400,HANARO e커머스,9485.0,1898.0,1898.0,18002530.0,18002530.0,KOSPI,-0.94
009140,케이아이이,19900.0,1085.0,1085.0,21591500.0,21591500.0,KOSPI,1.95
465350,RISE 2차전지TOP10인버스(합성),15625.0,62601.0,62601.0,978140625.0,978140625.0,KOSPI,-2.62
395170,KODEX Top10동일가중,15600.0,1987.0,1987.0,30997200.0,30997200.0,KOSPI,0.81
261140,TIGER 우선주,24360.0,7367.0,7367.0,179460120.0,179460120.0,KOSPI,-0.39
464920,PLUS 일본반도체소부장,25935.0,45564.0,45564.0,1181702340.0,1181702340.0,KOSPI,0.0
570127,한투 인버스2X코스피200선물 ETN,31065.0,832.0,832.0,25846080.0,25846080.0,KOSPI,-1.16
069640,한세엠케이,1429.0,28902.0,28902.0,41300958.0,41300958.0,KOSPI,-1.92
153270,KIWOOM 코스피100,86040.0,2328.0,2328.0,200301120.0,200301120.0,KOSPI,0.46
0192M0,RISE 삼성전자단일종목레버리지,12475.0,31942.0,31942.0,398476450.0,398476450.0,KOSPI,0.36
468630,KODEX iShares미국투자등급회사채액티브,10240.0,33118.0,33118.0,339128320.0,339128320.0,KOSPI,-0.29
001070,대한방직,5790.0,8355.0,8355.0,48375450.0,48375450.0,KOSPI,0.7
024070,WISCOM,1999.0,7840.0,7840.0,15672160.0,15672160.0,KOSPI,1.27
227540,TIGER 200 헬스케어,18440.0,13131.0,13131.0,242135640.0,242135640.0,KOSPI,-1.34
025750,한솔홈데코,1899.0,5546.0,5546.0,10531854.0,10531854.0,KOSPI,-0.05
0083S0,1Q 미국메디컬AI,11750.0,36955.0,36955.0,434221250.0,434221250.0,KOSPI,-3.92
0155N0,HANARO K휴머노이드테마TOP10,7825.0,18597.0,18597.0,145521525.0,145521525.0,KOSPI,1.23
036420,콘텐트리중앙,1584.0,21783.0,21783.0,34504272.0,34504272.0,KOSPI,-1.8
174360,RISE 중국본토대형주CSI100,21790.0,717.0,717.0,15623430.0,15623430.0,KOSPI,-0.11
099140,KODEX 차이나H,19890.0,11482.0,11482.0,228376980.0,228376980.0,KOSPI,-2.5
025890,한국주강,2730.0,5143.0,5143.0,14040390.0,14040390.0,KOSPI,2.25
387270,TIGER 글로벌이노베이션액티브,26215.0,510.0,510.0,13369650.0,13369650.0,KOSPI,-0.64
0218J0,RISE 미국우주&로봇TOP2미국채혼합50,8925.0,86717.0,86717.0,773949225.0,773949225.0,KOSPI,-1.49
139270,TIGER 200 금융,16485.0,15970.0,15970.0,263265450.0,263265450.0,KOSPI,0.58
117680,KODEX 철강,12370.0,37605.0,37605.0,465173850.0,465173850.0,KOSPI,1.77
252710,TIGER 200선물인버스2X,75.0,100394881.0,100394881.0,7529616075.0,7529616075.0,KOSPI,-1.32
006570,대림통상,1987.0,28608.0,28608.0,56844096.0,56844096.0,KOSPI,3.01
253250,KIWOOM 200선물레버리지,104310.0,705.0,705.0,73538550.0,73538550.0,KOSPI,0.93
395290,HANARO Fn K-POP&미디어,4750.0,143581.0,143581.0,682009750.0,682009750.0,KOSPI,0.0
459750,RISE 글로벌주식분산액티브,17225.0,3859.0,3859.0,66471275.0,66471275.0,KOSPI,-1.2
426150,WON 대한민국국고채액티브,51420.0,151.0,151.0,7764420.0,7764420.0,KOSPI,0.2
570082,한투 인버스2X코스닥150선물 ETN,1495.0,100567.0,100567.0,150347665.0,150347665.0,KOSPI,1.22
450190,KODEX 한중반도체(합성),49440.0,16.0,16.0,791040.0,791040.0,KOSPI,-1.4
459790,KIWOOM 미국성장기업30액티브,20450.0,1022.0,1022.0,20899900.0,20899900.0,KOSPI,-0.97
475270,ACE 5월만기자동연장회사채AA-이상액티브,10750.0,1.0,1.0,10750.0,10750.0,KOSPI,-0.05
530148,삼성 인버스 2X 코스피200 선물 ETN B,29400.0,724263.0,724263.0,21293332200.0,21293332200.0,KOSPI,-0.98
248270,TIGER S&P글로벌헬스케어(합성),25255.0,2206.0,2206.0,55712530.0,55712530.0,KOSPI,-2.0
145850,TREX 펀더멘탈 200,117170.0,16.0,16.0,1874720.0,1874720.0,KOSPI,0.27
308170,씨티알모빌리티,3390.0,6357.0,6357.0,21550230.0,21550230.0,KOSPI,0.89
476690,TIGER 글로벌비만치료제TOP2Plus,9720.0,13847.0,13847.0,134592840.0,134592840.0,KOSPI,-1.62
570069,한투 레버리지플래티넘선물 ETN,29100.0,332.0,332.0,9661200.0,9661200.0,KOSPI,0.34
006740,블루산업개발,4885.0,1812.0,1812.0,8851620.0,8851620.0,KOSPI,0.93
520075,미래에셋 레버리지 미국 방위산업 TOP3 ETN,29015.0,3.0,3.0,87045.0,87045.0,KOSPI,-2.63
192720,파워 고배당저변동성,56870.0,3095.0,3095.0,176012650.0,176012650.0,KOSPI,0.84
500035,신한 레버리지 미국달러 선물 ETN,14440.0,16.0,16.0,231040.0,231040.0,KOSPI,0.28
245350,TIGER 유로스탁스배당30,17815.0,8411.0,8411.0,149841965.0,149841965.0,KOSPI,-2.52
570081,한투 레버리지코스닥150선물 ETN,28390.0,3.0,3.0,85170.0,85170.0,KOSPI,1.65
0223R0,TIGER 미국테크NYSE100액티브,9810.0,14245.0,14245.0,139743450.0,139743450.0,KOSPI,-0.91
256440,ACE MSCI인도네시아(합성),4625.0,213146.0,213146.0,985800250.0,985800250.0,KOSPI,-1.28
009190,대양금속,627.0,1938032.0,1938032.0,1215146064.0,1215146064.0,KOSPI,-8.47
289480,TIGER 200커버드콜,13400.0,41201.0,41201.0,552093400.0,552093400.0,KOSPI,0.56
023150,MH에탄올,4535.0,54936.0,54936.0,249134760.0,249134760.0,KOSPI,3.78
019175,신풍제약우,14080.0,133.0,133.0,1872640.0,1872640.0,KOSPI,-0.49
352560,KODEX 미국부동산리츠(H),11410.0,3935.0,3935.0,44898350.0,44898350.0,KOSPI,-0.87
496770,PLUS 글로벌방산,15520.0,8847.0,8847.0,137305440.0,137305440.0,KOSPI,-1.24
003680,한성기업,4470.0,84093.0,84093.0,375895710.0,375895710.0,KOSPI,-1.87
223190,KODEX 200가치저변동,27695.0,2601.0,2601.0,72034695.0,72034695.0,KOSPI,0.64
700017,하나 레버리지 코스닥150 선물 ETN,27685.0,152.0,152.0,4208120.0,4208120.0,KOSPI,-1.58
415920,PLUS 글로벌희토류&전략자원생산기업,5800.0,50671.0,50671.0,293891800.0,293891800.0,KOSPI,-2.19
0224X0,1Q 엔비디아알파벳미국채혼합50,9650.0,45235.0,45235.0,436517750.0,436517750.0,KOSPI,-1.78
0155M0,ACE 미국SMR원자력TOP10,6020.0,40249.0,40249.0,242298980.0,242298980.0,KOSPI,-2.11
0049K0,ACE 미국배당퀄리티채권혼합50,10925.0,12887.0,12887.0,140790475.0,140790475.0,KOSPI,0.0
530106,삼성 레버리지 코스닥150 선물 ETN,27300.0,147550.0,147550.0,4028115000.0,4028115000.0,KOSPI,-1.44
118000,메타케어,1233.0,11958.0,11958.0,14744214.0,14744214.0,KOSPI,1.48
033250,체시스,4240.0,40441.0,40441.0,171469840.0,171469840.0,KOSPI,2.17
500102,신한 블룸버그 2X 천연가스 선물 ETN B,13535.0,9312.0,9312.0,126037920.0,126037920.0,KOSPI,-4.38
520093,미래에셋 인버스 2X 은 선물 ETN B,2255.0,18823.0,18823.0,42445865.0,42445865.0,KOSPI,-0.44
520090,미래에셋 천연가스 선물 ETN B,6750.0,29715.0,29715.0,200576250.0,200576250.0,KOSPI,-2.53
489290,WON 미국빌리어네어,14585.0,1271.0,1271.0,18537535.0,18537535.0,KOSPI,-1.69
760004,키움 인버스 미국달러선물 ETN,9985.0,4.0,4.0,39940.0,39940.0,KOSPI,0.66
0107F0,KIWOOM 미국고배당&AI테크,10780.0,15578.0,15578.0,167930840.0,167930840.0,KOSPI,-0.14
002690,동일제강,1327.0,39878.0,39878.0,52918106.0,52918106.0,KOSPI,-0.6
007120,미래아이앤지,984.0,81333.0,81333.0,80031672.0,80031672.0,KOSPI,0.41
610075,메리츠 3X 레버리지 미국채10년 ETN,44765.0,2354.0,2354.0,105376810.0,105376810.0,KOSPI,0.48
0239Z0,PLUS AI반도체소부장액티브,12485.0,557721.0,557721.0,6963146685.0,6963146685.0,KOSPI,-1.11
167860,KIWOOM 국고채10년레버리지,92340.0,58.0,58.0,5355720.0,5355720.0,KOSPI,1.23
001380,SG글로벌,1190.0,349660.0,349660.0,416095400.0,416095400.0,KOSPI,8.78
481340,RISE 미국30년국채액티브,7855.0,80598.0,80598.0,633097290.0,633097290.0,KOSPI,-0.19
415340,KODEX 차이나과창판STAR50(합성),12810.0,22227.0,22227.0,284727870.0,284727870.0,KOSPI,-1.23
476070,KODEX 글로벌비만치료제TOP2 Plus,9985.0,12869.0,12869.0,128496965.0,128496965.0,KOSPI,-2.63
520047,미래에셋 인버스 2X 옥수수 선물 ETN,26395.0,32.0,32.0,844640.0,844640.0,KOSPI,-0.47
0013R0,RISE 테슬라미국채타겟커버드콜혼합(합성),7325.0,16971.0,16971.0,124312575.0,124312575.0,KOSPI,-0.2
700013,하나 레버리지 콩 선물 ETN(H),26240.0,6.0,6.0,157440.0,157440.0,KOSPI,-1.39
0137W0,KIWOOM 미국S&P500&GOLD,10080.0,3631.0,3631.0,36600480.0,36600480.0,KOSPI,-1.08
006345,대원전선우,9990.0,16242.0,16242.0,162257580.0,162257580.0,KOSPI,0.4
139250,TIGER 200 에너지화학,18425.0,63576.0,63576.0,1171387800.0,1171387800.0,KOSPI,3.95
0152E0,SOL 배당성향탑픽액티브,10665.0,5995.0,5995.0,63936675.0,63936675.0,KOSPI,0.19
006490,프리티,1466.0,91353.0,91353.0,133923498.0,133923498.0,KOSPI,3.02
570047,한투 FTSE100 ETN,25985.0,1.0,1.0,25985.0,25985.0,KOSPI,-1.24
437350,RISE 미국단기투자등급회사채액티브,11795.0,7312.0,7312.0,86245040.0,86245040.0,KOSPI,-0.38
33637K,솔루스첨단소재1우,1534.0,26787.0,26787.0,41091258.0,41091258.0,KOSPI,2.61
277540,ACE 아시아TOP50,32240.0,555.0,555.0,17893200.0,17893200.0,KOSPI,-1.48
271060,KODEX 3대농산물선물(H),8595.0,10755.0,10755.0,92439225.0,92439225.0,KOSPI,0.29
003060,에이프로젠바이오로직스,1582.0,199501.0,199501.0,315610582.0,315610582.0,KOSPI,2.2
0047R0,RISE 팔란티어고정테크100,15575.0,2591.0,2591.0,40354825.0,40354825.0,KOSPI,-0.86
002355,넥센타이어1우B,3940.0,152.0,152.0,598880.0,598880.0,KOSPI,-0.13
570124,한투 인버스은선물 ETN,12770.0,2.0,2.0,25540.0,25540.0,KOSPI,-0.47
440340,TIGER 글로벌멀티에셋TIF액티브,11325.0,3567.0,3567.0,40396275.0,40396275.0,KOSPI,-0.88
483570,KCGI 미국S&P500 TOP10,15910.0,1689.0,1689.0,26871990.0,26871990.0,KOSPI,-1.49
610028,메리츠 레버리지 구리 선물 ETN(H),25380.0,3986.0,3986.0,101164680.0,101164680.0,KOSPI,-1.53
004270,남성,5560.0,13103.0,13103.0,72852680.0,72852680.0,KOSPI,-0.18
496120,ACE 코리아밸류업,33780.0,6469.0,6469.0,218522820.0,218522820.0,KOSPI,0.63
292500,SOL KRX300,50560.0,2616.0,2616.0,132264960.0,132264960.0,KOSPI,1.43
530063,삼성 레버리지 구리 선물 ETN(H),25160.0,2792.0,2792.0,70246720.0,70246720.0,KOSPI,-0.79
0203S0,WON 삼성전자현대차채권혼합50,8525.0,21854.0,21854.0,186305350.0,186305350.0,KOSPI,0.0
493420,SOL 미국배당다우존스2호,11955.0,8648.0,8648.0,103386840.0,103386840.0,KOSPI,0.08
475380,RISE 글로벌리얼티인컴,9465.0,14128.0,14128.0,133721520.0,133721520.0,KOSPI,-1.15
367740,HANARO Fn5G산업,45415.0,534.0,534.0,24251610.0,24251610.0,KOSPI,0.48
292160,TIGER KRX300,49635.0,1353.0,1353.0,67156155.0,67156155.0,KOSPI,-0.3
159800,마이티 코스피100,88565.0,1645.0,1645.0,145689425.0,145689425.0,KOSPI,0.49
0209Z0,ACE 코리아AI전력TOP10,7180.0,183163.0,183163.0,1315110340.0,1315110340.0,KOSPI,0.14
510044,대신 레버리지 미국달러 선물 ETN,16455.0,2.0,2.0,32910.0,32910.0,KOSPI,-0.93
245360,TIGER 차이나HSCEI,11470.0,5925.0,5925.0,67959750.0,67959750.0,KOSPI,-3.04
0238C0,IBK 한미대표기업TOP2+채권혼합50액티브,10220.0,1138.0,1138.0,11630360.0,11630360.0,KOSPI,0.39
760026,키움 레버리지 전력 TOP5 ETN,16340.0,46615.0,46615.0,761689100.0,761689100.0,KOSPI,1.18
610022,메리츠 미국채10년 ETN(H),8140.0,76.0,76.0,618640.0,618640.0,KOSPI,0.49
610069,메리츠 KAP 레버리지 일본 엔화 ETN,16275.0,67333.0,67333.0,1095844575.0,1095844575.0,KOSPI,0.0
0115C0,RISE 미국고배당다우존스TOP10,10370.0,78818.0,78818.0,817342660.0,817342660.0,KOSPI,-1.24
0093D0,KoAct 팔란티어밸류체인액티브,18735.0,3891.0,3891.0,72897885.0,72897885.0,KOSPI,0.75
368190,HANARO Fn K-뉴딜디지털플러스,7605.0,2094.0,2094.0,15924870.0,15924870.0,KOSPI,0.6
003495,대한항공우,21850.0,920.0,920.0,20102000.0,20102000.0,KOSPI,-0.46
610001,메리츠 인플레이션 국채 ETN,12125.0,1.0,1.0,12125.0,12125.0,KOSPI,0.5
0097L0,KIWOOM 한국고배당&미국AI테크,12425.0,12605.0,12605.0,156617125.0,156617125.0,KOSPI,0.0
0198D0,1Q SK하이닉스선물단일종목레버리지,10205.0,31091.0,31091.0,317283655.0,317283655.0,KOSPI,1.04
357430,마스턴프리미어리츠,790.0,125066.0,125066.0,98802140.0,98802140.0,KOSPI,-1.37
364690,KODEX 혁신기술테마액티브,40100.0,4025.0,4025.0,161402500.0,161402500.0,KOSPI,0.75
0164G0,RISE 차이나AI반도체TOP4Plus,11400.0,6217.0,6217.0,70873800.0,70873800.0,KOSPI,-0.13
0103T0,1Q K소버린AI,8255.0,168717.0,168717.0,1392758835.0,1392758835.0,KOSPI,0.67
0177A0,WON 두산그룹포커스,9335.0,65009.0,65009.0,606859015.0,606859015.0,KOSPI,-0.05
185680,KODEX 미국S&P바이오(합성),44600.0,5495.0,5495.0,245077000.0,245077000.0,KOSPI,-2.62
071950,코아스,1628.0,47979.0,47979.0,78109812.0,78109812.0,KOSPI,-0.67
442550,RISE TDF2030액티브 적격,14700.0,5598.0,5598.0,82290600.0,82290600.0,KOSPI,-0.07
414270,ACE 글로벌자율주행액티브,11120.0,2907.0,2907.0,32325840.0,32325840.0,KOSPI,-1.24
195970,PLUS 선진국MSCI(합성 H),15915.0,44261.0,44261.0,704413815.0,704413815.0,KOSPI,-0.93
530128,삼성 레버리지 미국다우존스 선물 ETN,23175.0,64.0,64.0,1483200.0,1483200.0,KOSPI,-0.45
570115,한투 인버스0.5X S&P500 VIX S/T선물 ETN B,23100.0,1.0,1.0,23100.0,23100.0,KOSPI,-0.56
479850,HANARO K-뷰티,17080.0,54422.0,54422.0,929527760.0,929527760.0,KOSPI,-1.44
138230,KIWOOM 미국달러선물,15865.0,1601.0,1601.0,25399865.0,25399865.0,KOSPI,-0.47
0127R0,RISE 미국AI클라우드인프라,16970.0,11996.0,11996.0,203572120.0,203572120.0,KOSPI,-0.44
580070,KB 레버리지 2차전지 TOP 10 TR ETN,22870.0,838.0,838.0,19165060.0,19165060.0,KOSPI,5.44
300950,KODEX 게임산업,5435.0,31687.0,31687.0,172218845.0,172218845.0,KOSPI,0.56
700012,하나 인버스 2X 옥수수 선물 ETN(H),22815.0,1.0,1.0,22815.0,22815.0,KOSPI,-0.09
530138,삼성 KRX 레버리지 2차전지 TOP10 TR ETN,22665.0,5122.0,5122.0,116090130.0,116090130.0,KOSPI,6.01
760012,키움 반도체TOP10 ETN,32370.0,14.0,14.0,453180.0,453180.0,KOSPI,-0.12
375760,HANARO 탄소효율그린뉴딜,25145.0,58.0,58.0,1458410.0,1458410.0,KOSPI,1.39
376410,TIGER 탄소효율그린뉴딜,25140.0,843.0,843.0,21193020.0,21193020.0,KOSPI,0.8
0223A0,RISE 코스닥커버드콜액티브,11895.0,340668.0,340668.0,4052245860.0,4052245860.0,KOSPI,-0.04
33626L,두산퓨얼셀2우B,7560.0,1024.0,1024.0,7741440.0,7741440.0,KOSPI,0.8
0047P0,RISE 테슬라고정테크100,14480.0,3688.0,3688.0,53402240.0,53402240.0,KOSPI,-1.53
108590,TREX 200,111700.0,25.0,25.0,2792500.0,2792500.0,KOSPI,0.52
760008,키움 코스닥 150 TR ETN,11160.0,4014.0,4014.0,44796240.0,44796240.0,KOSPI,-0.8
280930,KODEX 미국러셀2000(H),15925.0,7866.0,7866.0,125266050.0,125266050.0,KOSPI,0.38
004870,티웨이홀딩스,985.0,43965.0,43965.0,43305525.0,43305525.0,KOSPI,-0.91
469160,ACE 일본반도체,26225.0,13071.0,13071.0,342786975.0,342786975.0,KOSPI,-0.02
500100,신한 금 선물 ETN,11145.0,837.0,837.0,9328365.0,9328365.0,KOSPI,0.18
550085,N2 코스닥 150 TR ETN,11130.0,8.0,8.0,89040.0,89040.0,KOSPI,-0.4
388280,RISE K엔터&여행레저,6805.0,4755.0,4755.0,32357775.0,32357775.0,KOSPI,-1.02
0239Y0,PLUS 코리아HBM반도체,11080.0,217002.0,217002.0,2404382160.0,2404382160.0,KOSPI,-1.2
261120,TIGER 미국달러선물인버스2X,5530.0,4352.0,4352.0,24066560.0,24066560.0,KOSPI,0.91
419430,KODEX 차이나2차전지MSCI(합성),7895.0,2003.0,2003.0,15813685.0,15813685.0,KOSPI,-1.19
464600,SOL 자동차소부장Fn,24545.0,11143.0,11143.0,273504935.0,273504935.0,KOSPI,1.11
001420,태원물산,2900.0,16738.0,16738.0,48540200.0,48540200.0,KOSPI,-1.69
225130,ACE 골드선물 레버리지(합성 H),44000.0,1113.0,1113.0,48972000.0,48972000.0,KOSPI,0.4
0186L0,KoAct 미국로봇피지컬AI액티브,9550.0,10635.0,10635.0,101564250.0,101564250.0,KOSPI,-0.68
239660,PLUS 우량회사채50,121965.0,2026.0,2026.0,247101090.0,247101090.0,KOSPI,0.09
433220,에셋플러스 글로벌대장장이액티브,29640.0,456.0,456.0,13515840.0,13515840.0,KOSPI,0.42
411540,SOL 200 Top10,16840.0,2312.0,2312.0,38934080.0,38934080.0,KOSPI,-0.36
0206G0,1Q 현대차기아채권혼합50,7680.0,227443.0,227443.0,1746762240.0,1746762240.0,KOSPI,-0.32
012170,아센디오,2990.0,11792.0,11792.0,35258080.0,35258080.0,KOSPI,2.93
030720,동원수산,4665.0,13754.0,13754.0,64162410.0,64162410.0,KOSPI,-1.79
304770,HANARO 코스닥150,15210.0,64360.0,64360.0,978915600.0,978915600.0,KOSPI,-0.62
610047,메리츠 인버스 국채3년 ETN,10760.0,200.0,200.0,2152000.0,2152000.0,KOSPI,-0.14
580072,KB 화웨이 밸류체인 ETN,10755.0,158.0,158.0,1699290.0,1699290.0,KOSPI,-0.09
461450,KODEX 코스닥글로벌,16520.0,7530.0,7530.0,124395600.0,124395600.0,KOSPI,0.52
447660,PLUS 애플채권혼합,13805.0,17509.0,17509.0,241711745.0,241711745.0,KOSPI,-0.14
0026E0,KODEX 미국S&P500버퍼3월액티브,11535.0,33.0,33.0,380655.0,380655.0,KOSPI,-0.9
580071,KB 인버스 2X 천연가스 선물 ETN B,10610.0,2645.0,2645.0,28063450.0,28063450.0,KOSPI,3.26
337120,KODEX 멀티팩터,35310.0,132.0,132.0,4660920.0,4660920.0,KOSPI,1.61
471460,KIWOOM 국고채30년액티브,46010.0,1284.0,1284.0,59076840.0,59076840.0,KOSPI,0.89
300640,RISE 게임테마,6495.0,8117.0,8117.0,52719915.0,52719915.0,KOSPI,1.01
371450,TIGER 글로벌클라우드컴퓨팅INDXX,13875.0,9113.0,9113.0,126442875.0,126442875.0,KOSPI,0.22
008775,호텔신라우,28050.0,293.0,293.0,8218650.0,8218650.0,KOSPI,0.36
364990,TIGER 게임TOP10,4635.0,183897.0,183897.0,852362595.0,852362595.0,KOSPI,1.53
520105,미래에셋 코스닥150 선물 ETN B,10530.0,131713.0,131713.0,1386937890.0,1386937890.0,KOSPI,5.56
0193L0,PLUS 삼성전자선물단일종목인버스2X,7685.0,531852.0,531852.0,4087282620.0,4087282620.0,KOSPI,0.0
0192S0,SOL 코스피200채권혼합50,9555.0,104593.0,104593.0,999386115.0,999386115.0,KOSPI,0.16
269420,KODEX S&P글로벌인프라(합성),20360.0,4716.0,4716.0,96017760.0,96017760.0,KOSPI,-1.62
0231Z0,KODEX 코리아TDF2065액티브 적격,10490.0,531376.0,531376.0,5574134240.0,5574134240.0,KOSPI,0.62
461600,SOL 미국30년국채액티브(H),7910.0,12056.0,12056.0,95362960.0,95362960.0,KOSPI,-0.13
0190M0,KIWOOM 미국AI테크하이베타,8715.0,109897.0,109897.0,957752355.0,957752355.0,KOSPI,-1.19
610103,메리츠 솔랙티브 레버리지 금 선물 ETN(H),20895.0,3.0,3.0,62685.0,62685.0,KOSPI,-0.76
253290,RISE 헬스케어채권혼합,11550.0,14279.0,14279.0,164922450.0,164922450.0,KOSPI,-0.56
610036,메리츠 인버스 2X 대표 농산물 선물 ETN(H),20770.0,432.0,432.0,8972640.0,8972640.0,KOSPI,-0.19
289040,KODEX MSCI KOREA ESG유니버설,34510.0,104.0,104.0,3589040.0,3589040.0,KOSPI,0.91
530116,삼성 인버스 2X 나스닥 100 TR ETN,4140.0,16915.0,16915.0,70028100.0,70028100.0,KOSPI,0.98
226980,KODEX 200 중소형,22990.0,1838.0,1838.0,42255620.0,42255620.0,KOSPI,0.7
152380,KODEX 국채선물10년,64985.0,1447.0,1447.0,94033295.0,94033295.0,KOSPI,0.67
570122,한투 인버스금선물 ETN,10330.0,203.0,203.0,2096990.0,2096990.0,KOSPI,-1.62
404120,TIME K신재생에너지액티브,25760.0,9947.0,9947.0,256234720.0,256234720.0,KOSPI,2.22
530130,삼성 S&P500 VIX S/T 선물 ETN B,6820.0,33166.0,33166.0,226192120.0,226192120.0,KOSPI,0.22
610087,메리츠 WTI원유 선물 ETN(H),20420.0,3.0,3.0,61260.0,61260.0,KOSPI,4.32
289250,TIGER MSCI KOREA ESG유니버설,35615.0,3502.0,3502.0,124723730.0,124723730.0,KOSPI,0.24
001685,대상우,14800.0,435.0,435.0,6438000.0,6438000.0,KOSPI,0.41
0241R0,TIGER 현대차LG전자고정피지컬AI밸류체인,10100.0,316119.0,316119.0,3192801900.0,3192801900.0,KOSPI,1.76
580073,KB 레버리지 화웨이 밸류체인 ETN,20165.0,2.0,2.0,40330.0,40330.0,KOSPI,0.12
417630,TIGER KEDI혁신기업ESG30,19180.0,547.0,547.0,10491460.0,10491460.0,KOSPI,0.89
00499K,롯데지주우,24900.0,844.0,844.0,21015600.0,21015600.0,KOSPI,1.01
520103,미래에셋 코스피200 선물 ETN B,9995.0,260546.0,260546.0,2604157270.0,2604157270.0,KOSPI,2.62
550097,N2 레버리지 코스닥150 선물 ETN,19965.0,5446.0,5446.0,108729390.0,108729390.0,KOSPI,-1.24
489000,PLUS 일본엔화초단기국채(합성),9070.0,34120.0,34120.0,309468400.0,309468400.0,KOSPI,0.0
580067,KB 인도 디지털 Select 5 ETN,9965.0,2.0,2.0,19930.0,19930.0,KOSPI,-1.19
204450,KODEX 차이나H레버리지(H),2095.0,32221.0,32221.0,67502995.0,67502995.0,KOSPI,-2.56
520104,미래에셋 인버스 코스피200 선물 ETN B,9930.0,291238.0,291238.0,2891993340.0,2891993340.0,KOSPI,-1.44
000040,KR모터스,1009.0,27193.0,27193.0,27437737.0,27437737.0,KOSPI,-1.08
477730,KODEX 인도타타그룹,6720.0,34015.0,34015.0,228580800.0,228580800.0,KOSPI,-0.59
463300,RISE 중국본토CSI300,12340.0,832.0,832.0,10266880.0,10266880.0,KOSPI,-0.24
760021,키움 코스피200 선물 달러노출 ETN,28050.0,3.0,3.0,84150.0,84150.0,KOSPI,-0.07
550088,N2 월간 레버리지 선진국 1등주 ETN,19610.0,2.0,2.0,39220.0,39220.0,KOSPI,-4.92
456680,TIGER 차이나전기차레버리지(합성),4805.0,12608.0,12608.0,60581440.0,60581440.0,KOSPI,-1.64
304760,HANARO KRX300,49010.0,2913.0,2913.0,142766130.0,142766130.0,KOSPI,1.33
437070,KODEX 아시아달러채권ESG플러스액티브,56615.0,2040.0,2040.0,115494600.0,115494600.0,KOSPI,-0.08
760022,키움 K방산 TOP5 ETN,9785.0,32.0,32.0,313120.0,313120.0,KOSPI,3.11
465670,TIGER 미국캐시카우100,15655.0,5565.0,5565.0,87120075.0,87120075.0,KOSPI,0.8
404260,KODEX 기후변화솔루션,24415.0,1724.0,1724.0,42091460.0,42091460.0,KOSPI,1.48
091220,TIGER 은행,16485.0,40144.0,40144.0,661773840.0,661773840.0,KOSPI,0.76
0153X0,PLUS 미국고배당주액티브,10510.0,8990.0,8990.0,94484900.0,94484900.0,KOSPI,1.15
530132,삼성 블룸버그 WTI원유 선물 ETN B,19295.0,3773.0,3773.0,72800035.0,72800035.0,KOSPI,2.42
379790,RISE 유로스탁스50(H),16765.0,14761.0,14761.0,247468165.0,247468165.0,KOSPI,-0.97
228820,TIGER KTOP30,19250.0,15440.0,15440.0,297220000.0,297220000.0,KOSPI,1.32
169950,KODEX 차이나A50,24055.0,811.0,811.0,19508605.0,19508605.0,KOSPI,-0.19
530119,삼성 레버리지 항셍테크 TR ETN(H) B,19225.0,1076.0,1076.0,20686100.0,20686100.0,KOSPI,-3.29
530112,삼성 S&P500 TR ETN,19115.0,74.0,74.0,1414510.0,1414510.0,KOSPI,-0.83
108675,LX하우시스우,18500.0,77.0,77.0,1424500.0,1424500.0,KOSPI,1.09
760028,키움 인버스 2X 반도체TOP10 ETN,2385.0,1770464.0,1770464.0,4222556640.0,4222556640.0,KOSPI,-0.62
229720,KODEX KTOP30,38085.0,4071.0,4071.0,155044035.0,155044035.0,KOSPI,1.13
183710,RISE 주식혼합,95035.0,292.0,292.0,27750220.0,27750220.0,KOSPI,0.36
0067V0,TIGER 차이나글로벌리더스TOP3+,8635.0,31283.0,31283.0,270128705.0,270128705.0,KOSPI,-1.99
487950,KODEX 대만테크고배당다우존스,13025.0,2949.0,2949.0,38410725.0,38410725.0,KOSPI,-0.31
284980,RISE 200금융,21950.0,1081.0,1081.0,23727950.0,23727950.0,KOSPI,0.9
520106,미래에셋 인버스 코스닥150 선물 ETN B,9435.0,149855.0,149855.0,1413881925.0,1413881925.0,KOSPI,-5.65
461910,PLUS 미국테크TOP10레버리지(합성),37660.0,251.0,251.0,9452660.0,9452660.0,KOSPI,-2.81
580074,KB BYD 밸류체인 ETN,9320.0,12.0,12.0,111840.0,111840.0,KOSPI,-1.69
497780,KoAct 미국천연가스인프라액티브,9730.0,11589.0,11589.0,112760970.0,112760970.0,KOSPI,0.15
381560,HANARO Fn전기&수소차,17595.0,1847.0,1847.0,32497965.0,32497965.0,KOSPI,1.94
570129,한투 레버리지베트남VN30선물 ETN(H) B,18445.0,13.0,13.0,239785.0,239785.0,KOSPI,-2.25
416090,ACE 중국과창판STAR50,11525.0,100535.0,100535.0,1158665875.0,1158665875.0,KOSPI,-2.33
580089,KB 솔랙티브 레버리지 금 선물 ETN,18430.0,2646.0,2646.0,48765780.0,48765780.0,KOSPI,-0.54
445690,BNK 주주가치액티브,30695.0,2012.0,2012.0,61758340.0,61758340.0,KOSPI,0.23
445910,TIGER MKF배당귀족,20385.0,1533.0,1533.0,31250205.0,31250205.0,KOSPI,-0.22
213630,PLUS 미국다우존스고배당주(합성 H),19930.0,2995.0,2995.0,59690350.0,59690350.0,KOSPI,-0.65
438320,TIGER 차이나항셍테크레버리지(합성 H),4240.0,72409.0,72409.0,307014160.0,307014160.0,KOSPI,-4.93
570125,한투 솔랙티브레버리지금선물 ETN,18245.0,12.0,12.0,218940.0,218940.0,KOSPI,-0.92
0104P0,TIGER 코리아배당다우존스위클리커버드콜,10730.0,11109.0,11109.0,119199570.0,119199570.0,KOSPI,0.89
610104,메리츠 솔랙티브 인버스 2X 금 선물 ETN(H),18230.0,4.0,4.0,72920.0,72920.0,KOSPI,-0.44
461900,PLUS 미국테크TOP10,22750.0,1249.0,1249.0,28414750.0,28414750.0,KOSPI,-1.94
407310,HANARO 200 TOP10,16545.0,417.0,417.0,6899265.0,6899265.0,KOSPI,0.49
227830,PLUS 코스피,72775.0,144.0,144.0,10479600.0,10479600.0,KOSPI,0.92
002070,비비안,3785.0,16575.0,16575.0,62736375.0,62736375.0,KOSPI,-0.79
0018Z0,RISE 미국양자컴퓨팅,18160.0,5737.0,5737.0,104183920.0,104183920.0,KOSPI,-1.86
0198B0,1Q 삼성전자선물단일종목레버리지,12630.0,4683.0,4683.0,59146290.0,59146290.0,KOSPI,0.8
276000,TIGER 글로벌자원생산기업(합성 H),20050.0,3050.0,3050.0,61152500.0,61152500.0,KOSPI,-0.55
700034,하나 레버리지 K방산TOP10 ETN,12015.0,27276.0,27276.0,327721140.0,327721140.0,KOSPI,8.88
0144M0,KODEX 미국드론UAM TOP10,6290.0,15732.0,15732.0,98954280.0,98954280.0,KOSPI,-2.18
385600,ACE 2차전지&친환경차액티브,11925.0,3071.0,3071.0,36621675.0,36621675.0,KOSPI,0.93
292050,RISE KRX300,50995.0,2475.0,2475.0,126212625.0,126212625.0,KOSPI,0.75
391670,HK 베스트일레븐액티브,29730.0,200.0,200.0,5946000.0,5946000.0,KOSPI,0.76
195920,TIGER 일본TOPIX(합성 H),35520.0,273.0,273.0,9696960.0,9696960.0,KOSPI,0.55
289260,TIGER MSCI KOREA ESG리더스,29505.0,96.0,96.0,2832480.0,2832480.0,KOSPI,1.04
449580,RISE 테슬라애플아마존채권혼합,16080.0,1468.0,1468.0,23605440.0,23605440.0,KOSPI,-0.25
570071,한투 구리선물 ETN,17215.0,2.0,2.0,34430.0,34430.0,KOSPI,-0.78
0086C0,TIGER 리츠부동산인프라10채권혼합액티브,9815.0,1534.0,1534.0,15056210.0,15056210.0,KOSPI,0.05
0105D0,SOL 한국AI소프트웨어,8995.0,30581.0,30581.0,275076095.0,275076095.0,KOSPI,0.0
457690,KODEX 33-06 국고채액티브,10530.0,3593.0,3593.0,37834290.0,37834290.0,KOSPI,0.67
225060,TIGER 이머징마켓MSCI레버리지(합성 H),16075.0,47.0,47.0,755525.0,755525.0,KOSPI,-0.99
468370,KODEX iShares미국인플레이션국채액티브,10150.0,6069.0,6069.0,61600350.0,61600350.0,KOSPI,-0.29
580075,KB 레버리지 BYD 밸류체인 ETN,16950.0,2.0,2.0,33900.0,33900.0,KOSPI,0.15
0233N0,RISE 글로벌AI낸드메모리반도체,11290.0,358748.0,358748.0,4050264920.0,4050264920.0,KOSPI,0.0
0065G0,KODEX 차이나테크TOP10,7860.0,14770.0,14770.0,116092200.0,116092200.0,KOSPI,-2.3
580066,KB 인도 대형 성장주 Select 5 ETN,8390.0,11.0,11.0,92290.0,92290.0,KOSPI,-1.87
477490,에셋플러스 글로벌일등기업포커스10액티브,18610.0,225.0,225.0,4187250.0,4187250.0,KOSPI,-0.05
451600,PLUS 국고채30년액티브,85750.0,35.0,35.0,3001250.0,3001250.0,KOSPI,0.95
460660,RISE 미국S&P배당킹,10985.0,3449.0,3449.0,37887265.0,37887265.0,KOSPI,-0.77
494420,PLUS 미국배당증가성장주데일리커버드콜,8645.0,28170.0,28170.0,243529650.0,243529650.0,KOSPI,0.7
488290,MIDAS 일본테크액티브,46795.0,5209.0,5209.0,243755155.0,243755155.0,KOSPI,1.61
530140,삼성 iSelect 레버리지 조선 TOP10 TR ETN,16365.0,332.0,332.0,5433180.0,5433180.0,KOSPI,-0.06
570121,한투 금선물 ETN,8150.0,303.0,303.0,2469450.0,2469450.0,KOSPI,0.37
610085,메리츠 레버리지 미국채30년 스트립 ETN(H),27030.0,2490.0,2490.0,67304700.0,67304700.0,KOSPI,-1.21
530120,삼성 나스닥 100 TR ETN,16175.0,52.0,52.0,841100.0,841100.0,KOSPI,-0.74
465770,STX그린로지스,2240.0,108779.0,108779.0,243664960.0,243664960.0,KOSPI,-0.44
219390,RISE 미국S&P원유생산기업(합성 H),8050.0,40988.0,40988.0,329953400.0,329953400.0,KOSPI,3.67
415760,SOL 차이나육성산업액티브(합성),11825.0,22868.0,22868.0,270414100.0,270414100.0,KOSPI,-1.7
18064K,한진칼우,30300.0,319.0,319.0,9665700.0,9665700.0,KOSPI,0.17
474920,에셋플러스 차이나일등기업포커스10액티브,17085.0,255.0,255.0,4356675.0,4356675.0,KOSPI,-1.92
005725,넥센우,4460.0,2074.0,2074.0,9250040.0,9250040.0,KOSPI,0.0
483330,ACE 마이크로소프트밸류체인액티브,15290.0,7335.0,7335.0,112152150.0,112152150.0,KOSPI,-0.42
580090,KB 솔랙티브 인버스 2X 금 선물 ETN,16020.0,8.0,8.0,128160.0,128160.0,KOSPI,-1.75
0051A0,KoAct 브로드컴밸류체인액티브,24640.0,492.0,492.0,12122880.0,12122880.0,KOSPI,-2.16
131890,ACE 삼성그룹동일가중,39845.0,2073.0,2073.0,82598685.0,82598685.0,KOSPI,0.29
250730,RISE 차이나HSCEI(H),9365.0,12578.0,12578.0,117792970.0,117792970.0,KOSPI,-4.15
011090,에넥스,1338.0,184266.0,184266.0,246547908.0,246547908.0,KOSPI,-0.07
419650,PLUS 글로벌수소&차세대연료전지,4785.0,18876.0,18876.0,90321660.0,90321660.0,KOSPI,-2.45
130680,TIGER 원유선물Enhanced(H),7840.0,114302.0,114302.0,896127680.0,896127680.0,KOSPI,3.09
0193K0,PLUS 삼성전자단일종목레버리지,13585.0,4019.0,4019.0,54598115.0,54598115.0,KOSPI,0.82
005257,녹십자홀딩스2우,18350.0,44.0,44.0,807400.0,807400.0,KOSPI,0.0
484890,SOL 머니마켓액티브,52680.0,6643.0,6643.0,349953240.0,349953240.0,KOSPI,0.01
432840,HANARO 미국S&P500,19355.0,990.0,990.0,19161450.0,19161450.0,KOSPI,-0.46
413930,WON AI ESG액티브,28060.0,12637.0,12637.0,354594220.0,354594220.0,KOSPI,2.09
332620,PLUS 미국장기우량회사채,82210.0,992.0,992.0,81552320.0,81552320.0,KOSPI,-0.52
0106J0,대신 KOSPI200인덱스 X클래스,20465.0,116.0,116.0,2373940.0,2373940.0,KOSPI,0.71
244620,KODEX 모멘텀Plus,21675.0,1093.0,1093.0,23690775.0,23690775.0,KOSPI,-0.76
387280,TIGER 퓨처모빌리티액티브,11945.0,1269.0,1269.0,15158205.0,15158205.0,KOSPI,1.92
006200,한국전자홀딩스,1620.0,93698.0,93698.0,151790760.0,151790760.0,KOSPI,-4.76
0222F0,마이티 AI데이터센터밸류체인,13180.0,725.0,725.0,9555500.0,9555500.0,KOSPI,0.96
002025,코오롱우,13020.0,2031.0,2031.0,26443620.0,26443620.0,KOSPI,0.93
114460,ACE 국고채3년,100345.0,83.0,83.0,8328635.0,8328635.0,KOSPI,0.28
491510,파워 K-주주가치액티브,17680.0,873.0,873.0,15434640.0,15434640.0,KOSPI,0.17
004105,태양금속우,4535.0,98240.0,98240.0,445518400.0,445518400.0,KOSPI,1.91
0207Z0,KIWOOM 미국우주데이터센터인프라,7125.0,7794.0,7794.0,55532250.0,55532250.0,KOSPI,-1.79
760017,키움 조선TOP10 ETN,21360.0,48.0,48.0,1025280.0,1025280.0,KOSPI,0.12
337150,KODEX 200exTOP,24920.0,634.0,634.0,15799280.0,15799280.0,KOSPI,0.52
530095,삼성 구리 선물 ETN(H),14895.0,324.0,324.0,4825980.0,4825980.0,KOSPI,-0.67
500072,신한 인버스 2X 코스닥 150 선물 ETN,1487.0,55526.0,55526.0,82567162.0,82567162.0,KOSPI,0.88
453010,PLUS KOFR금리,110140.0,11195.0,11195.0,1233017300.0,1233017300.0,KOSPI,0.02
0090B0,PLUS K방산소부장,7565.0,270296.0,270296.0,2044789240.0,2044789240.0,KOSPI,5.07
580050,KB 차이나 과창판 STAR 50 ETN,14635.0,41.0,41.0,600035.0,600035.0,KOSPI,-0.14
404650,SOL KRX기후변화솔루션,24335.0,137.0,137.0,3333895.0,3333895.0,KOSPI,1.73
487750,BNK 온디바이스AI,36495.0,16250.0,16250.0,593043750.0,593043750.0,KOSPI,1.38
104520,KIWOOM 블루칩,14525.0,920.0,920.0,13363000.0,13363000.0,KOSPI,1.29
530129,삼성 인버스 2X 미국다우존스 선물 ETN,14515.0,308.0,308.0,4470620.0,4470620.0,KOSPI,0.1
0088N0,WON K-글로벌수급상위,11520.0,12913.0,12913.0,148757760.0,148757760.0,KOSPI,-2.87
0084E0,KIWOOM 미국대형주500월간목표헤지액티브,9930.0,2842.0,2842.0,28221060.0,28221060.0,KOSPI,0.51
234310,RISE V&S셀렉트밸류,28790.0,5.0,5.0,143950.0,143950.0,KOSPI,0.65
610024,메리츠 인버스 미국채10년 ETN(H),14180.0,134.0,134.0,1900120.0,1900120.0,KOSPI,-0.25
373490,KODEX 코리아혁신성장액티브,25655.0,466.0,466.0,11955230.0,11955230.0,KOSPI,1.26
438900,HANARO Fn K-푸드,10785.0,22219.0,22219.0,239631915.0,239631915.0,KOSPI,0.51
0242S0,파워 SK그룹,10715.0,25017.0,25017.0,268057155.0,268057155.0,KOSPI,1.76
001795,대한제당우,2140.0,5294.0,5294.0,11329160.0,11329160.0,KOSPI,1.18
453630,KODEX 미국S&P500필수소비재,11530.0,4782.0,4782.0,55136460.0,55136460.0,KOSPI,-1.37
500024,신한 인버스 콩 선물 ETN(H),6895.0,2.0,2.0,13790.0,13790.0,KOSPI,0.07
496130,TRUSTON 코리아밸류업액티브,25500.0,10.0,10.0,255000.0,255000.0,KOSPI,0.63
000087,하이트진로2우B,12180.0,405.0,405.0,4932900.0,4932900.0,KOSPI,-1.38
580043,KB 레버리지 KOSDAQ 150 선물 ETN,27460.0,17189.0,17189.0,472009940.0,472009940.0,KOSPI,-1.13
570105,한투 인버스일본니케이225선물 ETN(H),4555.0,325.0,325.0,1480375.0,1480375.0,KOSPI,1.22
0153P0,ACE 리츠부동산인프라액티브,9420.0,14055.0,14055.0,132398100.0,132398100.0,KOSPI,0.43
236350,TIGER 인도니프티50레버리지(합성),21940.0,9132.0,9132.0,200356080.0,200356080.0,KOSPI,-2.23
580086,KB 솔랙티브 레버리지 천연가스 선물 ETN,13535.0,1237.0,1237.0,16742795.0,16742795.0,KOSPI,-4.35
760015,키움 레버리지 바이오TOP10 ETN,6740.0,30089.0,30089.0,202799860.0,202799860.0,KOSPI,-4.19
760023,키움 레버리지 K방산 TOP5 ETN,13400.0,5429.0,5429.0,72748600.0,72748600.0,KOSPI,7.16
520076,미래에셋 1.5X 천연가스 선물 ETN,5350.0,8331.0,8331.0,44570850.0,44570850.0,KOSPI,-3.52
360150,KODEX 코스닥150롱코스피200숏선물,3245.0,53021.0,53021.0,172053145.0,172053145.0,KOSPI,-0.92
102960,KODEX 기계장비,13300.0,5136.0,5136.0,68308800.0,68308800.0,KOSPI,-0.11
0127V0,KIWOOM 미국S&P500 TOP10&배당다우비중전환,10620.0,3595.0,3595.0,38178900.0,38178900.0,KOSPI,-1.16
417450,RISE 글로벌수소경제,15600.0,11187.0,11187.0,174517200.0,174517200.0,KOSPI,0.03
485810,TIME 글로벌바이오액티브,11515.0,16888.0,16888.0,194465320.0,194465320.0,KOSPI,-3.52
00806K,대덕1우,10920.0,2750.0,2750.0,30030000.0,30030000.0,KOSPI,-0.55
0104G0,PLUS K방산레버리지,5750.0,67735.0,67735.0,389476250.0,389476250.0,KOSPI,6.78
472720,TRUSTON 주주가치액티브,25395.0,752.0,752.0,19097040.0,19097040.0,KOSPI,-0.92
279540,KODEX 최소변동성,21760.0,37.0,37.0,805120.0,805120.0,KOSPI,0.48
0194R0,KIWOOM SK하이닉스선물단일종목레버리지,9630.0,12424.0,12424.0,119643120.0,119643120.0,KOSPI,2.07
137610,TIGER 농산물선물Enhanced(H),5640.0,6425.0,6425.0,36237000.0,36237000.0,KOSPI,-0.18
530137,삼성 KRX 2차전지 TOP10 TR ETN,12965.0,3887.0,3887.0,50394955.0,50394955.0,KOSPI,3.35
0208N0,IBK 코스피액티브,7835.0,9956.0,9956.0,78005260.0,78005260.0,KOSPI,0.64
300610,TIGER K게임,5500.0,21248.0,21248.0,116864000.0,116864000.0,KOSPI,-0.09
0127T0,KIWOOM 미국S&P500&배당다우존스비중전환,10740.0,4348.0,4348.0,46697520.0,46697520.0,KOSPI,-0.6
45226K,한화갤러리아우,4425.0,2227.0,2227.0,9854475.0,9854475.0,KOSPI,-1.67
084695,대상홀딩스우,14050.0,1333.0,1333.0,18728650.0,18728650.0,KOSPI,0.0
363510,SOL KIS단기통안채,112380.0,6.0,6.0,674280.0,674280.0,KOSPI,0.03
580080,KB 인버스 은 선물 ETN,12805.0,210.0,210.0,2689050.0,2689050.0,KOSPI,-1.01
280920,PLUS 주도업종,23240.0,33.0,33.0,766920.0,766920.0,KOSPI,0.52
140710,KODEX 운송,6720.0,13239.0,13239.0,88966080.0,88966080.0,KOSPI,0.52
520088,미래에셋 S&P500 VIX S/T 선물 ETN(H),6380.0,6676.0,6676.0,42592880.0,42592880.0,KOSPI,1.35
580052,KB 인버스 2X 밀 선물 ETN,25465.0,157.0,157.0,3998005.0,3998005.0,KOSPI,-2.62
166400,TIGER 200커버드콜OTM,25400.0,1168.0,1168.0,29667200.0,29667200.0,KOSPI,0.55
580032,KB 레버리지 구리 선물 ETN(H),25360.0,4808.0,4808.0,121930880.0,121930880.0,KOSPI,-1.27
290080,RISE 200고배당커버드콜ATM,7240.0,6314.0,6314.0,45713360.0,45713360.0,KOSPI,0.56
580083,KB 레버리지 미국 S&P500 선물 ETN B,25255.0,6.0,6.0,151530.0,151530.0,KOSPI,-0.36
610062,메리츠 인버스 3X 국채30년 ETN,63100.0,156.0,156.0,9843600.0,9843600.0,KOSPI,-2.34
0004G0,1Q 미국배당TOP30,8400.0,65099.0,65099.0,546831600.0,546831600.0,KOSPI,-0.65
0013P0,RISE 미국은행TOP10,11450.0,3887.0,3887.0,44506150.0,44506150.0,KOSPI,-0.22
409810,KODEX 미국나스닥100선물인버스(H),5340.0,61182.0,61182.0,326711880.0,326711880.0,KOSPI,0.85
610096,메리츠 인버스 2X 천연가스 선물 ETN(H),12525.0,2347.0,2347.0,29396175.0,29396175.0,KOSPI,3.6
0028X0,KODEX 미국금융테크액티브,10870.0,1389.0,1389.0,15098430.0,15098430.0,KOSPI,-0.28
700032,하나 인버스 2X 천연가스 선물 ETN(H),12455.0,357.0,357.0,4446435.0,4446435.0,KOSPI,3.58
410870,TIME K컬처액티브,8895.0,4260.0,4260.0,37892700.0,37892700.0,KOSPI,-0.28
570123,한투 은선물 ETN,6225.0,8.0,8.0,49800.0,49800.0,KOSPI,-0.56
489860,KIWOOM 글로벌전력GRID인프라,14630.0,24399.0,24399.0,356957370.0,356957370.0,KOSPI,0.07
453820,KODEX 인도Nifty50레버리지(합성),9550.0,2442.0,2442.0,23321100.0,23321100.0,KOSPI,-1.29
530092,삼성 인버스 코스피 200 선물 ETN,2470.0,7342.0,7342.0,18134740.0,18134740.0,KOSPI,-0.8
610080,메리츠 멕시코 페소화 ETN,12340.0,1.0,1.0,12340.0,12340.0,KOSPI,-1.24
610070,메리츠 KAP 인버스 2X 일본 엔화 ETN,24635.0,1.0,1.0,24635.0,24635.0,KOSPI,-1.64
0015F0,KIWOOM 팔란티어미국30년국채혼합액티브(H),10260.0,6175.0,6175.0,63355500.0,63355500.0,KOSPI,-0.19
453060,HANARO KOFR금리액티브(합성),111720.0,42.0,42.0,4692240.0,4692240.0,KOSPI,0.01
457700,KODEX 53-09 국고채액티브,9300.0,684.0,684.0,6361200.0,6361200.0,KOSPI,0.7
404540,TIGER KRX기후변화솔루션,24510.0,6883.0,6883.0,168702330.0,168702330.0,KOSPI,1.91
0220A0,KIWOOM 현대차그룹TOP3채권혼합50,8720.0,10946.0,10946.0,95449120.0,95449120.0,KOSPI,-0.46
610071,메리츠 KAP 중국 위안화 ETN,12110.0,54.0,54.0,653940.0,653940.0,KOSPI,-0.74
395760,PLUS ESG성장주액티브,22015.0,11.0,11.0,242165.0,242165.0,KOSPI,0.53
435550,KIWOOM TDF2050액티브 적격,17265.0,1713.0,1713.0,29574945.0,29574945.0,KOSPI,-0.78
610035,메리츠 레버리지 대표 농산물 선물 ETN(H),12075.0,730.0,730.0,8814750.0,8814750.0,KOSPI,0.04
00781K,코리아써키트2우B,15390.0,946.0,946.0,14558940.0,14558940.0,KOSPI,1.92
610079,메리츠 인버스 3X 미국채30년 ETN,60220.0,176.0,176.0,10598720.0,10598720.0,KOSPI,0.34
251590,PLUS 고배당저변동50,17195.0,432.0,432.0,7428240.0,7428240.0,KOSPI,0.17
140580,RISE 우량업종대표주,24010.0,35.0,35.0,840350.0,840350.0,KOSPI,0.21
500086,신한 코스닥 150 TR ETN,11935.0,6.0,6.0,71610.0,71610.0,KOSPI,-0.79
580051,KB 레버리지 밀 선물 ETN,7910.0,424.0,424.0,3353840.0,3353840.0,KOSPI,2.26
396510,TIGER 차이나클린에너지SOLACTIVE,6590.0,3359.0,3359.0,22135810.0,22135810.0,KOSPI,-1.27
580065,KB 코스닥 150 TR ETN,11860.0,6.0,6.0,71160.0,71160.0,KOSPI,0.25
145995,삼양사우,32000.0,3609.0,3609.0,115488000.0,115488000.0,KOSPI,-1.84
400570,KODEX 유럽탄소배출권선물ICE(H),11670.0,1096.0,1096.0,12790320.0,12790320.0,KOSPI,0.43
024890,대원화성,1428.0,81067.0,81067.0,115763676.0,115763676.0,KOSPI,-10.19
0203D0,PLUS 200위클리커버드콜채권혼합,9050.0,13270.0,13270.0,120093500.0,120093500.0,KOSPI,0.39
332610,PLUS 미국단기회사채(AAA~A),122530.0,393.0,393.0,48154290.0,48154290.0,KOSPI,-0.2
282000,RISE 국고채3년선물인버스,115060.0,6.0,6.0,690360.0,690360.0,KOSPI,-0.17
610093,메리츠 인버스 3X 일본 국채 10년 ETN,23400.0,128.0,128.0,2995200.0,2995200.0,KOSPI,-1.29
176950,KODEX 국채선물10년인버스,60500.0,6022.0,6022.0,364331000.0,364331000.0,KOSPI,-0.58
0216Z0,ACE K방산TOP5+,9270.0,81281.0,81281.0,753474870.0,753474870.0,KOSPI,4.45
002820,SUN&L,954.0,118878.0,118878.0,113409612.0,113409612.0,KOSPI,-1.34
0191S0,IBK 코스닥150,15340.0,4940.0,4940.0,75779600.0,75779600.0,KOSPI,-1.03
550100,N2 인버스 2X 천연가스 선물 ETN,11345.0,6.0,6.0,68070.0,68070.0,KOSPI,3.14
530127,삼성 미국다우존스 TR ETN,11300.0,3.0,3.0,33900.0,33900.0,KOSPI,-0.7
430500,KIWOOM 물가채KIS,112950.0,344.0,344.0,38854800.0,38854800.0,KOSPI,0.72
266410,KODEX 필수소비재,9400.0,25511.0,25511.0,239803400.0,239803400.0,KOSPI,-0.32
428560,KODEX 미국ETF산업Top10 Indxx,14950.0,2210.0,2210.0,33039500.0,33039500.0,KOSPI,-0.2
453660,KODEX 미국S&P500경기소비재,15940.0,560.0,560.0,8926400.0,8926400.0,KOSPI,-1.06
448490,HANARO 32-10 국고채액티브,53055.0,1.0,1.0,53055.0,53055.0,KOSPI,0.45
580088,KB 인버스 2X KOSPI 200 선물 ETN B,22265.0,7484.0,7484.0,166631260.0,166631260.0,KOSPI,-1.26
252650,KODEX 200동일가중,18490.0,1361.0,1361.0,25164890.0,25164890.0,KOSPI,1.09
464610,SOL 의료기기소부장Fn,6930.0,9182.0,9182.0,63631260.0,63631260.0,KOSPI,-0.65
446700,RISE 배터리 리사이클링,10655.0,3007.0,3007.0,32039585.0,32039585.0,KOSPI,2.55
407820,에셋플러스 코리아플랫폼액티브,6105.0,61069.0,61069.0,372826245.0,372826245.0,KOSPI,-1.13
354240,RISE 미국고정배당우선증권,9980.0,5438.0,5438.0,54271240.0,54271240.0,KOSPI,0.05
269370,TIGER S&P글로벌인프라(합성),15605.0,476.0,476.0,7427980.0,7427980.0,KOSPI,-1.82
760032,키움 모험자본창업투자 ETN,10920.0,4.0,4.0,43680.0,43680.0,KOSPI,1.49
269530,PLUS S&P글로벌인프라,18180.0,5525.0,5525.0,100444500.0,100444500.0,KOSPI,-1.44
530139,삼성 iSelect 조선 TOP10 TR ETN,10885.0,4595.0,4595.0,50016575.0,50016575.0,KOSPI,-0.05
38380K,LX홀딩스1우,7410.0,1636.0,1636.0,12122760.0,12122760.0,KOSPI,-2.63
0000H0,KODEX 인도Nifty미드캡100,9400.0,732.0,732.0,6880800.0,6880800.0,KOSPI,-1.47
580054,KB 인버스 2X 콩 선물 ETN,21550.0,67.0,67.0,1443850.0,1443850.0,KOSPI,1.1
001067,JW중외제약2우B,51000.0,19.0,19.0,969000.0,969000.0,KOSPI,1.8
252000,TIGER 200동일가중,19345.0,5094.0,5094.0,98543430.0,98543430.0,KOSPI,0.99
520064,미래에셋 2X 미국채울트라30년 선물 ETN,5305.0,58.0,58.0,307690.0,307690.0,KOSPI,-0.56
0227L0,HANARO 미국에이전틱AI TOP2+,10590.0,30871.0,30871.0,326923890.0,326923890.0,KOSPI,-1.81
0002C0,에셋플러스 인도일등기업포커스20액티브,9800.0,118.0,118.0,1156400.0,1156400.0,KOSPI,-1.31
482030,KoAct 반도체&2차전지핵심소재액티브,10070.0,34790.0,34790.0,350335300.0,350335300.0,KOSPI,2.03
0219B0,KoAct 광통신&위성네트워크액티브,13165.0,465446.0,465446.0,6127596590.0,6127596590.0,KOSPI,5.49
385710,TIME K이노베이션액티브,10525.0,2052.0,2052.0,21597300.0,21597300.0,KOSPI,1.4
438740,MIDAS 중소형액티브,34890.0,266.0,266.0,9280740.0,9280740.0,KOSPI,-0.06
451150,에셋플러스 글로벌영에이지액티브,16860.0,43.0,43.0,724980.0,724980.0,KOSPI,-0.5
140570,RISE 수출주,26120.0,1823.0,1823.0,47616760.0,47616760.0,KOSPI,1.59
419420,KODEX 미국클린에너지나스닥,8705.0,4938.0,4938.0,42985290.0,42985290.0,KOSPI,-1.64
610074,메리츠 미국채10년 ETN,10440.0,191.0,191.0,1994040.0,1994040.0,KOSPI,-0.33
520046,미래에셋 레버리지 옥수수 선물 ETN,10430.0,563.0,563.0,5872090.0,5872090.0,KOSPI,-0.57
0068M0,KODEX 미국S&P500버퍼6월액티브,11555.0,12.0,12.0,138660.0,138660.0,KOSPI,-1.11
610102,메리츠 솔랙티브 금 선물 ETN(H),10310.0,3.0,3.0,30930.0,30930.0,KOSPI,0.59
610056,메리츠 인버스 3X 국채3년 ETN,20490.0,1.0,1.0,20490.0,20490.0,KOSPI,-0.56
0093B0,RISE 엔비디아고정테크100,12795.0,5883.0,5883.0,75272985.0,75272985.0,KOSPI,-1.46
435040,ACE 글로벌브랜드TOP10,18500.0,183.0,183.0,3385500.0,3385500.0,KOSPI,-1.23
237440,TIGER 경기방어채권혼합,10170.0,976.0,976.0,9925920.0,9925920.0,KOSPI,0.44
530064,삼성 인버스 2X 구리 선물 ETN(H),675.0,16467.0,16467.0,11115225.0,11115225.0,KOSPI,1.5
0189Z0,DAISHIN 금융&지주고배당,10120.0,1467.0,1467.0,14846040.0,14846040.0,KOSPI,0.0
310080,RISE 중국MSCI China(H),8770.0,1684.0,1684.0,14768680.0,14768680.0,KOSPI,-0.45
004255,NPC우,1910.0,33810.0,33810.0,64577100.0,64577100.0,KOSPI,1.0
0001P0,마이티 바이오시밀러&CDMO액티브,8975.0,2676.0,2676.0,24017100.0,24017100.0,KOSPI,-1.37
461580,TIGER 코스닥글로벌,16745.0,13795.0,13795.0,230997275.0,230997275.0,KOSPI,-0.27
610106,메리츠 인버스 국채30년 ETN B,10025.0,700.0,700.0,7017500.0,7017500.0,KOSPI,-0.79
463640,KODEX 미국S&P500유틸리티,12530.0,7273.0,7273.0,91130690.0,91130690.0,KOSPI,-0.16
610092,메리츠 인버스 일본 국채 10년 ETN,10010.0,1.0,1.0,10010.0,10010.0,KOSPI,0.05
580059,KB 미국채 10년 ETN,10005.0,53.0,53.0,530265.0,530265.0,KOSPI,-0.25
0113G0,KoAct 미국바이오헬스케어액티브,11115.0,30159.0,30159.0,335217285.0,335217285.0,KOSPI,-2.97
460270,KIWOOM 미국달러SOFR금리액티브(합성),12340.0,3860.0,3860.0,47632400.0,47632400.0,KOSPI,-0.56
700014,하나 인버스 2X 콩 선물 ETN(H),9985.0,177.0,177.0,1767345.0,1767345.0,KOSPI,0.86
301400,PLUS 코스닥150,15300.0,2186.0,2186.0,33445800.0,33445800.0,KOSPI,-0.55
580047,KB 레버리지 항셍테크 선물 ETN(H) B,9920.0,579.0,579.0,5743680.0,5743680.0,KOSPI,-5.12
610112,메리츠 3X 레버리지 일본 국채 30년 ETN(H),19820.0,29.0,29.0,574780.0,574780.0,KOSPI,2.14
281990,RISE 중소형고배당,17880.0,1001.0,1001.0,17897880.0,17897880.0,KOSPI,1.02
610098,메리츠 미국채30년 풋라이트 ETN(H),9830.0,1500.0,1500.0,14745000.0,14745000.0,KOSPI,0.25
580087,KB 솔랙티브 인버스 천연가스 선물 ETN,9815.0,6.0,6.0,58890.0,58890.0,KOSPI,1.55
0224D0,KIWOOM 미국CPU반도체TOP4+,10760.0,42156.0,42156.0,453598560.0,453598560.0,KOSPI,-2.93
760027,키움 인버스 2X 전력 TOP5 ETN,4840.0,22183.0,22183.0,107365720.0,107365720.0,KOSPI,-1.53
291130,ACE MSCI멕시코(합성),16095.0,719.0,719.0,11572305.0,11572305.0,KOSPI,-2.57
610068,메리츠 KAP 일본 엔화 ETN,9630.0,2815.0,2815.0,27108450.0,27108450.0,KOSPI,0.21
371870,ACE 차이나항셍테크,6015.0,7495.0,7495.0,45082425.0,45082425.0,KOSPI,-2.27
0194N0,KIWOOM 삼성전자선물단일종목레버리지,12410.0,220955.0,220955.0,2742051550.0,2742051550.0,KOSPI,0.49
570085,한투 인도네시아대표원자재 ETN,9605.0,196.0,196.0,1882580.0,1882580.0,KOSPI,-3.95
019685,대교우B,982.0,9139.0,9139.0,8974498.0,8974498.0,KOSPI,0.2
610077,메리츠 미국채30년 ETN,9520.0,5.0,5.0,47600.0,47600.0,KOSPI,-0.05
015260,에이엔피,202.0,2135456.0,2135456.0,431362112.0,431362112.0,KOSPI,-16.53
0120J0,BNK 카카오그룹포커스,7610.0,6107.0,6107.0,46474270.0,46474270.0,KOSPI,-0.2
463690,KODEX 미국S&P500커뮤니케이션,17290.0,31690.0,31690.0,547920100.0,547920100.0,KOSPI,-2.26
429010,TIGER 미국나스닥넥스트100,18980.0,287.0,287.0,5447260.0,5447260.0,KOSPI,-0.32
0227K0,RISE 미국우주위성통신,9475.0,5826.0,5826.0,55201350.0,55201350.0,KOSPI,0.58
181480,ACE 미국부동산리츠(합성 H),78750.0,60.0,60.0,4725000.0,4725000.0,KOSPI,-0.59
139240,TIGER 200 철강소재,10730.0,4597.0,4597.0,49325810.0,49325810.0,KOSPI,0.56
700033,하나 K방산TOP10 ETN,9390.0,61.0,61.0,572790.0,572790.0,KOSPI,3.87
0219Z0,HANARO 미국S&P500액티브,10425.0,18650.0,18650.0,194426250.0,194426250.0,KOSPI,-0.43
498050,HANARO 바이오코리아액티브,9875.0,12205.0,12205.0,120524375.0,120524375.0,KOSPI,-2.08
610034,메리츠 대표 농산물 선물 ETN(H),9340.0,82.0,82.0,765880.0,765880.0,KOSPI,0.11
003075,코오롱글로벌우,12490.0,525.0,525.0,6557250.0,6557250.0,KOSPI,-0.08
217780,TIGER 차이나CSI300인버스(합성),5965.0,5898.0,5898.0,35181570.0,35181570.0,KOSPI,1.88
230480,KIWOOM 미국달러선물인버스2X,4835.0,867.0,867.0,4191945.0,4191945.0,KOSPI,0.94
0094L0,RISE 차이나테크TOP10위클리타겟커버드콜,6595.0,6399.0,6399.0,42201405.0,42201405.0,KOSPI,-2.15
466810,BNK 2차전지양극재,6135.0,52136.0,52136.0,319854360.0,319854360.0,KOSPI,4.51
261110,TIGER 미국달러선물레버리지,15305.0,2852.0,2852.0,43649860.0,43649860.0,KOSPI,-1.23
341850,TIGER 리츠부동산인프라채권,4575.0,5546.0,5546.0,25372950.0,25372950.0,KOSPI,0.55
001755,한양증권우,19290.0,39.0,39.0,752310.0,752310.0,KOSPI,0.1
117690,TIGER 차이나항셍30,18235.0,6493.0,6493.0,118399855.0,118399855.0,KOSPI,-3.01
580060,KB 레버리지 미국채 10년 ETN,18225.0,6.0,6.0,109350.0,109350.0,KOSPI,0.05
0221Z0,ACE K바이오코스닥액티브,9590.0,8829.0,8829.0,84670110.0,84670110.0,KOSPI,-2.54
381570,HANARO Fn친환경에너지,10695.0,5324.0,5324.0,56940180.0,56940180.0,KOSPI,2.94
0174R0,KIWOOM 미국성장다우존스,11330.0,5419.0,5419.0,61397270.0,61397270.0,KOSPI,-1.05
354350,HANARO 글로벌럭셔리S&P(합성),17345.0,1423.0,1423.0,24681935.0,24681935.0,KOSPI,-1.5
487910,ACE 인도컨슈머파워액티브,7485.0,2072.0,2072.0,15508920.0,15508920.0,KOSPI,-1.51
270800,RISE KQ고배당,16320.0,1380.0,1380.0,22521600.0,22521600.0,KOSPI,0.65
0084D0,KIWOOM 미국테크100월간목표헤지액티브,11195.0,1818.0,1818.0,20352510.0,20352510.0,KOSPI,-1.24
520097,미래에셋 1.5X S&P500 VIX S/T선물 ETN,8940.0,5002.0,5002.0,44717880.0,44717880.0,KOSPI,2.17
399580,RISE 글로벌클린에너지,8920.0,2802.0,2802.0,24993840.0,24993840.0,KOSPI,-2.73
580061,KB 미국채 30년 ETN,8880.0,321.0,321.0,2850480.0,2850480.0,KOSPI,-0.62
266390,KODEX 경기소비재,14665.0,433.0,433.0,6349945.0,6349945.0,KOSPI,0.58
0216K0,KIWOOM 미국우주테크TOP2채권혼합50,8770.0,22211.0,22211.0,194790470.0,194790470.0,KOSPI,-1.57
494180,TIME 글로벌소비트렌드액티브,12525.0,48.0,48.0,601200.0,601200.0,KOSPI,-2.94
530135,삼성 인버스 China A50 선물 ETN(H) B,8755.0,1.0,1.0,8755.0,8755.0,KOSPI,0.06
570107,한투 인버스2X일본니케이225선물 ETN(H),3500.0,811.0,811.0,2838500.0,2838500.0,KOSPI,2.79
0215T0,HANARO 미국AI광통신TOP10,9720.0,48775.0,48775.0,474093000.0,474093000.0,KOSPI,3.13
395150,KODEX 웹툰&드라마,1815.0,9416.0,9416.0,17090040.0,17090040.0,KOSPI,-0.93
456250,KODEX 유럽명품TOP10 STOXX,7560.0,40475.0,40475.0,305991000.0,305991000.0,KOSPI,-3.08
33637L,솔루스첨단소재2우B,2300.0,1654.0,1654.0,3804200.0,3804200.0,KOSPI,1.77
610059,메리츠 3X 레버리지 국채10년 ETN,17355.0,782.0,782.0,13571610.0,13571610.0,KOSPI,2.03
215620,HK S&P코리아로우볼,15995.0,15.0,15.0,239925.0,239925.0,KOSPI,-0.44
174350,TIGER 로우볼,20540.0,1588.0,1588.0,32617520.0,32617520.0,KOSPI,0.98
497510,ACE 글로벌빅파마,12300.0,15966.0,15966.0,196381800.0,196381800.0,KOSPI,-1.87
500068,신한 인버스 2X 10년 국채선물 ETN,12235.0,29.0,29.0,354815.0,354815.0,KOSPI,-1.09
610083,메리츠 레버리지 인도 루피화 ETN,17105.0,22.0,22.0,376310.0,376310.0,KOSPI,-1.3
570094,한투 일본엔선물 ETN C,8540.0,1.0,1.0,8540.0,8540.0,KOSPI,0.47
457930,BNK 미래전략기술액티브,28455.0,184.0,184.0,5235720.0,5235720.0,KOSPI,1.63
105010,TIGER 라틴35,6095.0,1557.0,1557.0,9489915.0,9489915.0,KOSPI,-0.73
580053,KB 레버리지 콩 선물 ETN,16995.0,27.0,27.0,458865.0,458865.0,KOSPI,-1.45
610097,메리츠 미국채30년스트립 커버드콜 ETN(H),8487.0,9.0,9.0,76383.0,76383.0,KOSPI,-0.39
0184N0,PLUS 은채권혼합,8470.0,13094.0,13094.0,110906180.0,110906180.0,KOSPI,-0.06
429980,SOL 한국형글로벌전기차&2차전지액티브,16940.0,7295.0,7295.0,123577300.0,123577300.0,KOSPI,0.53
610090,메리츠 일본 국채 10년 ETN,8435.0,1.0,1.0,8435.0,8435.0,KOSPI,1.14
0008E0,ACE 미국중심중소형제조업,11240.0,2808.0,2808.0,31561920.0,31561920.0,KOSPI,0.85
435540,KIWOOM TDF2040액티브 적격,16785.0,776.0,776.0,13025160.0,13025160.0,KOSPI,-0.74
550099,N2 레버리지 천연가스 선물 ETN,8340.0,2025.0,2025.0,16888500.0,16888500.0,KOSPI,-4.3
500036,신한 인버스 2X 미국달러 선물 ETN,4170.0,963.0,963.0,4015710.0,4015710.0,KOSPI,1.09
0133E0,TIGER 차이나증권,7935.0,9596.0,9596.0,76144260.0,76144260.0,KOSPI,-2.46
700036,하나 인버스 2X 반도체 ETN,1665.0,445691.0,445691.0,742075515.0,742075515.0,KOSPI,1.52
449680,TIGER 한중전기차(합성),9785.0,16.0,16.0,156560.0,156560.0,KOSPI,0.26
395750,PLUS ESG가치주액티브,20715.0,2.0,2.0,41430.0,41430.0,KOSPI,-0.36
497520,ACE 일라이릴리밸류체인,12730.0,10472.0,10472.0,133308560.0,133308560.0,KOSPI,-2.15
0226D0,FOCUS 금융반도체지주채권혼합50액티브,10320.0,2407.0,2407.0,24840240.0,24840240.0,KOSPI,-0.05
395280,HANARO Fn K-게임,3500.0,12928.0,12928.0,45248000.0,45248000.0,KOSPI,1.6
0214M0,MIDAS 바이오헬스케어액티브,9675.0,3639.0,3639.0,35207325.0,35207325.0,KOSPI,-2.76
000225,유유제약1우,3625.0,851.0,851.0,3084875.0,3084875.0,KOSPI,-0.14
500101,신한 블룸버그 천연가스 선물 ETN,8180.0,751.0,751.0,6143180.0,6143180.0,KOSPI,-2.73
610073,메리츠 KAP 인버스 2X 중국 위안화 ETN,16345.0,16.0,16.0,261520.0,261520.0,KOSPI,0.83
580085,KB 솔랙티브 천연가스 선물 ETN,8170.0,1972.0,1972.0,16111240.0,16111240.0,KOSPI,-2.56
182490,TIGER 단기선진하이일드(합성 H),13615.0,443.0,443.0,6031445.0,6031445.0,KOSPI,0.15
375270,RISE 글로벌데이터센터리츠(합성),12550.0,410.0,410.0,5145500.0,5145500.0,KOSPI,-1.95
0226G0,WON 피지컬AI TOP2플러스액티브,12515.0,1286.0,1286.0,16094290.0,16094290.0,KOSPI,0.2
530114,삼성 인버스 2X S&P500 선물 ETN,8115.0,129.0,129.0,1046835.0,1046835.0,KOSPI,-0.43
462340,에셋플러스 글로벌다이나믹시니어액티브,16215.0,45.0,45.0,729675.0,729675.0,KOSPI,-0.73
0067Y0,TIGER 차이나AI소프트웨어,8990.0,25594.0,25594.0,230090060.0,230090060.0,KOSPI,-2.02
0176P0,FOCUS AI반도체위클리고정커버드콜,14650.0,21241.0,21241.0,311180650.0,311180650.0,KOSPI,-1.15
227550,TIGER 200 산업재,12495.0,7425.0,7425.0,92775375.0,92775375.0,KOSPI,2.25
610084,메리츠 미국채30년 스트립 ETN(H),7990.0,3.0,3.0,23970.0,23970.0,KOSPI,0.25
520085,미래에셋 -2X 미국 AI TOP3 ETN,7950.0,2.0,2.0,15900.0,15900.0,KOSPI,-0.38
304670,KODEX 미국30년국채울트라선물인버스(H),13100.0,1486.0,1486.0,19466600.0,19466600.0,KOSPI,0.08
001515,SK증권우,4010.0,4655.0,4655.0,18666550.0,18666550.0,KOSPI,0.5
610095,메리츠 레버리지 천연가스 선물 ETN(H),7840.0,40867.0,40867.0,320397280.0,320397280.0,KOSPI,-3.8
760025,키움 전력 TOP5 ETN,11120.0,19.0,19.0,211280.0,211280.0,KOSPI,0.68
700031,하나 레버리지 천연가스 선물 ETN(H),7780.0,4900.0,4900.0,38122000.0,38122000.0,KOSPI,-4.25
480460,WON 한국부동산TOP3플러스,9150.0,102.0,102.0,933300.0,933300.0,KOSPI,0.66
530122,삼성 인버스 2X 항셍테크 TR ETN(H) B,7775.0,8510.0,8510.0,66165250.0,66165250.0,KOSPI,4.36
371150,RISE 차이나항셍테크,5980.0,19892.0,19892.0,118954160.0,118954160.0,KOSPI,-2.53
610094,메리츠 천연가스 선물 ETN(H),7750.0,4356.0,4356.0,33759000.0,33759000.0,KOSPI,-1.9
001065,JW중외제약우,22600.0,14.0,14.0,316400.0,316400.0,KOSPI,2.73
189400,PLUS 글로벌MSCI(합성 H),25580.0,33.0,33.0,844140.0,844140.0,KOSPI,-0.68
570114,한투 S&P500 VIX S/T선물 ETN(H) B,7620.0,8.0,8.0,60960.0,60960.0,KOSPI,1.06
700035,하나 인버스 2X K방산TOP10 ETN,7595.0,70982.0,70982.0,539108290.0,539108290.0,KOSPI,-8.38
0218K0,BNK 스마트카,10805.0,121.0,121.0,1307405.0,1307405.0,KOSPI,1.79
610100,메리츠 레버리지 은 선물 ETN(H),7555.0,7257.0,7257.0,54826635.0,54826635.0,KOSPI,0.27
227570,TIGER 우량가치,20950.0,1731.0,1731.0,36264450.0,36264450.0,KOSPI,1.13
285690,FOCUS ESG리더스,21480.0,11.0,11.0,236280.0,236280.0,KOSPI,0.68
494210,SOL 미국500타겟데일리커버드콜액티브,10665.0,8324.0,8324.0,88775460.0,88775460.0,KOSPI,1.04
435530,KIWOOM TDF2030액티브 적격,14920.0,2248.0,2248.0,33540160.0,33540160.0,KOSPI,-0.67
530056,삼성 인버스 2X 금 선물 ETN(H),1865.0,11744.0,11744.0,21902560.0,21902560.0,KOSPI,0.0
0138D0,RISE 동학개미,13455.0,574.0,574.0,7723170.0,7723170.0,KOSPI,0.11
253280,RISE 헬스케어,12305.0,5110.0,5110.0,62878550.0,62878550.0,KOSPI,-1.24
272570,RISE 중장기국공채액티브,108170.0,165.0,165.0,17848050.0,17848050.0,KOSPI,0.28
0172Y0,ACE K수출핵심TOP10산업액티브,9190.0,9147.0,9147.0,84060930.0,84060930.0,KOSPI,0.55
225800,KIWOOM 미국달러선물레버리지,14390.0,582.0,582.0,8374980.0,8374980.0,KOSPI,-1.03
402460,HANARO Fn K-메타버스MZ,14605.0,76.0,76.0,1109980.0,1109980.0,KOSPI,0.86
530141,삼성 중국 자동차 TOP5 TR ETN(H),7250.0,80.0,80.0,580000.0,580000.0,KOSPI,-1.16
488480,RISE 일본섹터TOP4Plus,13155.0,503.0,503.0,6616965.0,6616965.0,KOSPI,-0.19
0005C0,RISE 미국S&P500엔화노출(합성 H),11090.0,806.0,806.0,8938540.0,8938540.0,KOSPI,-0.14
580079,KB 레버리지 은 선물 ETN,7195.0,17389.0,17389.0,125113855.0,125113855.0,KOSPI,-0.35
700030,하나 S&P 인버스 2X WTI원유 선물 ETN B,1796.0,69884.0,69884.0,125511664.0,125511664.0,KOSPI,-6.12
530060,삼성 코스피 양매도 5% OTM ETN,7160.0,1.0,1.0,7160.0,7160.0,KOSPI,1.13
315270,TIGER 200커뮤니케이션서비스,18770.0,103.0,103.0,1933310.0,1933310.0,KOSPI,1.49
490330,KoAct 미국치매&뇌질환치료제액티브,12935.0,19118.0,19118.0,247291330.0,247291330.0,KOSPI,-2.16
487920,ACE 인도시장대표BIG5그룹액티브,7090.0,7021.0,7021.0,49778890.0,49778890.0,KOSPI,-1.32
437370,RISE 글로벌농업경제,10035.0,982.0,982.0,9854370.0,9854370.0,KOSPI,-1.52
000325,노루홀딩스우,28800.0,23.0,23.0,662400.0,662400.0,KOSPI,3.6
500098,신한 인버스 2X Russell 2000 ETN B,7010.0,18.0,18.0,126180.0,126180.0,KOSPI,-1.2
0191B0,MIDAS 코스닥액티브,34980.0,2209.0,2209.0,77270820.0,77270820.0,KOSPI,-1.62
580062,KB 레버리지 미국채 30년 ETN,13990.0,12.0,12.0,167880.0,167880.0,KOSPI,-0.53
530142,삼성 중국 AI 테크 TOP5 TR ETN(H),6995.0,225.0,225.0,1573875.0,1573875.0,KOSPI,-0.43
570092,한투 인버스2X유로스탁스50 ETN(H) B,6990.0,2471.0,2471.0,17272290.0,17272290.0,KOSPI,2.64
244670,KODEX 밸류Plus,11535.0,122.0,122.0,1407270.0,1407270.0,KOSPI,0.17
400590,SOL 글로벌탄소배출권선물ICE(합성),13805.0,143.0,143.0,1974115.0,1974115.0,KOSPI,-0.72
610091,메리츠 3X 레버리지 일본 국채 10년 ETN,13750.0,29.0,29.0,398750.0,398750.0,KOSPI,1.4
225050,TIGER 유로스탁스레버리지(합성 H),15245.0,598.0,598.0,9116510.0,9116510.0,KOSPI,-2.53
0094X0,1Q 샤오미밸류체인액티브,7615.0,7084.0,7084.0,53944660.0,53944660.0,KOSPI,-1.49
760006,키움 KPOP ETN,6795.0,7.0,7.0,47565.0,47565.0,KOSPI,-0.29
570109,한투 레버리지미국채30년 ETN,13500.0,1.0,1.0,13500.0,13500.0,KOSPI,-0.41
256450,PLUS 심천차이넥스트(합성),13440.0,83.0,83.0,1115520.0,1115520.0,KOSPI,0.6
500067,신한 레버리지 10년 국채선물 ETN,9570.0,2.0,2.0,19140.0,19140.0,KOSPI,0.9
0082F0,HANARO 유럽방산,9550.0,1239.0,1239.0,11832450.0,11832450.0,KOSPI,-2.1
610099,메리츠 은 선물 ETN(H),6645.0,4.0,4.0,26580.0,26580.0,KOSPI,0.99
004985,성신양회우,9020.0,1885.0,1885.0,17002700.0,17002700.0,KOSPI,0.0
139660,KIWOOM 미국달러선물인버스,8560.0,102.0,102.0,873120.0,873120.0,KOSPI,0.12
570101,한투 인버스나스닥100 ETN B,6585.0,7.0,7.0,46095.0,46095.0,KOSPI,0.69
450180,KODEX 한중전기차(합성),10045.0,32.0,32.0,321440.0,321440.0,KOSPI,0.85
326230,RISE 내수주플러스,10860.0,25.0,25.0,271500.0,271500.0,KOSPI,0.74
0036Z0,RISE 미국천연가스밸류체인,11845.0,3972.0,3972.0,47048340.0,47048340.0,KOSPI,1.67
139290,TIGER 200 경기소비재,23120.0,1154.0,1154.0,26680480.0,26680480.0,KOSPI,0.28
456200,PLUS 미국달러SOFR금리액티브(합성),58735.0,730.0,730.0,42876550.0,42876550.0,KOSPI,-0.63
530096,삼성 인버스 구리 선물 ETN(H),6385.0,7778.0,7778.0,49662530.0,49662530.0,KOSPI,0.47
580078,KB 은 선물 ETN,6365.0,34.0,34.0,216410.0,216410.0,KOSPI,0.55
760010,키움 2차전지산업 ETN,9085.0,84.0,84.0,763140.0,763140.0,KOSPI,3.18
570095,한투 레버리지일본엔선물 ETN C,6340.0,2004.0,2004.0,12705360.0,12705360.0,KOSPI,-0.31
307510,TIGER 의료기기,12635.0,5970.0,5970.0,75430950.0,75430950.0,KOSPI,-1.44
004835,덕성우,4525.0,11447.0,11447.0,51797675.0,51797675.0,KOSPI,1.8
138920,KODEX 콩선물(H),12590.0,257.0,257.0,3235630.0,3235630.0,KOSPI,-0.51
289670,PLUS 국채선물10년,52240.0,710.0,710.0,37090400.0,37090400.0,KOSPI,0.45
451670,RISE 국채30년레버리지(합성),12515.0,311.0,311.0,3892165.0,3892165.0,KOSPI,1.5
580084,KB 인버스 2X 미국 S&P500 선물 ETN B,12415.0,2.0,2.0,24830.0,24830.0,KOSPI,0.53
469530,RISE 미국달러선물인버스,9625.0,14.0,14.0,134750.0,134750.0,KOSPI,0.79
368680,KODEX K-뉴딜디지털플러스,7660.0,18.0,18.0,137880.0,137880.0,KOSPI,-0.07
0047N0,PLUS 차이나AI테크TOP10,8700.0,884.0,884.0,7690800.0,7690800.0,KOSPI,-2.96
570098,한투 레버리지엔달러선물 ETN(H),6020.0,905.0,905.0,5448100.0,5448100.0,KOSPI,1.26
429740,PLUS K리츠,6010.0,5226.0,5226.0,31408260.0,31408260.0,KOSPI,0.5
483020,KIWOOM 의료AI,9240.0,3563.0,3563.0,32922120.0,32922120.0,KOSPI,-1.49
400580,SOL 유럽탄소배출권선물S&P(H),11990.0,2.0,2.0,23980.0,23980.0,KOSPI,0.84
316300,ACE 싱가포르리츠,11915.0,1208.0,1208.0,14393320.0,14393320.0,KOSPI,-2.38
250780,TIGER 코스닥150선물인버스,2245.0,260693.0,260693.0,585255785.0,585255785.0,KOSPI,0.9
433250,UNICORN R&D 액티브,23790.0,6.0,6.0,142740.0,142740.0,KOSPI,0.61
570111,한투 3X레버리지미국채30년 ETN,29660.0,10.0,10.0,296600.0,296600.0,KOSPI,-0.5
291630,KIWOOM 코스닥150선물레버리지,4070.0,99079.0,99079.0,403251530.0,403251530.0,KOSPI,-1.33
267450,RISE 미국장기국채선물인버스(H),11700.0,2.0,2.0,23400.0,23400.0,KOSPI,-0.26
530062,삼성 인버스 2X 은 선물 ETN(H),45.0,173725.0,173725.0,7817625.0,7817625.0,KOSPI,0.0
0166T0,PLUS 글로벌저작권핵심기업액티브,8980.0,5.0,5.0,44900.0,44900.0,KOSPI,-0.5
012205,계양전기우,4980.0,6233.0,6233.0,31040340.0,31040340.0,KOSPI,1.63
314700,HANARO 농업융복합산업,10550.0,5396.0,5396.0,56927800.0,56927800.0,KOSPI,0.96
0053M0,더제이 중소형포커스액티브,12840.0,4817.0,4817.0,61850280.0,61850280.0,KOSPI,-1.08
26490K,크라운제과우,7400.0,202.0,202.0,1494800.0,1494800.0,KOSPI,0.27
090355,노루페인트우,12290.0,23.0,23.0,282670.0,282670.0,KOSPI,-0.89
0114X0,RISE 글로벌게임테크TOP3Plus,8720.0,6857.0,6857.0,59793040.0,59793040.0,KOSPI,-1.13
401590,HANARO 글로벌탄소배출권선물ICE(합성),11045.0,134.0,134.0,1480030.0,1480030.0,KOSPI,-0.45
0229F0,마이티 신약포커스바이오액티브,8660.0,4334.0,4334.0,37532440.0,37532440.0,KOSPI,-1.93
407300,HANARO Fn골프테마,10190.0,2.0,2.0,20380.0,20380.0,KOSPI,0.25
291890,KODEX MSCI EM선물(H),12345.0,146.0,146.0,1802370.0,1802370.0,KOSPI,0.12
432600,RISE 국채선물3년,55405.0,4.0,4.0,221620.0,221620.0,KOSPI,0.28
610023,메리츠 레버리지 미국채10년 ETN(H),5535.0,511.0,511.0,2828385.0,2828385.0,KOSPI,0.64
470310,UNICORN 생성형AI강소기업액티브,18380.0,306.0,306.0,5624280.0,5624280.0,KOSPI,-0.7
238670,PLUS 스마트베타Quality채권혼합,13615.0,7015.0,7015.0,95509225.0,95509225.0,KOSPI,1.15
499150,SOL 미국S&P500엔화노출(H),10715.0,443.0,443.0,4746745.0,4746745.0,KOSPI,-0.37
550098,N2 인버스 2X 코스닥150 선물 ETN,5335.0,8743.0,8743.0,46643905.0,46643905.0,KOSPI,0.66
0087F0,ACE 차이나AI빅테크TOP2+액티브,10560.0,4283.0,4283.0,45228480.0,45228480.0,KOSPI,-3.91
390400,KODEX 미국스마트모빌리티S&P,6590.0,32472.0,32472.0,213990480.0,213990480.0,KOSPI,-0.45
0184V0,UNICORN K바이오액티브,5525.0,118291.0,118291.0,653557775.0,653557775.0,KOSPI,-5.39
220130,SOL 차이나강소기업CSI500(합성 H),6550.0,1612.0,1612.0,10558600.0,10558600.0,KOSPI,-0.46
0174J0,DAISHIN 오피스리츠플러스,8675.0,8499.0,8499.0,73728825.0,73728825.0,KOSPI,-0.12
219900,ACE 중국본토CSI300레버리지(합성),3685.0,4418.0,4418.0,16280330.0,16280330.0,KOSPI,0.27
295000,RISE 국채선물10년,51480.0,21.0,21.0,1081080.0,1081080.0,KOSPI,0.66
0015E0,KIWOOM 엔비디아미국30년국채혼합액티브(H),10245.0,1239.0,1239.0,12693555.0,12693555.0,KOSPI,0.05
0102X0,ACE 유럽방산TOP10,8465.0,50994.0,50994.0,431664210.0,431664210.0,KOSPI,-1.57
530094,삼성 인버스 코스닥 150 선물 ETN,5055.0,457.0,457.0,2310135.0,2310135.0,KOSPI,0.9
483030,KIWOOM 미국블록버스터바이오테크의약품+,11120.0,1556.0,1556.0,17302720.0,17302720.0,KOSPI,-3.01
413220,SOL 차이나태양광CSI(합성),4160.0,2137.0,2137.0,8889920.0,8889920.0,KOSPI,0.97
760014,키움 바이오TOP10 ETN,7085.0,7.0,7.0,49595.0,49595.0,KOSPI,-2.07
476310,RISE 글로벌비만산업TOP2+,8920.0,4878.0,4878.0,43511760.0,43511760.0,KOSPI,-1.44
227560,TIGER 200 생활소비재,12260.0,2151.0,2151.0,26371260.0,26371260.0,KOSPI,-0.28
0154H0,KoAct 차이나바이오헬스케어액티브,8885.0,16724.0,16724.0,148592740.0,148592740.0,KOSPI,-3.89
0132D0,KoAct 글로벌K컬처밸류체인액티브,8880.0,4029.0,4029.0,35777520.0,35777520.0,KOSPI,-0.39
610029,메리츠 인버스 2X 구리 선물 ETN(H),4880.0,33.0,33.0,161040.0,161040.0,KOSPI,0.51
001770,SHD,3925.0,65628.0,65628.0,257589900.0,257589900.0,KOSPI,-1.87
0015K0,TIGER 미국소비트렌드액티브,6770.0,27.0,27.0,182790.0,182790.0,KOSPI,-0.59
474390,SOL 국고채30년액티브,41105.0,84.0,84.0,3452820.0,3452820.0,KOSPI,0.28
411860,KIWOOM 독일DAX,15540.0,4576.0,4576.0,71111040.0,71111040.0,KOSPI,-1.86
267440,RISE 미국장기국채선물(H),7645.0,212.0,212.0,1620740.0,1620740.0,KOSPI,0.0
0073X0,FOCUS 알리바바미국채커버드콜혼합,8275.0,1115.0,1115.0,9226625.0,9226625.0,KOSPI,-0.06
266550,PLUS 중형주저변동50,17970.0,3.0,3.0,53910.0,53910.0,KOSPI,-0.19
510027,대신 인버스 2X 코스닥 150 선물 ETN,1486.0,30875.0,30875.0,45880250.0,45880250.0,KOSPI,0.75
498610,RISE 인도디지털성장,7355.0,38709.0,38709.0,284704695.0,284704695.0,KOSPI,-1.21
580044,KB 인버스 2X KOSDAQ 150 선물 ETN,1471.0,116929.0,116929.0,172002559.0,172002559.0,KOSPI,0.96
391600,ACE 미국친환경그린테마,9695.0,1024.0,1024.0,9927680.0,9927680.0,KOSPI,-1.52
000145,하이트진로홀딩스우,9160.0,407.0,407.0,3728120.0,3728120.0,KOSPI,0.66
0078V0,PLUS 미국로보택시,8610.0,1197.0,1197.0,10306170.0,10306170.0,KOSPI,-2.05
000545,흥국화재우,5600.0,11.0,11.0,61600.0,61600.0,KOSPI,0.18
205720,ACE 일본TOPIX인버스(합성 H),1428.0,504.0,504.0,719712.0,719712.0,KOSPI,-0.07
002995,금호건설우,14580.0,5138.0,5138.0,74912040.0,74912040.0,KOSPI,-0.75
277650,TIGER 코스피중형주,21280.0,188.0,188.0,4000640.0,4000640.0,KOSPI,0.88
0128D0,PLUS 차이나항셍테크위클리타겟커버드콜,6075.0,3500.0,3500.0,21262500.0,21262500.0,KOSPI,-3.72
0050E0,PLUS 미국AI에이전트,8495.0,8923.0,8923.0,75800885.0,75800885.0,KOSPI,2.66
291680,RISE 차이나H선물인버스(H),8165.0,1050.0,1050.0,8573250.0,8573250.0,KOSPI,2.51
373790,KIWOOM 미국방어배당성장나스닥,14455.0,608.0,608.0,8788640.0,8788640.0,KOSPI,-0.38
009415,태영건설우,6170.0,1704.0,1704.0,10513680.0,10513680.0,KOSPI,0.0
226380,ACE Fn성장소비주도주,5700.0,168.0,168.0,957600.0,957600.0,KOSPI,0.09
243890,TIGER 200에너지화학레버리지,8820.0,29283.0,29283.0,258276060.0,258276060.0,KOSPI,6.91
530125,삼성 인버스 2X 일본니케이225선물 ETN(H),3925.0,8419.0,8419.0,33044575.0,33044575.0,KOSPI,2.35
252420,RISE 200선물인버스2X,74.0,399359.0,399359.0,29552566.0,29552566.0,KOSPI,0.0
005965,동부건설우,17190.0,114.0,114.0,1959660.0,1959660.0,KOSPI,-0.29
0131A0,SOL 차이나소비트렌드,6975.0,46211.0,46211.0,322321725.0,322321725.0,KOSPI,-1.9
500041,신한 인버스 2X 구리 선물 ETN,748.0,20.0,20.0,14960.0,14960.0,KOSPI,0.13
225030,TIGER 미국S&P500선물인버스(H),2265.0,14664.0,14664.0,33213960.0,33213960.0,KOSPI,0.22
334690,RISE 팔라듐선물(H),5315.0,8086.0,8086.0,42977090.0,42977090.0,KOSPI,-2.66
244660,KODEX 퀄리티Plus,9185.0,1.0,1.0,9185.0,9185.0,KOSPI,-0.38
014825,동원시스템즈우,13690.0,30.0,30.0,410700.0,410700.0,KOSPI,3.71
007575,일양약품우,8010.0,824.0,824.0,6600240.0,6600240.0,KOSPI,-0.5
306530,HANARO 코스닥150선물레버리지,8040.0,39755.0,39755.0,319630200.0,319630200.0,KOSPI,-1.77
427120,RISE AI플랫폼,5325.0,10294.0,10294.0,54815550.0,54815550.0,KOSPI,0.66
36328K,티와이홀딩스우,2970.0,5530.0,5530.0,16424100.0,16424100.0,KOSPI,4.95
570110,한투 3X레버리지국채30년 ETN,17330.0,267.0,267.0,4627110.0,4627110.0,KOSPI,3.34
570023,한투 인버스2XS&P500선물 ETN(H),679.0,202.0,202.0,137158.0,137158.0,KOSPI,0.44
014285,금강공업우,5600.0,1069.0,1069.0,5986400.0,5986400.0,KOSPI,-3.95
321410,KODEX 멀티에셋하이인컴(H),10350.0,2.0,2.0,20700.0,20700.0,KOSPI,-0.53
0079X0,ACE BYD밸류체인액티브,8865.0,3642.0,3642.0,32286330.0,32286330.0,KOSPI,-1.5
014915,성문전자우,5170.0,595.0,595.0,3076150.0,3076150.0,KOSPI,5.62
267490,RISE 미국장기국채선물레버리지(합성 H),4430.0,2080.0,2080.0,9214400.0,9214400.0,KOSPI,-0.56
005745,크라운해태홀딩스우,5090.0,1318.0,1318.0,6708620.0,6708620.0,KOSPI,-0.2
280940,KODEX 골드선물인버스(H),3595.0,2388.0,2388.0,8584860.0,8584860.0,KOSPI,0.0
476000,UNICORN 포스트IPO액티브,5175.0,1055.0,1055.0,5459625.0,5459625.0,KOSPI,-0.19
491630,RISE 미국반도체인버스(합성 H),4820.0,568.0,568.0,2737760.0,2737760.0,KOSPI,-0.41
145670,ACE 인버스,1240.0,37771.0,37771.0,46836040.0,46836040.0,KOSPI,-0.8
252410,RISE 200선물인버스,1263.0,5147.0,5147.0,6500661.0,6500661.0,KOSPI,-0.71
005030,부산주공,27.0,17749585.0,17749585.0,479238795.0,479238795.0,KOSPI,-32.5
000227,유유제약2우B,7630.0,357.0,357.0,2723910.0,2723910.0,KOSPI,0.39
580033,KB 인버스 2X 구리 선물 ETN(H),4855.0,402.0,402.0,1951710.0,1951710.0,KOSPI,0.31
005110,한창,112.0,10011000.0,10011000.0,1121232000.0,1121232000.0,KOSPI,-91.07
334700,RISE 팔라듐선물인버스(H),3625.0,1071.0,1071.0,3882375.0,3882375.0,KOSPI,1.97
001525,동양우,8920.0,492.0,492.0,4388640.0,4388640.0,KOSPI,8.25
500051,신한 인버스 2X S&P500 선물 ETN,1160.0,71.0,71.0,82360.0,82360.0,KOSPI,0.52
253230,KIWOOM 200선물인버스2X,69.0,958525.0,958525.0,66138225.0,66138225.0,KOSPI,-2.82
008355,남선알미우,7300.0,110.0,110.0,803000.0,803000.0,KOSPI,3.99
500030,신한 인버스 2X 은 선물 ETN(H),65.0,14981.0,14981.0,973765.0,973765.0,KOSPI,1.56
280320,ACE 미국IT인터넷(합성 H),21590.0,468.0,468.0,10104120.0,10104120.0,KOSPI,0.14
275750,RISE 코스닥150선물인버스,2255.0,19684.0,19684.0,44387420.0,44387420.0,KOSPI,0.89
570070,한투 인버스2X플래티넘선물 ETN,1747.0,27.0,27.0,47169.0,47169.0,KOSPI,-1.91
291620,KIWOOM 코스닥150선물인버스,3940.0,18332.0,18332.0,72228080.0,72228080.0,KOSPI,0.51
700018,하나 인버스 2X 코스닥150 선물 ETN,1491.0,18756.0,18756.0,27965196.0,27965196.0,KOSPI,1.29
253240,KIWOOM 200선물인버스,1255.0,5520.0,5520.0,6927600.0,6927600.0,KOSPI,-1.03
306520,HANARO 200선물인버스,2285.0,1690.0,1690.0,3861650.0,3861650.0,KOSPI,-1.08
253160,PLUS 200선물인버스2X,141.0,154469.0,154469.0,21780129.0,21780129.0,KOSPI,-1.4
004545,깨끗한나라우,3630.0,471.0,471.0,1709730.0,1709730.0,KOSPI,0.28
500038,신한 인버스 2X 금 선물 ETN,1180.0,106.0,106.0,125080.0,125080.0,KOSPI,-0.84
011155,CJ씨푸드1우,5580.0,925.0,925.0,5161500.0,5161500.0,KOSPI,-4.12
261920,ACE MSCI필리핀(합성),11085.0,186.0,186.0,2061810.0,2061810.0,KOSPI,-0.54
412560,TIGER BBIG레버리지,1645.0,7209.0,7209.0,11858805.0,11858805.0,KOSPI,2.24
001527,동양2우B,5100.0,1065.0,1065.0,5431500.0,5431500.0,KOSPI,0.99
004415,서울식품우,3800.0,801.0,801.0,3043800.0,3043800.0,KOSPI,0.26
465620,ACE 미국빅테크TOP7 Plus인버스(합성),6470.0,16896.0,16896.0,109317120.0,109317120.0,KOSPI,2.45
002785,진흥기업우B,7180.0,1247.0,1247.0,8953460.0,8953460.0,KOSPI,-2.84
002787,진흥기업2우B,9820.0,1449.0,1449.0,14229180.0,14229180.0,KOSPI,-8.99
196170,알테오젠,259500.0,234723.0,444923.0,60910618500.0,115457518500.0,KOSDAQ,-2.08
086520,에코프로,89100.0,1101306.0,2073870.0,98126364600.0,184781817000.0,KOSDAQ,4.7
247540,에코프로비엠,115600.0,334576.0,555186.0,38676985600.0,64179501600.0,KOSDAQ,0.78
036930,주성엔지니어링,239500.0,1363805.0,1363805.0,326631297500.0,326631297500.0,KOSDAQ,-0.62
277810,레인보우로보틱스,448500.0,64409.0,112691.0,28887436500.0,50541913500.0,KOSDAQ,2.16
240810,원익IPS,139400.0,1320502.0,1320502.0,184077978800.0,184077978800.0,KOSDAQ,-2.86
039030,이오테크닉스,537000.0,108226.0,151264.0,58117362000.0,81228768000.0,KOSDAQ,-4.79
222800,심텍,170200.0,1104881.0,2108416.0,188050746200.0,358852403200.0,KOSDAQ,6.57
058470,리노공업,85100.0,2273353.0,3514957.0,193462340300.0,299122840700.0,KOSDAQ,4.55
403870,HPSP,66200.0,3595894.0,3595894.0,238048182800.0,238048182800.0,KOSDAQ,-4.06
028300,HLB,40650.0,701513.0,1519230.0,28516503450.0,61756699500.0,KOSDAQ,0.25
000250,삼천당제약,210000.0,299953.0,523002.0,62990130000.0,109830420000.0,KOSDAQ,5.32
108490,로보티즈,312000.0,285587.0,641978.0,89103144000.0,200297136000.0,KOSDAQ,5.23
095340,ISC,210000.0,229819.0,351458.0,48261990000.0,73806180000.0,KOSDAQ,-6.46
319660,피에스케이,152000.0,467185.0,467185.0,71012120000.0,71012120000.0,KOSDAQ,-6.11
440110,파두,86900.0,654719.0,654719.0,56895081100.0,56895081100.0,KOSDAQ,-3.12
031980,피에스케이홀딩스,193600.0,203642.0,203642.0,39425091200.0,39425091200.0,KOSDAQ,-0.21
084370,유진테크,179400.0,181897.0,256984.0,32632321800.0,46102929600.0,KOSDAQ,-3.5
067310,하나마이크론,52200.0,2192408.0,2192408.0,114443697600.0,114443697600.0,KOSDAQ,1.95
095610,테스,178400.0,233922.0,360556.0,41731684800.0,64323190400.0,KOSDAQ,-2.99
064760,티씨케이,298000.0,69675.0,88319.0,20763150000.0,26319062000.0,KOSDAQ,-5.1
357780,솔브레인,426500.0,30401.0,41979.0,12966026500.0,17904043500.0,KOSDAQ,-0.81
131290,티에스이,292500.0,118743.0,157236.0,34732327500.0,45991530000.0,KOSDAQ,-4.1
080220,제주반도체,92800.0,4370853.0,4370853.0,405615158400.0,405615158400.0,KOSDAQ,5.22
214450,파마리서치,307000.0,128164.0,208836.0,39346348000.0,64112652000.0,KOSDAQ,-2.38
141080,리가켐바이오,83000.0,213253.0,352841.0,17699999000.0,29285803000.0,KOSDAQ,-3.71
087010,펩트론,130600.0,212922.0,376063.0,27807613200.0,49113827800.0,KOSDAQ,-8.35
298380,에이비엘바이오,51800.0,266151.0,480233.0,13786621800.0,24876069400.0,KOSDAQ,-3.36
010170,대한광통신,17860.0,15084450.0,15084450.0,269408277000.0,269408277000.0,KOSDAQ,5.06
310210,보로노이,144900.0,54635.0,75753.0,7916611500.0,10976609700.0,KOSDAQ,-4.48
005290,동진쎄미켐,52500.0,611102.0,1236172.0,32082855000.0,64899030000.0,KOSDAQ,-1.13
178320,서진시스템,41850.0,2017407.0,2017407.0,84428482950.0,84428482950.0,KOSDAQ,3.98
226950,올릭스,116800.0,182339.0,275263.0,21297195200.0,32150718400.0,KOSDAQ,-0.09
257720,실리콘투,37200.0,782305.0,1296096.0,29101746000.0,48214771200.0,KOSDAQ,-2.87
043260,성호전자,31400.0,9363821.0,9363821.0,294023979400.0,294023979400.0,KOSDAQ,10.18
098460,고영,34450.0,1612609.0,1612609.0,55554380050.0,55554380050.0,KOSDAQ,1.17
319400,현대무벡스,20900.0,716220.0,716220.0,14968998000.0,14968998000.0,KOSDAQ,0.97
058610,에스피지,103400.0,257689.0,587413.0,26645042600.0,60738504200.0,KOSDAQ,3.3
214370,케어젠,42500.0,51643.0,79575.0,2194827500.0,3381937500.0,KOSDAQ,-1.51
030530,원익홀딩스,29350.0,1787220.0,1787220.0,52454907000.0,52454907000.0,KOSDAQ,4.82
145020,휴젤,180400.0,39279.0,51819.0,7085931600.0,9348147600.0,KOSDAQ,-0.11
032820,우리기술,12800.0,2158288.0,2158288.0,27626086400.0,27626086400.0,KOSDAQ,2.07
131970,두산테스나,109000.0,344040.0,751588.0,37500360000.0,81923092000.0,KOSDAQ,3.02
263750,펄어비스,33450.0,109981.0,154225.0,3678864450.0,5158826250.0,KOSDAQ,-0.3
140860,파크시스템스,299000.0,27844.0,34588.0,8325356000.0,10341812000.0,KOSDAQ,-0.17
140410,메지온,68000.0,156305.0,156305.0,10628740000.0,10628740000.0,KOSDAQ,-7.61
089030,테크윙,55700.0,953864.0,953864.0,53130224800.0,53130224800.0,KOSDAQ,-2.79
214150,클래시스,30850.0,180104.0,224931.0,5556208400.0,6939121350.0,KOSDAQ,-1.59
347850,디앤디파마텍,43600.0,425458.0,425458.0,18549968800.0,18549968800.0,KOSDAQ,-3.65
237690,에스티팜,93300.0,62574.0,95834.0,5838154200.0,8941312200.0,KOSDAQ,-2.41
036540,SFA반도체,11460.0,6949617.0,6949617.0,79642610820.0,79642610820.0,KOSDAQ,4.18
323280,태성,60400.0,344055.0,794667.0,20780922000.0,47997886800.0,KOSDAQ,-1.15
083650,비에이치아이,59500.0,184557.0,404546.0,10981141500.0,24070487000.0,KOSDAQ,-1.33
041510,에스엠,78800.0,161371.0,203199.0,12716034800.0,16012081200.0,KOSDAQ,1.42
089970,브이엠,67400.0,830465.0,1403123.0,55973341000.0,94570490200.0,KOSDAQ,-4.8
060370,LS마린솔루션,33900.0,192845.0,334230.0,6537445500.0,11330397000.0,KOSDAQ,3.67
183300,코미코,34450.0,436761.0,664344.0,15046416450.0,22886650800.0,KOSDAQ,-3.5
096530,씨젠,36750.0,243828.0,409386.0,8960679000.0,15044935500.0,KOSDAQ,-1.47
068760,셀트리온제약,38500.0,99025.0,142941.0,3812462500.0,5503228500.0,KOSDAQ,-2.9
078600,대주전자재료,108700.0,563923.0,1027194.0,61298430100.0,111655987800.0,KOSDAQ,12.29
218410,RFHIC,62200.0,772381.0,1712481.0,48042098200.0,106516318200.0,KOSDAQ,3.67
437730,삼현,52100.0,307551.0,688059.0,16023407100.0,35847873900.0,KOSDAQ,1.56
420770,기가비스,129300.0,115304.0,115304.0,14908807200.0,14908807200.0,KOSDAQ,-3.72
0009K0,에임드바이오,25050.0,106646.0,196346.0,2671482300.0,4918467300.0,KOSDAQ,-1.57
007390,네이처셀,24950.0,191512.0,355365.0,4778224400.0,8866356750.0,KOSDAQ,-0.6
290650,엘앤씨바이오,54000.0,295149.0,389666.0,15938046000.0,21041964000.0,KOSDAQ,-4.09
950260,인제니아테라퓨틱스(Reg.S),28600.0,608375.0,608375.0,17399525000.0,17399525000.0,KOSDAQ,-1.21
039200,오스코텍,36650.0,114016.0,156906.0,4178686400.0,5750604900.0,KOSDAQ,-3.55
232140,와이씨,16930.0,4042536.0,4042536.0,68440134480.0,68440134480.0,KOSDAQ,5.81
950160,코오롱티슈진,16230.0,425246.0,425246.0,6901742580.0,6901742580.0,KOSDAQ,-1.4
082920,비츠로셀,29700.0,195032.0,304539.0,5792450400.0,9044808300.0,KOSDAQ,2.06
035900,JYP Ent.,37500.0,151068.0,216012.0,5665050000.0,8100450000.0,KOSDAQ,-0.66
347700,스피어,24700.0,2253758.0,2253758.0,55667822600.0,55667822600.0,KOSDAQ,7.63
003380,하림지주,11310.0,382058.0,382058.0,4321075980.0,4321075980.0,KOSDAQ,3.38
204270,제이앤티씨,21800.0,858865.0,858865.0,18723257000.0,18723257000.0,KOSDAQ,-0.68
166090,하나머티리얼즈,63300.0,120487.0,190414.0,7626827100.0,12053206200.0,KOSDAQ,-0.31
252990,샘씨엔에스,19920.0,647498.0,647498.0,12898160160.0,12898160160.0,KOSDAQ,-1.14
241710,코스메카코리아,110700.0,175894.0,210676.0,19471465800.0,23321833200.0,KOSDAQ,-4.07
356860,티엘비,48700.0,696198.0,1314811.0,33904842600.0,64031295700.0,KOSDAQ,0.83
195940,HK이노엔,40300.0,40323.0,78029.0,1625016900.0,3144568700.0,KOSDAQ,-0.74
101490,에스앤에스텍,53500.0,494763.0,1140676.0,26469820500.0,61026166000.0,KOSDAQ,2.69
056190,SFA,31100.0,361664.0,577459.0,11247750400.0,17958974900.0,KOSDAQ,3.84
127120,제이에스링크,29700.0,166864.0,279744.0,4955860800.0,8308396800.0,KOSDAQ,-2.14
293490,카카오게임즈,10180.0,578949.0,578949.0,5893700820.0,5893700820.0,KOSDAQ,2.31
086450,동국제약,22900.0,762868.0,1211207.0,17469677200.0,27736640300.0,KOSDAQ,3.39
458870,씨어스,27000.0,230811.0,459049.0,6231897000.0,12394323000.0,KOSDAQ,3.65
417200,LS머트리얼즈,15300.0,2780232.0,2780232.0,42537549600.0,42537549600.0,KOSDAQ,9.91
036830,솔브레인홀딩스,48950.0,245672.0,395056.0,12025644400.0,19337991200.0,KOSDAQ,10.12
083450,GST,53900.0,224719.0,413430.0,12112354100.0,22283877000.0,KOSDAQ,-2.0
445680,큐리옥스바이오시스템즈,56500.0,59113.0,105872.0,3339884500.0,5981768000.0,KOSDAQ,-4.56
161580,필옵틱스,41050.0,618085.0,1332512.0,25372389250.0,54699617600.0,KOSDAQ,0.86
100790,미래에셋벤처투자,18050.0,452647.0,452647.0,8170278350.0,8170278350.0,KOSDAQ,0.33
327260,RF머트리얼즈,53200.0,2030522.0,2030522.0,108023770400.0,108023770400.0,KOSDAQ,7.69
115180,큐리언트,24700.0,59268.0,96736.0,1463919600.0,2389379200.0,KOSDAQ,0.2
491000,리브스메드,36200.0,203533.0,203533.0,7367894600.0,7367894600.0,KOSDAQ,-1.36
388210,씨엠티엑스,94300.0,162700.0,225480.0,15342610000.0,21262764000.0,KOSDAQ,-0.11
099320,쎄트렉아이,82500.0,88627.0,162807.0,7311727500.0,13431577500.0,KOSDAQ,4.56
065350,신성델타테크,32800.0,100002.0,207828.0,3280065600.0,6816758400.0,KOSDAQ,2.66
160190,하이젠알앤엠,29100.0,117760.0,117760.0,3426816000.0,3426816000.0,KOSDAQ,1.93
425420,티에프이,72600.0,123728.0,187107.0,8982652800.0,13583968200.0,KOSDAQ,-2.16
032500,케이엠더블유,21000.0,553575.0,1382657.0,11625075000.0,29035797000.0,KOSDAQ,8.02
031330,에스에이엠티,8830.0,445284.0,445284.0,3931857720.0,3931857720.0,KOSDAQ,0.23
119850,지엔씨에너지,53400.0,563539.0,923013.0,30092982600.0,49288894200.0,KOSDAQ,-2.2
053800,안랩,78400.0,48504.0,84083.0,3802713600.0,6592107200.0,KOSDAQ,0.77
033790,피노,10090.0,3437444.0,3437444.0,34683809960.0,34683809960.0,KOSDAQ,11.99
295310,에이치브이엠,69700.0,272767.0,424609.0,19011859900.0,29595247300.0,KOSDAQ,7.89
074600,원익QnC,32650.0,220936.0,353224.0,7213560400.0,11532763600.0,KOSDAQ,0.15
388720,유일로보틱스,70700.0,21322.0,38770.0,1507465400.0,2741039000.0,KOSDAQ,1.29
281740,레이크머티리얼즈,12630.0,893787.0,893787.0,11288529810.0,11288529810.0,KOSDAQ,4.29
014620,성광벤드,30650.0,104775.0,187092.0,3211353750.0,5734369800.0,KOSDAQ,-0.81
059090,미코,23950.0,608743.0,932609.0,14579394850.0,22335985550.0,KOSDAQ,1.27
033100,제룡전기,49700.0,109401.0,316959.0,5437229700.0,15752862300.0,KOSDAQ,1.74
085660,차바이오텍,8530.0,127012.0,198340.0,1083412360.0,1691840200.0,KOSDAQ,-1.61
476830,알지노믹스,28250.0,382917.0,856686.0,10817405250.0,24201379500.0,KOSDAQ,-4.72
189300,인텔리안테크,73600.0,119377.0,187193.0,8786147200.0,13777404800.0,KOSDAQ,7.45
328130,루닛,10570.0,563147.0,1074092.0,5952463790.0,11353152440.0,KOSDAQ,-4.77
090710,휴림로봇,6490.0,1315973.0,1315973.0,8540664770.0,8540664770.0,KOSDAQ,2.04
090360,로보스타,79500.0,92735.0,176608.0,7372432500.0,14040336000.0,KOSDAQ,1.53
171090,선익시스템,76500.0,76887.0,142438.0,5881855500.0,10896507000.0,KOSDAQ,5.08
137400,피엔티,32650.0,209197.0,458591.0,6830282050.0,14972996150.0,KOSDAQ,4.98
036810,에프에스티,35700.0,310552.0,625528.0,11086706400.0,22331349600.0,KOSDAQ,2.88
035760,CJ ENM,35100.0,76534.0,94240.0,2686343400.0,3307824000.0,KOSDAQ,-1.82
053610,프로텍,85400.0,44809.0,66432.0,3826688600.0,5673292800.0,KOSDAQ,0.23
064290,인텍플러스,59100.0,467796.0,467796.0,27646743600.0,27646743600.0,KOSDAQ,1.9
044490,태웅,38050.0,97896.0,240963.0,3724942800.0,9168642150.0,KOSDAQ,-0.52
122870,와이지엔터테인먼트,40700.0,84658.0,108119.0,3445580600.0,4400443300.0,KOSDAQ,-1.33
251970,펌텍코리아,60900.0,153247.0,181570.0,9332742300.0,11057613000.0,KOSDAQ,-3.33
213420,덕산네오룩스,30150.0,107661.0,154149.0,3245979150.0,4647592350.0,KOSDAQ,-0.17
038500,삼표시멘트,6850.0,266464.0,266464.0,1825278400.0,1825278400.0,KOSDAQ,1.03
041960,코미팜,9890.0,89691.0,89691.0,887043990.0,887043990.0,KOSDAQ,0.71
466100,클로봇,23800.0,234734.0,508925.0,5586669200.0,12112415000.0,KOSDAQ,2.15
033640,네패스,31800.0,292377.0,530283.0,9297588600.0,16862999400.0,KOSDAQ,0.32
122640,예스티,33850.0,315857.0,315857.0,10691759450.0,10691759450.0,KOSDAQ,-1.88
006730,서부T&D,11400.0,466159.0,466159.0,5314212600.0,5314212600.0,KOSDAQ,4.97
456160,지투지바이오,43850.0,276910.0,477445.0,12142503500.0,20935963250.0,KOSDAQ,0.8
121600,나노신소재,59400.0,96171.0,159108.0,5712557400.0,9451015200.0,KOSDAQ,4.21
023160,태광,28100.0,79544.0,168030.0,2235186400.0,4721643000.0,KOSDAQ,-1.4
032190,다우데이타,18910.0,100907.0,135761.0,1908151370.0,2567240510.0,KOSDAQ,-2.88
476060,온코닉테라퓨틱스,15700.0,174730.0,497406.0,2743261000.0,7809274200.0,KOSDAQ,-1.38
225570,넥슨게임즈,10790.0,60076.0,77260.0,648220040.0,833635400.0,KOSDAQ,-0.64
490470,세미파이브,20750.0,1787989.0,1787989.0,37100771750.0,37100771750.0,KOSDAQ,0.97
041830,인바디,52100.0,90468.0,110062.0,4713382800.0,5734230200.0,KOSDAQ,-2.43
102710,이엔에프테크놀로지,48600.0,68798.0,106703.0,3343582800.0,5185765800.0,KOSDAQ,-2.41
092870,엑시콘,53000.0,411932.0,411932.0,21832396000.0,21832396000.0,KOSDAQ,-0.19
124500,아이티센글로벌,29550.0,158865.0,258460.0,4694460750.0,7637493000.0,KOSDAQ,0.34
253590,네오셈,15580.0,2448739.0,2448739.0,38151353620.0,38151353620.0,KOSDAQ,7.08
048410,현대바이오,7080.0,1195843.0,1195843.0,8466568440.0,8466568440.0,KOSDAQ,0.43
126340,비나텍,94900.0,98902.0,186920.0,9385799800.0,17738708000.0,KOSDAQ,1.28
222080,SFA넥셀,8360.0,701485.0,701485.0,5864414600.0,5864414600.0,KOSDAQ,3.85
050890,쏠리드,10690.0,4234676.0,4234676.0,45268686440.0,45268686440.0,KOSDAQ,6.9
077360,덕산하이메탈,14110.0,795611.0,795611.0,11226071210.0,11226071210.0,KOSDAQ,0.14
046890,서울반도체,10940.0,303172.0,781175.0,3316701680.0,8546054500.0,KOSDAQ,-0.36
253450,스튜디오드래곤,20600.0,29688.0,36123.0,611572800.0,744133800.0,KOSDAQ,0.24
093320,케이아이엔엑스,126000.0,4451.0,7296.0,560826000.0,919296000.0,KOSDAQ,1.12
080580,오킨스전자,29150.0,1342389.0,1342389.0,39130639350.0,39130639350.0,KOSDAQ,11.9
045100,한양이엔지,34850.0,114605.0,203754.0,3993984250.0,7100826900.0,KOSDAQ,-1.69
089890,코세스,36450.0,263473.0,420287.0,9603590850.0,15319461150.0,KOSDAQ,0.41
219130,타이거일렉,92300.0,30599.0,30599.0,2824287700.0,2824287700.0,KOSDAQ,0.65
358570,지아이이노베이션,8970.0,413299.0,634859.0,3707292030.0,5694685230.0,KOSDAQ,-5.97
144960,뉴파워프라즈마,13230.0,867323.0,867323.0,11474683290.0,11474683290.0,KOSDAQ,0.61
399720,가온칩스,48500.0,131192.0,342443.0,6362812000.0,16608485500.0,KOSDAQ,0.21
214430,아이쓰리시스템,77900.0,84326.0,204841.0,6568995400.0,15957113900.0,KOSDAQ,6.28
024850,HLB이노베이션,16450.0,125364.0,125364.0,2062237800.0,2062237800.0,KOSDAQ,-0.3
174900,앱클론,28250.0,330955.0,330955.0,9349478750.0,9349478750.0,KOSDAQ,5.02
468530,프로티나,50700.0,136801.0,238993.0,6935810700.0,12116945100.0,KOSDAQ,-1.17
094170,동운아나텍,26750.0,57716.0,115072.0,1543903000.0,3078176000.0,KOSDAQ,-2.37
060250,NHN KCP,13860.0,134250.0,134250.0,1860705000.0,1860705000.0,KOSDAQ,1.09
009520,포스코엠텍,13280.0,345823.0,588529.0,4592529440.0,7815665120.0,KOSDAQ,4.73
052400,코나아이,37800.0,39966.0,58460.0,1510714800.0,2209788000.0,KOSDAQ,-1.18
356680,엑스게이트,19260.0,3310088.0,3310088.0,63752294880.0,63752294880.0,KOSDAQ,6.12
078350,한양디지텍,36000.0,572034.0,572034.0,20593224000.0,20593224000.0,KOSDAQ,0.0
101160,월덱스,33100.0,48409.0,82918.0,1602337900.0,2744585800.0,KOSDAQ,-0.3
037460,삼지전자,33250.0,64397.0,64397.0,2141200250.0,2141200250.0,KOSDAQ,3.1
052020,에스티큐브,7840.0,160791.0,160791.0,1260601440.0,1260601440.0,KOSDAQ,-3.33
112040,위메이드,15660.0,65240.0,104294.0,1021658400.0,1633244040.0,KOSDAQ,-0.45
348340,뉴로메카,22600.0,592760.0,592760.0,13396376000.0,13396376000.0,KOSDAQ,8.13
079940,가비아,39150.0,6858.0,8619.0,268490700.0,337433850.0,KOSDAQ,0.77
104830,원익머트리얼즈,41650.0,93952.0,152601.0,3913100800.0,6355831650.0,KOSDAQ,-0.83
383310,에코프로에이치엔,24850.0,371626.0,371626.0,9234906100.0,9234906100.0,KOSDAQ,-0.8
041190,우리기술투자,6410.0,9147079.0,9147079.0,58632776390.0,58632776390.0,KOSDAQ,7.19
082270,젬백스,11240.0,104350.0,177205.0,1172894000.0,1991784200.0,KOSDAQ,0.27
098120,마이크로컨텍솔,60600.0,175146.0,175146.0,10613847600.0,10613847600.0,KOSDAQ,5.39
348370,엔켐,22900.0,268941.0,548292.0,6158748900.0,12555886800.0,KOSDAQ,6.26
099190,아이센스,16900.0,26728.0,40055.0,451703200.0,676929500.0,KOSDAQ,-2.09
025980,아난티,5120.0,695716.0,695716.0,3562065920.0,3562065920.0,KOSDAQ,1.19
069540,빛과전자,4400.0,9549126.0,9549126.0,42016154400.0,42016154400.0,KOSDAQ,6.28
042000,카페24,20500.0,1414991.0,2414975.0,29007315500.0,49506987500.0,KOSDAQ,-3.3
365340,성일하이텍,38050.0,49880.0,81525.0,1897934000.0,3102026250.0,KOSDAQ,4.1
033160,엠케이전자,20000.0,2207418.0,2207418.0,44148360000.0,44148360000.0,KOSDAQ,6.38
033500,동성화인텍,16380.0,66221.0,112090.0,1084699980.0,1836034200.0,KOSDAQ,1.55
086900,메디톡스,66900.0,17831.0,24064.0,1192893900.0,1609881600.0,KOSDAQ,-0.74
376900,로킷헬스케어,27850.0,87692.0,205820.0,2442222200.0,5732087000.0,KOSDAQ,-2.79
056080,유진로봇,12680.0,441744.0,441744.0,5601313920.0,5601313920.0,KOSDAQ,3.68
368770,파이버프로,14720.0,485859.0,485859.0,7151844480.0,7151844480.0,KOSDAQ,7.68
211050,인카금융서비스,9780.0,53417.0,59519.0,522418260.0,582095820.0,KOSDAQ,-2.2
125490,한라캐스트,13190.0,5780078.0,5780078.0,76239228820.0,76239228820.0,KOSDAQ,8.56
019210,와이지-원,12880.0,619242.0,619242.0,7975836960.0,7975836960.0,KOSDAQ,1.18
027360,아주IB투자,3950.0,1613834.0,1613834.0,6374644300.0,6374644300.0,KOSDAQ,2.2
290550,디케이티,23900.0,620507.0,620507.0,14830117300.0,14830117300.0,KOSDAQ,8.39
089010,켐트로닉스,28300.0,445681.0,921280.0,12612772300.0,26072224000.0,KOSDAQ,1.25
015750,성우하이텍,5930.0,171221.0,318902.0,1015340530.0,1891088860.0,KOSDAQ,1.02
034950,한국기업평가,103000.0,718.0,1246.0,73954000.0,128338000.0,KOSDAQ,-0.77
278280,천보,38150.0,25185.0,38880.0,960807750.0,1483272000.0,KOSDAQ,2.01
475960,토모큐브,34600.0,74412.0,102799.0,2574655200.0,3556845400.0,KOSDAQ,-6.36
397030,에이프릴바이오,16880.0,1657247.0,3053678.0,27974329360.0,51546084640.0,KOSDAQ,-20.75
460930,현대힘스,13090.0,56596.0,117113.0,740841640.0,1533009170.0,KOSDAQ,0.46
035890,서희건설,2230.0,207327.0,207327.0,462339210.0,462339210.0,KOSDAQ,2.29
170920,엘티씨,43650.0,125657.0,125657.0,5484928050.0,5484928050.0,KOSDAQ,-1.02
475830,오름테라퓨틱,21050.0,541140.0,1057093.0,11390997000.0,22251807650.0,KOSDAQ,-9.85
078340,컴투스,37600.0,85288.0,107393.0,3206828800.0,4037976800.0,KOSDAQ,0.4
272290,이녹스첨단소재,22750.0,121316.0,213946.0,2759939000.0,4867271500.0,KOSDAQ,1.34
336570,원텍,5070.0,511488.0,511488.0,2593244160.0,2593244160.0,KOSDAQ,1.4
200470,에이팩트,10320.0,958312.0,958312.0,9889779840.0,9889779840.0,KOSDAQ,0.98
187660,페니트리움바이오,7040.0,1333129.0,1333129.0,9385228160.0,9385228160.0,KOSDAQ,-6.63
376300,디어유,18790.0,90537.0,121192.0,1701190230.0,2277197680.0,KOSDAQ,-0.48
079370,제우스,14360.0,677337.0,677337.0,9726559320.0,9726559320.0,KOSDAQ,-0.76
340570,티앤엘,27600.0,50998.0,79327.0,1407544800.0,2189425200.0,KOSDAQ,0.18
018290,브이티,12600.0,119073.0,164852.0,1500319800.0,2077135200.0,KOSDAQ,0.08
486990,노타,20500.0,195083.0,426546.0,3999201500.0,8744193000.0,KOSDAQ,0.0
067630,HLB생명과학,3575.0,446568.0,446568.0,1596480600.0,1596480600.0,KOSDAQ,-3.77
114810,한솔아이원스,15480.0,226351.0,293753.0,3503913480.0,4547296440.0,KOSDAQ,-1.21
159010,아스플로,32100.0,87286.0,87286.0,2801880600.0,2801880600.0,KOSDAQ,-0.16
417840,저스템,18650.0,978254.0,978254.0,18244437100.0,18244437100.0,KOSDAQ,0.0
013030,하이록코리아,36350.0,11765.0,21218.0,427657750.0,771274300.0,KOSDAQ,0.0
332570,PS일렉트로닉스,9280.0,2331894.0,2331894.0,21639976320.0,21639976320.0,KOSDAQ,3.11
078130,국일제지,3700.0,157428.0,157428.0,582483600.0,582483600.0,KOSDAQ,4.37
030520,한컴,17200.0,47956.0,76402.0,824843200.0,1314114400.0,KOSDAQ,-1.26
241770,메카로,40650.0,28217.0,40694.0,1147021050.0,1654211100.0,KOSDAQ,-4.58
092190,서울바이오시스,9030.0,184486.0,184486.0,1665908580.0,1665908580.0,KOSDAQ,0.78
348210,넥스틴,39200.0,75408.0,160291.0,2955993600.0,6283407200.0,KOSDAQ,1.69
067160,SOOP,36300.0,25685.0,31498.0,932365500.0,1143377400.0,KOSDAQ,-0.55
477850,마키나락스,22850.0,302747.0,302747.0,6917768950.0,6917768950.0,KOSDAQ,0.22
138080,오이솔루션,32650.0,1331213.0,1331213.0,43464104450.0,43464104450.0,KOSDAQ,9.93
039440,에스티아이,25950.0,165433.0,372877.0,4292986350.0,9676158150.0,KOSDAQ,-0.95
200710,에이디테크놀로지,29700.0,162414.0,414618.0,4823695800.0,12314154600.0,KOSDAQ,1.37
330860,네패스아크,32750.0,301703.0,301703.0,9880773250.0,9880773250.0,KOSDAQ,2.02
204620,글로벌텍스프리,5660.0,806608.0,806608.0,4565401280.0,4565401280.0,KOSDAQ,-2.92
441270,파인엠텍,9400.0,385013.0,715163.0,3619122200.0,6722532200.0,KOSDAQ,-0.11
052710,아모텍,21000.0,568201.0,568201.0,11932221000.0,11932221000.0,KOSDAQ,-2.78
215200,메가스터디교육,37800.0,35779.0,42491.0,1352446200.0,1606159800.0,KOSDAQ,1.2
095660,네오위즈,18090.0,34664.0,38805.0,627071760.0,701982450.0,KOSDAQ,-0.06
101730,위메이드맥스,4640.0,169855.0,365365.0,788127200.0,1695293600.0,KOSDAQ,-2.73
468670,브릴스,34150.0,12742620.0,12742620.0,435160473000.0,435160473000.0,KOSDAQ,12.15
236200,슈프리마,55600.0,18901.0,28989.0,1050895600.0,1611788400.0,KOSDAQ,-3.47
036800,나이스정보통신,8480.0,446933.0,606840.0,3789991840.0,5146003200.0,KOSDAQ,7.21
107640,한중엔시에스,42300.0,79969.0,159101.0,3382688700.0,6729972300.0,KOSDAQ,1.44
078160,메디포스트,9690.0,71315.0,119074.0,691042350.0,1153827060.0,KOSDAQ,3.64
389470,인벤티지랩,28450.0,106626.0,177745.0,3033509700.0,5056845250.0,KOSDAQ,-2.57
025900,동화기업,7450.0,69516.0,220328.0,517894200.0,1641443600.0,KOSDAQ,3.47
092730,네오팜,23350.0,60302.0,74591.0,1408051700.0,1741699850.0,KOSDAQ,0.21
456010,아이씨티케이,25500.0,1120014.0,1120014.0,28560357000.0,28560357000.0,KOSDAQ,8.28
025320,시노펙스,3995.0,413794.0,934546.0,1653107030.0,3733511270.0,KOSDAQ,1.52
393890,더블유씨피,10840.0,276473.0,276473.0,2996967320.0,2996967320.0,KOSDAQ,4.13
006910,보성파워텍,7450.0,691215.0,691215.0,5149551750.0,5149551750.0,KOSDAQ,3.47
046970,우리로,8340.0,13345572.0,13345572.0,111302070480.0,111302070480.0,KOSDAQ,12.55
110990,디아이티,19210.0,146595.0,287833.0,2816089950.0,5529271930.0,KOSDAQ,1.43
069080,웹젠,11700.0,93954.0,97362.0,1099261800.0,1139135400.0,KOSDAQ,0.26
060280,큐렉소,8780.0,263898.0,263898.0,2317024440.0,2317024440.0,KOSDAQ,1.62
078020,LS증권,6520.0,35978.0,35978.0,234576560.0,234576560.0,KOSDAQ,-0.15
168360,펨트론,16040.0,802541.0,3571786.0,12872757640.0,57291447440.0,KOSDAQ,7.94
003800,에이스침대,32200.0,1985.0,1985.0,63917000.0,63917000.0,KOSDAQ,0.16
093520,매커스,29750.0,13846.0,20209.0,411918500.0,601217750.0,KOSDAQ,-0.17
372320,큐로셀,23150.0,31345.0,51902.0,725636750.0,1201531300.0,KOSDAQ,1.31
448900,한국피아이엠,57400.0,64741.0,132249.0,3716133400.0,7591092600.0,KOSDAQ,4.55
064260,다날,4565.0,807936.0,807936.0,3688227840.0,3688227840.0,KOSDAQ,2.13
482630,삼양엔씨켐,15680.0,489034.0,489034.0,7668053120.0,7668053120.0,KOSDAQ,2.28
117730,티로보틱스,15090.0,142595.0,322585.0,2151758550.0,4867807650.0,KOSDAQ,0.4
061970,LB세미콘,4845.0,379656.0,379656.0,1839433320.0,1839433320.0,KOSDAQ,0.0
386380,스카이랩스,18090.0,669590.0,669590.0,12112883100.0,12112883100.0,KOSDAQ,-3.26
455900,엔젤로보틱스,21850.0,29295.0,64071.0,640095750.0,1399951350.0,KOSDAQ,1.16
234340,헥토파이낸셜,23950.0,422864.0,422864.0,10127592800.0,10127592800.0,KOSDAQ,3.23
036620,감성코퍼레이션,3720.0,155862.0,208179.0,579806640.0,774425880.0,KOSDAQ,-1.06
036200,유니셈,10900.0,386623.0,684307.0,4214190700.0,7458946300.0,KOSDAQ,1.11
018000,유니슨,1142.0,778285.0,778285.0,888801470.0,888801470.0,KOSDAQ,1.87
488900,비츠로넥스텍,11490.0,254132.0,451929.0,2919976680.0,5192664210.0,KOSDAQ,5.41
047920,HLB제약,10040.0,1494727.0,4050875.0,15007059080.0,40670785000.0,KOSDAQ,-9.96
121440,골프존홀딩스,7670.0,16613.0,16613.0,127421710.0,127421710.0,KOSDAQ,0.13
215600,신라젠,2360.0,357654.0,357654.0,844063440.0,844063440.0,KOSDAQ,-0.84
017890,한국알콜,15790.0,91008.0,91008.0,1437016320.0,1437016320.0,KOSDAQ,-1.62
0035S0,빅웨이브로보틱스,31750.0,6098371.0,6098371.0,193623279250.0,193623279250.0,KOSDAQ,0.32
425040,티이엠씨,14770.0,793336.0,793336.0,11717572720.0,11717572720.0,KOSDAQ,-0.87
900290,GRT,3480.0,355277.0,355277.0,1236363960.0,1236363960.0,KOSDAQ,-4.26
086390,유니테스트,15210.0,295944.0,605741.0,4501308240.0,9213320610.0,KOSDAQ,1.94
446540,메가터치,10890.0,518787.0,518787.0,5649590430.0,5649590430.0,KOSDAQ,-2.07
424870,이뮨온시아,3435.0,1195133.0,5846461.0,4105281855.0,20082593535.0,KOSDAQ,0.59
206650,유바이오로직스,8530.0,81475.0,81475.0,694981750.0,694981750.0,KOSDAQ,-1.16
452430,사피엔반도체,37850.0,100348.0,186806.0,3798171800.0,7070607100.0,KOSDAQ,-3.44
199800,툴젠,34600.0,34767.0,48599.0,1202938200.0,1681525400.0,KOSDAQ,-4.68
265520,AP시스템,20650.0,58548.0,79878.0,1209016200.0,1649480700.0,KOSDAQ,0.24
484590,삼양컴텍,7540.0,295546.0,295546.0,2228416840.0,2228416840.0,KOSDAQ,4.0
160980,싸이맥스,28400.0,127998.0,127998.0,3635143200.0,3635143200.0,KOSDAQ,-3.4
042520,한스바이오메드,21700.0,77501.0,116464.0,1681771700.0,2527268800.0,KOSDAQ,-3.77
266690,덕산넵코어스,16310.0,7025551.0,7025551.0,114586736810.0,114586736810.0,KOSDAQ,-1.87
228760,지노믹트리,12180.0,53731.0,83819.0,654443580.0,1020915420.0,KOSDAQ,-4.32
091580,상신이디피,22450.0,216546.0,216546.0,4861457700.0,4861457700.0,KOSDAQ,2.75
042370,비츠로테크,11360.0,1205869.0,1205869.0,13698671840.0,13698671840.0,KOSDAQ,3.27
389500,에스비비테크,44650.0,109010.0,109010.0,4867296500.0,4867296500.0,KOSDAQ,5.81
049070,인탑스,18800.0,69192.0,109397.0,1300809600.0,2056663600.0,KOSDAQ,1.35
203650,드림시큐리티,2905.0,4170657.0,4170657.0,12115758585.0,12115758585.0,KOSDAQ,6.8
054950,제이브이엠,24350.0,15744.0,22202.0,383366400.0,540618700.0,KOSDAQ,2.1
035810,이지홀딩스,4555.0,81289.0,81289.0,370271395.0,370271395.0,KOSDAQ,2.02
101930,인화정공,6410.0,143288.0,1017675.0,918476080.0,6523296750.0,KOSDAQ,3.89
025770,한국정보통신,7820.0,15468.0,15468.0,120959760.0,120959760.0,KOSDAQ,0.77
486510,글로벌테크놀로지,14860.0,3846646.0,3846646.0,57161159560.0,57161159560.0,KOSDAQ,-11.18
200670,휴메딕스,25850.0,22981.0,35864.0,594058850.0,927084400.0,KOSDAQ,0.78
314130,지놈앤컴퍼니,5550.0,566287.0,566287.0,3142892850.0,3142892850.0,KOSDAQ,2.97
084110,휴온스글로벌,22900.0,14922.0,30779.0,341713800.0,704839100.0,KOSDAQ,-0.22
092460,한라IMS,16830.0,9270.0,21949.0,156014100.0,369401670.0,KOSDAQ,0.24
071200,인피니트헬스케어,11720.0,21060.0,21060.0,246823200.0,246823200.0,KOSDAQ,0.69
136480,하림,2660.0,130212.0,130212.0,346363920.0,346363920.0,KOSDAQ,0.57
352480,씨앤씨인터내셔널,20700.0,10771.0,16185.0,222959700.0,335029500.0,KOSDAQ,-2.82
024840,KBI메탈,6450.0,1800083.0,1800083.0,11610535350.0,11610535350.0,KOSDAQ,1.26
354320,알멕,43800.0,181334.0,181334.0,7942429200.0,7942429200.0,KOSDAQ,3.55
394280,오픈엣지테크놀로지,10590.0,249725.0,503656.0,2644587750.0,5333717040.0,KOSDAQ,1.63
378340,필에너지,12870.0,62791.0,189124.0,808120170.0,2434025880.0,KOSDAQ,3.29
448280,에코아이,9370.0,8814.0,14545.0,82587180.0,136286650.0,KOSDAQ,0.86
294570,쿠콘,27400.0,81638.0,203214.0,2236881200.0,5568063600.0,KOSDAQ,1.48
452280,한선엔지니어링,14360.0,1108109.0,1108109.0,15912445240.0,15912445240.0,KOSDAQ,2.57
012210,삼미금속,11970.0,1085711.0,1085711.0,12995960670.0,12995960670.0,KOSDAQ,0.59
094360,칩스앤미디어,12880.0,108623.0,252466.0,1399064240.0,3251762080.0,KOSDAQ,0.78
060720,KH바텍,11580.0,198329.0,198329.0,2296649820.0,2296649820.0,KOSDAQ,4.32
254490,미래반도체,18880.0,168234.0,168234.0,3176257920.0,3176257920.0,KOSDAQ,2.16
287840,인투셀,18100.0,20894.0,34562.0,378181400.0,625572200.0,KOSDAQ,-1.2
472850,폰드그룹,4695.0,42760.0,88801.0,200758200.0,416920695.0,KOSDAQ,-1.88
035600,KG이니시스,9790.0,14369.0,19201.0,140672510.0,187977790.0,KOSDAQ,0.62
099440,스맥,3945.0,145084.0,145084.0,572356380.0,572356380.0,KOSDAQ,2.73
073490,LIG아큐버,35200.0,141604.0,141604.0,4984460800.0,4984460800.0,KOSDAQ,3.83
317330,덕산테코피아,13070.0,146092.0,280574.0,1909422440.0,3667102180.0,KOSDAQ,1.63
304360,에스바이오메딕스,21300.0,16463.0,31111.0,350661900.0,662664300.0,KOSDAQ,-1.39
043150,바텍,17870.0,15234.0,24713.0,272231580.0,441621310.0,KOSDAQ,0.11
036710,심텍홀딩스,5010.0,591446.0,591446.0,2963144460.0,2963144460.0,KOSDAQ,2.98
389650,넥스트바이오메디컬,31900.0,21520.0,40017.0,686488000.0,1276542300.0,KOSDAQ,-3.92
089980,상아프론테크,16500.0,33650.0,71667.0,555225000.0,1182505500.0,KOSDAQ,1.41
091700,파트론,5270.0,128051.0,128051.0,674828770.0,674828770.0,KOSDAQ,1.15
098070,한텍,23400.0,39929.0,89005.0,934338600.0,2082717000.0,KOSDAQ,-1.27
267980,매일유업,33900.0,13589.0,15477.0,460667100.0,524670300.0,KOSDAQ,2.11
272110,케이엔제이,32350.0,95031.0,95031.0,3074252850.0,3074252850.0,KOSDAQ,-0.61
068930,디지털대성,9340.0,59268.0,59268.0,553563120.0,553563120.0,KOSDAQ,-0.43
439090,마녀공장,15750.0,270614.0,561167.0,4262170500.0,8838380250.0,KOSDAQ,4.17
493280,아이엠바이오로직스,17370.0,108190.0,108190.0,1879260300.0,1879260300.0,KOSDAQ,-3.5
051500,CJ프레시웨이,21700.0,3092.0,4393.0,67096400.0,95328100.0,KOSDAQ,0.7
100120,뷰웍스,28700.0,18090.0,18090.0,519183000.0,519183000.0,KOSDAQ,2.5
151860,KG에코솔루션,5400.0,194803.0,194803.0,1051936200.0,1051936200.0,KOSDAQ,2.08
439960,코스모로보틱스,7900.0,6227471.0,6227471.0,49197020900.0,49197020900.0,KOSDAQ,-8.67
0011T0,채비,5420.0,115663.0,115663.0,626893460.0,626893460.0,KOSDAQ,0.56
484120,도우인시스,23150.0,50479.0,96435.0,1168588850.0,2232470250.0,KOSDAQ,-5.32
023410,유진기업,3280.0,209290.0,209290.0,686471200.0,686471200.0,KOSDAQ,0.61
376270,HEM파마,35100.0,15882.0,22910.0,557458200.0,804141000.0,KOSDAQ,6.53
112290,와이씨켐,12480.0,355410.0,355410.0,4435516800.0,4435516800.0,KOSDAQ,-3.11
036890,진성티이씨,11450.0,40550.0,59142.0,464297500.0,677175900.0,KOSDAQ,-0.26
377450,리파인,14470.0,15421.0,15421.0,223141870.0,223141870.0,KOSDAQ,2.55
032580,피델릭스,7550.0,840595.0,840595.0,6346492250.0,6346492250.0,KOSDAQ,-1.05
011560,세보엠이씨,24650.0,108770.0,108770.0,2681180500.0,2681180500.0,KOSDAQ,-5.01
445090,에이직랜드,22700.0,29912.0,59963.0,679002400.0,1361160100.0,KOSDAQ,0.0
461300,아이스크림미디어,18460.0,13166.0,13166.0,243044360.0,243044360.0,KOSDAQ,1.54
064820,케이프,7950.0,19946.0,41650.0,158570700.0,331117500.0,KOSDAQ,0.89
036030,케이티알파,5000.0,25367.0,25367.0,126835000.0,126835000.0,KOSDAQ,0.2
108860,셀바스AI,8990.0,112667.0,247058.0,1012876330.0,2221051420.0,KOSDAQ,0.22
064850,에프앤가이드,21150.0,24256.0,24256.0,513014400.0,513014400.0,KOSDAQ,0.24
067390,아스트,5710.0,54543.0,54543.0,311440530.0,311440530.0,KOSDAQ,-1.89
416180,신성에스티,26500.0,30792.0,65846.0,815988000.0,1744919000.0,KOSDAQ,2.32
389260,대명에너지,13350.0,92037.0,92037.0,1228693950.0,1228693950.0,KOSDAQ,0.83
450950,아스테라시스,6350.0,100373.0,486676.0,637368550.0,3090392600.0,KOSDAQ,2.09
043370,피에이치에이,11340.0,25372.0,29271.0,287718480.0,331933140.0,KOSDAQ,-0.53
085910,네오티스,17160.0,104993.0,104993.0,1801679880.0,1801679880.0,KOSDAQ,0.23
298830,슈어소프트테크,4420.0,262550.0,262550.0,1160471000.0,1160471000.0,KOSDAQ,4.12
115450,HLB테라퓨틱스,2495.0,507484.0,507484.0,1266172580.0,1266172580.0,KOSDAQ,1.63
099430,바이오플러스,3805.0,305889.0,305889.0,1163907645.0,1163907645.0,KOSDAQ,1.87
114190,강원에너지,8970.0,172198.0,381473.0,1544616060.0,3421812810.0,KOSDAQ,2.87
094480,갤럭시아머니트리,5970.0,255519.0,255519.0,1525448430.0,1525448430.0,KOSDAQ,1.02
180400,DXVX,2365.0,32085.0,32085.0,75881025.0,75881025.0,KOSDAQ,1.07
243070,휴온스,19390.0,12416.0,17325.0,240746240.0,335931750.0,KOSDAQ,0.47
200130,콜마비앤에이치,8040.0,78597.0,136857.0,631919880.0,1100330280.0,KOSDAQ,1.13
144510,지씨셀,14540.0,30283.0,44039.0,440314820.0,640327060.0,KOSDAQ,-1.29
083310,엘오티베큠,12860.0,319301.0,319301.0,4106210860.0,4106210860.0,KOSDAQ,7.35
065680,우주일렉트로,25200.0,6243.0,10177.0,157323600.0,256460400.0,KOSDAQ,-1.95
241520,DSC인베스트먼트,8550.0,115160.0,115160.0,984618000.0,984618000.0,KOSDAQ,0.83
365270,큐라클,10260.0,42377.0,42377.0,434788020.0,434788020.0,KOSDAQ,-1.16
475400,씨메스로보틱스,19180.0,64723.0,129373.0,1241387140.0,2481374140.0,KOSDAQ,1.32
061090,세나테크놀로지,41400.0,28313.0,63229.0,1172158200.0,2617680600.0,KOSDAQ,2.35
190510,나무가,15990.0,69390.0,131289.0,1109546100.0,2099311110.0,KOSDAQ,0.95
216080,제테마,6030.0,98479.0,98479.0,593828370.0,593828370.0,KOSDAQ,0.84
243840,신흥에스이씨,5830.0,256413.0,256413.0,1494887790.0,1494887790.0,KOSDAQ,3.74
215000,골프존,35800.0,4950.0,9192.0,177210000.0,329073600.0,KOSDAQ,0.42
0008Z0,에스엔시스,23800.0,9694.0,17246.0,230717200.0,410454800.0,KOSDAQ,1.49
065710,서호전기,43350.0,4325.0,4325.0,187488750.0,187488750.0,KOSDAQ,-0.23
023760,한국캐피탈,1411.0,44962.0,44962.0,63441382.0,63441382.0,KOSDAQ,0.64
293780,압타바이오,7900.0,103946.0,103946.0,821173400.0,821173400.0,KOSDAQ,2.73
064550,바이오니아,8580.0,101094.0,198976.0,867386520.0,1707214080.0,KOSDAQ,0.7
018310,삼목에스폼,15000.0,9000.0,11436.0,135000000.0,171540000.0,KOSDAQ,-1.25
095500,미래나노텍,7110.0,203128.0,361293.0,1444240080.0,2568793230.0,KOSDAQ,4.1
078150,HB테크놀러지,2315.0,2092304.0,2092304.0,4843683760.0,4843683760.0,KOSDAQ,0.65
382900,범한퓨얼셀,25050.0,78295.0,281370.0,1961289750.0,7048318500.0,KOSDAQ,-1.57
125020,티씨머티리얼즈,6250.0,608889.0,608889.0,3805556250.0,3805556250.0,KOSDAQ,3.65
462350,이노스페이스,6450.0,307003.0,307003.0,1980169350.0,1980169350.0,KOSDAQ,4.03
045390,대아티아이,3100.0,449864.0,449864.0,1394578400.0,1394578400.0,KOSDAQ,2.14
237880,클리오,12060.0,19591.0,37424.0,236267460.0,451333440.0,KOSDAQ,-0.41
0001A0,덕양에너젠,8530.0,42182.0,42182.0,359812460.0,359812460.0,KOSDAQ,0.59
217730,강스템바이오텍,2305.0,290717.0,290717.0,670102685.0,670102685.0,KOSDAQ,1.32
067080,대화제약,11620.0,31444.0,64185.0,365379280.0,745829700.0,KOSDAQ,0.17
256840,한국비엔씨,3160.0,1948294.0,1948294.0,6156609040.0,6156609040.0,KOSDAQ,-3.51
005160,동국산업,3965.0,7587498.0,7587498.0,30084429570.0,30084429570.0,KOSDAQ,18.71
019010,베뉴지,4455.0,40486.0,40486.0,180365130.0,180365130.0,KOSDAQ,0.79
206640,바디텍메드,9740.0,16327.0,27523.0,159024980.0,268074020.0,KOSDAQ,0.41
307180,아이엘,5770.0,172507.0,172507.0,995365390.0,995365390.0,KOSDAQ,-2.2
462860,더즌,2960.0,994313.0,994313.0,2943166480.0,2943166480.0,KOSDAQ,2.07
053030,바이넥스,6490.0,43273.0,69936.0,280841770.0,453884640.0,KOSDAQ,0.0
340450,지씨지놈,8940.0,579018.0,579018.0,5176420920.0,5176420920.0,KOSDAQ,-3.56
126730,코칩,24000.0,187795.0,187795.0,4507080000.0,4507080000.0,KOSDAQ,-0.21
005710,대원산업,10470.0,8172.0,10242.0,85560840.0,107233740.0,KOSDAQ,-0.29
036190,금화피에스시,34900.0,2452.0,2452.0,85574800.0,85574800.0,KOSDAQ,1.75
014940,오리엔탈정공,4590.0,103817.0,103817.0,476520030.0,476520030.0,KOSDAQ,2.0
058970,엠로,16890.0,14554.0,25408.0,245817060.0,429141120.0,KOSDAQ,0.54
053300,한국정보인증,5270.0,217223.0,217223.0,1144765210.0,1144765210.0,KOSDAQ,2.13
176750,듀켐바이오,7270.0,156047.0,1413557.0,1134461690.0,10276559390.0,KOSDAQ,4.3
950170,JTC,4235.0,3698.0,3698.0,15661030.0,15661030.0,KOSDAQ,0.47
382800,지앤비에스 에코,6480.0,2272878.0,2272878.0,14728249440.0,14728249440.0,KOSDAQ,5.19
459510,나우로보틱스,15870.0,36158.0,73557.0,573827460.0,1167349590.0,KOSDAQ,1.6
481070,에이유브랜즈,14280.0,7784.0,11046.0,111155520.0,157736880.0,KOSDAQ,-0.76
314930,바이오다인,6840.0,12713.0,21324.0,86956920.0,145856160.0,KOSDAQ,-1.01
405100,큐알티,16540.0,82492.0,82492.0,1364417680.0,1364417680.0,KOSDAQ,0.12
049430,코메론,22300.0,52606.0,52606.0,1173113800.0,1173113800.0,KOSDAQ,-1.33
199430,케이엔알시스템,17950.0,75015.0,148006.0,1346519250.0,2656707700.0,KOSDAQ,0.84
126600,BGF에코머티리얼즈,3200.0,62857.0,62857.0,201142400.0,201142400.0,KOSDAQ,1.43
353810,이지바이오,6060.0,53765.0,53765.0,325815900.0,325815900.0,KOSDAQ,-0.49
0161M0,네오사피엔스,16400.0,1749683.0,1749683.0,28694801200.0,28694801200.0,KOSDAQ,-3.81
478340,나라스페이스테크놀로지,17090.0,9505408.0,9505408.0,162447422720.0,162447422720.0,KOSDAQ,20.69
234690,녹십자웰빙,10940.0,422541.0,422541.0,4622598540.0,4622598540.0,KOSDAQ,-2.15
119610,인터로조,17070.0,163964.0,163964.0,2798865480.0,2798865480.0,KOSDAQ,9.7
304100,솔트룩스,15440.0,75364.0,154493.0,1163620160.0,2385371920.0,KOSDAQ,1.25
452450,피아이이,5390.0,187695.0,187695.0,1011676050.0,1011676050.0,KOSDAQ,3.26
0015G0,그린광학,16560.0,194316.0,194316.0,3217872960.0,3217872960.0,KOSDAQ,8.38
230240,에치에프알,14520.0,311562.0,311562.0,4523880240.0,4523880240.0,KOSDAQ,4.99
013120,동원개발,2125.0,74848.0,74848.0,159052000.0,159052000.0,KOSDAQ,0.47
263860,지니언스,21250.0,223977.0,223977.0,4759511250.0,4759511250.0,KOSDAQ,9.14
394800,쓰리빌리언,6050.0,1406421.0,2891692.0,8508847050.0,17494736600.0,KOSDAQ,-6.78
102940,코오롱생명과학,14650.0,62328.0,87017.0,913105200.0,1274799050.0,KOSDAQ,-1.01
388050,지투파워,10220.0,317844.0,317844.0,3248365680.0,3248365680.0,KOSDAQ,2.1
484810,티엑스알로보틱스,12330.0,83085.0,83085.0,1024438050.0,1024438050.0,KOSDAQ,1.82
464080,에스오에스랩,10570.0,109704.0,109704.0,1159571280.0,1159571280.0,KOSDAQ,1.34
194700,노바렉스,10430.0,47192.0,87078.0,492212560.0,908223540.0,KOSDAQ,1.96
163730,핑거,14900.0,174565.0,174565.0,2601018500.0,2601018500.0,KOSDAQ,2.76
036560,KZ정밀,12050.0,4177.0,4177.0,50332850.0,50332850.0,KOSDAQ,0.17
041920,메디아나,10140.0,67405.0,67405.0,683486700.0,683486700.0,KOSDAQ,0.1
308430,셀비온,14600.0,28851.0,67656.0,421224600.0,987777600.0,KOSDAQ,2.03
034810,해성산업,5940.0,9679.0,9679.0,57493260.0,57493260.0,KOSDAQ,-0.34
086670,비엠티,18890.0,32209.0,32209.0,608428010.0,608428010.0,KOSDAQ,-0.84
143240,사람인,17400.0,9524.0,9524.0,165717600.0,165717600.0,KOSDAQ,0.99
083930,아바코,12700.0,39808.0,39808.0,505561600.0,505561600.0,KOSDAQ,0.95
052330,코텍,10490.0,5816.0,5816.0,61009840.0,61009840.0,KOSDAQ,0.58
036170,에이치엠넥스,3020.0,331676.0,331676.0,1001661520.0,1001661520.0,KOSDAQ,5.41
084850,아이티엠반도체,8140.0,8983.0,13603.0,73121620.0,110728420.0,KOSDAQ,0.0
220100,퓨쳐켐,7150.0,64716.0,117575.0,462719400.0,840661250.0,KOSDAQ,1.13
066620,국보디자인,24600.0,2641.0,2641.0,64968600.0,64968600.0,KOSDAQ,-0.61
355150,코스텍시스,23650.0,194321.0,194321.0,4595691650.0,4595691650.0,KOSDAQ,3.5
094820,일진파워,12220.0,78850.0,78850.0,963547000.0,963547000.0,KOSDAQ,1.92
046120,오르비텍,5430.0,391230.0,391230.0,2124378900.0,2124378900.0,KOSDAQ,0.93
419530,SAMG엔터,17980.0,31839.0,56377.0,572465220.0,1013658460.0,KOSDAQ,-1.69
274090,켄코아에어로스페이스,13320.0,4802036.0,4802036.0,63963119520.0,63963119520.0,KOSDAQ,5.63
192440,슈피겐코리아,29500.0,1143.0,1143.0,33718500.0,33718500.0,KOSDAQ,0.0
214180,헥토이노베이션,14040.0,16569.0,16569.0,232628760.0,232628760.0,KOSDAQ,2.03
012860,모베이스전자,2490.0,965577.0,965577.0,2404286730.0,2404286730.0,KOSDAQ,5.29
138610,나이벡,16040.0,30675.0,61665.0,492027000.0,989106600.0,KOSDAQ,-1.66
024060,흥구석유,12140.0,1048310.0,1048310.0,12726483400.0,12726483400.0,KOSDAQ,1.34
318060,그래피,16260.0,88128.0,88128.0,1432961280.0,1432961280.0,KOSDAQ,-0.12
042420,네오위즈홀딩스,22200.0,8621.0,8621.0,191386200.0,191386200.0,KOSDAQ,-2.42
088800,에이스테크,2390.0,3560999.0,3560999.0,8510787610.0,8510787610.0,KOSDAQ,9.38
264850,이랜시스,5940.0,394479.0,394479.0,2343205260.0,2343205260.0,KOSDAQ,2.77
0010S0,와이즈플래닛컴퍼니,17940.0,684913.0,684913.0,12287339220.0,12287339220.0,KOSDAQ,-5.68
108380,대양전기공업,18770.0,8292.0,14746.0,155640840.0,276782420.0,KOSDAQ,0.7
082800,비보존 제약,2955.0,110223.0,110223.0,325708965.0,325708965.0,KOSDAQ,0.0
187870,디바이스,12940.0,133673.0,133673.0,1729728620.0,1729728620.0,KOSDAQ,-2.04
068790,DMS,8070.0,34717.0,34717.0,280166190.0,280166190.0,KOSDAQ,-0.37
357550,석경에이티,32600.0,3865.0,6922.0,125999000.0,225657200.0,KOSDAQ,2.68
260970,에스앤디,61200.0,8608.0,8608.0,526809600.0,526809600.0,KOSDAQ,0.99
119830,아이텍,6670.0,207326.0,207326.0,1382864420.0,1382864420.0,KOSDAQ,-3.61
488280,에스투더블유,16330.0,1926425.0,1926425.0,31458520250.0,31458520250.0,KOSDAQ,9.38
372170,윤성에프앤씨,22100.0,14969.0,24390.0,330814900.0,539019000.0,KOSDAQ,3.03
126700,하이비젼시스템,11790.0,71487.0,71487.0,842831730.0,842831730.0,KOSDAQ,2.7
199820,제일일렉트릭,7920.0,128223.0,128223.0,1015526160.0,1015526160.0,KOSDAQ,1.93
388790,라이콤,5730.0,1692863.0,1692863.0,9700104990.0,9700104990.0,KOSDAQ,9.14
403850,더핑크퐁컴퍼니,12150.0,26235.0,42889.0,318755250.0,521101350.0,KOSDAQ,-0.98
086820,바이오솔루션,6720.0,64130.0,64130.0,430953600.0,430953600.0,KOSDAQ,-2.47
445180,퓨릿,10130.0,117397.0,117397.0,1189231610.0,1189231610.0,KOSDAQ,0.3
123330,제닉,21850.0,255696.0,255696.0,5586957600.0,5586957600.0,KOSDAQ,-3.96
039860,나노엔텍,4545.0,182412.0,182412.0,829062540.0,829062540.0,KOSDAQ,-1.09
270660,에브리봇,13640.0,29164.0,57732.0,397796960.0,787464480.0,KOSDAQ,1.41
417030,니어스랩,29950.0,123206.0,123206.0,3690019700.0,3690019700.0,KOSDAQ,-2.92
122990,와이솔,6740.0,82748.0,82748.0,557721520.0,557721520.0,KOSDAQ,0.9
432720,퀄리타스반도체,12170.0,264854.0,264854.0,3223273180.0,3223273180.0,KOSDAQ,1.84
0082N0,카나프테라퓨틱스,12970.0,36611.0,36611.0,474844670.0,474844670.0,KOSDAQ,-0.92
149950,아바텍,12620.0,104231.0,104231.0,1315395220.0,1315395220.0,KOSDAQ,0.56
143160,아이디스,16090.0,5706.0,5706.0,91809540.0,91809540.0,KOSDAQ,0.63
264450,유비쿼스,11750.0,157708.0,157708.0,1853069000.0,1853069000.0,KOSDAQ,2.71
054210,이랜텍,6800.0,137518.0,137518.0,935122400.0,935122400.0,KOSDAQ,1.19
092130,이크레더블,14270.0,1618.0,1618.0,23088860.0,23088860.0,KOSDAQ,0.07
039830,오로라,15950.0,33349.0,33349.0,531916550.0,531916550.0,KOSDAQ,-0.44
051160,지어소프트,12690.0,213759.0,213759.0,2712601710.0,2712601710.0,KOSDAQ,8.65
049630,재영솔루텍,7310.0,199460.0,199460.0,1458052600.0,1458052600.0,KOSDAQ,0.69
194480,데브시스터즈,14030.0,38392.0,47372.0,538639760.0,664629160.0,KOSDAQ,-1.68
084990,헬릭스미스,3700.0,252525.0,252525.0,934342500.0,934342500.0,KOSDAQ,-3.39
474650,링크솔루션,29600.0,48239.0,48239.0,1427874400.0,1427874400.0,KOSDAQ,4.23
092070,디엔에프,14710.0,82588.0,82588.0,1214869480.0,1214869480.0,KOSDAQ,3.88
489460,바이오비쥬,11520.0,25325.0,25325.0,291744000.0,291744000.0,KOSDAQ,0.0
032940,원익,9330.0,361961.0,361961.0,3377096130.0,3377096130.0,KOSDAQ,3.44
418550,제이오,5270.0,136832.0,136832.0,721104640.0,721104640.0,KOSDAQ,4.56
251370,와이엠티,9360.0,211912.0,211912.0,1983496320.0,1983496320.0,KOSDAQ,3.77
013990,아가방컴퍼니,5120.0,228566.0,228566.0,1170257920.0,1170257920.0,KOSDAQ,-0.97
051370,인터플렉스,7190.0,214861.0,214861.0,1544850590.0,1544850590.0,KOSDAQ,0.14
038390,레드캡투어,10000.0,11629.0,11629.0,116290000.0,116290000.0,KOSDAQ,0.5
289080,SV인베스트먼트,2780.0,662910.0,662910.0,1842889800.0,1842889800.0,KOSDAQ,-0.71
032620,GC메디아이,3200.0,30334.0,30334.0,97068800.0,97068800.0,KOSDAQ,-0.93
123410,코리아에프티,5980.0,51588.0,51588.0,308496240.0,308496240.0,KOSDAQ,0.17
255220,SG,1105.0,1834281.0,1834281.0,2026880505.0,2026880505.0,KOSDAQ,-3.75
067290,JW신약,2965.0,1399627.0,1399627.0,4149894055.0,4149894055.0,KOSDAQ,-0.84
104480,티케이케미칼,1816.0,81708.0,81708.0,148381728.0,148381728.0,KOSDAQ,0.28
402030,코난테크놀로지,13100.0,15016.0,31469.0,196709600.0,412243900.0,KOSDAQ,2.42
396300,HT로보틱스,6170.0,5353460.0,5353460.0,33030848200.0,33030848200.0,KOSDAQ,1.15
290690,아리바이오홀딩스,3070.0,1153586.0,1153586.0,3541509020.0,3541509020.0,KOSDAQ,-3.15
267320,나인테크,2830.0,2521533.0,2521533.0,7135938390.0,7135938390.0,KOSDAQ,0.35
950140,잉글우드랩,8170.0,17462.0,17462.0,142664540.0,142664540.0,KOSDAQ,-1.09
475040,스트라드비젼,3010.0,238802.0,238802.0,718794020.0,718794020.0,KOSDAQ,-0.33
226590,엠디바이스,15060.0,76369.0,76369.0,1150117140.0,1150117140.0,KOSDAQ,0.67
204610,티쓰리,2895.0,38854.0,38854.0,112482330.0,112482330.0,KOSDAQ,0.0
086890,이수앱지스,3955.0,51885.0,51885.0,205205175.0,205205175.0,KOSDAQ,1.93
054450,텔레칩스,10530.0,88612.0,88612.0,933084360.0,933084360.0,KOSDAQ,1.45
041020,폴라리스오피스,3195.0,162576.0,162576.0,519430320.0,519430320.0,KOSDAQ,1.27
041520,이엘씨,13020.0,19492.0,19492.0,253785840.0,253785840.0,KOSDAQ,0.85
123860,아나패스,13060.0,6762.0,6762.0,88311720.0,88311720.0,KOSDAQ,-0.31
093190,빅솔론,8200.0,5679.0,5679.0,46567800.0,46567800.0,KOSDAQ,-0.36
078070,유비쿼스홀딩스,9230.0,45965.0,45965.0,424256950.0,424256950.0,KOSDAQ,4.06
072870,메가스터디,13200.0,10953.0,10953.0,144579600.0,144579600.0,KOSDAQ,-0.23
101360,에코앤드림,8830.0,112164.0,741269.0,990408120.0,6545405270.0,KOSDAQ,5.24
023910,대한약품,26100.0,11092.0,11092.0,289501200.0,289501200.0,KOSDAQ,-0.95
102120,어보브반도체,8800.0,438074.0,438074.0,3855051200.0,3855051200.0,KOSDAQ,1.03
489500,엘케이켐,24450.0,30726.0,30726.0,751250700.0,751250700.0,KOSDAQ,-1.01
080160,모두투어,8250.0,47526.0,47526.0,392089500.0,392089500.0,KOSDAQ,-0.72
067280,멀티캠퍼스,26300.0,3903.0,3903.0,102648900.0,102648900.0,KOSDAQ,0.0
118990,모트렉스,6350.0,35950.0,35950.0,228282500.0,228282500.0,KOSDAQ,-0.94
220260,켐트로스,4840.0,235267.0,235267.0,1138692280.0,1138692280.0,KOSDAQ,2.11
011040,경동제약,5020.0,7739.0,7739.0,38849780.0,38849780.0,KOSDAQ,0.2
093640,케이알엠,4665.0,17187.0,17187.0,80177355.0,80177355.0,KOSDAQ,0.54
179290,엠아이텍,4730.0,28061.0,28061.0,132728530.0,132728530.0,KOSDAQ,1.28
205500,넥써쓰,1832.0,53701.0,53701.0,98380232.0,98380232.0,KOSDAQ,0.22
024800,유성티엔에스,4345.0,48530.0,48530.0,210862850.0,210862850.0,KOSDAQ,-2.03
322310,오로스테크놀로지,16340.0,158544.0,158544.0,2590608960.0,2590608960.0,KOSDAQ,2.25
212560,네오오토,11300.0,803212.0,803212.0,9076295600.0,9076295600.0,KOSDAQ,8.34
413630,씨피시스템,4170.0,543713.0,543713.0,2267283210.0,2267283210.0,KOSDAQ,0.72
065660,안트로젠,15130.0,9683.0,13472.0,146503790.0,203831360.0,KOSDAQ,0.4
054800,아이디스홀딩스,14630.0,3530.0,3530.0,51643900.0,51643900.0,KOSDAQ,-1.28
300080,플리토,9090.0,21368.0,42954.0,194235120.0,390451860.0,KOSDAQ,-0.76
007330,푸른저축은행,9950.0,4330.0,4330.0,43083500.0,43083500.0,KOSDAQ,0.1
494120,큐리오시스,9830.0,129611.0,200486.0,1274076130.0,1970777380.0,KOSDAQ,-8.47
052260,현대바이오랜드,5000.0,1599869.0,1599869.0,7999345000.0,7999345000.0,KOSDAQ,-3.85
0007C0,아크릴,18610.0,66279.0,66279.0,1233452190.0,1233452190.0,KOSDAQ,-0.96
0039P0,매드업,7940.0,463298.0,463298.0,3678586120.0,3678586120.0,KOSDAQ,-0.5
351320,넥사다이내믹스,4805.0,656428.0,656428.0,3154136540.0,3154136540.0,KOSDAQ,3.33
046440,KG파이낸셜,4070.0,14871.0,14871.0,60524970.0,60524970.0,KOSDAQ,0.74
452190,한빛레이저,6160.0,1444794.0,1444794.0,8899931040.0,8899931040.0,KOSDAQ,-1.44
264660,씨앤지하이테크,15150.0,44508.0,44508.0,674296200.0,674296200.0,KOSDAQ,1.61
069510,에스텍,13480.0,7662.0,7662.0,103283760.0,103283760.0,KOSDAQ,2.2
147830,제룡산업,7350.0,200138.0,200138.0,1471014300.0,1471014300.0,KOSDAQ,3.23
950250,테라뷰,4100.0,1089926.0,1089926.0,4468696600.0,4468696600.0,KOSDAQ,0.12
023600,삼보판지,9140.0,11701.0,11701.0,106947140.0,106947140.0,KOSDAQ,1.22
049960,쎌바이오텍,15510.0,12310.0,12310.0,190928100.0,190928100.0,KOSDAQ,0.78
232680,라온로보틱스,10980.0,103745.0,103745.0,1139120100.0,1139120100.0,KOSDAQ,0.37
059120,아진엑스텍,7940.0,614503.0,614503.0,4879153820.0,4879153820.0,KOSDAQ,2.98
115310,인포바인,9800.0,4067.0,4067.0,39856600.0,39856600.0,KOSDAQ,2.19
146320,비씨엔씨,11330.0,21112.0,21112.0,239198960.0,239198960.0,KOSDAQ,0.89
101970,우양에이치씨,9790.0,3758.0,3758.0,36790820.0,36790820.0,KOSDAQ,4.15
387690,레메디,18940.0,537035.0,537035.0,10171442900.0,10171442900.0,KOSDAQ,-1.41
451760,컨텍,8730.0,804103.0,804103.0,7019819190.0,7019819190.0,KOSDAQ,3.93
211270,AP위성,9550.0,128276.0,128276.0,1225035800.0,1225035800.0,KOSDAQ,3.92
256940,킵스파마,7120.0,76916.0,76916.0,547641920.0,547641920.0,KOSDAQ,4.25
148150,세경하이테크,4015.0,57740.0,57740.0,231826100.0,231826100.0,KOSDAQ,-1.11
105330,케이엔더블유,8900.0,58611.0,58611.0,521637900.0,521637900.0,KOSDAQ,5.95
0088M0,메쥬,14390.0,107554.0,107554.0,1547702060.0,1547702060.0,KOSDAQ,-2.7
228850,레이언스,8570.0,59367.0,59367.0,508775190.0,508775190.0,KOSDAQ,0.59
417500,제이아이테크,4325.0,340706.0,340706.0,1473553450.0,1473553450.0,KOSDAQ,-0.46
469610,이노테크,15820.0,36397.0,66505.0,575800540.0,1052109100.0,KOSDAQ,-0.19
054920,한컴위드,5010.0,1793753.0,1793753.0,8986702530.0,8986702530.0,KOSDAQ,5.25
156100,엘앤케이바이오,6310.0,100806.0,100806.0,636085860.0,636085860.0,KOSDAQ,0.8
048870,시너지이노베이션,1597.0,84186.0,84186.0,134445042.0,134445042.0,KOSDAQ,0.5
134580,탑코미디어,2850.0,177781.0,177781.0,506675850.0,506675850.0,KOSDAQ,-3.23
047770,코데즈컴바인,3705.0,396902.0,396902.0,1470521910.0,1470521910.0,KOSDAQ,2.92
114840,아이패밀리에스씨,8380.0,12582.0,21428.0,105437160.0,179566640.0,KOSDAQ,0.84
158430,아톤,5690.0,820595.0,820595.0,4669185550.0,4669185550.0,KOSDAQ,5.37
072950,빛샘전자,17250.0,9522615.0,9522615.0,164265108750.0,164265108750.0,KOSDAQ,12.82
142210,유니트론텍,6680.0,194502.0,194502.0,1299273360.0,1299273360.0,KOSDAQ,0.0
126640,화신정공,3950.0,493608.0,493608.0,1949751600.0,1949751600.0,KOSDAQ,3.0
089600,KT나스미디어,12120.0,14449.0,14449.0,175121880.0,175121880.0,KOSDAQ,-0.49
140670,알에스오토메이션,10720.0,80383.0,80383.0,861705760.0,861705760.0,KOSDAQ,0.37
321550,티움바이오,4580.0,231683.0,231683.0,1061108140.0,1061108140.0,KOSDAQ,-6.44
402490,그린리소스,8070.0,232658.0,232658.0,1877550060.0,1877550060.0,KOSDAQ,0.5
297090,씨에스베어링,5010.0,83836.0,83836.0,420018360.0,420018360.0,KOSDAQ,2.04
052860,아이앤씨,7630.0,29173.0,29173.0,222589990.0,222589990.0,KOSDAQ,-0.78
005990,매일홀딩스,10250.0,3074.0,3074.0,31508500.0,31508500.0,KOSDAQ,-4.12
060150,인선이엔티,2990.0,29243.0,29243.0,87436570.0,87436570.0,KOSDAQ,0.5
417010,나노팀,6740.0,505648.0,505648.0,3408067520.0,3408067520.0,KOSDAQ,8.53
003100,선광,20600.0,3824.0,3824.0,78774400.0,78774400.0,KOSDAQ,0.0
042600,새로닉스,10930.0,133670.0,133670.0,1461013100.0,1461013100.0,KOSDAQ,-10.04
038290,마크로젠,12520.0,13735.0,13735.0,171962200.0,171962200.0,KOSDAQ,-1.26
053260,금강철강,7250.0,485608.0,485608.0,3520658000.0,3520658000.0,KOSDAQ,-2.82
037070,파세코,6770.0,72434.0,72434.0,490378180.0,490378180.0,KOSDAQ,2.27
039840,디오,10090.0,330707.0,1223881.0,3336833630.0,12348959290.0,KOSDAQ,5.99
141000,비아트론,11170.0,88166.0,88166.0,984814220.0,984814220.0,KOSDAQ,5.68
361390,제노코,13860.0,52280.0,52280.0,724600800.0,724600800.0,KOSDAQ,5.0
285490,노바텍,12700.0,49790.0,49790.0,632333000.0,632333000.0,KOSDAQ,3.84
035610,솔본,4895.0,15777.0,15777.0,77228415.0,77228415.0,KOSDAQ,-1.11
115440,우리넷,12400.0,3020231.0,3020231.0,37450864400.0,37450864400.0,KOSDAQ,5.0
474170,루미르,7500.0,103764.0,103764.0,778230000.0,778230000.0,KOSDAQ,7.45
073010,케이에스피,3320.0,150291.0,150291.0,498966120.0,498966120.0,KOSDAQ,0.61
240550,동방메디컬,6370.0,108863.0,108863.0,693457310.0,693457310.0,KOSDAQ,-0.16
408920,메쎄이상,3080.0,45160.0,45160.0,139092800.0,139092800.0,KOSDAQ,7.32
322510,제이엘케이,5160.0,88311.0,88311.0,455684760.0,455684760.0,KOSDAQ,-0.19
172670,에이엘티,14810.0,125258.0,125258.0,1855070980.0,1855070980.0,KOSDAQ,4.22
265740,엔에프씨,7420.0,219085.0,219085.0,1625610700.0,1625610700.0,KOSDAQ,-0.4
418420,라온텍,4300.0,129124.0,129124.0,555233200.0,555233200.0,KOSDAQ,1.06
338840,와이바이오로직스,8570.0,19971.0,31427.0,171151470.0,269329390.0,KOSDAQ,-0.23
071280,로체시스템즈,8630.0,115840.0,115840.0,999699200.0,999699200.0,KOSDAQ,-1.37
136540,윈스테크넷,10750.0,5580.0,5580.0,59985000.0,59985000.0,KOSDAQ,0.75
282880,코윈로보틱스,11270.0,125908.0,125908.0,1418983160.0,1418983160.0,KOSDAQ,2.55
009780,엠에스씨,7480.0,64071.0,64071.0,479251080.0,479251080.0,KOSDAQ,6.1
042510,라온시큐어,11820.0,437260.0,437260.0,5168413200.0,5168413200.0,KOSDAQ,7.55
222040,코스맥스엔비티,6360.0,594297.0,594297.0,3779728920.0,3779728920.0,KOSDAQ,-5.5
321370,센서뷰,1856.0,8757871.0,8757871.0,16254608576.0,16254608576.0,KOSDAQ,7.97
049720,고려신용정보,9150.0,9129.0,9129.0,83530350.0,83530350.0,KOSDAQ,0.33
115500,케이씨에스,10890.0,232196.0,232196.0,2528614440.0,2528614440.0,KOSDAQ,2.93
094840,슈프리마에이치큐,13300.0,12524.0,12524.0,166569200.0,166569200.0,KOSDAQ,0.0
035080,그래디언트,11620.0,12206.0,12206.0,141833720.0,141833720.0,KOSDAQ,0.87
001540,안국약품,9910.0,37540.0,37540.0,372021400.0,372021400.0,KOSDAQ,-0.9
079960,동양이엔피,17070.0,11976.0,11976.0,204430320.0,204430320.0,KOSDAQ,1.73
039560,다산네트웍스,3005.0,2824451.0,2824451.0,8487475255.0,8487475255.0,KOSDAQ,16.02
037350,성도이엔지,8470.0,265045.0,265045.0,2244931150.0,2244931150.0,KOSDAQ,2.05
095700,제넥신,2815.0,85263.0,85263.0,240015345.0,240015345.0,KOSDAQ,0.36
307750,국전,2370.0,169457.0,169457.0,401613090.0,401613090.0,KOSDAQ,0.64
0015N0,아로마티카,10100.0,257201.0,257201.0,2597730100.0,2597730100.0,KOSDAQ,-4.36
950190,고스트스튜디오,9740.0,14917.0,14917.0,145291580.0,145291580.0,KOSDAQ,0.41
053080,케이엔솔,9640.0,92166.0,92166.0,888480240.0,888480240.0,KOSDAQ,4.44
138360,앤로보틱스,1423.0,1781535.0,1781535.0,2535124305.0,2535124305.0,KOSDAQ,-7.42
299030,하나기술,15630.0,45665.0,128354.0,713743950.0,2006173020.0,KOSDAQ,5.25
080420,모다이노칩,1567.0,597.0,597.0,935499.0,935499.0,KOSDAQ,0.97
027710,팜스토리,1118.0,91116.0,91116.0,101867688.0,101867688.0,KOSDAQ,0.45
474610,RF시스템즈,8600.0,163842.0,163842.0,1409041200.0,1409041200.0,KOSDAQ,3.86
259630,엠플러스,10140.0,148693.0,148693.0,1507747020.0,1507747020.0,KOSDAQ,2.01
108230,톱텍,3255.0,125775.0,125775.0,409397625.0,409397625.0,KOSDAQ,-0.76
095190,신화프리텍,1888.0,21611.0,21611.0,40801568.0,40801568.0,KOSDAQ,2.16
166480,코아스템켐온,2330.0,175831.0,175831.0,409686230.0,409686230.0,KOSDAQ,3.1
008830,대동기어,6420.0,169079.0,169079.0,1085487180.0,1085487180.0,KOSDAQ,0.47
021320,KCC건설,5700.0,6255.0,6255.0,35653500.0,35653500.0,KOSDAQ,0.18
083500,에프엔에스테크,14680.0,57337.0,57337.0,841707160.0,841707160.0,KOSDAQ,-0.68
297890,HB솔루션,1666.0,197613.0,197613.0,329223258.0,329223258.0,KOSDAQ,1.28
293580,나우IB,1279.0,167753.0,167753.0,214556087.0,214556087.0,KOSDAQ,-0.78
017510,세명전기,7930.0,192545.0,192545.0,1526881850.0,1526881850.0,KOSDAQ,2.19
333430,일승,3915.0,141762.0,141762.0,554998230.0,554998230.0,KOSDAQ,0.26
308080,바이젠셀,5850.0,48268.0,48268.0,282367800.0,282367800.0,KOSDAQ,0.0
047310,파워로직스,3270.0,138751.0,138751.0,453715770.0,453715770.0,KOSDAQ,2.19
101170,우림피티에스,8800.0,40046.0,40046.0,352404800.0,352404800.0,KOSDAQ,3.77
105740,디케이락,11680.0,1705302.0,1705302.0,19917927360.0,19917927360.0,KOSDAQ,15.42
389020,자람테크놀로지,17180.0,164716.0,164716.0,2829820880.0,2829820880.0,KOSDAQ,6.58
041440,현대에버다임,6620.0,56131.0,56131.0,371587220.0,371587220.0,KOSDAQ,0.0
331920,셀레믹스,10560.0,41376.0,41376.0,436930560.0,436930560.0,KOSDAQ,3.13
290720,푸드나무,3095.0,94185.0,94185.0,291502575.0,291502575.0,KOSDAQ,1.48
338220,뷰노,8390.0,301982.0,1133973.0,2533628980.0,9514033470.0,KOSDAQ,1.45
209640,와이제이링크,4115.0,6495075.0,6495075.0,26727233625.0,26727233625.0,KOSDAQ,11.52
129920,대성하이텍,7180.0,161819.0,161819.0,1161860420.0,1161860420.0,KOSDAQ,4.36
336680,탑런토탈솔루션,2980.0,9914.0,9914.0,29543720.0,29543720.0,KOSDAQ,0.51
396470,워트,7230.0,132098.0,132098.0,955068540.0,955068540.0,KOSDAQ,1.12
458650,성우,7720.0,10802.0,10802.0,83391440.0,83391440.0,KOSDAQ,1.71
049520,유아이엘,3755.0,57231.0,57231.0,214902405.0,214902405.0,KOSDAQ,0.94
054050,NH농우바이오,7200.0,11668.0,11668.0,84009600.0,84009600.0,KOSDAQ,-1.1
067990,도이치모터스,3945.0,25956.0,25956.0,102396420.0,102396420.0,KOSDAQ,1.68
443670,에스피소프트,4770.0,372409.0,372409.0,1776390930.0,1776390930.0,KOSDAQ,0.0
242040,나무AX,3300.0,393209.0,393209.0,1297589700.0,1297589700.0,KOSDAQ,2.17
217820,원익피앤이,2405.0,274185.0,274185.0,659414925.0,659414925.0,KOSDAQ,2.56
310200,애니플러스,2185.0,354341.0,354341.0,774235085.0,774235085.0,KOSDAQ,1.86
290740,액트로,11290.0,33678.0,33678.0,380224620.0,380224620.0,KOSDAQ,-1.31
122450,KX,2535.0,33261.0,33261.0,84316635.0,84316635.0,KOSDAQ,-0.59
051980,중앙첨단소재,10220.0,194461.0,194461.0,1987391420.0,1987391420.0,KOSDAQ,-1.26
063570,NICE인프라,3310.0,6090.0,6090.0,20157900.0,20157900.0,KOSDAQ,0.3
153890,져스텍,9370.0,212405.0,212405.0,1990234850.0,1990234850.0,KOSDAQ,-3.8
079650,서산,5640.0,951695.0,951695.0,5367559800.0,5367559800.0,KOSDAQ,0.53
334970,프레스티지바이오로직스,1450.0,83637.0,83637.0,121273650.0,121273650.0,KOSDAQ,1.61
473980,노머스,10320.0,15201.0,22467.0,156874320.0,231859440.0,KOSDAQ,-0.19
0011A0,액스비스,11990.0,247408.0,247408.0,2966421920.0,2966421920.0,KOSDAQ,4.08
289930,웨이비스,8510.0,70801.0,70801.0,602516510.0,602516510.0,KOSDAQ,5.06
255440,야스,8560.0,111429.0,111429.0,953832240.0,953832240.0,KOSDAQ,-0.23
201490,미투온,3415.0,738499.0,738499.0,2521974085.0,2521974085.0,KOSDAQ,-0.29
051360,토비스,11920.0,6535.0,10480.0,77897200.0,124921600.0,KOSDAQ,0.17
311320,지오엘리먼트,8820.0,34406.0,34406.0,303460920.0,303460920.0,KOSDAQ,-2.0
131030,옵투스제약,6290.0,77946.0,77946.0,490280340.0,490280340.0,KOSDAQ,0.32
018120,진로발효,16740.0,185.0,185.0,3096900.0,3096900.0,KOSDAQ,-0.18
036010,아비코전자,8330.0,110002.0,110002.0,916316660.0,916316660.0,KOSDAQ,2.21
090850,현대이지웰,4920.0,16386.0,16386.0,80619120.0,80619120.0,KOSDAQ,0.0
317770,엑스페릭스,2980.0,247580.0,247580.0,737788400.0,737788400.0,KOSDAQ,1.02
246710,티앤알바이오팹,2305.0,131816.0,131816.0,303835880.0,303835880.0,KOSDAQ,0.22
475230,엔알비,10080.0,83574.0,83574.0,842425920.0,842425920.0,KOSDAQ,5.0
097800,윈팩,4025.0,8145007.0,8145007.0,32783653175.0,32783653175.0,KOSDAQ,5.23
086980,쇼박스,1746.0,68712.0,68712.0,119971152.0,119971152.0,KOSDAQ,-0.4
038540,상상인,1968.0,40574.0,40574.0,79849632.0,79849632.0,KOSDAQ,5.13
217270,넵튠,2385.0,19817.0,19817.0,47263545.0,47263545.0,KOSDAQ,1.06
217190,제너셈,8270.0,203068.0,203068.0,1679372360.0,1679372360.0,KOSDAQ,0.24
040300,YTN,2280.0,100630.0,100630.0,229436400.0,229436400.0,KOSDAQ,0.88
125210,아모그린텍,6580.0,244122.0,244122.0,1606322760.0,1606322760.0,KOSDAQ,3.95
412350,레이저쎌,7430.0,833134.0,833134.0,6190185620.0,6190185620.0,KOSDAQ,9.26
053700,삼보모터스,4045.0,132422.0,132422.0,535646990.0,535646990.0,KOSDAQ,2.66
106190,하이텍팜,10160.0,24423.0,24423.0,248137680.0,248137680.0,KOSDAQ,1.6
036630,세종텔레콤,7700.0,3867.0,3867.0,29775900.0,29775900.0,KOSDAQ,1.72
339950,아이비김영,2395.0,9082.0,9082.0,21751390.0,21751390.0,KOSDAQ,1.48
136150,원일티엔아이,12840.0,2656583.0,2656583.0,34110525720.0,34110525720.0,KOSDAQ,18.34
067900,와이엔텍,5910.0,17414.0,17414.0,102916740.0,102916740.0,KOSDAQ,-0.67
100590,머큐리,6250.0,3905604.0,3905604.0,24410025000.0,24410025000.0,KOSDAQ,29.8
130580,나이스디앤비,6950.0,26453.0,26453.0,183848350.0,183848350.0,KOSDAQ,1.76
120240,대정화금,14840.0,3200.0,3200.0,47488000.0,47488000.0,KOSDAQ,-0.13
053350,이니텍,4840.0,52444.0,52444.0,253828960.0,253828960.0,KOSDAQ,1.79
453450,그리드위즈,13370.0,18757.0,18757.0,250781090.0,250781090.0,KOSDAQ,3.0
039340,한국경제TV,4825.0,9260.0,9260.0,44679500.0,44679500.0,KOSDAQ,-1.33
037030,파워넷,4150.0,1139532.0,1139532.0,4729057800.0,4729057800.0,KOSDAQ,10.37
411080,샌즈랩,6900.0,454648.0,454648.0,3137071200.0,3137071200.0,KOSDAQ,3.92
306620,지아이에스,2195.0,364232.0,364232.0,799489240.0,799489240.0,KOSDAQ,1.39
073560,우리손에프앤지,1514.0,56074.0,56074.0,84896036.0,84896036.0,KOSDAQ,0.4
419050,삼기에너지솔루션즈,1820.0,1310683.0,1310683.0,2385443060.0,2385443060.0,KOSDAQ,-0.16
235980,메드팩토,3035.0,64101.0,64101.0,194546535.0,194546535.0,KOSDAQ,-0.16
109740,디에스케이,4035.0,9421.0,9421.0,38013735.0,38013735.0,KOSDAQ,0.88
123040,엠에스오토텍,1656.0,70446.0,70446.0,116658576.0,116658576.0,KOSDAQ,1.41
091440,한울소재과학,2795.0,312183.0,312183.0,872551485.0,872551485.0,KOSDAQ,-3.95
189330,씨이랩,11000.0,200803.0,200803.0,2208833000.0,2208833000.0,KOSDAQ,3.77
175250,아이큐어,1665.0,82686.0,82686.0,137672190.0,137672190.0,KOSDAQ,-2.63
250060,모비스,3180.0,191346.0,191346.0,608480280.0,608480280.0,KOSDAQ,-0.16
475580,에이럭스,7500.0,57684.0,57684.0,432630000.0,432630000.0,KOSDAQ,1.49
088130,동아엘텍,5830.0,123949.0,123949.0,722622670.0,722622670.0,KOSDAQ,3.37
006620,동구바이오제약,3575.0,33941.0,33941.0,121339075.0,121339075.0,KOSDAQ,-0.14
049950,미래컴퍼니,11540.0,31926.0,31926.0,368426040.0,368426040.0,KOSDAQ,1.94
021080,에이티넘인베스트,2115.0,101521.0,101521.0,214716915.0,214716915.0,KOSDAQ,1.93
100700,세운메디칼,2315.0,54768.0,54768.0,126787920.0,126787920.0,KOSDAQ,0.43
109670,씨싸이트,17350.0,562876.0,562876.0,9765898600.0,9765898600.0,KOSDAQ,-4.62
045970,코아시아,3840.0,61499.0,61499.0,236156160.0,236156160.0,KOSDAQ,1.32
048550,SM C&C,1043.0,271378.0,271378.0,283047254.0,283047254.0,KOSDAQ,3.17
086960,MDS테크,2370.0,419200.0,419200.0,993504000.0,993504000.0,KOSDAQ,1.94
173130,오파스넷,7720.0,73306.0,73306.0,565922320.0,565922320.0,KOSDAQ,1.98
307930,컴퍼니케이,6450.0,43770.0,43770.0,282316500.0,282316500.0,KOSDAQ,0.78
493330,지에프아이,12500.0,45576.0,45576.0,569700000.0,569700000.0,KOSDAQ,2.97
059210,메타바이오메드,3695.0,61216.0,61216.0,226193120.0,226193120.0,KOSDAQ,0.68
323990,박셀바이오,4315.0,48792.0,48792.0,210537480.0,210537480.0,KOSDAQ,0.12
439580,블루엠텍,2965.0,528359.0,528359.0,1566584435.0,1566584435.0,KOSDAQ,0.68
309960,LB인베스트먼트,4320.0,31645.0,31645.0,136706400.0,136706400.0,KOSDAQ,0.7
187790,나노,3250.0,74963.0,74963.0,243629750.0,243629750.0,KOSDAQ,2.52
063170,서울옥션,5610.0,21522.0,21522.0,120738420.0,120738420.0,KOSDAQ,-0.18
366030,나인앤컴퍼니,4400.0,29076.0,29076.0,127934400.0,127934400.0,KOSDAQ,-1.01
182360,큐브엔터,6410.0,10322.0,10322.0,66164020.0,66164020.0,KOSDAQ,-1.23
322180,LS티라유텍,4630.0,198412.0,198412.0,918647560.0,918647560.0,KOSDAQ,6.81
099750,이지케어텍,7280.0,34192.0,34192.0,248917760.0,248917760.0,KOSDAQ,-0.14
352090,스톰테크,3680.0,21176.0,21176.0,77927680.0,77927680.0,KOSDAQ,0.14
261780,아리바이오랩,3415.0,337851.0,337851.0,1153761165.0,1153761165.0,KOSDAQ,-1.44
298540,더네이쳐홀딩스,6780.0,69791.0,69791.0,473182980.0,473182980.0,KOSDAQ,1.8
380550,뉴로핏,8030.0,92483.0,92483.0,742638490.0,742638490.0,KOSDAQ,1.52
205100,엑셈,1450.0,340515.0,340515.0,493746750.0,493746750.0,KOSDAQ,-0.21
002230,피에스텍,5280.0,51986.0,51986.0,274486080.0,274486080.0,KOSDAQ,1.93
0017J0,세미티에스,3225.0,2990241.0,2990241.0,9643527225.0,9643527225.0,KOSDAQ,3.7
394420,리센스메디컬,8810.0,78789.0,78789.0,694131090.0,694131090.0,KOSDAQ,-6.28
348350,위드텍,9860.0,17848.0,17848.0,175981280.0,175981280.0,KOSDAQ,0.92
357580,아모센스,8100.0,451127.0,451127.0,3654128700.0,3654128700.0,KOSDAQ,0.37
330350,위더스제약,7220.0,26006.0,26006.0,187763320.0,187763320.0,KOSDAQ,-0.55
091120,이엠텍,5560.0,58411.0,58411.0,324765160.0,324765160.0,KOSDAQ,0.91
052460,아이크래프트,6510.0,159501.0,159501.0,1038351510.0,1038351510.0,KOSDAQ,3.83
052420,오성첨단소재,9710.0,13524.0,13524.0,131318040.0,131318040.0,KOSDAQ,-0.51
282720,금양그린파워,7790.0,20957.0,20957.0,163255030.0,163255030.0,KOSDAQ,3.18
052900,KX하이텍,1230.0,1115495.0,1115495.0,1372058850.0,1372058850.0,KOSDAQ,-0.4
042500,링네트,4230.0,77854.0,77854.0,329322420.0,329322420.0,KOSDAQ,0.24
198440,강동씨앤엘,1545.0,375754.0,375754.0,580539930.0,580539930.0,KOSDAQ,-1.28
357880,SKAI,1735.0,964146.0,964146.0,1672793310.0,1672793310.0,KOSDAQ,-3.5
032300,한국파마,8620.0,2024375.0,2024375.0,17450112500.0,17450112500.0,KOSDAQ,14.93
053580,웹케시,7250.0,15994.0,15994.0,115956500.0,115956500.0,KOSDAQ,3.57
054540,삼영엠텍,7180.0,215428.0,215428.0,1546773040.0,1546773040.0,KOSDAQ,3.31
074430,아미노로직스,1044.0,33428.0,33428.0,34898832.0,34898832.0,KOSDAQ,-0.29
005860,한일사료,2365.0,88715.0,88715.0,209810975.0,209810975.0,KOSDAQ,0.64
036220,오상헬스케어,6470.0,18023.0,18023.0,116608810.0,116608810.0,KOSDAQ,0.78
047560,이스트소프트,7850.0,31611.0,31611.0,248146350.0,248146350.0,KOSDAQ,3.84
109610,에스와이,1883.0,47103.0,47103.0,88694949.0,88694949.0,KOSDAQ,-0.89
085670,뉴프렉스,3745.0,1107547.0,1107547.0,4147763515.0,4147763515.0,KOSDAQ,9.02
040420,정상제이엘에스,5850.0,4789.0,4789.0,28015650.0,28015650.0,KOSDAQ,0.17
307870,비투엔,1234.0,309906.0,309906.0,382424004.0,382424004.0,KOSDAQ,0.65
023900,풍국주정,7270.0,6074.0,6074.0,44157980.0,44157980.0,KOSDAQ,1.11
062970,한국첨단소재,3040.0,1479049.0,1479049.0,4496308960.0,4496308960.0,KOSDAQ,5.74
432470,케이엔에스,10430.0,132821.0,132821.0,1385323030.0,1385323030.0,KOSDAQ,0.77
033560,블루콤,5350.0,15656.0,15656.0,83759600.0,83759600.0,KOSDAQ,0.0
065450,빅텍,3100.0,1031184.0,1031184.0,3196670400.0,3196670400.0,KOSDAQ,0.81
048910,대원미디어,7230.0,42918.0,42918.0,310297140.0,310297140.0,KOSDAQ,1.26
223250,드림씨아이에스,3685.0,463020.0,463020.0,1706228700.0,1706228700.0,KOSDAQ,1.8
234030,싸이닉솔루션,3830.0,467850.0,467850.0,1791865500.0,1791865500.0,KOSDAQ,-0.78
100130,동국S&C,1575.0,5145449.0,5145449.0,8104082175.0,8104082175.0,KOSDAQ,4.51
044990,에이치엔에스하이텍,11700.0,13127.0,13127.0,153585900.0,153585900.0,KOSDAQ,4.0
013310,아진산업,2315.0,62651.0,62651.0,145037065.0,145037065.0,KOSDAQ,0.87
093920,서원인텍,4820.0,7749.0,7749.0,37350180.0,37350180.0,KOSDAQ,0.42
066590,스모트로닉,2310.0,51083.0,51083.0,118001730.0,118001730.0,KOSDAQ,-0.43
246960,SCL사이언스,2625.0,124071.0,124071.0,325686375.0,325686375.0,KOSDAQ,0.19
900260,로스웰,1937.0,3684.0,3684.0,7135908.0,7135908.0,KOSDAQ,1.95
009300,삼아제약,13960.0,854.0,854.0,11921840.0,11921840.0,KOSDAQ,3.41
303810,동국생명과학,2780.0,1792625.0,1792625.0,4983497500.0,4983497500.0,KOSDAQ,-1.07
457370,한켐,10990.0,256110.0,256110.0,2814648900.0,2814648900.0,KOSDAQ,-0.9
234300,에스트래픽,3245.0,70691.0,70691.0,229392295.0,229392295.0,KOSDAQ,0.15
048530,인트론바이오,2845.0,44005.0,44005.0,125194225.0,125194225.0,KOSDAQ,-1.56
140070,서플러스글로벌,2375.0,37283.0,37283.0,88547125.0,88547125.0,KOSDAQ,0.42
357230,에이치피오,2125.0,14964.0,14964.0,31798500.0,31798500.0,KOSDAQ,-1.16
478560,블랙야크아이앤씨,3395.0,27112.0,27112.0,92045240.0,92045240.0,KOSDAQ,0.74
192410,오늘이엔엠,3480.0,68797.0,68797.0,239413560.0,239413560.0,KOSDAQ,-2.38
096240,크레버스,8530.0,4652.0,4652.0,39681560.0,39681560.0,KOSDAQ,0.59
101330,모베이스,3750.0,144487.0,144487.0,541826250.0,541826250.0,KOSDAQ,3.31
078890,가온그룹,4710.0,93696.0,93696.0,441308160.0,441308160.0,KOSDAQ,3.63
362320,청담글로벌,4185.0,28155.0,28155.0,117828675.0,117828675.0,KOSDAQ,0.6
226400,오스테오닉,4185.0,58264.0,58264.0,243834840.0,243834840.0,KOSDAQ,2.57
162300,신스틸,2075.0,495055.0,495055.0,1027239125.0,1027239125.0,KOSDAQ,-1.89
004650,창해에탄올,9340.0,15970.0,15970.0,149159800.0,149159800.0,KOSDAQ,0.65
263720,디앤씨미디어,7010.0,5124.0,5124.0,35919240.0,35919240.0,KOSDAQ,1.15
033290,로젠,1528.0,6069.0,6069.0,9273432.0,9273432.0,KOSDAQ,0.46
014950,삼익제약,8510.0,341660.0,341660.0,2907526600.0,2907526600.0,KOSDAQ,-2.63
215100,로보로보,4210.0,93339.0,93339.0,392957190.0,392957190.0,KOSDAQ,1.94
251120,바이오에프디엔씨,9850.0,24745.0,24745.0,243738250.0,243738250.0,KOSDAQ,-1.3
067000,조이시티,1216.0,757163.0,757163.0,920710208.0,920710208.0,KOSDAQ,-0.49
086710,선진뷰티사이언스,6960.0,9189.0,9189.0,63955440.0,63955440.0,KOSDAQ,1.61
066700,테라젠이텍스,2285.0,23901.0,23901.0,54613785.0,54613785.0,KOSDAQ,0.66
072020,중앙백신,9170.0,4756.0,4756.0,43612520.0,43612520.0,KOSDAQ,0.33
025950,동신건설,10090.0,18664.0,18664.0,188319760.0,188319760.0,KOSDAQ,-0.1
038110,에코플라스틱,2055.0,114464.0,114464.0,235223520.0,235223520.0,KOSDAQ,0.74
006140,피제이전자,5690.0,1687871.0,1687871.0,9603985990.0,9603985990.0,KOSDAQ,29.91
078140,대봉엘에스,7620.0,16382.0,16382.0,124830840.0,124830840.0,KOSDAQ,-0.78
330730,스톤브릿지벤처스,4625.0,9637.0,9637.0,44571125.0,44571125.0,KOSDAQ,0.54
037760,쎄니트,2490.0,152110.0,152110.0,378753900.0,378753900.0,KOSDAQ,1.84
123010,MSDI,4165.0,1148062.0,1148062.0,4781678230.0,4781678230.0,KOSDAQ,-6.61
360070,탑머티리얼,10220.0,20013.0,20013.0,204532860.0,204532860.0,KOSDAQ,4.29
094860,네오리진,1572.0,148401.0,148401.0,233286372.0,233286372.0,KOSDAQ,2.75
029480,광무,1398.0,23364.0,23364.0,32662872.0,32662872.0,KOSDAQ,1.16
294630,서남,3130.0,120603.0,120603.0,377487390.0,377487390.0,KOSDAQ,1.79
185490,아이진,1917.0,104615.0,104615.0,200546955.0,200546955.0,KOSDAQ,-2.64
263600,덕우전자,5200.0,6628578.0,6628578.0,34468605600.0,34468605600.0,KOSDAQ,17.91
365330,에스와이스틸텍,1642.0,439858.0,439858.0,722246836.0,722246836.0,KOSDAQ,-3.18
049080,기가레인,9690.0,464834.0,464834.0,4504241460.0,4504241460.0,KOSDAQ,1.04
063080,컴투스홀딩스,12450.0,11417.0,11417.0,142141650.0,142141650.0,KOSDAQ,0.48
007820,엠엑스로보틱스,3520.0,72042.0,72042.0,253587840.0,253587840.0,KOSDAQ,0.86
382840,원준,5360.0,81399.0,81399.0,436298640.0,436298640.0,KOSDAQ,3.47
389030,지니너스,2075.0,167843.0,167843.0,348274225.0,348274225.0,KOSDAQ,-0.95
066980,한성크린텍,1520.0,203564.0,203564.0,309417280.0,309417280.0,KOSDAQ,-0.33
396270,넥스트칩,2480.0,471168.0,471168.0,1168496640.0,1168496640.0,KOSDAQ,-0.8
381620,제닉스로보틱스,6210.0,51418.0,51418.0,319305780.0,319305780.0,KOSDAQ,1.64
0015S0,페스카로,8250.0,54837.0,54837.0,452405250.0,452405250.0,KOSDAQ,3.13
066310,큐에스아이,8770.0,99243.0,99243.0,870361110.0,870361110.0,KOSDAQ,4.9
323350,다원넥스뷰,10120.0,280888.0,280888.0,2842586560.0,2842586560.0,KOSDAQ,3.37
302550,리메드,2670.0,6498.0,6498.0,17349660.0,17349660.0,KOSDAQ,2.1
389140,포바이포,5660.0,24865.0,24865.0,140735900.0,140735900.0,KOSDAQ,1.25
036640,HRS,4930.0,22651.0,22651.0,111669430.0,111669430.0,KOSDAQ,-0.5
475430,키스트론,4510.0,119591.0,119591.0,539355410.0,539355410.0,KOSDAQ,1.23
066430,아이로보틱스,2055.0,188382.0,188382.0,387125010.0,387125010.0,KOSDAQ,0.0
291650,츌립앤사이언스,2635.0,149975.0,149975.0,395184125.0,395184125.0,KOSDAQ,16.08
058400,KNN,6060.0,4075.0,4075.0,24694500.0,24694500.0,KOSDAQ,2.19
142280,녹십자엠에스,3345.0,246784.0,246784.0,825492480.0,825492480.0,KOSDAQ,-0.45
104040,디에스엠,2980.0,103458.0,103458.0,308304840.0,308304840.0,KOSDAQ,3.11
131370,알서포트,1497.0,46595.0,46595.0,69752715.0,69752715.0,KOSDAQ,1.56
137950,제이씨케미칼,3580.0,31240.0,31240.0,111839200.0,111839200.0,KOSDAQ,1.85
054670,대한뉴팜,5550.0,17025.0,17025.0,94488750.0,94488750.0,KOSDAQ,0.36
418470,KT밀리의서재,9290.0,22344.0,22344.0,207575760.0,207575760.0,KOSDAQ,0.0
079810,APS이노베이션,3695.0,74382.0,74382.0,274841490.0,274841490.0,KOSDAQ,2.35
107600,새빗켐,14070.0,30142.0,30142.0,424097940.0,424097940.0,KOSDAQ,5.31
0117P0,피스피스스튜디오,5590.0,50399.0,50399.0,281730410.0,281730410.0,KOSDAQ,-0.18
024880,케이피에프,3970.0,90884.0,90884.0,360809480.0,360809480.0,KOSDAQ,2.06
147760,피엠티,3950.0,201266.0,201266.0,795000700.0,795000700.0,KOSDAQ,-1.25
032540,TJ미디어,3780.0,9289.0,9289.0,35112420.0,35112420.0,KOSDAQ,0.27
004590,한국가구,5260.0,16968.0,16968.0,89251680.0,89251680.0,KOSDAQ,1.54
331380,포커스에이아이,2130.0,105884.0,105884.0,225532920.0,225532920.0,KOSDAQ,2.9
067170,오텍,2865.0,2513461.0,2513461.0,7201065765.0,7201065765.0,KOSDAQ,9.14
303360,프로티아,6080.0,49583.0,49583.0,301464640.0,301464640.0,KOSDAQ,0.83
047820,초록뱀미디어,3190.0,8619.0,8619.0,27494610.0,27494610.0,KOSDAQ,0.0
149980,하이로닉,4535.0,16751.0,16751.0,75965785.0,75965785.0,KOSDAQ,-3.1
388870,파로스아이바이오,6020.0,45837.0,45837.0,275938740.0,275938740.0,KOSDAQ,-1.95
012790,신일제약,6480.0,36933.0,36933.0,239325840.0,239325840.0,KOSDAQ,0.62
225530,HC보광산업,2135.0,6522.0,6522.0,13924470.0,13924470.0,KOSDAQ,0.95
084730,팅크웨어,6970.0,6038.0,6038.0,42084860.0,42084860.0,KOSDAQ,-0.57
302430,이노메트리,7880.0,78218.0,78218.0,616357840.0,616357840.0,KOSDAQ,0.25
065510,휴비츠,7100.0,48031.0,48031.0,341020100.0,341020100.0,KOSDAQ,1.72
000440,중앙에너비스,12400.0,14310.0,14310.0,177444000.0,177444000.0,KOSDAQ,0.9
088390,이녹스,8220.0,5717.0,5717.0,46993740.0,46993740.0,KOSDAQ,-0.24
040910,아이씨디,4215.0,17129.0,17129.0,72198735.0,72198735.0,KOSDAQ,2.55
168330,내츄럴엔도텍,2410.0,15708.0,15708.0,37856280.0,37856280.0,KOSDAQ,2.12
0007J0,인벤테라,9720.0,244945.0,244945.0,2380865400.0,2380865400.0,KOSDAQ,-9.83
253840,수젠텍,4565.0,101270.0,101270.0,462297550.0,462297550.0,KOSDAQ,-0.11
263800,데이타솔루션,4705.0,104761.0,104761.0,492900505.0,492900505.0,KOSDAQ,1.95
950130,엑세스바이오,2170.0,49447.0,49447.0,107299990.0,107299990.0,KOSDAQ,-0.91
011320,유니크,3950.0,25762.0,25762.0,101759900.0,101759900.0,KOSDAQ,1.28
041930,SY동아,5020.0,9178.0,9178.0,46073560.0,46073560.0,KOSDAQ,0.0
011370,서한,3780.0,21982.0,21982.0,83091960.0,83091960.0,KOSDAQ,1.89
124560,태웅로직스,1967.0,9823.0,9823.0,19321841.0,19321841.0,KOSDAQ,-0.41
038680,에스넷,3820.0,57450.0,57450.0,219459000.0,219459000.0,KOSDAQ,1.19
040160,누리플렉스,6390.0,8384.0,8384.0,53573760.0,53573760.0,KOSDAQ,2.4
170030,현대공업,4940.0,24627.0,24627.0,121657380.0,121657380.0,KOSDAQ,2.28
012700,리드코프,2915.0,14208.0,14208.0,41416320.0,41416320.0,KOSDAQ,0.69
060570,드림어스컴퍼니,5100.0,5270.0,5270.0,26877000.0,26877000.0,KOSDAQ,2.0
058630,엠게임,4025.0,44988.0,44988.0,181076700.0,181076700.0,KOSDAQ,-0.62
102370,케이옥션,2915.0,15583.0,15583.0,45424445.0,45424445.0,KOSDAQ,0.17
030960,양지사,4720.0,9438.0,9438.0,44547360.0,44547360.0,KOSDAQ,0.32
413390,엠오티,6680.0,16931.0,16931.0,113099080.0,113099080.0,KOSDAQ,4.21
451250,삐아,7340.0,6707.0,6707.0,49229380.0,49229380.0,KOSDAQ,1.24
019550,SBI인베스트먼트,929.0,342986.0,342986.0,318633994.0,318633994.0,KOSDAQ,1.2
060590,씨티씨바이오,3090.0,15443.0,15443.0,47718870.0,47718870.0,KOSDAQ,-0.32
277880,티에스아이,3755.0,36815.0,36815.0,138240325.0,138240325.0,KOSDAQ,3.3
010280,아이티센엔텍,5720.0,45825.0,45825.0,262119000.0,262119000.0,KOSDAQ,-1.38
217330,싸이토젠,3215.0,99848.0,99848.0,321011320.0,321011320.0,KOSDAQ,-0.31
347890,엠엑스온,4355.0,6575.0,6575.0,28634125.0,28634125.0,KOSDAQ,0.69
024740,한일단조,2240.0,201277.0,201277.0,450860480.0,450860480.0,KOSDAQ,1.59
451220,아이엠티,9320.0,54594.0,54594.0,508816080.0,508816080.0,KOSDAQ,0.32
208140,정다운,2245.0,27487.0,27487.0,61708315.0,61708315.0,KOSDAQ,0.0
041910,폴라리스AI파마,5520.0,22574.0,22574.0,124608480.0,124608480.0,KOSDAQ,-0.18
294140,레몬,2940.0,28501.0,28501.0,83792940.0,83792940.0,KOSDAQ,-2.65
171120,라이온켐텍,2040.0,69671.0,69671.0,142128840.0,142128840.0,KOSDAQ,2.15
038460,바이오스마트,2895.0,124034.0,124034.0,359078430.0,359078430.0,KOSDAQ,2.66
039980,폴라리스AI,5080.0,47970.0,47970.0,243687600.0,243687600.0,KOSDAQ,0.0
212710,아이에스티이,7500.0,93148.0,93148.0,698610000.0,698610000.0,KOSDAQ,0.27
039010,현대에이치티,8430.0,7415.0,7415.0,62508450.0,62508450.0,KOSDAQ,0.96
080010,이상네트웍스,7390.0,1245.0,1245.0,9200550.0,9200550.0,KOSDAQ,-0.14
020710,시공테크,3625.0,47647.0,47647.0,172720375.0,172720375.0,KOSDAQ,0.69
089230,THE E&M,1843.0,203005.0,203005.0,374138215.0,374138215.0,KOSDAQ,-3.51
065530,와이어블,1518.0,8449322.0,8449322.0,12826070796.0,12826070796.0,KOSDAQ,18.59
017480,삼현철강,4700.0,13910.0,13910.0,65377000.0,65377000.0,KOSDAQ,-0.21
053280,예스24,2900.0,12379.0,12379.0,35899100.0,35899100.0,KOSDAQ,0.17
332370,아이디피,5440.0,5437.0,5437.0,29577280.0,29577280.0,KOSDAQ,3.62
090470,제이스로보틱스,4130.0,18415.0,18415.0,76053950.0,76053950.0,KOSDAQ,0.0
377480,마음AI,10140.0,21528.0,21528.0,218293920.0,218293920.0,KOSDAQ,-0.1
083790,CG인바이츠,937.0,69037.0,69037.0,64687669.0,64687669.0,KOSDAQ,-0.85
417790,트루엔,6880.0,17729.0,17729.0,121975520.0,121975520.0,KOSDAQ,4.08
054620,APS,3915.0,54119.0,54119.0,211875885.0,211875885.0,KOSDAQ,5.67
417970,모델솔루션,11240.0,13311.0,13311.0,149615640.0,149615640.0,KOSDAQ,6.84
320000,한울반도체,10350.0,121776.0,121776.0,1260381600.0,1260381600.0,KOSDAQ,-0.19
299660,셀리드,2425.0,207775.0,207775.0,503854375.0,503854375.0,KOSDAQ,0.62
347000,센코,1889.0,185746.0,185746.0,350874194.0,350874194.0,KOSDAQ,-0.16
460940,피앤에스로보틱스,5300.0,40853.0,40853.0,216520900.0,216520900.0,KOSDAQ,1.53
054040,한국컴퓨터,4430.0,10560.0,10560.0,46780800.0,46780800.0,KOSDAQ,0.11
109860,동일금속,7800.0,935.0,935.0,7293000.0,7293000.0,KOSDAQ,2.5
067570,엔브이에이치코리아,1683.0,29186.0,29186.0,49120038.0,49120038.0,KOSDAQ,3.13
487580,폴레드,2815.0,713197.0,713197.0,2007649555.0,2007649555.0,KOSDAQ,-3.1
128660,피제이메탈,2855.0,99276.0,99276.0,283432980.0,283432980.0,KOSDAQ,0.71
371950,풍원정밀,3005.0,72787.0,72787.0,218724935.0,218724935.0,KOSDAQ,-3.69
091590,남화토건,6030.0,105733.0,105733.0,637569990.0,637569990.0,KOSDAQ,-1.31
155650,와이엠씨,3730.0,72181.0,72181.0,269235130.0,269235130.0,KOSDAQ,0.81
045660,에이텍,8560.0,5377.0,5377.0,46027120.0,46027120.0,KOSDAQ,-0.23
092040,아미코젠,998.0,154296.0,154296.0,153987408.0,153987408.0,KOSDAQ,0.81
104460,디와이피엔에프,6680.0,6639.0,6639.0,44348520.0,44348520.0,KOSDAQ,0.75
089790,제이티,6810.0,228239.0,228239.0,1554307590.0,1554307590.0,KOSDAQ,2.41
096350,대창솔루션,1901.0,63936.0,63936.0,121542336.0,121542336.0,KOSDAQ,1.12
104540,코렌텍,5220.0,587147.0,587147.0,3064907340.0,3064907340.0,KOSDAQ,10.24
282620,기도산업,11880.0,29315.0,29315.0,348262200.0,348262200.0,KOSDAQ,0.42
214260,라파스,7800.0,6280.0,6280.0,48984000.0,48984000.0,KOSDAQ,0.13
110790,크리스에프앤씨,2970.0,1268.0,1268.0,3765960.0,3765960.0,KOSDAQ,0.68
076610,해성옵틱스,1141.0,623407.0,623407.0,711307387.0,711307387.0,KOSDAQ,3.73
225190,LK삼양,4930.0,4658926.0,4658926.0,22968505180.0,22968505180.0,KOSDAQ,15.73
117670,알파칩스,10420.0,50311.0,50311.0,524240620.0,524240620.0,KOSDAQ,0.39
032850,비트컴퓨터,4155.0,35074.0,35074.0,145732470.0,145732470.0,KOSDAQ,-0.12
208370,셀바스헬스케어,2680.0,373170.0,373170.0,1000095600.0,1000095600.0,KOSDAQ,-1.11
337930,젝시믹스,2370.0,26378.0,26378.0,62515860.0,62515860.0,KOSDAQ,0.21
026150,특수건설,3920.0,12598.0,12598.0,49384160.0,49384160.0,KOSDAQ,-0.13
019540,일지테크,5080.0,22363.0,22363.0,113604040.0,113604040.0,KOSDAQ,0.59
024830,세원물산,8220.0,3671.0,3671.0,30175620.0,30175620.0,KOSDAQ,0.12
347860,알체라,1623.0,103816.0,103816.0,168493368.0,168493368.0,KOSDAQ,0.68
0004V0,엔비알모션,6210.0,192901.0,192901.0,1197915210.0,1197915210.0,KOSDAQ,0.81
950220,네오이뮨텍,1991.0,167478.0,167478.0,333448698.0,333448698.0,KOSDAQ,0.96
048430,유라테크,5910.0,32846.0,32846.0,194119860.0,194119860.0,KOSDAQ,-0.51
095270,웨이브일렉트로,4735.0,56862.0,56862.0,269241570.0,269241570.0,KOSDAQ,4.07
123420,위메이드플레이,6540.0,7135.0,7135.0,46662900.0,46662900.0,KOSDAQ,0.46
487400,케이앤에스아이앤씨,6620.0,88655.0,88655.0,586896100.0,586896100.0,KOSDAQ,0.91
0218L0,네오뷰,12850.0,14340.0,14340.0,184269000.0,184269000.0,KOSDAQ,3.21
067370,선바이오,5550.0,996.0,996.0,5527800.0,5527800.0,KOSDAQ,1.09
228670,레이,4330.0,52411.0,52411.0,226939630.0,226939630.0,KOSDAQ,-0.35
265560,영화테크,6330.0,10251.0,10251.0,64888830.0,64888830.0,KOSDAQ,-0.47
004780,대륙제관,4250.0,13932.0,13932.0,59211000.0,59211000.0,KOSDAQ,1.19
228340,동양파일,3375.0,243837.0,243837.0,822949875.0,822949875.0,KOSDAQ,-1.32
262260,에이프로,4475.0,26736.0,26736.0,119643600.0,119643600.0,KOSDAQ,1.7
002800,신신제약,4440.0,6151.0,6151.0,27310440.0,27310440.0,KOSDAQ,0.0
040350,크레오에스지,3385.0,64555.0,64555.0,218518675.0,218518675.0,KOSDAQ,2.27
049550,잉크테크,3420.0,4447.0,4447.0,15208740.0,15208740.0,KOSDAQ,-0.87
096250,와이즈넛,5670.0,20907.0,20907.0,118542690.0,118542690.0,KOSDAQ,1.43
456070,이엔셀,6060.0,64469.0,64469.0,390682140.0,390682140.0,KOSDAQ,-0.66
039610,화성밸브,6400.0,158772.0,158772.0,1016140800.0,1016140800.0,KOSDAQ,-1.39
153710,옵티팜,4530.0,10186.0,10186.0,46142580.0,46142580.0,KOSDAQ,1.12
331740,아우토크립트,6770.0,55261.0,55261.0,374116970.0,374116970.0,KOSDAQ,4.15
137080,나래나노텍,6150.0,5143.0,5143.0,31629450.0,31629450.0,KOSDAQ,0.65
014970,삼륭물산,4440.0,28706.0,28706.0,127454640.0,127454640.0,KOSDAQ,1.83
204840,지엘팜텍,4240.0,23498.0,23498.0,99631520.0,99631520.0,KOSDAQ,-0.47
061040,알에프텍,7260.0,5286.0,5286.0,38376360.0,38376360.0,KOSDAQ,0.28
0155E0,해치텍,11960.0,180569.0,180569.0,2159605240.0,2159605240.0,KOSDAQ,-1.4
222110,팬젠,4850.0,1427.0,1427.0,6920950.0,6920950.0,KOSDAQ,2.21
241790,티이엠씨씨엔에스,6540.0,47661.0,47661.0,311702940.0,311702940.0,KOSDAQ,0.0
048770,TPC로보틱스,4160.0,241053.0,241053.0,1002780480.0,1002780480.0,KOSDAQ,2.59
214680,디알텍,3910.0,23523.0,23523.0,91974930.0,91974930.0,KOSDAQ,-0.13
056360,코위버,6630.0,257750.0,257750.0,1708882500.0,1708882500.0,KOSDAQ,6.59
126880,제이엔케이글로벌,2800.0,37218.0,37218.0,104210400.0,104210400.0,KOSDAQ,0.9
205470,휴마시스,2625.0,36451.0,36451.0,95683875.0,95683875.0,KOSDAQ,0.77
067920,이글루,5890.0,46891.0,46891.0,276187990.0,276187990.0,KOSDAQ,1.9
315640,딥노이드,2205.0,197694.0,197694.0,435915270.0,435915270.0,KOSDAQ,1.85
179530,애드바이오텍,2080.0,353968.0,353968.0,736253440.0,736253440.0,KOSDAQ,15.11
900110,딥커머스,5850.0,4183.0,4183.0,24470550.0,24470550.0,KOSDAQ,7.14
111710,남화산업,3140.0,8127.0,8127.0,25518780.0,25518780.0,KOSDAQ,-0.63
122350,삼기,1685.0,737833.0,737833.0,1243248605.0,1243248605.0,KOSDAQ,2.25
318160,셀바이오휴먼텍,6910.0,38645.0,38645.0,267036950.0,267036950.0,KOSDAQ,2.67
382480,지아이텍,1638.0,36485.0,36485.0,59762430.0,59762430.0,KOSDAQ,1.11
033130,디지틀조선,1733.0,14528.0,14528.0,25177024.0,25177024.0,KOSDAQ,0.93
424960,스마트레이더시스템,3900.0,22607.0,22607.0,88167300.0,88167300.0,KOSDAQ,2.9
100030,인지소프트,19570.0,2378.0,2378.0,46537460.0,46537460.0,KOSDAQ,-1.11
241690,유니테크노,2625.0,32837.0,32837.0,86197125.0,86197125.0,KOSDAQ,0.38
273640,와이엠텍,5840.0,74774.0,74774.0,436680160.0,436680160.0,KOSDAQ,8.35
049470,비트플래닛,2710.0,96333.0,96333.0,261062430.0,261062430.0,KOSDAQ,-0.18
089850,유비벨록스,4330.0,6547.0,6547.0,28348510.0,28348510.0,KOSDAQ,1.29
424980,마이크로투나노,10760.0,91060.0,91060.0,979805600.0,979805600.0,KOSDAQ,9.02
082210,옵트론텍,1810.0,52903.0,52903.0,95754430.0,95754430.0,KOSDAQ,2.96
214270,FSN,1397.0,49019.0,49019.0,68479543.0,68479543.0,KOSDAQ,-0.5
081150,티플랙스,2600.0,41271.0,41271.0,107304600.0,107304600.0,KOSDAQ,0.78
066670,디티씨,3370.0,58679.0,58679.0,197748230.0,197748230.0,KOSDAQ,1.66
187420,HLB제넥스,1921.0,141647.0,141647.0,272103887.0,272103887.0,KOSDAQ,-2.44
043650,국순당,3510.0,7966.0,7966.0,27960660.0,27960660.0,KOSDAQ,0.29
0156T0,에이치엘지노믹스,8050.0,58424.0,58424.0,470313200.0,470313200.0,KOSDAQ,0.0
127710,아시아경제,1422.0,68403.0,68403.0,97269066.0,97269066.0,KOSDAQ,0.78
291230,컴투스엔,2605.0,23301.0,23301.0,60699105.0,60699105.0,KOSDAQ,-0.19
064240,홈캐스트,1797.0,11426.0,11426.0,20532522.0,20532522.0,KOSDAQ,0.67
049480,오픈베이스,1984.0,102261.0,102261.0,202885824.0,202885824.0,KOSDAQ,1.48
036000,예림당,2700.0,23255.0,23255.0,62788500.0,62788500.0,KOSDAQ,-0.18
060310,3S,1171.0,278871.0,278871.0,326557941.0,326557941.0,KOSDAQ,5.4
008370,원풍,5170.0,45067.0,45067.0,232996390.0,232996390.0,KOSDAQ,1.57
463020,뉴엔AI,6900.0,50954.0,50954.0,351582600.0,351582600.0,KOSDAQ,-1.57
065170,비엘팜텍,2220.0,370326.0,370326.0,822123720.0,822123720.0,KOSDAQ,4.47
016250,SGC E&C,12280.0,2859.0,2859.0,35108520.0,35108520.0,KOSDAQ,1.82
221800,지구홀딩스,3790.0,35059.0,35059.0,132873610.0,132873610.0,KOSDAQ,2.43
014470,부방,1084.0,28983.0,28983.0,31417572.0,31417572.0,KOSDAQ,0.46
900300,오가닉티코스메틱,3000.0,1316898.0,1316898.0,3950694000.0,3950694000.0,KOSDAQ,15.38
005670,푸드웰,6170.0,3535.0,3535.0,21810950.0,21810950.0,KOSDAQ,0.0
036090,위지트,1448.0,341170.0,341170.0,494014160.0,494014160.0,KOSDAQ,3.28
448710,코츠테크놀로지,11630.0,20510.0,20510.0,238531300.0,238531300.0,KOSDAQ,2.74
039420,케이엘넷,2675.0,9662.0,9662.0,25845850.0,25845850.0,KOSDAQ,1.33
299170,더블유에스아이,1478.0,2954705.0,2954705.0,4367053990.0,4367053990.0,KOSDAQ,0.68
059270,해성에어로보틱스,5490.0,33785.0,33785.0,185479650.0,185479650.0,KOSDAQ,-0.54
010240,흥국,5230.0,3841.0,3841.0,20088430.0,20088430.0,KOSDAQ,0.77
041460,한국전자인증,3310.0,25182.0,25182.0,83352420.0,83352420.0,KOSDAQ,0.0
216050,인크로스,4990.0,16237.0,16237.0,81022630.0,81022630.0,KOSDAQ,0.91
460870,에스엠씨지,3030.0,46971.0,46971.0,142322130.0,142322130.0,KOSDAQ,0.33
033320,제이씨현시스템,3180.0,63219.0,63219.0,201036420.0,201036420.0,KOSDAQ,1.44
483350,딜리셔스,2740.0,316419.0,316419.0,866988060.0,866988060.0,KOSDAQ,-1.08
352910,오비고,4790.0,9159.0,9159.0,43871610.0,43871610.0,KOSDAQ,-0.83
054300,팬스타엔터프라이즈,1038.0,87218.0,87218.0,90532284.0,90532284.0,KOSDAQ,-0.67
010470,오리콤,5040.0,2557.0,2557.0,12887280.0,12887280.0,KOSDAQ,0.9
464490,쿼드메디슨,5230.0,112970.0,112970.0,590833100.0,590833100.0,KOSDAQ,4.18
003310,대주산업,1700.0,225242.0,225242.0,382911400.0,382911400.0,KOSDAQ,3.16
360350,코셈,11000.0,52230.0,52230.0,574530000.0,574530000.0,KOSDAQ,2.8
025550,한국선재,2340.0,120224.0,120224.0,281324160.0,281324160.0,KOSDAQ,1.08
251630,브이원텍,3740.0,8154.0,8154.0,30495960.0,30495960.0,KOSDAQ,0.13
039020,이건홀딩스,2640.0,85287.0,85287.0,225157680.0,225157680.0,KOSDAQ,0.96
081180,쎄크,6750.0,125247.0,125247.0,845417250.0,845417250.0,KOSDAQ,2.27
094850,참좋은여행,4255.0,10290.0,10290.0,43783950.0,43783950.0,KOSDAQ,0.12
192250,케이사인,8400.0,33974.0,33974.0,285381600.0,285381600.0,KOSDAQ,1.45
215360,우리산업,6440.0,13075.0,13075.0,84203000.0,84203000.0,KOSDAQ,3.54
033310,엠투엔,1470.0,29917.0,29917.0,43977990.0,43977990.0,KOSDAQ,0.07
175140,아고스,2355.0,7711.0,7711.0,18159405.0,18159405.0,KOSDAQ,2.39
191420,테고사이언스,7240.0,3476.0,3476.0,25166240.0,25166240.0,KOSDAQ,-0.14
263690,디알젬,5170.0,5721.0,5721.0,29577570.0,29577570.0,KOSDAQ,0.0
045340,토탈소프트,6820.0,9262.0,9262.0,63166840.0,63166840.0,KOSDAQ,0.29
348150,고바이오랩,3000.0,16316.0,16316.0,48948000.0,48948000.0,KOSDAQ,0.17
050960,수산아이앤티,8580.0,2095.0,2095.0,17975100.0,17975100.0,KOSDAQ,1.42
950200,소마젠,3010.0,76118.0,76118.0,229115180.0,229115180.0,KOSDAQ,-2.43
037440,희림,4150.0,82952.0,82952.0,344250800.0,344250800.0,KOSDAQ,-0.48
288180,케이피항공산업,7810.0,34941.0,34941.0,272889210.0,272889210.0,KOSDAQ,6.26
261520,이지스,5570.0,62963.0,62963.0,350703910.0,350703910.0,KOSDAQ,1.27
053620,태양,6640.0,10077.0,10077.0,66911280.0,66911280.0,KOSDAQ,-1.34
033230,인성정보,1126.0,114345.0,114345.0,128752470.0,128752470.0,KOSDAQ,0.63
053050,지에스이,1889.0,56322.0,56322.0,106392258.0,106392258.0,KOSDAQ,0.32
088280,쏘닉스,3270.0,101935.0,101935.0,333327450.0,333327450.0,KOSDAQ,4.14
046210,HLB파나진,1239.0,241521.0,241521.0,299244519.0,299244519.0,KOSDAQ,-0.88
321820,아티스트컴퍼니,3610.0,108848.0,108848.0,392941280.0,392941280.0,KOSDAQ,6.18
443250,레뷰코퍼레이션,5200.0,3478.0,3478.0,18085600.0,18085600.0,KOSDAQ,0.78
007370,진양제약,3970.0,3994.0,3994.0,15856180.0,15856180.0,KOSDAQ,0.13
317530,에피소드컴퍼니,3200.0,10817.0,10817.0,34614400.0,34614400.0,KOSDAQ,-1.39
145170,노브랜드,3300.0,356560.0,356560.0,1176648000.0,1176648000.0,KOSDAQ,-7.17
109080,옵티시스,9900.0,34858.0,34858.0,345094200.0,345094200.0,KOSDAQ,5.43
333620,엔시스,5050.0,13143.0,13143.0,66372150.0,66372150.0,KOSDAQ,1.0
290660,다이나믹솔루션,1291.0,237028.0,237028.0,306003148.0,306003148.0,KOSDAQ,0.08
365660,레몬헬스케어,4110.0,171689.0,171689.0,705641790.0,705641790.0,KOSDAQ,-0.24
419080,엔젯,5080.0,26213.0,26213.0,133162040.0,133162040.0,KOSDAQ,2.42
036670,삼양케이씨아이,5090.0,5346.0,5346.0,27211140.0,27211140.0,KOSDAQ,0.99
0013V0,삼진식품,5510.0,81995.0,81995.0,451792450.0,451792450.0,KOSDAQ,2.04
024910,경창산업,1524.0,40232.0,40232.0,61313568.0,61313568.0,KOSDAQ,3.53
040610,SG&G,3200.0,15935.0,15935.0,50992000.0,50992000.0,KOSDAQ,1.27
036120,서울평가정보,1545.0,118379.0,118379.0,182895555.0,182895555.0,KOSDAQ,-3.44
457600,벡트,3950.0,228473.0,228473.0,902468350.0,902468350.0,KOSDAQ,7.05
459100,위츠,4015.0,19146.0,19146.0,76871190.0,76871190.0,KOSDAQ,1.13
238090,앤디포스,1772.0,14194.0,14194.0,25151768.0,25151768.0,KOSDAQ,-0.89
061250,화일약품,6410.0,11903.0,11903.0,76298230.0,76298230.0,KOSDAQ,-0.31
391710,코닉오토메이션,1264.0,130126.0,130126.0,164479264.0,164479264.0,KOSDAQ,-0.16
435570,에르코스,7070.0,4723.0,4723.0,33391610.0,33391610.0,KOSDAQ,0.43
043710,코스리거글로벌,3105.0,1272.0,1272.0,3949560.0,3949560.0,KOSDAQ,3.85
170790,파이오링크,8400.0,8870.0,8870.0,74508000.0,74508000.0,KOSDAQ,1.2
393210,토마토시스템,3430.0,406994.0,406994.0,1395989420.0,1395989420.0,KOSDAQ,0.0
317830,에스피시스템스,4970.0,47793.0,47793.0,237531210.0,237531210.0,KOSDAQ,4.08
053270,구영테크,1953.0,21038.0,21038.0,41087214.0,41087214.0,KOSDAQ,0.15
064800,포니링크,2090.0,18779.0,18779.0,39248110.0,39248110.0,KOSDAQ,0.48
105760,포스뱅크,5240.0,37402.0,37402.0,195986480.0,195986480.0,KOSDAQ,3.76
054930,유신,17760.0,3479.0,3479.0,61787040.0,61787040.0,KOSDAQ,1.78
071670,에이테크솔루션,5320.0,21811.0,21811.0,116034520.0,116034520.0,KOSDAQ,1.72
092300,현우산업,2635.0,82799.0,82799.0,218175365.0,218175365.0,KOSDAQ,1.74
033170,시그네틱스,3095.0,297133.0,297133.0,919626635.0,919626635.0,KOSDAQ,-2.06
420570,제이투케이바이오,9070.0,32815.0,32815.0,297632050.0,297632050.0,KOSDAQ,-4.02
370090,퓨런티어,6190.0,15038.0,15038.0,93085220.0,93085220.0,KOSDAQ,0.32
104620,노랑풍선,3145.0,53808.0,53808.0,169226160.0,169226160.0,KOSDAQ,1.13
039240,경남스틸,1945.0,42337.0,42337.0,82345465.0,82345465.0,KOSDAQ,1.62
024950,삼천리자전거,4230.0,1722.0,1722.0,7284060.0,7284060.0,KOSDAQ,0.83
246690,TS인베스트먼트,2205.0,53673.0,53673.0,118348965.0,118348965.0,KOSDAQ,-1.12
044340,위닉스,2930.0,103204.0,103204.0,302387720.0,302387720.0,KOSDAQ,5.97
094940,푸른로보틱스,6260.0,34652.0,34652.0,216921520.0,216921520.0,KOSDAQ,1.79
459550,알트,2075.0,436376.0,436376.0,905480200.0,905480200.0,KOSDAQ,-0.95
163280,에어레인,3845.0,27135.0,27135.0,104334075.0,104334075.0,KOSDAQ,-0.39
317850,대모,6230.0,56808.0,56808.0,353913840.0,353913840.0,KOSDAQ,-0.95
053160,프리엠스,8640.0,6108.0,6108.0,52773120.0,52773120.0,KOSDAQ,-1.03
027050,코리아나,1294.0,49736.0,49736.0,64358384.0,64358384.0,KOSDAQ,1.49
355690,에이텀,5400.0,84941.0,84941.0,458681400.0,458681400.0,KOSDAQ,1.69
052790,액토즈소프트,4720.0,33518.0,33518.0,158204960.0,158204960.0,KOSDAQ,-1.26
217500,러셀,1620.0,143200.0,143200.0,231984000.0,231984000.0,KOSDAQ,2.14
256630,포인트엔지니어링,4435.0,3070.0,3070.0,13615450.0,13615450.0,KOSDAQ,0.8
376290,씨유테크,2895.0,2437.0,2437.0,7055115.0,7055115.0,KOSDAQ,6.24
019990,에너토크,5230.0,36805.0,36805.0,192490150.0,192490150.0,KOSDAQ,0.97
015710,코콤,2910.0,10282.0,10282.0,29920620.0,29920620.0,KOSDAQ,0.17
314140,알피바이오,5870.0,19350.0,19350.0,113584500.0,113584500.0,KOSDAQ,-1.18
321260,프로이천,1790.0,222715.0,222715.0,398659850.0,398659850.0,KOSDAQ,3.05
088910,동우팜투테이블,1961.0,71882.0,71882.0,140960602.0,140960602.0,KOSDAQ,-0.41
278650,HLB바이오스텝,2885.0,172734.0,172734.0,498337590.0,498337590.0,KOSDAQ,-5.56
179900,유티아이,2315.0,188081.0,188081.0,435407515.0,435407515.0,KOSDAQ,5.47
347740,피엔케이피부임상연구센타,1663.0,14325.0,14325.0,23822475.0,23822475.0,KOSDAQ,1.59
046940,우원개발,2760.0,25116.0,25116.0,69320160.0,69320160.0,KOSDAQ,0.18
189860,서전기전,5130.0,133368.0,133368.0,684177840.0,684177840.0,KOSDAQ,1.38
042110,에스씨디,1029.0,322305.0,322305.0,331651845.0,331651845.0,KOSDAQ,5.0
063440,SM Life Design,1095.0,37061.0,37061.0,40581795.0,40581795.0,KOSDAQ,0.74
232830,아이티센피엔에스,2995.0,177652.0,177652.0,532067740.0,532067740.0,KOSDAQ,3.63
038010,제일테크노스,5500.0,25403.0,25403.0,139716500.0,139716500.0,KOSDAQ,3.97
408470,한패스,4680.0,36246.0,36246.0,169631280.0,169631280.0,KOSDAQ,-1.27
348080,큐라티스,3845.0,40951.0,40951.0,157456595.0,157456595.0,KOSDAQ,1.18
219550,디와이디,1191.0,8928.0,8928.0,10633248.0,10633248.0,KOSDAQ,-0.58
311690,CJ 바이오사이언스,3770.0,6703.0,6703.0,25270310.0,25270310.0,KOSDAQ,1.07
053450,세코닉스,3310.0,31636.0,31636.0,104715160.0,104715160.0,KOSDAQ,-0.15
382150,온코크로스,3750.0,26045.0,26045.0,97668750.0,97668750.0,KOSDAQ,0.0
226340,본느,5830.0,468622.0,468622.0,2732066260.0,2732066260.0,KOSDAQ,-1.35
037950,엘컴텍,2890.0,16083.0,16083.0,46479870.0,46479870.0,KOSDAQ,5.09
199550,레이저옵텍,3275.0,6308.0,6308.0,20658700.0,20658700.0,KOSDAQ,0.0
060560,HC홈센타,1915.0,10002.0,10002.0,19153830.0,19153830.0,KOSDAQ,-0.93
122310,제노레이,3340.0,3171.0,3171.0,10591140.0,10591140.0,KOSDAQ,0.91
463480,모티브링크,3915.0,5589.0,5589.0,21880935.0,21880935.0,KOSDAQ,0.51
452400,이닉스,5340.0,4634.0,4634.0,24745560.0,24745560.0,KOSDAQ,1.52
065130,탑엔지니어링,3010.0,67221.0,67221.0,202335210.0,202335210.0,KOSDAQ,1.86
340810,시선AI,3450.0,160652.0,160652.0,554249400.0,554249400.0,KOSDAQ,-2.4
094970,제이엠티,2870.0,120576.0,120576.0,346053120.0,346053120.0,KOSDAQ,1.95
059100,아이컴포넌트,6740.0,12083.0,12083.0,81439420.0,81439420.0,KOSDAQ,0.15
032960,동일기연,2695.0,60586.0,60586.0,163279270.0,163279270.0,KOSDAQ,-4.09
222420,쎄노텍,979.0,129900.0,129900.0,127172100.0,127172100.0,KOSDAQ,-1.01
440290,HB인베스트먼트,1723.0,5572.0,5572.0,9600556.0,9600556.0,KOSDAQ,0.35
340360,다보링크,883.0,122935.0,122935.0,108551605.0,108551605.0,KOSDAQ,-3.92
373200,엑스플러스,1884.0,116654.0,116654.0,219776136.0,219776136.0,KOSDAQ,10.82
014190,원익큐브,1332.0,51860.0,51860.0,69077520.0,69077520.0,KOSDAQ,-0.6
384470,코어라인소프트,2625.0,37433.0,37433.0,98261625.0,98261625.0,KOSDAQ,0.0
277070,린드먼아시아,3435.0,2120.0,2120.0,7282200.0,7282200.0,KOSDAQ,-1.01
317690,퀀타매트릭스,2330.0,36776.0,36776.0,85688080.0,85688080.0,KOSDAQ,1.08
150900,파수AI,4005.0,61137.0,61137.0,244853685.0,244853685.0,KOSDAQ,2.69
476040,오가노이드사이언스,7100.0,19084.0,19084.0,135496400.0,135496400.0,KOSDAQ,-1.66
073110,엘엠에스,5240.0,976.0,976.0,5114240.0,5114240.0,KOSDAQ,0.77
189980,흥국에프엔비,1161.0,17371.0,17371.0,20167731.0,20167731.0,KOSDAQ,-0.26
471820,셀로맥스사이언스,4120.0,22482.0,22482.0,92625840.0,92625840.0,KOSDAQ,2.49
143540,영우디에스피,1043.0,90407.0,90407.0,94294501.0,94294501.0,KOSDAQ,2.56
053980,오상자이엘,2445.0,18164.0,18164.0,44410980.0,44410980.0,KOSDAQ,1.88
317870,엔바이오니아,5230.0,56644.0,56644.0,296248120.0,296248120.0,KOSDAQ,5.98
453860,에이에스텍,7150.0,49143.0,49143.0,351372450.0,351372450.0,KOSDAQ,-6.78
178780,일월지엠엘,2470.0,51604.0,51604.0,127461880.0,127461880.0,KOSDAQ,3.78
083550,케이엠,3395.0,7286.0,7286.0,24735970.0,24735970.0,KOSDAQ,1.34
227950,엔투텍,1332.0,416662.0,416662.0,554993784.0,554993784.0,KOSDAQ,4.96
460470,아이빔테크놀로지,3040.0,30136.0,30136.0,91613440.0,91613440.0,KOSDAQ,5.74
361570,알비더블유,1592.0,5696.0,5696.0,9068032.0,9068032.0,KOSDAQ,-0.25
072990,에이치시티,3150.0,20534.0,20534.0,64682100.0,64682100.0,KOSDAQ,1.12
0010V0,제이피아이헬스케어,8930.0,2405.0,2405.0,21476650.0,21476650.0,KOSDAQ,0.68
068330,일신바이오,1029.0,56816.0,56816.0,58463664.0,58463664.0,KOSDAQ,-1.44
114450,그린생명과학,2270.0,52376.0,52376.0,118893520.0,118893520.0,KOSDAQ,-0.44
260930,씨티케이,2345.0,35137.0,35137.0,82396265.0,82396265.0,KOSDAQ,1.96
900340,윙입푸드,1272.0,64313.0,64313.0,81806136.0,81806136.0,KOSDAQ,2.66
479960,위너스일렉,6350.0,11035.0,11035.0,70072250.0,70072250.0,KOSDAQ,-0.63
198080,캐프,2100.0,20906.0,20906.0,43902600.0,43902600.0,KOSDAQ,0.48
051390,YW,3975.0,4368.0,4368.0,17362800.0,17362800.0,KOSDAQ,1.53
466410,사이냅소프트,8860.0,1667.0,1667.0,14769620.0,14769620.0,KOSDAQ,0.11
900250,크리스탈신소재,1244.0,84834.0,84834.0,105533496.0,105533496.0,KOSDAQ,1.55
258610,케일럼,1220.0,8349.0,8349.0,10185780.0,10185780.0,KOSDAQ,2.09
082850,우리바이오,4590.0,24995.0,24995.0,114727050.0,114727050.0,KOSDAQ,3.49
072470,우리산업홀딩스,2355.0,3604.0,3604.0,8487420.0,8487420.0,KOSDAQ,-0.84
066130,하츠,3455.0,4129.0,4129.0,14265695.0,14265695.0,KOSDAQ,-0.43
042040,케이피엠테크,5100.0,2059.0,2059.0,10500900.0,10500900.0,KOSDAQ,2.0
050120,ES큐브,3260.0,770.0,770.0,2510200.0,2510200.0,KOSDAQ,-0.61
065440,이루온,1619.0,7495262.0,7495262.0,12134829178.0,12134829178.0,KOSDAQ,14.82
373160,데이원컴퍼니,3235.0,5418.0,5418.0,17527230.0,17527230.0,KOSDAQ,-1.82
290670,대보마그네틱,5590.0,24715.0,24715.0,138156850.0,138156850.0,KOSDAQ,5.47
263020,디케이앤디,3165.0,41754.0,41754.0,132151410.0,132151410.0,KOSDAQ,0.32
054780,키이스트,2225.0,1069278.0,1069278.0,2379143550.0,2379143550.0,KOSDAQ,12.37
129890,앱코,960.0,207997.0,207997.0,199677120.0,199677120.0,KOSDAQ,3.0
263700,케어랩스,2240.0,22108.0,22108.0,49521920.0,49521920.0,KOSDAQ,-3.86
196300,HLB펩,4580.0,12864.0,12864.0,58917120.0,58917120.0,KOSDAQ,-0.11
099410,동방선기,3080.0,31705.0,31705.0,97651400.0,97651400.0,KOSDAQ,-0.16
086060,진바이오텍,5000.0,21541.0,21541.0,107705000.0,107705000.0,KOSDAQ,1.21
413640,비아이매트릭스,5960.0,15305.0,15305.0,91217800.0,91217800.0,KOSDAQ,-1.49
022220,티케이지애강,820.0,4452.0,4452.0,3650640.0,3650640.0,KOSDAQ,-2.38
159580,제로투세븐,2120.0,15775.0,15775.0,33443000.0,33443000.0,KOSDAQ,1.19
140520,대창스틸,2000.0,10384.0,10384.0,20768000.0,20768000.0,KOSDAQ,0.0
307280,원바이오젠,5950.0,5493.0,5493.0,32683350.0,32683350.0,KOSDAQ,-0.83
256150,한독크린텍,5020.0,1499.0,1499.0,7524980.0,7524980.0,KOSDAQ,-0.2
261200,덴티스,2660.0,13843.0,13843.0,36822380.0,36822380.0,KOSDAQ,1.92
002290,삼일기업공사,3385.0,7432.0,7432.0,25157320.0,25157320.0,KOSDAQ,1.5
461030,아이엠비디엑스,2925.0,19762.0,19762.0,57803850.0,57803850.0,KOSDAQ,-2.01
189690,포시에스,1523.0,36671.0,36671.0,55849933.0,55849933.0,KOSDAQ,2.7
190650,코리아에셋투자증권,6500.0,1318.0,1318.0,8567000.0,8567000.0,KOSDAQ,0.15
100660,서암기계공업,3295.0,24290.0,24290.0,80035550.0,80035550.0,KOSDAQ,1.23
049830,승일,6750.0,71.0,71.0,479250.0,479250.0,KOSDAQ,5.14
136410,아셈스,3750.0,12950.0,12950.0,48562500.0,48562500.0,KOSDAQ,1.35
452200,민테크,1697.0,68751.0,68751.0,116670447.0,116670447.0,KOSDAQ,2.23
056700,신화인터텍,1414.0,22351.0,22351.0,31604314.0,31604314.0,KOSDAQ,0.07
199480,뱅크웨어글로벌,4040.0,5948.0,5948.0,24029920.0,24029920.0,KOSDAQ,1.0
450330,하스,5030.0,5249.0,5249.0,26402470.0,26402470.0,KOSDAQ,4.9
263810,상신전자,2580.0,25685.0,25685.0,66267300.0,66267300.0,KOSDAQ,-0.19
263770,유에스티,1722.0,18504.0,18504.0,31863888.0,31863888.0,KOSDAQ,1.83
286750,나노실리칸첨단소재,2540.0,24715.0,24715.0,62776100.0,62776100.0,KOSDAQ,0.4
037230,한국팩키지,1359.0,10594.0,10594.0,14397246.0,14397246.0,KOSDAQ,2.72
224110,에이텍모빌리티,7940.0,6892.0,6892.0,54722480.0,54722480.0,KOSDAQ,-0.75
203450,유니온바이오메트릭스,2860.0,39052.0,39052.0,111688720.0,111688720.0,KOSDAQ,0.7
066900,디에이피,1770.0,17509.0,17509.0,30990930.0,30990930.0,KOSDAQ,2.55
007680,대원,3040.0,5865.0,5865.0,17829600.0,17829600.0,KOSDAQ,0.5
465480,인스피언,3960.0,10384.0,10384.0,41120640.0,41120640.0,KOSDAQ,-0.25
221980,케이디켐,9900.0,70.0,70.0,693000.0,693000.0,KOSDAQ,3.77
184230,SGA솔루션즈,2115.0,44844.0,44844.0,94845060.0,94845060.0,KOSDAQ,3.68
218150,미래생명자원,1935.0,64882.0,64882.0,125546670.0,125546670.0,KOSDAQ,1.15
035460,기산텔레콤,2645.0,273435.0,273435.0,723235575.0,723235575.0,KOSDAQ,7.09
234100,폴라리스세원,2700.0,8282.0,8282.0,22361400.0,22361400.0,KOSDAQ,6.3
084650,랩지노믹스,2655.0,57821.0,57821.0,153514755.0,153514755.0,KOSDAQ,-4.15
215380,콜마바이오텍,2340.0,37648.0,37648.0,88096320.0,88096320.0,KOSDAQ,2.41
044960,이글벳,3115.0,14178.0,14178.0,44164470.0,44164470.0,KOSDAQ,0.81
053950,경남제약,2005.0,45334.0,45334.0,90894670.0,90894670.0,KOSDAQ,-0.25
050860,아세아텍,1748.0,11288.0,11288.0,19731424.0,19731424.0,KOSDAQ,2.64
469750,아이비젼웍스,5690.0,904623.0,904623.0,5147304870.0,5147304870.0,KOSDAQ,14.83
238120,얼라인드,2725.0,17304.0,17304.0,47153400.0,47153400.0,KOSDAQ,-0.73
025880,케이씨피드,2315.0,13624.0,13624.0,31539560.0,31539560.0,KOSDAQ,-0.64
046310,백금T&A,2350.0,27036.0,27036.0,63534600.0,63534600.0,KOSDAQ,0.86
352700,씨앤투스,1464.0,6338.0,6338.0,9278832.0,9278832.0,KOSDAQ,0.55
221840,하이즈항공,2055.0,7490.0,7490.0,15391950.0,15391950.0,KOSDAQ,0.24
446840,지슨,3485.0,15992.0,15992.0,55732120.0,55732120.0,KOSDAQ,1.31
019770,서연탑메탈,3290.0,7329.0,7329.0,24112410.0,24112410.0,KOSDAQ,0.61
121890,에스디시스템,2880.0,125494.0,125494.0,361422720.0,361422720.0,KOSDAQ,5.88
007530,와이엠,1716.0,19262.0,19262.0,33053592.0,33053592.0,KOSDAQ,0.82
052220,iMBC,1659.0,35417.0,35417.0,58756803.0,58756803.0,KOSDAQ,-0.06
081580,성우전자,2450.0,134503.0,134503.0,329532350.0,329532350.0,KOSDAQ,0.0
171010,램테크놀러지,2645.0,21356.0,21356.0,56486620.0,56486620.0,KOSDAQ,1.54
045510,정원엔시스,1201.0,29914.0,29914.0,35926714.0,35926714.0,KOSDAQ,-0.58
273060,와이즈버즈,3845.0,2200.0,2200.0,8459000.0,8459000.0,KOSDAQ,1.05
101240,씨큐브,3315.0,2580.0,2580.0,8552700.0,8552700.0,KOSDAQ,-1.78
219420,링크제니시스,3275.0,8695.0,8695.0,28476125.0,28476125.0,KOSDAQ,0.92
122690,서진오토모티브,1625.0,10708.0,10708.0,17400500.0,17400500.0,KOSDAQ,1.25
097870,효성오앤비,4410.0,4719.0,4719.0,20810790.0,20810790.0,KOSDAQ,0.0
038070,서린바이오,4020.0,19443.0,19443.0,78160860.0,78160860.0,KOSDAQ,3.21
250000,보라티알,5520.0,1020.0,1020.0,5630400.0,5630400.0,KOSDAQ,0.55
037370,EG,4305.0,9209.0,9209.0,39644745.0,39644745.0,KOSDAQ,1.77
027830,대성창투,686.0,331235.0,331235.0,227227210.0,227227210.0,KOSDAQ,3.0
042940,상지건설,5420.0,15239.0,15239.0,82595380.0,82595380.0,KOSDAQ,1.88
208710,포톤,2805.0,59129.0,59129.0,165856845.0,165856845.0,KOSDAQ,1.26
258790,소프트캠프,7380.0,12600.0,12600.0,92988000.0,92988000.0,KOSDAQ,1.1
123570,이엠넷,1648.0,10123.0,10123.0,16682704.0,16682704.0,KOSDAQ,1.48
026040,제이에스티나,2220.0,36860.0,36860.0,81829200.0,81829200.0,KOSDAQ,-0.45
043910,자연과환경,3220.0,11621.0,11621.0,37419620.0,37419620.0,KOSDAQ,1.26
204020,그리티,1876.0,3673.0,3673.0,6890548.0,6890548.0,KOSDAQ,5.33
039290,인포뱅크,4195.0,1340.0,1340.0,5621300.0,5621300.0,KOSDAQ,0.48
434480,모니터랩,2960.0,102942.0,102942.0,304708320.0,304708320.0,KOSDAQ,5.71
051490,나라엠앤디,2560.0,26719.0,26719.0,68400640.0,68400640.0,KOSDAQ,3.02
073570,리튬포어스,3020.0,618437.0,618437.0,1867679740.0,1867679740.0,KOSDAQ,18.2
239890,피엔에이치테크,3650.0,17365.0,17365.0,63382250.0,63382250.0,KOSDAQ,1.67
086040,바이오톡스텍,2270.0,3972.0,3972.0,9016440.0,9016440.0,KOSDAQ,0.22
452300,캡스톤파트너스,2555.0,44745.0,44745.0,114323475.0,114323475.0,KOSDAQ,1.59
177900,쓰리에이로직스,3760.0,15945.0,15945.0,59953200.0,59953200.0,KOSDAQ,-0.27
046390,삼화네트웍스,2095.0,27305.0,27305.0,57203975.0,57203975.0,KOSDAQ,2.2
387570,파인메딕스,6430.0,3438.0,3438.0,22106340.0,22106340.0,KOSDAQ,2.06
065500,오리엔트정공,1008.0,97237.0,97237.0,98014896.0,98014896.0,KOSDAQ,0.5
014570,고려제약,3275.0,1280.0,1280.0,4192000.0,4192000.0,KOSDAQ,0.92
106240,파인테크닉스,1353.0,18960.0,18960.0,25652880.0,25652880.0,KOSDAQ,0.59
186230,그린플러스,3290.0,31612.0,31612.0,104003480.0,104003480.0,KOSDAQ,3.46
060850,영림원소프트랩,4415.0,3068.0,3068.0,13545220.0,13545220.0,KOSDAQ,1.03
318410,비비씨,6450.0,6322.0,6322.0,40776900.0,40776900.0,KOSDAQ,0.47
049120,파인디앤씨,2820.0,6412.0,6412.0,18081840.0,18081840.0,KOSDAQ,-1.23
066360,체리부로,1492.0,30880.0,30880.0,46072960.0,46072960.0,KOSDAQ,0.81
196450,코아시아씨엠,3940.0,2928.0,2928.0,11536320.0,11536320.0,KOSDAQ,1.81
104200,NHN벅스,2380.0,56324.0,56324.0,134051120.0,134051120.0,KOSDAQ,1.06
045060,오공,2080.0,40080.0,40080.0,83366400.0,83366400.0,KOSDAQ,-0.24
024120,KB오토시스,3060.0,11230.0,11230.0,34363800.0,34363800.0,KOSDAQ,0.33
260660,알리코제약,2290.0,17215.0,17215.0,39422350.0,39422350.0,KOSDAQ,0.0
363250,진시스템,4125.0,5276.0,5276.0,21763500.0,21763500.0,KOSDAQ,-1.55
332290,누보,4420.0,9035.0,9035.0,39934700.0,39934700.0,KOSDAQ,0.11
153460,네이블,5350.0,5244.0,5244.0,28055400.0,28055400.0,KOSDAQ,1.13
430690,한싹,3200.0,207123.0,207123.0,662793600.0,662793600.0,KOSDAQ,9.59
060540,에스에이티,1332.0,11964.0,11964.0,15936048.0,15936048.0,KOSDAQ,-0.37
417860,오브젠,7350.0,23071.0,23071.0,169571850.0,169571850.0,KOSDAQ,0.96
057030,YBM넷,2120.0,4446.0,4446.0,9425520.0,9425520.0,KOSDAQ,0.95
290090,트윔,4640.0,1957.0,1957.0,9080480.0,9080480.0,KOSDAQ,1.98
431190,케이쓰리아이,4580.0,49308.0,49308.0,225830640.0,225830640.0,KOSDAQ,0.0
406820,뷰티스킨,2420.0,356786.0,356786.0,863422120.0,863422120.0,KOSDAQ,-3.01
290120,DH오토리드,2160.0,17676.0,17676.0,38180160.0,38180160.0,KOSDAQ,-0.23
075130,플랜티넷,2120.0,8046.0,8046.0,17057520.0,17057520.0,KOSDAQ,0.47
207760,미스터블루,2055.0,7155.0,7155.0,14703525.0,14703525.0,KOSDAQ,-0.72
169330,엠브레인,1864.0,81474.0,81474.0,151867536.0,151867536.0,KOSDAQ,7.13
397810,애드포러스,6600.0,136.0,136.0,897600.0,897600.0,KOSDAQ,2.01
432430,와이랩,2060.0,30422.0,30422.0,62669320.0,62669320.0,KOSDAQ,1.48
0010F0,보원케미칼,3040.0,1250273.0,1250273.0,3800829920.0,3800829920.0,KOSDAQ,-4.25
099220,SDN,5360.0,11011.0,11011.0,59018960.0,59018960.0,KOSDAQ,0.0
476080,M83,4160.0,9719.0,9719.0,40431040.0,40431040.0,KOSDAQ,1.96
033830,티비씨,1772.0,26430.0,26430.0,46833960.0,46833960.0,KOSDAQ,4.24
127980,화인써키트,2825.0,11749.0,11749.0,33190925.0,33190925.0,KOSDAQ,5.41
006920,모헨즈,3055.0,13563.0,13563.0,41434965.0,41434965.0,KOSDAQ,2.35
064520,테크엘,1491.0,6365.0,6365.0,9490215.0,9490215.0,KOSDAQ,-0.13
052600,한네트,2880.0,6827.0,6827.0,19661760.0,19661760.0,KOSDAQ,0.0
200350,아티스트스튜디오,3330.0,178591.0,178591.0,594708030.0,594708030.0,KOSDAQ,14.04
408900,스튜디오미르,1013.0,47264.0,47264.0,47878432.0,47878432.0,KOSDAQ,1.5
131090,시큐브,4330.0,16092.0,16092.0,69678360.0,69678360.0,KOSDAQ,0.35
089140,넥스턴앤롤코리아,2165.0,43561.0,43561.0,94309565.0,94309565.0,KOSDAQ,2.61
270870,뉴트리,3660.0,4062.0,4062.0,14866920.0,14866920.0,KOSDAQ,2.52
215090,솔디펜스,1421.0,28722.0,28722.0,40813962.0,40813962.0,KOSDAQ,-0.28
159910,에코글로우,3135.0,14992.0,14992.0,46999920.0,46999920.0,KOSDAQ,-0.16
310870,디와이씨,1496.0,73710.0,73710.0,110270160.0,110270160.0,KOSDAQ,-1.51
335810,프리시젼바이오,1492.0,10633.0,10633.0,15864436.0,15864436.0,KOSDAQ,-0.07
270520,앱튼,818.0,1040730.0,1040730.0,851317140.0,851317140.0,KOSDAQ,-1.68
271830,팸텍,1110.0,154130.0,154130.0,171084300.0,171084300.0,KOSDAQ,1.28
080520,오디텍,2890.0,7872.0,7872.0,22750080.0,22750080.0,KOSDAQ,0.7
376980,원티드랩,3350.0,10011.0,10011.0,33536850.0,33536850.0,KOSDAQ,1.67
208860,다산디엠씨,9620.0,624.0,624.0,6002880.0,6002880.0,KOSDAQ,-1.23
038620,위즈코프,2155.0,18142.0,18142.0,39096010.0,39096010.0,KOSDAQ,2.38
900270,헝셩그룹,2615.0,164169.0,164169.0,429301935.0,429301935.0,KOSDAQ,1.16
069920,엑시온그룹,1349.0,1306705.0,1306705.0,1762745045.0,1762745045.0,KOSDAQ,29.96
200780,비씨월드제약,3050.0,5348.0,5348.0,16311400.0,16311400.0,KOSDAQ,1.67
419120,산돌,2280.0,24415.0,24415.0,55666200.0,55666200.0,KOSDAQ,2.24
012620,원일특강,7350.0,795.0,795.0,5843250.0,5843250.0,KOSDAQ,2.8
021650,한국큐빅,1975.0,2785.0,2785.0,5500375.0,5500375.0,KOSDAQ,2.01
318020,포인트모바일,2615.0,5461.0,5461.0,14280515.0,14280515.0,KOSDAQ,0.58
032790,엠젠솔루션,1249.0,93341.0,93341.0,116582909.0,116582909.0,KOSDAQ,-0.16
220180,폴라리스AI핸디,1340.0,5344.0,5344.0,7160960.0,7160960.0,KOSDAQ,-0.67
133750,메가엠디,1366.0,7980.0,7980.0,10900680.0,10900680.0,KOSDAQ,0.15
356890,싸이버원,2670.0,39402.0,39402.0,105203340.0,105203340.0,KOSDAQ,7.23
065950,웰크론,1130.0,20111.0,20111.0,22725430.0,22725430.0,KOSDAQ,0.09
068050,팬엔터테인먼트,1151.0,14615.0,14615.0,16821865.0,16821865.0,KOSDAQ,-0.95
087600,픽셀플러스,3890.0,9875.0,9875.0,38413750.0,38413750.0,KOSDAQ,-0.13
263920,휴엠앤씨,3230.0,1523.0,1523.0,4919290.0,4919290.0,KOSDAQ,1.1
031510,오스템,1131.0,48426.0,48426.0,54769806.0,54769806.0,KOSDAQ,-0.09
311390,네오크레마,2500.0,8116.0,8116.0,20290000.0,20290000.0,KOSDAQ,-0.6
364950,에이아이코리아,3810.0,23985.0,23985.0,91382850.0,91382850.0,KOSDAQ,2.97
101670,하이드로리튬,556.0,5648849.0,5648849.0,3140760044.0,3140760044.0,KOSDAQ,16.81
148930,에이치와이티씨,3100.0,2659.0,2659.0,8242900.0,8242900.0,KOSDAQ,0.32
296640,이노에이엑스,6090.0,14121.0,14121.0,85996890.0,85996890.0,KOSDAQ,1.33
025440,DH오토웨어,3230.0,3954.0,3954.0,12771420.0,12771420.0,KOSDAQ,0.0
091340,S&K폴리텍,2690.0,21645.0,21645.0,58225050.0,58225050.0,KOSDAQ,1.7
016600,큐캐피탈,2250.0,49696.0,49696.0,111816000.0,111816000.0,KOSDAQ,-1.32
462510,라메디텍,3560.0,81715.0,81715.0,290905400.0,290905400.0,KOSDAQ,-3.26
090410,덕신이피씨,3400.0,13264.0,13264.0,45097600.0,45097600.0,KOSDAQ,0.89
153490,우리이앤엘하루틴,3035.0,5577.0,5577.0,16926195.0,16926195.0,KOSDAQ,0.5
109820,진매트릭스,1528.0,11300.0,11300.0,17266400.0,17266400.0,KOSDAQ,-0.07
099390,브레인즈컴퍼니,3785.0,5139.0,5139.0,19451115.0,19451115.0,KOSDAQ,3.7
073540,에프알텍,2725.0,69877.0,69877.0,190414825.0,190414825.0,KOSDAQ,7.28
097780,에코볼트,1520.0,1214.0,1214.0,1845280.0,1845280.0,KOSDAQ,2.84
377030,비트맥스,2155.0,73914.0,73914.0,159284670.0,159284670.0,KOSDAQ,3.11
045300,성우테크론,2920.0,43354.0,43354.0,126593680.0,126593680.0,KOSDAQ,5.23
064480,브리지텍,2575.0,23516.0,23516.0,60553700.0,60553700.0,KOSDAQ,0.98
075970,동국알앤에스,1671.0,17531.0,17531.0,29294301.0,29294301.0,KOSDAQ,1.89
462310,뉴키즈온,3890.0,4477.0,4477.0,17415530.0,17415530.0,KOSDAQ,2.37
226330,신테카바이오,1266.0,53186.0,53186.0,67333476.0,67333476.0,KOSDAQ,-3.06
173940,에프엔씨엔터,1994.0,9664.0,9664.0,19270016.0,19270016.0,KOSDAQ,-0.05
237820,플레이디,2390.0,22456.0,22456.0,53669840.0,53669840.0,KOSDAQ,3.46
369370,블리츠웨이엔터테인먼트,3070.0,3706.0,3706.0,11377420.0,11377420.0,KOSDAQ,2.33
462980,아이지넷,1674.0,9394.0,9394.0,15725556.0,15725556.0,KOSDAQ,2.07
187270,신화콘텍,3005.0,4057.0,4057.0,12191285.0,12191285.0,KOSDAQ,2.56
444530,심플랫폼,4730.0,2740.0,2740.0,12960200.0,12960200.0,KOSDAQ,-0.94
070590,인티큐브,2190.0,12467.0,12467.0,27302730.0,27302730.0,KOSDAQ,1.86
336060,웨이버스,3150.0,8862.0,8862.0,27915300.0,27915300.0,KOSDAQ,0.16
093380,풍강,3070.0,16276.0,16276.0,49967320.0,49967320.0,KOSDAQ,0.82
464580,닷밀,1638.0,5931.0,5931.0,9714978.0,9714978.0,KOSDAQ,1.42
071850,캐스텍코리아,1242.0,29777.0,29777.0,36983034.0,36983034.0,KOSDAQ,2.22
367000,플래티어,3580.0,14723.0,14723.0,52708340.0,52708340.0,KOSDAQ,6.87
037330,인지디스플레,684.0,49877.0,49877.0,34115868.0,34115868.0,KOSDAQ,-1.44
300120,라온피플,3030.0,26097.0,26097.0,79073910.0,79073910.0,KOSDAQ,-0.16
031310,아이즈비전,1008.0,166460.0,166460.0,167791680.0,167791680.0,KOSDAQ,4.24
020180,대신정보통신,3895.0,15949.0,15949.0,62121355.0,62121355.0,KOSDAQ,0.52
197140,디지캡,2300.0,13663.0,13663.0,31424900.0,31424900.0,KOSDAQ,-1.71
452160,제이엔비,3110.0,9009.0,9009.0,28017990.0,28017990.0,KOSDAQ,0.32
038950,파인디지털,2925.0,1298.0,1298.0,3796650.0,3796650.0,KOSDAQ,1.21
464280,티디에스팜,5400.0,7180.0,7180.0,38772000.0,38772000.0,KOSDAQ,0.56
038870,에코심플렉스,2125.0,10571.0,10571.0,22463375.0,22463375.0,KOSDAQ,0.71
079190,케스피온,1462.0,415702.0,415702.0,607756324.0,607756324.0,KOSDAQ,15.66
900070,글로벌에스엠,1095.0,278034.0,278034.0,304447230.0,304447230.0,KOSDAQ,-0.73
388610,지에프씨생명과학,5480.0,11691.0,11691.0,64066680.0,64066680.0,KOSDAQ,-0.9
317240,TS트릴리온,1000.0,85869.0,85869.0,85869000.0,85869000.0,KOSDAQ,0.0
262840,아이퀘스트,2830.0,16653.0,16653.0,47127990.0,47127990.0,KOSDAQ,-0.88
290560,파라택시스이더리움,1297.0,113220.0,113220.0,146846340.0,146846340.0,KOSDAQ,0.78
079170,한창산업,5550.0,1620.0,1620.0,8991000.0,8991000.0,KOSDAQ,2.21
128540,에코캡,1080.0,24365.0,24365.0,26314200.0,26314200.0,KOSDAQ,-1.37
407400,꿈비,1969.0,23800.0,23800.0,46862200.0,46862200.0,KOSDAQ,2.02
333050,이노테나,5850.0,4851.0,4851.0,28378350.0,28378350.0,KOSDAQ,2.09
188260,세니젠,2070.0,8511.0,8511.0,17617770.0,17617770.0,KOSDAQ,-3.27
351330,이삭엔지니어링,3470.0,15557.0,15557.0,53982790.0,53982790.0,KOSDAQ,1.31
115480,씨유메디칼,2350.0,4430.0,4430.0,10410500.0,10410500.0,KOSDAQ,2.4
198940,한주라이트메탈,1419.0,30178.0,30178.0,42822582.0,42822582.0,KOSDAQ,0.28
016670,디모아,2775.0,13889.0,13889.0,38541975.0,38541975.0,KOSDAQ,3.54
109960,앱토크롬,1867.0,4760.0,4760.0,8886920.0,8886920.0,KOSDAQ,0.0
008470,부스타,1680.0,12139.0,12139.0,20393520.0,20393520.0,KOSDAQ,1.51
068100,케이웨더,2365.0,5470.0,5470.0,12936550.0,12936550.0,KOSDAQ,-0.21
089150,케이씨티,1643.0,17870.0,17870.0,29360410.0,29360410.0,KOSDAQ,0.43
119500,포메탈,2375.0,43503.0,43503.0,103319625.0,103319625.0,KOSDAQ,0.64
239610,에이치엘사이언스,5210.0,766.0,766.0,3990860.0,3990860.0,KOSDAQ,0.0
088340,유라클,6430.0,9246.0,9246.0,59451780.0,59451780.0,KOSDAQ,-0.77
123840,뉴온,1800.0,16038.0,16038.0,28868400.0,28868400.0,KOSDAQ,7.46
114630,폴라리스우노,1624.0,8148.0,8148.0,13232352.0,13232352.0,KOSDAQ,0.56
450520,인스웨이브,1903.0,39164.0,39164.0,74529092.0,74529092.0,KOSDAQ,1.12
043340,에쎈테크,589.0,22669.0,22669.0,13352041.0,13352041.0,KOSDAQ,0.51
373170,엠아이큐브솔루션,1845.0,21955.0,21955.0,40506975.0,40506975.0,KOSDAQ,1.21
318010,팜스빌,3510.0,452.0,452.0,1586520.0,1586520.0,KOSDAQ,1.15
225220,제놀루션,1450.0,48075.0,48075.0,69708750.0,69708750.0,KOSDAQ,-2.29
376180,피코그램,1498.0,25494.0,25494.0,38190012.0,38190012.0,KOSDAQ,-0.07
007770,한일화학,7910.0,301.0,301.0,2380910.0,2380910.0,KOSDAQ,2.46
160550,NEW,994.0,91687.0,91687.0,91136878.0,91136878.0,KOSDAQ,-0.6
033540,파라텍,2645.0,24129.0,24129.0,63821205.0,63821205.0,KOSDAQ,0.0
130500,GH신소재,1900.0,16017.0,16017.0,30432300.0,30432300.0,KOSDAQ,-0.73
067010,이씨에스,2535.0,27657.0,27657.0,70110495.0,70110495.0,KOSDAQ,0.6
368970,오에스피,2455.0,120311.0,120311.0,295363505.0,295363505.0,KOSDAQ,-4.66
066910,손오공,1789.0,29979.0,29979.0,53632431.0,53632431.0,KOSDAQ,-0.06
195500,마니커에프앤지,1717.0,20769.0,20769.0,35660373.0,35660373.0,KOSDAQ,1.36
236810,엔비티,1608.0,21025.0,21025.0,33808200.0,33808200.0,KOSDAQ,-0.92
057680,티사이언티픽,1728.0,14518.0,14518.0,25087104.0,25087104.0,KOSDAQ,2.13
288620,에스프리즘,3910.0,8256.0,8256.0,32280960.0,32280960.0,KOSDAQ,0.64
290270,휴네시온,2835.0,8975.0,8975.0,25444125.0,25444125.0,KOSDAQ,1.43
363260,모비데이즈,4225.0,8808.0,8808.0,37213800.0,37213800.0,KOSDAQ,3.81
078590,휴림에이텍,2720.0,34809.0,34809.0,94680480.0,94680480.0,KOSDAQ,1.87
017000,신원종합개발,2325.0,62695.0,62695.0,145765875.0,145765875.0,KOSDAQ,1.09
148250,알엔투테크놀로지,1991.0,27620.0,27620.0,54991420.0,54991420.0,KOSDAQ,-1.92
139670,키네마스터,1918.0,6492.0,6492.0,12451656.0,12451656.0,KOSDAQ,1.86
206400,베노티앤알,721.0,973368.0,973368.0,701798328.0,701798328.0,KOSDAQ,-20.77
072770,멤레이비티,651.0,311673.0,311673.0,202899123.0,202899123.0,KOSDAQ,-1.06
091970,LSK아이로봇,3585.0,11520.0,11520.0,41299200.0,41299200.0,KOSDAQ,2.28
131220,대한과학,3620.0,9131.0,9131.0,33054220.0,33054220.0,KOSDAQ,2.4
048470,대동스틸,2795.0,24161.0,24161.0,67529995.0,67529995.0,KOSDAQ,-0.53
060230,제이케이시냅스,1379.0,175194.0,175194.0,241592526.0,241592526.0,KOSDAQ,2.45
047080,한빛소프트,1083.0,96719.0,96719.0,104746677.0,104746677.0,KOSDAQ,2.46
080530,코디,2420.0,14720.0,14720.0,35622400.0,35622400.0,KOSDAQ,-0.41
215790,이노인스트루먼트,663.0,1415798.0,1415798.0,938674074.0,938674074.0,KOSDAQ,3.59
328380,솔트웨어,3895.0,7453.0,7453.0,29029435.0,29029435.0,KOSDAQ,1.96
348030,모비릭스,2775.0,26037.0,26037.0,72252675.0,72252675.0,KOSDAQ,5.11
900310,컬러레이,2080.0,1144.0,1144.0,2379520.0,2379520.0,KOSDAQ,0.24
096630,에스코넥,1676.0,33900.0,33900.0,56816400.0,56816400.0,KOSDAQ,0.6
238490,힘스,2350.0,15462.0,15462.0,36335700.0,36335700.0,KOSDAQ,3.75
013720,청보,2185.0,4817.0,4817.0,10525145.0,10525145.0,KOSDAQ,1.16
140430,카티스,2485.0,50515.0,50515.0,125529775.0,125529775.0,KOSDAQ,1.43
019570,GMI벤처,2780.0,10644.0,10644.0,29590320.0,29590320.0,KOSDAQ,-0.89
016920,카스,1032.0,52570.0,52570.0,54252240.0,54252240.0,KOSDAQ,-1.05
002680,한탑,3410.0,38564.0,38564.0,131503240.0,131503240.0,KOSDAQ,0.29
398120,에스지헬스케어,2230.0,45215.0,45215.0,100829450.0,100829450.0,KOSDAQ,0.0
032750,삼진,2920.0,1222.0,1222.0,3568240.0,3568240.0,KOSDAQ,-0.34
297570,아틀라스링크,3795.0,4364.0,4364.0,16561380.0,16561380.0,KOSDAQ,-0.65
069140,누리플랜,1740.0,5434.0,5434.0,9455160.0,9455160.0,KOSDAQ,-0.57
359090,씨엔알리서치,2275.0,16088.0,16088.0,36600200.0,36600200.0,KOSDAQ,-0.87
060380,동양에스텍,1326.0,6828.0,6828.0,9053928.0,9053928.0,KOSDAQ,1.61
191410,육일씨엔에쓰,1684.0,93124.0,93124.0,156820816.0,156820816.0,KOSDAQ,3.82
069410,엔텔스,2545.0,18023.0,18023.0,45868535.0,45868535.0,KOSDAQ,-0.78
043200,파루,1244.0,36257.0,36257.0,45103708.0,45103708.0,KOSDAQ,-0.4
134060,이퓨쳐,5440.0,3763.0,3763.0,20470720.0,20470720.0,KOSDAQ,1.49
138070,신진에스엠,1482.0,8258.0,8258.0,12238356.0,12238356.0,KOSDAQ,0.2
079000,와토스코리아,3595.0,2659.0,2659.0,9559105.0,9559105.0,KOSDAQ,0.14
052300,오션인더블유,1593.0,42209.0,42209.0,67238937.0,67238937.0,KOSDAQ,-0.44
033050,제이엠아이,810.0,44291.0,44291.0,35875710.0,35875710.0,KOSDAQ,-0.25
096690,에이루트,6410.0,2216.0,2216.0,14204560.0,14204560.0,KOSDAQ,2.4
383930,디티앤씨알오,2015.0,94248.0,94248.0,189909720.0,189909720.0,KOSDAQ,-2.18
105550,엣지파운드리,1643.0,19115.0,19115.0,31405945.0,31405945.0,KOSDAQ,2.3
103840,우양,1572.0,22820.0,22820.0,35873040.0,35873040.0,KOSDAQ,-0.51
146060,율촌,1070.0,37230.0,37230.0,39836100.0,39836100.0,KOSDAQ,0.0
322780,코퍼스코리아,1686.0,149824.0,149824.0,252603264.0,252603264.0,KOSDAQ,0.84
193250,링크드,1918.0,35795.0,35795.0,68654810.0,68654810.0,KOSDAQ,0.95
290520,신도기연,1628.0,30444.0,30444.0,49562832.0,49562832.0,KOSDAQ,2.26
053290,NE능률,1549.0,7476.0,7476.0,11580324.0,11580324.0,KOSDAQ,-1.21
458350,에스팀,2940.0,12064.0,12064.0,35468160.0,35468160.0,KOSDAQ,0.51
038880,아이에이,3395.0,9003.0,9003.0,30565185.0,30565185.0,KOSDAQ,1.49
429270,시지트로닉스,3540.0,112223.0,112223.0,397269420.0,397269420.0,KOSDAQ,0.57
090150,아이윈,6010.0,8961.0,8961.0,53855610.0,53855610.0,KOSDAQ,0.17
148780,비큐AI,3985.0,43190.0,43190.0,172112150.0,172112150.0,KOSDAQ,3.24
001810,무림SP,1131.0,1551.0,1551.0,1754181.0,1754181.0,KOSDAQ,0.0
054090,삼진엘앤디,1000.0,22561.0,22561.0,22561000.0,22561000.0,KOSDAQ,-0.2
405920,나라셀라,1938.0,12611.0,12611.0,24440118.0,24440118.0,KOSDAQ,7.91
131180,딜리,4245.0,1162.0,1162.0,4932690.0,4932690.0,KOSDAQ,2.66
021880,메이슨캐피탈,1171.0,18927.0,18927.0,22163517.0,22163517.0,KOSDAQ,1.12
267790,배럴,3225.0,5330.0,5330.0,17189250.0,17189250.0,KOSDAQ,6.26
101400,엔시트론,1634.0,11040.0,11040.0,18039360.0,18039360.0,KOSDAQ,0.25
351870,차이커뮤니케이션,2215.0,10711.0,10711.0,23724865.0,23724865.0,KOSDAQ,-0.23
257370,피엔티엠에스,1970.0,28360.0,28360.0,55869200.0,55869200.0,KOSDAQ,0.77
389680,유디엠텍,2955.0,66437.0,66437.0,196321335.0,196321335.0,KOSDAQ,-1.01
044780,에이치케이,1327.0,22324.0,22324.0,29623948.0,29623948.0,KOSDAQ,0.15
115530,씨엔플러스,2860.0,21236.0,21236.0,60734960.0,60734960.0,KOSDAQ,0.7
020400,대동금속,2705.0,5722.0,5722.0,15478010.0,15478010.0,KOSDAQ,2.27
058110,멕아이씨에스,1524.0,68167.0,68167.0,103886508.0,103886508.0,KOSDAQ,5.03
083660,CSA 코스믹,1401.0,41372.0,41372.0,57962172.0,57962172.0,KOSDAQ,-3.18
101680,한국정밀기계,2900.0,9951.0,9951.0,28857900.0,28857900.0,KOSDAQ,-1.69
378800,샤페론,2635.0,111566.0,111566.0,293976410.0,293976410.0,KOSDAQ,3.94
123750,알톤,1758.0,8003.0,8003.0,14069274.0,14069274.0,KOSDAQ,0.34
223310,사토시홀딩스,2980.0,29829.0,29829.0,88890420.0,88890420.0,KOSDAQ,5.3
027040,서울전자통신,1740.0,144938.0,144938.0,252192120.0,252192120.0,KOSDAQ,-1.86
318000,KBG,2765.0,10319.0,10319.0,28532035.0,28532035.0,KOSDAQ,0.0
415380,스튜디오삼익,2110.0,15926.0,15926.0,33603860.0,33603860.0,KOSDAQ,1.2
083640,인콘,5250.0,2434.0,2434.0,12778500.0,12778500.0,KOSDAQ,-0.57
365590,하이딥,1309.0,46144.0,46144.0,60402496.0,60402496.0,KOSDAQ,2.43
187220,디티앤씨,2085.0,18601.0,18601.0,38783085.0,38783085.0,KOSDAQ,5.3
177830,파버나인,2115.0,5612.0,5612.0,11869380.0,11869380.0,KOSDAQ,0.24
016100,리더스코스메틱,1252.0,50660.0,50660.0,63426320.0,63426320.0,KOSDAQ,-2.03
115160,휴맥스,5530.0,4032.0,4032.0,22296960.0,22296960.0,KOSDAQ,1.84
475660,에스켐,3000.0,9569.0,9569.0,28707000.0,28707000.0,KOSDAQ,3.45
035200,프럼파스트,2575.0,24654.0,24654.0,63484050.0,63484050.0,KOSDAQ,-1.53
039740,한국정보공학,2960.0,3521.0,3521.0,10422160.0,10422160.0,KOSDAQ,-0.5
032860,더라미,2935.0,11614.0,11614.0,34087090.0,34087090.0,KOSDAQ,9.11
206560,덱스터,931.0,93689.0,93689.0,87224459.0,87224459.0,KOSDAQ,2.42
464500,아이언디바이스,1688.0,126723.0,126723.0,213908424.0,213908424.0,KOSDAQ,2.99
222980,한국맥널티,2140.0,1499.0,1499.0,3207860.0,3207860.0,KOSDAQ,1.9
054940,엑사이엔씨,3545.0,29979.0,29979.0,106275555.0,106275555.0,KOSDAQ,1.29
023770,플레이위드,2610.0,13419.0,13419.0,35023590.0,35023590.0,KOSDAQ,1.56
188040,바이오포트,4975.0,3213.0,3213.0,15984675.0,15984675.0,KOSDAQ,-0.5
027580,상보,1960.0,80604.0,80604.0,157983840.0,157983840.0,KOSDAQ,0.77
032680,소프트센,1006.0,16019.0,16019.0,16115114.0,16115114.0,KOSDAQ,0.0
377330,이지트로닉스,2840.0,3430.0,3430.0,9741200.0,9741200.0,KOSDAQ,4.03
215480,토박스코리아,2150.0,17230.0,17230.0,37044500.0,37044500.0,KOSDAQ,1.9
208350,지란지교시큐리티,2850.0,7324.0,7324.0,20873400.0,20873400.0,KOSDAQ,-2.06
051380,피씨디렉트,1492.0,7484.0,7484.0,11166128.0,11166128.0,KOSDAQ,-0.13
076080,웰크론한텍,1013.0,31431.0,31431.0,31839603.0,31839603.0,KOSDAQ,1.2
432980,엠에프씨,2655.0,16659.0,16659.0,44229645.0,44229645.0,KOSDAQ,2.91
036480,대성미생물,5990.0,3210.0,3210.0,19227900.0,19227900.0,KOSDAQ,0.84
219750,한국비티비,1735.0,5779.0,5779.0,10026565.0,10026565.0,KOSDAQ,2.48
238200,비피도,2775.0,1759.0,1759.0,4881225.0,4881225.0,KOSDAQ,4.72
065690,파커스,1885.0,14441.0,14441.0,27221285.0,27221285.0,KOSDAQ,1.02
018680,서울제약,1941.0,2376.0,2376.0,4611816.0,4611816.0,KOSDAQ,0.1
013810,스페코,1544.0,19407.0,19407.0,29964408.0,29964408.0,KOSDAQ,0.13
192390,윈하이텍,1887.0,8563.0,8563.0,16158381.0,16158381.0,KOSDAQ,2.39
352940,인바이오,2075.0,5982.0,5982.0,12412650.0,12412650.0,KOSDAQ,3.49
355390,크라우드웍스,1420.0,152069.0,152069.0,215937980.0,215937980.0,KOSDAQ,0.07
298060,풍전약품,2330.0,8594.0,8594.0,20024020.0,20024020.0,KOSDAQ,-2.51
032800,판타지오,1486.0,14694.0,14694.0,21835284.0,21835284.0,KOSDAQ,-0.34
237750,피앤씨테크,3455.0,2457.0,2457.0,8488935.0,8488935.0,KOSDAQ,2.07
007720,소노스퀘어,1110.0,73500.0,73500.0,81585000.0,81585000.0,KOSDAQ,1.0
065370,위세아이텍,3030.0,6381.0,6381.0,19334430.0,19334430.0,KOSDAQ,2.89
043590,웰킵스하이텍,1645.0,11983.0,11983.0,19712035.0,19712035.0,KOSDAQ,-1.44
017250,인터엠,1055.0,6826.0,6826.0,7201430.0,7201430.0,KOSDAQ,0.09
303530,이노뎁,3025.0,9066.0,9066.0,27424650.0,27424650.0,KOSDAQ,0.5
033200,모아텍,2410.0,9553.0,9553.0,23022730.0,23022730.0,KOSDAQ,-1.23
200230,텔콘RF제약,2330.0,65990.0,65990.0,153756700.0,153756700.0,KOSDAQ,1.75
224060,더코디,4265.0,247179.0,247179.0,1054218435.0,1054218435.0,KOSDAQ,-1.27
361670,삼영에스앤씨,3870.0,15149.0,15149.0,58626630.0,58626630.0,KOSDAQ,3.48
417180,핑거스토리,3830.0,3366.0,3366.0,12891780.0,12891780.0,KOSDAQ,-1.67
317120,라닉스,1425.0,48129.0,48129.0,68583825.0,68583825.0,KOSDAQ,0.0
331520,밸로프,2215.0,5443.0,5443.0,12056245.0,12056245.0,KOSDAQ,1.14
053060,세동,1224.0,12857.0,12857.0,15736968.0,15736968.0,KOSDAQ,0.08
018700,졸스,1291.0,26555.0,26555.0,34282505.0,34282505.0,KOSDAQ,-0.69
247660,나노씨엠에스,4125.0,13014.0,13014.0,53682750.0,53682750.0,KOSDAQ,3.13
070300,퀀텀레일,605.0,6453028.0,6453028.0,3904081940.0,3904081940.0,KOSDAQ,-2.26
054220,비츠로시스,1703.0,39930.0,39930.0,68000790.0,68000790.0,KOSDAQ,1.37
115570,스타플렉스,2675.0,21831.0,21831.0,58397925.0,58397925.0,KOSDAQ,-4.97
277410,인산가,5560.0,4846.0,4846.0,26943760.0,26943760.0,KOSDAQ,-0.36
039310,세중,1177.0,11527.0,11527.0,13567279.0,13567279.0,KOSDAQ,-2.81
095910,에스에너지,583.0,489715.0,489715.0,285503845.0,285503845.0,KOSDAQ,6.19
067730,로지시스,2195.0,7697.0,7697.0,16894915.0,16894915.0,KOSDAQ,0.92
032280,삼일,1309.0,6403.0,6403.0,8381527.0,8381527.0,KOSDAQ,-0.68
045520,크린앤사이언스,3265.0,4128.0,4128.0,13477920.0,13477920.0,KOSDAQ,0.15
023790,동일스틸럭스,1613.0,434660.0,434660.0,701106580.0,701106580.0,KOSDAQ,-2.18
424760,벨로크,2075.0,28542.0,28542.0,59224650.0,59224650.0,KOSDAQ,-2.12
301300,바이브컴퍼니,1591.0,35831.0,35831.0,57007121.0,57007121.0,KOSDAQ,3.65
241840,에이스토리,2190.0,9529.0,9529.0,20868510.0,20868510.0,KOSDAQ,-0.45
098660,에스티오,1671.0,64981.0,64981.0,108583251.0,108583251.0,KOSDAQ,4.9
130740,티피씨글로벌,1847.0,5420.0,5420.0,10010740.0,10010740.0,KOSDAQ,1.04
440320,오픈놀,2085.0,16605.0,16605.0,34621425.0,34621425.0,KOSDAQ,0.72
038530,케이바이오랩스,4005.0,8300.0,8300.0,33241500.0,33241500.0,KOSDAQ,1.14
372800,아이티아이즈,2930.0,12906.0,12906.0,37814580.0,37814580.0,KOSDAQ,0.17
289220,자이언트스텝,924.0,24680.0,24680.0,22804320.0,22804320.0,KOSDAQ,2.55
131100,티엔엔터테인먼트,3190.0,108139.0,108139.0,344963410.0,344963410.0,KOSDAQ,10.0
044480,빌리언스,3090.0,17324.0,17324.0,53531160.0,53531160.0,KOSDAQ,6.37
353190,휴럼,2600.0,1745.0,1745.0,4537000.0,4537000.0,KOSDAQ,0.39
043360,디지아이,2275.0,9232.0,9232.0,21002800.0,21002800.0,KOSDAQ,1.79
079950,인베니아,1480.0,42294.0,42294.0,62595120.0,62595120.0,KOSDAQ,-1.14
353590,오토앤,1579.0,18169.0,18169.0,28688851.0,28688851.0,KOSDAQ,6.04
024940,PN풍년,2030.0,13941.0,13941.0,28300230.0,28300230.0,KOSDAQ,-0.49
438700,버넥트,1820.0,15810.0,15810.0,28774200.0,28774200.0,KOSDAQ,0.66
113810,디젠스,3100.0,35567.0,35567.0,110257700.0,110257700.0,KOSDAQ,4.38
362990,드림인사이트,1203.0,5145.0,5145.0,6189435.0,6189435.0,KOSDAQ,0.42
021040,대호특수강,930.0,20840.0,20840.0,19381200.0,19381200.0,KOSDAQ,-1.06
096870,엘디티,2415.0,59080.0,59080.0,142678200.0,142678200.0,KOSDAQ,1.47
048830,엔피케이,1074.0,64409.0,64409.0,69175266.0,69175266.0,KOSDAQ,1.13
088290,이원컴포텍,2520.0,5041.0,5041.0,12703320.0,12703320.0,KOSDAQ,-0.2
019660,글로본,1439.0,9981.0,9981.0,14362659.0,14362659.0,KOSDAQ,0.56
063760,이엘피,2150.0,32295.0,32295.0,69434250.0,69434250.0,KOSDAQ,0.23
405000,플라즈맵,3730.0,6306.0,6306.0,23521380.0,23521380.0,KOSDAQ,3.9
154040,다산솔루에타,9270.0,5841.0,5841.0,54146070.0,54146070.0,KOSDAQ,5.34
069330,유아이디,1178.0,12334.0,12334.0,14529452.0,14529452.0,KOSDAQ,3.33
110020,전진바이오팜,2200.0,11902.0,11902.0,26184400.0,26184400.0,KOSDAQ,5.01
065060,지엔코,3320.0,12498.0,12498.0,41493360.0,41493360.0,KOSDAQ,4.08
276730,한울앤제주,842.0,49292.0,49292.0,41503864.0,41503864.0,KOSDAQ,1.94
080470,성창오토텍,2715.0,791.0,791.0,2147565.0,2147565.0,KOSDAQ,0.18
344860,이노진,1310.0,101702.0,101702.0,133229620.0,133229620.0,KOSDAQ,-4.87
085810,알티캐스트,1390.0,16944.0,16944.0,23552160.0,23552160.0,KOSDAQ,2.73
274400,이노시뮬레이션,2160.0,6558.0,6558.0,14165280.0,14165280.0,KOSDAQ,2.13
083470,이엠앤아이,916.0,48442.0,48442.0,44372872.0,44372872.0,KOSDAQ,0.55
275630,에스에스알,3715.0,15677.0,15677.0,58240055.0,58240055.0,KOSDAQ,-2.24
115610,이미지스,1650.0,56791.0,56791.0,93705150.0,93705150.0,KOSDAQ,3.13
342870,오아,3575.0,3723.0,3723.0,13309725.0,13309725.0,KOSDAQ,1.42
227610,아우딘퓨쳐스,1003.0,25173.0,25173.0,25248519.0,25248519.0,KOSDAQ,0.91
154030,아시아종묘,1610.0,5619.0,5619.0,9046590.0,9046590.0,KOSDAQ,3.07
050760,에스폴리텍,1183.0,37107.0,37107.0,43897581.0,43897581.0,KOSDAQ,1.02
347770,핌스,837.0,127901.0,127901.0,107053137.0,107053137.0,KOSDAQ,-0.48
252500,세화피앤씨,2280.0,5165.0,5165.0,11776200.0,11776200.0,KOSDAQ,0.22
014100,메디앙스,1598.0,14353.0,14353.0,22936094.0,22936094.0,KOSDAQ,3.9
065150,대산F&B,1180.0,20051.0,20051.0,23660180.0,23660180.0,KOSDAQ,-1.67
455180,케이지에이,1276.0,67128.0,67128.0,85655328.0,85655328.0,KOSDAQ,1.92
403490,우듬지팜,2035.0,7825.0,7825.0,15923875.0,15923875.0,KOSDAQ,3.56
051780,큐로홀딩스,2455.0,45554.0,45554.0,111835070.0,111835070.0,KOSDAQ,4.91
137940,넥스트아이,1884.0,44994.0,44994.0,84768696.0,84768696.0,KOSDAQ,5.9
279600,미디어젠,3945.0,1914.0,1914.0,7550730.0,7550730.0,KOSDAQ,0.0
018620,우진비앤지,2665.0,4345.0,4345.0,11579425.0,11579425.0,KOSDAQ,-0.93
084440,유비온,4810.0,1536.0,1536.0,7388160.0,7388160.0,KOSDAQ,-3.7
195990,루트K,1129.0,9594.0,9594.0,10831626.0,10831626.0,KOSDAQ,-0.53
306040,에스제이그룹,1965.0,261141.0,261141.0,513142065.0,513142065.0,KOSDAQ,29.96
419540,비스토스,3020.0,6935.0,6935.0,20943700.0,20943700.0,KOSDAQ,1.68
365900,브이씨,2450.0,9814.0,9814.0,24044300.0,24044300.0,KOSDAQ,-2.78
009620,삼보산업,5110.0,30985.0,30985.0,158333350.0,158333350.0,KOSDAQ,-10.82
078860,아이오케이이엔엠,2890.0,6331.0,6331.0,18296590.0,18296590.0,KOSDAQ,-1.7
196700,웹스,1235.0,20519.0,20519.0,25340965.0,25340965.0,KOSDAQ,-0.4
037400,우리엔터프라이즈,3360.0,5466.0,5466.0,18365760.0,18365760.0,KOSDAQ,0.3
373110,엑셀세라퓨틱스,1017.0,71927.0,71927.0,73149759.0,73149759.0,KOSDAQ,3.67
056730,CNT85,1185.0,29825.0,29825.0,35342625.0,35342625.0,KOSDAQ,-0.42
0197V0,엔에이치스팩34호,1914.0,89673.0,89673.0,171634122.0,171634122.0,KOSDAQ,0.37
309930,조이웍스앤코,899.0,106996.0,106996.0,96189404.0,96189404.0,KOSDAQ,7.28
210120,캔버스엔,1753.0,33027.0,33027.0,57896331.0,57896331.0,KOSDAQ,-2.61
477380,미래에셋비전스팩4호,2075.0,7975.0,7975.0,16548125.0,16548125.0,KOSDAQ,0.0
0200G0,한국제17호스팩,1914.0,291075.0,291075.0,557117550.0,557117550.0,KOSDAQ,0.53
054410,케이피티유,2895.0,23705.0,23705.0,68625975.0,68625975.0,KOSDAQ,2.66
034940,조아제약,2665.0,33825.0,33825.0,90143625.0,90143625.0,KOSDAQ,-1.48
026910,광진실업,2035.0,527897.0,527897.0,1074270395.0,1074270395.0,KOSDAQ,5.99
475460,미트박스,2850.0,34931.0,34931.0,99553350.0,99553350.0,KOSDAQ,4.4
009730,이렘,1995.0,31482.0,31482.0,62806590.0,62806590.0,KOSDAQ,-2.44
285800,진영,4400.0,29057.0,29057.0,127850800.0,127850800.0,KOSDAQ,-1.46
0072Z0,KB제33호스팩,1971.0,10291.0,10291.0,20283561.0,20283561.0,KOSDAQ,-0.2
477340,에이치엠씨제7호스팩,2065.0,3744.0,3744.0,7731360.0,7731360.0,KOSDAQ,0.0
0130H0,엔에이치스팩33호,1996.0,931.0,931.0,1858276.0,1858276.0,KOSDAQ,-0.1
0101C0,하나36호스팩,1973.0,255.0,255.0,503115.0,503115.0,KOSDAQ,-0.2
101000,KS인더스트리,1518.0,67151.0,67151.0,101935218.0,101935218.0,KOSDAQ,1.2
0044K0,삼성스팩10호,2000.0,6335.0,6335.0,12670000.0,12670000.0,KOSDAQ,0.35
065650,하이퍼코퍼레이션,1360.0,60005.0,60005.0,81606800.0,81606800.0,KOSDAQ,0.74
473050,유안타제15호스팩,2105.0,129441.0,129441.0,272473305.0,272473305.0,KOSDAQ,-0.24
0115H0,삼성스팩13호,1995.0,3050.0,3050.0,6084750.0,6084750.0,KOSDAQ,0.66
376930,노을,1420.0,114618.0,114618.0,162757560.0,162757560.0,KOSDAQ,-5.27
225590,패션플랫폼,2835.0,40470.0,40470.0,114732450.0,114732450.0,KOSDAQ,-0.35
478440,미래에셋비전스팩6호,2067.0,2105.0,2105.0,4351035.0,4351035.0,KOSDAQ,0.1
479880,한국제15호스팩,2075.0,10042.0,10042.0,20837150.0,20837150.0,KOSDAQ,-0.24
469480,IBKS제24호스팩,3360.0,127859.0,127859.0,429606240.0,429606240.0,KOSDAQ,6.84
0165X0,메리츠제2호스팩,1946.0,12655.0,12655.0,24626630.0,24626630.0,KOSDAQ,0.21
498390,한화플러스제5호스팩,2805.0,268691.0,268691.0,753678255.0,753678255.0,KOSDAQ,2.75
0099W0,미래에셋비전스팩11호,1983.0,14620.0,14620.0,28991460.0,28991460.0,KOSDAQ,0.61
335870,윙스풋,4100.0,3550.0,3550.0,14555000.0,14555000.0,KOSDAQ,-0.36
0209J0,KB제34호스팩,1901.0,277883.0,277883.0,528255583.0,528255583.0,KOSDAQ,0.21
177350,베셀,1377.0,38697.0,38697.0,53285769.0,53285769.0,KOSDAQ,1.92
0099X0,IBKS제25호스팩,2235.0,133548.0,133548.0,298479780.0,298479780.0,KOSDAQ,0.9
0134X0,대신밸런스제20호스팩,1973.0,10574.0,10574.0,20862502.0,20862502.0,KOSDAQ,0.0
0164H0,한국제16호스팩,1941.0,8517.0,8517.0,16531497.0,16531497.0,KOSDAQ,-0.51
0096B0,삼성스팩12호,1991.0,1001.0,1001.0,1992991.0,1992991.0,KOSDAQ,0.3
481890,엔에이치스팩31호,2050.0,5579.0,5579.0,11436950.0,11436950.0,KOSDAQ,-0.97
0097F0,미래에셋비전스팩10호,1989.0,108.0,108.0,214812.0,214812.0,KOSDAQ,0.15
478390,KB제29호스팩,2075.0,779.0,779.0,1616425.0,1616425.0,KOSDAQ,0.24
489730,디비금융제13호스팩,2030.0,1237.0,1237.0,2511110.0,2511110.0,KOSDAQ,-0.49
0037T0,KB제32호스팩,2010.0,5608.0,5608.0,11272080.0,11272080.0,KOSDAQ,0.85
092600,앤씨앤,2530.0,78579.0,78579.0,198804870.0,198804870.0,KOSDAQ,-3.98
239340,이스트에이드,2350.0,19491.0,19491.0,45803850.0,45803850.0,KOSDAQ,-5.62
0093G0,미래에셋비전스팩8호,1980.0,661.0,661.0,1308780.0,1308780.0,KOSDAQ,0.76
492220,KB제31호스팩,2030.0,758.0,758.0,1538740.0,1538740.0,KOSDAQ,-0.25
0091W0,신영스팩11호,2060.0,18183.0,18183.0,37456980.0,37456980.0,KOSDAQ,1.23
0054V0,엔에이치스팩32호,2000.0,207.0,207.0,414000.0,414000.0,KOSDAQ,0.0
0131D0,키움히어로제2호스팩,1960.0,3782.0,3782.0,7412720.0,7412720.0,KOSDAQ,0.05
354200,엔젠바이오,764.0,619218.0,619218.0,473082552.0,473082552.0,KOSDAQ,-9.16
477760,DB금융스팩12호,2075.0,1044.0,1044.0,2166300.0,2166300.0,KOSDAQ,0.24
0088D0,메리츠제1호스팩,2080.0,102.0,102.0,212160.0,212160.0,KOSDAQ,0.24
0041L0,하나35호스팩,1996.0,23786.0,23786.0,47476856.0,47476856.0,KOSDAQ,-0.05
0132G0,교보20호스팩,1992.0,6068.0,6068.0,12087456.0,12087456.0,KOSDAQ,0.0
469900,하나31호스팩,2100.0,34169.0,34169.0,71754900.0,71754900.0,KOSDAQ,0.0
482690,대신밸런스제19호스팩,2080.0,161.0,161.0,334880.0,334880.0,KOSDAQ,-0.24
487360,신한제14호스팩,2045.0,7546.0,7546.0,15431570.0,15431570.0,KOSDAQ,0.99
474660,신한제12호스팩,2085.0,32251.0,32251.0,67243335.0,67243335.0,KOSDAQ,-0.24
0071M0,삼성스팩11호,1994.0,8543.0,8543.0,17034742.0,17034742.0,KOSDAQ,0.0
474490,유안타제16호스팩,2080.0,56.0,56.0,116480.0,116480.0,KOSDAQ,-0.24
477470,미래에셋비전스팩5호,2065.0,9553.0,9553.0,19726945.0,19726945.0,KOSDAQ,-0.24
035620,바른손이앤에이,608.0,274915.0,274915.0,167148320.0,167148320.0,KOSDAQ,-14.0
0105P0,유진스팩12호,1996.0,309.0,309.0,616764.0,616764.0,KOSDAQ,0.4
496070,신한제16호스팩,2010.0,62.0,62.0,124620.0,124620.0,KOSDAQ,0.25
418620,E8,430.0,1240754.0,1240754.0,533524220.0,533524220.0,KOSDAQ,-8.51
0129K0,신한제18호스팩,1967.0,1490.0,1490.0,2930830.0,2930830.0,KOSDAQ,-0.25
486630,KB제30호스팩,2050.0,2437.0,2437.0,4995850.0,4995850.0,KOSDAQ,-0.24
0098T0,교보19호스팩,2000.0,1452.0,1452.0,2904000.0,2904000.0,KOSDAQ,0.0
060260,뉴보텍,809.0,44349.0,44349.0,35878341.0,35878341.0,KOSDAQ,1.0
131760,파인텍,1240.0,90380.0,90380.0,112071200.0,112071200.0,KOSDAQ,5.26
493790,유안타제17호스팩,2025.0,186.0,186.0,376650.0,376650.0,KOSDAQ,0.25
0096D0,미래에셋비전스팩9호,1952.0,180.0,180.0,351360.0,351360.0,KOSDAQ,-1.76
489210,교보17호스팩,2070.0,909.0,909.0,1881630.0,1881630.0,KOSDAQ,0.73
377220,프롬바이오,1888.0,76845.0,76845.0,145083360.0,145083360.0,KOSDAQ,-7.0
060900,에이전트AI,1630.0,777648.0,777648.0,1267566240.0,1267566240.0,KOSDAQ,2.19
0130D0,신한제17호스팩,1986.0,274.0,274.0,544164.0,544164.0,KOSDAQ,1.38
0004Y0,디비금융제14호스팩,1990.0,5250.0,5250.0,10447500.0,10447500.0,KOSDAQ,-0.75
478110,이베스트스팩6호,2055.0,649.0,649.0,1333695.0,1333695.0,KOSDAQ,0.0
466690,키움히어로제1호스팩,2010.0,10324.0,10324.0,20751240.0,20751240.0,KOSDAQ,0.5
0041B0,교보18호스팩,2015.0,284.0,284.0,572260.0,572260.0,KOSDAQ,0.0
142760,모아라이프플러스,479.0,53837.0,53837.0,25787923.0,25787923.0,KOSDAQ,-0.62
103230,에스앤더블류,1402.0,89013.0,89013.0,124796226.0,124796226.0,KOSDAQ,-2.84
006050,국영지앤엠,2835.0,61494.0,61494.0,174335490.0,174335490.0,KOSDAQ,-2.24
208640,썸에이지,696.0,330934.0,330934.0,230330064.0,230330064.0,KOSDAQ,-9.26
303030,지니틱스,1055.0,125566.0,125566.0,132472130.0,132472130.0,KOSDAQ,1.74
488060,유진스팩11호,2040.0,1668.0,1668.0,3402720.0,3402720.0,KOSDAQ,0.0
060480,국일신동,857.0,756975.0,756975.0,648727575.0,648727575.0,KOSDAQ,-18.38
289010,아이스크림에듀,680.0,266943.0,266943.0,181521240.0,181521240.0,KOSDAQ,-7.73
484130,하나34호스팩,2045.0,845.0,845.0,1728025.0,1728025.0,KOSDAQ,0.49
473950,에스케이증권제13호스팩,2060.0,3.0,3.0,6180.0,6180.0,KOSDAQ,0.24
487830,신한제15호스팩,2055.0,55887.0,55887.0,114847785.0,114847785.0,KOSDAQ,0.74
472230,에스케이증권제11호스팩,2105.0,54835.0,54835.0,115427675.0,115427675.0,KOSDAQ,-0.24
487720,키움제10호스팩,2060.0,464.0,464.0,955840.0,955840.0,KOSDAQ,0.0
067770,세진티에스,1031.0,108866.0,108866.0,112240846.0,112240846.0,KOSDAQ,13.55
0068Y0,비엔케이제3호스팩,1986.0,10.0,10.0,19860.0,19860.0,KOSDAQ,0.05
065770,CS,794.0,190239.0,190239.0,151049766.0,151049766.0,KOSDAQ,-3.76
012340,뉴인텍,373.0,265513.0,265513.0,99036349.0,99036349.0,KOSDAQ,-4.11
0041J0,엘에스스팩1호,1986.0,2035.0,2035.0,4041510.0,4041510.0,KOSDAQ,-0.5
03481K,해성산업1우,5900.0,189.0,189.0,1115100.0,1115100.0,KOSDAQ,0.34
001000,신라섬유,1669.0,8236.0,8236.0,13745884.0,13745884.0,KOSDAQ,0.12
288980,모아데이타,214.0,932648.0,932648.0,199586672.0,199586672.0,KOSDAQ,-3.6
475250,하나33호스팩,2095.0,5205.0,5205.0,10904475.0,10904475.0,KOSDAQ,0.24
474930,신한제13호스팩,2115.0,102332.0,102332.0,216432180.0,216432180.0,KOSDAQ,0.71
240600,유진테크놀로지,860.0,92680.0,92680.0,79704800.0,79704800.0,KOSDAQ,-8.22
473000,에스케이증권제12호스팩,2080.0,1234.0,1234.0,2566720.0,2566720.0,KOSDAQ,0.0
475240,하나32호스팩,2090.0,15158.0,15158.0,31680220.0,31680220.0,KOSDAQ,0.0
308100,형지글로벌,256.0,1633338.0,1633338.0,418134528.0,418134528.0,KOSDAQ,1.19
250930,예선테크,529.0,90484.0,90484.0,47866036.0,47866036.0,KOSDAQ,13.76
199730,바이오인프라,663.0,90283.0,90283.0,59857629.0,59857629.0,KOSDAQ,10.13
011080,형지I&C,450.0,1542507.0,1542507.0,694128150.0,694128150.0,KOSDAQ,19.36
058450,한주에이알티,540.0,214014.0,214014.0,115567560.0,115567560.0,KOSDAQ,-0.18
021045,대호특수강우,1994.0,1841.0,1841.0,3670954.0,3670954.0,KOSDAQ,0.71
196490,디에이테크놀로지,100.0,1124065.0,1124065.0,112406500.0,112406500.0,KOSDAQ,-6.54
312610,에이에프더블류,37.0,1373794.0,1373794.0,50830378.0,50830378.0,KOSDAQ,-5.13
032685,소프트센우,5730.0,1020.0,1020.0,5844600.0,5844600.0,KOSDAQ,-1.21
