Code,Name,Close,Volume,VolumeTotal,Amount,AmountTotal,Market,ChangesRatio
005930,삼성전자,257000.0,32451480.0,52390541.0,8340030360000.0,13464369037000.0,KOSPI,-8.7
000660,SK하이닉스,1671000.0,3993766.0,6475071.0,6673582986000.0,10819843641000.0,KOSPI,-3.41
005935,삼성전자우,189300.0,6614839.0,6614839.0,1252189022700.0,1252189022700.0,KOSPI,-8.55
402340,SK스퀘어,1076000.0,458200.0,681257.0,493023200000.0,733032532000.0,KOSPI,-4.19
009150,삼성전기,1318000.0,501168.0,897156.0,660539424000.0,1182451608000.0,KOSPI,0.15
005380,현대차,414000.0,349740.0,596266.0,144792360000.0,246854124000.0,KOSPI,-0.24
373220,LG에너지솔루션,362000.0,374479.0,474438.0,135561398000.0,171746556000.0,KOSPI,5.39
207940,삼성바이오로직스,1573000.0,32870.0,41141.0,51704510000.0,64714793000.0,KOSPI,1.42
028260,삼성물산,364500.0,488414.0,656912.0,178026903000.0,239444424000.0,KOSPI,-7.84
105560,KB금융,163100.0,630055.0,738416.0,102761970500.0,120435649600.0,KOSPI,-0.73
032830,삼성생명,285500.0,714630.0,1038468.0,204026865000.0,296482614000.0,KOSPI,-13.09
012450,한화에어로스페이스,1105000.0,88498.0,124777.0,97790290000.0,137878585000.0,KOSPI,1.84
000270,기아,131500.0,615087.0,727706.0,80883940500.0,95693339000.0,KOSPI,0.46
055550,신한지주,103300.0,710450.0,840761.0,73389485000.0,86850611300.0,KOSPI,-0.77
329180,HD현대중공업,455500.0,139509.0,188868.0,63546349500.0,86029374000.0,KOSPI,0.55
034020,두산에너빌리티,73000.0,1314814.0,3572724.0,95981422000.0,260808852000.0,KOSPI,-0.41
012330,현대모비스,498500.0,182771.0,249351.0,91111343500.0,124301473500.0,KOSPI,0.5
068270,셀트리온,194000.0,314860.0,475525.0,61082840000.0,92251850000.0,KOSPI,0.88
006400,삼성SDI,515000.0,671850.0,1177465.0,346002750000.0,606394475000.0,KOSPI,7.74
034730,SK,549000.0,161339.0,195446.0,88575111000.0,107299854000.0,KOSPI,-6.31
086790,하나금융지주,128700.0,413044.0,464828.0,53158762800.0,59823363600.0,KOSPI,-0.08
035420,NAVER,223500.0,1544482.0,3049425.0,345191727000.0,681546487500.0,KOSPI,0.68
066570,LG전자,199800.0,646815.0,1172272.0,129233637000.0,234219945600.0,KOSPI,2.72
010120,LS ELECTRIC,192300.0,553579.0,925610.0,106453241700.0,177994803000.0,KOSPI,2.83
000810,삼성화재,636000.0,83907.0,95284.0,53364852000.0,60600624000.0,KOSPI,-3.78
010130,고려아연,1344000.0,58813.0,86104.0,79044672000.0,115723776000.0,KOSPI,8.65
298040,효성중공업,2792000.0,30263.0,42624.0,84494296000.0,119006208000.0,KOSPI,2.61
267260,HD현대일렉트릭,720000.0,69144.0,92885.0,49783680000.0,66877200000.0,KOSPI,0.28
005490,POSCO홀딩스,327500.0,398515.0,608880.0,130513662500.0,199408200000.0,KOSPI,5.65
042660,한화오션,83400.0,783353.0,1332303.0,65331640200.0,111114070200.0,KOSPI,-0.95
009540,HD한국조선해양,353500.0,101470.0,131017.0,35869645000.0,46314509500.0,KOSPI,1.43
069500,KODEX 200,105995.0,14650739.0,14650739.0,1552905080305.0,1552905080305.0,KOSPI,-3.62
316140,우리금융지주,31950.0,1340811.0,1681486.0,42838911450.0,53723477700.0,KOSPI,0.63
096770,SK이노베이션,130100.0,750625.0,1045124.0,97656312500.0,135970632400.0,KOSPI,4.25
017670,SK텔레콤,102300.0,1690723.0,3337623.0,172960962900.0,341438832900.0,KOSPI,0.1
011200,HMM,22850.0,2920603.0,4917218.0,66735778550.0,112358431300.0,KOSPI,5.79
360750,TIGER 미국S&P500,26235.0,33992279.0,33992279.0,891787439565.0,891787439565.0,KOSPI,-0.23
015760,한국전력,31500.0,1075780.0,2036027.0,33887070000.0,64134850500.0,KOSPI,-0.79
042700,한미반도체,209000.0,431626.0,669446.0,90209834000.0,139914214000.0,KOSPI,-2.11
006800,미래에셋증권,34750.0,991534.0,1459354.0,34455806500.0,50712551500.0,KOSPI,0.72
138040,메리츠금융지주,115400.0,205765.0,224326.0,23745281000.0,25887220400.0,KOSPI,0.0
051910,LG화학,273000.0,214303.0,273543.0,58504719000.0,74677239000.0,KOSPI,8.12
033780,KT&G,173200.0,104570.0,127154.0,18111524000.0,22023072800.0,KOSPI,0.52
010140,삼성중공업,20100.0,1993632.0,3642618.0,40072003200.0,73216621800.0,KOSPI,-0.5
018260,삼성에스디에스,228000.0,159303.0,262178.0,36321084000.0,59776584000.0,KOSPI,0.0
000150,두산,1085000.0,53785.0,67394.0,58356725000.0,73122490000.0,KOSPI,0.65
003550,LG,113500.0,245563.0,283582.0,27871400500.0,32186557000.0,KOSPI,5.39
267250,HD현대,212000.0,131739.0,157536.0,27928668000.0,33397632000.0,KOSPI,-0.47
024110,기업은행,20200.0,1130094.0,1531752.0,22827898800.0,30941390400.0,KOSPI,1.0
010950,S-Oil,141200.0,164324.0,214272.0,23202548800.0,30255206400.0,KOSPI,0.07
035720,카카오,35800.0,3738325.0,3738325.0,133832035000.0,133832035000.0,KOSPI,0.0
079550,LIG디펜스앤에어로스페이스,717000.0,116168.0,172820.0,83292456000.0,123911940000.0,KOSPI,3.17
278470,에이피알,409500.0,358114.0,514764.0,146647683000.0,210795858000.0,KOSPI,6.36
003670,포스코퓨처엠,170900.0,578440.0,879515.0,98855396000.0,150309113500.0,KOSPI,10.33
086280,현대글로비스,198800.0,91051.0,115245.0,18100938800.0,22910706000.0,KOSPI,1.07
064350,현대로템,134200.0,292087.0,355207.0,39198075400.0,47668779400.0,KOSPI,3.15
011070,LG이노텍,570000.0,163644.0,267133.0,93277080000.0,152265810000.0,KOSPI,3.64
272210,한화시스템,70100.0,285997.0,432984.0,20048389700.0,30352178400.0,KOSPI,-0.28
030200,KT,52500.0,193686.0,243226.0,10168515000.0,12769365000.0,KOSPI,0.19
047810,한국항공우주,130700.0,235560.0,296755.0,30787692000.0,38785878500.0,KOSPI,0.54
307950,현대오토에버,457500.0,59976.0,106515.0,27439020000.0,48730612500.0,KOSPI,2.12
005830,DB손해보험,180500.0,169125.0,182566.0,30527062500.0,32953163000.0,KOSPI,1.52
000720,현대건설,105600.0,226607.0,390921.0,23929699200.0,41281257600.0,KOSPI,0.0
133690,TIGER 미국나스닥100,177885.0,4446750.0,4446750.0,791010123750.0,791010123750.0,KOSPI,-1.02
078930,GS,114600.0,392518.0,471760.0,44982562800.0,54063696000.0,KOSPI,-1.38
003230,삼양식품,1404000.0,43681.0,60305.0,61328124000.0,84668220000.0,KOSPI,2.78
259960,크래프톤,224000.0,61653.0,70789.0,13810272000.0,15856736000.0,KOSPI,0.9
323410,카카오뱅크,21600.0,538891.0,787777.0,11640045600.0,17015983200.0,KOSPI,1.41
071050,한국금융지주,183300.0,138473.0,170092.0,25382100900.0,31177863600.0,KOSPI,-0.65
102110,TIGER 200,106215.0,9023026.0,9023026.0,958380706590.0,958380706590.0,KOSPI,-3.64
379800,KODEX 미국S&P500,23845.0,28169394.0,28169394.0,671699199930.0,671699199930.0,KOSPI,-0.27
005940,NH투자증권,25950.0,377023.0,474020.0,9783746850.0,12300819000.0,KOSPI,-0.57
003490,대한항공,26000.0,2876723.0,2876723.0,74794798000.0,74794798000.0,KOSPI,0.78
047050,포스코인터내셔널,53600.0,617064.0,853253.0,33074630400.0,45734360800.0,KOSPI,5.93
396500,TIGER 반도체TOP10,34700.0,10906742.0,10906742.0,378463947400.0,378463947400.0,KOSPI,-4.85
443060,HD현대마린솔루션,206500.0,62993.0,83179.0,13008054500.0,17176463500.0,KOSPI,4.45
0126Z0,삼성에피스홀딩스,368500.0,46879.0,71268.0,17274911500.0,26262258000.0,KOSPI,2.36
379810,KODEX 미국나스닥100,26595.0,29389145.0,29389145.0,781604311275.0,781604311275.0,KOSPI,-1.04
006260,LS,288500.0,268700.0,368528.0,77519950000.0,106320328000.0,KOSPI,-1.7
028050,삼성E&A,44800.0,1117995.0,1117995.0,50086176000.0,50086176000.0,KOSPI,-0.78
161390,한국타이어앤테크놀로지,66800.0,163883.0,187786.0,10947384400.0,12544104800.0,KOSPI,1.21
488770,KODEX 머니마켓액티브,105320.0,641971.0,641971.0,67612385720.0,67612385720.0,KOSPI,0.01
090430,아모레퍼시픽,139900.0,295143.0,408826.0,41290505700.0,57194757400.0,KOSPI,1.38
180640,한진칼,121500.0,106237.0,133476.0,12907795500.0,16217334000.0,KOSPI,3.05
016360,삼성증권,86600.0,674367.0,1179119.0,58400182200.0,102111705400.0,KOSPI,-5.87
278530,KODEX 200TR,38380.0,1233448.0,1233448.0,47339734240.0,47339734240.0,KOSPI,-3.63
352820,하이브,174600.0,157268.0,231357.0,27458992800.0,40394932200.0,KOSPI,3.99
007660,이수페타시스,100600.0,484820.0,710072.0,48772892000.0,71433243200.0,KOSPI,1.31
009830,한화솔루션,32150.0,1417361.0,1417361.0,45568156150.0,45568156150.0,KOSPI,0.31
039490,키움증권,267500.0,69253.0,87342.0,18525177500.0,23363985000.0,KOSPI,-0.19
064400,LG씨엔에스,72300.0,488074.0,488074.0,35287750200.0,35287750200.0,KOSPI,0.98
128940,한미약품,540000.0,514563.0,1202433.0,277864020000.0,649313820000.0,KOSPI,29.96
021240,코웨이,97500.0,134144.0,151297.0,13079040000.0,14751457500.0,KOSPI,1.67
005387,현대차2우B,195200.0,84204.0,84204.0,16436620800.0,16436620800.0,KOSPI,-0.46
326030,SK바이오팜,86400.0,101599.0,165871.0,8778153600.0,14331254400.0,KOSPI,3.23
000100,유한양행,84300.0,239672.0,337284.0,20204349600.0,28433041200.0,KOSPI,2.43
459580,KODEX CD금리액티브(합성),1075535.0,479088.0,479088.0,515275912080.0,515275912080.0,KOSPI,0.01
047040,대우건설,15760.0,1728070.0,1728070.0,27234383200.0,27234383200.0,KOSPI,-1.07
032640,LG유플러스,14870.0,627598.0,754029.0,9332382260.0,11212411230.0,KOSPI,0.0
267270,HD건설기계,127100.0,351365.0,496621.0,44658491500.0,63120529100.0,KOSPI,10.04
377300,카카오페이,44800.0,479356.0,928061.0,21475148800.0,41577132800.0,KOSPI,5.41
241560,두산밥캣,60000.0,124816.0,157824.0,7488960000.0,9469440000.0,KOSPI,3.63
122630,KODEX 레버리지,104015.0,16265227.0,16265227.0,1691827586405.0,1691827586405.0,KOSPI,-7.33
498400,KODEX 200타겟위클리커버드콜,20095.0,5843923.0,5843923.0,117433632685.0,117433632685.0,KOSPI,-3.27
381180,TIGER 미국필라델피아반도체나스닥,41225.0,2465722.0,2465722.0,101649389450.0,101649389450.0,KOSPI,-3.81
0167A0,SOL AI반도체TOP2플러스,16950.0,12106284.0,12106284.0,205201513800.0,205201513800.0,KOSPI,-3.61
091160,KODEX 반도체,122235.0,1426175.0,1426175.0,174328501125.0,174328501125.0,KOSPI,-3.8
029780,삼성카드,46300.0,47945.0,58032.0,2219853500.0,2686881600.0,KOSPI,0.33
001440,대한전선,26700.0,944450.0,944450.0,25216815000.0,25216815000.0,KOSPI,0.19
353200,대덕전자,104600.0,689341.0,689341.0,72105068600.0,72105068600.0,KOSPI,0.29
175330,JB금융지주,27250.0,209935.0,245594.0,5720728750.0,6692436500.0,KOSPI,2.44
271560,오리온,128300.0,75660.0,90302.0,9707178000.0,11585746600.0,KOSPI,2.31
062040,산일전기,165100.0,100800.0,176247.0,16642080000.0,29098379700.0,KOSPI,0.18
010060,OCI홀딩스,269000.0,154293.0,269414.0,41504817000.0,72472366000.0,KOSPI,1.51
066970,엘앤에프,121600.0,1067482.0,1782057.0,129805811200.0,216698131200.0,KOSPI,16.36
229200,KODEX 코스닥150,14075.0,27489330.0,27489330.0,386912319750.0,386912319750.0,KOSPI,1.92
036570,NC,226000.0,49843.0,63807.0,11264518000.0,14420382000.0,KOSPI,0.67
034220,LG디스플레이,9550.0,1765277.0,1765277.0,16858395350.0,16858395350.0,KOSPI,0.53
051900,LG생활건강,316000.0,51262.0,71499.0,16198792000.0,22593684000.0,KOSPI,0.96
000500,가온전선,157500.0,69377.0,132637.0,10926877500.0,20890327500.0,KOSPI,-0.44
088980,맥쿼리인프라,9780.0,1427772.0,1427772.0,13963610160.0,13963610160.0,KOSPI,2.52
005385,현대차우,196000.0,59537.0,59537.0,11669252000.0,11669252000.0,KOSPI,-0.51
088350,한화생명,5240.0,2649919.0,2649919.0,13885575560.0,13885575560.0,KOSPI,-4.2
454910,두산로보틱스,69700.0,245083.0,245083.0,17082285100.0,17082285100.0,KOSPI,-1.69
138930,BNK금융지주,14360.0,616046.0,718774.0,8846420560.0,10321594640.0,KOSPI,0.35
148020,RISE 200,106735.0,1061028.0,1061028.0,113248823580.0,113248823580.0,KOSPI,-3.64
458730,TIGER 미국배당다우존스,15355.0,2261298.0,2261298.0,34722230790.0,34722230790.0,KOSPI,0.43
001450,현대해상,50600.0,445133.0,561709.0,22523729800.0,28422475400.0,KOSPI,1.71
310970,TIGER MSCI Korea TR,47475.0,12756.0,12756.0,605591100.0,605591100.0,KOSPI,-4.34
411060,ACE KRX금현물,29065.0,2163687.0,2163687.0,62887562655.0,62887562655.0,KOSPI,2.16
011790,SKC,85100.0,97392.0,166377.0,8288059200.0,14158682700.0,KOSPI,2.04
0162Z0,RISE 삼성전자SK하이닉스채권혼합50,13305.0,7781113.0,7781113.0,103527708465.0,103527708465.0,KOSPI,-2.99
360200,ACE 미국S&P500,26520.0,548989.0,548989.0,14559188280.0,14559188280.0,KOSPI,-0.24
395160,KODEX AI반도체TOP2플러스,38450.0,3913665.0,3913665.0,150480419250.0,150480419250.0,KOSPI,-4.56
002380,KCC,452000.0,33207.0,45227.0,15009564000.0,20442604000.0,KOSPI,-6.61
008930,한미사이언스,56500.0,4107170.0,9675077.0,232055105000.0,546641850500.0,KOSPI,25.7
000990,DB하이텍,87100.0,252872.0,356254.0,22025151200.0,31029723400.0,KOSPI,-2.9
004170,신세계,400500.0,55542.0,68463.0,22244571000.0,27419431500.0,KOSPI,0.0
082740,한화엔진,44900.0,481019.0,700489.0,21597753100.0,31451956100.0,KOSPI,1.81
004020,현대제철,28000.0,426553.0,577847.0,11943484000.0,16179716000.0,KOSPI,3.7
381170,TIGER 미국테크TOP10 INDXX,30200.0,295563.0,295563.0,8926002600.0,8926002600.0,KOSPI,-0.74
001040,CJ,127200.0,151170.0,195779.0,19228824000.0,24903088800.0,KOSPI,4.86
018880,한온시스템,3525.0,2538640.0,2538640.0,8948706000.0,8948706000.0,KOSPI,3.68
423160,KODEX KOFR금리액티브(합성),110860.0,81282.0,81282.0,9010922520.0,9010922520.0,KOSPI,0.01
357870,TIGER CD금리투자KIS(합성),57950.0,192740.0,192740.0,11169283000.0,11169283000.0,KOSPI,0.01
085620,미래에셋생명,26100.0,460639.0,460639.0,12022677900.0,12022677900.0,KOSPI,6.75
395270,HANARO Fn K-반도체,54620.0,777254.0,777254.0,42453613480.0,42453613480.0,KOSPI,-4.37
052690,한전기술,90300.0,100617.0,518484.0,9085715100.0,46819105200.0,KOSPI,-1.31
233740,KODEX 코스닥150레버리지,7010.0,83740070.0,83740070.0,587017890700.0,587017890700.0,KOSPI,3.93
367380,ACE 미국나스닥100,30585.0,971939.0,971939.0,29726754315.0,29726754315.0,KOSPI,-0.99
0043B0,TIGER 머니마켓액티브,103440.0,122859.0,122859.0,12708534960.0,12708534960.0,KOSPI,0.01
161890,한국콜마,143300.0,318949.0,517263.0,45705391700.0,74123787900.0,KOSPI,4.83
028670,팬오션,6320.0,9194658.0,9194658.0,58110238560.0,58110238560.0,KOSPI,8.03
036460,한국가스공사,36500.0,88399.0,132864.0,3226563500.0,4849536000.0,KOSPI,2.38
111770,영원무역,75900.0,59619.0,67875.0,4525082100.0,5151712500.0,KOSPI,1.61
273130,KODEX 종합채권(AA-이상)액티브,109640.0,11094.0,11094.0,1216346160.0,1216346160.0,KOSPI,0.22
102780,KODEX 삼성그룹,25375.0,507862.0,507862.0,12886998250.0,12886998250.0,KOSPI,-4.1
192820,코스맥스,286000.0,214445.0,301987.0,61331270000.0,86368282000.0,KOSPI,5.54
103590,일진전기,66100.0,146438.0,306128.0,9679551800.0,20235060800.0,KOSPI,0.76
251270,넷마블,37900.0,108512.0,137648.0,4112604800.0,5216859200.0,KOSPI,2.29
022100,포스코DX,20600.0,319251.0,455349.0,6576570600.0,9380189400.0,KOSPI,5.59
009420,한올바이오파마,59800.0,424500.0,589136.0,25385100000.0,35230332800.0,KOSPI,5.84
035250,강원랜드,14490.0,179487.0,243989.0,2600766630.0,3535400610.0,KOSPI,1.26
455890,RISE 머니마켓액티브,55435.0,124932.0,124932.0,6925605420.0,6925605420.0,KOSPI,0.01
011780,금호석유화학,120000.0,91884.0,101868.0,11026080000.0,12224160000.0,KOSPI,2.39
012750,에스원,79300.0,31228.0,37325.0,2476380400.0,2959872500.0,KOSPI,3.26
302440,SK바이오사이언스,38300.0,106982.0,223108.0,4097410600.0,8545036400.0,KOSPI,4.93
031210,서울보증보험,42750.0,70193.0,80097.0,3000750750.0,3424146750.0,KOSPI,0.94
487240,KODEX AI전력핵심설비,33600.0,1921402.0,1921402.0,64559107200.0,64559107200.0,KOSPI,0.75
483650,달바글로벌,232500.0,140132.0,251840.0,32580690000.0,58552800000.0,KOSPI,7.39
006360,GS건설,33900.0,1183440.0,1183440.0,40118616000.0,40118616000.0,KOSPI,1.95
017800,현대엘리베이터,73500.0,131242.0,191654.0,9646287000.0,14086569000.0,KOSPI,1.8
097950,CJ제일제당,189600.0,83336.0,114537.0,15800505600.0,21716215200.0,KOSPI,3.04
007340,DN오토모티브,47800.0,353715.0,548188.0,16907577000.0,26203386400.0,KOSPI,8.14
004370,농심,455500.0,51099.0,69805.0,23275594500.0,31796177500.0,KOSPI,5.32
023530,롯데쇼핑,96200.0,78119.0,98585.0,7515047800.0,9483877000.0,KOSPI,-0.52
139130,iM금융지주,17110.0,291761.0,326676.0,4992030710.0,5589426360.0,KOSPI,-0.41
139260,TIGER 200 IT,133270.0,295603.0,295603.0,39395011810.0,39395011810.0,KOSPI,-2.51
375500,DL이앤씨,68600.0,109361.0,109361.0,7502164600.0,7502164600.0,KOSPI,0.59
450080,에코프로머티,37350.0,375452.0,375452.0,14023132200.0,14023132200.0,KOSPI,9.05
026960,동서,26250.0,58578.0,85593.0,1537672500.0,2246816250.0,KOSPI,2.14
004800,효성,155000.0,11173.0,12754.0,1731815000.0,1976870000.0,KOSPI,-0.58
481050,KODEX CD1년금리플러스액티브(합성),1023670.0,34482.0,34482.0,35298188940.0,35298188940.0,KOSPI,0.01
336260,두산퓨얼셀,39150.0,964112.0,1655641.0,37744984800.0,64818345150.0,KOSPI,5.81
001720,신영증권,155100.0,5169.0,6132.0,801711900.0,951073200.0,KOSPI,-2.33
003690,코리안리,14380.0,156373.0,204786.0,2248643740.0,2944822680.0,KOSPI,-1.1
489790,한화비전,50300.0,97306.0,155547.0,4894491800.0,7824014100.0,KOSPI,-1.76
282330,BGF리테일,145900.0,52193.0,55489.0,7614958700.0,8095845100.0,KOSPI,3.18
005850,에스엘,53500.0,73132.0,93761.0,3912562000.0,5016213500.0,KOSPI,2.1
449170,TIGER KOFR금리액티브(합성),111675.0,58905.0,58905.0,6578215875.0,6578215875.0,KOSPI,0.01
383220,F&F,63500.0,43054.0,52869.0,2733929000.0,3357181500.0,KOSPI,2.09
204320,HL만도,51100.0,245902.0,245902.0,12565592200.0,12565592200.0,KOSPI,-0.78
426030,TIME 미국나스닥100액티브,44370.0,609862.0,609862.0,27059576940.0,27059576940.0,KOSPI,-3.16
472150,TIGER 배당커버드콜액티브,20290.0,5941845.0,5941845.0,120560035050.0,120560035050.0,KOSPI,-3.93
011170,롯데케미칼,55200.0,63545.0,87006.0,3507684000.0,4802731200.0,KOSPI,1.66
161510,PLUS 고배당주,24780.0,420655.0,420655.0,10423830900.0,10423830900.0,KOSPI,0.32
0193T0,KODEX SK하이닉스단일종목레버리지,9915.0,27442434.0,27442434.0,272091733110.0,272091733110.0,KOSPI,-6.73
278540,KODEX MSCI Korea TR,37780.0,8831.0,8831.0,333635180.0,333635180.0,KOSPI,-4.37
486290,TIGER 미국나스닥100타겟데일리커버드콜,10490.0,1602239.0,1602239.0,16807487110.0,16807487110.0,KOSPI,-1.13
103140,풍산,82200.0,133992.0,207864.0,11014142400.0,17086420800.0,KOSPI,5.66
004990,롯데지주,23100.0,95344.0,124080.0,2202446400.0,2866248000.0,KOSPI,1.32
181710,NHN,70000.0,237714.0,237714.0,16639980000.0,16639980000.0,KOSPI,-6.91
000240,한국앤컴퍼니,23900.0,67358.0,78194.0,1609856200.0,1868836600.0,KOSPI,2.8
007070,GS리테일,27000.0,101406.0,124714.0,2737962000.0,3367278000.0,KOSPI,4.65
279570,케이뱅크,5550.0,481377.0,481377.0,2671642350.0,2671642350.0,KOSPI,-1.25
081660,미스토홀딩스,42300.0,94348.0,100416.0,3990920400.0,4247596800.0,KOSPI,1.32
009970,영원무역홀딩스,172000.0,6996.0,8588.0,1203312000.0,1477136000.0,KOSPI,3.24
014680,한솔케미칼,205000.0,30727.0,36112.0,6299035000.0,7402960000.0,KOSPI,1.99
030000,제일기획,19110.0,331992.0,404485.0,6344367120.0,7729708350.0,KOSPI,1.11
018670,SK가스,234000.0,12910.0,14168.0,3020940000.0,3315312000.0,KOSPI,0.21
005440,현대지에프홀딩스,11690.0,178315.0,227750.0,2084502350.0,2662397500.0,KOSPI,2.54
456600,TIME 글로벌AI인공지능액티브,56265.0,157030.0,157030.0,8835292950.0,8835292950.0,KOSPI,-3.32
073240,금호타이어,7190.0,2047270.0,4644901.0,14719871300.0,33396838190.0,KOSPI,-0.83
002790,아모레퍼시픽홀딩스,26500.0,87054.0,131452.0,2306931000.0,3483478000.0,KOSPI,1.92
284430,KODEX 200미국채혼합50,20705.0,898491.0,898491.0,18603256155.0,18603256155.0,KOSPI,-2.01
292150,TIGER 코리아TOP10,37465.0,342329.0,342329.0,12825355985.0,12825355985.0,KOSPI,-2.98
069960,현대백화점,93700.0,102482.0,127408.0,9602563400.0,11938129600.0,KOSPI,0.32
139480,이마트,72600.0,96250.0,121428.0,6987750000.0,8815672800.0,KOSPI,0.97
112610,씨에스윈드,47150.0,160150.0,160150.0,7551072500.0,7551072500.0,KOSPI,1.29
051600,한전KPS,44150.0,89051.0,156946.0,3931601650.0,6929165900.0,KOSPI,0.8
457190,이수스페셜티케미컬,64200.0,120662.0,220901.0,7746500400.0,14181844200.0,KOSPI,6.82
385540,RISE 종합채권(A-이상)액티브,102740.0,3819.0,3819.0,392364060.0,392364060.0,KOSPI,0.22
462870,시프트업,31800.0,20227.0,34898.0,643218600.0,1109756400.0,KOSPI,0.0
439260,대한조선,48650.0,26421.0,43975.0,1285381650.0,2139383750.0,KOSPI,-0.82
214980,KODEX 단기채권PLUS,114565.0,19395.0,19395.0,2221988175.0,2221988175.0,KOSPI,0.01
475150,SK이터닉스,53200.0,1952710.0,1952710.0,103884172000.0,103884172000.0,KOSPI,3.7
294400,KIWOOM 200TR,139165.0,55343.0,55343.0,7701808595.0,7701808595.0,KOSPI,-3.56
105190,ACE 200,106235.0,221131.0,221131.0,23491851785.0,23491851785.0,KOSPI,-3.58
395400,SK리츠,5680.0,154103.0,154103.0,875305040.0,875305040.0,KOSPI,0.0
071970,HD현대마린엔진,50100.0,161416.0,262709.0,8086941600.0,13161720900.0,KOSPI,0.8
020150,롯데에너지머티리얼즈,32350.0,213684.0,313279.0,6912677400.0,10134575650.0,KOSPI,9.85
006040,동원산업,38300.0,24966.0,30506.0,956197800.0,1168379800.0,KOSPI,1.46
000120,CJ대한통운,73900.0,34682.0,45022.0,2562999800.0,3327125800.0,KOSPI,0.68
305720,KODEX 2차전지산업,14560.0,3273906.0,3273906.0,47668071360.0,47668071360.0,KOSPI,6.24
442580,PLUS 글로벌HBM반도체,98240.0,355490.0,355490.0,34923337600.0,34923337600.0,KOSPI,-5.17
089860,롯데렌탈,46200.0,134171.0,178823.0,6198700200.0,8261622600.0,KOSPI,0.65
441640,KODEX 미국배당커버드콜액티브,12705.0,702961.0,702961.0,8931119505.0,8931119505.0,KOSPI,-0.27
477080,RISE CD금리액티브(합성),107385.0,6925.0,6925.0,743641125.0,743641125.0,KOSPI,0.0
008770,호텔신라,42400.0,119229.0,169473.0,5055309600.0,7185655200.0,KOSPI,0.24
023590,다우기술,38150.0,16694.0,27635.0,636876100.0,1054275250.0,KOSPI,-1.93
011210,현대위아,60400.0,35237.0,55617.0,2128314800.0,3359266800.0,KOSPI,1.68
000155,두산우,400000.0,3473.0,3473.0,1389200000.0,1389200000.0,KOSPI,1.27
329200,TIGER 리츠부동산인프라,4115.0,1343006.0,1343006.0,5526469690.0,5526469690.0,KOSPI,0.24
001800,오리온홀딩스,25650.0,60132.0,75016.0,1542385800.0,1924160400.0,KOSPI,0.59
610063,메리츠 KIS CD금리투자 ETN,55710.0,10.0,10.0,557100.0,557100.0,KOSPI,0.01
0177N0,KODEX 삼성전자SK하이닉스채권혼합50,14060.0,4888055.0,4888055.0,68726053300.0,68726053300.0,KOSPI,-3.0
368590,RISE 미국나스닥100,29680.0,194828.0,194828.0,5782495040.0,5782495040.0,KOSPI,-1.0
446770,ACE 글로벌반도체TOP4 Plus,75680.0,70420.0,70420.0,5329385600.0,5329385600.0,KOSPI,-2.56
006280,녹십자,130300.0,41331.0,65835.0,5385429300.0,8578300500.0,KOSPI,6.72
097230,HJ중공업,16810.0,167644.0,167644.0,2818095640.0,2818095640.0,KOSPI,-0.77
0193W0,KODEX 삼성전자단일종목레버리지,11705.0,13496173.0,13496173.0,157972704965.0,157972704965.0,KOSPI,-16.96
00680K,미래에셋증권2우B,11070.0,147358.0,147358.0,1631253060.0,1631253060.0,KOSPI,-0.09
453850,ACE 미국30년국채액티브(H),7170.0,736347.0,736347.0,5279607990.0,5279607990.0,KOSPI,0.28
120110,코오롱인더,50300.0,108449.0,201189.0,5454984700.0,10119806700.0,KOSPI,1.31
001430,세아베스틸지주,41800.0,115694.0,142511.0,4836009200.0,5956959800.0,KOSPI,6.23
152100,PLUS 200,107615.0,292492.0,292492.0,31476526580.0,31476526580.0,KOSPI,-3.61
001120,LX인터내셔널,38150.0,84666.0,104643.0,3230007900.0,3992130450.0,KOSPI,0.66
379780,RISE 미국S&P500,22930.0,163098.0,163098.0,3739837140.0,3739837140.0,KOSPI,-0.3
020560,아시아나항공,7070.0,38547.0,58673.0,272527290.0,414818110.0,KOSPI,1.14
475630,TIGER CD1년금리액티브(합성),1075185.0,58816.0,58816.0,63238080960.0,63238080960.0,KOSPI,0.01
069620,대웅제약,124600.0,23186.0,31172.0,2888975600.0,3884031200.0,KOSPI,4.27
294870,IPARK현대산업개발,21900.0,68295.0,93839.0,1495660500.0,2055074100.0,KOSPI,1.39
466920,SOL 조선TOP3플러스,27130.0,619080.0,619080.0,16795640400.0,16795640400.0,KOSPI,-0.06
487230,KODEX 미국AI전력핵심인프라,19025.0,780904.0,780904.0,14856698600.0,14856698600.0,KOSPI,-2.76
0195S0,TIGER SK하이닉스단일종목레버리지,8400.0,12458376.0,12458376.0,104650358400.0,104650358400.0,KOSPI,-6.72
322000,HD현대에너지솔루션,124800.0,175535.0,175535.0,21906768000.0,21906768000.0,KOSPI,-0.48
298020,효성티앤씨,317500.0,13648.0,16434.0,4333240000.0,5217795000.0,KOSPI,1.76
436140,SOL 종합채권(AA-이상)액티브,105985.0,1324.0,1324.0,140324140.0,140324140.0,KOSPI,0.14
001740,SK네트웍스,6780.0,1036494.0,1036494.0,7027429320.0,7027429320.0,KOSPI,-0.44
009155,삼성전기우,462000.0,32561.0,32561.0,15043182000.0,15043182000.0,KOSPI,0.22
232080,TIGER 코스닥150,14370.0,4878060.0,4878060.0,70097722200.0,70097722200.0,KOSPI,2.06
007310,오뚜기,333000.0,5032.0,6416.0,1675656000.0,2136528000.0,KOSPI,3.1
005070,코스모신소재,39950.0,109419.0,187830.0,4371289050.0,7503808500.0,KOSPI,6.53
007810,코리아써키트,55300.0,257914.0,465772.0,14262644200.0,25757191600.0,KOSPI,1.28
229640,LS에코에너지,42900.0,39166.0,62416.0,1680221400.0,2677646400.0,KOSPI,0.59
093370,후성,12220.0,3683732.0,3683732.0,45015205040.0,45015205040.0,KOSPI,2.35
091230,TIGER 반도체,128700.0,106327.0,106327.0,13684284900.0,13684284900.0,KOSPI,-3.96
157450,TIGER 단기통안채,112470.0,10200.0,10200.0,1147194000.0,1147194000.0,KOSPI,0.0
281820,케이씨텍,65000.0,93619.0,148090.0,6085235000.0,9625850000.0,KOSPI,1.88
0072R0,TIGER KRX금현물,13880.0,1936836.0,1936836.0,26883283680.0,26883283680.0,KOSPI,2.28
226490,KODEX 코스피,68940.0,145150.0,145150.0,10006641000.0,10006641000.0,KOSPI,-2.75
012630,HDC,21250.0,16585.0,21247.0,352431250.0,451498750.0,KOSPI,0.47
448330,KODEX 삼성전자채권혼합,17320.0,806742.0,806742.0,13972771440.0,13972771440.0,KOSPI,-2.4
361610,SK아이이테크놀로지,15310.0,187224.0,292500.0,2866399440.0,4478175000.0,KOSPI,9.75
192080,더블유게임즈,58800.0,24178.0,29248.0,1421666400.0,1719782400.0,KOSPI,-1.01
415640,KB발해인프라,10150.0,131868.0,131868.0,1338460200.0,1338460200.0,KOSPI,-1.46
003540,대신증권,25950.0,48052.0,69552.0,1246949400.0,1804874400.0,KOSPI,0.19
390390,KODEX 미국반도체,51780.0,555047.0,555047.0,28740333660.0,28740333660.0,KOSPI,-2.91
438080,ACE 미국S&P500미국채혼합50액티브,14040.0,364364.0,364364.0,5115670560.0,5115670560.0,KOSPI,-0.32
000815,삼성화재우,405000.0,10348.0,10348.0,4190940000.0,4190940000.0,KOSPI,-2.88
280360,롯데웰푸드,130100.0,23613.0,28855.0,3072051300.0,3754035500.0,KOSPI,1.4
300720,한일시멘트,16210.0,199177.0,288868.0,3228659170.0,4682550280.0,KOSPI,4.45
066575,LG전자우,68900.0,53711.0,53711.0,3700687900.0,3700687900.0,KOSPI,2.53
004000,롯데정밀화학,45600.0,33088.0,50986.0,1508812800.0,2324961600.0,KOSPI,3.28
017960,한국카본,22750.0,164520.0,284724.0,3742830000.0,6477471000.0,KOSPI,0.89
0183J0,TIGER 미국우주테크,7970.0,1590496.0,1590496.0,12676253120.0,12676253120.0,KOSPI,-1.54
030610,교보증권,10000.0,23917.0,40763.0,239170000.0,407630000.0,KOSPI,-0.3
330590,롯데리츠,3930.0,135519.0,135519.0,532589670.0,532589670.0,KOSPI,0.26
000080,하이트진로,15500.0,93516.0,121759.0,1449498000.0,1887264500.0,KOSPI,1.71
469150,ACE AI반도체TOP3+,55555.0,276155.0,276155.0,15341791025.0,15341791025.0,KOSPI,-3.84
445290,KODEX 로봇액티브,30815.0,215522.0,215522.0,6641310430.0,6641310430.0,KOSPI,-1.46
494890,KODEX 200액티브,30585.0,123644.0,123644.0,3781651740.0,3781651740.0,KOSPI,-3.47
497570,TIGER 미국필라델피아AI반도체나스닥,20955.0,478898.0,478898.0,10035307590.0,10035307590.0,KOSPI,-2.6
446720,SOL 미국배당다우존스,14075.0,320537.0,320537.0,4511558275.0,4511558275.0,KOSPI,0.36
003530,한화투자증권,4850.0,5100053.0,5100053.0,24735257050.0,24735257050.0,KOSPI,-0.41
032350,롯데관광개발,12980.0,107796.0,170045.0,1399192080.0,2207184100.0,KOSPI,1.8
449450,PLUS K방산,53055.0,180599.0,180599.0,9581679945.0,9581679945.0,KOSPI,1.4
465580,ACE 미국빅테크TOP7 Plus,23780.0,357409.0,357409.0,8499186020.0,8499186020.0,KOSPI,-0.83
479520,RISE KOFR금리액티브(합성),106285.0,2097.0,2097.0,222879645.0,222879645.0,KOSPI,0.0
530031,삼성 레버리지 WTI원유 선물 ETN,2550.0,512264.0,512264.0,1306273200.0,1306273200.0,KOSPI,-2.49
356540,ACE 종합채권(AA-이상)액티브,101075.0,410.0,410.0,41440750.0,41440750.0,KOSPI,0.24
449180,KODEX 미국S&P500(H),17090.0,397248.0,397248.0,6788968320.0,6788968320.0,KOSPI,0.09
006340,대원전선,12880.0,2020694.0,2020694.0,26026538720.0,26026538720.0,KOSPI,-2.79
469830,SOL 초단기채권액티브,54335.0,149423.0,149423.0,8118898705.0,8118898705.0,KOSPI,0.02
192400,쿠쿠홀딩스,28100.0,28642.0,38329.0,804840200.0,1077044900.0,KOSPI,0.72
451540,TIGER 종합채권(AA-이상)액티브,52680.0,6101.0,6101.0,321400680.0,321400680.0,KOSPI,0.17
003240,태광산업,893000.0,1941.0,2135.0,1733313000.0,1906555000.0,KOSPI,3.72
451800,한화리츠,5530.0,115901.0,115901.0,640932530.0,640932530.0,KOSPI,0.91
003570,SNT다이내믹스,29850.0,15288.0,30911.0,456346800.0,922693350.0,KOSPI,1.53
003090,대웅,17070.0,68259.0,82666.0,1165181130.0,1411108620.0,KOSPI,4.79
760009,키움 CD금리투자 ETN,107250.0,84.0,84.0,9009000.0,9009000.0,KOSPI,0.0
000210,DL,46900.0,30690.0,44968.0,1439361000.0,2108999200.0,KOSPI,0.43
295040,SOL 200TR,39750.0,152865.0,152865.0,6076383750.0,6076383750.0,KOSPI,-3.6
402970,ACE 미국배당다우존스,15595.0,386651.0,386651.0,6029822345.0,6029822345.0,KOSPI,0.29
494300,KODEX 미국나스닥100데일리커버드콜OTM,9070.0,1551658.0,1551658.0,14073538060.0,14073538060.0,KOSPI,-1.04
479080,1Q 머니마켓액티브,53725.0,23598.0,23598.0,1267802550.0,1267802550.0,KOSPI,0.01
315930,KODEX Top5PlusTR,79815.0,21252.0,21252.0,1696228380.0,1696228380.0,KOSPI,-2.62
237350,KODEX 코스피100,84895.0,171760.0,171760.0,14581565200.0,14581565200.0,KOSPI,-3.3
455850,SOL AI반도체소부장,22755.0,1041981.0,1041981.0,23710277655.0,23710277655.0,KOSPI,0.02
001820,삼화콘덴서,92400.0,279691.0,279691.0,25843448400.0,25843448400.0,KOSPI,1.99
185750,종근당,69100.0,19902.0,27898.0,1375228200.0,1927751800.0,KOSPI,3.29
494310,KODEX 반도체레버리지,71590.0,2570191.0,2570191.0,183999973690.0,183999973690.0,KOSPI,-7.03
051915,LG화학우,123600.0,15458.0,15458.0,1910608800.0,1910608800.0,KOSPI,4.48
495050,RISE 코리아밸류업,31840.0,76295.0,76295.0,2429232800.0,2429232800.0,KOSPI,-1.8
077970,STX엔진,23400.0,103837.0,188440.0,2429785800.0,4409496000.0,KOSPI,-0.21
0117V0,TIGER 코리아AI전력기기TOP3플러스,17580.0,1374285.0,1374285.0,24159930300.0,24159930300.0,KOSPI,1.03
009450,경동나비엔,63900.0,16039.0,22837.0,1024892100.0,1459284300.0,KOSPI,0.95
438100,ACE 미국나스닥100미국채혼합50액티브,15115.0,371134.0,371134.0,5609690410.0,5609690410.0,KOSPI,-0.69
030190,NICE평가정보,15690.0,50255.0,59105.0,788500950.0,927357450.0,KOSPI,4.67
0117L0,KODEX 26-12 금융채(AA-이상)액티브,10155.0,14706.0,14706.0,149339430.0,149339430.0,KOSPI,0.05
009240,한샘,39150.0,40437.0,48987.0,1583108550.0,1917841050.0,KOSPI,2.89
305540,TIGER 2차전지테마,18500.0,415963.0,415963.0,7695315500.0,7695315500.0,KOSPI,6.57
005300,롯데칠성,98000.0,11292.0,13790.0,1106616000.0,1351420000.0,KOSPI,1.45
0195R0,TIGER 삼성전자단일종목레버리지,10660.0,10028912.0,10028912.0,106908201920.0,106908201920.0,KOSPI,-17.01
195870,해성디에스,52700.0,45516.0,74404.0,2398693200.0,3921090800.0,KOSPI,1.15
006120,SK디스커버리,51000.0,8767.0,10586.0,447117000.0,539886000.0,KOSPI,-0.39
006110,삼아알미늄,58700.0,468115.0,733822.0,27478350500.0,43075351400.0,KOSPI,21.91
005090,SGC에너지,61000.0,177998.0,247189.0,10857878000.0,15078529000.0,KOSPI,-2.87
003470,유안타증권,4550.0,206825.0,206825.0,941053750.0,941053750.0,KOSPI,0.11
034230,파라다이스,9440.0,184038.0,321102.0,1737318720.0,3031202880.0,KOSPI,1.94
079160,CJ CGV,5260.0,396163.0,396163.0,2083817380.0,2083817380.0,KOSPI,3.14
487340,ACE 머니마켓액티브,105775.0,8557.0,8557.0,905116675.0,905116675.0,KOSPI,0.01
071055,한국금융지주우,147600.0,8221.0,8221.0,1213419600.0,1213419600.0,KOSPI,-1.27
285130,SK케미칼,49800.0,68147.0,83184.0,3393720600.0,4142563200.0,KOSPI,0.4
071320,지역난방공사,72900.0,8033.0,13970.0,585605700.0,1018413000.0,KOSPI,0.55
000370,한화손해보험,7120.0,526337.0,526337.0,3747519440.0,3747519440.0,KOSPI,-3.13
144600,KODEX 은선물(H),11230.0,828393.0,828393.0,9302853390.0,9302853390.0,KOSPI,0.09
475720,RISE 200위클리커버드콜,12690.0,1030444.0,1030444.0,13076334360.0,13076334360.0,KOSPI,-1.63
005180,빙그레,88000.0,124475.0,198349.0,10953800000.0,17454712000.0,KOSPI,3.77
153130,KODEX 단기채권,113210.0,117841.0,117841.0,13340779610.0,13340779610.0,KOSPI,0.0
100090,SK오션플랜트,13000.0,294278.0,294278.0,3825614000.0,3825614000.0,KOSPI,-0.23
498410,KODEX 금융고배당TOP10타겟위클리커버드콜,11495.0,1199886.0,1199886.0,13792689570.0,13792689570.0,KOSPI,-0.04
0177R0,TIGER 반도체TOP10커버드콜액티브,10890.0,1753841.0,1753841.0,19099328490.0,19099328490.0,KOSPI,-3.8
004490,세방전지,57100.0,37069.0,50994.0,2116639900.0,2911757400.0,KOSPI,4.77
457480,ACE 테슬라밸류체인액티브,19010.0,756135.0,756135.0,14374126350.0,14374126350.0,KOSPI,2.54
137310,에스디바이오센서,6470.0,792370.0,2125710.0,5126633900.0,13753343700.0,KOSPI,9.29
476550,TIGER 미국30년국채커버드콜액티브(H),6835.0,957478.0,957478.0,6544362130.0,6544362130.0,KOSPI,0.07
114800,KODEX 인버스,1040.0,886718840.0,886718840.0,922187593600.0,922187593600.0,KOSPI,3.69
0025N0,TIGER TDF2045 적격,12000.0,194537.0,194537.0,2334444000.0,2334444000.0,KOSPI,0.0
441800,TIME Korea플러스배당액티브,28270.0,170055.0,170055.0,4807454850.0,4807454850.0,KOSPI,-2.74
499790,GS피앤엘,39050.0,69672.0,81498.0,2720691600.0,3182496900.0,KOSPI,-1.88
003850,보령,9000.0,86482.0,95017.0,778338000.0,855153000.0,KOSPI,0.67
0048J0,KODEX 미국머니마켓액티브,13825.0,469085.0,469085.0,6485100125.0,6485100125.0,KOSPI,-0.4
481060,KODEX 미국30년국채타겟커버드콜(합성 H),7415.0,403729.0,403729.0,2993650535.0,2993650535.0,KOSPI,0.0
466940,TIGER 은행고배당플러스TOP10,25375.0,301539.0,301539.0,7651552125.0,7651552125.0,KOSPI,-0.67
371460,TIGER 차이나전기차SOLACTIVE,10410.0,103082.0,103082.0,1073083620.0,1073083620.0,KOSPI,-1.42
214320,이노션,18900.0,42488.0,52195.0,803023200.0,986485500.0,KOSPI,0.59
490590,RISE 미국AI밸류체인데일리고정커버드콜,13905.0,750167.0,750167.0,10431072135.0,10431072135.0,KOSPI,-2.52
365550,ESR켄달스퀘어리츠,3015.0,663971.0,663971.0,2001872565.0,2001872565.0,KOSPI,1.01
298050,HS효성첨단소재,165500.0,12252.0,14426.0,2027706000.0,2387503000.0,KOSPI,3.05
036530,SNT홀딩스,45400.0,14690.0,21997.0,666926000.0,998663800.0,KOSPI,-2.26
272580,TIGER 단기채권액티브,57055.0,16834.0,16834.0,960463870.0,960463870.0,KOSPI,-0.01
069660,KIWOOM 200,105875.0,62484.0,62484.0,6615493500.0,6615493500.0,KOSPI,-3.66
0061Z0,RISE 단기특수은행채액티브,50960.0,56.0,56.0,2853760.0,2853760.0,KOSPI,-0.01
000670,영풍,39450.0,42180.0,51787.0,1664001000.0,2042997150.0,KOSPI,5.76
462330,KODEX 2차전지산업레버리지,1035.0,82923941.0,82923941.0,85826278935.0,85826278935.0,KOSPI,13.11
456040,OCI,80200.0,15401.0,24313.0,1235160200.0,1949902600.0,KOSPI,0.12
458760,TIGER 미국배당다우존스타겟커버드콜2호,11280.0,274519.0,274519.0,3096574320.0,3096574320.0,KOSPI,0.18
252670,KODEX 200선물인버스2X,80.0,6024768469.0,6024768469.0,481981477520.0,481981477520.0,KOSPI,8.11
064960,SNT모티브,26450.0,57385.0,69101.0,1517833250.0,1827721450.0,KOSPI,1.34
102970,KODEX 증권,17895.0,571283.0,571283.0,10223109285.0,10223109285.0,KOSPI,-1.78
093050,LF,23500.0,37036.0,43916.0,870346000.0,1032026000.0,KOSPI,4.44
005880,대한해운,2120.0,2531250.0,2531250.0,5366250000.0,5366250000.0,KOSPI,3.67
456610,TIGER 미국달러SOFR금리액티브(합성),59920.0,72380.0,72380.0,4337009600.0,4337009600.0,KOSPI,-0.39
0127P0,ACE 미국대형성장주액티브,10485.0,132001.0,132001.0,1384030485.0,1384030485.0,KOSPI,-0.52
364980,TIGER 2차전지TOP10,10105.0,3398865.0,3398865.0,34345530825.0,34345530825.0,KOSPI,5.32
495850,KODEX 코리아밸류업,31600.0,168766.0,168766.0,5333005600.0,5333005600.0,KOSPI,-2.35
317450,명인제약,45900.0,9979.0,14513.0,458036100.0,666146700.0,KOSPI,1.1
138540,TIGER 현대차그룹플러스,51205.0,110255.0,110255.0,5645607275.0,5645607275.0,KOSPI,0.72
094800,맵스리얼티,7200.0,137830.0,137830.0,992376000.0,992376000.0,KOSPI,2.13
005690,파미셀,11110.0,1632733.0,1632733.0,18139663630.0,18139663630.0,KOSPI,4.22
268280,미원에스씨,132900.0,4837.0,5563.0,642837300.0,739322700.0,KOSPI,1.14
385560,RISE KIS국고채30년Enhanced,50710.0,21696.0,21696.0,1100204160.0,1100204160.0,KOSPI,0.61
0167B0,SOL 200타겟위클리커버드콜,11740.0,1246717.0,1246717.0,14636457580.0,14636457580.0,KOSPI,-2.89
002960,한국쉘석유,507000.0,901.0,1125.0,456807000.0,570375000.0,KOSPI,-0.2
367760,RISE 네트워크인프라,55750.0,108646.0,108646.0,6057014500.0,6057014500.0,KOSPI,-2.6
069260,TKG휴켐스,15980.0,32735.0,40628.0,523105300.0,649235440.0,KOSPI,1.59
290130,RISE ESG사회책임투자,46260.0,64407.0,64407.0,2979467820.0,2979467820.0,KOSPI,-3.34
314250,KODEX 미국빅테크10(H),61200.0,51588.0,51588.0,3157185600.0,3157185600.0,KOSPI,-0.49
033240,자화전자,29850.0,116750.0,201327.0,3484987500.0,6009610950.0,KOSPI,2.05
293940,신한알파리츠,5330.0,150485.0,150485.0,802085050.0,802085050.0,KOSPI,1.52
0219E0,KODEX 200커버드콜액티브,8390.0,6970495.0,6970495.0,58482453050.0,58482453050.0,KOSPI,-3.67
003160,디아이,22750.0,101652.0,178887.0,2312583000.0,4069679250.0,KOSPI,-2.57
001060,JW중외제약,27600.0,83208.0,159441.0,2296540800.0,4400571600.0,KOSPI,4.55
482730,TIGER 미국S&P500타겟데일리커버드콜,11860.0,492842.0,492842.0,5845106120.0,5845106120.0,KOSPI,-0.25
434730,HANARO 원자력iSelect,54230.0,109568.0,109568.0,5941872640.0,5941872640.0,KOSPI,0.45
002350,넥센타이어,6530.0,42494.0,42494.0,277485820.0,277485820.0,KOSPI,2.03
017940,E1,92500.0,6992.0,7888.0,646760000.0,729640000.0,KOSPI,0.11
434060,KODEX TDF2050액티브 적격,16810.0,89476.0,89476.0,1504091560.0,1504091560.0,KOSPI,-0.24
001680,대상,18030.0,137322.0,177005.0,2475915660.0,3191400150.0,KOSPI,4.1
014820,동원시스템즈,21500.0,36388.0,45044.0,782342000.0,968446000.0,KOSPI,4.62
383800,LX홀딩스,8150.0,62234.0,86123.0,507207100.0,701902450.0,KOSPI,0.87
453340,현대그린푸드,19140.0,66560.0,93203.0,1273958400.0,1783905420.0,KOSPI,6.51
000640,동아쏘시오홀딩스,92200.0,12197.0,14796.0,1124563400.0,1364191200.0,KOSPI,2.44
248070,솔루엠,12980.0,102582.0,147330.0,1331514360.0,1912343400.0,KOSPI,2.04
418660,TIGER 미국나스닥100레버리지(합성),39080.0,191447.0,191447.0,7481748760.0,7481748760.0,KOSPI,-1.91
329750,TIGER 미국달러단기채권액티브,13050.0,322194.0,322194.0,4204631700.0,4204631700.0,KOSPI,-0.42
001510,SK증권,2670.0,17301984.0,17301984.0,46196297280.0,46196297280.0,KOSPI,-9.64
491010,TIGER 글로벌AI전력인프라액티브,24285.0,88316.0,88316.0,2144754060.0,2144754060.0,KOSPI,-3.11
0148J0,TIGER 코리아휴머노이드로봇산업,9025.0,2583071.0,2583071.0,23312215775.0,23312215775.0,KOSPI,-1.26
000400,롯데손해보험,1963.0,403640.0,403640.0,792345320.0,792345320.0,KOSPI,-4.48
489250,KODEX 미국배당다우존스,13200.0,718167.0,718167.0,9479804400.0,9479804400.0,KOSPI,0.34
484790,KODEX 미국30년국채액티브(H),8265.0,713197.0,713197.0,5894573205.0,5894573205.0,KOSPI,0.18
108320,LX세미콘,36550.0,33481.0,45202.0,1223730550.0,1652133100.0,KOSPI,-1.08
002840,미원상사,131800.0,12620.0,14004.0,1663316000.0,1845727200.0,KOSPI,6.03
251600,PLUS 고배당주채권혼합,15310.0,132669.0,132669.0,2031162390.0,2031162390.0,KOSPI,0.23
0015B0,KoAct 미국나스닥성장기업액티브,17790.0,238997.0,238997.0,4251756630.0,4251756630.0,KOSPI,-2.73
0101N0,RISE AI전력인프라,18400.0,204445.0,204445.0,3761788000.0,3761788000.0,KOSPI,1.41
700028,하나 레버리지 반도체 ETN,164670.0,1238.0,1238.0,203861460.0,203861460.0,KOSPI,-7.49
075580,세진중공업,10110.0,76714.0,143219.0,775578540.0,1447944090.0,KOSPI,0.0
114090,GKL,9230.0,53840.0,80847.0,496943200.0,746217810.0,KOSPI,1.88
371160,TIGER 차이나항셍테크,6935.0,1757399.0,1757399.0,12187562065.0,12187562065.0,KOSPI,-3.81
001270,부국증권,54700.0,2634.0,3479.0,144079800.0,190301300.0,KOSPI,-0.18
488080,TIGER 반도체TOP10레버리지,31490.0,5130888.0,5130888.0,161571663120.0,161571663120.0,KOSPI,-9.55
058650,세아홀딩스,132600.0,1858.0,1858.0,246370800.0,246370800.0,KOSPI,4.16
003300,한일홀딩스,18180.0,16817.0,21375.0,305733060.0,388597500.0,KOSPI,1.45
025540,한국단자,55400.0,32225.0,40901.0,1785265000.0,2265915400.0,KOSPI,1.65
466950,TIGER 글로벌AI액티브,29655.0,87413.0,87413.0,2592232515.0,2592232515.0,KOSPI,-3.17
449190,KODEX 미국나스닥100(H),21895.0,156872.0,156872.0,3434712440.0,3434712440.0,KOSPI,-0.66
477050,PLUS 머니마켓액티브,53475.0,31862.0,31862.0,1703820450.0,1703820450.0,KOSPI,-0.01
494670,TIGER 조선TOP10,21545.0,280137.0,280137.0,6035551665.0,6035551665.0,KOSPI,0.44
002990,금호건설,14860.0,6147739.0,6147739.0,91355401540.0,91355401540.0,KOSPI,0.75
019170,신풍제약,10550.0,2074253.0,5755500.0,21883369150.0,60720525000.0,KOSPI,29.93
0019K0,TIME 미국나스닥100채권혼합50액티브,13035.0,345312.0,345312.0,4501141920.0,4501141920.0,KOSPI,-1.51
0007F0,KODEX 27-12 회사채(AA-이상)액티브,10180.0,72883.0,72883.0,741948940.0,741948940.0,KOSPI,-0.05
100840,SNT에너지,26600.0,33359.0,84902.0,887349400.0,2258393200.0,KOSPI,2.7
007700,F&F홀딩스,14050.0,11868.0,12987.0,166745400.0,182467350.0,KOSPI,0.43
178920,PI첨단소재,18650.0,25513.0,37614.0,475817450.0,701501100.0,KOSPI,0.97
005810,풍산홀딩스,37850.0,28057.0,43071.0,1061957450.0,1630237350.0,KOSPI,2.57
090460,비에이치,16170.0,407365.0,805802.0,6587092050.0,13029818340.0,KOSPI,1.83
396520,TIGER 차이나반도체FACTSET,13185.0,604526.0,604526.0,7970675310.0,7970675310.0,KOSPI,-4.66
016380,KG스틸,5440.0,186307.0,186307.0,1013510080.0,1013510080.0,KOSPI,2.84
423920,TIGER 미국필라델피아반도체레버리지(합성),79220.0,36306.0,36306.0,2876161320.0,2876161320.0,KOSPI,-6.25
003620,KG모빌리티,2675.0,234585.0,234585.0,627514875.0,627514875.0,KOSPI,0.56
455030,KODEX 미국달러SOFR금리액티브(합성),11870.0,118844.0,118844.0,1410678280.0,1410678280.0,KOSPI,-0.25
006650,대한유화,82900.0,18878.0,25115.0,1564986200.0,2082033500.0,KOSPI,3.24
491620,RISE 미국테크100데일리고정커버드콜,10535.0,458511.0,458511.0,4830413385.0,4830413385.0,KOSPI,-0.85
438330,TIGER 우량회사채액티브,115580.0,10994.0,10994.0,1270686520.0,1270686520.0,KOSPI,0.1
277630,TIGER 코스피,69900.0,18904.0,18904.0,1321389600.0,1321389600.0,KOSPI,-2.74
0105E0,SOL 코리아고배당,12825.0,285750.0,285750.0,3664743750.0,3664743750.0,KOSPI,0.59
365780,ACE 국고채10년,82445.0,4502.0,4502.0,371167390.0,371167390.0,KOSPI,0.33
462010,TIGER 2차전지소재Fn,4870.0,5039193.0,5039193.0,24540869910.0,24540869910.0,KOSPI,7.86
001530,DI동일,25200.0,26248.0,35953.0,661449600.0,906015600.0,KOSPI,5.22
00104K,CJ4우(전환),122700.0,5225.0,5225.0,641107500.0,641107500.0,KOSPI,4.43
336370,솔루스첨단소재,7370.0,71107.0,122812.0,524058590.0,905124440.0,KOSPI,4.84
0190C0,RISE 현대차고정피지컬AI,8575.0,572955.0,572955.0,4913089125.0,4913089125.0,KOSPI,0.59
463250,TIGER K방산&우주,34185.0,186658.0,186658.0,6380903730.0,6380903730.0,KOSPI,1.68
284740,쿠쿠홈시스,22850.0,12521.0,16094.0,286104850.0,367747900.0,KOSPI,0.88
114260,KODEX 국고채3년,61835.0,5237.0,5237.0,323829895.0,323829895.0,KOSPI,0.1
444200,SOL 코리아메가테크액티브,44910.0,75530.0,75530.0,3392052300.0,3392052300.0,KOSPI,-2.8
496080,TIGER 코리아밸류업,31645.0,124555.0,124555.0,3941542975.0,3941542975.0,KOSPI,-2.07
0091P0,TIGER 코리아원자력,15085.0,589747.0,589747.0,8896333495.0,8896333495.0,KOSPI,-0.92
377740,바이오노트,4955.0,90921.0,90921.0,450513555.0,450513555.0,KOSPI,2.48
315960,RISE 대형고배당10TR,76345.0,71041.0,71041.0,5423625145.0,5423625145.0,KOSPI,-3.93
251350,KODEX MSCI선진국,39135.0,24555.0,24555.0,960959925.0,960959925.0,KOSPI,-0.37
039130,하나투어,32100.0,26235.0,42733.0,842143500.0,1371729300.0,KOSPI,2.88
435420,TIGER 미국나스닥100채권혼합50,13960.0,407821.0,407821.0,5693181160.0,5693181160.0,KOSPI,-0.46
448730,삼성FN리츠,5380.0,32440.0,32440.0,174527200.0,174527200.0,KOSPI,0.75
003545,대신증권우,20050.0,23517.0,23517.0,471515850.0,471515850.0,KOSPI,-0.99
010780,아이에스동서,16080.0,158682.0,215285.0,2551606560.0,3461782800.0,KOSPI,6.77
005250,녹십자홀딩스,10300.0,177830.0,800412.0,1831649000.0,8244243600.0,KOSPI,3.41
034310,NICE,13170.0,69392.0,73661.0,913892640.0,970115370.0,KOSPI,0.0
476800,KODEX 한국부동산리츠인프라,4225.0,366804.0,366804.0,1549746900.0,1549746900.0,KOSPI,0.24
008060,대덕,15430.0,56346.0,62690.0,869418780.0,967306700.0,KOSPI,1.58
001500,현대차증권,7800.0,42887.0,77844.0,334518600.0,607183200.0,KOSPI,-0.51
079900,전진건설로봇,33050.0,19019.0,41946.0,628577950.0,1386315300.0,KOSPI,3.12
361580,RISE 200TR,60280.0,30641.0,30641.0,1847039480.0,1847039480.0,KOSPI,-3.61
499660,TIGER CD금리플러스액티브(합성),1002165.0,13955.0,13955.0,13985212575.0,13985212575.0,KOSPI,0.01
249420,일동제약,15150.0,1800509.0,4367069.0,27277711350.0,66161095350.0,KOSPI,12.14
090435,아모레퍼시픽우,45250.0,8065.0,8065.0,364941250.0,364941250.0,KOSPI,1.34
009410,태영건설,1605.0,181726.0,181726.0,291670230.0,291670230.0,KOSPI,0.44
490490,SOL 미국배당미국채혼합50,11195.0,148681.0,148681.0,1664483795.0,1664483795.0,KOSPI,-0.22
243880,TIGER 200IT레버리지,314750.0,118249.0,118249.0,37218872750.0,37218872750.0,KOSPI,-4.07
004690,삼천리,130000.0,2022.0,2447.0,262860000.0,318110000.0,KOSPI,0.08
471230,KODEX 국고채10년액티브,103810.0,3390.0,3390.0,351915900.0,351915900.0,KOSPI,0.32
145990,삼양사,45250.0,9283.0,9658.0,420055750.0,437024500.0,KOSPI,0.11
161000,애경케미칼,9550.0,153807.0,743478.0,1468856850.0,7100214900.0,KOSPI,4.83
000070,삼양홀딩스,59700.0,4235.0,11479.0,252829500.0,685296300.0,KOSPI,0.17
0120G0,삼양바이오팜,62100.0,153737.0,683342.0,9547067700.0,42435538200.0,KOSPI,5.61
460860,동국제강,9280.0,37366.0,73166.0,346756480.0,678980480.0,KOSPI,1.53
448290,TIGER 미국S&P500(H),17720.0,135885.0,135885.0,2407882200.0,2407882200.0,KOSPI,0.06
002240,고려제강,16880.0,21736.0,27866.0,366903680.0,470378080.0,KOSPI,0.9
483280,KODEX 미국AI테크TOP10타겟커버드콜,11495.0,134702.0,134702.0,1548399490.0,1548399490.0,KOSPI,-0.56
473290,KODEX 26-12 회사채(AA-이상)액티브,10877.0,27290.0,27290.0,296833330.0,296833330.0,KOSPI,0.11
451000,PLUS 종합채권(AA-이상)액티브,106915.0,30.0,30.0,3207450.0,3207450.0,KOSPI,0.01
005389,현대차3우B,191300.0,4828.0,4828.0,923596400.0,923596400.0,KOSPI,-0.21
0163Y0,KoAct 코스닥액티브,8635.0,529906.0,529906.0,4575738310.0,4575738310.0,KOSPI,0.82
447770,TIGER 테슬라채권혼합Fn,13820.0,168528.0,168528.0,2329056960.0,2329056960.0,KOSPI,1.21
005945,NH투자증권우,23300.0,87198.0,87198.0,2031713400.0,2031713400.0,KOSPI,-2.71
072710,농심홀딩스,94800.0,4914.0,7769.0,465847200.0,736501200.0,KOSPI,1.17
017900,광전자,7540.0,1559787.0,1559787.0,11760793980.0,11760793980.0,KOSPI,-5.04
417310,코람코더원리츠,10810.0,272047.0,272047.0,2940828070.0,2940828070.0,KOSPI,-0.64
004700,조광피혁,65600.0,354.0,380.0,23222400.0,24928000.0,KOSPI,1.23
293180,HANARO 200,106240.0,36331.0,36331.0,3859805440.0,3859805440.0,KOSPI,-3.66
002810,삼영무역,23450.0,40440.0,43269.0,948318000.0,1014658050.0,KOSPI,2.18
003280,흥아해운,1788.0,3475685.0,3475685.0,6214524780.0,6214524780.0,KOSPI,1.02
451060,1Q 200액티브,34005.0,42192.0,42192.0,1434738960.0,1434738960.0,KOSPI,-3.39
009900,명신산업,8100.0,227660.0,1053984.0,1844046000.0,8537270400.0,KOSPI,6.02
0016X0,SOL 중단기회사채(A-이상)액티브,51465.0,474.0,474.0,24394410.0,24394410.0,KOSPI,0.04
148070,KIWOOM 국고채10년,104465.0,4607.0,4607.0,481270255.0,481270255.0,KOSPI,0.33
014830,유니드,62100.0,6053.0,8977.0,375891300.0,557471700.0,KOSPI,1.31
403550,쏘카,11030.0,21198.0,36000.0,233813940.0,397080000.0,KOSPI,3.08
003030,세아제강지주,100900.0,17089.0,19034.0,1724280100.0,1920530600.0,KOSPI,0.6
357120,코람코라이프인프라리츠,4270.0,62605.0,62605.0,267323350.0,267323350.0,KOSPI,-0.81
005420,코스모화학,10810.0,149326.0,211722.0,1614214060.0,2288714820.0,KOSPI,9.19
0023A0,SOL 미국양자컴퓨팅TOP10,24765.0,143911.0,143911.0,3563955915.0,3563955915.0,KOSPI,1.56
474220,TIGER 미국테크TOP10타겟커버드콜,14645.0,68354.0,68354.0,1001044330.0,1001044330.0,KOSPI,-0.81
092230,KPX홀딩스,97800.0,3635.0,4744.0,355503000.0,463963200.0,KOSPI,3.82
484870,엠앤씨솔루션,15030.0,50382.0,80014.0,757241460.0,1202610420.0,KOSPI,-0.73
003000,부광약품,4155.0,152414.0,152414.0,633280170.0,633280170.0,KOSPI,0.61
091180,KODEX 자동차,28965.0,107611.0,107611.0,3116952615.0,3116952615.0,KOSPI,0.28
001200,유진투자증권,4230.0,290958.0,290958.0,1230752340.0,1230752340.0,KOSPI,-1.17
480260,TIGER 27-04회사채(A+이상)액티브,53785.0,3236.0,3236.0,174048260.0,174048260.0,KOSPI,0.02
029530,신도리코,41200.0,4653.0,7527.0,191703600.0,310112400.0,KOSPI,1.23
317400,자이에스앤디,10270.0,1336158.0,1336158.0,13722342660.0,13722342660.0,KOSPI,2.5
344820,KCC글라스,24900.0,5929.0,10716.0,147632100.0,266828400.0,KOSPI,2.47
0162M0,KODEX 금융채1~2년(AA-이상)PLUS액티브,10065.0,2416.0,2416.0,24317040.0,24317040.0,KOSPI,0.25
002030,아세아,191800.0,7941.0,8483.0,1523083800.0,1627039400.0,KOSPI,6.73
0060H0,TIGER 토탈월드스탁액티브,12715.0,93785.0,93785.0,1192476275.0,1192476275.0,KOSPI,-0.51
016610,DB증권,9280.0,48386.0,56820.0,449022080.0,527289600.0,KOSPI,0.65
016590,신대양제지,9760.0,16317.0,22310.0,159253920.0,217745600.0,KOSPI,0.93
306200,세아제강,138000.0,2689.0,4084.0,371082000.0,563592000.0,KOSPI,-0.36
241180,TIGER 일본니케이225,34410.0,17656.0,17656.0,607542960.0,607542960.0,KOSPI,-0.38
462900,KoAct 바이오헬스케어액티브,14830.0,1250960.0,1250960.0,18551736800.0,18551736800.0,KOSPI,5.1
426020,TIME 미국S&P500액티브,31420.0,78986.0,78986.0,2481740120.0,2481740120.0,KOSPI,-0.95
385720,TIME 코스피액티브,24975.0,63638.0,63638.0,1589359050.0,1589359050.0,KOSPI,-2.54
029460,케이씨,35000.0,22654.0,33223.0,792890000.0,1162805000.0,KOSPI,2.34
458250,TIGER 미국30년국채스트립액티브(합성 H),34365.0,32226.0,32226.0,1107446490.0,1107446490.0,KOSPI,0.35
001940,KISCO홀딩스,27000.0,38161.0,40484.0,1030347000.0,1093068000.0,KOSPI,-0.55
271940,일진하이솔루스,10540.0,17977.0,29037.0,189477580.0,306049980.0,KOSPI,0.86
015360,INVENI,13950.0,12535.0,18400.0,174863250.0,256680000.0,KOSPI,-0.78
0131V0,1Q 미국우주항공테크,11700.0,86734.0,86734.0,1014787800.0,1014787800.0,KOSPI,-0.76
0173Y0,KODEX 미국AI광통신네트워크,10740.0,869051.0,869051.0,9333607740.0,9333607740.0,KOSPI,-5.29
027410,BGF,3940.0,84779.0,84779.0,334029260.0,334029260.0,KOSPI,0.64
452260,한화갤러리아,1945.0,459344.0,459344.0,893424080.0,893424080.0,KOSPI,0.1
469070,RISE AI&로봇,11235.0,224822.0,224822.0,2525875170.0,2525875170.0,KOSPI,0.22
008730,율촌화학,15150.0,62067.0,81696.0,940315050.0,1237694400.0,KOSPI,1.95
194370,제이에스코퍼레이션,12870.0,33681.0,40237.0,433474470.0,517850190.0,KOSPI,1.18
439870,KODEX 국고채30년액티브,85735.0,5939.0,5939.0,509180165.0,509180165.0,KOSPI,0.35
496020,WON 전단채플러스액티브,52415.0,4492.0,4492.0,235448180.0,235448180.0,KOSPI,-0.01
132030,KODEX 골드선물(H),26060.0,515569.0,515569.0,13435728140.0,13435728140.0,KOSPI,1.82
170900,동아에스티,37900.0,3999.0,5078.0,151562100.0,192456200.0,KOSPI,2.29
017810,풀무원,9670.0,62583.0,96433.0,605177610.0,932507110.0,KOSPI,4.77
471990,KODEX AI반도체핵심장비,22405.0,737131.0,737131.0,16515420055.0,16515420055.0,KOSPI,-0.58
950210,프레스티지바이오파마,6130.0,18650.0,18650.0,114324500.0,114324500.0,KOSPI,0.99
0167Z0,KODEX 미국우주항공,8100.0,981729.0,981729.0,7952004900.0,7952004900.0,KOSPI,-1.04
439860,KODEX ESG종합채권(A-이상)액티브,113530.0,77.0,77.0,8741810.0,8741810.0,KOSPI,-0.03
484880,SOL 금융지주플러스고배당,21585.0,275278.0,275278.0,5941875630.0,5941875630.0,KOSPI,-0.25
105630,한세실업,9050.0,63876.0,87278.0,578077800.0,789865900.0,KOSPI,2.38
104700,한국철강,9920.0,52631.0,61892.0,522099520.0,613968640.0,KOSPI,2.37
183190,아세아시멘트,10040.0,26753.0,48060.0,268600120.0,482522400.0,KOSPI,2.76
760013,키움 레버리지 반도체TOP10 ETN,72100.0,102381.0,102381.0,7381670100.0,7381670100.0,KOSPI,-8.58
031430,신세계인터내셔날,10300.0,56842.0,71150.0,585472600.0,732845000.0,KOSPI,1.08
004710,한솔테크닉스,6780.0,265313.0,265313.0,1798822140.0,1798822140.0,KOSPI,-1.17
0040Y0,SOL 팔란티어커버드콜OTM채권혼합,8210.0,397330.0,397330.0,3262079300.0,3262079300.0,KOSPI,0.37
060980,HL홀딩스,39350.0,5777.0,6856.0,227324950.0,269783600.0,KOSPI,1.81
476760,ACE 미국30년국채액티브,8940.0,505225.0,505225.0,4516711500.0,4516711500.0,KOSPI,-0.11
130660,한전산업,10850.0,39679.0,39679.0,430517150.0,430517150.0,KOSPI,-0.28
126560,현대퓨처넷,3230.0,107967.0,107967.0,348733410.0,348733410.0,KOSPI,1.41
006220,제주은행,9290.0,1541059.0,1541059.0,14316438110.0,14316438110.0,KOSPI,2.99
520054,미래에셋 레버리지 코스피200 선물 ETN,174235.0,1273.0,1273.0,221801155.0,221801155.0,KOSPI,-6.95
007690,국도화학,37550.0,8310.0,12867.0,312040500.0,483155850.0,KOSPI,2.32
310960,TIGER 200TR,62065.0,112305.0,112305.0,6970209825.0,6970209825.0,KOSPI,-3.37
0080G0,KODEX 방산TOP10,10370.0,1301358.0,1301358.0,13495082460.0,13495082460.0,KOSPI,1.67
453810,KODEX 인도Nifty50,11745.0,120291.0,120291.0,1412817795.0,1412817795.0,KOSPI,-0.42
02826K,삼성물산우B,236000.0,8813.0,8813.0,2079868000.0,2079868000.0,KOSPI,-4.65
024720,콜마홀딩스,10080.0,18411.0,37153.0,185582880.0,374502240.0,KOSPI,0.9
097520,엠씨넥스,19850.0,50206.0,60096.0,996589100.0,1192905600.0,KOSPI,1.79
089590,제주항공,4275.0,147778.0,147778.0,631750950.0,631750950.0,KOSPI,2.03
385550,RISE 단기채권알파액티브,114065.0,2967.0,2967.0,338430855.0,338430855.0,KOSPI,0.0
0046A0,TIGER 미국초단기(3개월이하)국채,9565.0,581373.0,581373.0,5560832745.0,5560832745.0,KOSPI,-0.36
0043Y0,TIME 차이나AI테크액티브,19425.0,72113.0,72113.0,1400795025.0,1400795025.0,KOSPI,-3.74
448300,TIGER 미국나스닥100(H),22600.0,73235.0,73235.0,1655111000.0,1655111000.0,KOSPI,-0.75
015860,일진홀딩스,6950.0,373872.0,373872.0,2598410400.0,2598410400.0,KOSPI,9.62
0144L0,KODEX 미국성장커버드콜액티브,9495.0,234821.0,234821.0,2229625395.0,2229625395.0,KOSPI,-0.94
005610,삼립,39400.0,745.0,1393.0,29353000.0,54884200.0,KOSPI,0.77
011760,현대코퍼레이션,25650.0,17597.0,21899.0,451363050.0,561709350.0,KOSPI,-1.54
279530,KODEX 고배당주,17335.0,155639.0,155639.0,2698002065.0,2698002065.0,KOSPI,0.2
0052D0,TIGER 코리아배당다우존스,15290.0,75328.0,75328.0,1151765120.0,1151765120.0,KOSPI,0.36
0026S0,1Q 미국S&P500,12840.0,103316.0,103316.0,1326577440.0,1326577440.0,KOSPI,-0.23
006405,삼성SDI우,207500.0,8235.0,8235.0,1708762500.0,1708762500.0,KOSPI,1.22
456880,ACE 미국달러SOFR금리(합성),12125.0,60563.0,60563.0,734326375.0,734326375.0,KOSPI,-0.37
020000,한섬,15570.0,79421.0,99276.0,1236584970.0,1545727320.0,KOSPI,1.43
0182R0,1Q K반도체TOP2+,10190.0,2086440.0,2086440.0,21260823600.0,21260823600.0,KOSPI,-4.09
442570,RISE TDF2050액티브 적격,17425.0,149175.0,149175.0,2599374375.0,2599374375.0,KOSPI,-0.43
474590,WON 반도체밸류체인액티브,41785.0,29145.0,29145.0,1217823825.0,1217823825.0,KOSPI,-2.33
472170,TIGER 미국테크TOP10채권혼합,13745.0,74748.0,74748.0,1027411260.0,1027411260.0,KOSPI,-0.54
200880,서연이화,12220.0,24095.0,64917.0,294440900.0,793285740.0,KOSPI,1.24
448630,RISE 삼성그룹Top3채권혼합,15305.0,141979.0,141979.0,2172988595.0,2172988595.0,KOSPI,-0.29
005720,넥센,6200.0,8416.0,8416.0,52179200.0,52179200.0,KOSPI,1.64
011930,신성이엔지,15870.0,95157.0,95157.0,1510141590.0,1510141590.0,KOSPI,0.57
0052S0,1Q 미국S&P500미국채혼합50액티브,11550.0,288152.0,288152.0,3328155600.0,3328155600.0,KOSPI,-0.26
026890,스틱인베스트먼트,8300.0,21982.0,25304.0,182450600.0,210023200.0,KOSPI,-0.6
270810,RISE 코스닥150,14030.0,237182.0,237182.0,3327663460.0,3327663460.0,KOSPI,1.93
0119H0,KODEX 28-12 회사채(AA-이상)액티브,9930.0,9193.0,9193.0,91286490.0,91286490.0,KOSPI,0.0
009160,SIMPAC,4880.0,58654.0,58654.0,286231520.0,286231520.0,KOSPI,0.1
145720,덴티움,36850.0,8921.0,15956.0,328738850.0,587978600.0,KOSPI,1.38
005950,이수화학,12060.0,505945.0,505945.0,6101696700.0,6101696700.0,KOSPI,1.52
002020,코오롱,24400.0,37249.0,73572.0,908875600.0,1795156800.0,KOSPI,1.24
123890,한국자산신탁,2560.0,223839.0,223839.0,573027840.0,573027840.0,KOSPI,2.2
385510,KODEX 신재생에너지액티브,37220.0,67273.0,67273.0,2503901060.0,2503901060.0,KOSPI,3.0
016800,퍼시스,27100.0,245.0,285.0,6639500.0,7723500.0,KOSPI,-0.55
192650,드림텍,4720.0,216293.0,216293.0,1020902960.0,1020902960.0,KOSPI,1.83
108670,LX하우시스,34450.0,14520.0,24296.0,500214000.0,836997200.0,KOSPI,2.07
092790,넥스틸,11880.0,133370.0,133370.0,1584435600.0,1584435600.0,KOSPI,0.76
009290,광동제약,6200.0,113330.0,113330.0,702646000.0,702646000.0,KOSPI,4.2
002310,아세아제지,7770.0,87699.0,87699.0,681421230.0,681421230.0,KOSPI,1.3
302450,RISE 코스피,69500.0,24776.0,24776.0,1721932000.0,1721932000.0,KOSPI,-3.22
0210A0,ACE K반도체TOP2+,6915.0,2263803.0,2263803.0,15654197745.0,15654197745.0,KOSPI,-3.22
0111P0,1Q 미국나스닥100미국채혼합50액티브,10720.0,174100.0,174100.0,1866352000.0,1866352000.0,KOSPI,-0.74
001230,동국홀딩스,1940.0,467351.0,467351.0,906660940.0,906660940.0,KOSPI,2.0
018250,애경산업,11410.0,16213.0,16213.0,184990330.0,184990330.0,KOSPI,1.97
126720,수산인더스트리,20950.0,12069.0,36301.0,252845550.0,760505950.0,KOSPI,0.72
096760,JW홀딩스,4040.0,66799.0,66799.0,269867960.0,269867960.0,KOSPI,0.87
272450,진에어,5720.0,381170.0,381170.0,2180292400.0,2180292400.0,KOSPI,10.64
489030,PLUS 고배당주위클리커버드콜,6485.0,332165.0,332165.0,2154090025.0,2154090025.0,KOSPI,1.97
078520,에이블씨엔씨,11450.0,76894.0,119590.0,880436300.0,1369305500.0,KOSPI,0.88
381970,케이카,6100.0,59320.0,94522.0,361852000.0,576584200.0,KOSPI,-0.33
244920,에이플러스에셋,13140.0,43407.0,43407.0,570367980.0,570367980.0,KOSPI,0.84
0008S0,TIGER 미국배당다우존스타겟데일리커버드콜,10180.0,253557.0,253557.0,2581210260.0,2581210260.0,KOSPI,0.3
190620,ACE 단기통안채,101940.0,7898.0,7898.0,805122120.0,805122120.0,KOSPI,0.01
485540,KODEX 미국AI테크TOP10,14770.0,81060.0,81060.0,1197256200.0,1197256200.0,KOSPI,-0.57
001750,한양증권,19470.0,5567.0,9576.0,108389490.0,186444720.0,KOSPI,0.36
433330,SOL 미국S&P500,21920.0,67442.0,67442.0,1478328640.0,1478328640.0,KOSPI,-0.3
000157,두산2우B,326000.0,222.0,222.0,72372000.0,72372000.0,KOSPI,0.62
025860,남해화학,5850.0,333683.0,333683.0,1952045550.0,1952045550.0,KOSPI,-0.85
0228G0,ACE 반도체Plus전략산업,10005.0,829855.0,829855.0,8302699275.0,8302699275.0,KOSPI,-2.96
475080,KODEX 테슬라커버드콜채권혼합액티브,7955.0,143893.0,143893.0,1144668815.0,1144668815.0,KOSPI,0.57
453870,TIGER 인도니프티50,11570.0,33860.0,33860.0,391760200.0,391760200.0,KOSPI,-0.04
570022,한투 레버리지S&P500선물 ETN(H),57865.0,1523.0,1523.0,88128395.0,88128395.0,KOSPI,0.19
454780,KIWOOM 종합채권(AA-이상)액티브,99245.0,52.0,52.0,5160740.0,5160740.0,KOSPI,0.06
012030,DB,1434.0,372627.0,372627.0,534347118.0,534347118.0,KOSPI,-1.65
033270,유나이티드제약,18060.0,24424.0,30647.0,441097440.0,553484820.0,KOSPI,0.84
002900,TYM,6930.0,185288.0,185288.0,1284045840.0,1284045840.0,KOSPI,-3.21
136340,RISE 중기우량회사채,104250.0,4103.0,4103.0,427737750.0,427737750.0,KOSPI,0.02
001390,KG케미칼,4310.0,79451.0,79451.0,342433810.0,342433810.0,KOSPI,2.25
364970,TIGER 바이오TOP10,7750.0,724962.0,724962.0,5618455500.0,5618455500.0,KOSPI,0.78
010690,화신,8160.0,202572.0,202572.0,1652987520.0,1652987520.0,KOSPI,0.25
475560,더본코리아,19200.0,77343.0,763296.0,1484985600.0,14655283200.0,KOSPI,4.58
461490,RISE 글로벌자산배분액티브,14785.0,59099.0,59099.0,873778715.0,873778715.0,KOSPI,0.58
034830,한국토지신탁,1125.0,137728.0,137728.0,154944000.0,154944000.0,KOSPI,1.17
441680,TIGER 미국나스닥100커버드콜(합성),10755.0,61659.0,61659.0,663142545.0,663142545.0,KOSPI,-0.32
475300,SOL 반도체전공정,20410.0,994487.0,994487.0,20297479670.0,20297479670.0,KOSPI,0.34
010820,퍼스텍,5770.0,238057.0,238057.0,1373588890.0,1373588890.0,KOSPI,0.7
0038A0,KODEX 미국휴머노이드로봇,14810.0,144599.0,144599.0,2141511190.0,2141511190.0,KOSPI,-1.13
003960,사조대림,30700.0,3916.0,5060.0,120221200.0,155342000.0,KOSPI,1.66
273140,KODEX 단기변동금리부채권액티브,114595.0,3044.0,3044.0,348827180.0,348827180.0,KOSPI,0.0
473330,SOL 미국30년국채커버드콜(합성),8025.0,246450.0,246450.0,1977761250.0,1977761250.0,KOSPI,-0.19
481190,SOL 미국테크TOP10,16400.0,49677.0,49677.0,814702800.0,814702800.0,KOSPI,-0.79
037710,광주신세계,36600.0,21546.0,48255.0,788583600.0,1766133000.0,KOSPI,-1.61
483320,ACE 엔비디아밸류체인액티브,23635.0,996225.0,996225.0,23545777875.0,23545777875.0,KOSPI,-3.69
286940,롯데이노베이트,18400.0,10164.0,13837.0,187017600.0,254600800.0,KOSPI,1.1
0094K0,TIGER 28-04 회사채(A+이상)액티브,99635.0,9615.0,9615.0,957990525.0,957990525.0,KOSPI,0.05
058430,포스코스틸리온,4600.0,146399.0,146399.0,673435400.0,673435400.0,KOSPI,2.68
084690,대상홀딩스,7560.0,19654.0,25294.0,148584240.0,191222640.0,KOSPI,1.07
003120,일성아이에스,20550.0,3581.0,6200.0,73589550.0,127410000.0,KOSPI,0.24
002710,TCC스틸,10400.0,58471.0,105482.0,608098400.0,1097012800.0,KOSPI,5.26
217590,티엠씨,11280.0,181235.0,181235.0,2044330800.0,2044330800.0,KOSPI,-3.01
091170,KODEX 은행,15600.0,432115.0,432115.0,6740994000.0,6740994000.0,KOSPI,0.06
307520,TIGER 지주회사,21400.0,199870.0,199870.0,4277218000.0,4277218000.0,KOSPI,0.8
004430,송원산업,11250.0,54812.0,54812.0,616635000.0,616635000.0,KOSPI,2.55
010955,S-Oil우,67000.0,13915.0,13915.0,932305000.0,932305000.0,KOSPI,-1.18
017390,서울가스,54400.0,4433.0,5613.0,241155200.0,305347200.0,KOSPI,0.74
122900,아이마켓코리아,8030.0,63727.0,63727.0,511727810.0,511727810.0,KOSPI,0.38
497880,SOL CD금리&머니마켓액티브,50150.0,80530.0,80530.0,4038579500.0,4038579500.0,KOSPI,0.01
084010,대한제강,7780.0,24926.0,27858.0,193924280.0,216735240.0,KOSPI,3.18
003350,한국화장품제조,11720.0,1684614.0,1684614.0,19743676080.0,19743676080.0,KOSPI,8.52
196230,RISE 단기통안채,116855.0,1683.0,1683.0,196666965.0,196666965.0,KOSPI,0.03
003650,미창석유,151000.0,4126.0,4126.0,623026000.0,623026000.0,KOSPI,4.07
123320,TIGER 레버리지,104925.0,155640.0,155640.0,16330527000.0,16330527000.0,KOSPI,-7.3
334890,이지스밸류플러스리츠,3765.0,80173.0,80173.0,301851345.0,301851345.0,KOSPI,0.67
008490,서흥,22550.0,20495.0,36085.0,462162250.0,813716750.0,KOSPI,0.22
213610,KODEX 삼성그룹밸류,21880.0,30745.0,30745.0,672700600.0,672700600.0,KOSPI,-3.55
471780,TIGER 코리아테크액티브,33700.0,67487.0,67487.0,2274311900.0,2274311900.0,KOSPI,-1.89
005430,한국공항,81500.0,3549.0,3549.0,289243500.0,289243500.0,KOSPI,0.87
298690,에어부산,1573.0,295837.0,295837.0,465351601.0,465351601.0,KOSPI,7.08
004360,세방,13240.0,18145.0,21609.0,240239800.0,286103160.0,KOSPI,1.92
0162Y0,TIME 코스닥액티브,7200.0,416224.0,416224.0,2996812800.0,2996812800.0,KOSPI,0.84
423170,SOL 글로벌AI반도체탑픽액티브,55900.0,9778.0,9778.0,546590200.0,546590200.0,KOSPI,-3.84
471040,KoAct 글로벌AI&로봇액티브,27600.0,14513.0,14513.0,400558800.0,400558800.0,KOSPI,-2.32
0053L0,TIGER 차이나휴머노이드로봇,9550.0,699045.0,699045.0,6675879750.0,6675879750.0,KOSPI,-3.58
472920,HK 종합채권(AA-이상)액티브,97705.0,2.0,2.0,195410.0,195410.0,KOSPI,-0.1
283580,KODEX 차이나CSI300,15120.0,64928.0,64928.0,981711360.0,981711360.0,KOSPI,-1.85
0098F0,KODEX 원자력SMR,14390.0,180975.0,180975.0,2604230250.0,2604230250.0,KOSPI,-0.55
478150,TIME 글로벌우주테크&방산액티브,19770.0,65876.0,65876.0,1302368520.0,1302368520.0,KOSPI,-1.0
409820,KODEX 미국나스닥100레버리지(합성 H),19425.0,49833.0,49833.0,968006025.0,968006025.0,KOSPI,-1.57
136490,선진,10480.0,69653.0,69653.0,729963440.0,729963440.0,KOSPI,1.75
003200,일신방직,10850.0,28572.0,35153.0,310006200.0,381410050.0,KOSPI,1.4
000430,대원강업,4010.0,74264.0,74264.0,297798640.0,297798640.0,KOSPI,0.38
003070,코오롱글로벌,9770.0,7816.0,7816.0,76362320.0,76362320.0,KOSPI,0.72
0183V0,KIWOOM 삼성전자&SK하이닉스채권혼합50,11660.0,762025.0,762025.0,8885211500.0,8885211500.0,KOSPI,-2.87
421320,PLUS 우주항공,26845.0,24896.0,24896.0,668333120.0,668333120.0,KOSPI,0.11
228790,TIGER 화장품,4750.0,7251028.0,7251028.0,34442383000.0,34442383000.0,KOSPI,4.51
007160,사조산업,49150.0,1176.0,3455.0,57800400.0,169813250.0,KOSPI,-0.1
495230,KoAct 코리아밸류업액티브,30420.0,29626.0,29626.0,901222920.0,901222920.0,KOSPI,-2.31
005680,삼영전자,12230.0,25899.0,25899.0,316744770.0,316744770.0,KOSPI,1.58
500029,신한 레버리지 은 선물 ETN(H),24450.0,7252.0,7252.0,177311400.0,177311400.0,KOSPI,1.26
139230,TIGER 200 중공업,12440.0,63109.0,63109.0,785075960.0,785075960.0,KOSPI,0.85
003920,남양유업,42850.0,2919.0,3247.0,125079150.0,139133950.0,KOSPI,1.06
001790,대한제당,2810.0,302982.0,302982.0,851379420.0,851379420.0,KOSPI,1.26
483340,ACE 구글밸류체인액티브,21405.0,194170.0,194170.0,4156208850.0,4156208850.0,KOSPI,-2.59
261260,KODEX 미국달러선물인버스2X,5340.0,291433.0,291433.0,1556252220.0,1556252220.0,KOSPI,0.75
105840,우진,11940.0,141529.0,141529.0,1689856260.0,1689856260.0,KOSPI,0.25
900140,엘브이엠씨홀딩스,1244.0,481362.0,481362.0,598814328.0,598814328.0,KOSPI,3.93
005500,삼진제약,18040.0,25383.0,35688.0,457909320.0,643811520.0,KOSPI,1.35
245710,ACE 베트남VN30(합성),28605.0,17955.0,17955.0,513602775.0,513602775.0,KOSPI,1.44
134380,미원화학,10910.0,4006.0,4006.0,43705460.0,43705460.0,KOSPI,-1.98
363580,KODEX 200IT TR,53945.0,70959.0,70959.0,3827883255.0,3827883255.0,KOSPI,-2.11
363570,KODEX 장기종합채권(AA-이상)액티브,85875.0,147.0,147.0,12623625.0,12623625.0,KOSPI,0.38
025000,KPX케미칼,54000.0,5106.0,5106.0,275724000.0,275724000.0,KOSPI,2.66
404990,신한서부티엔디리츠,3830.0,48871.0,48871.0,187175930.0,187175930.0,KOSPI,-1.03
092200,디아이씨,6050.0,428078.0,428078.0,2589871900.0,2589871900.0,KOSPI,-3.82
001460,BYC,37500.0,1527.0,1815.0,57262500.0,68062500.0,KOSPI,1.35
002320,한진,15090.0,14881.0,19581.0,224554290.0,295477290.0,KOSPI,0.6
493810,TIGER 미국AI빅테크10타겟데일리커버드콜,11160.0,99229.0,99229.0,1107395640.0,1107395640.0,KOSPI,-0.89
030210,다올투자증권,3825.0,52114.0,52114.0,199336050.0,199336050.0,KOSPI,1.06
298000,효성화학,61300.0,172493.0,172493.0,10573820900.0,10573820900.0,KOSPI,-18.38
0182S0,1Q K반도체TOP2채권혼합50,12325.0,342038.0,342038.0,4215618350.0,4215618350.0,KOSPI,-2.88
329650,KODEX TRF3070,14075.0,27114.0,27114.0,381629550.0,381629550.0,KOSPI,0.32
000680,LS네트웍스,2940.0,48481.0,48481.0,142534140.0,142534140.0,KOSPI,-1.84
448540,ACE 엔비디아채권혼합,26290.0,17595.0,17595.0,462572550.0,462572550.0,KOSPI,-0.45
472160,TIGER 미국테크TOP10 INDXX(H),18395.0,28283.0,28283.0,520265785.0,520265785.0,KOSPI,-0.38
388420,RISE 비메모리반도체액티브,25735.0,37217.0,37217.0,957779495.0,957779495.0,KOSPI,-1.98
051905,LG생활건강우,109500.0,7694.0,7694.0,842493000.0,842493000.0,KOSPI,0.27
488980,SOL 26-12 회사채(AA-이상)액티브,52095.0,672.0,672.0,35007840.0,35007840.0,KOSPI,0.03
452360,SOL 미국배당다우존스(H),13725.0,193817.0,193817.0,2660138325.0,2660138325.0,KOSPI,0.66
034120,SBS,12330.0,10738.0,16324.0,132399540.0,201274920.0,KOSPI,-1.67
437080,KODEX 미국종합채권ESG액티브(H),97125.0,4010.0,4010.0,389471250.0,389471250.0,KOSPI,-0.03
0030R0,대신밸류리츠,3825.0,9183.0,9183.0,35124975.0,35124975.0,KOSPI,-0.26
226320,잇츠한불,10390.0,30302.0,54512.0,314837780.0,566379680.0,KOSPI,1.66
0092C0,SOL 27-12 회사채(AA-이상)액티브,50250.0,76.0,76.0,3819000.0,3819000.0,KOSPI,0.0
044450,KSS해운,10070.0,50721.0,50721.0,510760470.0,510760470.0,KOSPI,1.51
157500,TIGER 증권,12195.0,214577.0,214577.0,2616766515.0,2616766515.0,KOSPI,-1.65
244580,KODEX 바이오,8730.0,802025.0,802025.0,7001678250.0,7001678250.0,KOSPI,5.24
486450,SOL 미국AI전력인프라,19405.0,41602.0,41602.0,807286810.0,807286810.0,KOSPI,-1.3
463050,TIME K바이오액티브,13350.0,336552.0,336552.0,4492969200.0,4492969200.0,KOSPI,4.87
000050,경방,8200.0,23302.0,23302.0,191076400.0,191076400.0,KOSPI,0.12
001340,PKC,4990.0,118418.0,118418.0,590905820.0,590905820.0,KOSPI,2.67
458260,TIGER 미국투자등급회사채액티브(H),46380.0,3218.0,3218.0,149250840.0,149250840.0,KOSPI,0.01
044820,코스맥스비티아이,23350.0,23609.0,23609.0,551270150.0,551270150.0,KOSPI,4.47
000320,노루홀딩스,16670.0,8651.0,10391.0,144212170.0,173217970.0,KOSPI,-0.66
530134,삼성 블룸버그 인버스2X WTI원유선물 ETN B,2460.0,749845.0,749845.0,1844618700.0,1844618700.0,KOSPI,2.07
003720,삼영,6510.0,139681.0,139681.0,909323310.0,909323310.0,KOSPI,-0.76
000540,흥국화재,3445.0,44229.0,44229.0,152368905.0,152368905.0,KOSPI,2.23
009680,모토닉,10140.0,7476.0,10108.0,75806640.0,102495120.0,KOSPI,0.0
498270,KIWOOM 미국양자컴퓨팅,14735.0,50697.0,50697.0,747020295.0,747020295.0,KOSPI,0.51
003520,영진약품,1201.0,148271.0,148271.0,178073471.0,178073471.0,KOSPI,1.18
000490,대동,7600.0,144289.0,144289.0,1096596400.0,1096596400.0,KOSPI,0.66
442320,RISE 글로벌원자력,34715.0,11988.0,11988.0,416163420.0,416163420.0,KOSPI,0.43
033920,무학,7650.0,12541.0,12541.0,95938650.0,95938650.0,KOSPI,-0.13
0094M0,RISE 코리아밸류업위클리고정커버드콜,17580.0,349217.0,349217.0,6139234860.0,6139234860.0,KOSPI,-1.18
305080,TIGER 미국채10년선물,12290.0,79087.0,79087.0,971979230.0,971979230.0,KOSPI,-0.53
0104N0,TIGER 200타겟위클리커버드콜,20585.0,51989.0,51989.0,1070193565.0,1070193565.0,KOSPI,-2.9
466930,SOL 자동차TOP3플러스,26330.0,117763.0,117763.0,3100699790.0,3100699790.0,KOSPI,-0.49
0089D0,KODEX 금융고배당TOP10,12925.0,127968.0,127968.0,1653986400.0,1653986400.0,KOSPI,-0.5
432320,KB스타리츠,1429.0,202018.0,202018.0,288683722.0,288683722.0,KOSPI,0.7
000650,천일고속,150300.0,968.0,968.0,145490400.0,145490400.0,KOSPI,0.4
001250,GS글로벌,2595.0,275885.0,275885.0,715921575.0,715921575.0,KOSPI,-0.19
0204D0,KODEX 현대차로보틱스밸류체인TOP3플러스,6570.0,521335.0,521335.0,3425170950.0,3425170950.0,KOSPI,0.38
422420,RISE 2차전지액티브,6600.0,175186.0,175186.0,1156227600.0,1156227600.0,KOSPI,5.94
000480,CR홀딩스,4510.0,22018.0,22018.0,99301180.0,99301180.0,KOSPI,0.22
035150,백산,10620.0,6682.0,17955.0,70962840.0,190682100.0,KOSPI,-1.21
003555,LG우,69600.0,19626.0,19626.0,1365969600.0,1365969600.0,KOSPI,2.5
414780,TIGER 차이나과창판STAR50(합성),13380.0,123251.0,123251.0,1649098380.0,1649098380.0,KOSPI,-3.95
394670,TIGER 글로벌리튬&2차전지SOLACTIVE(합성),11735.0,43238.0,43238.0,507397930.0,507397930.0,KOSPI,2.27
266160,RISE 고배당,32295.0,25789.0,25789.0,832855755.0,832855755.0,KOSPI,-2.67
490090,TIGER 미국AI빅테크10,15570.0,36469.0,36469.0,567822330.0,567822330.0,KOSPI,-0.73
017860,DS단석,11560.0,59677.0,59677.0,689866120.0,689866120.0,KOSPI,4.33
005010,휴스틸,3645.0,171572.0,171572.0,625379940.0,625379940.0,KOSPI,1.11
495060,TIME 코리아밸류업액티브,28015.0,59446.0,59446.0,1665379690.0,1665379690.0,KOSPI,-1.93
520094,미래에셋 CD금리 플러스 ETN,102195.0,134.0,134.0,13694130.0,13694130.0,KOSPI,0.01
037270,YG PLUS,3200.0,142995.0,142995.0,457584000.0,457584000.0,KOSPI,0.31
03473K,SK우,358500.0,1094.0,1094.0,392199000.0,392199000.0,KOSPI,-5.41
011500,한농화성,12920.0,48166.0,48166.0,622304720.0,622304720.0,KOSPI,2.7
332930,HANARO 200TR,138885.0,21313.0,21313.0,2960056005.0,2960056005.0,KOSPI,-3.83
088260,이리츠코크렙,3160.0,107832.0,107832.0,340749120.0,340749120.0,KOSPI,-0.63
025560,미래산업,7180.0,760749.0,760749.0,5462177820.0,5462177820.0,KOSPI,-6.63
100250,진양홀딩스,3120.0,29611.0,29611.0,92386320.0,92386320.0,KOSPI,-1.27
267770,TIGER 200선물레버리지,79650.0,85670.0,85670.0,6823615500.0,6823615500.0,KOSPI,-7.52
004980,성신양회,8120.0,59735.0,107338.0,485048200.0,871584560.0,KOSPI,3.57
0151S0,KODEX 미국AI반도체TOP3플러스,14415.0,156191.0,156191.0,2251493265.0,2251493265.0,KOSPI,-3.19
013580,계룡건설,22100.0,64576.0,64576.0,1427129600.0,1427129600.0,KOSPI,-0.45
001130,대한제분,11660.0,11595.0,17904.0,135197700.0,208760640.0,KOSPI,2.55
095570,AJ네트웍스,4350.0,95523.0,95523.0,415525050.0,415525050.0,KOSPI,0.23
039570,HDC랩스,7560.0,5372.0,5372.0,40612320.0,40612320.0,KOSPI,-0.66
433500,ACE 원자력TOP10,50285.0,33730.0,33730.0,1696113050.0,1696113050.0,KOSPI,-0.59
001630,종근당홀딩스,39000.0,1521.0,2496.0,59319000.0,97344000.0,KOSPI,0.91
028100,동아지질,17390.0,9334.0,9334.0,162318260.0,162318260.0,KOSPI,1.22
0115D0,KODEX 조선TOP10,7560.0,1156619.0,1156619.0,8744039640.0,8744039640.0,KOSPI,-0.26
0005A0,KODEX 미국S&P500데일리커버드콜OTM,9485.0,211000.0,211000.0,2001335000.0,2001335000.0,KOSPI,-0.73
302190,TIGER 중장기국채,50040.0,1051.0,1051.0,52592040.0,52592040.0,KOSPI,0.12
0192Z0,TIGER 중기종합채권(A-이상)액티브,100870.0,172.0,172.0,17349640.0,17349640.0,KOSPI,0.0
0047A0,TIGER 차이나테크TOP10,12700.0,94028.0,94028.0,1194155600.0,1194155600.0,KOSPI,-5.05
053210,스카이라이프,4045.0,33412.0,33412.0,135151540.0,135151540.0,KOSPI,0.0
429000,TIGER 미국S&P500배당귀족,13725.0,68386.0,68386.0,938597850.0,938597850.0,KOSPI,0.04
0091C0,KODEX 미국10년국채액티브(H),9580.0,84987.0,84987.0,814175460.0,814175460.0,KOSPI,-0.05
377190,디앤디플랫폼리츠,2155.0,94533.0,94533.0,203718615.0,203718615.0,KOSPI,0.47
339770,교촌에프앤비,3790.0,54380.0,54380.0,206100200.0,206100200.0,KOSPI,0.53
495550,SOL 코리아밸류업TR,32335.0,16182.0,16182.0,523244970.0,523244970.0,KOSPI,-1.85
0069M0,1Q 미국나스닥100,13320.0,58343.0,58343.0,777128760.0,777128760.0,KOSPI,-0.97
433980,KODEX TDF2040액티브 적격,15890.0,37530.0,37530.0,596351700.0,596351700.0,KOSPI,0.0
020120,키다리스튜디오,5100.0,4974603.0,4974603.0,25370475300.0,25370475300.0,KOSPI,26.87
004310,현대약품,5900.0,1311664.0,1311664.0,7738817600.0,7738817600.0,KOSPI,0.85
530145,삼성 레버리지 천연가스 선물 ETN D,11100.0,91329.0,91329.0,1013751900.0,1013751900.0,KOSPI,-1.6
003547,대신증권2우B,19510.0,7019.0,7019.0,136940690.0,136940690.0,KOSPI,-0.81
000140,하이트진로홀딩스,8060.0,16597.0,16597.0,133771820.0,133771820.0,KOSPI,-0.25
486830,HANARO 머니마켓액티브,53250.0,958.0,958.0,51013500.0,51013500.0,KOSPI,0.01
016580,환인제약,10040.0,31730.0,31730.0,318569200.0,318569200.0,KOSPI,2.03
102460,이연제약,10010.0,24451.0,24451.0,244754510.0,244754510.0,KOSPI,0.1
0082V0,KODEX TDF2060액티브 적격,11255.0,56721.0,56721.0,638394855.0,638394855.0,KOSPI,0.04
117580,대성에너지,6720.0,57807.0,57807.0,388463040.0,388463040.0,KOSPI,0.6
035510,신세계 I&C,13190.0,30561.0,30561.0,403099590.0,403099590.0,KOSPI,0.08
122090,PLUS 코스피50,79740.0,19677.0,19677.0,1569043980.0,1569043980.0,KOSPI,-3.71
102260,동성케미컬,3615.0,69342.0,69342.0,250671330.0,250671330.0,KOSPI,1.97
007860,서연,7780.0,34372.0,34372.0,267414160.0,267414160.0,KOSPI,0.78
480040,ACE 미국반도체데일리타겟커버드콜(합성),14245.0,199185.0,199185.0,2837390325.0,2837390325.0,KOSPI,-3.1
483290,KODEX 미국배당다우존스타겟커버드콜,10580.0,229344.0,229344.0,2426459520.0,2426459520.0,KOSPI,0.0
016450,한세예스24홀딩스,4540.0,27414.0,27414.0,124459560.0,124459560.0,KOSPI,1.91
033530,SJG세종,6690.0,27497.0,27497.0,183954930.0,183954930.0,KOSPI,-0.15
128820,대성산업,4000.0,139903.0,139903.0,559612000.0,559612000.0,KOSPI,-1.11
463290,1Q 단기금융채액티브,109195.0,1632.0,1632.0,178206240.0,178206240.0,KOSPI,0.01
002100,경농,9230.0,24441.0,24441.0,225590430.0,225590430.0,KOSPI,0.76
053690,한미글로벌,16410.0,55425.0,55425.0,909524250.0,909524250.0,KOSPI,-0.85
117700,KODEX 건설,6235.0,515316.0,515316.0,3212995260.0,3212995260.0,KOSPI,0.0
213500,한솔제지,7460.0,48666.0,48666.0,363048360.0,363048360.0,KOSPI,2.19
234080,JW생명과학,11210.0,9729.0,9729.0,109062090.0,109062090.0,KOSPI,1.08
473460,KODEX 미국서학개미,23155.0,17200.0,17200.0,398266000.0,398266000.0,KOSPI,-0.28
003610,방림,5500.0,96444.0,96444.0,530442000.0,530442000.0,KOSPI,1.1
530104,삼성 레버리지 코스피200 선물 ETN,176310.0,1832.0,1832.0,322999920.0,322999920.0,KOSPI,-6.71
494330,ACE 라이프자산주주가치액티브,32900.0,29092.0,29092.0,957126800.0,957126800.0,KOSPI,0.37
241590,화승엔터프라이즈,2895.0,29519.0,29519.0,85457505.0,85457505.0,KOSPI,-1.36
003220,대원제약,7810.0,40045.0,69081.0,312751450.0,539522610.0,KOSPI,1.3
500069,신한 레버리지 코스피 200 선물 ETN,175080.0,5.0,5.0,875400.0,875400.0,KOSPI,-7.37
233160,TIGER 코스닥150 레버리지,7770.0,2474328.0,2474328.0,19225528560.0,19225528560.0,KOSPI,3.74
0099L0,ACE 우량회사채(AA-이상)액티브,99635.0,20052.0,20052.0,1997881020.0,1997881020.0,KOSPI,0.08
003460,유화증권,3080.0,33138.0,33138.0,102065040.0,102065040.0,KOSPI,-0.16
0040X0,SOL 팔란티어미국채커버드콜혼합,9580.0,197478.0,197478.0,1891839240.0,1891839240.0,KOSPI,0.05
461950,KODEX 2차전지핵심소재10,5000.0,2802262.0,2802262.0,14011310000.0,14011310000.0,KOSPI,9.17
002150,도화엔지니어링,5110.0,17463.0,17463.0,89235930.0,89235930.0,KOSPI,0.59
006805,미래에셋증권우,12240.0,55884.0,55884.0,684020160.0,684020160.0,KOSPI,-1.53
004560,현대비앤지스틸,11390.0,13750.0,13750.0,156612500.0,156612500.0,KOSPI,0.98
412570,TIGER 2차전지TOP10레버리지,1210.0,8179776.0,8179776.0,9897528960.0,9897528960.0,KOSPI,11.83
004380,삼익THK,8290.0,11100.0,11100.0,92019000.0,92019000.0,KOSPI,1.72
000390,SP삼화,6250.0,88260.0,88260.0,551625000.0,551625000.0,KOSPI,2.97
200250,KIWOOM 인도Nifty50(합성),21505.0,5228.0,5228.0,112428140.0,112428140.0,KOSPI,-0.76
500099,신한 WTI원유 선물 ETN,16960.0,1017.0,1017.0,17248320.0,17248320.0,KOSPI,-1.08
490600,RISE 미국배당100데일리고정커버드콜,9265.0,154016.0,154016.0,1426958240.0,1426958240.0,KOSPI,0.11
005960,동부건설,7350.0,37906.0,37906.0,278609100.0,278609100.0,KOSPI,-1.08
010580,에스엠벡셀,1516.0,16011.0,16011.0,24272676.0,24272676.0,KOSPI,-0.66
487570,HS효성,45250.0,2672.0,2672.0,120908000.0,120908000.0,KOSPI,0.56
002170,SYTS,56100.0,426.0,426.0,23898600.0,23898600.0,KOSPI,-1.41
000700,유수홀딩스,6440.0,49348.0,49348.0,317801120.0,317801120.0,KOSPI,1.58
097955,CJ제일제당 우,126300.0,5294.0,5294.0,668632200.0,668632200.0,KOSPI,0.16
472870,RISE 미국30년국채엔화노출(합성 H),6910.0,178211.0,178211.0,1231438010.0,1231438010.0,KOSPI,-0.22
0051G0,SOL 미국원자력SMR,13645.0,24156.0,24156.0,329608620.0,329608620.0,KOSPI,2.83
480020,ACE 미국빅테크7+데일리타겟커버드콜(합성),10180.0,212412.0,212412.0,2162354160.0,2162354160.0,KOSPI,-1.07
0005G0,IBK K-AI반도체코어테크,48295.0,12908.0,12908.0,623391860.0,623391860.0,KOSPI,-2.2
014710,사조씨푸드,9660.0,2675.0,2675.0,25840500.0,25840500.0,KOSPI,-0.51
016880,웅진,2080.0,147319.0,147319.0,306423520.0,306423520.0,KOSPI,1.22
015230,대창단조,6110.0,29598.0,29598.0,180843780.0,180843780.0,KOSPI,0.66
0093A0,RISE AI반도체TOP10,30135.0,75707.0,75707.0,2281430445.0,2281430445.0,KOSPI,-2.88
0190G0,KODEX 반도체타겟위클리커버드콜,8535.0,387611.0,387611.0,3308259885.0,3308259885.0,KOSPI,-3.18
0064K0,KODEX 금액티브,13450.0,324764.0,324764.0,4368075800.0,4368075800.0,KOSPI,1.62
160580,TIGER 구리실물,16150.0,63881.0,63881.0,1031678150.0,1031678150.0,KOSPI,-1.76
403790,MIDAS 코스피액티브,56120.0,1342.0,1342.0,75313040.0,75313040.0,KOSPI,-3.67
332500,ACE 200TR,71335.0,19761.0,19761.0,1409650935.0,1409650935.0,KOSPI,-3.46
090350,노루페인트,8170.0,27800.0,27800.0,227126000.0,227126000.0,KOSPI,1.36
237370,KODEX 코리아배당성장채권혼합,15650.0,45727.0,45727.0,715627550.0,715627550.0,KOSPI,0.32
000860,강남제비스코,12500.0,24777.0,24777.0,309712500.0,309712500.0,KOSPI,4.6
101530,해태제과식품,5580.0,14939.0,14939.0,83359620.0,83359620.0,KOSPI,0.0
013890,지누스,7380.0,14073.0,17092.0,103858740.0,126138960.0,KOSPI,0.54
143860,TIGER 헬스케어,39875.0,12248.0,12248.0,488389000.0,488389000.0,KOSPI,3.48
500037,신한 레버리지 금 선물 ETN,80180.0,1044.0,1044.0,83707920.0,83707920.0,KOSPI,3.54
001045,CJ우,70500.0,6485.0,6485.0,457192500.0,457192500.0,KOSPI,1.15
337160,KODEX 200ESG,46855.0,5231.0,5231.0,245098505.0,245098505.0,KOSPI,-3.62
001780,알루코,1639.0,428402.0,428402.0,702150878.0,702150878.0,KOSPI,-0.24
480030,ACE 미국500데일리타겟커버드콜(합성),9915.0,136965.0,136965.0,1358007975.0,1358007975.0,KOSPI,-0.45
007570,일양약품,8300.0,9976.0,9976.0,82800800.0,82800800.0,KOSPI,0.0
494220,UNICORN SK하이닉스밸류체인액티브,44615.0,72104.0,72104.0,3216919960.0,3216919960.0,KOSPI,-0.88
272560,RISE 단기국공채액티브,114815.0,2764.0,2764.0,317348660.0,317348660.0,KOSPI,0.0
400760,NH올원리츠,2860.0,24324.0,24324.0,69566640.0,69566640.0,KOSPI,0.7
530136,삼성 인버스 2X 천연가스 선물 ETN D,15700.0,30492.0,30492.0,478724400.0,478724400.0,KOSPI,1.06
460850,동국씨엠,5200.0,28518.0,28518.0,148293600.0,148293600.0,KOSPI,0.97
491610,1Q CD금리액티브(합성),104780.0,3246.0,3246.0,340115880.0,340115880.0,KOSPI,0.01
011785,금호석유화학우,51200.0,1295.0,1295.0,66304000.0,66304000.0,KOSPI,0.79
462520,조선내화,13050.0,7080.0,7080.0,92394000.0,92394000.0,KOSPI,-0.31
00279K,아모레퍼시픽홀딩스3우C,21800.0,2220.0,2220.0,48396000.0,48396000.0,KOSPI,1.4
464240,KIWOOM 26-09회사채(AA-이상)액티브,52385.0,4701.0,4701.0,246261885.0,246261885.0,KOSPI,0.04
000970,한국주철관,6730.0,19080.0,19080.0,128408400.0,128408400.0,KOSPI,0.3
0180V0,ACE 미국우주테크액티브,8160.0,166946.0,166946.0,1362279360.0,1362279360.0,KOSPI,-0.85
003830,대한화섬,115400.0,4705.0,4705.0,542957000.0,542957000.0,KOSPI,1.67
354500,ACE 코스닥150,14240.0,142911.0,142911.0,2035052640.0,2035052640.0,KOSPI,2.01
570051,한투 나스닥100 ETN,30350.0,31.0,31.0,940850.0,940850.0,KOSPI,-0.62
293480,하나제약,8460.0,18536.0,18536.0,156814560.0,156814560.0,KOSPI,0.59
025820,이구산업,4480.0,202896.0,202896.0,908974080.0,908974080.0,KOSPI,3.58
272550,삼양패키징,9940.0,13012.0,13012.0,129339280.0,129339280.0,KOSPI,0.81
152870,파워 200,106925.0,6835.0,6835.0,730832375.0,730832375.0,KOSPI,-3.72
071840,롯데하이마트,6340.0,6292.0,6292.0,39891280.0,39891280.0,KOSPI,1.12
491820,HANARO 전력설비투자,40330.0,65534.0,65534.0,2642986220.0,2642986220.0,KOSPI,0.76
077500,유니퀘스트,6890.0,84617.0,84617.0,583011130.0,583011130.0,KOSPI,-1.57
219480,KODEX 미국S&P500선물(H),33020.0,4065.0,4065.0,134226300.0,134226300.0,KOSPI,0.03
271980,제일약품,10100.0,15117.0,15117.0,152681700.0,152681700.0,KOSPI,2.12
458210,KIWOOM CD금리액티브(합성),110515.0,2776.0,2776.0,306789640.0,306789640.0,KOSPI,0.0
004970,신라교역,9240.0,12173.0,12173.0,112478520.0,112478520.0,KOSPI,0.54
0153K0,KODEX 주주환원고배당주,11920.0,152667.0,152667.0,1819790640.0,1819790640.0,KOSPI,0.51
0127M0,ACE 미국대형가치주액티브,12410.0,66425.0,66425.0,824334250.0,824334250.0,KOSPI,0.4
009470,삼화전기,22100.0,26027.0,26027.0,575196700.0,575196700.0,KOSPI,-0.45
520066,미래에셋 KRX금현물 Auto-KO-C 2810-01 ETN,24120.0,77607.0,77607.0,1871880840.0,1871880840.0,KOSPI,2.07
0151P0,RISE 코리아전략산업액티브,14275.0,119078.0,119078.0,1699838450.0,1699838450.0,KOSPI,-3.48
138520,TIGER 삼성그룹,35790.0,54961.0,54961.0,1967054190.0,1967054190.0,KOSPI,-3.83
000020,동화약품,5150.0,60185.0,60185.0,309952750.0,309952750.0,KOSPI,1.18
0104H0,KoAct 미국나스닥채권혼합50액티브,11560.0,51575.0,51575.0,596207000.0,596207000.0,KOSPI,-1.07
245340,TIGER 미국다우존스30,35800.0,6108.0,6108.0,218666400.0,218666400.0,KOSPI,0.42
451530,TIGER 국고채30년스트립액티브,33840.0,16565.0,16565.0,560559600.0,560559600.0,KOSPI,0.65
0048K0,KODEX 차이나휴머노이드로봇,8265.0,503046.0,503046.0,4157675190.0,4157675190.0,KOSPI,-3.67
0005D0,SOL 전고체배터리&실리콘음극재,14400.0,633420.0,633420.0,9121248000.0,9121248000.0,KOSPI,8.56
107590,미원홀딩스,61200.0,589.0,589.0,36046800.0,36046800.0,KOSPI,3.2
0041E0,KODEX 미국S&P500액티브,16040.0,116965.0,116965.0,1876118600.0,1876118600.0,KOSPI,0.06
004090,한국석유,11100.0,53190.0,53190.0,590409000.0,590409000.0,KOSPI,1.0
002210,동성제약,1458.0,112509.0,112509.0,164038122.0,164038122.0,KOSPI,-2.47
457990,PLUS 태양광&ESS,36970.0,270742.0,270742.0,10009331740.0,10009331740.0,KOSPI,2.41
001080,만호제강,3975.0,14738.0,14738.0,58583550.0,58583550.0,KOSPI,-1.73
481180,SOL 미국AI소프트웨어,15965.0,57946.0,57946.0,925107890.0,925107890.0,KOSPI,1.69
520098,미래에셋 레버리지 반도체 ETN,23115.0,16000.0,16000.0,369840000.0,369840000.0,KOSPI,-7.5
094280,효성ITX,11990.0,2631.0,2631.0,31545690.0,31545690.0,KOSPI,-0.08
015890,태경산업,4735.0,26435.0,26435.0,125169725.0,125169725.0,KOSPI,0.42
003010,혜인,10830.0,823078.0,823078.0,8913934740.0,8913934740.0,KOSPI,14.36
004150,한솔홀딩스,3340.0,42113.0,42113.0,140657420.0,140657420.0,KOSPI,0.0
006060,화승인더,2460.0,44688.0,44688.0,109932480.0,109932480.0,KOSPI,2.5
0168K0,TIGER 기술이전바이오액티브,6600.0,1249621.0,1249621.0,8247498600.0,8247498600.0,KOSPI,4.93
003480,한진중공업홀딩스,4595.0,64276.0,64276.0,295348220.0,295348220.0,KOSPI,-0.54
495330,1Q 코리아밸류업,31505.0,2782.0,2782.0,87646910.0,87646910.0,KOSPI,-1.87
000520,삼일제약,6240.0,390875.0,390875.0,2439060000.0,2439060000.0,KOSPI,0.65
0131W0,1Q 단기특수은행채액티브,102060.0,1068.0,1068.0,109000080.0,109000080.0,KOSPI,0.01
271050,KODEX WTI원유선물인버스(H),1980.0,1351468.0,1351468.0,2675906640.0,2675906640.0,KOSPI,1.02
0184L0,PLUS 중기종합채권(A-이상)액티브,100555.0,15030.0,15030.0,1511341650.0,1511341650.0,KOSPI,0.03
476450,KIWOOM 머니마켓액티브,52730.0,1585.0,1585.0,83577050.0,83577050.0,KOSPI,-0.01
570050,한투 S&P500선물 ETN,26725.0,5.0,5.0,133625.0,133625.0,KOSPI,0.07
304660,KODEX 미국30년국채울트라선물(H),7255.0,39533.0,39533.0,286811915.0,286811915.0,KOSPI,0.07
550089,N2 월간 레버리지 코스피 200 선물 ETN,133280.0,6.0,6.0,799680.0,799680.0,KOSPI,-7.8
004080,신흥,14100.0,7775.0,7775.0,109627500.0,109627500.0,KOSPI,0.0
081000,일진다이아,9230.0,22722.0,22722.0,209724060.0,209724060.0,KOSPI,0.54
192090,TIGER 차이나CSI300,12350.0,57462.0,57462.0,709655700.0,709655700.0,KOSPI,-1.36
760011,키움 레버리지 2차전지산업 ETN,8420.0,5296.0,5296.0,44592320.0,44592320.0,KOSPI,14.4
012610,경인양행,3130.0,150736.0,150736.0,471803680.0,471803680.0,KOSPI,0.0
760007,키움 코스피 200 TR ETN,32365.0,473.0,473.0,15308645.0,15308645.0,KOSPI,-3.73
008350,남선알미늄,999.0,1310487.0,1310487.0,1309176513.0,1309176513.0,KOSPI,4.94
182480,TIGER 미국MSCI리츠(합성 H),13860.0,15799.0,15799.0,218974140.0,218974140.0,KOSPI,-0.36
002390,한독,9360.0,5070.0,5070.0,47455200.0,47455200.0,KOSPI,-0.11
0074K0,KoAct K수출핵심기업TOP30액티브,16835.0,25142.0,25142.0,423265570.0,423265570.0,KOSPI,0.3
214420,토니모리,5340.0,60598.0,60598.0,323593320.0,323593320.0,KOSPI,0.56
0199C0,ACE 고배당주Plus커버드콜액티브,9175.0,653640.0,653640.0,5997147000.0,5997147000.0,KOSPI,-0.76
448100,WON 200,109305.0,24072.0,24072.0,2631189960.0,2631189960.0,KOSPI,-3.5
476030,SOL 미국나스닥100,16870.0,82831.0,82831.0,1397358970.0,1397358970.0,KOSPI,-0.97
024090,디씨엠,11240.0,7833.0,7833.0,88042920.0,88042920.0,KOSPI,-1.92
007540,샘표,44450.0,2744.0,2744.0,121970800.0,121970800.0,KOSPI,0.79
014280,금강공업,4345.0,50608.0,50608.0,219891760.0,219891760.0,KOSPI,0.35
267290,경동도시가스,21550.0,2717.0,2717.0,58551350.0,58551350.0,KOSPI,0.7
488720,WON 종합채권(AA-이상)액티브,48520.0,103.0,103.0,4997560.0,4997560.0,KOSPI,0.12
210540,디와이파워,11400.0,21662.0,21662.0,246946800.0,246946800.0,KOSPI,1.06
114820,TIGER 국채3년,105120.0,3062.0,3062.0,321877440.0,321877440.0,KOSPI,0.07
325010,KODEX 성장주,41845.0,3390.0,3390.0,141854550.0,141854550.0,KOSPI,-2.9
530055,삼성 레버리지 금 선물 ETN(H),124885.0,5784.0,5784.0,722334840.0,722334840.0,KOSPI,3.75
009270,신원,1085.0,947383.0,947383.0,1027910555.0,1027910555.0,KOSPI,-0.91
037560,LG헬로비전,1607.0,56224.0,56224.0,90351968.0,90351968.0,KOSPI,0.44
004960,한신공영,10750.0,11240.0,11240.0,120830000.0,120830000.0,KOSPI,0.28
0123G0,TIGER 미국AI전력SMR,6380.0,57714.0,57714.0,368215320.0,368215320.0,KOSPI,0.0
447620,SOL 미국TOP5채권혼합50,15685.0,60793.0,60793.0,953538205.0,953538205.0,KOSPI,-0.35
214390,경보제약,5180.0,30869.0,30869.0,159901420.0,159901420.0,KOSPI,2.17
463680,KODEX 미국S&P500테크놀로지,21675.0,20575.0,20575.0,445963125.0,445963125.0,KOSPI,-2.19
350520,이지스레지던스리츠,3350.0,33321.0,33321.0,111625350.0,111625350.0,KOSPI,-0.3
0000Y0,HK 26-12 회사채(AA-이상)액티브,101815.0,24.0,24.0,2443560.0,2443560.0,KOSPI,0.04
0193G0,KoAct 코스피액티브,8230.0,127015.0,127015.0,1045333450.0,1045333450.0,KOSPI,-2.83
013520,화승코퍼레이션,2450.0,60200.0,60200.0,147490000.0,147490000.0,KOSPI,0.0
089470,HDC현대EP,3835.0,21636.0,21636.0,82974060.0,82974060.0,KOSPI,0.92
471760,TIGER AI반도체핵심공정,13435.0,451915.0,451915.0,6071478025.0,6071478025.0,KOSPI,0.83
251340,KODEX 코스닥150선물인버스,2415.0,40446020.0,40446020.0,97677138300.0,97677138300.0,KOSPI,-2.23
139220,TIGER 200 건설,7170.0,309673.0,309673.0,2220355410.0,2220355410.0,KOSPI,-2.58
550092,N2 월간 레버리지 방위산업 Top5 ETN,122010.0,4.0,4.0,488040.0,488040.0,KOSPI,1.84
411420,KODEX 미국나스닥AI테크액티브,25635.0,19568.0,19568.0,501625680.0,501625680.0,KOSPI,-1.4
078000,텔코웨어,13170.0,4176.0,4176.0,54997920.0,54997920.0,KOSPI,0.23
530061,삼성 레버리지 은 선물 ETN(H),40415.0,14040.0,14040.0,567426600.0,567426600.0,KOSPI,0.36
005800,신영와코루,13430.0,1209.0,1209.0,16236870.0,16236870.0,KOSPI,-0.81
079430,현대리바트,5990.0,11901.0,11901.0,71286990.0,71286990.0,KOSPI,1.01
319640,TIGER 골드선물(H),27360.0,40018.0,40018.0,1094892480.0,1094892480.0,KOSPI,1.88
002620,제일파마홀딩스,7500.0,1232.0,1232.0,9240000.0,9240000.0,KOSPI,-1.83
001360,삼성제약,1270.0,212003.0,212003.0,269243810.0,269243810.0,KOSPI,1.6
011280,태림포장,1688.0,17177.0,17177.0,28994776.0,28994776.0,KOSPI,-2.54
0176E0,RISE 미국AI전력인프라액티브,9580.0,8844.0,8844.0,84725520.0,84725520.0,KOSPI,-2.54
009070,KCTC,3970.0,129485.0,129485.0,514055450.0,514055450.0,KOSPI,2.32
399110,SOL 미국S&P500ESG,21120.0,9122.0,9122.0,192656640.0,192656640.0,KOSPI,0.36
461500,HANARO 종합채권(AA-이상)액티브,104755.0,37.0,37.0,3875935.0,3875935.0,KOSPI,0.17
367770,RISE 수소경제테마,22500.0,64944.0,64944.0,1461240000.0,1461240000.0,KOSPI,1.93
227840,현대코퍼레이션홀딩스,12950.0,11378.0,11378.0,147345100.0,147345100.0,KOSPI,0.47
377990,TIGER Fn신재생에너지,23465.0,76252.0,76252.0,1789253180.0,1789253180.0,KOSPI,1.32
464930,TIGER 글로벌혁신블루칩TOP10,21105.0,1706.0,1706.0,36005130.0,36005130.0,KOSPI,-0.94
0181B0,HANARO 미국AI메모리반도체TOP4+,9520.0,143971.0,143971.0,1370603920.0,1370603920.0,KOSPI,-4.32
309230,ACE 미국WideMoat동일가중,31720.0,7438.0,7438.0,235933360.0,235933360.0,KOSPI,0.27
328370,PLUS 코스피TR,37585.0,229.0,229.0,8606965.0,8606965.0,KOSPI,-2.81
034590,인천도시가스,26600.0,702.0,702.0,18673200.0,18673200.0,KOSPI,0.19
488500,TIGER 미국S&P500동일가중,12850.0,83683.0,83683.0,1075326550.0,1075326550.0,KOSPI,-0.23
011690,와이투솔루션,3120.0,90000.0,90000.0,280800000.0,280800000.0,KOSPI,0.0
372330,KODEX 차이나항셍테크,6935.0,82085.0,82085.0,569259475.0,569259475.0,KOSPI,-3.81
001520,동양,1068.0,76475.0,76475.0,81675300.0,81675300.0,KOSPI,0.09
469170,ACE 포스코그룹포커스,5705.0,932439.0,932439.0,5319564495.0,5319564495.0,KOSPI,5.94
083420,그린케미칼,4765.0,41883.0,41883.0,199572495.0,199572495.0,KOSPI,0.53
0092B0,SOL 한국원자력SMR,14070.0,48339.0,48339.0,680129730.0,680129730.0,KOSPI,-1.05
0122W0,RISE 26-11 회사채(AA-이상)액티브,50970.0,870.0,870.0,44343900.0,44343900.0,KOSPI,0.04
464310,TIGER 글로벌AI&로보틱스 INDXX,13740.0,23810.0,23810.0,327149400.0,327149400.0,KOSPI,-1.72
014530,극동유화,3250.0,42729.0,42729.0,138869250.0,138869250.0,KOSPI,0.46
013570,디와이,4290.0,22617.0,22617.0,97026930.0,97026930.0,KOSPI,2.63
332940,HANARO MSCI Korea TR,46920.0,945.0,945.0,44339400.0,44339400.0,KOSPI,-5.3
016710,대성홀딩스,6970.0,17598.0,17598.0,122658060.0,122658060.0,KOSPI,-0.14
491230,PLUS 국공채머니마켓액티브,52480.0,34968.0,34968.0,1835120640.0,1835120640.0,KOSPI,0.03
078935,GS우,62500.0,2439.0,2439.0,152437500.0,152437500.0,KOSPI,-1.42
0135Y0,IBK 중기종합채권(AA-이상)액티브,100370.0,4.0,4.0,401480.0,401480.0,KOSPI,0.0
023450,동남합성,31700.0,949.0,949.0,30083300.0,30083300.0,KOSPI,3.76
266370,KODEX IT,65245.0,41136.0,41136.0,2683918320.0,2683918320.0,KOSPI,-2.6
304940,KODEX 미국나스닥100선물(H),32050.0,4080.0,4080.0,130764000.0,130764000.0,KOSPI,-0.6
017550,수산세보틱스,1771.0,81164.0,81164.0,143741444.0,143741444.0,KOSPI,2.25
0132K0,PLUS 테슬라위클리커버드콜채권혼합,8010.0,92937.0,92937.0,744425370.0,744425370.0,KOSPI,0.5
0000J0,PLUS 한화그룹주,27605.0,96068.0,96068.0,2651957140.0,2651957140.0,KOSPI,0.0
035000,HS애드,6710.0,40042.0,40042.0,268681820.0,268681820.0,KOSPI,-0.15
438570,SOL 국고채10년,98120.0,53.0,53.0,5200360.0,5200360.0,KOSPI,0.26
006660,삼성공조,13350.0,443396.0,443396.0,5919336600.0,5919336600.0,KOSPI,-2.41
326240,RISE IT플러스,42355.0,2321.0,2321.0,98305955.0,98305955.0,KOSPI,-2.13
012320,경동인베스트,45700.0,5775.0,5775.0,263917500.0,263917500.0,KOSPI,-1.19
0209D0,KODEX 전고체배터리ESS TOP2플러스,8000.0,859897.0,859897.0,6879176000.0,6879176000.0,KOSPI,6.38
455860,SOL 2차전지소부장Fn,4525.0,550964.0,550964.0,2493112100.0,2493112100.0,KOSPI,8.12
001210,금호전기,8700.0,12263946.0,12263946.0,106696330200.0,106696330200.0,KOSPI,3.82
012800,대창,1178.0,237394.0,237394.0,279650132.0,279650132.0,KOSPI,0.17
530107,삼성 인버스 2X 코스닥150 선물 ETN,1789.0,35085495.0,35085495.0,62767950555.0,62767950555.0,KOSPI,-3.4
010100,한국무브넥스,3525.0,50197.0,50197.0,176944425.0,176944425.0,KOSPI,0.43
0221V0,IBK 초단기채권액티브,100360.0,231.0,231.0,23183160.0,23183160.0,KOSPI,0.02
004250,NPC,2910.0,6920.0,6920.0,20137200.0,20137200.0,KOSPI,0.0
008970,KBI동양철관,1029.0,323983.0,323983.0,333378507.0,333378507.0,KOSPI,-1.63
0138Y0,PLUS 금채권혼합,10115.0,316796.0,316796.0,3204391540.0,3204391540.0,KOSPI,0.85
0193M0,BNK 27-12 특수채(AAA이상)액티브,50370.0,25.0,25.0,1259250.0,1259250.0,KOSPI,-0.02
168580,ACE 중국본토CSI300,34050.0,2178.0,2178.0,74160900.0,74160900.0,KOSPI,-1.67
248170,샘표식품,23250.0,4693.0,4693.0,109112250.0,109112250.0,KOSPI,0.65
014580,태경비케이,3845.0,104944.0,104944.0,403509680.0,403509680.0,KOSPI,-1.41
0036R0,RISE 미국휴머노이드로봇,18925.0,13387.0,13387.0,253348975.0,253348975.0,KOSPI,-1.05
0091M0,HANARO 27-06 회사채(AA-이상)액티브,10155.0,303.0,303.0,3076965.0,3076965.0,KOSPI,0.0
0080Y0,SOL 조선TOP3플러스레버리지,8335.0,412029.0,412029.0,3434261715.0,3434261715.0,KOSPI,-0.54
0174B0,KoAct 글로벌AI메모리반도체액티브,13825.0,107454.0,107454.0,1485551550.0,1485551550.0,KOSPI,-4.59
500050,신한 레버리지 S&P500 선물 ETN,52860.0,38.0,38.0,2008680.0,2008680.0,KOSPI,0.7
012200,계양전기,3880.0,166979.0,166979.0,647878520.0,647878520.0,KOSPI,-2.27
002460,HS화성,10400.0,9410.0,9410.0,97864000.0,97864000.0,KOSPI,-0.86
027970,한국제지,2765.0,6425.0,6425.0,17765125.0,17765125.0,KOSPI,0.73
203780,TIGER 미국나스닥바이오,36740.0,33160.0,33160.0,1218298400.0,1218298400.0,KOSPI,1.38
120030,조선선재,83400.0,601.0,601.0,50123400.0,50123400.0,KOSPI,-1.53
0137V0,KIWOOM 미국S&P500모멘텀,11505.0,116815.0,116815.0,1343956575.0,1343956575.0,KOSPI,-0.73
070960,모나용평,2175.0,37980.0,37980.0,82606500.0,82606500.0,KOSPI,-2.03
261270,KODEX 미국달러선물인버스,8095.0,31713.0,31713.0,256716735.0,256716735.0,KOSPI,0.37
394660,TIGER 글로벌자율주행&전기차SOLACTIVE,15870.0,10533.0,10533.0,167158710.0,167158710.0,KOSPI,-0.38
0177X0,ACE K휴머노이드로봇산업TOP2+,9500.0,165808.0,165808.0,1575176000.0,1575176000.0,KOSPI,-1.2
267850,아시아나IDT,9340.0,4492.0,4492.0,41955280.0,41955280.0,KOSPI,1.52
009580,무림P&P,1643.0,19224.0,19224.0,31585032.0,31585032.0,KOSPI,1.23
0085P0,ACE 미국10년국채액티브,9850.0,211880.0,211880.0,2087018000.0,2087018000.0,KOSPI,-0.3
465780,마이티 26-09 특수채(AAA)액티브,106335.0,100.0,100.0,10633500.0,10633500.0,KOSPI,0.01
496090,KIWOOM 코리아밸류업,31405.0,1890.0,1890.0,59355450.0,59355450.0,KOSPI,-2.2
006840,AK홀딩스,7690.0,19731.0,19731.0,151731390.0,151731390.0,KOSPI,-0.13
123690,한국화장품,6340.0,78857.0,78857.0,499953380.0,499953380.0,KOSPI,1.28
264900,크라운제과,8130.0,1174.0,1174.0,9544620.0,9544620.0,KOSPI,-0.25
610037,메리츠 미국채30년 ETN(H),7270.0,1.0,1.0,7270.0,7270.0,KOSPI,-0.07
475280,ACE 8월만기자동연장회사채AA-이상액티브,10720.0,507.0,507.0,5435040.0,5435040.0,KOSPI,0.0
114100,RISE 국고채3년,106640.0,10242.0,10242.0,1092206880.0,1092206880.0,KOSPI,0.08
067830,세이브존I&C,2440.0,22300.0,22300.0,54412000.0,54412000.0,KOSPI,1.88
021820,세원정공,10000.0,7301.0,7301.0,73010000.0,73010000.0,KOSPI,0.7
570019,한투 코스피양매도5%OTM ETN,6620.0,499.0,499.0,3303380.0,3303380.0,KOSPI,1.22
008260,NI스틸,3460.0,96014.0,96014.0,332208440.0,332208440.0,KOSPI,-3.76
476850,KoAct 배당성장액티브,21035.0,130227.0,130227.0,2739324945.0,2739324945.0,KOSPI,-2.89
002450,삼익악기,1092.0,90969.0,90969.0,99338148.0,99338148.0,KOSPI,-0.09
092220,KEC,2460.0,251482.0,251482.0,618645720.0,618645720.0,KOSPI,2.71
0052T0,1Q 중단기회사채(A-이상)액티브,50715.0,2.0,2.0,101430.0,101430.0,KOSPI,0.14
013700,까뮤이앤씨,1637.0,197349.0,197349.0,323060313.0,323060313.0,KOSPI,2.31
032560,황금에스티,5750.0,13750.0,13750.0,79062500.0,79062500.0,KOSPI,0.88
465610,ACE 미국빅테크TOP7 Plus레버리지(합성),40700.0,6201.0,6201.0,252380700.0,252380700.0,KOSPI,-2.01
019180,티에이치엔,5350.0,72511.0,72511.0,387933850.0,387933850.0,KOSPI,0.19
0007N0,아이엠에셋 200,106700.0,274.0,274.0,29235800.0,29235800.0,KOSPI,-3.69
475050,ACE KPOP포커스,6625.0,386741.0,386741.0,2562159125.0,2562159125.0,KOSPI,1.3
37550L,DL이앤씨2우(전환),45250.0,728.0,728.0,32942000.0,32942000.0,KOSPI,-2.06
036580,팜스코,2600.0,15521.0,15521.0,40354600.0,40354600.0,KOSPI,3.59
007210,벽산,1454.0,110293.0,110293.0,160366022.0,160366022.0,KOSPI,0.69
0008T0,SOL 화장품TOP3플러스,19165.0,1424831.0,1424831.0,27306886115.0,27306886115.0,KOSPI,4.56
195980,PLUS 신흥국MSCI(합성 H),15215.0,18383.0,18383.0,279697345.0,279697345.0,KOSPI,-0.85
016740,두올,3300.0,39954.0,39954.0,131848200.0,131848200.0,KOSPI,5.94
473440,ACE 11월만기자동연장회사채AA-이상액티브,10845.0,1268.0,1268.0,13751460.0,13751460.0,KOSPI,0.09
014790,HL D&I,2485.0,92859.0,92859.0,230754615.0,230754615.0,KOSPI,0.61
0035T0,PLUS 글로벌휴머노이드로봇액티브,19345.0,19093.0,19093.0,369354085.0,369354085.0,KOSPI,-0.33
308620,KODEX 미국10년국채선물,11555.0,28854.0,28854.0,333407970.0,333407970.0,KOSPI,-0.52
481430,RISE 국고채10년액티브,98190.0,1406.0,1406.0,138055140.0,138055140.0,KOSPI,0.32
433970,KODEX TDF2030액티브 적격,14015.0,19203.0,19203.0,269130045.0,269130045.0,KOSPI,0.11
014440,영보화학,4650.0,31223.0,31223.0,145186950.0,145186950.0,KOSPI,-0.11
008700,아남전자,1200.0,188074.0,188074.0,225688800.0,225688800.0,KOSPI,-2.68
0142D0,TIGER 미국AI데이터센터TOP4Plus,10100.0,308176.0,308176.0,3112577600.0,3112577600.0,KOSPI,-4.13
004100,태양금속,2495.0,349835.0,349835.0,872838325.0,872838325.0,KOSPI,3.74
211900,KODEX 코리아배당성장,27635.0,13750.0,13750.0,379981250.0,379981250.0,KOSPI,-0.09
058850,KTcs,2200.0,149167.0,149167.0,328167400.0,328167400.0,KOSPI,0.46
468380,KODEX iShares미국하이일드액티브,10980.0,77599.0,77599.0,852037020.0,852037020.0,KOSPI,-0.36
143850,TIGER 미국S&P500선물(H),77190.0,2633.0,2633.0,203241270.0,203241270.0,KOSPI,0.04
001275,부국증권우,30200.0,1612.0,1612.0,48682400.0,48682400.0,KOSPI,-0.33
0066W0,SOL 국제금,13590.0,156318.0,156318.0,2124361620.0,2124361620.0,KOSPI,1.57
485690,RISE 미국AI밸류체인TOP3Plus,21410.0,5820.0,5820.0,124606200.0,124606200.0,KOSPI,-1.92
269540,PLUS 미국S&P500(H),29955.0,7824.0,7824.0,234367920.0,234367920.0,KOSPI,0.1
325020,KODEX 배당가치,28860.0,7866.0,7866.0,227012760.0,227012760.0,KOSPI,-0.84
486240,DAISHIN AI반도체&인프라액티브,27935.0,840.0,840.0,23465400.0,23465400.0,KOSPI,-1.04
570116,한투 레버리지WTI원유선물 ETN B,44675.0,3871.0,3871.0,172936925.0,172936925.0,KOSPI,-2.58
025620,차AI헬스케어,4905.0,10041.0,10041.0,49251105.0,49251105.0,KOSPI,4.36
204480,TIGER 차이나CSI300레버리지(합성),23895.0,5854.0,5854.0,139881330.0,139881330.0,KOSPI,-3.63
023000,삼원강재,2235.0,2950.0,2950.0,6593250.0,6593250.0,KOSPI,-0.45
058860,KTis,2545.0,58570.0,58570.0,149060650.0,149060650.0,KOSPI,0.99
453080,KIWOOM 미국나스닥100(H),22600.0,16606.0,16606.0,375295600.0,375295600.0,KOSPI,-0.7
329670,KODEX TRF7030,22035.0,8703.0,8703.0,191770605.0,191770605.0,KOSPI,0.0
004140,동방,1826.0,133252.0,133252.0,243318152.0,243318152.0,KOSPI,2.3
001020,페이퍼코리아,2460.0,60373.0,60373.0,148517580.0,148517580.0,KOSPI,4.68
444490,WON 미국S&P500,20125.0,11096.0,11096.0,223307000.0,223307000.0,KOSPI,-0.25
580039,KB 레버리지 KOSPI 200 선물 ETN,174650.0,547.0,547.0,95533550.0,95533550.0,KOSPI,-7.37
004890,동일산업,36000.0,478.0,478.0,17208000.0,17208000.0,KOSPI,-1.37
363280,티와이홀딩스,1915.0,10436.0,10436.0,19984940.0,19984940.0,KOSPI,-0.93
298770,KODEX 한국대만IT프리미어,79205.0,2320.0,2320.0,183755600.0,183755600.0,KOSPI,-2.55
500096,신한 인버스2X 천연가스 선물 ETN B,17360.0,21.0,21.0,364560.0,364560.0,KOSPI,0.99
292770,KODEX 국채선물3년인버스,57685.0,6.0,6.0,346110.0,346110.0,KOSPI,-0.02
002200,한국수출포장,2575.0,33978.0,33978.0,87493350.0,87493350.0,KOSPI,0.59
495040,PLUS 코리아밸류업,31220.0,1385.0,1385.0,43239700.0,43239700.0,KOSPI,-2.18
460960,ACE 글로벌인컴TOP10,11120.0,44479.0,44479.0,494606480.0,494606480.0,KOSPI,-0.36
139990,아주스틸,2205.0,23454.0,23454.0,51716070.0,51716070.0,KOSPI,-2.65
108450,ACE 삼성그룹섹터가중,38735.0,5951.0,5951.0,230511985.0,230511985.0,KOSPI,-2.47
479620,SOL 미국AI반도체칩메이커,23875.0,14128.0,14128.0,337306000.0,337306000.0,KOSPI,-2.61
454320,HANARO CAPEX설비투자iSelect,39405.0,3143.0,3143.0,123849915.0,123849915.0,KOSPI,2.01
109070,주성코퍼레이션,1603.0,121781.0,121781.0,195214943.0,195214943.0,KOSPI,0.0
005740,크라운해태홀딩스,5690.0,13690.0,13690.0,77896100.0,77896100.0,KOSPI,-0.7
096775,SK이노베이션우,67600.0,4368.0,4368.0,295276800.0,295276800.0,KOSPI,0.6
329660,KODEX TRF5050,17900.0,7341.0,7341.0,131403900.0,131403900.0,KOSPI,0.31
023800,인지컨트롤스,5290.0,151095.0,151095.0,799292550.0,799292550.0,KOSPI,1.93
461460,PLUS 국고채10년액티브,51315.0,122.0,122.0,6260430.0,6260430.0,KOSPI,0.31
000105,유한양행우,70400.0,2593.0,2593.0,182547200.0,182547200.0,KOSPI,2.03
210980,SK디앤디,4445.0,37293.0,37293.0,165767385.0,165767385.0,KOSPI,-1.22
138530,TIGER LG그룹플러스,12330.0,80613.0,80613.0,993958290.0,993958290.0,KOSPI,2.66
130730,KIWOOM 단기자금,102970.0,784.0,784.0,80728480.0,80728480.0,KOSPI,0.0
006090,사조오양,8730.0,4092.0,4092.0,35723160.0,35723160.0,KOSPI,1.16
007980,TP,1751.0,113187.0,113187.0,198190437.0,198190437.0,KOSPI,-1.24
0162L0,KODEX 차이나AI반도체TOP10,12830.0,643405.0,643405.0,8254886150.0,8254886150.0,KOSPI,-5.35
449770,KIWOOM 미국S&P500,20985.0,9728.0,9728.0,204142080.0,204142080.0,KOSPI,-0.33
0017Y0,1Q 종합채권(AA-이상)액티브,93620.0,374.0,374.0,35013880.0,35013880.0,KOSPI,0.15
453330,RISE 미국S&P500(H),18120.0,12750.0,12750.0,231030000.0,231030000.0,KOSPI,0.08
004840,DRB동일,4230.0,41760.0,41760.0,176644800.0,176644800.0,KOSPI,-0.35
111380,동인기연,13300.0,6101.0,6101.0,81143300.0,81143300.0,KOSPI,-1.99
002600,조흥,135400.0,16.0,16.0,2166400.0,2166400.0,KOSPI,-1.81
364960,TIGER BBIG,6690.0,28060.0,28060.0,187721400.0,187721400.0,KOSPI,2.69
157490,TIGER 소프트웨어,8560.0,90026.0,90026.0,770622560.0,770622560.0,KOSPI,0.94
000850,화천기공,36450.0,7882.0,7882.0,287298900.0,287298900.0,KOSPI,2.24
359210,KODEX 코스피TR,34750.0,5452.0,5452.0,189457000.0,189457000.0,KOSPI,-2.82
490480,SOL K방산,28880.0,15885.0,15885.0,458758800.0,458758800.0,KOSPI,1.49
013360,일성건설,1465.0,356304.0,356304.0,521985360.0,521985360.0,KOSPI,-2.4
0197X0,SOL SK하이닉스선물단일종목인버스2X,7185.0,15581377.0,15581377.0,111952193745.0,111952193745.0,KOSPI,7.08
003580,HLB글로벌,1553.0,90578.0,90578.0,140667634.0,140667634.0,KOSPI,-1.52
0049M0,ACE 미국배당퀄리티+커버드콜액티브,11300.0,27008.0,27008.0,305190400.0,305190400.0,KOSPI,-0.04
069730,DSR제강,5450.0,17773.0,17773.0,96862850.0,96862850.0,KOSPI,0.0
015590,DKME,1469.0,43637.0,43637.0,64102753.0,64102753.0,KOSPI,-0.07
0018C0,PLUS 고배당주위클리고정커버드콜,10525.0,60607.0,60607.0,637888675.0,637888675.0,KOSPI,0.62
163560,동일고무벨트,5640.0,29052.0,29052.0,163853280.0,163853280.0,KOSPI,0.18
000590,CS홀딩스,67900.0,1238.0,1238.0,84060200.0,84060200.0,KOSPI,0.44
337140,KODEX 코스피대형주,35610.0,20182.0,20182.0,718681020.0,718681020.0,KOSPI,-3.54
492500,1Q 현대차그룹채권(A+이상)&국고통안,51325.0,478.0,478.0,24533350.0,24533350.0,KOSPI,0.07
458030,WON 국공채머니마켓액티브,55005.0,658.0,658.0,36193290.0,36193290.0,KOSPI,-0.02
0057H0,PLUS 미국S&P500미국채혼합50액티브,11635.0,32107.0,32107.0,373564945.0,373564945.0,KOSPI,-0.43
0080X0,SOL 미국S&P500미국채혼합50,10975.0,48688.0,48688.0,534350800.0,534350800.0,KOSPI,-0.36
009180,한솔로지스틱스,2750.0,21067.0,21067.0,57934250.0,57934250.0,KOSPI,0.92
495750,HANARO 코리아밸류업,31415.0,465.0,465.0,14607975.0,14607975.0,KOSPI,-2.71
210780,TIGER 코스피고배당,23150.0,8927.0,8927.0,206660050.0,206660050.0,KOSPI,0.89
063160,종근당바이오,13920.0,3375.0,3375.0,46980000.0,46980000.0,KOSPI,1.24
438560,SOL 국고채3년,100455.0,198.0,198.0,19890090.0,19890090.0,KOSPI,0.13
0098N0,PLUS 자사주매입고배당주,12690.0,20553.0,20553.0,260817570.0,260817570.0,KOSPI,0.75
000230,일동홀딩스,6570.0,133109.0,133109.0,874526130.0,874526130.0,KOSPI,2.82
007590,동방아그로,5560.0,6330.0,6330.0,35194800.0,35194800.0,KOSPI,-0.54
031820,아이티센씨티에스,6200.0,47731.0,47731.0,295932200.0,295932200.0,KOSPI,1.64
014160,대영포장,691.0,273710.0,273710.0,189133610.0,189133610.0,KOSPI,-4.69
412770,TIGER 글로벌AI플랫폼액티브,12315.0,24495.0,24495.0,301655925.0,301655925.0,KOSPI,-0.81
002220,한일철강,2800.0,174696.0,174696.0,489148800.0,489148800.0,KOSPI,1.45
434960,DAISHIN K200,106775.0,5078.0,5078.0,542203450.0,542203450.0,KOSPI,-3.63
365040,TIGER AI코리아그로스액티브,35525.0,10867.0,10867.0,386050175.0,386050175.0,KOSPI,-2.54
469060,RISE 미국반도체NYSE,33820.0,64040.0,64040.0,2165832800.0,2165832800.0,KOSPI,-3.34
228810,TIGER 미디어컨텐츠,3055.0,132305.0,132305.0,404191775.0,404191775.0,KOSPI,0.83
001260,남광토건,7550.0,37983.0,37983.0,286771650.0,286771650.0,KOSPI,-1.31
000180,성창기업지주,5290.0,16104.0,16104.0,85190160.0,85190160.0,KOSPI,0.0
013870,지엠비코리아,3855.0,19031.0,19031.0,73364505.0,73364505.0,KOSPI,-2.65
004720,팜젠사이언스,3245.0,32895.0,32895.0,106744275.0,106744275.0,KOSPI,3.84
010960,삼호개발,3045.0,120192.0,120192.0,365984640.0,365984640.0,KOSPI,-1.14
520087,미래에셋 레버리지 KRX 금현물 ETN,36720.0,32417.0,32417.0,1190352240.0,1190352240.0,KOSPI,3.92
473640,HANARO 글로벌금채굴기업,37600.0,146092.0,146092.0,5493059200.0,5493059200.0,KOSPI,2.73
0102A0,TIGER 미국AI소프트웨어TOP4Plus,8665.0,53785.0,53785.0,466047025.0,466047025.0,KOSPI,1.52
011700,한신기계,2255.0,55124.0,55124.0,124304620.0,124304620.0,KOSPI,-0.66
011150,CJ씨푸드,2035.0,99714.0,99714.0,202917990.0,202917990.0,KOSPI,0.99
272910,ACE 중장기국공채액티브,106045.0,53.0,53.0,5620385.0,5620385.0,KOSPI,0.09
0022T0,SOL 국제금커버드콜액티브,13970.0,168458.0,168458.0,2353358260.0,2353358260.0,KOSPI,1.56
0113D0,TIME 글로벌탑픽액티브,11980.0,22576.0,22576.0,270460480.0,270460480.0,KOSPI,-0.33
441540,HANARO Fn조선해운,26830.0,22639.0,22639.0,607404370.0,607404370.0,KOSPI,1.96
550093,N2 전력인프라 Top5 ETN,36160.0,124.0,124.0,4483840.0,4483840.0,KOSPI,0.4
005750,대림바스,4355.0,10747.0,10747.0,46803185.0,46803185.0,KOSPI,-4.07
266420,KODEX 헬스케어,18020.0,41675.0,41675.0,750983500.0,750983500.0,KOSPI,2.71
550091,N2 방위산업 Top5 ETN,35985.0,29.0,29.0,1043565.0,1043565.0,KOSPI,0.97
211560,TIGER 배당성장,34760.0,9793.0,9793.0,340404680.0,340404680.0,KOSPI,0.17
002720,국제약품,3395.0,1025524.0,1025524.0,3481653980.0,3481653980.0,KOSPI,5.6
530067,삼성 KRX 금현물 ETN,35350.0,8154.0,8154.0,288243900.0,288243900.0,KOSPI,2.17
009770,삼정펄프,28250.0,877.0,877.0,24775250.0,24775250.0,KOSPI,-1.91
292190,KODEX KRX300,46915.0,9077.0,9077.0,425847455.0,425847455.0,KOSPI,-3.5
095720,웅진씽크빅,1237.0,21665.0,21665.0,26799605.0,26799605.0,KOSPI,0.16
520092,미래에셋 레버리지 은 선물 ETN B,35065.0,513338.0,513338.0,18000196970.0,18000196970.0,KOSPI,0.03
007610,선도전기,3895.0,276834.0,276834.0,1078268430.0,1078268430.0,KOSPI,-3.83
085310,엔케이,9430.0,24845.0,24845.0,234288350.0,234288350.0,KOSPI,-0.74
570120,한투 레버리지천연가스선물 ETN C,13990.0,14620.0,14620.0,204533800.0,204533800.0,KOSPI,-1.72
001560,제일연마,9160.0,2245.0,2245.0,20564200.0,20564200.0,KOSPI,-0.33
084670,동양고속,24000.0,15732.0,15732.0,377568000.0,377568000.0,KOSPI,-0.62
33626K,두산퓨얼셀1우,5200.0,9559.0,9559.0,49706800.0,49706800.0,KOSPI,1.96
155660,DSR,4315.0,12873.0,12873.0,55546995.0,55546995.0,KOSPI,-1.48
338100,NH프라임리츠,3695.0,17094.0,17094.0,63162330.0,63162330.0,KOSPI,0.27
214330,금호에이치티,6580.0,49225.0,49225.0,323900500.0,323900500.0,KOSPI,-1.35
475350,RISE 버크셔포트폴리오TOP10,14485.0,49731.0,49731.0,720353535.0,720353535.0,KOSPI,-0.28
002795,아모레퍼시픽홀딩스우,10730.0,3371.0,3371.0,36170830.0,36170830.0,KOSPI,-0.56
475310,SOL 반도체후공정,24885.0,101102.0,101102.0,2515923270.0,2515923270.0,KOSPI,-0.86
120115,코오롱인더우,24650.0,4609.0,4609.0,113611850.0,113611850.0,KOSPI,1.02
440640,ACE 단기채권알파액티브,112625.0,2224.0,2224.0,250478000.0,250478000.0,KOSPI,0.0
0225V0,KODEX 미국CPU반도체TOP10,9720.0,129585.0,129585.0,1259566200.0,1259566200.0,KOSPI,-3.67
458750,TIGER 미국배당다우존스타겟커버드콜1호,13295.0,63637.0,63637.0,846053915.0,846053915.0,KOSPI,0.26
018500,동원모빌리티,1449.0,49999.0,49999.0,72448551.0,72448551.0,KOSPI,0.28
017370,우신시스템,3690.0,12781.0,12781.0,47161890.0,47161890.0,KOSPI,0.68
0098Z0,FOCUS 200,90005.0,45.0,45.0,4050225.0,4050225.0,KOSPI,-4.56
079980,휴비스,1952.0,83890.0,83890.0,163753280.0,163753280.0,KOSPI,0.1
0190Y0,TIGER 구글밸류체인,8485.0,30588.0,30588.0,259539180.0,259539180.0,KOSPI,-1.11
228800,TIGER 여행레저,2590.0,82572.0,82572.0,213861480.0,213861480.0,KOSPI,0.97
278620,PLUS 단기채권액티브,118985.0,63.0,63.0,7496055.0,7496055.0,KOSPI,0.0
002700,신일전자,970.0,965443.0,965443.0,936479710.0,936479710.0,KOSPI,-2.81
530131,삼성 인버스0.5X S&P500 VIX S/T선물 ETN B,22125.0,452.0,452.0,10000500.0,10000500.0,KOSPI,0.23
010040,한국내화,1610.0,28845.0,28845.0,46440450.0,46440450.0,KOSPI,0.31
0115E0,KODEX 코리아소버린AI,14670.0,110927.0,110927.0,1627299090.0,1627299090.0,KOSPI,-0.58
530126,삼성 코리아 밸류업 TR ETN,32965.0,6.0,6.0,197790.0,197790.0,KOSPI,-1.63
277640,TIGER 코스피대형주,36605.0,12013.0,12013.0,439735865.0,439735865.0,KOSPI,-3.49
016090,대현,1479.0,121581.0,121581.0,179818299.0,179818299.0,KOSPI,0.48
433880,PLUS TDF2060액티브 적격,18540.0,10938.0,10938.0,202790520.0,202790520.0,KOSPI,-1.9
465330,RISE 2차전지TOP10,11280.0,138173.0,138173.0,1558591440.0,1558591440.0,KOSPI,7.07
530115,삼성 레버리지 나스닥 100 TR ETN,64985.0,56.0,56.0,3639160.0,3639160.0,KOSPI,-1.4
298340,PLUS 국채선물3년,56545.0,19050.0,19050.0,1077182250.0,1077182250.0,KOSPI,0.11
007280,한국특강,2265.0,38340.0,38340.0,86840100.0,86840100.0,KOSPI,-5.62
100910,KIWOOM KRX100,16625.0,1066.0,1066.0,17722250.0,17722250.0,KOSPI,-4.04
550084,N2 코스피 200 TR ETN,32340.0,14.0,14.0,452760.0,452760.0,KOSPI,-3.3
055490,테이팩스,13370.0,20957.0,20957.0,280195090.0,280195090.0,KOSPI,0.53
491700,HK 200,106600.0,2061.0,2061.0,219702600.0,219702600.0,KOSPI,-3.93
570100,한투 일본종합상사TOP5 ETN,21320.0,3171.0,3171.0,67605720.0,67605720.0,KOSPI,1.02
100220,비상교육,4910.0,17511.0,17511.0,85979010.0,85979010.0,KOSPI,0.2
084680,이월드,449.0,555641.0,555641.0,249482809.0,249482809.0,KOSPI,3.46
453950,TIGER TSMC파운드리밸류체인,32600.0,10214.0,10214.0,332976400.0,332976400.0,KOSPI,-2.1
009200,무림페이퍼,1520.0,14391.0,14391.0,21874320.0,21874320.0,KOSPI,0.4
0123S0,HANARO 26-12 은행채(AA+이상)액티브,10190.0,424.0,424.0,4320560.0,4320560.0,KOSPI,-0.05
009190,대양금속,1435.0,353340.0,353340.0,507042900.0,507042900.0,KOSPI,-4.46
068290,삼성출판사,6260.0,2252.0,2252.0,14097520.0,14097520.0,KOSPI,-0.32
453640,KODEX 미국S&P500헬스케어,14515.0,34400.0,34400.0,499316000.0,499316000.0,KOSPI,0.48
058730,다스코,3080.0,571773.0,571773.0,1761060840.0,1761060840.0,KOSPI,-3.3
419890,KIWOOM 단기채권ESG액티브,107495.0,1052.0,1052.0,113084740.0,113084740.0,KOSPI,-0.02
004770,써니전자,1751.0,391887.0,391887.0,686194137.0,686194137.0,KOSPI,1.92
004440,삼일씨엔에스,4880.0,13121.0,13121.0,64030480.0,64030480.0,KOSPI,0.0
005870,휴니드,4400.0,35131.0,35131.0,154576400.0,154576400.0,KOSPI,-1.01
520080,미래에셋 미국 테크&반도체 TOP3 ETN,20700.0,2.0,2.0,41400.0,41400.0,KOSPI,-0.19
072130,유엔젤,4890.0,23878.0,23878.0,116763420.0,116763420.0,KOSPI,1.66
0000D0,TIGER 엔비디아미국채커버드콜밸런스(합성),9050.0,26011.0,26011.0,235399550.0,235399550.0,KOSPI,-0.6
396690,미래에셋글로벌리츠,1563.0,80487.0,80487.0,125801181.0,125801181.0,KOSPI,1.36
261070,TIGER 코스닥150바이오테크,13290.0,211402.0,211402.0,2809532580.0,2809532580.0,KOSPI,2.15
455660,ACE 미국하이일드액티브(H),9480.0,18258.0,18258.0,173085840.0,173085840.0,KOSPI,0.11
0040S0,HANARO 글로벌피지컬AI액티브,23500.0,8036.0,8036.0,188846000.0,188846000.0,KOSPI,-0.93
275980,TIGER 글로벌4차산업혁신기술(합성 H),24005.0,1165.0,1165.0,27965825.0,27965825.0,KOSPI,0.21
071090,하이스틸,3015.0,57498.0,57498.0,173356470.0,173356470.0,KOSPI,1.17
0172V0,1Q 은액티브,9015.0,339001.0,339001.0,3056094015.0,3056094015.0,KOSPI,0.17
760018,키움 미국달러선물 ETN B,10130.0,2.0,2.0,20260.0,20260.0,KOSPI,-0.3
500071,신한 레버리지 코스닥 150 선물 ETN,24300.0,246.0,246.0,5977800.0,5977800.0,KOSPI,4.27
520081,미래에셋 2X 미국 테크&반도체 TOP3 ETN,60500.0,11.0,11.0,665500.0,665500.0,KOSPI,-2.24
002760,보락,1004.0,62262.0,62262.0,62511048.0,62511048.0,KOSPI,0.3
479730,TIGER 인도빌리언컨슈머,10190.0,9276.0,9276.0,94522440.0,94522440.0,KOSPI,-0.1
760016,키움 레버리지 조선TOP10 ETN,60040.0,363.0,363.0,21794520.0,21794520.0,KOSPI,0.95
580010,KB Wise 분할매매 ETN,9965.0,21.0,21.0,209265.0,209265.0,KOSPI,-3.91
006890,태경케미컬,5150.0,70507.0,70507.0,363111050.0,363111050.0,KOSPI,1.38
0210E0,PLUS 200커버드콜액티브,7360.0,339999.0,339999.0,2502392640.0,2502392640.0,KOSPI,-3.41
111110,호전실업,6570.0,5914.0,5914.0,38854980.0,38854980.0,KOSPI,-0.3
0181L0,SOL 미국우주항공TOP10,7340.0,78020.0,78020.0,572666800.0,572666800.0,KOSPI,-1.74
476750,ACE 미국30년국채엔화노출액티브(H),7430.0,51071.0,51071.0,379457530.0,379457530.0,KOSPI,0.0
000220,유유제약,3770.0,35756.0,35756.0,134800120.0,134800120.0,KOSPI,1.75
010660,화천기계,2690.0,52744.0,52744.0,141881360.0,141881360.0,KOSPI,1.89
306950,KODEX KRX300레버리지,73855.0,1868.0,1868.0,137961140.0,137961140.0,KOSPI,-6.02
261240,KODEX 미국달러선물,14265.0,70396.0,70396.0,1004198940.0,1004198940.0,KOSPI,-0.35
520086,미래에셋-0.5X S&P500 VIX S/T선물 ETN(H)B,23615.0,455.0,455.0,10744825.0,10744825.0,KOSPI,0.49
150460,TIGER 중국소비테마,7820.0,19981.0,19981.0,156251420.0,156251420.0,KOSPI,2.62
495940,RISE 미국AI테크액티브,18680.0,4028.0,4028.0,75243040.0,75243040.0,KOSPI,-2.12
000950,전방,34850.0,4416.0,4416.0,153897600.0,153897600.0,KOSPI,-1.41
092440,기신정기,1989.0,123635.0,123635.0,245910015.0,245910015.0,KOSPI,0.71
252400,RISE 200선물레버리지,96445.0,23327.0,23327.0,2249772515.0,2249772515.0,KOSPI,-7.49
378850,화승알앤에이,3040.0,22497.0,22497.0,68390880.0,68390880.0,KOSPI,-0.98
001465,BYC우,26750.0,1840.0,1840.0,49220000.0,49220000.0,KOSPI,0.0
278240,RISE 코스닥150선물레버리지,7895.0,89368.0,89368.0,705560360.0,705560360.0,KOSPI,3.27
570061,한투 레버리지은선물 ETN,57455.0,1180.0,1180.0,67796900.0,67796900.0,KOSPI,1.42
0166S0,PLUS K제조업핵심기업액티브,10690.0,28703.0,28703.0,306835070.0,306835070.0,KOSPI,-2.33
075180,새론오토모티브,2970.0,28921.0,28921.0,85895370.0,85895370.0,KOSPI,0.68
090080,평화산업,1038.0,140985.0,140985.0,146342430.0,146342430.0,KOSPI,-3.98
000725,현대건설우,53800.0,4280.0,4280.0,230264000.0,230264000.0,KOSPI,0.56
003925,남양유업우,30000.0,2611.0,2611.0,78330000.0,78330000.0,KOSPI,0.0
129260,인터지스,1906.0,8769.0,8769.0,16713714.0,16713714.0,KOSPI,0.16
401470,KODEX 메타버스액티브,9675.0,5011.0,5011.0,48481425.0,48481425.0,KOSPI,-0.67
491220,PLUS 200TR,125650.0,5993.0,5993.0,753020450.0,753020450.0,KOSPI,-3.57
440910,WON 미국우주항공방산,25700.0,7407.0,7407.0,190359900.0,190359900.0,KOSPI,0.27
0000Z0,RISE 바이오TOP10액티브,9640.0,323895.0,323895.0,3122347800.0,3122347800.0,KOSPI,6.52
0198A0,KIWOOM 코스닥150커버드콜액티브,8950.0,476696.0,476696.0,4266429200.0,4266429200.0,KOSPI,1.59
520057,미래에셋 인버스 2X 코스닥150 선물 ETN,1787.0,8726927.0,8726927.0,15595018549.0,15595018549.0,KOSPI,-4.34
455960,RISE 미국달러SOFR금리액티브(합성),12145.0,1196.0,1196.0,14525420.0,14525420.0,KOSPI,-0.04
0111J0,HANARO 증권고배당TOP3플러스,12350.0,39124.0,39124.0,483181400.0,483181400.0,KOSPI,-1.28
002630,오리엔트바이오,937.0,119580.0,119580.0,112046460.0,112046460.0,KOSPI,1.96
011300,우성머티리얼스,3220.0,91484.0,91484.0,294578480.0,294578480.0,KOSPI,0.0
004450,삼화왕관,25700.0,799.0,799.0,20534300.0,20534300.0,KOSPI,-0.77
001550,조비,10660.0,118358.0,118358.0,1261696280.0,1261696280.0,KOSPI,-3.09
520100,미래에셋 레버리지 삼성전자 단일종목 ETN,11025.0,244866.0,244866.0,2699647650.0,2699647650.0,KOSPI,-17.07
225040,TIGER 미국S&P500레버리지(합성 H),67205.0,6286.0,6286.0,422450630.0,422450630.0,KOSPI,0.1
024900,디와이덕양,1691.0,36611.0,36611.0,61909201.0,61909201.0,KOSPI,-0.18
0141S0,SOL 조선기자재,8180.0,144675.0,144675.0,1183441500.0,1183441500.0,KOSPI,1.87
0194T0,ACE SK하이닉스단일종목레버리지,8360.0,122588.0,122588.0,1024835680.0,1024835680.0,KOSPI,-7.06
007460,에이프로젠,2305.0,96957.0,96957.0,223485885.0,223485885.0,KOSPI,1.1
0046Y0,ACE 미국배당퀄리티,12570.0,15425.0,15425.0,193892250.0,193892250.0,KOSPI,-0.24
570117,한투 인버스2XWTI원유선물 ETN B,2455.0,116684.0,116684.0,286459220.0,286459220.0,KOSPI,1.66
003465,유화증권우,3075.0,395.0,395.0,1214625.0,1214625.0,KOSPI,1.49
003475,유안타증권우,4180.0,12480.0,12480.0,52166400.0,52166400.0,KOSPI,-0.24
025530,SJM홀딩스,3585.0,6894.0,6894.0,24714990.0,24714990.0,KOSPI,-0.42
261220,KODEX WTI원유선물(H),24035.0,98676.0,98676.0,2371677660.0,2371677660.0,KOSPI,-1.03
101140,인바이오젠,5320.0,2203.0,2203.0,11719960.0,11719960.0,KOSPI,0.0
530113,삼성 레버리지 S&P500 선물 ETN,53410.0,2.0,2.0,106820.0,106820.0,KOSPI,0.95
010770,평화홀딩스,3650.0,28475.0,28475.0,103933750.0,103933750.0,KOSPI,0.41
123700,SJM,3420.0,11627.0,11627.0,39764340.0,39764340.0,KOSPI,1.03
0226A0,PLUS SK하이닉스샌디스크채권혼합50,10650.0,168816.0,168816.0,1797890400.0,1797890400.0,KOSPI,-2.2
385590,ACE ESG액티브,23140.0,1626.0,1626.0,37625640.0,37625640.0,KOSPI,-3.04
0197W0,SOL SK하이닉스단일종목레버리지,8240.0,193651.0,193651.0,1595684240.0,1595684240.0,KOSPI,-7.31
021050,서원,1117.0,249449.0,249449.0,278634533.0,278634533.0,KOSPI,0.45
0113P0,HK 머니마켓액티브,102350.0,20.0,20.0,2047000.0,2047000.0,KOSPI,0.01
304780,HANARO 200선물레버리지,117705.0,4060.0,4060.0,477882300.0,477882300.0,KOSPI,-7.38
023810,인팩,5270.0,17357.0,17357.0,91471390.0,91471390.0,KOSPI,-3.12
520037,미래에셋 코스피200 선물 ETN,26335.0,715.0,715.0,18829525.0,18829525.0,KOSPI,-3.9
012690,모나리자,1439.0,80770.0,80770.0,116228030.0,116228030.0,KOSPI,0.7
006880,신송홀딩스,4425.0,7443.0,7443.0,32935275.0,32935275.0,KOSPI,-1.12
442560,RISE TDF2040액티브 적격,16350.0,17797.0,17797.0,290980950.0,290980950.0,KOSPI,-0.27
0118Z0,ACE 미국AI테크핵심산업액티브,8685.0,18828.0,18828.0,163521180.0,163521180.0,KOSPI,-0.12
37550K,DL이앤씨우,24650.0,1550.0,1550.0,38207500.0,38207500.0,KOSPI,-0.2
445150,KODEX 친환경조선해운액티브,28140.0,6861.0,6861.0,193068540.0,193068540.0,KOSPI,1.66
005305,롯데칠성우,67100.0,233.0,233.0,15634300.0,15634300.0,KOSPI,0.15
500094,신한 블룸버그 인버스2X WTI원유선물 ETN B,2460.0,223923.0,223923.0,550850580.0,550850580.0,KOSPI,2.07
007815,코리아써우,17400.0,330.0,330.0,5742000.0,5742000.0,KOSPI,4.5
520102,미래에셋 인버스 2X 코스피200 선물 ETN B,25655.0,556982.0,556982.0,14289373210.0,14289373210.0,KOSPI,7.28
530124,삼성 레버리지 일본니케이225선물 ETN(H),51270.0,197.0,197.0,10100190.0,10100190.0,KOSPI,-1.37
140700,KODEX 보험,20500.0,97069.0,97069.0,1989914500.0,1989914500.0,KOSPI,-3.16
011390,부산산업,48500.0,17454.0,17454.0,846519000.0,846519000.0,KOSPI,-6.37
101280,KODEX 일본TOPIX100,30115.0,3416.0,3416.0,102872840.0,102872840.0,KOSPI,-0.13
002140,고려산업,2050.0,544987.0,544987.0,1117223350.0,1117223350.0,KOSPI,-3.3
428510,KODEX 차이나AI테크액티브,23230.0,18840.0,18840.0,437653200.0,437653200.0,KOSPI,-4.11
372910,한컴라이프케어,1838.0,55710.0,55710.0,102394980.0,102394980.0,KOSPI,2.17
114470,KIWOOM 국고채3년,108025.0,15.0,15.0,1620375.0,1620375.0,KOSPI,0.07
004830,덕성,3235.0,28675.0,28675.0,92763625.0,92763625.0,KOSPI,1.09
0185L0,TIME 글로벌휴머노이드로봇산업액티브,7350.0,38080.0,38080.0,279888000.0,279888000.0,KOSPI,-2.65
580076,KB 레버리지 미국 나스닥 100 TR ETN B,25265.0,46.0,46.0,1162190.0,1162190.0,KOSPI,-1.56
275300,KODEX 우량주,29585.0,1884.0,1884.0,55738140.0,55738140.0,KOSPI,-2.98
014990,인디에프,3340.0,1871777.0,1871777.0,6251735180.0,6251735180.0,KOSPI,2.14
0089C0,KODEX 미국S&P500변동성확대시커버드콜,11370.0,359.0,359.0,4081830.0,4081830.0,KOSPI,-0.35
218420,KODEX 미국S&P500에너지(합성),20370.0,6405.0,6405.0,130469850.0,130469850.0,KOSPI,-0.76
0118S0,SOL 미국넥스트테크TOP10액티브,10745.0,26578.0,26578.0,285580610.0,285580610.0,KOSPI,-1.83
004410,서울식품,1259.0,422513.0,422513.0,531943867.0,531943867.0,KOSPI,6.6
011230,삼화전자,2590.0,224745.0,224745.0,582089550.0,582089550.0,KOSPI,-1.15
520072,미래에셋 미국 AI TOP3 ETN,16525.0,104.0,104.0,1718600.0,1718600.0,KOSPI,-0.39
480310,TIGER 글로벌온디바이스AI,18300.0,14450.0,14450.0,264435000.0,264435000.0,KOSPI,-2.3
0041D0,KODEX 미국AI소프트웨어TOP10,13000.0,25314.0,25314.0,329082000.0,329082000.0,KOSPI,1.09
520101,미래에셋 레버리지 SK하이닉스 단일종목ETN,9870.0,163618.0,163618.0,1614909660.0,1614909660.0,KOSPI,-6.04
0139P0,ACE 고배당주,13320.0,13310.0,13310.0,177289200.0,177289200.0,KOSPI,-0.04
003780,진양산업,3780.0,42520.0,42520.0,160725600.0,160725600.0,KOSPI,-1.18
580082,KB 레버리지 반도체 TOP10 TR ETN,19625.0,2545.0,2545.0,49945625.0,49945625.0,KOSPI,-8.7
580034,KB 레버리지 FANG 플러스 ETN(H),98040.0,139.0,139.0,13627560.0,13627560.0,KOSPI,-1.38
253150,PLUS 200선물레버리지,195960.0,122776.0,122776.0,24059184960.0,24059184960.0,KOSPI,-5.6
580056,KB 일본 로보틱스 TOP 10 ETN,24495.0,35.0,35.0,857325.0,857325.0,KOSPI,0.0
0132H0,KODEX 미국원자력SMR,8500.0,13645.0,13645.0,115982500.0,115982500.0,KOSPI,1.86
123310,TIGER 인버스,1155.0,4283974.0,4283974.0,4947989970.0,4947989970.0,KOSPI,3.77
28513K,SK케미칼우,22950.0,2344.0,2344.0,53794800.0,53794800.0,KOSPI,0.88
084870,TBH글로벌,2370.0,135187.0,135187.0,320393190.0,320393190.0,KOSPI,-0.84
009320,아진전자부품,982.0,28767.0,28767.0,28249194.0,28249194.0,KOSPI,-0.3
360140,KODEX 200롱코스닥150숏선물,21965.0,59148.0,59148.0,1299185820.0,1299185820.0,KOSPI,-5.91
336160,RISE 금융채액티브,100355.0,965.0,965.0,96842575.0,96842575.0,KOSPI,0.01
200030,KODEX 미국S&P500산업재(합성),42695.0,1401.0,1401.0,59815695.0,59815695.0,KOSPI,-0.67
006370,대구백화점,4445.0,80915.0,80915.0,359667175.0,359667175.0,KOSPI,-5.43
006125,SK디스커버리우,39050.0,1632.0,1632.0,63729600.0,63729600.0,KOSPI,0.0
447430,ACE 주주환원가치주액티브,16280.0,13062.0,13062.0,212649360.0,212649360.0,KOSPI,1.09
004920,씨아이테크,920.0,56937.0,56937.0,52382040.0,52382040.0,KOSPI,-0.43
006980,우성,15510.0,2000.0,2000.0,31020000.0,31020000.0,KOSPI,-0.26
418670,TIGER 글로벌AI사이버보안,16825.0,64937.0,64937.0,1092565025.0,1092565025.0,KOSPI,0.72
001620,케이비아이동국실업,2145.0,13464.0,13464.0,28880280.0,28880280.0,KOSPI,-0.46
550064,N2 레버리지 은 선물 ETN(H),47600.0,573.0,573.0,27274800.0,27274800.0,KOSPI,-0.97
011330,유니켐,4750.0,151293.0,151293.0,718641750.0,718641750.0,KOSPI,-5.94
357250,미래에셋맵스리츠,1899.0,31002.0,31002.0,58872798.0,58872798.0,KOSPI,0.48
520056,미래에셋 레버리지 코스닥150 선물 ETN,23710.0,8836.0,8836.0,209501560.0,209501560.0,KOSPI,3.2
0020H0,KoAct 글로벌양자컴퓨팅액티브,21965.0,10127.0,10127.0,222439555.0,222439555.0,KOSPI,1.06
35320K,대덕전자1우,22500.0,5306.0,5306.0,119385000.0,119385000.0,KOSPI,0.0
041650,상신브레이크,2195.0,4575.0,4575.0,10042125.0,10042125.0,KOSPI,-2.23
256750,KODEX 차이나심천ChiNext(합성),15400.0,11332.0,11332.0,174512800.0,174512800.0,KOSPI,-4.32
152500,ACE 레버리지,42715.0,32654.0,32654.0,1394815610.0,1394815610.0,KOSPI,-7.23
0086B0,TIGER 리츠부동산인프라TOP10액티브,9570.0,31116.0,31116.0,297780120.0,297780120.0,KOSPI,0.16
000910,유니온,2990.0,18541.0,18541.0,55437590.0,55437590.0,KOSPI,1.01
371470,TIGER 차이나바이오테크SOLACTIVE,8510.0,43241.0,43241.0,367980910.0,367980910.0,KOSPI,-3.79
140950,파워 코스피100,83250.0,1371.0,1371.0,114135750.0,114135750.0,KOSPI,-3.71
316670,KIWOOM 코스닥150,7035.0,55498.0,55498.0,390428430.0,390428430.0,KOSPI,1.22
570118,한투 인버스2X천연가스선물 ETN B,11570.0,359.0,359.0,4153630.0,4153630.0,KOSPI,0.92
580069,KB S&P 인버스 2X WTI원유 선물 ETN B,2500.0,38588.0,38588.0,96470000.0,96470000.0,KOSPI,1.83
0194M0,ACE 삼성전자단일종목레버리지,10685.0,77877.0,77877.0,832115745.0,832115745.0,KOSPI,-16.59
287180,PLUS 미국나스닥테크,54345.0,1377.0,1377.0,74833065.0,74833065.0,KOSPI,-1.59
004910,조광페인트,3605.0,5800.0,5800.0,20909000.0,20909000.0,KOSPI,0.98
520078,미래에셋 미국 제약 TOP3 ETN,15345.0,36.0,36.0,552420.0,552420.0,KOSPI,1.66
442260,마이티 다이나믹퀀트액티브,36920.0,336.0,336.0,12405120.0,12405120.0,KOSPI,-3.69
520074,미래에셋 미국 방위산업 TOP3 ETN,15260.0,1137.0,1137.0,17350620.0,17350620.0,KOSPI,-1.71
0178H0,IBK 미국AI TOP10국채혼합50,9720.0,4214.0,4214.0,40960080.0,40960080.0,KOSPI,-0.1
002920,유성기업,1755.0,21697.0,21697.0,38078235.0,38078235.0,KOSPI,0.0
276990,KODEX 글로벌로봇(합성),25600.0,2564.0,2564.0,65638400.0,65638400.0,KOSPI,-0.39
461340,HANARO 글로벌생성형AI액티브,41190.0,1432.0,1432.0,58984080.0,58984080.0,KOSPI,-2.08
473590,ACE 미국주식베스트셀러,18400.0,69220.0,69220.0,1273648000.0,1273648000.0,KOSPI,-3.08
610088,메리츠 레버리지 WTI원유 선물 ETN(H),45075.0,5084.0,5084.0,229161300.0,229161300.0,KOSPI,-2.65
700029,하나 S&P 레버리지 WTI원유 선물 ETN B,45020.0,2.0,2.0,90040.0,90040.0,KOSPI,-0.89
520091,미래에셋 인버스 천연가스 선물 ETN B,11245.0,74.0,74.0,832130.0,832130.0,KOSPI,0.0
610061,메리츠 3X 레버리지 국채30년 ETN,22425.0,1264.0,1264.0,28345200.0,28345200.0,KOSPI,1.04
580068,KB S&P 레버리지 WTI원유 선물 ETN B,44845.0,23172.0,23172.0,1039148340.0,1039148340.0,KOSPI,-2.32
004540,깨끗한나라,1204.0,38823.0,38823.0,46742892.0,46742892.0,KOSPI,0.42
003080,SB성보,2235.0,6792.0,6792.0,15180120.0,15180120.0,KOSPI,0.0
475270,ACE 5월만기자동연장회사채AA-이상액티브,10715.0,15.0,15.0,160725.0,160725.0,KOSPI,-0.09
610078,메리츠 3X 레버리지 미국채30년 ETN,37215.0,1100.0,1100.0,40936500.0,40936500.0,KOSPI,0.35
004060,SG세계물산,2205.0,71963.0,71963.0,158678415.0,158678415.0,KOSPI,0.46
261120,TIGER 미국달러선물인버스2X,5300.0,18929.0,18929.0,100323700.0,100323700.0,KOSPI,0.57
196030,ACE 일본TOPIX레버리지(H),88860.0,64.0,64.0,5687040.0,5687040.0,KOSPI,0.54
500093,신한 블룸버그 레버리지 WTI원유선물 ETN B,44420.0,3.0,3.0,133260.0,133260.0,KOSPI,-2.32
530133,삼성 블룸버그 레버리지 WTI원유선물 ETN B,44325.0,2313.0,2313.0,102523725.0,102523725.0,KOSPI,-2.39
092780,DYP,3355.0,11202.0,11202.0,37582710.0,37582710.0,KOSPI,-1.76
472830,RISE 미국30년국채커버드콜(합성),7945.0,59182.0,59182.0,470200990.0,470200990.0,KOSPI,-0.31
442090,에셋플러스 코리아대장장이액티브,29330.0,143.0,143.0,4194190.0,4194190.0,KOSPI,0.17
008420,문배철강,2145.0,10719.0,10719.0,22992255.0,22992255.0,KOSPI,-0.46
480370,씨케이솔루션,1349.0,42662.0,42662.0,57551038.0,57551038.0,KOSPI,5.23
473490,KIWOOM 글로벌AI반도체,29200.0,990.0,990.0,28908000.0,28908000.0,KOSPI,-0.68
520096,미래에셋 인버스 2X WTI원유 선물 ETN,17510.0,879.0,879.0,15391290.0,15391290.0,KOSPI,2.19
139320,TIGER 금은선물(H),19410.0,29863.0,29863.0,579640830.0,579640830.0,KOSPI,1.92
500095,신한 S&P500 VIX S/T 선물 ETN E,7260.0,9026.0,9026.0,65528760.0,65528760.0,KOSPI,-1.49
453650,KODEX 미국S&P500금융,19305.0,11021.0,11021.0,212760405.0,212760405.0,KOSPI,0.39
401170,RISE 메타버스,10960.0,2812.0,2812.0,30819520.0,30819520.0,KOSPI,1.11
0189B0,TIGER 은액티브,8675.0,97688.0,97688.0,847443400.0,847443400.0,KOSPI,0.0
481850,신한글로벌액티브리츠,993.0,24648.0,24648.0,24475464.0,24475464.0,KOSPI,0.2
375770,KODEX 탄소효율그린뉴딜,23980.0,199.0,199.0,4772020.0,4772020.0,KOSPI,-3.23
139280,TIGER 경기방어,13155.0,8997.0,8997.0,118355535.0,118355535.0,KOSPI,2.45
494840,TIGER 미국방산TOP10,13050.0,21925.0,21925.0,286121250.0,286121250.0,KOSPI,-1.58
009835,한화솔루션우,16910.0,3698.0,3698.0,62533180.0,62533180.0,KOSPI,-0.76
0141T0,SOL 중기종합채권(AA-이상)액티브,50270.0,1.0,1.0,50270.0,50270.0,KOSPI,0.03
238720,ACE 일본Nikkei225(H),47545.0,5103.0,5103.0,242622135.0,242622135.0,KOSPI,-1.29
027740,마니커,1326.0,151518.0,151518.0,200912868.0,200912868.0,KOSPI,4.16
007110,일신석재,541.0,1931286.0,1931286.0,1044825726.0,1044825726.0,KOSPI,-11.46
610038,메리츠 레버리지 미국채30년 ETN(H),4190.0,110696.0,110696.0,463816240.0,463816240.0,KOSPI,-0.36
026940,부국철강,2095.0,107201.0,107201.0,224586095.0,224586095.0,KOSPI,2.44
023350,한국종합기술,3825.0,17040.0,17040.0,65178000.0,65178000.0,KOSPI,-2.05
476260,HANARO 반도체핵심공정주도주,11960.0,99291.0,99291.0,1187520360.0,1187520360.0,KOSPI,-0.21
282000,RISE 국고채3년선물인버스,114560.0,14.0,14.0,1603840.0,1603840.0,KOSPI,-0.11
305050,ACE 코스피,69680.0,5361.0,5361.0,373554480.0,373554480.0,KOSPI,-2.63
440650,ACE 미국달러단기채권액티브,11585.0,90426.0,90426.0,1047585210.0,1047585210.0,KOSPI,-0.3
0007G0,PLUS 글로벌원자력밸류체인,13900.0,3137.0,3137.0,43604300.0,43604300.0,KOSPI,3.58
570103,한투 인버스2X나스닥100 ETN B,4155.0,5228.0,5228.0,21722340.0,21722340.0,KOSPI,1.34
017180,명문제약,1215.0,61162.0,61162.0,74311830.0,74311830.0,KOSPI,0.0
014910,성문전자,1886.0,104053.0,104053.0,196243958.0,196243958.0,KOSPI,-2.03
047400,유니온머티리얼,980.0,194487.0,194487.0,190597260.0,190597260.0,KOSPI,-5.22
429760,PLUS 미국S&P500,19540.0,3683.0,3683.0,71965820.0,71965820.0,KOSPI,-0.18
011420,갤럭시아에스엠,1485.0,192019.0,192019.0,285148215.0,285148215.0,KOSPI,1.23
487130,KoAct AI인프라액티브,26385.0,8834.0,8834.0,233085090.0,233085090.0,KOSPI,-0.85
0186S0,1Q 코스닥150채권혼합50액티브,8375.0,417629.0,417629.0,3497642875.0,3497642875.0,KOSPI,0.6
520073,미래에셋 레버리지 미국 AI TOP3 ETN,40565.0,163.0,163.0,6612095.0,6612095.0,KOSPI,-1.28
550041,N2 미국 IT TOP5 ETN(H),57935.0,18.0,18.0,1042830.0,1042830.0,KOSPI,0.0
000760,이화산업,14340.0,4947.0,4947.0,70939980.0,70939980.0,KOSPI,2.43
448570,FOCUS AI코리아액티브,29685.0,85.0,85.0,2523225.0,2523225.0,KOSPI,-3.12
0220B0,DS 코스닥액티브,9315.0,151048.0,151048.0,1407012120.0,1407012120.0,KOSPI,1.09
012160,영흥,2560.0,23244.0,23244.0,59504640.0,59504640.0,KOSPI,1.39
183700,RISE 200채권혼합50,95100.0,1440.0,1440.0,136944000.0,136944000.0,KOSPI,-1.47
0112X0,마이티 200TR,39875.0,2459.0,2459.0,98052625.0,98052625.0,KOSPI,-3.92
700027,하나 반도체 ETN,39740.0,16.0,16.0,635840.0,635840.0,KOSPI,-2.09
464470,PLUS 미국채30년액티브,48030.0,4319.0,4319.0,207441570.0,207441570.0,KOSPI,-0.06
134790,시디즈,19780.0,675.0,675.0,13351500.0,13351500.0,KOSPI,-0.25
472840,IBK 200,105460.0,1105.0,1105.0,116533300.0,116533300.0,KOSPI,-3.58
009460,한창제지,3310.0,46328.0,46328.0,153345680.0,153345680.0,KOSPI,-5.16
008870,금비,39400.0,110.0,110.0,4334000.0,4334000.0,KOSPI,-0.51
0192L0,RISE SK하이닉스단일종목레버리지,8555.0,51144.0,51144.0,437536920.0,437536920.0,KOSPI,-6.5
446070,유니드비티플러스,3695.0,23535.0,23535.0,86961825.0,86961825.0,KOSPI,0.68
000215,DL우,23100.0,1288.0,1288.0,29752800.0,29752800.0,KOSPI,-0.43
352540,KODEX 일본부동산리츠(H),11420.0,12294.0,12294.0,140397480.0,140397480.0,KOSPI,0.79
520082,미래에셋 미국 자율주행대표기업 ETN,12900.0,11.0,11.0,141900.0,141900.0,KOSPI,0.98
0207G0,SOL 우주항공밸류체인,6550.0,331522.0,331522.0,2171469100.0,2171469100.0,KOSPI,1.16
322410,HANARO K고배당,22555.0,8747.0,8747.0,197288585.0,197288585.0,KOSPI,0.85
520079,미래에셋 레버리지 미국 제약 TOP3 ETN,38325.0,9.0,9.0,344925.0,344925.0,KOSPI,2.62
023960,에쓰씨엔지니어링,1003.0,66336.0,66336.0,66535008.0,66535008.0,KOSPI,-1.08
520075,미래에셋 레버리지 미국 방위산업 TOP3 ETN,38045.0,7.0,7.0,266315.0,266315.0,KOSPI,-3.44
195930,TIGER 유로스탁스50(합성 H),23770.0,10423.0,10423.0,247754710.0,247754710.0,KOSPI,1.32
400970,TIGER Fn메타버스,7495.0,9177.0,9177.0,68781615.0,68781615.0,KOSPI,0.81
610101,메리츠 인버스 2X 은 선물 ETN(H),37840.0,259.0,259.0,9800560.0,9800560.0,KOSPI,-0.18
145270,케이탑리츠,785.0,2314.0,2314.0,1816490.0,1816490.0,KOSPI,-0.25
580077,KB 인버스 2X 미국 나스닥 100 TR ETN B,12565.0,112.0,112.0,1407280.0,1407280.0,KOSPI,0.92
147970,TIGER 모멘텀,77990.0,1105.0,1105.0,86178950.0,86178950.0,KOSPI,-0.27
365000,TIGER 인터넷TOP10,3705.0,155368.0,155368.0,575638440.0,575638440.0,KOSPI,1.23
276970,KODEX 미국S&P500배당귀족커버드콜(합성 H),7935.0,6906.0,6906.0,54799110.0,54799110.0,KOSPI,0.32
520077,미래에셋 -1.5X 천연가스 선물 ETN,14890.0,3.0,3.0,44670.0,44670.0,KOSPI,0.64
580081,KB 인버스 2X 은 선물 ETN,37140.0,220.0,220.0,8170800.0,8170800.0,KOSPI,0.92
292560,TIGER 일본엔선물,8060.0,84609.0,84609.0,681948540.0,681948540.0,KOSPI,-0.43
275280,KODEX 모멘텀주,41155.0,1412.0,1412.0,58110860.0,58110860.0,KOSPI,-3.81
570069,한투 레버리지플래티넘선물 ETN,36790.0,719.0,719.0,26452010.0,26452010.0,KOSPI,2.39
570119,한투 인버스2X은선물 ETN,36745.0,4.0,4.0,146980.0,146980.0,KOSPI,-1.32
530143,삼성 인버스 2X 은 선물 ETN,36645.0,3160.0,3160.0,115798200.0,115798200.0,KOSPI,-1.2
452250,ACE 미국30년국채선물레버리지(합성 H),4720.0,1177.0,1177.0,5555440.0,5555440.0,KOSPI,0.0
491830,TIGER 미국AI반도체팹리스,20870.0,30179.0,30179.0,629835730.0,629835730.0,KOSPI,-3.54
570082,한투 인버스2X코스닥150선물 ETN,1809.0,53399.0,53399.0,96598791.0,96598791.0,KOSPI,-3.93
498860,RISE 코리아금융고배당,16405.0,11653.0,11653.0,191167465.0,191167465.0,KOSPI,-0.64
0100K0,KODEX 방산TOP10레버리지,6405.0,333444.0,333444.0,2135708820.0,2135708820.0,KOSPI,2.48
049800,우진플라임,1791.0,25001.0,25001.0,44776791.0,44776791.0,KOSPI,3.65
104530,KIWOOM 코리아고배당,17425.0,3499.0,3499.0,60970075.0,60970075.0,KOSPI,1.13
415920,PLUS 글로벌희토류&전략자원생산기업,7675.0,148004.0,148004.0,1135930700.0,1135930700.0,KOSPI,4.0
0209Z0,ACE 코리아AI전력TOP10,6730.0,138401.0,138401.0,931438730.0,931438730.0,KOSPI,2.28
570127,한투 인버스2X코스피200선물 ETN,35640.0,4073.0,4073.0,145161720.0,145161720.0,KOSPI,6.69
352560,KODEX 미국부동산리츠(H),12495.0,7012.0,7012.0,87614940.0,87614940.0,KOSPI,-1.03
450910,SOL 코스닥150,13800.0,22273.0,22273.0,307367400.0,307367400.0,KOSPI,1.92
381560,HANARO Fn전기&수소차,17635.0,7217.0,7217.0,127271795.0,127271795.0,KOSPI,2.95
002880,디와이에이,753.0,194875.0,194875.0,146740875.0,146740875.0,KOSPI,-4.08
322400,HANARO e커머스,10500.0,1083.0,1083.0,11371500.0,11371500.0,KOSPI,1.89
570102,한투 레버리지나스닥100 ETN B,17540.0,209.0,209.0,3665860.0,3665860.0,KOSPI,-1.16
005820,원림,15210.0,2759.0,2759.0,41964390.0,41964390.0,KOSPI,0.2
000890,보해양조,1261.0,377731.0,377731.0,476318791.0,476318791.0,KOSPI,-3.37
0154F0,WON 초대형IB&금융지주,11680.0,16156.0,16156.0,188702080.0,188702080.0,KOSPI,0.17
153270,KIWOOM 코스피100,81910.0,4037.0,4037.0,330670670.0,330670670.0,KOSPI,-3.28
449690,TIGER 한중반도체(합성),45835.0,110.0,110.0,5041850.0,5041850.0,KOSPI,-5.84
004365,세방우,9310.0,9330.0,9330.0,86862300.0,86862300.0,KOSPI,0.54
407830,에셋플러스 글로벌플랫폼액티브,14300.0,5566.0,5566.0,79593800.0,79593800.0,KOSPI,0.25
138910,KODEX 구리선물(H),10085.0,31696.0,31696.0,319654160.0,319654160.0,KOSPI,0.55
0023B0,PLUS 미국양자컴퓨팅TOP10,16700.0,18170.0,18170.0,303439000.0,303439000.0,KOSPI,4.31
013000,세우글로벌,1189.0,39504.0,39504.0,46970256.0,46970256.0,KOSPI,-3.1
241390,RISE V&S셀렉트밸류채권혼합,15500.0,6235.0,6235.0,96642500.0,96642500.0,KOSPI,-0.64
295020,RISE 국채선물10년인버스,60610.0,27.0,27.0,1636470.0,1636470.0,KOSPI,-0.3
276650,RISE 글로벌테크놀로지(합성 H),45400.0,673.0,673.0,30554200.0,30554200.0,KOSPI,-0.49
385520,KODEX 자율주행액티브,15830.0,5201.0,5201.0,82331830.0,82331830.0,KOSPI,0.7
009140,경인전자,21650.0,1601.0,1601.0,34661650.0,34661650.0,KOSPI,-1.81
469050,RISE 미국반도체NYSE(H),30855.0,62290.0,62290.0,1921957950.0,1921957950.0,KOSPI,-2.59
760005,키움 INDXX 미국테크탑10 ETN,33920.0,5.0,5.0,169600.0,169600.0,KOSPI,-0.1
475070,KoAct 글로벌친환경전력인프라액티브,29445.0,2710.0,2710.0,79795950.0,79795950.0,KOSPI,-1.16
002870,신풍,965.0,27315.0,27315.0,26358975.0,26358975.0,KOSPI,-0.41
500040,신한 레버리지 구리 선물 ETN,33565.0,658.0,658.0,22085770.0,22085770.0,KOSPI,0.54
449780,KIWOOM 미국S&P500(H),18605.0,11032.0,11032.0,205250360.0,205250360.0,KOSPI,0.08
227540,TIGER 200 헬스케어,20395.0,45684.0,45684.0,931725180.0,931725180.0,KOSPI,5.7
520099,미래에셋 인버스 2X 반도체 ETN,4180.0,6924164.0,6924164.0,28943005520.0,28943005520.0,KOSPI,7.59
133820,화인베스틸,899.0,29083.0,29083.0,26145617.0,26145617.0,KOSPI,0.0
476690,TIGER 글로벌비만치료제TOP2Plus,11110.0,4260.0,4260.0,47328600.0,47328600.0,KOSPI,0.68
474800,KIWOOM 미국원유에너지기업,15870.0,52011.0,52011.0,825414570.0,825414570.0,KOSPI,-0.66
465350,RISE 2차전지TOP10인버스(합성),16660.0,183619.0,183619.0,3059092540.0,3059092540.0,KOSPI,-6.46
002420,세기상사,5580.0,23666.0,23666.0,132056280.0,132056280.0,KOSPI,-3.63
122260,KIWOOM 통안채1년,104090.0,15.0,15.0,1561350.0,1561350.0,KOSPI,-0.01
099140,KODEX 차이나H,21445.0,5637.0,5637.0,120885465.0,120885465.0,KOSPI,-1.85
380340,ACE 코리아AI테크핵심산업,27685.0,73523.0,73523.0,2035484255.0,2035484255.0,KOSPI,-0.95
105780,RISE 5대그룹주,16550.0,2928.0,2928.0,48458400.0,48458400.0,KOSPI,-2.04
500085,신한 코스피 200 TR ETN,33095.0,18.0,18.0,595710.0,595710.0,KOSPI,-2.72
530117,삼성 코스피 200 TR ETN,32850.0,3578.0,3578.0,117537300.0,117537300.0,KOSPI,-3.78
570065,한투 레버리지베트남VN30선물 ETN(H),32830.0,134.0,134.0,4399220.0,4399220.0,KOSPI,6.26
465660,TIGER 일본반도체FACTSET,24235.0,9431.0,9431.0,228560285.0,228560285.0,KOSPI,-0.76
0192T0,SOL 코스닥TOP10,7410.0,306738.0,306738.0,2272928580.0,2272928580.0,KOSPI,1.51
570029,한투 코스피양매도3%OTM ETN,6505.0,39.0,39.0,253695.0,253695.0,KOSPI,1.25
256440,ACE MSCI인도네시아(합성),5330.0,9343.0,9343.0,49798190.0,49798190.0,KOSPI,-0.47
174360,RISE 중국본토대형주CSI100,23165.0,4004.0,4004.0,92752660.0,92752660.0,KOSPI,-2.09
0083S0,1Q 미국메디컬AI,11165.0,85802.0,85802.0,957979330.0,957979330.0,KOSPI,2.34
491090,KODEX 미국테크TOP3플러스,17475.0,19252.0,19252.0,336428700.0,336428700.0,KOSPI,-1.13
459560,KODEX 테슬라밸류체인FactSet,21520.0,3897.0,3897.0,83863440.0,83863440.0,KOSPI,-0.12
530118,삼성 코스닥 150 TR ETN,10715.0,78.0,78.0,835770.0,835770.0,KOSPI,2.1
007120,미래아이앤지,1176.0,14009.0,14009.0,16474584.0,16474584.0,KOSPI,1.38
261140,TIGER 우선주,23950.0,16724.0,16724.0,400539800.0,400539800.0,KOSPI,-2.3
610089,메리츠 인버스 2X WTI원유 선물 ETN(H),2670.0,145167.0,145167.0,387595890.0,387595890.0,KOSPI,2.1
496770,PLUS 글로벌방산,18245.0,13114.0,13114.0,239264930.0,239264930.0,KOSPI,-2.12
001070,대한방직,6020.0,1567.0,1567.0,9433340.0,9433340.0,KOSPI,-0.5
266360,KODEX K콘텐츠,9970.0,15463.0,15463.0,154166110.0,154166110.0,KOSPI,0.25
069640,한세엠케이,1465.0,23429.0,23429.0,34323485.0,34323485.0,KOSPI,0.41
271060,KODEX 3대농산물선물(H),8745.0,94175.0,94175.0,823560375.0,823560375.0,KOSPI,2.22
010400,우진아이엔에스,4160.0,9273.0,9273.0,38575680.0,38575680.0,KOSPI,-2.35
426150,WON 대한민국국고채액티브,50875.0,1429.0,1429.0,72700375.0,72700375.0,KOSPI,0.15
308170,씨티알모빌리티,3675.0,4599.0,4599.0,16901325.0,16901325.0,KOSPI,1.52
019175,신풍제약우,15870.0,31644.0,31644.0,502190280.0,502190280.0,KOSPI,29.98
248270,TIGER S&P글로벌헬스케어(합성),27520.0,6927.0,6927.0,190631040.0,190631040.0,KOSPI,0.95
245350,TIGER 유로스탁스배당30,19590.0,2695.0,2695.0,52795050.0,52795050.0,KOSPI,0.05
476070,KODEX 글로벌비만치료제TOP2 Plus,11600.0,3966.0,3966.0,46005600.0,46005600.0,KOSPI,1.13
0138T0,RISE 미국S&P500데일리고정커버드콜,9475.0,25697.0,25697.0,243479075.0,243479075.0,KOSPI,-0.73
0085N0,ACE 미국10년국채액티브(H),9770.0,15065.0,15065.0,147185050.0,147185050.0,KOSPI,0.0
003680,한성기업,5030.0,110655.0,110655.0,556594650.0,556594650.0,KOSPI,-2.14
0089B0,PLUS 미국나스닥100미국채혼합50,11145.0,19152.0,19152.0,213449040.0,213449040.0,KOSPI,-0.67
459750,RISE 글로벌주식분산액티브,17830.0,9700.0,9700.0,172951000.0,172951000.0,KOSPI,-0.56
395170,KODEX Top10동일가중,15570.0,6000.0,6000.0,93420000.0,93420000.0,KOSPI,-2.69
494410,PLUS 미국S&P500성장주,14125.0,1588.0,1588.0,22430500.0,22430500.0,KOSPI,-0.39
003060,에이프로젠바이오로직스,1972.0,30780.0,30780.0,60698160.0,60698160.0,KOSPI,2.71
610075,메리츠 3X 레버리지 미국채10년 ETN,51555.0,56.0,56.0,2887080.0,2887080.0,KOSPI,-0.35
024070,WISCOM,2015.0,17316.0,17316.0,34891740.0,34891740.0,KOSPI,0.75
036420,콘텐트리중앙,1601.0,56549.0,56549.0,90534949.0,90534949.0,KOSPI,2.76
003535,한화투자증권우,6400.0,87572.0,87572.0,560460800.0,560460800.0,KOSPI,-3.47
0155N0,HANARO K휴머노이드테마TOP10,7680.0,13179.0,13179.0,101214720.0,101214720.0,KOSPI,-0.52
395290,HANARO Fn K-POP&미디어,4865.0,11057.0,11057.0,53792305.0,53792305.0,KOSPI,1.67
570072,한투 레버리지구리선물 ETN,30610.0,2.0,2.0,61220.0,61220.0,KOSPI,2.51
090370,메타랩스,1121.0,24965.0,24965.0,27985765.0,27985765.0,KOSPI,-0.09
468630,KODEX iShares미국투자등급회사채액티브,10870.0,30395.0,30395.0,330393650.0,330393650.0,KOSPI,-0.28
139270,TIGER 200 금융,16305.0,7428.0,7428.0,121113540.0,121113540.0,KOSPI,-1.54
0192M0,RISE 삼성전자단일종목레버리지,10915.0,35527.0,35527.0,387777205.0,387777205.0,KOSPI,-15.45
464920,PLUS 일본반도체소부장,24190.0,8797.0,8797.0,212799430.0,212799430.0,KOSPI,-0.68
456680,TIGER 차이나전기차레버리지(합성),6595.0,34561.0,34561.0,227929795.0,227929795.0,KOSPI,-1.86
275290,KODEX 가치주,33505.0,2600.0,2600.0,87113000.0,87113000.0,KOSPI,-3.05
156080,KODEX MSCI Korea,50240.0,10263.0,10263.0,515613120.0,515613120.0,KOSPI,-4.65
023150,MH에탄올,4075.0,2249.0,2249.0,9164675.0,9164675.0,KOSPI,0.12
025750,한솔홈데코,1855.0,61988.0,61988.0,114987740.0,114987740.0,KOSPI,0.82
0204S0,TIGER 코스닥액티브,6470.0,55057.0,55057.0,356218790.0,356218790.0,KOSPI,0.86
500035,신한 레버리지 미국달러 선물 ETN,14870.0,13.0,13.0,193310.0,193310.0,KOSPI,-0.5
117460,KODEX 에너지화학,13695.0,23574.0,23574.0,322845930.0,322845930.0,KOSPI,3.2
192720,파워 고배당저변동성,58040.0,1578.0,1578.0,91587120.0,91587120.0,KOSPI,1.52
009810,플레이그램,1878.0,15695.0,15695.0,29475210.0,29475210.0,KOSPI,10.02
0150K0,KoAct 수소전력ESS인프라액티브,10185.0,20320.0,20320.0,206959200.0,206959200.0,KOSPI,3.88
469790,KIWOOM 코리아테크TOP10,41830.0,2226.0,2226.0,93113580.0,93113580.0,KOSPI,-3.48
387270,TIGER 글로벌이노베이션액티브,24180.0,1476.0,1476.0,35689680.0,35689680.0,KOSPI,-1.95
0203S0,WON 삼성전자현대차채권혼합50,8730.0,80745.0,80745.0,704903850.0,704903850.0,KOSPI,-2.24
008250,이건산업,2670.0,12631.0,12631.0,33724770.0,33724770.0,KOSPI,6.8
0107F0,KIWOOM 미국고배당&AI테크,11425.0,8243.0,8243.0,94176275.0,94176275.0,KOSPI,-0.44
118000,메타케어,1320.0,15707.0,15707.0,20733240.0,20733240.0,KOSPI,-0.15
145850,TREX 펀더멘탈 200,116175.0,4.0,4.0,464700.0,464700.0,KOSPI,-1.24
001380,SG글로벌,1289.0,25784.0,25784.0,33235576.0,33235576.0,KOSPI,-1.98
0155M0,ACE 미국SMR원자력TOP10,6980.0,23151.0,23151.0,161593980.0,161593980.0,KOSPI,1.09
014130,한익스프레스,2450.0,8901.0,8901.0,21807450.0,21807450.0,KOSPI,-1.8
414270,ACE 글로벌자율주행액티브,12035.0,2638.0,2638.0,31748330.0,31748330.0,KOSPI,0.46
446690,KODEX 아시아AI반도체exChina액티브,57665.0,10933.0,10933.0,630451445.0,630451445.0,KOSPI,-2.62
289480,TIGER 200커버드콜,12470.0,14061.0,14061.0,175340670.0,175340670.0,KOSPI,-1.15
252710,TIGER 200선물인버스2X,87.0,190877923.0,190877923.0,16606379301.0,16606379301.0,KOSPI,8.75
002690,동일제강,1409.0,22810.0,22810.0,32139290.0,32139290.0,KOSPI,-4.54
117680,KODEX 철강,12380.0,116409.0,116409.0,1441143420.0,1441143420.0,KOSPI,5.63
450190,KODEX 한중반도체(합성),47330.0,304.0,304.0,14388320.0,14388320.0,KOSPI,-3.33
415340,KODEX 차이나과창판STAR50(합성),13700.0,16240.0,16240.0,222488000.0,222488000.0,KOSPI,-4.2
0184E0,1Q 200채권혼합50액티브,10850.0,95594.0,95594.0,1037194900.0,1037194900.0,KOSPI,-2.03
570047,한투 FTSE100 ETN,28185.0,3.0,3.0,84555.0,84555.0,KOSPI,0.52
010640,진양폴리,1678.0,60418.0,60418.0,101381404.0,101381404.0,KOSPI,1.88
006570,대림통상,1840.0,52443.0,52443.0,96495120.0,96495120.0,KOSPI,-3.21
494340,ACE 글로벌AI맞춤형반도체,18540.0,13433.0,13433.0,249047820.0,249047820.0,KOSPI,-3.61
500102,신한 블룸버그 2X 천연가스 선물 ETN B,13895.0,7560.0,7560.0,105046200.0,105046200.0,KOSPI,-0.79
223190,KODEX 200가치저변동,27720.0,32887.0,32887.0,911627640.0,911627640.0,KOSPI,-1.16
475380,RISE 글로벌리얼티인컴,10435.0,5669.0,5669.0,59156015.0,59156015.0,KOSPI,-0.38
253250,KIWOOM 200선물레버리지,94980.0,16768.0,16768.0,1592624640.0,1592624640.0,KOSPI,-7.39
261250,KODEX 미국달러선물레버리지,15920.0,52688.0,52688.0,838792960.0,838792960.0,KOSPI,-0.69
025890,한국주강,2470.0,5955.0,5955.0,14708850.0,14708850.0,KOSPI,0.41
011090,에넥스,2320.0,907947.0,907947.0,2106437040.0,2106437040.0,KOSPI,5.94
520090,미래에셋 천연가스 선물 ETN B,6865.0,16288.0,16288.0,111817120.0,111817120.0,KOSPI,-1.08
225130,ACE 골드선물 레버리지(합성 H),54865.0,9045.0,9045.0,496253925.0,496253925.0,KOSPI,4.7
419430,KODEX 차이나2차전지MSCI(합성),9775.0,2656.0,2656.0,25962400.0,25962400.0,KOSPI,0.0
493420,SOL 미국배당다우존스2호,13000.0,4385.0,4385.0,57005000.0,57005000.0,KOSPI,0.15
0166N0,PLUS 코스닥150액티브,7345.0,71892.0,71892.0,528046740.0,528046740.0,KOSPI,0.96
440340,TIGER 글로벌멀티에셋TIF액티브,12045.0,3257.0,3257.0,39230565.0,39230565.0,KOSPI,-0.17
0137W0,KIWOOM 미국S&P500&GOLD,10410.0,8481.0,8481.0,88287210.0,88287210.0,KOSPI,0.1
0013R0,RISE 테슬라미국채타겟커버드콜혼합(합성),7955.0,36643.0,36643.0,291495065.0,291495065.0,KOSPI,0.89
030720,동원수산,5810.0,49220.0,49220.0,285968200.0,285968200.0,KOSPI,0.69
0218J0,RISE 미국우주&로봇TOP2미국채혼합50,8860.0,120480.0,120480.0,1067452800.0,1067452800.0,KOSPI,0.23
459790,KIWOOM 미국성장기업30액티브,20000.0,219.0,219.0,4380000.0,4380000.0,KOSPI,-0.7
437350,RISE 미국단기투자등급회사채액티브,12215.0,20951.0,20951.0,255916465.0,255916465.0,KOSPI,-0.41
357430,마스턴프리미어리츠,875.0,19967.0,19967.0,17471125.0,17471125.0,KOSPI,0.57
0115C0,RISE 미국고배당다우존스TOP10,11350.0,5662.0,5662.0,64263700.0,64263700.0,KOSPI,0.75
520083,미래에셋 2X 미국 자율주행대표기업 ETN,26645.0,12.0,12.0,319740.0,319740.0,KOSPI,2.36
167860,KIWOOM 국고채10년레버리지,91725.0,1.0,1.0,91725.0,91725.0,KOSPI,0.13
0047R0,RISE 팔란티어고정테크100,15195.0,15900.0,15900.0,241600500.0,241600500.0,KOSPI,0.16
0223R0,TIGER 미국테크NYSE100액티브,9115.0,33794.0,33794.0,308032310.0,308032310.0,KOSPI,-2.83
479850,HANARO K-뷰티,19620.0,81121.0,81121.0,1591594020.0,1591594020.0,KOSPI,4.5
245360,TIGER 차이나HSCEI,12315.0,11338.0,11338.0,139627470.0,139627470.0,KOSPI,-1.91
489290,WON 미국빌리어네어,14685.0,2221.0,2221.0,32615385.0,32615385.0,KOSPI,-0.37
0103T0,1Q K소버린AI,8940.0,120718.0,120718.0,1079218920.0,1079218920.0,KOSPI,0.85
530089,삼성 은 선물 ETN(H),26345.0,3801.0,3801.0,100137345.0,100137345.0,KOSPI,0.67
461600,SOL 미국30년국채액티브(H),8345.0,15578.0,15578.0,129998410.0,129998410.0,KOSPI,0.42
0198D0,1Q SK하이닉스선물단일종목레버리지,8675.0,68345.0,68345.0,592892875.0,592892875.0,KOSPI,-7.47
760004,키움 인버스 미국달러선물 ETN,9735.0,1.0,1.0,9735.0,9735.0,KOSPI,0.67
088790,진도,2105.0,20264.0,20264.0,42655720.0,42655720.0,KOSPI,0.48
580057,KB 일본 컨슈머 TOP 10 ETN,13070.0,2.0,2.0,26140.0,26140.0,KOSPI,0.54
0152E0,SOL 배당성향탑픽액티브,10630.0,15297.0,15297.0,162607110.0,162607110.0,KOSPI,-0.28
610028,메리츠 레버리지 구리 선물 ETN(H),26020.0,775.0,775.0,20165500.0,20165500.0,KOSPI,0.93
610103,메리츠 솔랙티브 레버리지 금 선물 ETN(H),26010.0,3983.0,3983.0,103597830.0,103597830.0,KOSPI,5.03
261060,TIGER 코스닥150IT,22400.0,9144.0,9144.0,204825600.0,204825600.0,KOSPI,0.92
530063,삼성 레버리지 구리 선물 ETN(H),25930.0,2985.0,2985.0,77401050.0,77401050.0,KOSPI,0.82
550069,N2 레버리지 구리 선물 ETN(H),25925.0,1918.0,1918.0,49724150.0,49724150.0,KOSPI,1.09
580048,KB 차이나 대형주 CSI 300 ETN,12940.0,2.0,2.0,25880.0,25880.0,KOSPI,0.04
006345,대원전선우,9870.0,22756.0,22756.0,224601720.0,224601720.0,KOSPI,-1.99
530128,삼성 레버리지 미국다우존스 선물 ETN,25865.0,37.0,37.0,957005.0,957005.0,KOSPI,1.71
004870,티웨이홀딩스,1140.0,43205.0,43205.0,49253700.0,49253700.0,KOSPI,-2.56
185680,KODEX 미국S&P바이오(합성),48455.0,3507.0,3507.0,169931685.0,169931685.0,KOSPI,-0.02
368190,HANARO Fn K-뉴딜디지털플러스,8050.0,919.0,919.0,7397950.0,7397950.0,KOSPI,2.09
510044,대신 레버리지 미국달러 선물 ETN,17172.0,1.0,1.0,17172.0,17172.0,KOSPI,-1.48
0049K0,ACE 미국배당퀄리티채권혼합50,11170.0,16726.0,16726.0,186829420.0,186829420.0,KOSPI,0.27
0164G0,RISE 차이나AI반도체TOP4Plus,12205.0,18272.0,18272.0,223009760.0,223009760.0,KOSPI,-6.12
033250,체시스,3995.0,24761.0,24761.0,98920195.0,98920195.0,KOSPI,-0.75
610022,메리츠 미국채10년 ETN(H),8440.0,27.0,27.0,227880.0,227880.0,KOSPI,0.06
002355,넥센타이어1우B,3895.0,2925.0,2925.0,11392875.0,11392875.0,KOSPI,0.91
277540,ACE 아시아TOP50,31620.0,1839.0,1839.0,58149180.0,58149180.0,KOSPI,-2.38
610069,메리츠 KAP 레버리지 일본 엔화 ETN,16805.0,36347.0,36347.0,610811335.0,610811335.0,KOSPI,-0.62
005320,온타이드,736.0,191480.0,191480.0,140929280.0,140929280.0,KOSPI,-7.88
520047,미래에셋 인버스 2X 옥수수 선물 ETN,25150.0,527.0,527.0,13254050.0,13254050.0,KOSPI,-7.47
500100,신한 금 선물 ETN,12555.0,1874.0,1874.0,23528070.0,23528070.0,KOSPI,2.07
005360,모나미,1326.0,536055.0,536055.0,710808930.0,710808930.0,KOSPI,-2.0
0097L0,KIWOOM 한국고배당&미국AI테크,12480.0,6974.0,6974.0,87035520.0,87035520.0,KOSPI,-0.12
465770,STX그린로지스,3450.0,623870.0,623870.0,2152351500.0,2152351500.0,KOSPI,-4.43
33637K,솔루스첨단소재1우,1458.0,10048.0,10048.0,14649984.0,14649984.0,KOSPI,-0.61
483570,KCGI 미국S&P500 TOP10,15345.0,4911.0,4911.0,75359295.0,75359295.0,KOSPI,-1.35
496120,ACE 코리아밸류업,32705.0,579.0,579.0,18936195.0,18936195.0,KOSPI,-2.34
700013,하나 레버리지 콩 선물 ETN(H),24465.0,1.0,1.0,24465.0,24465.0,KOSPI,0.68
570081,한투 레버리지코스닥150선물 ETN,24380.0,57.0,57.0,1389660.0,1389660.0,KOSPI,5.91
0093D0,KoAct 팔란티어밸류체인액티브,17405.0,6942.0,6942.0,120825510.0,120825510.0,KOSPI,-0.54
139250,TIGER 200 에너지화학,17340.0,18043.0,18043.0,312865620.0,312865620.0,KOSPI,0.14
0198B0,1Q 삼성전자선물단일종목레버리지,11080.0,45037.0,45037.0,499009960.0,499009960.0,KOSPI,-16.97
610001,메리츠 인플레이션 국채 ETN,12100.0,2.0,2.0,24200.0,24200.0,KOSPI,0.37
195970,PLUS 선진국MSCI(합성 H),16490.0,7388.0,7388.0,121828120.0,121828120.0,KOSPI,-0.63
411540,SOL 200 Top10,17150.0,2154.0,2154.0,36941100.0,36941100.0,KOSPI,-0.67
700017,하나 레버리지 코스닥150 선물 ETN,23990.0,564.0,564.0,13530360.0,13530360.0,KOSPI,3.16
580026,KB S&P 레버리지 은 선물 ETN(H),47945.0,3804.0,3804.0,182382780.0,182382780.0,KOSPI,0.35
093240,형지엘리트,390.0,1976950.0,1976950.0,771010500.0,771010500.0,KOSPI,-2.5
292500,SOL KRX300,47825.0,98.0,98.0,4686850.0,4686850.0,KOSPI,-3.42
003495,대한항공우,21500.0,692.0,692.0,14878000.0,14878000.0,KOSPI,-0.46
280930,KODEX 미국러셀2000(H),17050.0,2989.0,2989.0,50962450.0,50962450.0,KOSPI,0.41
530106,삼성 레버리지 코스닥150 선물 ETN,23850.0,5690.0,5690.0,135706500.0,135706500.0,KOSPI,4.15
760026,키움 레버리지 전력 TOP5 ETN,15835.0,42728.0,42728.0,676597880.0,676597880.0,KOSPI,1.8
530119,삼성 레버리지 항셍테크 TR ETN(H) B,23710.0,1745.0,1745.0,41373950.0,41373950.0,KOSPI,-6.28
481340,RISE 미국30년국채액티브,8620.0,34710.0,34710.0,299200200.0,299200200.0,KOSPI,-0.12
0206G0,1Q 현대차기아채권혼합50,8305.0,175491.0,175491.0,1457452755.0,1457452755.0,KOSPI,0.06
269420,KODEX S&P글로벌인프라(합성),22210.0,2347.0,2347.0,52126870.0,52126870.0,KOSPI,-1.11
292160,TIGER KRX300,47215.0,6329.0,6329.0,298823735.0,298823735.0,KOSPI,-2.96
289250,TIGER MSCI KOREA ESG유니버설,34210.0,286.0,286.0,9784060.0,9784060.0,KOSPI,-1.75
159800,마이티 코스피100,83835.0,29.0,29.0,2431215.0,2431215.0,KOSPI,-3.88
138230,KIWOOM 미국달러선물,16180.0,2014.0,2014.0,32586520.0,32586520.0,KOSPI,-0.12
530116,삼성 인버스 2X 나스닥 100 TR ETN,4690.0,64769.0,64769.0,303766610.0,303766610.0,KOSPI,1.41
461450,KODEX 코스닥글로벌,15595.0,5985.0,5985.0,93336075.0,93336075.0,KOSPI,2.9
071950,코아스,1616.0,112846.0,112846.0,182359136.0,182359136.0,KOSPI,-3.64
580089,KB 솔랙티브 레버리지 금 선물 ETN,23355.0,10365.0,10365.0,242074575.0,242074575.0,KOSPI,3.2
570125,한투 솔랙티브레버리지금선물 ETN,23150.0,4.0,4.0,92600.0,92600.0,KOSPI,3.46
204450,KODEX 차이나H레버리지(H),2335.0,24026.0,24026.0,56100710.0,56100710.0,KOSPI,-3.31
300950,KODEX 게임산업,5480.0,54827.0,54827.0,300451960.0,300451960.0,KOSPI,0.27
570124,한투 인버스은선물 ETN,11470.0,11.0,11.0,126170.0,126170.0,KOSPI,-1.38
438320,TIGER 차이나항셍테크레버리지(합성 H),5220.0,51945.0,51945.0,271152900.0,271152900.0,KOSPI,-5.95
388280,RISE K엔터&여행레저,6900.0,3974.0,3974.0,27420600.0,27420600.0,KOSPI,1.4
580071,KB 인버스 2X 천연가스 선물 ETN B,11440.0,9233.0,9233.0,105625520.0,105625520.0,KOSPI,1.46
367740,HANARO Fn5G산업,41435.0,1156.0,1156.0,47898860.0,47898860.0,KOSPI,-1.12
364690,KODEX 혁신기술테마액티브,37975.0,346.0,346.0,13139350.0,13139350.0,KOSPI,-2.4
000040,KR모터스,1319.0,63757.0,63757.0,84095483.0,84095483.0,KOSPI,0.38
570115,한투 인버스0.5X S&P500 VIX S/T선물 ETN B,22695.0,1.0,1.0,22695.0,22695.0,KOSPI,0.55
442550,RISE TDF2030액티브 적격,14615.0,9334.0,9334.0,136416410.0,136416410.0,KOSPI,-0.44
477730,KODEX 인도타타그룹,7540.0,4420.0,4420.0,33326800.0,33326800.0,KOSPI,-0.26
530130,삼성 S&P500 VIX S/T 선물 ETN B,7535.0,27321.0,27321.0,205863735.0,205863735.0,KOSPI,-1.82
0153X0,PLUS 미국고배당주액티브,11550.0,54362.0,54362.0,627881100.0,627881100.0,KOSPI,0.48
530138,삼성 KRX 레버리지 2차전지 TOP10 TR ETN,22470.0,862.0,862.0,19369140.0,19369140.0,KOSPI,12.49
471460,KIWOOM 국고채30년액티브,44930.0,831.0,831.0,37336830.0,37336830.0,KOSPI,0.49
0047P0,RISE 테슬라고정테크100,14480.0,9476.0,9476.0,137212480.0,137212480.0,KOSPI,0.91
580070,KB 레버리지 2차전지 TOP 10 TR ETN,22400.0,10890.0,10890.0,243936000.0,243936000.0,KOSPI,10.56
447660,PLUS 애플채권혼합,13575.0,8841.0,8841.0,120016575.0,120016575.0,KOSPI,-0.48
0067V0,TIGER 차이나글로벌리더스TOP3+,10150.0,1365.0,1365.0,13854750.0,13854750.0,KOSPI,-3.43
0106J0,대신 KOSPI200인덱스 X클래스,19395.0,128.0,128.0,2482560.0,2482560.0,KOSPI,-3.58
469160,ACE 일본반도체,24680.0,6439.0,6439.0,158914520.0,158914520.0,KOSPI,-0.84
0065G0,KODEX 차이나테크TOP10,8685.0,38819.0,38819.0,337143015.0,337143015.0,KOSPI,-4.24
520093,미래에셋 인버스 2X 은 선물 ETN B,1840.0,276690.0,276690.0,509109600.0,509109600.0,KOSPI,-1.81
008775,호텔신라우,29300.0,692.0,692.0,20275600.0,20275600.0,KOSPI,-0.51
464600,SOL 자동차소부장Fn,23140.0,3904.0,3904.0,90338560.0,90338560.0,KOSPI,0.54
004270,남성,4815.0,10198.0,10198.0,49103370.0,49103370.0,KOSPI,0.21
33626L,두산퓨얼셀2우B,7340.0,416.0,416.0,3053440.0,3053440.0,KOSPI,-0.54
239660,PLUS 우량회사채50,121660.0,2084.0,2084.0,253539440.0,253539440.0,KOSPI,0.01
580072,KB 화웨이 밸류체인 ETN,10930.0,63.0,63.0,688590.0,688590.0,KOSPI,-2.24
0127R0,RISE 미국AI클라우드인프라,16150.0,14090.0,14090.0,227553500.0,227553500.0,KOSPI,-4.72
002070,비비안,4540.0,80230.0,80230.0,364244200.0,364244200.0,KOSPI,-5.42
433220,에셋플러스 글로벌대장장이액티브,29335.0,497.0,497.0,14579495.0,14579495.0,KOSPI,-1.58
051630,진양화학,1021.0,87997.0,87997.0,89844937.0,89844937.0,KOSPI,1.69
0026E0,KODEX 미국S&P500버퍼3월액티브,11680.0,180.0,180.0,2102400.0,2102400.0,KOSPI,0.47
253290,RISE 헬스케어채권혼합,11985.0,30812.0,30812.0,369281820.0,369281820.0,KOSPI,1.87
580067,KB 인도 디지털 Select 5 ETN,10785.0,11.0,11.0,118635.0,118635.0,KOSPI,0.37
376410,TIGER 탄소효율그린뉴딜,23800.0,360.0,360.0,8568000.0,8568000.0,KOSPI,-2.84
375760,HANARO 탄소효율그린뉴딜,23655.0,308.0,308.0,7285740.0,7285740.0,KOSPI,-3.9
700012,하나 인버스 2X 옥수수 선물 ETN(H),21225.0,155.0,155.0,3289875.0,3289875.0,KOSPI,-7.17
0144M0,KODEX 미국드론UAM TOP10,7705.0,10661.0,10661.0,82143005.0,82143005.0,KOSPI,-0.13
371450,TIGER 글로벌클라우드컴퓨팅INDXX,13570.0,33612.0,33612.0,456114840.0,456114840.0,KOSPI,-0.22
217770,TIGER 원유선물인버스(H),1253.0,185233.0,185233.0,232096949.0,232096949.0,KOSPI,1.05
108590,TREX 200,105560.0,21.0,21.0,2216760.0,2216760.0,KOSPI,-3.75
0186L0,KoAct 미국로봇피지컬AI액티브,9145.0,26082.0,26082.0,238519890.0,238519890.0,KOSPI,-0.54
463300,RISE 중국본토CSI300,13135.0,1018.0,1018.0,13371430.0,13371430.0,KOSPI,-1.57
364990,TIGER 게임TOP10,4800.0,36423.0,36423.0,174830400.0,174830400.0,KOSPI,0.21
300640,RISE 게임테마,6380.0,2887.0,2887.0,18419060.0,18419060.0,KOSPI,-0.39
404260,KODEX 기후변화솔루션,23030.0,70.0,70.0,1612100.0,1612100.0,KOSPI,-0.2
760008,키움 코스닥 150 TR ETN,10330.0,1945.0,1945.0,20091850.0,20091850.0,KOSPI,2.33
152380,KODEX 국채선물10년,64775.0,649.0,649.0,42038975.0,42038975.0,KOSPI,0.22
0192S0,SOL 코스피200채권혼합50,9360.0,123347.0,123347.0,1154527920.0,1154527920.0,KOSPI,-1.84
437070,KODEX 아시아달러채권ESG플러스액티브,59325.0,1234.0,1234.0,73207050.0,73207050.0,KOSPI,-0.42
580073,KB 레버리지 화웨이 밸류체인 ETN,20500.0,4.0,4.0,82000.0,82000.0,KOSPI,-5.05
417630,TIGER KEDI혁신기업ESG30,19440.0,2624.0,2624.0,51010560.0,51010560.0,KOSPI,1.59
169950,KODEX 차이나A50,25495.0,1492.0,1492.0,38038540.0,38038540.0,KOSPI,-0.6
580074,KB BYD 밸류체인 ETN,10175.0,15.0,15.0,152625.0,152625.0,KOSPI,-0.49
610036,메리츠 인버스 2X 대표 농산물 선물 ETN(H),20310.0,3026.0,3026.0,61458060.0,61458060.0,KOSPI,-3.08
550085,N2 코스닥 150 TR ETN,10150.0,2.0,2.0,20300.0,20300.0,KOSPI,-1.88
520039,미래에셋 코스닥150 선물 ETN,10145.0,4.0,4.0,40580.0,40580.0,KOSPI,2.58
760022,키움 K방산 TOP5 ETN,10120.0,272.0,272.0,2752640.0,2752640.0,KOSPI,1.91
489000,PLUS 일본엔화초단기국채(합성),9195.0,32186.0,32186.0,295950270.0,295950270.0,KOSPI,-0.33
337120,KODEX 멀티팩터,33690.0,22.0,22.0,741180.0,741180.0,KOSPI,-2.69
0177A0,WON 두산그룹포커스,8250.0,23273.0,23273.0,192002250.0,192002250.0,KOSPI,0.36
091220,TIGER 은행,16245.0,15901.0,15901.0,258311745.0,258311745.0,KOSPI,0.06
001685,대상우,14650.0,868.0,868.0,12716200.0,12716200.0,KOSPI,0.83
226980,KODEX 200 중소형,22300.0,1223.0,1223.0,27272900.0,27272900.0,KOSPI,2.79
304770,HANARO 코스닥150,14130.0,5307.0,5307.0,74987910.0,74987910.0,KOSPI,2.1
00499K,롯데지주우,24800.0,1565.0,1565.0,38812000.0,38812000.0,KOSPI,1.22
580075,KB 레버리지 BYD 밸류체인 ETN,19910.0,2.0,2.0,39820.0,39820.0,KOSPI,0.25
289040,KODEX MSCI KOREA ESG유니버설,33070.0,1.0,1.0,33070.0,33070.0,KOSPI,-0.96
416090,ACE 중국과창판STAR50,12390.0,14834.0,14834.0,183793260.0,183793260.0,KOSPI,-4.18
465670,TIGER 미국캐시카우100,17170.0,25418.0,25418.0,436427060.0,436427060.0,KOSPI,-0.17
497780,KoAct 미국천연가스인프라액티브,10635.0,18445.0,18445.0,196162575.0,196162575.0,KOSPI,-0.75
760012,키움 반도체TOP10 ETN,28000.0,8.0,8.0,224000.0,224000.0,KOSPI,-4.26
0190M0,KIWOOM 미국AI테크하이베타,8120.0,17673.0,17673.0,143504760.0,143504760.0,KOSPI,-3.56
610085,메리츠 레버리지 미국채30년 스트립 ETN(H),32412.0,330.0,330.0,10695960.0,10695960.0,KOSPI,0.55
530112,삼성 S&P500 TR ETN,19435.0,701.0,701.0,13623935.0,13623935.0,KOSPI,-0.33
0224X0,1Q 엔비디아알파벳미국채혼합50,9680.0,80173.0,80173.0,776074640.0,776074640.0,KOSPI,-0.51
213630,PLUS 미국다우존스고배당주(합성 H),20985.0,16347.0,16347.0,343041795.0,343041795.0,KOSPI,-0.73
108675,LX하우시스우,18700.0,2252.0,2252.0,42112400.0,42112400.0,KOSPI,0.65
407310,HANARO 200 TOP10,16700.0,1509.0,1509.0,25200300.0,25200300.0,KOSPI,-1.24
379790,RISE 유로스탁스50(H),17450.0,22082.0,22082.0,385330900.0,385330900.0,KOSPI,0.14
001420,태원물산,2525.0,68166.0,68166.0,172119150.0,172119150.0,KOSPI,11.23
0223A0,RISE 코스닥커버드콜액티브,10345.0,246300.0,246300.0,2547973500.0,2547973500.0,KOSPI,0.63
0018Z0,RISE 미국양자컴퓨팅,18145.0,2213.0,2213.0,40154885.0,40154885.0,KOSPI,0.33
570122,한투 인버스금선물 ETN,9505.0,3.0,3.0,28515.0,28515.0,KOSPI,-2.36
760021,키움 코스피200 선물 달러노출 ETN,27155.0,1160.0,1160.0,31499800.0,31499800.0,KOSPI,-3.94
580066,KB 인도 대형 성장주 Select 5 ETN,9500.0,3.0,3.0,28500.0,28500.0,KOSPI,1.23
0105D0,SOL 한국AI소프트웨어,9975.0,121941.0,121941.0,1216361475.0,1216361475.0,KOSPI,0.66
487950,KODEX 대만테크고배당다우존스,13040.0,12487.0,12487.0,162830480.0,162830480.0,KOSPI,-0.72
284980,RISE 200금융,21700.0,1040.0,1040.0,22568000.0,22568000.0,KOSPI,-1.21
228820,TIGER KTOP30,18635.0,5037.0,5037.0,93864495.0,93864495.0,KOSPI,-3.02
0104P0,TIGER 코리아배당다우존스위클리커버드콜,10960.0,5481.0,5481.0,60071760.0,60071760.0,KOSPI,1.01
229720,KODEX KTOP30,37100.0,2522.0,2522.0,93566200.0,93566200.0,KOSPI,-2.3
276000,TIGER 글로벌자원생산기업(합성 H),21780.0,8540.0,8540.0,186001200.0,186001200.0,KOSPI,3.79
570121,한투 금선물 ETN,9240.0,43.0,43.0,397320.0,397320.0,KOSPI,2.78
445910,TIGER MKF배당귀족,20370.0,5288.0,5288.0,107716560.0,107716560.0,KOSPI,0.3
304760,HANARO KRX300,45820.0,312.0,312.0,14295840.0,14295840.0,KOSPI,-4.57
183710,RISE 주식혼합,91225.0,32.0,32.0,2919200.0,2919200.0,KOSPI,-3.0
500072,신한 인버스 2X 코스닥 150 선물 ETN,1821.0,66300.0,66300.0,120732300.0,120732300.0,KOSPI,-3.09
610087,메리츠 WTI원유 선물 ETN(H),18015.0,5831.0,5831.0,105045465.0,105045465.0,KOSPI,-0.88
530140,삼성 iSelect 레버리지 조선 TOP10 TR ETN,18005.0,16207.0,16207.0,291807035.0,291807035.0,KOSPI,1.32
468370,KODEX iShares미국인플레이션국채액티브,10740.0,43083.0,43083.0,462711420.0,462711420.0,KOSPI,-0.46
700034,하나 레버리지 K방산TOP10 ETN,11940.0,52561.0,52561.0,627578340.0,627578340.0,KOSPI,3.29
445690,BNK 주주가치액티브,29840.0,159.0,159.0,4744560.0,4744560.0,KOSPI,-2.08
385600,ACE 2차전지&친환경차액티브,11925.0,10080.0,10080.0,120204000.0,120204000.0,KOSPI,4.24
449580,RISE 테슬라애플아마존채권혼합,16115.0,9036.0,9036.0,145615140.0,145615140.0,KOSPI,0.09
570071,한투 구리선물 ETN,17725.0,4.0,4.0,70900.0,70900.0,KOSPI,1.05
530132,삼성 블룸버그 WTI원유 선물 ETN B,17540.0,312.0,312.0,5472480.0,5472480.0,KOSPI,-1.02
760015,키움 레버리지 바이오TOP10 ETN,8750.0,43826.0,43826.0,383477500.0,383477500.0,KOSPI,7.49
002360,SH에너지화학,1568.0,24047.0,24047.0,37705696.0,37705696.0,KOSPI,3.16
483330,ACE 마이크로소프트밸류체인액티브,14510.0,48417.0,48417.0,702530670.0,702530670.0,KOSPI,-0.21
550097,N2 레버리지 코스닥150 선물 ETN,17410.0,1780.0,1780.0,30989800.0,30989800.0,KOSPI,4.28
461900,PLUS 미국테크TOP10,21760.0,1273.0,1273.0,27700480.0,27700480.0,KOSPI,-1.09
195920,TIGER 일본TOPIX(합성 H),34810.0,123.0,123.0,4281630.0,4281630.0,KOSPI,-0.21
227830,PLUS 코스피,69405.0,7924.0,7924.0,549965220.0,549965220.0,KOSPI,-2.38
0086C0,TIGER 리츠부동산인프라10채권혼합액티브,9870.0,6570.0,6570.0,64845900.0,64845900.0,KOSPI,0.66
477490,에셋플러스 글로벌일등기업포커스10액티브,19190.0,10460.0,10460.0,200727400.0,200727400.0,KOSPI,-0.42
530123,삼성 일본니케이225선물 ETN(H),17265.0,1.0,1.0,17265.0,17265.0,KOSPI,-0.38
236350,TIGER 인도니프티50레버리지(합성),27830.0,4001.0,4001.0,111347830.0,111347830.0,KOSPI,-0.59
474920,에셋플러스 차이나일등기업포커스10액티브,18305.0,9954.0,9954.0,182207970.0,182207970.0,KOSPI,-3.35
461910,PLUS 미국테크TOP10레버리지(합성),34380.0,489.0,489.0,16811820.0,16811820.0,KOSPI,-2.47
415760,SOL 차이나육성산업액티브(합성),12610.0,10341.0,10341.0,130400010.0,130400010.0,KOSPI,-4.4
002820,SUN&L,1421.0,89252.0,89252.0,126827092.0,126827092.0,KOSPI,1.79
006200,한국전자홀딩스,1829.0,74604.0,74604.0,136450716.0,136450716.0,KOSPI,-2.56
391670,HK 베스트일레븐액티브,28460.0,6336.0,6336.0,180322560.0,180322560.0,KOSPI,-3.13
404120,TIME K신재생에너지액티브,24390.0,3199.0,3199.0,78023610.0,78023610.0,KOSPI,1.06
225060,TIGER 이머징마켓MSCI레버리지(합성 H),16035.0,1652.0,1652.0,26489820.0,26489820.0,KOSPI,-3.52
457690,KODEX 33-06 국고채액티브,10480.0,34924.0,34924.0,366003520.0,366003520.0,KOSPI,0.19
460660,RISE 미국S&P배당킹,12080.0,4227.0,4227.0,51062160.0,51062160.0,KOSPI,-0.78
289260,TIGER MSCI KOREA ESG리더스,28105.0,762.0,762.0,21416010.0,21416010.0,KOSPI,-1.23
0193K0,PLUS 삼성전자단일종목레버리지,11825.0,34472.0,34472.0,407631400.0,407631400.0,KOSPI,-16.43
292050,RISE KRX300,48090.0,526.0,526.0,25295340.0,25295340.0,KOSPI,-3.54
250730,RISE 차이나HSCEI(H),9860.0,1248.0,1248.0,12305280.0,12305280.0,KOSPI,-1.94
494420,PLUS 미국배당증가성장주데일리커버드콜,9270.0,10829.0,10829.0,100384830.0,100384830.0,KOSPI,0.22
332620,PLUS 미국장기우량회사채,88605.0,1090.0,1090.0,96579450.0,96579450.0,KOSPI,-0.02
291130,ACE MSCI멕시코(합성),18240.0,2233.0,2233.0,40729920.0,40729920.0,KOSPI,0.91
419650,PLUS 글로벌수소&차세대연료전지,5050.0,8878.0,8878.0,44833900.0,44833900.0,KOSPI,-1.27
219390,RISE 미국S&P원유생산기업(합성 H),8185.0,20848.0,20848.0,170640880.0,170640880.0,KOSPI,0.12
0193L0,PLUS 삼성전자선물단일종목인버스2X,9660.0,1200666.0,1200666.0,11598433560.0,11598433560.0,KOSPI,17.8
266410,KODEX 필수소비재,10105.0,34663.0,34663.0,350269615.0,350269615.0,KOSPI,3.32
131890,ACE 삼성그룹동일가중,39705.0,444.0,444.0,17629020.0,17629020.0,KOSPI,-1.54
432840,HANARO 미국S&P500,19725.0,4197.0,4197.0,82785825.0,82785825.0,KOSPI,-0.18
18064K,한진칼우,29300.0,1225.0,1225.0,35892500.0,35892500.0,KOSPI,0.69
530120,삼성 나스닥 100 TR ETN,15640.0,68.0,68.0,1063520.0,1063520.0,KOSPI,-0.95
453630,KODEX 미국S&P500필수소비재,12495.0,10292.0,10292.0,128598540.0,128598540.0,KOSPI,0.73
387280,TIGER 퓨처모빌리티액티브,11535.0,5980.0,5980.0,68979300.0,68979300.0,KOSPI,1.99
005257,녹십자홀딩스2우,18300.0,4166.0,4166.0,76237800.0,76237800.0,KOSPI,10.91
760017,키움 조선TOP10 ETN,22050.0,15.0,15.0,330750.0,330750.0,KOSPI,0.52
0220A0,KIWOOM 현대차그룹TOP3채권혼합50,9580.0,15719.0,15719.0,150588020.0,150588020.0,KOSPI,0.05
0207Z0,KIWOOM 미국우주데이터센터인프라,6945.0,11860.0,11860.0,82367700.0,82367700.0,KOSPI,-1.63
580050,KB 차이나 과창판 STAR 50 ETN,15145.0,66.0,66.0,999570.0,999570.0,KOSPI,-5.93
114460,ACE 국고채3년,100710.0,151.0,151.0,15207210.0,15207210.0,KOSPI,0.05
024890,대원화성,1827.0,55585.0,55585.0,101553795.0,101553795.0,KOSPI,-3.79
570063,한투 베트남VN30선물 ETN(H),15070.0,145.0,145.0,2185150.0,2185150.0,KOSPI,2.76
530095,삼성 구리 선물 ETN(H),15055.0,109.0,109.0,1640995.0,1640995.0,KOSPI,1.04
453820,KODEX 인도Nifty50레버리지(합성),11555.0,426.0,426.0,4922430.0,4922430.0,KOSPI,-1.03
337150,KODEX 200exTOP,24880.0,198.0,198.0,4926240.0,4926240.0,KOSPI,-0.06
610104,메리츠 솔랙티브 인버스 2X 금 선물 ETN(H),14915.0,12.0,12.0,178980.0,178980.0,KOSPI,-4.57
104520,KIWOOM 블루칩,14910.0,171.0,171.0,2549610.0,2549610.0,KOSPI,1.5
0051A0,KoAct 브로드컴밸류체인액티브,22935.0,1961.0,1961.0,44975535.0,44975535.0,KOSPI,-3.06
488290,MIDAS 일본테크액티브,42485.0,4073.0,4073.0,173041405.0,173041405.0,KOSPI,-1.9
438900,HANARO Fn K-푸드,11895.0,38150.0,38150.0,453794250.0,453794250.0,KOSPI,3.84
570099,한투 인버스2X엔달러 선물 ETN(H),14855.0,1.0,1.0,14855.0,14855.0,KOSPI,-0.1
002025,코오롱우,12790.0,13261.0,13261.0,169608190.0,169608190.0,KOSPI,0.08
130680,TIGER 원유선물Enhanced(H),7065.0,21371.0,21371.0,150986115.0,150986115.0,KOSPI,-0.63
0216Z0,ACE K방산TOP5+,8710.0,39275.0,39275.0,342085250.0,342085250.0,KOSPI,0.87
413930,WON AI ESG액티브,26915.0,68.0,68.0,1830220.0,1830220.0,KOSPI,-3.46
491510,파워 K-주주가치액티브,17410.0,641.0,641.0,11159810.0,11159810.0,KOSPI,0.64
610039,메리츠 인버스 미국채30년 ETN(H),14740.0,1.0,1.0,14740.0,14740.0,KOSPI,0.03
453010,PLUS KOFR금리,109780.0,225.0,225.0,24700500.0,24700500.0,KOSPI,0.02
570123,한투 은선물 ETN,7255.0,3.0,3.0,21765.0,21765.0,KOSPI,-0.62
760023,키움 레버리지 K방산 TOP5 ETN,14475.0,6357.0,6357.0,92017575.0,92017575.0,KOSPI,3.17
0153P0,ACE 리츠부동산인프라액티브,9560.0,8342.0,8342.0,79749520.0,79749520.0,KOSPI,0.37
0104G0,PLUS K방산레버리지,5975.0,72117.0,72117.0,430899075.0,430899075.0,KOSPI,1.44
570105,한투 인버스일본니케이225선물 ETN(H),4775.0,4.0,4.0,19100.0,19100.0,KOSPI,0.32
610062,메리츠 인버스 3X 국채30년 ETN,71220.0,91.0,91.0,6481020.0,6481020.0,KOSPI,-0.5
0013P0,RISE 미국은행TOP10,12800.0,9523.0,9523.0,121894400.0,121894400.0,KOSPI,0.39
000087,하이트진로2우B,12350.0,1386.0,1386.0,17117100.0,17117100.0,KOSPI,-0.72
580086,KB 솔랙티브 레버리지 천연가스 선물 ETN,13955.0,14626.0,14626.0,204105830.0,204105830.0,KOSPI,-1.38
0004G0,1Q 미국배당TOP30,9290.0,7559.0,7559.0,70223110.0,70223110.0,KOSPI,-0.05
0090B0,PLUS K방산소부장,6480.0,37980.0,37980.0,246110400.0,246110400.0,KOSPI,0.54
0028X0,KODEX 미국금융테크액티브,12080.0,7044.0,7044.0,85091520.0,85091520.0,KOSPI,1.0
234310,RISE V&S셀렉트밸류,27700.0,10.0,10.0,277000.0,277000.0,KOSPI,-2.17
102960,KODEX 기계장비,13055.0,12610.0,12610.0,164623550.0,164623550.0,KOSPI,1.95
404650,SOL KRX기후변화솔루션,23055.0,71.0,71.0,1636905.0,1636905.0,KOSPI,0.55
520088,미래에셋 S&P500 VIX S/T 선물 ETN(H),6875.0,4892.0,4892.0,33632500.0,33632500.0,KOSPI,-0.94
760028,키움 인버스 2X 반도체TOP10 ETN,3435.0,2484273.0,2484273.0,8533477755.0,8533477755.0,KOSPI,9.74
373490,KODEX 코리아혁신성장액티브,24890.0,415.0,415.0,10329350.0,10329350.0,KOSPI,0.83
520076,미래에셋 1.5X 천연가스 선물 ETN,5475.0,3232.0,3232.0,17695200.0,17695200.0,KOSPI,-1.26
001770,SHD,11260.0,67306.0,67306.0,757865560.0,757865560.0,KOSPI,-7.48
001795,대한제당우,2110.0,3398.0,3398.0,7169780.0,7169780.0,KOSPI,0.48
244620,KODEX 모멘텀Plus,19505.0,554.0,554.0,10805770.0,10805770.0,KOSPI,1.22
700036,하나 인버스 2X 반도체 ETN,2710.0,1548984.0,1548984.0,4197746640.0,4197746640.0,KOSPI,8.18
417450,RISE 글로벌수소경제,15895.0,1000.0,1000.0,15895000.0,15895000.0,KOSPI,1.08
530129,삼성 인버스 2X 미국다우존스 선물 ETN,13480.0,298.0,298.0,4017040.0,4017040.0,KOSPI,-2.0
396510,TIGER 차이나클린에너지SOLACTIVE,7290.0,5690.0,5690.0,41480100.0,41480100.0,KOSPI,-1.15
496130,TRUSTON 코리아밸류업액티브,24835.0,1133.0,1133.0,28138055.0,28138055.0,KOSPI,-3.55
015260,에이엔피,284.0,1151332.0,1151332.0,326978288.0,326978288.0,KOSPI,-5.65
0127T0,KIWOOM 미국S&P500&배당다우존스비중전환,11135.0,1512.0,1512.0,16836120.0,16836120.0,KOSPI,-0.09
580090,KB 솔랙티브 인버스 2X 금 선물 ETN,13295.0,7378.0,7378.0,98090510.0,98090510.0,KOSPI,-4.35
0222F0,마이티 AI데이터센터밸류체인,12635.0,2306.0,2306.0,29136310.0,29136310.0,KOSPI,0.48
266390,KODEX 경기소비재,14720.0,2097.0,2097.0,30867840.0,30867840.0,KOSPI,2.51
0127V0,KIWOOM 미국S&P500 TOP10&배당다우비중전환,10575.0,3097.0,3097.0,32750775.0,32750775.0,KOSPI,-0.94
530092,삼성 인버스 코스피 200 선물 ETN,2640.0,93253.0,93253.0,246187920.0,246187920.0,KOSPI,3.33
610096,메리츠 인버스 2X 천연가스 선물 ETN(H),13180.0,9969.0,9969.0,131391420.0,131391420.0,KOSPI,0.5
137610,TIGER 농산물선물Enhanced(H),5720.0,14288.0,14288.0,81727360.0,81727360.0,KOSPI,1.69
00806K,대덕1우,10850.0,689.0,689.0,7475650.0,7475650.0,KOSPI,-0.37
580051,KB 레버리지 밀 선물 ETN,8765.0,1666.0,1666.0,14602490.0,14602490.0,KOSPI,0.75
700032,하나 인버스 2X 천연가스 선물 ETN(H),13140.0,778.0,778.0,10222920.0,10222920.0,KOSPI,1.27
360150,KODEX 코스닥150롱코스피200숏선물,3190.0,152666.0,152666.0,487004540.0,487004540.0,KOSPI,5.63
580032,KB 레버리지 구리 선물 ETN(H),26085.0,2331.0,2331.0,60804135.0,60804135.0,KOSPI,0.93
428560,KODEX 미국ETF산업Top10 Indxx,16210.0,1386.0,1386.0,22467060.0,22467060.0,KOSPI,-0.25
0194R0,KIWOOM SK하이닉스선물단일종목레버리지,8230.0,28345.0,28345.0,233279350.0,233279350.0,KOSPI,-6.9
252650,KODEX 200동일가중,18480.0,4565.0,4565.0,84361200.0,84361200.0,KOSPI,2.24
472720,TRUSTON 주주가치액티브,24870.0,1145.0,1145.0,28476150.0,28476150.0,KOSPI,-1.97
580083,KB 레버리지 미국 S&P500 선물 ETN B,25835.0,3.0,3.0,77505.0,77505.0,KOSPI,0.58
0088N0,WON K-글로벌수급상위,10305.0,1648.0,1648.0,16982640.0,16982640.0,KOSPI,0.1
485810,TIME 글로벌바이오액티브,11705.0,48919.0,48919.0,572596895.0,572596895.0,KOSPI,0.86
300610,TIGER K게임,5360.0,17941.0,17941.0,96163760.0,96163760.0,KOSPI,0.09
580088,KB 인버스 2X KOSPI 200 선물 ETN B,25725.0,28658.0,28658.0,737227050.0,737227050.0,KOSPI,7.32
489860,KIWOOM 글로벌전력GRID인프라,15080.0,1589.0,1589.0,23962120.0,23962120.0,KOSPI,-0.89
290080,RISE 200고배당커버드콜ATM,7310.0,21456.0,21456.0,156843360.0,156843360.0,KOSPI,2.81
272570,RISE 중장기국공채액티브,107980.0,6.0,6.0,647880.0,647880.0,KOSPI,0.15
176950,KODEX 국채선물10년인버스,60470.0,433.0,433.0,26183510.0,26183510.0,KOSPI,-0.13
0015F0,KIWOOM 팔란티어미국30년국채혼합액티브(H),10550.0,5825.0,5825.0,61453750.0,61453750.0,KOSPI,0.72
435040,ACE 글로벌브랜드TOP10,19440.0,702.0,702.0,13646880.0,13646880.0,KOSPI,0.21
435550,KIWOOM TDF2050액티브 적격,17870.0,10494.0,10494.0,187527780.0,187527780.0,KOSPI,0.14
610035,메리츠 레버리지 대표 농산물 선물 ETN(H),12505.0,16103.0,16103.0,201368015.0,201368015.0,KOSPI,3.18
484890,SOL 머니마켓액티브,52500.0,1754.0,1754.0,92085000.0,92085000.0,KOSPI,0.0
279540,KODEX 최소변동성,20780.0,1.0,1.0,20780.0,20780.0,KOSPI,0.14
400570,KODEX 유럽탄소배출권선물ICE(H),11315.0,8121.0,8121.0,91889115.0,91889115.0,KOSPI,-1.18
363510,SOL KIS단기통안채,112090.0,1.0,1.0,112090.0,112090.0,KOSPI,0.0
395760,PLUS ESG성장주액티브,20725.0,18.0,18.0,373050.0,373050.0,KOSPI,-2.79
580052,KB 인버스 2X 밀 선물 ETN,24800.0,491.0,491.0,12176800.0,12176800.0,KOSPI,-1.8
580047,KB 레버리지 항셍테크 선물 ETN(H) B,12395.0,110.0,110.0,1363450.0,1363450.0,KOSPI,-6.94
610071,메리츠 KAP 중국 위안화 ETN,12320.0,27.0,27.0,332640.0,332640.0,KOSPI,-0.36
453660,KODEX 미국S&P500경기소비재,17500.0,456.0,456.0,7980000.0,7980000.0,KOSPI,0.06
453060,HANARO KOFR금리액티브(합성),111340.0,113.0,113.0,12581420.0,12581420.0,KOSPI,0.02
145995,삼양사우,33000.0,12.0,12.0,396000.0,396000.0,KOSPI,0.3
550100,N2 인버스 2X 천연가스 선물 ETN,12210.0,2.0,2.0,24420.0,24420.0,KOSPI,0.37
610070,메리츠 KAP 인버스 2X 일본 엔화 ETN,24300.0,21.0,21.0,510300.0,510300.0,KOSPI,0.37
530137,삼성 KRX 2차전지 TOP10 TR ETN,12145.0,3.0,3.0,36435.0,36435.0,KOSPI,0.87
251590,PLUS 고배당저변동50,17285.0,1177.0,1177.0,20344445.0,20344445.0,KOSPI,1.68
0208N0,IBK 코스피액티브,7330.0,903.0,903.0,6618990.0,6618990.0,KOSPI,-4.18
332610,PLUS 미국단기회사채(AAA~A),125860.0,170.0,170.0,21396200.0,21396200.0,KOSPI,-0.45
0000H0,KODEX 인도Nifty미드캡100,10505.0,376.0,376.0,3949880.0,3949880.0,KOSPI,-0.1
140580,RISE 우량업종대표주,24105.0,125.0,125.0,3013125.0,3013125.0,KOSPI,1.3
409810,KODEX 미국나스닥100선물인버스(H),5605.0,34013.0,34013.0,190642865.0,190642865.0,KOSPI,0.72
530127,삼성 미국다우존스 TR ETN,12045.0,2.0,2.0,24090.0,24090.0,KOSPI,1.01
269370,TIGER S&P글로벌인프라(합성),17135.0,567.0,567.0,9715545.0,9715545.0,KOSPI,-1.78
0221Z0,ACE K바이오코스닥액티브,10900.0,194495.0,194495.0,2119995500.0,2119995500.0,KOSPI,3.56
0008E0,ACE 미국중심중소형제조업,12605.0,109.0,109.0,1373945.0,1373945.0,KOSPI,-0.08
45226K,한화갤러리아우,4100.0,10780.0,10780.0,44198000.0,44198000.0,KOSPI,0.0
580043,KB 레버리지 KOSDAQ 150 선물 ETN,23810.0,619.0,619.0,14738390.0,14738390.0,KOSPI,3.14
269530,PLUS S&P글로벌인프라,19835.0,878.0,878.0,17415130.0,17415130.0,KOSPI,-1.1
580054,KB 인버스 2X 콩 선물 ETN,23780.0,91.0,91.0,2163980.0,2163980.0,KOSPI,-1.63
457700,KODEX 53-09 국고채액티브,9000.0,3893.0,3893.0,35037000.0,35037000.0,KOSPI,0.39
448490,HANARO 32-10 국고채액티브,52850.0,31.0,31.0,1638350.0,1638350.0,KOSPI,0.35
410870,TIME K컬처액티브,9760.0,8742.0,8742.0,85321920.0,85321920.0,KOSPI,2.79
487750,BNK 온디바이스AI,29095.0,2123.0,2123.0,61768685.0,61768685.0,KOSPI,-2.45
580080,KB 인버스 은 선물 ETN,11635.0,378.0,378.0,4398030.0,4398030.0,KOSPI,-0.81
354240,RISE 미국고정배당우선증권,10530.0,3686.0,3686.0,38813580.0,38813580.0,KOSPI,-0.85
166400,TIGER 200커버드콜OTM,23160.0,1398.0,1398.0,32377680.0,32377680.0,KOSPI,-1.86
280920,PLUS 주도업종,23135.0,9.0,9.0,208215.0,208215.0,KOSPI,-1.15
610093,메리츠 인버스 3X 일본 국채 10년 ETN,23075.0,43.0,43.0,992225.0,992225.0,KOSPI,0.2
520046,미래에셋 레버리지 옥수수 선물 ETN,11535.0,3767.0,3767.0,43452345.0,43452345.0,KOSPI,6.95
044380,주연테크,829.0,105520.0,105520.0,87476080.0,87476080.0,KOSPI,-2.36
610102,메리츠 솔랙티브 금 선물 ETN(H),11490.0,147.0,147.0,1689030.0,1689030.0,KOSPI,2.36
498050,HANARO 바이오코리아액티브,11415.0,10011.0,10011.0,114275565.0,114275565.0,KOSPI,5.65
451600,PLUS 국고채30년액티브,82950.0,44.0,44.0,3649800.0,3649800.0,KOSPI,0.49
0084E0,KIWOOM 미국대형주500월간목표헤지액티브,10320.0,35.0,35.0,361200.0,361200.0,KOSPI,0.19
0222D0,KoAct 고배당액티브,10300.0,29258.0,29258.0,301357400.0,301357400.0,KOSPI,0.39
530139,삼성 iSelect 조선 TOP10 TR ETN,11310.0,80.0,80.0,904800.0,904800.0,KOSPI,0.04
430500,KIWOOM 물가채KIS,112395.0,8.0,8.0,899160.0,899160.0,KOSPI,0.24
0113G0,KoAct 미국바이오헬스케어액티브,11825.0,27339.0,27339.0,323283675.0,323283675.0,KOSPI,0.42
760027,키움 인버스 2X 전력 TOP5 ETN,5605.0,109854.0,109854.0,615731670.0,615731670.0,KOSPI,-2.44
610060,메리츠 인버스 3X 국채10년 ETN,22290.0,10.0,10.0,222900.0,222900.0,KOSPI,-0.27
464610,SOL 의료기기소부장Fn,7425.0,8954.0,8954.0,66483450.0,66483450.0,KOSPI,1.92
461580,TIGER 코스닥글로벌,15875.0,2865.0,2865.0,45481875.0,45481875.0,KOSPI,1.63
500086,신한 코스닥 150 TR ETN,11110.0,3.0,3.0,33330.0,33330.0,KOSPI,2.35
451150,에셋플러스 글로벌영에이지액티브,17880.0,6.0,6.0,107280.0,107280.0,KOSPI,0.22
500063,신한 인버스 코스닥 150 선물 ETN,5535.0,4.0,4.0,22140.0,22140.0,KOSPI,-2.04
140710,KODEX 운송,6505.0,78956.0,78956.0,513608780.0,513608780.0,KOSPI,2.93
610074,메리츠 미국채10년 ETN,11055.0,191.0,191.0,2111505.0,2111505.0,KOSPI,-0.58
38380K,LX홀딩스1우,7530.0,46.0,46.0,346380.0,346380.0,KOSPI,0.4
385710,TIME K이노베이션액티브,11025.0,13815.0,13815.0,152310375.0,152310375.0,KOSPI,2.18
520040,미래에셋 인버스 코스닥150 선물 ETN,5500.0,158.0,158.0,869000.0,869000.0,KOSPI,-1.96
0094L0,RISE 차이나테크TOP10위클리타겟커버드콜,7835.0,7254.0,7254.0,56835090.0,56835090.0,KOSPI,-2.18
610055,메리츠 3X 레버리지 국채3년 ETN,21935.0,2.0,2.0,43870.0,43870.0,KOSPI,0.02
419420,KODEX 미국클린에너지나스닥,9130.0,1329.0,1329.0,12133770.0,12133770.0,KOSPI,-0.49
463640,KODEX 미국S&P500유틸리티,13685.0,4556.0,4556.0,62348860.0,62348860.0,KOSPI,-2.49
084695,대상홀딩스우,11980.0,501.0,501.0,6001980.0,6001980.0,KOSPI,1.44
446700,RISE 배터리 리사이클링,10510.0,4141.0,4141.0,43521910.0,43521910.0,KOSPI,6.32
371870,ACE 차이나항셍테크,6820.0,2297.0,2297.0,15665540.0,15665540.0,KOSPI,-2.78
580065,KB 코스닥 150 TR ETN,10875.0,11.0,11.0,119625.0,119625.0,KOSPI,1.35
407820,에셋플러스 코리아플랫폼액티브,6030.0,21958.0,21958.0,132406740.0,132406740.0,KOSPI,-0.58
0002C0,에셋플러스 인도일등기업포커스20액티브,10000.0,251.0,251.0,2510000.0,2510000.0,KOSPI,-0.1
0001P0,마이티 바이오시밀러&CDMO액티브,9625.0,621.0,621.0,5977125.0,5977125.0,KOSPI,3.61
570085,한투 인도네시아대표원자재 ETN,10730.0,2311.0,2311.0,24797030.0,24797030.0,KOSPI,1.8
0203D0,PLUS 200위클리커버드콜채권혼합,8935.0,13592.0,13592.0,121444520.0,121444520.0,KOSPI,-1.81
310080,RISE 중국MSCI China(H),9315.0,1844.0,1844.0,17176860.0,17176860.0,KOSPI,-2.82
520038,미래에셋 인버스 코스피200 선물 ETN,2660.0,99582.0,99582.0,264888120.0,264888120.0,KOSPI,3.5
0093B0,RISE 엔비디아고정테크100,12500.0,1905.0,1905.0,23812500.0,23812500.0,KOSPI,-0.99
580059,KB 미국채 10년 ETN,10600.0,4.0,4.0,42400.0,42400.0,KOSPI,-0.14
0068M0,KODEX 미국S&P500버퍼6월액티브,11765.0,30.0,30.0,352950.0,352950.0,KOSPI,0.0
610079,메리츠 인버스 3X 미국채30년 ETN,52590.0,39.0,39.0,2051010.0,2051010.0,KOSPI,-0.26
0191S0,IBK 코스닥150,14200.0,4584.0,4584.0,65092800.0,65092800.0,KOSPI,1.36
00781K,코리아써키트2우B,13400.0,1224.0,1224.0,16401600.0,16401600.0,KOSPI,-0.07
760032,키움 모험자본창업투자 ETN,10405.0,563.0,563.0,5858015.0,5858015.0,KOSPI,3.28
456250,KODEX 유럽명품TOP10 STOXX,9030.0,1898.0,1898.0,17138940.0,17138940.0,KOSPI,0.73
237440,TIGER 경기방어채권혼합,10375.0,9588.0,9588.0,99475500.0,99475500.0,KOSPI,0.58
181480,ACE 미국부동산리츠(합성 H),86330.0,1508.0,1508.0,130185640.0,130185640.0,KOSPI,-0.33
354350,HANARO 글로벌럭셔리S&P(합성),19790.0,293.0,293.0,5798470.0,5798470.0,KOSPI,0.28
580087,KB 솔랙티브 인버스 천연가스 선물 ETN,10235.0,12.0,12.0,122820.0,122820.0,KOSPI,0.69
460270,KIWOOM 미국달러SOFR금리액티브(합성),12575.0,1325.0,1325.0,16661875.0,16661875.0,KOSPI,-0.24
520097,미래에셋 1.5X S&P500 VIX S/T선물 ETN,10175.0,1986.0,1986.0,20207550.0,20207550.0,KOSPI,-2.35
610077,메리츠 미국채30년 ETN,10162.0,451.0,451.0,4583062.0,4583062.0,KOSPI,-0.47
487910,ACE 인도컨슈머파워액티브,8460.0,348.0,348.0,2944080.0,2944080.0,KOSPI,-0.47
140570,RISE 수출주,25220.0,122.0,122.0,3076840.0,3076840.0,KOSPI,1.71
003075,코오롱글로벌우,13550.0,97.0,97.0,1314350.0,1314350.0,KOSPI,0.0
610092,메리츠 인버스 일본 국채 10년 ETN,10030.0,2.0,2.0,20060.0,20060.0,KOSPI,0.05
0189Z0,DAISHIN 금융&지주고배당,10005.0,263.0,263.0,2631315.0,2631315.0,KOSPI,0.25
494180,TIME 글로벌소비트렌드액티브,13265.0,362.0,362.0,4801930.0,4801930.0,KOSPI,-0.82
530064,삼성 인버스 2X 구리 선물 ETN(H),662.0,4254.0,4254.0,2816148.0,2816148.0,KOSPI,-0.9
429010,TIGER 미국나스닥넥스트100,19815.0,834.0,834.0,16525710.0,16525710.0,KOSPI,-0.75
610100,메리츠 레버리지 은 선물 ETN(H),9885.0,409.0,409.0,4042965.0,4042965.0,KOSPI,1.23
0067Y0,TIGER 차이나AI소프트웨어,10400.0,21802.0,21802.0,226740800.0,226740800.0,KOSPI,-3.17
700011,하나 레버리지 옥수수 선물 ETN(H),9875.0,3065.0,3065.0,30266875.0,30266875.0,KOSPI,8.16
610082,메리츠 인도 루피화 ETN,9845.0,23.0,23.0,226435.0,226435.0,KOSPI,-0.3
001067,JW중외제약2우B,46800.0,26.0,26.0,1216800.0,1216800.0,KOSPI,4.0
117690,TIGER 차이나항셍30,19590.0,5399.0,5399.0,105766410.0,105766410.0,KOSPI,-2.34
0120J0,BNK 카카오그룹포커스,7835.0,40228.0,40228.0,315186380.0,315186380.0,KOSPI,0.77
700030,하나 S&P 인버스 2X WTI원유 선물 ETN B,2445.0,30655.0,30655.0,74951475.0,74951475.0,KOSPI,1.88
610068,메리츠 KAP 일본 엔화 ETN,9740.0,11703.0,11703.0,113987220.0,113987220.0,KOSPI,-0.31
281990,RISE 중소형고배당,17685.0,1893.0,1893.0,33477705.0,33477705.0,KOSPI,2.23
463690,KODEX 미국S&P500커뮤니케이션,17670.0,594.0,594.0,10495980.0,10495980.0,KOSPI,-0.42
004255,NPC우,1840.0,69602.0,69602.0,128067680.0,128067680.0,KOSPI,0.05
0226G0,WON 피지컬AI TOP2플러스액티브,12105.0,51227.0,51227.0,620102835.0,620102835.0,KOSPI,-1.47
252000,TIGER 200동일가중,19335.0,3332.0,3332.0,64424220.0,64424220.0,KOSPI,2.6
570107,한투 인버스2X일본니케이225선물 ETN(H),3860.0,713.0,713.0,2752180.0,2752180.0,KOSPI,1.45
0214M0,MIDAS 바이오헬스케어액티브,11315.0,7269.0,7269.0,82248735.0,82248735.0,KOSPI,4.48
004105,태양금속우,2905.0,14477.0,14477.0,42055685.0,42055685.0,KOSPI,2.65
0174R0,KIWOOM 미국성장다우존스,11260.0,3306.0,3306.0,37225560.0,37225560.0,KOSPI,-0.57
580079,KB 레버리지 은 선물 ETN,9530.0,9512.0,9512.0,90649360.0,90649360.0,KOSPI,0.11
580061,KB 미국채 30년 ETN,9520.0,2.0,2.0,19040.0,19040.0,KOSPI,0.05
449680,TIGER 한중전기차(합성),11200.0,205.0,205.0,2296000.0,2296000.0,KOSPI,3.8
610034,메리츠 대표 농산물 선물 ETN(H),9465.0,236.0,236.0,2233740.0,2233740.0,KOSPI,1.5
497510,ACE 글로벌빅파마,13455.0,4227.0,4227.0,56874285.0,56874285.0,KOSPI,0.94
139240,TIGER 200 철강소재,11135.0,159384.0,159384.0,1774740840.0,1774740840.0,KOSPI,5.9
700033,하나 K방산TOP10 ETN,9325.0,136.0,136.0,1268200.0,1268200.0,KOSPI,2.14
482030,KoAct 반도체&2차전지핵심소재액티브,8875.0,13465.0,13465.0,119501875.0,119501875.0,KOSPI,2.54
001755,한양증권우,19700.0,60.0,60.0,1182000.0,1182000.0,KOSPI,0.0
230480,KIWOOM 미국달러선물인버스2X,4615.0,5101.0,5101.0,23541115.0,23541115.0,KOSPI,0.54
341850,TIGER 리츠부동산인프라채권,4635.0,2085.0,2085.0,9663975.0,9663975.0,KOSPI,0.32
174350,TIGER 로우볼,21005.0,1469.0,1469.0,30856345.0,30856345.0,KOSPI,0.65
301400,PLUS 코스닥150,14140.0,5364.0,5364.0,75846960.0,75846960.0,KOSPI,1.43
399580,RISE 글로벌클린에너지,9190.0,1762.0,1762.0,16192780.0,16192780.0,KOSPI,-0.92
530141,삼성 중국 자동차 TOP5 TR ETN(H),9155.0,69.0,69.0,631695.0,631695.0,KOSPI,-1.61
610097,메리츠 미국채30년스트립 커버드콜 ETN(H),9145.0,5.0,5.0,45725.0,45725.0,KOSPI,0.27
0084D0,KIWOOM 미국테크100월간목표헤지액티브,11345.0,358.0,358.0,4061510.0,4061510.0,KOSPI,-0.04
33637L,솔루스첨단소재2우B,2400.0,1988.0,1988.0,4771200.0,4771200.0,KOSPI,1.27
0227K0,RISE 미국우주위성통신,9035.0,4830.0,4830.0,43639050.0,43639050.0,KOSPI,-2.38
375270,RISE 글로벌데이터센터리츠(합성),13850.0,4276.0,4276.0,59222600.0,59222600.0,KOSPI,-1.7
0224D0,KIWOOM 미국CPU반도체TOP4+,8950.0,8851.0,8851.0,79216450.0,79216450.0,KOSPI,-2.61
0133E0,TIGER 차이나증권,8510.0,2165.0,2165.0,18424150.0,18424150.0,KOSPI,-1.39
0194N0,KIWOOM 삼성전자선물단일종목레버리지,10750.0,27702.0,27702.0,297796500.0,297796500.0,KOSPI,-16.92
466810,BNK 2차전지양극재,5870.0,11650.0,11650.0,68385500.0,68385500.0,KOSPI,7.71
001515,SK증권우,4500.0,30163.0,30163.0,135733500.0,135733500.0,KOSPI,-10.18
371150,RISE 차이나항셍테크,6760.0,3125.0,3125.0,21125000.0,21125000.0,KOSPI,-3.84
497520,ACE 일라이릴리밸류체인,13480.0,987.0,987.0,13304760.0,13304760.0,KOSPI,0.41
395150,KODEX 웹툰&드라마,1824.0,20807.0,20807.0,37951968.0,37951968.0,KOSPI,1.45
105010,TIGER 라틴35,6195.0,4150.0,4150.0,25709250.0,25709250.0,KOSPI,0.9
435540,KIWOOM TDF2040액티브 적격,17335.0,1415.0,1415.0,24529025.0,24529025.0,KOSPI,-0.26
610059,메리츠 3X 레버리지 국채10년 ETN,17310.0,50.0,50.0,865500.0,865500.0,KOSPI,0.32
570094,한투 일본엔선물 ETN C,8635.0,50.0,50.0,431750.0,431750.0,KOSPI,-0.35
550099,N2 레버리지 천연가스 선물 ETN,8630.0,2368.0,2368.0,20435840.0,20435840.0,KOSPI,-1.71
215620,HK S&P코리아로우볼,15980.0,3.0,3.0,47940.0,47940.0,KOSPI,0.47
381570,HANARO Fn친환경에너지,10140.0,5958.0,5958.0,60414120.0,60414120.0,KOSPI,3.89
500068,신한 인버스 2X 10년 국채선물 ETN,12260.0,2.0,2.0,24520.0,24520.0,KOSPI,0.0
610090,메리츠 일본 국채 10년 ETN,8565.0,29.0,29.0,248385.0,248385.0,KOSPI,-0.23
217780,TIGER 차이나CSI300인버스(합성),5525.0,1157.0,1157.0,6392425.0,6392425.0,KOSPI,2.41
0216K0,KIWOOM 미국우주테크TOP2채권혼합50,8560.0,25350.0,25350.0,216996000.0,216996000.0,KOSPI,-1.44
462340,에셋플러스 글로벌다이나믹시니어액티브,17105.0,113.0,113.0,1932865.0,1932865.0,KOSPI,1.42
429980,SOL 한국형글로벌전기차&2차전지액티브,17035.0,1504.0,1504.0,25620640.0,25620640.0,KOSPI,0.41
530135,삼성 인버스 China A50 선물 ETN(H) B,8465.0,16.0,16.0,135440.0,135440.0,KOSPI,0.83
0219B0,KoAct 광통신&위성네트워크액티브,10510.0,26626.0,26626.0,279839260.0,279839260.0,KOSPI,1.74
395280,HANARO Fn K-게임,3555.0,4051.0,4051.0,14401305.0,14401305.0,KOSPI,-1.11
182490,TIGER 단기선진하이일드(합성 H),13910.0,462.0,462.0,6426420.0,6426420.0,KOSPI,0.04
530114,삼성 인버스 2X S&P500 선물 ETN,8315.0,43473.0,43473.0,361477995.0,361477995.0,KOSPI,-0.42
580085,KB 솔랙티브 천연가스 선물 ETN,8290.0,681.0,681.0,5645490.0,5645490.0,KOSPI,-1.07
500101,신한 블룸버그 천연가스 선물 ETN,8285.0,214.0,214.0,1772990.0,1772990.0,KOSPI,-1.25
000225,유유제약1우,3650.0,6008.0,6008.0,21929200.0,21929200.0,KOSPI,-0.14
0219Z0,HANARO 미국S&P500액티브,10340.0,3807.0,3807.0,39364380.0,39364380.0,KOSPI,-1.1
270800,RISE KQ고배당,14955.0,1801.0,1801.0,26933955.0,26933955.0,KOSPI,0.1
457930,BNK 미래전략기술액티브,27390.0,9.0,9.0,246510.0,246510.0,KOSPI,-0.81
700035,하나 인버스 2X K방산TOP10 ETN,8210.0,42509.0,42509.0,348998890.0,348998890.0,KOSPI,-3.58
253280,RISE 헬스케어,13635.0,1114.0,1114.0,15189390.0,15189390.0,KOSPI,3.18
570114,한투 S&P500 VIX S/T선물 ETN(H) B,8150.0,60.0,60.0,489000.0,489000.0,KOSPI,-1.39
0184N0,PLUS 은채권혼합,9055.0,111802.0,111802.0,1012367110.0,1012367110.0,KOSPI,-0.33
580053,KB 레버리지 콩 선물 ETN,16230.0,219.0,219.0,3554370.0,3554370.0,KOSPI,0.78
404540,TIGER KRX기후변화솔루션,23140.0,559.0,559.0,12935260.0,12935260.0,KOSPI,0.74
500036,신한 인버스 2X 미국달러 선물 ETN,4025.0,104.0,104.0,418600.0,418600.0,KOSPI,0.63
487920,ACE 인도시장대표BIG5그룹액티브,8010.0,470.0,470.0,3764700.0,3764700.0,KOSPI,-0.12
0172Y0,ACE K수출핵심TOP10산업액티브,9420.0,3310.0,3310.0,31180200.0,31180200.0,KOSPI,-2.33
261110,TIGER 미국달러선물레버리지,15990.0,2968.0,2968.0,47458320.0,47458320.0,KOSPI,-0.37
480460,WON 한국부동산TOP3플러스,9400.0,163.0,163.0,1532200.0,1532200.0,KOSPI,1.57
395750,PLUS ESG가치주액티브,19945.0,8.0,8.0,159560.0,159560.0,KOSPI,-3.13
0218K0,BNK 스마트카,10600.0,11.0,11.0,116600.0,116600.0,KOSPI,0.81
0226D0,FOCUS 금융반도체지주채권혼합50액티브,9882.0,7639.0,7639.0,75488598.0,75488598.0,KOSPI,-1.77
610095,메리츠 레버리지 천연가스 선물 ETN(H),7900.0,21702.0,21702.0,171445800.0,171445800.0,KOSPI,-1.37
700031,하나 레버리지 천연가스 선물 ETN(H),7855.0,858.0,858.0,6739590.0,6739590.0,KOSPI,-1.57
610073,메리츠 KAP 인버스 2X 중국 위안화 ETN,15710.0,85.0,85.0,1335350.0,1335350.0,KOSPI,0.67
001065,JW중외제약우,22900.0,106.0,106.0,2427400.0,2427400.0,KOSPI,0.88
570097,한투 엔달러선물 ETN(H),7825.0,72.0,72.0,563400.0,563400.0,KOSPI,0.06
189400,PLUS 글로벌MSCI(합성 H),26050.0,168.0,168.0,4376400.0,4376400.0,KOSPI,0.54
0082F0,HANARO 유럽방산,11045.0,10741.0,10741.0,118634345.0,118634345.0,KOSPI,-0.54
610094,메리츠 천연가스 선물 ETN(H),7715.0,1539.0,1539.0,11873385.0,11873385.0,KOSPI,-0.71
435530,KIWOOM TDF2030액티브 적격,15375.0,84.0,84.0,1291500.0,1291500.0,KOSPI,0.03
225800,KIWOOM 미국달러선물레버리지,15045.0,702.0,702.0,10561590.0,10561590.0,KOSPI,-0.66
0215T0,HANARO 미국AI광통신TOP10,8515.0,64336.0,64336.0,547821040.0,547821040.0,KOSPI,-7.55
494210,SOL 미국500타겟데일리커버드콜액티브,10875.0,4217.0,4217.0,45859875.0,45859875.0,KOSPI,-0.28
437370,RISE 글로벌농업경제,10845.0,10833.0,10833.0,117483885.0,117483885.0,KOSPI,2.7
225050,TIGER 유로스탁스레버리지(합성 H),16825.0,3505.0,3505.0,58971625.0,58971625.0,KOSPI,0.9
520084,미래에셋 -2X 미국 자율주행대표기업 ETN,7550.0,2002.0,2002.0,15115100.0,15115100.0,KOSPI,-1.69
760025,키움 전력 TOP5 ETN,10785.0,1074.0,1074.0,11583090.0,11583090.0,KOSPI,1.79
610099,메리츠 은 선물 ETN(H),7520.0,239.0,239.0,1797280.0,1797280.0,KOSPI,-0.13
227570,TIGER 우량가치,20770.0,823.0,823.0,17093710.0,17093710.0,KOSPI,0.12
256450,PLUS 심천차이넥스트(합성),14910.0,1918.0,1918.0,28597380.0,28597380.0,KOSPI,-3.37
285690,FOCUS ESG리더스,21250.0,15.0,15.0,318750.0,318750.0,KOSPI,0.64
450180,KODEX 한중전기차(합성),11430.0,129.0,129.0,1474470.0,1474470.0,KOSPI,3.53
304670,KODEX 미국30년국채울트라선물인버스(H),12360.0,14.0,14.0,173040.0,173040.0,KOSPI,-0.24
438740,MIDAS 중소형액티브,32815.0,2.0,2.0,65630.0,65630.0,KOSPI,1.53
326230,RISE 내수주플러스,11525.0,507.0,507.0,5843175.0,5843175.0,KOSPI,2.9
390400,KODEX 미국스마트모빌리티S&P,7375.0,797.0,797.0,5877875.0,5877875.0,KOSPI,0.75
530142,삼성 중국 AI 테크 TOP5 TR ETN(H),7365.0,160.0,160.0,1178400.0,1178400.0,KOSPI,-5.33
0094X0,1Q 샤오미밸류체인액티브,8150.0,6934.0,6934.0,56512100.0,56512100.0,KOSPI,-4.73
510043,대신 인버스 천연가스 선물 ETN(H) B,7325.0,98.0,98.0,717850.0,717850.0,KOSPI,0.21
402460,HANARO Fn K-메타버스MZ,14625.0,91.0,91.0,1330875.0,1330875.0,KOSPI,1.11
139660,KIWOOM 미국달러선물인버스,8400.0,819.0,819.0,6879600.0,6879600.0,KOSPI,0.3
368680,KODEX K-뉴딜디지털플러스,8105.0,1383.0,1383.0,11209215.0,11209215.0,KOSPI,2.86
139290,TIGER 200 경기소비재,26005.0,2767.0,2767.0,71955835.0,71955835.0,KOSPI,0.46
580078,KB 은 선물 ETN,7280.0,217.0,217.0,1579760.0,1579760.0,KOSPI,-0.88
0005C0,RISE 미국S&P500엔화노출(합성 H),11195.0,4937.0,4937.0,55269715.0,55269715.0,KOSPI,-0.49
530090,삼성 인버스 은 선물 ETN(H),2405.0,42247.0,42247.0,101604035.0,101604035.0,KOSPI,-1.03
488480,RISE 일본섹터TOP4Plus,12925.0,997.0,997.0,12886225.0,12886225.0,KOSPI,-1.67
400590,SOL 글로벌탄소배출권선물ICE(합성),14150.0,144.0,144.0,2037600.0,2037600.0,KOSPI,-0.07
570101,한투 인버스나스닥100 ETN B,6980.0,4.0,4.0,27920.0,27920.0,KOSPI,-0.14
0036Z0,RISE 미국천연가스밸류체인,12590.0,394.0,394.0,4960460.0,4960460.0,KOSPI,-1.45
760006,키움 KPOP ETN,6905.0,4.0,4.0,27620.0,27620.0,KOSPI,1.69
012205,계양전기우,5900.0,7233.0,7233.0,42674700.0,42674700.0,KOSPI,-3.28
0166T0,PLUS 글로벌저작권핵심기업액티브,9775.0,3196.0,3196.0,31240900.0,31240900.0,KOSPI,-0.56
244670,KODEX 밸류Plus,11400.0,25.0,25.0,285000.0,285000.0,KOSPI,1.65
0184V0,UNICORN K바이오액티브,6190.0,113550.0,113550.0,702874500.0,702874500.0,KOSPI,5.27
429740,PLUS K리츠,6130.0,3269.0,3269.0,20038970.0,20038970.0,KOSPI,0.16
250780,TIGER 코스닥150선물인버스,2435.0,248525.0,248525.0,605158375.0,605158375.0,KOSPI,-2.01
0176P0,FOCUS AI반도체위클리고정커버드콜,12155.0,2170.0,2170.0,26376350.0,26376350.0,KOSPI,-1.82
500067,신한 레버리지 10년 국채선물 ETN,9535.0,2.0,2.0,19070.0,19070.0,KOSPI,0.05
316300,ACE 싱가포르리츠,13320.0,536.0,536.0,7139520.0,7139520.0,KOSPI,0.64
0138D0,RISE 동학개미,12035.0,417.0,417.0,5018595.0,5018595.0,KOSPI,0.29
570095,한투 레버리지일본엔선물 ETN C,6590.0,1865.0,1865.0,12290350.0,12290350.0,KOSPI,-1.2
456200,PLUS 미국달러SOFR금리액티브(합성),59740.0,1052.0,1052.0,62846480.0,62846480.0,KOSPI,-0.27
000325,노루홀딩스우,26900.0,207.0,207.0,5568300.0,5568300.0,KOSPI,1.13
530060,삼성 코스피 양매도 5% OTM ETN,6525.0,3.0,3.0,19575.0,19575.0,KOSPI,2.11
550098,N2 인버스 2X 코스닥150 선물 ETN,6495.0,1206.0,1206.0,7832970.0,7832970.0,KOSPI,-3.85
315270,TIGER 200커뮤니케이션서비스,20290.0,33168.0,33168.0,672978720.0,672978720.0,KOSPI,-0.1
0047N0,PLUS 차이나AI테크TOP10,9950.0,1742.0,1742.0,17332900.0,17332900.0,KOSPI,-4.42
570092,한투 인버스2X유로스탁스50 ETN(H) B,6430.0,218.0,218.0,1401740.0,1401740.0,KOSPI,-0.23
307510,TIGER 의료기기,12755.0,5949.0,5949.0,75879495.0,75879495.0,KOSPI,3.24
530122,삼성 인버스 2X 항셍테크 TR ETN(H) B,6350.0,3733.0,3733.0,23704550.0,23704550.0,KOSPI,6.28
0102X0,ACE 유럽방산TOP10,9725.0,3643.0,3643.0,35428175.0,35428175.0,KOSPI,-1.17
530096,삼성 인버스 구리 선물 ETN(H),6320.0,114.0,114.0,720480.0,720480.0,KOSPI,-0.78
580084,KB 인버스 2X 미국 S&P500 선물 ETN B,12505.0,2.0,2.0,25010.0,25010.0,KOSPI,-0.91
0087F0,ACE 차이나AI빅테크TOP2+액티브,12315.0,1752.0,1752.0,21575880.0,21575880.0,KOSPI,-3.6
760010,키움 2차전지산업 ETN,8795.0,3.0,3.0,26385.0,26385.0,KOSPI,7.19
291890,KODEX MSCI EM선물(H),12275.0,823.0,823.0,10102325.0,10102325.0,KOSPI,-1.25
138920,KODEX 콩선물(H),12175.0,781.0,781.0,9508675.0,9508675.0,KOSPI,0.25
530056,삼성 인버스 2X 금 선물 ETN(H),1521.0,6216.0,6216.0,9454536.0,9454536.0,KOSPI,-4.52
004835,덕성우,4370.0,9056.0,9056.0,39574720.0,39574720.0,KOSPI,-0.34
004985,성신양회우,8210.0,2098.0,2098.0,17224580.0,17224580.0,KOSPI,1.11
002995,금호건설우,20650.0,15311.0,15311.0,316172150.0,316172150.0,KOSPI,-3.95
289670,PLUS 국채선물10년,51990.0,441.0,441.0,22927590.0,22927590.0,KOSPI,0.2
469530,RISE 미국달러선물인버스,9385.0,1028.0,1028.0,9647780.0,9647780.0,KOSPI,0.05
610023,메리츠 레버리지 미국채10년 ETN(H),5980.0,529.0,529.0,3163420.0,3163420.0,KOSPI,0.0
570098,한투 레버리지엔달러선물 ETN(H),5975.0,506.0,506.0,3023350.0,3023350.0,KOSPI,0.67
26490K,크라운제과우,7720.0,76.0,76.0,586720.0,586720.0,KOSPI,-0.13
570064,한투 인버스베트남VN30선물 ETN(H),5945.0,4201.0,4201.0,24974945.0,24974945.0,KOSPI,-2.38
0114X0,RISE 글로벌게임테크TOP3Plus,8455.0,102.0,102.0,862410.0,862410.0,KOSPI,-0.12
433250,UNICORN R&D 액티브,23460.0,2.0,2.0,46920.0,46920.0,KOSPI,-1.08
314700,HANARO 농업융복합산업,10660.0,1065.0,1065.0,11352900.0,11352900.0,KOSPI,2.5
400580,SOL 유럽탄소배출권선물S&P(H),11675.0,45.0,45.0,525375.0,525375.0,KOSPI,0.13
451670,RISE 국채30년레버리지(합성),11670.0,324.0,324.0,3781080.0,3781080.0,KOSPI,0.13
219900,ACE 중국본토CSI300레버리지(합성),4140.0,4349.0,4349.0,18004860.0,18004860.0,KOSPI,-2.82
483020,KIWOOM 의료AI,9585.0,2036.0,2036.0,19515060.0,19515060.0,KOSPI,1.64
0053M0,더제이 중소형포커스액티브,12710.0,101.0,101.0,1283710.0,1283710.0,KOSPI,1.64
401590,HANARO 글로벌탄소배출권선물ICE(합성),11185.0,73.0,73.0,816505.0,816505.0,KOSPI,-0.8
476310,RISE 글로벌비만산업TOP2+,10325.0,2343.0,2343.0,24191475.0,24191475.0,KOSPI,0.88
760014,키움 바이오TOP10 ETN,8040.0,467.0,467.0,3754680.0,3754680.0,KOSPI,4.35
407300,HANARO Fn골프테마,10230.0,10.0,10.0,102300.0,102300.0,KOSPI,-0.53
0191B0,MIDAS 코스닥액티브,28015.0,308.0,308.0,8628620.0,8628620.0,KOSPI,0.7
267450,RISE 미국장기국채선물인버스(H),11185.0,45.0,45.0,503325.0,503325.0,KOSPI,0.77
470310,UNICORN 생성형AI강소기업액티브,18550.0,209.0,209.0,3876950.0,3876950.0,KOSPI,0.19
530094,삼성 인버스 코스닥 150 선물 ETN,5560.0,203.0,203.0,1128680.0,1128680.0,KOSPI,-0.71
483030,KIWOOM 미국블록버스터바이오테크의약품+,12350.0,2711.0,2711.0,33480850.0,33480850.0,KOSPI,2.15
413220,SOL 차이나태양광CSI(합성),4610.0,1212.0,1212.0,5587320.0,5587320.0,KOSPI,-2.02
432600,RISE 국채선물3년,55305.0,4.0,4.0,221220.0,221220.0,KOSPI,0.03
488200,KIWOOM K-2차전지북미공급망,12220.0,1763.0,1763.0,21543860.0,21543860.0,KOSPI,4.76
510027,대신 인버스 2X 코스닥 150 선물 ETN,1831.0,17725.0,17725.0,32454475.0,32454475.0,KOSPI,-3.02
499150,SOL 미국S&P500엔화노출(H),10825.0,14913.0,14913.0,161433225.0,161433225.0,KOSPI,-0.18
220130,SOL 차이나강소기업CSI500(합성 H),6725.0,37.0,37.0,248825.0,248825.0,KOSPI,-2.11
580044,KB 인버스 2X KOSDAQ 150 선물 ETN,1790.0,149435.0,149435.0,267488650.0,267488650.0,KOSPI,-4.12
090355,노루페인트우,11560.0,165.0,165.0,1907400.0,1907400.0,KOSPI,-0.17
474390,SOL 국고채30년액티브,39895.0,23.0,23.0,917585.0,917585.0,KOSPI,0.71
321410,KODEX 멀티에셋하이인컴(H),10670.0,8.0,8.0,85360.0,85360.0,KOSPI,-0.09
500061,신한 인버스 코스피 200 선물 ETN,2665.0,731.0,731.0,1948115.0,1948115.0,KOSPI,3.5
490330,KoAct 미국치매&뇌질환치료제액티브,15215.0,636.0,636.0,9676740.0,9676740.0,KOSPI,0.63
0132D0,KoAct 글로벌K컬처밸류체인액티브,9615.0,1025.0,1025.0,9855375.0,9855375.0,KOSPI,1.53
0174J0,DAISHIN 오피스리츠플러스,8810.0,154.0,154.0,1356740.0,1356740.0,KOSPI,0.46
570066,한투 인버스2X베트남VN30 선물 ETN(H),5265.0,295.0,295.0,1553175.0,1553175.0,KOSPI,-2.68
0015E0,KIWOOM 엔비디아미국30년국채혼합액티브(H),10485.0,2314.0,2314.0,24262290.0,24262290.0,KOSPI,-0.33
411860,KIWOOM 독일DAX,17210.0,510.0,510.0,8777100.0,8777100.0,KOSPI,-0.58
295000,RISE 국채선물10년,51290.0,14.0,14.0,718060.0,718060.0,KOSPI,0.27
291630,KIWOOM 코스닥150선물레버리지,3530.0,69516.0,69516.0,245391480.0,245391480.0,KOSPI,3.67
0073X0,FOCUS 알리바바미국채커버드콜혼합,9105.0,722.0,722.0,6573810.0,6573810.0,KOSPI,-2.15
498610,RISE 인도디지털성장,8330.0,623.0,623.0,5189590.0,5189590.0,KOSPI,-0.06
0078V0,PLUS 미국로보택시,9850.0,792.0,792.0,7801200.0,7801200.0,KOSPI,1.49
0154H0,KoAct 차이나바이오헬스케어액티브,8865.0,1896.0,1896.0,16808040.0,16808040.0,KOSPI,-1.66
0128D0,PLUS 차이나항셍테크위클리타겟커버드콜,6935.0,4762.0,4762.0,33024470.0,33024470.0,KOSPI,-3.21
0015K0,TIGER 미국소비트렌드액티브,7105.0,2172.0,2172.0,15432060.0,15432060.0,KOSPI,-1.32
610029,메리츠 인버스 2X 구리 선물 ETN(H),4830.0,1005.0,1005.0,4854150.0,4854150.0,KOSPI,-2.23
0131A0,SOL 차이나소비트렌드,7975.0,18787.0,18787.0,149826325.0,149826325.0,KOSPI,0.57
267440,RISE 미국장기국채선물(H),7950.0,706.0,706.0,5612700.0,5612700.0,KOSPI,-1.67
244660,KODEX 퀄리티Plus,9525.0,20.0,20.0,190500.0,190500.0,KOSPI,4.04
530062,삼성 인버스 2X 은 선물 ETN(H),36.0,642189.0,642189.0,23118804.0,23118804.0,KOSPI,-2.7
391600,ACE 미국친환경그린테마,10395.0,789.0,789.0,8201655.0,8201655.0,KOSPI,-0.81
266550,PLUS 중형주저변동50,18680.0,101.0,101.0,1886680.0,1886680.0,KOSPI,2.55
000145,하이트진로홀딩스우,9500.0,58.0,58.0,551000.0,551000.0,KOSPI,-1.86
252420,RISE 200선물인버스2X,84.0,1869432.0,1869432.0,157032288.0,157032288.0,KOSPI,6.33
373790,KIWOOM 미국방어배당성장나스닥,15920.0,1532.0,1532.0,24389440.0,24389440.0,KOSPI,0.44
205720,ACE 일본TOPIX인버스(합성 H),1466.0,1249.0,1249.0,1831034.0,1831034.0,KOSPI,-0.07
530125,삼성 인버스 2X 일본니케이225선물 ETN(H),4355.0,2254.0,2254.0,9816170.0,9816170.0,KOSPI,0.81
243890,TIGER 200에너지화학레버리지,8185.0,17748.0,17748.0,145267380.0,145267380.0,KOSPI,0.12
488210,KIWOOM K-반도체북미공급망,21270.0,1467.0,1467.0,31203090.0,31203090.0,KOSPI,-1.28
000545,흥국화재우,5480.0,151.0,151.0,827480.0,827480.0,KOSPI,3.2
009415,태영건설우,6470.0,1472.0,1472.0,9523840.0,9523840.0,KOSPI,1.09
226380,ACE Fn성장소비주도주,5935.0,431.0,431.0,2557985.0,2557985.0,KOSPI,1.45
277650,TIGER 코스피중형주,20600.0,28.0,28.0,576800.0,576800.0,KOSPI,1.9
227550,TIGER 200 산업재,12100.0,969.0,969.0,11724900.0,11724900.0,KOSPI,3.29
238670,PLUS 스마트베타Quality채권혼합,13600.0,11696.0,11696.0,159065600.0,159065600.0,KOSPI,0.82
0050E0,PLUS 미국AI에이전트,8050.0,357.0,357.0,2873850.0,2873850.0,KOSPI,0.12
334690,RISE 팔라듐선물(H),6165.0,3067.0,3067.0,18908055.0,18908055.0,KOSPI,0.98
291680,RISE 차이나H선물인버스(H),7795.0,147.0,147.0,1145865.0,1145865.0,KOSPI,1.83
005965,동부건설우,17100.0,354.0,354.0,6053400.0,6053400.0,KOSPI,-1.67
760024,키움 인버스 2X K방산 TOP5 ETN,7700.0,30292.0,30292.0,233248400.0,233248400.0,KOSPI,-2.22
225030,TIGER 미국S&P500선물인버스(H),2260.0,727.0,727.0,1643020.0,1643020.0,KOSPI,0.0
500041,신한 인버스 2X 구리 선물 ETN,757.0,66.0,66.0,49962.0,49962.0,KOSPI,-1.05
014825,동원시스템즈우,14000.0,303.0,303.0,4242000.0,4242000.0,KOSPI,0.79
427120,RISE AI플랫폼,5315.0,12015.0,12015.0,63859725.0,63859725.0,KOSPI,-0.09
0079X0,ACE BYD밸류체인액티브,10160.0,3474.0,3474.0,35295840.0,35295840.0,KOSPI,-1.88
007575,일양약품우,7860.0,651.0,651.0,5116860.0,5116860.0,KOSPI,-0.51
267490,RISE 미국장기국채선물레버리지(합성 H),4960.0,123.0,123.0,610080.0,610080.0,KOSPI,-0.4
570023,한투 인버스2XS&P500선물 ETN(H),676.0,171.0,171.0,115596.0,115596.0,KOSPI,-0.59
014285,금강공업우,5450.0,617.0,617.0,3362650.0,3362650.0,KOSPI,-0.73
005745,크라운해태홀딩스우,5290.0,886.0,886.0,4686940.0,4686940.0,KOSPI,1.54
227560,TIGER 200 생활소비재,13065.0,4411.0,4411.0,57629715.0,57629715.0,KOSPI,2.31
306530,HANARO 코스닥150선물레버리지,7065.0,28797.0,28797.0,203450805.0,203450805.0,KOSPI,3.97
454180,KIWOOM 차이나내수소비TOP CSI,7650.0,418.0,418.0,3197700.0,3197700.0,KOSPI,-1.03
489010,PLUS 글로벌AI인프라,20180.0,98.0,98.0,1977640.0,1977640.0,KOSPI,-0.25
145670,ACE 인버스,1319.0,187731.0,187731.0,247617189.0,247617189.0,KOSPI,3.86
36328K,티와이홀딩스우,2420.0,973.0,973.0,2354660.0,2354660.0,KOSPI,0.0
476000,UNICORN 포스트IPO액티브,5105.0,59740.0,59740.0,304972700.0,304972700.0,KOSPI,-1.92
252410,RISE 200선물인버스,1345.0,14328.0,14328.0,19271160.0,19271160.0,KOSPI,3.86
491630,RISE 미국반도체인버스(합성 H),5575.0,8186.0,8186.0,45636950.0,45636950.0,KOSPI,3.43
014915,성문전자우,4405.0,7143.0,7143.0,31464915.0,31464915.0,KOSPI,1.15
280940,KODEX 골드선물인버스(H),3250.0,12271.0,12271.0,39880750.0,39880750.0,KOSPI,-2.4
291620,KIWOOM 코스닥150선물인버스,4320.0,15778.0,15778.0,68160960.0,68160960.0,KOSPI,-1.82
253230,KIWOOM 200선물인버스2X,80.0,3662146.0,3662146.0,292971680.0,292971680.0,KOSPI,6.67
580033,KB 인버스 2X 구리 선물 ETN(H),4800.0,4434.0,4434.0,21283200.0,21283200.0,KOSPI,-2.64
008355,남선알미우,7690.0,1950.0,1950.0,14995500.0,14995500.0,KOSPI,5.78
001525,동양우,8960.0,35.0,35.0,313600.0,313600.0,KOSPI,-0.11
500051,신한 인버스 2X S&P500 선물 ETN,1175.0,38.0,38.0,44650.0,44650.0,KOSPI,-1.01
275750,RISE 코스닥150선물인버스,2460.0,63745.0,63745.0,156812700.0,156812700.0,KOSPI,-1.99
000227,유유제약2우B,6850.0,2206.0,2206.0,15111100.0,15111100.0,KOSPI,-3.79
280320,ACE 미국IT인터넷(합성 H),21345.0,12.0,12.0,256140.0,256140.0,KOSPI,1.04
334700,RISE 팔라듐선물인버스(H),3250.0,318.0,318.0,1033500.0,1033500.0,KOSPI,0.62
700018,하나 인버스 2X 코스닥150 선물 ETN,1809.0,326880.0,326880.0,591325920.0,591325920.0,KOSPI,-3.93
500030,신한 인버스 2X 은 선물 ETN(H),52.0,48105.0,48105.0,2501460.0,2501460.0,KOSPI,0.0
253240,KIWOOM 200선물인버스,1347.0,43681.0,43681.0,58838307.0,58838307.0,KOSPI,3.22
004545,깨끗한나라우,4400.0,68.0,68.0,299200.0,299200.0,KOSPI,-2.22
570070,한투 인버스2X플래티넘선물 ETN,1530.0,8237.0,8237.0,12602610.0,12602610.0,KOSPI,-3.04
306520,HANARO 200선물인버스,2460.0,9635.0,9635.0,23702100.0,23702100.0,KOSPI,4.24
253160,PLUS 200선물인버스2X,164.0,647840.0,647840.0,106245760.0,106245760.0,KOSPI,7.19
001527,동양2우B,6480.0,204.0,204.0,1321920.0,1321920.0,KOSPI,-0.92
011155,CJ씨푸드1우,6650.0,2532.0,2532.0,16837800.0,16837800.0,KOSPI,-3.48
412560,TIGER BBIG레버리지,1859.0,20389.0,20389.0,37903151.0,37903151.0,KOSPI,6.53
261920,ACE MSCI필리핀(합성),12700.0,46.0,46.0,584200.0,584200.0,KOSPI,0.04
004415,서울식품우,5260.0,1905.0,1905.0,10020300.0,10020300.0,KOSPI,-2.95
500038,신한 인버스 2X 금 선물 ETN,987.0,2456.0,2456.0,2424072.0,2424072.0,KOSPI,-3.99
465620,ACE 미국빅테크TOP7 Plus인버스(합성),6620.0,152.0,152.0,1006240.0,1006240.0,KOSPI,1.07
196170,알테오젠,320500.0,376465.0,684077.0,120657032500.0,219246678500.0,KOSDAQ,0.16
086520,에코프로,87900.0,1284376.0,2102492.0,112896650400.0,184809046800.0,KOSDAQ,7.59
247540,에코프로비엠,117000.0,653003.0,1022844.0,76401351000.0,119672748000.0,KOSDAQ,10.8
277810,레인보우로보틱스,444500.0,45414.0,90312.0,20186523000.0,40143684000.0,KOSDAQ,-2.09
036930,주성엔지니어링,166000.0,627440.0,627440.0,104155040000.0,104155040000.0,KOSDAQ,-1.54
240810,원익IPS,106400.0,456031.0,456031.0,48521698400.0,48521698400.0,KOSDAQ,-1.39
028300,HLB,37850.0,538404.0,870208.0,20378591400.0,32937372800.0,KOSDAQ,-2.07
058470,리노공업,64600.0,360275.0,505754.0,23273765000.0,32671708400.0,KOSDAQ,-1.67
039030,이오테크닉스,388000.0,79372.0,96502.0,30796336000.0,37442776000.0,KOSDAQ,-4.08
214450,파마리서치,416000.0,89675.0,130422.0,37304800000.0,54255552000.0,KOSDAQ,3.87
087010,펩트론,182900.0,109169.0,162564.0,19967010100.0,29732955600.0,KOSDAQ,2.41
298380,에이비엘바이오,75800.0,202899.0,332863.0,15379744200.0,25231015400.0,KOSDAQ,0.8
000250,삼천당제약,170100.0,100295.0,167635.0,17060179500.0,28514713500.0,KOSDAQ,0.83
222800,심텍,105200.0,697252.0,1265719.0,73350910400.0,133153638800.0,KOSDAQ,5.52
141080,리가켐바이오,102900.0,172834.0,289542.0,17784618600.0,29793871800.0,KOSDAQ,2.9
319660,피에스케이,125300.0,317081.0,392654.0,39730249300.0,49199546200.0,KOSDAQ,2.54
108490,로보티즈,247500.0,131297.0,280503.0,32496007500.0,69424492500.0,KOSDAQ,-2.56
403870,HPSP,43950.0,1404485.0,1404485.0,61727115750.0,61727115750.0,KOSDAQ,-2.12
095340,ISC,154200.0,147283.0,174378.0,22711038600.0,26889087600.0,KOSDAQ,-0.06
257720,실리콘투,49450.0,1623357.0,2741217.0,80275003650.0,135553180650.0,KOSDAQ,3.78
145020,휴젤,250500.0,37596.0,49676.0,9417798000.0,12443838000.0,KOSDAQ,2.24
084370,유진테크,135700.0,193540.0,230438.0,26263378000.0,31270436600.0,KOSDAQ,5.6
440110,파두,62000.0,263552.0,263552.0,16340224000.0,16340224000.0,KOSDAQ,0.16
310210,보로노이,167600.0,96175.0,146281.0,16118930000.0,24516695600.0,KOSDAQ,10.19
214370,케어젠,54200.0,89269.0,122228.0,4838379800.0,6624757600.0,KOSDAQ,4.43
131290,티에스이,245500.0,145684.0,206126.0,35765422000.0,50603933000.0,KOSDAQ,10.59
347850,디앤디파마텍,57300.0,986035.0,986035.0,56499805500.0,56499805500.0,KOSDAQ,7.5
095610,테스,133400.0,196942.0,314705.0,26272062800.0,41981647000.0,KOSDAQ,0.38
357780,솔브레인,330000.0,19226.0,23564.0,6344580000.0,7776120000.0,KOSDAQ,1.23
319400,현대무벡스,22900.0,503284.0,503284.0,11525203600.0,11525203600.0,KOSDAQ,0.22
064760,티씨케이,227500.0,63672.0,73993.0,14485380000.0,16833407500.0,KOSDAQ,0.89
080220,제주반도체,72800.0,868826.0,868826.0,63250532800.0,63250532800.0,KOSDAQ,-0.95
178320,서진시스템,38150.0,834605.0,834605.0,31840180750.0,31840180750.0,KOSDAQ,5.24
031980,피에스케이홀딩스,110200.0,81468.0,118929.0,8977773600.0,13105975800.0,KOSDAQ,2.51
237690,에스티팜,110200.0,335571.0,655001.0,36979924200.0,72181110200.0,KOSDAQ,10.53
067310,하나마이크론,34500.0,1101707.0,1101707.0,38008891500.0,38008891500.0,KOSDAQ,-1.43
214150,클래시스,33400.0,353135.0,452888.0,11794709000.0,15126459200.0,KOSDAQ,3.89
226950,올릭스,102200.0,200890.0,331841.0,20530958000.0,33914150200.0,KOSDAQ,4.18
005290,동진쎄미켐,42000.0,351674.0,662178.0,14770308000.0,27811476000.0,KOSDAQ,2.19
058610,에스피지,94000.0,243584.0,589631.0,22896896000.0,55425314000.0,KOSDAQ,-1.57
010170,대한광통신,13150.0,6192250.0,6192250.0,81428087500.0,81428087500.0,KOSDAQ,8.5
032820,우리기술,11800.0,1089982.0,1089982.0,12861787600.0,12861787600.0,KOSDAQ,-0.76
263750,펄어비스,32200.0,377391.0,516300.0,12151990200.0,16624860000.0,KOSDAQ,0.0
140410,메지온,64700.0,70844.0,70844.0,4583606800.0,4583606800.0,KOSDAQ,3.03
068760,셀트리온제약,42800.0,74974.0,108954.0,3208887200.0,4663231200.0,KOSDAQ,3.01
098460,고영,27250.0,615986.0,615986.0,16785618500.0,16785618500.0,KOSDAQ,-3.71
140860,파크시스템스,265000.0,12154.0,14908.0,3220810000.0,3950620000.0,KOSDAQ,2.12
950160,코오롱티슈진,20350.0,2559472.0,2559472.0,52085255200.0,52085255200.0,KOSDAQ,-1.93
089030,테크윙,46650.0,282729.0,282729.0,13189307850.0,13189307850.0,KOSDAQ,-3.62
083650,비에이치아이,55800.0,185441.0,459114.0,10347607800.0,25618561200.0,KOSDAQ,-1.24
096530,씨젠,32150.0,1168959.0,2409814.0,37582031850.0,77475520100.0,KOSDAQ,5.41
0009K0,에임드바이오,25950.0,130352.0,206214.0,3382634400.0,5351253300.0,KOSDAQ,5.92
041510,에스엠,71900.0,47994.0,66766.0,3450768600.0,4800475400.0,KOSDAQ,0.84
060370,LS마린솔루션,30600.0,39956.0,71674.0,1222653600.0,2193224400.0,KOSDAQ,-1.13
475830,오름테라퓨틱,72500.0,290962.0,468813.0,21094745000.0,33988942500.0,KOSDAQ,16.94
089970,브이엠,58500.0,302770.0,473541.0,17712045000.0,27702148500.0,KOSDAQ,0.69
007390,네이처셀,23600.0,222515.0,416445.0,5251354000.0,9828102000.0,KOSDAQ,-0.63
241710,코스메카코리아,140000.0,116430.0,160745.0,16300200000.0,22504300000.0,KOSDAQ,1.97
030530,원익홀딩스,19250.0,197417.0,197417.0,3800277250.0,3800277250.0,KOSDAQ,0.0
039200,오스코텍,38250.0,133762.0,174429.0,5116396500.0,6671909250.0,KOSDAQ,4.22
323280,태성,47700.0,200482.0,437826.0,9562991400.0,20884300200.0,KOSDAQ,-1.55
131970,두산테스나,75100.0,195495.0,301452.0,14681674500.0,22639045200.0,KOSDAQ,-2.34
035900,JYP Ent.,39450.0,173948.0,282872.0,6862248600.0,11159300400.0,KOSDAQ,1.68
082920,비츠로셀,30600.0,270419.0,335859.0,8274821400.0,10277285400.0,KOSDAQ,0.33
078600,대주전자재료,87600.0,120171.0,233253.0,10526979600.0,20432962800.0,KOSDAQ,5.67
290650,엘앤씨바이오,50600.0,88109.0,156321.0,4458315400.0,7909842600.0,KOSDAQ,-0.78
420770,기가비스,104600.0,123942.0,150925.0,12964333200.0,15786755000.0,KOSDAQ,-0.66
043260,성호전자,17940.0,351888.0,351888.0,6312870720.0,6312870720.0,KOSDAQ,-0.99
183300,코미코,25400.0,1000495.0,1444398.0,25412573000.0,36687709200.0,KOSDAQ,-8.3
127120,제이에스링크,34300.0,119173.0,210281.0,4087633900.0,7212638300.0,KOSDAQ,0.88
195940,HK이노엔,44150.0,278568.0,408668.0,12298777200.0,18042692200.0,KOSDAQ,7.68
218410,RFHIC,46200.0,210892.0,339506.0,9743210400.0,15685177200.0,KOSDAQ,-2.01
003380,하림지주,10940.0,450543.0,450543.0,4928940420.0,4928940420.0,KOSDAQ,3.4
347700,스피어,23050.0,256165.0,256165.0,5904603250.0,5904603250.0,KOSDAQ,-1.71
204270,제이앤티씨,18570.0,296076.0,296076.0,5498131320.0,5498131320.0,KOSDAQ,-2.26
437730,삼현,32150.0,91709.0,164359.0,2948444350.0,5284141850.0,KOSDAQ,-3.02
166090,하나머티리얼즈,50900.0,134971.0,199069.0,6870023900.0,10132612100.0,KOSDAQ,-4.68
115180,큐리언트,26350.0,380299.0,510556.0,10020878650.0,13453150600.0,KOSDAQ,6.25
293490,카카오게임즈,8660.0,428900.0,428900.0,3714274000.0,3714274000.0,KOSDAQ,1.76
445680,큐리옥스바이오시스템즈,53700.0,228930.0,481605.0,12293541000.0,25862188500.0,KOSDAQ,24.16
036830,솔브레인홀딩스,44600.0,136450.0,226559.0,6085670000.0,10104531400.0,KOSDAQ,17.52
036540,SFA반도체,5390.0,930887.0,930887.0,5017480930.0,5017480930.0,KOSDAQ,-3.06
491000,리브스메드,35050.0,205955.0,205955.0,7218722750.0,7218722750.0,KOSDAQ,4.78
124500,아이티센글로벌,37900.0,3004858.0,7838215.0,113884118200.0,297068348500.0,KOSDAQ,16.44
476830,알지노믹스,31300.0,515408.0,979953.0,16132270400.0,30672528900.0,KOSDAQ,3.81
101490,에스앤에스텍,40900.0,106528.0,192282.0,4356995200.0,7864333800.0,KOSDAQ,0.62
086450,동국제약,19210.0,517516.0,1123970.0,9941482360.0,21591463700.0,KOSDAQ,8.1
041830,인바디,62900.0,114071.0,164118.0,7175065900.0,10323022200.0,KOSDAQ,5.18
056190,SFA,23500.0,67042.0,85191.0,1575487000.0,2001988500.0,KOSDAQ,-0.84
100790,미래에셋벤처투자,15880.0,3022377.0,3022377.0,47995346760.0,47995346760.0,KOSDAQ,9.52
083450,GST,44650.0,153560.0,243438.0,6856454000.0,10869506700.0,KOSDAQ,3.84
065350,신성델타테크,29350.0,130297.0,227482.0,3824216950.0,6676596700.0,KOSDAQ,5.2
232140,와이씨,9830.0,425449.0,425449.0,4182163670.0,4182163670.0,KOSDAQ,-1.4
119850,지엔씨에너지,49000.0,508115.0,906141.0,24897635000.0,44400909000.0,KOSDAQ,1.55
252990,샘씨엔에스,13330.0,179758.0,179758.0,2396174140.0,2396174140.0,KOSDAQ,3.49
458870,씨어스,21050.0,318567.0,442206.0,6705835350.0,9308436300.0,KOSDAQ,0.72
356860,티엘비,33750.0,681472.0,1134512.0,22999680000.0,38289780000.0,KOSDAQ,8.52
038500,삼표시멘트,7320.0,284460.0,284460.0,2082247200.0,2082247200.0,KOSDAQ,1.81
213420,덕산네오룩스,31700.0,67264.0,90403.0,2132268800.0,2865775100.0,KOSDAQ,-0.47
251970,펌텍코리아,63400.0,103792.0,160842.0,6580412800.0,10197382800.0,KOSDAQ,6.02
281740,레이크머티리얼즈,11920.0,251270.0,251270.0,2995138400.0,2995138400.0,KOSDAQ,3.11
388720,유일로보틱스,66500.0,15612.0,24435.0,1038198000.0,1624927500.0,KOSDAQ,-1.48
090710,휴림로봇,6540.0,524541.0,524541.0,3430498140.0,3430498140.0,KOSDAQ,-1.36
031330,에스에이엠티,7790.0,306608.0,306608.0,2388476320.0,2388476320.0,KOSDAQ,-0.76
099320,쎄트렉아이,71100.0,32632.0,45445.0,2320135200.0,3231139500.0,KOSDAQ,2.45
090360,로보스타,78000.0,49388.0,126608.0,3852264000.0,9875424000.0,KOSDAQ,-0.26
085660,차바이오텍,8110.0,271925.0,417502.0,2205311750.0,3385941220.0,KOSDAQ,-1.34
032190,다우데이타,19580.0,46035.0,55748.0,901365300.0,1091545840.0,KOSDAQ,0.0
950260,인제니아테라퓨틱스(Reg.S),15150.0,8293569.0,8293569.0,125647570350.0,125647570350.0,KOSDAQ,-3.93
417200,LS머트리얼즈,11040.0,263749.0,263749.0,2911788960.0,2911788960.0,KOSDAQ,1.66
033100,제룡전기,46400.0,87456.0,146732.0,4057958400.0,6808364800.0,KOSDAQ,0.32
122870,와이지엔터테인먼트,39400.0,105714.0,131597.0,4165131600.0,5184921800.0,KOSDAQ,0.77
093320,케이아이엔엑스,148700.0,5475.0,8096.0,814132500.0,1203875200.0,KOSDAQ,0.95
041960,코미팜,9800.0,367531.0,367531.0,3601803800.0,3601803800.0,KOSDAQ,5.72
035760,CJ ENM,32700.0,54091.0,70926.0,1768775700.0,2319280200.0,KOSDAQ,2.83
137400,피엔티,29850.0,132958.0,206379.0,3968796300.0,6160413150.0,KOSDAQ,6.99
094170,동운아나텍,33800.0,77792.0,152106.0,2629369600.0,5141182800.0,KOSDAQ,0.15
189300,인텔리안테크,65400.0,40188.0,56253.0,2628295200.0,3678946200.0,KOSDAQ,3.97
328130,루닛,9260.0,295070.0,410765.0,2732348200.0,3803683900.0,KOSDAQ,0.54
074600,원익QnC,26100.0,156349.0,203182.0,4080708900.0,5303050200.0,KOSDAQ,-0.76
466100,클로봇,26800.0,154999.0,402787.0,4153973200.0,10794691600.0,KOSDAQ,-1.29
388210,씨엠티엑스,70000.0,28980.0,46081.0,2028600000.0,3225670000.0,KOSDAQ,0.72
476060,온코닉테라퓨틱스,14520.0,228054.0,587517.0,3311344080.0,8530746840.0,KOSDAQ,0.0
006730,서부T&D,10180.0,163782.0,163782.0,1667300760.0,1667300760.0,KOSDAQ,-0.2
171090,선익시스템,64000.0,16891.0,37675.0,1081024000.0,2411200000.0,KOSDAQ,-1.39
253450,스튜디오드래곤,21450.0,51046.0,63921.0,1094936700.0,1371105450.0,KOSDAQ,1.42
048410,현대바이오,6660.0,668419.0,668419.0,4451670540.0,4451670540.0,KOSDAQ,0.15
014620,성광벤드,24200.0,97379.0,156260.0,2356571800.0,3781492000.0,KOSDAQ,5.45
102710,이엔에프테크놀로지,44500.0,47519.0,61741.0,2114595500.0,2747474500.0,KOSDAQ,-0.67
053800,안랩,56900.0,16759.0,40601.0,953587100.0,2310196900.0,KOSDAQ,0.89
456160,지투지바이오,37950.0,155539.0,238433.0,5902705050.0,9048532350.0,KOSDAQ,1.47
032500,케이엠더블유,14660.0,152703.0,235087.0,2238625980.0,3446375420.0,KOSDAQ,-2.33
060250,NHN KCP,15370.0,1737468.0,1737468.0,26704883160.0,26704883160.0,KOSDAQ,8.39
327260,RF머트리얼즈,34250.0,309275.0,309275.0,10592668750.0,10592668750.0,KOSDAQ,4.1
122640,예스티,28450.0,256731.0,256731.0,7303996950.0,7303996950.0,KOSDAQ,-3.72
222080,SFA넥셀,7870.0,498516.0,498516.0,3923320920.0,3923320920.0,KOSDAQ,5.07
161580,필옵틱스,26100.0,58558.0,93324.0,1528363800.0,2435756400.0,KOSDAQ,-1.14
225570,넥슨게임즈,9290.0,89427.0,127087.0,830776830.0,1180638230.0,KOSDAQ,2.31
079940,가비아,45400.0,11407.0,20294.0,517877800.0,921347600.0,KOSDAQ,1.23
121600,나노신소재,49300.0,61597.0,87436.0,3036732100.0,4310594800.0,KOSDAQ,6.02
174900,앱클론,30150.0,346934.0,346934.0,10460060100.0,10460060100.0,KOSDAQ,9.44
059090,미코,17300.0,103823.0,175492.0,1796137900.0,3036011600.0,KOSDAQ,0.29
052400,코나아이,39400.0,34723.0,66144.0,1368086200.0,2606073600.0,KOSDAQ,0.0
160190,하이젠알앤엠,18320.0,78467.0,78467.0,1437515440.0,1437515440.0,KOSDAQ,0.38
044490,태웅,28000.0,77248.0,385181.0,2162944000.0,10785068000.0,KOSDAQ,-0.53
023160,태광,21400.0,110354.0,148306.0,2361575600.0,3173748400.0,KOSDAQ,6.2
295310,에이치브이엠,44900.0,78461.0,107470.0,3522898900.0,4825403000.0,KOSDAQ,0.34
046890,서울반도체,9450.0,171993.0,245618.0,1625333850.0,2321090100.0,KOSDAQ,1.07
050890,쏠리드,9060.0,294496.0,294496.0,2668133760.0,2668133760.0,KOSDAQ,0.22
397030,에이프릴바이오,19940.0,285215.0,559590.0,5687187100.0,11158224600.0,KOSDAQ,0.5
052020,에스티큐브,8000.0,108992.0,108992.0,871936000.0,871936000.0,KOSDAQ,2.56
019210,와이지-원,14290.0,547525.0,547525.0,7824132250.0,7824132250.0,KOSDAQ,-2.12
112040,위메이드,15560.0,94712.0,134701.0,1473718720.0,2095947560.0,KOSDAQ,1.17
053610,프로텍,58500.0,20961.0,27259.0,1226218500.0,1594651500.0,KOSDAQ,-1.18
358570,지아이이노베이션,8160.0,341406.0,514400.0,2785872960.0,4197504000.0,KOSDAQ,6.95
399720,가온칩스,43900.0,49090.0,98807.0,2155051000.0,4337627300.0,KOSDAQ,-2.44
425420,티에프이,42000.0,239885.0,331550.0,10075170000.0,13925100000.0,KOSDAQ,2.94
037460,삼지전자,31700.0,36040.0,36040.0,1142468000.0,1142468000.0,KOSDAQ,-0.47
211050,인카금융서비스,10490.0,46900.0,55080.0,491981000.0,577789200.0,KOSDAQ,-2.69
099190,아이센스,17960.0,36462.0,54434.0,654857520.0,977634640.0,KOSDAQ,2.63
033500,동성화인텍,17080.0,64801.0,104927.0,1106801080.0,1792153160.0,KOSDAQ,2.28
045100,한양이엔지,28800.0,37444.0,72274.0,1078387200.0,2081491200.0,KOSDAQ,-0.86
009520,포스코엠텍,12090.0,238516.0,460734.0,2883658440.0,5570274060.0,KOSDAQ,6.43
033790,피노,6010.0,819167.0,819167.0,4923193670.0,4923193670.0,KOSDAQ,7.51
025980,아난티,5100.0,5104694.0,5104694.0,26033939400.0,26033939400.0,KOSDAQ,-7.44
383310,에코프로에이치엔,23650.0,152134.0,152134.0,3597969100.0,3597969100.0,KOSDAQ,6.53
041190,우리기술투자,5870.0,11290441.0,11290441.0,66274888670.0,66274888670.0,KOSDAQ,-0.84
086900,메디톡스,67400.0,24648.0,32310.0,1661275200.0,2177694000.0,KOSDAQ,0.0
036810,에프에스티,22600.0,60784.0,93187.0,1373718400.0,2106026200.0,KOSDAQ,-0.22
490470,세미파이브,14220.0,295707.0,295707.0,4204953540.0,4204953540.0,KOSDAQ,0.35
015750,성우하이텍,5980.0,166658.0,256137.0,996614840.0,1531699260.0,KOSDAQ,1.18
477850,마키나락스,26750.0,843960.0,843960.0,22575930000.0,22575930000.0,KOSDAQ,-2.9
460930,현대힘스,13260.0,116078.0,297518.0,1539194280.0,3945088680.0,KOSDAQ,-1.04
365340,성일하이텍,36000.0,49272.0,79220.0,1773792000.0,2851920000.0,KOSDAQ,9.42
376900,로킷헬스케어,26700.0,112750.0,239973.0,3010425000.0,6407279100.0,KOSDAQ,-2.02
034950,한국기업평가,102100.0,791.0,1104.0,80761100.0,112718400.0,KOSDAQ,0.79
126340,비나텍,63400.0,44487.0,69380.0,2820475800.0,4398692000.0,KOSDAQ,2.09
101160,월덱스,27450.0,73208.0,96149.0,2009559600.0,2639290050.0,KOSDAQ,-2.66
082270,젬백스,10230.0,114663.0,164633.0,1173002490.0,1684195590.0,KOSDAQ,1.09
056080,유진로봇,11810.0,156138.0,156138.0,1843989780.0,1843989780.0,KOSDAQ,-1.58
035890,서희건설,2150.0,285049.0,285049.0,612855350.0,612855350.0,KOSDAQ,0.47
278280,천보,36400.0,19633.0,36411.0,714641200.0,1325360400.0,KOSDAQ,7.53
253590,네오셈,10090.0,190774.0,190774.0,1924909660.0,1924909660.0,KOSDAQ,-3.54
033640,네패스,19170.0,186360.0,302004.0,3572521200.0,5789416680.0,KOSDAQ,5.21
368770,파이버프로,13420.0,65373.0,65373.0,877305660.0,877305660.0,KOSDAQ,1.51
067160,SOOP,38250.0,42806.0,54797.0,1637329500.0,2095985250.0,KOSDAQ,1.59
475960,토모큐브,32500.0,65653.0,104485.0,2133722500.0,3395762500.0,KOSDAQ,12.65
018290,브이티,12530.0,167292.0,248770.0,2096168760.0,3117088100.0,KOSDAQ,1.7
214430,아이쓰리시스템,59600.0,15197.0,28289.0,905741200.0,1686024400.0,KOSDAQ,-0.67
376300,디어유,18310.0,32392.0,42278.0,593097520.0,774110180.0,KOSDAQ,0.77
077360,덕산하이메탈,9450.0,391084.0,391084.0,3695743800.0,3695743800.0,KOSDAQ,1.07
064290,인텍플러스,32700.0,261895.0,261895.0,8563966500.0,8563966500.0,KOSDAQ,1.87
439960,코스모로보틱스,13050.0,589895.0,589895.0,7698129750.0,7698129750.0,KOSDAQ,-2.83
024850,HLB이노베이션,13320.0,53478.0,53478.0,712326960.0,712326960.0,KOSDAQ,-4.1
144960,뉴파워프라즈마,9590.0,758318.0,758318.0,7272269620.0,7272269620.0,KOSDAQ,-1.54
030520,한컴,17230.0,107490.0,125180.0,1852052700.0,2156851400.0,KOSDAQ,0.7
104830,원익머트리얼즈,32750.0,30749.0,38903.0,1007029750.0,1274073250.0,KOSDAQ,-0.46
092190,서울바이오시스,8900.0,266924.0,266924.0,2375623600.0,2375623600.0,KOSDAQ,4.58
336570,원텍,4565.0,421140.0,421140.0,1922504100.0,1922504100.0,KOSDAQ,-1.08
332570,PS일렉트로닉스,8670.0,1725498.0,1725498.0,14960067660.0,14960067660.0,KOSDAQ,-3.34
272290,이녹스첨단소재,20300.0,67018.0,102904.0,1360465400.0,2088951200.0,KOSDAQ,1.86
027360,아주IB투자,3325.0,4460772.0,4460772.0,14832066900.0,14832066900.0,KOSDAQ,1.22
042000,카페24,16660.0,38213.0,47765.0,636628580.0,795764900.0,KOSDAQ,2.02
219130,타이거일렉,63300.0,63315.0,63315.0,4007839500.0,4007839500.0,KOSDAQ,-1.56
348370,엔켐,18190.0,246004.0,504818.0,4474812760.0,9182639420.0,KOSDAQ,2.36
389470,인벤티지랩,29900.0,53239.0,94930.0,1591846100.0,2838407000.0,KOSDAQ,5.1
125490,한라캐스트,10900.0,703113.0,703113.0,7663931700.0,7663931700.0,KOSDAQ,-2.5
064260,다날,5250.0,7933520.0,7933520.0,41650980000.0,41650980000.0,KOSDAQ,2.34
236200,슈프리마,56800.0,10406.0,16496.0,591060800.0,936972800.0,KOSDAQ,1.25
078130,국일제지,3510.0,20199.0,20199.0,70898490.0,70898490.0,KOSDAQ,-0.57
095660,네오위즈,18250.0,35930.0,40582.0,655722500.0,740621500.0,KOSDAQ,2.59
486990,노타,18290.0,70978.0,178709.0,1298187620.0,3268587610.0,KOSDAQ,-1.88
078340,컴투스,31750.0,39149.0,48828.0,1242980750.0,1550289000.0,KOSDAQ,-0.16
089890,코세스,22950.0,107250.0,157702.0,2461387500.0,3619260900.0,KOSDAQ,4.08
468530,프로티나,34350.0,143267.0,215657.0,4921221450.0,7407817950.0,KOSDAQ,-6.4
215200,메가스터디교육,36450.0,22063.0,27130.0,804196350.0,988888500.0,KOSDAQ,2.1
092730,네오팜,23450.0,45427.0,68853.0,1065263150.0,1614602850.0,KOSDAQ,3.99
170920,엘티씨,35100.0,230197.0,230197.0,8079914700.0,8079914700.0,KOSDAQ,-1.82
025900,동화기업,7250.0,216893.0,854316.0,1572474250.0,6193791000.0,KOSDAQ,6.62
114810,한솔아이원스,13000.0,354883.0,464237.0,4613479000.0,6035081000.0,KOSDAQ,6.64
078020,LS증권,6570.0,29216.0,29216.0,191949120.0,191949120.0,KOSDAQ,0.0
013030,하이록코리아,30950.0,28059.0,34401.0,868426050.0,1064710950.0,KOSDAQ,3.34
003800,에이스침대,32800.0,1391.0,1391.0,45624800.0,45624800.0,KOSDAQ,1.71
372320,큐로셀,23800.0,21284.0,40129.0,506559200.0,955070200.0,KOSDAQ,1.71
089010,켐트로닉스,21600.0,52565.0,84391.0,1135404000.0,1822845600.0,KOSDAQ,0.23
241770,메카로,35450.0,11235.0,17615.0,398280750.0,624451750.0,KOSDAQ,-4.96
025320,시노펙스,3910.0,304916.0,653551.0,1192221560.0,2555384410.0,KOSDAQ,-0.64
060280,큐렉소,8600.0,88054.0,88054.0,757264400.0,757264400.0,KOSDAQ,-0.69
101730,위메이드맥스,4225.0,312139.0,1431466.0,1318787275.0,6047943850.0,KOSDAQ,-7.14
204620,글로벌텍스프리,5020.0,419739.0,419739.0,2107089780.0,2107089780.0,KOSDAQ,4.8
348210,넥스틴,33300.0,30526.0,41218.0,1016515800.0,1372559400.0,KOSDAQ,0.76
036620,감성코퍼레이션,3845.0,121206.0,169916.0,466037070.0,653327020.0,KOSDAQ,0.79
078160,메디포스트,8800.0,50004.0,79055.0,440035200.0,695684000.0,KOSDAQ,1.97
067630,HLB생명과학,2815.0,168282.0,168282.0,473713830.0,473713830.0,KOSDAQ,-4.25
033160,엠케이전자,14100.0,610919.0,610919.0,8613957900.0,8613957900.0,KOSDAQ,2.55
080580,오킨스전자,16170.0,158262.0,158262.0,2559096540.0,2559096540.0,KOSDAQ,-3.17
069080,웹젠,10820.0,66610.0,77233.0,720720200.0,835661060.0,KOSDAQ,-1.01
900290,GRT,4005.0,710258.0,710258.0,2844583290.0,2844583290.0,KOSDAQ,16.42
036800,나이스정보통신,7350.0,331520.0,549900.0,2436672000.0,4041765000.0,KOSDAQ,7.14
206650,유바이오로직스,9020.0,171327.0,171327.0,1545369540.0,1545369540.0,KOSDAQ,4.16
200710,에이디테크놀로지,24500.0,91389.0,164426.0,2239030500.0,4028437000.0,KOSDAQ,-2.2
199800,툴젠,36500.0,14009.0,20241.0,511328500.0,738796500.0,KOSDAQ,-1.35
107640,한중엔시에스,36200.0,136622.0,242863.0,4945716400.0,8791640600.0,KOSDAQ,11.21
356680,엑스게이트,11440.0,443821.0,443821.0,5077312240.0,5077312240.0,KOSDAQ,0.09
006910,보성파워텍,6640.0,463365.0,463365.0,3076743600.0,3076743600.0,KOSDAQ,0.61
121440,골프존홀딩스,7540.0,21172.0,21172.0,159636880.0,159636880.0,KOSDAQ,-2.46
098120,마이크로컨텍솔,38850.0,236205.0,236205.0,9176564250.0,9176564250.0,KOSDAQ,-2.39
290550,디케이티,16120.0,1413455.0,1413455.0,22784894600.0,22784894600.0,KOSDAQ,1.7
078350,한양디지텍,21000.0,94602.0,124397.0,1986642000.0,2612337000.0,KOSDAQ,-1.41
069540,빛과전자,2805.0,5358445.0,5358445.0,15030438225.0,15030438225.0,KOSDAQ,9.57
215600,신라젠,2280.0,757718.0,757718.0,1727597040.0,1727597040.0,KOSDAQ,2.93
101930,인화정공,6810.0,8146.0,21320.0,55474260.0,145189200.0,KOSDAQ,1.95
455900,엔젤로보틱스,20100.0,27167.0,71070.0,546056700.0,1428507000.0,KOSDAQ,-1.23
448900,한국피아이엠,50600.0,73515.0,73515.0,3719859000.0,3719859000.0,KOSDAQ,-3.98
393890,더블유씨피,9010.0,180911.0,180911.0,1630008110.0,1630008110.0,KOSDAQ,4.77
092460,한라IMS,17770.0,16380.0,23547.0,291072600.0,418430190.0,KOSDAQ,3.43
228760,지노믹트리,12230.0,42008.0,60498.0,513757840.0,739890540.0,KOSDAQ,1.24
330860,네패스아크,24950.0,141794.0,141794.0,3537760300.0,3537760300.0,KOSDAQ,-0.2
093520,매커스,25150.0,24784.0,39380.0,623317600.0,990407000.0,KOSDAQ,-2.14
039440,에스티아이,19300.0,60470.0,128894.0,1167071000.0,2487654200.0,KOSDAQ,-3.02
348340,뉴로메카,19140.0,242112.0,242112.0,4634023680.0,4634023680.0,KOSDAQ,-2.0
352480,씨앤씨인터내셔널,21900.0,18236.0,25782.0,399368400.0,564625800.0,KOSDAQ,2.34
079370,제우스,9620.0,153110.0,153110.0,1472918200.0,1472918200.0,KOSDAQ,-2.04
243070,휴온스,24850.0,23067.0,53005.0,573214950.0,1317174250.0,KOSDAQ,-0.2
025770,한국정보통신,7900.0,24578.0,24578.0,194166200.0,194166200.0,KOSDAQ,2.07
110990,디아이티,15650.0,57414.0,89151.0,898529100.0,1395213150.0,KOSDAQ,0.64
054950,제이브이엠,24300.0,30479.0,50677.0,740639700.0,1231451100.0,KOSDAQ,3.4
138080,오이솔루션,23600.0,168377.0,168377.0,3973697200.0,3973697200.0,KOSDAQ,0.85
117730,티로보틱스,12920.0,28874.0,71054.0,373052080.0,918017680.0,KOSDAQ,0.23
234340,헥토파이낸셜,20750.0,1214354.0,1214354.0,25197845500.0,25197845500.0,KOSDAQ,5.22
084110,휴온스글로벌,22800.0,24469.0,33629.0,557893200.0,766741200.0,KOSDAQ,0.66
287840,인투셀,19200.0,72359.0,112245.0,1389292800.0,2155104000.0,KOSDAQ,-1.29
043150,바텍,19400.0,37952.0,59493.0,736268800.0,1154164200.0,KOSDAQ,2.0
377450,리파인,16620.0,280693.0,280693.0,4665117660.0,4665117660.0,KOSDAQ,2.59
482630,삼양엔씨켐,13150.0,72215.0,72215.0,949627250.0,949627250.0,KOSDAQ,0.84
035810,이지홀딩스,4455.0,99929.0,99929.0,445183695.0,445183695.0,KOSDAQ,1.6
051500,CJ프레시웨이,24150.0,8439.0,10184.0,203801850.0,245943600.0,KOSDAQ,3.43
265520,AP시스템,18870.0,44957.0,59337.0,848338590.0,1119689190.0,KOSDAQ,-0.05
472850,폰드그룹,4905.0,31023.0,98197.0,152167815.0,481656285.0,KOSDAQ,4.25
441270,파인엠텍,6710.0,183719.0,363540.0,1232754490.0,2439353400.0,KOSDAQ,-2.47
439090,마녀공장,17170.0,144870.0,355822.0,2487417900.0,6109463740.0,KOSDAQ,-2.55
200670,휴메딕스,25050.0,14571.0,28473.0,365003550.0,713248650.0,KOSDAQ,-0.2
136480,하림,2645.0,226400.0,226400.0,598828000.0,598828000.0,KOSDAQ,0.95
376270,HEM파마,38900.0,21795.0,32395.0,847825500.0,1260165500.0,KOSDAQ,-2.99
091700,파트론,5530.0,53585.0,53585.0,296325050.0,296325050.0,KOSDAQ,0.91
017890,한국알콜,13360.0,23888.0,23888.0,319143680.0,319143680.0,KOSDAQ,2.38
035600,KG이니시스,10000.0,42857.0,60651.0,428570000.0,606510000.0,KOSDAQ,0.0
160980,싸이맥스,25200.0,64059.0,64059.0,1614286800.0,1614286800.0,KOSDAQ,-1.18
389650,넥스트바이오메디컬,33250.0,23571.0,37246.0,783735750.0,1238429500.0,KOSDAQ,2.94
200130,콜마비앤에이치,9320.0,119801.0,271136.0,1116545320.0,2526987520.0,KOSDAQ,0.98
424870,이뮨온시아,2985.0,128195.0,426759.0,382662075.0,1273875615.0,KOSDAQ,1.36
168360,펨트론,12160.0,33405.0,54322.0,406204800.0,660555520.0,KOSDAQ,0.0
036200,유니셈,8840.0,167825.0,308471.0,1483573000.0,2726883640.0,KOSDAQ,-2.0
099440,스맥,3970.0,209736.0,209736.0,832651920.0,832651920.0,KOSDAQ,2.58
036890,진성티이씨,12240.0,34418.0,70191.0,421276320.0,859137840.0,KOSDAQ,2.86
448280,에코아이,9090.0,8483.0,14941.0,77110470.0,135813690.0,KOSDAQ,1.11
049070,인탑스,17100.0,25139.0,47755.0,429876900.0,816610500.0,KOSDAQ,-0.29
488900,비츠로넥스텍,9290.0,42074.0,110557.0,390867460.0,1027074530.0,KOSDAQ,-0.21
294570,쿠콘,26550.0,492488.0,1843246.0,13075556400.0,48938181300.0,KOSDAQ,-1.12
098070,한텍,24000.0,29033.0,57930.0,696792000.0,1390320000.0,KOSDAQ,1.48
159010,아스플로,19990.0,217384.0,217384.0,4345506160.0,4345506160.0,KOSDAQ,-7.67
092870,엑시콘,20400.0,145481.0,145481.0,2967812400.0,2967812400.0,KOSDAQ,-4.23
061970,LB세미콘,4580.0,1619311.0,1619311.0,7416444380.0,7416444380.0,KOSDAQ,-5.76
417840,저스템,11540.0,377584.0,377584.0,4357319360.0,4357319360.0,KOSDAQ,-2.62
267980,매일유업,34350.0,3002.0,6513.0,103118700.0,223721550.0,KOSDAQ,1.03
042520,한스바이오메드,18450.0,200849.0,249218.0,3705664050.0,4598072100.0,KOSDAQ,8.47
151860,KG에코솔루션,5450.0,39677.0,39677.0,216239650.0,216239650.0,KOSDAQ,1.3
180400,DXVX,2630.0,66967.0,66967.0,176123210.0,176123210.0,KOSDAQ,6.05
481070,에이유브랜즈,17760.0,25625.0,33504.0,455100000.0,595031040.0,KOSDAQ,5.78
340570,티앤엘,31200.0,63533.0,121024.0,1982229600.0,3775948800.0,KOSDAQ,5.05
108860,셀바스AI,9400.0,426790.0,2308311.0,4011826000.0,21698123400.0,KOSDAQ,0.11
091580,상신이디피,18840.0,329335.0,329335.0,6204671400.0,6204671400.0,KOSDAQ,10.5
023410,유진기업,3245.0,102938.0,102938.0,334033810.0,334033810.0,KOSDAQ,0.15
200470,에이팩트,5900.0,486848.0,486848.0,2872403200.0,2872403200.0,KOSDAQ,-4.68
484590,삼양컴텍,6060.0,82166.0,82166.0,497925960.0,497925960.0,KOSDAQ,1.68
047920,HLB제약,7580.0,81723.0,161013.0,619460340.0,1220478540.0,KOSDAQ,-3.44
018000,유니슨,954.0,1025335.0,1025335.0,978169590.0,978169590.0,KOSDAQ,-0.62
461300,아이스크림미디어,18470.0,30032.0,30032.0,554691040.0,554691040.0,KOSDAQ,0.93
389500,에스비비테크,36550.0,56839.0,56839.0,2077465450.0,2077465450.0,KOSDAQ,2.96
365270,큐라클,10950.0,82626.0,82626.0,904754700.0,904754700.0,KOSDAQ,1.01
060720,KH바텍,10050.0,68584.0,68584.0,689269200.0,689269200.0,KOSDAQ,0.4
304360,에스바이오메딕스,19210.0,23663.0,38615.0,454566230.0,741794150.0,KOSDAQ,3.28
100120,뷰웍스,26500.0,13308.0,13308.0,352662000.0,352662000.0,KOSDAQ,-0.75
394280,오픈엣지테크놀로지,8990.0,41419.0,65464.0,372356810.0,588521360.0,KOSDAQ,0.33
456010,아이씨티케이,16220.0,240219.0,240219.0,3896352180.0,3896352180.0,KOSDAQ,-0.92
094480,갤럭시아머니트리,5960.0,2733351.0,2733351.0,16290771960.0,16290771960.0,KOSDAQ,-3.25
053030,바이넥스,7120.0,110534.0,259152.0,787002080.0,1845162240.0,KOSDAQ,6.75
064820,케이프,7540.0,41925.0,71137.0,316114500.0,536372980.0,KOSDAQ,1.48
043370,피에이치에이,11070.0,15077.0,20895.0,166902390.0,231307650.0,KOSDAQ,3.07
237880,클리오,12810.0,107867.0,199308.0,1381776270.0,2553135480.0,KOSDAQ,1.26
064550,바이오니아,8960.0,579228.0,2139257.0,5189882880.0,19167742720.0,KOSDAQ,-0.78
068930,디지털대성,8330.0,43246.0,43246.0,360239180.0,360239180.0,KOSDAQ,1.96
089980,상아프론테크,14370.0,10969.0,19325.0,157624530.0,277700250.0,KOSDAQ,3.16
071200,인피니트헬스케어,9400.0,40615.0,40615.0,381781000.0,381781000.0,KOSDAQ,0.86
036030,케이티알파,4670.0,13101.0,13101.0,61181670.0,61181670.0,KOSDAQ,-0.64
085910,네오티스,16590.0,57268.0,57268.0,950076120.0,950076120.0,KOSDAQ,0.42
389260,대명에너지,12750.0,79102.0,79102.0,1008550500.0,1008550500.0,KOSDAQ,0.55
123330,제닉,28550.0,126202.0,126202.0,3603067100.0,3603067100.0,KOSDAQ,2.51
073490,LIG아큐버,29800.0,38450.0,38450.0,1145810000.0,1145810000.0,KOSDAQ,-1.32
206640,바디텍메드,10310.0,22144.0,56396.0,228304640.0,581442760.0,KOSDAQ,2.59
061090,세나테크놀로지,41300.0,13546.0,24266.0,559449800.0,1002185800.0,KOSDAQ,-0.24
950170,JTC,4340.0,14766.0,14766.0,64084440.0,64084440.0,KOSDAQ,1.4
065710,서호전기,43600.0,3364.0,3364.0,146670400.0,146670400.0,KOSDAQ,-0.57
024840,KBI메탈,5200.0,1185489.0,1185489.0,6164542800.0,6164542800.0,KOSDAQ,-1.7
445090,에이직랜드,20500.0,26111.0,45219.0,535275500.0,926989500.0,KOSDAQ,0.49
378340,필에너지,10330.0,23755.0,49158.0,245389150.0,507802140.0,KOSDAQ,4.55
493280,아이엠바이오로직스,15030.0,68491.0,68491.0,1029419730.0,1029419730.0,KOSDAQ,-0.86
307180,아이엘,6040.0,512473.0,512473.0,3095336920.0,3095336920.0,KOSDAQ,0.67
114190,강원에너지,8530.0,104215.0,481983.0,888953950.0,4111314990.0,KOSDAQ,4.02
241520,DSC인베스트먼트,8350.0,550214.0,550214.0,4594286900.0,4594286900.0,KOSDAQ,6.51
298830,슈어소프트테크,4150.0,104545.0,104545.0,433861750.0,433861750.0,KOSDAQ,0.24
314130,지놈앤컴퍼니,4240.0,208795.0,208795.0,885290800.0,885290800.0,KOSDAQ,0.83
304100,솔트룩스,17600.0,964210.0,3511221.0,16970096000.0,61797489600.0,KOSDAQ,14.51
314930,바이오다인,7440.0,13871.0,30827.0,103200240.0,229352880.0,KOSDAQ,1.5
005710,대원산업,10950.0,3217.0,4815.0,35226150.0,52724250.0,KOSDAQ,0.46
254490,미래반도체,15180.0,53950.0,53950.0,818961000.0,818961000.0,KOSDAQ,-0.85
094360,칩스앤미디어,10250.0,26300.0,45155.0,269575000.0,462838750.0,KOSDAQ,0.49
011560,세보엠이씨,21700.0,16652.0,16652.0,361348400.0,361348400.0,KOSDAQ,0.46
0011T0,채비,4655.0,85472.0,85472.0,397872160.0,397872160.0,KOSDAQ,-0.53
144510,지씨셀,13830.0,52226.0,64523.0,722285580.0,892353090.0,KOSDAQ,0.8
215000,골프존,34800.0,23003.0,28457.0,800504400.0,990303600.0,KOSDAQ,1.02
0001A0,덕양에너젠,8480.0,27716.0,27716.0,235031680.0,235031680.0,KOSDAQ,0.95
217730,강스템바이오텍,2295.0,275619.0,275619.0,632545605.0,632545605.0,KOSDAQ,-1.5
452430,사피엔반도체,26100.0,28927.0,47508.0,754994700.0,1239958800.0,KOSDAQ,4.61
095500,미래나노텍,6890.0,85355.0,198532.0,588095950.0,1367885480.0,KOSDAQ,1.92
0008Z0,에스엔시스,22600.0,9494.0,19128.0,214564400.0,432292800.0,KOSDAQ,2.49
475400,씨메스로보틱스,18050.0,23999.0,45561.0,433181950.0,822376050.0,KOSDAQ,-1.58
318060,그래피,19030.0,79231.0,79231.0,1507765930.0,1507765930.0,KOSDAQ,0.32
019010,베뉴지,4390.0,1212274.0,1212274.0,5321882860.0,5321882860.0,KOSDAQ,-15.25
014940,오리엔탈정공,4640.0,86409.0,86409.0,400937760.0,400937760.0,KOSDAQ,1.09
484810,티엑스알로보틱스,13660.0,100588.0,284527.0,1374032080.0,3886638820.0,KOSDAQ,-2.5
042370,비츠로테크,8040.0,105037.0,105037.0,844497480.0,844497480.0,KOSDAQ,-0.12
036710,심텍홀딩스,3980.0,137763.0,137763.0,548296740.0,548296740.0,KOSDAQ,5.29
099430,바이오플러스,3405.0,134080.0,134080.0,456542400.0,456542400.0,KOSDAQ,0.89
317330,덕산테코피아,10240.0,44029.0,63495.0,450856960.0,650188800.0,KOSDAQ,1.79
353810,이지바이오,6310.0,67860.0,67860.0,428196600.0,428196600.0,KOSDAQ,2.44
419530,SAMG엔터,20400.0,36483.0,84436.0,744253200.0,1722494400.0,KOSDAQ,-0.73
045390,대아티아이,2940.0,1727295.0,1727295.0,5078247300.0,5078247300.0,KOSDAQ,-9.26
290690,아리바이오홀딩스,3905.0,296199.0,296199.0,1156657095.0,1156657095.0,KOSDAQ,-2.25
446540,메가터치,7100.0,259998.0,259998.0,1845985800.0,1845985800.0,KOSDAQ,4.11
052330,코텍,11620.0,13560.0,13560.0,157567200.0,157567200.0,KOSDAQ,1.04
086390,유니테스트,9740.0,128115.0,213129.0,1247840100.0,2075876460.0,KOSDAQ,-1.12
203650,드림시큐리티,2020.0,578414.0,578414.0,1168396280.0,1168396280.0,KOSDAQ,-0.49
036190,금화피에스시,34200.0,5317.0,5317.0,181841400.0,181841400.0,KOSDAQ,1.94
484120,도우인시스,18690.0,23649.0,55964.0,441999810.0,1045967160.0,KOSDAQ,-3.71
416180,신성에스티,22650.0,18984.0,39488.0,429987600.0,894403200.0,KOSDAQ,3.42
194700,노바렉스,11130.0,112048.0,203416.0,1247094240.0,2264020080.0,KOSDAQ,3.25
450950,아스테라시스,5390.0,6610.0,15882.0,35627900.0,85603980.0,KOSDAQ,0.75
462860,더즌,2825.0,16610932.0,16610932.0,46925882900.0,46925882900.0,KOSDAQ,11.44
112290,와이씨켐,9950.0,71775.0,71775.0,714161250.0,714161250.0,KOSDAQ,0.2
452280,한선엔지니어링,10430.0,271097.0,271097.0,2827541710.0,2827541710.0,KOSDAQ,5.25
065680,우주일렉트로,21650.0,9593.0,17089.0,207688450.0,369976850.0,KOSDAQ,-3.56
102940,코오롱생명과학,15230.0,140534.0,231092.0,2140332820.0,3519531160.0,KOSDAQ,0.86
067080,대화제약,10700.0,107606.0,558601.0,1151384200.0,5977030700.0,KOSDAQ,5.11
402030,코난테크놀로지,15870.0,360707.0,1002753.0,5724420090.0,15913690110.0,KOSDAQ,18.43
018310,삼목에스폼,13490.0,2927.0,3862.0,39485230.0,52098380.0,KOSDAQ,-0.15
272110,케이엔제이,24700.0,39359.0,39359.0,972167300.0,972167300.0,KOSDAQ,1.02
036560,KZ정밀,12570.0,22974.0,22974.0,288783180.0,288783180.0,KOSDAQ,4.32
013120,동원개발,2165.0,69995.0,69995.0,151539175.0,151539175.0,KOSDAQ,1.17
462350,이노스페이스,5790.0,270942.0,270942.0,1568754180.0,1568754180.0,KOSDAQ,-2.2
243840,신흥에스이씨,5060.0,177617.0,177617.0,898742020.0,898742020.0,KOSDAQ,4.44
216080,제테마,5200.0,313769.0,313769.0,1631598800.0,1631598800.0,KOSDAQ,3.38
125020,티씨머티리얼즈,5530.0,1652699.0,1652699.0,9139425470.0,9139425470.0,KOSDAQ,9.07
354320,알멕,30300.0,22526.0,22526.0,682537800.0,682537800.0,KOSDAQ,-0.16
053300,한국정보인증,4765.0,102283.0,102283.0,487378495.0,487378495.0,KOSDAQ,1.49
459510,나우로보틱스,14830.0,19938.0,58443.0,295680540.0,866709690.0,KOSDAQ,0.0
084850,아이티엠반도체,8470.0,21526.0,30306.0,182325220.0,256691820.0,KOSDAQ,0.83
039830,오로라,17830.0,72558.0,72558.0,1293709140.0,1293709140.0,KOSDAQ,-1.76
425040,티이엠씨,8750.0,86081.0,86081.0,753208750.0,753208750.0,KOSDAQ,0.34
042420,네오위즈홀딩스,23550.0,6010.0,6010.0,141535500.0,141535500.0,KOSDAQ,0.21
034810,해성산업,6070.0,21765.0,21765.0,132113550.0,132113550.0,KOSDAQ,3.58
058970,엠로,15480.0,25105.0,34550.0,388625400.0,534834000.0,KOSDAQ,-0.71
119830,아이텍,7200.0,284697.0,284697.0,2049818400.0,2049818400.0,KOSDAQ,5.88
066620,국보디자인,25350.0,3006.0,3006.0,76202100.0,76202100.0,KOSDAQ,4.11
064850,에프앤가이드,16650.0,24726.0,24726.0,411687900.0,411687900.0,KOSDAQ,1.52
138610,나이벡,16690.0,138241.0,327173.0,2307242290.0,5460517370.0,KOSDAQ,0.0
187660,페니트리움바이오,3415.0,446064.0,446064.0,1523308560.0,1523308560.0,KOSDAQ,1.94
214180,헥토이노베이션,14470.0,87670.0,87670.0,1268584900.0,1268584900.0,KOSDAQ,2.62
046970,우리로,4280.0,202704.0,202704.0,867573120.0,867573120.0,KOSDAQ,1.9
143240,사람인,17440.0,9851.0,9851.0,171801440.0,171801440.0,KOSDAQ,3.01
190510,나무가,13150.0,27907.0,49070.0,366977050.0,645270500.0,KOSDAQ,3.38
086820,바이오솔루션,7120.0,86231.0,86231.0,613964720.0,613964720.0,KOSDAQ,5.79
192440,슈피겐코리아,29650.0,11590.0,11590.0,343643500.0,343643500.0,KOSDAQ,6.27
204610,티쓰리,3285.0,110873.0,110873.0,364217805.0,364217805.0,KOSDAQ,0.15
220100,퓨쳐켐,8130.0,27852.0,53492.0,226436760.0,434889960.0,KOSDAQ,0.37
049430,코메론,20100.0,3247.0,3247.0,65264700.0,65264700.0,KOSDAQ,0.95
194480,데브시스터즈,14960.0,64771.0,88459.0,968974160.0,1323346640.0,KOSDAQ,-3.05
0082N0,카나프테라퓨틱스,13600.0,52836.0,52836.0,718569600.0,718569600.0,KOSDAQ,4.06
357550,석경에이티,33100.0,3253.0,3732.0,107674300.0,123529200.0,KOSDAQ,0.0
126600,BGF에코머티리얼즈,2835.0,16914.0,16914.0,47951190.0,47951190.0,KOSDAQ,1.43
176750,듀켐바이오,6240.0,18731.0,44728.0,116881440.0,279102720.0,KOSDAQ,-1.11
115450,HLB테라퓨틱스,2000.0,175197.0,175197.0,350394000.0,350394000.0,KOSDAQ,-4.99
082800,비보존 제약,2900.0,765975.0,765975.0,2221327500.0,2221327500.0,KOSDAQ,-8.52
078150,HB테크놀러지,1852.0,504747.0,504747.0,934791444.0,934791444.0,KOSDAQ,-1.59
264850,이랜시스,5780.0,332483.0,332483.0,1921751740.0,1921751740.0,KOSDAQ,-1.37
293780,압타바이오,6180.0,57792.0,57792.0,357154560.0,357154560.0,KOSDAQ,-9.12
230240,에치에프알,13030.0,110047.0,110047.0,1433912410.0,1433912410.0,KOSDAQ,-1.29
270660,에브리봇,13660.0,60599.0,170961.0,827782340.0,2335327260.0,KOSDAQ,2.25
054210,이랜텍,6850.0,148265.0,148265.0,1015615250.0,1015615250.0,KOSDAQ,0.44
394800,쓰리빌리언,5440.0,67644.0,165443.0,367983360.0,900009920.0,KOSDAQ,0.37
143160,아이디스,16090.0,4673.0,4673.0,75188570.0,75188570.0,KOSDAQ,-0.43
126700,하이비젼시스템,11500.0,140605.0,140605.0,1616957500.0,1616957500.0,KOSDAQ,9.52
068790,DMS,7610.0,86540.0,86540.0,658569400.0,658569400.0,KOSDAQ,0.66
222040,코스맥스엔비티,8310.0,203126.0,203126.0,1687977060.0,1687977060.0,KOSDAQ,3.1
080160,모두투어,8990.0,24540.0,24540.0,220614600.0,220614600.0,KOSDAQ,2.98
092130,이크레더블,14100.0,2712.0,2712.0,38239200.0,38239200.0,KOSDAQ,0.0
464080,에스오에스랩,9460.0,107610.0,107610.0,1017990600.0,1017990600.0,KOSDAQ,-1.66
012860,모베이스전자,2300.0,382592.0,382592.0,879961600.0,879961600.0,KOSDAQ,2.22
308430,셀비온,13000.0,9491.0,21079.0,123383000.0,274027000.0,KOSDAQ,1.64
179290,엠아이텍,5180.0,34013.0,34013.0,176187340.0,176187340.0,KOSDAQ,2.17
012210,삼미금속,7270.0,116215.0,116215.0,844883050.0,844883050.0,KOSDAQ,-3.2
256840,한국비엔씨,2440.0,258106.0,258106.0,629778640.0,629778640.0,KOSDAQ,2.09
083930,아바코,11370.0,40234.0,40234.0,457460580.0,457460580.0,KOSDAQ,1.43
108380,대양전기공업,17420.0,36384.0,48599.0,633809280.0,846594580.0,KOSDAQ,2.65
038390,레드캡투어,9960.0,6681.0,6681.0,66542760.0,66542760.0,KOSDAQ,0.91
094820,일진파워,11020.0,54299.0,54299.0,598374980.0,598374980.0,KOSDAQ,-0.18
417030,니어스랩,28650.0,7871107.0,7871107.0,225507215550.0,225507215550.0,KOSDAQ,-30.46
041920,메디아나,8900.0,31599.0,31599.0,281231100.0,281231100.0,KOSDAQ,2.06
403850,더핑크퐁컴퍼니,11470.0,40582.0,53452.0,465475540.0,613094440.0,KOSDAQ,2.23
052710,아모텍,11260.0,262314.0,262314.0,2953655640.0,2953655640.0,KOSDAQ,0.36
382800,지앤비에스 에코,5150.0,433523.0,433523.0,2232643450.0,2232643450.0,KOSDAQ,-0.39
0015G0,그린광학,13970.0,33439.0,33439.0,467142830.0,467142830.0,KOSDAQ,-0.92
083310,엘오티베큠,9140.0,66642.0,66642.0,609107880.0,609107880.0,KOSDAQ,-4.39
372170,윤성에프앤씨,20400.0,13519.0,28265.0,275787600.0,576606000.0,KOSDAQ,5.97
950140,잉글우드랩,8140.0,14895.0,14895.0,121245300.0,121245300.0,KOSDAQ,1.75
049630,재영솔루텍,6910.0,472948.0,472948.0,3268070680.0,3268070680.0,KOSDAQ,-6.11
388050,지투파워,8610.0,506364.0,506364.0,4359794040.0,4359794040.0,KOSDAQ,-1.6
123860,아나패스,13270.0,10827.0,10827.0,143674290.0,143674290.0,KOSDAQ,-2.14
475040,스트라드비젼,2990.0,459403.0,459403.0,1373614970.0,1373614970.0,KOSDAQ,-4.47
153890,져스텍,13310.0,1383713.0,1383713.0,18417220030.0,18417220030.0,KOSDAQ,0.6
093190,빅솔론,8280.0,8084.0,8084.0,66935520.0,66935520.0,KOSDAQ,2.1
023910,대한약품,26500.0,2472.0,2472.0,65508000.0,65508000.0,KOSDAQ,1.53
032620,GC메디아이,3030.0,23427.0,23427.0,70983810.0,70983810.0,KOSDAQ,1.0
289080,SV인베스트먼트,2625.0,1063143.0,1063143.0,2790750375.0,2790750375.0,KOSDAQ,29.95
119610,인터로조,13820.0,34071.0,34071.0,470861220.0,470861220.0,KOSDAQ,-2.81
199820,제일일렉트릭,7080.0,66579.0,66579.0,471379320.0,471379320.0,KOSDAQ,-1.53
101970,우양에이치씨,10630.0,10356.0,10356.0,110084280.0,110084280.0,KOSDAQ,2.11
072870,메가스터디,13170.0,13223.0,13223.0,174146910.0,174146910.0,KOSDAQ,0.69
489460,바이오비쥬,10640.0,87187.0,87187.0,927669680.0,927669680.0,KOSDAQ,-3.71
011040,경동제약,5100.0,43673.0,43673.0,222732300.0,222732300.0,KOSDAQ,0.99
126730,코칩,17850.0,138094.0,138094.0,2464977900.0,2464977900.0,KOSDAQ,-2.72
260970,에스앤디,54100.0,24119.0,24119.0,1304837900.0,1304837900.0,KOSDAQ,4.04
104480,티케이케미칼,1710.0,156776.0,156776.0,268086960.0,268086960.0,KOSDAQ,1.73
234690,녹십자웰빙,8610.0,39853.0,39853.0,343134330.0,343134330.0,KOSDAQ,2.38
024800,유성티엔에스,4380.0,12111.0,12111.0,53046180.0,53046180.0,KOSDAQ,0.34
123410,코리아에프티,5530.0,88675.0,88675.0,490372750.0,490372750.0,KOSDAQ,2.22
122990,와이솔,5770.0,26749.0,26749.0,154341730.0,154341730.0,KOSDAQ,1.41
054800,아이디스홀딩스,14850.0,3333.0,3333.0,49495050.0,49495050.0,KOSDAQ,0.68
046440,KG파이낸셜,4040.0,85324.0,85324.0,344708960.0,344708960.0,KOSDAQ,0.5
039840,디오,11390.0,36016.0,57059.0,410222240.0,649902010.0,KOSDAQ,-1.98
078070,유비쿼스홀딩스,8950.0,10559.0,10559.0,94503050.0,94503050.0,KOSDAQ,1.59
126640,화신정공,4350.0,1294785.0,1294785.0,5632314750.0,5632314750.0,KOSDAQ,-4.61
007330,푸른저축은행,10070.0,19815.0,19815.0,199537050.0,199537050.0,KOSDAQ,0.7
024060,흥구석유,10110.0,404770.0,404770.0,4092224700.0,4092224700.0,KOSDAQ,-0.49
264450,유비쿼스,10340.0,17416.0,17416.0,180081440.0,180081440.0,KOSDAQ,0.39
042600,새로닉스,12180.0,40573.0,40573.0,494179140.0,494179140.0,KOSDAQ,11.13
065660,안트로젠,14990.0,22870.0,29242.0,342821300.0,438337580.0,KOSDAQ,-0.99
086670,비엠티,15110.0,62071.0,62071.0,937892810.0,937892810.0,KOSDAQ,0.33
114840,아이패밀리에스씨,8980.0,31033.0,51553.0,278676340.0,462945940.0,KOSDAQ,2.63
355150,코스텍시스,19180.0,44286.0,44286.0,849405480.0,849405480.0,KOSDAQ,-0.67
092070,디엔에프,12900.0,14415.0,14415.0,185953500.0,185953500.0,KOSDAQ,4.62
187870,디바이스,10840.0,39120.0,39120.0,424060800.0,424060800.0,KOSDAQ,0.37
138360,앤로보틱스,1695.0,432954.0,432954.0,733857030.0,733857030.0,KOSDAQ,-1.74
089600,KT나스미디어,12880.0,79297.0,79297.0,1021345360.0,1021345360.0,KOSDAQ,4.21
023600,삼보판지,9220.0,21811.0,21811.0,201097420.0,201097420.0,KOSDAQ,-0.11
048870,시너지이노베이션,1660.0,379807.0,379807.0,630479620.0,630479620.0,KOSDAQ,2.6
039860,나노엔텍,3810.0,431477.0,431477.0,1643927370.0,1643927370.0,KOSDAQ,4.67
494120,큐리오시스,9510.0,92258.0,137235.0,877373580.0,1305104850.0,KOSDAQ,-0.42
445180,퓨릿,8420.0,33584.0,33584.0,282777280.0,282777280.0,KOSDAQ,0.24
338840,와이바이오로직스,9390.0,45757.0,63785.0,429658230.0,598941150.0,KOSDAQ,3.41
036170,에이치엠넥스,2350.0,310050.0,310050.0,728617500.0,728617500.0,KOSDAQ,-0.21
041020,폴라리스오피스,2895.0,336575.0,336575.0,974384625.0,974384625.0,KOSDAQ,0.17
474650,링크솔루션,24950.0,45881.0,45881.0,1144730950.0,1144730950.0,KOSDAQ,9.43
095700,제넥신,3150.0,912463.0,912463.0,2874258450.0,2874258450.0,KOSDAQ,-5.26
049960,쎌바이오텍,15230.0,12144.0,12144.0,184953120.0,184953120.0,KOSDAQ,1.8
054450,텔레칩스,9380.0,29491.0,29491.0,276625580.0,276625580.0,KOSDAQ,1.41
310200,애니플러스,2720.0,170026.0,170026.0,462470720.0,462470720.0,KOSDAQ,-1.81
189330,씨이랩,15100.0,426783.0,426783.0,6444423300.0,6444423300.0,KOSDAQ,-9.04
382900,범한퓨얼셀,16160.0,19372.0,50460.0,313051520.0,815433600.0,KOSDAQ,0.12
046120,오르비텍,4180.0,155082.0,155082.0,648242760.0,648242760.0,KOSDAQ,-2.11
079960,동양이엔피,18720.0,25988.0,25988.0,486495360.0,486495360.0,KOSDAQ,-0.16
067280,멀티캠퍼스,23850.0,2367.0,2367.0,56452950.0,56452950.0,KOSDAQ,1.49
093640,케이알엠,4300.0,45828.0,45828.0,197060400.0,197060400.0,KOSDAQ,4.62
389020,자람테크놀로지,20350.0,19753.0,19753.0,401973550.0,401973550.0,KOSDAQ,-1.45
005990,매일홀딩스,10520.0,1158.0,1158.0,12182160.0,12182160.0,KOSDAQ,-1.22
001540,안국약품,10720.0,49050.0,49050.0,525816000.0,525816000.0,KOSDAQ,3.38
405100,큐알티,11340.0,443276.0,443276.0,5026749840.0,5026749840.0,KOSDAQ,14.78
199430,케이엔알시스템,12440.0,45466.0,104326.0,565597040.0,1297815440.0,KOSDAQ,-2.96
013990,아가방컴퍼니,4230.0,19351.0,19351.0,81854730.0,81854730.0,KOSDAQ,2.17
300080,플리토,8420.0,32021.0,80295.0,269616820.0,676083900.0,KOSDAQ,-0.12
040350,크레오에스지,6990.0,202529.0,202529.0,1415677710.0,1415677710.0,KOSDAQ,0.0
418550,제이오,4330.0,74052.0,74052.0,320645160.0,320645160.0,KOSDAQ,3.34
060150,인선이엔티,3035.0,34216.0,34216.0,103845560.0,103845560.0,KOSDAQ,1.17
003100,선광,20900.0,6872.0,6872.0,143624800.0,143624800.0,KOSDAQ,1.46
469610,이노테크,15400.0,61432.0,149138.0,946052800.0,2296725200.0,KOSDAQ,-2.22
293580,나우IB,1450.0,209764.0,209764.0,304157800.0,304157800.0,KOSDAQ,2.11
086890,이수앱지스,3375.0,51547.0,51547.0,173971125.0,173971125.0,KOSDAQ,4.17
134580,탑코미디어,2785.0,3488413.0,3488413.0,9715230205.0,9715230205.0,KOSDAQ,18.26
051160,지어소프트,8860.0,101244.0,101244.0,897021840.0,897021840.0,KOSDAQ,-7.03
069510,에스텍,12520.0,1721.0,1721.0,21546920.0,21546920.0,KOSDAQ,-0.95
051370,인터플렉스,5850.0,62867.0,62867.0,367771950.0,367771950.0,KOSDAQ,1.92
0039P0,매드업,7250.0,646958.0,646958.0,4690445500.0,4690445500.0,KOSDAQ,-6.81
334970,프레스티지바이오로직스,1753.0,458451.0,458451.0,803664603.0,803664603.0,KOSDAQ,1.33
205500,넥써쓰,1673.0,97505.0,97505.0,163125865.0,163125865.0,KOSDAQ,-2.62
118990,모트렉스,5540.0,48316.0,48316.0,267670640.0,267670640.0,KOSDAQ,0.73
038290,마크로젠,12490.0,27043.0,27043.0,337767070.0,337767070.0,KOSDAQ,-0.08
035080,그래디언트,11840.0,21857.0,21857.0,258786880.0,258786880.0,KOSDAQ,-0.34
274090,켄코아에어로스페이스,9820.0,81257.0,81257.0,797943740.0,797943740.0,KOSDAQ,-0.71
101360,에코앤드림,7590.0,23387.0,42397.0,177507330.0,321793230.0,KOSDAQ,3.55
251370,와이엠티,7490.0,42747.0,42747.0,320175030.0,320175030.0,KOSDAQ,0.4
408920,메쎄이상,3120.0,12429.0,12429.0,38778480.0,38778480.0,KOSDAQ,0.0
084990,헬릭스미스,2915.0,331115.0,331115.0,965200225.0,965200225.0,KOSDAQ,-3.48
035610,솔본,4910.0,73202.0,73202.0,359421820.0,359421820.0,KOSDAQ,4.47
005160,동국산업,2475.0,21460.0,21460.0,53113500.0,53113500.0,KOSDAQ,1.02
041520,이엘씨,10910.0,35391.0,35391.0,386115810.0,386115810.0,KOSDAQ,-2.5
049720,고려신용정보,9240.0,30354.0,30354.0,280470960.0,280470960.0,KOSDAQ,1.2
147830,제룡산업,6600.0,93558.0,93558.0,617482800.0,617482800.0,KOSDAQ,0.0
088800,에이스테크,1747.0,88395.0,88395.0,154426065.0,154426065.0,KOSDAQ,-2.57
080420,모다이노칩,1650.0,960.0,960.0,1584000.0,1584000.0,KOSDAQ,0.24
255220,SG,1196.0,564802.0,564802.0,675503192.0,675503192.0,KOSDAQ,-2.69
394420,리센스메디컬,11830.0,149721.0,149721.0,1771199430.0,1771199430.0,KOSDAQ,-5.21
0088M0,메쥬,13120.0,138341.0,138341.0,1815033920.0,1815033920.0,KOSDAQ,8.88
264660,씨앤지하이테크,13250.0,22778.0,22778.0,301808500.0,301808500.0,KOSDAQ,0.53
136540,윈스테크넷,10410.0,6046.0,6046.0,62938860.0,62938860.0,KOSDAQ,0.0
489500,엘케이켐,20000.0,18951.0,18951.0,379020000.0,379020000.0,KOSDAQ,2.35
340450,지씨지놈,5390.0,52970.0,52970.0,285508300.0,285508300.0,KOSDAQ,0.0
192410,오늘이엔엠,5060.0,205350.0,205350.0,1039071000.0,1039071000.0,KOSDAQ,-0.39
094840,슈프리마에이치큐,12950.0,17717.0,17717.0,229435150.0,229435150.0,KOSDAQ,0.0
263860,지니언스,13910.0,11270.0,11270.0,156765700.0,156765700.0,KOSDAQ,-1.28
212560,네오오토,9350.0,116041.0,116041.0,1084983350.0,1084983350.0,KOSDAQ,-2.71
146320,비씨엔씨,9830.0,17093.0,17093.0,168024190.0,168024190.0,KOSDAQ,1.55
322510,제이엘케이,4875.0,89501.0,89501.0,436317375.0,436317375.0,KOSDAQ,4.06
122450,KX,2795.0,45595.0,45595.0,127438025.0,127438025.0,KOSDAQ,-0.18
473980,노머스,11470.0,16184.0,24044.0,185630480.0,275784680.0,KOSDAQ,-0.43
102120,어보브반도체,7000.0,57312.0,57312.0,401184000.0,401184000.0,KOSDAQ,-1.13
285490,노바텍,11740.0,12614.0,12614.0,148088360.0,148088360.0,KOSDAQ,2.8
106190,하이텍팜,11670.0,46652.0,46652.0,544428840.0,544428840.0,KOSDAQ,-0.43
009780,엠에스씨,7050.0,21514.0,21514.0,151673700.0,151673700.0,KOSDAQ,1.29
322310,오로스테크놀로지,13220.0,126650.0,126650.0,1674313000.0,1674313000.0,KOSDAQ,0.61
052260,현대바이오랜드,4125.0,100299.0,100299.0,413733375.0,413733375.0,KOSDAQ,2.48
048550,SM C&C,1278.0,729055.0,729055.0,931732290.0,931732290.0,KOSDAQ,-1.69
115310,인포바인,8330.0,4140.0,4140.0,34486200.0,34486200.0,KOSDAQ,0.0
032580,피델릭스,3720.0,480616.0,480616.0,1787891520.0,1787891520.0,KOSDAQ,-5.1
321550,티움바이오,4100.0,87738.0,87738.0,359725800.0,359725800.0,KOSDAQ,-1.2
140670,알에스오토메이션,9560.0,34194.0,34194.0,326894640.0,326894640.0,KOSDAQ,-1.24
086980,쇼박스,1964.0,93481.0,93481.0,183596684.0,183596684.0,KOSDAQ,-0.15
388790,라이콤,4005.0,173771.0,173771.0,695952855.0,695952855.0,KOSDAQ,1.65
226590,엠디바이스,11400.0,24881.0,24881.0,283643400.0,283643400.0,KOSDAQ,-2.48
232680,라온로보틱스,9210.0,97378.0,97378.0,896851380.0,896851380.0,KOSDAQ,0.22
0007C0,아크릴,15160.0,77974.0,77974.0,1182085840.0,1182085840.0,KOSDAQ,-2.38
228850,레이언스,7290.0,120159.0,120159.0,875959110.0,875959110.0,KOSDAQ,-5.32
142210,유니트론텍,5820.0,240794.0,240794.0,1401421080.0,1401421080.0,KOSDAQ,-4.9
148150,세경하이테크,3395.0,84439.0,84439.0,286670405.0,286670405.0,KOSDAQ,-0.15
432720,퀄리타스반도체,8500.0,53719.0,53719.0,456611500.0,456611500.0,KOSDAQ,-2.07
457550,우진엔텍,12940.0,26325.0,26325.0,340645500.0,340645500.0,KOSDAQ,1.89
240550,동방메디컬,5760.0,18715.0,18715.0,107798400.0,107798400.0,KOSDAQ,1.59
297890,HB솔루션,1638.0,231660.0,231660.0,379459080.0,379459080.0,KOSDAQ,0.0
095190,신화프리텍,1831.0,101004.0,101004.0,184938324.0,184938324.0,KOSDAQ,0.16
413630,씨피시스템,3275.0,361385.0,361385.0,1183535875.0,1183535875.0,KOSDAQ,2.02
027710,팜스토리,1071.0,201896.0,201896.0,216230616.0,216230616.0,KOSDAQ,1.32
220260,켐트로스,3715.0,55327.0,55327.0,205539805.0,205539805.0,KOSDAQ,-1.33
267320,나인테크,2060.0,162769.0,162769.0,335304140.0,335304140.0,KOSDAQ,-0.48
021320,KCC건설,5520.0,6679.0,6679.0,36868080.0,36868080.0,KOSDAQ,0.18
163730,핑거,9830.0,186744.0,186744.0,1835693520.0,1835693520.0,KOSDAQ,2.18
101170,우림피티에스,8700.0,145132.0,145132.0,1262648400.0,1262648400.0,KOSDAQ,10.27
211270,AP위성,7780.0,101505.0,101505.0,789708900.0,789708900.0,KOSDAQ,2.23
047770,코데즈컴바인,3095.0,1360802.0,1360802.0,4211682190.0,4211682190.0,KOSDAQ,-10.81
265740,엔에프씨,6550.0,332490.0,332490.0,2177809500.0,2177809500.0,KOSDAQ,2.34
417500,제이아이테크,3565.0,101808.0,101808.0,362945520.0,362945520.0,KOSDAQ,-0.7
308080,바이젠셀,5690.0,87667.0,87667.0,498825230.0,498825230.0,KOSDAQ,5.37
036630,세종텔레콤,8320.0,46830.0,46830.0,389625600.0,389625600.0,KOSDAQ,3.48
330350,위더스제약,8820.0,399850.0,399850.0,3526677000.0,3526677000.0,KOSDAQ,-0.56
059120,아진엑스텍,6350.0,194149.0,194149.0,1232846150.0,1232846150.0,KOSDAQ,-0.78
149950,아바텍,8500.0,46001.0,46001.0,391008500.0,391008500.0,KOSDAQ,-0.12
307750,국전,2150.0,191271.0,191271.0,411232650.0,411232650.0,KOSDAQ,2.63
246710,티앤알바이오팹,2430.0,126842.0,126842.0,308226060.0,308226060.0,KOSDAQ,-0.82
361390,제노코,11890.0,8943.0,8943.0,106332270.0,106332270.0,KOSDAQ,1.89
053080,케이엔솔,8870.0,39323.0,39323.0,348795010.0,348795010.0,KOSDAQ,-1.55
090850,현대이지웰,5110.0,74060.0,74060.0,378446600.0,378446600.0,KOSDAQ,2.3
451760,컨텍,6950.0,45792.0,45792.0,318254400.0,318254400.0,KOSDAQ,-0.14
458650,성우,7620.0,9039.0,9039.0,68877180.0,68877180.0,KOSDAQ,2.28
396300,세아메카닉스,4320.0,680885.0,680885.0,2941423200.0,2941423200.0,KOSDAQ,0.0
339950,아이비김영,2540.0,52401.0,52401.0,133098540.0,133098540.0,KOSDAQ,4.1
217270,넵튠,2440.0,31268.0,31268.0,76293920.0,76293920.0,KOSDAQ,-1.01
418420,라온텍,3690.0,74004.0,74004.0,273074760.0,273074760.0,KOSDAQ,0.14
256940,킵스파마,5650.0,21121.0,21121.0,119333650.0,119333650.0,KOSDAQ,5.61
333430,일승,3690.0,104786.0,104786.0,386660340.0,386660340.0,KOSDAQ,-0.67
049520,유아이엘,3675.0,44871.0,44871.0,164900925.0,164900925.0,KOSDAQ,0.68
108230,톱텍,2970.0,5104595.0,5104595.0,15160647150.0,15160647150.0,KOSDAQ,6.83
311320,지오엘리먼트,8940.0,112187.0,112187.0,1002951780.0,1002951780.0,KOSDAQ,7.71
452450,피아이이,3130.0,35040.0,35040.0,109675200.0,109675200.0,KOSDAQ,-2.49
950190,고스트스튜디오,8660.0,5220.0,5220.0,45205200.0,45205200.0,KOSDAQ,1.64
067290,JW신약,2005.0,3039161.0,3039161.0,6093517805.0,6093517805.0,KOSDAQ,-2.2
073010,케이에스피,2795.0,69144.0,69144.0,193257480.0,193257480.0,KOSDAQ,0.36
282880,코윈테크,9590.0,15219.0,15219.0,145950210.0,145950210.0,KOSDAQ,2.79
259630,엠플러스,9160.0,80398.0,80398.0,736445680.0,736445680.0,KOSDAQ,3.27
0015N0,아로마티카,8900.0,259993.0,259993.0,2313937700.0,2313937700.0,KOSDAQ,-0.22
478340,나라스페이스테크놀로지,9660.0,36690.0,36690.0,354425400.0,354425400.0,KOSDAQ,0.1
063570,NICE인프라,3270.0,15032.0,15032.0,49154640.0,49154640.0,KOSDAQ,0.0
056090,시지메드텍,1079.0,551635.0,551635.0,595214165.0,595214165.0,KOSDAQ,3.65
008830,대동기어,5780.0,413843.0,413843.0,2392012540.0,2392012540.0,KOSDAQ,0.87
242040,나무에이엑스,3200.0,233527.0,233527.0,747286400.0,747286400.0,KOSDAQ,-1.54
038540,상상인,1999.0,39778.0,39778.0,79516222.0,79516222.0,KOSDAQ,1.83
158430,아톤,4500.0,253699.0,253699.0,1141645500.0,1141645500.0,KOSDAQ,2.51
290720,푸드나무,2885.0,24059.0,24059.0,69410215.0,69410215.0,KOSDAQ,-1.54
067900,와이엔텍,6040.0,32348.0,32348.0,195381920.0,195381920.0,KOSDAQ,2.55
366030,나인앤컴퍼니,4835.0,131921.0,131921.0,637838035.0,637838035.0,KOSDAQ,-13.81
018120,진로발효,16530.0,2209.0,2209.0,36514770.0,36514770.0,KOSDAQ,-0.9
041440,현대에버다임,6130.0,33478.0,33478.0,205220140.0,205220140.0,KOSDAQ,1.32
037350,성도이엔지,7180.0,73719.0,73719.0,529302420.0,529302420.0,KOSDAQ,-1.24
051360,토비스,11310.0,15683.0,18324.0,177374730.0,207244440.0,KOSDAQ,3.01
299030,하나기술,13610.0,27792.0,36207.0,378249120.0,492777270.0,KOSDAQ,4.13
474170,루미르,6100.0,30334.0,30334.0,185037400.0,185037400.0,KOSDAQ,0.0
123040,엠에스오토텍,1734.0,261945.0,261945.0,454212630.0,454212630.0,KOSDAQ,0.52
053700,삼보모터스,4060.0,115730.0,115730.0,469863800.0,469863800.0,KOSDAQ,1.12
105330,케이엔더블유,6770.0,24580.0,24580.0,166406600.0,166406600.0,KOSDAQ,0.0
074430,아미노로직스,1227.0,42729.0,42729.0,52428483.0,52428483.0,KOSDAQ,0.25
017510,세명전기,7080.0,57354.0,57354.0,406066320.0,406066320.0,KOSDAQ,0.85
054920,한컴위드,3825.0,1230939.0,1230939.0,4708341675.0,4708341675.0,KOSDAQ,8.36
054050,NH농우바이오,6720.0,8868.0,8868.0,59592960.0,59592960.0,KOSDAQ,0.0
453450,그리드위즈,13550.0,19868.0,19868.0,269211400.0,269211400.0,KOSDAQ,-1.31
051980,중앙첨단소재,966.0,424654.0,424654.0,410215764.0,410215764.0,KOSDAQ,0.1
120240,대정화금,14900.0,16167.0,16167.0,240888300.0,240888300.0,KOSDAQ,1.22
067990,도이치모터스,3660.0,163140.0,163140.0,597092400.0,597092400.0,KOSDAQ,2.66
166480,코아스템켐온,2020.0,55176.0,55176.0,111455520.0,111455520.0,KOSDAQ,1.25
037070,파세코,5330.0,79787.0,79787.0,425264710.0,425264710.0,KOSDAQ,0.19
039340,한국경제TV,4835.0,9910.0,9910.0,47914850.0,47914850.0,KOSDAQ,-0.1
073560,우리손에프앤지,1534.0,47881.0,47881.0,73449454.0,73449454.0,KOSDAQ,0.52
109740,디에스케이,4130.0,27873.0,27873.0,115115490.0,115115490.0,KOSDAQ,-5.92
402490,그린리소스,6260.0,56589.0,56589.0,354247140.0,354247140.0,KOSDAQ,-1.88
059210,메타바이오메드,3900.0,78551.0,78551.0,306348900.0,306348900.0,KOSDAQ,1.3
047310,파워로직스,2885.0,115229.0,115229.0,332435665.0,332435665.0,KOSDAQ,-1.2
006620,동구바이오제약,3705.0,169514.0,169514.0,628049370.0,628049370.0,KOSDAQ,0.41
488280,에스투더블유,9690.0,35899.0,106469.0,347861310.0,1031684610.0,KOSDAQ,-2.12
021080,에이티넘인베스트,2185.0,261680.0,261680.0,571770800.0,571770800.0,KOSDAQ,-2.46
950220,네오이뮨텍,3050.0,23903844.0,23903844.0,72906724200.0,72906724200.0,KOSDAQ,7.02
141000,비아트론,8600.0,30047.0,30047.0,258404200.0,258404200.0,KOSDAQ,1.18
115500,케이씨에스,8620.0,34289.0,34289.0,295571180.0,295571180.0,KOSDAQ,0.35
336680,탑런토탈솔루션,2635.0,77952.0,77952.0,205403520.0,205403520.0,KOSDAQ,2.13
297090,씨에스베어링,3770.0,88861.0,88861.0,335005970.0,335005970.0,KOSDAQ,0.27
032940,원익,5640.0,43926.0,43926.0,247742640.0,247742640.0,KOSDAQ,-2.25
100700,세운메디칼,2335.0,3725755.0,3725755.0,8699637925.0,8699637925.0,KOSDAQ,0.43
338220,뷰노,7300.0,19188.0,30999.0,140072400.0,226292700.0,KOSDAQ,1.25
066590,스모트로닉,2625.0,83434.0,83434.0,219014250.0,219014250.0,KOSDAQ,0.0
309960,LB인베스트먼트,4365.0,24623.0,24623.0,107479395.0,107479395.0,KOSDAQ,0.92
091440,한울소재과학,2915.0,176412.0,176412.0,514240980.0,514240980.0,KOSDAQ,-5.2
475580,에이럭스,7380.0,248889.0,248889.0,1836800820.0,1836800820.0,KOSDAQ,-8.09
131030,옵투스제약,5690.0,13659.0,13659.0,77719710.0,77719710.0,KOSDAQ,1.61
417010,나노팀,4970.0,63274.0,63274.0,314471780.0,314471780.0,KOSDAQ,0.51
071280,로체시스템즈,6520.0,119918.0,119918.0,781865360.0,781865360.0,KOSDAQ,-1.06
396470,워트,6180.0,319127.0,319127.0,1972204860.0,1972204860.0,KOSDAQ,-4.78
331920,셀레믹스,8900.0,40395.0,40395.0,359515500.0,359515500.0,KOSDAQ,3.49
039560,다산네트웍스,2305.0,55412.0,55412.0,127724660.0,127724660.0,KOSDAQ,0.22
053260,금강철강,5280.0,95110.0,95110.0,502180800.0,502180800.0,KOSDAQ,-1.86
362320,청담글로벌,4735.0,30157.0,30157.0,142793395.0,142793395.0,KOSDAQ,0.21
052860,아이앤씨,5480.0,28840.0,28840.0,158043200.0,158043200.0,KOSDAQ,2.05
475230,엔알비,8950.0,79282.0,79282.0,709573900.0,709573900.0,KOSDAQ,-1.76
474610,RF시스템즈,6740.0,40366.0,40366.0,272066840.0,272066840.0,KOSDAQ,0.0
086710,선진뷰티사이언스,7960.0,14140.0,14140.0,112554400.0,112554400.0,KOSDAQ,2.18
063170,서울옥션,5460.0,16087.0,16087.0,87835020.0,87835020.0,KOSDAQ,0.92
352090,스톰테크,3600.0,27034.0,27034.0,97322400.0,97322400.0,KOSDAQ,0.84
036220,오상헬스케어,6760.0,108080.0,108080.0,730620800.0,730620800.0,KOSDAQ,-0.15
298540,더네이쳐홀딩스,6650.0,7735.0,7735.0,51437750.0,51437750.0,KOSDAQ,-0.6
042500,링네트,4280.0,53405.0,53405.0,228573400.0,228573400.0,KOSDAQ,0.0
083500,에프엔에스테크,11470.0,40858.0,40858.0,468641260.0,468641260.0,KOSDAQ,1.5
049950,미래컴퍼니,10800.0,20470.0,20470.0,221076000.0,221076000.0,KOSDAQ,-2.35
129920,대성하이텍,5860.0,107089.0,107089.0,627541540.0,627541540.0,KOSDAQ,-2.17
079650,서산,4755.0,1179383.0,1179383.0,5607966165.0,5607966165.0,KOSDAQ,-2.96
029480,광무,1588.0,723800.0,723800.0,1149394400.0,1149394400.0,KOSDAQ,12.46
040300,YTN,1988.0,19433.0,19433.0,38632804.0,38632804.0,KOSDAQ,-0.85
307930,컴퍼니케이,6070.0,69078.0,69078.0,419303460.0,419303460.0,KOSDAQ,-1.46
348350,위드텍,9650.0,10713.0,10713.0,103380450.0,103380450.0,KOSDAQ,0.52
005860,한일사료,2390.0,346642.0,346642.0,828474380.0,828474380.0,KOSDAQ,1.06
017650,대림제지,10700.0,26207.0,26207.0,280414900.0,280414900.0,KOSDAQ,2.88
013310,아진산업,2415.0,44719.0,44719.0,107996385.0,107996385.0,KOSDAQ,1.26
380550,뉴로핏,7680.0,28458.0,28458.0,218557440.0,218557440.0,KOSDAQ,1.32
107600,새빗켐,16500.0,34451.0,34451.0,568441500.0,568441500.0,KOSDAQ,6.25
255440,야스,7120.0,127642.0,127642.0,908811040.0,908811040.0,KOSDAQ,-3.91
089230,THE E&M,2355.0,611907.0,611907.0,1441040985.0,1441040985.0,KOSDAQ,4.9
323990,박셀바이오,3990.0,56973.0,56973.0,227322270.0,227322270.0,KOSDAQ,-0.5
317770,엑스페릭스,2530.0,69872.0,69872.0,176776160.0,176776160.0,KOSDAQ,2.22
002230,피에스텍,5030.0,36963.0,36963.0,185923890.0,185923890.0,KOSDAQ,0.0
357880,SKAI,1710.0,653109.0,653109.0,1116816390.0,1116816390.0,KOSDAQ,-4.74
052460,아이크래프트,6320.0,433921.0,433921.0,2742380720.0,2742380720.0,KOSDAQ,-10.99
282620,기도산업,15610.0,1453099.0,1453099.0,22682875390.0,22682875390.0,KOSDAQ,-15.98
387690,레메디,11970.0,626111.0,626111.0,7494548670.0,7494548670.0,KOSDAQ,-9.11
125210,아모그린텍,5530.0,734302.0,734302.0,4060690060.0,4060690060.0,KOSDAQ,2.79
156100,엘앤케이바이오,4080.0,203448.0,203448.0,830067840.0,830067840.0,KOSDAQ,-3.2
205100,엑셈,1350.0,3405359.0,3405359.0,4597234650.0,4597234650.0,KOSDAQ,2.2
040420,정상제이엘에스,5800.0,7187.0,7187.0,41684600.0,41684600.0,KOSDAQ,0.52
088130,동아엘텍,5200.0,45448.0,45448.0,236329600.0,236329600.0,KOSDAQ,-1.33
099750,이지케어텍,6640.0,9290.0,9290.0,61685600.0,61685600.0,KOSDAQ,1.37
217820,원익피앤이,1910.0,286341.0,286341.0,546911310.0,546911310.0,KOSDAQ,3.8
023900,풍국주정,7170.0,2415.0,2415.0,17315550.0,17315550.0,KOSDAQ,0.7
187790,나노,2925.0,68009.0,68009.0,198926325.0,198926325.0,KOSDAQ,-2.17
493330,지에프아이,11200.0,55993.0,55993.0,627121600.0,627121600.0,KOSDAQ,4.19
263720,디앤씨미디어,7250.0,13535.0,13535.0,98128750.0,98128750.0,KOSDAQ,-3.33
419050,삼기에너지솔루션즈,1573.0,572668.0,572668.0,900806764.0,900806764.0,KOSDAQ,-0.63
487400,케이앤에스아이앤씨,8750.0,591471.0,591471.0,5175371250.0,5175371250.0,KOSDAQ,-12.85
093920,서원인텍,4825.0,6269.0,6269.0,30247925.0,30247925.0,KOSDAQ,0.63
235980,메드팩토,2615.0,49586.0,49586.0,129667390.0,129667390.0,KOSDAQ,2.55
053580,웹케시,6900.0,19244.0,19244.0,132783600.0,132783600.0,KOSDAQ,-1.15
250060,모비스,2770.0,84470.0,84470.0,233981900.0,233981900.0,KOSDAQ,1.09
290660,다이나믹솔루션,2080.0,3116442.0,3116442.0,6482199360.0,6482199360.0,KOSDAQ,5.26
322180,LS티라유텍,4140.0,68531.0,68531.0,283718340.0,283718340.0,KOSDAQ,2.1
009300,삼아제약,13970.0,3617.0,3617.0,50529490.0,50529490.0,KOSDAQ,2.05
172670,에이엘티,9900.0,23025.0,23025.0,227947500.0,227947500.0,KOSDAQ,-3.7
052420,오성첨단소재,9100.0,21681.0,21681.0,197297100.0,197297100.0,KOSDAQ,1.22
209640,와이제이링크,3110.0,133534.0,133534.0,415290740.0,415290740.0,KOSDAQ,-2.81
330730,스톤브릿지벤처스,4840.0,25597.0,25597.0,123889480.0,123889480.0,KOSDAQ,-1.12
357230,에이치피오,2135.0,25759.0,25759.0,54995465.0,54995465.0,KOSDAQ,2.64
048530,인트론바이오,2850.0,243726.0,243726.0,694619100.0,694619100.0,KOSDAQ,3.83
078140,대봉엘에스,7920.0,7977.0,7977.0,63177840.0,63177840.0,KOSDAQ,2.19
036010,아비코전자,6600.0,84050.0,84050.0,554730000.0,554730000.0,KOSDAQ,-1.35
047560,이스트소프트,7450.0,13752.0,13752.0,102452400.0,102452400.0,KOSDAQ,-1.84
226400,오스테오닉,4200.0,95834.0,95834.0,402502800.0,402502800.0,KOSDAQ,1.57
109610,에스와이,1765.0,63204.0,63204.0,111555060.0,111555060.0,KOSDAQ,-1.4
130580,나이스디앤비,5600.0,2178.0,2178.0,12196800.0,12196800.0,KOSDAQ,0.9
096240,크레버스,8420.0,2480.0,2480.0,20881600.0,20881600.0,KOSDAQ,0.48
282720,금양그린파워,7110.0,20800.0,20800.0,147888000.0,147888000.0,KOSDAQ,-0.14
032300,한국파마,7900.0,8595.0,8595.0,67900500.0,67900500.0,KOSDAQ,4.77
004650,창해에탄올,9360.0,9767.0,9767.0,91419120.0,91419120.0,KOSDAQ,0.43
042510,라온시큐어,7740.0,24167.0,24167.0,187052580.0,187052580.0,KOSDAQ,0.78
044990,에이치엔에스하이텍,11180.0,7940.0,7940.0,88769200.0,88769200.0,KOSDAQ,-1.76
072020,중앙백신,9240.0,3246.0,3246.0,29993040.0,29993040.0,KOSDAQ,-0.22
065450,빅텍,2895.0,207722.0,207722.0,601355190.0,601355190.0,KOSDAQ,-1.03
033290,로젠,1520.0,6121.0,6121.0,9303920.0,9303920.0,KOSDAQ,1.4
289930,웨이비스,6490.0,37851.0,37851.0,245652990.0,245652990.0,KOSDAQ,1.88
063080,컴투스홀딩스,12930.0,17967.0,17967.0,232313310.0,232313310.0,KOSDAQ,1.65
053350,이니텍,3870.0,62643.0,62643.0,242428410.0,242428410.0,KOSDAQ,2.11
337930,젝시믹스,2870.0,29149.0,29149.0,83657630.0,83657630.0,KOSDAQ,0.0
149980,하이로닉,4950.0,21211.0,21211.0,104994450.0,104994450.0,KOSDAQ,-0.4
302550,리메드,2750.0,24155.0,24155.0,66426250.0,66426250.0,KOSDAQ,1.29
270520,앱튼,3665.0,151872.0,151872.0,556610880.0,556610880.0,KOSDAQ,-3.04
039980,폴라리스AI,5900.0,1877935.0,1877935.0,11079816500.0,11079816500.0,KOSDAQ,-0.17
182360,큐브엔터,5450.0,9573.0,9573.0,52172850.0,52172850.0,KOSDAQ,-0.55
950130,엑세스바이오,2405.0,1265452.0,1265452.0,3043412060.0,3043412060.0,KOSDAQ,6.65
025950,동신건설,10070.0,28333.0,28333.0,285313310.0,285313310.0,KOSDAQ,-1.95
413390,엠오티,7300.0,42092.0,42092.0,307271600.0,307271600.0,KOSDAQ,2.38
076610,해성옵틱스,1424.0,1177620.0,1177620.0,1676930880.0,1676930880.0,KOSDAQ,-3.26
217190,제너셈,6390.0,149456.0,149456.0,955023840.0,955023840.0,KOSDAQ,1.59
038680,에스넷,4205.0,122867.0,122867.0,516655735.0,516655735.0,KOSDAQ,0.84
066980,한성크린텍,1557.0,386567.0,386567.0,601884819.0,601884819.0,KOSDAQ,-2.01
019550,SBI인베스트먼트,1030.0,178753.0,178753.0,184115590.0,184115590.0,KOSDAQ,1.08
223250,드림씨아이에스,3360.0,42172.0,42172.0,141697920.0,141697920.0,KOSDAQ,2.91
007820,엠엑스로보틱스,4125.0,485162.0,485162.0,2001293250.0,2001293250.0,KOSDAQ,-4.95
201490,미투온,2515.0,9775281.0,9775281.0,24584831715.0,24584831715.0,KOSDAQ,9.83
058820,CMG제약,555.0,994252.0,994252.0,551809860.0,551809860.0,KOSDAQ,0.36
185490,아이진,1900.0,431177.0,431177.0,819236300.0,819236300.0,KOSDAQ,1.5
306620,지아이에스,1713.0,175544.0,175544.0,300706872.0,300706872.0,KOSDAQ,-2.67
215100,로보로보,4015.0,54437.0,54437.0,218564555.0,218564555.0,KOSDAQ,-0.62
102370,케이옥션,3155.0,13896.0,13896.0,43841880.0,43841880.0,KOSDAQ,-0.16
037030,파워넷,3200.0,193163.0,193163.0,618121600.0,618121600.0,KOSDAQ,0.47
054670,대한뉴팜,5680.0,8807.0,8807.0,50023760.0,50023760.0,KOSDAQ,1.79
950250,테라뷰,2295.0,51351.0,51351.0,117850545.0,117850545.0,KOSDAQ,-0.86
452190,한빛레이저,3400.0,75600.0,75600.0,257040000.0,257040000.0,KOSDAQ,-0.58
037760,쎄니트,2395.0,850.0,850.0,2035750.0,2035750.0,KOSDAQ,0.21
253840,수젠텍,4830.0,4869449.0,4869449.0,23519438670.0,23519438670.0,KOSDAQ,23.06
418470,KT밀리의서재,9420.0,20126.0,20126.0,189586920.0,189586920.0,KOSDAQ,0.75
086960,MDS테크,1896.0,193096.0,193096.0,366110016.0,366110016.0,KOSDAQ,-4.68
137950,제이씨케미칼,3620.0,58262.0,58262.0,210908440.0,210908440.0,KOSDAQ,0.0
263800,데이타솔루션,4960.0,153515.0,153515.0,761434400.0,761434400.0,KOSDAQ,-3.31
036640,HRS,4920.0,18925.0,18925.0,93111000.0,93111000.0,KOSDAQ,0.82
066430,아이로보틱스,2055.0,522880.0,522880.0,1074518400.0,1074518400.0,KOSDAQ,-2.38
066700,테라젠이텍스,2160.0,199649.0,199649.0,431241840.0,431241840.0,KOSDAQ,4.6
389030,지니너스,2035.0,76242.0,76242.0,155152470.0,155152470.0,KOSDAQ,1.75
487580,폴레드,3180.0,234251.0,234251.0,744918180.0,744918180.0,KOSDAQ,-3.64
0017J0,세미티에스,2650.0,159049.0,159049.0,421479850.0,421479850.0,KOSDAQ,-2.39
054540,삼영엠텍,6140.0,112545.0,112545.0,691026300.0,691026300.0,KOSDAQ,-0.97
040910,아이씨디,4385.0,4258.0,4258.0,18671330.0,18671330.0,KOSDAQ,-0.45
104460,디와이피엔에프,7570.0,9894.0,9894.0,74897580.0,74897580.0,KOSDAQ,1.61
053280,예스24,3175.0,3996.0,3996.0,12687300.0,12687300.0,KOSDAQ,0.63
0011A0,액스비스,8500.0,22427.0,22427.0,190629500.0,190629500.0,KOSDAQ,0.24
012700,리드코프,3010.0,29878.0,29878.0,89932780.0,89932780.0,KOSDAQ,0.33
033560,블루콤,4595.0,25703.0,25703.0,118105285.0,118105285.0,KOSDAQ,6.86
067000,조이시티,1123.0,105749.0,105749.0,118756127.0,118756127.0,KOSDAQ,-0.09
038110,에코플라스틱,1905.0,88339.0,88339.0,168285795.0,168285795.0,KOSDAQ,-0.47
131370,알서포트,1471.0,54806.0,54806.0,80619626.0,80619626.0,KOSDAQ,1.8
381620,제닉스로보틱스,5940.0,48977.0,48977.0,290923380.0,290923380.0,KOSDAQ,-1.98
101330,모베이스,3360.0,33410.0,33410.0,112257600.0,112257600.0,KOSDAQ,1.66
251120,바이오에프디엔씨,8930.0,8406.0,8406.0,75065580.0,75065580.0,KOSDAQ,2.64
045970,코아시아,2950.0,767170.0,767170.0,2263151500.0,2263151500.0,KOSDAQ,0.68
078890,가온그룹,4190.0,40284.0,40284.0,168789960.0,168789960.0,KOSDAQ,0.84
432470,케이엔에스,8800.0,249183.0,249183.0,2192810400.0,2192810400.0,KOSDAQ,-5.58
331380,포커스에이아이,2110.0,85749.0,85749.0,180930390.0,180930390.0,KOSDAQ,5.87
045660,에이텍,9330.0,15812.0,15812.0,147525960.0,147525960.0,KOSDAQ,0.65
124560,태웅로직스,1990.0,44062.0,44062.0,87683380.0,87683380.0,KOSDAQ,2.47
212710,아이에스티이,7930.0,83863.0,83863.0,665033590.0,665033590.0,KOSDAQ,2.99
040160,누리플렉스,6390.0,32700.0,32700.0,208953000.0,208953000.0,KOSDAQ,3.9
052900,KX하이텍,999.0,1103641.0,1103641.0,1102537359.0,1102537359.0,KOSDAQ,-4.86
100130,동국S&C,1339.0,91187.0,91187.0,122099393.0,122099393.0,KOSDAQ,2.68
198440,강동씨앤엘,1255.0,403762.0,403762.0,506721310.0,506721310.0,KOSDAQ,0.0
058630,엠게임,4070.0,30813.0,30813.0,125408910.0,125408910.0,KOSDAQ,-0.73
900260,로스웰,1659.0,3570.0,3570.0,5922630.0,5922630.0,KOSDAQ,1.47
463020,뉴엔AI,8490.0,111593.0,111593.0,947424570.0,947424570.0,KOSDAQ,-4.5
483350,딜리셔스,3485.0,890109.0,890109.0,3102029865.0,3102029865.0,KOSDAQ,-7.56
205470,휴마시스,3080.0,1586243.0,1586243.0,4885628440.0,4885628440.0,KOSDAQ,6.02
371950,풍원정밀,3335.0,53146.0,53146.0,177241910.0,177241910.0,KOSDAQ,-4.17
347890,엠엑스온,4465.0,24291.0,24291.0,108459315.0,108459315.0,KOSDAQ,-2.3
115440,우리넷,7030.0,38417.0,38417.0,270071510.0,270071510.0,KOSDAQ,1.01
475430,키스트론,4250.0,174489.0,174489.0,741578250.0,741578250.0,KOSDAQ,-2.07
080010,이상네트웍스,7700.0,3737.0,3737.0,28774900.0,28774900.0,KOSDAQ,0.0
142280,녹십자엠에스,3160.0,9053565.0,9053565.0,28609265400.0,28609265400.0,KOSDAQ,21.07
090470,제이스로보틱스,4330.0,17331.0,17331.0,75043230.0,75043230.0,KOSDAQ,1.76
451250,삐아,7400.0,11902.0,11902.0,88074800.0,88074800.0,KOSDAQ,-0.13
024830,세원물산,9060.0,110.0,110.0,996600.0,996600.0,KOSDAQ,0.67
214260,라파스,8450.0,12978.0,12978.0,109664100.0,109664100.0,KOSDAQ,-0.94
290740,액트로,7490.0,10290.0,10290.0,77072100.0,77072100.0,KOSDAQ,0.13
047820,초록뱀미디어,3080.0,23753.0,23753.0,73159240.0,73159240.0,KOSDAQ,0.98
024880,케이피에프,3770.0,32491.0,32491.0,122491070.0,122491070.0,KOSDAQ,-0.26
019540,일지테크,5530.0,41627.0,41627.0,230197310.0,230197310.0,KOSDAQ,0.91
377480,마음AI,10480.0,50558.0,50558.0,529847840.0,529847840.0,KOSDAQ,3.25
017480,삼현철강,4825.0,14261.0,14261.0,68809325.0,68809325.0,KOSDAQ,0.31
217330,싸이토젠,3220.0,39065.0,39065.0,125789300.0,125789300.0,KOSDAQ,2.06
091120,이엠텍,4345.0,55434.0,55434.0,240860730.0,240860730.0,KOSDAQ,8.49
091590,남화토건,6340.0,491347.0,491347.0,3115139980.0,3115139980.0,KOSDAQ,5.14
170030,현대공업,4845.0,10406.0,10406.0,50417070.0,50417070.0,KOSDAQ,-0.21
208140,정다운,2265.0,14029.0,14029.0,31775685.0,31775685.0,KOSDAQ,0.22
128660,피제이메탈,2980.0,68747.0,68747.0,204866060.0,204866060.0,KOSDAQ,2.05
265560,영화테크,6900.0,6572.0,6572.0,45346800.0,45346800.0,KOSDAQ,0.44
307870,비투엔,990.0,3307972.0,3307972.0,3274892280.0,3274892280.0,KOSDAQ,0.0
0218L0,네오뷰,13940.0,47669.0,47669.0,664505860.0,664505860.0,KOSDAQ,-1.9
234300,에스트래픽,2700.0,49895.0,49895.0,134716500.0,134716500.0,KOSDAQ,0.93
950200,소마젠,3815.0,2204077.0,2204077.0,8408553755.0,8408553755.0,KOSDAQ,-5.92
067370,선바이오,6000.0,5677.0,5677.0,34062000.0,34062000.0,KOSDAQ,0.0
382840,원준,4790.0,18958.0,18958.0,90808820.0,90808820.0,KOSDAQ,1.91
065510,휴비츠,6720.0,19934.0,19934.0,133956480.0,133956480.0,KOSDAQ,-0.15
060590,씨티씨바이오,3015.0,27929.0,27929.0,84205935.0,84205935.0,KOSDAQ,4.51
011320,유니크,3770.0,9536.0,9536.0,35950720.0,35950720.0,KOSDAQ,0.0
000440,중앙에너비스,11690.0,6059.0,6059.0,70829710.0,70829710.0,KOSDAQ,-0.17
004590,한국가구,4850.0,18138.0,18138.0,87969300.0,87969300.0,KOSDAQ,1.04
0117P0,피스피스스튜디오,5130.0,100650.0,100650.0,516334500.0,516334500.0,KOSDAQ,-1.16
054040,한국컴퓨터,4515.0,17814.0,17814.0,80430210.0,80430210.0,KOSDAQ,0.11
173130,오파스넷,5560.0,21580.0,21580.0,119984800.0,119984800.0,KOSDAQ,1.65
478560,블랙야크아이앤씨,2805.0,4734.0,4734.0,13278870.0,13278870.0,KOSDAQ,2.19
036000,예림당,3145.0,60616.0,60616.0,190637320.0,190637320.0,KOSDAQ,2.11
171120,라이온켐텍,2015.0,15487.0,15487.0,31206305.0,31206305.0,KOSDAQ,-0.74
010280,아이티센엔텍,5550.0,49921.0,49921.0,277061550.0,277061550.0,KOSDAQ,0.18
225530,HC보광산업,1985.0,9679.0,9679.0,19212815.0,19212815.0,KOSDAQ,-1.49
030960,양지사,4505.0,21228.0,21228.0,95632140.0,95632140.0,KOSDAQ,1.12
365330,에스와이스틸텍,1433.0,227078.0,227078.0,325402774.0,325402774.0,KOSDAQ,-1.31
041930,SY동아,4715.0,9164.0,9164.0,43208260.0,43208260.0,KOSDAQ,-0.42
303810,동국생명과학,2240.0,68825.0,68825.0,154168000.0,154168000.0,KOSDAQ,1.82
105740,디케이락,7030.0,91988.0,91988.0,646675640.0,646675640.0,KOSDAQ,-2.23
228670,레이,4570.0,87273.0,87273.0,398837610.0,398837610.0,KOSDAQ,0.88
012790,신일제약,5950.0,34657.0,34657.0,206209150.0,206209150.0,KOSDAQ,2.23
389140,포바이포,4995.0,43864.0,43864.0,219100680.0,219100680.0,KOSDAQ,3.2
094860,네오리진,1334.0,176418.0,176418.0,235341612.0,235341612.0,KOSDAQ,4.79
457370,한켐,8780.0,1624031.0,1624031.0,14258992180.0,14258992180.0,KOSDAQ,-6.6
041910,폴라리스AI파마,5330.0,1709276.0,1709276.0,9110441080.0,9110441080.0,KOSDAQ,3.5
067570,엔브이에이치코리아,1678.0,114236.0,114236.0,191688008.0,191688008.0,KOSDAQ,-1.24
033130,디지틀조선,1904.0,11159.0,11159.0,21246736.0,21246736.0,KOSDAQ,0.21
092040,아미코젠,1000.0,520172.0,520172.0,520172000.0,520172000.0,KOSDAQ,0.0
234030,싸이닉솔루션,2990.0,21518.0,21518.0,64338820.0,64338820.0,KOSDAQ,-0.33
104040,디에스엠,2630.0,9214.0,9214.0,24232820.0,24232820.0,KOSDAQ,-3.31
088390,이녹스,7500.0,9975.0,9975.0,74812500.0,74812500.0,KOSDAQ,4.17
020710,시공테크,3510.0,563657.0,563657.0,1978436070.0,1978436070.0,KOSDAQ,2.78
079810,APS이노베이션,3265.0,52445.0,52445.0,171232925.0,171232925.0,KOSDAQ,4.98
085670,뉴프렉스,2860.0,57775.0,57775.0,165236500.0,165236500.0,KOSDAQ,2.14
064800,포니링크,2740.0,74043.0,74043.0,202877820.0,202877820.0,KOSDAQ,0.55
110790,크리스에프앤씨,2985.0,5907.0,5907.0,17632395.0,17632395.0,KOSDAQ,1.19
096350,대창솔루션,1895.0,758403.0,758403.0,1437173685.0,1437173685.0,KOSDAQ,-11.86
054620,APS,3795.0,15527.0,15527.0,58924965.0,58924965.0,KOSDAQ,1.61
006140,피제이전자,4695.0,38291.0,38291.0,179776245.0,179776245.0,KOSDAQ,0.11
347000,센코,1844.0,57297.0,57297.0,105655668.0,105655668.0,KOSDAQ,0.77
332370,아이디피,5250.0,1755.0,1755.0,9213750.0,9213750.0,KOSDAQ,0.38
900300,오가닉티코스메틱,3385.0,4306886.0,4306886.0,14578809110.0,14578809110.0,KOSDAQ,5.29
043610,KT지니뮤직,1197.0,30905.0,30905.0,36993285.0,36993285.0,KOSDAQ,-1.89
048910,대원미디어,5520.0,17606.0,17606.0,97185120.0,97185120.0,KOSDAQ,1.28
443670,에스피소프트,2890.0,24578.0,24578.0,71030420.0,71030420.0,KOSDAQ,1.4
0156T0,에이치엘지노믹스,8910.0,216206.0,216206.0,1926395460.0,1926395460.0,KOSDAQ,-3.88
049550,잉크테크,3535.0,15218.0,15218.0,53795630.0,53795630.0,KOSDAQ,-0.14
277880,티에스아이,3490.0,309790.0,309790.0,1081167100.0,1081167100.0,KOSDAQ,3.41
048430,유라테크,6010.0,14870.0,14870.0,89368700.0,89368700.0,KOSDAQ,-0.99
084730,팅크웨어,6230.0,5900.0,5900.0,36757000.0,36757000.0,KOSDAQ,-0.95
417790,트루엔,6610.0,18033.0,18033.0,119198130.0,119198130.0,KOSDAQ,-0.15
024740,한일단조,2100.0,60131.0,60131.0,126275100.0,126275100.0,KOSDAQ,1.69
246960,SCL사이언스,2025.0,330482.0,330482.0,669226050.0,669226050.0,KOSDAQ,1.55
137080,나래나노텍,6430.0,35629.0,35629.0,229094470.0,229094470.0,KOSDAQ,-5.99
072950,빛샘전자,8540.0,163655.0,163655.0,1397613700.0,1397613700.0,KOSDAQ,0.12
388870,파로스아이바이오,5310.0,34843.0,34843.0,185016330.0,185016330.0,KOSDAQ,4.32
067170,오텍,2500.0,316251.0,316251.0,790627500.0,790627500.0,KOSDAQ,-4.94
294630,서남,2585.0,64836.0,64836.0,167601060.0,167601060.0,KOSDAQ,0.0
168330,내츄럴엔도텍,2155.0,20545.0,20545.0,44274475.0,44274475.0,KOSDAQ,1.17
153710,옵티팜,4655.0,5925.0,5925.0,27580875.0,27580875.0,KOSDAQ,1.97
058400,KNN,5150.0,12584.0,12584.0,64807600.0,64807600.0,KOSDAQ,0.19
038460,바이오스마트,2695.0,167420.0,167420.0,451196900.0,451196900.0,KOSDAQ,1.7
321370,센서뷰,1315.0,2254987.0,2254987.0,2965307905.0,2965307905.0,KOSDAQ,0.0
0015S0,페스카로,6860.0,8503.0,8503.0,58330580.0,58330580.0,KOSDAQ,-1.86
140070,서플러스글로벌,1829.0,74262.0,74262.0,135825198.0,135825198.0,KOSDAQ,0.22
261780,아리바이오랩,2335.0,687818.0,687818.0,1606055030.0,1606055030.0,KOSDAQ,-3.91
360070,탑머티리얼,8230.0,31407.0,31407.0,258479610.0,258479610.0,KOSDAQ,4.71
299660,셀리드,2285.0,4601038.0,4601038.0,10513371830.0,10513371830.0,KOSDAQ,29.98
096250,와이즈넛,5690.0,25646.0,25646.0,145925740.0,145925740.0,KOSDAQ,-2.9
451220,아이엠티,8530.0,39104.0,39104.0,333557120.0,333557120.0,KOSDAQ,0.12
179530,애드바이오텍,2490.0,207494.0,207494.0,516660060.0,516660060.0,KOSDAQ,-2.73
460940,피앤에스로보틱스,4980.0,46264.0,46264.0,230394720.0,230394720.0,KOSDAQ,-2.54
062970,한국첨단소재,2340.0,608956.0,608956.0,1424957040.0,1424957040.0,KOSDAQ,-0.43
419080,엔젯,6140.0,35045.0,35045.0,215176300.0,215176300.0,KOSDAQ,-0.32
365660,레몬헬스케어,4955.0,809189.0,809189.0,4009531495.0,4009531495.0,KOSDAQ,-4.34
002800,신신제약,4380.0,21187.0,21187.0,92799060.0,92799060.0,KOSDAQ,0.23
032850,비트컴퓨터,3990.0,21690.0,21690.0,86543100.0,86543100.0,KOSDAQ,0.38
041460,한국전자인증,3490.0,59492.0,59492.0,207627080.0,207627080.0,KOSDAQ,3.41
081150,티플랙스,2725.0,74908.0,74908.0,204124300.0,204124300.0,KOSDAQ,0.55
109860,동일금속,7260.0,895.0,895.0,6497700.0,6497700.0,KOSDAQ,-0.95
083790,CG인바이츠,857.0,136239.0,136239.0,116756823.0,116756823.0,KOSDAQ,7.13
382480,지아이텍,1674.0,58429.0,58429.0,97810146.0,97810146.0,KOSDAQ,1.64
061250,화일약품,7800.0,3381.0,3381.0,26371800.0,26371800.0,KOSDAQ,-1.76
070300,퀀텀레일,1847.0,829919.0,829919.0,1532860393.0,1532860393.0,KOSDAQ,-11.2
204840,지엘팜텍,4230.0,121343.0,121343.0,513280890.0,513280890.0,KOSDAQ,0.59
323350,다원넥스뷰,8180.0,36041.0,36041.0,294815380.0,294815380.0,KOSDAQ,3.94
123420,위메이드플레이,6300.0,17141.0,17141.0,107988300.0,107988300.0,KOSDAQ,0.16
039020,이건홀딩스,2900.0,36860.0,36860.0,106894000.0,106894000.0,KOSDAQ,2.84
026150,특수건설,3730.0,11383.0,11383.0,42458590.0,42458590.0,KOSDAQ,-0.27
100030,인지소프트,19920.0,7959.0,7959.0,158543280.0,158543280.0,KOSDAQ,0.4
066310,큐에스아이,7050.0,49646.0,49646.0,350004300.0,350004300.0,KOSDAQ,1.0
417970,모델솔루션,10200.0,10151.0,10151.0,103540200.0,103540200.0,KOSDAQ,-2.49
004780,대륙제관,4100.0,28284.0,28284.0,115964400.0,115964400.0,KOSDAQ,2.24
456070,이엔셀,5900.0,28117.0,28117.0,165890300.0,165890300.0,KOSDAQ,3.51
320000,한울반도체,9390.0,92196.0,92196.0,865720440.0,865720440.0,KOSDAQ,-5.82
221800,지구홀딩스,3975.0,29726.0,29726.0,118160850.0,118160850.0,KOSDAQ,5.72
443250,레뷰코퍼레이션,6000.0,1672.0,1672.0,10032000.0,10032000.0,KOSDAQ,1.52
032540,TJ미디어,3095.0,9857.0,9857.0,30507415.0,30507415.0,KOSDAQ,0.16
043650,국순당,3615.0,5438.0,5438.0,19658370.0,19658370.0,KOSDAQ,1.97
014970,삼륭물산,4345.0,10159.0,10159.0,44140855.0,44140855.0,KOSDAQ,0.12
162300,신스틸,1552.0,162934.0,162934.0,252873568.0,252873568.0,KOSDAQ,-4.2
241690,유니테크노,2630.0,23881.0,23881.0,62807030.0,62807030.0,KOSDAQ,2.14
054300,팬스타엔터프라이즈,1112.0,551851.0,551851.0,613658312.0,613658312.0,KOSDAQ,1.09
222110,팬젠,4760.0,4756.0,4756.0,22638560.0,22638560.0,KOSDAQ,-2.46
039010,현대에이치티,7440.0,50725.0,50725.0,377394000.0,377394000.0,KOSDAQ,3.91
147760,피엠티,3205.0,81715.0,81715.0,261896575.0,261896575.0,KOSDAQ,1.26
457600,벡트,4670.0,233245.0,233245.0,1089254150.0,1089254150.0,KOSDAQ,-4.89
396270,넥스트칩,1944.0,210900.0,210900.0,409989600.0,409989600.0,KOSDAQ,-1.97
111710,남화산업,3100.0,50912.0,50912.0,157827200.0,157827200.0,KOSDAQ,-0.48
049080,기가레인,7500.0,107607.0,107607.0,807052500.0,807052500.0,KOSDAQ,-3.85
216050,인크로스,5210.0,19102.0,19102.0,99521420.0,99521420.0,KOSDAQ,2.16
424960,스마트레이더시스템,3840.0,13906.0,13906.0,53399040.0,53399040.0,KOSDAQ,2.4
208370,셀바스헬스케어,2455.0,295775.0,295775.0,726127625.0,726127625.0,KOSDAQ,2.72
039420,케이엘넷,2735.0,18747.0,18747.0,51273045.0,51273045.0,KOSDAQ,1.86
0007J0,인벤테라,7950.0,22115.0,22115.0,175814250.0,175814250.0,KOSDAQ,7.43
010240,흥국,5340.0,11750.0,11750.0,62745000.0,62745000.0,KOSDAQ,-1.29
044340,위닉스,3490.0,134033.0,134033.0,467775170.0,467775170.0,KOSDAQ,-1.13
302430,이노메트리,6310.0,869975.0,869975.0,5489542250.0,5489542250.0,KOSDAQ,-5.11
005670,푸드웰,6190.0,15085.0,15085.0,93376150.0,93376150.0,KOSDAQ,1.14
303360,프로티아,4800.0,11524.0,11524.0,55315200.0,55315200.0,KOSDAQ,0.42
187420,HLB제넥스,1886.0,153911.0,153911.0,290276146.0,290276146.0,KOSDAQ,0.53
059270,해성에어로보틱스,5500.0,54185.0,54185.0,298017500.0,298017500.0,KOSDAQ,-2.31
0004V0,엔비알모션,5570.0,115317.0,115317.0,642315690.0,642315690.0,KOSDAQ,-1.42
357580,아모센스,5200.0,26249.0,26249.0,136494800.0,136494800.0,KOSDAQ,0.0
411080,샌즈랩,4015.0,12918.0,12918.0,51865770.0,51865770.0,KOSDAQ,1.13
094850,참좋은여행,4340.0,44974.0,44974.0,195187160.0,195187160.0,KOSDAQ,3.95
100590,머큐리,3535.0,53181.0,53181.0,187994835.0,187994835.0,KOSDAQ,-0.42
050960,수산아이앤티,8960.0,1778.0,1778.0,15930880.0,15930880.0,KOSDAQ,0.34
024910,경창산업,1685.0,105296.0,105296.0,177423760.0,177423760.0,KOSDAQ,-0.35
089850,유비벨록스,4095.0,8901.0,8901.0,36449595.0,36449595.0,KOSDAQ,-2.38
464490,쿼드메디슨,5240.0,31327.0,31327.0,164153480.0,164153480.0,KOSDAQ,2.34
348150,고바이오랩,3095.0,13959.0,13959.0,43203105.0,43203105.0,KOSDAQ,3.17
136150,원일티엔아이,7170.0,5026.0,5026.0,36036420.0,36036420.0,KOSDAQ,0.56
291650,츌립앤사이언스,1968.0,56861.0,56861.0,111902448.0,111902448.0,KOSDAQ,-0.61
191420,테고사이언스,7400.0,4316.0,4316.0,31938400.0,31938400.0,KOSDAQ,-1.99
318160,셀바이오휴먼텍,6370.0,118347.0,118347.0,753870390.0,753870390.0,KOSDAQ,7.78
331740,아우토크립트,6090.0,8610.0,8610.0,52434900.0,52434900.0,KOSDAQ,3.57
008370,원풍,4945.0,4277.0,4277.0,21149765.0,21149765.0,KOSDAQ,-2.08
225190,LK삼양,842.0,777303.0,777303.0,654489126.0,654489126.0,KOSDAQ,-5.5
439580,블루엠텍,1751.0,166330.0,166330.0,291243830.0,291243830.0,KOSDAQ,1.51
214270,FSN,1309.0,61239.0,61239.0,80161851.0,80161851.0,KOSDAQ,-1.43
412350,레이저쎌,4050.0,121615.0,121615.0,492540750.0,492540750.0,KOSDAQ,0.87
033230,인성정보,1167.0,372822.0,372822.0,435083274.0,435083274.0,KOSDAQ,-4.03
066670,디티씨,3150.0,16401.0,16401.0,51663150.0,51663150.0,KOSDAQ,1.61
036090,위지트,1383.0,731728.0,731728.0,1011979824.0,1011979824.0,KOSDAQ,-1.14
448710,코츠테크놀로지,11090.0,7925.0,7925.0,87888250.0,87888250.0,KOSDAQ,0.45
228340,동양파일,2925.0,263994.0,263994.0,772182450.0,772182450.0,KOSDAQ,0.34
053620,태양,6790.0,7824.0,7824.0,53124960.0,53124960.0,KOSDAQ,0.15
333620,엔시스,5300.0,3166.0,3166.0,16779800.0,16779800.0,KOSDAQ,-2.03
215360,우리산업,6360.0,10900.0,10900.0,69324000.0,69324000.0,KOSDAQ,1.92
049480,오픈베이스,1839.0,73725.0,73725.0,135580275.0,135580275.0,KOSDAQ,0.6
459100,위츠,4290.0,4439.0,4439.0,19043310.0,19043310.0,KOSDAQ,-0.12
082210,옵트론텍,1648.0,24152.0,24152.0,39802496.0,39802496.0,KOSDAQ,-1.08
003310,대주산업,1627.0,204335.0,204335.0,332453045.0,332453045.0,KOSDAQ,1.24
126880,제이엔케이글로벌,2480.0,40888.0,40888.0,101402240.0,101402240.0,KOSDAQ,-3.12
067920,이글루,5220.0,11220.0,11220.0,58568400.0,58568400.0,KOSDAQ,-0.38
175140,아고스,2300.0,17742.0,17742.0,40806600.0,40806600.0,KOSDAQ,-2.34
033320,제이씨현시스템,3000.0,166136.0,166136.0,498408000.0,498408000.0,KOSDAQ,-2.28
045340,토탈소프트,6700.0,29935.0,29935.0,200564500.0,200564500.0,KOSDAQ,2.29
291230,컴투스엔,2380.0,107639.0,107639.0,256180820.0,256180820.0,KOSDAQ,4.62
263690,디알젬,5040.0,3526.0,3526.0,17771040.0,17771040.0,KOSDAQ,0.0
007370,진양제약,4030.0,21847.0,21847.0,88043410.0,88043410.0,KOSDAQ,2.15
060310,3S,1072.0,101644.0,101644.0,108962368.0,108962368.0,KOSDAQ,0.94
459550,알트,2255.0,7095708.0,7095708.0,16000821540.0,16000821540.0,KOSDAQ,-5.45
155650,와이엠씨,2995.0,6216.0,6216.0,18616920.0,18616920.0,KOSDAQ,-0.17
122350,삼기,1480.0,568300.0,568300.0,841084000.0,841084000.0,KOSDAQ,0.48
347740,피엔케이피부임상연구센타,1890.0,8067.0,8067.0,15246630.0,15246630.0,KOSDAQ,-1.36
065530,와이어블,1185.0,29503.0,29503.0,34961055.0,34961055.0,KOSDAQ,-0.84
061040,알에프텍,6250.0,3225.0,3225.0,20156250.0,20156250.0,KOSDAQ,-0.32
016250,SGC E&C,11220.0,1007.0,1007.0,11298540.0,11298540.0,KOSDAQ,-0.27
095270,웨이브일렉트로,3930.0,26745.0,26745.0,105107850.0,105107850.0,KOSDAQ,-1.38
024950,삼천리자전거,4550.0,52008.0,52008.0,236636400.0,236636400.0,KOSDAQ,0.78
053160,프리엠스,9370.0,12582.0,12582.0,117893340.0,117893340.0,KOSDAQ,1.19
010470,오리콤,4680.0,5068.0,5068.0,23718240.0,23718240.0,KOSDAQ,-1.06
027050,코리아나,1397.0,63842.0,63842.0,89187274.0,89187274.0,KOSDAQ,1.45
014470,부방,930.0,49917.0,49917.0,46422810.0,46422810.0,KOSDAQ,-3.63
241790,티이엠씨씨엔에스,5580.0,20430.0,20430.0,113999400.0,113999400.0,KOSDAQ,0.54
251630,브이원텍,3495.0,10830.0,10830.0,37850850.0,37850850.0,KOSDAQ,0.14
263600,덕우전자,3495.0,16843.0,16843.0,58866285.0,58866285.0,KOSDAQ,-2.1
065170,비엘팜텍,1990.0,929592.0,929592.0,1849888080.0,1849888080.0,KOSDAQ,2.74
347860,알체라,1317.0,84232.0,84232.0,110933544.0,110933544.0,KOSDAQ,-1.94
025550,한국선재,2175.0,42259.0,42259.0,91913325.0,91913325.0,KOSDAQ,1.16
036120,서울평가정보,1572.0,31460.0,31460.0,49455120.0,49455120.0,KOSDAQ,0.13
460870,에스엠씨지,2750.0,30673.0,30673.0,84350750.0,84350750.0,KOSDAQ,-0.36
036670,삼양케이씨아이,5130.0,10662.0,10662.0,54696060.0,54696060.0,KOSDAQ,0.0
039610,화성밸브,5300.0,12564.0,12564.0,66589200.0,66589200.0,KOSDAQ,2.32
117670,알파칩스,8280.0,104171.0,104171.0,862535880.0,862535880.0,KOSDAQ,6.84
288180,케이피항공산업,7450.0,24898.0,24898.0,185490100.0,185490100.0,KOSDAQ,-6.87
294140,레몬,2210.0,85400.0,85400.0,188734000.0,188734000.0,KOSDAQ,-4.33
238090,앤디포스,1800.0,18199.0,18199.0,32758200.0,32758200.0,KOSDAQ,-2.01
452400,이닉스,6040.0,1868.0,1868.0,11282720.0,11282720.0,KOSDAQ,0.5
037440,희림,3920.0,99773.0,99773.0,391110160.0,391110160.0,KOSDAQ,0.77
408470,한패스,5140.0,45957.0,45957.0,236218980.0,236218980.0,KOSDAQ,-0.19
064240,홈캐스트,1561.0,77226.0,77226.0,120549786.0,120549786.0,KOSDAQ,2.7
453860,에이에스텍,8400.0,3132.0,3132.0,26308800.0,26308800.0,KOSDAQ,1.08
273640,와이엠텍,4935.0,12376.0,12376.0,61075560.0,61075560.0,KOSDAQ,-0.9
033310,엠투엔,1352.0,33264.0,33264.0,44972928.0,44972928.0,KOSDAQ,-0.88
040610,SG&G,3170.0,16508.0,16508.0,52330360.0,52330360.0,KOSDAQ,0.63
053270,구영테크,1966.0,56643.0,56643.0,111360138.0,111360138.0,KOSDAQ,-1.65
420570,제이투케이바이오,9210.0,51338.0,51338.0,472822980.0,472822980.0,KOSDAQ,5.26
054930,유신,17950.0,8568.0,8568.0,153795600.0,153795600.0,KOSDAQ,0.62
104540,코렌텍,3995.0,15177.0,15177.0,60632115.0,60632115.0,KOSDAQ,0.38
088910,동우팜투테이블,2080.0,30726.0,30726.0,63910080.0,63910080.0,KOSDAQ,0.48
092300,현우산업,2655.0,27482.0,27482.0,72964710.0,72964710.0,KOSDAQ,0.57
435570,에르코스,7010.0,5712.0,5712.0,40041120.0,40041120.0,KOSDAQ,0.43
097800,윈팩,1954.0,78674.0,78674.0,153728996.0,153728996.0,KOSDAQ,0.1
192250,케이사인,7500.0,4136.0,4136.0,31020000.0,31020000.0,KOSDAQ,2.04
053050,지에스이,1759.0,80319.0,80319.0,141281121.0,141281121.0,KOSDAQ,1.32
170790,파이오링크,8240.0,7594.0,7594.0,62574560.0,62574560.0,KOSDAQ,-0.12
370090,퓨런티어,6150.0,14589.0,14589.0,89722350.0,89722350.0,KOSDAQ,-1.13
376290,씨유테크,2980.0,54308.0,54308.0,161837840.0,161837840.0,KOSDAQ,1.71
094940,푸른로보틱스,6290.0,150061.0,150061.0,943883690.0,943883690.0,KOSDAQ,-6.81
104620,노랑풍선,3125.0,29215.0,29215.0,91296875.0,91296875.0,KOSDAQ,0.81
046940,우원개발,2905.0,53889.0,53889.0,156547545.0,156547545.0,KOSDAQ,0.17
039240,경남스틸,1909.0,19601.0,19601.0,37418309.0,37418309.0,KOSDAQ,1.92
027830,대성창투,952.0,30288.0,30288.0,28834176.0,28834176.0,KOSDAQ,-0.83
299170,더블유에스아이,1232.0,63013.0,63013.0,77632016.0,77632016.0,KOSDAQ,0.82
0013V0,삼진식품,5140.0,9090.0,9090.0,46722600.0,46722600.0,KOSDAQ,-0.19
317530,에피소드컴퍼니,2910.0,1261.0,1261.0,3669510.0,3669510.0,KOSDAQ,0.34
311690,CJ 바이오사이언스,3895.0,10657.0,10657.0,41509015.0,41509015.0,KOSDAQ,5.41
179900,유티아이,2570.0,400230.0,400230.0,1028591100.0,1028591100.0,KOSDAQ,-4.81
317830,에스피시스템스,4715.0,11855.0,11855.0,55896325.0,55896325.0,KOSDAQ,-0.74
049470,비트플래닛,2150.0,531162.0,531162.0,1141998300.0,1141998300.0,KOSDAQ,-7.92
015710,코콤,2885.0,1558456.0,1558456.0,4496145560.0,4496145560.0,KOSDAQ,0.52
056360,코위버,5160.0,27666.0,27666.0,142756560.0,142756560.0,KOSDAQ,-1.71
315640,딥노이드,1713.0,49139.0,49139.0,84175107.0,84175107.0,KOSDAQ,4.13
217500,러셀,1579.0,33116.0,33116.0,52290164.0,52290164.0,KOSDAQ,-3.13
317870,엔바이오니아,5680.0,12477.0,12477.0,70869360.0,70869360.0,KOSDAQ,-2.41
317690,퀀타매트릭스,2490.0,68836.0,68836.0,171401640.0,171401640.0,KOSDAQ,2.68
314140,알피바이오,5780.0,19854.0,19854.0,114756120.0,114756120.0,KOSDAQ,3.4
060560,HC홈센타,1970.0,2913.0,2913.0,5738610.0,5738610.0,KOSDAQ,-1.3
256630,포인트엔지니어링,4310.0,4955.0,4955.0,21356050.0,21356050.0,KOSDAQ,2.13
105760,포스뱅크,4905.0,45468.0,45468.0,223020540.0,223020540.0,KOSDAQ,1.76
043710,코스리거글로벌,2885.0,4801.0,4801.0,13850885.0,13850885.0,KOSDAQ,-8.12
033340,좋은사람들,515.0,7630824.0,7630824.0,3929874360.0,3929874360.0,KOSDAQ,-13.45
463480,모티브링크,4025.0,6291.0,6291.0,25321275.0,25321275.0,KOSDAQ,1.9
038010,제일테크노스,5530.0,8227.0,8227.0,45495310.0,45495310.0,KOSDAQ,0.18
262260,에이프로,3300.0,83716.0,83716.0,276262800.0,276262800.0,KOSDAQ,7.67
042110,에스씨디,1028.0,254781.0,254781.0,261914868.0,261914868.0,KOSDAQ,1.28
260930,씨티케이,2565.0,8043.0,8043.0,20630295.0,20630295.0,KOSDAQ,0.59
046210,HLB파나진,1089.0,42072.0,42072.0,45816408.0,45816408.0,KOSDAQ,-3.88
143540,영우디에스피,1110.0,113569.0,113569.0,126061590.0,126061590.0,KOSDAQ,-0.72
037950,엘컴텍,2925.0,87792.0,87792.0,256791600.0,256791600.0,KOSDAQ,0.86
277070,린드먼아시아,3600.0,4816.0,4816.0,17337600.0,17337600.0,KOSDAQ,3.75
014950,삼익제약,4840.0,97898.0,97898.0,473826320.0,473826320.0,KOSDAQ,-1.73
340810,시선AI,3560.0,76850.0,76850.0,273586000.0,273586000.0,KOSDAQ,-2.2
391710,코닉오토메이션,1137.0,33590.0,33590.0,38191830.0,38191830.0,KOSDAQ,0.44
071670,에이테크솔루션,4840.0,24509.0,24509.0,118623560.0,118623560.0,KOSDAQ,-2.12
361570,알비더블유,1679.0,100680.0,100680.0,169041720.0,169041720.0,KOSDAQ,-0.94
122310,제노레이,3280.0,5873.0,5873.0,19263440.0,19263440.0,KOSDAQ,0.61
384470,코어라인소프트,2655.0,29598.0,29598.0,78582690.0,78582690.0,KOSDAQ,1.34
053980,오상자이엘,2505.0,5913590.0,5913590.0,14813542950.0,14813542950.0,KOSDAQ,3.3
373200,엑스플러스,1885.0,151821.0,151821.0,286182585.0,286182585.0,KOSDAQ,13.55
109080,옵티시스,8370.0,5285.0,5285.0,44235450.0,44235450.0,KOSDAQ,-1.06
145170,노브랜드,2775.0,16038.0,16038.0,44505450.0,44505450.0,KOSDAQ,-0.89
227950,엔투텍,1359.0,556167.0,556167.0,755830953.0,755830953.0,KOSDAQ,-5.23
340360,다보링크,900.0,126349.0,126349.0,113714100.0,113714100.0,KOSDAQ,-1.75
351320,넥사다이내믹스,1575.0,2598944.0,2598944.0,4093336800.0,4093336800.0,KOSDAQ,29.95
476040,오가노이드사이언스,7070.0,17875.0,17875.0,126376250.0,126376250.0,KOSDAQ,2.46
063440,SM Life Design,1027.0,78330.0,78330.0,80444910.0,80444910.0,KOSDAQ,0.49
440290,HB인베스트먼트,1687.0,32016.0,32016.0,54010992.0,54010992.0,KOSDAQ,-0.18
471820,셀로맥스사이언스,4105.0,656.0,656.0,2692880.0,2692880.0,KOSDAQ,0.12
131400,이브이첨단소재,775.0,1283403.0,1283403.0,994637325.0,994637325.0,KOSDAQ,-0.9
136410,아셈스,4180.0,3763.0,3763.0,15729340.0,15729340.0,KOSDAQ,0.6
382150,온코크로스,3525.0,284320.0,284320.0,1002228000.0,1002228000.0,KOSDAQ,5.54
198080,캐프,2135.0,48039.0,48039.0,102563265.0,102563265.0,KOSDAQ,-0.47
065130,탑엔지니어링,2870.0,24643.0,24643.0,70725410.0,70725410.0,KOSDAQ,-0.17
129890,앱코,1007.0,217558.0,217558.0,219080906.0,219080906.0,KOSDAQ,-2.14
094970,제이엠티,2730.0,68997.0,68997.0,188361810.0,188361810.0,KOSDAQ,1.11
321260,프로이천,1620.0,85229.0,85229.0,138070980.0,138070980.0,KOSDAQ,1.06
019990,에너토크,4680.0,21273.0,21273.0,99557640.0,99557640.0,KOSDAQ,-0.74
072470,우리산업홀딩스,2415.0,6812.0,6812.0,16450980.0,16450980.0,KOSDAQ,0.0
084650,랩지노믹스,613.0,5897469.0,5897469.0,3615148497.0,3615148497.0,KOSDAQ,4.79
224110,에이텍모빌리티,8940.0,2231.0,2231.0,19945140.0,19945140.0,KOSDAQ,0.0
189980,흥국에프엔비,1127.0,10900.0,10900.0,12284300.0,12284300.0,KOSDAQ,0.0
0010V0,제이피아이헬스케어,8860.0,3167.0,3167.0,28059620.0,28059620.0,KOSDAQ,-1.56
068330,일신바이오,1018.0,108513.0,108513.0,110466234.0,110466234.0,KOSDAQ,2.83
048770,TPC로보틱스,2865.0,47549.0,47549.0,136227885.0,136227885.0,KOSDAQ,-0.87
051390,YW,3950.0,2634.0,2634.0,10404300.0,10404300.0,KOSDAQ,-0.63
053450,세코닉스,3030.0,45765.0,45765.0,138667950.0,138667950.0,KOSDAQ,-0.33
050120,ES큐브,3300.0,4655.0,4655.0,15361500.0,15361500.0,KOSDAQ,0.0
072990,에이치시티,3080.0,3932.0,3932.0,12110560.0,12110560.0,KOSDAQ,0.16
127710,아시아경제,1013.0,7866.0,7866.0,7968258.0,7968258.0,KOSDAQ,-2.22
081180,쎄크,5020.0,19990.0,19990.0,100349800.0,100349800.0,KOSDAQ,0.9
083550,케이엠,3260.0,24512.0,24512.0,79909120.0,79909120.0,KOSDAQ,1.88
099410,동방선기,3155.0,64516.0,64516.0,203547980.0,203547980.0,KOSDAQ,1.12
178780,일월지엠엘,2365.0,9158.0,9158.0,21658670.0,21658670.0,KOSDAQ,3.5
246690,TS인베스트먼트,1850.0,168701.0,168701.0,312096850.0,312096850.0,KOSDAQ,-0.16
307280,원바이오젠,6190.0,15813.0,15813.0,97882470.0,97882470.0,KOSDAQ,4.92
222420,쎄노텍,905.0,89090.0,89090.0,80626450.0,80626450.0,KOSDAQ,0.33
066130,하츠,3420.0,30836.0,30836.0,105459120.0,105459120.0,KOSDAQ,2.55
229000,젠큐릭스,1866.0,274886.0,274886.0,512937276.0,512937276.0,KOSDAQ,7.99
317850,대모,5250.0,16212.0,16212.0,85113000.0,85113000.0,KOSDAQ,1.74
007680,대원,3300.0,9047.0,9047.0,29855100.0,29855100.0,KOSDAQ,0.15
114450,그린생명과학,2180.0,1566689.0,1566689.0,3415382020.0,3415382020.0,KOSDAQ,4.06
352910,오비고,3435.0,42085.0,42085.0,144561975.0,144561975.0,KOSDAQ,3.93
460470,아이빔테크놀로지,2870.0,17906.0,17906.0,51390220.0,51390220.0,KOSDAQ,1.23
059100,아이컴포넌트,6130.0,19683.0,19683.0,120656790.0,120656790.0,KOSDAQ,-1.45
208860,다산디엠씨,1269.0,357280.0,357280.0,453388320.0,453388320.0,KOSDAQ,9.87
238120,얼라인드,3025.0,2840.0,2840.0,8591000.0,8591000.0,KOSDAQ,1.85
163280,에어레인,3160.0,29569.0,29569.0,93438040.0,93438040.0,KOSDAQ,-0.47
190650,코리아에셋투자증권,6720.0,4026.0,4026.0,27054720.0,27054720.0,KOSDAQ,-2.47
219550,디와이디,1110.0,35942.0,35942.0,39895620.0,39895620.0,KOSDAQ,0.0
073110,엘엠에스,4825.0,1857.0,1857.0,8960025.0,8960025.0,KOSDAQ,1.58
424980,마이크로투나노,7250.0,22100.0,22100.0,160225000.0,160225000.0,KOSDAQ,2.55
199550,레이저옵텍,2890.0,92819.0,92819.0,268246910.0,268246910.0,KOSDAQ,-5.86
263020,디케이앤디,3100.0,32231.0,32231.0,99916100.0,99916100.0,KOSDAQ,0.0
461030,아이엠비디엑스,2990.0,6925.0,6925.0,20705750.0,20705750.0,KOSDAQ,-0.83
466410,사이냅소프트,8500.0,4926.0,4926.0,41871000.0,41871000.0,KOSDAQ,1.31
258610,케일럼,1169.0,14333.0,14333.0,16755277.0,16755277.0,KOSDAQ,1.83
052790,액토즈소프트,3875.0,8802.0,8802.0,34107750.0,34107750.0,KOSDAQ,2.65
140520,대창스틸,2005.0,35793.0,35793.0,71764965.0,71764965.0,KOSDAQ,1.62
226340,본느,5030.0,1571899.0,1571899.0,7906651970.0,7906651970.0,KOSDAQ,0.4
261520,이지스,4100.0,15116.0,15116.0,61975600.0,61975600.0,KOSDAQ,1.74
218150,미래생명자원,2050.0,226383.0,226383.0,464085150.0,464085150.0,KOSDAQ,-0.73
189690,포시에스,1531.0,10056.0,10056.0,15395736.0,15395736.0,KOSDAQ,-0.2
479960,위너스일렉,5860.0,8255.0,8255.0,48374300.0,48374300.0,KOSDAQ,-2.5
900250,크리스탈신소재,1160.0,100908.0,100908.0,117053280.0,117053280.0,KOSDAQ,-2.93
159580,제로투세븐,2070.0,33063.0,33063.0,68440410.0,68440410.0,KOSDAQ,-5.05
065500,오리엔트정공,1157.0,29711.0,29711.0,34375627.0,34375627.0,KOSDAQ,0.61
196300,HLB펩,4410.0,5342.0,5342.0,23558220.0,23558220.0,KOSDAQ,-5.16
052220,iMBC,1796.0,27621.0,27621.0,49607316.0,49607316.0,KOSDAQ,-1.64
089790,제이티,4000.0,38748.0,38748.0,154992000.0,154992000.0,KOSDAQ,-4.08
450330,하스,5040.0,4731.0,4731.0,23844240.0,23844240.0,KOSDAQ,1.1
043340,에쎈테크,868.0,19605.0,19605.0,17017140.0,17017140.0,KOSDAQ,1.4
413640,비아이매트릭스,5720.0,14904.0,14904.0,85250880.0,85250880.0,KOSDAQ,1.24
038070,서린바이오,4430.0,70258.0,70258.0,311242940.0,311242940.0,KOSDAQ,4.73
355690,에이텀,4300.0,98196.0,98196.0,422242800.0,422242800.0,KOSDAQ,-10.51
056700,신화인터텍,1412.0,60184.0,60184.0,84979808.0,84979808.0,KOSDAQ,0.21
150900,파수AI,3505.0,24132.0,24132.0,84582660.0,84582660.0,KOSDAQ,-1.13
002290,삼일기업공사,3300.0,10678.0,10678.0,35237400.0,35237400.0,KOSDAQ,0.0
123010,MSDI,2020.0,73752.0,73752.0,148979040.0,148979040.0,KOSDAQ,2.33
014190,원익큐브,1151.0,47321.0,47321.0,54466471.0,54466471.0,KOSDAQ,-1.88
086060,진바이오텍,4700.0,15616.0,15616.0,73395200.0,73395200.0,KOSDAQ,0.75
278650,HLB바이오스텝,2320.0,18365.0,18365.0,42606800.0,42606800.0,KOSDAQ,-1.28
042940,상지건설,5900.0,32846.0,32846.0,193791400.0,193791400.0,KOSDAQ,-1.17
263810,상신전자,2530.0,24570.0,24570.0,62162100.0,62162100.0,KOSDAQ,0.0
122690,서진오토모티브,1736.0,63002.0,63002.0,109371472.0,109371472.0,KOSDAQ,-1.36
038060,루멘스,829.0,117503.0,117503.0,97409987.0,97409987.0,KOSDAQ,-0.96
373160,데이원컴퍼니,2870.0,2671.0,2671.0,7665770.0,7665770.0,KOSDAQ,0.17
037230,한국팩키지,1328.0,25016.0,25016.0,33221248.0,33221248.0,KOSDAQ,0.53
088280,쏘닉스,2285.0,36741.0,36741.0,83953185.0,83953185.0,KOSDAQ,-1.3
025880,케이씨피드,2365.0,35255.0,35255.0,83378075.0,83378075.0,KOSDAQ,-0.21
256150,한독크린텍,4700.0,3910.0,3910.0,18377000.0,18377000.0,KOSDAQ,-2.89
290670,대보마그네틱,5000.0,15884.0,15884.0,79420000.0,79420000.0,KOSDAQ,3.95
250000,보라티알,5810.0,462.0,462.0,2684220.0,2684220.0,KOSDAQ,-0.85
261200,덴티스,2480.0,17513.0,17513.0,43432240.0,43432240.0,KOSDAQ,0.0
049830,승일,6380.0,834.0,834.0,5320920.0,5320920.0,KOSDAQ,-2.6
234100,폴라리스세원,2675.0,4980.0,4980.0,13321500.0,13321500.0,KOSDAQ,1.9
100660,서암기계공업,3085.0,14761.0,14761.0,45537685.0,45537685.0,KOSDAQ,3.35
348080,큐라티스,3025.0,96525.0,96525.0,291988125.0,291988125.0,KOSDAQ,8.42
189860,서전기전,4000.0,37529.0,37529.0,150116000.0,150116000.0,KOSDAQ,-1.96
060850,영림원소프트랩,4770.0,5069.0,5069.0,24179130.0,24179130.0,KOSDAQ,-0.31
101240,씨큐브,3415.0,17799.0,17799.0,60783585.0,60783585.0,KOSDAQ,0.0
104200,NHN벅스,2615.0,29304.0,29304.0,76629960.0,76629960.0,KOSDAQ,2.95
097870,효성오앤비,4565.0,14375.0,14375.0,65621875.0,65621875.0,KOSDAQ,-0.65
046310,백금T&A,2345.0,26228.0,26228.0,61504660.0,61504660.0,KOSDAQ,0.0
199480,뱅크웨어글로벌,3760.0,70762.0,70762.0,266065120.0,266065120.0,KOSDAQ,4.74
019770,서연탑메탈,3290.0,16872.0,16872.0,55508880.0,55508880.0,KOSDAQ,-0.9
044960,이글벳,3025.0,55392.0,55392.0,167560800.0,167560800.0,KOSDAQ,-1.14
153460,네이블,5850.0,3126.0,3126.0,18287100.0,18287100.0,KOSDAQ,-3.15
042040,케이피엠테크,4405.0,12175.0,12175.0,53630875.0,53630875.0,KOSDAQ,-6.28
219420,링크제니시스,3330.0,18890.0,18890.0,62903700.0,62903700.0,KOSDAQ,0.91
066900,디에이피,1675.0,919.0,919.0,1539325.0,1539325.0,KOSDAQ,-0.89
051490,나라엠앤디,2680.0,20002.0,20002.0,53605360.0,53605360.0,KOSDAQ,0.56
086040,바이오톡스텍,2380.0,13083.0,13083.0,31137540.0,31137540.0,KOSDAQ,1.93
446840,지슨,3440.0,20841.0,20841.0,71693040.0,71693040.0,KOSDAQ,2.23
046390,삼화네트웍스,2190.0,120605.0,120605.0,264124950.0,264124950.0,KOSDAQ,8.68
397810,애드포러스,7300.0,13979.0,13979.0,102046700.0,102046700.0,KOSDAQ,-0.82
186230,그린플러스,3445.0,10421.0,10421.0,35900345.0,35900345.0,KOSDAQ,0.0
014570,고려제약,3420.0,14040.0,14040.0,48016800.0,48016800.0,KOSDAQ,0.44
171010,램테크놀러지,2625.0,14122.0,14122.0,37070250.0,37070250.0,KOSDAQ,-2.05
393210,토마토시스템,2400.0,25328.0,25328.0,60787200.0,60787200.0,KOSDAQ,1.05
221840,하이즈항공,2000.0,6536.0,6536.0,13072000.0,13072000.0,KOSDAQ,0.6
065440,이루온,1371.0,67131.0,67131.0,92036601.0,92036601.0,KOSDAQ,-0.36
263770,유에스티,1577.0,7799.0,7799.0,12299023.0,12299023.0,KOSDAQ,-4.13
221980,케이디켐,9230.0,85.0,85.0,784550.0,784550.0,KOSDAQ,0.54
057540,옴니시스템,627.0,164872.0,164872.0,103374744.0,103374744.0,KOSDAQ,-4.71
043910,자연과환경,3275.0,19429.0,19429.0,63629975.0,63629975.0,KOSDAQ,-0.76
369370,블리츠웨이엔터테인먼트,3720.0,4832.0,4832.0,17975040.0,17975040.0,KOSDAQ,-0.8
263700,케어랩스,1911.0,28047.0,28047.0,53597817.0,53597817.0,KOSDAQ,0.05
177900,쓰리에이로직스,3820.0,11488.0,11488.0,43884160.0,43884160.0,KOSDAQ,-1.8
215380,콜마바이오텍,2185.0,28354.0,28354.0,61953490.0,61953490.0,KOSDAQ,2.82
072770,멤레이비티,884.0,264392.0,264392.0,233722528.0,233722528.0,KOSDAQ,-0.45
050860,아세아텍,1630.0,3193.0,3193.0,5204590.0,5204590.0,KOSDAQ,0.37
452200,민테크,1500.0,55237.0,55237.0,82855500.0,82855500.0,KOSDAQ,-1.38
123570,이엠넷,1638.0,3560.0,3560.0,5831280.0,5831280.0,KOSDAQ,0.8
206400,베노티앤알,971.0,24118.0,24118.0,23418578.0,23418578.0,KOSDAQ,2.43
318410,비비씨,6550.0,10987.0,10987.0,71964850.0,71964850.0,KOSDAQ,-0.76
032960,동일기연,2065.0,7899.0,7899.0,16311435.0,16311435.0,KOSDAQ,0.49
260660,알리코제약,2365.0,23310.0,23310.0,55128150.0,55128150.0,KOSDAQ,0.21
321820,아티스트컴퍼니,2320.0,7859.0,7859.0,18232880.0,18232880.0,KOSDAQ,-1.28
208710,포톤,2740.0,95111.0,95111.0,260604140.0,260604140.0,KOSDAQ,-4.36
270870,뉴트리,4010.0,1713.0,1713.0,6869130.0,6869130.0,KOSDAQ,0.0
045060,오공,2125.0,23006.0,23006.0,48887750.0,48887750.0,KOSDAQ,1.43
024120,KB오토시스,3130.0,2679.0,2679.0,8385270.0,8385270.0,KOSDAQ,0.81
057030,YBM넷,2200.0,28964.0,28964.0,63720800.0,63720800.0,KOSDAQ,0.0
204020,그리티,1831.0,16296.0,16296.0,29837976.0,29837976.0,KOSDAQ,-1.98
203450,유니온바이오메트릭스,2525.0,3145.0,3145.0,7941125.0,7941125.0,KOSDAQ,-0.59
290120,DH오토리드,2245.0,14803.0,14803.0,33232735.0,33232735.0,KOSDAQ,-3.85
432430,와이랩,2140.0,17946.0,17946.0,38404440.0,38404440.0,KOSDAQ,2.15
081580,성우전자,2270.0,20579.0,20579.0,46714330.0,46714330.0,KOSDAQ,2.02
064480,브리지텍,2945.0,29698.0,29698.0,87460610.0,87460610.0,KOSDAQ,-1.01
052600,한네트,3040.0,4487.0,4487.0,13640480.0,13640480.0,KOSDAQ,1.84
184230,SGA솔루션즈,1860.0,11824.0,11824.0,21992640.0,21992640.0,KOSDAQ,0.0
148930,에이치와이티씨,3420.0,17016.0,17016.0,58194720.0,58194720.0,KOSDAQ,1.18
026040,제이에스티나,2105.0,187593.0,187593.0,394883265.0,394883265.0,KOSDAQ,0.0
173940,에프엔씨엔터,2250.0,10281.0,10281.0,23132250.0,23132250.0,KOSDAQ,-3.64
035460,기산텔레콤,2315.0,35841.0,35841.0,82971915.0,82971915.0,KOSDAQ,2.89
352700,씨앤투스,1314.0,34940.0,34940.0,45911160.0,45911160.0,KOSDAQ,1.47
317240,TS트릴리온,1183.0,89218.0,89218.0,105544894.0,105544894.0,KOSDAQ,0.08
133750,메가엠디,1474.0,7315.0,7315.0,10782310.0,10782310.0,KOSDAQ,0.27
475460,미트박스,6100.0,3839.0,3839.0,23417900.0,23417900.0,KOSDAQ,2.35
006920,모헨즈,3150.0,42912.0,42912.0,135172800.0,135172800.0,KOSDAQ,-1.87
363250,진시스템,4035.0,10810.0,10810.0,43618350.0,43618350.0,KOSDAQ,1.25
318020,포인트모바일,2790.0,38283.0,38283.0,106809570.0,106809570.0,KOSDAQ,1.45
016600,큐캐피탈,2455.0,31961.0,31961.0,78464255.0,78464255.0,KOSDAQ,3.37
220180,폴라리스AI핸디,1428.0,4969.0,4969.0,7095732.0,7095732.0,KOSDAQ,0.14
045510,정원엔시스,1085.0,102479.0,102479.0,111189715.0,111189715.0,KOSDAQ,0.65
033540,파라텍,3260.0,26044.0,26044.0,84903440.0,84903440.0,KOSDAQ,-2.69
387570,파인메딕스,6050.0,9016.0,9016.0,54546800.0,54546800.0,KOSDAQ,-0.98
025440,DH오토웨어,3465.0,4345.0,4345.0,15055425.0,15055425.0,KOSDAQ,-3.88
476080,M83,4165.0,13527.0,13527.0,56339955.0,56339955.0,KOSDAQ,5.31
376980,원티드랩,3440.0,21498.0,21498.0,73953120.0,73953120.0,KOSDAQ,0.0
128540,에코캡,1257.0,10726.0,10726.0,13482582.0,13482582.0,KOSDAQ,0.56
296640,이노에이엑스,6470.0,10394.0,10394.0,67249180.0,67249180.0,KOSDAQ,1.89
007530,와이엠,1505.0,15406.0,15406.0,23186030.0,23186030.0,KOSDAQ,-0.59
159910,에코글로우,3180.0,6355.0,6355.0,20208900.0,20208900.0,KOSDAQ,1.44
419120,산돌,2340.0,18941.0,18941.0,44321940.0,44321940.0,KOSDAQ,0.0
064520,테크엘,1488.0,12814.0,12814.0,19067232.0,19067232.0,KOSDAQ,0.68
021650,한국큐빅,2030.0,3613.0,3613.0,7334390.0,7334390.0,KOSDAQ,-0.25
469750,아이비젼웍스,962.0,124696.0,124696.0,119957552.0,119957552.0,KOSDAQ,-1.43
464280,티디에스팜,5990.0,40764.0,40764.0,244176360.0,244176360.0,KOSDAQ,-1.64
465480,인스피언,3265.0,2516.0,2516.0,8214740.0,8214740.0,KOSDAQ,0.46
452300,캡스톤파트너스,2330.0,1699638.0,1699638.0,3960156540.0,3960156540.0,KOSDAQ,8.62
105550,엣지파운드리,2105.0,95367.0,95367.0,200747535.0,200747535.0,KOSDAQ,-2.55
037330,인지디스플레,750.0,32018.0,32018.0,24013500.0,24013500.0,KOSDAQ,-3.23
068050,팬엔터테인먼트,1187.0,12733.0,12733.0,15114071.0,15114071.0,KOSDAQ,0.76
080520,오디텍,2895.0,1611.0,1611.0,4663845.0,4663845.0,KOSDAQ,-0.86
263920,휴엠앤씨,3340.0,1753.0,1753.0,5855020.0,5855020.0,KOSDAQ,0.15
075130,플랜티넷,2025.0,13884.0,13884.0,28115100.0,28115100.0,KOSDAQ,0.5
109820,진매트릭스,1600.0,2270002.0,2270002.0,3632003200.0,3632003200.0,KOSDAQ,11.89
039290,인포뱅크,3745.0,4758.0,4758.0,17818710.0,17818710.0,KOSDAQ,-4.1
106240,파인테크닉스,1220.0,9708.0,9708.0,11843760.0,11843760.0,KOSDAQ,-0.81
071850,캐스텍코리아,1335.0,1038.0,1038.0,1385730.0,1385730.0,KOSDAQ,-0.15
348030,모비릭스,3370.0,115038.0,115038.0,387678060.0,387678060.0,KOSDAQ,7.5
121890,에스디시스템,2430.0,33056.0,33056.0,80326080.0,80326080.0,KOSDAQ,1.25
127980,화인써키트,2725.0,20383.0,20383.0,55543675.0,55543675.0,KOSDAQ,-5.22
200780,비씨월드제약,3020.0,8231.0,8231.0,24857620.0,24857620.0,KOSDAQ,0.0
089140,넥스턴앤롤코리아,2100.0,106966.0,106966.0,224628600.0,224628600.0,KOSDAQ,-1.41
335810,프리시젼바이오,1465.0,16724.0,16724.0,24500660.0,24500660.0,KOSDAQ,1.74
099390,브레인즈컴퍼니,3915.0,38662.0,38662.0,151361730.0,151361730.0,KOSDAQ,4.4
053950,경남제약,1635.0,388867.0,388867.0,635797545.0,635797545.0,KOSDAQ,6.51
417860,오브젠,6800.0,12956.0,12956.0,88100800.0,88100800.0,KOSDAQ,0.44
038950,파인디지털,3125.0,10393.0,10393.0,32478125.0,32478125.0,KOSDAQ,0.81
232830,아이티센피엔에스,1928.0,46805.0,46805.0,90240040.0,90240040.0,KOSDAQ,8.74
089150,케이씨티,1850.0,40777.0,40777.0,75437450.0,75437450.0,KOSDAQ,3.53
239890,피엔에이치테크,3180.0,10798.0,10798.0,34337640.0,34337640.0,KOSDAQ,1.76
311390,네오크레마,2495.0,25018.0,25018.0,62419910.0,62419910.0,KOSDAQ,2.89
101670,하이드로리튬,556.0,1374118.0,1374118.0,764009608.0,764009608.0,KOSDAQ,1.09
031510,오스템,1125.0,76612.0,76612.0,86188500.0,86188500.0,KOSDAQ,0.45
462310,뉴키즈온,3980.0,12329.0,12329.0,49069420.0,49069420.0,KOSDAQ,0.63
131090,시큐브,4085.0,18057.0,18057.0,73762845.0,73762845.0,KOSDAQ,-0.61
434480,모니터랩,2540.0,7743.0,7743.0,19667220.0,19667220.0,KOSDAQ,0.0
290090,트윔,4200.0,7301.0,7301.0,30664200.0,30664200.0,KOSDAQ,1.82
408900,스튜디오미르,954.0,40910.0,40910.0,39028140.0,39028140.0,KOSDAQ,-4.7
271830,팸텍,1059.0,311567.0,311567.0,329949453.0,329949453.0,KOSDAQ,-4.51
187270,신화콘텍,3075.0,2983.0,2983.0,9172725.0,9172725.0,KOSDAQ,0.0
065950,웰크론,1103.0,244917.0,244917.0,270143451.0,270143451.0,KOSDAQ,4.55
193250,링크드,2325.0,71198.0,71198.0,165535350.0,165535350.0,KOSDAQ,5.68
087600,픽셀플러스,3800.0,2227.0,2227.0,8462600.0,8462600.0,KOSDAQ,0.53
022220,티케이지애강,598.0,5267.0,5267.0,3149666.0,3149666.0,KOSDAQ,-0.83
020180,대신정보통신,4020.0,24443.0,24443.0,98260860.0,98260860.0,KOSDAQ,-4.06
012620,원일특강,7000.0,2236.0,2236.0,15652000.0,15652000.0,KOSDAQ,-0.71
033830,티비씨,1620.0,4795.0,4795.0,7767900.0,7767900.0,KOSDAQ,0.25
091970,LSK아이로봇,4065.0,15174.0,15174.0,61682310.0,61682310.0,KOSDAQ,2.01
060540,에스에이티,1171.0,59554.0,59554.0,69737734.0,69737734.0,KOSDAQ,0.09
360350,코셈,5600.0,21226.0,21226.0,118865600.0,118865600.0,KOSDAQ,-6.82
088340,유라클,6950.0,4958.0,4958.0,34458100.0,34458100.0,KOSDAQ,2.81
037370,EG,3515.0,8848.0,8848.0,31100720.0,31100720.0,KOSDAQ,-0.42
458350,에스팀,3490.0,9578.0,9578.0,33427220.0,33427220.0,KOSDAQ,-2.51
464580,닷밀,1639.0,43332.0,43332.0,71021148.0,71021148.0,KOSDAQ,-4.21
290560,파라택시스이더리움,1344.0,5539073.0,5539073.0,7444514112.0,7444514112.0,KOSDAQ,-1.32
079170,한창산업,5750.0,3251.0,3251.0,18693250.0,18693250.0,KOSDAQ,1.95
197140,디지캡,2295.0,13331.0,13331.0,30594645.0,30594645.0,KOSDAQ,0.0
013720,청보,2450.0,8845.0,8845.0,21670250.0,21670250.0,KOSDAQ,3.16
007720,소노스퀘어,1476.0,17486.0,17486.0,25809336.0,25809336.0,KOSDAQ,-1.34
053290,NE능률,1792.0,28203.0,28203.0,50539776.0,50539776.0,KOSDAQ,-2.18
452160,제이엔비,3075.0,16912.0,16912.0,52004400.0,52004400.0,KOSDAQ,-0.81
388610,지에프씨생명과학,5530.0,35550.0,35550.0,196591500.0,196591500.0,KOSDAQ,-0.9
450520,인스웨이브,2000.0,8781.0,8781.0,17562000.0,17562000.0,KOSDAQ,0.5
305090,마이크로디지탈,1568.0,133917.0,133917.0,209981856.0,209981856.0,KOSDAQ,3.98
069140,누리플랜,1945.0,39036.0,39036.0,75925020.0,75925020.0,KOSDAQ,1.83
066910,손오공,1908.0,19022.0,19022.0,36293976.0,36293976.0,KOSDAQ,0.37
093380,풍강,2970.0,17900.0,17900.0,53163000.0,53163000.0,KOSDAQ,0.34
096630,에스코넥,1842.0,11745.0,11745.0,21634290.0,21634290.0,KOSDAQ,-3.05
075970,동국알앤에스,1586.0,13163.0,13163.0,20876518.0,20876518.0,KOSDAQ,1.21
239610,에이치엘사이언스,5410.0,1801.0,1801.0,9743410.0,9743410.0,KOSDAQ,-1.99
050110,캠시스,998.0,95131.0,95131.0,94940738.0,94940738.0,KOSDAQ,-2.06
254120,자비스,948.0,73172.0,73172.0,69367056.0,69367056.0,KOSDAQ,1.28
215090,솔디펜스,1249.0,67517.0,67517.0,84328733.0,84328733.0,KOSDAQ,-2.12
310870,디와이씨,1317.0,80825.0,80825.0,106446525.0,106446525.0,KOSDAQ,-2.44
109960,앱토크롬,1908.0,7718.0,7718.0,14725944.0,14725944.0,KOSDAQ,-0.88
262840,아이퀘스트,2730.0,10389.0,10389.0,28361970.0,28361970.0,KOSDAQ,-1.44
318010,팜스빌,3630.0,3006.0,3006.0,10911780.0,10911780.0,KOSDAQ,0.28
119500,포메탈,2425.0,26458.0,26458.0,64160650.0,64160650.0,KOSDAQ,-3.39
069410,엔텔스,2800.0,3286.0,3286.0,9200800.0,9200800.0,KOSDAQ,-1.75
351330,이삭엔지니어링,3455.0,13669.0,13669.0,47226395.0,47226395.0,KOSDAQ,-3.63
367000,플래티어,3410.0,3089.0,3089.0,10533490.0,10533490.0,KOSDAQ,0.44
078590,휴림에이텍,2860.0,35830.0,35830.0,102473800.0,102473800.0,KOSDAQ,-1.89
008470,부스타,1700.0,21023.0,21023.0,35739100.0,35739100.0,KOSDAQ,-1.73
038620,위즈코프,1885.0,3490.0,3490.0,6578650.0,6578650.0,KOSDAQ,-0.74
115480,씨유메디칼,2345.0,71544.0,71544.0,167770680.0,167770680.0,KOSDAQ,2.85
079000,와토스코리아,3920.0,32460.0,32460.0,127243200.0,127243200.0,KOSDAQ,-4.39
103840,우양,1721.0,15684.0,15684.0,26992164.0,26992164.0,KOSDAQ,-1.43
364950,에이아이코리아,3395.0,23437.0,23437.0,79568615.0,79568615.0,KOSDAQ,2.72
031310,아이즈비전,944.0,19377.0,19377.0,18291888.0,18291888.0,KOSDAQ,-0.42
160550,NEW,1005.0,15723.0,15723.0,15801615.0,15801615.0,KOSDAQ,-2.8
376180,피코그램,1509.0,29007.0,29007.0,43771563.0,43771563.0,KOSDAQ,-0.79
407400,꿈비,1909.0,11587.0,11587.0,22119583.0,22119583.0,KOSDAQ,0.16
276730,한울앤제주,1236.0,1156311.0,1156311.0,1429200396.0,1429200396.0,KOSDAQ,-23.23
237820,플레이디,2175.0,40310.0,40310.0,87674250.0,87674250.0,KOSDAQ,-2.25
068100,케이웨더,2335.0,6526.0,6526.0,15238210.0,15238210.0,KOSDAQ,0.0
444530,심플랫폼,4330.0,4713.0,4713.0,20407290.0,20407290.0,KOSDAQ,-0.46
096690,에이루트,6890.0,5563.0,5563.0,38329070.0,38329070.0,KOSDAQ,2.68
016920,카스,1077.0,79528.0,79528.0,85651656.0,85651656.0,KOSDAQ,-0.55
049120,파인디앤씨,2600.0,18332.0,18332.0,47663200.0,47663200.0,KOSDAQ,-3.7
026910,광진실업,3475.0,191588.0,191588.0,665768300.0,665768300.0,KOSDAQ,-11.46
900070,글로벌에스엠,1025.0,7563.0,7563.0,7752075.0,7752075.0,KOSDAQ,0.59
080530,코디,2485.0,5380.0,5380.0,13369300.0,13369300.0,KOSDAQ,0.0
057680,티사이언티픽,1740.0,898791.0,898791.0,1563896340.0,1563896340.0,KOSDAQ,14.02
017000,신원종합개발,2355.0,30659.0,30659.0,72201945.0,72201945.0,KOSDAQ,0.21
188260,세니젠,1976.0,9192.0,9192.0,18163392.0,18163392.0,KOSDAQ,-1.69
139670,키네마스터,1942.0,14705.0,14705.0,28557110.0,28557110.0,KOSDAQ,1.3
226330,신테카바이오,1130.0,280085.0,280085.0,316496050.0,316496050.0,KOSDAQ,-9.02
131220,대한과학,3655.0,4846.0,4846.0,17712130.0,17712130.0,KOSDAQ,0.97
058110,멕아이씨에스,1682.0,199541.0,199541.0,335627962.0,335627962.0,KOSDAQ,0.12
123840,뉴온,1731.0,4406.0,4406.0,7626786.0,7626786.0,KOSDAQ,-0.8
290270,휴네시온,2800.0,12142.0,12142.0,33997600.0,33997600.0,KOSDAQ,0.9
328380,솔트웨어,3925.0,26980.0,26980.0,105896500.0,105896500.0,KOSDAQ,4.11
045300,성우테크론,2545.0,19417.0,19417.0,49416265.0,49416265.0,KOSDAQ,1.6
195500,마니커에프앤지,1679.0,41975.0,41975.0,70476025.0,70476025.0,KOSDAQ,1.45
900310,컬러레이,2090.0,8008.0,8008.0,16736720.0,16736720.0,KOSDAQ,6.8
070590,인티큐브,1924.0,11094.0,11094.0,21344856.0,21344856.0,KOSDAQ,-1.18
021880,메이슨캐피탈,1257.0,46006.0,46006.0,57829542.0,57829542.0,KOSDAQ,-0.24
356890,싸이버원,2230.0,13537.0,13537.0,30187510.0,30187510.0,KOSDAQ,0.0
336060,웨이버스,2765.0,6353.0,6353.0,17566045.0,17566045.0,KOSDAQ,-1.78
138070,신진에스엠,1520.0,7313.0,7313.0,11115760.0,11115760.0,KOSDAQ,-1.36
475660,에스켐,3350.0,2208.0,2208.0,7396800.0,7396800.0,KOSDAQ,-1.33
225220,제놀루션,1383.0,46283.0,46283.0,64009389.0,64009389.0,KOSDAQ,-0.86
462980,아이지넷,1452.0,89486.0,89486.0,129933672.0,129933672.0,KOSDAQ,-0.55
067010,이씨에스,2430.0,166077.0,166077.0,403567110.0,403567110.0,KOSDAQ,1.04
130500,GH신소재,1819.0,36547.0,36547.0,66478993.0,66478993.0,KOSDAQ,-0.38
406820,뷰티스킨,1869.0,159106.0,159106.0,297369114.0,297369114.0,KOSDAQ,-0.74
038530,케이바이오랩스,1020.0,70992.0,70992.0,72411840.0,72411840.0,KOSDAQ,6.14
048470,대동스틸,2730.0,8881.0,8881.0,24245130.0,24245130.0,KOSDAQ,1.11
115530,씨엔플러스,3055.0,47048.0,47048.0,143731640.0,143731640.0,KOSDAQ,9.11
430690,한싹,2405.0,28732.0,28732.0,69100460.0,69100460.0,KOSDAQ,1.05
001810,무림SP,1181.0,15048.0,15048.0,17771688.0,17771688.0,KOSDAQ,-0.76
215790,이노인스트루먼트,649.0,964993.0,964993.0,626280457.0,626280457.0,KOSDAQ,-4.14
033050,제이엠아이,820.0,16376.0,16376.0,13428320.0,13428320.0,KOSDAQ,-0.36
462510,라메디텍,2965.0,18391.0,18391.0,54529315.0,54529315.0,KOSDAQ,2.24
027040,서울전자통신,1874.0,46331.0,46331.0,86824294.0,86824294.0,KOSDAQ,-2.04
032750,삼진,2880.0,3152.0,3152.0,9077760.0,9077760.0,KOSDAQ,0.0
373170,엠아이큐브솔루션,1720.0,3249.0,3249.0,5588280.0,5588280.0,KOSDAQ,-1.32
134060,이퓨쳐,5440.0,4382.0,4382.0,23838080.0,23838080.0,KOSDAQ,-0.37
177830,파버나인,2290.0,29763.0,29763.0,68157270.0,68157270.0,KOSDAQ,-0.87
288620,에스프리즘,3700.0,17307.0,17307.0,64035900.0,64035900.0,KOSDAQ,-3.77
019570,GMI벤처,2705.0,8220.0,8220.0,22235100.0,22235100.0,KOSDAQ,-1.46
007770,한일화학,7350.0,1873.0,1873.0,13766550.0,13766550.0,KOSDAQ,-1.87
301300,바이브컴퍼니,1955.0,25384.0,25384.0,49625720.0,49625720.0,KOSDAQ,-2.1
039310,세중,1416.0,51871.0,51871.0,73449336.0,73449336.0,KOSDAQ,-1.12
060380,동양에스텍,1300.0,15245.0,15245.0,19818500.0,19818500.0,KOSDAQ,-0.31
236810,엔비티,1507.0,30002.0,30002.0,45213014.0,45213014.0,KOSDAQ,2.38
054780,키이스트,1293.0,6282.0,6282.0,8122626.0,8122626.0,KOSDAQ,1.57
035200,프럼파스트,2735.0,13621.0,13621.0,37253435.0,37253435.0,KOSDAQ,1.3
073540,에프알텍,2210.0,23512.0,23512.0,51961520.0,51961520.0,KOSDAQ,-5.76
0010F0,보원케미칼,2260.0,44716.0,44716.0,101058160.0,101058160.0,KOSDAQ,0.67
091340,S&K폴리텍,2150.0,15571.0,15571.0,33477650.0,33477650.0,KOSDAQ,0.0
198940,한주라이트메탈,1262.0,52656.0,52656.0,66451872.0,66451872.0,KOSDAQ,-1.87
318000,KBG,2855.0,4172.0,4172.0,11911060.0,11911060.0,KOSDAQ,-1.55
333050,이노테나,5050.0,21564.0,21564.0,108898200.0,108898200.0,KOSDAQ,1.41
146060,율촌,1034.0,58511.0,58511.0,60500374.0,60500374.0,KOSDAQ,-1.24
114630,폴라리스우노,1440.0,35464.0,35464.0,51068160.0,51068160.0,KOSDAQ,-1.57
076080,웰크론한텍,1096.0,24476.0,24476.0,26825696.0,26825696.0,KOSDAQ,-1.88
267790,배럴,3205.0,1912.0,1912.0,6127960.0,6127960.0,KOSDAQ,-3.9
227610,아우딘퓨쳐스,1270.0,35801.0,35801.0,45467270.0,45467270.0,KOSDAQ,0.87
085810,알티캐스트,1734.0,6090.0,6090.0,10560060.0,10560060.0,KOSDAQ,-0.06
238490,힘스,2165.0,1663.0,1663.0,3600395.0,3600395.0,KOSDAQ,-1.37
368970,오에스피,2400.0,53266.0,53266.0,127838400.0,127838400.0,KOSDAQ,0.21
054090,삼진엘앤디,980.0,51954.0,51954.0,50914920.0,50914920.0,KOSDAQ,2.51
290520,신도기연,1550.0,16769.0,16769.0,25991950.0,25991950.0,KOSDAQ,0.32
038870,에코심플렉스,1736.0,2021.0,2021.0,3508456.0,3508456.0,KOSDAQ,0.0
331520,밸로프,2480.0,16267.0,16267.0,40342160.0,40342160.0,KOSDAQ,-2.17
222980,한국맥널티,2200.0,7401.0,7401.0,16282200.0,16282200.0,KOSDAQ,0.23
440320,오픈놀,2430.0,46905.0,46905.0,113979150.0,113979150.0,KOSDAQ,2.32
039740,한국정보공학,3020.0,11172.0,11172.0,33739440.0,33739440.0,KOSDAQ,-0.49
065150,대산F&B,1519.0,16157.0,16157.0,24542483.0,24542483.0,KOSDAQ,-1.17
298060,풍전약품,2510.0,10777.0,10777.0,27050270.0,27050270.0,KOSDAQ,0.0
169330,엠브레인,1320.0,3644.0,3644.0,4810080.0,4810080.0,KOSDAQ,0.0
044780,에이치케이,1303.0,9195.0,9195.0,11981085.0,11981085.0,KOSDAQ,0.62
097780,에코볼트,1187.0,3271.0,3271.0,3882677.0,3882677.0,KOSDAQ,0.08
355390,크라우드웍스,1514.0,155532.0,155532.0,235475448.0,235475448.0,KOSDAQ,-3.69
051380,피씨디렉트,1564.0,30973.0,30973.0,48441772.0,48441772.0,KOSDAQ,0.32
053060,세동,1355.0,46983.0,46983.0,63661965.0,63661965.0,KOSDAQ,0.22
464500,아이언디바이스,1708.0,40107.0,40107.0,68502756.0,68502756.0,KOSDAQ,-2.4
090150,아이윈,5680.0,27516.0,27516.0,156290880.0,156290880.0,KOSDAQ,-1.56
063760,이엘피,2550.0,12432.0,12432.0,31701600.0,31701600.0,KOSDAQ,1.19
188040,바이오포트,5040.0,7137.0,7137.0,35970480.0,35970480.0,KOSDAQ,1.0
109670,씨싸이트,4040.0,8517.0,8517.0,34408680.0,34408680.0,KOSDAQ,-0.74
036480,대성미생물,6200.0,5967.0,5967.0,36995400.0,36995400.0,KOSDAQ,0.49
038880,아이에이,3135.0,12484.0,12484.0,39137340.0,39137340.0,KOSDAQ,-3.24
016670,디모아,2310.0,8887.0,8887.0,20528970.0,20528970.0,KOSDAQ,0.0
377030,비트맥스,1645.0,118328.0,118328.0,194649560.0,194649560.0,KOSDAQ,-3.69
130740,티피씨글로벌,2080.0,23665.0,23665.0,49223200.0,49223200.0,KOSDAQ,-3.26
033200,모아텍,2545.0,1850.0,1850.0,4708250.0,4708250.0,KOSDAQ,0.39
095910,에스에너지,628.0,318509.0,318509.0,200023652.0,200023652.0,KOSDAQ,0.32
200350,아티스트스튜디오,2340.0,4766.0,4766.0,11152440.0,11152440.0,KOSDAQ,-3.9
289220,자이언트스텝,1047.0,26869.0,26869.0,28131843.0,28131843.0,KOSDAQ,-0.76
257370,피엔티엠에스,1868.0,94021.0,94021.0,175631228.0,175631228.0,KOSDAQ,-4.74
351870,차이커뮤니케이션,2090.0,10743.0,10743.0,22452870.0,22452870.0,KOSDAQ,-2.34
123750,알톤,1676.0,5267.0,5267.0,8827492.0,8827492.0,KOSDAQ,0.12
208350,지란지교시큐리티,2855.0,5387.0,5387.0,15379885.0,15379885.0,KOSDAQ,2.7
032790,엠젠솔루션,900.0,46624.0,46624.0,41961600.0,41961600.0,KOSDAQ,-0.88
047080,한빛소프트,931.0,50889.0,50889.0,47377659.0,47377659.0,KOSDAQ,-0.75
237750,피앤씨테크,3555.0,4032.0,4032.0,14333760.0,14333760.0,KOSDAQ,0.0
154040,다산솔루에타,1067.0,233921.0,233921.0,249593707.0,249593707.0,KOSDAQ,4.0
018680,서울제약,1977.0,5559.0,5559.0,10990143.0,10990143.0,KOSDAQ,-0.75
013810,스페코,1572.0,34227.0,34227.0,53804844.0,53804844.0,KOSDAQ,2.01
101680,한국정밀기계,2735.0,14604.0,14604.0,39941940.0,39941940.0,KOSDAQ,-0.18
187220,디티앤씨,1992.0,9919.0,9919.0,19758648.0,19758648.0,KOSDAQ,-2.59
195990,루트K,1400.0,36873.0,36873.0,51622200.0,51622200.0,KOSDAQ,5.11
238200,비피도,2770.0,9801.0,9801.0,27148770.0,27148770.0,KOSDAQ,1.47
032080,아즈텍WB,1047.0,6261.0,6261.0,6555267.0,6555267.0,KOSDAQ,1.16
241840,에이스토리,2350.0,20768.0,20768.0,48804800.0,48804800.0,KOSDAQ,-2.08
405920,나라셀라,1732.0,39035.0,39035.0,67608620.0,67608620.0,KOSDAQ,-8.6
359090,씨엔알리서치,1935.0,5686.0,5686.0,11002410.0,11002410.0,KOSDAQ,-0.87
415380,스튜디오삼익,1928.0,4187.0,4187.0,8072536.0,8072536.0,KOSDAQ,0.16
215480,토박스코리아,2050.0,14016.0,14016.0,28732800.0,28732800.0,KOSDAQ,-7.24
258790,소프트캠프,4405.0,21968.0,21968.0,96769040.0,96769040.0,KOSDAQ,0.8
352940,인바이오,2025.0,27488.0,27488.0,55663200.0,55663200.0,KOSDAQ,-2.64
032280,삼일,1356.0,42297.0,42297.0,57354732.0,57354732.0,KOSDAQ,-0.15
052300,오션인더블유,1350.0,110161.0,110161.0,148717350.0,148717350.0,KOSDAQ,1.12
900110,딥커머스,1186.0,13677.0,13677.0,16220922.0,16220922.0,KOSDAQ,0.25
131180,딜리,3715.0,4020.0,4020.0,14934300.0,14934300.0,KOSDAQ,0.68
192390,윈하이텍,1819.0,10550.0,10550.0,19190450.0,19190450.0,KOSDAQ,0.44
054940,엑사이엔씨,3280.0,58676.0,58676.0,192457280.0,192457280.0,KOSDAQ,2.5
432980,엠에프씨,2520.0,1177.0,1177.0,2966040.0,2966040.0,KOSDAQ,-0.79
398120,에스지헬스케어,1828.0,47141.0,47141.0,86173748.0,86173748.0,KOSDAQ,-5.72
277410,인산가,5590.0,1794.0,1794.0,10028460.0,10028460.0,KOSDAQ,-0.18
017250,인터엠,1020.0,15459.0,15459.0,15768180.0,15768180.0,KOSDAQ,1.29
378800,샤페론,464.0,506151.0,506151.0,234854064.0,234854064.0,KOSDAQ,-0.85
115160,휴맥스,4980.0,17643.0,17643.0,87862140.0,87862140.0,KOSDAQ,-1.19
353190,휴럼,2720.0,1629.0,1629.0,4430880.0,4430880.0,KOSDAQ,-1.27
067730,로지시스,2210.0,5365.0,5365.0,11856650.0,11856650.0,KOSDAQ,0.45
340440,세림B&G,751.0,63530.0,63530.0,47711030.0,47711030.0,KOSDAQ,1.08
219750,한국비티비,1627.0,2934.0,2934.0,4773618.0,4773618.0,KOSDAQ,0.06
206560,덱스터,836.0,248421.0,248421.0,207679956.0,207679956.0,KOSDAQ,-4.57
353590,오토앤,1650.0,3552.0,3552.0,5860800.0,5860800.0,KOSDAQ,2.04
317120,라닉스,1387.0,31869.0,31869.0,44202303.0,44202303.0,KOSDAQ,1.02
101400,엔시트론,1800.0,205327.0,205327.0,369588600.0,369588600.0,KOSDAQ,-5.26
067770,세진티에스,2515.0,83106.0,83106.0,209011590.0,209011590.0,KOSDAQ,-3.27
429270,시지트로닉스,3270.0,19053.0,19053.0,62303310.0,62303310.0,KOSDAQ,0.0
275630,에스에스알,4000.0,3209.0,3209.0,12836000.0,12836000.0,KOSDAQ,-3.61
016100,리더스코스메틱,1100.0,15476.0,15476.0,17023600.0,17023600.0,KOSDAQ,-0.54
021040,대호특수강,967.0,11937.0,11937.0,11543079.0,11543079.0,KOSDAQ,0.42
148780,비큐AI,3315.0,418363.0,418363.0,1386873345.0,1386873345.0,KOSDAQ,-12.3
023770,플레이위드,2330.0,13225.0,13225.0,30814250.0,30814250.0,KOSDAQ,0.0
377330,이지트로닉스,2560.0,7816.0,7816.0,20008960.0,20008960.0,KOSDAQ,-1.16
098660,에스티오,1663.0,74072.0,74072.0,123181736.0,123181736.0,KOSDAQ,8.76
065690,파커스,1730.0,29239.0,29239.0,50583470.0,50583470.0,KOSDAQ,2.43
361670,삼영에스앤씨,3650.0,2124.0,2124.0,7752600.0,7752600.0,KOSDAQ,0.83
362990,드림인사이트,1228.0,11313.0,11313.0,13892364.0,13892364.0,KOSDAQ,-0.08
372800,아이티아이즈,2930.0,9130.0,9130.0,26750900.0,26750900.0,KOSDAQ,0.34
200230,텔콘RF제약,2170.0,18476.0,18476.0,40092920.0,40092920.0,KOSDAQ,0.46
424760,벨로크,2045.0,23448.0,23448.0,47951160.0,47951160.0,KOSDAQ,2.25
274400,이노시뮬레이션,2260.0,3751.0,3751.0,8477260.0,8477260.0,KOSDAQ,-0.88
080470,성창오토텍,2805.0,4275.0,4275.0,11991375.0,11991375.0,KOSDAQ,-2.26
014100,메디앙스,1735.0,8637.0,8637.0,14985195.0,14985195.0,KOSDAQ,0.64
065060,지엔코,3415.0,15340.0,15340.0,52386100.0,52386100.0,KOSDAQ,-1.87
373110,엑셀세라퓨틱스,1178.0,49172.0,49172.0,57924616.0,57924616.0,KOSDAQ,-4.31
383930,디티앤씨알오,1593.0,72188.0,72188.0,114995484.0,114995484.0,KOSDAQ,-4.55
032680,소프트센,976.0,162214.0,162214.0,158320864.0,158320864.0,KOSDAQ,-2.59
303530,이노뎁,2770.0,4893.0,4893.0,13553610.0,13553610.0,KOSDAQ,0.18
084440,유비온,1055.0,8384.0,8384.0,8845120.0,8845120.0,KOSDAQ,-3.21
083470,이엠앤아이,945.0,66243.0,66243.0,62599635.0,62599635.0,KOSDAQ,-4.16
300120,라온피플,2035.0,42668.0,42668.0,86829380.0,86829380.0,KOSDAQ,-5.13
056730,CNT85,1357.0,4868.0,4868.0,6605876.0,6605876.0,KOSDAQ,-2.16
043590,웰킵스하이텍,1475.0,176005.0,176005.0,259607375.0,259607375.0,KOSDAQ,0.96
054410,케이피티유,3485.0,6747.0,6747.0,23513295.0,23513295.0,KOSDAQ,-1.97
069330,유아이디,1177.0,569347.0,569347.0,670121419.0,670121419.0,KOSDAQ,5.0
019660,글로본,1430.0,23071.0,23071.0,32991530.0,32991530.0,KOSDAQ,-5.67
096870,엘디티,2370.0,17642.0,17642.0,41811540.0,41811540.0,KOSDAQ,-1.86
043360,디지아이,2190.0,2914.0,2914.0,6381660.0,6381660.0,KOSDAQ,-1.79
431190,케이쓰리아이,2630.0,9617.0,9617.0,25292710.0,25292710.0,KOSDAQ,-5.4
048830,엔피케이,1050.0,11019.0,11019.0,11569950.0,11569950.0,KOSDAQ,-2.05
115570,스타플렉스,2460.0,16382.0,16382.0,40299720.0,40299720.0,KOSDAQ,0.41
032800,판타지오,1571.0,8095.0,8095.0,12717245.0,12717245.0,KOSDAQ,0.71
154030,아시아종묘,1622.0,23563.0,23563.0,38219186.0,38219186.0,KOSDAQ,-1.7
347770,핌스,861.0,94518.0,94518.0,81379998.0,81379998.0,KOSDAQ,-5.59
405000,플라즈맵,3625.0,15115.0,15115.0,54791875.0,54791875.0,KOSDAQ,3.57
054220,비츠로시스,1545.0,49369.0,49369.0,76275105.0,76275105.0,KOSDAQ,-5.04
455180,케이지에이,1313.0,26457.0,26457.0,34738041.0,34738041.0,KOSDAQ,-0.23
342870,오아,3530.0,5700.0,5700.0,20121000.0,20121000.0,KOSDAQ,-0.28
065370,위세아이텍,2600.0,14544.0,14544.0,37814400.0,37814400.0,KOSDAQ,1.76
438700,버넥트,1721.0,55816.0,55816.0,96059336.0,96059336.0,KOSDAQ,1.12
024940,PN풍년,1914.0,12931.0,12931.0,24749934.0,24749934.0,KOSDAQ,0.63
419540,비스토스,3190.0,102481.0,102481.0,326914390.0,326914390.0,KOSDAQ,-14.93
027580,상보,1602.0,19259.0,19259.0,30852918.0,30852918.0,KOSDAQ,-1.96
148250,알엔투테크놀로지,1389.0,28516.0,28516.0,39608724.0,39608724.0,KOSDAQ,-0.71
196700,웹스,1314.0,36317.0,36317.0,47720538.0,47720538.0,KOSDAQ,-0.08
050760,에스폴리텍,1149.0,115978.0,115978.0,133258722.0,133258722.0,KOSDAQ,0.79
073570,리튬포어스,1558.0,117838.0,117838.0,183591604.0,183591604.0,KOSDAQ,-2.32
344860,이노진,1295.0,8352.0,8352.0,10815840.0,10815840.0,KOSDAQ,2.05
365900,브이씨,2555.0,18065.0,18065.0,46156075.0,46156075.0,KOSDAQ,1.79
137940,넥스트아이,1901.0,13923.0,13923.0,26467623.0,26467623.0,KOSDAQ,-2.41
018620,우진비앤지,2680.0,20388.0,20388.0,54639840.0,54639840.0,KOSDAQ,2.68
303030,지니틱스,2000.0,106992.0,106992.0,213984000.0,213984000.0,KOSDAQ,0.3
900340,윙입푸드,1450.0,320650.0,320650.0,464942500.0,464942500.0,KOSDAQ,-9.26
368600,아이씨에이치,707.0,206265.0,206265.0,145829355.0,145829355.0,KOSDAQ,1.87
322780,코퍼스코리아,2030.0,30483.0,30483.0,61880490.0,61880490.0,KOSDAQ,-1.46
065650,하이퍼코퍼레이션,1659.0,15215.0,15215.0,25241685.0,25241685.0,KOSDAQ,0.18
140430,카티스,1695.0,25293.0,25293.0,42871635.0,42871635.0,KOSDAQ,-4.94
110020,전진바이오팜,1995.0,4162.0,4162.0,8303190.0,8303190.0,KOSDAQ,1.17
023790,동일스틸럭스,1381.0,115329.0,115329.0,159269349.0,159269349.0,KOSDAQ,0.29
060900,에이전트AI,3670.0,9143.0,9143.0,33554810.0,33554810.0,KOSDAQ,-3.55
153490,우리이앤엘하루틴,1740.0,21129.0,21129.0,36764460.0,36764460.0,KOSDAQ,-2.03
060230,제이케이시냅스,1241.0,122718.0,122718.0,152293038.0,152293038.0,KOSDAQ,-9.68
279600,미디어젠,3725.0,1644.0,1644.0,6123900.0,6123900.0,KOSDAQ,0.13
900120,씨엑스아이,1040.0,167632.0,167632.0,174337280.0,174337280.0,KOSDAQ,13.04
051780,큐로홀딩스,2730.0,13162.0,13162.0,35932260.0,35932260.0,KOSDAQ,-0.91
018700,졸스,1471.0,6671.0,6671.0,9813041.0,9813041.0,KOSDAQ,-0.34
417180,핑거스토리,3990.0,21356.0,21356.0,85210440.0,85210440.0,KOSDAQ,1.4
377220,프롬바이오,3000.0,207894.0,207894.0,623682000.0,623682000.0,KOSDAQ,1.18
088290,이원컴포텍,2125.0,6503.0,6503.0,13818875.0,13818875.0,KOSDAQ,-2.97
477380,미래에셋비전스팩4호,2070.0,35353.0,35353.0,73180710.0,73180710.0,KOSDAQ,0.24
020400,대동금속,2760.0,33972.0,33972.0,93762720.0,93762720.0,KOSDAQ,-1.6
103230,에스앤더블류,2320.0,63270.0,63270.0,146786400.0,146786400.0,KOSDAQ,-0.22
078860,아이오케이이엔엠,2700.0,12082.0,12082.0,32621400.0,32621400.0,KOSDAQ,-1.46
309930,조이웍스앤코,860.0,151166.0,151166.0,130002760.0,130002760.0,KOSDAQ,-6.52
115610,이미지스,1400.0,44387.0,44387.0,62141800.0,62141800.0,KOSDAQ,-3.11
065770,CS,1567.0,61489.0,61489.0,96353263.0,96353263.0,KOSDAQ,0.38
113810,디젠스,2495.0,18708.0,18708.0,46676460.0,46676460.0,KOSDAQ,-1.77
009730,이렘,2040.0,39360.0,39360.0,80294400.0,80294400.0,KOSDAQ,-1.45
306040,에스제이그룹,1750.0,11882.0,11882.0,20793500.0,20793500.0,KOSDAQ,-1.07
045520,크린앤사이언스,2500.0,27502.0,27502.0,68755000.0,68755000.0,KOSDAQ,0.2
050090,비케이홀딩스,689.0,155630.0,155630.0,107229070.0,107229070.0,KOSDAQ,-6.39
009620,삼보산업,904.0,75518.0,75518.0,68268272.0,68268272.0,KOSDAQ,2.15
225590,패션플랫폼,3070.0,54509.0,54509.0,167342630.0,167342630.0,KOSDAQ,0.33
0072Z0,KB제33호스팩,1982.0,1418.0,1418.0,2810476.0,2810476.0,KOSDAQ,-0.1
223310,사토시홀딩스,3000.0,32543.0,32543.0,97629000.0,97629000.0,KOSDAQ,-2.12
477340,에이치엠씨제7호스팩,2060.0,18567.0,18567.0,38248020.0,38248020.0,KOSDAQ,0.24
177350,베셀,1559.0,56071.0,56071.0,87414689.0,87414689.0,KOSDAQ,-2.81
224060,더코디,2970.0,19285.0,19285.0,57276450.0,57276450.0,KOSDAQ,-3.41
0101C0,하나36호스팩,1980.0,1346.0,1346.0,2665080.0,2665080.0,KOSDAQ,0.0
0130H0,엔에이치스팩33호,1983.0,2499.0,2499.0,4955517.0,4955517.0,KOSDAQ,0.05
060480,국일신동,1360.0,182693.0,182693.0,248462480.0,248462480.0,KOSDAQ,6.08
354200,엔젠바이오,1681.0,62528.0,62528.0,105109568.0,105109568.0,KOSDAQ,-0.77
131100,티엔엔터테인먼트,2325.0,21787.0,21787.0,50654775.0,50654775.0,KOSDAQ,1.97
131760,파인텍,1722.0,76980.0,76980.0,132559560.0,132559560.0,KOSDAQ,-0.06
0044K0,삼성스팩10호,1985.0,1872.0,1872.0,3715920.0,3715920.0,KOSDAQ,-0.2
291810,핀텔,1298.0,127265.0,127265.0,165189970.0,165189970.0,KOSDAQ,0.08
473050,유안타제15호스팩,2105.0,85689.0,85689.0,180375345.0,180375345.0,KOSDAQ,0.24
239340,이스트에이드,541.0,93839.0,93839.0,50766899.0,50766899.0,KOSDAQ,-2.35
0115H0,삼성스팩13호,1983.0,1961.0,1961.0,3888663.0,3888663.0,KOSDAQ,-0.25
060260,뉴보텍,1087.0,187673.0,187673.0,204000551.0,204000551.0,KOSDAQ,-5.64
478440,미래에셋비전스팩6호,2060.0,866.0,866.0,1783960.0,1783960.0,KOSDAQ,0.0
069920,엑시온그룹,990.0,1387599.0,1387599.0,1373723010.0,1373723010.0,KOSDAQ,11.11
479880,한국제15호스팩,2065.0,292.0,292.0,602980.0,602980.0,KOSDAQ,0.24
008290,원풍물산,695.0,1813155.0,1813155.0,1260142725.0,1260142725.0,KOSDAQ,29.91
0165X0,메리츠제2호스팩,1948.0,8871.0,8871.0,17280708.0,17280708.0,KOSDAQ,-0.05
002680,한탑,2165.0,51478.0,51478.0,111449870.0,111449870.0,KOSDAQ,-2.26
191410,육일씨엔에쓰,1242.0,110264.0,110264.0,136947888.0,136947888.0,KOSDAQ,-3.5
0099W0,미래에셋비전스팩11호,1977.0,360.0,360.0,711720.0,711720.0,KOSDAQ,-0.3
489480,키움제11호스팩,2055.0,4135.0,4135.0,8497425.0,8497425.0,KOSDAQ,0.49
0134X0,대신밸런스제20호스팩,1980.0,4757.0,4757.0,9418860.0,9418860.0,KOSDAQ,0.0
035620,바른손이앤에이,714.0,54167.0,54167.0,38675238.0,38675238.0,KOSDAQ,-1.65
0164H0,한국제16호스팩,1954.0,25948.0,25948.0,50702392.0,50702392.0,KOSDAQ,0.05
079950,인베니아,951.0,25910.0,25910.0,24640410.0,24640410.0,KOSDAQ,0.0
481890,엔에이치스팩31호,2065.0,5157.0,5157.0,10649205.0,10649205.0,KOSDAQ,0.24
0096B0,삼성스팩12호,1977.0,4450.0,4450.0,8797650.0,8797650.0,KOSDAQ,0.2
489730,디비금융제13호스팩,2035.0,2312.0,2312.0,4704920.0,4704920.0,KOSDAQ,-0.25
0097F0,미래에셋비전스팩10호,1978.0,1892.0,1892.0,3742376.0,3742376.0,KOSDAQ,-0.05
478390,KB제29호스팩,2060.0,85282.0,85282.0,175680920.0,175680920.0,KOSDAQ,0.49
471050,대신밸런스제17호스팩,2110.0,78477.0,78477.0,165586470.0,165586470.0,KOSDAQ,0.0
0093G0,미래에셋비전스팩8호,1976.0,1274.0,1274.0,2517424.0,2517424.0,KOSDAQ,-0.45
012340,뉴인텍,573.0,126105.0,126105.0,72258165.0,72258165.0,KOSDAQ,4.18
0037T0,KB제32호스팩,1993.0,4569.0,4569.0,9106017.0,9106017.0,KOSDAQ,0.2
482520,교보16호스팩,2055.0,15773.0,15773.0,32413515.0,32413515.0,KOSDAQ,0.49
210120,캔버스엔,1291.0,646547.0,646547.0,834692177.0,834692177.0,KOSDAQ,-29.95
492220,KB제31호스팩,2015.0,48545.0,48545.0,97818175.0,97818175.0,KOSDAQ,0.25
289010,아이스크림에듀,894.0,38825.0,38825.0,34709550.0,34709550.0,KOSDAQ,-0.67
0054V0,엔에이치스팩32호,1996.0,4063.0,4063.0,8109748.0,8109748.0,KOSDAQ,0.05
0131D0,키움히어로제2호스팩,1963.0,3141.0,3141.0,6165783.0,6165783.0,KOSDAQ,0.0
079190,케스피온,1276.0,141758.0,141758.0,180883208.0,180883208.0,KOSDAQ,3.24
0091W0,신영스팩11호,2010.0,13113.0,13113.0,26357130.0,26357130.0,KOSDAQ,0.0
477760,DB금융스팩12호,2065.0,2427.0,2427.0,5011755.0,5011755.0,KOSDAQ,0.24
0041L0,하나35호스팩,1999.0,11.0,11.0,21989.0,21989.0,KOSDAQ,0.2
240600,유진테크놀로지,1737.0,14005.0,14005.0,24326685.0,24326685.0,KOSDAQ,0.64
0088D0,메리츠제1호스팩,2060.0,3323.0,3323.0,6845380.0,6845380.0,KOSDAQ,0.49
0132G0,교보20호스팩,1996.0,105.0,105.0,209580.0,209580.0,KOSDAQ,0.05
035290,골드앤에스,2470.0,224605.0,224605.0,554774350.0,554774350.0,KOSDAQ,30.0
469900,하나31호스팩,2095.0,6006.0,6006.0,12582570.0,12582570.0,KOSDAQ,0.0
247660,나노씨엠에스,2680.0,48482.0,48482.0,129931760.0,129931760.0,KOSDAQ,4.28
482690,대신밸런스제19호스팩,2065.0,34150.0,34150.0,70519750.0,70519750.0,KOSDAQ,0.49
058450,한주에이알티,2145.0,54063.0,54063.0,115965135.0,115965135.0,KOSDAQ,-1.15
028080,휴맥스홀딩스,4545.0,3760.0,3760.0,17089200.0,17089200.0,KOSDAQ,2.6
487360,신한제14호스팩,2025.0,4573.0,4573.0,9260325.0,9260325.0,KOSDAQ,0.0
0071M0,삼성스팩11호,1978.0,439.0,439.0,868342.0,868342.0,KOSDAQ,-0.35
474490,유안타제16호스팩,2065.0,29326.0,29326.0,60558190.0,60558190.0,KOSDAQ,-0.48
477470,미래에셋비전스팩5호,2070.0,1643.0,1643.0,3401010.0,3401010.0,KOSDAQ,0.49
0105P0,유진스팩12호,1991.0,371.0,371.0,738661.0,738661.0,KOSDAQ,0.05
496070,신한제16호스팩,2000.0,1977.0,1977.0,3954000.0,3954000.0,KOSDAQ,0.35
084180,수성웹툰,615.0,115718.0,115718.0,71166570.0,71166570.0,KOSDAQ,-3.91
0129K0,신한제18호스팩,1972.0,7003.0,7003.0,13809916.0,13809916.0,KOSDAQ,0.36
0096D0,미래에셋비전스팩9호,1976.0,203.0,203.0,401128.0,401128.0,KOSDAQ,0.0
486630,KB제30호스팩,2035.0,692.0,692.0,1408220.0,1408220.0,KOSDAQ,0.0
0098T0,교보19호스팩,1999.0,154.0,154.0,307846.0,307846.0,KOSDAQ,0.2
493790,유안타제17호스팩,2020.0,889.0,889.0,1795780.0,1795780.0,KOSDAQ,0.5
0004Y0,디비금융제14호스팩,1998.0,2557.0,2557.0,5108886.0,5108886.0,KOSDAQ,0.1
250930,예선테크,1606.0,8908.0,8908.0,14306248.0,14306248.0,KOSDAQ,-1.17
489210,교보17호스팩,2040.0,8513.0,8513.0,17366520.0,17366520.0,KOSDAQ,0.49
0130D0,신한제17호스팩,1971.0,126.0,126.0,248346.0,248346.0,KOSDAQ,-0.15
478110,이베스트스팩6호,2050.0,1557.0,1557.0,3191850.0,3191850.0,KOSDAQ,0.0
466690,키움히어로제1호스팩,2005.0,210.0,210.0,421050.0,421050.0,KOSDAQ,-0.25
025870,신라에스지,2535.0,36326.0,36326.0,92086410.0,92086410.0,KOSDAQ,13.17
0041B0,교보18호스팩,2005.0,2231.0,2231.0,4473155.0,4473155.0,KOSDAQ,-0.25
288980,모아데이타,277.0,32109320.0,32109320.0,8894281640.0,8894281640.0,KOSDAQ,-29.87
900100,파이온엑스,1882.0,19002.0,19002.0,35761764.0,35761764.0,KOSDAQ,5.73
472220,신영스팩10호,2110.0,6.0,6.0,12660.0,12660.0,KOSDAQ,0.0
225430,케이엠제약,1521.0,13444.0,13444.0,20448324.0,20448324.0,KOSDAQ,-2.25
208640,썸에이지,697.0,266386.0,266386.0,185671042.0,185671042.0,KOSDAQ,0.72
488060,유진스팩11호,2030.0,103.0,103.0,209090.0,209090.0,KOSDAQ,0.0
418620,E8,467.0,255711.0,255711.0,119417037.0,119417037.0,KOSDAQ,-4.5
308100,형지글로벌,359.0,529950.0,529950.0,190252050.0,190252050.0,KOSDAQ,-7.47
092600,앤씨앤,1841.0,32987.0,32987.0,60729067.0,60729067.0,KOSDAQ,-0.38
484130,하나34호스팩,2025.0,3908.0,3908.0,7913700.0,7913700.0,KOSDAQ,0.0
473950,에스케이증권제13호스팩,2045.0,2187.0,2187.0,4472415.0,4472415.0,KOSDAQ,-0.24
487830,신한제15호스팩,2030.0,1629.0,1629.0,3306870.0,3306870.0,KOSDAQ,0.25
472230,에스케이증권제11호스팩,2100.0,20334.0,20334.0,42701400.0,42701400.0,KOSDAQ,-0.24
487720,키움제10호스팩,2025.0,3001.0,3001.0,6077025.0,6077025.0,KOSDAQ,0.25
0068Y0,비엔케이제3호스팩,1985.0,138.0,138.0,273930.0,273930.0,KOSDAQ,-0.05
03481K,해성산업1우,6110.0,1453.0,1453.0,8877830.0,8877830.0,KOSDAQ,0.0
0041J0,엘에스스팩1호,1984.0,76.0,76.0,150784.0,150784.0,KOSDAQ,-0.2
465320,교보15호스팩,2130.0,14500.0,14500.0,30885000.0,30885000.0,KOSDAQ,0.0
389680,유디엠텍,967.0,41858.0,41858.0,40476686.0,40476686.0,KOSDAQ,0.0
199730,바이오인프라,1579.0,56131.0,56131.0,88630849.0,88630849.0,KOSDAQ,2.13
475250,하나33호스팩,2075.0,7130.0,7130.0,14794750.0,14794750.0,KOSDAQ,-0.24
474930,신한제13호스팩,2085.0,1056.0,1056.0,2201760.0,2201760.0,KOSDAQ,0.24
101000,KS인더스트리,758.0,166242.0,166242.0,126011436.0,126011436.0,KOSDAQ,2.71
312610,에이에프더블류,351.0,116355.0,116355.0,40840605.0,40840605.0,KOSDAQ,0.0
473000,에스케이증권제12호스팩,2070.0,1.0,1.0,2070.0,2070.0,KOSDAQ,-0.48
475240,하나32호스팩,2085.0,1611.0,1611.0,3358935.0,3358935.0,KOSDAQ,0.0
011080,형지I&C,818.0,138673.0,138673.0,113434514.0,113434514.0,KOSDAQ,-3.76
121850,코이즈,531.0,1183821.0,1183821.0,628608951.0,628608951.0,KOSDAQ,-11.06
021045,대호특수강우,2645.0,337.0,337.0,891365.0,891365.0,KOSDAQ,-0.56
032685,소프트센우,8990.0,5084.0,5084.0,45705160.0,45705160.0,KOSDAQ,-2.81
269620,시스웍,1.0,39850047.0,39850047.0,39850047.0,39850047.0,KOSDAQ,-75.0
