Code,Close,Volume,Amount,Market,ChangesRatio
005930,262500.0,57883859.0,15194512987500.0,KOSPI,26.81
000660,1718000.0,10347350.0,17776747300000.0,KOSPI,29.95
005935,191000.0,8631032.0,1648527112000.0,KOSPI,26.49
402340,1038000.0,1033476.0,1072748088000.0,KOSPI,29.91
009150,1142000.0,609413.0,695949646000.0,KOSPI,29.92
005380,388000.0,1081364.0,419569232000.0,KOSPI,10.54
373220,328000.0,491853.0,161327784000.0,KOSPI,2.5
207940,1485000.0,90690.0,134674650000.0,KOSPI,-2.75
032830,311500.0,561661.0,174957401500.0,KOSPI,17.99
105560,168500.0,1508057.0,254107604500.0,KOSPI,0.66
028260,351500.0,1203507.0,423032710500.0,KOSPI,19.56
000270,131900.0,1427024.0,188224465600.0,KOSPI,9.19
329180,481000.0,281791.0,135541471000.0,KOSPI,7.37
012450,917000.0,259060.0,237558020000.0,KOSPI,6.01
055550,100700.0,1708280.0,172023796000.0,KOSPI,-0.1
068270,186700.0,1127709.0,210543270300.0,KOSPI,-1.74
012330,476000.0,354581.0,168780556000.0,KOSPI,6.97
034020,67100.0,3208797.0,215310278700.0,KOSPI,11.46
034730,557000.0,412913.0,229992541000.0,KOSPI,18.89
086790,125400.0,1043600.0,130867440000.0,KOSPI,0.64
035420,208000.0,1766586.0,367449888000.0,KOSPI,6.83
006400,397000.0,675830.0,268304510000.0,KOSPI,10.74
000810,632000.0,133128.0,84136896000.0,KOSPI,2.27
010120,184800.0,1724011.0,318597232800.0,KOSPI,22.95
009540,384500.0,268507.0,103240941500.0,KOSPI,4.34
066570,162100.0,1754895.0,284468479500.0,KOSPI,9.53
042660,85200.0,1877179.0,159935650800.0,KOSPI,7.44
005490,312500.0,428776.0,133992500000.0,KOSPI,3.99
267260,684000.0,252144.0,172466496000.0,KOSPI,17.32
069500,108820.0,33514609.0,3647059751380.0,KOSPI,24.17
316140,33600.0,2865859.0,96292862400.0,KOSPI,2.75
298040,2417000.0,103972.0,251300324000.0,KOSPI,27.61
015760,34800.0,1777947.0,61872555600.0,KOSPI,5.3
010130,999000.0,25517.0,25491483000.0,KOSPI,8.0
138040,124000.0,327452.0,40604048000.0,KOSPI,-0.08
042700,214500.0,2174359.0,466400005500.0,KOSPI,27.98
011200,20950.0,1487003.0,31152712850.0,KOSPI,1.45
360750,26545.0,38420693.0,1019877295685.0,KOSPI,1.67
006800,34550.0,3037574.0,104948181700.0,KOSPI,14.4
000150,1170000.0,134767.0,157677390000.0,KOSPI,30.0
010140,21350.0,4806652.0,102622020200.0,KOSPI,3.89
096770,110500.0,1833201.0,202568710500.0,KOSPI,-5.23
033780,179100.0,502679.0,90029808900.0,KOSPI,-3.61
051910,258000.0,307583.0,79356414000.0,KOSPI,5.09
017670,81400.0,1372869.0,111751536600.0,KOSPI,4.09
035720,37400.0,3018884.0,112906261600.0,KOSPI,3.46
024110,20650.0,1691274.0,34924808100.0,KOSPI,0.98
018260,206000.0,446173.0,91911638000.0,KOSPI,3.67
267250,199600.0,201677.0,40254729200.0,KOSPI,2.94
079550,699000.0,121888.0,85199712000.0,KOSPI,9.05
003550,101100.0,592066.0,59857872600.0,KOSPI,4.88
086280,200000.0,217299.0,43459800000.0,KOSPI,4.33
064350,133700.0,871568.0,116528641600.0,KOSPI,10.95
010950,127300.0,468753.0,59672256900.0,KOSPI,-2.15
030200,51900.0,489587.0,25409565300.0,KOSPI,-1.7
047810,127300.0,736956.0,93814498800.0,KOSPI,5.47
003670,137700.0,415736.0,57246847200.0,KOSPI,5.76
011070,514000.0,537129.0,276084306000.0,KOSPI,21.23
278470,320000.0,207195.0,66302400000.0,KOSPI,1.59
272210,62500.0,837168.0,52323000000.0,KOSPI,13.43
071050,206500.0,277001.0,57200706500.0,KOSPI,13.65
259960,243000.0,186034.0,45206262000.0,KOSPI,-6.18
133690,179850.0,1524979.0,274267473150.0,KOSPI,3.44
323410,22100.0,970532.0,21448757200.0,KOSPI,1.38
000720,94600.0,1275483.0,120660691800.0,KOSPI,15.79
005940,28500.0,1030776.0,29377116000.0,KOSPI,7.14
102110,109520.0,5283681.0,578668743120.0,KOSPI,24.68
005830,157000.0,293523.0,46083111000.0,KOSPI,-3.62
307950,364500.0,131204.0,47823858000.0,KOSPI,15.53
379800,24030.0,23658355.0,568510270650.0,KOSPI,1.26
003490,25900.0,2550799.0,66065694100.0,KOSPI,5.07
0126Z0,375000.0,48049.0,18018375000.0,KOSPI,7.45
047050,52200.0,671132.0,35033090400.0,KOSPI,2.15
396500,34370.0,14666939.0,504102693430.0,KOSPI,29.99
016360,99800.0,491497.0,49051400600.0,KOSPI,10.52
003230,1168000.0,77378.0,90377504000.0,KOSPI,-6.03
379810,26875.0,5969003.0,160416955625.0,KOSPI,3.41
028050,43800.0,1847659.0,80927464200.0,KOSPI,6.83
161390,67600.0,366179.0,24753700400.0,KOSPI,3.84
006260,267000.0,193549.0,51677583000.0,KOSPI,19.46
078930,89000.0,871059.0,77524251000.0,KOSPI,2.89
443060,184000.0,171393.0,31536312000.0,KOSPI,1.83
488770,105105.0,1352245.0,142127710725.0,KOSPI,0.03
039490,293500.0,126320.0,37074920000.0,KOSPI,13.54
278530,38810.0,3359443.0,130379982830.0,KOSPI,22.14
090430,130000.0,662975.0,86186750000.0,KOSPI,-2.99
180640,111700.0,107711.0,12031318700.0,KOSPI,2.95
352820,168800.0,487267.0,82250669600.0,KOSPI,3.56
005387,201000.0,185790.0,37343790000.0,KOSPI,11.67
459580,1073705.0,434504.0,466529117320.0,KOSPI,0.01
021240,91500.0,222957.0,20400565500.0,KOSPI,0.33
032640,14780.0,1299649.0,19208812220.0,KOSPI,-3.78
326030,79000.0,142190.0,11233010000.0,KOSPI,1.8
064400,62500.0,1385632.0,86602000000.0,KOSPI,7.39
122630,110945.0,30653778.0,3400883400210.0,KOSPI,46.76
267270,124900.0,266056.0,33230394400.0,KOSPI,9.37
381180,43650.0,4660174.0,203416595100.0,KOSPI,11.18
000100,73500.0,321744.0,23648184000.0,KOSPI,-0.68
377300,42600.0,186816.0,7958361600.0,KOSPI,6.77
241560,59800.0,156309.0,9347278200.0,KOSPI,3.82
498400,20300.0,10092914.0,204886154200.0,KOSPI,19.83
007660,74500.0,1231888.0,91775656000.0,KOSPI,25.84
029780,47000.0,181555.0,8533085000.0,KOSPI,-0.74
091160,120830.0,2843966.0,343636411780.0,KOSPI,28.99
0167A0,16495.0,23844239.0,393310722305.0,KOSPI,29.98
047040,12780.0,9574457.0,122361560460.0,KOSPI,14.11
271560,131800.0,125498.0,16540636400.0,KOSPI,-2.59
036570,234500.0,80304.0,18831288000.0,KOSPI,2.4
175330,26450.0,390142.0,10319255900.0,KOSPI,-1.67
088980,10110.0,1725891.0,17448758010.0,KOSPI,1.0
353200,96800.0,1434106.0,138821460800.0,KOSPI,29.93
138930,15170.0,1493667.0,22658928390.0,KOSPI,2.5
005385,199600.0,121645.0,24280342000.0,KOSPI,11.7
034220,9210.0,8958541.0,82508162610.0,KOSPI,7.85
001440,23200.0,3949682.0,91632622400.0,KOSPI,11.54
148020,109800.0,2118085.0,232565733000.0,KOSPI,24.29
062040,143200.0,292392.0,41870534400.0,KOSPI,18.54
009830,25500.0,3262401.0,83191225500.0,KOSPI,8.51
051900,287000.0,152275.0,43702925000.0,KOSPI,-1.71
310970,47300.0,98332.0,4651103600.0,KOSPI,21.1
128940,333500.0,102400.0,34150400000.0,KOSPI,7.06
0162Z0,13560.0,18762226.0,254415784560.0,KOSPI,16.2
458730,15165.0,2878221.0,43648221465.0,KOSPI,-1.49
000500,134200.0,436905.0,58632651000.0,KOSPI,24.72
004170,423000.0,141168.0,59714064000.0,KOSPI,6.82
454910,61600.0,901054.0,55504926400.0,KOSPI,11.19
111770,89400.0,92434.0,8263599600.0,KOSPI,0.34
360200,26710.0,1037319.0,27706790490.0,KOSPI,1.21
229200,12100.0,42829458.0,518236441800.0,KOSPI,14.1
088350,4420.0,2296290.0,10149601800.0,KOSPI,5.11
411060,26080.0,456167.0,11896835360.0,KOSPI,1.36
395160,37960.0,9134296.0,346737876160.0,KOSPI,30.0
001040,129400.0,131137.0,16969127800.0,KOSPI,4.19
381170,30515.0,471138.0,14376776070.0,KOSPI,2.64
423160,110665.0,131974.0,14604902710.0,KOSPI,0.02
000990,83100.0,849510.0,70594281000.0,KOSPI,16.71
011790,72200.0,374122.0,27011608400.0,KOSPI,12.46
273130,110130.0,49187.0,5416964310.0,KOSPI,0.48
010060,190300.0,329660.0,62734298000.0,KOSPI,8.49
004020,26350.0,560890.0,14779451500.0,KOSPI,4.77
357870,57845.0,337483.0,19521704135.0,KOSPI,0.02
395270,53500.0,2259795.0,120899032500.0,KOSPI,30.0
052690,89000.0,258312.0,22989768000.0,KOSPI,11.39
367380,30885.0,525742.0,16237541670.0,KOSPI,3.33
018880,3305.0,12396124.0,40969189820.0,KOSPI,1.23
002380,388000.0,27538.0,10684744000.0,KOSPI,9.14
023530,117300.0,138389.0,16233029700.0,KOSPI,4.17
001450,38450.0,540377.0,20777495650.0,KOSPI,-0.77
082740,39050.0,2292966.0,89540322300.0,KOSPI,-0.64
0193T0,11055.0,116937574.0,1292744880570.0,KOSPI,58.04
102780,24465.0,1418146.0,34694941890.0,KOSPI,17.45
036460,34450.0,139815.0,4816626750.0,KOSPI,0.0
035250,14700.0,507126.0,7454752200.0,KOSPI,0.96
251270,38300.0,163875.0,6276412500.0,KOSPI,-0.39
383220,80500.0,102716.0,8268638000.0,KOSPI,2.03
0043B0,103200.0,173419.0,17896840800.0,KOSPI,0.01
031210,42950.0,49983.0,2146769850.0,KOSPI,1.54
066970,73300.0,296711.0,21748916300.0,KOSPI,9.4
022100,19260.0,398355.0,7672317300.0,KOSPI,11.65
028670,5470.0,8308824.0,45449267280.0,KOSPI,10.84
455890,55325.0,259831.0,14375150075.0,KOSPI,0.02
097950,191400.0,53671.0,10272629400.0,KOSPI,1.11
011780,114400.0,92720.0,10607168000.0,KOSPI,1.24
483650,221000.0,278132.0,61467172000.0,KOSPI,-5.35
012750,71200.0,94434.0,6723700800.0,KOSPI,-0.84
139130,16950.0,748031.0,12679125450.0,KOSPI,2.67
481050,1021695.0,16894.0,17260515330.0,KOSPI,0.01
302440,33850.0,89991.0,3046195350.0,KOSPI,2.11
017800,67900.0,173763.0,11798507700.0,KOSPI,2.11
487240,30720.0,4838212.0,148629872640.0,KOSPI,20.71
139260,130390.0,917347.0,119612875330.0,KOSPI,30.0
233740,5220.0,134819390.0,703757215800.0,KOSPI,26.7
069960,118800.0,132674.0,15761671200.0,KOSPI,4.85
026960,25500.0,64145.0,1635697500.0,KOSPI,-2.3
009970,192000.0,23185.0,4451520000.0,KOSPI,-6.11
103590,52000.0,579922.0,30155944000.0,KOSPI,13.91
005850,52900.0,59615.0,3153633500.0,KOSPI,5.59
008930,35850.0,145839.0,5228328150.0,KOSPI,3.17
449170,111485.0,110836.0,12356551460.0,KOSPI,0.01
003690,13770.0,384308.0,5291921160.0,KOSPI,2.0
004800,144500.0,46217.0,6678356500.0,KOSPI,17.0
011170,56500.0,140688.0,7948872000.0,KOSPI,2.91
472150,20190.0,7684938.0,155158898220.0,KOSPI,21.26
426030,45735.0,1130570.0,51706618950.0,KOSPI,11.66
081660,45150.0,125459.0,5664473850.0,KOSPI,-0.88
000240,24950.0,112707.0,2812039650.0,KOSPI,0.4
007340,40350.0,236942.0,9560609700.0,KOSPI,4.26
004370,383000.0,27520.0,10540160000.0,KOSPI,-1.03
278540,38070.0,88144.0,3355642080.0,KOSPI,21.63
161510,24610.0,1772695.0,43626023950.0,KOSPI,3.08
001720,140300.0,10679.0,1498263700.0,KOSPI,7.84
450080,32200.0,362465.0,11671373000.0,KOSPI,9.34
279570,5590.0,976008.0,5455884720.0,KOSPI,1.45
009420,43400.0,224666.0,9750504400.0,KOSPI,11.28
375500,58500.0,389278.0,22772763000.0,KOSPI,8.13
004990,22600.0,120177.0,2716000200.0,KOSPI,2.49
161890,95200.0,278439.0,26507392800.0,KOSPI,2.15
014680,208000.0,40286.0,8379488000.0,KOSPI,9.07
486290,10620.0,2099544.0,22297157280.0,KOSPI,3.26
139480,79800.0,124222.0,9912915600.0,KOSPI,2.57
030000,18930.0,479802.0,9082651860.0,KOSPI,-1.25
282330,125000.0,127636.0,15954500000.0,KOSPI,-1.11
005440,11780.0,225422.0,2655471160.0,KOSPI,4.25
456600,56995.0,615487.0,35079681565.0,KOSPI,8.24
489790,42000.0,561094.0,23565948000.0,KOSPI,20.0
0193W0,12615.0,43311891.0,546379504965.0,KOSPI,51.17
204320,44700.0,737489.0,32965758300.0,KOSPI,12.45
192820,184700.0,155770.0,28770719000.0,KOSPI,-0.65
284430,21300.0,1723015.0,36700219500.0,KOSPI,12.13
073240,7290.0,21147147.0,154162701630.0,KOSPI,19.9
085620,15490.0,141556.0,2192702440.0,KOSPI,8.63
007070,24750.0,200515.0,4962746250.0,KOSPI,0.61
018670,223500.0,17344.0,3876384000.0,KOSPI,-1.32
385540,103085.0,5515.0,568513775.0,KOSPI,0.38
292150,37575.0,1560330.0,58629399750.0,KOSPI,20.59
051600,44950.0,89334.0,4015563300.0,KOSPI,3.45
006360,23450.0,3094073.0,72556011850.0,KOSPI,5.39
103140,71200.0,284573.0,20261597600.0,KOSPI,18.86
002790,25500.0,152809.0,3896629500.0,KOSPI,-0.39
439260,50100.0,92062.0,4612306200.0,KOSPI,2.14
214980,114615.0,33572.0,3847854780.0,KOSPI,0.02
462870,31600.0,58155.0,1837698000.0,KOSPI,2.43
294400,142690.0,136648.0,19498303120.0,KOSPI,23.88
0195S0,9445.0,51365415.0,485146344675.0,KOSPI,59.81
442580,103770.0,1416654.0,147006185580.0,KOSPI,28.07
000155,439500.0,22453.0,9868093500.0,KOSPI,20.41
105190,106000.0,540737.0,57318122000.0,KOSPI,20.98
008770,43550.0,462976.0,20162604800.0,KOSPI,1.63
000120,74500.0,59163.0,4407643500.0,KOSPI,1.5
071970,49450.0,734155.0,36303964750.0,KOSPI,3.24
477080,107210.0,4539.0,486626190.0,KOSPI,0.03
395400,5480.0,237701.0,1302601480.0,KOSPI,-2.32
441640,12825.0,1284470.0,16473327750.0,KOSPI,1.06
446770,79415.0,629080.0,49958388200.0,KOSPI,15.88
336260,24550.0,1755895.0,43107222250.0,KOSPI,29.89
023590,36650.0,105771.0,3876507150.0,KOSPI,7.32
457190,52400.0,142726.0,7478842400.0,KOSPI,10.55
011210,58200.0,128453.0,7475964600.0,KOSPI,7.58
112610,37300.0,325038.0,12123917400.0,KOSPI,4.92
487230,20665.0,1007849.0,20827199585.0,KOSPI,12.77
006040,35400.0,69342.0,2454706800.0,KOSPI,0.71
475150,45450.0,9118629.0,414441688050.0,KOSPI,8.73
610063,55610.0,10.0,556100.0,KOSPI,0.04
453850,7210.0,1034590.0,7459393900.0,KOSPI,0.77
001800,25500.0,86002.0,2193051000.0,KOSPI,0.59
0177N0,14340.0,7808707.0,111976858380.0,KOSPI,16.11
466920,28170.0,1374382.0,38716340940.0,KOSPI,6.44
379780,23130.0,243470.0,5631461100.0,KOSPI,1.43
475630,1073145.0,43769.0,46970483505.0,KOSPI,0.01
368590,29955.0,201479.0,6035303445.0,KOSPI,3.31
329200,4015.0,4049719.0,16259621785.0,KOSPI,0.0
00680K,10940.0,242671.0,2654820740.0,KOSPI,13.02
001740,7320.0,2051095.0,15014015400.0,KOSPI,13.49
152100,109725.0,493039.0,54098704275.0,KOSPI,23.21
305720,12785.0,5099547.0,65197708395.0,KOSPI,6.06
001120,37400.0,164913.0,6167746200.0,KOSPI,4.76
120110,48050.0,254936.0,12249674800.0,KOSPI,4.34
020560,6960.0,64137.0,446393520.0,KOSPI,3.57
020150,27350.0,168526.0,4609186100.0,KOSPI,12.32
089860,39350.0,112742.0,4436397700.0,KOSPI,4.79
315930,81605.0,111940.0,9134863700.0,KOSPI,18.27
097230,15700.0,445514.0,6994569800.0,KOSPI,9.87
281820,69800.0,333167.0,23255056600.0,KOSPI,26.68
006280,115900.0,30013.0,3478506700.0,KOSPI,1.49
091230,127300.0,1038921.0,132254643300.0,KOSPI,28.98
298020,308000.0,26620.0,8198960000.0,KOSPI,3.18
436140,106465.0,17164.0,1827365260.0,KOSPI,0.51
069620,113800.0,155517.0,17697834600.0,KOSPI,-9.25
157450,112310.0,34970.0,3927480700.0,KOSPI,0.02
294870,19850.0,237604.0,4716439400.0,KOSPI,2.48
082640,8330.0,121733.0,1014035890.0,KOSPI,1.34
415640,10590.0,77711.0,822959490.0,KOSPI,2.32
007310,323500.0,5820.0,1882770000.0,KOSPI,-1.67
390390,54045.0,1401129.0,75724016805.0,KOSPI,9.19
448330,17300.0,1469195.0,25417073500.0,KOSPI,8.5
192080,60100.0,77422.0,4653062200.0,KOSPI,0.17
322000,112100.0,379911.0,42588023100.0,KOSPI,10.88
229640,40350.0,143109.0,5774448150.0,KOSPI,18.5
003540,25850.0,106721.0,2758737850.0,KOSPI,7.93
181710,37100.0,108463.0,4023977300.0,KOSPI,9.76
438080,14300.0,710484.0,10159921200.0,KOSPI,0.25
009155,416000.0,78117.0,32496672000.0,KOSPI,30.0
001430,33300.0,125348.0,4174088400.0,KOSPI,4.39
012630,19960.0,74693.0,1490872280.0,KOSPI,4.5
497570,21995.0,1445019.0,31783192905.0,KOSPI,9.67
0072R0,12450.0,339148.0,4222392600.0,KOSPI,0.85
004000,44650.0,120747.0,5391353550.0,KOSPI,-1.87
000815,383000.0,16749.0,6414867000.0,KOSPI,1.46
232080,12285.0,3771336.0,46330862760.0,KOSPI,13.43
494890,30435.0,1207581.0,36752727735.0,KOSPI,20.61
479080,53610.0,48322.0,2590542420.0,KOSPI,0.03
007810,46450.0,544933.0,25312137850.0,KOSPI,20.65
017960,21350.0,300109.0,6407327150.0,KOSPI,7.88
451540,52925.0,2215.0,117228875.0,KOSPI,0.4
030610,9600.0,90659.0,870326400.0,KOSPI,9.71
361610,13260.0,342308.0,4539004080.0,KOSPI,1.38
000080,15400.0,134176.0,2066310400.0,KOSPI,-1.79
005070,32450.0,114959.0,3730419550.0,KOSPI,15.89
0195R0,11550.0,20631123.0,238289470650.0,KOSPI,51.18
469150,55915.0,1205122.0,67384396630.0,KOSPI,29.99
356540,101450.0,1810.0,183624500.0,KOSPI,0.49
469830,54220.0,267751.0,14517459220.0,KOSPI,0.01
330590,3615.0,252941.0,914381715.0,KOSPI,-1.63
479520,106115.0,4187.0,444303505.0,KOSPI,0.0
226490,67850.0,1210811.0,82153526350.0,KOSPI,18.09
003570,30800.0,112249.0,3457269200.0,KOSPI,0.16
300720,13900.0,96354.0,1339320600.0,KOSPI,1.76
006340,13000.0,15725743.0,204434659000.0,KOSPI,25.97
446720,13885.0,501070.0,6957356950.0,KOSPI,-1.59
066575,59100.0,114660.0,6776406000.0,KOSPI,10.47
0183J0,6900.0,2050461.0,14148180900.0,KOSPI,7.98
445290,28500.0,1134352.0,32329032000.0,KOSPI,14.0
449450,49870.0,567816.0,28316983920.0,KOSPI,8.53
760009,107070.0,14.0,1498980.0,KOSPI,0.02
465580,23665.0,317141.0,7505141765.0,KOSPI,2.94
0117L0,10135.0,12446.0,126140210.0,KOSPI,0.05
0139F0,101805.0,1.0,101805.0,KOSPI,0.01
237350,85220.0,714854.0,60919857880.0,KOSPI,21.12
530031,2395.0,1430170.0,3425257150.0,KOSPI,-9.28
093370,9000.0,6490927.0,58418343000.0,KOSPI,29.87
449180,16700.0,662290.0,11060243000.0,KOSPI,2.08
003240,857000.0,2794.0,2394458000.0,KOSPI,0.59
003090,16330.0,65570.0,1070758100.0,KOSPI,-0.91
280360,103000.0,24231.0,2495793000.0,KOSPI,-2.83
402970,15410.0,366132.0,5642094120.0,KOSPI,-1.66
495050,31600.0,507798.0,16046416800.0,KOSPI,15.01
494300,9325.0,1310868.0,12223844100.0,KOSPI,3.21
005300,101000.0,30448.0,3075248000.0,KOSPI,-2.88
192400,26300.0,12407.0,326304100.0,KOSPI,1.54
032350,11620.0,243537.0,2829899940.0,KOSPI,2.92
077970,23050.0,307771.0,7094121550.0,KOSPI,13.83
009450,63500.0,33342.0,2117217000.0,KOSPI,3.42
185750,66900.0,25108.0,1679725200.0,KOSPI,-0.45
295040,40240.0,133114.0,5356507360.0,KOSPI,22.29
009240,38900.0,60702.0,2361307800.0,KOSPI,-0.64
438100,15425.0,450413.0,6947620525.0,KOSPI,1.45
451800,5090.0,162076.0,824966840.0,KOSPI,2.93
051915,118600.0,26277.0,3116452200.0,KOSPI,4.49
000210,42950.0,96764.0,4156013800.0,KOSPI,3.25
034230,9700.0,292249.0,2834815300.0,KOSPI,2.65
006120,51500.0,43670.0,2249005000.0,KOSPI,10.75
079160,5410.0,813022.0,4398449020.0,KOSPI,-0.37
003530,4150.0,1577269.0,6545666350.0,KOSPI,12.93
071055,150500.0,27351.0,4116325500.0,KOSPI,10.66
494310,72520.0,5124556.0,371632801120.0,KOSPI,59.98
455850,20305.0,2470432.0,50162121760.0,KOSPI,26.0
0117V0,16095.0,2506361.0,40339880295.0,KOSPI,21.89
153130,113300.0,19095.0,2163463500.0,KOSPI,0.04
003470,4380.0,425139.0,1862108820.0,KOSPI,10.89
030190,14110.0,83907.0,1183927770.0,KOSPI,-1.74
195870,48200.0,309474.0,14916646800.0,KOSPI,26.34
036530,49950.0,47781.0,2386660950.0,KOSPI,0.0
371460,11005.0,143931.0,1583960655.0,KOSPI,-0.81
365550,3290.0,299793.0,986318970.0,KOSPI,-3.8
114800,1046.0,1963443326.0,2053761718996.0,KOSPI,-22.11
385560,52530.0,49439.0,2597030670.0,KOSPI,0.87
476550,6865.0,1629804.0,11188604460.0,KOSPI,0.66
305540,16135.0,725370.0,11703844950.0,KOSPI,6.12
100090,12520.0,1715016.0,21472000320.0,KOSPI,6.55
071320,67100.0,19048.0,1278120800.0,KOSPI,1.36
481060,7460.0,557192.0,4156652320.0,KOSPI,0.27
475720,11900.0,1124928.0,13386643200.0,KOSPI,9.68
069660,108675.0,140131.0,15228736425.0,KOSPI,23.9
466940,25780.0,833804.0,21495467120.0,KOSPI,1.26
498410,11500.0,3232240.0,37170760000.0,KOSPI,-0.99
441800,28450.0,375873.0,10693586850.0,KOSPI,11.79
0048J0,14240.0,761206.0,10839573440.0,KOSPI,-0.8
137310,6350.0,120979.0,768216650.0,KOSPI,2.92
214320,19030.0,93291.0,1775327730.0,KOSPI,-0.52
0061Z0,50890.0,19964.0,1015967960.0,KOSPI,0.03
0025N0,12125.0,492942.0,5976921750.0,KOSPI,1.68
490590,13795.0,953930.0,13159464350.0,KOSPI,8.62
001820,71600.0,834039.0,59717192400.0,KOSPI,23.88
272580,56955.0,56718.0,3230373690.0,KOSPI,0.01
0177R0,10845.0,3103573.0,33658249185.0,KOSPI,28.95
298050,160800.0,16954.0,2726203200.0,KOSPI,9.24
457480,17395.0,415590.0,7229188050.0,KOSPI,6.29
144600,9555.0,432228.0,4129938540.0,KOSPI,2.47
004490,51500.0,26031.0,1340596500.0,KOSPI,5.53
458760,11220.0,473486.0,5312512920.0,KOSPI,-1.67
102970,19090.0,1241237.0,23695214330.0,KOSPI,11.51
064960,26500.0,81536.0,2160704000.0,KOSPI,4.54
003850,8190.0,96323.0,788885370.0,KOSPI,4.33
456610,61660.0,44161.0,2722967260.0,KOSPI,-0.84
499790,35250.0,168990.0,5956897500.0,KOSPI,2.32
580058,53690.0,4.0,214760.0,KOSPI,0.02
0167B0,11575.0,2879432.0,33329425400.0,KOSPI,19.27
495850,31420.0,312426.0,9816424920.0,KOSPI,15.92
285130,39350.0,68313.0,2688116550.0,KOSPI,1.42
487340,105555.0,18600.0,1963323000.0,KOSPI,0.01
0127P0,10520.0,6911.0,72703720.0,KOSPI,2.53
000370,5660.0,826394.0,4677390040.0,KOSPI,0.18
455030,12245.0,153827.0,1883611615.0,KOSPI,-0.45
093050,22400.0,34464.0,771993600.0,KOSPI,1.82
290130,45775.0,243865.0,11162920375.0,KOSPI,20.86
329750,13460.0,293437.0,3949662020.0,KOSPI,-0.7
002960,498500.0,2115.0,1054327500.0,KOSPI,0.81
248070,13550.0,141911.0,1922894050.0,KOSPI,6.86
138540,49600.0,322251.0,15983649600.0,KOSPI,7.6
0015B0,19245.0,971235.0,18691417575.0,KOSPI,10.16
491010,25465.0,147821.0,3764261765.0,KOSPI,10.19
367760,53755.0,469854.0,25257001770.0,KOSPI,30.0
482730,11980.0,569915.0,6827581700.0,KOSPI,1.31
293940,5220.0,210469.0,1098648180.0,KOSPI,-1.69
371160,7505.0,585530.0,4394402650.0,KOSPI,-0.92
005180,67700.0,15656.0,1059911200.0,KOSPI,0.74
314250,57840.0,99341.0,5745883440.0,KOSPI,4.49
025540,61900.0,14679.0,908630100.0,KOSPI,5.99
423920,88645.0,214506.0,19014884370.0,KOSPI,21.81
000670,33650.0,26856.0,903704400.0,KOSPI,4.5
252670,82.0,18392689335.0,1508200525470.0,KOSPI,-42.66
456040,68900.0,73714.0,5078894600.0,KOSPI,10.77
434060,16865.0,182825.0,3083343625.0,KOSPI,2.93
268280,123100.0,2810.0,345911000.0,KOSPI,-1.36
001680,17720.0,115468.0,2046092960.0,KOSPI,-2.74
317450,42000.0,18491.0,776622000.0,KOSPI,1.82
069260,14890.0,69531.0,1035316590.0,KOSPI,1.64
005690,10130.0,804924.0,8153880120.0,KOSPI,15.64
484790,8300.0,530185.0,4400535500.0,KOSPI,0.85
434730,50825.0,204625.0,10400065625.0,KOSPI,16.36
002350,6180.0,242899.0,1501115820.0,KOSPI,1.15
017940,87900.0,10666.0,937541400.0,KOSPI,3.05
005880,1860.0,2658179.0,4944212940.0,KOSPI,7.27
014820,20600.0,63566.0,1309459600.0,KOSPI,2.23
000640,88200.0,13705.0,1208781000.0,KOSPI,2.8
000400,1903.0,937846.0,1784720938.0,KOSPI,-1.91
251600,15220.0,328595.0,5001215900.0,KOSPI,1.4
383800,7710.0,136134.0,1049593140.0,KOSPI,3.63
005090,40750.0,160345.0,6534058750.0,KOSPI,12.72
453340,18080.0,35040.0,633523200.0,KOSPI,-1.42
489250,13075.0,453743.0,5932689725.0,KOSPI,-1.54
466950,30840.0,215825.0,6656043000.0,KOSPI,11.88
396520,14245.0,1540955.0,21950903975.0,KOSPI,2.22
114090,9380.0,115964.0,1087742320.0,KOSPI,0.43
364980,8845.0,2871244.0,25396153180.0,KOSPI,5.93
075580,10120.0,309085.0,3127940200.0,KOSPI,9.17
003620,2840.0,600691.0,1705962440.0,KOSPI,7.37
003160,20150.0,652430.0,13146464500.0,KOSPI,22.34
094800,6140.0,25541.0,156821740.0,KOSPI,2.85
494670,22135.0,800422.0,17717340970.0,KOSPI,5.18
007700,14540.0,27152.0,394790080.0,KOSPI,-0.68
449190,21440.0,388576.0,8331069440.0,KOSPI,4.13
700028,161850.0,3733.0,604186050.0,KOSPI,54.5
114260,61775.0,14144.0,873745600.0,KOSPI,0.27
418660,39845.0,972188.0,38736830860.0,KOSPI,6.52
108320,34200.0,96953.0,3315792600.0,KOSPI,11.4
006650,85500.0,71662.0,6127101000.0,KOSPI,-4.26
002840,123200.0,7908.0,974265600.0,KOSPI,-2.92
003300,17850.0,27305.0,487394250.0,KOSPI,1.71
001060,23500.0,29220.0,686670000.0,KOSPI,3.98
010780,18030.0,50705.0,914211150.0,KOSPI,5.44
016380,5440.0,366928.0,1996088320.0,KOSPI,1.12
0019K0,13315.0,583649.0,7771286435.0,KOSPI,4.76
438330,115475.0,4254.0,491230650.0,KOSPI,0.31
001270,51800.0,3567.0,184770600.0,KOSPI,6.91
462330,808.0,82827087.0,66924286296.0,KOSPI,10.99
00104K,126100.0,18218.0,2297289800.0,KOSPI,2.11
491620,10590.0,579781.0,6139880790.0,KOSPI,2.32
496080,31425.0,461989.0,14518004325.0,KOSPI,15.15
365780,82685.0,184903.0,15288704555.0,KOSPI,0.6
0105E0,12795.0,939204.0,12017115180.0,KOSPI,3.02
178920,17820.0,164244.0,2926828080.0,KOSPI,7.03
0148J0,8000.0,7869960.0,62959680000.0,KOSPI,14.86
005810,35850.0,66856.0,2396787600.0,KOSPI,7.5
315960,78065.0,400705.0,31281035825.0,KOSPI,18.45
100840,24900.0,189068.0,4707793200.0,KOSPI,11.91
0007F0,10175.0,25298.0,257407150.0,KOSPI,0.2
090460,15070.0,515423.0,7767424610.0,KOSPI,15.04
0101N0,16180.0,460591.0,7452362380.0,KOSPI,17.93
251350,39520.0,27341.0,1080516320.0,KOSPI,1.57
444200,43600.0,203415.0,8868894000.0,KOSPI,17.24
499660,1000355.0,10640.0,10643777200.0,KOSPI,0.01
058650,116800.0,854.0,99747200.0,KOSPI,0.09
473290,10855.0,10064.0,109244720.0,KOSPI,0.09
001530,23700.0,16568.0,392661600.0,KOSPI,3.04
448730,5390.0,25853.0,139347670.0,KOSPI,0.56
463250,31750.0,413510.0,13128942500.0,KOSPI,9.33
284740,21500.0,11749.0,252603500.0,KOSPI,2.38
009410,1615.0,414954.0,670150710.0,KOSPI,0.87
476800,4210.0,438996.0,1848173160.0,KOSPI,0.48
003545,19660.0,105094.0,2066148040.0,KOSPI,3.53
033240,22150.0,73764.0,1633872600.0,KOSPI,14.71
471230,104085.0,7312.0,761069520.0,KOSPI,0.57
005945,25250.0,92125.0,2326156250.0,KOSPI,3.91
039130,30650.0,43650.0,1337872500.0,KOSPI,2.17
034310,12860.0,72933.0,937918380.0,KOSPI,0.63
435420,14045.0,383234.0,5382521530.0,KOSPI,1.96
0190C0,7920.0,4091301.0,32403103920.0,KOSPI,11.55
490490,11380.0,476601.0,5423719380.0,KOSPI,-0.61
001500,7550.0,161659.0,1220525450.0,KOSPI,8.17
001510,2015.0,3600955.0,7255924325.0,KOSPI,14.16
361580,59745.0,108002.0,6452579490.0,KOSPI,19.73
377740,4555.0,87001.0,396289555.0,KOSPI,2.82
090435,43750.0,17136.0,749700000.0,KOSPI,0.92
462010,4310.0,4500040.0,19395172400.0,KOSPI,7.75
483280,11640.0,252206.0,2935677840.0,KOSPI,5.29
006110,30450.0,111132.0,3383969400.0,KOSPI,9.14
293180,104615.0,319515.0,33426061725.0,KOSPI,19.16
0162M0,10030.0,1443.0,14473290.0,KOSPI,0.15
145990,44250.0,14264.0,631182000.0,KOSPI,3.87
0091P0,13450.0,1047255.0,14085579750.0,KOSPI,13.45
002240,16790.0,23487.0,394346730.0,KOSPI,3.07
336370,6430.0,151568.0,974582240.0,KOSPI,12.81
000070,57700.0,19890.0,1147653000.0,KOSPI,2.12
460860,9010.0,203506.0,1833589060.0,KOSPI,4.04
448290,17330.0,244759.0,4241673470.0,KOSPI,2.06
079900,30300.0,63519.0,1924625700.0,KOSPI,13.91
005389,189600.0,13538.0,2566804800.0,KOSPI,9.22
480260,53660.0,2962.0,158940920.0,KOSPI,0.06
005250,9300.0,87207.0,811025100.0,KOSPI,2.09
447770,13380.0,202370.0,2707710600.0,KOSPI,1.75
249420,13730.0,113425.0,1557325250.0,KOSPI,9.05
003030,104600.0,22221.0,2324316600.0,KOSPI,0.38
0219E0,8395.0,6932586.0,58199059470.0,KOSPI,21.58
417310,10700.0,119218.0,1275632600.0,KOSPI,0.56
008060,13810.0,210304.0,2904298240.0,KOSPI,20.19
439870,88390.0,7554.0,667698060.0,KOSPI,0.77
004690,118300.0,6867.0,812366100.0,KOSPI,1.72
243880,320000.0,323546.0,103534720000.0,KOSPI,60.0
020000,19700.0,137011.0,2699116700.0,KOSPI,1.34
451060,33760.0,156925.0,5297788000.0,KOSPI,20.79
277630,68885.0,162148.0,11169564980.0,KOSPI,18.35
004700,63000.0,9115.0,574245000.0,KOSPI,0.0
474220,14890.0,115244.0,1715983160.0,KOSPI,2.34
072710,89600.0,4296.0,384921600.0,KOSPI,2.05
002810,22350.0,20834.0,465639900.0,KOSPI,-0.22
484870,15020.0,145118.0,2179672360.0,KOSPI,13.96
091180,27950.0,491812.0,13746145400.0,KOSPI,7.36
488080,32575.0,4338072.0,141312695400.0,KOSPI,59.96
148070,104715.0,6085.0,637190775.0,KOSPI,0.53
014830,60300.0,18457.0,1112957100.0,KOSPI,3.08
477050,53360.0,19530.0,1042120800.0,KOSPI,0.02
0163Y0,8000.0,1420811.0,11366488000.0,KOSPI,22.98
357120,4145.0,51403.0,213065435.0,KOSPI,0.48
161000,8250.0,162969.0,1344494250.0,KOSPI,7.14
001200,4140.0,731969.0,3030351660.0,KOSPI,11.29
0016X0,51320.0,21634.0,1110256880.0,KOSPI,0.05
029530,41200.0,13314.0,548536800.0,KOSPI,3.78
003280,1662.0,6261029.0,10405830198.0,KOSPI,5.93
458250,34800.0,112551.0,3916774800.0,KOSPI,1.13
002030,193000.0,5019.0,968667000.0,KOSPI,-9.81
241180,34825.0,34764.0,1210656300.0,KOSPI,6.27
003000,3990.0,421349.0,1681182510.0,KOSPI,6.4
019170,7490.0,68323.0,511739270.0,KOSPI,3.88
0023A0,24230.0,160822.0,3896717060.0,KOSPI,9.64
426020,32320.0,133967.0,4329813440.0,KOSPI,2.93
015360,14160.0,39755.0,562930800.0,KOSPI,1.07
950210,6400.0,77349.0,495033600.0,KOSPI,11.89
0060H0,12725.0,1078529.0,13724281525.0,KOSPI,1.03
027410,4000.0,127283.0,509132000.0,KOSPI,3.9
001940,26950.0,19276.0,519488200.0,KOSPI,1.51
016610,8910.0,73217.0,652363470.0,KOSPI,8.26
031430,10760.0,59469.0,639886440.0,KOSPI,2.28
016590,9260.0,20652.0,191237520.0,KOSPI,0.87
0173Y0,10440.0,1711480.0,17867851200.0,KOSPI,17.57
403550,9770.0,65214.0,637140780.0,KOSPI,-1.01
385720,25585.0,355061.0,9084235685.0,KOSPI,23.45
453810,12270.0,72823.0,893538210.0,KOSPI,0.78
105630,9120.0,44600.0,406752000.0,KOSPI,1.33
484880,21905.0,863470.0,18914310350.0,KOSPI,1.48
271940,9990.0,45641.0,455953590.0,KOSPI,8.71
452260,1865.0,3411705.0,6362829825.0,KOSPI,11.74
381970,7380.0,96450.0,711801000.0,KOSPI,3.22
306200,126400.0,6237.0,788356800.0,KOSPI,2.02
760013,71500.0,117502.0,8401393000.0,KOSPI,57.52
007690,38200.0,34804.0,1329512800.0,KOSPI,3.8
439860,113515.0,168.0,19070520.0,KOSPI,0.19
194370,12150.0,216415.0,2629442250.0,KOSPI,3.67
0131V0,10570.0,105084.0,1110737880.0,KOSPI,3.58
092230,83300.0,2621.0,218329300.0,KOSPI,0.0
344820,22000.0,14939.0,328658000.0,KOSPI,-0.68
0040Y0,7780.0,526434.0,4095656520.0,KOSPI,-0.06
448300,22165.0,176652.0,3915491580.0,KOSPI,4.23
0144L0,9630.0,328551.0,3163946130.0,KOSPI,2.39
474590,40740.0,227989.0,9288271860.0,KOSPI,28.99
456880,12505.0,82541.0,1032175205.0,KOSPI,-0.68
104700,9450.0,67752.0,640256400.0,KOSPI,-1.36
005610,39900.0,1971.0,78642900.0,KOSPI,2.31
0043Y0,19380.0,909036.0,17617117680.0,KOSPI,7.22
520054,171815.0,8663.0,1488433345.0,KOSPI,37.4
009900,6510.0,160706.0,1046196060.0,KOSPI,9.05
060980,37600.0,16691.0,627581600.0,KOSPI,3.44
0046A0,9870.0,921200.0,9092244000.0,KOSPI,-0.65
005420,8880.0,135756.0,1205513280.0,KOSPI,11.14
0052D0,15300.0,161119.0,2465120700.0,KOSPI,3.13
002990,9110.0,18139336.0,165249350960.0,KOSPI,-4.0
011760,25600.0,50816.0,1300889600.0,KOSPI,2.4
310960,61510.0,51126.0,3144760260.0,KOSPI,20.11
089590,4195.0,130489.0,547401355.0,KOSPI,0.84
385550,113795.0,4643.0,528350185.0,KOSPI,0.0
496020,52310.0,2399.0,125491690.0,KOSPI,0.0
017810,8830.0,31600.0,279028000.0,KOSPI,2.56
008730,13560.0,46547.0,631177320.0,KOSPI,8.31
130660,10310.0,192060.0,1980138600.0,KOSPI,12.07
170900,34450.0,6636.0,228610200.0,KOSPI,3.3
006220,8800.0,262511.0,2310096800.0,KOSPI,6.67
469070,10065.0,619561.0,6235881465.0,KOSPI,10.97
145720,38300.0,13274.0,508394200.0,KOSPI,5.22
0080G0,9600.0,3447266.0,33093753600.0,KOSPI,8.23
472170,13810.0,138330.0,1910337300.0,KOSPI,1.4
471990,19365.0,1075439.0,20825876235.0,KOSPI,27.57
132030,22960.0,58672.0,1347109120.0,KOSPI,1.17
091170,15660.0,1506969.0,23599134540.0,KOSPI,1.06
005950,12400.0,424028.0,5257947200.0,KOSPI,8.39
462900,12265.0,1076045.0,13197691925.0,KOSPI,7.92
0167Z0,7105.0,579828.0,4119677940.0,KOSPI,5.42
126560,2945.0,38303.0,112802335.0,KOSPI,2.61
183190,8900.0,44002.0,391617800.0,KOSPI,1.95
0026S0,12955.0,309804.0,4013510820.0,KOSPI,1.41
448630,14845.0,237647.0,3527869715.0,KOSPI,4.91
0052S0,11765.0,276030.0,3247492950.0,KOSPI,0.17
442570,17600.0,154341.0,2716401600.0,KOSPI,4.36
029460,28550.0,52489.0,1498560950.0,KOSPI,11.52
279530,17195.0,478370.0,8225572150.0,KOSPI,1.96
02826K,211000.0,11861.0,2502671000.0,KOSPI,14.99
024720,8960.0,45034.0,403504640.0,KOSPI,3.11
097520,17650.0,47264.0,834209600.0,KOSPI,6.78
009160,4695.0,105209.0,493956255.0,KOSPI,1.51
126720,21450.0,17977.0,385606650.0,KOSPI,5.93
0182R0,10020.0,3570786.0,35779275720.0,KOSPI,29.96
453870,12070.0,97148.0,1172576360.0,KOSPI,-0.21
026890,7800.0,54329.0,423766200.0,KOSPI,5.41
009290,6050.0,166908.0,1009793400.0,KOSPI,3.95
018250,11400.0,45968.0,524035200.0,KOSPI,1.97
017900,5190.0,1277553.0,6630500070.0,KOSPI,18.9
005720,5710.0,47910.0,273566100.0,KOSPI,-0.52
476760,9310.0,728011.0,6777782410.0,KOSPI,0.32
002020,23100.0,77372.0,1787293200.0,KOSPI,8.45
0111P0,10940.0,246803.0,2700024820.0,KOSPI,1.34
441680,10835.0,149978.0,1625011630.0,KOSPI,2.51
485540,14850.0,76294.0,1132965900.0,KOSPI,5.43
200880,10790.0,85086.0,918077940.0,KOSPI,9.88
473330,8345.0,437125.0,3647808125.0,KOSPI,0.24
0210A0,6700.0,5277795.0,35361226500.0,KOSPI,29.97
012030,1446.0,763271.0,1103689866.0,KOSPI,7.75
000157,325500.0,1726.0,561813000.0,KOSPI,27.65
454780,99755.0,393.0,39203715.0,KOSPI,0.42
0038A0,15060.0,171726.0,2586193560.0,KOSPI,5.91
004430,12040.0,380128.0,4576741120.0,KOSPI,4.88
190620,101755.0,18191.0,1851025205.0,KOSPI,0.0
037710,37800.0,301934.0,11413105200.0,KOSPI,7.85
002310,7300.0,73602.0,537294600.0,KOSPI,0.0
016800,25000.0,311.0,7775000.0,KOSPI,-0.4
475080,7770.0,146936.0,1141692720.0,KOSPI,1.7
005430,90700.0,26208.0,2377065600.0,KOSPI,6.46
433330,22080.0,68187.0,1505568960.0,KOSPI,1.24
011930,14100.0,307274.0,4332563400.0,KOSPI,17.01
0120G0,38500.0,33672.0,1296372000.0,KOSPI,13.57
461490,14600.0,98865.0,1443429000.0,KOSPI,0.55
483320,23645.0,425059.0,10050520055.0,KOSPI,14.09
091810,558.0,394744.0,220267152.0,KOSPI,2.76
004710,6990.0,1800039.0,12582272610.0,KOSPI,23.94
033270,17850.0,27621.0,493034850.0,KOSPI,2.0
245710,28710.0,23392.0,671584320.0,KOSPI,1.06
015860,5700.0,198587.0,1131945900.0,KOSPI,14.46
092790,10800.0,183000.0,1976400000.0,KOSPI,5.99
196230,116695.0,7344.0,857008080.0,KOSPI,0.02
006405,173400.0,6410.0,1111494000.0,KOSPI,12.38
0094K0,99360.0,33982.0,3376451520.0,KOSPI,0.13
123890,2285.0,157181.0,359158585.0,KOSPI,2.24
034830,1105.0,167103.0,184648815.0,KOSPI,1.94
108670,31050.0,110512.0,3431397600.0,KOSPI,-5.34
078520,10700.0,84991.0,909403700.0,KOSPI,9.52
273140,114675.0,3618.0,414894150.0,KOSPI,0.01
481190,16570.0,99029.0,1640910530.0,KOSPI,2.66
096760,3750.0,35538.0,133267500.0,KOSPI,2.46
192650,4195.0,307126.0,1288393570.0,KOSPI,7.56
570022,55140.0,3.0,165420.0,KOSPI,3.55
244920,12180.0,107906.0,1314295080.0,KOSPI,7.22
489030,6210.0,1597236.0,9918835560.0,KOSPI,-5.84
084010,8000.0,43261.0,346088000.0,KOSPI,5.12
003960,30000.0,14090.0,422700000.0,KOSPI,3.27
001390,4080.0,183997.0,750707760.0,KOSPI,2.77
0053L0,10385.0,241650.0,2509535250.0,KOSPI,4.11
272450,5200.0,91922.0,477994400.0,KOSPI,4.84
084690,7490.0,100413.0,752093370.0,KOSPI,1.77
270810,11970.0,472167.0,5651838990.0,KOSPI,13.51
025860,5440.0,308460.0,1678022400.0,KOSPI,1.87
423170,58440.0,226331.0,13226783640.0,KOSPI,19.59
0008S0,10175.0,690590.0,7026753250.0,KOSPI,-1.55
001230,1732.0,353710.0,612625720.0,KOSPI,3.77
286940,17800.0,22207.0,395284600.0,KOSPI,1.77
364970,6755.0,1236996.0,8355907980.0,KOSPI,1.58
003120,20100.0,23917.0,480731700.0,KOSPI,-1.23
105840,13190.0,203548.0,2684798120.0,KOSPI,18.94
385510,31525.0,146314.0,4612548850.0,KOSPI,13.03
472920,98000.0,1.0,98000.0,KOSPI,-0.03
017390,53700.0,4060.0,218022000.0,KOSPI,1.32
471040,28870.0,212975.0,6148588250.0,KOSPI,11.94
005680,13150.0,44563.0,586003450.0,KOSPI,4.12
497880,50035.0,166945.0,8353093075.0,KOSPI,0.02
530134,2910.0,1540455.0,4482724050.0,KOSPI,8.58
003920,43550.0,4254.0,185261700.0,KOSPI,-0.34
010820,5340.0,812818.0,4340448120.0,KOSPI,13.74
283580,15665.0,122687.0,1921891855.0,KOSPI,-0.32
307520,20000.0,777694.0,15553880000.0,KOSPI,10.62
058430,4275.0,310166.0,1325959650.0,KOSPI,7.55
483340,22420.0,135301.0,3033448420.0,KOSPI,11.07
475300,18155.0,2687421.0,48790128255.0,KOSPI,25.64
157500,13115.0,1033079.0,13548831085.0,KOSPI,12.24
217590,10480.0,382504.0,4008641920.0,KOSPI,13.54
298000,66500.0,83355.0,5543107500.0,KOSPI,11.2
010690,7210.0,346911.0,2501228310.0,KOSPI,7.29
478150,20725.0,37588.0,779011300.0,KOSPI,0.31
495230,29780.0,97116.0,2892114480.0,KOSPI,16.99
001750,19520.0,10578.0,206482560.0,KOSPI,4.16
317400,6400.0,848622.0,5431180800.0,KOSPI,14.9
010955,61700.0,11804.0,728306800.0,KOSPI,0.49
123320,107805.0,364286.0,39271852230.0,KOSPI,41.45
002900,5950.0,146494.0,871639300.0,KOSPI,5.5
139230,12210.0,191781.0,2341646010.0,KOSPI,10.55
008490,21150.0,56884.0,1203096600.0,KOSPI,6.23
004360,12780.0,12385.0,158280300.0,KOSPI,2.82
298690,1497.0,190294.0,284870118.0,KOSPI,1.42
213610,21530.0,40294.0,867529820.0,KOSPI,11.64
122900,7260.0,48814.0,354389640.0,KOSPI,2.4
900140,1255.0,859441.0,1078598455.0,KOSPI,5.82
334890,3490.0,106719.0,372449310.0,KOSPI,-1.55
261260,4995.0,437744.0,2186531280.0,KOSPI,1.32
471780,32510.0,130588.0,4245415880.0,KOSPI,27.42
409820,18645.0,161648.0,3013926960.0,KOSPI,8.06
486450,20290.0,34599.0,702013710.0,KOSPI,8.82
136340,104040.0,1295.0,134731800.0,KOSPI,0.11
003650,138400.0,2973.0,411463200.0,KOSPI,1.24
493810,11455.0,175421.0,2009447555.0,KOSPI,2.19
404990,3915.0,37665.0,147458475.0,KOSPI,0.64
363570,86980.0,1545.0,134384100.0,KOSPI,0.88
0183V0,12000.0,1497471.0,17969652000.0,KOSPI,16.34
003200,10430.0,59617.0,621805310.0,KOSPI,5.78
458260,46430.0,6573.0,305184390.0,KOSPI,0.55
488980,51980.0,401.0,20843980.0,KOSPI,0.01
007160,47450.0,2981.0,141448450.0,KOSPI,4.86
005500,17730.0,48899.0,866979270.0,KOSPI,3.93
388420,25160.0,518122.0,13035949520.0,KOSPI,26.62
437080,97100.0,3919.0,380534900.0,KOSPI,0.49
329650,14170.0,45322.0,642212740.0,KOSPI,0.39
028100,17400.0,38711.0,673571400.0,KOSPI,3.82
002320,15000.0,37796.0,566940000.0,KOSPI,3.31
0182S0,12340.0,1033462.0,12752921080.0,KOSPI,13.63
044450,9990.0,31105.0,310738950.0,KOSPI,3.1
472160,18095.0,457610.0,8280452950.0,KOSPI,3.61
228790,3680.0,4210028.0,15492903040.0,KOSPI,-0.41
0092C0,50120.0,1293.0,64805160.0,KOSPI,0.06
0098F0,13030.0,533156.0,6947022680.0,KOSPI,10.89
305080,12725.0,49735.0,632877875.0,KOSPI,-0.24
448540,25870.0,41086.0,1062894820.0,KOSPI,0.66
302190,50120.0,2016.0,101041920.0,KOSPI,0.45
136490,9510.0,39713.0,377670630.0,KOSPI,4.05
051905,107700.0,9805.0,1055998500.0,KOSPI,-0.55
000050,8230.0,25309.0,208293070.0,KOSPI,3.0
414780,14365.0,518013.0,7441256745.0,KOSPI,2.39
000680,2850.0,74306.0,211772100.0,KOSPI,6.74
421320,23760.0,237978.0,5654357280.0,KOSPI,12.45
001790,2585.0,244514.0,632068690.0,KOSPI,1.57
134380,10130.0,1135.0,11497550.0,KOSPI,1.1
000430,3585.0,112329.0,402699465.0,KOSPI,6.86
363580,51495.0,245417.0,12637748415.0,KOSPI,26.46
442320,34485.0,29792.0,1027377120.0,KOSPI,7.8
0151S0,15270.0,423558.0,6467730660.0,KOSPI,11.99
000480,4625.0,34698.0,160478250.0,KOSPI,1.43
466930,25040.0,434337.0,10875798480.0,KOSPI,11.94
002710,8260.0,60856.0,502670560.0,KOSPI,9.4
0030R0,3620.0,12631.0,45724220.0,KOSPI,3.58
498270,14445.0,55812.0,806204340.0,KOSPI,8.0
0162Y0,6255.0,868559.0,5432836545.0,KOSPI,17.58
495060,28365.0,192982.0,5473934430.0,KOSPI,17.11
003720,6280.0,419453.0,2634164840.0,KOSPI,18.49
452360,13160.0,257711.0,3391476760.0,KOSPI,-0.68
009680,9800.0,20611.0,201987800.0,KOSPI,-1.21
0089D0,13220.0,379733.0,5020070260.0,KOSPI,2.48
025000,48600.0,6364.0,309290400.0,KOSPI,-0.1
003520,1161.0,231639.0,268932879.0,KOSPI,1.22
003070,8350.0,12407.0,103598450.0,KOSPI,2.08
0104N0,20460.0,181521.0,3713919660.0,KOSPI,19.27
033920,7390.0,23858.0,176310620.0,KOSPI,-0.14
0047A0,13200.0,211700.0,2794440000.0,KOSPI,-0.15
476450,52625.0,11790.0,620448750.0,KOSPI,0.02
302450,68405.0,14188.0,970530140.0,KOSPI,18.41
030210,3425.0,63947.0,219018475.0,KOSPI,7.54
266160,32850.0,38828.0,1275499800.0,KOSPI,15.65
000320,15680.0,6251.0,98015680.0,KOSPI,6.16
490090,15700.0,124074.0,1947961800.0,KOSPI,2.25
001250,2515.0,739527.0,1859910405.0,KOSPI,4.14
001340,4545.0,202735.0,921430575.0,KOSPI,7.32
530145,12025.0,105674.0,1270729850.0,KOSPI,2.25
034120,11000.0,13831.0,152141000.0,KOSPI,2.8
520094,102015.0,108.0,11017620.0,KOSPI,0.01
332930,140000.0,14586.0,2042040000.0,KOSPI,21.85
394670,10945.0,38883.0,425574435.0,KOSPI,2.72
226320,9230.0,13416.0,123829680.0,KOSPI,3.24
000540,3150.0,31659.0,99725850.0,KOSPI,4.13
037270,3170.0,339598.0,1076525660.0,KOSPI,6.91
0204D0,6335.0,1680722.0,10647373870.0,KOSPI,9.13
432320,1331.0,373470.0,497088570.0,KOSPI,0.99
001460,32100.0,3149.0,101082900.0,KOSPI,5.59
267770,83085.0,260027.0,21604343295.0,KOSPI,42.31
03473K,348000.0,5410.0,1882680000.0,KOSPI,23.62
005010,3500.0,345237.0,1208329500.0,KOSPI,3.55
035150,9930.0,10104.0,100332720.0,KOSPI,2.9
0119H0,9880.0,22963.0,226874440.0,KOSPI,-0.2
017860,11030.0,125449.0,1383702470.0,KOSPI,5.65
0115D0,7835.0,3598325.0,28192876375.0,KOSPI,6.02
003555,64900.0,5523.0,358442700.0,KOSPI,4.51
463290,108960.0,2027.0,220861920.0,KOSPI,0.01
475560,13100.0,12415.0,162636500.0,KOSPI,3.15
095570,4280.0,174744.0,747904320.0,KOSPI,2.15
000650,135000.0,3961.0,534735000.0,KOSPI,5.72
463050,11490.0,183763.0,2111436870.0,KOSPI,7.89
491610,104595.0,6329.0,661981755.0,KOSPI,0.01
0005A0,9630.0,238149.0,2293374870.0,KOSPI,1.21
053210,4030.0,45309.0,182595270.0,KOSPI,-0.12
044820,19930.0,37245.0,742292850.0,KOSPI,2.63
039570,7370.0,13824.0,101882880.0,KOSPI,-1.6
001630,38150.0,6190.0,236148500.0,KOSPI,0.0
495550,32070.0,94530.0,3031577100.0,KOSPI,15.44
0091C0,9640.0,49826.0,480322640.0,KOSPI,0.36
013890,8680.0,5980.0,51906400.0,KOSPI,1.64
001130,11250.0,8396.0,94455000.0,KOSPI,2.09
244580,7400.0,1029610.0,7619114000.0,KOSPI,6.94
088260,2955.0,133921.0,395736555.0,KOSPI,-1.5
016580,10050.0,38462.0,386543100.0,KOSPI,0.6
000140,8050.0,14598.0,117513900.0,KOSPI,-0.49
433500,45450.0,213917.0,9722527650.0,KOSPI,14.87
429000,13900.0,121619.0,1690504100.0,KOSPI,-1.77
117580,6750.0,120627.0,814232250.0,KOSPI,1.5
480040,15840.0,237658.0,3764502720.0,KOSPI,9.62
100250,2900.0,65739.0,190643100.0,KOSPI,-0.34
004980,7540.0,60917.0,459314180.0,KOSPI,6.35
241590,3050.0,62095.0,189389750.0,KOSPI,-0.16
339770,3690.0,63361.0,233802090.0,KOSPI,1.51
102460,9910.0,23374.0,231636340.0,KOSPI,0.41
433980,15870.0,63969.0,1015188030.0,KOSPI,1.76
122090,80635.0,104619.0,8435953065.0,KOSPI,22.66
000490,6360.0,98134.0,624132240.0,KOSPI,7.98
0069M0,13445.0,310358.0,4172763310.0,KOSPI,3.34
128820,4015.0,174717.0,701488755.0,KOSPI,1.9
003547,18890.0,15923.0,300785470.0,KOSPI,3.22
0082V0,11275.0,109792.0,1237904800.0,KOSPI,2.69
102260,3560.0,94974.0,338107440.0,KOSPI,5.17
002210,1846.0,1666475.0,3076312850.0,KOSPI,2.56
003350,7860.0,191862.0,1508035320.0,KOSPI,1.42
458210,110325.0,587.0,64760775.0,KOSPI,0.0
500029,17790.0,6578.0,117022620.0,KOSPI,4.65
002100,9100.0,51345.0,467239500.0,KOSPI,0.55
200250,22470.0,8871.0,199331370.0,KOSPI,0.69
422420,5565.0,142007.0,790268955.0,KOSPI,9.22
011500,11300.0,87499.0,988738700.0,KOSPI,10.14
234080,11140.0,21103.0,235087420.0,KOSPI,1.92
007860,7480.0,63202.0,472750960.0,KOSPI,4.62
377190,1977.0,365385.0,722366145.0,KOSPI,0.25
053690,15890.0,101744.0,1616712160.0,KOSPI,9.59
473460,22175.0,171838.0,3810507650.0,KOSPI,6.61
213500,7300.0,308276.0,2250414800.0,KOSPI,1.25
035510,12400.0,66405.0,823422000.0,KOSPI,8.39
006805,12300.0,34319.0,422123700.0,KOSPI,15.82
014710,10050.0,54719.0,549925950.0,KOSPI,-2.33
472870,7125.0,411897.0,2934766125.0,KOSPI,2.0
530104,172750.0,30985.0,5352658750.0,KOSPI,36.5
003460,3045.0,52359.0,159433155.0,KOSPI,4.1
337160,46650.0,78658.0,3669395700.0,KOSPI,19.68
016450,4315.0,6674.0,28798310.0,KOSPI,2.01
500069,172230.0,461.0,79398030.0,KOSPI,36.21
033530,6190.0,85433.0,528830270.0,KOSPI,9.95
483290,10550.0,453565.0,4785110750.0,KOSPI,-1.68
004310,5360.0,1651572.0,8852425920.0,KOSPI,5.72
0040X0,8790.0,213555.0,1877148450.0,KOSPI,-0.57
160580,16370.0,70870.0,1160141900.0,KOSPI,0.0
403790,57640.0,22016.0,1269002240.0,KOSPI,21.22
025560,6620.0,1388566.0,9192306920.0,KOSPI,18.43
332500,73150.0,174750.0,12782962500.0,KOSPI,24.12
003610,5230.0,60905.0,318533150.0,KOSPI,0.0
0094M0,18040.0,443913.0,8008190520.0,KOSPI,15.57
500099,16670.0,6175.0,102937250.0,KOSPI,-4.74
002170,55500.0,2080.0,115440000.0,KOSPI,0.54
097955,125000.0,5659.0,707375000.0,KOSPI,2.63
003220,7390.0,28368.0,209639520.0,KOSPI,0.41
092200,4260.0,263876.0,1124111760.0,KOSPI,10.51
462520,13940.0,11191.0,156002540.0,KOSPI,0.43
487570,44300.0,181160.0,8025388000.0,KOSPI,10.34
004560,10940.0,62125.0,679647500.0,KOSPI,6.94
002150,4890.0,60125.0,294011250.0,KOSPI,3.06
0051G0,13280.0,89306.0,1185983680.0,KOSPI,6.84
013580,18350.0,72995.0,1339458250.0,KOSPI,6.13
0099L0,99345.0,25166.0,2500116270.0,KOSPI,0.12
101530,5610.0,15584.0,87426240.0,KOSPI,1.45
004380,7880.0,45576.0,359138880.0,KOSPI,10.21
0190G0,8065.0,829822.0,6692514430.0,KOSPI,22.01
400760,2965.0,76095.0,225621675.0,KOSPI,-1.0
0192Z0,100820.0,10.0,1008200.0,KOSPI,0.16
010580,1462.0,421400.0,616086800.0,KOSPI,4.43
117700,5575.0,2533820.0,14126046500.0,KOSPI,9.1
237370,15595.0,74490.0,1161671550.0,KOSPI,1.27
001080,3900.0,50473.0,196844700.0,KOSPI,-0.26
0093A0,29280.0,331318.0,9700991040.0,KOSPI,29.79
007570,8380.0,41848.0,350686240.0,KOSPI,3.08
0005G0,46155.0,93451.0,4313230905.0,KOSPI,28.51
000390,5850.0,131130.0,767110500.0,KOSPI,5.6
000860,12200.0,16334.0,199274800.0,KOSPI,-0.08
530136,15840.0,36845.0,583624800.0,KOSPI,-3.59
000700,6080.0,32168.0,195581440.0,KOSPI,-0.33
490600,9385.0,392128.0,3680121280.0,KOSPI,-1.0
494330,31540.0,113072.0,3566290880.0,KOSPI,10.38
480020,10845.0,239281.0,2595002445.0,KOSPI,2.12
016880,1967.0,302717.0,595444339.0,KOSPI,7.14
480030,10330.0,170284.0,1759033720.0,KOSPI,0.78
272560,114630.0,4914.0,563291820.0,KOSPI,0.04
494220,42415.0,373183.0,15828556945.0,KOSPI,29.16
015230,5690.0,25384.0,144434960.0,KOSPI,4.02
001780,1595.0,449224.0,716512280.0,KOSPI,6.62
464240,52275.0,220.0,11500500.0,KOSPI,0.01
293480,8660.0,15663.0,135641580.0,KOSPI,1.88
0151P0,14170.0,473251.0,6705966670.0,KOSPI,26.52
570051,30665.0,222.0,6807630.0,KOSPI,3.69
001045,67800.0,4450.0,301710000.0,KOSPI,1.8
219480,32260.0,6021.0,194237460.0,KOSPI,1.94
460850,5110.0,62734.0,320570740.0,KOSPI,0.99
451530,35875.0,9449.0,338982875.0,KOSPI,0.87
090350,7590.0,55565.0,421738350.0,KOSPI,4.4
0048K0,8890.0,531902.0,4728608780.0,KOSPI,5.14
530107,2520.0,21116577.0,53213774040.0,KOSPI,-27.9
0104H0,11945.0,112291.0,1341315995.0,KOSPI,3.42
0127M0,12460.0,123342.0,1536841320.0,KOSPI,1.14
251340,2880.0,53912584.0,155268241920.0,KOSPI,-13.77
000970,6540.0,14884.0,97341360.0,KOSPI,1.55
004970,9280.0,13490.0,125187200.0,KOSPI,0.76
003830,111600.0,170.0,18972000.0,KOSPI,0.72
0064K0,12190.0,66073.0,805429870.0,KOSPI,0.83
0153K0,11985.0,315517.0,3781471245.0,KOSPI,0.59
011785,48750.0,4337.0,211428750.0,KOSPI,1.04
245340,36510.0,14869.0,542867190.0,KOSPI,1.32
00279K,20500.0,3646.0,74743000.0,KOSPI,0.74
071840,6150.0,28242.0,173688300.0,KOSPI,0.16
009470,21750.0,103798.0,2257606500.0,KOSPI,17.19
005960,6170.0,26431.0,163079270.0,KOSPI,3.18
0180V0,7315.0,291632.0,2133288080.0,KOSPI,6.4
152870,104840.0,13972.0,1464824480.0,KOSPI,18.66
461950,4235.0,997569.0,4224704715.0,KOSPI,6.94
0197X0,7695.0,59529516.0,458079625620.0,KOSPI,-59.95
138520,34500.0,53246.0,1836987000.0,KOSPI,15.77
143860,34800.0,31735.0,1104378000.0,KOSPI,3.08
271980,9430.0,17119.0,161432170.0,KOSPI,2.17
271050,2115.0,1328708.0,2810217420.0,KOSPI,4.7
0181B0,10390.0,673531.0,6997987090.0,KOSPI,22.24
094280,11950.0,6261.0,74818950.0,KOSPI,0.42
304660,7265.0,127654.0,927406310.0,KOSPI,0.35
192090,12900.0,67420.0,869718000.0,KOSPI,0.39
491820,36800.0,285980.0,10524064000.0,KOSPI,20.24
003480,4660.0,42180.0,196558800.0,KOSPI,7.0
520098,22885.0,90974.0,2081939990.0,KOSPI,55.31
182480,14300.0,13576.0,194136800.0,KOSPI,-0.24
0041E0,16165.0,69168.0,1118100720.0,KOSPI,3.29
006060,2435.0,39861.0,97061535.0,KOSPI,1.88
570050,26935.0,15.0,404025.0,KOSPI,1.49
000520,6200.0,97419.0,603997800.0,KOSPI,6.35
018470,1062.0,1655992.0,1758663504.0,KOSPI,5.04
015890,4600.0,39971.0,183866600.0,KOSPI,1.43
272550,8900.0,22758.0,202546200.0,KOSPI,1.25
495330,31045.0,7807.0,242368315.0,KOSPI,15.39
004090,10450.0,187603.0,1960451350.0,KOSPI,3.98
000020,4680.0,212042.0,992356560.0,KOSPI,2.07
520066,21770.0,4399.0,95766230.0,KOSPI,0.76
025820,3905.0,193540.0,755773700.0,KOSPI,9.69
004080,14020.0,2404.0,33704080.0,KOSPI,-0.14
476030,17025.0,63752.0,1085377800.0,KOSPI,3.31
020120,3495.0,70460.0,246257700.0,KOSPI,5.59
372330,7485.0,92186.0,690012210.0,KOSPI,-0.99
013520,2585.0,85099.0,219980915.0,KOSPI,9.77
412570,946.0,5121003.0,4844468838.0,KOSPI,11.69
550089,129080.0,1208.0,155928640.0,KOSPI,56.73
500037,64445.0,969.0,62447205.0,KOSPI,1.23
448100,107285.0,20291.0,2176919935.0,KOSPI,18.8
233160,5750.0,3595818.0,20675953500.0,KOSPI,25.82
0123G0,6650.0,81172.0,539793800.0,KOSPI,12.24
004150,3125.0,66851.0,208909375.0,KOSPI,6.11
760007,32015.0,3547.0,113557205.0,KOSPI,20.45
008350,985.0,1018112.0,1002840320.0,KOSPI,3.47
481180,14835.0,98067.0,1454823945.0,KOSPI,0.58
0131W0,101880.0,8281.0,843668280.0,KOSPI,0.0
411420,26180.0,24298.0,636121640.0,KOSPI,4.95
486830,53135.0,3465.0,184112775.0,KOSPI,0.02
0176E0,10205.0,11917.0,121612985.0,KOSPI,9.97
007540,43400.0,4850.0,210490000.0,KOSPI,1.28
024090,10920.0,1130.0,12339600.0,KOSPI,-0.82
354500,12220.0,345172.0,4218001840.0,KOSPI,13.57
002390,8960.0,19431.0,174101760.0,KOSPI,1.13
325010,41000.0,65276.0,2676316000.0,KOSPI,21.61
114820,105050.0,6336.0,665596800.0,KOSPI,0.26
0074K0,15455.0,107573.0,1662540715.0,KOSPI,17.62
107590,52900.0,278.0,14706200.0,KOSPI,-0.19
037560,1579.0,144757.0,228571303.0,KOSPI,5.76
005800,13580.0,2753.0,37385740.0,KOSPI,1.65
267290,20650.0,7231.0,149320150.0,KOSPI,2.74
214390,5090.0,21140.0,107602600.0,KOSPI,1.6
214420,5050.0,93998.0,474689900.0,KOSPI,9.19
570106,48415.0,208.0,10070320.0,KOSPI,4.85
350520,3265.0,22726.0,74200390.0,KOSPI,0.62
464310,14295.0,31055.0,443931225.0,KOSPI,4.76
210540,10800.0,39277.0,424191600.0,KOSPI,3.65
089470,3715.0,63568.0,236155120.0,KOSPI,3.34
0080Y0,9170.0,1156493.0,10605040810.0,KOSPI,12.65
464930,21080.0,9072.0,191237760.0,KOSPI,0.76
012610,2835.0,252267.0,715176945.0,KOSPI,8.21
0199C0,9035.0,1093916.0,9883531060.0,KOSPI,2.09
0174B0,14115.0,238137.0,3361303755.0,KOSPI,23.6
463680,22095.0,42118.0,930597210.0,KOSPI,5.26
328370,37080.0,1162.0,43086960.0,KOSPI,16.92
399110,20850.0,23198.0,483678300.0,KOSPI,1.07
001360,1239.0,601372.0,745099908.0,KOSPI,5.0
081000,8200.0,30058.0,246475600.0,KOSPI,4.33
488500,13020.0,77795.0,1012890900.0,KOSPI,-0.65
009270,1008.0,265252.0,267374016.0,KOSPI,2.44
309230,31040.0,8713.0,270451520.0,KOSPI,-0.62
014280,3930.0,30234.0,118819620.0,KOSPI,6.22
002620,7210.0,3305.0,23829050.0,KOSPI,3.89
034590,26250.0,673.0,17666250.0,KOSPI,0.96
447620,15710.0,48005.0,754158550.0,KOSPI,1.29
491230,52360.0,18622.0,975047920.0,KOSPI,-0.01
0005D0,11930.0,600386.0,7162604980.0,KOSPI,10.87
261270,7815.0,97001.0,758062815.0,KOSPI,0.71
0135Y0,100330.0,32.0,3210560.0,KOSPI,0.16
002780,782.0,1407528.0,1100686896.0,KOSPI,4.27
0122W0,50880.0,2845.0,144753600.0,KOSPI,0.04
078000,12300.0,4001.0,49212300.0,KOSPI,1.32
139220,6645.0,1320853.0,8777068185.0,KOSPI,11.49
332940,47280.0,866.0,40944480.0,KOSPI,22.66
0036R0,19350.0,33536.0,648921600.0,KOSPI,5.16
009070,3770.0,123324.0,464931480.0,KOSPI,6.2
011280,1596.0,42860.0,68404560.0,KOSPI,1.53
008970,1077.0,640836.0,690180372.0,KOSPI,7.49
001520,1043.0,304696.0,317797928.0,KOSPI,1.26
227840,12260.0,12180.0,149326800.0,KOSPI,-0.16
004960,9630.0,46967.0,452292210.0,KOSPI,5.94
011690,3025.0,266278.0,805490950.0,KOSPI,14.15
168580,35550.0,3436.0,122149800.0,KOSPI,0.48
0168K0,5475.0,1126827.0,6169377825.0,KOSPI,8.42
002460,10880.0,13969.0,151982720.0,KOSPI,1.3
079430,5490.0,30111.0,165309390.0,KOSPI,2.23
016710,6840.0,18158.0,124200720.0,KOSPI,0.88
013570,4175.0,142984.0,596958200.0,KOSPI,7.05
304940,31355.0,6260.0,196282300.0,KOSPI,4.34
550092,109500.0,53.0,5803500.0,KOSPI,22.01
457990,30505.0,616775.0,18814721375.0,KOSPI,9.08
014530,3105.0,94111.0,292214655.0,KOSPI,-0.32
083420,4510.0,35455.0,159902050.0,KOSPI,5.13
0052T0,50580.0,12.0,606960.0,KOSPI,0.06
014580,3900.0,55281.0,215595900.0,KOSPI,4.7
319640,24130.0,12989.0,313424570.0,KOSPI,1.28
438570,98410.0,263.0,25881830.0,KOSPI,0.5
010100,3510.0,88920.0,312109200.0,KOSPI,9.52
0085P0,10160.0,249659.0,2536535440.0,KOSPI,-0.39
367770,20515.0,201850.0,4140952750.0,KOSPI,11.95
0193M0,50230.0,7.0,351610.0,KOSPI,-0.05
0132K0,8060.0,145145.0,1169868700.0,KOSPI,1.83
394660,15940.0,4703.0,74965820.0,KOSPI,3.98
077500,4880.0,181838.0,887369440.0,KOSPI,14.15
0091M0,10125.0,490.0,4961250.0,KOSPI,0.05
035000,6440.0,45963.0,296001720.0,KOSPI,-0.16
120030,82800.0,506.0,41896800.0,KOSPI,3.11
326240,40535.0,19350.0,784352250.0,KOSPI,21.96
471760,11720.0,860611.0,10086360920.0,KOSPI,27.39
012320,43750.0,10248.0,448350000.0,KOSPI,9.65
475280,10710.0,1219.0,13055490.0,KOSPI,0.09
481430,98480.0,4203.0,413911440.0,KOSPI,0.58
469170,5215.0,1245514.0,6495355510.0,KOSPI,6.0
500050,51440.0,2.0,102880.0,KOSPI,2.56
0092B0,12850.0,128088.0,1645930800.0,KOSPI,13.12
610037,7320.0,10.0,73200.0,KOSPI,0.21
248170,22400.0,5200.0,116480000.0,KOSPI,0.67
008040,725.0,111853.0,81093425.0,KOSPI,1.4
377990,20050.0,298079.0,5976483950.0,KOSPI,16.98
0221V0,100150.0,159.0,15923850.0,KOSPI,0.02
070960,2120.0,100676.0,213433120.0,KOSPI,1.19
078935,57000.0,2399.0,136743000.0,KOSPI,1.97
267850,9130.0,9773.0,89227490.0,KOSPI,2.82
019180,5630.0,100400.0,565252000.0,KOSPI,8.06
496090,31175.0,6875.0,214328125.0,KOSPI,15.04
004250,2740.0,17348.0,47533520.0,KOSPI,-0.18
264900,8010.0,7291.0,58400910.0,KOSPI,-0.12
266370,62695.0,114623.0,7186288985.0,KOSPI,26.67
760011,6470.0,6737.0,43588390.0,KOSPI,11.84
009580,1606.0,88264.0,141751984.0,KOSPI,-0.06
488720,48715.0,72.0,3507480.0,KOSPI,0.37
002450,1104.0,202570.0,223637280.0,KOSPI,2.03
204480,26705.0,1787.0,47721835.0,KOSPI,1.42
476850,21340.0,121304.0,2588627360.0,KOSPI,19.38
114100,106570.0,3113.0,331752410.0,KOSPI,0.26
023450,28300.0,648.0,18338400.0,KOSPI,-0.7
203780,34725.0,28774.0,999177150.0,KOSPI,1.67
021820,9850.0,6016.0,59257600.0,KOSPI,2.93
195980,14980.0,38696.0,579666080.0,KOSPI,7.27
017550,1574.0,330559.0,520299866.0,KOSPI,9.08
465610,40915.0,9206.0,376663490.0,KOSPI,6.31
308620,11945.0,81319.0,971355455.0,KOSPI,-0.04
461500,105310.0,29.0,3053990.0,KOSPI,0.49
0138Y0,9625.0,143264.0,1378916000.0,KOSPI,0.36
092220,2430.0,406824.0,988582320.0,KOSPI,10.2
455860,4010.0,973571.0,3904019710.0,KOSPI,7.94
530055,97430.0,716.0,69759880.0,KOSPI,2.94
468380,11265.0,72927.0,821522655.0,KOSPI,-0.27
012200,3555.0,312402.0,1110589110.0,KOSPI,8.38
012800,1050.0,448459.0,470881950.0,KOSPI,6.92
325020,28845.0,14625.0,421858125.0,KOSPI,7.35
449770,21150.0,24959.0,527882850.0,KOSPI,1.22
570019,6340.0,1603.0,10163020.0,KOSPI,12.81
0007N0,104910.0,8499.0,891630090.0,KOSPI,18.82
0000J0,24485.0,197479.0,4835273315.0,KOSPI,7.7
473440,10825.0,4916.0,53215700.0,KOSPI,0.14
008700,1217.0,789237.0,960501429.0,KOSPI,3.4
123690,5830.0,82665.0,481936950.0,KOSPI,5.05
0137V0,11700.0,75869.0,887667300.0,KOSPI,6.41
007210,1430.0,148778.0,212752540.0,KOSPI,5.15
0035T0,19260.0,35988.0,693128880.0,KOSPI,9.87
475050,6600.0,731631.0,4828764600.0,KOSPI,2.88
433970,14025.0,19603.0,274932075.0,KOSPI,1.23
0177X0,8685.0,1138949.0,9891772065.0,KOSPI,14.88
067830,2240.0,20804.0,46600960.0,KOSPI,1.82
479620,26240.0,45243.0,1187176320.0,KOSPI,14.51
058850,2200.0,168993.0,371784600.0,KOSPI,1.85
001275,30300.0,992.0,30057600.0,KOSPI,2.36
016740,3170.0,101376.0,321361920.0,KOSPI,-0.47
143850,75535.0,5417.0,409173095.0,KOSPI,1.94
014440,4490.0,22220.0,99767800.0,KOSPI,0.79
036580,2435.0,28328.0,68978680.0,KOSPI,4.06
211900,27452.0,9958.0,273367016.0,KOSPI,2.51
485690,20965.0,35699.0,748429535.0,KOSPI,8.12
500096,17820.0,125.0,2227500.0,KOSPI,-1.93
008260,3105.0,78716.0,244413180.0,KOSPI,-0.16
530061,29500.0,20225.0,596637500.0,KOSPI,4.7
006840,6680.0,22621.0,151108280.0,KOSPI,3.41
269540,29490.0,8649.0,255059010.0,KOSPI,1.99
329670,22080.0,14993.0,331045440.0,KOSPI,0.27
460960,11335.0,32821.0,372026035.0,KOSPI,-0.13
006660,10790.0,778500.0,8400015000.0,KOSPI,13.34
032560,5150.0,9328.0,48039200.0,KOSPI,3.0
014790,2310.0,63399.0,146451690.0,KOSPI,3.59
013700,1460.0,302246.0,441279160.0,KOSPI,4.29
495040,31110.0,35308.0,1098431880.0,KOSPI,16.08
058860,2500.0,67585.0,168962500.0,KOSPI,1.01
015590,1621.0,103829.0,168306809.0,KOSPI,0.87
444490,20265.0,10193.0,206561145.0,KOSPI,1.17
0142D0,9985.0,257327.0,2569410095.0,KOSPI,22.97
580039,171635.0,3188.0,547172380.0,KOSPI,35.81
0162L0,13570.0,1201462.0,16303839340.0,KOSPI,3.43
023000,2145.0,64954.0,139326330.0,KOSPI,0.7
004140,1771.0,130520.0,231150920.0,KOSPI,4.92
0209D0,6710.0,782045.0,5247521950.0,KOSPI,10.54
453080,22180.0,10653.0,236283540.0,KOSPI,4.23
37550L,39850.0,5329.0,212360650.0,KOSPI,9.18
329660,17890.0,15666.0,280264740.0,KOSPI,0.39
298770,76325.0,24558.0,1874389350.0,KOSPI,14.71
570116,41885.0,2326.0,97424510.0,KOSPI,-9.8
486240,26150.0,1261.0,32975150.0,KOSPI,24.85
004100,2275.0,337515.0,767846625.0,KOSPI,4.6
004840,4330.0,74076.0,320749080.0,KOSPI,4.34
461460,51440.0,310.0,15946400.0,KOSPI,0.66
0017Y0,94120.0,75.0,7059000.0,KOSPI,0.51
139990,2130.0,38250.0,81472500.0,KOSPI,3.4
108450,37270.0,34919.0,1301431130.0,KOSPI,13.49
002600,136000.0,20.0,2720000.0,KOSPI,1.27
453330,17690.0,115734.0,2047334460.0,KOSPI,2.02
004890,33450.0,460.0,15387000.0,KOSPI,-1.04
005740,5450.0,12167.0,66310150.0,KOSPI,2.83
0057H0,11860.0,40463.0,479891180.0,KOSPI,0.25
023800,5090.0,42152.0,214553680.0,KOSPI,2.93
0066W0,12345.0,33831.0,417643695.0,KOSPI,0.49
454320,37220.0,14831.0,552009820.0,KOSPI,12.91
363280,1752.0,45201.0,79192152.0,KOSPI,1.92
210980,4280.0,183648.0,786013440.0,KOSPI,1.78
157490,8265.0,279440.0,2309571600.0,KOSPI,3.83
0049M0,11375.0,63536.0,722722000.0,KOSPI,1.74
069730,5440.0,23698.0,128917120.0,KOSPI,3.03
495750,31965.0,2501.0,79944465.0,KOSPI,18.48
006090,8300.0,7165.0,59469500.0,KOSPI,0.61
337140,35505.0,41699.0,1480522995.0,KOSPI,20.97
025620,4290.0,16482.0,70707780.0,KOSPI,8.88
492500,51235.0,394.0,20186590.0,KOSPI,0.11
458030,54900.0,565.0,31018500.0,KOSPI,-0.02
163560,5590.0,18640.0,104197600.0,KOSPI,3.52
009180,2750.0,25060.0,68915000.0,KOSPI,2.42
130730,102780.0,19168.0,1970087040.0,KOSPI,0.0
469060,35935.0,153971.0,5532947885.0,KOSPI,11.62
002220,2880.0,216100.0,622368000.0,KOSPI,12.94
007590,5630.0,12635.0,71135050.0,KOSPI,2.93
272910,106000.0,34.0,3604000.0,KOSPI,0.04
007980,1628.0,257298.0,418881144.0,KOSPI,1.69
438560,100350.0,241.0,24184350.0,KOSPI,0.21
0098N0,12590.0,138996.0,1749959640.0,KOSPI,1.04
084680,537.0,417074.0,223968738.0,KOSPI,4.47
002200,2270.0,26178.0,59424060.0,KOSPI,0.0
412770,12385.0,1528621.0,18931971085.0,KOSPI,6.04
0113D0,12145.0,103644.0,1258756380.0,KOSPI,2.23
096775,60800.0,6702.0,407481600.0,KOSPI,1.67
359210,34500.0,16724.0,576978000.0,KOSPI,18.03
364960,6245.0,44864.0,280175680.0,KOSPI,3.05
111380,12370.0,3993.0,49393410.0,KOSPI,0.81
570120,15160.0,8670.0,131437200.0,KOSPI,2.12
490480,27055.0,52138.0,1410593590.0,KOSPI,8.05
138530,10995.0,445426.0,4897458870.0,KOSPI,4.66
228810,3165.0,247181.0,782327865.0,KOSPI,4.98
014160,688.0,254423.0,175043024.0,KOSPI,4.88
109070,1410.0,127881.0,180312210.0,KOSPI,8.13
0018C0,10515.0,152227.0,1600666905.0,KOSPI,0.1
210780,22350.0,13698.0,306150300.0,KOSPI,1.8
004720,3250.0,28612.0,92989000.0,KOSPI,3.17
000590,63700.0,137.0,8726900.0,KOSPI,3.58
434960,105035.0,1496.0,157132360.0,KOSPI,18.99
000105,62200.0,1055.0,65621000.0,KOSPI,1.63
441540,26600.0,30776.0,818641600.0,KOSPI,4.58
002700,1066.0,1850849.0,1973005034.0,KOSPI,5.54
365040,34680.0,51532.0,1787129760.0,KOSPI,17.96
013870,3815.0,18402.0,70203630.0,KOSPI,3.95
013360,1345.0,828789.0,1114721205.0,KOSPI,3.86
019680,901.0,77390.0,69728390.0,KOSPI,1.12
010960,3000.0,254928.0,764784000.0,KOSPI,3.45
211560,34245.0,7550.0,258549750.0,KOSPI,3.87
011700,2215.0,125320.0,277583800.0,KOSPI,12.04
005750,4330.0,46858.0,202895140.0,KOSPI,1.17
0080X0,11210.0,61592.0,690446320.0,KOSPI,-0.71
000180,5110.0,5827.0,29775970.0,KOSPI,1.59
001260,7230.0,108086.0,781461780.0,KOSPI,4.93
338100,3805.0,46450.0,176742250.0,KOSPI,0.13
063160,12880.0,6932.0,89284160.0,KOSPI,1.66
292190,47000.0,145715.0,6848605000.0,KOSPI,22.08
001290,650.0,471385.0,306400250.0,KOSPI,6.56
000230,6060.0,14553.0,88191180.0,KOSPI,6.13
475350,15190.0,103440.0,1571253600.0,KOSPI,-1.01
002795,10950.0,3652.0,39989400.0,KOSPI,0.46
017370,3795.0,38113.0,144638835.0,KOSPI,1.88
0190Y0,8790.0,160045.0,1406795550.0,KOSPI,6.48
011150,1932.0,25107.0,48506724.0,KOSPI,2.01
0194T0,9275.0,1433562.0,13296287550.0,KOSPI,56.01
000850,31500.0,11091.0,349366500.0,KOSPI,4.48
277640,37430.0,64552.0,2416181360.0,KOSPI,22.12
155660,4310.0,29770.0,128308700.0,KOSPI,0.47
440640,112375.0,1140.0,128107500.0,KOSPI,0.02
009770,27500.0,3508.0,96470000.0,KOSPI,3.97
0098Z0,91090.0,11288.0,1028223920.0,KOSPI,20.74
079980,1979.0,354376.0,701310104.0,KOSPI,2.38
458750,13250.0,32832.0,435024000.0,KOSPI,-1.63
100220,5180.0,66599.0,344982820.0,KOSPI,1.97
007610,3740.0,455324.0,1702911760.0,KOSPI,9.84
002720,3175.0,62978.0,199955150.0,KOSPI,4.27
095720,1181.0,32594.0,38493514.0,KOSPI,1.99
520057,2530.0,2033443.0,5144610790.0,KOSPI,-28.23
550091,33450.0,4.0,133800.0,KOSPI,8.78
550093,33305.0,788.0,26244340.0,KOSPI,20.69
0022T0,12790.0,125476.0,1604838040.0,KOSPI,0.95
009190,1509.0,565879.0,853911411.0,KOSPI,3.07
0008T0,14090.0,425665.0,5997619850.0,KOSPI,0.75
031820,5470.0,48630.0,266006100.0,KOSPI,8.32
018500,1401.0,58055.0,81335055.0,KOSPI,4.87
001020,1840.0,2495.0,4590800.0,KOSPI,2.56
453950,33485.0,37214.0,1246110790.0,KOSPI,9.75
433880,18595.0,30036.0,558519420.0,KOSPI,2.23
120115,23500.0,5636.0,132446000.0,KOSPI,3.75
0036D0,12975.0,57639.0,747866025.0,KOSPI,-1.11
016090,1465.0,154391.0,226182815.0,KOSPI,0.62
0197W0,9260.0,2905381.0,26903828060.0,KOSPI,59.93
530126,32380.0,3248.0,105170240.0,KOSPI,14.62
084670,22350.0,34955.0,781244250.0,KOSPI,8.5
570100,21550.0,2270.0,48918500.0,KOSPI,2.16
0102A0,7515.0,80420.0,604356300.0,KOSPI,0.8
228800,2465.0,147401.0,363343465.0,KOSPI,1.23
530115,64200.0,299.0,19195800.0,KOSPI,7.32
550084,32090.0,52.0,1668680.0,KOSPI,20.16
520080,21390.0,5.0,106950.0,KOSPI,-0.88
530131,21350.0,907.0,19364450.0,KOSPI,2.94
396690,1614.0,64553.0,104188542.0,KOSPI,-0.06
530067,31960.0,5914.0,189011440.0,KOSPI,0.69
570117,2905.0,148849.0,432406345.0,KOSPI,7.99
001560,8390.0,2097.0,17593830.0,KOSPI,0.0
760016,63340.0,611.0,38700740.0,KOSPI,9.51
278620,118680.0,3283.0,389626440.0,KOSPI,0.01
0123S0,10180.0,58560.0,596140800.0,KOSPI,0.1
266420,15775.0,21553.0,339998575.0,KOSPI,3.34
479730,10500.0,5977.0,62758500.0,KOSPI,0.57
520081,62955.0,112.0,7050960.0,KOSPI,-1.54
003580,1241.0,185163.0,229787283.0,KOSPI,6.07
491700,104750.0,11969.0,1253752750.0,KOSPI,18.5
0000D0,9165.0,78725.0,721514625.0,KOSPI,0.49
006890,5400.0,48108.0,259783200.0,KOSPI,5.68
760018,10435.0,2.0,20870.0,KOSPI,-0.81
0089C0,11475.0,108223.0,1241858925.0,KOSPI,1.41
072130,4915.0,56153.0,275991995.0,KOSPI,6.85
455660,9435.0,19615.0,185067525.0,KOSPI,0.37
419890,107260.0,22.0,2359720.0,KOSPI,0.01
476750,7680.0,76839.0,590123520.0,KOSPI,2.06
003925,31000.0,4778.0,148118000.0,KOSPI,3.33
058730,3060.0,1411281.0,4318519860.0,KOSPI,2.34
0194M0,11800.0,500792.0,5909345600.0,KOSPI,53.15
475310,22480.0,202944.0,4562181120.0,KOSPI,28.46
068290,6150.0,10656.0,65534400.0,KOSPI,2.33
010660,2795.0,198932.0,556014940.0,KOSPI,5.87
085310,8270.0,44618.0,368990860.0,KOSPI,8.53
500094,2915.0,241123.0,702873545.0,KOSPI,8.36
009200,1470.0,22485.0,33052950.0,KOSPI,2.23
495940,19365.0,15018.0,290823570.0,KOSPI,3.61
33626K,4560.0,99514.0,453783840.0,KOSPI,16.33
453640,14155.0,62833.0,889401115.0,KOSPI,-1.94
0040S0,23400.0,11258.0,263437200.0,KOSPI,11.48
0111J0,13225.0,106375.0,1406809375.0,KOSPI,11.98
0115E0,12915.0,145002.0,1872700830.0,KOSPI,9.31
520100,12115.0,183487.0,2222945005.0,KOSPI,53.35
261240,14690.0,115896.0,1702512240.0,KOSPI,-0.88
520087,30165.0,2229.0,67237785.0,KOSPI,1.57
111110,6590.0,5633.0,37121470.0,KOSPI,0.46
100910,16555.0,72230.0,1195767650.0,KOSPI,18.84
004440,4670.0,20823.0,97243410.0,KOSPI,3.2
005870,4180.0,81388.0,340201840.0,KOSPI,7.59
123310,1153.0,12134598.0,13991191494.0,KOSPI,-23.49
465330,9690.0,570558.0,5528707020.0,KOSPI,4.64
306950,73000.0,13897.0,1014481000.0,KOSPI,38.01
002760,971.0,110611.0,107403281.0,KOSPI,1.78
004770,1629.0,132172.0,215308188.0,KOSPI,4.83
275980,22590.0,996.0,22499640.0,KOSPI,2.99
440910,25580.0,5598.0,143196840.0,KOSPI,1.73
360140,26120.0,119963.0,3133433560.0,KOSPI,6.35
455960,12515.0,833.0,10424995.0,KOSPI,-0.91
252400,95495.0,56915.0,5435097925.0,KOSPI,36.29
0193G0,8270.0,2939818.0,24312294860.0,KOSPI,21.8
007110,735.0,322136.0,236769960.0,KOSPI,5.76
071090,2810.0,41895.0,117724950.0,KOSPI,7.25
010770,3875.0,33104.0,128278000.0,KOSPI,2.79
225040,64325.0,9243.0,594555975.0,KOSPI,3.96
473640,28245.0,10048.0,283805760.0,KOSPI,2.23
491220,125500.0,5171.0,648960500.0,KOSPI,20.39
129260,1895.0,11130.0,21091350.0,KOSPI,2.43
010040,1371.0,30546.0,41878566.0,KOSPI,0.66
075180,2930.0,5847.0,17131710.0,KOSPI,-0.17
000220,3570.0,45533.0,162552810.0,KOSPI,1.71
055490,11680.0,24638.0,287771840.0,KOSPI,7.65
0166S0,10395.0,118248.0,1229187960.0,KOSPI,21.72
090080,1012.0,339583.0,343657996.0,KOSPI,0.0
024900,1700.0,87763.0,149197100.0,KOSPI,2.29
520086,22125.0,643.0,14226375.0,KOSPI,3.87
298340,56405.0,22934.0,1293592270.0,KOSPI,0.2
520101,11055.0,332648.0,3677423640.0,KOSPI,59.29
401470,9170.0,8656.0,79375520.0,KOSPI,4.62
580069,2960.0,75653.0,223932880.0,KOSPI,10.45
530143,54660.0,69.0,3771540.0,KOSPI,-2.98
003010,4295.0,52735.0,226496825.0,KOSPI,5.79
007460,2310.0,116637.0,269431470.0,KOSPI,10.0
0181L0,6770.0,84295.0,570677150.0,KOSPI,9.81
570119,54165.0,2.0,108330.0,KOSPI,-2.52
150460,7100.0,6956.0,49387600.0,KOSPI,0.85
092440,1850.0,48967.0,90588950.0,KOSPI,1.93
0046Y0,12695.0,19124.0,242779180.0,KOSPI,0.51
0141S0,7810.0,335500.0,2620255000.0,KOSPI,4.27
0185L0,7690.0,83175.0,639615750.0,KOSPI,6.95
580081,53825.0,645.0,34717125.0,KOSPI,-5.62
101140,5350.0,3712.0,19859200.0,KOSPI,10.2
610101,53680.0,90.0,4831200.0,KOSPI,-4.95
006370,4950.0,36024.0,178318800.0,KOSPI,0.81
003465,3060.0,472.0,1444320.0,KOSPI,5.15
214330,5100.0,137254.0,699995400.0,KOSPI,7.26
0192L0,9600.0,781201.0,7499529600.0,KOSPI,59.34
005305,68500.0,791.0,54183500.0,KOSPI,0.74
003475,4145.0,37177.0,154098665.0,KOSPI,5.74
0139P0,13240.0,113501.0,1502753240.0,KOSPI,3.68
0210E0,7350.0,322253.0,2368559550.0,KOSPI,20.2
0113P0,102155.0,70.0,7150850.0,KOSPI,0.01
002140,2120.0,2314464.0,4906663680.0,KOSPI,1.68
520092,26405.0,18974.0,501008470.0,KOSPI,3.98
002630,890.0,229159.0,203951510.0,KOSPI,4.71
530113,52745.0,52.0,2742740.0,KOSPI,3.55
304780,116985.0,13579.0,1588539315.0,KOSPI,36.96
428510,22875.0,37482.0,857400750.0,KOSPI,6.42
004450,24400.0,191.0,4660400.0,KOSPI,-0.41
336160,100250.0,85.0,8521250.0,KOSPI,0.18
480310,19090.0,86369.0,1648784210.0,KOSPI,8.87
520102,26185.0,556350.0,14568024750.0,KOSPI,-41.81
025530,3485.0,4946.0,17236810.0,KOSPI,1.46
520037,26015.0,2917.0,75885755.0,KOSPI,18.49
261220,22850.0,296400.0,6772740000.0,KOSPI,-4.39
0172V0,7870.0,54935.0,432338450.0,KOSPI,1.61
114470,107915.0,4479.0,483351285.0,KOSPI,0.18
007280,1807.0,29080.0,52547560.0,KOSPI,-2.48
385590,22455.0,353.0,7926615.0,KOSPI,16.68
500095,8600.0,1030.0,8858000.0,KOSPI,-7.73
282000,114405.0,4.0,457620.0,KOSPI,-0.18
445150,27085.0,12037.0,326022145.0,KOSPI,4.56
378850,2705.0,10501.0,28405205.0,KOSPI,2.46
123700,3285.0,15404.0,50602140.0,KOSPI,1.86
570082,2560.0,295306.0,755983360.0,KOSPI,-28.09
011300,3040.0,137325.0,417468000.0,KOSPI,10.14
011230,2665.0,1496630.0,3988518950.0,KOSPI,7.24
001210,4115.0,5386705.0,22166291075.0,KOSPI,-7.94
140700,18815.0,99138.0,1865281470.0,KOSPI,3.44
012690,1389.0,424328.0,589391592.0,KOSPI,3.35
570104,16920.0,1.0,16920.0,KOSPI,2.83
0118Z0,8315.0,33003.0,274419945.0,KOSPI,4.2
0132H0,8450.0,88491.0,747748950.0,KOSPI,8.13
475260,10715.0,5512.0,59061080.0,KOSPI,0.05
580076,25230.0,1033.0,26062590.0,KOSPI,7.18
580056,25000.0,174.0,4350000.0,KOSPI,5.93
101280,30805.0,13284.0,409213620.0,KOSPI,3.77
200030,44145.0,1449.0,63966105.0,KOSPI,0.51
442560,16535.0,24438.0,404082330.0,KOSPI,3.28
530124,49560.0,144.0,7136640.0,KOSPI,8.42
0118S0,10640.0,81943.0,871873520.0,KOSPI,15.72
023810,4940.0,19731.0,97471140.0,KOSPI,5.11
006880,4175.0,25224.0,105310200.0,KOSPI,1.09
000725,46750.0,3707.0,173302250.0,KOSPI,6.49
610061,24645.0,631.0,15550995.0,KOSPI,2.43
0086B0,9560.0,46643.0,445907080.0,KOSPI,0.37
001550,9480.0,13871.0,131497080.0,KOSPI,2.93
009320,998.0,119582.0,119342836.0,KOSPI,1.11
580082,19670.0,16493.0,324417310.0,KOSPI,57.93
003780,3780.0,286801.0,1084107780.0,KOSPI,-0.4
275300,28895.0,22782.0,658285890.0,KOSPI,19.52
004920,941.0,105160.0,98955560.0,KOSPI,-1.67
261070,10810.0,525791.0,5683800710.0,KOSPI,7.4
520072,16320.0,733.0,11962560.0,KOSPI,6.74
494840,13755.0,43732.0,601533660.0,KOSPI,0.51
004830,3105.0,85132.0,264334860.0,KOSPI,7.07
001465,22550.0,549.0,12379950.0,KOSPI,4.64
006980,15600.0,1369.0,21356400.0,KOSPI,3.17
256750,15755.0,61950.0,976022250.0,KOSPI,1.65
218420,19570.0,55448.0,1085117360.0,KOSPI,-0.56
253150,191385.0,25105.0,4804720425.0,KOSPI,37.05
520074,15945.0,16.0,255120.0,KOSPI,-0.13
473490,30690.0,49808.0,1528607520.0,KOSPI,9.24
295020,60315.0,18.0,1085670.0,KOSPI,-0.42
006125,38300.0,3467.0,132786100.0,KOSPI,4.64
610078,39305.0,9192.0,361291560.0,KOSPI,1.58
004060,2325.0,93308.0,216941100.0,KOSPI,4.03
442260,36640.0,22097.0,809634080.0,KOSPI,20.51
447430,15870.0,20453.0,324589110.0,KOSPI,0.51
287180,54965.0,4476.0,246023340.0,KOSPI,4.86
001620,2095.0,21464.0,44967080.0,KOSPI,2.44
372910,1685.0,216962.0,365580970.0,KOSPI,4.79
152500,42310.0,118361.0,5007853910.0,KOSPI,36.09
140950,82985.0,4421.0,366876685.0,KOSPI,20.46
37550K,21950.0,4916.0,107906200.0,KOSPI,6.3
570118,11580.0,7522.0,87104760.0,KOSPI,-4.42
487130,25005.0,88391.0,2210216955.0,KOSPI,23.33
000950,27450.0,2860.0,78507000.0,KOSPI,2.23
461340,41800.0,2878.0,120300400.0,KOSPI,8.64
472830,8265.0,55354.0,457500810.0,KOSPI,-0.24
0020H0,21815.0,29873.0,651679495.0,KOSPI,11.7
276990,25780.0,4557.0,117479460.0,KOSPI,2.67
520091,11400.0,556.0,6338400.0,KOSPI,-2.19
476260,11520.0,1348540.0,15535180800.0,KOSPI,27.08
002920,1750.0,17553.0,30717750.0,KOSPI,0.0
371470,8215.0,53542.0,439847530.0,KOSPI,0.61
0178H0,9715.0,10630.0,103270450.0,KOSPI,1.89
28513K,21300.0,13889.0,295835700.0,KOSPI,0.95
453650,19990.0,24878.0,497311220.0,KOSPI,0.15
0000Z0,7980.0,572942.0,4572077160.0,KOSPI,6.4
357250,1787.0,27097.0,48422339.0,KOSPI,0.28
570103,4465.0,53689.0,239721385.0,KOSPI,-8.6
021050,940.0,216222.0,203248680.0,KOSPI,2.29
0041D0,12060.0,50593.0,610151580.0,KOSPI,1.22
475270,10700.0,4095.0,43816500.0,KOSPI,0.05
500071,17680.0,1766.0,31222880.0,KOSPI,24.24
580034,88360.0,8.0,706880.0,KOSPI,8.84
35320K,21050.0,23791.0,500800550.0,KOSPI,25.82
456680,7430.0,4465.0,33174950.0,KOSPI,-0.27
003080,2190.0,36969.0,80962110.0,KOSPI,1.86
452250,4775.0,12758.0,60919450.0,KOSPI,0.95
041650,2030.0,9916.0,20129480.0,KOSPI,2.94
401170,10870.0,12212.0,132744440.0,KOSPI,6.15
440650,11945.0,98162.0,1172545090.0,KOSPI,-0.71
196030,86005.0,454.0,39046270.0,KOSPI,2.32
004910,3345.0,18704.0,62564880.0,KOSPI,-0.45
375770,23755.0,834.0,19811670.0,KOSPI,18.83
0192M0,11715.0,391849.0,4590511035.0,KOSPI,50.39
610038,4270.0,6551.0,27972770.0,KOSPI,1.67
520078,14230.0,142.0,2020660.0,KOSPI,-3.56
009835,16570.0,11798.0,195492860.0,KOSPI,4.35
570061,42550.0,1097.0,46677350.0,KOSPI,6.38
481850,975.0,60771.0,59251725.0,KOSPI,-0.31
418670,16230.0,96632.0,1568337360.0,KOSPI,0.46
278240,5825.0,370453.0,2157888725.0,KOSPI,26.77
023350,3850.0,13215.0,50877750.0,KOSPI,3.49
238720,46830.0,6321.0,296012430.0,KOSPI,4.18
580068,41985.0,10642.0,446804370.0,KOSPI,-9.23
261120,4960.0,43831.0,217401760.0,KOSPI,1.54
530133,41605.0,22215.0,924255075.0,KOSPI,-9.48
0191M0,100490.0,1.0,100490.0,KOSPI,0.0
700029,41550.0,4050.0,168277500.0,KOSPI,-9.58
084870,2030.0,143917.0,292151510.0,KOSPI,6.84
008420,2025.0,60645.0,122806125.0,KOSPI,3.32
004540,1112.0,119670.0,133073040.0,KOSPI,0.18
429760,19680.0,6300.0,123984000.0,KOSPI,1.31
0141T0,50235.0,19.0,954465.0,KOSPI,0.13
500093,41185.0,92.0,3789020.0,KOSPI,-9.96
305050,68585.0,12127.0,831730295.0,KOSPI,18.35
0007G0,13445.0,7320.0,98417400.0,KOSPI,5.45
464470,49760.0,5943.0,295723680.0,KOSPI,0.04
000910,2625.0,31478.0,82629750.0,KOSPI,3.55
610088,40950.0,19559.0,800941050.0,KOSPI,-9.0
580077,13615.0,1763.0,24003245.0,KOSPI,-9.02
092780,3095.0,28648.0,88665560.0,KOSPI,2.82
473590,17675.0,124079.0,2193096325.0,KOSPI,11.37
139280,12030.0,5765.0,69352950.0,KOSPI,-0.95
448570,29760.0,380.0,11308800.0,KOSPI,17.54
004410,1014.0,290821.0,294892494.0,KOSPI,6.29
465350,20000.0,70559.0,1411180000.0,KOSPI,-3.82
322410,22200.0,7991.0,177400200.0,KOSPI,2.21
183700,95035.0,8467.0,804661345.0,KOSPI,7.6
550041,56890.0,5.0,284450.0,KOSPI,3.52
352540,11650.0,24766.0,288523900.0,KOSPI,-1.48
442090,26230.0,4276.0,112159480.0,KOSPI,11.95
011390,37250.0,2208.0,82248000.0,KOSPI,4.34
007815,13250.0,3080.0,40810000.0,KOSPI,23.49
145270,816.0,40801.0,33293616.0,KOSPI,1.37
472840,104465.0,14421.0,1506489765.0,KOSPI,20.53
012280,790.0,87641.0,69236390.0,KOSPI,0.13
011420,1419.0,104785.0,148689915.0,KOSPI,10.86
253250,95090.0,11083.0,1053882470.0,KOSPI,39.0
134790,19490.0,1458.0,28416420.0,KOSPI,2.58
491830,21555.0,40620.0,875564100.0,KOSPI,11.11
437070,61245.0,1620.0,99216900.0,KOSPI,-0.64
139320,17055.0,9140.0,155882700.0,KOSPI,1.22
000760,13700.0,498.0,6822600.0,KOSPI,15.22
570127,38350.0,8639.0,331305650.0,KOSPI,-38.48
008870,38250.0,245.0,9371250.0,KOSPI,0.66
520073,38215.0,1300.0,49679500.0,KOSPI,14.62
003680,6130.0,1073453.0,6580266890.0,KOSPI,4.97
520077,15225.0,5250.0,79931250.0,KOSPI,-1.2
400970,7385.0,9871.0,72897335.0,KOSPI,3.72
0189B0,7505.0,47121.0,353643105.0,KOSPI,1.01
176950,60060.0,951.0,57117060.0,KOSPI,-0.51
195930,23575.0,6927.0,163304025.0,KOSPI,2.43
520082,12550.0,15.0,188250.0,KOSPI,4.76
316670,6010.0,892962.0,5366701620.0,KOSPI,13.61
480370,1150.0,97194.0,111773100.0,KOSPI,5.5
365000,3565.0,367873.0,1311467245.0,KOSPI,6.9
700027,37250.0,16865.0,628221250.0,KOSPI,25.23
099140,22505.0,36469.0,820734845.0,KOSPI,-0.9
0220B0,9030.0,874197.0,7893998910.0,KOSPI,26.21
610089,3080.0,217821.0,670888680.0,KOSPI,9.61
352560,12705.0,112672.0,1431497760.0,KOSPI,-0.78
012160,2355.0,19416.0,45724680.0,KOSPI,1.29
026940,1838.0,210656.0,387185728.0,KOSPI,2.8
276970,7810.0,21681.0,169328610.0,KOSPI,-1.39
000890,1328.0,726511.0,964806608.0,KOSPI,2.31
498860,16670.0,30903.0,515153010.0,KOSPI,5.34
047400,873.0,87000.0,75951000.0,KOSPI,3.68
133820,986.0,128263.0,126467318.0,KOSPI,0.1
465660,24310.0,62155.0,1510988050.0,KOSPI,12.0
017180,1072.0,80711.0,86522192.0,KOSPI,1.42
275280,40345.0,7649.0,308598905.0,KOSPI,21.28
002880,775.0,177173.0,137309075.0,KOSPI,3.47
023960,952.0,32947.0,31365544.0,KOSPI,7.21
0085N0,9770.0,20781.0,203030370.0,KOSPI,0.41
009460,3025.0,20279.0,61343975.0,KOSPI,-2.42
468630,11235.0,26167.0,293986245.0,KOSPI,0.0
475070,30015.0,7075.0,212356125.0,KOSPI,10.35
520056,18000.0,3075.0,55350000.0,KOSPI,27.89
476690,11235.0,13610.0,152908350.0,KOSPI,-1.66
0154F0,12150.0,140121.0,1702470150.0,KOSPI,5.06
449690,47770.0,10799.0,515868230.0,KOSPI,11.17
147970,74590.0,9212.0,687123080.0,KOSPI,10.83
013000,1245.0,47944.0,59690280.0,KOSPI,6.41
000215,21150.0,2765.0,58479750.0,KOSPI,3.93
104530,17375.0,5927.0,102981625.0,KOSPI,2.78
292560,8275.0,61104.0,505635600.0,KOSPI,1.53
049800,1760.0,28513.0,50182880.0,KOSPI,4.64
002870,1002.0,62948.0,63073896.0,KOSPI,0.6
474800,15225.0,54376.0,827874600.0,KOSPI,0.5
322400,10285.0,6271.0,64497235.0,KOSPI,3.84
550064,34845.0,443.0,15436335.0,KOSPI,2.58
570102,17310.0,67.0,1159770.0,KOSPI,6.69
610007,6895.0,1.0,6895.0,KOSPI,1.25
153270,82000.0,11080.0,908560000.0,KOSPI,20.11
139270,16545.0,77023.0,1274345535.0,KOSPI,3.24
004365,9300.0,1085.0,10090500.0,KOSPI,1.75
174360,24465.0,4202.0,102801930.0,KOSPI,-0.02
014910,1563.0,457855.0,715627365.0,KOSPI,11.56
500040,34120.0,3943.0,134535160.0,KOSPI,1.53
760005,34100.0,5.0,170500.0,KOSPI,3.07
138910,10000.0,56313.0,563130000.0,KOSPI,2.62
446070,3195.0,88208.0,281824560.0,KOSPI,4.75
241390,15395.0,7494.0,115370130.0,KOSPI,5.52
0198A0,7830.0,534555.0,4185565650.0,KOSPI,12.34
027740,1058.0,99372.0,105135576.0,KOSPI,-0.66
0112X0,39280.0,19076.0,749305280.0,KOSPI,18.74
122260,103960.0,1.0,103960.0,KOSPI,0.02
276650,44125.0,63.0,2779875.0,KOSPI,3.34
459560,21325.0,6533.0,139316225.0,KOSPI,3.82
261140,23560.0,16091.0,379103960.0,KOSPI,13.68
449780,18225.0,11653.0,212375925.0,KOSPI,2.02
414270,12360.0,53564.0,662051040.0,KOSPI,0.57
530117,32720.0,51169.0,1674249680.0,KOSPI,20.69
610075,54325.0,81.0,4400325.0,KOSPI,1.39
520093,2715.0,11458.0,31108470.0,KOSPI,-5.73
500085,32555.0,1167.0,37991685.0,KOSPI,16.92
256440,5335.0,83844.0,447307740.0,KOSPI,1.14
520079,32510.0,6.0,195060.0,KOSPI,-5.27
496770,18515.0,23512.0,435324680.0,KOSPI,0.46
459750,17995.0,6842.0,123121790.0,KOSPI,1.04
407830,13480.0,2591.0,34926680.0,KOSPI,2.7
500035,16165.0,4.0,64660.0,KOSPI,-1.01
036420,1676.0,113153.0,189644428.0,KOSPI,18.19
0186S0,7775.0,260908.0,2028559700.0,KOSPI,6.36
476070,11675.0,12700.0,148272500.0,KOSPI,-1.14
426150,51405.0,64.0,3289920.0,KOSPI,0.42
491090,17755.0,53478.0,949501890.0,KOSPI,1.34
002420,5350.0,11992.0,64157200.0,KOSPI,0.0
001070,6020.0,7658.0,46101160.0,KOSPI,-0.66
266360,9965.0,32144.0,320314960.0,KOSPI,2.05
105780,15930.0,13912.0,221618160.0,KOSPI,15.43
245350,19900.0,14889.0,296291100.0,KOSPI,0.89
0089B0,11370.0,22180.0,252186600.0,KOSPI,1.34
469050,31830.0,158942.0,5059123860.0,KOSPI,12.91
010400,4160.0,50265.0,209102400.0,KOSPI,-7.86
308170,3675.0,16648.0,61181400.0,KOSPI,-0.41
0100K0,5640.0,719102.0,4055735280.0,KOSPI,17.13
009140,20100.0,9869.0,198366900.0,KOSPI,-2.43
006570,2070.0,22136.0,45821520.0,KOSPI,3.24
494340,19665.0,26015.0,511584975.0,KOSPI,13.18
156080,52025.0,2092.0,108836300.0,KOSPI,24.54
570065,31085.0,3120.0,96985200.0,KOSPI,1.29
0023B0,15535.0,56401.0,876189535.0,KOSPI,9.44
494410,14105.0,2412.0,34021260.0,KOSPI,2.62
0138T0,9680.0,29575.0,286286000.0,KOSPI,1.04
415920,6545.0,20834.0,136358530.0,KOSPI,3.48
002690,1515.0,31653.0,47954295.0,KOSPI,8.14
570072,30710.0,552.0,16951920.0,KOSPI,4.12
271060,8180.0,70474.0,576477320.0,KOSPI,0.06
415340,14815.0,111483.0,1651620645.0,KOSPI,3.1
011330,3400.0,79363.0,269834200.0,KOSPI,-5.95
385520,14600.0,8967.0,130918200.0,KOSPI,12.83
003060,2120.0,111465.0,236305800.0,KOSPI,6.0
275290,33945.0,4172.0,141618540.0,KOSPI,20.8
248270,26785.0,5915.0,158433275.0,KOSPI,-2.53
227540,17935.0,67603.0,1212459805.0,KOSPI,0.59
395170,15175.0,42667.0,647471725.0,KOSPI,16.91
500102,15145.0,8537.0,129292865.0,KOSPI,2.02
007120,1106.0,44359.0,49061054.0,KOSPI,4.83
395290,4825.0,67204.0,324259300.0,KOSPI,3.32
005820,13070.0,499.0,6521930.0,KOSPI,-0.68
520065,15005.0,17.0,255085.0,KOSPI,-1.8
380340,24995.0,62841.0,1570710795.0,KOSPI,16.12
464920,23990.0,151312.0,3629974880.0,KOSPI,9.29
387270,24690.0,6612.0,163250280.0,KOSPI,12.35
0107F0,11715.0,25915.0,303594225.0,KOSPI,-0.21
023150,4035.0,4752.0,19174320.0,KOSPI,0.12
001380,1318.0,26544.0,34984992.0,KOSPI,5.95
475380,10965.0,7916.0,86798940.0,KOSPI,-0.54
0203S0,8565.0,66452.0,569161380.0,KOSPI,9.04
014130,2500.0,29302.0,73255000.0,KOSPI,5.49
009810,1934.0,12252.0,23695368.0,KOSPI,-3.78
450910,11795.0,278560.0,3285615200.0,KOSPI,14.02
192720,57145.0,2531.0,144633995.0,KOSPI,1.93
469790,41625.0,8112.0,337662000.0,KOSPI,20.6
0155M0,7015.0,27641.0,193901615.0,KOSPI,8.26
025750,1806.0,11563.0,20882778.0,KOSPI,0.61
570047,29075.0,3.0,87225.0,KOSPI,0.74
024070,1892.0,20314.0,38434088.0,KOSPI,0.05
450190,48195.0,6445.0,310616775.0,KOSPI,13.4
520090,7220.0,21971.0,158630620.0,KOSPI,0.56
005360,1517.0,1955835.0,2967001695.0,KOSPI,4.4
570069,28430.0,2023.0,57513890.0,KOSPI,2.88
245360,12840.0,4303.0,55250520.0,KOSPI,-1.87
088790,2265.0,25870.0,58595550.0,KOSPI,4.38
008250,2570.0,32980.0,84758600.0,KOSPI,1.58
090370,1028.0,118950.0,122280600.0,KOSPI,5.33
477730,7890.0,12007.0,94735230.0,KOSPI,-0.44
0137W0,10365.0,8398.0,87045270.0,KOSPI,0.83
145850,111730.0,3.0,335190.0,KOSPI,7.73
570124,13925.0,2.0,27850.0,KOSPI,-2.62
0204S0,5780.0,73487.0,424754860.0,KOSPI,15.48
269420,23385.0,1905.0,44548425.0,KOSPI,-0.64
419430,9900.0,4501.0,44559900.0,KOSPI,-0.4
437350,12590.0,4436.0,55849240.0,KOSPI,-0.59
530118,9185.0,35382.0,324983670.0,KOSPI,13.26
261250,16955.0,107066.0,1815304030.0,KOSPI,-1.57
570029,5490.0,1001.0,5495490.0,KOSPI,0.55
489290,14795.0,8321.0,123109195.0,KOSPI,1.58
0083S0,9435.0,14908.0,140656980.0,KOSPI,2.28
0164G0,13015.0,63673.0,828704095.0,KOSPI,3.09
0209Z0,6070.0,921431.0,5593086170.0,KOSPI,18.67
0223R0,9540.0,264196.0,2520429840.0,KOSPI,11.64
118000,1229.0,22504.0,27657416.0,KOSPI,7.24
014990,1804.0,28692.0,51760368.0,KOSPI,3.32
0155N0,7025.0,305948.0,2149284700.0,KOSPI,15.07
493420,12865.0,6811.0,87623515.0,KOSPI,-1.57
002820,2135.0,20620.0,44023700.0,KOSPI,-3.39
0184E0,10765.0,151324.0,1629002860.0,KOSPI,8.68
0152E0,10970.0,37613.0,412614610.0,KOSPI,1.86
223190,26875.0,30754.0,826513750.0,KOSPI,8.94
530130,8955.0,38717.0,346710735.0,KOSPI,-8.11
167860,92615.0,4250.0,393613750.0,KOSPI,0.93
0065G0,9590.0,19093.0,183101870.0,KOSPI,-1.64
0013R0,7875.0,39157.0,308361375.0,KOSPI,0.51
446690,53275.0,35262.0,1878583050.0,KOSPI,16.61
580048,13310.0,5.0,66550.0,KOSPI,0.04
700012,26605.0,1.0,26605.0,KOSPI,0.23
289480,11510.0,33797.0,389003470.0,KOSPI,11.86
006490,895.0,55497.0,49669815.0,KOSPI,2.4
610069,17640.0,6582.0,116106480.0,KOSPI,2.53
461600,8395.0,7110.0,59688450.0,KOSPI,1.39
440340,12290.0,14903.0,183157870.0,KOSPI,0.45
580057,13210.0,1.0,13210.0,KOSPI,0.04
0198B0,11830.0,205542.0,2431561860.0,KOSPI,48.62
530128,26165.0,10.0,261650.0,KOSPI,3.11
006345,9970.0,376835.0,3757044950.0,KOSPI,16.61
530119,26130.0,2177.0,56885010.0,KOSPI,-2.35
0198D0,9450.0,608890.0,5754010500.0,KOSPI,52.79
010640,1561.0,14319.0,22351959.0,KOSPI,4.07
0115C0,11250.0,9478.0,106627500.0,KOSPI,-1.27
500072,2585.0,128117.0,331182445.0,KOSPI,-27.39
003535,5370.0,25769.0,138379530.0,KOSPI,11.53
0067V0,10730.0,2683.0,28788590.0,KOSPI,-2.45
33637K,1514.0,31351.0,47465414.0,KOSPI,7.38
610028,25545.0,105.0,2682225.0,KOSPI,3.95
0097L0,12450.0,7283.0,90673350.0,KOSPI,3.49
025890,2290.0,83222.0,190578380.0,KOSPI,4.33
0218J0,8470.0,121945.0,1032874150.0,KOSPI,1.44
030720,5460.0,16966.0,92634360.0,KOSPI,1.11
438320,5780.0,28348.0,163851440.0,KOSPI,0.0
550069,25355.0,38.0,963490.0,KOSPI,3.05
760004,9390.0,1.0,9390.0,KOSPI,0.81
610022,8450.0,12.0,101400.0,KOSPI,0.48
530063,25350.0,2252.0,57088200.0,KOSPI,4.95
530116,5060.0,112386.0,568673160.0,KOSPI,-8.83
0049K0,11160.0,21805.0,243343800.0,KOSPI,0.0
300950,5700.0,72285.0,412024500.0,KOSPI,0.62
0103T0,8080.0,63625.0,514090000.0,KOSPI,6.18
0192T0,6250.0,469417.0,2933856250.0,KOSPI,11.81
093240,407.0,2888870.0,1175770090.0,KOSPI,7.11
0093D0,16645.0,112021.0,1864589545.0,KOSPI,9.33
483570,15590.0,5156.0,80382040.0,KOSPI,2.63
185680,46575.0,1763.0,82111725.0,KOSPI,2.59
411540,16500.0,5329.0,87928500.0,KOSPI,13.44
433220,29450.0,6138.0,180764100.0,KOSPI,5.88
204450,2400.0,107896.0,258950400.0,KOSPI,-2.64
117460,12165.0,157705.0,1918481325.0,KOSPI,3.09
0166N0,6380.0,81045.0,517067100.0,KOSPI,15.48
069640,1128.0,46188.0,52100064.0,KOSPI,12.57
252710,87.0,254810711.0,22168531857.0,KOSPI,-44.23
496120,32600.0,26583.0,866605800.0,KOSPI,16.12
006740,1028.0,224904.0,231201312.0,KOSPI,12.72
292500,48775.0,7399.0,360886225.0,KOSPI,23.9
0047R0,13920.0,9423.0,131168160.0,KOSPI,1.64
005320,712.0,60386.0,42994832.0,KOSPI,2.3
002355,3740.0,6108.0,22843920.0,KOSPI,0.94
280930,16765.0,10891.0,182587615.0,KOSPI,2.07
610001,12115.0,1.0,12115.0,KOSPI,0.04
277540,32240.0,36964.0,1191719360.0,KOSPI,8.5
138230,16675.0,4473.0,74587275.0,KOSPI,-0.77
520083,24175.0,168.0,4061400.0,KOSPI,11.35
195970,16480.0,7436.0,122545280.0,KOSPI,3.1
388280,7245.0,13214.0,95735430.0,KOSPI,3.06
479850,15920.0,49438.0,787052960.0,KOSPI,-1.55
0150K0,8515.0,42448.0,361444720.0,KOSPI,12.93
457690,10515.0,1175.0,12355125.0,KOSPI,0.62
550088,23625.0,4.0,94500.0,KOSPI,6.92
368190,7350.0,381.0,2800350.0,KOSPI,3.67
580072,11745.0,37.0,434565.0,KOSPI,1.51
159800,83690.0,548.0,45862120.0,KOSPI,19.99
550087,11715.0,1.0,11715.0,KOSPI,2.36
003495,21000.0,1938.0,40698000.0,KOSPI,0.96
292160,46630.0,11338.0,528690940.0,KOSPI,19.84
024890,2825.0,17324.0,48940300.0,KOSPI,1.25
0206G0,8175.0,249210.0,2037291750.0,KOSPI,4.94
580071,11625.0,24068.0,279790500.0,KOSPI,-2.92
580073,23230.0,1147.0,26644810.0,KOSPI,7.72
289250,33650.0,19721.0,663611650.0,KOSPI,18.4
261060,19230.0,59166.0,1137762180.0,KOSPI,21.79
471460,46125.0,1829.0,84362625.0,KOSPI,0.71
071950,1848.0,318561.0,588700728.0,KOSPI,29.96
610036,23020.0,4068.0,93645360.0,KOSPI,1.05
700013,23005.0,1.0,23005.0,KOSPI,0.68
011090,1937.0,247860.0,480104820.0,KOSPI,30.0
442550,14815.0,5607.0,83067705.0,KOSPI,3.17
500100,11385.0,497.0,5658345.0,KOSPI,-0.52
0153X0,11340.0,47017.0,533172780.0,KOSPI,-1.65
004270,6260.0,4640.0,29046400.0,KOSPI,1.13
0186L0,9640.0,20849.0,200984360.0,KOSPI,9.24
469160,25110.0,162393.0,4077688230.0,KOSPI,11.16
300640,6450.0,8577.0,55321650.0,KOSPI,2.79
117680,10700.0,38175.0,408472500.0,KOSPI,6.26
033250,3505.0,30083.0,105440915.0,KOSPI,-3.04
019175,11250.0,4420.0,49725000.0,KOSPI,5.24
570122,11200.0,26.0,291200.0,KOSPI,-0.36
465770,3100.0,1392594.0,4317041400.0,KOSPI,7.45
364990,4900.0,99710.0,488579000.0,KOSPI,0.62
530089,22285.0,1531.0,34118335.0,KOSPI,2.53
364690,37100.0,1144.0,42442400.0,KOSPI,18.99
0106J0,19255.0,307.0,5911285.0,KOSPI,19.93
217770,1346.0,429442.0,578028932.0,KOSPI,4.58
002360,1987.0,42052.0,83557324.0,KOSPI,3.87
570115,22035.0,19.0,418665.0,KOSPI,3.21
459790,20000.0,492.0,9840000.0,KOSPI,4.74
0026E0,11855.0,353.0,4184815.0,KOSPI,-0.46
463300,13680.0,2285.0,31258800.0,KOSPI,1.56
0047P0,14115.0,8538.0,120513870.0,KOSPI,2.99
239660,121435.0,1721.0,208989635.0,KOSPI,0.05
004870,960.0,2049412.0,1967435520.0,KOSPI,0.0
008775,28850.0,890.0,25676500.0,KOSPI,4.91
139250,15870.0,29506.0,468260220.0,KOSPI,6.87
375760,23945.0,825.0,19754625.0,KOSPI,20.09
580074,10750.0,2.0,21500.0,KOSPI,0.19
33626L,7190.0,11336.0,81505840.0,KOSPI,15.78
225130,42915.0,2003.0,85958745.0,KOSPI,2.56
091220,16200.0,46490.0,753138000.0,KOSPI,1.06
0190M0,8385.0,112073.0,939732105.0,KOSPI,19.96
000040,1235.0,55080.0,68023800.0,KOSPI,3.35
580075,21305.0,11.0,234355.0,KOSPI,4.49
169950,26600.0,547.0,14550200.0,KOSPI,-0.34
580067,10635.0,4.0,42540.0,KOSPI,-0.37
376410,23445.0,3279.0,76876155.0,KOSPI,18.68
051630,989.0,76460.0,75618940.0,KOSPI,4.21
0193L0,11080.0,2950122.0,32687351760.0,KOSPI,-52.61
108590,104010.0,864.0,89864640.0,KOSPI,18.73
367740,37795.0,3040.0,114896800.0,KOSPI,15.12
497780,10905.0,25288.0,275765640.0,KOSPI,0.55
489000,9415.0,27918.0,262847970.0,KOSPI,1.29
760026,13790.0,290546.0,4006629340.0,KOSPI,41.8
152380,65025.0,1223.0,79525575.0,KOSPI,0.75
357430,677.0,12214.0,8268878.0,KOSPI,0.74
253290,11465.0,22202.0,254545930.0,KOSPI,0.97
0144M0,7215.0,119629.0,863123235.0,KOSPI,4.72
447660,13705.0,193134.0,2646901470.0,KOSPI,-2.73
610085,34075.0,1451.0,49442825.0,KOSPI,4.75
337120,33565.0,701.0,23529065.0,KOSPI,18.98
416090,13420.0,19255.0,258402100.0,KOSPI,2.64
481340,8940.0,41297.0,369195180.0,KOSPI,0.34
445910,20005.0,5031.0,100645155.0,KOSPI,2.62
461450,13250.0,16383.0,217074750.0,KOSPI,11.3
006200,2115.0,40631.0,85934565.0,KOSPI,5.8
001420,2600.0,29130.0,75738000.0,KOSPI,9.01
464600,20800.0,15497.0,322337600.0,KOSPI,14.1
0177A0,7900.0,91927.0,726223300.0,KOSPI,16.69
530112,19700.0,692.0,13632400.0,KOSPI,1.65
0104P0,10890.0,35960.0,391604400.0,KOSPI,2.45
407310,16300.0,1155.0,18826500.0,KOSPI,14.15
580066,9750.0,33.0,321750.0,KOSPI,1.56
610104,19375.0,80.0,1550000.0,KOSPI,-2.59
530140,19365.0,1848.0,35786520.0,KOSPI,11.68
371450,12725.0,19734.0,251115150.0,KOSPI,-0.43
213630,20990.0,46352.0,972928480.0,KOSPI,-1.39
001685,14090.0,1709.0,24079810.0,KOSPI,0.93
289040,32165.0,49004.0,1576213660.0,KOSPI,16.84
760021,27515.0,3.0,82545.0,KOSPI,17.56
760022,9535.0,793.0,7561255.0,KOSPI,7.5
468370,11080.0,38831.0,430247480.0,KOSPI,-0.36
236350,30705.0,1624.0,49864920.0,KOSPI,-0.02
760012,27115.0,264.0,7158360.0,KOSPI,27.69
404260,20980.0,261.0,5475780.0,KOSPI,13.04
580089,18870.0,5460.0,103030200.0,KOSPI,2.19
0193K0,12560.0,342108.0,4296876480.0,KOSPI,48.2
0127R0,15665.0,23565.0,369145725.0,KOSPI,20.5
0192S0,9390.0,300366.0,2820436740.0,KOSPI,10.41
304760,46920.0,65.0,3049800.0,KOSPI,24.21
570125,18730.0,323.0,6049790.0,KOSPI,-0.45
460660,12435.0,7698.0,95724630.0,KOSPI,-1.43
417630,17745.0,1865.0,33094425.0,KOSPI,10.94
219390,7570.0,52430.0,396895100.0,KOSPI,-0.2
415760,13575.0,216585.0,2940141375.0,KOSPI,2.07
700017,18455.0,1477.0,27258035.0,KOSPI,28.92
284980,21955.0,5062.0,111136210.0,KOSPI,4.3
483330,14010.0,30082.0,421448820.0,KOSPI,3.09
183710,91060.0,56.0,5099360.0,KOSPI,13.41
226980,20215.0,8455.0,170917825.0,KOSPI,5.37
228820,18170.0,15535.0,282270950.0,KOSPI,17.8
570081,18165.0,387.0,7029855.0,KOSPI,27.43
0221Z0,9075.0,473919.0,4300814925.0,KOSPI,8.81
0051A0,24095.0,4207.0,101367665.0,KOSPI,9.45
0223A0,9035.0,308020.0,2782960700.0,KOSPI,18.26
474920,19200.0,2643.0,50745600.0,KOSPI,0.44
487950,12400.0,151807.0,1882406800.0,KOSPI,4.91
461910,35870.0,239.0,8572930.0,KOSPI,6.6
580090,17925.0,582.0,10432350.0,KOSPI,-0.64
229720,35630.0,4130.0,147151900.0,KOSPI,16.59
0220A0,9355.0,29385.0,274896675.0,KOSPI,5.23
760008,8880.0,11990.0,106471200.0,KOSPI,14.14
461900,22150.0,2187.0,48442050.0,KOSPI,3.8
530106,17695.0,23911.0,423105145.0,KOSPI,25.67
449580,16085.0,8630.0,138813550.0,KOSPI,0.81
304770,12100.0,85306.0,1032202600.0,KOSPI,14.2
0018Z0,17610.0,5176.0,91149360.0,KOSPI,7.21
00499K,21850.0,334.0,7297900.0,KOSPI,1.16
381560,15985.0,675196.0,10793008060.0,KOSPI,10.39
550085,8790.0,4.0,35160.0,KOSPI,12.91
610040,17555.0,3.0,52665.0,KOSPI,-1.1
445690,29225.0,211.0,6166475.0,KOSPI,11.27
580026,35020.0,3136.0,109822720.0,KOSPI,5.53
520039,8745.0,2041.0,17848545.0,KOSPI,7.43
453630,12920.0,16943.0,218903560.0,KOSPI,-2.64
530132,17310.0,29818.0,516149580.0,KOSPI,-3.24
580070,17295.0,8058.0,139363110.0,KOSPI,13.56
419650,5230.0,42781.0,223744630.0,KOSPI,9.76
477490,19165.0,1157.0,22173905.0,KOSPI,2.3
195920,34415.0,1067.0,36720805.0,KOSPI,0.67
227830,68720.0,2447.0,168157840.0,KOSPI,19.33
292050,49080.0,2313.0,113522040.0,KOSPI,24.21
0086C0,9815.0,34395.0,337586925.0,KOSPI,-0.25
530138,17135.0,311.0,5328985.0,KOSPI,12.58
332620,91605.0,631.0,57802755.0,KOSPI,0.11
250730,10000.0,13406.0,134060000.0,KOSPI,-2.25
610087,16970.0,11657.0,197819290.0,KOSPI,-4.23
276000,19880.0,2048.0,40714240.0,KOSPI,0.96
453010,109595.0,20874.0,2287686030.0,KOSPI,0.01
291130,18735.0,796.0,14913060.0,KOSPI,1.11
530123,16835.0,25.0,420875.0,KOSPI,3.79
108675,16300.0,4733.0,77147900.0,KOSPI,0.49
570121,8400.0,8.0,67200.0,KOSPI,0.24
0105D0,9080.0,107876.0,979514080.0,KOSPI,6.82
015260,351.0,707801.0,248438151.0,KOSPI,4.46
580050,16410.0,63570.0,1043183700.0,KOSPI,4.52
453820,12600.0,3538.0,44578800.0,KOSPI,0.0
225060,15415.0,537.0,8277855.0,KOSPI,13.18
494420,9600.0,10271.0,98601600.0,KOSPI,1.96
289260,27200.0,50.0,1360000.0,KOSPI,17.12
385600,10800.0,5176.0,55900800.0,KOSPI,8.16
391670,27000.0,801.0,21627000.0,KOSPI,15.24
280320,20080.0,1613.0,32389040.0,KOSPI,0.07
432840,19885.0,4359.0,86678715.0,KOSPI,1.17
700034,10535.0,35522.0,374224270.0,KOSPI,19.17
530120,15790.0,44.0,694760.0,KOSPI,3.07
520088,7885.0,2056.0,16211560.0,KOSPI,-7.07
760017,22450.0,95.0,2132750.0,KOSPI,5.0
379790,17395.0,9056.0,157529120.0,KOSPI,2.75
0000H0,10790.0,1693.0,18267470.0,KOSPI,-0.14
005725,4295.0,233.0,1000735.0,KOSPI,0.47
491510,17135.0,72.0,1233720.0,KOSPI,4.2
131890,38500.0,428.0,16478000.0,KOSPI,7.02
700036,3075.0,4709240.0,14480913000.0,KOSPI,-54.14
404120,21875.0,6245.0,136609375.0,KOSPI,13.11
0194R0,9100.0,441824.0,4020598400.0,KOSPI,57.3
0207Z0,6770.0,27718.0,187650860.0,KOSPI,7.04
570099,15130.0,18.0,272340.0,KOSPI,-3.91
580086,15125.0,1454.0,21991750.0,KOSPI,2.13
114460,100650.0,1893.0,190530450.0,KOSPI,0.23
0153P0,9420.0,4430.0,41730600.0,KOSPI,1.02
0216Z0,8055.0,462761.0,3727539855.0,KOSPI,11.64
530095,14875.0,410.0,6098750.0,KOSPI,2.59
500024,7405.0,6.0,44430.0,KOSPI,-0.6
488290,42240.0,17900.0,756096000.0,KOSPI,9.26
413930,26760.0,844.0,22585440.0,KOSPI,16.7
130680,6680.0,129932.0,867945760.0,KOSPI,-4.3
570105,4875.0,3457.0,16852875.0,KOSPI,-3.85
520076,5835.0,6643.0,38761905.0,KOSPI,1.3
570063,14565.0,28.0,407820.0,KOSPI,0.0
18064K,27100.0,2339.0,63386900.0,KOSPI,3.24
002025,12530.0,5805.0,72736650.0,KOSPI,3.9
0013P0,13160.0,14098.0,185529680.0,KOSPI,2.57
610072,28810.0,92.0,2650520.0,KOSPI,-2.31
580080,14400.0,8.0,115200.0,KOSPI,-2.6
580052,28785.0,136.0,3914760.0,KOSPI,3.94
530129,14370.0,892.0,12818040.0,KOSPI,-3.62
337150,23625.0,3242.0,76592250.0,KOSPI,9.12
104520,14165.0,201.0,2847165.0,KOSPI,5.08
520099,4715.0,3274685.0,15440139775.0,KOSPI,-54.36
760027,7065.0,292249.0,2064739185.0,KOSPI,-42.68
438900,10840.0,52942.0,573891280.0,KOSPI,-2.25
396510,7495.0,6379.0,47810605.0,KOSPI,-0.27
484890,52420.0,4216.0,221002720.0,KOSPI,0.01
000087,12220.0,18354.0,224285880.0,KOSPI,0.41
580047,13790.0,4011.0,55311690.0,KOSPI,0.25
0028X0,11955.0,10870.0,129950850.0,KOSPI,0.34
234310,27420.0,6.0,164520.0,KOSPI,14.68
610080,13695.0,2.0,27390.0,KOSPI,1.07
496130,25260.0,513.0,12958380.0,KOSPI,17.98
0104G0,5550.0,115019.0,638355450.0,KOSPI,14.43
387280,10205.0,20653.0,210763865.0,KOSPI,14.21
417450,15895.0,798.0,12684210.0,KOSPI,10.0
435040,19270.0,10954.0,211083580.0,KOSPI,0.68
760023,13400.0,2706.0,36260400.0,KOSPI,16.07
0127T0,11130.0,3066.0,34124580.0,KOSPI,0.09
0127V0,10675.0,9195.0,98156625.0,KOSPI,1.43
001795,2050.0,12735.0,26106750.0,KOSPI,1.99
0004G0,9485.0,23636.0,224187460.0,KOSPI,-1.76
0207G0,5400.0,266520.0,1439208000.0,KOSPI,15.26
465670,16510.0,46047.0,760235970.0,KOSPI,-2.37
550097,13175.0,6804.0,89642700.0,KOSPI,29.87
102960,12400.0,7819.0,96955600.0,KOSPI,11.16
012170,648.0,109551.0,70989048.0,KOSPI,5.37
580054,26240.0,105.0,2755200.0,KOSPI,-1.76
530092,2620.0,424208.0,1111424960.0,KOSPI,-21.79
500063,6520.0,757.0,4935640.0,KOSPI,-13.87
428560,16285.0,3673.0,59814805.0,KOSPI,-0.94
520040,6510.0,49942.0,325122420.0,KOSPI,-13.77
580088,26005.0,21578.0,561135890.0,KOSPI,-42.22
610062,64870.0,396.0,25688520.0,KOSPI,-2.04
520097,12900.0,2093.0,26999700.0,KOSPI,-12.69
489860,15170.0,3012.0,45692040.0,KOSPI,5.35
45226K,4435.0,41814.0,185445090.0,KOSPI,29.87
520064,6435.0,505.0,3249675.0,KOSPI,1.1
610096,12855.0,10414.0,133871970.0,KOSPI,-2.76
472720,24705.0,471.0,11636055.0,KOSPI,12.55
300610,5465.0,34146.0,186607890.0,KOSPI,4.0
019685,660.0,8464.0,5586240.0,KOSPI,1.85
580032,25635.0,3797.0,97336095.0,KOSPI,5.32
0088N0,9490.0,2994.0,28413060.0,KOSPI,10.67
700032,12790.0,145.0,1854550.0,KOSPI,-2.7
570123,6395.0,50.0,319750.0,KOSPI,1.43
580083,25570.0,34.0,869380.0,KOSPI,3.17
0090B0,6235.0,220050.0,1372011750.0,KOSPI,9.48
137610,5295.0,13900.0,73600500.0,KOSPI,-0.38
266390,14090.0,4210.0,59318900.0,KOSPI,3.79
269530,21110.0,487.0,10280570.0,KOSPI,0.05
610071,12660.0,4.0,50640.0,KOSPI,-1.13
463640,14875.0,3937.0,58562875.0,KOSPI,-0.34
00806K,10420.0,8074.0,84131080.0,KOSPI,6.33
435550,18045.0,9006.0,162513270.0,KOSPI,1.06
0015F0,9710.0,3447.0,33470370.0,KOSPI,-0.26
266410,9000.0,105971.0,953739000.0,KOSPI,-1.48
760015,6300.0,31721.0,199842300.0,KOSPI,8.15
269370,17995.0,1776.0,31959120.0,KOSPI,-0.28
404650,20980.0,430.0,9021400.0,KOSPI,12.52
244620,17910.0,3915.0,70117650.0,KOSPI,18.26
332610,129770.0,860.0,111602200.0,KOSPI,-0.68
363510,111945.0,2.0,223890.0,KOSPI,0.03
580051,8280.0,1679.0,13902120.0,KOSPI,-3.83
550100,12385.0,916.0,11344660.0,KOSPI,-2.71
530127,12310.0,1.0,12310.0,KOSPI,1.53
400570,11152.0,3482.0,38831264.0,KOSPI,-0.25
145995,33100.0,36.0,1191600.0,KOSPI,0.15
453060,111155.0,227.0,25232185.0,KOSPI,0.01
453660,17465.0,51714.0,903185010.0,KOSPI,1.13
395760,20350.0,155.0,3154250.0,KOSPI,19.88
457700,9235.0,3288.0,30364680.0,KOSPI,0.6
002070,5070.0,307693.0,1560003510.0,KOSPI,29.83
354240,11075.0,2701.0,29913575.0,KOSPI,-0.09
485810,11065.0,7617.0,84282105.0,KOSPI,-1.51
0008E0,12770.0,3478.0,44414060.0,KOSPI,2.45
409810,5715.0,415373.0,2373856695.0,KOSPI,-4.19
0208N0,7260.0,2929.0,21264540.0,KOSPI,19.7
280920,21770.0,14.0,304780.0,KOSPI,18.32
290080,6830.0,37758.0,257887140.0,KOSPI,-2.22
005257,14070.0,175.0,2462250.0,KOSPI,0.5
448490,52975.0,289.0,15309775.0,KOSPI,0.32
251590,16860.0,4493.0,75751980.0,KOSPI,1.29
610030,11795.0,1.0,11795.0,KOSPI,-0.76
0094L0,8410.0,13343.0,112214630.0,KOSPI,-0.06
371870,7335.0,14808.0,108616680.0,KOSPI,-1.48
451600,85465.0,24.0,2051160.0,KOSPI,1.12
700014,11610.0,3.0,34830.0,KOSPI,-0.81
494180,13655.0,60.0,819300.0,KOSPI,-0.8
610086,58010.0,1.0,58010.0,KOSPI,-3.76
700030,2900.0,64230.0,186267000.0,KOSPI,8.41
530139,11590.0,225.0,2607750.0,KOSPI,4.32
610093,23150.0,63.0,1458450.0,KOSPI,0.67
360150,2815.0,146166.0,411457290.0,KOSPI,-6.17
0084E0,10450.0,32.0,334400.0,KOSPI,-0.71
570096,11490.0,6.0,68940.0,KOSPI,-3.53
610049,11490.0,3.0,34470.0,KOSPI,0.09
140580,22925.0,2027.0,46468975.0,KOSPI,8.24
610074,11455.0,183.0,2096265.0,KOSPI,-0.26
279540,19090.0,4.0,76360.0,KOSPI,9.87
610070,22880.0,22.0,503360.0,KOSPI,-2.66
610045,11390.0,9.0,102510.0,KOSPI,0.04
419420,9475.0,1080.0,10233000.0,KOSPI,7.43
430500,112995.0,432.0,48813840.0,KOSPI,0.44
0093B0,12480.0,848.0,10583040.0,KOSPI,3.53
166400,22410.0,2099.0,47038590.0,KOSPI,16.54
520038,2795.0,642504.0,1795798680.0,KOSPI,-17.67
451150,17985.0,4.0,71940.0,KOSPI,-1.64
610035,11125.0,9495.0,105631875.0,KOSPI,-0.8
140710,6180.0,13860.0,85654800.0,KOSPI,3.52
530137,11055.0,111.0,1227105.0,KOSPI,6.81
0222D0,10040.0,22242.0,223309680.0,KOSPI,1.93
0067Y0,11000.0,35434.0,389774000.0,KOSPI,6.54
580059,10985.0,19.0,208715.0,KOSPI,-0.36
410870,9130.0,22038.0,201206940.0,KOSPI,2.01
610060,21875.0,6.0,131250.0,KOSPI,-0.95
310080,9465.0,7338.0,69454170.0,KOSPI,-0.11
487750,27200.0,13912.0,378406400.0,KOSPI,25.4
464610,7250.0,27201.0,197207250.0,KOSPI,2.62
0068M0,12025.0,138.0,1659450.0,KOSPI,1.18
354350,20705.0,1677.0,34722285.0,KOSPI,1.35
487910,8965.0,2775.0,24877875.0,KOSPI,1.36
456250,9330.0,11107.0,103628310.0,KOSPI,0.92
610079,53455.0,39.0,2084745.0,KOSPI,-2.75
0120X0,10065.0,1.0,10065.0,KOSPI,0.05
0194N0,11485.0,108902.0,1250739470.0,KOSPI,50.23
0002C0,9810.0,12393.0,121575330.0,KOSPI,1.61
181480,87850.0,2395.0,210400750.0,KOSPI,-0.54
700035,10500.0,74416.0,781368000.0,KOSPI,-18.6
460270,12940.0,1324.0,17132560.0,KOSPI,-0.69
38380K,7130.0,571.0,4071230.0,KOSPI,0.85
0113G0,10985.0,33805.0,371347925.0,KOSPI,0.87
0224X0,9935.0,140884.0,1399682540.0,KOSPI,1.27
580087,10430.0,50.0,521500.0,KOSPI,-2.48
0133E0,9065.0,92343.0,837089295.0,KOSPI,1.45
760019,10370.0,201.0,2084370.0,KOSPI,0.1
407820,5755.0,4977.0,28642635.0,KOSPI,8.28
252650,17215.0,59706.0,1027838790.0,KOSPI,4.56
117690,20625.0,1942.0,40053750.0,KOSPI,-1.32
373490,22840.0,3060.0,69890400.0,KOSPI,15.97
520085,10250.0,1052.0,10783000.0,KOSPI,-14.97
610082,10220.0,12.0,122640.0,KOSPI,0.05
610092,10195.0,3.0,30585.0,KOSPI,0.89
610056,20320.0,2.0,40640.0,KOSPI,-0.37
610102,10160.0,3.0,30480.0,KOSPI,1.35
530064,677.0,212449.0,143827973.0,KOSPI,-4.92
385710,10125.0,55717.0,564134625.0,KOSPI,4.54
570107,4045.0,31011.0,125439495.0,KOSPI,-8.79
237440,10085.0,13589.0,137045065.0,KOSPI,-0.54
429010,20130.0,1288.0,25927440.0,KOSPI,1.44
760020,20100.0,1.0,20100.0,KOSPI,0.15
610106,10010.0,197.0,1971970.0,KOSPI,-0.79
610068,10000.0,3790.0,37900000.0,KOSPI,1.68
610105,9995.0,2.0,19990.0,KOSPI,1.73
580061,9970.0,8.0,79760.0,KOSPI,0.71
570085,9920.0,292.0,2896640.0,KOSPI,1.8
252000,18025.0,5387.0,97100675.0,KOSPI,3.38
0203D0,8980.0,29426.0,264245480.0,KOSPI,9.38
0189Z0,9870.0,9282.0,91613340.0,KOSPI,1.75
0120J0,7865.0,8343.0,65617695.0,KOSPI,3.28
084695,10760.0,2158.0,23220080.0,KOSPI,5.59
044380,762.0,319806.0,243692172.0,KOSPI,3.96
004255,1850.0,22339.0,41327150.0,KOSPI,1.37
520046,9765.0,3108.0,30349620.0,KOSPI,-1.51
498050,9730.0,2785.0,27098050.0,KOSPI,5.93
446700,8985.0,2403.0,21590955.0,KOSPI,5.96
0224D0,9630.0,143851.0,1385285130.0,KOSPI,11.01
0174R0,11290.0,5397.0,60932130.0,KOSPI,1.26
399580,9550.0,4475.0,42736250.0,KOSPI,4.95
371150,7345.0,3743.0,27492335.0,KOSPI,-0.27
375270,14650.0,1669.0,24450850.0,KOSPI,3.68
461580,13600.0,3070.0,41752000.0,KOSPI,11.7
500086,9515.0,2003.0,19058545.0,KOSPI,13.41
530141,9460.0,10.0,94600.0,KOSPI,-1.92
281990,17170.0,1166.0,20020220.0,KOSPI,2.26
0001P0,8390.0,6646.0,55759940.0,KOSPI,3.52
140570,23420.0,1722.0,40329240.0,KOSPI,10.13
570114,9360.0,304.0,2845440.0,KOSPI,-7.42
580065,9355.0,1221.0,11422455.0,KOSPI,9.8
0084D0,11680.0,8688.0,101475840.0,KOSPI,-0.38
003075,12560.0,331.0,4157360.0,KOSPI,1.62
105010,6645.0,7269.0,48302505.0,KOSPI,2.7
550099,9290.0,2250.0,20902500.0,KOSPI,1.92
001755,19510.0,635.0,12388850.0,KOSPI,1.72
395150,1809.0,37203.0,67300227.0,KOSPI,5.98
610097,9200.0,12.0,110400.0,KOSPI,1.21
550098,9195.0,43360.0,398695200.0,KOSPI,-27.71
001067,43600.0,12.0,523200.0,KOSPI,0.0
580043,18270.0,7965.0,145520550.0,KOSPI,30.36
497510,13035.0,5426.0,70727910.0,KOSPI,-3.52
341850,4560.0,2021.0,9215760.0,KOSPI,0.77
480460,9105.0,274.0,2494770.0,KOSPI,-0.33
004105,2750.0,24567.0,67559250.0,KOSPI,1.48
0191S0,12255.0,81994.0,1004836470.0,KOSPI,13.05
0166T0,10060.0,10612.0,106756720.0,KOSPI,0.05
520084,9050.0,4.0,36200.0,KOSPI,-11.4
449680,10645.0,175.0,1862875.0,KOSPI,1.62
530114,8975.0,5927.0,53194825.0,KOSPI,-4.62
570094,8930.0,12.0,107160.0,KOSPI,1.65
610034,8895.0,3.0,26685.0,KOSPI,-0.34
463690,17750.0,1120.0,19880000.0,KOSPI,-1.58
610084,8860.0,2.0,17720.0,KOSPI,1.26
610090,8855.0,218.0,1930390.0,KOSPI,1.61
610059,17605.0,1.0,17605.0,KOSPI,1.88
580085,8795.0,228.0,2005260.0,KOSPI,1.15
435540,17585.0,1615.0,28399775.0,KOSPI,0.74
500101,8765.0,1315.0,11525975.0,KOSPI,0.98
00781K,11150.0,1103.0,12298450.0,KOSPI,10.95
230480,4335.0,19623.0,85065705.0,KOSPI,1.64
301400,12320.0,31422.0,387119040.0,KOSPI,15.9
530090,2865.0,2114.0,6056610.0,KOSPI,-2.39
700033,8565.0,36602.0,313496130.0,KOSPI,8.69
497520,13150.0,5266.0,69247900.0,KOSPI,-2.38
404540,21360.0,408.0,8714880.0,KOSPI,13.89
261110,17020.0,3212.0,54668240.0,KOSPI,-1.5
500068,12150.0,2.0,24300.0,KOSPI,0.0
429980,16935.0,154.0,2607990.0,KOSPI,6.74
000225,3730.0,23848.0,88953040.0,KOSPI,0.54
0184N0,8450.0,20539.0,173554550.0,KOSPI,1.08
395280,3595.0,2637.0,9480015.0,KOSPI,0.84
490330,15340.0,5565.0,85367100.0,KOSPI,1.29
272570,107970.0,5.0,539850.0,KOSPI,0.39
487920,8405.0,2770.0,23281850.0,KOSPI,1.02
530135,8370.0,22.0,184140.0,KOSPI,-0.53
215620,15470.0,458.0,7085260.0,KOSPI,-0.77
0216K0,8340.0,37146.0,309797640.0,KOSPI,4.84
0214M0,9755.0,106.0,1034030.0,KOSPI,6.26
610095,8290.0,6667.0,55269430.0,KOSPI,2.85
0215T0,8290.0,24381.0,202118490.0,KOSPI,19.88
182490,13785.0,51.0,703035.0,KOSPI,-0.11
462340,16455.0,111.0,1826505.0,KOSPI,-1.14
700031,8225.0,803.0,6604675.0,KOSPI,2.05
217780,5285.0,415.0,2193275.0,KOSPI,0.0
225800,16030.0,393.0,6299790.0,KOSPI,-1.57
395750,20145.0,159.0,3203055.0,KOSPI,19.2
0219B0,8940.0,16627.0,148645380.0,KOSPI,14.54
700011,8035.0,1550.0,12454250.0,KOSPI,-1.11
270800,14600.0,415.0,6059000.0,KOSPI,6.53
530056,1990.0,36091.0,71821090.0,KOSPI,-2.69
610094,7870.0,4414.0,34738180.0,KOSPI,1.42
580053,15705.0,580.0,9108900.0,KOSPI,0.42
435530,15690.0,1211.0,19000590.0,KOSPI,0.48
570097,7760.0,676.0,5245760.0,KOSPI,1.97
482030,7730.0,9085.0,70227050.0,KOSPI,12.52
530142,7680.0,554.0,4254720.0,KOSPI,0.92
174350,20170.0,1883.0,37980110.0,KOSPI,0.2
0082F0,10945.0,1391.0,15224495.0,KOSPI,-0.05
437370,10940.0,2141.0,23422540.0,KOSPI,-0.55
256450,15265.0,18793.0,286875145.0,KOSPI,1.9
0094X0,8465.0,6304.0,53363360.0,KOSPI,-1.74
494210,10880.0,3956.0,43041280.0,KOSPI,0.97
189400,25355.0,15.0,380325.0,KOSPI,2.44
580044,2535.0,204464.0,518316240.0,KOSPI,-28.09
570111,37970.0,366.0,13897020.0,KOSPI,1.61
457930,25110.0,30.0,753300.0,KOSPI,11.28
0138D0,10745.0,62684.0,673539580.0,KOSPI,22.45
390400,7510.0,476.0,3574760.0,KOSPI,2.81
510027,2500.0,119195.0,297987500.0,KOSPI,-29.18
610091,14925.0,1.0,14925.0,KOSPI,1.43
0047N0,10635.0,8082.0,85952070.0,KOSPI,-1.3
402460,13525.0,157.0,2123425.0,KOSPI,3.92
570101,7410.0,155.0,1148550.0,KOSPI,-4.2
500036,3705.0,5554.0,20577570.0,KOSPI,-0.13
0172Y0,9235.0,11502.0,106220970.0,KOSPI,13.73
304670,12310.0,391.0,4813210.0,KOSPI,-0.44
225050,16315.0,1635.0,26675025.0,KOSPI,3.42
001515,3750.0,15495.0,58106250.0,KOSPI,10.29
001065,21450.0,82.0,1758900.0,KOSPI,-0.23
381570,8605.0,5522.0,47516810.0,KOSPI,7.5
0005C0,11205.0,857.0,9602685.0,KOSPI,2.8
610073,14565.0,24.0,349560.0,KOSPI,-0.72
510043,7250.0,19.0,137750.0,KOSPI,-0.28
0218K0,9620.0,1551.0,14920620.0,KOSPI,12.51
466810,4970.0,11782.0,58556540.0,KOSPI,6.31
580079,7190.0,73.0,524870.0,KOSPI,5.04
450180,11010.0,399.0,4392990.0,KOSPI,2.23
400590,14285.0,1363.0,19470455.0,KOSPI,-0.17
227570,19815.0,5527.0,109517505.0,KOSPI,3.77
610100,7125.0,12011.0,85578375.0,KOSPI,3.41
488480,12945.0,533.0,6899685.0,KOSPI,3.07
139660,8095.0,1402.0,11349190.0,KOSPI,0.56
285690,20065.0,2.0,40130.0,KOSPI,8.02
570095,6995.0,67.0,468665.0,KOSPI,2.27
0036Z0,12715.0,7136.0,90734240.0,KOSPI,-1.09
760025,9855.0,5863.0,57779865.0,KOSPI,20.99
760006,6885.0,7.0,48195.0,KOSPI,3.07
438740,30595.0,4.0,122380.0,KOSPI,9.19
33637L,1815.0,5568.0,10105920.0,KOSPI,10.0
580084,13635.0,3.0,40905.0,KOSPI,-4.21
316300,13595.0,654.0,8891130.0,KOSPI,-0.8
456200,61705.0,51.0,3146955.0,KOSPI,-1.22
530062,52.0,509245.0,26480740.0,KOSPI,-3.7
250780,2870.0,651755.0,1870536850.0,KOSPI,-13.94
326230,10520.0,27.0,284040.0,KOSPI,2.83
368680,7465.0,452.0,3374180.0,KOSPI,4.19
500067,9595.0,2.0,19190.0,KOSPI,0.0
012205,5720.0,19646.0,112375120.0,KOSPI,7.72
500098,6685.0,6.0,40110.0,KOSPI,-2.98
0102X0,9495.0,1458.0,13843710.0,KOSPI,0.64
429740,6020.0,11361.0,68393220.0,KOSPI,-0.08
244670,11020.0,467.0,5146340.0,KOSPI,4.11
139290,25430.0,63500.0,1614805000.0,KOSPI,5.85
0087F0,13145.0,3237.0,42550365.0,KOSPI,-1.9
253280,11905.0,436.0,5190580.0,KOSPI,4.43
530094,6520.0,1912.0,12466240.0,KOSPI,-13.53
570092,6520.0,2134.0,13913680.0,KOSPI,-4.33
580078,6495.0,33.0,214335.0,KOSPI,1.48
610099,6440.0,3.0,19320.0,KOSPI,2.47
530096,6380.0,38.0,242440.0,KOSPI,-2.37
219900,4535.0,2379.0,10788765.0,KOSPI,1.0
760028,4225.0,4542749.0,19193114525.0,KOSPI,-53.49
451670,12540.0,322.0,4037880.0,KOSPI,1.95
315270,19485.0,31411.0,612043335.0,KOSPI,1.86
570064,6200.0,28.0,173600.0,KOSPI,-0.32
570091,6180.0,75.0,463500.0,KOSPI,-1.9
001770,5020.0,6737.0,33819740.0,KOSPI,-3.46
0114X0,8615.0,6082.0,52396430.0,KOSPI,2.01
291890,12035.0,3204.0,38560140.0,KOSPI,7.03
610023,6015.0,26.0,156390.0,KOSPI,1.18
307510,12030.0,975.0,11729250.0,KOSPI,5.8
139240,9690.0,40227.0,389799630.0,KOSPI,6.6
570073,6000.0,15.0,90000.0,KOSPI,-5.59
138920,11830.0,464.0,5489120.0,KOSPI,0.81
0176P0,11770.0,15981.0,188096370.0,KOSPI,26.83
570098,5870.0,15645.0,91836150.0,KOSPI,3.89
530122,5855.0,738.0,4320990.0,KOSPI,0.26
289670,52135.0,390.0,20332650.0,KOSPI,0.37
004985,7930.0,2113.0,16756090.0,KOSPI,3.66
469530,9075.0,286.0,2595450.0,KOSPI,0.83
476310,10550.0,1739.0,18346450.0,KOSPI,-2.04
401590,11365.0,4942.0,56165830.0,KOSPI,0.04
400580,11495.0,5543.0,63716785.0,KOSPI,-0.26
26490K,7380.0,96.0,708480.0,KOSPI,3.51
550096,11380.0,2.0,22760.0,KOSPI,1.34
407300,10285.0,21.0,215985.0,KOSPI,5.76
314700,10265.0,210.0,2155650.0,KOSPI,2.6
570066,5635.0,220.0,1239700.0,KOSPI,-3.01
433250,22440.0,6.0,134640.0,KOSPI,17.55
413220,4645.0,32725.0,152007625.0,KOSPI,1.2
0184V0,5060.0,57637.0,291643220.0,KOSPI,10.84
267450,11080.0,10.0,110800.0,KOSPI,-0.05
432600,55275.0,4.0,221100.0,KOSPI,0.27
474390,40965.0,244.0,9995460.0,KOSPI,0.77
483020,9135.0,3634.0,33196590.0,KOSPI,1.27
530060,5460.0,401.0,2189460.0,KOSPI,0.09
499150,10890.0,132.0,1437480.0,KOSPI,3.76
500061,2720.0,21410.0,58235200.0,KOSPI,-19.76
0078V0,9880.0,338.0,3339440.0,KOSPI,2.6
0053M0,12055.0,822.0,9909210.0,KOSPI,10.55
483030,11955.0,5242.0,62668110.0,KOSPI,-2.21
261920,13350.0,248.0,3310800.0,KOSPI,0.07
004835,3830.0,6136.0,23500880.0,KOSPI,11.34
321410,10635.0,945.0,10050075.0,KOSPI,0.47
760010,7580.0,6466.0,49012280.0,KOSPI,5.94
0131A0,8140.0,2993.0,24363020.0,KOSPI,0.31
220130,6565.0,1.0,6565.0,KOSPI,3.14
000325,21450.0,148.0,3174600.0,KOSPI,2.39
411860,17355.0,1049.0,18205395.0,KOSPI,1.31
0174J0,8670.0,1.0,8670.0,KOSPI,-0.63
0128D0,7405.0,2735.0,20252675.0,KOSPI,-1.33
0015E0,10360.0,2467.0,25558120.0,KOSPI,0.83
295000,51460.0,17.0,874820.0,KOSPI,0.65
0073X0,9320.0,3470.0,32340400.0,KOSPI,-0.9
498610,8470.0,649.0,5497030.0,KOSPI,-1.11
391600,11290.0,6836.0,77178440.0,KOSPI,3.53
002995,17220.0,56774.0,977648280.0,KOSPI,-6.72
0132D0,9130.0,1155.0,10545150.0,KOSPI,-0.27
0191B0,25000.0,833.0,20825000.0,KOSPI,20.77
0154H0,8250.0,30465.0,251336250.0,KOSPI,-0.18
550070,4940.0,9.0,44460.0,KOSPI,-3.04
610029,4930.0,597.0,2943210.0,KOSPI,-5.1
0015K0,7240.0,53.0,383720.0,KOSPI,-0.41
090355,10490.0,113.0,1185370.0,KOSPI,0.67
470310,15955.0,88.0,1404040.0,KOSPI,6.83
267440,7960.0,14.0,111440.0,KOSPI,0.38
488200,10530.0,6156.0,64822680.0,KOSPI,11.72
760014,6730.0,21.0,141330.0,KOSPI,3.86
760024,9295.0,14414.0,133978130.0,KOSPI,-14.88
373790,16350.0,737.0,12049950.0,KOSPI,-1.77
530125,4550.0,10370.0,47183500.0,KOSPI,-7.8
252420,91.0,8257909.0,751469719.0,KOSPI,-38.1
244660,9030.0,18.0,162540.0,KOSPI,1.23
000145,9500.0,12.0,114000.0,KOSPI,-0.63
205720,1478.0,39094.0,57780932.0,KOSPI,-2.18
266550,17600.0,26.0,457600.0,KOSPI,1.94
0050E0,7915.0,11523.0,91204545.0,KOSPI,-2.22
009415,6170.0,10581.0,65284770.0,KOSPI,0.65
500041,800.0,4537.0,3629600.0,KOSPI,-5.33
225030,2310.0,22264.0,51429840.0,KOSPI,-1.7
238670,13035.0,1293.0,16854255.0,KOSPI,0.7
226380,5565.0,66.0,367290.0,KOSPI,2.11
488210,19320.0,972.0,18779040.0,KOSPI,24.77
334690,5940.0,5044.0,29961360.0,KOSPI,5.04
291680,7540.0,1067.0,8045180.0,KOSPI,-0.46
277650,18820.0,578.0,10877960.0,KOSPI,4.79
000545,4890.0,2973.0,14537970.0,KOSPI,0.0
005965,16420.0,1712.0,28111040.0,KOSPI,1.11
0079X0,10545.0,2664.0,28091880.0,KOSPI,0.09
227550,10845.0,3173.0,34411185.0,KOSPI,7.27
243890,6960.0,26856.0,186917760.0,KOSPI,14.85
570023,711.0,8637.0,6140907.0,KOSPI,-3.79
267490,5005.0,5495.0,27502475.0,KOSPI,2.14
291630,2600.0,144041.0,374506600.0,KOSPI,23.81
014825,13010.0,30.0,390300.0,KOSPI,1.4
007575,7380.0,373.0,2752740.0,KOSPI,1.79
454180,8125.0,408.0,3315000.0,KOSPI,-1.4
427120,4775.0,3895.0,18598625.0,KOSPI,5.06
145670,1360.0,320374.0,435708640.0,KOSPI,-18.9
014285,5220.0,1943.0,10142460.0,KOSPI,-1.88
005745,5090.0,263.0,1338670.0,KOSPI,-1.55
227560,12260.0,10619.0,130188940.0,KOSPI,-0.2
291620,5130.0,36824.0,188907120.0,KOSPI,-14.36
489010,19420.0,543.0,10545060.0,KOSPI,4.52
36328K,2435.0,2994.0,7290390.0,KOSPI,2.74
252410,1405.0,168754.0,237099370.0,KOSPI,-18.36
280940,3700.0,66925.0,247622500.0,KOSPI,-0.13
014915,4500.0,2055.0,9247500.0,KOSPI,5.88
476000,4810.0,859.0,4131790.0,KOSPI,10.45
275750,2920.0,15587.0,45514040.0,KOSPI,-13.35
253230,86.0,10208487.0,877929882.0,KOSPI,-39.01
700018,2555.0,25702.0,65668610.0,KOSPI,-27.21
500051,1270.0,121.0,153670.0,KOSPI,-5.01
491630,5335.0,16096.0,85872160.0,KOSPI,-12.11
500030,73.0,57075.0,4166475.0,KOSPI,-5.19
306530,5390.0,45698.0,246312220.0,KOSPI,30.67
580033,4915.0,2.0,9830.0,KOSPI,-2.67
000227,7400.0,4073.0,30140200.0,KOSPI,5.26
570070,2215.0,256.0,567040.0,KOSPI,-7.13
334700,3395.0,1047.0,3554565.0,KOSPI,-4.63
001525,8370.0,1638.0,13710060.0,KOSPI,-4.99
008355,6900.0,416.0,2870400.0,KOSPI,5.99
253160,195.0,3007842.0,586529190.0,KOSPI,-33.67
253240,1399.0,100732.0,140924068.0,KOSPI,-18.52
004545,4600.0,6595.0,30337000.0,KOSPI,-6.69
465620,6650.0,2226.0,14802900.0,KOSPI,-3.83
306520,2625.0,76468.0,200728500.0,KOSPI,-16.53
001527,7090.0,1333.0,9450970.0,KOSPI,-1.12
011155,6790.0,19698.0,133749420.0,KOSPI,4.14
500038,1324.0,2006.0,2655944.0,KOSPI,-2.93
002785,1429.0,38401.0,54875029.0,KOSPI,-4.8
412560,1643.0,25261.0,41503823.0,KOSPI,6.9
004415,4675.0,11947.0,55852225.0,KOSPI,-5.36
002787,3135.0,24105.0,75569175.0,KOSPI,-5.0
196170,308500.0,350320.0,108073720000.0,KOSDAQ,10.38
086520,79100.0,1339406.0,105947014600.0,KOSDAQ,12.04
247540,103500.0,497654.0,51507189000.0,KOSDAQ,7.25
277810,433000.0,266975.0,115600175000.0,KOSDAQ,16.09
036930,124500.0,2460953.0,306388648500.0,KOSDAQ,26.65
058470,64100.0,1016063.0,65129638300.0,KOSDAQ,16.12
240810,97600.0,2131726.0,208056457600.0,KOSDAQ,27.92
028300,30600.0,985406.0,30153423600.0,KOSDAQ,2.17
319660,129600.0,800235.0,103710456000.0,KOSDAQ,27.81
298380,66800.0,334501.0,22344666800.0,KOSDAQ,9.87
039030,296000.0,187285.0,55436360000.0,KOSDAQ,23.33
214450,338500.0,257179.0,87055091500.0,KOSDAQ,-2.73
000250,149600.0,312855.0,46803108000.0,KOSDAQ,15.17
141080,87500.0,322189.0,28191537500.0,KOSDAQ,12.32
440110,63400.0,875402.0,55500486800.0,KOSDAQ,29.92
222800,82900.0,858373.0,71159121700.0,KOSDAQ,29.94
214370,55600.0,104202.0,5793631200.0,KOSDAQ,12.78
087010,127800.0,182326.0,23301262800.0,KOSDAQ,5.79
145020,232500.0,34721.0,8072632500.0,KOSDAQ,3.56
403870,34600.0,4743050.0,164109530000.0,KOSDAQ,21.19
095340,129600.0,180201.0,23354049600.0,KOSDAQ,21.69
108490,183800.0,286608.0,52678550400.0,KOSDAQ,16.04
214150,41150.0,191744.0,7890265600.0,KOSDAQ,9.59
084370,112300.0,335510.0,37677773000.0,KOSDAQ,26.75
095610,130000.0,393775.0,51190750000.0,KOSDAQ,30.0
319400,21300.0,2347330.0,49998129000.0,KOSDAQ,10.08
347850,50400.0,954481.0,48105842400.0,KOSDAQ,10.28
080220,65100.0,3456815.0,225038656500.0,KOSDAQ,29.94
257720,33950.0,575787.0,19547968650.0,KOSDAQ,2.72
031980,97800.0,336089.0,32869504200.0,KOSDAQ,26.68
178320,33000.0,1014672.0,33484176000.0,KOSDAQ,18.28
058610,94600.0,2097222.0,198397201200.0,KOSDAQ,23.18
263750,33200.0,247299.0,8210326800.0,KOSDAQ,3.43
131290,186600.0,85905.0,16029873000.0,KOSDAQ,29.94
310210,110900.0,79715.0,8840393500.0,KOSDAQ,10.02
226950,94800.0,273246.0,25903720800.0,KOSDAQ,5.92
005290,39150.0,714598.0,27976511700.0,KOSDAQ,18.1
067310,29700.0,2957289.0,87831483300.0,KOSDAQ,20.0
357780,252500.0,44478.0,11230695000.0,KOSDAQ,12.47
098460,27250.0,3028076.0,82515071000.0,KOSDAQ,20.84
064760,165500.0,88495.0,14645922500.0,KOSDAQ,19.75
237690,88500.0,214779.0,19007941500.0,KOSDAQ,4.49
140410,59000.0,136283.0,8040697000.0,KOSDAQ,15.69
140860,255000.0,33964.0,8660820000.0,KOSDAQ,12.33
068760,40200.0,97880.0,3934776000.0,KOSDAQ,3.88
089970,65500.0,1151210.0,75404255000.0,KOSDAQ,29.45
041510,68400.0,110044.0,7527009600.0,KOSDAQ,2.7
032820,9030.0,4159242.0,37557955260.0,KOSDAQ,16.67
089030,41450.0,1268637.0,52585003650.0,KOSDAQ,29.94
035900,43200.0,232797.0,10056830400.0,KOSDAQ,2.86
007390,22000.0,482444.0,10613768000.0,KOSDAQ,-3.51
096530,26900.0,259907.0,6991498300.0,KOSDAQ,6.96
290650,51900.0,500236.0,25962248400.0,KOSDAQ,0.78
060370,26350.0,114236.0,3010118600.0,KOSDAQ,11.65
010170,8530.0,9615570.0,82020812100.0,KOSDAQ,19.13
0009K0,20300.0,190727.0,3871758100.0,KOSDAQ,13.41
420770,103500.0,273351.0,28291828500.0,KOSDAQ,22.92
083650,40300.0,242284.0,9764045200.0,KOSDAQ,16.47
082920,27500.0,386656.0,10633040000.0,KOSDAQ,12.24
131970,64100.0,518039.0,33206299900.0,KOSDAQ,23.75
437730,37650.0,729821.0,27477760650.0,KOSDAQ,15.49
030530,15280.0,871949.0,13323380720.0,KOSDAQ,14.03
039200,30050.0,169510.0,5093775500.0,KOSDAQ,5.81
218410,42700.0,337256.0,14400831200.0,KOSDAQ,20.96
078600,70900.0,129036.0,9148652400.0,KOSDAQ,13.62
950160,13000.0,2494631.0,32430203000.0,KOSDAQ,11.4
003380,9600.0,615123.0,5905180800.0,KOSDAQ,7.87
043260,14940.0,1620683.0,24213004020.0,KOSDAQ,26.08
166090,52600.0,186123.0,9790069800.0,KOSDAQ,21.9
195940,36100.0,159096.0,5743365600.0,KOSDAQ,3.44
127120,28950.0,83428.0,2415240600.0,KOSDAQ,4.32
475830,44600.0,122891.0,5480938600.0,KOSDAQ,17.99
323280,31250.0,527893.0,16496656250.0,KOSDAQ,29.94
491000,37450.0,234913.0,8797491850.0,KOSDAQ,24.42
458870,23750.0,207966.0,4939192500.0,KOSDAQ,9.45
031330,9010.0,1524351.0,13734402510.0,KOSDAQ,19.34
101490,40850.0,383112.0,15650125200.0,KOSDAQ,19.27
293490,7970.0,356774.0,2843488780.0,KOSDAQ,6.27
241710,78800.0,154617.0,12183819600.0,KOSDAQ,-1.5
036540,4870.0,4227803.0,20589400610.0,KOSDAQ,25.35
065350,29000.0,271710.0,7879590000.0,KOSDAQ,16.7
347700,15400.0,994064.0,15308585600.0,KOSDAQ,18.92
086450,17500.0,233437.0,4085147500.0,KOSDAQ,2.1
083450,42850.0,259142.0,11104234700.0,KOSDAQ,19.19
085660,8450.0,295347.0,2495682150.0,KOSDAQ,5.23
204270,13250.0,279704.0,3706078000.0,KOSDAQ,18.2
038500,7010.0,836718.0,5865393180.0,KOSDAQ,11.09
213420,30000.0,179737.0,5392110000.0,KOSDAQ,11.94
090710,6190.0,2544430.0,15750021700.0,KOSDAQ,11.53
388720,62300.0,46231.0,2880191300.0,KOSDAQ,11.25
032190,18770.0,109594.0,2057079380.0,KOSDAQ,12.13
056190,20000.0,137487.0,2749740000.0,KOSDAQ,11.54
122870,38150.0,101186.0,3860245900.0,KOSDAQ,2.55
281740,10840.0,341670.0,3703702800.0,KOSDAQ,12.33
014620,26750.0,317952.0,8505216000.0,KOSDAQ,2.29
232140,8640.0,1158630.0,10010563200.0,KOSDAQ,21.01
099320,64300.0,70081.0,4506208300.0,KOSDAQ,11.63
417200,10350.0,719296.0,7444713600.0,KOSDAQ,14.75
388210,72200.0,56446.0,4075401200.0,KOSDAQ,20.53
328130,9250.0,317822.0,2939853500.0,KOSDAQ,8.57
035760,31350.0,51049.0,1600386150.0,KOSDAQ,3.13
476830,24150.0,314331.0,7591093650.0,KOSDAQ,17.23
137400,28300.0,147511.0,4174561300.0,KOSDAQ,10.33
100790,12500.0,505820.0,6322750000.0,KOSDAQ,18.71
033100,41300.0,217733.0,8992372900.0,KOSDAQ,13.15
252990,10980.0,854258.0,9379752840.0,KOSDAQ,21.06
074600,24700.0,373391.0,9222757700.0,KOSDAQ,19.61
253450,21600.0,46806.0,1011009600.0,KOSDAQ,2.61
445680,37550.0,84430.0,3170346500.0,KOSDAQ,7.9
036830,31000.0,48659.0,1508429000.0,KOSDAQ,14.81
093320,129700.0,10121.0,1312693700.0,KOSDAQ,-0.99
079940,47000.0,14892.0,699924000.0,KOSDAQ,-0.21
019210,16910.0,1431025.0,24198632750.0,KOSDAQ,21.31
115180,16660.0,112785.0,1878998100.0,KOSDAQ,12.19
189300,58200.0,129583.0,7541730600.0,KOSDAQ,18.17
006730,9720.0,290831.0,2826877320.0,KOSDAQ,2.32
041830,46200.0,91248.0,4215657600.0,KOSDAQ,-0.96
032500,14320.0,195215.0,2795478800.0,KOSDAQ,15.86
119850,36600.0,1055703.0,38638729800.0,KOSDAQ,23.03
171090,59300.0,95231.0,5647198300.0,KOSDAQ,19.8
090360,61400.0,207473.0,12738842200.0,KOSDAQ,19.46
225570,9020.0,169726.0,1530928520.0,KOSDAQ,4.76
102710,41500.0,100808.0,4183532000.0,KOSDAQ,18.91
466100,23200.0,346527.0,8039426400.0,KOSDAQ,13.73
053800,53000.0,58174.0,3083222000.0,KOSDAQ,0.19
052400,39700.0,62805.0,2493358500.0,KOSDAQ,7.88
399720,48450.0,468617.0,22704493650.0,KOSDAQ,14.81
251970,46100.0,80784.0,3724142400.0,KOSDAQ,-0.65
048410,5900.0,1097497.0,6475232300.0,KOSDAQ,11.95
023160,21800.0,214060.0,4666508000.0,KOSDAQ,4.06
161580,24000.0,232660.0,5583840000.0,KOSDAQ,19.11
094170,26900.0,278299.0,7486243100.0,KOSDAQ,15.2
490470,16490.0,538669.0,8882651810.0,KOSDAQ,28.73
067160,48000.0,35756.0,1716288000.0,KOSDAQ,-0.52
044490,27450.0,254518.0,6986519100.0,KOSDAQ,29.79
112040,15990.0,262439.0,4196399610.0,KOSDAQ,12.53
041960,7290.0,177879.0,1296737910.0,KOSDAQ,7.21
037460,32550.0,96681.0,3146966550.0,KOSDAQ,11.66
045100,30300.0,92173.0,2792841900.0,KOSDAQ,12.43
086900,72000.0,11136.0,801792000.0,KOSDAQ,1.69
053610,57700.0,53209.0,3070159300.0,KOSDAQ,19.46
397030,22150.0,119583.0,2648763450.0,KOSDAQ,13.65
222080,6640.0,770138.0,5113716320.0,KOSDAQ,11.78
050890,8470.0,844162.0,7150052140.0,KOSDAQ,14.3
376900,32150.0,376940.0,12118621000.0,KOSDAQ,20.41
383310,23850.0,404833.0,9655267050.0,KOSDAQ,14.94
046890,8510.0,490769.0,4176444190.0,KOSDAQ,15.0
211050,9990.0,115245.0,1151297550.0,KOSDAQ,5.27
476060,10820.0,323305.0,3498160100.0,KOSDAQ,13.77
121600,39950.0,77679.0,3103276050.0,KOSDAQ,12.22
059090,14650.0,384869.0,5638330850.0,KOSDAQ,23.01
052020,7190.0,231612.0,1665290280.0,KOSDAQ,9.77
060250,12170.0,321506.0,3912728020.0,KOSDAQ,7.89
124500,21050.0,195918.0,4124073900.0,KOSDAQ,14.03
460930,13650.0,1162972.0,15874567800.0,KOSDAQ,5.0
101160,29350.0,142045.0,4169020750.0,KOSDAQ,16.01
099190,16750.0,75636.0,1266903000.0,KOSDAQ,8.77
439960,14740.0,3151645.0,46455247300.0,KOSDAQ,9.43
358570,7410.0,495046.0,3668290860.0,KOSDAQ,8.65
376300,19840.0,74232.0,1472762880.0,KOSDAQ,4.15
033500,15690.0,124717.0,1956809730.0,KOSDAQ,6.59
122640,21500.0,503664.0,10828776000.0,KOSDAQ,25.0
034950,101300.0,993.0,100590900.0,KOSDAQ,0.1
340570,55600.0,33409.0,1857540400.0,KOSDAQ,3.35
082270,10180.0,173686.0,1768123480.0,KOSDAQ,10.77
035890,1958.0,359923.0,704729234.0,KOSDAQ,2.51
015750,5610.0,348291.0,1953912510.0,KOSDAQ,8.93
456160,26950.0,118772.0,3200905400.0,KOSDAQ,17.43
475960,32500.0,36178.0,1175785000.0,KOSDAQ,9.8
144960,10010.0,1898493.0,19003914930.0,KOSDAQ,28.33
336570,4865.0,669057.0,3254962305.0,KOSDAQ,11.07
033790,5210.0,375572.0,1956730120.0,KOSDAQ,13.26
160190,13990.0,106279.0,1486843210.0,KOSDAQ,15.14
214430,58700.0,30289.0,1777964300.0,KOSDAQ,10.75
009520,10230.0,145750.0,1491022500.0,KOSDAQ,11.44
215200,40950.0,27608.0,1130547600.0,KOSDAQ,0.61
295310,35000.0,79872.0,2795520000.0,KOSDAQ,14.19
056080,10900.0,294866.0,3214039400.0,KOSDAQ,16.33
030520,17050.0,90473.0,1542564650.0,KOSDAQ,7.64
078130,3645.0,148110.0,539860950.0,KOSDAQ,1.53
018290,11690.0,182467.0,2133039230.0,KOSDAQ,6.76
042000,16850.0,80584.0,1357840400.0,KOSDAQ,6.98
126340,56500.0,164572.0,9298318000.0,KOSDAQ,28.12
036810,18410.0,123543.0,2274426630.0,KOSDAQ,19.62
077360,8760.0,1083628.0,9492581280.0,KOSDAQ,26.96
486990,18560.0,319499.0,5929901440.0,KOSDAQ,16.58
095660,18270.0,75770.0,1384317900.0,KOSDAQ,-0.71
104830,31350.0,125340.0,3929409000.0,KOSDAQ,18.75
174900,19700.0,97760.0,1925872000.0,KOSDAQ,14.0
272290,19600.0,135091.0,2647783600.0,KOSDAQ,13.43
219130,60600.0,66011.0,4000266600.0,KOSDAQ,9.19
348370,17430.0,243573.0,4245477390.0,KOSDAQ,16.9
278280,31150.0,29496.0,918800400.0,KOSDAQ,10.27
013030,31600.0,42589.0,1345812400.0,KOSDAQ,7.3
036620,4105.0,281340.0,1154900700.0,KOSDAQ,3.53
368770,11120.0,153528.0,1707231360.0,KOSDAQ,15.47
170920,34550.0,304162.0,10508797100.0,KOSDAQ,29.89
041190,4345.0,680190.0,2955425550.0,KOSDAQ,10.56
069080,11770.0,60269.0,709366130.0,KOSDAQ,0.26
389470,27250.0,45499.0,1239847750.0,KOSDAQ,10.1
365340,28050.0,46163.0,1294872150.0,KOSDAQ,9.78
253590,8250.0,536824.0,4428798000.0,KOSDAQ,19.57
027360,2985.0,1249006.0,3728282910.0,KOSDAQ,16.6
425420,29250.0,263110.0,7695967500.0,KOSDAQ,17.71
003800,32550.0,4482.0,145889100.0,KOSDAQ,1.4
200710,26750.0,301603.0,8067880250.0,KOSDAQ,22.99
078340,29600.0,119699.0,3543090400.0,KOSDAQ,6.86
064290,27600.0,427882.0,11809543200.0,KOSDAQ,24.32
236200,51100.0,64120.0,3276532000.0,KOSDAQ,13.3
477850,19990.0,1368408.0,27354475920.0,KOSDAQ,2.51
199800,39300.0,23389.0,919187700.0,KOSDAQ,5.79
372320,23100.0,31489.0,727395900.0,KOSDAQ,10.79
033160,14490.0,1209024.0,17518757760.0,KOSDAQ,29.96
033640,15160.0,227928.0,3455388480.0,KOSDAQ,26.54
078020,6280.0,133059.0,835610520.0,KOSDAQ,9.03
025980,3580.0,638695.0,2286528100.0,KOSDAQ,7.03
290550,17300.0,325860.0,5637378000.0,KOSDAQ,20.06
064260,4520.0,5564514.0,25151603280.0,KOSDAQ,6.98
060280,8250.0,309206.0,2550949500.0,KOSDAQ,13.64
039440,21950.0,177975.0,3906551250.0,KOSDAQ,22.08
332570,7270.0,3833417.0,27868941590.0,KOSDAQ,17.26
241770,32800.0,28121.0,922368800.0,KOSDAQ,4.96
204620,4740.0,990769.0,4696245060.0,KOSDAQ,13.13
160980,30250.0,240822.0,7284865500.0,KOSDAQ,29.27
089010,19500.0,95234.0,1857063000.0,KOSDAQ,16.77
078160,8340.0,64079.0,534418860.0,KOSDAQ,9.88
089890,19700.0,409648.0,8070065600.0,KOSDAQ,21.83
348340,26150.0,198834.0,5199509100.0,KOSDAQ,13.45
025320,3465.0,645183.0,2235559095.0,KOSDAQ,10.7
356860,26400.0,433929.0,11455725600.0,KOSDAQ,28.47
448900,51300.0,122430.0,6280659000.0,KOSDAQ,16.59
455900,20150.0,513769.0,10352445350.0,KOSDAQ,5.77
092730,19120.0,26811.0,512626320.0,KOSDAQ,3.07
348210,28850.0,117571.0,3391923350.0,KOSDAQ,14.03
101930,6510.0,20828.0,135590280.0,KOSDAQ,11.09
441270,7060.0,346563.0,2446734780.0,KOSDAQ,18.66
092460,17200.0,65907.0,1133600400.0,KOSDAQ,12.42
243070,24550.0,14924.0,366384200.0,KOSDAQ,3.37
036890,13300.0,70899.0,942956700.0,KOSDAQ,12.43
206650,7930.0,154257.0,1223258010.0,KOSDAQ,6.59
025770,7750.0,57935.0,448996250.0,KOSDAQ,2.65
330860,23600.0,324790.0,7665044000.0,KOSDAQ,26.54
054950,23750.0,27521.0,653623750.0,KOSDAQ,3.04
389650,34650.0,55519.0,1923733350.0,KOSDAQ,6.78
215600,2070.0,606241.0,1254918870.0,KOSDAQ,6.87
121440,6670.0,282183.0,1882160610.0,KOSDAQ,-0.15
110990,15100.0,176724.0,2668532400.0,KOSDAQ,18.43
049070,17320.0,100796.0,1745786720.0,KOSDAQ,10.67
084110,22500.0,39378.0,886005000.0,KOSDAQ,7.14
025900,5590.0,84848.0,474300320.0,KOSDAQ,8.33
006910,5750.0,1102530.0,6339547500.0,KOSDAQ,16.51
136480,2655.0,366626.0,973392030.0,KOSDAQ,2.31
228760,11340.0,79055.0,896483700.0,KOSDAQ,9.78
356680,9820.0,845532.0,8303124240.0,KOSDAQ,18.31
017890,13480.0,73892.0,996064160.0,KOSDAQ,3.77
101730,3320.0,223875.0,743265000.0,KOSDAQ,10.48
117730,12310.0,195529.0,2406961990.0,KOSDAQ,9.91
419530,27200.0,68486.0,1862819200.0,KOSDAQ,11.02
078350,18070.0,120197.0,2171959790.0,KOSDAQ,23.68
265520,18260.0,115578.0,2110454280.0,KOSDAQ,13.98
900290,3355.0,735181.0,2466532255.0,KOSDAQ,22.89
376270,37900.0,14372.0,544698800.0,KOSDAQ,6.16
200670,24000.0,24876.0,597024000.0,KOSDAQ,4.12
091700,5390.0,207643.0,1119195770.0,KOSDAQ,1.89
051500,22550.0,13067.0,294660850.0,KOSDAQ,0.67
047920,8150.0,163214.0,1330194100.0,KOSDAQ,2.77
035810,4135.0,253619.0,1048714565.0,KOSDAQ,2.48
482630,12180.0,387297.0,4717277460.0,KOSDAQ,29.99
481070,18590.0,53449.0,993616910.0,KOSDAQ,11.32
125490,7290.0,625834.0,4562329860.0,KOSDAQ,18.34
042520,18600.0,114457.0,2128900200.0,KOSDAQ,3.1
099440,3885.0,1234921.0,4797668085.0,KOSDAQ,5.43
035600,9620.0,81502.0,784049240.0,KOSDAQ,3.55
024850,8300.0,143102.0,1187746600.0,KOSDAQ,9.5
079370,8450.0,431146.0,3643183700.0,KOSDAQ,21.23
098070,23500.0,64777.0,1522259500.0,KOSDAQ,10.59
267980,33950.0,3042.0,103275900.0,KOSDAQ,2.72
043150,17350.0,53343.0,925501050.0,KOSDAQ,2.06
107640,28400.0,51583.0,1464957200.0,KOSDAQ,15.21
168360,11460.0,239659.0,2746492140.0,KOSDAQ,24.3
151860,5390.0,84049.0,453024110.0,KOSDAQ,5.27
472850,4450.0,73817.0,328485650.0,KOSDAQ,7.23
194700,14000.0,118628.0,1660792000.0,KOSDAQ,6.79
439090,15530.0,289905.0,4502224650.0,KOSDAQ,4.09
206640,11550.0,115945.0,1339164750.0,KOSDAQ,7.34
200130,8410.0,65290.0,549088900.0,KOSDAQ,0.84
424870,2700.0,453960.0,1225692000.0,KOSDAQ,10.43
067630,2020.0,249358.0,503703160.0,KOSDAQ,4.94
023410,3185.0,541674.0,1725231690.0,KOSDAQ,3.92
215000,39200.0,13763.0,539509600.0,KOSDAQ,0.38
314930,8250.0,27285.0,225101250.0,KOSDAQ,9.27
064820,7940.0,127657.0,1013596580.0,KOSDAQ,9.82
352480,17900.0,17166.0,307271400.0,KOSDAQ,5.85
093520,20450.0,40562.0,829492900.0,KOSDAQ,11.08
287840,16180.0,61854.0,1000797720.0,KOSDAQ,11.74
114810,8540.0,304568.0,2601010720.0,KOSDAQ,17.79
394280,9100.0,118547.0,1078777700.0,KOSDAQ,12.9
484590,5750.0,200723.0,1154157250.0,KOSDAQ,8.7
187660,4260.0,422383.0,1799351580.0,KOSDAQ,13.9
039830,21950.0,274406.0,6023211700.0,KOSDAQ,-0.23
060720,9710.0,264500.0,2568295000.0,KOSDAQ,11.87
036200,7490.0,222054.0,1663184460.0,KOSDAQ,18.89
234340,16420.0,153026.0,2512686920.0,KOSDAQ,8.67
180400,2310.0,193564.0,447132840.0,KOSDAQ,16.49
493280,15310.0,79806.0,1221829860.0,KOSDAQ,10.94
950170,4380.0,26033.0,114024540.0,KOSDAQ,-2.45
005710,11270.0,5874.0,66199980.0,KOSDAQ,5.62
080580,10690.0,256441.0,2741354290.0,KOSDAQ,24.16
043370,10700.0,18533.0,198303100.0,KOSDAQ,6.36
194480,18460.0,433051.0,7994121460.0,KOSDAQ,29.54
065710,43400.0,11998.0,520713200.0,KOSDAQ,4.08
290690,4200.0,672278.0,2823567600.0,KOSDAQ,14.44
475400,18690.0,926634.0,17318789460.0,KOSDAQ,1.36
389260,12210.0,234802.0,2866932420.0,KOSDAQ,6.17
085910,15850.0,181507.0,2876885950.0,KOSDAQ,21.55
036030,4450.0,52477.0,233522650.0,KOSDAQ,-1.98
377450,12580.0,64356.0,809598480.0,KOSDAQ,5.01
108860,8080.0,881095.0,7119247600.0,KOSDAQ,7.3
099430,3525.0,283749.0,1000215225.0,KOSDAQ,6.5
092190,4735.0,125440.0,593958400.0,KOSDAQ,13.96
068930,7730.0,18972.0,146653560.0,KOSDAQ,0.0
488900,7350.0,74830.0,550000500.0,KOSDAQ,7.14
393890,6280.0,183145.0,1150150600.0,KOSDAQ,8.46
450950,5630.0,32782.0,184562660.0,KOSDAQ,12.6
069540,1878.0,8355357.0,15691360446.0,KOSDAQ,11.92
217730,2250.0,1426005.0,3208511250.0,KOSDAQ,1.12
144510,13360.0,67943.0,907718480.0,KOSDAQ,5.11
094360,9810.0,116542.0,1143277020.0,KOSDAQ,18.34
052330,11780.0,11353.0,133738340.0,KOSDAQ,3.15
053030,6400.0,75423.0,482707200.0,KOSDAQ,7.74
461300,15680.0,38563.0,604667840.0,KOSDAQ,2.02
061090,38100.0,27199.0,1036281900.0,KOSDAQ,11.08
452430,25200.0,41083.0,1035291600.0,KOSDAQ,26.0
484810,13430.0,1265897.0,17000996710.0,KOSDAQ,13.43
417840,9040.0,999306.0,9033726240.0,KOSDAQ,25.21
304360,16630.0,27171.0,451853730.0,KOSDAQ,9.48
089980,12880.0,38957.0,501766160.0,KOSDAQ,10.09
052710,14040.0,394648.0,5540857920.0,KOSDAQ,25.02
468530,18520.0,51964.0,962373280.0,KOSDAQ,16.77
353810,6150.0,51474.0,316565100.0,KOSDAQ,3.71
200470,4800.0,1060848.0,5092070400.0,KOSDAQ,23.71
011560,20150.0,35110.0,707466500.0,KOSDAQ,11.14
389500,30350.0,102887.0,3122620450.0,KOSDAQ,20.92
018310,13750.0,17257.0,237283750.0,KOSDAQ,8.61
073490,26500.0,81804.0,2167806000.0,KOSDAQ,9.96
327260,22350.0,402504.0,8995964400.0,KOSDAQ,29.79
448280,6770.0,5544.0,37532880.0,KOSDAQ,6.95
452280,10400.0,264239.0,2748085600.0,KOSDAQ,16.46
034810,6310.0,253585.0,1600121350.0,KOSDAQ,9.74
272110,24800.0,113550.0,2816040000.0,KOSDAQ,23.69
095500,6410.0,182398.0,1169171180.0,KOSDAQ,11.87
241520,7470.0,302409.0,2258995230.0,KOSDAQ,18.57
042370,7580.0,117271.0,888914180.0,KOSDAQ,11.47
0008Z0,21000.0,17142.0,359982000.0,KOSDAQ,6.82
254490,13710.0,280246.0,3842172660.0,KOSDAQ,19.53
100120,21950.0,28704.0,630052800.0,KOSDAQ,8.4
014940,4310.0,543296.0,2341605760.0,KOSDAQ,9.81
317330,9590.0,64835.0,621767650.0,KOSDAQ,11.25
0001A0,7690.0,91355.0,702519950.0,KOSDAQ,13.09
237880,10820.0,74767.0,808978940.0,KOSDAQ,5.05
123330,24500.0,404927.0,9920711500.0,KOSDAQ,-4.3
065680,21050.0,15385.0,323854250.0,KOSDAQ,6.64
138080,15700.0,235964.0,3704634800.0,KOSDAQ,18.05
071200,7950.0,66080.0,525336000.0,KOSDAQ,4.47
462350,5720.0,295876.0,1692410720.0,KOSDAQ,15.67
298830,3615.0,231019.0,835133685.0,KOSDAQ,12.09
019010,4000.0,132261.0,529044000.0,KOSDAQ,14.45
378340,8900.0,43032.0,382984800.0,KOSDAQ,13.09
036190,32050.0,2201.0,70542050.0,KOSDAQ,4.4
446540,6610.0,309995.0,2049066950.0,KOSDAQ,24.48
0011T0,4085.0,365707.0,1493913095.0,KOSDAQ,12.85
445090,17520.0,79281.0,1389003120.0,KOSDAQ,19.02
042420,23500.0,11318.0,265973000.0,KOSDAQ,4.44
114190,7310.0,85819.0,627336890.0,KOSDAQ,12.29
230240,14340.0,163954.0,2351100360.0,KOSDAQ,19.9
456010,13130.0,241179.0,3166680270.0,KOSDAQ,18.39
013120,2090.0,130774.0,273317660.0,KOSDAQ,3.47
064850,16560.0,48546.0,803921760.0,KOSDAQ,6.56
018000,727.0,2218567.0,1612898209.0,KOSDAQ,4.3
357550,34450.0,7579.0,261096550.0,KOSDAQ,8.85
102940,14290.0,218676.0,3124880040.0,KOSDAQ,7.44
318060,16660.0,75637.0,1260112420.0,KOSDAQ,6.45
190510,13200.0,73178.0,965949600.0,KOSDAQ,11.39
061970,3200.0,528076.0,1689843200.0,KOSDAQ,7.74
159010,13880.0,248591.0,3450443080.0,KOSDAQ,24.82
094480,4695.0,223021.0,1047083595.0,KOSDAQ,10.99
112290,9100.0,137349.0,1249875900.0,KOSDAQ,17.88
068790,8150.0,239680.0,1953392000.0,KOSDAQ,4.49
036560,11640.0,7880.0,91723200.0,KOSDAQ,1.31
084850,8070.0,109302.0,882067140.0,KOSDAQ,12.4
365270,8230.0,103731.0,853706130.0,KOSDAQ,12.13
192440,29300.0,3942.0,115500600.0,KOSDAQ,5.02
067390,428.0,1039774.0,445023272.0,KOSDAQ,0.0
459510,13810.0,182052.0,2514138120.0,KOSDAQ,9.0
214180,13740.0,41858.0,575128920.0,KOSDAQ,5.94
049430,19660.0,70385.0,1383769100.0,KOSDAQ,2.45
058970,14220.0,37033.0,526609260.0,KOSDAQ,12.5
203650,1728.0,1499053.0,2590363584.0,KOSDAQ,11.2
086390,8310.0,405999.0,3373851690.0,KOSDAQ,25.72
425040,8000.0,316127.0,2529016000.0,KOSDAQ,21.21
143240,16270.0,13577.0,220897790.0,KOSDAQ,4.29
053300,4280.0,102388.0,438220640.0,KOSDAQ,7.4
143160,16100.0,10582.0,170370200.0,KOSDAQ,1.58
066620,23000.0,6109.0,140507000.0,KOSDAQ,-0.86
126600,2735.0,93578.0,255935830.0,KOSDAQ,6.01
098120,20600.0,79975.0,1647485000.0,KOSDAQ,20.33
220100,7620.0,36862.0,280888440.0,KOSDAQ,10.27
092870,13090.0,433103.0,5669318270.0,KOSDAQ,19.43
402030,13610.0,153356.0,2087175160.0,KOSDAQ,-1.09
054210,6730.0,136906.0,921377380.0,KOSDAQ,9.61
046970,3880.0,724657.0,2811669160.0,KOSDAQ,14.45
078150,1834.0,977098.0,1791997732.0,KOSDAQ,14.55
091580,12750.0,92517.0,1179591750.0,KOSDAQ,9.72
092130,14080.0,3902.0,54940160.0,KOSDAQ,-0.49
204610,3045.0,210627.0,641359215.0,KOSDAQ,4.46
045390,2385.0,372546.0,888522210.0,KOSDAQ,8.16
294570,16590.0,14302.0,237270180.0,KOSDAQ,4.27
093190,8690.0,24183.0,210150270.0,KOSDAQ,5.85
024060,11140.0,2252936.0,25097707040.0,KOSDAQ,2.11
067080,8880.0,69847.0,620241360.0,KOSDAQ,11.14
065660,16430.0,44446.0,730247780.0,KOSDAQ,10.05
012860,2240.0,368581.0,825621440.0,KOSDAQ,13.19
394800,5140.0,104540.0,537335600.0,KOSDAQ,11.98
038390,9770.0,10553.0,103102810.0,KOSDAQ,2.09
039840,12150.0,28265.0,343419750.0,KOSDAQ,2.62
064550,6310.0,51994.0,328082140.0,KOSDAQ,8.98
308430,12600.0,73245.0,922887000.0,KOSDAQ,19.21
138360,1792.0,788657.0,1413273344.0,KOSDAQ,4.13
256840,2370.0,299723.0,710343510.0,KOSDAQ,9.22
176750,5680.0,77879.0,442352720.0,KOSDAQ,4.41
950140,8140.0,27758.0,225950120.0,KOSDAQ,5.17
036710,3060.0,480226.0,1469491560.0,KOSDAQ,17.02
484120,14700.0,13993.0,205697100.0,KOSDAQ,18.07
416180,17770.0,28605.0,508310850.0,KOSDAQ,20.88
094820,10650.0,108407.0,1154534550.0,KOSDAQ,12.7
024840,3720.0,2879411.0,10711408920.0,KOSDAQ,17.54
270660,12640.0,187003.0,2363717920.0,KOSDAQ,7.85
243840,4160.0,130257.0,541869120.0,KOSDAQ,11.23
216080,4295.0,243209.0,1044582655.0,KOSDAQ,2.63
080160,8470.0,103599.0,877483530.0,KOSDAQ,-0.35
403850,11100.0,72175.0,801142500.0,KOSDAQ,4.23
023910,26450.0,9878.0,261273100.0,KOSDAQ,3.12
307180,4295.0,246603.0,1059159885.0,KOSDAQ,10.98
187870,11500.0,215690.0,2480435000.0,KOSDAQ,21.69
304100,12570.0,314902.0,3958318140.0,KOSDAQ,5.45
119610,13850.0,79971.0,1107598350.0,KOSDAQ,8.54
024800,4245.0,42314.0,179622930.0,KOSDAQ,6.13
108380,16430.0,81756.0,1343251080.0,KOSDAQ,8.16
086670,15790.0,79442.0,1254389180.0,KOSDAQ,16.79
125020,4465.0,631260.0,2818575900.0,KOSDAQ,13.61
138610,13710.0,33015.0,452635650.0,KOSDAQ,12.38
036170,2525.0,490240.0,1237856000.0,KOSDAQ,16.63
489460,10500.0,303703.0,3188881500.0,KOSDAQ,8.25
072870,12950.0,11647.0,150828650.0,KOSDAQ,1.17
051370,6600.0,125103.0,825679800.0,KOSDAQ,13.01
0015G0,13120.0,84492.0,1108535040.0,KOSDAQ,14.09
179290,4740.0,86094.0,408085560.0,KOSDAQ,-1.86
007330,10150.0,10421.0,105773150.0,KOSDAQ,1.6
041920,8210.0,143123.0,1175039830.0,KOSDAQ,12.77
054800,14750.0,3583.0,52849250.0,KOSDAQ,3.44
123410,5450.0,121790.0,663755500.0,KOSDAQ,10.77
083930,10300.0,55012.0,566623600.0,KOSDAQ,5.64
086820,5830.0,178279.0,1039366570.0,KOSDAQ,1.75
032620,2885.0,97485.0,281244225.0,KOSDAQ,5.29
123860,12400.0,22846.0,283290400.0,KOSDAQ,10.91
079960,19890.0,54276.0,1079549640.0,KOSDAQ,7.69
354320,23500.0,45285.0,1064197500.0,KOSDAQ,11.37
334970,1929.0,668968.0,1290439272.0,KOSDAQ,7.77
048550,1550.0,650729.0,1008629950.0,KOSDAQ,1.97
011040,4845.0,26133.0,126614385.0,KOSDAQ,2.0
314130,3280.0,618751.0,2029503280.0,KOSDAQ,9.7
046440,3900.0,106555.0,415564500.0,KOSDAQ,2.36
094840,15100.0,169030.0,2552353000.0,KOSDAQ,8.17
122990,5540.0,134039.0,742576060.0,KOSDAQ,1.65
115450,1657.0,504804.0,836460228.0,KOSDAQ,9.01
199430,13100.0,564539.0,7395460900.0,KOSDAQ,11.49
013990,4460.0,142019.0,633404740.0,KOSDAQ,4.45
126700,9780.0,147181.0,1439430180.0,KOSDAQ,15.6
101970,9770.0,13897.0,135773690.0,KOSDAQ,13.34
092070,12380.0,80932.0,1001938160.0,KOSDAQ,15.81
049960,15240.0,10325.0,157353000.0,KOSDAQ,2.63
067280,24150.0,3907.0,94354050.0,KOSDAQ,-0.21
084990,3105.0,131727.0,409012335.0,KOSDAQ,9.72
246710,3000.0,773563.0,2320689000.0,KOSDAQ,10.7
0082N0,10750.0,50063.0,538177250.0,KOSDAQ,16.34
119830,5370.0,143354.0,769810980.0,KOSDAQ,3.87
078070,8350.0,37584.0,313826400.0,KOSDAQ,9.29
005990,10710.0,4265.0,45678150.0,KOSDAQ,1.71
082800,2345.0,224092.0,525495740.0,KOSDAQ,7.57
222040,6900.0,195658.0,1350040200.0,KOSDAQ,0.44
199820,6390.0,246952.0,1578023280.0,KOSDAQ,14.11
413630,3865.0,7722201.0,29846306865.0,KOSDAQ,8.87
264850,4640.0,757141.0,3513134240.0,KOSDAQ,11.67
083310,7890.0,88394.0,697428660.0,KOSDAQ,19.55
234690,7800.0,103890.0,810342000.0,KOSDAQ,7.59
264450,9540.0,51361.0,489983940.0,KOSDAQ,4.38
260970,48200.0,34752.0,1675046400.0,KOSDAQ,1.9
046120,4115.0,277201.0,1140682115.0,KOSDAQ,14.94
041020,2795.0,450796.0,1259974820.0,KOSDAQ,10.91
104480,1524.0,300183.0,457478892.0,KOSDAQ,6.13
090850,6150.0,47071.0,289486650.0,KOSDAQ,0.0
464080,7690.0,169701.0,1305000690.0,KOSDAQ,13.25
126640,3910.0,1069341.0,4181123310.0,KOSDAQ,4.83
475040,2550.0,1704495.0,4346462250.0,KOSDAQ,5.15
069510,12430.0,3367.0,41851810.0,KOSDAQ,2.9
023600,8440.0,12366.0,104369040.0,KOSDAQ,2.8
382800,4220.0,417510.0,1761892200.0,KOSDAQ,15.93
251370,7400.0,145907.0,1079711800.0,KOSDAQ,13.15
001540,10210.0,60290.0,615560900.0,KOSDAQ,2.51
310200,2550.0,213414.0,544205700.0,KOSDAQ,0.99
039860,3480.0,299572.0,1042510560.0,KOSDAQ,6.1
462860,1845.0,152092.0,280609740.0,KOSDAQ,11.68
037070,6610.0,1724428.0,11398469080.0,KOSDAQ,7.31
048870,1495.0,601636.0,899445820.0,KOSDAQ,3.46
049720,9190.0,195845.0,1799815550.0,KOSDAQ,0.0
060150,2855.0,62281.0,177812255.0,KOSDAQ,2.51
040350,6540.0,140901.0,921492540.0,KOSDAQ,12.37
255220,1185.0,732485.0,867994725.0,KOSDAQ,8.52
950190,9960.0,41963.0,417951480.0,KOSDAQ,0.1
212560,9610.0,61232.0,588439520.0,KOSDAQ,8.34
293780,4595.0,96794.0,444768430.0,KOSDAQ,5.88
035610,4695.0,59474.0,279230430.0,KOSDAQ,3.19
054450,8430.0,125737.0,1059962910.0,KOSDAQ,14.07
339950,2840.0,94991.0,269774440.0,KOSDAQ,2.9
322310,13620.0,212435.0,2893364700.0,KOSDAQ,22.15
389020,18470.0,58946.0,1088732620.0,KOSDAQ,20.64
205500,1566.0,199966.0,313146756.0,KOSDAQ,6.97
003100,19300.0,30234.0,583516200.0,KOSDAQ,3.71
086890,3120.0,100679.0,314118480.0,KOSDAQ,2.8
408920,2940.0,6830.0,20080200.0,KOSDAQ,0.68
012210,5500.0,67174.0,369457000.0,KOSDAQ,14.35
457550,13550.0,43359.0,587514450.0,KOSDAQ,12.08
136540,10270.0,10383.0,106633410.0,KOSDAQ,1.99
114840,7550.0,26419.0,199463450.0,KOSDAQ,5.01
338840,8180.0,254300.0,2080174000.0,KOSDAQ,8.78
005160,2315.0,67128.0,155401320.0,KOSDAQ,0.43
293580,1319.0,332713.0,438848447.0,KOSDAQ,11.4
322510,4860.0,93861.0,456164460.0,KOSDAQ,10.2
049630,5340.0,266062.0,1420771080.0,KOSDAQ,11.13
382900,14130.0,71368.0,1008429840.0,KOSDAQ,13.49
388050,6600.0,241916.0,1596645600.0,KOSDAQ,17.23
333430,4005.0,8906133.0,35669062665.0,KOSDAQ,8.83
038290,11320.0,25359.0,287063880.0,KOSDAQ,5.79
086980,1965.0,138528.0,272207520.0,KOSDAQ,6.97
0039P0,6500.0,10431348.0,67803762000.0,KOSDAQ,-1.52
263860,13460.0,42163.0,567513980.0,KOSDAQ,13.3
095190,1867.0,179140.0,334454380.0,KOSDAQ,5.24
051160,7870.0,100489.0,790848430.0,KOSDAQ,4.79
418550,3800.0,97272.0,369633600.0,KOSDAQ,8.57
0007C0,15120.0,70448.0,1065173760.0,KOSDAQ,11.42
300080,7350.0,47717.0,350719950.0,KOSDAQ,5.76
088800,1584.0,225876.0,357787584.0,KOSDAQ,10.46
405100,9730.0,52546.0,511272580.0,KOSDAQ,12.23
147830,5950.0,146346.0,870758700.0,KOSDAQ,11.21
321550,3945.0,148176.0,584554320.0,KOSDAQ,7.2
274090,8570.0,167104.0,1432081280.0,KOSDAQ,12.76
089600,10200.0,7381.0,75286200.0,KOSDAQ,0.79
118990,4800.0,57798.0,277430400.0,KOSDAQ,10.73
445180,6850.0,59667.0,408718950.0,KOSDAQ,11.2
102120,6610.0,243761.0,1611260210.0,KOSDAQ,15.36
032580,3540.0,1159501.0,4104633540.0,KOSDAQ,24.65
264660,12060.0,51601.0,622308060.0,KOSDAQ,17.89
242040,3385.0,431125.0,1459358125.0,KOSDAQ,12.46
372170,14650.0,49244.0,721424600.0,KOSDAQ,11.15
297890,1598.0,411651.0,657818298.0,KOSDAQ,11.51
0088M0,11800.0,50791.0,599333800.0,KOSDAQ,11.22
355150,14820.0,102466.0,1518546120.0,KOSDAQ,19.04
458650,7650.0,15693.0,120051450.0,KOSDAQ,10.07
474650,19900.0,27535.0,547946500.0,KOSDAQ,18.38
473980,10350.0,32582.0,337223700.0,KOSDAQ,13.74
027710,1024.0,328016.0,335888384.0,KOSDAQ,2.2
226590,10640.0,74583.0,793563120.0,KOSDAQ,20.77
285490,10760.0,24007.0,258315320.0,KOSDAQ,6.85
362320,5380.0,205265.0,1104325700.0,KOSDAQ,6.75
108230,2990.0,133113.0,398007870.0,KOSDAQ,8.53
106190,10680.0,7517.0,80281560.0,KOSDAQ,3.29
049520,3670.0,53132.0,194994440.0,KOSDAQ,2.95
232680,8520.0,412462.0,3514176240.0,KOSDAQ,13.6
041520,9250.0,21114.0,195304500.0,KOSDAQ,10.12
122450,2515.0,33126.0,83311890.0,KOSDAQ,4.79
256940,5610.0,57982.0,325279020.0,KOSDAQ,5.45
101360,6330.0,47254.0,299117820.0,KOSDAQ,15.09
080420,1412.0,6864.0,9691968.0,KOSDAQ,4.67
290720,3170.0,222123.0,704129910.0,KOSDAQ,11.62
021320,5250.0,15662.0,82225500.0,KOSDAQ,5.74
095700,2465.0,103070.0,254067550.0,KOSDAQ,5.34
140670,8740.0,95270.0,832659800.0,KOSDAQ,9.66
067990,3825.0,149709.0,572636925.0,KOSDAQ,0.66
361390,11440.0,34440.0,393993600.0,KOSDAQ,13.16
240550,5320.0,85628.0,455540960.0,KOSDAQ,8.57
489500,17410.0,22057.0,384012370.0,KOSDAQ,14.31
451760,6700.0,78614.0,526713800.0,KOSDAQ,14.14
038540,1993.0,68482.0,136484626.0,KOSDAQ,5.12
142210,5300.0,259865.0,1377284500.0,KOSDAQ,16.23
037350,7220.0,191824.0,1384969280.0,KOSDAQ,15.34
093640,3340.0,30974.0,103453160.0,KOSDAQ,6.37
146320,8560.0,35116.0,300592960.0,KOSDAQ,16.78
149950,8010.0,98901.0,792197010.0,KOSDAQ,14.59
006620,3845.0,132286.0,508639670.0,KOSDAQ,4.06
018120,16470.0,1255.0,20669850.0,KOSDAQ,0.37
340450,4600.0,115909.0,533181400.0,KOSDAQ,6.73
058820,730.0,848708.0,619556840.0,KOSDAQ,4.29
009780,6140.0,15201.0,93334140.0,KOSDAQ,4.78
265740,6030.0,193894.0,1169180820.0,KOSDAQ,12.71
307750,1989.0,135391.0,269292699.0,KOSDAQ,10.5
054050,6690.0,26401.0,176622690.0,KOSDAQ,1.06
371950,4730.0,27824.0,131607520.0,KOSDAQ,18.1
059120,5850.0,715317.0,4184604450.0,KOSDAQ,11.22
259630,8730.0,79580.0,694733400.0,KOSDAQ,11.92
063570,3110.0,15870.0,49355700.0,KOSDAQ,1.97
041440,5940.0,84662.0,502892280.0,KOSDAQ,9.19
035080,9260.0,26052.0,241241520.0,KOSDAQ,8.3
402490,6250.0,285565.0,1784781250.0,KOSDAQ,19.05
039340,4810.0,37215.0,179004150.0,KOSDAQ,0.52
289080,1757.0,379049.0,665989093.0,KOSDAQ,15.21
217270,2255.0,19536.0,44053680.0,KOSDAQ,2.04
357880,1989.0,1061122.0,2110571658.0,KOSDAQ,11.8
109740,4090.0,38298.0,156638820.0,KOSDAQ,-1.33
067900,5770.0,23457.0,135346890.0,KOSDAQ,4.15
469610,11730.0,123391.0,1447376430.0,KOSDAQ,16.83
148150,2945.0,128470.0,378344150.0,KOSDAQ,12.19
053700,3915.0,206765.0,809484975.0,KOSDAQ,7.41
396300,3945.0,2494722.0,9841678290.0,KOSDAQ,6.48
220260,3250.0,207976.0,675922000.0,KOSDAQ,14.84
067290,1858.0,14902915.0,27689616070.0,KOSDAQ,2.6
432720,7310.0,194041.0,1418439710.0,KOSDAQ,18.67
211270,6870.0,70926.0,487261620.0,KOSDAQ,10.81
053080,7950.0,62446.0,496445700.0,KOSDAQ,13.9
267320,1800.0,238165.0,428697000.0,KOSDAQ,9.82
073560,1492.0,166038.0,247728696.0,KOSDAQ,2.9
282880,8810.0,48409.0,426483290.0,KOSDAQ,10.54
120240,14320.0,37337.0,534665840.0,KOSDAQ,1.56
478340,8860.0,73850.0,654311000.0,KOSDAQ,11.17
126730,11680.0,200395.0,2340613600.0,KOSDAQ,18.22
054920,3620.0,313149.0,1133599380.0,KOSDAQ,6.94
047310,2790.0,157280.0,438811200.0,KOSDAQ,10.71
338220,7280.0,27716.0,201772480.0,KOSDAQ,10.14
021080,2120.0,252686.0,535694320.0,KOSDAQ,7.34
051360,10550.0,49047.0,517445850.0,KOSDAQ,2.73
042600,8180.0,17902.0,146438360.0,KOSDAQ,12.05
100700,2320.0,35700.0,82824000.0,KOSDAQ,4.04
226400,4900.0,125612.0,615498800.0,KOSDAQ,7.93
331920,9050.0,50828.0,459993400.0,KOSDAQ,0.0
051980,906.0,547896.0,496393776.0,KOSDAQ,7.22
059210,3685.0,125585.0,462780725.0,KOSDAQ,1.24
115310,6720.0,9392.0,63114240.0,KOSDAQ,6.33
073010,2475.0,220107.0,544764825.0,KOSDAQ,10.49
228850,5990.0,6725.0,40282750.0,KOSDAQ,2.39
309960,4280.0,76295.0,326542600.0,KOSDAQ,7.13
388790,3245.0,372792.0,1209710040.0,KOSDAQ,8.71
488280,9150.0,142848.0,1307059200.0,KOSDAQ,14.23
394420,8970.0,157684.0,1414425480.0,KOSDAQ,9.52
366030,4345.0,145236.0,631050420.0,KOSDAQ,3.33
101170,7290.0,76481.0,557546490.0,KOSDAQ,12.33
036630,7010.0,8386.0,58785860.0,KOSDAQ,4.63
317770,2670.0,387076.0,1033492920.0,KOSDAQ,5.74
013310,2520.0,202335.0,509884200.0,KOSDAQ,6.33
308080,4770.0,102318.0,488056860.0,KOSDAQ,7.67
452450,2710.0,94861.0,257073310.0,KOSDAQ,15.32
417500,2970.0,142758.0,423991260.0,KOSDAQ,13.36
040300,2040.0,33682.0,68711280.0,KOSDAQ,4.94
052260,3230.0,75241.0,243028430.0,KOSDAQ,0.0
453450,12140.0,42510.0,516071400.0,KOSDAQ,7.53
131030,5460.0,82427.0,450051420.0,KOSDAQ,9.31
105330,6000.0,41976.0,251856000.0,KOSDAQ,13.21
032940,5280.0,151164.0,798145920.0,KOSDAQ,17.86
205100,1354.0,123377.0,167052458.0,KOSDAQ,4.48
166480,1809.0,167959.0,303837831.0,KOSDAQ,7.68
352090,3555.0,11518.0,40946490.0,KOSDAQ,1.14
091440,2790.0,268259.0,748442610.0,KOSDAQ,4.3
474170,5350.0,62572.0,334760200.0,KOSDAQ,12.04
297090,3490.0,112942.0,394167580.0,KOSDAQ,8.89
158430,3880.0,170794.0,662680720.0,KOSDAQ,11.82
039560,2205.0,161706.0,356561730.0,KOSDAQ,9.43
056090,913.0,813787.0,742987531.0,KOSDAQ,4.34
141000,7750.0,30834.0,238963500.0,KOSDAQ,11.03
071280,6120.0,80553.0,492984360.0,KOSDAQ,17.69
299030,11700.0,53883.0,630431100.0,KOSDAQ,13.04
123040,1493.0,260260.0,388568180.0,KOSDAQ,5.29
066590,2410.0,813962.0,1961648420.0,KOSDAQ,10.55
042500,4180.0,115400.0,482372000.0,KOSDAQ,3.21
083500,11200.0,164698.0,1844617600.0,KOSDAQ,14.29
298540,6420.0,12357.0,79331940.0,KOSDAQ,2.88
192410,3680.0,118130.0,434718400.0,KOSDAQ,2.08
418420,3010.0,161246.0,485350460.0,KOSDAQ,11.9
115500,7690.0,87549.0,673251810.0,KOSDAQ,15.12
086710,7560.0,35755.0,270307800.0,KOSDAQ,3.56
017510,6040.0,159525.0,963531000.0,KOSDAQ,14.39
336680,2350.0,22157.0,52068950.0,KOSDAQ,6.82
323990,3955.0,112549.0,445131295.0,KOSDAQ,9.41
163730,7600.0,62547.0,475357200.0,KOSDAQ,11.27
307930,5840.0,67057.0,391612880.0,KOSDAQ,8.35
099750,6650.0,31778.0,211323700.0,KOSDAQ,4.07
047560,7670.0,38367.0,294274890.0,KOSDAQ,9.26
040420,5750.0,12308.0,70771000.0,KOSDAQ,0.0
093920,4820.0,19514.0,94057480.0,KOSDAQ,3.66
023900,7090.0,16098.0,114134820.0,KOSDAQ,2.75
074430,1002.0,106503.0,106716006.0,KOSDAQ,0.3
418470,10280.0,23994.0,246658320.0,KOSDAQ,4.58
357230,2130.0,15536.0,33091680.0,KOSDAQ,3.65
047770,2315.0,313508.0,725771020.0,KOSDAQ,5.71
053260,4665.0,25309.0,118066485.0,KOSDAQ,3.44
475580,6380.0,62857.0,401027660.0,KOSDAQ,8.32
063170,4875.0,53651.0,261548625.0,KOSDAQ,8.57
036220,6050.0,11023.0,66689150.0,KOSDAQ,2.72
380550,7080.0,73928.0,523410240.0,KOSDAQ,14.19
044340,4825.0,4235196.0,20434820700.0,KOSDAQ,10.92
088130,4930.0,141886.0,699497980.0,KOSDAQ,13.99
289930,6550.0,122497.0,802355350.0,KOSDAQ,9.17
104460,8170.0,8066.0,65899220.0,KOSDAQ,2.13
348350,8590.0,51311.0,440761490.0,KOSDAQ,13.03
005860,2175.0,706888.0,1537481400.0,KOSDAQ,3.82
209640,3005.0,187858.0,564513290.0,KOSDAQ,13.18
033290,1522.0,13934.0,21207548.0,KOSDAQ,3.05
004650,9280.0,21502.0,199538560.0,KOSDAQ,0.98
330350,6460.0,110113.0,711329980.0,KOSDAQ,7.49
042510,7670.0,179770.0,1378835900.0,KOSDAQ,4.5
079650,4250.0,10381806.0,44122675500.0,KOSDAQ,1.07
096240,8300.0,14116.0,117162800.0,KOSDAQ,0.0
125210,5150.0,78752.0,405572800.0,KOSDAQ,10.4
282720,7000.0,70395.0,492765000.0,KOSDAQ,7.86
078140,7640.0,36673.0,280181720.0,KOSDAQ,4.51
396470,5250.0,113803.0,597465750.0,KOSDAQ,17.98
217820,1780.0,474561.0,844718580.0,KOSDAQ,9.4
072020,9100.0,11056.0,100609600.0,KOSDAQ,0.89
065450,2855.0,316410.0,903350550.0,KOSDAQ,5.16
052420,8630.0,41183.0,355409290.0,KOSDAQ,3.98
002230,4555.0,76606.0,348940330.0,KOSDAQ,5.32
044990,10900.0,33308.0,363057200.0,KOSDAQ,6.34
130580,5430.0,12864.0,69851520.0,KOSDAQ,1.69
487580,3320.0,323800.0,1075016000.0,KOSDAQ,5.73
109610,1708.0,407849.0,696606092.0,KOSDAQ,6.82
019540,6180.0,44467.0,274806060.0,KOSDAQ,7.48
474610,5790.0,136974.0,793079460.0,KOSDAQ,15.92
189330,8890.0,133698.0,1188575220.0,KOSDAQ,9.75
172670,9290.0,65110.0,604871900.0,KOSDAQ,24.87
017650,9450.0,5595.0,52872750.0,KOSDAQ,3.39
025950,9870.0,72015.0,710788050.0,KOSDAQ,6.36
053580,6340.0,24543.0,155602620.0,KOSDAQ,4.11
149980,4775.0,19310.0,92205250.0,KOSDAQ,2.14
037030,3215.0,606971.0,1951411765.0,KOSDAQ,11.63
182360,5270.0,27654.0,145736580.0,KOSDAQ,6.46
330730,4495.0,43978.0,197681110.0,KOSDAQ,7.79
311320,6490.0,92636.0,601207640.0,KOSDAQ,18.43
008830,9100.0,105309.0,958311900.0,KOSDAQ,13.61
322180,3800.0,180689.0,686618200.0,KOSDAQ,13.26
337930,2750.0,85767.0,235859250.0,KOSDAQ,0.73
100130,1425.0,94917.0,135256725.0,KOSDAQ,-0.14
129920,5010.0,330606.0,1656336060.0,KOSDAQ,24.63
0017J0,2695.0,623400.0,1680063000.0,KOSDAQ,14.68
049950,9200.0,19718.0,181405600.0,KOSDAQ,10.71
037760,2385.0,5273.0,12576105.0,KOSDAQ,0.0
029480,1349.0,120327.0,162321123.0,KOSDAQ,9.67
235980,2350.0,268450.0,630857500.0,KOSDAQ,4.91
302550,2605.0,47774.0,124451270.0,KOSDAQ,4.83
417010,3985.0,106133.0,422940005.0,KOSDAQ,8.29
054670,5600.0,27131.0,151933600.0,KOSDAQ,3.9
058630,4270.0,43567.0,186031090.0,KOSDAQ,4.53
053350,3630.0,239238.0,868433940.0,KOSDAQ,2.11
250060,2480.0,275932.0,684311360.0,KOSDAQ,8.77
067000,1141.0,308478.0,351973398.0,KOSDAQ,4.68
092040,1125.0,671518.0,755457750.0,KOSDAQ,5.63
263720,6400.0,15940.0,102016000.0,KOSDAQ,6.49
033560,4645.0,57585.0,267482325.0,KOSDAQ,-2.11
389030,2015.0,214973.0,433170595.0,KOSDAQ,9.99
012700,3025.0,19874.0,60118850.0,KOSDAQ,2.72
000440,12690.0,23264.0,295220160.0,KOSDAQ,2.75
054540,6050.0,217538.0,1316104900.0,KOSDAQ,14.37
066430,2005.0,1612451.0,3232964255.0,KOSDAQ,5.97
131370,1473.0,89797.0,132270981.0,KOSDAQ,3.59
228670,5010.0,238537.0,1195070370.0,KOSDAQ,15.97
036640,4780.0,75614.0,361434920.0,KOSDAQ,1.27
063080,11830.0,13744.0,162591520.0,KOSDAQ,8.23
067370,6380.0,35778.0,228263640.0,KOSDAQ,4.08
019550,961.0,246638.0,237019118.0,KOSDAQ,0.95
009300,12210.0,11656.0,142319760.0,KOSDAQ,0.08
053280,3110.0,20417.0,63496870.0,KOSDAQ,1.47
054040,4830.0,18363.0,88693290.0,KOSDAQ,1.15
0218L0,14710.0,306679.0,4511248090.0,KOSDAQ,-0.14
032300,7110.0,9114.0,64800540.0,KOSDAQ,1.14
086960,1815.0,258718.0,469573170.0,KOSDAQ,8.94
052900,1006.0,1447089.0,1455771534.0,KOSDAQ,17.39
102370,2975.0,73112.0,217508200.0,KOSDAQ,6.82
900260,1672.0,14983.0,25051576.0,KOSDAQ,2.7
452190,3215.0,213247.0,685589105.0,KOSDAQ,13.4
303810,2400.0,45857.0,110056800.0,KOSDAQ,4.8
0117P0,5410.0,173877.0,940674570.0,KOSDAQ,4.64
065510,7000.0,30236.0,211652000.0,KOSDAQ,4.01
038110,1849.0,169934.0,314207966.0,KOSDAQ,4.64
054620,4125.0,39971.0,164880375.0,KOSDAQ,10.0
263800,4670.0,657451.0,3070296170.0,KOSDAQ,9.24
173130,5800.0,48827.0,283196600.0,KOSDAQ,3.76
320000,11230.0,508063.0,5705547490.0,KOSDAQ,11.63
080010,7690.0,5640.0,43371600.0,KOSDAQ,1.85
950130,2150.0,58516.0,125809400.0,KOSDAQ,4.88
066700,2035.0,142448.0,289881680.0,KOSDAQ,3.72
048530,2435.0,122554.0,298418990.0,KOSDAQ,3.84
215100,3690.0,261620.0,965377800.0,KOSDAQ,12.5
004590,5000.0,48126.0,240630000.0,KOSDAQ,1.63
306620,1560.0,455213.0,710132280.0,KOSDAQ,18.36
043610,1283.0,112719.0,144618477.0,KOSDAQ,-4.75
187790,2415.0,517970.0,1250897550.0,KOSDAQ,11.55
096250,5640.0,65657.0,370305480.0,KOSDAQ,7.22
234300,2715.0,68774.0,186721410.0,KOSDAQ,4.22
265560,6900.0,11136.0,76838400.0,KOSDAQ,5.99
214260,8260.0,21622.0,178597720.0,KOSDAQ,2.48
061250,8740.0,4820.0,42126800.0,KOSDAQ,-0.11
040910,4045.0,38316.0,154988220.0,KOSDAQ,8.74
101330,3175.0,97274.0,308844950.0,KOSDAQ,8.92
331380,2005.0,60189.0,120678945.0,KOSDAQ,0.96
290660,1709.0,755022.0,1290332598.0,KOSDAQ,7.96
011370,725.0,177630.0,128781750.0,KOSDAQ,2.26
0156T0,9380.0,977017.0,9164419460.0,KOSDAQ,3.08
024880,3650.0,68417.0,249722050.0,KOSDAQ,7.2
451250,7100.0,44072.0,312911200.0,KOSDAQ,3.8
0011A0,7770.0,60813.0,472517010.0,KOSDAQ,10.53
017480,4680.0,30164.0,141167520.0,KOSDAQ,1.3
011320,3740.0,66438.0,248478120.0,KOSDAQ,2.75
381620,5500.0,161018.0,885599000.0,KOSDAQ,14.46
047820,2945.0,39037.0,114963965.0,KOSDAQ,3.15
212710,7400.0,119027.0,880799800.0,KOSDAQ,21.51
078890,3900.0,192769.0,751799100.0,KOSDAQ,18.36
332370,5400.0,8034.0,43383600.0,KOSDAQ,3.45
950250,2015.0,251126.0,506018890.0,KOSDAQ,13.14
413390,6180.0,33261.0,205552980.0,KOSDAQ,15.51
036010,5380.0,207581.0,1116785780.0,KOSDAQ,20.9
365660,5350.0,11339259.0,60665035650.0,KOSDAQ,0.0
494120,9360.0,64246.0,601342560.0,KOSDAQ,10.25
024830,8550.0,3832.0,32763600.0,KOSDAQ,0.23
153890,5920.0,286937.0,1698667040.0,KOSDAQ,9.43
170030,4650.0,33982.0,158016300.0,KOSDAQ,6.9
475230,6540.0,44877.0,293495580.0,KOSDAQ,11.04
377480,10020.0,333481.0,3341479620.0,KOSDAQ,7.4
067570,1683.0,135697.0,228378051.0,KOSDAQ,0.18
347890,4170.0,38772.0,161679240.0,KOSDAQ,1.71
217330,3065.0,59309.0,181782085.0,KOSDAQ,8.5
060590,2920.0,45324.0,132346080.0,KOSDAQ,5.8
208140,2160.0,70365.0,151988400.0,KOSDAQ,0.7
030960,4415.0,68150.0,300882250.0,KOSDAQ,6.0
171120,1959.0,76256.0,149385504.0,KOSDAQ,3.16
255440,5380.0,4462366.0,24007529080.0,KOSDAQ,8.36
090470,4015.0,46290.0,185854350.0,KOSDAQ,9.85
104040,2610.0,83705.0,218470050.0,KOSDAQ,13.73
082210,1998.0,145199.0,290107602.0,KOSDAQ,2.1
0015N0,5550.0,200968.0,1115372400.0,KOSDAQ,15.63
045970,2650.0,157410.0,417136500.0,KOSDAQ,22.4
294630,2630.0,194582.0,511750660.0,KOSDAQ,8.68
443670,2900.0,108312.0,314104800.0,KOSDAQ,9.85
033130,1876.0,10024.0,18805024.0,KOSDAQ,4.4
223250,2830.0,86366.0,244415780.0,KOSDAQ,15.51
084730,6240.0,5279.0,32940960.0,KOSDAQ,4.87
290740,6880.0,72417.0,498228960.0,KOSDAQ,10.97
045660,8380.0,20098.0,168421240.0,KOSDAQ,3.84
020710,3435.0,91917.0,315734895.0,KOSDAQ,5.05
493330,8760.0,14705.0,128815800.0,KOSDAQ,4.91
115440,6360.0,143514.0,912749040.0,KOSDAQ,14.59
041910,5150.0,29962.0,154304300.0,KOSDAQ,10.52
225530,1880.0,41529.0,78074520.0,KOSDAQ,6.21
156100,3055.0,910295.0,2780951225.0,KOSDAQ,9.3
052860,3810.0,13367.0,50928270.0,KOSDAQ,6.57
463020,7650.0,326486.0,2497617900.0,KOSDAQ,3.38
475430,3805.0,318105.0,1210389525.0,KOSDAQ,8.1
153710,4615.0,9023.0,41641145.0,KOSDAQ,3.01
124560,1748.0,97793.0,170942164.0,KOSDAQ,3.43
052460,4620.0,967402.0,4469397240.0,KOSDAQ,14.5
085670,2740.0,131413.0,360071620.0,KOSDAQ,9.6
006140,4515.0,83867.0,378659505.0,KOSDAQ,5.99
105740,6600.0,58241.0,384390600.0,KOSDAQ,3.29
389140,4700.0,94378.0,443576600.0,KOSDAQ,11.64
234030,2840.0,144128.0,409323520.0,KOSDAQ,16.87
198440,1099.0,1209392.0,1329121808.0,KOSDAQ,-2.66
041930,4395.0,32907.0,144626265.0,KOSDAQ,2.21
038680,3350.0,60681.0,203281350.0,KOSDAQ,4.04
128660,2680.0,92287.0,247329160.0,KOSDAQ,4.08
201490,2030.0,179504.0,364393120.0,KOSDAQ,9.79
382480,1684.0,129526.0,218121784.0,KOSDAQ,4.73
222110,4900.0,19672.0,96392800.0,KOSDAQ,-0.2
036000,2870.0,83403.0,239366610.0,KOSDAQ,3.42
110790,2820.0,712.0,2007840.0,KOSDAQ,3.3
066980,1255.0,618588.0,776327940.0,KOSDAQ,9.23
038460,2610.0,82337.0,214899570.0,KOSDAQ,7.19
024740,2005.0,185437.0,371801185.0,KOSDAQ,4.97
107600,11580.0,23751.0,275036580.0,KOSDAQ,9.97
032850,3930.0,55796.0,219278280.0,KOSDAQ,4.11
039980,4540.0,645780.0,2931841200.0,KOSDAQ,5.7
032540,3120.0,4481.0,13980720.0,KOSDAQ,0.16
004780,4090.0,75176.0,307469840.0,KOSDAQ,0.37
417970,10150.0,23762.0,241184300.0,KOSDAQ,9.14
094860,1222.0,303232.0,370549504.0,KOSDAQ,0.33
451220,8240.0,33696.0,277655040.0,KOSDAQ,19.59
109860,7130.0,15244.0,108689720.0,KOSDAQ,0.0
048430,5620.0,17544.0,98597280.0,KOSDAQ,5.44
251120,7440.0,13563.0,100908720.0,KOSDAQ,3.77
365330,1289.0,623695.0,803942855.0,KOSDAQ,9.33
307870,859.0,544013.0,467307167.0,KOSDAQ,6.18
303360,4950.0,17836.0,88288200.0,KOSDAQ,-0.4
214680,763.0,214785.0,163880955.0,KOSDAQ,2.14
253840,3800.0,51207.0,194586600.0,KOSDAQ,3.68
185490,1469.0,85953.0,126264957.0,KOSDAQ,2.73
419050,1107.0,617479.0,683549253.0,KOSDAQ,6.96
217190,4810.0,64409.0,309807290.0,KOSDAQ,14.52
464490,5510.0,25480.0,140394800.0,KOSDAQ,9.76
221800,3875.0,86826.0,336450750.0,KOSDAQ,6.02
091120,3685.0,42204.0,155521740.0,KOSDAQ,3.8
357580,5350.0,101596.0,543538600.0,KOSDAQ,19.82
387690,8270.0,1143979.0,9460706330.0,KOSDAQ,3.12
478560,2440.0,47472.0,115831680.0,KOSDAQ,6.32
089850,4275.0,18422.0,78754050.0,KOSDAQ,4.01
049550,3210.0,16243.0,52140030.0,KOSDAQ,3.55
002800,4140.0,17572.0,72748080.0,KOSDAQ,2.99
043650,3495.0,54281.0,189712095.0,KOSDAQ,0.72
010240,5330.0,8040.0,42853200.0,KOSDAQ,0.95
382840,4085.0,48401.0,197718085.0,KOSDAQ,8.07
041460,3280.0,34935.0,114586800.0,KOSDAQ,2.5
049080,7340.0,996357.0,7313260380.0,KOSDAQ,2.66
117670,9340.0,11368.0,106177120.0,KOSDAQ,12.39
270520,3150.0,267812.0,843607800.0,KOSDAQ,0.16
081150,2545.0,99328.0,252789760.0,KOSDAQ,6.04
065170,2210.0,639608.0,1413533680.0,KOSDAQ,3.76
388870,4735.0,75159.0,355877865.0,KOSDAQ,8.35
088390,6530.0,6439.0,42046670.0,KOSDAQ,9.75
039420,2670.0,55255.0,147530850.0,KOSDAQ,4.09
208370,2380.0,149870.0,356690600.0,KOSDAQ,8.92
026150,3485.0,43212.0,150593820.0,KOSDAQ,4.19
238090,2005.0,34707.0,69587535.0,KOSDAQ,0.0
058400,4615.0,24783.0,114373545.0,KOSDAQ,2.1
360070,7450.0,32081.0,239003450.0,KOSDAQ,8.6
432470,6940.0,56283.0,390604020.0,KOSDAQ,11.94
079810,2825.0,117935.0,333166375.0,KOSDAQ,11.44
012790,5060.0,16879.0,85407740.0,KOSDAQ,2.12
096350,1640.0,88248.0,144726720.0,KOSDAQ,7.05
010280,4635.0,46952.0,217622520.0,KOSDAQ,7.04
456070,5460.0,65345.0,356783700.0,KOSDAQ,11.31
066310,6480.0,53782.0,348507360.0,KOSDAQ,11.92
137950,2695.0,163081.0,439503295.0,KOSDAQ,-0.55
005670,6000.0,24983.0,149898000.0,KOSDAQ,1.52
214270,1325.0,137819.0,182610175.0,KOSDAQ,2.71
321370,1160.0,1049639.0,1217581240.0,KOSDAQ,17.29
396270,1822.0,328225.0,598025950.0,KOSDAQ,7.81
014970,4035.0,62487.0,252135045.0,KOSDAQ,3.99
203400,663.0,647320.0,429173160.0,KOSDAQ,7.63
142280,2490.0,116227.0,289405230.0,KOSDAQ,3.97
123420,5720.0,26519.0,151688680.0,KOSDAQ,9.37
331740,6070.0,31117.0,188880190.0,KOSDAQ,17.86
076610,998.0,779990.0,778430020.0,KOSDAQ,5.94
0004V0,5360.0,204894.0,1098231840.0,KOSDAQ,13.56
059270,5270.0,75003.0,395265810.0,KOSDAQ,11.65
126880,2535.0,78979.0,200211765.0,KOSDAQ,4.11
460940,4370.0,103455.0,452098350.0,KOSDAQ,12.34
347000,1552.0,65743.0,102033136.0,KOSDAQ,2.99
111710,2850.0,304043.0,866522550.0,KOSDAQ,-3.06
083790,762.0,126997.0,96771714.0,KOSDAQ,2.42
443250,5420.0,21515.0,116611300.0,KOSDAQ,-0.91
261780,2085.0,237753.0,495715005.0,KOSDAQ,12.28
007820,2915.0,49618.0,144636470.0,KOSDAQ,14.09
347860,1384.0,111448.0,154244032.0,KOSDAQ,8.13
162300,1405.0,58057.0,81570085.0,KOSDAQ,0.36
453860,9030.0,14920.0,134727600.0,KOSDAQ,-1.2
333620,5290.0,18678.0,98806620.0,KOSDAQ,2.52
0015S0,5870.0,32516.0,190868920.0,KOSDAQ,13.98
100030,17540.0,3241.0,56847140.0,KOSDAQ,7.08
008370,4785.0,1900.0,9091500.0,KOSDAQ,-0.21
094850,4100.0,23583.0,96690300.0,KOSDAQ,1.99
417790,5480.0,10956.0,60038880.0,KOSDAQ,2.62
216050,4685.0,29966.0,140390710.0,KOSDAQ,1.41
043710,3300.0,11565.0,38164500.0,KOSDAQ,16.61
067920,5170.0,22756.0,117648520.0,KOSDAQ,1.17
072950,7050.0,155505.0,1096310250.0,KOSDAQ,9.3
241690,2310.0,79275.0,183125250.0,KOSDAQ,2.67
027830,1045.0,326087.0,340760915.0,KOSDAQ,10.7
065530,1173.0,262733.0,308185809.0,KOSDAQ,9.42
219550,1451.0,235427.0,341604577.0,KOSDAQ,17.3
053620,6510.0,4983.0,32439330.0,KOSDAQ,1.88
277880,2820.0,25208.0,71086560.0,KOSDAQ,7.63
050960,8270.0,8307.0,68698890.0,KOSDAQ,7.54
263690,4920.0,13472.0,66282240.0,KOSDAQ,1.86
168330,1750.0,21563.0,37735250.0,KOSDAQ,1.33
147760,2775.0,186832.0,518458800.0,KOSDAQ,19.35
140070,1495.0,232158.0,347076210.0,KOSDAQ,9.04
420570,9450.0,54901.0,518814450.0,KOSDAQ,2.38
036670,5130.0,4012.0,20581560.0,KOSDAQ,1.99
049480,1755.0,180174.0,316205370.0,KOSDAQ,7.14
448710,10430.0,33749.0,352002070.0,KOSDAQ,9.79
348150,2835.0,22271.0,63138285.0,KOSDAQ,6.78
424960,3330.0,52713.0,175534290.0,KOSDAQ,11.56
045340,6410.0,38875.0,249188750.0,KOSDAQ,5.6
246960,1612.0,228504.0,368348448.0,KOSDAQ,9.21
095270,3810.0,56208.0,214152480.0,KOSDAQ,3.39
010470,4570.0,2542.0,11616940.0,KOSDAQ,2.93
179530,2030.0,322984.0,655657520.0,KOSDAQ,12.53
088910,2125.0,35234.0,74872250.0,KOSDAQ,4.17
054300,944.0,68049.0,64238256.0,KOSDAQ,3.74
318160,5850.0,16046.0,93869100.0,KOSDAQ,4.84
048910,4340.0,14574.0,63251160.0,KOSDAQ,3.58
215360,5970.0,9513.0,56792610.0,KOSDAQ,4.01
251630,3415.0,41744.0,142555760.0,KOSDAQ,3.02
137080,5080.0,8594.0,43657520.0,KOSDAQ,2.42
061040,6000.0,17974.0,107844000.0,KOSDAQ,0.5
408470,5130.0,74038.0,379814940.0,KOSDAQ,12.5
439580,1600.0,97235.0,155576000.0,KOSDAQ,5.68
0007J0,6880.0,39737.0,273390560.0,KOSDAQ,10.61
323350,6750.0,112491.0,759314250.0,KOSDAQ,13.83
412350,3700.0,706031.0,2612314700.0,KOSDAQ,21.31
007370,3820.0,24620.0,94048400.0,KOSDAQ,4.95
136150,6440.0,16583.0,106794520.0,KOSDAQ,15.0
053160,8960.0,19629.0,175875840.0,KOSDAQ,7.31
411080,3520.0,29811.0,104934720.0,KOSDAQ,11.75
016250,10650.0,5087.0,54176550.0,KOSDAQ,6.5
042110,1109.0,596028.0,660995052.0,KOSDAQ,5.32
003310,1505.0,360236.0,542155180.0,KOSDAQ,3.86
039020,2355.0,86452.0,203594460.0,KOSDAQ,3.29
950200,2735.0,22751.0,62223985.0,KOSDAQ,2.05
070300,1480.0,202804.0,300149920.0,KOSDAQ,4.82
027050,1314.0,72667.0,95484438.0,KOSDAQ,2.66
039010,6080.0,50411.0,306498880.0,KOSDAQ,4.11
025550,2055.0,54394.0,111779670.0,KOSDAQ,7.31
104540,3910.0,27564.0,107775240.0,KOSDAQ,1.16
060310,987.0,229377.0,226395099.0,KOSDAQ,16.12
091590,4450.0,2104262.0,9363965900.0,KOSDAQ,-7.29
460870,2600.0,76300.0,198380000.0,KOSDAQ,0.19
347740,1736.0,50062.0,86907632.0,KOSDAQ,1.7
014470,861.0,299323.0,257717103.0,KOSDAQ,5.9
155650,2720.0,33555.0,91269600.0,KOSDAQ,3.42
314140,5950.0,23841.0,141853950.0,KOSDAQ,4.75
036120,1465.0,139592.0,204502280.0,KOSDAQ,-0.2
033310,1287.0,31061.0,39975507.0,KOSDAQ,3.46
064800,2005.0,36665.0,73513325.0,KOSDAQ,7.39
286750,1600.0,275546.0,440873600.0,KOSDAQ,1.01
170790,8000.0,10907.0,87256000.0,KOSDAQ,4.17
435570,6710.0,7767.0,52116570.0,KOSDAQ,1.51
191420,6280.0,9043.0,56790040.0,KOSDAQ,6.8
039610,4890.0,38535.0,188436150.0,KOSDAQ,8.79
419080,4655.0,31195.0,145212725.0,KOSDAQ,3.56
053050,1685.0,133046.0,224182510.0,KOSDAQ,0.78
036090,1187.0,342683.0,406764721.0,KOSDAQ,9.1
040610,2960.0,30085.0,89051600.0,KOSDAQ,5.9
046940,2790.0,146496.0,408723840.0,KOSDAQ,7.72
299660,1707.0,5456720.0,9314621040.0,KOSDAQ,1.13
122310,3460.0,4797.0,16597620.0,KOSDAQ,4.53
205470,2035.0,66210.0,134737350.0,KOSDAQ,5.44
033320,2625.0,46601.0,122327625.0,KOSDAQ,4.79
067170,1826.0,384930.0,702882180.0,KOSDAQ,5.06
057540,842.0,699212.0,588736504.0,KOSDAQ,-2.66
089230,1298.0,197593.0,256475714.0,KOSDAQ,14.06
053270,1818.0,138582.0,251942076.0,KOSDAQ,9.98
457370,6170.0,140802.0,868748340.0,KOSDAQ,12.59
037440,3575.0,169351.0,605429825.0,KOSDAQ,7.2
459100,3690.0,74237.0,273934530.0,KOSDAQ,3.36
039240,1839.0,41547.0,76404933.0,KOSDAQ,3.78
192250,7020.0,42332.0,297170640.0,KOSDAQ,7.01
040160,4115.0,47787.0,196643505.0,KOSDAQ,17.24
273640,4520.0,12909.0,58348680.0,KOSDAQ,9.44
056360,5040.0,114590.0,577533600.0,KOSDAQ,9.09
175140,1975.0,27204.0,53727900.0,KOSDAQ,0.51
452400,5430.0,33884.0,183990120.0,KOSDAQ,-0.73
263600,3090.0,23347.0,72142230.0,KOSDAQ,5.46
299170,1185.0,179075.0,212203875.0,KOSDAQ,8.32
256630,4240.0,2678.0,11354720.0,KOSDAQ,4.05
100590,2865.0,152759.0,437654535.0,KOSDAQ,13.24
228340,2450.0,1230994.0,3015935300.0,KOSDAQ,-7.72
476040,7430.0,26204.0,194695720.0,KOSDAQ,6.6
122350,1268.0,1483557.0,1881150276.0,KOSDAQ,2.59
066670,2595.0,8031.0,20840445.0,KOSDAQ,3.59
134580,981.0,98061.0,96197841.0,KOSDAQ,12.11
053450,3255.0,85936.0,279721680.0,KOSDAQ,6.03
104620,2855.0,48759.0,139206945.0,KOSDAQ,1.96
136410,4340.0,32393.0,140585620.0,KOSDAQ,3.33
063440,1055.0,81367.0,85842185.0,KOSDAQ,0.38
288180,6460.0,36749.0,237398540.0,KOSDAQ,6.6
391710,1120.0,53523.0,59945760.0,KOSDAQ,5.16
054930,15880.0,19931.0,316504280.0,KOSDAQ,3.32
370090,5530.0,41888.0,231640640.0,KOSDAQ,9.5
024910,1320.0,48178.0,63594960.0,KOSDAQ,4.18
081180,5350.0,56779.0,303767650.0,KOSDAQ,20.22
072990,3245.0,30744.0,99764280.0,KOSDAQ,1.25
046210,1032.0,138927.0,143372664.0,KOSDAQ,3.3
187420,1439.0,166835.0,240075565.0,KOSDAQ,4.81
145170,2765.0,42389.0,117205585.0,KOSDAQ,8.64
457600,3405.0,126455.0,430579275.0,KOSDAQ,3.03
071670,4665.0,35535.0,165770775.0,KOSDAQ,7.12
033230,920.0,172815.0,158989800.0,KOSDAQ,7.73
260930,2400.0,18909.0,45381600.0,KOSDAQ,2.56
053980,2440.0,42648.0,104061120.0,KOSDAQ,4.95
241790,4610.0,74805.0,344851050.0,KOSDAQ,6.71
143540,1033.0,314508.0,324886764.0,KOSDAQ,11.31
317830,4275.0,59087.0,252596925.0,KOSDAQ,12.06
471820,4070.0,4238.0,17248660.0,KOSDAQ,8.24
094940,5490.0,73493.0,403476570.0,KOSDAQ,9.91
179900,2310.0,150461.0,347564910.0,KOSDAQ,2.9
302430,4645.0,16592.0,77069840.0,KOSDAQ,10.07
317530,2610.0,3821.0,9972810.0,KOSDAQ,3.16
064240,1313.0,35471.0,46573423.0,KOSDAQ,3.88
038010,5060.0,29027.0,146876620.0,KOSDAQ,1.2
0013V0,4575.0,41580.0,190228500.0,KOSDAQ,5.66
109080,7980.0,16521.0,131837580.0,KOSDAQ,8.57
014950,4460.0,367757.0,1640196220.0,KOSDAQ,5.06
198080,2085.0,59749.0,124576665.0,KOSDAQ,2.71
311690,3430.0,9418.0,32303740.0,KOSDAQ,7.69
217500,1405.0,78330.0,110053650.0,KOSDAQ,8.49
950220,1305.0,152504.0,199017720.0,KOSDAQ,9.39
440290,1622.0,154653.0,250847166.0,KOSDAQ,1.63
015710,2540.0,28860.0,73304400.0,KOSDAQ,4.53
294140,1784.0,38062.0,67902608.0,KOSDAQ,15.47
461030,3100.0,55457.0,171916700.0,KOSDAQ,15.24
037950,2630.0,24628.0,64771640.0,KOSDAQ,2.14
0010V0,8700.0,11965.0,104095500.0,KOSDAQ,5.2
101670,782.0,350335.0,273961970.0,KOSDAQ,10.3
060560,1747.0,5976.0,10440072.0,KOSDAQ,0.46
082850,914.0,102769.0,93930866.0,KOSDAQ,6.4
051390,3900.0,31915.0,124468500.0,KOSDAQ,-1.14
224110,8700.0,37692.0,327920400.0,KOSDAQ,5.2
376290,2500.0,5703.0,14257500.0,KOSDAQ,9.89
072470,2330.0,21390.0,49838700.0,KOSDAQ,5.91
127710,999.0,18150.0,18131850.0,KOSDAQ,-0.99
094970,2625.0,73618.0,193247250.0,KOSDAQ,6.92
092300,2180.0,57413.0,125160340.0,KOSDAQ,9.0
007680,3310.0,17729.0,58682990.0,KOSDAQ,1.07
340810,3185.0,2083462.0,6635826470.0,KOSDAQ,7.24
222420,897.0,610857.0,547938729.0,KOSDAQ,18.81
317850,5200.0,34783.0,180871600.0,KOSDAQ,6.56
019990,4435.0,32597.0,144567695.0,KOSDAQ,8.83
463480,3490.0,11907.0,41555430.0,KOSDAQ,4.8
052790,3945.0,13715.0,54105675.0,KOSDAQ,1.15
384470,2400.0,67733.0,162559200.0,KOSDAQ,3.9
189980,1069.0,47040.0,50285760.0,KOSDAQ,2.2
352910,3395.0,20080.0,68171600.0,KOSDAQ,3.03
024950,3455.0,37321.0,128944055.0,KOSDAQ,9.86
317690,2125.0,40403.0,85856375.0,KOSDAQ,6.89
086060,4950.0,21187.0,104875650.0,KOSDAQ,1.64
114450,2125.0,232730.0,494551250.0,KOSDAQ,-6.59
190650,6640.0,2930.0,19455200.0,KOSDAQ,1.37
048770,2695.0,118234.0,318640630.0,KOSDAQ,10.91
413640,5860.0,10382.0,60838520.0,KOSDAQ,6.55
129890,923.0,101188.0,93396524.0,KOSDAQ,2.67
066130,3275.0,17293.0,56634575.0,KOSDAQ,3.97
321260,1484.0,270531.0,401468004.0,KOSDAQ,10.01
056700,1435.0,45213.0,64880655.0,KOSDAQ,0.35
073110,4690.0,3196.0,14989240.0,KOSDAQ,4.11
065130,2605.0,31008.0,80775840.0,KOSDAQ,5.47
025880,2490.0,16248.0,40457520.0,KOSDAQ,1.22
263020,2995.0,53232.0,159429840.0,KOSDAQ,3.81
373200,1653.0,106686.0,176351958.0,KOSDAQ,4.75
140520,1958.0,44111.0,86369338.0,KOSDAQ,4.54
355690,4315.0,87283.0,376626145.0,KOSDAQ,3.48
270870,4480.0,10612.0,47541760.0,KOSDAQ,5.54
153460,6300.0,7442.0,46884600.0,KOSDAQ,5.18
178780,2200.0,1208.0,2657600.0,KOSDAQ,1.15
097800,1500.0,197959.0,296938500.0,KOSDAQ,8.3
460470,2700.0,17593.0,47501100.0,KOSDAQ,5.88
163280,2990.0,72766.0,217570340.0,KOSDAQ,7.17
238120,2860.0,11143.0,31868980.0,KOSDAQ,6.72
084650,547.0,439344.0,240321168.0,KOSDAQ,3.21
099410,2890.0,103697.0,299684330.0,KOSDAQ,9.89
066900,1770.0,4080.0,7221600.0,KOSDAQ,2.49
363250,4730.0,68163.0,322410990.0,KOSDAQ,0.0
123010,2310.0,190536.0,440138160.0,KOSDAQ,-1.49
277070,2935.0,7856.0,23057360.0,KOSDAQ,2.44
263810,2520.0,49482.0,124694640.0,KOSDAQ,3.49
340360,770.0,2095751.0,1613728270.0,KOSDAQ,2.67
060850,4930.0,4761.0,23471730.0,KOSDAQ,2.18
088280,2300.0,42330.0,97359000.0,KOSDAQ,6.48
068330,898.0,70381.0,63202138.0,KOSDAQ,4.06
189690,1453.0,34257.0,49775421.0,KOSDAQ,1.89
196450,872.0,70880.0,61807360.0,KOSDAQ,10.38
159580,1970.0,28108.0,55372760.0,KOSDAQ,4.23
037230,1324.0,186433.0,246837292.0,KOSDAQ,3.04
050120,2895.0,8261.0,23915595.0,KOSDAQ,-1.7
261200,2480.0,21828.0,54133440.0,KOSDAQ,0.2
002290,3160.0,20778.0,65658480.0,KOSDAQ,2.6
150900,3340.0,61935.0,206862900.0,KOSDAQ,7.05
218150,1911.0,492716.0,941580276.0,KOSDAQ,2.08
089790,3755.0,65482.0,245884910.0,KOSDAQ,19.21
042940,5640.0,86068.0,485423520.0,KOSDAQ,7.43
225190,546.0,409887.0,223798302.0,KOSDAQ,6.23
466410,7630.0,13586.0,103661180.0,KOSDAQ,0.39
065500,1075.0,139005.0,149430375.0,KOSDAQ,8.59
382150,2945.0,19051.0,56105195.0,KOSDAQ,7.88
215380,2280.0,26172.0,59672160.0,KOSDAQ,3.4
043340,806.0,66679.0,53743274.0,KOSDAQ,3.87
038070,4115.0,27189.0,111882735.0,KOSDAQ,2.62
099220,608.0,172947.0,105151776.0,KOSDAQ,7.61
171010,2675.0,32251.0,86271425.0,KOSDAQ,12.63
361570,1329.0,57324.0,76183596.0,KOSDAQ,1.92
273060,777.0,73059.0,56766843.0,KOSDAQ,4.58
019770,3275.0,12558.0,41127450.0,KOSDAQ,3.64
479960,5350.0,10902.0,58325700.0,KOSDAQ,11.0
044960,3010.0,20091.0,60473910.0,KOSDAQ,1.69
373160,2755.0,6861.0,18902055.0,KOSDAQ,2.23
049830,6200.0,959.0,5945800.0,KOSDAQ,-0.64
261520,3695.0,53053.0,196030835.0,KOSDAQ,8.68
122690,1643.0,39235.0,64463105.0,KOSDAQ,4.52
307280,5340.0,23553.0,125773020.0,KOSDAQ,2.1
219420,3275.0,25309.0,82886975.0,KOSDAQ,6.68
014190,1060.0,48081.0,50965860.0,KOSDAQ,6.0
256150,4465.0,955.0,4264075.0,KOSDAQ,0.9
221980,9250.0,326.0,3015500.0,KOSDAQ,-0.43
196300,3980.0,8145.0,32417100.0,KOSDAQ,6.28
262260,2475.0,55688.0,137827800.0,KOSDAQ,8.55
424980,6300.0,41997.0,264581100.0,KOSDAQ,21.62
258610,1018.0,17688.0,18006384.0,KOSDAQ,2.11
227950,1075.0,66577.0,71570275.0,KOSDAQ,7.5
050860,1646.0,32426.0,53373196.0,KOSDAQ,3.59
014570,3360.0,2414.0,8111040.0,KOSDAQ,1.51
038060,767.0,656878.0,503825426.0,KOSDAQ,11.16
097870,4330.0,20149.0,87245170.0,KOSDAQ,3.46
052220,1598.0,51870.0,82888260.0,KOSDAQ,3.9
189860,3785.0,77291.0,292546435.0,KOSDAQ,9.55
131400,616.0,653082.0,402298512.0,KOSDAQ,3.18
065440,1344.0,164992.0,221749248.0,KOSDAQ,5.33
900300,1770.0,139654.0,247187580.0,KOSDAQ,5.99
260660,2365.0,27414.0,64834110.0,KOSDAQ,5.82
290120,2285.0,6939.0,15855615.0,KOSDAQ,1.56
315640,1230.0,60505.0,74421150.0,KOSDAQ,5.13
417860,7660.0,456895.0,3499815700.0,KOSDAQ,4.93
123570,1617.0,17795.0,28774515.0,KOSDAQ,-0.19
045060,2125.0,20148.0,42814500.0,KOSDAQ,1.19
104200,2425.0,22396.0,54310300.0,KOSDAQ,2.97
177900,3730.0,41308.0,154078840.0,KOSDAQ,10.36
105760,3510.0,34867.0,122383170.0,KOSDAQ,4.62
229000,1523.0,89730.0,136658790.0,KOSDAQ,7.1
026910,4500.0,74991.0,337459500.0,KOSDAQ,6.76
204020,1832.0,37312.0,68355584.0,KOSDAQ,0.94
246690,1492.0,96497.0,143973524.0,KOSDAQ,10.52
352700,1348.0,37235.0,50192780.0,KOSDAQ,0.9
290670,4505.0,8242.0,37130210.0,KOSDAQ,8.16
263770,1491.0,10367.0,15457197.0,KOSDAQ,6.88
051490,2480.0,31643.0,78474640.0,KOSDAQ,3.33
199550,2370.0,14189.0,33627930.0,KOSDAQ,0.21
332290,881.0,337683.0,297498723.0,KOSDAQ,0.34
234100,2405.0,32004.0,76969620.0,KOSDAQ,5.25
057030,2150.0,13241.0,28468150.0,KOSDAQ,3.86
037330,799.0,38024.0,30381176.0,KOSDAQ,3.1
173940,2275.0,21238.0,48316450.0,KOSDAQ,8.59
042040,4030.0,41816.0,168518480.0,KOSDAQ,5.08
226330,1432.0,175219.0,250913608.0,KOSDAQ,4.15
250000,5140.0,8201.0,42153140.0,KOSDAQ,0.98
081580,2235.0,82098.0,183489030.0,KOSDAQ,4.93
305090,1860.0,102619.0,190871340.0,KOSDAQ,6.04
263920,3525.0,3459.0,12192975.0,KOSDAQ,0.57
052600,2990.0,9070.0,27119300.0,KOSDAQ,4.18
024120,2995.0,76982.0,230561090.0,KOSDAQ,-3.54
101240,3030.0,7877.0,23867310.0,KOSDAQ,3.59
046310,2095.0,32421.0,67921995.0,KOSDAQ,5.44
317870,3885.0,21880.0,85003800.0,KOSDAQ,0.0
900250,959.0,87755.0,84157045.0,KOSDAQ,5.62
032960,1952.0,8274.0,16150848.0,KOSDAQ,3.28
221840,1820.0,30915.0,56265300.0,KOSDAQ,3.17
046390,1968.0,112393.0,221189424.0,KOSDAQ,2.88
263700,1750.0,20211.0,35369250.0,KOSDAQ,8.49
087600,4160.0,5665.0,23566400.0,KOSDAQ,4.0
100660,2690.0,77021.0,207186490.0,KOSDAQ,7.39
186230,3070.0,14781.0,45377670.0,KOSDAQ,1.49
159910,3200.0,15384.0,49228800.0,KOSDAQ,3.73
021650,2045.0,9879.0,20202555.0,KOSDAQ,0.0
127980,2820.0,9401.0,26510820.0,KOSDAQ,2.92
043910,2940.0,22703.0,66746820.0,KOSDAQ,6.91
220180,1393.0,10300.0,14347900.0,KOSDAQ,6.42
446840,3025.0,53570.0,162049250.0,KOSDAQ,10.0
007530,1487.0,83146.0,123638102.0,KOSDAQ,0.95
203450,2350.0,28175.0,66211250.0,KOSDAQ,0.86
321820,2120.0,33184.0,70350080.0,KOSDAQ,2.66
086040,2070.0,18344.0,37972080.0,KOSDAQ,-1.19
200780,3090.0,12400.0,38316000.0,KOSDAQ,3.0
089140,2150.0,66265.0,142469750.0,KOSDAQ,6.97
083550,2425.0,9165.0,22225125.0,KOSDAQ,4.3
006920,3005.0,74282.0,223217410.0,KOSDAQ,3.8
071850,1349.0,4565.0,6158185.0,KOSDAQ,1.05
239890,3290.0,17719.0,58295510.0,KOSDAQ,12.86
364950,3935.0,23657.0,93090295.0,KOSDAQ,9.31
393210,2090.0,38600.0,80674000.0,KOSDAQ,7.18
080520,2875.0,30073.0,86459875.0,KOSDAQ,5.89
059100,4600.0,20444.0,94042400.0,KOSDAQ,4.31
184230,1719.0,51756.0,88968564.0,KOSDAQ,1.78
072770,782.0,173589.0,135746598.0,KOSDAQ,1.3
148930,3175.0,16009.0,50828575.0,KOSDAQ,4.1
360350,5940.0,25467.0,151273980.0,KOSDAQ,5.32
450330,3945.0,12527.0,49419015.0,KOSDAQ,4.09
365590,876.0,415045.0,363579420.0,KOSDAQ,5.54
075130,1997.0,31173.0,62252481.0,KOSDAQ,5.11
206400,855.0,23343.0,19958265.0,KOSDAQ,4.52
432430,1938.0,30573.0,59250474.0,KOSDAQ,8.51
207760,384.0,476632.0,183026688.0,KOSDAQ,6.37
091970,4230.0,142533.0,602914590.0,KOSDAQ,5.75
064520,1423.0,9816.0,13968168.0,KOSDAQ,1.35
025440,3245.0,9060.0,29399700.0,KOSDAQ,-2.26
408900,966.0,69009.0,66662694.0,KOSDAQ,11.55
317240,1081.0,325669.0,352048189.0,KOSDAQ,8.21
031510,1126.0,67876.0,76428376.0,KOSDAQ,4.74
066360,655.0,68841.0,45090855.0,KOSDAQ,5.99
090410,679.0,157822.0,107161138.0,KOSDAQ,7.61
133750,1326.0,15867.0,21039642.0,KOSDAQ,1.84
128540,1154.0,71300.0,82280200.0,KOSDAQ,9.9
022220,593.0,121641.0,72133113.0,KOSDAQ,9.21
419120,2150.0,24080.0,51772000.0,KOSDAQ,5.39
475460,5400.0,15309.0,82668600.0,KOSDAQ,2.47
033170,354.0,200890.0,71115060.0,KOSDAQ,7.93
318410,5460.0,10810.0,59022600.0,KOSDAQ,4.0
208860,890.0,38856.0,34581840.0,KOSDAQ,5.2
452160,3140.0,12338.0,38741320.0,KOSDAQ,4.32
262840,2845.0,12434.0,35374730.0,KOSDAQ,3.08
064480,2510.0,55555.0,139443050.0,KOSDAQ,2.24
348030,3120.0,76434.0,238474080.0,KOSDAQ,2.3
033340,309.0,1303240.0,402701160.0,KOSDAQ,9.57
079000,4160.0,25894.0,107719040.0,KOSDAQ,0.85
033050,939.0,137882.0,129471198.0,KOSDAQ,4.57
376930,581.0,208092.0,120901452.0,KOSDAQ,6.02
033830,1573.0,4298.0,6760754.0,KOSDAQ,0.77
045510,944.0,177758.0,167803552.0,KOSDAQ,4.42
012620,6740.0,4053.0,27317220.0,KOSDAQ,2.12
278650,1693.0,29250.0,49520250.0,KOSDAQ,6.95
160550,1056.0,22303.0,23551968.0,KOSDAQ,2.52
215090,1271.0,40311.0,51235281.0,KOSDAQ,5.74
053950,1500.0,59141.0,88711500.0,KOSDAQ,4.17
208710,2230.0,647373.0,1443641790.0,KOSDAQ,12.0
237820,2290.0,75856.0,173710240.0,KOSDAQ,-3.98
035460,1968.0,142567.0,280571856.0,KOSDAQ,7.54
131090,3830.0,11914.0,45630620.0,KOSDAQ,1.06
465480,2890.0,32504.0,93936560.0,KOSDAQ,7.04
458350,3370.0,25587.0,86228190.0,KOSDAQ,7.67
311390,2310.0,20378.0,47073180.0,KOSDAQ,0.22
016600,2090.0,36673.0,76646570.0,KOSDAQ,2.7
215790,724.0,1223534.0,885838616.0,KOSDAQ,6.16
103840,1780.0,31710.0,56443800.0,KOSDAQ,6.84
038950,2845.0,10226.0,29092970.0,KOSDAQ,1.25
106240,1216.0,62314.0,75773824.0,KOSDAQ,2.88
459550,1148.0,1165298.0,1337762104.0,KOSDAQ,3.89
388610,5410.0,5410.0,29268100.0,KOSDAQ,2.08
068050,1039.0,57261.0,59494179.0,KOSDAQ,1.37
049470,1219.0,23822.0,29039018.0,KOSDAQ,4.64
452300,2015.0,70972.0,143008580.0,KOSDAQ,8.74
239610,5280.0,1384.0,7307520.0,KOSDAQ,3.13
039290,3270.0,13419.0,43880130.0,KOSDAQ,9.55
452200,1168.0,177276.0,207058368.0,KOSDAQ,10.19
462310,3595.0,17879.0,64275005.0,KOSDAQ,1.7
297570,819.0,50549.0,41399631.0,KOSDAQ,4.33
075970,1541.0,14561.0,22438501.0,KOSDAQ,6.42
348080,2190.0,22096.0,48390240.0,KOSDAQ,5.54
060540,1075.0,109426.0,117632950.0,KOSDAQ,6.33
053290,1698.0,55532.0,94293336.0,KOSDAQ,1.62
310870,1279.0,75647.0,96752513.0,KOSDAQ,3.48
290090,3765.0,6113.0,23015445.0,KOSDAQ,8.82
093380,2835.0,22151.0,62798085.0,KOSDAQ,3.47
089150,1624.0,127661.0,207321464.0,KOSDAQ,5.32
096630,1738.0,36189.0,62896482.0,KOSDAQ,11.77
026040,1667.0,43195.0,72006065.0,KOSDAQ,4.84
368600,1066.0,2648779.0,2823598414.0,KOSDAQ,5.96
351330,3315.0,28518.0,94537170.0,KOSDAQ,9.77
088340,6290.0,16541.0,104042890.0,KOSDAQ,7.71
119500,2310.0,19786.0,45705660.0,KOSDAQ,5.72
318010,3450.0,2301.0,7938450.0,KOSDAQ,0.88
177830,2410.0,16533.0,39844530.0,KOSDAQ,3.43
476080,3370.0,30537.0,102909690.0,KOSDAQ,4.33
335810,1232.0,3293.0,4056976.0,KOSDAQ,2.75
109820,1325.0,31346.0,41533450.0,KOSDAQ,0.84
444530,4195.0,73093.0,306625135.0,KOSDAQ,16.53
464580,1464.0,59537.0,87162168.0,KOSDAQ,6.01
031310,904.0,150774.0,136299696.0,KOSDAQ,8.0
288620,3850.0,10162.0,39123700.0,KOSDAQ,5.62
900070,996.0,77966.0,77654136.0,KOSDAQ,6.75
138070,1529.0,31558.0,48252182.0,KOSDAQ,5.74
068100,2240.0,13962.0,31274880.0,KOSDAQ,1.36
050110,913.0,253128.0,231105864.0,KOSDAQ,7.54
016920,1007.0,92203.0,92848421.0,KOSDAQ,0.7
197140,2045.0,13475.0,27556375.0,KOSDAQ,2.0
187270,2620.0,4465.0,11698300.0,KOSDAQ,5.43
123840,1707.0,24485.0,41795895.0,KOSDAQ,13.5
069410,2585.0,33124.0,85625540.0,KOSDAQ,3.4
065950,934.0,82652.0,77196968.0,KOSDAQ,3.2
038620,1738.0,21820.0,37923160.0,KOSDAQ,1.64
001810,1189.0,9924.0,11799636.0,KOSDAQ,2.77
131220,3530.0,11903.0,42017590.0,KOSDAQ,1.15
069140,1740.0,23438.0,40782120.0,KOSDAQ,5.52
044480,789.0,183639.0,144891171.0,KOSDAQ,-1.74
355390,1642.0,54991.0,90295222.0,KOSDAQ,5.53
032750,2880.0,18705.0,53870400.0,KOSDAQ,1.41
271830,879.0,172279.0,151433241.0,KOSDAQ,8.38
099390,3145.0,10108.0,31789660.0,KOSDAQ,2.78
475660,3250.0,4967.0,16142750.0,KOSDAQ,5.52
121890,1938.0,28455.0,55145790.0,KOSDAQ,2.76
130500,1770.0,12365.0,21886050.0,KOSDAQ,4.0
238490,2275.0,32549.0,74048975.0,KOSDAQ,5.57
054090,1030.0,154774.0,159417220.0,KOSDAQ,19.08
407400,1755.0,113078.0,198451890.0,KOSDAQ,4.09
188260,1839.0,23745.0,43667055.0,KOSDAQ,4.55
037370,2950.0,24364.0,71873800.0,KOSDAQ,8.66
464280,4580.0,20224.0,92625920.0,KOSDAQ,1.22
351320,852.0,99598.0,84857496.0,KOSDAQ,-6.78
290270,2625.0,18281.0,47987625.0,KOSDAQ,5.42
109960,1666.0,3921.0,6532386.0,KOSDAQ,4.32
114630,1457.0,333542.0,485970694.0,KOSDAQ,4.0
038880,3340.0,14072.0,47000480.0,KOSDAQ,8.97
058110,1563.0,22891.0,35778633.0,KOSDAQ,3.72
298060,2600.0,6403.0,16647800.0,KOSDAQ,2.36
434480,2025.0,22668.0,45902700.0,KOSDAQ,3.85
333050,5060.0,11869.0,60057140.0,KOSDAQ,1.2
225220,1296.0,31959.0,41418864.0,KOSDAQ,-0.92
356890,2080.0,48908.0,101728640.0,KOSDAQ,4.79
057680,1568.0,15165.0,23778720.0,KOSDAQ,3.29
148250,1819.0,50446.0,91761274.0,KOSDAQ,0.0
053060,1400.0,38440.0,53816000.0,KOSDAQ,4.32
016670,2420.0,9944.0,24064480.0,KOSDAQ,2.98
376980,2525.0,16236.0,40995900.0,KOSDAQ,1.0
065150,1545.0,28093.0,43403685.0,KOSDAQ,4.11
367000,2935.0,3639.0,10680465.0,KOSDAQ,0.34
198940,1236.0,61418.0,75912648.0,KOSDAQ,3.87
021880,1158.0,21226.0,24579708.0,KOSDAQ,1.49
455180,1760.0,58876.0,103621760.0,KOSDAQ,3.71
450520,1670.0,26196.0,43747320.0,KOSDAQ,5.83
123750,1776.0,15961.0,28346736.0,KOSDAQ,-0.78
097780,1206.0,9285.0,11197710.0,KOSDAQ,1.77
288980,671.0,134897.0,90515887.0,KOSDAQ,0.15
017000,2090.0,51947.0,108569230.0,KOSDAQ,2.96
083640,1060.0,86501.0,91691060.0,KOSDAQ,6.32
195500,1523.0,113102.0,172254346.0,KOSDAQ,0.86
013720,1999.0,37790.0,75542210.0,KOSDAQ,2.83
095910,652.0,227079.0,148055508.0,KOSDAQ,4.99
039740,3020.0,28178.0,85097560.0,KOSDAQ,3.25
047080,975.0,78202.0,76246950.0,KOSDAQ,7.97
290520,1529.0,28234.0,43169786.0,KOSDAQ,2.89
032860,595.0,135989.0,80913455.0,KOSDAQ,-8.32
080530,2170.0,5014.0,10880380.0,KOSDAQ,-1.14
318000,2745.0,9826.0,26972370.0,KOSDAQ,2.43
035200,2600.0,16399.0,42637400.0,KOSDAQ,5.69
301300,1821.0,171280.0,311900880.0,KOSDAQ,20.36
462510,2720.0,52110.0,141739200.0,KOSDAQ,5.63
254120,778.0,131193.0,102068154.0,KOSDAQ,11.78
044780,1291.0,17156.0,22148396.0,KOSDAQ,-1.53
376180,1285.0,21764.0,27966740.0,KOSDAQ,9.27
267790,3100.0,6815.0,21126500.0,KOSDAQ,0.16
032790,927.0,105636.0,97924572.0,KOSDAQ,-4.63
387570,4230.0,13092.0,55379160.0,KOSDAQ,4.44
007720,1180.0,59055.0,69684900.0,KOSDAQ,1.64
079170,4570.0,8343.0,38127510.0,KOSDAQ,3.28
406820,1676.0,170411.0,285608836.0,KOSDAQ,2.2
066910,1769.0,64641.0,114349929.0,KOSDAQ,7.34
045300,2245.0,23156.0,51985220.0,KOSDAQ,6.9
900310,1844.0,27821.0,51301924.0,KOSDAQ,7.71
070590,1698.0,21066.0,35770068.0,KOSDAQ,2.29
199480,2310.0,48921.0,113007510.0,KOSDAQ,5.0
222980,2135.0,20122.0,42960470.0,KOSDAQ,-1.61
237750,3625.0,10596.0,38410500.0,KOSDAQ,4.02
027040,1690.0,176545.0,298361050.0,KOSDAQ,8.33
363260,730.0,56877.0,41520210.0,KOSDAQ,0.14
115160,5450.0,15611.0,85079950.0,KOSDAQ,8.35
187220,2035.0,17955.0,36538425.0,KOSDAQ,2.83
232830,1412.0,28276.0,39925712.0,KOSDAQ,7.38
169330,1274.0,7846.0,9995804.0,KOSDAQ,-2.75
054780,1187.0,35390.0,42007930.0,KOSDAQ,5.14
139670,1650.0,33009.0,54464850.0,KOSDAQ,10.07
078590,2330.0,158222.0,368657260.0,KOSDAQ,2.64
063760,2495.0,12472.0,31117640.0,KOSDAQ,5.72
073540,2040.0,53561.0,109264440.0,KOSDAQ,3.55
051380,1515.0,21553.0,32652795.0,KOSDAQ,1.81
018680,1991.0,11895.0,23682945.0,KOSDAQ,-1.19
036480,6100.0,19946.0,121670600.0,KOSDAQ,-0.16
038530,895.0,237459.0,212525805.0,KOSDAQ,5.92
257370,1850.0,32732.0,60554200.0,KOSDAQ,0.49
019660,1659.0,23453.0,38908527.0,KOSDAQ,1.22
397810,4480.0,20714.0,92798720.0,KOSDAQ,5.41
134060,4835.0,8250.0,39888750.0,KOSDAQ,0.0
033200,2505.0,9350.0,23421750.0,KOSDAQ,0.2
318020,1874.0,40597.0,76078778.0,KOSDAQ,-0.74
340440,812.0,232607.0,188876884.0,KOSDAQ,1.25
146060,958.0,38286.0,36677988.0,KOSDAQ,6.44
373170,1518.0,46348.0,70356264.0,KOSDAQ,10.0
060380,1163.0,16619.0,19327897.0,KOSDAQ,2.92
462980,1255.0,11971.0,15023605.0,KOSDAQ,2.12
048470,2370.0,26010.0,61643700.0,KOSDAQ,2.6
208350,2820.0,1303.0,3674460.0,KOSDAQ,3.68
052300,1404.0,402129.0,564589116.0,KOSDAQ,5.96
085810,1613.0,8062.0,13004006.0,KOSDAQ,-3.36
0010F0,2045.0,136737.0,279627165.0,KOSDAQ,9.65
289220,1020.0,86733.0,88467660.0,KOSDAQ,5.7
368970,2230.0,58136.0,129643280.0,KOSDAQ,6.7
219750,1730.0,10945.0,18934850.0,KOSDAQ,0.29
296640,4365.0,9848.0,42986520.0,KOSDAQ,5.95
091340,1926.0,46979.0,90481554.0,KOSDAQ,2.77
193250,1684.0,91698.0,154419432.0,KOSDAQ,14.4
398120,1899.0,13008.0,24702192.0,KOSDAQ,3.09
013810,1534.0,31984.0,49063456.0,KOSDAQ,0.92
023770,2500.0,22750.0,56875000.0,KOSDAQ,8.23
464500,1589.0,41240.0,65530360.0,KOSDAQ,8.84
007770,6300.0,1900.0,11970000.0,KOSDAQ,0.32
014100,1872.0,23251.0,43525872.0,KOSDAQ,1.3
019570,2310.0,220095.0,508419450.0,KOSDAQ,-3.95
188040,4710.0,10760.0,50679600.0,KOSDAQ,7.41
432980,2540.0,15059.0,38249860.0,KOSDAQ,1.8
076080,965.0,21658.0,20899970.0,KOSDAQ,-3.02
352940,2005.0,40385.0,80971925.0,KOSDAQ,0.3
032080,1011.0,31691.0,32039601.0,KOSDAQ,4.23
469750,630.0,197869.0,124657470.0,KOSDAQ,6.96
405920,1681.0,4362.0,7332522.0,KOSDAQ,4.41
115480,1783.0,26186.0,46689638.0,KOSDAQ,4.57
043200,517.0,447568.0,231392656.0,KOSDAQ,0.0
403490,470.0,70549.0,33158030.0,KOSDAQ,7.8
038870,1539.0,36505.0,56181195.0,KOSDAQ,0.85
130740,1910.0,28184.0,53831440.0,KOSDAQ,5.23
065060,3590.0,24394.0,87574460.0,KOSDAQ,10.46
415380,1875.0,19414.0,36401250.0,KOSDAQ,2.57
430690,1965.0,53831.0,105777915.0,KOSDAQ,9.53
096690,5300.0,9871.0,52316300.0,KOSDAQ,3.92
383930,1662.0,26131.0,43429722.0,KOSDAQ,6.68
032280,1310.0,75035.0,98295850.0,KOSDAQ,2.18
309930,1103.0,1313309.0,1448579827.0,KOSDAQ,29.92
377030,1486.0,40284.0,59862024.0,KOSDAQ,5.17
241840,2225.0,21465.0,47759625.0,KOSDAQ,0.23
258790,4245.0,36293.0,154063785.0,KOSDAQ,-1.28
223310,4065.0,25341.0,103011165.0,KOSDAQ,4.9
377330,2595.0,3004.0,7795380.0,KOSDAQ,5.06
101680,2500.0,31754.0,79385000.0,KOSDAQ,1.01
054410,3665.0,1431.0,5244615.0,KOSDAQ,-4.56
353190,2660.0,12136.0,32281760.0,KOSDAQ,2.31
065370,2835.0,15671.0,44427285.0,KOSDAQ,4.61
328380,3050.0,30127.0,91887350.0,KOSDAQ,1.67
067010,1919.0,27683.0,53123677.0,KOSDAQ,1.0
236810,1227.0,173687.0,213113949.0,KOSDAQ,0.33
353590,1616.0,29974.0,48437984.0,KOSDAQ,14.12
274400,2280.0,44862.0,102285360.0,KOSDAQ,14.4
131180,3515.0,1151.0,4045765.0,KOSDAQ,1.01
362990,1228.0,40357.0,49558396.0,KOSDAQ,5.41
200230,2170.0,179254.0,388981180.0,KOSDAQ,15.8
277410,5350.0,5146.0,27531100.0,KOSDAQ,2.1
900110,1110.0,101742.0,112933620.0,KOSDAQ,1.83
043360,2270.0,28135.0,63866450.0,KOSDAQ,8.1
342870,3735.0,10253.0,38294955.0,KOSDAQ,5.81
359090,1767.0,9595.0,16954365.0,KOSDAQ,4.0
049120,1913.0,2281.0,4363553.0,KOSDAQ,3.52
098660,1622.0,4437.0,7196814.0,KOSDAQ,1.63
347770,885.0,67867.0,60062295.0,KOSDAQ,-4.01
017250,961.0,26833.0,25786513.0,KOSDAQ,7.37
067730,2090.0,39179.0,81884110.0,KOSDAQ,0.24
227610,1037.0,25163.0,26094031.0,KOSDAQ,3.7
101400,1710.0,268260.0,458724600.0,KOSDAQ,11.76
238200,2450.0,14580.0,35721000.0,KOSDAQ,0.0
215480,1859.0,29690.0,55193710.0,KOSDAQ,1.03
039310,1096.0,28266.0,30979536.0,KOSDAQ,4.98
084440,1038.0,68704.0,71314752.0,KOSDAQ,-0.57
440320,1986.0,18122.0,35990292.0,KOSDAQ,7.24
275630,3765.0,18712.0,70450680.0,KOSDAQ,3.01
192390,1793.0,16346.0,29308378.0,KOSDAQ,3.46
048830,1053.0,62040.0,65328120.0,KOSDAQ,3.03
331520,2005.0,22767.0,45647835.0,KOSDAQ,0.55
080470,2690.0,5242.0,14100980.0,KOSDAQ,2.67
372800,2785.0,14246.0,39675110.0,KOSDAQ,-3.63
056730,1319.0,14030.0,18505570.0,KOSDAQ,-3.3
137940,1975.0,327676.0,647160100.0,KOSDAQ,10.96
378800,419.0,866893.0,363228167.0,KOSDAQ,0.96
016100,1013.0,6503.0,6587539.0,KOSDAQ,4.11
154030,1600.0,14906.0,23849600.0,KOSDAQ,-1.3
424760,1919.0,21846.0,41922474.0,KOSDAQ,-2.34
252500,465.0,58213.0,27069045.0,KOSDAQ,5.68
361670,3400.0,8582.0,29178800.0,KOSDAQ,5.75
058450,3840.0,74413.0,285745920.0,KOSDAQ,0.39
195990,1170.0,70667.0,82680390.0,KOSDAQ,-0.09
065690,1355.0,36050.0,48847750.0,KOSDAQ,4.15
024940,1900.0,50671.0,96274900.0,KOSDAQ,1.77
096870,2275.0,2695.0,6131125.0,KOSDAQ,2.25
109670,3250.0,22600.0,73450000.0,KOSDAQ,8.15
290560,848.0,55001.0,46640848.0,KOSDAQ,6.4
429270,2925.0,51397.0,150336225.0,KOSDAQ,11.64
373110,1089.0,35688.0,38864232.0,KOSDAQ,-0.55
365900,2575.0,9007.0,23193025.0,KOSDAQ,3.21
032800,1500.0,26411.0,39616500.0,KOSDAQ,1.42
317120,1211.0,148299.0,179590089.0,KOSDAQ,0.67
088290,2300.0,17604.0,40489200.0,KOSDAQ,2.91
073570,1520.0,62133.0,94442160.0,KOSDAQ,1.27
115570,2285.0,29446.0,67284110.0,KOSDAQ,0.0
303530,2480.0,23536.0,58369280.0,KOSDAQ,3.33
037400,692.0,69288.0,47947296.0,KOSDAQ,9.32
322780,2020.0,67714.0,136782280.0,KOSDAQ,-0.98
034940,585.0,940439.0,550156815.0,KOSDAQ,0.86
069330,1069.0,43467.0,46466223.0,KOSDAQ,6.69
021040,833.0,40193.0,33480769.0,KOSDAQ,-1.3
023790,1383.0,534417.0,739098711.0,KOSDAQ,0.8
018620,2605.0,15905.0,41432525.0,KOSDAQ,-1.14
196700,1256.0,23756.0,29837536.0,KOSDAQ,1.7
351870,1615.0,9727.0,15709105.0,KOSDAQ,-0.62
079950,1290.0,582060.0,750857400.0,KOSDAQ,-17.83
438700,1596.0,19523.0,31158708.0,KOSDAQ,5.21
200350,1777.0,12190.0,21661630.0,KOSDAQ,7.96
224060,3440.0,17365.0,59735600.0,KOSDAQ,1.33
065650,1605.0,14179.0,22757295.0,KOSDAQ,8.74
140430,1636.0,80633.0,131915588.0,KOSDAQ,7.63
115610,1476.0,43447.0,64127772.0,KOSDAQ,6.88
103230,2410.0,21179.0,51041390.0,KOSDAQ,2.34
032680,830.0,75050.0,62291500.0,KOSDAQ,0.36
060900,4320.0,10410.0,44971200.0,KOSDAQ,9.09
405000,4490.0,16287.0,73128630.0,KOSDAQ,-2.6
078860,2780.0,6062.0,16852360.0,KOSDAQ,6.11
279600,3610.0,2102.0,7588220.0,KOSDAQ,5.4
154040,780.0,81120.0,63273600.0,KOSDAQ,4.0
006050,482.0,154683.0,74557206.0,KOSDAQ,7.59
020400,2630.0,26989.0,70981070.0,KOSDAQ,6.05
335870,998.0,14686.0,14656628.0,KOSDAQ,5.05
027580,1403.0,21740.0,30501220.0,KOSDAQ,1.96
477380,2045.0,97462.0,199309790.0,KOSDAQ,-0.24
054220,1312.0,28631.0,37563872.0,KOSDAQ,2.1
050760,1010.0,182781.0,184608810.0,KOSDAQ,1.0
115530,2090.0,93897.0,196244730.0,KOSDAQ,6.09
303030,1797.0,50782.0,91255254.0,KOSDAQ,-0.77
431190,2195.0,18664.0,40967480.0,KOSDAQ,7.33
142760,387.0,91648.0,35467776.0,KOSDAQ,6.61
008470,1927.0,55598.0,107137346.0,KOSDAQ,10.75
419540,2695.0,19564.0,52724980.0,KOSDAQ,7.37
018700,1371.0,16587.0,22740777.0,KOSDAQ,1.78
083470,748.0,185916.0,139065168.0,KOSDAQ,8.41
009620,903.0,957840.0,864929520.0,KOSDAQ,-22.16
045520,2425.0,106607.0,258521975.0,KOSDAQ,7.78
012340,840.0,228094.0,191598960.0,KOSDAQ,3.07
060260,1175.0,63755.0,74912125.0,KOSDAQ,2.44
110020,1727.0,5335.0,9213545.0,KOSDAQ,1.17
0072Z0,1975.0,8151.0,16098225.0,KOSDAQ,-0.45
051780,2435.0,34972.0,85156820.0,KOSDAQ,3.62
065770,1463.0,99200.0,145129600.0,KOSDAQ,8.45
417180,4380.0,26027.0,113998260.0,KOSDAQ,13.77
0101C0,1978.0,5229.0,10342962.0,KOSDAQ,-0.15
477340,2035.0,30091.0,61235185.0,KOSDAQ,-0.49
0130H0,1984.0,5027.0,9973568.0,KOSDAQ,-0.25
035620,817.0,120895.0,98771215.0,KOSDAQ,0.25
239340,561.0,50670.0,28425870.0,KOSDAQ,3.7
060230,1339.0,67436.0,90296804.0,KOSDAQ,3.56
0044K0,1979.0,14824.0,29336696.0,KOSDAQ,-0.4
344860,1230.0,11171.0,13740330.0,KOSDAQ,-0.24
473050,2085.0,40553.0,84553005.0,KOSDAQ,-0.24
001000,602.0,569455.0,342811910.0,KOSDAQ,4.33
0115H0,1981.0,43668.0,86506308.0,KOSDAQ,-0.1
354200,1621.0,79117.0,128248657.0,KOSDAQ,6.64
208640,1032.0,792113.0,817460616.0,KOSDAQ,4.45
067770,1711.0,48897.0,83662767.0,KOSDAQ,3.95
478440,2035.0,19635.0,39957225.0,KOSDAQ,0.0
191410,1258.0,121484.0,152826872.0,KOSDAQ,3.11
225590,2750.0,52549.0,144509750.0,KOSDAQ,2.42
0165X0,1944.0,58017.0,112785048.0,KOSDAQ,-0.15
226340,1677.0,89843.0,150666711.0,KOSDAQ,30.0
479880,2045.0,38898.0,79546410.0,KOSDAQ,-0.49
043590,1029.0,34124.0,35113596.0,KOSDAQ,-1.72
306040,1408.0,96257.0,135529856.0,KOSDAQ,0.07
0099W0,1983.0,1627.0,3226341.0,KOSDAQ,-0.15
240600,1979.0,32916.0,65140764.0,KOSDAQ,8.08
304840,561.0,452778.0,254008458.0,KOSDAQ,-1.58
291810,1184.0,564811.0,668736224.0,KOSDAQ,5.43
489480,2025.0,27840.0,56376000.0,KOSDAQ,0.25
0134X0,1975.0,10389.0,20518275.0,KOSDAQ,-0.15
481890,2075.0,6845.0,14203375.0,KOSDAQ,0.48
0164H0,1949.0,36622.0,71376278.0,KOSDAQ,-0.2
418620,656.0,174013.0,114152528.0,KOSDAQ,0.92
0096B0,1978.0,24095.0,47659910.0,KOSDAQ,0.05
113810,1990.0,27901.0,55522990.0,KOSDAQ,3.65
0097F0,1987.0,8507.0,16903409.0,KOSDAQ,-0.1
009730,1607.0,436202.0,700976614.0,KOSDAQ,14.54
489730,2010.0,7056.0,14182560.0,KOSDAQ,-0.25
471050,2095.0,158780.0,332644100.0,KOSDAQ,-0.24
478390,2040.0,39091.0,79745640.0,KOSDAQ,0.25
131760,1454.0,303771.0,441683034.0,KOSDAQ,5.82
0093G0,1973.0,2663.0,5254099.0,KOSDAQ,-0.2
900340,1003.0,64533.0,64726599.0,KOSDAQ,3.08
0037T0,1977.0,4112.0,8129424.0,KOSDAQ,-0.3
0054V0,2010.0,7031.0,14132310.0,KOSDAQ,0.5
482520,2035.0,18019.0,36668665.0,KOSDAQ,0.25
285800,709.0,454429.0,322190161.0,KOSDAQ,1.29
492220,1995.0,10103.0,20155485.0,KOSDAQ,-0.5
0131D0,1960.0,41631.0,81596760.0,KOSDAQ,-0.25
0091W0,2015.0,14649.0,29517735.0,KOSDAQ,0.25
0088D0,2085.0,13949.0,29083665.0,KOSDAQ,0.0
0041L0,1993.0,3462.0,6899766.0,KOSDAQ,-0.35
028080,4730.0,3061.0,14478530.0,KOSDAQ,2.6
477760,2045.0,4269.0,8730105.0,KOSDAQ,-0.24
0132G0,1988.0,2631.0,5230428.0,KOSDAQ,-0.3
482690,2080.0,16380.0,34070400.0,KOSDAQ,0.73
469900,2075.0,6352.0,13180400.0,KOSDAQ,-0.24
069920,1238.0,257456.0,318730528.0,KOSDAQ,-1.35
900100,2180.0,108534.0,236604120.0,KOSDAQ,3.81
247660,2645.0,90038.0,238150510.0,KOSDAQ,5.59
0071M0,1983.0,41448.0,82191384.0,KOSDAQ,-0.25
474660,2060.0,7688.0,15837280.0,KOSDAQ,0.24
487360,2010.0,7681.0,15438810.0,KOSDAQ,0.0
474490,2055.0,8182.0,16814010.0,KOSDAQ,-0.24
073190,941.0,63637.0,59882417.0,KOSDAQ,-2.99
477470,2055.0,36721.0,75461655.0,KOSDAQ,-0.72
289010,806.0,201637.0,162519422.0,KOSDAQ,-4.73
0105P0,1985.0,238.0,472430.0,KOSDAQ,-0.4
496070,1984.0,3092.0,6134528.0,KOSDAQ,0.2
389680,1340.0,318187.0,426370580.0,KOSDAQ,-4.69
0129K0,1969.0,9747.0,19191843.0,KOSDAQ,0.1
0096D0,1975.0,7239.0,14297025.0,KOSDAQ,0.15
002680,1661.0,106545.0,176971245.0,KOSDAQ,0.06
486630,2020.0,4550.0,9191000.0,KOSDAQ,-0.25
0098T0,1983.0,7955.0,15774765.0,KOSDAQ,-0.35
060480,964.0,108173.0,104278772.0,KOSDAQ,10.55
493790,2010.0,5258.0,10568580.0,KOSDAQ,0.0
250930,1609.0,25196.0,40540364.0,KOSDAQ,-0.8
0004Y0,1995.0,4314.0,8606430.0,KOSDAQ,-0.1
0130D0,1974.0,1754.0,3462396.0,KOSDAQ,0.1
489210,2010.0,49192.0,98875920.0,KOSDAQ,-0.25
478110,2025.0,63770.0,129134250.0,KOSDAQ,-0.49
466690,1995.0,1812.0,3614940.0,KOSDAQ,-0.25
0041B0,2000.0,6868.0,13736000.0,KOSDAQ,-0.25
225430,1800.0,494202.0,889563600.0,KOSDAQ,2.56
472220,2090.0,28825.0,60244250.0,KOSDAQ,0.0
900120,869.0,142702.0,124008038.0,KOSDAQ,0.46
488060,2025.0,36591.0,74096775.0,KOSDAQ,-0.25
308100,369.0,772003.0,284869107.0,KOSDAQ,6.65
025870,2355.0,22916.0,53967180.0,KOSDAQ,-3.09
084180,512.0,122314.0,62624768.0,KOSDAQ,0.79
484130,2020.0,57689.0,116531780.0,KOSDAQ,-0.49
473950,2030.0,77581.0,157489430.0,KOSDAQ,0.0
199730,1800.0,392551.0,706591800.0,KOSDAQ,6.51
487830,2010.0,101645.0,204306450.0,KOSDAQ,0.0
092600,1741.0,199270.0,346929070.0,KOSDAQ,-4.71
079190,902.0,132409.0,119432918.0,KOSDAQ,-6.63
472230,2080.0,9249.0,19237920.0,KOSDAQ,0.0
487720,2015.0,9359.0,18858385.0,KOSDAQ,0.0
0068Y0,1976.0,7709.0,15232984.0,KOSDAQ,-0.35
03481K,5980.0,3431.0,20517380.0,KOSDAQ,6.6
0041J0,1985.0,11393.0,22615105.0,KOSDAQ,0.05
050090,331.0,149652.0,49534812.0,KOSDAQ,-1.19
475250,2055.0,58009.0,119208495.0,KOSDAQ,0.0
474930,2080.0,3791.0,7885280.0,KOSDAQ,-1.42
008290,370.0,4207127.0,1556636990.0,KOSDAQ,13.5
312610,352.0,140349.0,49402848.0,KOSDAQ,10.0
011080,975.0,396451.0,386539725.0,KOSDAQ,2.09
473000,2050.0,3105.0,6365250.0,KOSDAQ,-0.49
475240,2090.0,6357.0,13286130.0,KOSDAQ,0.0
035290,1365.0,11888.0,16227120.0,KOSDAQ,-5.27
121850,1280.0,49504.0,63365120.0,KOSDAQ,16.47
021045,2340.0,1348.0,3154320.0,KOSDAQ,-0.21
043090,275.0,1142465.0,314177875.0,KOSDAQ,20.61
032685,10600.0,22582.0,239369200.0,KOSDAQ,-11.59
