Code,Name,Close,Volume,VolumeTotal,Amount,AmountTotal,Market,ChangesRatio
005930,삼성전자,263000.0,20157893.0,29249886.0,5301525859000.0,7692720018000.0,KOSPI,-2.05
000660,SK하이닉스,1686000.0,3118825.0,4289060.0,5258338950000.0,7231355160000.0,KOSPI,-2.15
005935,삼성전자우,194500.0,2238816.0,2238816.0,435449712000.0,435449712000.0,KOSPI,-1.77
402340,SK스퀘어,1059000.0,984573.0,1241933.0,1042662807000.0,1315207047000.0,KOSPI,-7.27
009150,삼성전기,1559000.0,553778.0,897148.0,863339902000.0,1398653732000.0,KOSPI,-2.81
373220,LG에너지솔루션,403000.0,919337.0,1379155.0,370492811000.0,555799465000.0,KOSPI,3.07
005380,현대차,324500.0,685775.0,1101170.0,222533987500.0,357329665000.0,KOSPI,-3.42
105560,KB금융,163400.0,810487.0,950774.0,132433575800.0,155356471600.0,KOSPI,-3.03
207940,삼성바이오로직스,1220000.0,81929.0,102688.0,99953380000.0,125279360000.0,KOSPI,-4.46
032830,삼성생명,270000.0,335818.0,390269.0,90670860000.0,105372630000.0,KOSPI,-3.91
028260,삼성물산,320000.0,544311.0,636341.0,174179520000.0,203629120000.0,KOSPI,-4.76
034020,두산에너빌리티,76700.0,4584327.0,7732775.0,351617880900.0,593103842500.0,KOSPI,-4.72
055550,신한지주,100000.0,1223694.0,1354454.0,122369400000.0,135445400000.0,KOSPI,-3.19
012450,한화에어로스페이스,904000.0,333333.0,418404.0,301333032000.0,378237216000.0,KOSPI,-7.0
006400,삼성SDI,567000.0,686889.0,1252034.0,389466063000.0,709903278000.0,KOSPI,0.89
000270,기아,107000.0,1233426.0,1521071.0,131976582000.0,162754597000.0,KOSPI,-2.37
068270,셀트리온,179000.0,461849.0,586209.0,82670971000.0,104931411000.0,KOSPI,-2.45
034730,SK,561000.0,196370.0,226443.0,110163570000.0,127034523000.0,KOSPI,-3.28
329180,HD현대중공업,384500.0,333561.0,443577.0,128254204500.0,170555356500.0,KOSPI,-3.87
086790,하나금융지주,124500.0,787624.0,892691.0,98059188000.0,111140029500.0,KOSPI,-3.41
066570,LG전자,201000.0,1037049.0,1973638.0,208446849000.0,396701238000.0,KOSPI,-3.37
012330,현대모비스,360000.0,464043.0,564101.0,167055480000.0,203076360000.0,KOSPI,-3.61
010120,LS ELECTRIC,197200.0,714853.0,1149454.0,140969011600.0,226672328800.0,KOSPI,-4.04
035420,NAVER,183200.0,926786.0,1383343.0,169787195200.0,253428437600.0,KOSPI,-3.07
096770,SK이노베이션,161500.0,1167939.0,1556815.0,188622148500.0,251425622500.0,KOSPI,1.19
000810,삼성화재,610000.0,113968.0,121771.0,69520480000.0,74280310000.0,KOSPI,-3.02
042700,한미반도체,263000.0,1025061.0,1449465.0,269591043000.0,381209295000.0,KOSPI,-0.57
069500,KODEX 200,105650.0,23162524.0,23162524.0,2447120660600.0,2447120660600.0,KOSPI,-2.67
005490,POSCO홀딩스,305500.0,387135.0,505055.0,118269742500.0,154294302500.0,KOSPI,-0.65
316140,우리금융지주,32400.0,2904576.0,3314705.0,94108262400.0,107396442000.0,KOSPI,-2.85
298040,효성중공업,2514000.0,64424.0,92839.0,161961936000.0,233397246000.0,KOSPI,-2.86
042660,한화오션,71800.0,919018.0,1689271.0,65985492400.0,121289657800.0,KOSPI,-3.1
267260,HD현대일렉트릭,607000.0,163456.0,233459.0,99217792000.0,141709613000.0,KOSPI,-3.34
000150,두산,1331000.0,85424.0,118985.0,113699344000.0,158369035000.0,KOSPI,-4.86
010130,고려아연,1032000.0,20708.0,25610.0,21370656000.0,26429520000.0,KOSPI,-2.92
138040,메리츠금융지주,126700.0,181720.0,193913.0,23023924000.0,24568777100.0,KOSPI,-2.84
360750,TIGER 미국S&P500,25865.0,68805493.0,68805493.0,1779654076445.0,1779654076445.0,KOSPI,-0.61
009540,HD한국조선해양,291500.0,337244.0,394190.0,98306626000.0,114906385000.0,KOSPI,-3.32
051910,LG화학,281500.0,537833.0,648791.0,151399989500.0,182634666500.0,KOSPI,1.62
011200,HMM,20850.0,1191106.0,1591432.0,24834560100.0,33181357200.0,KOSPI,-2.57
010950,S-Oil,169000.0,294866.0,357438.0,49832354000.0,60407022000.0,KOSPI,-0.94
015760,한국전력,29100.0,1552044.0,2308373.0,45164480400.0,67173654300.0,KOSPI,-3.16
033780,KT&G,177300.0,209873.0,229776.0,37210482900.0,40739284800.0,KOSPI,-1.28
017670,SK텔레콤,84200.0,677027.0,961036.0,57005673400.0,80919231200.0,KOSPI,-3.66
003670,포스코퓨처엠,191300.0,525023.0,850052.0,100436899900.0,162614947600.0,KOSPI,-0.05
010140,삼성중공업,18900.0,3692865.0,5858075.0,69795148500.0,110717617500.0,KOSPI,-3.28
003550,LG,108400.0,266218.0,285605.0,28858031200.0,30959582000.0,KOSPI,-2.17
006800,미래에셋증권,29400.0,1581070.0,2239994.0,46483458000.0,65855823600.0,KOSPI,-3.61
024110,기업은행,19900.0,1206565.0,1637934.0,24010643500.0,32594886600.0,KOSPI,-1.0
018260,삼성에스디에스,196100.0,265849.0,374440.0,52132988900.0,73427684000.0,KOSPI,-5.27
272210,한화시스템,76700.0,1252210.0,1687544.0,96044507000.0,129434624800.0,KOSPI,-1.16
035720,카카오,32400.0,1712465.0,1712465.0,55483866000.0,55483866000.0,KOSPI,-1.97
267250,HD현대,180800.0,328093.0,368937.0,59319214400.0,66703809600.0,KOSPI,-4.59
278470,에이피알,369000.0,267711.0,380284.0,98785359000.0,140324796000.0,KOSPI,-2.64
086280,현대글로비스,183200.0,220030.0,260878.0,40309496000.0,47792849600.0,KOSPI,-2.55
079550,LIG디펜스앤에어로스페이스,619000.0,249493.0,310469.0,154436167000.0,192180311000.0,KOSPI,-6.07
011070,LG이노텍,572000.0,217666.0,376761.0,124504952000.0,215507292000.0,KOSPI,-3.21
030200,KT,51300.0,491151.0,578359.0,25196046300.0,29669816700.0,KOSPI,0.0
133690,TIGER 미국나스닥100,184090.0,5143754.0,5143754.0,946913673860.0,946913673860.0,KOSPI,-0.64
005830,DB손해보험,186100.0,214696.0,235556.0,39954925600.0,43836971600.0,KOSPI,-0.43
047810,한국항공우주,121600.0,386250.0,465846.0,46968000000.0,56646873600.0,KOSPI,-0.16
000720,현대건설,106300.0,1046277.0,1385099.0,111219245100.0,147236023700.0,KOSPI,-4.15
064350,현대로템,104800.0,650118.0,796056.0,68132366400.0,83426668800.0,KOSPI,-2.87
003490,대한항공,30500.0,2791673.0,2791673.0,85146026500.0,85146026500.0,KOSPI,-1.13
488770,KODEX 머니마켓액티브,105795.0,563727.0,563727.0,59639497965.0,59639497965.0,KOSPI,0.04
379800,KODEX 미국S&P500,23505.0,53814528.0,53814528.0,1264910480640.0,1264910480640.0,KOSPI,-0.63
379810,KODEX 미국나스닥100,27525.0,26511071.0,26511071.0,729717229275.0,729717229275.0,KOSPI,-0.67
396500,TIGER 반도체TOP10,38200.0,7988454.0,7988454.0,305158942800.0,305158942800.0,KOSPI,-1.74
047050,포스코인터내셔널,56800.0,537221.0,739691.0,30514152800.0,42014448800.0,KOSPI,-0.7
307950,현대오토에버,363000.0,74438.0,100250.0,27020994000.0,36390750000.0,KOSPI,-2.94
102110,TIGER 200,105915.0,11469745.0,11469745.0,1214818041675.0,1214818041675.0,KOSPI,-2.73
443060,HD현대마린솔루션,218000.0,108338.0,119564.0,23617684000.0,26064952000.0,KOSPI,-0.91
078930,GS,104800.0,436965.0,457396.0,45793932000.0,47935100800.0,KOSPI,-4.64
071050,한국금융지주,169000.0,229129.0,263117.0,38722801000.0,44466773000.0,KOSPI,-3.1
028050,삼성E&A,47900.0,1427224.0,1427224.0,68364029600.0,68364029600.0,KOSPI,-1.44
323410,카카오뱅크,19520.0,854530.0,1028430.0,16680425600.0,20074953600.0,KOSPI,-1.71
005940,NH투자증권,25050.0,1051092.0,1286377.0,26329854600.0,32223743850.0,KOSPI,-5.65
007660,이수페타시스,125000.0,1637833.0,2254724.0,204729125000.0,281840500000.0,KOSPI,2.46
000500,가온전선,299500.0,130739.0,315629.0,39156330500.0,94530885500.0,KOSPI,-2.28
003230,삼양식품,1165000.0,30668.0,41959.0,35728220000.0,48882235000.0,KOSPI,-4.27
180640,한진칼,129800.0,67504.0,81004.0,8762019200.0,10514319200.0,KOSPI,-3.06
259960,크래프톤,186600.0,176473.0,206361.0,32929861800.0,38506962600.0,KOSPI,-6.93
0126Z0,삼성에피스홀딩스,343000.0,46108.0,80129.0,15815044000.0,27484247000.0,KOSPI,-7.05
006260,LS,268500.0,198696.0,275861.0,53349876000.0,74068678500.0,KOSPI,-4.11
009830,한화솔루션,35700.0,2400744.0,2400744.0,85706560800.0,85706560800.0,KOSPI,-1.24
090430,아모레퍼시픽,133900.0,199873.0,239776.0,26762994700.0,32106006400.0,KOSPI,-3.32
353200,대덕전자,157600.0,1358366.0,1358366.0,214078481600.0,214078481600.0,KOSPI,4.16
016360,삼성증권,85900.0,384677.0,486206.0,33043754300.0,41765095400.0,KOSPI,-3.91
161390,한국타이어앤테크놀로지,61700.0,342879.0,386752.0,21155634300.0,23862598400.0,KOSPI,1.65
278530,KODEX 200TR,38290.0,748416.0,748416.0,28656848640.0,28656848640.0,KOSPI,-2.64
021240,코웨이,100300.0,159119.0,167910.0,15959635700.0,16841373000.0,KOSPI,-1.86
459580,KODEX CD금리액티브(합성),1074340.0,1086750.0,1086750.0,1167538995000.0,1167538995000.0,KOSPI,0.01
352820,하이브,164000.0,215767.0,310292.0,35385788000.0,50887888000.0,KOSPI,-1.8
047040,대우건설,16610.0,3711700.0,3711700.0,61651337000.0,61651337000.0,KOSPI,-4.21
062040,산일전기,222000.0,290318.0,493306.0,64450596000.0,109513932000.0,KOSPI,-4.1
064400,LG씨엔에스,67700.0,733473.0,733473.0,49656122100.0,49656122100.0,KOSPI,-2.03
039490,키움증권,242000.0,103098.0,116374.0,24949716000.0,28162508000.0,KOSPI,-2.02
091160,KODEX 반도체,146190.0,1337035.0,1337035.0,195461146650.0,195461146650.0,KOSPI,1.02
128940,한미약품,482000.0,274223.0,499920.0,132175486000.0,240961440000.0,KOSPI,-9.74
381180,TIGER 미국필라델피아반도체나스닥,45145.0,1376475.0,1376475.0,62140963875.0,62140963875.0,KOSPI,-1.89
032640,LG유플러스,14430.0,665940.0,751580.0,9609514200.0,10845299400.0,KOSPI,-0.48
000990,DB하이텍,136500.0,760342.0,1128839.0,103786683000.0,154086523500.0,KOSPI,1.56
000880,한화,110400.0,138582.0,171191.0,15299452800.0,18899486400.0,KOSPI,-6.44
005387,현대차2우B,170500.0,113671.0,113671.0,19380905500.0,19380905500.0,KOSPI,-2.01
498400,KODEX 200타겟위클리커버드콜,19805.0,10080760.0,10080760.0,199649451800.0,199649451800.0,KOSPI,-2.37
0167A0,SOL AI반도체TOP2플러스,18675.0,10807601.0,10807601.0,201831948675.0,201831948675.0,KOSPI,-1.48
326030,SK바이오팜,72700.0,155627.0,245762.0,11314082900.0,17866897400.0,KOSPI,-4.34
001440,대한전선,28350.0,2900455.0,2900455.0,82227899250.0,82227899250.0,KOSPI,-4.87
000100,유한양행,73300.0,233732.0,295245.0,17132555600.0,21641458500.0,KOSPI,-2.27
011790,SKC,107500.0,279216.0,427000.0,30015720000.0,45902500000.0,KOSPI,-0.65
175330,JB금융지주,27850.0,597565.0,625767.0,16642185250.0,17427610950.0,KOSPI,-1.42
377300,카카오페이,38100.0,289276.0,420837.0,11021415600.0,16033889700.0,KOSPI,-3.79
241560,두산밥캣,53700.0,179827.0,205088.0,9656709900.0,11013225600.0,KOSPI,-2.36
122630,KODEX 레버리지,101400.0,15532590.0,15532590.0,1575004626000.0,1575004626000.0,KOSPI,-5.44
229200,KODEX 코스닥150,15165.0,29561223.0,29561223.0,448295946795.0,448295946795.0,KOSPI,-1.17
267270,HD건설기계,107100.0,536100.0,736146.0,57416310000.0,78841236600.0,KOSPI,-7.11
036570,NC,223000.0,204537.0,262569.0,45611751000.0,58552887000.0,KOSPI,-6.11
029780,삼성카드,41350.0,70238.0,85465.0,2904341300.0,3533977750.0,KOSPI,-0.96
066970,엘앤에프,115600.0,416508.0,770734.0,48148324800.0,89096850400.0,KOSPI,-1.7
138930,BNK금융지주,15270.0,934194.0,1024497.0,14265142380.0,15644069190.0,KOSPI,-1.36
088980,맥쿼리인프라,9760.0,514740.0,514740.0,5023862400.0,5023862400.0,KOSPI,-0.41
052690,한전기술,120600.0,583486.0,975374.0,70368411600.0,117630104400.0,KOSPI,-5.63
088350,한화생명,5180.0,2379529.0,2379529.0,12325960220.0,12325960220.0,KOSPI,-2.45
454910,두산로보틱스,69300.0,375549.0,375549.0,26025545700.0,26025545700.0,KOSPI,-2.67
310970,TIGER MSCI Korea TR,47505.0,6567.0,6567.0,311965335.0,311965335.0,KOSPI,-2.43
010060,OCI홀딩스,234000.0,177488.0,288859.0,41532192000.0,67593006000.0,KOSPI,-2.5
148020,RISE 200,106515.0,1461856.0,1461856.0,155709591840.0,155709591840.0,KOSPI,-2.68
458730,TIGER 미국배당다우존스,13840.0,1997455.0,1997455.0,27644777200.0,27644777200.0,KOSPI,-0.97
018880,한온시스템,4020.0,13925944.0,13925944.0,55982294880.0,55982294880.0,KOSPI,4.28
271560,오리온,104100.0,79962.0,87952.0,8324044200.0,9155803200.0,KOSPI,-1.89
0162Z0,RISE 삼성전자SK하이닉스채권혼합50,13560.0,3808966.0,3808966.0,51649578960.0,51649578960.0,KOSPI,-0.73
034220,LG디스플레이,8160.0,3104575.0,3104575.0,25333332000.0,25333332000.0,KOSPI,-1.09
395160,KODEX AI반도체TOP2플러스,41000.0,2901897.0,2901897.0,118977777000.0,118977777000.0,KOSPI,-2.96
001450,현대해상,46900.0,260752.0,286982.0,12229268800.0,13459455800.0,KOSPI,-2.49
051900,LG생활건강,266000.0,60249.0,70495.0,16026234000.0,18751670000.0,KOSPI,-1.85
360200,ACE 미국S&P500,26150.0,1124397.0,1124397.0,29402981550.0,29402981550.0,KOSPI,-0.55
381170,TIGER 미국테크TOP10 INDXX,31815.0,425000.0,425000.0,13521375000.0,13521375000.0,KOSPI,-0.34
002380,KCC,457000.0,20568.0,22843.0,9399576000.0,10439251000.0,KOSPI,-2.25
103590,일진전기,82000.0,698389.0,1314841.0,57267898000.0,107816962000.0,KOSPI,-6.82
357870,TIGER CD금리투자KIS(합성),58190.0,236582.0,236582.0,13766706580.0,13766706580.0,KOSPI,0.0
005385,현대차우,170200.0,76667.0,76667.0,13048723400.0,13048723400.0,KOSPI,-1.85
001040,CJ,129700.0,83886.0,96229.0,10880014200.0,12480901300.0,KOSPI,-1.67
004020,현대제철,28050.0,515688.0,680367.0,14465048400.0,19084294350.0,KOSPI,-1.41
411060,ACE KRX금현물,24770.0,669286.0,669286.0,16578214220.0,16578214220.0,KOSPI,-0.44
423160,KODEX KOFR금리액티브(합성),110770.0,175197.0,175197.0,19406571690.0,19406571690.0,KOSPI,0.04
233740,KODEX 코스닥150레버리지,8000.0,65257191.0,65257191.0,522057528000.0,522057528000.0,KOSPI,-2.2
367380,ACE 미국나스닥100,31640.0,510730.0,510730.0,16159497200.0,16159497200.0,KOSPI,-0.64
395270,HANARO Fn K-반도체,58500.0,1059574.0,1059574.0,61985079000.0,61985079000.0,KOSPI,-2.87
273130,KODEX 종합채권(AA-이상)액티브,110545.0,12218.0,12218.0,1350638810.0,1350638810.0,KOSPI,0.09
008930,한미사이언스,52000.0,1181941.0,2886901.0,61460932000.0,150118852000.0,KOSPI,-10.5
192820,코스맥스,303500.0,150922.0,180062.0,45804827000.0,54648817000.0,KOSPI,-1.62
082740,한화엔진,41150.0,1568867.0,2339172.0,64558877050.0,96256927800.0,KOSPI,-9.16
036460,한국가스공사,35700.0,154569.0,182138.0,5518113300.0,6502326600.0,KOSPI,-1.92
102780,KODEX 삼성그룹,25885.0,249558.0,249558.0,6459808830.0,6459808830.0,KOSPI,-2.6
0043B0,TIGER 머니마켓액티브,103930.0,161011.0,161011.0,16733873230.0,16733873230.0,KOSPI,0.01
028670,팬오션,6090.0,1841021.0,1841021.0,11211817890.0,11211817890.0,KOSPI,-1.93
161890,한국콜마,137500.0,409373.0,562530.0,56288787500.0,77347875000.0,KOSPI,-5.56
012750,에스원,83900.0,60770.0,64753.0,5098603000.0,5432776700.0,KOSPI,0.12
022100,포스코DX,20800.0,249834.0,345768.0,5196547200.0,7191974400.0,KOSPI,-1.19
111770,영원무역,70800.0,85846.0,93087.0,6077896800.0,6590559600.0,KOSPI,0.0
455890,RISE 머니마켓액티브,55670.0,176287.0,176287.0,9813897290.0,9813897290.0,KOSPI,0.01
035250,강원랜드,14220.0,316357.0,408272.0,4498596540.0,5805627840.0,KOSPI,-0.77
487240,KODEX AI전력핵심설비,34025.0,3540182.0,3540182.0,120454692550.0,120454692550.0,KOSPI,-4.22
031210,서울보증보험,42250.0,43614.0,58363.0,1842691500.0,2465836750.0,KOSPI,-1.29
020150,롯데에너지머티리얼즈,55500.0,615265.0,957411.0,34147207500.0,53136310500.0,KOSPI,3.35
302440,SK바이오사이언스,36850.0,87838.0,121939.0,3236830300.0,4493452150.0,KOSPI,-3.03
011780,금호석유화학,114700.0,44572.0,49981.0,5112408400.0,5732820700.0,KOSPI,-1.04
004170,신세계,305500.0,65272.0,79833.0,19940596000.0,24388981500.0,KOSPI,-4.38
014680,한솔케미칼,266500.0,54344.0,60108.0,14482676000.0,16018782000.0,KOSPI,-0.93
336260,두산퓨얼셀,43750.0,397205.0,664800.0,17377718750.0,29085000000.0,KOSPI,-3.31
007340,DN오토모티브,48450.0,107051.0,132003.0,5186620950.0,6395545350.0,KOSPI,-1.22
251270,넷마블,33700.0,166708.0,195505.0,5618059600.0,6588518500.0,KOSPI,-2.46
383220,F&F,72900.0,62187.0,72572.0,4533432300.0,5290498800.0,KOSPI,-1.62
139130,iM금융지주,17600.0,419036.0,455379.0,7375033600.0,8014670400.0,KOSPI,-2.22
023530,롯데쇼핑,97400.0,67836.0,77147.0,6607226400.0,7514117800.0,KOSPI,-1.62
085620,미래에셋생명,20350.0,264644.0,264644.0,5385505400.0,5385505400.0,KOSPI,-10.15
097950,CJ제일제당,182600.0,69982.0,90357.0,12778713200.0,16499188200.0,KOSPI,0.05
017800,현대엘리베이터,70200.0,140631.0,183652.0,9872296200.0,12892370400.0,KOSPI,-2.5
006360,GS건설,31800.0,823670.0,823670.0,26192706000.0,26192706000.0,KOSPI,-3.2
450080,에코프로머티,37700.0,455384.0,455384.0,17167976800.0,17167976800.0,KOSPI,-1.44
472150,TIGER 배당커버드콜액티브,19510.0,4869267.0,4869267.0,94999399170.0,94999399170.0,KOSPI,-2.21
481050,KODEX CD1년금리플러스액티브(합성),1022565.0,33053.0,33053.0,33798840945.0,33798840945.0,KOSPI,0.01
426030,TIME 미국나스닥100액티브,47840.0,673234.0,673234.0,32207514560.0,32207514560.0,KOSPI,-1.57
139260,TIGER 200 IT,139115.0,451348.0,451348.0,62789277020.0,62789277020.0,KOSPI,-3.19
375500,DL이앤씨,68000.0,457273.0,457273.0,31094564000.0,31094564000.0,KOSPI,-5.69
026960,동서,26300.0,42842.0,52120.0,1126744600.0,1370756000.0,KOSPI,-0.57
486290,TIGER 미국나스닥100타겟데일리커버드콜,10540.0,1199802.0,1199802.0,12645913080.0,12645913080.0,KOSPI,-0.57
003690,코리안리,14540.0,241198.0,266167.0,3507018920.0,3870068180.0,KOSPI,-0.68
011170,롯데케미칼,59100.0,104031.0,147574.0,6148232100.0,8721623400.0,KOSPI,-2.64
018670,SK가스,269500.0,17624.0,23528.0,4749668000.0,6340796000.0,KOSPI,-0.37
000240,한국앤컴퍼니,26200.0,127037.0,154055.0,3328369400.0,4036241000.0,KOSPI,2.54
004800,효성,148400.0,10830.0,14047.0,1607172000.0,2084574800.0,KOSPI,-2.37
489790,한화비전,48750.0,119988.0,215798.0,5849415000.0,10520152500.0,KOSPI,-1.32
281820,케이씨텍,123200.0,313060.0,539537.0,38568992000.0,66470958400.0,KOSPI,0.16
457190,이수스페셜티케미컬,80500.0,216313.0,418661.0,17413196500.0,33702210500.0,KOSPI,1.39
004370,농심,394500.0,17322.0,20766.0,6833529000.0,8192187000.0,KOSPI,-1.37
449170,TIGER KOFR금리액티브(합성),112110.0,87734.0,87734.0,9835858740.0,9835858740.0,KOSPI,0.02
005440,현대지에프홀딩스,12850.0,762684.0,922191.0,9800489400.0,11850154350.0,KOSPI,4.64
112610,씨에스윈드,55400.0,320301.0,320301.0,17744675400.0,17744675400.0,KOSPI,-3.15
278540,KODEX MSCI Korea TR,37890.0,27054.0,27054.0,1025076060.0,1025076060.0,KOSPI,-2.6
005850,에스엘,50000.0,66602.0,80999.0,3330100000.0,4049950000.0,KOSPI,-1.77
161510,PLUS 고배당주,23900.0,629877.0,629877.0,15054060300.0,15054060300.0,KOSPI,-1.67
004990,롯데지주,23050.0,110450.0,147806.0,2545872500.0,3406928300.0,KOSPI,-1.07
009420,한올바이오파마,43700.0,203874.0,288007.0,8909293800.0,12585905900.0,KOSPI,-4.59
001720,신영증권,136300.0,7203.0,11932.0,981768900.0,1626331600.0,KOSPI,-2.36
229640,LS에코에너지,72900.0,425862.0,792177.0,31045339800.0,57749703300.0,KOSPI,5.65
009970,영원무역홀딩스,169700.0,12554.0,13885.0,2130413800.0,2356284500.0,KOSPI,-0.7
385540,RISE 종합채권(A-이상)액티브,103625.0,1385.0,1385.0,143520625.0,143520625.0,KOSPI,0.07
282330,BGF리테일,125600.0,52170.0,54033.0,6552552000.0,6786544800.0,KOSPI,-3.38
483650,달바글로벌,173000.0,123043.0,179619.0,21286439000.0,31074087000.0,KOSPI,-5.36
030000,제일기획,18820.0,435556.0,491412.0,8197163920.0,9248373840.0,KOSPI,-0.74
279570,케이뱅크,5270.0,739546.0,739546.0,3897407420.0,3897407420.0,KOSPI,-2.77
007810,코리아써키트,87100.0,414375.0,998168.0,36092062500.0,86940432800.0,KOSPI,-1.47
204320,HL만도,44350.0,351292.0,351292.0,15579800200.0,15579800200.0,KOSPI,-2.74
456600,TIME 글로벌AI인공지능액티브,57705.0,144343.0,144343.0,8329312815.0,8329312815.0,KOSPI,-1.78
305720,KODEX 2차전지산업,15905.0,7755311.0,7755311.0,123348221455.0,123348221455.0,KOSPI,1.18
081660,미스토홀딩스,38250.0,131306.0,141411.0,5022454500.0,5408970750.0,KOSPI,-2.42
051600,한전KPS,43750.0,114431.0,155067.0,5006356250.0,6784181250.0,KOSPI,-1.46
002790,아모레퍼시픽홀딩스,25550.0,76877.0,94276.0,1964207350.0,2408751800.0,KOSPI,-3.58
0193T0,KODEX SK하이닉스단일종목레버리지,9675.0,16058386.0,16058386.0,155364884550.0,155364884550.0,KOSPI,-4.49
139480,이마트,70400.0,118544.0,150716.0,8345497600.0,10610406400.0,KOSPI,-1.26
214980,KODEX 단기채권PLUS,114645.0,27056.0,27056.0,3101835120.0,3101835120.0,KOSPI,0.03
284430,KODEX 200미국채혼합50,20030.0,359059.0,359059.0,7191951770.0,7191951770.0,KOSPI,-1.23
073240,금호타이어,6640.0,1213954.0,1725099.0,8060654560.0,11454657360.0,KOSPI,-0.3
292150,TIGER 코리아TOP10,36845.0,1406629.0,1406629.0,51827245505.0,51827245505.0,KOSPI,-2.58
089860,롯데렌탈,51200.0,50698.0,69079.0,2595737600.0,3536844800.0,KOSPI,-0.19
103140,풍산,65900.0,207395.0,282642.0,13667330500.0,18626107800.0,KOSPI,-3.09
069960,현대백화점,85500.0,60979.0,74762.0,5213704500.0,6392151000.0,KOSPI,-1.5
181710,NHN,55800.0,70336.0,92109.0,3924748800.0,5139682200.0,KOSPI,-1.93
007070,GS리테일,21550.0,94447.0,115673.0,2035332850.0,2492753150.0,KOSPI,-4.01
462870,시프트업,30550.0,41754.0,54253.0,1275584700.0,1657429150.0,KOSPI,-2.55
442580,PLUS 글로벌HBM반도체,103830.0,887096.0,887096.0,92107177680.0,92107177680.0,KOSPI,-0.68
000155,두산우,434000.0,7953.0,7953.0,3451602000.0,3451602000.0,KOSPI,-5.65
294400,KIWOOM 200TR,138795.0,80658.0,80658.0,11194927110.0,11194927110.0,KOSPI,-2.6
439260,대한조선,44800.0,61379.0,91952.0,2749779200.0,4119449600.0,KOSPI,-3.86
441640,KODEX 미국배당커버드콜액티브,12095.0,676984.0,676984.0,8188121480.0,8188121480.0,KOSPI,-0.7
020560,아시아나항공,8200.0,178426.0,194581.0,1463093200.0,1595564200.0,KOSPI,-0.49
001120,LX인터내셔널,43250.0,97480.0,109356.0,4216010000.0,4729647000.0,KOSPI,-1.59
001430,세아베스틸지주,46600.0,204656.0,269670.0,9536969600.0,12566622000.0,KOSPI,5.55
120110,코오롱인더,55700.0,210319.0,285393.0,11714768300.0,15896390100.0,KOSPI,-0.54
322000,HD현대에너지솔루션,146500.0,197036.0,197036.0,28865774000.0,28865774000.0,KOSPI,0.69
368590,RISE 미국나스닥100,30650.0,573833.0,573833.0,17587981450.0,17587981450.0,KOSPI,-0.68
001820,삼화콘덴서,157600.0,402256.0,402256.0,63395545600.0,63395545600.0,KOSPI,-1.31
093370,후성,15030.0,2273405.0,2273405.0,34169277150.0,34169277150.0,KOSPI,-1.57
446770,ACE 글로벌반도체TOP4 Plus,80225.0,57443.0,57443.0,4608364675.0,4608364675.0,KOSPI,-1.97
000120,CJ대한통운,69800.0,46170.0,62838.0,3222666000.0,4386092400.0,KOSPI,-0.71
395400,SK리츠,5280.0,166056.0,166056.0,876775680.0,876775680.0,KOSPI,-0.75
105190,ACE 200,105965.0,403816.0,403816.0,42790362440.0,42790362440.0,KOSPI,-2.6
023590,다우기술,36500.0,43964.0,59445.0,1604686000.0,2169742500.0,KOSPI,-3.18
329200,TIGER 리츠부동산인프라,4035.0,2480148.0,2480148.0,10007397180.0,10007397180.0,KOSPI,-0.25
475150,SK이터닉스,46200.0,1080862.0,1080862.0,49935824400.0,49935824400.0,KOSPI,-5.91
477080,RISE CD금리액티브(합성),107830.0,2925.0,2925.0,315402750.0,315402750.0,KOSPI,0.01
005070,코스모신소재,46750.0,142400.0,270660.0,6657200000.0,12653355000.0,KOSPI,0.75
006040,동원산업,35050.0,32773.0,36982.0,1148693650.0,1296219100.0,KOSPI,-0.28
0177N0,KODEX 삼성전자SK하이닉스채권혼합50,14250.0,2761264.0,2761264.0,39348012000.0,39348012000.0,KOSPI,-0.87
008770,호텔신라,38800.0,151640.0,203334.0,5883632000.0,7889359200.0,KOSPI,-1.52
091230,TIGER 반도체,154900.0,173830.0,173830.0,26926267000.0,26926267000.0,KOSPI,0.75
361610,SK아이이테크놀로지,18420.0,491000.0,678842.0,9044220000.0,12504269640.0,KOSPI,0.77
487230,KODEX 미국AI전력핵심인프라,19960.0,623771.0,623771.0,12450469160.0,12450469160.0,KOSPI,-3.22
009155,삼성전기우,515000.0,6431.0,6431.0,3311965000.0,3311965000.0,KOSPI,-2.46
006280,녹십자,128000.0,30053.0,46286.0,3846784000.0,5924608000.0,KOSPI,-1.92
379780,RISE 미국S&P500,22560.0,392676.0,392676.0,8858770560.0,8858770560.0,KOSPI,-0.59
232080,TIGER 코스닥150,15465.0,14916182.0,14916182.0,230678754630.0,230678754630.0,KOSPI,-0.99
071970,HD현대마린엔진,42800.0,267121.0,433687.0,11432778800.0,18561803600.0,KOSPI,-4.89
294870,IPARK현대산업개발,21850.0,74835.0,84929.0,1635144750.0,1855698650.0,KOSPI,-1.35
012630,HDC,24050.0,59860.0,100790.0,1439633000.0,2423999500.0,KOSPI,6.42
152100,PLUS 200,107280.0,433519.0,433519.0,46507918320.0,46507918320.0,KOSPI,-2.61
0193W0,KODEX 삼성전자단일종목레버리지,12145.0,5731812.0,5731812.0,69612856740.0,69612856740.0,KOSPI,-4.48
455850,SOL AI반도체소부장,31200.0,5722249.0,5722249.0,178534168800.0,178534168800.0,KOSPI,2.94
453850,ACE 미국30년국채액티브(H),6690.0,817699.0,817699.0,5470406310.0,5470406310.0,KOSPI,-0.22
011210,현대위아,51000.0,60179.0,82551.0,3069129000.0,4210101000.0,KOSPI,-1.92
226490,KODEX 코스피,68740.0,387133.0,387133.0,26611522420.0,26611522420.0,KOSPI,-2.1
390390,KODEX 미국반도체,56505.0,816541.0,816541.0,46138649205.0,46138649205.0,KOSPI,-1.93
001800,오리온홀딩스,22550.0,65250.0,76876.0,1471387500.0,1733553800.0,KOSPI,-1.1
475630,TIGER CD1년금리액티브(합성),1079860.0,38266.0,38266.0,41321922760.0,41321922760.0,KOSPI,0.01
0195S0,TIGER SK하이닉스단일종목레버리지,8245.0,8086896.0,8086896.0,66676457520.0,66676457520.0,KOSPI,-4.29
448330,KODEX 삼성전자채권혼합,17545.0,653252.0,653252.0,11461306340.0,11461306340.0,KOSPI,-0.68
097230,HJ중공업,14250.0,229526.0,229526.0,3270745500.0,3270745500.0,KOSPI,-4.17
157450,TIGER 단기통안채,112885.0,58178.0,58178.0,6567423530.0,6567423530.0,KOSPI,0.01
469150,ACE AI반도체TOP3+,64000.0,344277.0,344277.0,22033728000.0,22033728000.0,KOSPI,-0.65
436140,SOL 종합채권(AA-이상)액티브,106895.0,431.0,431.0,46071745.0,46071745.0,KOSPI,0.07
466920,SOL 조선TOP3플러스,24000.0,1120963.0,1120963.0,26903112000.0,26903112000.0,KOSPI,-3.48
494310,KODEX 반도체레버리지,100125.0,3268221.0,3268221.0,327230627625.0,327230627625.0,KOSPI,1.75
069620,대웅제약,108600.0,26034.0,29420.0,2827292400.0,3195012000.0,KOSPI,-1.63
465580,ACE 미국빅테크TOP7 Plus,24905.0,412958.0,412958.0,10284718990.0,10284718990.0,KOSPI,-0.32
007310,오뚜기,311500.0,3046.0,3635.0,948829000.0,1132302500.0,KOSPI,-1.11
00680K,미래에셋증권2우B,9800.0,178625.0,178625.0,1750525000.0,1750525000.0,KOSPI,-1.8
487340,ACE 머니마켓액티브,106270.0,17323.0,17323.0,1840915210.0,1840915210.0,KOSPI,0.0
438080,ACE 미국S&P500미국채혼합50액티브,13710.0,243390.0,243390.0,3336876900.0,3336876900.0,KOSPI,-0.44
066575,LG전자우,71900.0,52798.0,52798.0,3796176200.0,3796176200.0,KOSPI,-2.44
001740,SK네트웍스,6120.0,821765.0,821765.0,5029201800.0,5029201800.0,KOSPI,-3.92
415640,KB발해인프라,9970.0,66057.0,66057.0,658588290.0,658588290.0,KOSPI,-0.7
006120,SK디스커버리,70100.0,34616.0,51926.0,2426581600.0,3640012600.0,KOSPI,-2.5
192080,더블유게임즈,57000.0,60395.0,63605.0,3442515000.0,3625485000.0,KOSPI,-0.52
298020,효성티앤씨,277000.0,15113.0,18260.0,4186301000.0,5058020000.0,KOSPI,-2.12
330590,롯데리츠,4135.0,90639.0,90639.0,374792265.0,374792265.0,KOSPI,-0.48
153130,KODEX 단기채권,113345.0,19044.0,19044.0,2158542180.0,2158542180.0,KOSPI,0.01
300720,한일시멘트,16150.0,63989.0,75806.0,1033422350.0,1224266900.0,KOSPI,-0.19
356540,ACE 종합채권(AA-이상)액티브,101855.0,882.0,882.0,89836110.0,89836110.0,KOSPI,0.08
003160,디아이,41850.0,936687.0,1769340.0,39200350950.0,74046879000.0,KOSPI,0.72
530031,삼성 레버리지 WTI원유 선물 ETN,2930.0,488963.0,488963.0,1432661590.0,1432661590.0,KOSPI,0.51
000815,삼성화재우,390500.0,9102.0,9102.0,3554331000.0,3554331000.0,KOSPI,-0.89
003540,대신증권,24300.0,80688.0,103808.0,1960718400.0,2522534400.0,KOSPI,-2.8
006110,삼아알미늄,75800.0,585613.0,948356.0,44389465400.0,71885384800.0,KOSPI,14.85
497570,TIGER 미국필라델피아AI반도체나스닥,22900.0,242344.0,242344.0,5549677600.0,5549677600.0,KOSPI,-1.95
0183J0,TIGER 미국우주테크,7530.0,888445.0,888445.0,6689990850.0,6689990850.0,KOSPI,-3.28
280360,롯데웰푸드,121400.0,21901.0,24783.0,2658781400.0,3008656200.0,KOSPI,-1.06
195870,해성디에스,65600.0,139824.0,228223.0,9172454400.0,14971428800.0,KOSPI,1.39
0072R0,TIGER KRX금현물,11845.0,682730.0,682730.0,8086936850.0,8086936850.0,KOSPI,-0.46
0139F0,TIGER 12월자동연장금융채(AA-이상)액티브,102460.0,94.0,94.0,9631240.0,9631240.0,KOSPI,0.01
030610,교보증권,9630.0,22366.0,36199.0,215384580.0,348596370.0,KOSPI,-1.73
004000,롯데정밀화학,42050.0,52745.0,65983.0,2217927250.0,2774585150.0,KOSPI,-1.52
469830,SOL 초단기채권액티브,54580.0,163771.0,163771.0,8938621180.0,8938621180.0,KOSPI,0.01
445290,KODEX 로봇액티브,30200.0,186409.0,186409.0,5629551800.0,5629551800.0,KOSPI,-2.33
494300,KODEX 미국나스닥100데일리커버드콜OTM,8905.0,792394.0,792394.0,7056268570.0,7056268570.0,KOSPI,-0.67
449180,KODEX 미국S&P500(H),17385.0,296590.0,296590.0,5156217150.0,5156217150.0,KOSPI,-0.49
451540,TIGER 종합채권(AA-이상)액티브,53180.0,1778.0,1778.0,94554040.0,94554040.0,KOSPI,0.08
000080,하이트진로,14750.0,67458.0,81956.0,995005500.0,1208851000.0,KOSPI,-0.74
003240,태광산업,914000.0,1048.0,1233.0,957872000.0,1126962000.0,KOSPI,-1.08
000210,DL,48200.0,39924.0,49803.0,1924336800.0,2400504600.0,KOSPI,-2.13
479520,RISE KOFR금리액티브(합성),106720.0,10795.0,10795.0,1152042400.0,1152042400.0,KOSPI,0.01
305540,TIGER 2차전지테마,20235.0,1179754.0,1179754.0,23872322190.0,23872322190.0,KOSPI,1.84
017960,한국카본,19260.0,239708.0,404992.0,4616776080.0,7800145920.0,KOSPI,-4.89
760009,키움 CD금리투자 ETN,107695.0,33379.0,33379.0,3594751405.0,3594751405.0,KOSPI,0.02
006340,대원전선,12590.0,1174322.0,1174322.0,14784713980.0,14784713980.0,KOSPI,-2.78
295040,SOL 200TR,39610.0,179771.0,179771.0,7120729310.0,7120729310.0,KOSPI,-2.69
446720,SOL 미국배당다우존스,12680.0,459825.0,459825.0,5830581000.0,5830581000.0,KOSPI,-1.01
451800,한화리츠,5450.0,64011.0,64011.0,348859950.0,348859950.0,KOSPI,2.06
494890,KODEX 200액티브,30455.0,773796.0,773796.0,23565957180.0,23565957180.0,KOSPI,-2.58
192400,쿠쿠홀딩스,27350.0,27063.0,31725.0,740173050.0,867678750.0,KOSPI,0.18
030190,NICE평가정보,16630.0,30497.0,33863.0,507165110.0,563141690.0,KOSPI,-1.31
003570,SNT다이내믹스,29050.0,115963.0,160200.0,3368725150.0,4653810000.0,KOSPI,-4.91
051915,LG화학우,124700.0,43717.0,43717.0,5451509900.0,5451509900.0,KOSPI,1.88
009240,한샘,40500.0,37993.0,42641.0,1538716500.0,1726960500.0,KOSPI,0.0
438100,ACE 미국나스닥100미국채혼합50액티브,15130.0,191702.0,191702.0,2900451260.0,2900451260.0,KOSPI,-0.46
0117V0,TIGER 코리아AI전력기기TOP3플러스,17855.0,1640853.0,1640853.0,29297430315.0,29297430315.0,KOSPI,-3.72
003530,한화투자증권,4365.0,645176.0,645176.0,2816193240.0,2816193240.0,KOSPI,-1.91
0048J0,KODEX 미국머니마켓액티브,13335.0,671175.0,671175.0,8950118625.0,8950118625.0,KOSPI,-0.22
0219E0,KODEX 200커버드콜액티브,8090.0,8021716.0,8021716.0,64895682440.0,64895682440.0,KOSPI,-1.82
402970,ACE 미국배당다우존스,14105.0,222363.0,222363.0,3136430115.0,3136430115.0,KOSPI,-0.88
034230,파라다이스,9800.0,454569.0,612576.0,4454776200.0,6003244800.0,KOSPI,-0.1
315930,KODEX Top5PlusTR,75615.0,10873.0,10873.0,822161895.0,822161895.0,KOSPI,-2.45
237350,KODEX 코스피100,84550.0,153777.0,153777.0,13001845350.0,13001845350.0,KOSPI,-2.38
495050,RISE 코리아밸류업,30775.0,116661.0,116661.0,3590242275.0,3590242275.0,KOSPI,-3.06
185750,종근당,65400.0,17114.0,21223.0,1119255600.0,1387984200.0,KOSPI,-1.21
003090,대웅,15420.0,62741.0,73903.0,967466220.0,1139584260.0,KOSPI,-1.78
462330,KODEX 2차전지산업레버리지,1179.0,120016863.0,120016863.0,141499881477.0,141499881477.0,KOSPI,2.52
071320,지역난방공사,77100.0,14588.0,23508.0,1124734800.0,1812466800.0,KOSPI,-2.41
0195R0,TIGER 삼성전자단일종목레버리지,11030.0,3282769.0,3282769.0,36208942070.0,36208942070.0,KOSPI,-4.83
009450,경동나비엔,60900.0,13029.0,23541.0,793466100.0,1433646900.0,KOSPI,-1.3
285130,SK케미칼,51200.0,61943.0,71239.0,3171481600.0,3647436800.0,KOSPI,-0.39
032350,롯데관광개발,11070.0,261912.0,332808.0,2899365840.0,3684184560.0,KOSPI,-1.86
005300,롯데칠성,94800.0,12239.0,13937.0,1160257200.0,1321227600.0,KOSPI,-0.52
449450,PLUS K방산,45975.0,320053.0,320053.0,14714436675.0,14714436675.0,KOSPI,-4.04
004490,세방전지,63100.0,81925.0,108682.0,5169467500.0,6857834200.0,KOSPI,0.64
479080,1Q 머니마켓액티브,53960.0,23659.0,23659.0,1276639640.0,1276639640.0,KOSPI,0.0
0117L0,KODEX 26-12 금융채(AA-이상)액티브,10190.0,9224.0,9224.0,93992560.0,93992560.0,KOSPI,0.05
498410,KODEX 금융고배당TOP10타겟위클리커버드콜,11075.0,1708614.0,1708614.0,18922900050.0,18922900050.0,KOSPI,-2.34
475720,RISE 200위클리커버드콜,12290.0,968480.0,968480.0,11902619200.0,11902619200.0,KOSPI,-1.99
000370,한화손해보험,7250.0,239826.0,239826.0,1738738500.0,1738738500.0,KOSPI,-1.23
490590,RISE 미국AI밸류체인데일리고정커버드콜,14550.0,653592.0,653592.0,9509763600.0,9509763600.0,KOSPI,-0.92
069660,KIWOOM 200,105490.0,251499.0,251499.0,26530629510.0,26530629510.0,KOSPI,-2.74
079160,CJ CGV,5060.0,126215.0,126215.0,638647900.0,638647900.0,KOSPI,0.6
077970,STX엔진,20800.0,202524.0,344635.0,4212499200.0,7168408000.0,KOSPI,-5.88
0177R0,TIGER 반도체TOP10커버드콜액티브,11625.0,1616064.0,1616064.0,18786744000.0,18786744000.0,KOSPI,-1.86
700028,하나 레버리지 반도체 ETN,235025.0,6497.0,6497.0,1526957425.0,1526957425.0,KOSPI,1.96
252670,KODEX 200선물인버스2X,77.0,5514434366.0,5514434366.0,424611446182.0,424611446182.0,KOSPI,5.48
248070,솔루엠,17100.0,251243.0,391475.0,4296255300.0,6694222500.0,KOSPI,-2.73
003470,유안타증권,4225.0,196902.0,196902.0,831910950.0,831910950.0,KOSPI,-0.71
071055,한국금융지주우,137300.0,15416.0,15416.0,2116616800.0,2116616800.0,KOSPI,-1.93
466940,TIGER 은행고배당플러스TOP10,25040.0,764284.0,764284.0,19137671360.0,19137671360.0,KOSPI,-2.47
272580,TIGER 단기채권액티브,57275.0,25910.0,25910.0,1483995250.0,1483995250.0,KOSPI,0.02
137310,에스디바이오센서,6480.0,177932.0,275665.0,1152999360.0,1786309200.0,KOSPI,-5.4
0025N0,TIGER TDF2045 적격,11795.0,163783.0,163783.0,1931820485.0,1931820485.0,KOSPI,-0.51
005180,빙그레,87200.0,16826.0,26926.0,1467227200.0,2347947200.0,KOSPI,-1.58
418660,TIGER 미국나스닥100레버리지(합성),41565.0,143715.0,143715.0,5973513975.0,5973513975.0,KOSPI,-1.22
005690,파미셀,12750.0,630462.0,630462.0,8038390500.0,8038390500.0,KOSPI,-2.07
365550,ESR켄달스퀘어리츠,3105.0,123143.0,123143.0,382359015.0,382359015.0,KOSPI,-0.8
114800,KODEX 인버스,1035.0,695831481.0,695831481.0,720185582835.0,720185582835.0,KOSPI,2.68
441800,TIME Korea플러스배당액티브,27500.0,199585.0,199585.0,5488587500.0,5488587500.0,KOSPI,-2.2
100090,SK오션플랜트,12030.0,375060.0,375060.0,4511971800.0,4511971800.0,KOSPI,-2.98
364980,TIGER 2차전지TOP10,10945.0,7417708.0,7417708.0,81186814060.0,81186814060.0,KOSPI,2.34
456610,TIGER 미국달러SOFR금리액티브(합성),58325.0,14265.0,14265.0,832006125.0,832006125.0,KOSPI,-0.22
495850,KODEX 코리아밸류업,30535.0,71938.0,71938.0,2196626830.0,2196626830.0,KOSPI,-2.94
457480,ACE 테슬라밸류체인액티브,18060.0,242568.0,242568.0,4380778080.0,4380778080.0,KOSPI,-1.1
000670,영풍,40500.0,47075.0,62054.0,1906537500.0,2513187000.0,KOSPI,0.87
036530,SNT홀딩스,45500.0,19948.0,32710.0,907634000.0,1488305000.0,KOSPI,1.9
499790,GS피앤엘,37200.0,31706.0,39036.0,1179463200.0,1452139200.0,KOSPI,-1.85
003850,보령,8570.0,56355.0,104640.0,482962350.0,896764800.0,KOSPI,-2.28
476550,TIGER 미국30년국채커버드콜액티브(H),6300.0,1026762.0,1026762.0,6468600600.0,6468600600.0,KOSPI,-0.4
329750,TIGER 미국달러단기채권액티브,12675.0,111982.0,111982.0,1419371850.0,1419371850.0,KOSPI,-0.2
090460,비에이치,21650.0,506153.0,1059665.0,10958212450.0,22941747250.0,KOSPI,-2.48
298050,HS효성첨단소재,162100.0,9348.0,11591.0,1515310800.0,1878901100.0,KOSPI,-0.37
214320,이노션,17830.0,55587.0,65280.0,991116210.0,1163942400.0,KOSPI,-0.72
000400,롯데손해보험,2295.0,606008.0,606008.0,1390788360.0,1390788360.0,KOSPI,2.46
002960,한국쉘석유,545000.0,1454.0,2151.0,792430000.0,1172295000.0,KOSPI,0.74
481060,KODEX 미국30년국채타겟커버드콜(합성 H),6970.0,801339.0,801339.0,5585332830.0,5585332830.0,KOSPI,-0.07
580058,KB KIS CD금리투자 ETN,54005.0,35000.0,35000.0,1890175000.0,1890175000.0,KOSPI,0.01
144600,KODEX 은선물(H),9535.0,469707.0,469707.0,4478656245.0,4478656245.0,KOSPI,-2.75
367760,RISE 네트워크인프라,62110.0,103183.0,103183.0,6408696130.0,6408696130.0,KOSPI,-1.65
064960,SNT모티브,26250.0,43229.0,63254.0,1134761250.0,1660417500.0,KOSPI,-1.5
0127P0,ACE 미국대형성장주액티브,10560.0,689.0,689.0,7275840.0,7275840.0,KOSPI,-0.75
094800,맵스리얼티,7470.0,54401.0,54401.0,406375470.0,406375470.0,KOSPI,-0.4
093050,LF,23650.0,33236.0,35828.0,786031400.0,847332200.0,KOSPI,-0.21
314250,KODEX 미국빅테크10(H),65535.0,76160.0,76160.0,4991145600.0,4991145600.0,KOSPI,0.3
0061Z0,RISE 단기특수은행채액티브,51170.0,265.0,265.0,13560050.0,13560050.0,KOSPI,0.03
482730,TIGER 미국S&P500타겟데일리커버드콜,11460.0,317257.0,317257.0,3635765220.0,3635765220.0,KOSPI,-0.61
471990,KODEX AI반도체핵심장비,31365.0,2934036.0,2934036.0,92026039140.0,92026039140.0,KOSPI,2.89
0101N0,RISE AI전력인프라,21180.0,286134.0,286134.0,6060318120.0,6060318120.0,KOSPI,-2.64
488080,TIGER 반도체TOP10레버리지,37300.0,5115240.0,5115240.0,190798452000.0,190798452000.0,KOSPI,-3.38
293940,신한알파리츠,5520.0,83282.0,83282.0,459716640.0,459716640.0,KOSPI,-0.18
290130,RISE ESG사회책임투자,46590.0,41939.0,41939.0,1953938010.0,1953938010.0,KOSPI,-2.16
0148J0,TIGER 코리아휴머노이드로봇산업,9650.0,3264738.0,3264738.0,31504721700.0,31504721700.0,KOSPI,-2.43
005090,SGC에너지,45500.0,73085.0,105445.0,3325367500.0,4797747500.0,KOSPI,-4.11
005880,대한해운,2030.0,667802.0,667802.0,1355638060.0,1355638060.0,KOSPI,-1.93
0007F0,KODEX 27-12 회사채(AA-이상)액티브,10215.0,21729.0,21729.0,221961735.0,221961735.0,KOSPI,0.05
458760,TIGER 미국배당다우존스타겟커버드콜2호,10070.0,305999.0,305999.0,3081409930.0,3081409930.0,KOSPI,-0.64
069260,TKG휴켐스,15700.0,52911.0,60544.0,830702700.0,950540800.0,KOSPI,-0.88
0167B0,SOL 200타겟위클리커버드콜,11295.0,1257646.0,1257646.0,14205111570.0,14205111570.0,KOSPI,-2.71
014820,동원시스템즈,22100.0,35243.0,45715.0,778870300.0,1010301500.0,KOSPI,2.08
423920,TIGER 미국필라델피아반도체레버리지(합성),92495.0,241479.0,241479.0,22335600105.0,22335600105.0,KOSPI,-3.23
456040,OCI,71100.0,24068.0,34210.0,1711234800.0,2432331000.0,KOSPI,-2.6
491010,TIGER 글로벌AI전력인프라액티브,25145.0,102545.0,102545.0,2578494025.0,2578494025.0,KOSPI,-2.46
100840,SNT에너지,32000.0,112238.0,206987.0,3591616000.0,6623584000.0,KOSPI,-4.05
371460,TIGER 차이나전기차SOLACTIVE,8815.0,118492.0,118492.0,1044506980.0,1044506980.0,KOSPI,-0.73
0015B0,KoAct 미국나스닥성장기업액티브,19430.0,170775.0,170775.0,3318158250.0,3318158250.0,KOSPI,-1.74
434060,KODEX TDF2050액티브 적격,16605.0,86985.0,86985.0,1444385925.0,1444385925.0,KOSPI,-1.16
268280,미원에스씨,126000.0,3614.0,3891.0,455364000.0,490266000.0,KOSPI,-0.24
000640,동아쏘시오홀딩스,93400.0,7546.0,8435.0,704796400.0,787829000.0,KOSPI,-1.37
002840,미원상사,139600.0,3895.0,4441.0,543742000.0,619963600.0,KOSPI,-0.07
017940,E1,91300.0,5091.0,5682.0,464808300.0,518766600.0,KOSPI,-0.11
102970,KODEX 증권,16665.0,462054.0,462054.0,7700129910.0,7700129910.0,KOSPI,-2.77
004710,한솔테크닉스,11750.0,903851.0,903851.0,10620249250.0,10620249250.0,KOSPI,-0.76
317450,명인제약,42550.0,7518.0,12275.0,319890900.0,522301250.0,KOSPI,-1.85
453340,현대그린푸드,19110.0,31761.0,36351.0,606952710.0,694667610.0,KOSPI,0.63
017900,광전자,10670.0,1740942.0,1740942.0,18575851140.0,18575851140.0,KOSPI,0.95
434730,HANARO 원자력iSelect,53200.0,192902.0,192902.0,10262386400.0,10262386400.0,KOSPI,-4.74
383800,LX홀딩스,8050.0,62660.0,102981.0,504413000.0,828997050.0,KOSPI,0.5
108320,LX세미콘,37600.0,36924.0,59927.0,1388342400.0,2253255200.0,KOSPI,0.0
001060,JW중외제약,26250.0,64776.0,103193.0,1700370000.0,2708816250.0,KOSPI,-5.06
001680,대상,17560.0,34835.0,48061.0,611702600.0,843951160.0,KOSPI,-0.17
336370,솔루스첨단소재,8640.0,233923.0,316843.0,2021094720.0,2737523520.0,KOSPI,-2.7
178920,PI첨단소재,20650.0,71472.0,111564.0,1475896800.0,2303796600.0,KOSPI,1.47
466950,TIGER 글로벌AI액티브,31920.0,85529.0,85529.0,2730085680.0,2730085680.0,KOSPI,-1.62
491620,RISE 미국테크100데일리고정커버드콜,10460.0,340716.0,340716.0,3563889360.0,3563889360.0,KOSPI,-0.57
192650,드림텍,9030.0,373546.0,373546.0,3373120380.0,3373120380.0,KOSPI,-0.99
0019K0,TIME 미국나스닥100채권혼합50액티브,13500.0,255795.0,255795.0,3453232500.0,3453232500.0,KOSPI,-0.59
496020,WON 전단채플러스액티브,52670.0,2534.0,2534.0,133465780.0,133465780.0,KOSPI,0.01
251600,PLUS 고배당주채권혼합,15035.0,123428.0,123428.0,1855739980.0,1855739980.0,KOSPI,-0.76
489250,KODEX 미국배당다우존스,11935.0,525211.0,525211.0,6268393285.0,6268393285.0,KOSPI,-1.0
477050,PLUS 머니마켓액티브,53700.0,30649.0,30649.0,1645851300.0,1645851300.0,KOSPI,-0.01
006650,대한유화,89000.0,25320.0,36569.0,2253480000.0,3254641000.0,KOSPI,-1.77
033240,자화전자,26700.0,77765.0,105255.0,2076325500.0,2810308500.0,KOSPI,-2.73
449190,KODEX 미국나스닥100(H),23355.0,186563.0,186563.0,4357178865.0,4357178865.0,KOSPI,-0.47
484790,KODEX 미국30년국채액티브(H),7710.0,216076.0,216076.0,1665945960.0,1665945960.0,KOSPI,-0.26
462010,TIGER 2차전지소재Fn,5210.0,5791916.0,5791916.0,30175882360.0,30175882360.0,KOSPI,1.46
0091P0,TIGER 코리아원자력,15805.0,1942994.0,1942994.0,30709020170.0,30709020170.0,KOSPI,-4.5
451000,PLUS 종합채권(AA-이상)액티브,107960.0,76.0,76.0,8204960.0,8204960.0,KOSPI,0.12
002350,넥센타이어,5770.0,157149.0,157149.0,906749730.0,906749730.0,KOSPI,0.17
001530,DI동일,26950.0,95262.0,134367.0,2567310900.0,3621190650.0,KOSPI,5.89
138540,TIGER 현대차그룹플러스,43045.0,162049.0,162049.0,6975399205.0,6975399205.0,KOSPI,-2.61
079900,전진건설로봇,38000.0,28683.0,60820.0,1089954000.0,2311160000.0,KOSPI,-2.69
365780,ACE 국고채10년,82540.0,119766.0,119766.0,9885485640.0,9885485640.0,KOSPI,-0.08
016380,KG스틸,5530.0,194108.0,194108.0,1073417240.0,1073417240.0,KOSPI,-1.25
025540,한국단자,54500.0,16337.0,22122.0,890366500.0,1205649000.0,KOSPI,-0.91
284740,쿠쿠홈시스,24500.0,16052.0,19661.0,393274000.0,481694500.0,KOSPI,-1.61
161000,애경케미칼,11180.0,459424.0,974090.0,5136360320.0,10890326200.0,KOSPI,3.33
277630,TIGER 코스피,69690.0,140721.0,140721.0,9806846490.0,9806846490.0,KOSPI,-2.37
00104K,CJ4우(전환),127900.0,2297.0,2297.0,293786300.0,293786300.0,KOSPI,-0.08
0163Y0,KoAct 코스닥액티브,10950.0,715351.0,715351.0,7833093450.0,7833093450.0,KOSPI,1.25
00088K,한화3우B,36500.0,15442.0,15442.0,563633000.0,563633000.0,KOSPI,-2.01
114090,GKL,8640.0,62693.0,85788.0,541667520.0,741208320.0,KOSPI,0.47
007700,F&F홀딩스,13560.0,5533.0,7953.0,75027480.0,107842680.0,KOSPI,0.67
455030,KODEX 미국달러SOFR금리액티브(합성),11485.0,40270.0,40270.0,462500950.0,462500950.0,KOSPI,0.13
075580,세진중공업,9310.0,139267.0,270980.0,1296575770.0,2522823800.0,KOSPI,-5.1
003620,KG모빌리티,2610.0,268066.0,268066.0,699652260.0,699652260.0,KOSPI,0.38
003300,한일홀딩스,17000.0,4366.0,6168.0,74222000.0,104856000.0,KOSPI,-0.41
435420,TIGER 미국나스닥100채권혼합50,14215.0,210768.0,210768.0,2996067120.0,2996067120.0,KOSPI,-0.18
009410,태영건설,1628.0,121837.0,121837.0,198350636.0,198350636.0,KOSPI,0.25
0105E0,SOL 코리아고배당,12425.0,414639.0,414639.0,5151889575.0,5151889575.0,KOSPI,-1.51
019170,신풍제약,9890.0,858230.0,2812423.0,8487894700.0,27814863470.0,KOSPI,-10.17
0220W0,한화머시너리앤서비스홀딩스,6110.0,3809077.0,3809077.0,23273460470.0,23273460470.0,KOSPI,1.66
008060,대덕,16450.0,58468.0,72647.0,961798600.0,1195043150.0,KOSPI,0.73
001510,SK증권,2220.0,1228994.0,1228994.0,2728366680.0,2728366680.0,KOSPI,-1.77
484870,엠앤씨솔루션,18630.0,87188.0,142689.0,1624312440.0,2658296070.0,KOSPI,-3.32
001270,부국증권,49300.0,4236.0,5948.0,208834800.0,293236400.0,KOSPI,-1.0
058650,세아홀딩스,126000.0,757.0,757.0,95382000.0,95382000.0,KOSPI,-0.24
029460,케이씨,46350.0,35074.0,47638.0,1625679900.0,2208021300.0,KOSPI,-1.9
005810,풍산홀딩스,35150.0,5749.0,10492.0,202077350.0,368793800.0,KOSPI,-0.42
452260,한화갤러리아,2560.0,815127.0,815127.0,2086725120.0,2086725120.0,KOSPI,-2.48
114260,KODEX 국고채3년,61885.0,20586.0,20586.0,1273964610.0,1273964610.0,KOSPI,-0.06
438330,TIGER 우량회사채액티브,115780.0,5011.0,5011.0,580173580.0,580173580.0,KOSPI,-0.08
448290,TIGER 미국S&P500(H),18000.0,54213.0,54213.0,975834000.0,975834000.0,KOSPI,-0.5
476800,KODEX 한국부동산리츠인프라,4200.0,746825.0,746825.0,3136665000.0,3136665000.0,KOSPI,0.0
361580,RISE 200TR,60070.0,139728.0,139728.0,8393460960.0,8393460960.0,KOSPI,-2.65
371160,TIGER 차이나항셍테크,6005.0,237178.0,237178.0,1424253890.0,1424253890.0,KOSPI,-2.2
315960,RISE 대형고배당10TR,74000.0,44121.0,44121.0,3264954000.0,3264954000.0,KOSPI,-2.57
494670,TIGER 조선TOP10,19085.0,490079.0,490079.0,9353157715.0,9353157715.0,KOSPI,-3.0
251350,KODEX MSCI선진국,37735.0,13267.0,13267.0,500630245.0,500630245.0,KOSPI,-0.92
003545,대신증권우,19760.0,45337.0,45337.0,895859120.0,895859120.0,KOSPI,-0.75
396520,TIGER 차이나반도체FACTSET,11480.0,491263.0,491263.0,5639699240.0,5639699240.0,KOSPI,-4.33
377740,바이오노트,4630.0,41033.0,41033.0,189982790.0,189982790.0,KOSPI,-1.49
483280,KODEX 미국AI테크TOP10타겟커버드콜,11910.0,243487.0,243487.0,2899930170.0,2899930170.0,KOSPI,-0.54
444200,SOL 코리아메가테크액티브,42695.0,28525.0,28525.0,1217874875.0,1217874875.0,KOSPI,-2.7
145990,삼양사,45350.0,7230.0,7614.0,327880500.0,345294900.0,KOSPI,-1.63
001500,현대차증권,7540.0,119512.0,161980.0,901120480.0,1221329200.0,KOSPI,-1.82
496080,TIGER 코리아밸류업,30635.0,113065.0,113065.0,3463746275.0,3463746275.0,KOSPI,-3.02
460860,동국제강,9380.0,566729.0,772692.0,5315918020.0,7247850960.0,KOSPI,-3.0
471230,KODEX 국고채10년액티브,103860.0,12821.0,12821.0,1331589060.0,1331589060.0,KOSPI,-0.11
448730,삼성FN리츠,5100.0,21528.0,21528.0,109792800.0,109792800.0,KOSPI,0.39
004690,삼천리,127600.0,5549.0,5865.0,708052400.0,748374000.0,KOSPI,-0.55
039130,하나투어,29750.0,20701.0,36691.0,615854750.0,1091557250.0,KOSPI,-1.33
0173Y0,KODEX 미국AI광통신네트워크,12355.0,1297037.0,1297037.0,16024892135.0,16024892135.0,KOSPI,-2.1
020000,한섬,21300.0,80197.0,104966.0,1708196100.0,2235775800.0,KOSPI,-1.84
005250,녹십자홀딩스,9710.0,54327.0,115586.0,527515170.0,1122340060.0,KOSPI,-2.31
499660,TIGER CD금리플러스액티브(합성),1001025.0,12540.0,12540.0,12552853500.0,12552853500.0,KOSPI,0.01
012030,DB,2260.0,3827444.0,3827444.0,8650023440.0,8650023440.0,KOSPI,12.16
475300,SOL 반도체전공정,27290.0,3072583.0,3072583.0,83850790070.0,83850790070.0,KOSPI,2.92
463250,TIGER K방산&우주,30355.0,499977.0,499977.0,15176801835.0,15176801835.0,KOSPI,-4.32
0190C0,RISE 현대차고정피지컬AI,7425.0,765353.0,765353.0,5682746025.0,5682746025.0,KOSPI,-2.56
490490,SOL 미국배당미국채혼합50,10305.0,271514.0,271514.0,2797951770.0,2797951770.0,KOSPI,-0.48
005420,코스모화학,11610.0,168804.0,273327.0,1959814440.0,3173326470.0,KOSPI,1.22
003280,흥아해운,1849.0,2368983.0,2368983.0,4380249567.0,4380249567.0,KOSPI,0.43
249420,일동제약,14020.0,172909.0,344841.0,2424184180.0,4834670820.0,KOSPI,-5.33
009900,명신산업,8450.0,103401.0,170845.0,873738450.0,1443640250.0,KOSPI,-0.35
002240,고려제강,16420.0,18046.0,31238.0,296315320.0,512927960.0,KOSPI,-1.79
217590,티엠씨,18240.0,1147756.0,1147756.0,20935069440.0,20935069440.0,KOSPI,-3.44
447770,TIGER 테슬라채권혼합Fn,13905.0,154209.0,154209.0,2144276145.0,2144276145.0,KOSPI,-0.32
000070,삼양홀딩스,56600.0,4890.0,7834.0,276774000.0,443404400.0,KOSPI,-0.35
004700,조광피혁,65600.0,358.0,554.0,23484800.0,36342400.0,KOSPI,-1.35
010780,아이에스동서,14670.0,47856.0,59336.0,702047520.0,870459120.0,KOSPI,-0.54
002030,아세아,209500.0,2342.0,2695.0,490649000.0,564602500.0,KOSPI,0.24
385550,RISE 단기채권알파액티브,114420.0,16309.0,16309.0,1866075780.0,1866075780.0,KOSPI,0.03
448300,TIGER 미국나스닥100(H),24080.0,221752.0,221752.0,5339788160.0,5339788160.0,KOSPI,-0.56
385560,RISE KIS국고채30년Enhanced,52215.0,26127.0,26127.0,1364221305.0,1364221305.0,KOSPI,0.96
760013,키움 레버리지 반도체TOP10 ETN,85820.0,973.0,973.0,83502860.0,83502860.0,KOSPI,-3.84
243880,TIGER 200IT레버리지,335030.0,102340.0,102340.0,34286970200.0,34286970200.0,KOSPI,-5.63
451060,1Q 200액티브,33895.0,108553.0,108553.0,3679403935.0,3679403935.0,KOSPI,-2.7
034310,NICE,11610.0,6910.0,8600.0,80225100.0,99846000.0,KOSPI,-0.77
003030,세아제강지주,103000.0,23229.0,27632.0,2392587000.0,2846096000.0,KOSPI,-3.74
474220,TIGER 미국테크TOP10타겟커버드콜,15080.0,60449.0,60449.0,911570920.0,911570920.0,KOSPI,0.1
0016X0,SOL 중단기회사채(A-이상)액티브,51640.0,37803.0,37803.0,1952146920.0,1952146920.0,KOSPI,-0.02
403550,쏘카,11120.0,9971.0,14664.0,110877520.0,163063680.0,KOSPI,-3.3
271940,일진하이솔루스,11500.0,22920.0,39976.0,263580000.0,459724000.0,KOSPI,-1.63
016610,DB증권,9820.0,38856.0,51827.0,381565920.0,508941140.0,KOSPI,-3.25
090435,아모레퍼시픽우,39150.0,12900.0,12900.0,505035000.0,505035000.0,KOSPI,-2.49
293180,HANARO 200,105880.0,33793.0,33793.0,3578002840.0,3578002840.0,KOSPI,-2.69
014830,유니드,60900.0,12497.0,18850.0,761067300.0,1147965000.0,KOSPI,0.66
002990,금호건설,11030.0,775729.0,775729.0,8556290870.0,8556290870.0,KOSPI,-3.42
072710,농심홀딩스,88200.0,1674.0,2729.0,147646800.0,240697800.0,KOSPI,-0.68
0210A0,ACE K반도체TOP2+,7600.0,2029830.0,2029830.0,15426708000.0,15426708000.0,KOSPI,-2.94
306200,세아제강,143100.0,9746.0,13320.0,1394652600.0,1906092000.0,KOSPI,-3.64
426020,TIME 미국S&P500액티브,31630.0,53392.0,53392.0,1688788960.0,1688788960.0,KOSPI,-0.89
005945,NH투자증권우,21350.0,90037.0,90037.0,1922289950.0,1922289950.0,KOSPI,-3.39
0023A0,SOL 미국양자컴퓨팅TOP10,22695.0,168507.0,168507.0,3824266365.0,3824266365.0,KOSPI,-1.99
003000,부광약품,4070.0,448548.0,448548.0,1825590360.0,1825590360.0,KOSPI,-4.68
011930,신성이엔지,19690.0,346118.0,346118.0,6815063420.0,6815063420.0,KOSPI,0.25
241180,TIGER 일본니케이225,35545.0,32450.0,32450.0,1153435250.0,1153435250.0,KOSPI,-1.33
002810,삼영무역,21500.0,6940.0,10127.0,149210000.0,217730500.0,KOSPI,0.0
357120,코람코라이프인프라리츠,4075.0,42501.0,42501.0,173191575.0,173191575.0,KOSPI,0.37
480260,TIGER 27-04회사채(A+이상)액티브,53970.0,2253.0,2253.0,121594410.0,121594410.0,KOSPI,0.01
148070,KIWOOM 국고채10년,104550.0,119103.0,119103.0,12452218650.0,12452218650.0,KOSPI,-0.21
0046A0,TIGER 미국초단기(3개월이하)국채,9255.0,398545.0,398545.0,3688533975.0,3688533975.0,KOSPI,-0.16
005389,현대차3우B,166900.0,13582.0,13582.0,2266835800.0,2266835800.0,KOSPI,-1.82
0060H0,TIGER 토탈월드스탁액티브,12295.0,43537.0,43537.0,535287415.0,535287415.0,KOSPI,-0.85
474590,WON 반도체밸류체인액티브,50215.0,18651.0,18651.0,936559965.0,936559965.0,KOSPI,-0.32
031430,신세계인터내셔날,11030.0,159511.0,233941.0,1759406330.0,2580369230.0,KOSPI,2.04
476760,ACE 미국30년국채액티브,8080.0,854974.0,854974.0,6908189920.0,6908189920.0,KOSPI,-0.37
0094M0,RISE 코리아밸류업위클리고정커버드콜,16680.0,3389595.0,3389595.0,56538444600.0,56538444600.0,KOSPI,-2.63
008730,율촌화학,15520.0,90782.0,122483.0,1408936640.0,1900936160.0,KOSPI,-1.65
001200,유진투자증권,3970.0,287546.0,287546.0,1141557620.0,1141557620.0,KOSPI,-1.24
317400,자이에스앤디,9880.0,442687.0,442687.0,4373747560.0,4373747560.0,KOSPI,-0.3
130660,한전산업,11720.0,161020.0,161020.0,1887154400.0,1887154400.0,KOSPI,-3.54
015360,INVENI,14540.0,21548.0,29517.0,313307920.0,429177180.0,KOSPI,-0.48
385720,TIME 코스피액티브,24975.0,29279.0,29279.0,731243025.0,731243025.0,KOSPI,-2.14
092230,KPX홀딩스,95900.0,916.0,1333.0,87844400.0,127834700.0,KOSPI,0.21
302450,RISE 코스피,69070.0,108071.0,108071.0,7464463970.0,7464463970.0,KOSPI,-2.59
344820,KCC글라스,23550.0,5372.0,8556.0,126510600.0,201493800.0,KOSPI,-1.87
126560,현대퓨처넷,3380.0,40065.0,40065.0,135419700.0,135419700.0,KOSPI,0.15
029530,신도리코,37950.0,2381.0,3099.0,90358950.0,117607050.0,KOSPI,-0.26
003350,한국화장품제조,16150.0,1241222.0,1241222.0,20045735300.0,20045735300.0,KOSPI,-4.04
002710,TCC스틸,13930.0,394487.0,1101644.0,5495203910.0,15345900920.0,KOSPI,-2.66
0040Y0,SOL 팔란티어커버드콜OTM채권혼합,7880.0,268551.0,268551.0,2116181880.0,2116181880.0,KOSPI,0.06
027410,BGF,3800.0,125083.0,125083.0,475315400.0,475315400.0,KOSPI,1.6
016590,신대양제지,8970.0,5201.0,7912.0,46652970.0,70970640.0,KOSPI,-0.44
006405,삼성SDI우,223000.0,7279.0,7279.0,1623217000.0,1623217000.0,KOSPI,0.68
089590,제주항공,4470.0,78826.0,78826.0,352352220.0,352352220.0,KOSPI,-2.51
001940,KISCO홀딩스,25400.0,3257.0,5611.0,82727800.0,142519400.0,KOSPI,0.59
950210,프레스티지바이오파마,5990.0,19680.0,19680.0,117883200.0,117883200.0,KOSPI,1.01
469070,RISE AI&로봇,10700.0,276440.0,276440.0,2957908000.0,2957908000.0,KOSPI,-2.19
183190,아세아시멘트,9950.0,30993.0,51728.0,308380350.0,514693600.0,KOSPI,-0.1
006220,제주은행,9390.0,102448.0,102448.0,961986720.0,961986720.0,KOSPI,-2.59
010955,S-Oil우,88200.0,8096.0,8096.0,714067200.0,714067200.0,KOSPI,-2.33
385510,KODEX 신재생에너지액티브,40930.0,80151.0,80151.0,3280580430.0,3280580430.0,KOSPI,-0.69
0120G0,삼양바이오팜,47550.0,38201.0,58434.0,1816457550.0,2778536700.0,KOSPI,-4.71
105630,한세실업,8820.0,22591.0,31010.0,199252620.0,273508200.0,KOSPI,0.34
007690,국도화학,37950.0,7363.0,11407.0,279425850.0,432895650.0,KOSPI,-1.68
442570,RISE TDF2050액티브 적격,17310.0,66705.0,66705.0,1154663550.0,1154663550.0,KOSPI,-0.75
005610,삼립,40600.0,3243.0,3904.0,131665800.0,158502400.0,KOSPI,-1.22
194370,제이에스코퍼레이션,12040.0,15116.0,25903.0,181996640.0,311872120.0,KOSPI,0.33
270810,RISE 코스닥150,15075.0,140403.0,140403.0,2116575225.0,2116575225.0,KOSPI,-1.31
015860,일진홀딩스,7070.0,94233.0,94233.0,666227310.0,666227310.0,KOSPI,-1.26
245710,ACE 베트남VN30(합성),27045.0,33726.0,33726.0,912119670.0,912119670.0,KOSPI,0.0
472170,TIGER 미국테크TOP10채권혼합,14130.0,248257.0,248257.0,3507871410.0,3507871410.0,KOSPI,-0.25
091180,KODEX 자동차,24855.0,66278.0,66278.0,1647339690.0,1647339690.0,KOSPI,-1.27
0167Z0,KODEX 미국우주항공,7520.0,289030.0,289030.0,2173505600.0,2173505600.0,KOSPI,-3.53
092790,넥스틸,13340.0,211527.0,211527.0,2821770180.0,2821770180.0,KOSPI,-2.84
0144L0,KODEX 미국성장커버드콜액티브,9490.0,135955.0,135955.0,1290212950.0,1290212950.0,KOSPI,-0.47
145720,덴티움,40150.0,33386.0,48383.0,1340447900.0,1942577450.0,KOSPI,0.38
310960,TIGER 200TR,61755.0,48887.0,48887.0,3019016685.0,3019016685.0,KOSPI,-2.62
458250,TIGER 미국30년국채스트립액티브(합성 H),30750.0,112356.0,112356.0,3454947000.0,3454947000.0,KOSPI,-0.65
0026S0,1Q 미국S&P500,12630.0,153026.0,153026.0,1932718380.0,1932718380.0,KOSPI,-0.51
104700,한국철강,9390.0,15102.0,25791.0,141807780.0,242177490.0,KOSPI,0.11
279530,KODEX 고배당주,17110.0,107347.0,107347.0,1836707170.0,1836707170.0,KOSPI,-1.16
0131V0,1Q 미국우주항공테크,10515.0,66467.0,66467.0,698900505.0,698900505.0,KOSPI,-1.77
009290,광동제약,6840.0,215726.0,215726.0,1475565840.0,1475565840.0,KOSPI,-0.87
170900,동아에스티,34950.0,3731.0,5051.0,130398450.0,176532450.0,KOSPI,-1.27
520054,미래에셋 레버리지 코스피200 선물 ETN,169850.0,2048.0,2048.0,347852800.0,347852800.0,KOSPI,-5.28
060980,HL홀딩스,37850.0,11695.0,13327.0,442655750.0,504426950.0,KOSPI,0.66
132030,KODEX 골드선물(H),23035.0,52468.0,52468.0,1208600380.0,1208600380.0,KOSPI,-0.41
570090,한투 KIS CD금리투자 ETN,55945.0,17.0,17.0,951065.0,951065.0,KOSPI,0.02
0182R0,1Q K반도체TOP2+,10880.0,1414143.0,1414143.0,15385875840.0,15385875840.0,KOSPI,-2.51
017810,풀무원,8710.0,10091.0,15927.0,87892610.0,138724170.0,KOSPI,-0.34
484880,SOL 금융지주플러스고배당,21230.0,230177.0,230177.0,4886657710.0,4886657710.0,KOSPI,-2.97
005720,넥센,6300.0,47644.0,47644.0,300157200.0,300157200.0,KOSPI,0.16
097520,엠씨넥스,19000.0,28474.0,33998.0,541006000.0,645962000.0,KOSPI,-0.89
462900,KoAct 바이오헬스케어액티브,12545.0,1284626.0,1284626.0,16115633170.0,16115633170.0,KOSPI,-5.03
0052D0,TIGER 코리아배당다우존스,14985.0,68130.0,68130.0,1020928050.0,1020928050.0,KOSPI,-0.93
448630,RISE 삼성그룹Top3채권혼합,15285.0,85633.0,85633.0,1308900405.0,1308900405.0,KOSPI,-0.16
456880,ACE 미국달러SOFR금리(합성),11810.0,44164.0,44164.0,521576840.0,521576840.0,KOSPI,-0.08
000157,두산2우B,362000.0,207.0,207.0,74934000.0,74934000.0,KOSPI,-2.16
0094K0,TIGER 28-04 회사채(A+이상)액티브,99835.0,10965.0,10965.0,1094690775.0,1094690775.0,KOSPI,0.04
0162M0,KODEX 금융채1~2년(AA-이상)PLUS액티브,10090.0,3563.0,3563.0,35950670.0,35950670.0,KOSPI,0.1
024720,콜마홀딩스,9360.0,44063.0,58011.0,412429680.0,542982960.0,KOSPI,0.97
485540,KODEX 미국AI테크TOP10,15745.0,158613.0,158613.0,2497361685.0,2497361685.0,KOSPI,-0.73
0052S0,1Q 미국S&P500미국채혼합50액티브,11310.0,67747.0,67747.0,766218570.0,766218570.0,KOSPI,-0.31
0080G0,KODEX 방산TOP10,9190.0,3489414.0,3489414.0,32067714660.0,32067714660.0,KOSPI,-3.62
011760,현대코퍼레이션,23900.0,22462.0,31835.0,536841800.0,760856500.0,KOSPI,-2.85
000650,천일고속,221000.0,244960.0,244960.0,54136160000.0,54136160000.0,KOSPI,22.57
026890,스틱인베스트먼트,8130.0,54145.0,55651.0,440198850.0,452442630.0,KOSPI,-1.45
0098F0,KODEX 원자력SMR,14825.0,884871.0,884871.0,13118212575.0,13118212575.0,KOSPI,-3.48
0043Y0,TIME 차이나AI테크액티브,18385.0,79483.0,79483.0,1461294955.0,1461294955.0,KOSPI,-2.75
001230,동국홀딩스,2010.0,403137.0,403137.0,810305370.0,810305370.0,KOSPI,0.25
009160,SIMPAC,4760.0,163515.0,163515.0,778331400.0,778331400.0,KOSPI,-3.15
0111P0,1Q 미국나스닥100미국채혼합50액티브,10765.0,146668.0,146668.0,1578881020.0,1578881020.0,KOSPI,-0.42
02826K,삼성물산우B,209500.0,4226.0,4226.0,885347000.0,885347000.0,KOSPI,-3.68
471780,TIGER 코리아테크액티브,39260.0,106823.0,106823.0,4193870980.0,4193870980.0,KOSPI,-0.61
454780,KIWOOM 종합채권(AA-이상)액티브,100200.0,29.0,29.0,2905800.0,2905800.0,KOSPI,0.02
096760,JW홀딩스,4130.0,76856.0,76856.0,317415280.0,317415280.0,KOSPI,-2.36
489030,PLUS 고배당주위클리커버드콜,6160.0,322698.0,322698.0,1987819680.0,1987819680.0,KOSPI,-1.12
381970,KG모빌리티플랫폼,6240.0,52432.0,65856.0,327175680.0,410941440.0,KOSPI,-0.64
483320,ACE 엔비디아밸류체인액티브,25970.0,34356.0,34356.0,892225320.0,892225320.0,KOSPI,-2.41
497880,SOL CD금리&머니마켓액티브,50080.0,121497.0,121497.0,6084569760.0,6084569760.0,KOSPI,0.01
126720,수산인더스트리,21150.0,31239.0,58735.0,660704850.0,1242245250.0,KOSPI,-2.76
005430,한국공항,95400.0,5005.0,5005.0,477477000.0,477477000.0,KOSPI,-0.21
272450,진에어,5770.0,37028.0,37028.0,213651560.0,213651560.0,KOSPI,-1.03
084010,대한제강,8740.0,144915.0,523695.0,1266557100.0,4577094300.0,KOSPI,-2.24
453810,KODEX 인도Nifty50,10355.0,72356.0,72356.0,749246380.0,749246380.0,KOSPI,-1.66
433330,SOL 미국S&P500,21565.0,216230.0,216230.0,4662999950.0,4662999950.0,KOSPI,-0.62
002310,아세아제지,7590.0,30798.0,30798.0,233756820.0,233756820.0,KOSPI,0.8
481190,SOL 미국테크TOP10,17290.0,69376.0,69376.0,1199511040.0,1199511040.0,KOSPI,-0.32
570022,한투 레버리지S&P500선물 ETN(H),59630.0,26.0,26.0,1550380.0,1550380.0,KOSPI,-0.82
200880,서연이화,11010.0,23464.0,40105.0,258338640.0,441556050.0,KOSPI,-0.36
005950,이수화학,11290.0,190999.0,190999.0,2156378710.0,2156378710.0,KOSPI,-1.4
136340,RISE 중기우량회사채,104090.0,72.0,72.0,7494480.0,7494480.0,KOSPI,-0.06
123890,한국자산신탁,2425.0,51394.0,51394.0,124630450.0,124630450.0,KOSPI,0.41
003120,일성아이에스,22300.0,14371.0,15747.0,320473300.0,351158100.0,KOSPI,0.45
025860,남해화학,5930.0,161060.0,161060.0,955085800.0,955085800.0,KOSPI,-1.66
018250,애경산업,11130.0,21178.0,21178.0,235711140.0,235711140.0,KOSPI,-1.15
002020,코오롱,22650.0,17249.0,27752.0,390689850.0,628582800.0,KOSPI,-1.52
0038A0,KODEX 미국휴머노이드로봇,15340.0,67610.0,67610.0,1037137400.0,1037137400.0,KOSPI,-1.79
001750,한양증권,19110.0,7338.0,15526.0,140229180.0,296701860.0,KOSPI,-0.47
078520,에이블씨엔씨,11560.0,63109.0,95360.0,729540040.0,1102361600.0,KOSPI,-2.69
108670,LX하우시스,32150.0,11379.0,15655.0,365834850.0,503308250.0,KOSPI,-1.53
0008S0,TIGER 미국배당다우존스타겟데일리커버드콜,9125.0,180817.0,180817.0,1649955125.0,1649955125.0,KOSPI,-0.98
0162Y0,TIME 코스닥액티브,8575.0,406176.0,406176.0,3482959200.0,3482959200.0,KOSPI,1.18
475080,KODEX 테슬라커버드콜채권혼합액티브,7815.0,150355.0,150355.0,1175024325.0,1175024325.0,KOSPI,-0.32
033270,유나이티드제약,17840.0,10788.0,15762.0,192457920.0,281194080.0,KOSPI,-0.72
084690,대상홀딩스,7820.0,14363.0,31782.0,112318660.0,248535240.0,KOSPI,-0.51
244920,에이플러스에셋,12520.0,24457.0,24457.0,306201640.0,306201640.0,KOSPI,-1.18
034830,한국토지신탁,1117.0,183853.0,183853.0,205363801.0,205363801.0,KOSPI,-0.09
010820,퍼스텍,5780.0,311486.0,311486.0,1800389080.0,1800389080.0,KOSPI,-3.67
016800,퍼시스,24400.0,1261.0,1789.0,30768400.0,43651600.0,KOSPI,1.46
273140,KODEX 단기변동금리부채권액티브,114755.0,2210.0,2210.0,253608550.0,253608550.0,KOSPI,0.0
441680,TIGER 미국나스닥100커버드콜(합성),10630.0,21099.0,21099.0,224282370.0,224282370.0,KOSPI,-0.09
044450,KSS해운,12400.0,53392.0,53392.0,662060800.0,662060800.0,KOSPI,1.39
004430,송원산업,11600.0,53204.0,53204.0,617166400.0,617166400.0,KOSPI,-1.36
091170,KODEX 은행,15300.0,495495.0,495495.0,7581073500.0,7581073500.0,KOSPI,-2.7
461490,RISE 글로벌자산배분액티브,14440.0,23497.0,23497.0,339296680.0,339296680.0,KOSPI,-0.28
471040,KoAct 글로벌AI&로봇액티브,30130.0,20388.0,20388.0,614290440.0,614290440.0,KOSPI,-1.44
000430,대원강업,4445.0,53279.0,53279.0,236825155.0,236825155.0,KOSPI,0.11
001390,KG케미칼,4150.0,149437.0,149437.0,620163550.0,620163550.0,KOSPI,-1.66
486830,HANARO 머니마켓액티브,53470.0,1640.0,1640.0,87690800.0,87690800.0,KOSPI,0.0
122900,아이마켓코리아,8200.0,49482.0,49482.0,405752400.0,405752400.0,KOSPI,-0.36
473290,KODEX 26-12 회사채(AA-이상)액티브,10910.0,22133.0,22133.0,241471030.0,241471030.0,KOSPI,0.05
439870,KODEX 국고채30년액티브,89675.0,4381.0,4381.0,392866175.0,392866175.0,KOSPI,0.65
409820,KODEX 미국나스닥100레버리지(합성 H),22040.0,84050.0,84050.0,1852462000.0,1852462000.0,KOSPI,-0.83
0183V0,KIWOOM 삼성전자&SK하이닉스채권혼합50,11725.0,682077.0,682077.0,7997352825.0,7997352825.0,KOSPI,-0.93
0089D0,KODEX 금융고배당TOP10,12695.0,176051.0,176051.0,2234967445.0,2234967445.0,KOSPI,-2.46
388420,RISE 비메모리반도체액티브,31065.0,73638.0,73638.0,2287564470.0,2287564470.0,KOSPI,1.11
423170,SOL 글로벌AI반도체탑픽액티브,59245.0,13247.0,13247.0,784818515.0,784818515.0,KOSPI,-1.58
017390,서울가스,54000.0,3359.0,4138.0,181386000.0,223452000.0,KOSPI,-0.37
190620,ACE 단기통안채,102315.0,68898.0,68898.0,7049298870.0,7049298870.0,KOSPI,0.01
091810,트리니티항공,2610.0,25343.0,25343.0,66145230.0,66145230.0,KOSPI,0.0
005500,삼진제약,20000.0,45115.0,74607.0,902300000.0,1492140000.0,KOSPI,0.91
002320,한진,17140.0,64138.0,99527.0,1099325320.0,1705892780.0,KOSPI,1.66
286940,롯데이노베이트,17550.0,6080.0,8240.0,106704000.0,144612000.0,KOSPI,-0.45
002900,TYM,6400.0,77083.0,77083.0,493331200.0,493331200.0,KOSPI,-3.47
001250,GS글로벌,3205.0,990493.0,990493.0,3174530065.0,3174530065.0,KOSPI,4.57
058430,포스코스틸리온,4395.0,143991.0,143991.0,632840445.0,632840445.0,KOSPI,-1.68
421320,PLUS 우주항공,27590.0,91078.0,91078.0,2512842020.0,2512842020.0,KOSPI,-3.75
003200,일신방직,11460.0,189588.0,908606.0,2172678480.0,10412624760.0,KOSPI,3.24
004360,세방,13690.0,27511.0,32539.0,376625590.0,445458910.0,KOSPI,1.48
473330,SOL 미국30년국채커버드콜(합성),7240.0,191650.0,191650.0,1387546000.0,1387546000.0,KOSPI,-0.28
010690,화신,7450.0,87622.0,87622.0,652783900.0,652783900.0,KOSPI,-1.32
483340,ACE 구글밸류체인액티브,22995.0,51941.0,51941.0,1194383295.0,1194383295.0,KOSPI,-1.52
196230,RISE 단기통안채,117250.0,1376.0,1376.0,161336000.0,161336000.0,KOSPI,0.03
213610,KODEX 삼성그룹밸류,21645.0,20728.0,20728.0,448657560.0,448657560.0,KOSPI,-2.7
0228G0,ACE 반도체Plus전략산업,9610.0,87434.0,87434.0,840240740.0,840240740.0,KOSPI,-3.27
037710,광주신세계,33550.0,14029.0,52159.0,470672950.0,1749934450.0,KOSPI,-0.3
472920,HK 종합채권(AA-이상)액티브,98705.0,12.0,12.0,1184460.0,1184460.0,KOSPI,0.01
453870,TIGER 인도니프티50,10170.0,45631.0,45631.0,464067270.0,464067270.0,KOSPI,-1.31
020120,키다리스튜디오,6870.0,909865.0,909865.0,6250772550.0,6250772550.0,KOSPI,3.0
010580,에스엠벡셀,2270.0,7448876.0,7448876.0,16908948520.0,16908948520.0,KOSPI,5.34
105840,우진,12360.0,244894.0,244894.0,3026889840.0,3026889840.0,KOSPI,-4.7
003960,사조대림,27200.0,3280.0,3612.0,89216000.0,98246400.0,KOSPI,-0.18
334890,이지스밸류플러스리츠,3585.0,44291.0,44291.0,158783235.0,158783235.0,KOSPI,-1.24
364970,TIGER 바이오TOP10,6580.0,762362.0,762362.0,5016341960.0,5016341960.0,KOSPI,-3.66
307520,TIGER 지주회사,20800.0,151579.0,151579.0,3152843200.0,3152843200.0,KOSPI,-3.68
005680,삼영전자,12410.0,31479.0,31479.0,390654390.0,390654390.0,KOSPI,-0.72
004310,현대약품,7740.0,724625.0,724625.0,5608597500.0,5608597500.0,KOSPI,-5.26
226320,잇츠한불,11250.0,33408.0,58682.0,375840000.0,660172500.0,KOSPI,-4.34
298690,에어부산,1511.0,25260.0,25260.0,38167860.0,38167860.0,KOSPI,0.73
025000,KPX케미칼,59300.0,3099.0,3099.0,183770700.0,183770700.0,KOSPI,1.19
493810,TIGER 미국AI빅테크10타겟데일리커버드콜,11500.0,119223.0,119223.0,1371064500.0,1371064500.0,KOSPI,-0.39
432320,KB스타리츠,1613.0,160509.0,160509.0,258901017.0,258901017.0,KOSPI,-0.06
030210,다올투자증권,3965.0,181712.0,181712.0,720488080.0,720488080.0,KOSPI,0.0
001790,대한제당,2800.0,62804.0,62804.0,175851200.0,175851200.0,KOSPI,0.0
007160,사조산업,48150.0,783.0,2096.0,37701450.0,100922400.0,KOSPI,0.52
136490,선진,10120.0,34982.0,34982.0,354017840.0,354017840.0,KOSPI,-1.17
117700,KODEX 건설,6415.0,1911611.0,1911611.0,12262984565.0,12262984565.0,KOSPI,-3.39
003920,남양유업,42400.0,1589.0,2204.0,67373600.0,93449600.0,KOSPI,1.44
422420,RISE 2차전지액티브,7300.0,314117.0,314117.0,2293054100.0,2293054100.0,KOSPI,1.25
404990,신한서부티엔디리츠,3865.0,33325.0,33325.0,128801125.0,128801125.0,KOSPI,0.13
0030R0,대신밸류리츠,3965.0,17186.0,17186.0,68142490.0,68142490.0,KOSPI,-1.0
044820,코스맥스비티아이,24650.0,32179.0,32179.0,793212350.0,793212350.0,KOSPI,-2.38
001460,BYC,37850.0,1513.0,1751.0,57267050.0,66275350.0,KOSPI,0.13
123320,TIGER 레버리지,102510.0,166514.0,166514.0,17069350140.0,17069350140.0,KOSPI,-5.35
228790,TIGER 화장품,4160.0,4085821.0,4085821.0,16997015360.0,16997015360.0,KOSPI,-3.03
495230,KoAct 코리아밸류업액티브,30375.0,15240.0,15240.0,462915000.0,462915000.0,KOSPI,-2.03
008490,서흥,20250.0,17453.0,24950.0,353423250.0,505237500.0,KOSPI,-3.11
363580,KODEX 200IT TR,56350.0,48602.0,48602.0,2738722700.0,2738722700.0,KOSPI,-3.35
472160,TIGER 미국테크TOP10 INDXX(H),19960.0,684459.0,684459.0,13661801640.0,13661801640.0,KOSPI,-0.18
0182S0,1Q K반도체TOP2채권혼합50,12520.0,149402.0,149402.0,1870513040.0,1870513040.0,KOSPI,-1.03
000680,LS네트웍스,2945.0,47892.0,47892.0,141041940.0,141041940.0,KOSPI,-0.34
011500,한농화성,14770.0,75448.0,75448.0,1114366960.0,1114366960.0,KOSPI,0.75
329650,KODEX TRF3070,13975.0,17103.0,17103.0,239014425.0,239014425.0,KOSPI,-0.11
283580,KODEX 차이나CSI300,13900.0,63387.0,63387.0,881079300.0,881079300.0,KOSPI,-0.54
001340,PKC,5080.0,72751.0,72751.0,369575080.0,369575080.0,KOSPI,0.2
003070,코오롱글로벌,8990.0,6181.0,6181.0,55567190.0,55567190.0,KOSPI,-0.99
139230,TIGER 200 중공업,11650.0,109418.0,109418.0,1274719700.0,1274719700.0,KOSPI,-3.32
134380,미원화학,10360.0,1700.0,1700.0,17612000.0,17612000.0,KOSPI,0.97
017860,DS단석,12830.0,60161.0,60161.0,771865630.0,771865630.0,KOSPI,-2.36
363570,KODEX 장기종합채권(AA-이상)액티브,87505.0,270.0,270.0,23626350.0,23626350.0,KOSPI,0.16
530145,삼성 레버리지 천연가스 선물 ETN D,13200.0,595256.0,595256.0,7857379200.0,7857379200.0,KOSPI,6.67
0053L0,TIGER 차이나휴머노이드로봇,8245.0,251639.0,251639.0,2074763555.0,2074763555.0,KOSPI,-4.41
092200,디아이씨,5730.0,190402.0,190402.0,1091003460.0,1091003460.0,KOSPI,0.35
000540,흥국화재,3445.0,21127.0,21127.0,72782515.0,72782515.0,KOSPI,0.58
900140,엘브이엠씨홀딩스,1144.0,213654.0,213654.0,244420176.0,244420176.0,KOSPI,-2.14
000050,경방,8060.0,34072.0,34072.0,274620320.0,274620320.0,KOSPI,-0.49
0119H0,KODEX 28-12 회사채(AA-이상)액티브,9955.0,21518.0,21518.0,214211690.0,214211690.0,KOSPI,0.1
0151S0,KODEX 미국AI반도체TOP3플러스,15845.0,100649.0,100649.0,1594783405.0,1594783405.0,KOSPI,-1.34
028100,동아지질,19440.0,30167.0,30167.0,586446480.0,586446480.0,KOSPI,-1.67
025560,미래산업,7850.0,297559.0,297559.0,2335838150.0,2335838150.0,KOSPI,-0.76
005010,휴스틸,3880.0,222479.0,222479.0,863218520.0,863218520.0,KOSPI,-1.77
009680,모토닉,10020.0,7508.0,9103.0,75230160.0,91212060.0,KOSPI,0.1
498270,KIWOOM 미국양자컴퓨팅,14430.0,42296.0,42296.0,610331280.0,610331280.0,KOSPI,-2.5
480040,ACE 미국반도체데일리타겟커버드콜(합성),15180.0,250174.0,250174.0,3797641320.0,3797641320.0,KOSPI,-0.95
034120,SBS,11640.0,2807.0,8311.0,32673480.0,96740040.0,KOSPI,-0.43
490090,TIGER 미국AI빅테크10,16295.0,79226.0,79226.0,1290987670.0,1290987670.0,KOSPI,-0.4
053690,한미글로벌,19700.0,81224.0,81224.0,1600112800.0,1600112800.0,KOSPI,-2.96
003720,삼영,6330.0,134299.0,134299.0,850112670.0,850112670.0,KOSPI,-1.86
077500,유니퀘스트,9960.0,251100.0,251100.0,2500956000.0,2500956000.0,KOSPI,1.94
452360,SOL 미국배당다우존스(H),12760.0,64541.0,64541.0,823543160.0,823543160.0,KOSPI,-0.93
000490,대동,7430.0,71377.0,71377.0,530331110.0,530331110.0,KOSPI,-0.67
442320,RISE 글로벌원자력,34100.0,10788.0,10788.0,367870800.0,367870800.0,KOSPI,-2.9
458260,TIGER 미국투자등급회사채액티브(H),44515.0,4450.0,4450.0,198091750.0,198091750.0,KOSPI,-0.07
003650,미창석유,122400.0,641.0,641.0,78458400.0,78458400.0,KOSPI,0.16
271050,KODEX WTI원유선물인버스(H),1761.0,3441918.0,3441918.0,6061217598.0,6061217598.0,KOSPI,-0.62
448540,ACE 엔비디아채권혼합,26855.0,79761.0,79761.0,2141981655.0,2141981655.0,KOSPI,-0.48
244580,KODEX 바이오,8085.0,656229.0,656229.0,5305611465.0,5305611465.0,KOSPI,-4.21
488980,SOL 26-12 회사채(AA-이상)액티브,52305.0,52.0,52.0,2719860.0,2719860.0,KOSPI,0.02
305080,TIGER 미국채10년선물,11510.0,71276.0,71276.0,820386760.0,820386760.0,KOSPI,-0.13
437080,KODEX 미국종합채권ESG액티브(H),93960.0,2813.0,2813.0,264309480.0,264309480.0,KOSPI,0.04
0104N0,TIGER 200타겟위클리커버드콜,20410.0,63583.0,63583.0,1297729030.0,1297729030.0,KOSPI,-2.06
033920,무학,7370.0,19558.0,19558.0,144142460.0,144142460.0,KOSPI,0.96
463050,TIME K바이오액티브,11105.0,253680.0,253680.0,2817116400.0,2817116400.0,KOSPI,-5.21
475560,더본코리아,14070.0,16526.0,16526.0,232520820.0,232520820.0,KOSPI,-0.92
03473K,SK우,367500.0,1324.0,1324.0,486570000.0,486570000.0,KOSPI,-1.74
486450,SOL 미국AI전력인프라,18985.0,22352.0,22352.0,424352720.0,424352720.0,KOSPI,-2.32
0233J0,TIGER 삼성전자SK하이닉스미국채혼합50,10305.0,320584.0,320584.0,3303618120.0,3303618120.0,KOSPI,-1.29
128820,대성산업,4555.0,4941243.0,4941243.0,22507361865.0,22507361865.0,KOSPI,-8.9
088260,이리츠코크렙,3245.0,22499.0,22499.0,73009255.0,73009255.0,KOSPI,1.09
520094,미래에셋 CD금리 플러스 ETN,102635.0,19883.0,19883.0,2040691705.0,2040691705.0,KOSPI,0.01
035510,신세계 I&C,14680.0,76776.0,76776.0,1127071680.0,1127071680.0,KOSPI,-2.91
003555,LG우,67900.0,3959.0,3959.0,268816100.0,268816100.0,KOSPI,-0.15
035150,백산,10340.0,15600.0,16916.0,161304000.0,174911440.0,KOSPI,-0.39
0093A0,RISE AI반도체TOP10,37390.0,93577.0,93577.0,3498844030.0,3498844030.0,KOSPI,-0.72
000320,노루홀딩스,15330.0,10425.0,12473.0,159815250.0,191211090.0,KOSPI,-1.79
0069M0,1Q 미국나스닥100,13760.0,257826.0,257826.0,3547685760.0,3547685760.0,KOSPI,-0.65
433500,ACE 원자력TOP10,52210.0,74154.0,74154.0,3871580340.0,3871580340.0,KOSPI,-5.59
0005A0,KODEX 미국S&P500데일리커버드콜OTM,9090.0,122001.0,122001.0,1108989090.0,1108989090.0,KOSPI,-0.49
412570,TIGER 2차전지TOP10레버리지,1348.0,14789699.0,14789699.0,19936514252.0,19936514252.0,KOSPI,3.37
000480,CR홀딩스,4330.0,12112.0,12112.0,52444960.0,52444960.0,KOSPI,0.7
266160,RISE 고배당,31925.0,13660.0,13660.0,436095500.0,436095500.0,KOSPI,-2.36
0153K0,KODEX 주주환원고배당주,11785.0,57318.0,57318.0,675492630.0,675492630.0,KOSPI,-1.42
478150,TIME 글로벌우주테크&방산액티브,16940.0,59661.0,59661.0,1010657340.0,1010657340.0,KOSPI,-2.64
332930,HANARO 200TR,138560.0,2511.0,2511.0,347924160.0,347924160.0,KOSPI,-2.76
157500,TIGER 증권,11240.0,232944.0,232944.0,2618290560.0,2618290560.0,KOSPI,-2.89
520098,미래에셋 레버리지 반도체 ETN,32690.0,36293.0,36293.0,1186418170.0,1186418170.0,KOSPI,1.9
004980,성신양회,8000.0,46809.0,60836.0,374472000.0,486688000.0,KOSPI,-1.6
037270,YG PLUS,3080.0,110680.0,110680.0,340894400.0,340894400.0,KOSPI,-2.38
000390,SP삼화,7200.0,55088.0,55088.0,396633600.0,396633600.0,KOSPI,-0.28
298000,효성화학,51600.0,12398.0,12398.0,639736800.0,639736800.0,KOSPI,-0.77
117580,대성에너지,7100.0,49303.0,49303.0,350051300.0,350051300.0,KOSPI,0.57
051905,LG생활건강우,93100.0,3390.0,3390.0,315609000.0,315609000.0,KOSPI,-0.96
0005G0,IBK K-AI반도체코어테크,56425.0,12877.0,12877.0,726584725.0,726584725.0,KOSPI,-0.7
261260,KODEX 미국달러선물인버스2X,5675.0,63099.0,63099.0,358086825.0,358086825.0,KOSPI,0.35
339770,교촌에프앤비,3875.0,63521.0,63521.0,246143875.0,246143875.0,KOSPI,-1.15
302190,TIGER 중장기국채,50145.0,1735.0,1735.0,87001575.0,87001575.0,KOSPI,-0.07
039570,HDC랩스,7440.0,4567.0,4567.0,33978480.0,33978480.0,KOSPI,0.4
100250,진양홀딩스,3020.0,25488.0,25488.0,76973760.0,76973760.0,KOSPI,0.0
433980,KODEX TDF2040액티브 적격,15615.0,38560.0,38560.0,602114400.0,602114400.0,KOSPI,-0.89
053210,스카이라이프,4055.0,12256.0,12256.0,49698080.0,49698080.0,KOSPI,0.12
095570,AJ네트웍스,4240.0,44032.0,44032.0,186695680.0,186695680.0,KOSPI,-1.05
005960,동부건설,8360.0,35916.0,35916.0,300257760.0,300257760.0,KOSPI,1.21
102460,이연제약,10270.0,29229.0,29229.0,300181830.0,300181830.0,KOSPI,0.29
003520,영진약품,1036.0,181923.0,181923.0,188472228.0,188472228.0,KOSPI,-3.09
016580,환인제약,10170.0,13847.0,13847.0,140823990.0,140823990.0,KOSPI,-0.1
461950,KODEX 2차전지핵심소재10,5295.0,2081832.0,2081832.0,11023300440.0,11023300440.0,KOSPI,1.44
0091C0,KODEX 미국10년국채액티브(H),9220.0,326015.0,326015.0,3005858300.0,3005858300.0,KOSPI,0.11
001130,대한제분,11160.0,14522.0,16071.0,162065520.0,179352360.0,KOSPI,-0.45
013580,계룡건설,21100.0,30430.0,30430.0,642073000.0,642073000.0,KOSPI,-0.94
0082V0,KODEX TDF2060액티브 적격,11120.0,49299.0,49299.0,548204880.0,548204880.0,KOSPI,-0.89
001630,종근당홀딩스,37400.0,2691.0,3038.0,100643400.0,113621200.0,KOSPI,-0.4
102260,동성케미컬,3695.0,59593.0,59593.0,220196135.0,220196135.0,KOSPI,0.14
480020,ACE 미국빅테크7+데일리타겟커버드콜(합성),10175.0,275816.0,275816.0,2806427800.0,2806427800.0,KOSPI,-0.05
033530,SJG세종,6880.0,51804.0,51804.0,356411520.0,356411520.0,KOSPI,1.33
487570,HS효성,49900.0,2814.0,2814.0,140418600.0,140418600.0,KOSPI,-0.8
233160,TIGER 코스닥150 레버리지,8865.0,1738118.0,1738118.0,15408416070.0,15408416070.0,KOSPI,-2.15
003547,대신증권2우B,19300.0,18803.0,18803.0,362897900.0,362897900.0,KOSPI,0.63
494220,UNICORN SK하이닉스밸류체인액티브,52610.0,55920.0,55920.0,2941951200.0,2941951200.0,KOSPI,-1.69
476450,KIWOOM 머니마켓액티브,52965.0,1835.0,1835.0,97190775.0,97190775.0,KOSPI,0.01
0204D0,KODEX 현대차로보틱스밸류체인TOP3플러스,5300.0,585211.0,585211.0,3101618300.0,3101618300.0,KOSPI,-2.75
0190G0,KODEX 반도체타겟위클리커버드콜,10095.0,289262.0,289262.0,2920099890.0,2920099890.0,KOSPI,0.9
473460,KODEX 미국서학개미,24200.0,10760.0,10760.0,260392000.0,260392000.0,KOSPI,-0.82
494330,ACE 라이프자산주주가치액티브,32050.0,375720.0,375720.0,12041826000.0,12041826000.0,KOSPI,-3.25
500099,신한 WTI원유 선물 ETN,18230.0,1067.0,1067.0,19451410.0,19451410.0,KOSPI,0.22
003220,대원제약,8100.0,50776.0,132805.0,411285600.0,1075720500.0,KOSPI,-1.82
0005D0,SOL 전고체배터리&실리콘음극재,17210.0,2321772.0,2321772.0,39957696120.0,39957696120.0,KOSPI,2.53
495060,TIME 코리아밸류업액티브,27240.0,56307.0,56307.0,1533802680.0,1533802680.0,KOSPI,-2.4
530104,삼성 레버리지 코스피200 선물 ETN,180635.0,782.0,782.0,141256570.0,141256570.0,KOSPI,-0.53
000140,하이트진로홀딩스,7770.0,5993.0,5993.0,46565610.0,46565610.0,KOSPI,0.65
000520,삼일제약,8300.0,46555.0,46555.0,386406500.0,386406500.0,KOSPI,-2.7
495550,SOL 코리아밸류업TR,31410.0,7587.0,7587.0,238307670.0,238307670.0,KOSPI,-3.13
002420,우양피앤엘,5740.0,16299.0,16299.0,93556260.0,93556260.0,KOSPI,0.88
015230,대창단조,6590.0,28901.0,28901.0,190457590.0,190457590.0,KOSPI,1.38
267770,TIGER 200선물레버리지,77520.0,35098.0,35098.0,2720796960.0,2720796960.0,KOSPI,-5.65
004560,현대비앤지스틸,11820.0,18752.0,18752.0,221648640.0,221648640.0,KOSPI,-0.92
009470,삼화전기,26800.0,39064.0,39064.0,1046915200.0,1046915200.0,KOSPI,-0.56
429000,TIGER 미국S&P500배당귀족,12260.0,30013.0,30013.0,367959380.0,367959380.0,KOSPI,-1.13
003610,방림,5480.0,10085.0,10085.0,55265800.0,55265800.0,KOSPI,-0.18
002100,경농,9010.0,6189.0,6189.0,55762890.0,55762890.0,KOSPI,0.11
007860,서연,7490.0,13961.0,13961.0,104567890.0,104567890.0,KOSPI,0.0
0115D0,KODEX 조선TOP10,6610.0,1752639.0,1752639.0,11584943790.0,11584943790.0,KOSPI,-3.43
377190,디앤디플랫폼리츠,1985.0,138220.0,138220.0,274366700.0,274366700.0,KOSPI,-0.2
0099L0,ACE 우량회사채(AA-이상)액티브,99980.0,39.0,39.0,3899220.0,3899220.0,KOSPI,0.03
500029,신한 레버리지 은 선물 ETN(H),17425.0,7521.0,7521.0,131053425.0,131053425.0,KOSPI,-5.35
001780,알루코,1790.0,9989636.0,9989636.0,17881448440.0,17881448440.0,KOSPI,7.25
234080,JW생명과학,10940.0,14575.0,14575.0,159450500.0,159450500.0,KOSPI,0.0
000700,유수홀딩스,6640.0,35383.0,35383.0,234943120.0,234943120.0,KOSPI,0.0
466930,SOL 자동차TOP3플러스,22310.0,123938.0,123938.0,2765056780.0,2765056780.0,KOSPI,-3.23
016450,한세예스24홀딩스,4320.0,3489.0,3489.0,15072480.0,15072480.0,KOSPI,0.35
014710,사조씨푸드,9970.0,3158.0,3158.0,31485260.0,31485260.0,KOSPI,0.1
332500,ACE 200TR,71060.0,29933.0,29933.0,2127038980.0,2127038980.0,KOSPI,-2.82
122090,PLUS 코스피50,79680.0,26281.0,26281.0,2094070080.0,2094070080.0,KOSPI,-2.62
213500,한솔제지,7130.0,17329.0,17329.0,123555770.0,123555770.0,KOSPI,-0.14
500069,신한 레버리지 코스피 200 선물 ETN,169455.0,48.0,48.0,8133840.0,8133840.0,KOSPI,-6.18
003460,유화증권,2980.0,49692.0,49692.0,148082160.0,148082160.0,KOSPI,0.17
414780,TIGER 차이나과창판STAR50(합성),11810.0,64151.0,64151.0,757623310.0,757623310.0,KOSPI,-4.95
002150,도화엔지니어링,4980.0,35354.0,35354.0,176062920.0,176062920.0,KOSPI,0.2
483290,KODEX 미국배당다우존스타겟커버드콜,9425.0,213945.0,213945.0,2016431625.0,2016431625.0,KOSPI,-0.58
272560,RISE 단기국공채액티브,115150.0,2477.0,2477.0,285226550.0,285226550.0,KOSPI,0.0
0040X0,SOL 팔란티어미국채커버드콜혼합,8945.0,114682.0,114682.0,1025830490.0,1025830490.0,KOSPI,-0.22
0047A0,TIGER 차이나테크TOP10,11105.0,62459.0,62459.0,693607195.0,693607195.0,KOSPI,-2.76
090350,노루페인트,8310.0,30164.0,30164.0,250662840.0,250662840.0,KOSPI,-0.48
530134,삼성 블룸버그 인버스2X WTI원유선물 ETN B,1844.0,2095431.0,2095431.0,3863974764.0,3863974764.0,KOSPI,-0.86
488720,WON 종합채권(AA-이상)액티브,48990.0,285.0,285.0,13962150.0,13962150.0,KOSPI,0.17
000860,강남제비스코,12680.0,3692.0,3692.0,46814560.0,46814560.0,KOSPI,1.6
403790,MIDAS 코스피액티브,56300.0,18900.0,18900.0,1064070000.0,1064070000.0,KOSPI,-2.24
354500,ACE 코스닥150,15350.0,136975.0,136975.0,2102566250.0,2102566250.0,KOSPI,-1.1
438560,SOL 국고채3년,100635.0,145.0,145.0,14592075.0,14592075.0,KOSPI,-0.02
241590,화승엔터프라이즈,2700.0,24964.0,24964.0,67402800.0,67402800.0,KOSPI,0.93
0192Z0,TIGER 중기종합채권(A-이상)액티브,101155.0,4198.0,4198.0,424648690.0,424648690.0,KOSPI,0.0
475310,SOL 반도체후공정,33625.0,1021271.0,1021271.0,34340237375.0,34340237375.0,KOSPI,2.3
003830,대한화섬,122500.0,337.0,337.0,41282500.0,41282500.0,KOSPI,13.74
237370,KODEX 코리아배당성장채권혼합,15480.0,396023.0,396023.0,6130436040.0,6130436040.0,KOSPI,-0.39
480030,ACE 미국500데일리타겟커버드콜(합성),9570.0,124293.0,124293.0,1189484010.0,1189484010.0,KOSPI,-0.52
471760,TIGER AI반도체핵심공정,16920.0,1271931.0,1271931.0,21521072520.0,21521072520.0,KOSPI,0.77
457990,PLUS 태양광&ESS,38990.0,420858.0,420858.0,16409253420.0,16409253420.0,KOSPI,-0.42
337160,KODEX 200ESG,46350.0,6421.0,6421.0,297613350.0,297613350.0,KOSPI,-2.85
570051,한투 나스닥100 ETN,31440.0,13.0,13.0,408720.0,408720.0,KOSPI,-0.25
490600,RISE 미국배당100데일리고정커버드콜,8285.0,170135.0,170135.0,1409568475.0,1409568475.0,KOSPI,-0.78
004380,삼익THK,7550.0,9167.0,9167.0,69210850.0,69210850.0,KOSPI,-1.44
002170,SYTS,51900.0,1532.0,1532.0,79510800.0,79510800.0,KOSPI,-0.19
460850,동국씨엠,5190.0,23222.0,23222.0,120522180.0,120522180.0,KOSPI,-2.08
400760,NH올원리츠,2810.0,24455.0,24455.0,68718550.0,68718550.0,KOSPI,-0.18
160580,TIGER 구리실물,16000.0,45206.0,45206.0,723296000.0,723296000.0,KOSPI,0.63
00279K,아모레퍼시픽홀딩스3우C,21650.0,1284.0,1284.0,27798600.0,27798600.0,KOSPI,0.46
007570,일양약품,7960.0,23733.0,23733.0,188914680.0,188914680.0,KOSPI,-1.73
472870,RISE 미국30년국채엔화노출(합성 H),6245.0,52599.0,52599.0,328480755.0,328480755.0,KOSPI,-0.32
000020,동화약품,5410.0,362921.0,362921.0,1963402610.0,1963402610.0,KOSPI,-3.57
0064K0,KODEX 금액티브,11520.0,87901.0,87901.0,1012619520.0,1012619520.0,KOSPI,-0.56
293480,하나제약,8470.0,11916.0,11916.0,100928520.0,100928520.0,KOSPI,-0.12
200250,KIWOOM 인도Nifty50(합성),19045.0,11027.0,11027.0,210009215.0,210009215.0,KOSPI,-1.35
0180V0,ACE 미국우주테크액티브,7860.0,229035.0,229035.0,1800215100.0,1800215100.0,KOSPI,-3.08
0193G0,KoAct 코스피액티브,8200.0,156366.0,156366.0,1282201200.0,1282201200.0,KOSPI,-2.67
394670,TIGER 글로벌리튬&2차전지SOLACTIVE(합성),10270.0,16382.0,16382.0,168243140.0,168243140.0,KOSPI,-1.63
0051G0,SOL 미국원자력SMR,12135.0,60445.0,60445.0,733500075.0,733500075.0,KOSPI,-2.45
004090,한국석유,11780.0,90855.0,90855.0,1070271900.0,1070271900.0,KOSPI,0.43
491820,HANARO 전력설비투자,40910.0,71970.0,71970.0,2944292700.0,2944292700.0,KOSPI,-4.27
760011,키움 레버리지 2차전지산업 ETN,9630.0,7065.0,7065.0,68035950.0,68035950.0,KOSPI,2.01
152870,파워 200,106590.0,12555.0,12555.0,1338237450.0,1338237450.0,KOSPI,-2.72
219480,KODEX 미국S&P500선물(H),33525.0,4048.0,4048.0,135709200.0,135709200.0,KOSPI,-0.43
458210,KIWOOM CD금리액티브(합성),110970.0,1611.0,1611.0,178772670.0,178772670.0,KOSPI,0.01
000970,한국주철관,6530.0,10892.0,10892.0,71124760.0,71124760.0,KOSPI,0.31
001045,CJ우,65800.0,624.0,624.0,41059200.0,41059200.0,KOSPI,-1.05
272550,삼양패키징,9840.0,6015.0,6015.0,59187600.0,59187600.0,KOSPI,-0.1
013890,지누스,6740.0,17530.0,24259.0,118152200.0,163505660.0,KOSPI,-0.59
008970,KBI동양철관,1421.0,2060030.0,2060030.0,2927302630.0,2927302630.0,KOSPI,0.5
271980,제일약품,10000.0,22276.0,22276.0,222760000.0,222760000.0,KOSPI,-3.19
0104H0,KoAct 미국나스닥채권혼합50액티브,11990.0,45997.0,45997.0,551504030.0,551504030.0,KOSPI,-0.66
011785,금호석유화학우,48500.0,7355.0,7355.0,356717500.0,356717500.0,KOSPI,-1.02
0131W0,1Q 단기특수은행채액티브,102450.0,157.0,157.0,16084650.0,16084650.0,KOSPI,0.0
491610,1Q CD금리액티브(합성),105210.0,3893.0,3893.0,409582530.0,409582530.0,KOSPI,0.0
097955,CJ제일제당 우,109500.0,1747.0,1747.0,191296500.0,191296500.0,KOSPI,-0.64
462520,조선내화,12260.0,42694.0,42694.0,523428440.0,523428440.0,KOSPI,-4.67
016880,웅진,1810.0,87985.0,87985.0,159252850.0,159252850.0,KOSPI,-0.17
0209D0,KODEX 전고체배터리ESS TOP2플러스,9325.0,3125168.0,3125168.0,29142191600.0,29142191600.0,KOSPI,2.42
004150,한솔홀딩스,3500.0,38368.0,38368.0,134288000.0,134288000.0,KOSPI,-1.27
004970,신라교역,8940.0,8527.0,8527.0,76231380.0,76231380.0,KOSPI,0.11
006805,미래에셋증권우,10560.0,28699.0,28699.0,303061440.0,303061440.0,KOSPI,-3.65
481180,SOL 미국AI소프트웨어,16520.0,54960.0,54960.0,907939200.0,907939200.0,KOSPI,-1.81
138520,TIGER 삼성그룹,35160.0,7980.0,7980.0,280576800.0,280576800.0,KOSPI,-2.28
0041E0,KODEX 미국S&P500액티브,16220.0,57330.0,57330.0,929892600.0,929892600.0,KOSPI,-0.86
008350,남선알미늄,1091.0,1105751.0,1105751.0,1206374341.0,1206374341.0,KOSPI,1.68
012610,경인양행,3380.0,79797.0,79797.0,269713860.0,269713860.0,KOSPI,-1.74
0151P0,RISE 코리아전략산업액티브,14485.0,46233.0,46233.0,669685005.0,669685005.0,KOSPI,-1.83
071840,롯데하이마트,5950.0,7716.0,7716.0,45910200.0,45910200.0,KOSPI,0.68
015890,태경산업,4800.0,29465.0,29465.0,141432000.0,141432000.0,KOSPI,-0.72
0199C0,ACE 고배당주Plus커버드콜액티브,8735.0,547548.0,547548.0,4782831780.0,4782831780.0,KOSPI,-1.47
001080,만호제강,3980.0,13848.0,13848.0,55115040.0,55115040.0,KOSPI,2.98
0127M0,ACE 미국대형가치주액티브,11840.0,1682.0,1682.0,19914880.0,19914880.0,KOSPI,-0.29
025820,이구산업,4175.0,83690.0,83690.0,349405750.0,349405750.0,KOSPI,0.24
570106,한투 레버리지일본니케이225선물 ETN(H),55805.0,102.0,102.0,5692110.0,5692110.0,KOSPI,-3.14
476030,SOL 미국나스닥100,17450.0,23570.0,23570.0,411296500.0,411296500.0,KOSPI,-0.63
003480,한진중공업홀딩스,4655.0,9948.0,9948.0,46307940.0,46307940.0,KOSPI,-0.32
143860,TIGER 헬스케어,34435.0,21669.0,21669.0,746172015.0,746172015.0,KOSPI,-4.59
094280,효성ITX,11840.0,3642.0,3642.0,43121280.0,43121280.0,KOSPI,0.25
107590,미원홀딩스,58900.0,76.0,76.0,4476400.0,4476400.0,KOSPI,-0.51
004080,신흥,14620.0,4694.0,4694.0,68626280.0,68626280.0,KOSPI,2.02
014280,금강공업,4580.0,124711.0,124711.0,571176380.0,571176380.0,KOSPI,-0.33
245340,TIGER 미국다우존스30,33225.0,10173.0,10173.0,337997925.0,337997925.0,KOSPI,-0.94
003580,HLB글로벌,2635.0,5269290.0,5269290.0,13884579150.0,13884579150.0,KOSPI,29.8
018470,조일알미늄,5270.0,106114.0,106114.0,559220780.0,559220780.0,KOSPI,-0.57
463680,KODEX 미국S&P500테크놀로지,23090.0,25961.0,25961.0,599439490.0,599439490.0,KOSPI,-0.75
011690,와이투솔루션,3615.0,116658.0,116658.0,421718670.0,421718670.0,KOSPI,-2.82
081000,일진다이아,9290.0,9260.0,9260.0,86025400.0,86025400.0,KOSPI,-2.72
550089,N2 월간 레버리지 코스피 200 선물 ETN,131850.0,29.0,29.0,3823650.0,3823650.0,KOSPI,-5.77
495330,1Q 코리아밸류업,30645.0,2429.0,2429.0,74436705.0,74436705.0,KOSPI,-2.7
570050,한투 S&P500선물 ETN,26300.0,2.0,2.0,52600.0,52600.0,KOSPI,-0.34
214390,경보제약,5500.0,14960.0,14960.0,82280000.0,82280000.0,KOSPI,0.0
0091M0,HANARO 27-06 회사채(AA-이상)액티브,10180.0,575.0,575.0,5853500.0,5853500.0,KOSPI,-0.05
001360,삼성제약,1385.0,300121.0,300121.0,415667585.0,415667585.0,KOSPI,-3.42
024090,디씨엠,11410.0,2831.0,2831.0,32301710.0,32301710.0,KOSPI,0.53
0048K0,KODEX 차이나휴머노이드로봇,7200.0,479971.0,479971.0,3455791200.0,3455791200.0,KOSPI,-4.76
411420,KODEX 미국나스닥AI테크액티브,27465.0,10352.0,10352.0,284317680.0,284317680.0,KOSPI,-0.99
760007,키움 코스피 200 TR ETN,32130.0,52.0,52.0,1670760.0,1670760.0,KOSPI,-2.61
251340,KODEX 코스닥150선물인버스,2210.0,46430144.0,46430144.0,102610618240.0,102610618240.0,KOSPI,1.14
089470,HDC현대EP,3990.0,19195.0,19195.0,76588050.0,76588050.0,KOSPI,4.31
461500,HANARO 종합채권(AA-이상)액티브,105675.0,77.0,77.0,8136975.0,8136975.0,KOSPI,0.11
447620,SOL 미국TOP5채권혼합50,16045.0,60818.0,60818.0,975824810.0,975824810.0,KOSPI,0.5
0085P0,ACE 미국10년국채액티브,9165.0,366024.0,366024.0,3354609960.0,3354609960.0,KOSPI,-0.11
463290,1Q 단기금융채액티브,109640.0,1614.0,1614.0,176958960.0,176958960.0,KOSPI,0.02
006060,화승인더,2275.0,52233.0,52233.0,118830075.0,118830075.0,KOSPI,1.11
092220,KEC,3130.0,285286.0,285286.0,892945180.0,892945180.0,KOSPI,1.29
078000,텔코웨어,13600.0,743.0,743.0,10104800.0,10104800.0,KOSPI,0.52
002210,동성제약,1295.0,38231.0,38231.0,49509145.0,49509145.0,KOSPI,0.15
004960,한신공영,10810.0,9812.0,9812.0,106067720.0,106067720.0,KOSPI,-1.01
009070,KCTC,4165.0,131785.0,131785.0,548884525.0,548884525.0,KOSPI,-0.24
0074K0,KoAct K수출핵심기업TOP30액티브,17180.0,24083.0,24083.0,413745940.0,413745940.0,KOSPI,-1.55
139220,TIGER 200 건설,7270.0,246060.0,246060.0,1788856200.0,1788856200.0,KOSPI,-3.07
005800,신영와코루,13780.0,1245.0,1245.0,17156100.0,17156100.0,KOSPI,3.22
0123G0,TIGER 미국AI전력SMR,5945.0,138198.0,138198.0,821587110.0,821587110.0,KOSPI,-2.7
325010,KODEX 성장주,42655.0,3884.0,3884.0,165672020.0,165672020.0,KOSPI,-2.31
520066,미래에셋 KRX금현물 Auto-KO-C 2810-01 ETN,20590.0,36737.0,36737.0,756414830.0,756414830.0,KOSPI,-0.56
002620,제일파마홀딩스,7710.0,2894.0,2894.0,22312740.0,22312740.0,KOSPI,1.98
009270,신원,1067.0,132701.0,132701.0,141591967.0,141591967.0,KOSPI,-0.28
267290,경동도시가스,20700.0,1023.0,1023.0,21176100.0,21176100.0,KOSPI,-0.96
0092B0,SOL 한국원자력SMR,14520.0,139989.0,139989.0,2032640280.0,2032640280.0,KOSPI,-4.38
013520,화승코퍼레이션,2435.0,133977.0,133977.0,326233995.0,326233995.0,KOSPI,-4.32
469170,ACE 포스코그룹포커스,5965.0,438184.0,438184.0,2613767560.0,2613767560.0,KOSPI,0.17
0181B0,HANARO 미국AI메모리반도체TOP4+,9730.0,178183.0,178183.0,1733720590.0,1733720590.0,KOSPI,0.52
500037,신한 레버리지 금 선물 ETN,60365.0,484.0,484.0,29216660.0,29216660.0,KOSPI,-0.13
377990,TIGER Fn신재생에너지,24510.0,70652.0,70652.0,1731680520.0,1731680520.0,KOSPI,-2.83
014530,극동유화,3420.0,80697.0,80697.0,275983740.0,275983740.0,KOSPI,0.59
210540,디와이파워,10800.0,40411.0,40411.0,436438800.0,436438800.0,KOSPI,-2.44
304660,KODEX 미국30년국채울트라선물(H),6775.0,21068.0,21068.0,142735700.0,142735700.0,KOSPI,-0.51
001520,동양,1113.0,384588.0,384588.0,428046444.0,428046444.0,KOSPI,-1.15
448100,WON 200,108040.0,28042.0,28042.0,3029657680.0,3029657680.0,KOSPI,-2.76
438570,SOL 국고채10년,98380.0,36.0,36.0,3541680.0,3541680.0,KOSPI,0.0
0184L0,PLUS 중기종합채권(A-이상)액티브,100855.0,8030.0,8030.0,809865650.0,809865650.0,KOSPI,0.04
015590,DKME,2225.0,38291.0,38291.0,85197475.0,85197475.0,KOSPI,1.6
350520,이지스레지던스리츠,3215.0,4892.0,4892.0,15727780.0,15727780.0,KOSPI,0.0
002390,한독,8600.0,2592.0,2592.0,22291200.0,22291200.0,KOSPI,-0.58
037560,LG헬로비전,1527.0,62191.0,62191.0,94965657.0,94965657.0,KOSPI,-2.12
214420,토니모리,4905.0,77024.0,77024.0,377802720.0,377802720.0,KOSPI,-3.44
004100,태양금속,3205.0,336056.0,336056.0,1077059480.0,1077059480.0,KOSPI,0.31
0197X0,SOL SK하이닉스선물단일종목인버스2X,6515.0,14480730.0,14480730.0,94341955950.0,94341955950.0,KOSPI,5.0
455860,SOL 2차전지소부장Fn,4855.0,1025758.0,1025758.0,4980055090.0,4980055090.0,KOSPI,2.0
192090,TIGER 차이나CSI300,11340.0,40717.0,40717.0,461730780.0,461730780.0,KOSPI,-0.66
399110,SOL 미국S&P500ESG,20390.0,7946.0,7946.0,162018940.0,162018940.0,KOSPI,-0.68
491230,PLUS 국공채머니마켓액티브,52665.0,13256.0,13256.0,698127240.0,698127240.0,KOSPI,0.0
328370,PLUS 코스피TR,37460.0,158.0,158.0,5918680.0,5918680.0,KOSPI,-2.93
227840,현대코퍼레이션홀딩스,12750.0,15029.0,15029.0,191619750.0,191619750.0,KOSPI,0.63
016740,두올,4045.0,46063.0,46063.0,186324835.0,186324835.0,KOSPI,0.0
530136,삼성 인버스 2X 천연가스 선물 ETN D,11595.0,373082.0,373082.0,4325885790.0,4325885790.0,KOSPI,-6.9
304940,KODEX 미국나스닥100선물(H),34095.0,14436.0,14436.0,492195420.0,492195420.0,KOSPI,-0.37
0168K0,TIGER 기술이전바이오액티브,5530.0,1094686.0,1094686.0,6053613580.0,6053613580.0,KOSPI,-4.16
012320,경동인베스트,48850.0,8209.0,8209.0,401009650.0,401009650.0,KOSPI,2.52
114820,TIGER 국채3년,105285.0,17982.0,17982.0,1893234870.0,1893234870.0,KOSPI,-0.01
034590,인천도시가스,26150.0,660.0,660.0,17259000.0,17259000.0,KOSPI,-0.38
083420,그린케미칼,4740.0,21425.0,21425.0,101554500.0,101554500.0,KOSPI,0.32
002460,HS화성,11100.0,6261.0,6261.0,69497100.0,69497100.0,KOSPI,-0.09
266370,KODEX IT,72650.0,13315.0,13315.0,967334750.0,967334750.0,KOSPI,-1.18
332940,HANARO MSCI Korea TR,46765.0,3469.0,3469.0,162227785.0,162227785.0,KOSPI,-3.95
079430,현대리바트,5560.0,8937.0,8937.0,49689720.0,49689720.0,KOSPI,-0.18
326240,RISE IT플러스,45460.0,558.0,558.0,25366680.0,25366680.0,KOSPI,-1.81
0036R0,RISE 미국휴머노이드로봇,19790.0,8301.0,8301.0,164276790.0,164276790.0,KOSPI,-2.13
017550,수산세보틱스,1789.0,169103.0,169103.0,302525267.0,302525267.0,KOSPI,-2.51
016710,대성홀딩스,6910.0,5986.0,5986.0,41363260.0,41363260.0,KOSPI,0.58
182480,TIGER 미국MSCI리츠(합성 H),12610.0,8020.0,8020.0,101132200.0,101132200.0,KOSPI,-1.06
319640,TIGER 골드선물(H),24100.0,3545.0,3545.0,85434500.0,85434500.0,KOSPI,-0.47
570019,한투 코스피양매도5%OTM ETN,7330.0,30.0,30.0,219900.0,219900.0,KOSPI,0.27
023450,동남합성,31400.0,385.0,385.0,12089000.0,12089000.0,KOSPI,-0.32
0221V0,IBK 초단기채권액티브,100825.0,2080.0,2080.0,209716000.0,209716000.0,KOSPI,0.02
0174B0,KoAct 글로벌AI메모리반도체액티브,15115.0,77911.0,77911.0,1177624765.0,1177624765.0,KOSPI,-0.85
013570,디와이,4150.0,17531.0,17531.0,72753650.0,72753650.0,KOSPI,-0.48
009580,무림P&P,1742.0,211219.0,211219.0,367943498.0,367943498.0,KOSPI,-1.08
014580,태경비케이,3915.0,38415.0,38415.0,150394725.0,150394725.0,KOSPI,-1.39
008040,사조동아원,7640.0,7399.0,7399.0,56528360.0,56528360.0,KOSPI,-2.8
084670,동양고속,37200.0,1435338.0,1435338.0,53394573600.0,53394573600.0,KOSPI,27.18
476850,KoAct 배당성장액티브,21295.0,61134.0,61134.0,1301848530.0,1301848530.0,KOSPI,-2.29
488500,TIGER 미국S&P500동일가중,11870.0,31616.0,31616.0,375281920.0,375281920.0,KOSPI,-1.04
0132K0,PLUS 테슬라위클리커버드콜채권혼합,8010.0,152621.0,152621.0,1222494210.0,1222494210.0,KOSPI,-0.25
011280,태림포장,1514.0,20500.0,20500.0,31037000.0,31037000.0,KOSPI,-1.5
001210,금호전기,8490.0,544561.0,544561.0,4623322890.0,4623322890.0,KOSPI,-3.08
0193M0,BNK 27-12 특수채(AAA이상)액티브,50485.0,1.0,1.0,50485.0,50485.0,KOSPI,0.01
012200,계양전기,3010.0,258874.0,258874.0,779210740.0,779210740.0,KOSPI,-1.63
0000J0,PLUS 한화그룹주,26555.0,73274.0,73274.0,1945791070.0,1945791070.0,KOSPI,-3.87
465610,ACE 미국빅테크TOP7 Plus레버리지(합성),44250.0,4349.0,4349.0,192443250.0,192443250.0,KOSPI,-0.41
309230,ACE 미국WideMoat동일가중,28830.0,6521.0,6521.0,188000430.0,188000430.0,KOSPI,-0.93
004250,NPC,2880.0,24005.0,24005.0,69134400.0,69134400.0,KOSPI,-0.69
0137V0,KIWOOM 미국S&P500모멘텀,11420.0,44296.0,44296.0,505860320.0,505860320.0,KOSPI,-0.57
078935,GS우,59100.0,3245.0,3245.0,191779500.0,191779500.0,KOSPI,-1.5
500050,신한 레버리지 S&P500 선물 ETN,52515.0,2.0,2.0,105030.0,105030.0,KOSPI,-0.55
021820,세원정공,10460.0,6103.0,6103.0,63837380.0,63837380.0,KOSPI,-0.1
367770,RISE 수소경제테마,20500.0,38316.0,38316.0,785478000.0,785478000.0,KOSPI,-3.76
475050,ACE KPOP포커스,6790.0,703508.0,703508.0,4776819320.0,4776819320.0,KOSPI,-0.29
012800,대창,1141.0,295301.0,295301.0,336938441.0,336938441.0,KOSPI,-0.78
010100,한국무브넥스,3410.0,31577.0,31577.0,107677570.0,107677570.0,KOSPI,0.29
120030,조선선재,82500.0,401.0,401.0,33082500.0,33082500.0,KOSPI,0.73
035000,HS애드,6390.0,27031.0,27031.0,172728090.0,172728090.0,KOSPI,0.0
006660,삼성공조,12720.0,74658.0,74658.0,949649760.0,949649760.0,KOSPI,-2.38
0138Y0,PLUS 금채권혼합,9365.0,74361.0,74361.0,696390765.0,696390765.0,KOSPI,-0.43
003010,혜인,8100.0,372252.0,372252.0,3015241200.0,3015241200.0,KOSPI,-2.64
027970,한국제지,2705.0,10393.0,10393.0,28113065.0,28113065.0,KOSPI,0.19
123690,한국화장품,6400.0,63381.0,63381.0,405638400.0,405638400.0,KOSPI,-2.88
267850,아시아나IDT,9230.0,2613.0,2613.0,24117990.0,24117990.0,KOSPI,-1.07
464930,TIGER 글로벌혁신블루칩TOP10,20475.0,1979.0,1979.0,40520025.0,40520025.0,KOSPI,-0.27
025620,차AI헬스케어,5610.0,11036.0,11036.0,61911960.0,61911960.0,KOSPI,2.37
0122W0,RISE 26-11 회사채(AA-이상)액티브,51165.0,57.0,57.0,2916405.0,2916405.0,KOSPI,0.01
570116,한투 레버리지WTI원유선물 ETN B,50930.0,993.0,993.0,50573490.0,50573490.0,KOSPI,-1.17
464310,TIGER 글로벌AI&로보틱스 INDXX,13040.0,13374.0,13374.0,174396960.0,174396960.0,KOSPI,-2.54
496090,KIWOOM 코리아밸류업,30750.0,5541.0,5541.0,170385750.0,170385750.0,KOSPI,-3.07
0135Y0,IBK 중기종합채권(AA-이상)액티브,100670.0,2.0,2.0,201340.0,201340.0,KOSPI,0.03
451530,TIGER 국고채30년스트립액티브,36585.0,98674.0,98674.0,3609988290.0,3609988290.0,KOSPI,1.41
203780,TIGER 미국나스닥바이오,33250.0,15512.0,15512.0,515774000.0,515774000.0,KOSPI,-0.45
458030,WON 국공채머니마켓액티브,55220.0,67.0,67.0,3699740.0,3699740.0,KOSPI,0.02
248170,샘표식품,21700.0,16767.0,16767.0,363843900.0,363843900.0,KOSPI,-0.69
550092,N2 월간 레버리지 방위산업 Top5 ETN,98865.0,127.0,127.0,12555855.0,12555855.0,KOSPI,-6.83
0177X0,ACE K휴머노이드로봇산업TOP2+,9485.0,134035.0,134035.0,1271321975.0,1271321975.0,KOSPI,-3.36
372330,KODEX 차이나항셍테크,5965.0,87600.0,87600.0,522534000.0,522534000.0,KOSPI,-2.21
002450,삼익악기,1081.0,82122.0,82122.0,88773882.0,88773882.0,KOSPI,-0.18
486240,DAISHIN AI반도체&인프라액티브,31280.0,471.0,471.0,14732880.0,14732880.0,KOSPI,-0.49
0142D0,TIGER 미국AI데이터센터TOP4Plus,10260.0,148699.0,148699.0,1525651740.0,1525651740.0,KOSPI,-3.57
530055,삼성 레버리지 금 선물 ETN(H),96905.0,309.0,309.0,29943645.0,29943645.0,KOSPI,-1.24
067830,세이브존I&C,2360.0,37874.0,37874.0,89382640.0,89382640.0,KOSPI,0.0
0176E0,RISE 미국AI전력인프라액티브,10065.0,12103.0,12103.0,121816695.0,121816695.0,KOSPI,-2.38
394660,TIGER 글로벌자율주행&전기차SOLACTIVE,14715.0,2172.0,2172.0,31960980.0,31960980.0,KOSPI,-1.9
417310,코람코더원리츠,2385.0,38276.0,38276.0,91288260.0,91288260.0,KOSPI,0.21
453080,KIWOOM 미국나스닥100(H),24060.0,30175.0,30175.0,726010500.0,726010500.0,KOSPI,-0.56
461460,PLUS 국고채10년액티브,51360.0,138.0,138.0,7087680.0,7087680.0,KOSPI,-0.1
0246X0,SOL 글로벌DRAM반도체플러스,9610.0,2441148.0,2441148.0,23459432280.0,23459432280.0,KOSPI,-0.57
610037,메리츠 미국채30년 ETN(H),6850.0,327.0,327.0,2239950.0,2239950.0,KOSPI,-0.29
002780,진흥기업,6560.0,36648.0,36648.0,240410880.0,240410880.0,KOSPI,-1.2
168580,ACE 중국본토CSI300,31355.0,1794.0,1794.0,56250870.0,56250870.0,KOSPI,-0.71
264900,크라운제과,7610.0,2284.0,2284.0,17381240.0,17381240.0,KOSPI,-0.26
479620,SOL 미국AI반도체칩메이커,27200.0,31923.0,31923.0,868305600.0,868305600.0,KOSPI,-2.0
008700,아남전자,1229.0,102301.0,102301.0,125727929.0,125727929.0,KOSPI,-1.21
433970,KODEX TDF2030액티브 적격,13825.0,12253.0,12253.0,169397725.0,169397725.0,KOSPI,-0.65
473440,ACE 11월만기자동연장회사채AA-이상액티브,10880.0,5144.0,5144.0,55966720.0,55966720.0,KOSPI,-0.05
007210,벽산,1446.0,100586.0,100586.0,145447356.0,145447356.0,KOSPI,-1.23
007540,샘표,46850.0,7492.0,7492.0,351000200.0,351000200.0,KOSPI,-0.32
096775,SK이노베이션우,75600.0,5233.0,5233.0,395614800.0,395614800.0,KOSPI,1.34
032560,황금에스티,5540.0,21956.0,21956.0,121636240.0,121636240.0,KOSPI,-0.54
0162L0,KODEX 차이나AI반도체TOP10,11590.0,422274.0,422274.0,4894155660.0,4894155660.0,KOSPI,-4.29
014440,영보화학,4680.0,14750.0,14750.0,69030000.0,69030000.0,KOSPI,0.65
014790,HL D&I,2460.0,39208.0,39208.0,96451680.0,96451680.0,KOSPI,-1.01
0008T0,SOL 화장품TOP3플러스,16760.0,1136892.0,1136892.0,19054309920.0,19054309920.0,KOSPI,-3.37
195980,PLUS 신흥국MSCI(합성 H),15105.0,11301.0,11301.0,170701605.0,170701605.0,KOSPI,-1.92
013700,까뮤이앤씨,1551.0,139888.0,139888.0,216966288.0,216966288.0,KOSPI,3.19
002200,한국수출포장,2760.0,14045.0,14045.0,38764200.0,38764200.0,KOSPI,0.18
37550L,DL이앤씨2우(전환),43700.0,2519.0,2519.0,110080300.0,110080300.0,KOSPI,-4.9
006840,AK홀딩스,6960.0,11652.0,11652.0,81097920.0,81097920.0,KOSPI,2.5
143850,TIGER 미국S&P500선물(H),78125.0,1038.0,1038.0,81093750.0,81093750.0,KOSPI,-0.53
070960,모나용평,1899.0,251732.0,251732.0,478039068.0,478039068.0,KOSPI,-0.99
0198A0,KIWOOM 코스닥150커버드콜액티브,8870.0,476090.0,476090.0,4222918300.0,4222918300.0,KOSPI,-0.89
001275,부국증권우,30450.0,585.0,585.0,17813250.0,17813250.0,KOSPI,0.0
0035T0,PLUS 글로벌휴머노이드로봇액티브,19010.0,11227.0,11227.0,213425270.0,213425270.0,KOSPI,-2.56
269540,PLUS 미국S&P500(H),30365.0,9166.0,9166.0,278325590.0,278325590.0,KOSPI,-0.54
308620,KODEX 미국10년국채선물,10810.0,39985.0,39985.0,432237850.0,432237850.0,KOSPI,-0.23
058850,KTcs,2190.0,43524.0,43524.0,95317560.0,95317560.0,KOSPI,-0.68
008260,NI스틸,3160.0,49892.0,49892.0,157658720.0,157658720.0,KOSPI,-1.25
058860,KTis,2590.0,36839.0,36839.0,95413010.0,95413010.0,KOSPI,-1.33
036580,팜스코,2450.0,38493.0,38493.0,94307850.0,94307850.0,KOSPI,-1.01
363280,티와이홀딩스,1970.0,14678.0,14678.0,28915660.0,28915660.0,KOSPI,-1.75
002720,국제약품,4235.0,21080777.0,21080777.0,89277090595.0,89277090595.0,KOSPI,-4.4
298770,KODEX 한국대만IT프리미어,83580.0,9088.0,9088.0,759575040.0,759575040.0,KOSPI,-1.47
114100,RISE 국고채3년,106240.0,3300.0,3300.0,350592000.0,350592000.0,KOSPI,-0.05
001290,상상인증권,4115.0,24603.0,24603.0,101241345.0,101241345.0,KOSPI,-1.32
019180,티에이치엔,4915.0,31415.0,31415.0,154404725.0,154404725.0,KOSPI,-1.4
444490,WON 미국S&P500,19855.0,9262.0,9262.0,183897010.0,183897010.0,KOSPI,-0.6
0052T0,1Q 중단기회사채(A-이상)액티브,50900.0,17.0,17.0,865300.0,865300.0,KOSPI,0.02
023000,삼원강재,2200.0,36249.0,36249.0,79747800.0,79747800.0,KOSPI,0.46
139990,아주스틸,2255.0,27909.0,27909.0,62934795.0,62934795.0,KOSPI,-1.1
530107,삼성 인버스 2X 코스닥150 선물 ETN,1454.0,40965186.0,40965186.0,59563380444.0,59563380444.0,KOSPI,2.04
468380,KODEX iShares미국하이일드액티브,10310.0,65371.0,65371.0,673975010.0,673975010.0,KOSPI,0.05
261270,KODEX 미국달러선물인버스,8365.0,9290.0,9290.0,77710850.0,77710850.0,KOSPI,0.18
325020,KODEX 배당가치,28045.0,3809.0,3809.0,106823405.0,106823405.0,KOSPI,-2.11
004140,동방,1809.0,75030.0,75030.0,135729270.0,135729270.0,KOSPI,-0.11
453330,RISE 미국S&P500(H),18390.0,25733.0,25733.0,473229870.0,473229870.0,KOSPI,-0.43
530061,삼성 레버리지 은 선물 ETN(H),28765.0,11268.0,11268.0,324124020.0,324124020.0,KOSPI,-5.52
329670,KODEX TRF7030,21560.0,6392.0,6392.0,137811520.0,137811520.0,KOSPI,-0.48
0220B0,DS 코스닥액티브,12680.0,416122.0,416122.0,5276426960.0,5276426960.0,KOSPI,1.89
0080Y0,SOL 조선TOP3플러스레버리지,6390.0,925542.0,925542.0,5914213380.0,5914213380.0,KOSPI,-7.05
004890,동일산업,35300.0,534.0,534.0,18850200.0,18850200.0,KOSPI,2.92
0066W0,SOL 국제금,11640.0,30980.0,30980.0,360607200.0,360607200.0,KOSPI,-0.68
485690,RISE 미국AI밸류체인TOP3Plus,23070.0,27007.0,27007.0,623051490.0,623051490.0,KOSPI,-1.6
454320,HANARO CAPEX설비투자iSelect,39635.0,3836.0,3836.0,152039860.0,152039860.0,KOSPI,-3.2
0007N0,아이엠에셋 200,106245.0,149.0,149.0,15830505.0,15830505.0,KOSPI,-2.63
211900,KODEX 코리아배당성장,26960.0,19579.0,19579.0,527849840.0,527849840.0,KOSPI,-1.57
580039,KB 레버리지 KOSPI 200 선물 ETN,169560.0,406.0,406.0,68841360.0,68841360.0,KOSPI,-5.71
006090,사조오양,8970.0,1703.0,1703.0,15275910.0,15275910.0,KOSPI,0.67
002600,조흥,139000.0,3.0,3.0,417000.0,417000.0,KOSPI,0.0
570120,한투 레버리지천연가스선물 ETN C,16665.0,19442.0,19442.0,324000930.0,324000930.0,KOSPI,6.66
000590,CS홀딩스,71700.0,1073.0,1073.0,76934100.0,76934100.0,KOSPI,1.41
329660,KODEX TRF5050,17605.0,3797.0,3797.0,66846185.0,66846185.0,KOSPI,-0.31
007980,TP,1755.0,79401.0,79401.0,139348755.0,139348755.0,KOSPI,-1.63
495040,PLUS 코리아밸류업,30430.0,2651.0,2651.0,80669930.0,80669930.0,KOSPI,-3.17
0017Y0,1Q 종합채권(AA-이상)액티브,94525.0,194.0,194.0,18337850.0,18337850.0,KOSPI,0.06
055490,테이팩스,17150.0,30869.0,30869.0,529403350.0,529403350.0,KOSPI,3.31
469060,RISE 미국반도체NYSE,37205.0,8759.0,8759.0,325878595.0,325878595.0,KOSPI,-1.7
000850,화천기공,36950.0,2637.0,2637.0,97437150.0,97437150.0,KOSPI,0.41
475280,ACE 8월만기자동연장회사채AA-이상액티브,10750.0,6.0,6.0,64500.0,64500.0,KOSPI,0.0
33626K,두산퓨얼셀1우,6070.0,10488.0,10488.0,63662160.0,63662160.0,KOSPI,-1.46
002220,한일철강,3030.0,444160.0,444160.0,1345804800.0,1345804800.0,KOSPI,4.66
0057H0,PLUS 미국S&P500미국채혼합50액티브,11375.0,24349.0,24349.0,276969875.0,276969875.0,KOSPI,-0.31
449770,KIWOOM 미국S&P500,20695.0,2844.0,2844.0,58856580.0,58856580.0,KOSPI,-0.6
011700,한신기계,2485.0,171639.0,171639.0,426522915.0,426522915.0,KOSPI,-3.68
460960,ACE 글로벌인컴TOP10,10250.0,25210.0,25210.0,258402500.0,258402500.0,KOSPI,-0.87
359210,KODEX 코스피TR,34750.0,13041.0,13041.0,453174750.0,453174750.0,KOSPI,-2.14
023800,인지컨트롤스,5050.0,17470.0,17470.0,88223500.0,88223500.0,KOSPI,0.6
298340,PLUS 국채선물3년,56620.0,10274.0,10274.0,581713880.0,581713880.0,KOSPI,0.04
001260,남광토건,8050.0,39386.0,39386.0,317057300.0,317057300.0,KOSPI,-0.12
108450,ACE 삼성그룹섹터가중,39385.0,6230.0,6230.0,245368550.0,245368550.0,KOSPI,-1.75
009180,한솔로지스틱스,2790.0,36727.0,36727.0,102468330.0,102468330.0,KOSPI,-0.36
111380,동인기연,12770.0,1161.0,1161.0,14825970.0,14825970.0,KOSPI,-0.39
0018C0,PLUS 고배당주위클리고정커버드콜,10140.0,66156.0,66156.0,670821840.0,670821840.0,KOSPI,-1.98
337140,KODEX 코스피대형주,35410.0,5588.0,5588.0,197871080.0,197871080.0,KOSPI,-2.26
0049M0,ACE 미국배당퀄리티+커버드콜액티브,10950.0,12907.0,12907.0,141331650.0,141331650.0,KOSPI,-0.05
069730,DSR제강,5370.0,6645.0,6645.0,35683650.0,35683650.0,KOSPI,-0.74
429760,PLUS 미국S&P500,19240.0,2995.0,2995.0,57623800.0,57623800.0,KOSPI,-0.62
004840,DRB동일,3980.0,38999.0,38999.0,155216020.0,155216020.0,KOSPI,-0.13
063160,종근당바이오,13980.0,83360.0,83360.0,1165372800.0,1165372800.0,KOSPI,-7.23
138530,TIGER LG그룹플러스,11935.0,37086.0,37086.0,442621410.0,442621410.0,KOSPI,-1.4
228810,TIGER 미디어컨텐츠,3125.0,395519.0,395519.0,1235996875.0,1235996875.0,KOSPI,0.97
005740,크라운해태홀딩스,5150.0,13227.0,13227.0,68119050.0,68119050.0,KOSPI,-1.34
0098N0,PLUS 자사주매입고배당주,12610.0,38597.0,38597.0,486708170.0,486708170.0,KOSPI,-2.21
163560,동일고무벨트,5460.0,9102.0,9102.0,49696920.0,49696920.0,KOSPI,-0.55
007590,동방아그로,5550.0,359.0,359.0,1992450.0,1992450.0,KOSPI,0.18
210780,TIGER 코스피고배당,22895.0,5491.0,5491.0,125716445.0,125716445.0,KOSPI,-1.1
0210E0,PLUS 200커버드콜액티브,7020.0,370306.0,370306.0,2599548120.0,2599548120.0,KOSPI,-2.3
365040,TIGER AI코리아그로스액티브,35430.0,6049.0,6049.0,214316070.0,214316070.0,KOSPI,-2.28
495750,HANARO 코리아밸류업,30300.0,162.0,162.0,4908600.0,4908600.0,KOSPI,-4.33
480370,씨케이솔루션,2285.0,1403665.0,1403665.0,3207374525.0,3207374525.0,KOSPI,8.81
000105,유한양행우,64400.0,631.0,631.0,40636400.0,40636400.0,KOSPI,-1.08
0238F0,KODEX 미국AI메모리TOP2플러스,10380.0,1052267.0,1052267.0,10922531460.0,10922531460.0,KOSPI,1.52
010960,삼호개발,3055.0,41384.0,41384.0,126428120.0,126428120.0,KOSPI,-0.81
007610,선도전기,4090.0,265712.0,265712.0,1086762080.0,1086762080.0,KOSPI,-3.54
0080X0,SOL 미국S&P500미국채혼합50,10515.0,36096.0,36096.0,379549440.0,379549440.0,KOSPI,-0.8
364960,TIGER BBIG,6210.0,30551.0,30551.0,189721710.0,189721710.0,KOSPI,-2.51
412770,TIGER 글로벌AI플랫폼액티브,12930.0,1256.0,1256.0,16240080.0,16240080.0,KOSPI,-1.0
465330,RISE 2차전지TOP10,12390.0,375547.0,375547.0,4653027330.0,4653027330.0,KOSPI,1.23
272910,ACE 중장기국공채액티브,106395.0,9.0,9.0,957555.0,957555.0,KOSPI,0.0
109070,주성코퍼레이션,6880.0,12549.0,12549.0,86337120.0,86337120.0,KOSPI,-2.27
0225V0,KODEX 미국CPU반도체TOP10,11720.0,946479.0,946479.0,11092733880.0,11092733880.0,KOSPI,-2.94
013870,지엠비코리아,3780.0,7284.0,7284.0,27533520.0,27533520.0,KOSPI,0.13
013360,일성건설,1327.0,139607.0,139607.0,185258489.0,185258489.0,KOSPI,-1.48
002700,신일전자,1039.0,421324.0,421324.0,437755636.0,437755636.0,KOSPI,-0.86
0240J0,RISE 삼성SK그룹,10170.0,374879.0,374879.0,3812519430.0,3812519430.0,KOSPI,-3.46
024900,디와이덕양,2185.0,67207.0,67207.0,146847295.0,146847295.0,KOSPI,0.23
0190Y0,TIGER 구글밸류체인,8780.0,36487.0,36487.0,320355860.0,320355860.0,KOSPI,-1.18
214330,금호에이치티,6800.0,30183.0,30183.0,205244400.0,205244400.0,KOSPI,-0.73
530115,삼성 레버리지 나스닥 100 TR ETN,71000.0,3590.0,3590.0,254890000.0,254890000.0,KOSPI,-1.07
002795,아모레퍼시픽홀딩스우,11110.0,1396.0,1396.0,15509560.0,15509560.0,KOSPI,-0.98
475350,RISE 버크셔포트폴리오TOP10,13880.0,30166.0,30166.0,418704080.0,418704080.0,KOSPI,-0.04
000230,일동홀딩스,6130.0,5958.0,5958.0,36522540.0,36522540.0,KOSPI,-2.23
292190,KODEX KRX300,47105.0,4526.0,4526.0,213197230.0,213197230.0,KOSPI,-2.17
005750,대림바스,4255.0,22715.0,22715.0,96652325.0,96652325.0,KOSPI,0.59
338100,NH프라임리츠,3780.0,74747.0,74747.0,282543660.0,282543660.0,KOSPI,0.0
031820,아이티센씨티에스,5810.0,27886.0,27886.0,162017660.0,162017660.0,KOSPI,0.52
120115,코오롱인더우,25400.0,3435.0,3435.0,87249000.0,87249000.0,KOSPI,-0.97
001560,제일연마,9220.0,2974.0,2974.0,27420280.0,27420280.0,KOSPI,0.66
007280,한국특강,2445.0,42844.0,42844.0,104753580.0,104753580.0,KOSPI,7.95
157490,TIGER 소프트웨어,7500.0,79701.0,79701.0,597757500.0,597757500.0,KOSPI,-3.23
010040,한국내화,1694.0,9206.0,9206.0,15594964.0,15594964.0,KOSPI,0.0
071090,하이스틸,3425.0,201582.0,201582.0,690418350.0,690418350.0,KOSPI,-0.87
550093,N2 전력인프라 Top5 ETN,34550.0,2951.0,2951.0,101957050.0,101957050.0,KOSPI,-4.41
490480,SOL K방산,25100.0,43714.0,43714.0,1097221400.0,1097221400.0,KOSPI,-4.44
418670,TIGER 글로벌AI사이버보안,19370.0,148283.0,148283.0,2872241710.0,2872241710.0,KOSPI,-2.17
017370,우신시스템,3750.0,14351.0,14351.0,53816250.0,53816250.0,KOSPI,2.04
0102A0,TIGER 미국AI소프트웨어TOP4Plus,8410.0,46525.0,46525.0,391275250.0,391275250.0,KOSPI,-1.75
009770,삼정펄프,27400.0,2342.0,2342.0,64170800.0,64170800.0,KOSPI,-1.44
095720,웅진씽크빅,1205.0,29408.0,29408.0,35436640.0,35436640.0,KOSPI,0.67
500071,신한 레버리지 코스닥 150 선물 ETN,27320.0,142.0,142.0,3879440.0,3879440.0,KOSPI,-3.39
0098Z0,FOCUS 200,90985.0,18.0,18.0,1637730.0,1637730.0,KOSPI,-2.34
130730,KIWOOM 단기자금,103325.0,778.0,778.0,80386850.0,80386850.0,KOSPI,-0.01
492500,1Q 현대차그룹채권(A+이상)&국고통안,51475.0,3392.0,3392.0,174603200.0,174603200.0,KOSPI,0.03
266420,KODEX 헬스케어,15805.0,23014.0,23014.0,363736270.0,363736270.0,KOSPI,-3.92
155660,DSR,4245.0,30156.0,30156.0,128012220.0,128012220.0,KOSPI,0.47
0022T0,SOL 국제금커버드콜액티브,11905.0,70463.0,70463.0,838862015.0,838862015.0,KOSPI,-0.67
453950,TIGER TSMC파운드리밸류체인,34780.0,9625.0,9625.0,334757500.0,334757500.0,KOSPI,-2.14
211560,TIGER 배당성장,33730.0,3352.0,3352.0,113062960.0,113062960.0,KOSPI,-1.33
001020,페이퍼코리아,1901.0,7749.0,7749.0,14730849.0,14730849.0,KOSPI,-1.66
004440,삼일씨엔에스,5310.0,28342.0,28342.0,150496020.0,150496020.0,KOSPI,-0.93
000180,성창기업지주,4840.0,13225.0,13225.0,64009000.0,64009000.0,KOSPI,0.21
011150,CJ씨푸드,1877.0,47099.0,47099.0,88404823.0,88404823.0,KOSPI,0.27
530131,삼성 인버스0.5X S&P500 VIX S/T선물 ETN B,22455.0,165.0,165.0,3705075.0,3705075.0,KOSPI,-0.73
010660,화천기계,3060.0,37196.0,37196.0,113819760.0,113819760.0,KOSPI,1.32
0222D0,KoAct 고배당액티브,9940.0,210410.0,210410.0,2091475400.0,2091475400.0,KOSPI,-1.29
079980,휴비스,1939.0,34929.0,34929.0,67727331.0,67727331.0,KOSPI,0.47
278620,PLUS 단기채권액티브,119415.0,4518.0,4518.0,539516970.0,539516970.0,KOSPI,0.02
520081,미래에셋 2X 미국 테크&반도체 TOP3 ETN,66800.0,2.0,2.0,133600.0,133600.0,KOSPI,-1.18
433880,PLUS TDF2060액티브 적격,18265.0,7809.0,7809.0,142631385.0,142631385.0,KOSPI,-0.16
228800,TIGER 여행레저,2600.0,123420.0,123420.0,320892000.0,320892000.0,KOSPI,-0.76
006980,우성,21550.0,2859.0,2859.0,61611450.0,61611450.0,KOSPI,29.59
085310,엔케이,8950.0,14239.0,14239.0,127439050.0,127439050.0,KOSPI,1.59
019680,대교,1643.0,25851.0,25851.0,42473193.0,42473193.0,KOSPI,1.92
0113D0,TIME 글로벌탑픽액티브,11590.0,18938.0,18938.0,219491420.0,219491420.0,KOSPI,-0.77
007815,코리아써우,22200.0,215.0,215.0,4773000.0,4773000.0,KOSPI,0.23
100220,비상교육,5060.0,9200.0,9200.0,46552000.0,46552000.0,KOSPI,1.5
0233A0,ACE 삼성전자SK하이닉스플러스채권혼합50,10580.0,54554.0,54554.0,577181320.0,577181320.0,KOSPI,-0.84
530126,삼성 코리아 밸류업 TR ETN,32700.0,2.0,2.0,65400.0,65400.0,KOSPI,-0.86
441540,HANARO Fn조선해운,24110.0,10620.0,10620.0,256048200.0,256048200.0,KOSPI,-3.87
278240,RISE 코스닥150선물레버리지,9040.0,74666.0,74666.0,674980640.0,674980640.0,KOSPI,-2.32
004720,팜젠사이언스,2860.0,11796.0,11796.0,33736560.0,33736560.0,KOSPI,-2.05
550084,N2 코스피 200 TR ETN,32350.0,11.0,11.0,355850.0,355850.0,KOSPI,-2.01
500096,신한 인버스2X 천연가스 선물 ETN B,12920.0,379.0,379.0,4896680.0,4896680.0,KOSPI,-6.61
550091,N2 방위산업 Top5 ETN,32190.0,6204.0,6204.0,199706760.0,199706760.0,KOSPI,-4.32
491700,HK 200,107245.0,560.0,560.0,60057200.0,60057200.0,KOSPI,-2.2
295020,RISE 국채선물10년인버스,60870.0,7.0,7.0,426090.0,426090.0,KOSPI,0.06
520080,미래에셋 미국 테크&반도체 TOP3 ETN,21400.0,2.0,2.0,42800.0,42800.0,KOSPI,-0.09
0123S0,HANARO 26-12 은행채(AA+이상)액티브,10215.0,502.0,502.0,5127930.0,5127930.0,KOSPI,0.0
473640,HANARO 글로벌금채굴기업,30125.0,11957.0,11957.0,360204625.0,360204625.0,KOSPI,-1.25
016090,대현,1420.0,17953.0,17953.0,25493260.0,25493260.0,KOSPI,0.35
004770,써니전자,1765.0,401926.0,401926.0,709399390.0,709399390.0,KOSPI,0.0
419890,KIWOOM 단기채권ESG액티브,107765.0,4240.0,4240.0,456923600.0,456923600.0,KOSPI,0.0
261240,KODEX 미국달러선물,13850.0,60265.0,60265.0,834670250.0,834670250.0,KOSPI,-0.22
009200,무림페이퍼,1500.0,21515.0,21515.0,32272500.0,32272500.0,KOSPI,-0.73
058730,다스코,3080.0,154623.0,154623.0,476238840.0,476238840.0,KOSPI,-1.91
277640,TIGER 코스피대형주,36650.0,16103.0,16103.0,590174950.0,590174950.0,KOSPI,-2.16
458750,TIGER 미국배당다우존스타겟커버드콜1호,11975.0,26955.0,26955.0,322786125.0,322786125.0,KOSPI,-0.75
520086,미래에셋-0.5X S&P500 VIX S/T선물 ETN(H)B,24860.0,23.0,23.0,571780.0,571780.0,KOSPI,-0.36
520095,미래에셋 레버리지 WTI원유 선물 ETN,24855.0,135665.0,135665.0,3371953575.0,3371953575.0,KOSPI,0.55
068290,삼성출판사,6190.0,3730.0,3730.0,23088700.0,23088700.0,KOSPI,-0.64
495940,RISE 미국AI테크액티브,19540.0,2300.0,2300.0,44942000.0,44942000.0,KOSPI,-2.01
018500,동원모빌리티,1312.0,66702.0,66702.0,87513024.0,87513024.0,KOSPI,0.08
455660,ACE 미국하이일드액티브(H),9150.0,17304.0,17304.0,158331600.0,158331600.0,KOSPI,-0.27
084680,이월드,2160.0,62064.0,62064.0,134058240.0,134058240.0,KOSPI,-4.42
570100,한투 일본종합상사TOP5 ETN,20330.0,5177.0,5177.0,105248410.0,105248410.0,KOSPI,-1.74
530067,삼성 KRX 금현물 ETN,30250.0,576.0,576.0,17424000.0,17424000.0,KOSPI,-0.71
0115E0,KODEX 코리아소버린AI,13890.0,16764.0,16764.0,232851960.0,232851960.0,KOSPI,-1.91
000220,유유제약,3830.0,45454.0,45454.0,174088820.0,174088820.0,KOSPI,-0.26
005870,휴니드,4270.0,50088.0,50088.0,213875760.0,213875760.0,KOSPI,-2.95
35320K,대덕전자1우,28700.0,14707.0,14707.0,422090900.0,422090900.0,KOSPI,3.24
002760,보락,999.0,46418.0,46418.0,46371582.0,46371582.0,KOSPI,0.5
440640,ACE 단기채권알파액티브,113030.0,10786.0,10786.0,1219141580.0,1219141580.0,KOSPI,0.0
580010,KB Wise 분할매매 ETN,9945.0,4.0,4.0,39780.0,39780.0,KOSPI,-4.65
275980,TIGER 글로벌4차산업혁신기술(합성 H),23715.0,2448.0,2448.0,58054320.0,58054320.0,KOSPI,-1.21
072130,유엔젤,4670.0,17946.0,17946.0,83807820.0,83807820.0,KOSPI,-0.64
0181L0,SOL 미국우주항공TOP10,7140.0,43251.0,43251.0,308812140.0,308812140.0,KOSPI,-3.64
580082,KB 레버리지 반도체 TOP10 TR ETN,23655.0,671.0,671.0,15872505.0,15872505.0,KOSPI,-2.97
372910,한컴라이프케어,2135.0,157574.0,157574.0,336420490.0,336420490.0,KOSPI,0.95
760018,키움 미국달러선물 ETN B,9845.0,1.0,1.0,9845.0,9845.0,KOSPI,-0.46
306950,KODEX KRX300레버리지,73365.0,2278.0,2278.0,167125470.0,167125470.0,KOSPI,-5.1
0040S0,HANARO 글로벌피지컬AI액티브,23440.0,63302.0,63302.0,1483798880.0,1483798880.0,KOSPI,-0.68
004450,삼화왕관,27200.0,563.0,563.0,15313600.0,15313600.0,KOSPI,-2.51
453640,KODEX 미국S&P500헬스케어,13620.0,26351.0,26351.0,358900620.0,358900620.0,KOSPI,0.41
111110,호전실업,6430.0,2537.0,2537.0,16312910.0,16312910.0,KOSPI,1.9
225040,TIGER 미국S&P500레버리지(합성 H),69170.0,4758.0,4758.0,329110860.0,329110860.0,KOSPI,-0.83
014990,인디에프,3855.0,114565.0,114565.0,441648075.0,441648075.0,KOSPI,0.0
140700,KODEX 보험,19955.0,47652.0,47652.0,950895660.0,950895660.0,KOSPI,-1.8
001465,BYC우,26800.0,1158.0,1158.0,31034400.0,31034400.0,KOSPI,-0.56
476260,HANARO 반도체핵심공정주도주,15710.0,653494.0,653494.0,10266390740.0,10266390740.0,KOSPI,4.77
530124,삼성 레버리지 일본니케이225선물 ETN(H),57280.0,120.0,120.0,6873600.0,6873600.0,KOSPI,-2.59
0220WL,한화머시너리앤서비스홀딩스3우B,2420.0,517228.0,517228.0,1251691760.0,1251691760.0,KOSPI,-0.41
006890,태경케미컬,4895.0,27370.0,27370.0,133976150.0,133976150.0,KOSPI,0.93
491220,PLUS 200TR,126090.0,8480.0,8480.0,1069243200.0,1069243200.0,KOSPI,-2.22
129260,인터지스,1907.0,23420.0,23420.0,44661940.0,44661940.0,KOSPI,0.42
252400,RISE 200선물레버리지,94130.0,3895.0,3895.0,366636350.0,366636350.0,KOSPI,-5.28
580034,KB 레버리지 FANG 플러스 ETN(H),112930.0,421.0,421.0,47543530.0,47543530.0,KOSPI,0.93
442560,RISE TDF2040액티브 적격,16320.0,12769.0,12769.0,208390080.0,208390080.0,KOSPI,-0.67
075180,새론오토모티브,2930.0,5851.0,5851.0,17143430.0,17143430.0,KOSPI,1.38
003465,유화증권우,3200.0,11.0,11.0,35200.0,35200.0,KOSPI,1.43
480310,TIGER 글로벌온디바이스AI,21475.0,15437.0,15437.0,331509575.0,331509575.0,KOSPI,-1.6
476750,ACE 미국30년국채엔화노출액티브(H),6725.0,79674.0,79674.0,535807650.0,535807650.0,KOSPI,-0.59
520100,미래에셋 레버리지 삼성전자 단일종목 ETN,11140.0,144884.0,144884.0,1614007760.0,1614007760.0,KOSPI,-5.11
003925,남양유업우,29450.0,996.0,996.0,29332200.0,29332200.0,KOSPI,-1.51
0172V0,1Q 은액티브,7425.0,147946.0,147946.0,1098499050.0,1098499050.0,KOSPI,-2.75
465660,TIGER 일본반도체FACTSET,26510.0,11090.0,11090.0,293995900.0,293995900.0,KOSPI,-2.0
580076,KB 레버리지 미국 나스닥 100 TR ETN B,27835.0,109.0,109.0,3034015.0,3034015.0,KOSPI,-0.94
0238P0,TIGER 미국S&P500미국채혼합50,10025.0,56653.0,56653.0,567946325.0,567946325.0,KOSPI,-0.35
210980,SK디앤디,2980.0,88483.0,88483.0,263679340.0,263679340.0,KOSPI,-2.93
003780,진양산업,4245.0,168394.0,168394.0,714832530.0,714832530.0,KOSPI,1.43
520056,미래에셋 레버리지 코스닥150 선물 ETN,27555.0,260918.0,260918.0,7189595490.0,7189595490.0,KOSPI,-1.76
000725,현대건설우,52000.0,2100.0,2100.0,109200000.0,109200000.0,KOSPI,1.17
0226A0,PLUS SK하이닉스샌디스크채권혼합50,10945.0,114559.0,114559.0,1253848255.0,1253848255.0,KOSPI,0.6
005320,온타이드,1600.0,329210.0,329210.0,526736000.0,526736000.0,KOSPI,2.83
090080,평화산업,991.0,80659.0,80659.0,79933069.0,79933069.0,KOSPI,-0.7
261070,TIGER 코스닥150바이오테크,11220.0,212015.0,212015.0,2378808300.0,2378808300.0,KOSPI,-5.36
025530,SJM홀딩스,3635.0,6763.0,6763.0,24583505.0,24583505.0,KOSPI,-0.14
455960,RISE 미국달러SOFR금리액티브(합성),11800.0,1375.0,1375.0,16225000.0,16225000.0,KOSPI,0.08
092440,기신정기,1849.0,54442.0,54442.0,100663258.0,100663258.0,KOSPI,-0.54
006125,SK디스커버리우,43800.0,1269.0,1269.0,55582200.0,55582200.0,KOSPI,-0.9
004830,덕성,3440.0,58444.0,58444.0,201047360.0,201047360.0,KOSPI,0.0
385590,ACE ESG액티브,23445.0,1392.0,1392.0,32635440.0,32635440.0,KOSPI,-2.19
610088,메리츠 레버리지 WTI원유 선물 ETN(H),53910.0,2434.0,2434.0,131216940.0,131216940.0,KOSPI,1.14
023810,인팩,5390.0,5905.0,5905.0,31827950.0,31827950.0,KOSPI,0.19
287180,PLUS 미국나스닥테크,56730.0,1239.0,1239.0,70288470.0,70288470.0,KOSPI,-1.5
37550K,DL이앤씨우,25400.0,3413.0,3413.0,86690200.0,86690200.0,KOSPI,-3.61
150460,TIGER 중국소비테마,7305.0,16175.0,16175.0,118158375.0,118158375.0,KOSPI,-1.28
28513K,SK케미칼우,25300.0,711.0,711.0,17988300.0,17988300.0,KOSPI,-0.78
007460,에이프로젠,2085.0,167157.0,167157.0,348522345.0,348522345.0,KOSPI,-3.47
0041D0,KODEX 미국AI소프트웨어TOP10,14060.0,29515.0,29515.0,414980900.0,414980900.0,KOSPI,-1.95
434960,DAISHIN K200,106335.0,76.0,76.0,8081460.0,8081460.0,KOSPI,-2.73
0000D0,TIGER 엔비디아미국채커버드콜밸런스(합성),8435.0,41246.0,41246.0,347910010.0,347910010.0,KOSPI,-1.06
520087,미래에셋 레버리지 KRX 금현물 ETN,26555.0,16648.0,16648.0,442087640.0,442087640.0,KOSPI,-1.54
378850,화승알앤에이,2790.0,32085.0,32085.0,89517150.0,89517150.0,KOSPI,-0.89
530113,삼성 레버리지 S&P500 선물 ETN,52965.0,3.0,3.0,158895.0,158895.0,KOSPI,-0.54
003475,유안타증권우,4115.0,11418.0,11418.0,46985070.0,46985070.0,KOSPI,-0.84
396690,미래에셋글로벌리츠,1324.0,40567.0,40567.0,53710708.0,53710708.0,KOSPI,-0.08
401470,KODEX 메타버스액티브,9115.0,4973.0,4973.0,45328895.0,45328895.0,KOSPI,-2.2
001550,조비,10080.0,13831.0,13831.0,139416480.0,139416480.0,KOSPI,-0.4
0046Y0,ACE 미국배당퀄리티,12150.0,6452.0,6452.0,78391800.0,78391800.0,KOSPI,-0.21
010770,평화홀딩스,3560.0,17881.0,17881.0,63656360.0,63656360.0,KOSPI,0.99
021050,서원,1096.0,61509.0,61509.0,67413864.0,67413864.0,KOSPI,-2.23
316670,KIWOOM 코스닥150,7580.0,754510.0,754510.0,5719185800.0,5719185800.0,KOSPI,-0.98
580068,KB S&P 레버리지 WTI원유 선물 ETN B,51760.0,4640.0,4640.0,240166400.0,240166400.0,KOSPI,0.79
114470,KIWOOM 국고채3년,107675.0,180.0,180.0,19381500.0,19381500.0,KOSPI,-0.02
012690,모나리자,1413.0,99353.0,99353.0,140385789.0,140385789.0,KOSPI,-0.35
304780,HANARO 200선물레버리지,114815.0,394.0,394.0,45237110.0,45237110.0,KOSPI,-5.32
101280,KODEX 일본TOPIX100,30005.0,6392.0,6392.0,191791960.0,191791960.0,KOSPI,-1.35
0141S0,SOL 조선기자재,7800.0,153971.0,153971.0,1200973800.0,1200973800.0,KOSPI,-4.7
479730,TIGER 인도빌리언컨슈머,8725.0,9007.0,9007.0,78586075.0,78586075.0,KOSPI,-0.85
101140,인바이오젠,5120.0,6734.0,6734.0,34478080.0,34478080.0,KOSPI,0.79
0166S0,PLUS K제조업핵심기업액티브,11260.0,35984.0,35984.0,405179840.0,405179840.0,KOSPI,-1.36
530133,삼성 블룸버그 레버리지 WTI원유선물 ETN B,51200.0,1210.0,1210.0,61952000.0,61952000.0,KOSPI,0.41
520072,미래에셋 미국 AI TOP3 ETN,17065.0,103.0,103.0,1757695.0,1757695.0,KOSPI,-0.2
0113P0,HK 머니마켓액티브,102765.0,41509.0,41509.0,4265672385.0,4265672385.0,KOSPI,0.01
005305,롯데칠성우,66000.0,355.0,355.0,23430000.0,23430000.0,KOSPI,0.0
292560,TIGER 일본엔선물,7835.0,54266.0,54266.0,425174110.0,425174110.0,KOSPI,0.19
0118Z0,ACE 미국AI테크핵심산업액티브,8625.0,9748.0,9748.0,84076500.0,84076500.0,KOSPI,-1.93
473490,KIWOOM 글로벌AI반도체,33840.0,32588.0,32588.0,1102777920.0,1102777920.0,KOSPI,-1.77
700029,하나 S&P 레버리지 WTI원유 선물 ETN B,50650.0,2030.0,2030.0,102819500.0,102819500.0,KOSPI,-0.71
500093,신한 블룸버그 레버리지 WTI원유선물 ETN B,50490.0,677.0,677.0,34181730.0,34181730.0,KOSPI,-0.45
123700,SJM,3230.0,16986.0,16986.0,54864780.0,54864780.0,KOSPI,-0.92
610061,메리츠 3X 레버리지 국채30년 ETN,25195.0,11015.0,11015.0,277522925.0,277522925.0,KOSPI,1.67
000950,전방,29900.0,887.0,887.0,26521300.0,26521300.0,KOSPI,0.0
275300,KODEX 우량주,29420.0,2796.0,2796.0,82258320.0,82258320.0,KOSPI,-2.9
520102,미래에셋 인버스 2X 코스피200 선물 ETN B,24985.0,1995276.0,1995276.0,49851970860.0,49851970860.0,KOSPI,5.18
006880,신송홀딩스,4220.0,9234.0,9234.0,38967480.0,38967480.0,KOSPI,-0.71
001620,케이비아이동국실업,2240.0,23466.0,23466.0,52563840.0,52563840.0,KOSPI,2.75
011390,부산산업,47150.0,3210.0,3210.0,151351500.0,151351500.0,KOSPI,0.0
475260,ACE 2월만기자동연장회사채AA-이상액티브,10775.0,501.0,501.0,5398275.0,5398275.0,KOSPI,0.0
002630,오리엔트바이오,1669.0,19401.0,19401.0,32380269.0,32380269.0,KOSPI,0.6
0111J0,HANARO 증권고배당TOP3플러스,11360.0,60677.0,60677.0,689290720.0,689290720.0,KOSPI,-2.53
011230,삼화전자,2570.0,115025.0,115025.0,295614250.0,295614250.0,KOSPI,-2.1
0139P0,ACE 고배당주,13130.0,5219.0,5219.0,68525470.0,68525470.0,KOSPI,-0.68
011300,우성머티리얼스,2855.0,73007.0,73007.0,208434985.0,208434985.0,KOSPI,3.07
580056,KB 일본 로보틱스 TOP 10 ETN,24605.0,191.0,191.0,4699555.0,4699555.0,KOSPI,-0.73
461340,HANARO 글로벌생성형AI액티브,44530.0,935.0,935.0,41635550.0,41635550.0,KOSPI,-0.93
218420,KODEX 미국S&P500에너지(합성),19925.0,20330.0,20330.0,405075250.0,405075250.0,KOSPI,-0.57
610101,메리츠 인버스 2X 은 선물 ETN(H),48780.0,3.0,3.0,146340.0,146340.0,KOSPI,2.22
445150,KODEX 친환경조선해운액티브,26250.0,9445.0,9445.0,247931250.0,247931250.0,KOSPI,-2.72
004410,서울식품,1229.0,126703.0,126703.0,155717987.0,155717987.0,KOSPI,1.32
009320,아진전자부품,982.0,40947.0,40947.0,40209954.0,40209954.0,KOSPI,-2.09
0118S0,SOL 미국넥스트테크TOP10액티브,10640.0,16388.0,16388.0,174368320.0,174368320.0,KOSPI,-1.89
0141T0,SOL 중기종합채권(AA-이상)액티브,50415.0,3.0,3.0,151245.0,151245.0,KOSPI,0.01
520092,미래에셋 레버리지 은 선물 ETN B,24125.0,37485.0,37485.0,904325625.0,904325625.0,KOSPI,-5.71
123310,TIGER 인버스,1150.0,2419161.0,2419161.0,2782035150.0,2782035150.0,KOSPI,2.5
0185L0,TIME 글로벌휴머노이드로봇산업액티브,6910.0,23557.0,23557.0,162778870.0,162778870.0,KOSPI,-3.29
580081,KB 인버스 2X 은 선물 ETN,47995.0,1332.0,1332.0,63929340.0,63929340.0,KOSPI,5.44
009835,한화솔루션우,18850.0,4849.0,4849.0,91403650.0,91403650.0,KOSPI,-1.05
520101,미래에셋 레버리지 SK하이닉스 단일종목ETN,9590.0,40646.0,40646.0,389795140.0,389795140.0,KOSPI,-4.91
336160,RISE 금융채액티브,99985.0,36.0,36.0,3599460.0,3599460.0,KOSPI,-0.07
442090,에셋플러스 코리아대장장이액티브,31820.0,310.0,310.0,9864200.0,9864200.0,KOSPI,-0.5
0178H0,IBK 미국AI TOP10국채혼합50,10355.0,32360.0,32360.0,335087800.0,335087800.0,KOSPI,1.32
0000Z0,RISE 바이오TOP10액티브,8115.0,164019.0,164019.0,1331014185.0,1331014185.0,KOSPI,-5.31
002140,고려산업,1902.0,91141.0,91141.0,173350182.0,173350182.0,KOSPI,-0.78
481430,RISE 국고채10년액티브,98155.0,784.0,784.0,76953520.0,76953520.0,KOSPI,-0.12
530143,삼성 인버스 2X 은 선물 ETN,47240.0,13186.0,13186.0,622906640.0,622906640.0,KOSPI,4.08
700027,하나 반도체 ETN,47075.0,21294.0,21294.0,1002415050.0,1002415050.0,KOSPI,0.02
204480,TIGER 차이나CSI300레버리지(합성),19775.0,17356.0,17356.0,343214900.0,343214900.0,KOSPI,-3.02
0207G0,SOL 우주항공밸류체인,7960.0,546520.0,546520.0,4350299200.0,4350299200.0,KOSPI,-1.61
253150,PLUS 200선물레버리지,187750.0,367.0,367.0,68904250.0,68904250.0,KOSPI,-5.39
570119,한투 인버스2X은선물 ETN,46865.0,10857.0,10857.0,508813305.0,508813305.0,KOSPI,5.95
473590,ACE 미국주식베스트셀러,19895.0,111991.0,111991.0,2228060945.0,2228060945.0,KOSPI,-1.44
447430,ACE 주주환원가치주액티브,16385.0,12231.0,12231.0,200404935.0,200404935.0,KOSPI,-0.97
0086B0,TIGER 리츠부동산인프라TOP10액티브,9510.0,29256.0,29256.0,278224560.0,278224560.0,KOSPI,0.0
002920,유성기업,1794.0,41442.0,41442.0,74346948.0,74346948.0,KOSPI,0.0
140950,파워 코스피100,82790.0,579.0,579.0,47935410.0,47935410.0,KOSPI,-2.85
004540,깨끗한나라,1244.0,24070.0,24070.0,29943080.0,29943080.0,KOSPI,0.97
520057,미래에셋 인버스 2X 코스닥150 선물 ETN,1465.0,11113988.0,11113988.0,16281992420.0,16281992420.0,KOSPI,2.23
084870,TBH글로벌,2255.0,3760.0,3760.0,8478800.0,8478800.0,KOSPI,2.27
442260,마이티 다이나믹퀀트액티브,37080.0,39.0,39.0,1446120.0,1446120.0,KOSPI,-2.93
041650,상신브레이크,2140.0,9424.0,9424.0,20167360.0,20167360.0,KOSPI,-0.93
357250,미래에셋맵스리츠,1838.0,5374.0,5374.0,9877412.0,9877412.0,KOSPI,-0.76
760016,키움 레버리지 조선TOP10 ETN,45920.0,780.0,780.0,35817600.0,35817600.0,KOSPI,-7.19
440910,WON 미국우주항공방산,20835.0,4341.0,4341.0,90444735.0,90444735.0,KOSPI,-3.05
152500,ACE 레버리지,41620.0,47466.0,47466.0,1975534920.0,1975534920.0,KOSPI,-5.64
0020H0,KoAct 글로벌양자컴퓨팅액티브,21800.0,11711.0,11711.0,255299800.0,255299800.0,KOSPI,-2.11
261220,KODEX WTI원유선물(H),26490.0,49374.0,49374.0,1307917260.0,1307917260.0,KOSPI,0.57
196030,ACE 일본TOPIX레버리지(H),91375.0,41.0,41.0,3746375.0,3746375.0,KOSPI,-2.14
760024,키움 인버스 2X K방산 TOP5 ETN,10145.0,7079.0,7079.0,71816455.0,71816455.0,KOSPI,8.56
0186S0,1Q 코스닥150채권혼합50액티브,8770.0,440349.0,440349.0,3861860730.0,3861860730.0,KOSPI,-0.51
000910,유니온,2910.0,23303.0,23303.0,67811730.0,67811730.0,KOSPI,-1.52
487130,KoAct AI인프라액티브,31275.0,7223.0,7223.0,225899325.0,225899325.0,KOSPI,-0.41
238720,ACE 일본Nikkei225(H),50315.0,1328.0,1328.0,66818320.0,66818320.0,KOSPI,-1.6
305050,ACE 코스피,69550.0,2509.0,2509.0,174500950.0,174500950.0,KOSPI,-2.16
440650,ACE 미국달러단기채권액티브,11245.0,63391.0,63391.0,712831795.0,712831795.0,KOSPI,-0.18
003080,SB성보,2245.0,8319.0,8319.0,18676155.0,18676155.0,KOSPI,0.0
0194T0,ACE SK하이닉스단일종목레버리지,8265.0,52297.0,52297.0,432234705.0,432234705.0,KOSPI,-5.05
520073,미래에셋 레버리지 미국 AI TOP3 ETN,44445.0,30.0,30.0,1333350.0,1333350.0,KOSPI,-0.73
276990,KODEX 글로벌로봇(합성),25085.0,2292.0,2292.0,57494820.0,57494820.0,KOSPI,-1.99
360140,KODEX 200롱코스닥150숏선물,20110.0,15870.0,15870.0,319145700.0,319145700.0,KOSPI,-1.64
004910,조광페인트,3455.0,11315.0,11315.0,39093325.0,39093325.0,KOSPI,0.88
004060,SG세계물산,2180.0,135822.0,135822.0,296091960.0,296091960.0,KOSPI,-0.23
371470,TIGER 차이나바이오테크SOLACTIVE,8350.0,18965.0,18965.0,158357750.0,158357750.0,KOSPI,-2.74
453650,KODEX 미국S&P500금융,17625.0,12895.0,12895.0,227274375.0,227274375.0,KOSPI,-0.62
011330,유니켐,4375.0,88187.0,88187.0,385818125.0,385818125.0,KOSPI,3.8
375770,KODEX 탄소효율그린뉴딜,24260.0,483.0,483.0,11717580.0,11717580.0,KOSPI,-2.08
200030,KODEX 미국S&P500산업재(합성),38635.0,1605.0,1605.0,62009175.0,62009175.0,KOSPI,-2.66
092780,DYP,3275.0,45712.0,45712.0,149706800.0,149706800.0,KOSPI,-1.36
017180,명문제약,1270.0,72951.0,72951.0,92647770.0,92647770.0,KOSPI,-3.42
014910,성문전자,1967.0,140670.0,140670.0,276697890.0,276697890.0,KOSPI,1.13
0089C0,KODEX 미국S&P500변동성확대시커버드콜,11180.0,767.0,767.0,8575060.0,8575060.0,KOSPI,-0.75
481850,신한글로벌액티브리츠,972.0,4587.0,4587.0,4458564.0,4458564.0,KOSPI,-0.31
520078,미래에셋 미국 제약 TOP3 ETN,14030.0,1.0,1.0,14030.0,14030.0,KOSPI,1.37
446070,유니드비티플러스,3950.0,23799.0,23799.0,94006050.0,94006050.0,KOSPI,0.38
0112X0,마이티 200TR,39775.0,16649.0,16649.0,662213975.0,662213975.0,KOSPI,-2.83
008420,문배철강,2030.0,31262.0,31262.0,63461860.0,63461860.0,KOSPI,-1.69
002870,신풍,1189.0,32222.0,32222.0,38311958.0,38311958.0,KOSPI,2.15
0132H0,KODEX 미국원자력SMR,6825.0,168274.0,168274.0,1148470050.0,1148470050.0,KOSPI,-5.41
570117,한투 인버스2XWTI원유선물 ETN B,1858.0,161836.0,161836.0,300691288.0,300691288.0,KOSPI,-1.33
026940,부국철강,2040.0,109864.0,109864.0,224122560.0,224122560.0,KOSPI,-1.45
007110,일신석재,2615.0,85586.0,85586.0,223807390.0,223807390.0,KOSPI,4.39
0239Z0,PLUS AI반도체소부장액티브,12440.0,418899.0,418899.0,5211103560.0,5211103560.0,KOSPI,0.53
256750,KODEX 차이나심천ChiNext(합성),13155.0,11707.0,11707.0,154005585.0,154005585.0,KOSPI,-3.27
491830,TIGER 미국AI반도체팹리스,23670.0,37053.0,37053.0,877044510.0,877044510.0,KOSPI,-2.07
049800,우진플라임,2010.0,23971.0,23971.0,48181710.0,48181710.0,KOSPI,1.46
183700,RISE 200채권혼합50,95265.0,1449.0,1449.0,138038985.0,138038985.0,KOSPI,-1.49
023350,한국종합기술,3650.0,15615.0,15615.0,56994750.0,56994750.0,KOSPI,-1.88
000215,DL우,23650.0,1011.0,1011.0,23910150.0,23910150.0,KOSPI,-2.67
100910,KIWOOM KRX100,16590.0,330.0,330.0,5474700.0,5474700.0,KOSPI,-2.7
401170,RISE 메타버스,10365.0,1405.0,1405.0,14562825.0,14562825.0,KOSPI,-2.72
0194M0,ACE 삼성전자단일종목레버리지,11165.0,42965.0,42965.0,479704225.0,479704225.0,KOSPI,-4.61
009810,MDS스피어,1944.0,1758.0,1758.0,3417552.0,3417552.0,KOSPI,3.29
520082,미래에셋 미국 자율주행대표기업 ETN,13160.0,146.0,146.0,1921360.0,1921360.0,KOSPI,-0.08
472830,RISE 미국30년국채커버드콜(합성),7110.0,11130.0,11130.0,79134300.0,79134300.0,KOSPI,-0.49
472840,IBK 200,105135.0,944.0,944.0,99247440.0,99247440.0,KOSPI,-2.94
450910,SOL 코스닥150,14865.0,25684.0,25684.0,381792660.0,381792660.0,KOSPI,-1.0
002360,SH에너지화학,3520.0,85984.0,85984.0,302663680.0,302663680.0,KOSPI,3.53
008870,금비,38950.0,184.0,184.0,7166800.0,7166800.0,KOSPI,0.65
448570,FOCUS AI코리아액티브,28745.0,25.0,25.0,718625.0,718625.0,KOSPI,-3.28
500094,신한 블룸버그 인버스2X WTI원유선물 ETN B,1843.0,241930.0,241930.0,445876990.0,445876990.0,KOSPI,-0.81
520074,미래에셋 미국 방위산업 TOP3 ETN,12855.0,2.0,2.0,25710.0,25710.0,KOSPI,-1.98
520091,미래에셋 인버스 천연가스 선물 ETN B,9620.0,11579.0,11579.0,111389980.0,111389980.0,KOSPI,-3.51
145270,케이탑리츠,800.0,14620.0,14620.0,11696000.0,11696000.0,KOSPI,0.0
004920,씨아이테크,7360.0,14816.0,14816.0,109045760.0,109045760.0,KOSPI,2.08
570102,한투 레버리지나스닥100 ETN B,19160.0,50.0,50.0,958000.0,958000.0,KOSPI,-0.75
139320,TIGER 금은선물(H),17030.0,6899.0,6899.0,117489970.0,117489970.0,KOSPI,-0.7
012280,영화금속,3865.0,10056.0,10056.0,38866440.0,38866440.0,KOSPI,2.25
469050,RISE 미국반도체NYSE(H),34745.0,34389.0,34389.0,1194845805.0,1194845805.0,KOSPI,-1.56
139280,TIGER 경기방어,11940.0,6473.0,6473.0,77287620.0,77287620.0,KOSPI,-2.09
322410,HANARO K고배당,21780.0,4883.0,4883.0,106351740.0,106351740.0,KOSPI,-1.45
023960,에쓰씨엔지니어링,1002.0,19044.0,19044.0,19082088.0,19082088.0,KOSPI,-0.1
011420,갤럭시아에스엠,1379.0,29433.0,29433.0,40588107.0,40588107.0,KOSPI,-1.57
500095,신한 S&P500 VIX S/T 선물 ETN E,6330.0,1210.0,1210.0,7659300.0,7659300.0,KOSPI,1.2
0189B0,TIGER 은액티브,7210.0,55724.0,55724.0,401770040.0,401770040.0,KOSPI,-2.3
275280,KODEX 모멘텀주,42020.0,1306.0,1306.0,54878120.0,54878120.0,KOSPI,-3.08
0007G0,PLUS 글로벌원자력밸류체인,12230.0,13968.0,13968.0,170828640.0,170828640.0,KOSPI,-3.21
365000,TIGER 인터넷TOP10,3645.0,71939.0,71939.0,262217655.0,262217655.0,KOSPI,-2.15
428510,KODEX 차이나AI테크액티브,21760.0,4832.0,4832.0,105144320.0,105144320.0,KOSPI,-3.25
494840,TIGER 미국방산TOP10,11040.0,20005.0,20005.0,220855200.0,220855200.0,KOSPI,-1.82
610038,메리츠 레버리지 미국채30년 ETN(H),3695.0,6032.0,6032.0,22288240.0,22288240.0,KOSPI,-0.67
000890,보해양조,1334.0,115608.0,115608.0,154221072.0,154221072.0,KOSPI,1.44
134790,시디즈,18410.0,76.0,76.0,1399160.0,1399160.0,KOSPI,-0.81
276650,RISE 글로벌테크놀로지(합성 H),49085.0,250.0,250.0,12271250.0,12271250.0,KOSPI,-1.27
0204S0,TIGER 코스닥액티브,8410.0,120126.0,120126.0,1010259660.0,1010259660.0,KOSPI,2.06
570029,한투 코스피양매도3%OTM ETN,7320.0,137.0,137.0,1002840.0,1002840.0,KOSPI,-0.68
133820,화인베스틸,986.0,92102.0,92102.0,90812572.0,90812572.0,KOSPI,2.07
494410,PLUS 미국S&P500성장주,14505.0,12430.0,12430.0,180297150.0,180297150.0,KOSPI,-0.65
464470,PLUS 미국채30년액티브,43435.0,6494.0,6494.0,282066890.0,282066890.0,KOSPI,-0.39
449690,TIGER 한중반도체(합성),48225.0,47.0,47.0,2266575.0,2266575.0,KOSPI,0.21
008250,이건산업,3300.0,31559.0,31559.0,104144700.0,104144700.0,KOSPI,0.76
195930,TIGER 유로스탁스50(합성 H),22520.0,2627.0,2627.0,59160040.0,59160040.0,KOSPI,-1.7
027740,마니커,1134.0,22556.0,22556.0,25578504.0,25578504.0,KOSPI,0.98
760005,키움 INDXX 미국테크탑10 ETN,35690.0,3.0,3.0,107070.0,107070.0,KOSPI,-0.85
009140,케이아이이,22700.0,8454.0,8454.0,191905800.0,191905800.0,KOSPI,-4.42
0234N0,KIWOOM 삼성SK그룹TOP4+,10030.0,265010.0,265010.0,2658050300.0,2658050300.0,KOSPI,-3.74
352540,KODEX 일본부동산리츠(H),10420.0,6050.0,6050.0,63041000.0,63041000.0,KOSPI,-0.76
051630,진양화학,1670.0,257810.0,257810.0,430542700.0,430542700.0,KOSPI,-2.91
570103,한투 인버스2X나스닥100 ETN B,3535.0,14223.0,14223.0,50278305.0,50278305.0,KOSPI,0.86
610089,메리츠 인버스 2X WTI원유 선물 ETN(H),2075.0,784518.0,784518.0,1627874850.0,1627874850.0,KOSPI,-0.95
000760,이화산업,12590.0,1300.0,1300.0,16367000.0,16367000.0,KOSPI,2.11
610078,메리츠 3X 레버리지 미국채30년 ETN,29370.0,11787.0,11787.0,346184190.0,346184190.0,KOSPI,-0.94
400970,TIGER Fn메타버스,6995.0,15339.0,15339.0,107296305.0,107296305.0,KOSPI,-3.18
117460,KODEX 에너지화학,14695.0,75550.0,75550.0,1110207250.0,1110207250.0,KOSPI,-0.31
104530,KIWOOM 코리아고배당,17060.0,3836.0,3836.0,65442160.0,65442160.0,KOSPI,-1.07
0197W0,SOL SK하이닉스단일종목레버리지,8085.0,172780.0,172780.0,1396926300.0,1396926300.0,KOSPI,-4.55
385520,KODEX 자율주행액티브,16255.0,7338.0,7338.0,119279190.0,119279190.0,KOSPI,-0.37
407830,에셋플러스 글로벌플랫폼액티브,14520.0,1310.0,1310.0,19021200.0,19021200.0,KOSPI,-1.12
580069,KB S&P 인버스 2X WTI원유 선물 ETN B,1882.0,48848.0,48848.0,91931936.0,91931936.0,KOSPI,-1.05
276970,KODEX 미국S&P500배당귀족커버드콜(합성 H),7400.0,17754.0,17754.0,131379600.0,131379600.0,KOSPI,-1.46
570127,한투 인버스2X코스피200선물 ETN,34780.0,3040.0,3040.0,105731200.0,105731200.0,KOSPI,5.78
252710,TIGER 200선물인버스2X,85.0,158886600.0,158886600.0,13505361000.0,13505361000.0,KOSPI,6.25
0085N0,ACE 미국10년국채액티브(H),9385.0,193952.0,193952.0,1820239520.0,1820239520.0,KOSPI,0.05
530118,삼성 코스닥 150 TR ETN,11560.0,52220.0,52220.0,603663200.0,603663200.0,KOSPI,-0.99
010640,진양폴리,2075.0,66210.0,66210.0,137385750.0,137385750.0,KOSPI,0.0
241390,RISE V&S셀렉트밸류채권혼합,15750.0,1453.0,1453.0,22884750.0,22884750.0,KOSPI,-0.94
520099,미래에셋 인버스 2X 반도체 ETN,2660.0,6369804.0,6369804.0,16943678640.0,16943678640.0,KOSPI,-1.85
002880,디와이에이,3675.0,7150.0,7150.0,26276250.0,26276250.0,KOSPI,0.55
013000,세우글로벌,1196.0,27350.0,27350.0,32710600.0,32710600.0,KOSPI,-1.24
009460,한창제지,2760.0,5918.0,5918.0,16333680.0,16333680.0,KOSPI,1.66
449780,KIWOOM 미국S&P500(H),18885.0,28607.0,28607.0,540243195.0,540243195.0,KOSPI,-0.53
570118,한투 인버스2X천연가스선물 ETN B,8495.0,50400.0,50400.0,428148000.0,428148000.0,KOSPI,-6.85
0184E0,1Q 200채권혼합50액티브,10940.0,116037.0,116037.0,1269444780.0,1269444780.0,KOSPI,-1.26
012160,영흥,2155.0,8079.0,8079.0,17410245.0,17410245.0,KOSPI,3.11
014130,한익스프레스,2845.0,53255.0,53255.0,151510475.0,151510475.0,KOSPI,1.25
147970,TIGER 모멘텀,76375.0,2721.0,2721.0,207816375.0,207816375.0,KOSPI,-3.35
266360,KODEX K콘텐츠,9070.0,8415.0,8415.0,76324050.0,76324050.0,KOSPI,-2.16
459560,KODEX 테슬라밸류체인FactSet,22320.0,3243.0,3243.0,72383760.0,72383760.0,KOSPI,-2.53
004365,세방우,9070.0,6239.0,6239.0,56587730.0,56587730.0,KOSPI,-0.33
380340,ACE 코리아AI테크핵심산업,27880.0,5367.0,5367.0,149631960.0,149631960.0,KOSPI,-2.52
005820,원림,14540.0,911.0,911.0,13245940.0,13245940.0,KOSPI,0.83
138910,KODEX 구리선물(H),10080.0,43209.0,43209.0,435546720.0,435546720.0,KOSPI,0.85
491090,KODEX 미국테크TOP3플러스,18475.0,16121.0,16121.0,297835475.0,297835475.0,KOSPI,-0.46
500102,신한 블룸버그 2X 천연가스 선물 ETN B,16610.0,2788.0,2788.0,46308680.0,46308680.0,KOSPI,6.47
500085,신한 코스피 200 TR ETN,33125.0,12.0,12.0,397500.0,397500.0,KOSPI,-1.53
520096,미래에셋 인버스 2X WTI원유 선물 ETN,13160.0,585268.0,585268.0,7702126880.0,7702126880.0,KOSPI,-1.57
520079,미래에셋 레버리지 미국 제약 TOP3 ETN,32855.0,121.0,121.0,3975455.0,3975455.0,KOSPI,2.67
530148,삼성 인버스 2X 코스피200 선물 ETN B,32605.0,1179849.0,1179849.0,38468976645.0,38468976645.0,KOSPI,4.5
474800,KIWOOM 미국원유에너지기업,15525.0,36371.0,36371.0,564659775.0,564659775.0,KOSPI,-0.61
530117,삼성 코스피 200 TR ETN,32570.0,2152.0,2152.0,70090640.0,70090640.0,KOSPI,-2.75
500040,신한 레버리지 구리 선물 ETN,32555.0,192.0,192.0,6250560.0,6250560.0,KOSPI,1.42
475070,KoAct 글로벌친환경전력인프라액티브,29595.0,2710.0,2710.0,80202450.0,80202450.0,KOSPI,-2.92
261060,TIGER 코스닥150IT,29500.0,33418.0,33418.0,985831000.0,985831000.0,KOSPI,1.79
0023B0,PLUS 미국양자컴퓨팅TOP10,15080.0,28365.0,28365.0,427744200.0,427744200.0,KOSPI,-2.52
0138T0,RISE 미국S&P500데일리고정커버드콜,9260.0,10872.0,10872.0,100674720.0,100674720.0,KOSPI,-0.54
122260,KIWOOM 통안채1년,104435.0,8.0,8.0,835480.0,835480.0,KOSPI,0.02
0089B0,PLUS 미국나스닥100미국채혼합50,11160.0,17363.0,17363.0,193771080.0,193771080.0,KOSPI,-0.31
0192T0,SOL 코스닥TOP10,7605.0,328869.0,328869.0,2501048745.0,2501048745.0,KOSPI,-0.98
446690,KODEX 아시아AI반도체exChina액티브,64565.0,6609.0,6609.0,426710085.0,426710085.0,KOSPI,-1.24
217770,TIGER 원유선물인버스(H),1110.0,341720.0,341720.0,379309200.0,379309200.0,KOSPI,-0.72
580077,KB 인버스 2X 미국 나스닥 100 TR ETN B,10710.0,2879.0,2879.0,30834090.0,30834090.0,KOSPI,0.42
0192L0,RISE SK하이닉스단일종목레버리지,8390.0,19348.0,19348.0,162329720.0,162329720.0,KOSPI,-5.09
006370,대구백화점,2965.0,14173.0,14173.0,42022945.0,42022945.0,KOSPI,-0.84
0150K0,KoAct 수소전력ESS인프라액티브,11640.0,35058.0,35058.0,408075120.0,408075120.0,KOSPI,-0.56
0154F0,WON 초대형IB&금융지주,11615.0,14479.0,14479.0,168173585.0,168173585.0,KOSPI,-1.78
0166N0,PLUS 코스닥150액티브,9380.0,61384.0,61384.0,575781920.0,575781920.0,KOSPI,0.97
0218J0,RISE 미국우주&로봇TOP2미국채혼합50,9240.0,92628.0,92628.0,855882720.0,855882720.0,KOSPI,-0.86
105780,RISE 5대그룹주,15920.0,3602.0,3602.0,57343840.0,57343840.0,KOSPI,-2.18
090370,메타랩스,1164.0,14074.0,14074.0,16382136.0,16382136.0,KOSPI,1.66
452250,ACE 미국30년국채선물레버리지(합성 H),4095.0,17000.0,17000.0,69615000.0,69615000.0,KOSPI,-0.61
261250,KODEX 미국달러선물레버리지,14965.0,59883.0,59883.0,896149095.0,896149095.0,KOSPI,-0.33
498860,RISE 코리아금융고배당,15860.0,6650.0,6650.0,105469000.0,105469000.0,KOSPI,-2.58
494340,ACE 글로벌AI맞춤형반도체,21080.0,12853.0,12853.0,270941240.0,270941240.0,KOSPI,-2.27
003535,한화투자증권우,6470.0,16576.0,16576.0,107246720.0,107246720.0,KOSPI,-1.37
395290,HANARO Fn K-POP&미디어,4850.0,47465.0,47465.0,230205250.0,230205250.0,KOSPI,-1.02
464920,PLUS 일본반도체소부장,25840.0,44318.0,44318.0,1145177120.0,1145177120.0,KOSPI,-1.71
322400,HANARO e커머스,9320.0,352.0,352.0,3280640.0,3280640.0,KOSPI,-1.53
024070,WISCOM,2005.0,5230.0,5230.0,10486150.0,10486150.0,KOSPI,1.57
025750,한솔홈데코,1897.0,7735.0,7735.0,14673295.0,14673295.0,KOSPI,1.61
261140,TIGER 우선주,23840.0,8538.0,8538.0,203545920.0,203545920.0,KOSPI,-1.83
468630,KODEX iShares미국투자등급회사채액티브,10135.0,9096.0,9096.0,92187960.0,92187960.0,KOSPI,-0.05
387270,TIGER 글로벌이노베이션액티브,26220.0,3457.0,3457.0,90642540.0,90642540.0,KOSPI,-0.98
156080,KODEX MSCI Korea,50690.0,2069.0,2069.0,104877610.0,104877610.0,KOSPI,-2.44
010400,우진아이엔에스,3970.0,21501.0,21501.0,85358970.0,85358970.0,KOSPI,0.0
459750,RISE 글로벌주식분산액티브,17290.0,5483.0,5483.0,94801070.0,94801070.0,KOSPI,-0.46
275290,KODEX 가치주,33530.0,763.0,763.0,25583390.0,25583390.0,KOSPI,-2.9
099140,KODEX 차이나H,19645.0,14462.0,14462.0,284105990.0,284105990.0,KOSPI,-0.66
001070,대한방직,5670.0,13572.0,13572.0,76953240.0,76953240.0,KOSPI,0.53
395170,KODEX Top10동일가중,15020.0,10962.0,10962.0,164649240.0,164649240.0,KOSPI,-2.18
426150,WON 대한민국국고채액티브,51605.0,26.0,26.0,1341730.0,1341730.0,KOSPI,0.0
459790,KIWOOM 미국성장기업30액티브,20590.0,33.0,33.0,679470.0,679470.0,KOSPI,-0.91
520090,미래에셋 천연가스 선물 ETN B,7455.0,96689.0,96689.0,720816495.0,720816495.0,KOSPI,3.25
469790,KIWOOM 코리아테크TOP10,42595.0,215.0,215.0,9157925.0,9157925.0,KOSPI,-2.19
0100K0,KODEX 방산TOP10레버리지,4960.0,1479228.0,1479228.0,7336970880.0,7336970880.0,KOSPI,-7.55
227540,TIGER 200 헬스케어,17705.0,28002.0,28002.0,495775410.0,495775410.0,KOSPI,-3.99
570082,한투 인버스2X코스닥150선물 ETN,1480.0,96160.0,96160.0,142316800.0,142316800.0,KOSPI,2.28
289480,TIGER 200커버드콜,12840.0,41494.0,41494.0,532782960.0,532782960.0,KOSPI,-2.36
570072,한투 레버리지구리선물 ETN,29485.0,1.0,1.0,29485.0,29485.0,KOSPI,0.96
465350,RISE 2차전지TOP10인버스(합성),14705.0,126725.0,126725.0,1863491125.0,1863491125.0,KOSPI,-1.04
069640,한세엠케이,1353.0,14602.0,14602.0,19756506.0,19756506.0,KOSPI,-4.65
520077,미래에셋 -1.5X 천연가스 선물 ETN,11750.0,55393.0,55393.0,650867750.0,650867750.0,KOSPI,-5.62
174360,RISE 중국본토대형주CSI100,20980.0,22532.0,22532.0,472721360.0,472721360.0,KOSPI,-5.09
139270,TIGER 200 금융,15950.0,25334.0,25334.0,404077300.0,404077300.0,KOSPI,-2.48
025890,한국주강,2630.0,3766.0,3766.0,9904580.0,9904580.0,KOSPI,0.38
248270,TIGER S&P글로벌헬스케어(합성),25240.0,2819.0,2819.0,71151560.0,71151560.0,KOSPI,0.56
153270,KIWOOM 코스피100,81325.0,1566.0,1566.0,127354950.0,127354950.0,KOSPI,-2.77
088790,진도,2350.0,12472.0,12472.0,29309200.0,29309200.0,KOSPI,1.51
476690,TIGER 글로벌비만치료제TOP2Plus,9750.0,9603.0,9603.0,93629250.0,93629250.0,KOSPI,1.51
308170,씨티알모빌리티,3390.0,5289.0,5289.0,17929710.0,17929710.0,KOSPI,2.11
0155N0,HANARO K휴머노이드테마TOP10,7470.0,43086.0,43086.0,321852420.0,321852420.0,KOSPI,-2.92
500023,신한 콩 선물 ETN(H),14525.0,1.0,1.0,14525.0,14525.0,KOSPI,-0.62
520093,미래에셋 인버스 2X 은 선물 ETN B,2420.0,188142.0,188142.0,455303640.0,455303640.0,KOSPI,5.91
036420,콘텐트리중앙,1504.0,21956.0,21956.0,33021824.0,33021824.0,KOSPI,-1.57
0083S0,1Q 미국메디컬AI,11080.0,57289.0,57289.0,634762120.0,634762120.0,KOSPI,-1.86
450190,KODEX 한중반도체(합성),47895.0,23.0,23.0,1101585.0,1101585.0,KOSPI,-1.59
019175,신풍제약우,14420.0,3851.0,3851.0,55531420.0,55531420.0,KOSPI,-6.36
023150,MH에탄올,4610.0,18589.0,18589.0,85695290.0,85695290.0,KOSPI,1.54
192720,파워 고배당저변동성,55900.0,909.0,909.0,50813100.0,50813100.0,KOSPI,-1.86
006570,대림통상,1869.0,34248.0,34248.0,64009512.0,64009512.0,KOSPI,1.74
145850,TREX 펀더멘탈 200,113585.0,2.0,2.0,227170.0,227170.0,KOSPI,-2.0
256440,ACE MSCI인도네시아(합성),4645.0,21373.0,21373.0,99277585.0,99277585.0,KOSPI,-0.43
0223R0,TIGER 미국테크NYSE100액티브,9825.0,22685.0,22685.0,222880125.0,222880125.0,KOSPI,-1.45
0192M0,RISE 삼성전자단일종목레버리지,11315.0,32422.0,32422.0,366854930.0,366854930.0,KOSPI,-4.51
700017,하나 레버리지 코스닥150 선물 ETN,27935.0,50.0,50.0,1396750.0,1396750.0,KOSPI,-4.28
500035,신한 레버리지 미국달러 선물 ETN,13940.0,250.0,250.0,3485000.0,3485000.0,KOSPI,-0.54
0155M0,ACE 미국SMR원자력TOP10,6105.0,41493.0,41493.0,253314765.0,253314765.0,KOSPI,-4.24
245350,TIGER 유로스탁스배당30,17325.0,10880.0,10880.0,188496000.0,188496000.0,KOSPI,-1.56
0224X0,1Q 엔비디아알파벳미국채혼합50,9690.0,70369.0,70369.0,681875610.0,681875610.0,KOSPI,-0.41
570081,한투 레버리지코스닥150선물 ETN,27590.0,38258.0,38258.0,1055538220.0,1055538220.0,KOSPI,-8.03
003680,한성기업,4440.0,843031.0,843031.0,3743057640.0,3743057640.0,KOSPI,0.57
117680,KODEX 철강,11910.0,18679.0,18679.0,222466890.0,222466890.0,KOSPI,0.51
352560,KODEX 미국부동산리츠(H),11200.0,1953.0,1953.0,21873600.0,21873600.0,KOSPI,-0.97
009190,대양금속,610.0,4121494.0,4121494.0,2514111340.0,2514111340.0,KOSPI,-8.27
489290,WON 미국빌리어네어,14780.0,1122.0,1122.0,16583160.0,16583160.0,KOSPI,-0.64
0049K0,ACE 미국배당퀄리티채권혼합50,10930.0,8409.0,8409.0,91910370.0,91910370.0,KOSPI,-0.41
760004,키움 인버스 미국달러선물 ETN,10060.0,7.0,7.0,70420.0,70420.0,KOSPI,0.0
530106,삼성 레버리지 코스닥150 선물 ETN,27160.0,181637.0,181637.0,4933260920.0,4933260920.0,KOSPI,-2.11
007120,미래아이앤지,988.0,39837.0,39837.0,39358956.0,39358956.0,KOSPI,0.82
176950,KODEX 국채선물10년인버스,60685.0,3291.0,3291.0,199714335.0,199714335.0,KOSPI,0.07
253250,KIWOOM 200선물레버리지,92740.0,928.0,928.0,86062720.0,86062720.0,KOSPI,-5.19
223190,KODEX 200가치저변동,26750.0,1224.0,1224.0,32742000.0,32742000.0,KOSPI,-2.16
002690,동일제강,1315.0,15003.0,15003.0,19728945.0,19728945.0,KOSPI,-0.15
167860,KIWOOM 국고채10년레버리지,91995.0,42.0,42.0,3863790.0,3863790.0,KOSPI,0.02
496770,PLUS 글로벌방산,14775.0,4460.0,4460.0,65896500.0,65896500.0,KOSPI,-2.99
415920,PLUS 글로벌희토류&전략자원생산기업,5595.0,49786.0,49786.0,278552670.0,278552670.0,KOSPI,-3.7
0013R0,RISE 테슬라미국채타겟커버드콜혼합(합성),7355.0,8380.0,8380.0,61634900.0,61634900.0,KOSPI,-0.2
0137W0,KIWOOM 미국S&P500&GOLD,10135.0,13834.0,13834.0,140207590.0,140207590.0,KOSPI,-0.34
0107F0,KIWOOM 미국고배당&AI테크,10530.0,2268.0,2268.0,23882040.0,23882040.0,KOSPI,-1.17
0223A0,RISE 코스닥커버드콜액티브,11960.0,265519.0,265519.0,3175607240.0,3175607240.0,KOSPI,2.35
610028,메리츠 레버리지 구리 선물 ETN(H),26275.0,86.0,86.0,2259650.0,2259650.0,KOSPI,2.16
004270,남성,5760.0,3832.0,3832.0,22072320.0,22072320.0,KOSPI,3.04
570069,한투 레버리지플래티넘선물 ETN,26245.0,785.0,785.0,20602325.0,20602325.0,KOSPI,-4.39
118000,메타케어,1182.0,27788.0,27788.0,32845416.0,32845416.0,KOSPI,-1.42
610075,메리츠 3X 레버리지 미국채10년 ETN,43435.0,481.0,481.0,20892235.0,20892235.0,KOSPI,-0.69
481340,RISE 미국30년국채액티브,7665.0,43264.0,43264.0,331618560.0,331618560.0,KOSPI,-0.45
33637K,솔루스첨단소재1우,1535.0,7340.0,7340.0,11266900.0,11266900.0,KOSPI,-0.52
271060,KODEX 3대농산물선물(H),8650.0,10720.0,10720.0,92728000.0,92728000.0,KOSPI,-1.93
476070,KODEX 글로벌비만치료제TOP2 Plus,9975.0,8398.0,8398.0,83770050.0,83770050.0,KOSPI,1.94
033250,체시스,4050.0,17893.0,17893.0,72466650.0,72466650.0,KOSPI,1.12
520047,미래에셋 인버스 2X 옥수수 선물 ETN,25830.0,325.0,325.0,8394750.0,8394750.0,KOSPI,2.5
530063,삼성 레버리지 구리 선물 ETN(H),25820.0,4361.0,4361.0,112601020.0,112601020.0,KOSPI,1.79
139250,TIGER 200 에너지화학,18150.0,43529.0,43529.0,790051350.0,790051350.0,KOSPI,-1.52
483570,KCGI 미국S&P500 TOP10,16090.0,1210.0,1210.0,19468900.0,19468900.0,KOSPI,-0.06
437350,RISE 미국단기투자등급회사채액티브,11690.0,6959.0,6959.0,81350710.0,81350710.0,KOSPI,-0.13
0047R0,RISE 팔란티어고정테크100,15585.0,3375.0,3375.0,52599375.0,52599375.0,KOSPI,-0.67
006345,대원전선우,9810.0,39575.0,39575.0,388230750.0,388230750.0,KOSPI,-0.51
002355,넥센타이어1우B,3955.0,165.0,165.0,652575.0,652575.0,KOSPI,-0.13
570124,한투 인버스은선물 ETN,12820.0,596.0,596.0,7640720.0,7640720.0,KOSPI,2.23
580070,KB 레버리지 2차전지 TOP 10 TR ETN,25555.0,7105.0,7105.0,181568275.0,181568275.0,KOSPI,4.09
440340,TIGER 글로벌멀티에셋TIF액티브,11265.0,3682.0,3682.0,41477730.0,41477730.0,KOSPI,-0.31
277540,ACE 아시아TOP50,31670.0,438.0,438.0,13871460.0,13871460.0,KOSPI,-1.74
003060,에이프로젠바이오로직스,1554.0,92645.0,92645.0,143970330.0,143970330.0,KOSPI,0.91
530138,삼성 KRX 레버리지 2차전지 TOP10 TR ETN,25230.0,4694.0,4694.0,118429620.0,118429620.0,KOSPI,1.84
475380,RISE 글로벌리얼티인컴,9480.0,5088.0,5088.0,48234240.0,48234240.0,KOSPI,-1.25
415340,KODEX 차이나과창판STAR50(합성),12055.0,25455.0,25455.0,306860025.0,306860025.0,KOSPI,-5.45
0152E0,SOL 배당성향탑픽액티브,10360.0,5875.0,5875.0,60865000.0,60865000.0,KOSPI,-1.8
006490,프리티,1400.0,42339.0,42339.0,59274600.0,59274600.0,KOSPI,-4.18
367740,HANARO Fn5G산업,44990.0,455.0,455.0,20470450.0,20470450.0,KOSPI,0.33
0115C0,RISE 미국고배당다우존스TOP10,10305.0,17216.0,17216.0,177410880.0,177410880.0,KOSPI,-0.05
493420,SOL 미국배당다우존스2호,11750.0,3523.0,3523.0,41395250.0,41395250.0,KOSPI,-0.89
0203S0,WON 삼성전자현대차채권혼합50,8315.0,17522.0,17522.0,145695430.0,145695430.0,KOSPI,-1.31
580057,KB 일본 컨슈머 TOP 10 ETN,12255.0,22.0,22.0,269610.0,269610.0,KOSPI,-0.04
610022,메리츠 미국채10년 ETN(H),8110.0,89.0,89.0,721790.0,721790.0,KOSPI,0.06
003495,대한항공우,21900.0,1430.0,1430.0,31317000.0,31317000.0,KOSPI,0.0
610001,메리츠 인플레이션 국채 ETN,12155.0,2.0,2.0,24310.0,24310.0,KOSPI,0.21
368190,HANARO Fn K-뉴딜디지털플러스,7580.0,3400.0,3400.0,25772000.0,25772000.0,KOSPI,-1.88
0097L0,KIWOOM 한국고배당&미국AI테크,12425.0,3869.0,3869.0,48072325.0,48072325.0,KOSPI,-0.92
0093D0,KoAct 팔란티어밸류체인액티브,18560.0,3170.0,3170.0,58835200.0,58835200.0,KOSPI,-0.8
357430,마스턴프리미어리츠,790.0,6886.0,6886.0,5439940.0,5439940.0,KOSPI,1.15
496120,ACE 코리아밸류업,32130.0,3595.0,3595.0,115507350.0,115507350.0,KOSPI,-2.04
292500,SOL KRX300,48090.0,47.0,47.0,2260230.0,2260230.0,KOSPI,-2.96
245360,TIGER 차이나HSCEI,11400.0,9470.0,9470.0,107958000.0,107958000.0,KOSPI,-0.7
610069,메리츠 KAP 레버리지 일본 엔화 ETN,15865.0,20779.0,20779.0,329658835.0,329658835.0,KOSPI,-0.13
0127R0,RISE 미국AI클라우드인프라,16985.0,10640.0,10640.0,180720400.0,180720400.0,KOSPI,-2.61
292160,TIGER KRX300,47315.0,240.0,240.0,11355600.0,11355600.0,KOSPI,-2.44
414270,ACE 글로벌자율주행액티브,10990.0,3566.0,3566.0,39190340.0,39190340.0,KOSPI,-1.66
0209Z0,ACE 코리아AI전력TOP10,6810.0,185316.0,185316.0,1262001960.0,1262001960.0,KOSPI,-2.01
159800,마이티 코스피100,83590.0,480.0,480.0,40123200.0,40123200.0,KOSPI,-2.81
479850,HANARO K-뷰티,17285.0,44086.0,44086.0,762026510.0,762026510.0,KOSPI,-1.98
0193L0,PLUS 삼성전자선물단일종목인버스2X,8440.0,1461593.0,1461593.0,12335844920.0,12335844920.0,KOSPI,4.65
0177A0,WON 두산그룹포커스,9080.0,40417.0,40417.0,366986360.0,366986360.0,KOSPI,-2.99
195970,PLUS 선진국MSCI(합성 H),15695.0,8436.0,8436.0,132403020.0,132403020.0,KOSPI,-1.54
530128,삼성 레버리지 미국다우존스 선물 ETN,22865.0,628.0,628.0,14359220.0,14359220.0,KOSPI,-1.87
001380,SG글로벌,1016.0,330882.0,330882.0,336176112.0,336176112.0,KOSPI,-8.05
138230,KIWOOM 미국달러선물,15725.0,1480.0,1480.0,23273000.0,23273000.0,KOSPI,0.03
0238C0,IBK 한미대표기업TOP2+채권혼합50액티브,10130.0,302.0,302.0,3059260.0,3059260.0,KOSPI,-0.49
0047P0,RISE 테슬라고정테크100,14700.0,3239.0,3239.0,47613300.0,47613300.0,KOSPI,-0.57
0103T0,1Q K소버린AI,7855.0,188296.0,188296.0,1479065080.0,1479065080.0,KOSPI,-2.78
442550,RISE TDF2030액티브 적격,14675.0,4070.0,4070.0,59727250.0,59727250.0,KOSPI,-0.44
185680,KODEX 미국S&P바이오(합성),42725.0,922.0,922.0,39392450.0,39392450.0,KOSPI,-0.41
364690,KODEX 혁신기술테마액티브,37840.0,537.0,537.0,20320080.0,20320080.0,KOSPI,-2.96
700012,하나 인버스 2X 옥수수 선물 ETN(H),22695.0,4.0,4.0,90780.0,90780.0,KOSPI,3.54
0164G0,RISE 차이나AI반도체TOP4Plus,10790.0,6763.0,6763.0,72972770.0,72972770.0,KOSPI,-4.05
261120,TIGER 미국달러선물인버스2X,5635.0,3057.0,3057.0,17226195.0,17226195.0,KOSPI,0.27
469160,ACE 일본반도체,26295.0,3238.0,3238.0,85143210.0,85143210.0,KOSPI,-1.61
388280,RISE K엔터&여행레저,6895.0,5843.0,5843.0,40287485.0,40287485.0,KOSPI,-0.93
550085,N2 코스닥 150 TR ETN,11160.0,4.0,4.0,44640.0,44640.0,KOSPI,-0.8
004870,티웨이홀딩스,984.0,22240.0,22240.0,21884160.0,21884160.0,KOSPI,1.13
760008,키움 코스닥 150 TR ETN,11105.0,6.0,6.0,66630.0,66630.0,KOSPI,-0.89
33626L,두산퓨얼셀2우B,7420.0,2523.0,2523.0,18720660.0,18720660.0,KOSPI,0.13
447660,PLUS 애플채권혼합,13800.0,6764.0,6764.0,93343200.0,93343200.0,KOSPI,0.11
464600,SOL 자동차소부장Fn,24505.0,6387.0,6387.0,156513435.0,156513435.0,KOSPI,-0.63
239660,PLUS 우량회사채50,122025.0,1333.0,1333.0,162659325.0,162659325.0,KOSPI,0.0
0186L0,KoAct 미국로봇피지컬AI액티브,9530.0,5796.0,5796.0,55235880.0,55235880.0,KOSPI,-0.99
071950,코아스,1515.0,104149.0,104149.0,157785735.0,157785735.0,KOSPI,3.91
012170,아센디오,3000.0,19093.0,19093.0,57279000.0,57279000.0,KOSPI,-4.46
300950,KODEX 게임산업,5210.0,54686.0,54686.0,284914060.0,284914060.0,KOSPI,-4.4
433220,에셋플러스 글로벌대장장이액티브,29480.0,227.0,227.0,6691960.0,6691960.0,KOSPI,-1.93
419430,KODEX 차이나2차전지MSCI(합성),7780.0,2844.0,2844.0,22126320.0,22126320.0,KOSPI,-1.02
030720,동원수산,4680.0,103592.0,103592.0,484810560.0,484810560.0,KOSPI,4.93
282000,RISE 국고채3년선물인버스,115145.0,4.0,4.0,460580.0,460580.0,KOSPI,0.01
0206G0,1Q 현대차기아채권혼합50,7490.0,226082.0,226082.0,1693354180.0,1693354180.0,KOSPI,-1.45
570130,한투 인버스2X베트남VN30선물 ETN(H) B,21715.0,201.0,201.0,4364715.0,4364715.0,KOSPI,3.58
0239Y0,PLUS 코리아HBM반도체,10850.0,107213.0,107213.0,1163261050.0,1163261050.0,KOSPI,0.79
500100,신한 금 선물 ETN,10790.0,366.0,366.0,3949140.0,3949140.0,KOSPI,-0.37
376410,TIGER 탄소효율그린뉴딜,23970.0,264.0,264.0,6328080.0,6328080.0,KOSPI,-2.26
304770,HANARO 코스닥150,15175.0,11207.0,11207.0,170066225.0,170066225.0,KOSPI,-1.04
760012,키움 반도체TOP10 ETN,30770.0,369.0,369.0,11354130.0,11354130.0,KOSPI,-2.36
461450,KODEX 코스닥글로벌,16525.0,8540.0,8540.0,141123500.0,141123500.0,KOSPI,-0.6
471460,KIWOOM 국고채30년액티브,46340.0,8923.0,8923.0,413491820.0,413491820.0,KOSPI,0.54
280930,KODEX 미국러셀2000(H),15715.0,2046.0,2046.0,32152890.0,32152890.0,KOSPI,-1.38
225130,ACE 골드선물 레버리지(합성 H),42395.0,838.0,838.0,35527010.0,35527010.0,KOSPI,-0.88
0026E0,KODEX 미국S&P500버퍼3월액티브,11455.0,31.0,31.0,355105.0,355105.0,KOSPI,-0.26
520105,미래에셋 코스닥150 선물 ETN B,10575.0,141918.0,141918.0,1500782850.0,1500782850.0,KOSPI,-1.54
269420,KODEX S&P글로벌인프라(합성),20455.0,1033.0,1033.0,21130015.0,21130015.0,KOSPI,-1.14
375760,HANARO 탄소효율그린뉴딜,23385.0,192.0,192.0,4489920.0,4489920.0,KOSPI,-4.36
108590,TREX 200,105205.0,57.0,57.0,5996685.0,5996685.0,KOSPI,-2.7
006740,블루산업개발,3530.0,247688.0,247688.0,874338640.0,874338640.0,KOSPI,-20.67
0190M0,KIWOOM 미국AI테크하이베타,8550.0,30910.0,30910.0,264280500.0,264280500.0,KOSPI,-2.51
520104,미래에셋 인버스 코스피200 선물 ETN B,10470.0,329490.0,329490.0,3449760300.0,3449760300.0,KOSPI,2.5
008775,호텔신라우,27850.0,237.0,237.0,6600450.0,6600450.0,KOSPI,0.36
760028,키움 인버스 2X 반도체TOP10 ETN,2610.0,2034314.0,2034314.0,5309559540.0,5309559540.0,KOSPI,3.98
570122,한투 인버스금선물 ETN,10410.0,17.0,17.0,176970.0,176970.0,KOSPI,0.14
461600,SOL 미국30년국채액티브(H),7810.0,20877.0,20877.0,163049370.0,163049370.0,KOSPI,-0.45
580067,KB 인도 디지털 Select 5 ETN,10345.0,1.0,1.0,10345.0,10345.0,KOSPI,0.53
253290,RISE 헬스케어채권혼합,11465.0,3199.0,3199.0,36676535.0,36676535.0,KOSPI,-0.99
580072,KB 화웨이 밸류체인 ETN,10315.0,130.0,130.0,1340950.0,1340950.0,KOSPI,-4.09
152380,KODEX 국채선물10년,64850.0,567.0,567.0,36769950.0,36769950.0,KOSPI,-0.1
411540,SOL 200 Top10,15830.0,10366.0,10366.0,164093780.0,164093780.0,KOSPI,-3.27
0192S0,SOL 코스피200채권혼합50,9340.0,112002.0,112002.0,1046098680.0,1046098680.0,KOSPI,-0.64
371450,TIGER 글로벌클라우드컴퓨팅INDXX,13510.0,2722.0,2722.0,36774220.0,36774220.0,KOSPI,-1.42
005360,모나미,1086.0,2340208.0,2340208.0,2541465888.0,2541465888.0,KOSPI,5.03
001420,태원물산,2700.0,39387.0,39387.0,106344900.0,106344900.0,KOSPI,2.86
610103,메리츠 솔랙티브 레버리지 금 선물 ETN(H),20475.0,4.0,4.0,81900.0,81900.0,KOSPI,-0.82
610036,메리츠 인버스 2X 대표 농산물 선물 ETN(H),20470.0,789.0,789.0,16150830.0,16150830.0,KOSPI,3.44
300640,RISE 게임테마,6265.0,982.0,982.0,6152230.0,6152230.0,KOSPI,-3.02
404120,TIME K신재생에너지액티브,25445.0,2144.0,2144.0,54554080.0,54554080.0,KOSPI,-0.55
0231Z0,KODEX 코리아TDF2065액티브 적격,10145.0,558229.0,558229.0,5663233205.0,5663233205.0,KOSPI,-1.74
337120,KODEX 멀티팩터,33805.0,18.0,18.0,608490.0,608490.0,KOSPI,-1.66
760026,키움 레버리지 전력 TOP5 ETN,13490.0,230648.0,230648.0,3111441520.0,3111441520.0,KOSPI,-7.29
226980,KODEX 200 중소형,22450.0,4743.0,4743.0,106480350.0,106480350.0,KOSPI,-1.54
0198D0,1Q SK하이닉스선물단일종목레버리지,8525.0,17843.0,17843.0,152111575.0,152111575.0,KOSPI,-5.44
001685,대상우,14700.0,994.0,994.0,14611800.0,14611800.0,KOSPI,0.2
610040,메리츠 인버스 2X 미국채30년 ETN(H),20085.0,34.0,34.0,682890.0,682890.0,KOSPI,-0.05
364990,TIGER 게임TOP10,4410.0,207566.0,207566.0,915366060.0,915366060.0,KOSPI,-4.13
289040,KODEX MSCI KOREA ESG유니버설,33425.0,15.0,15.0,501375.0,501375.0,KOSPI,-0.62
550097,N2 레버리지 코스닥150 선물 ETN,19955.0,19777.0,19777.0,394650035.0,394650035.0,KOSPI,-1.55
530116,삼성 인버스 2X 나스닥 100 TR ETN,3985.0,99041.0,99041.0,394678385.0,394678385.0,KOSPI,0.63
580073,KB 레버리지 화웨이 밸류체인 ETN,19795.0,3.0,3.0,59385.0,59385.0,KOSPI,-1.83
289250,TIGER MSCI KOREA ESG유니버설,34720.0,2.0,2.0,69440.0,69440.0,KOSPI,0.0
530130,삼성 S&P500 VIX S/T 선물 ETN B,6580.0,64310.0,64310.0,423159800.0,423159800.0,KOSPI,0.92
489000,PLUS 일본엔화초단기국채(합성),8965.0,27586.0,27586.0,247308490.0,247308490.0,KOSPI,-0.06
204450,KODEX 차이나H레버리지(H),2075.0,9491.0,9491.0,19693825.0,19693825.0,KOSPI,-1.19
610087,메리츠 WTI원유 선물 ETN(H),19610.0,4.0,4.0,78440.0,78440.0,KOSPI,-1.26
000040,KR모터스,992.0,15593.0,15593.0,15468256.0,15468256.0,KOSPI,-0.5
477730,KODEX 인도타타그룹,6595.0,14104.0,14104.0,93015880.0,93015880.0,KOSPI,-0.75
463300,RISE 중국본토CSI300,12115.0,299.0,299.0,3622385.0,3622385.0,KOSPI,-1.5
461910,PLUS 미국테크TOP10레버리지(합성),38590.0,582.0,582.0,22459380.0,22459380.0,KOSPI,-0.45
437070,KODEX 아시아달러채권ESG플러스액티브,55765.0,340.0,340.0,18960100.0,18960100.0,KOSPI,-0.1
550088,N2 월간 레버리지 선진국 1등주 ETN,19230.0,1.0,1.0,19230.0,19230.0,KOSPI,-3.0
404260,KODEX 기후변화솔루션,24025.0,70.0,70.0,1681750.0,1681750.0,KOSPI,-1.4
530112,삼성 S&P500 TR ETN,19190.0,100.0,100.0,1919000.0,1919000.0,KOSPI,-0.67
00499K,롯데지주우,23800.0,438.0,438.0,10424400.0,10424400.0,KOSPI,-1.65
417630,TIGER KEDI혁신기업ESG30,18215.0,1952.0,1952.0,35555680.0,35555680.0,KOSPI,-3.29
0241R0,TIGER 현대차LG전자고정피지컬AI밸류체인,9560.0,356117.0,356117.0,3404478520.0,3404478520.0,KOSPI,-3.04
379790,RISE 유로스탁스50(H),16610.0,1639.0,1639.0,27223790.0,27223790.0,KOSPI,-1.6
520103,미래에셋 코스피200 선물 ETN B,9510.0,491324.0,491324.0,4672491240.0,4672491240.0,KOSPI,-2.36
610104,메리츠 솔랙티브 인버스 2X 금 선물 ETN(H),19015.0,57.0,57.0,1083855.0,1083855.0,KOSPI,1.04
091220,TIGER 은행,16020.0,24462.0,24462.0,391881240.0,391881240.0,KOSPI,-2.58
456680,TIGER 차이나전기차레버리지(합성),4605.0,39898.0,39898.0,183730290.0,183730290.0,KOSPI,-2.64
011090,에넥스,1580.0,209224.0,209224.0,330573920.0,330573920.0,KOSPI,2.66
520106,미래에셋 인버스 코스닥150 선물 ETN B,9355.0,438329.0,438329.0,4100567795.0,4100567795.0,KOSPI,1.24
169950,KODEX 차이나A50,23355.0,115.0,115.0,2685825.0,2685825.0,KOSPI,-0.66
497780,KoAct 미국천연가스인프라액티브,9825.0,11667.0,11667.0,114628275.0,114628275.0,KOSPI,-1.16
530132,삼성 블룸버그 WTI원유 선물 ETN B,18660.0,10826.0,10826.0,202013160.0,202013160.0,KOSPI,-0.21
530119,삼성 레버리지 항셍테크 TR ETN(H) B,18645.0,66.0,66.0,1230570.0,1230570.0,KOSPI,-4.51
0067V0,TIGER 차이나글로벌리더스TOP3+,8460.0,1251.0,1251.0,10583460.0,10583460.0,KOSPI,-2.31
570129,한투 레버리지베트남VN30선물 ETN(H) B,18585.0,1.0,1.0,18585.0,18585.0,KOSPI,0.0
108675,LX하우시스우,18000.0,2355.0,2355.0,42390000.0,42390000.0,KOSPI,-0.55
461900,PLUS 미국테크TOP10,23145.0,1069.0,1069.0,24742005.0,24742005.0,KOSPI,0.15
487950,KODEX 대만테크고배당다우존스,12740.0,4685.0,4685.0,59686900.0,59686900.0,KOSPI,-0.74
228820,TIGER KTOP30,18430.0,6800.0,6800.0,125324000.0,125324000.0,KOSPI,-2.38
580074,KB BYD 밸류체인 ETN,9215.0,132.0,132.0,1216380.0,1216380.0,KOSPI,-1.97
465670,TIGER 미국캐시카우100,15345.0,2050.0,2050.0,31457250.0,31457250.0,KOSPI,-1.22
0153X0,PLUS 미국고배당주액티브,10225.0,6841.0,6841.0,69949225.0,69949225.0,KOSPI,-1.59
183710,RISE 주식혼합,91710.0,126.0,126.0,11555460.0,11555460.0,KOSPI,-1.74
445910,TIGER MKF배당귀족,20360.0,809.0,809.0,16471240.0,16471240.0,KOSPI,-0.71
760021,키움 코스피200 선물 달러노출 ETN,26165.0,7.0,7.0,183155.0,183155.0,KOSPI,-3.0
304760,HANARO KRX300,45735.0,69.0,69.0,3155715.0,3155715.0,KOSPI,-3.91
002070,비비안,3810.0,37992.0,37992.0,144749520.0,144749520.0,KOSPI,2.56
284980,RISE 200금융,21265.0,6017.0,6017.0,127951505.0,127951505.0,KOSPI,-2.43
229720,KODEX KTOP30,36525.0,1472.0,1472.0,53764800.0,53764800.0,KOSPI,-2.05
213630,PLUS 미국다우존스고배당주(합성 H),19850.0,2597.0,2597.0,51550450.0,51550450.0,KOSPI,-0.63
276000,TIGER 글로벌자원생산기업(합성 H),20235.0,2065.0,2065.0,41785275.0,41785275.0,KOSPI,-1.29
385600,ACE 2차전지&친환경차액티브,12080.0,7118.0,7118.0,85985440.0,85985440.0,KOSPI,0.46
381560,HANARO Fn전기&수소차,17220.0,1681.0,1681.0,28946820.0,28946820.0,KOSPI,-3.1
0104P0,TIGER 코리아배당다우존스위클리커버드콜,10600.0,5736.0,5736.0,60801600.0,60801600.0,KOSPI,-1.17
445690,BNK 주주가치액티브,29945.0,53.0,53.0,1587085.0,1587085.0,KOSPI,-0.27
195920,TIGER 일본TOPIX(합성 H),35795.0,1180.0,1180.0,42238100.0,42238100.0,KOSPI,-0.5
449580,RISE 테슬라애플아마존채권혼합,16245.0,6948.0,6948.0,112870260.0,112870260.0,KOSPI,0.22
438320,TIGER 차이나항셍테크레버리지(합성 H),4115.0,24367.0,24367.0,100270205.0,100270205.0,KOSPI,-4.08
0018Z0,RISE 미국양자컴퓨팅,17745.0,1028.0,1028.0,18241860.0,18241860.0,KOSPI,-1.5
580089,KB 솔랙티브 레버리지 금 선물 ETN,17580.0,1518.0,1518.0,26686440.0,26686440.0,KOSPI,-0.93
451600,PLUS 국고채30년액티브,86135.0,670.0,670.0,57710450.0,57710450.0,KOSPI,0.48
570125,한투 솔랙티브레버리지금선물 ETN,17515.0,18.0,18.0,315270.0,315270.0,KOSPI,-1.49
416090,ACE 중국과창판STAR50,10910.0,17023.0,17023.0,185720930.0,185720930.0,KOSPI,-4.76
227830,PLUS 코스피,69290.0,186.0,186.0,12887940.0,12887940.0,KOSPI,-2.5
225060,TIGER 이머징마켓MSCI레버리지(합성 H),16315.0,32.0,32.0,522080.0,522080.0,KOSPI,-1.81
0086C0,TIGER 리츠부동산인프라10채권혼합액티브,9845.0,12561.0,12561.0,123663045.0,123663045.0,KOSPI,0.2
570071,한투 구리선물 ETN,17205.0,53.0,53.0,911865.0,911865.0,KOSPI,0.38
457690,KODEX 33-06 국고채액티브,10530.0,13982.0,13982.0,147230460.0,147230460.0,KOSPI,0.0
0144M0,KODEX 미국드론UAM TOP10,5970.0,17982.0,17982.0,107352540.0,107352540.0,KOSPI,-2.69
391670,HK 베스트일레븐액티브,28330.0,163.0,163.0,4617790.0,4617790.0,KOSPI,-2.56
760022,키움 K방산 TOP5 ETN,8490.0,557.0,557.0,4728930.0,4728930.0,KOSPI,-5.09
289260,TIGER MSCI KOREA ESG리더스,28275.0,615.0,615.0,17389125.0,17389125.0,KOSPI,-2.11
477490,에셋플러스 글로벌일등기업포커스10액티브,18830.0,271.0,271.0,5102930.0,5102930.0,KOSPI,-0.89
407310,HANARO 200 TOP10,15395.0,3275.0,3275.0,50418625.0,50418625.0,KOSPI,-3.99
580071,KB 인버스 2X 천연가스 선물 ETN B,8455.0,20705.0,20705.0,175060775.0,175060775.0,KOSPI,-6.83
292050,RISE KRX300,48315.0,59.0,59.0,2850585.0,2850585.0,KOSPI,-2.47
468370,KODEX iShares미국인플레이션국채액티브,10030.0,12406.0,12406.0,124432180.0,124432180.0,KOSPI,-0.05
580075,KB 레버리지 BYD 밸류체인 ETN,16630.0,4.0,4.0,66520.0,66520.0,KOSPI,-1.89
580086,KB 솔랙티브 레버리지 천연가스 선물 ETN,16605.0,10225.0,10225.0,169786125.0,169786125.0,KOSPI,7.41
219390,RISE 미국S&P원유생산기업(합성 H),8260.0,6627.0,6627.0,54739020.0,54739020.0,KOSPI,0.55
0065G0,KODEX 차이나테크TOP10,7680.0,5839.0,5839.0,44843520.0,44843520.0,KOSPI,-1.48
0105D0,SOL 한국AI소프트웨어,8675.0,14431.0,14431.0,125188925.0,125188925.0,KOSPI,-1.59
580090,KB 솔랙티브 인버스 2X 금 선물 ETN,16410.0,3135.0,3135.0,51445350.0,51445350.0,KOSPI,0.4
494420,PLUS 미국배당증가성장주데일리커버드콜,8580.0,8807.0,8807.0,75564060.0,75564060.0,KOSPI,-0.75
460660,RISE 미국S&P배당킹,10865.0,1813.0,1813.0,19698245.0,19698245.0,KOSPI,-1.14
488290,MIDAS 일본테크액티브,46530.0,136.0,136.0,6328080.0,6328080.0,KOSPI,-2.19
580066,KB 인도 대형 성장주 Select 5 ETN,8135.0,13.0,13.0,105755.0,105755.0,KOSPI,-3.67
250730,RISE 차이나HSCEI(H),9560.0,324.0,324.0,3097440.0,3097440.0,KOSPI,0.53
0051A0,KoAct 브로드컴밸류체인액티브,24980.0,2338.0,2338.0,58403240.0,58403240.0,KOSPI,-1.28
530120,삼성 나스닥 100 TR ETN,16180.0,46.0,46.0,744280.0,744280.0,KOSPI,-0.58
005725,넥센우,4490.0,3004.0,3004.0,13487960.0,13487960.0,KOSPI,0.0
483330,ACE 마이크로소프트밸류체인액티브,15315.0,12340.0,12340.0,188987100.0,188987100.0,KOSPI,-1.23
0233N0,RISE 글로벌AI낸드메모리반도체,10680.0,169314.0,169314.0,1808273520.0,1808273520.0,KOSPI,-0.28
570121,한투 금선물 ETN,7935.0,115.0,115.0,912525.0,912525.0,KOSPI,-0.63
474920,에셋플러스 차이나일등기업포커스10액티브,16865.0,448.0,448.0,7555520.0,7555520.0,KOSPI,-1.8
610039,메리츠 인버스 미국채30년 ETN(H),15700.0,1.0,1.0,15700.0,15700.0,KOSPI,0.42
465770,STX그린로지스,2170.0,636143.0,636143.0,1380430310.0,1380430310.0,KOSPI,0.7
520076,미래에셋 1.5X 천연가스 선물 ETN,6230.0,11225.0,11225.0,69931750.0,69931750.0,KOSPI,4.88
18064K,한진칼우,29300.0,2174.0,2174.0,63698200.0,63698200.0,KOSPI,-1.35
432840,HANARO 미국S&P500,19405.0,639.0,639.0,12399795.0,12399795.0,KOSPI,-0.61
610085,메리츠 레버리지 미국채30년 스트립 ETN(H),25855.0,1851.0,1851.0,47857605.0,47857605.0,KOSPI,-1.39
131890,ACE 삼성그룹동일가중,38500.0,1850.0,1850.0,71225000.0,71225000.0,KOSPI,-2.9
004105,태양금속우,4660.0,85098.0,85098.0,396556680.0,396556680.0,KOSPI,3.67
0207Z0,KIWOOM 미국우주데이터센터인프라,7320.0,36249.0,36249.0,265342680.0,265342680.0,KOSPI,-1.94
415760,SOL 차이나육성산업액티브(합성),11215.0,20912.0,20912.0,234528080.0,234528080.0,KOSPI,-4.92
005257,녹십자홀딩스2우,18000.0,407.0,407.0,7326000.0,7326000.0,KOSPI,-4.0
006200,한국전자홀딩스,1625.0,37759.0,37759.0,61358375.0,61358375.0,KOSPI,-0.25
419650,PLUS 글로벌수소&차세대연료전지,4605.0,51752.0,51752.0,238317960.0,238317960.0,KOSPI,-5.64
0198B0,1Q 삼성전자선물단일종목레버리지,11420.0,7314.0,7314.0,83525880.0,83525880.0,KOSPI,-4.52
530095,삼성 구리 선물 ETN(H),15165.0,230.0,230.0,3487950.0,3487950.0,KOSPI,0.73
332620,PLUS 미국장기우량회사채,81005.0,331.0,331.0,26812655.0,26812655.0,KOSPI,-0.33
244620,KODEX 모멘텀Plus,21570.0,3576.0,3576.0,77134320.0,77134320.0,KOSPI,-0.02
387280,TIGER 퓨처모빌리티액티브,11880.0,4715.0,4715.0,56014200.0,56014200.0,KOSPI,-0.92
114460,ACE 국고채3년,100350.0,150.0,150.0,15052500.0,15052500.0,KOSPI,0.02
002025,코오롱우,12850.0,1415.0,1415.0,18182750.0,18182750.0,KOSPI,-1.0
413930,WON AI ESG액티브,27060.0,88.0,88.0,2381280.0,2381280.0,KOSPI,-1.2
491510,파워 K-주주가치액티브,17465.0,55.0,55.0,960575.0,960575.0,KOSPI,-1.49
570099,한투 인버스2X엔달러 선물 ETN(H),14775.0,1.0,1.0,14775.0,14775.0,KOSPI,-0.34
500072,신한 인버스 2X 코스닥 150 선물 ETN,1477.0,93988.0,93988.0,138820276.0,138820276.0,KOSPI,2.29
453010,PLUS KOFR금리,110190.0,16024.0,16024.0,1765684560.0,1765684560.0,KOSPI,0.02
130680,TIGER 원유선물Enhanced(H),7765.0,4682.0,4682.0,36355730.0,36355730.0,KOSPI,0.71
0222F0,마이티 AI데이터센터밸류체인,12775.0,1395.0,1395.0,17821125.0,17821125.0,KOSPI,-1.05
610086,메리츠 인버스2X 미국채30년 스트립 ETN(H),73005.0,3.0,3.0,219015.0,219015.0,KOSPI,0.54
337150,KODEX 200exTOP,24255.0,672.0,672.0,16299360.0,16299360.0,KOSPI,-2.04
0106J0,대신 KOSPI200인덱스 X클래스,19325.0,123.0,123.0,2376975.0,2376975.0,KOSPI,-2.79
0242S0,파워 SK그룹,10350.0,13387.0,13387.0,138555450.0,138555450.0,KOSPI,-2.91
487750,BNK 온디바이스AI,36000.0,3541.0,3541.0,127476000.0,127476000.0,KOSPI,-0.46
0084E0,KIWOOM 미국대형주500월간목표헤지액티브,9915.0,4199.0,4199.0,41633085.0,41633085.0,KOSPI,-0.2
530129,삼성 인버스 2X 미국다우존스 선물 ETN,14300.0,7.0,7.0,100100.0,100100.0,KOSPI,1.56
0088N0,WON K-글로벌수급상위,11425.0,10292.0,10292.0,117586100.0,117586100.0,KOSPI,-2.14
610024,메리츠 인버스 미국채10년 ETN(H),14245.0,1.0,1.0,14245.0,14245.0,KOSPI,0.0
404650,SOL KRX기후변화솔루션,23720.0,23.0,23.0,545560.0,545560.0,KOSPI,-1.66
104520,KIWOOM 블루칩,14200.0,123.0,123.0,1746600.0,1746600.0,KOSPI,-1.83
360150,KODEX 코스닥150롱코스피200숏선물,3435.0,6316.0,6316.0,21695460.0,21695460.0,KOSPI,1.48
373490,KODEX 코리아혁신성장액티브,25450.0,33.0,33.0,839850.0,839850.0,KOSPI,-1.55
438900,HANARO Fn K-푸드,10720.0,4624.0,4624.0,49569280.0,49569280.0,KOSPI,-0.6
000087,하이트진로2우B,12320.0,630.0,630.0,7761600.0,7761600.0,KOSPI,0.08
453630,KODEX 미국S&P500필수소비재,11590.0,4161.0,4161.0,48225990.0,48225990.0,KOSPI,-0.43
234310,RISE V&S셀렉트밸류,27745.0,7.0,7.0,194215.0,194215.0,KOSPI,-2.44
002820,SUN&L,1150.0,646785.0,646785.0,743802750.0,743802750.0,KOSPI,16.04
0153P0,ACE 리츠부동산인프라액티브,9495.0,30853.0,30853.0,292949235.0,292949235.0,KOSPI,0.96
530140,삼성 iSelect 레버리지 조선 TOP10 TR ETN,13720.0,14081.0,14081.0,193191320.0,193191320.0,KOSPI,-6.7
760017,키움 조선TOP10 ETN,19480.0,28.0,28.0,545440.0,545440.0,KOSPI,-3.78
001795,대한제당우,2100.0,5244.0,5244.0,11012400.0,11012400.0,KOSPI,-1.87
580043,KB 레버리지 KOSDAQ 150 선물 ETN,27215.0,7997.0,7997.0,217638355.0,217638355.0,KOSPI,-2.77
0090B0,PLUS K방산소부장,6970.0,149846.0,149846.0,1044426620.0,1044426620.0,KOSPI,-3.26
580050,KB 차이나 과창판 STAR 50 ETN,13590.0,133.0,133.0,1807470.0,1807470.0,KOSPI,-6.21
530137,삼성 KRX 2차전지 TOP10 TR ETN,13585.0,401.0,401.0,5447585.0,5447585.0,KOSPI,0.48
700034,하나 레버리지 K방산TOP10 ETN,9050.0,24847.0,24847.0,224865350.0,224865350.0,KOSPI,-8.54
0193K0,PLUS 삼성전자단일종목레버리지,12275.0,13029.0,13029.0,159930975.0,159930975.0,KOSPI,-4.7
570105,한투 인버스일본니케이225선물 ETN(H),4480.0,1931.0,1931.0,8650880.0,8650880.0,KOSPI,1.13
484890,SOL 머니마켓액티브,52710.0,24954.0,24954.0,1315325340.0,1315325340.0,KOSPI,0.01
0127V0,KIWOOM 미국S&P500 TOP10&배당다우비중전환,10680.0,1925.0,1925.0,20559000.0,20559000.0,KOSPI,-0.37
00806K,대덕1우,11010.0,3610.0,3610.0,39746100.0,39746100.0,KOSPI,0.55
760015,키움 레버리지 바이오TOP10 ETN,6660.0,41695.0,41695.0,277688700.0,277688700.0,KOSPI,-8.26
0004G0,1Q 미국배당TOP30,8315.0,8280.0,8280.0,68848200.0,68848200.0,KOSPI,-0.18
137610,TIGER 농산물선물Enhanced(H),5765.0,20712.0,20712.0,119404680.0,119404680.0,KOSPI,-1.71
580080,KB 인버스 은 선물 ETN,13155.0,447.0,447.0,5880285.0,5880285.0,KOSPI,2.85
496130,TRUSTON 코리아밸류업액티브,24355.0,107.0,107.0,2605985.0,2605985.0,KOSPI,-1.66
530092,삼성 인버스 코스피 200 선물 ETN,2625.0,24202.0,24202.0,63530250.0,63530250.0,KOSPI,2.74
236350,TIGER 인도니프티50레버리지(합성),21140.0,923.0,923.0,19512220.0,19512220.0,KOSPI,-3.38
580032,KB 레버리지 구리 선물 ETN(H),26050.0,479.0,479.0,12477950.0,12477950.0,KOSPI,1.64
610072,메리츠 KAP 레버리지 중국 위안화 ETN,25740.0,11.0,11.0,283140.0,283140.0,KOSPI,-0.29
279540,KODEX 최소변동성,21435.0,54.0,54.0,1157490.0,1157490.0,KOSPI,-1.29
0127T0,KIWOOM 미국S&P500&배당다우존스비중전환,10715.0,5326.0,5326.0,57068090.0,57068090.0,KOSPI,-0.74
610070,메리츠 KAP 인버스 2X 일본 엔화 ETN,25700.0,79.0,79.0,2030300.0,2030300.0,KOSPI,-0.33
363510,SOL KIS단기통안채,112445.0,115.0,115.0,12931175.0,12931175.0,KOSPI,0.0
580083,KB 레버리지 미국 S&P500 선물 ETN B,25625.0,5.0,5.0,128125.0,128125.0,KOSPI,-1.12
472720,TRUSTON 주주가치액티브,24610.0,176.0,176.0,4331360.0,4331360.0,KOSPI,-2.4
0028X0,KODEX 미국금융테크액티브,11095.0,4559.0,4559.0,50582105.0,50582105.0,KOSPI,-0.54
0208N0,IBK 코스피액티브,7700.0,348.0,348.0,2679600.0,2679600.0,KOSPI,0.92
290080,RISE 200고배당커버드콜ATM,7220.0,8360.0,8360.0,60359200.0,60359200.0,KOSPI,-1.37
485810,TIME 글로벌바이오액티브,11460.0,12457.0,12457.0,142757220.0,142757220.0,KOSPI,0.31
300610,TIGER K게임,5355.0,36044.0,36044.0,193015620.0,193015620.0,KOSPI,-2.64
024890,대원화성,1525.0,166438.0,166438.0,253817950.0,253817950.0,KOSPI,11.48
45226K,한화갤러리아우,4325.0,607.0,607.0,2625275.0,2625275.0,KOSPI,-2.04
084695,대상홀딩스우,13740.0,4494.0,4494.0,61747560.0,61747560.0,KOSPI,-1.93
580088,KB 인버스 2X KOSPI 200 선물 ETN B,25070.0,7317.0,7317.0,183437190.0,183437190.0,KOSPI,5.78
140710,KODEX 운송,6580.0,11846.0,11846.0,77946680.0,77946680.0,KOSPI,-1.5
00781K,코리아써키트2우B,15900.0,365.0,365.0,5803500.0,5803500.0,KOSPI,-1.36
610062,메리츠 인버스 3X 국채30년 ETN,62065.0,30.0,30.0,1861950.0,1861950.0,KOSPI,-0.97
580052,KB 인버스 2X 밀 선물 ETN,24775.0,165.0,165.0,4087875.0,4087875.0,KOSPI,5.05
520088,미래에셋 S&P500 VIX S/T 선물 ETN(H),6190.0,80.0,80.0,495200.0,495200.0,KOSPI,1.14
0015F0,KIWOOM 팔란티어미국30년국채혼합액티브(H),10280.0,12514.0,12514.0,128643920.0,128643920.0,KOSPI,0.0
457700,KODEX 53-09 국고채액티브,9345.0,2263.0,2263.0,21147735.0,21147735.0,KOSPI,0.43
489860,KIWOOM 글로벌전력GRID인프라,14500.0,3294.0,3294.0,47763000.0,47763000.0,KOSPI,-2.98
102960,KODEX 기계장비,12815.0,7819.0,7819.0,100200485.0,100200485.0,KOSPI,-1.42
453060,HANARO KOFR금리액티브(합성),111775.0,3.0,3.0,335325.0,335325.0,KOSPI,0.01
0013P0,RISE 미국은행TOP10,11165.0,12547.0,12547.0,140087255.0,140087255.0,KOSPI,-1.76
610079,메리츠 인버스 3X 미국채30년 ETN,61335.0,109.0,109.0,6685515.0,6685515.0,KOSPI,0.97
610035,메리츠 레버리지 대표 농산물 선물 ETN(H),12255.0,519.0,519.0,6360345.0,6360345.0,KOSPI,-3.62
417450,RISE 글로벌수소경제,15290.0,15846.0,15846.0,242285340.0,242285340.0,KOSPI,-3.53
500097,신한 레버리지 Russell 2000 ETN B,12090.0,237.0,237.0,2865330.0,2865330.0,KOSPI,-2.77
570123,한투 은선물 ETN,6020.0,50.0,50.0,301000.0,301000.0,KOSPI,-3.14
166400,TIGER 200커버드콜OTM,24055.0,3144.0,3144.0,75628920.0,75628920.0,KOSPI,-2.81
251590,PLUS 고배당저변동50,17180.0,147.0,147.0,2525460.0,2525460.0,KOSPI,-0.12
610071,메리츠 KAP 중국 위안화 ETN,12015.0,4.0,4.0,48060.0,48060.0,KOSPI,-0.12
435550,KIWOOM TDF2050액티브 적격,17140.0,578.0,578.0,9906920.0,9906920.0,KOSPI,-0.87
145995,삼양사우,32150.0,4.0,4.0,128600.0,128600.0,KOSPI,0.0
409810,KODEX 미국나스닥100선물인버스(H),5285.0,58478.0,58478.0,309056230.0,309056230.0,KOSPI,0.57
580051,KB 레버리지 밀 선물 ETN,7925.0,1272.0,1272.0,10080600.0,10080600.0,KOSPI,-5.15
500086,신한 코스닥 150 TR ETN,11885.0,4.0,4.0,47540.0,47540.0,KOSPI,-1.16
580065,KB 코스닥 150 TR ETN,11885.0,4.0,4.0,47540.0,47540.0,KOSPI,-0.13
404540,TIGER KRX기후변화솔루션,23745.0,9787.0,9787.0,232392315.0,232392315.0,KOSPI,-2.66
0220A0,KIWOOM 현대차그룹TOP3채권혼합50,8475.0,23632.0,23632.0,200281200.0,200281200.0,KOSPI,-1.63
140580,RISE 우량업종대표주,23675.0,8.0,8.0,189400.0,189400.0,KOSPI,-1.62
453820,KODEX 인도Nifty50레버리지(합성),9100.0,5343.0,5343.0,48621300.0,48621300.0,KOSPI,-3.65
396510,TIGER 차이나클린에너지SOLACTIVE,6555.0,3362.0,3362.0,22037910.0,22037910.0,KOSPI,0.23
400570,KODEX 유럽탄소배출권선물ICE(H),11635.0,3679.0,3679.0,42805165.0,42805165.0,KOSPI,0.65
015260,에이엔피,249.0,2808221.0,2808221.0,699247029.0,699247029.0,KOSPI,29.69
332610,PLUS 미국단기회사채(AAA~A),121300.0,176.0,176.0,21348800.0,21348800.0,KOSPI,-0.09
395760,PLUS ESG성장주액티브,21150.0,57.0,57.0,1205550.0,1205550.0,KOSPI,-2.31
610093,메리츠 인버스 3X 일본 국채 10년 ETN,23200.0,43.0,43.0,997600.0,997600.0,KOSPI,-0.66
760027,키움 인버스 2X 전력 TOP5 ETN,5745.0,47772.0,47772.0,274450140.0,274450140.0,KOSPI,7.79
0203D0,PLUS 200위클리커버드콜채권혼합,8820.0,18011.0,18011.0,158857020.0,158857020.0,KOSPI,-1.34
266410,KODEX 필수소비재,9480.0,24147.0,24147.0,228913560.0,228913560.0,KOSPI,-1.76
0191S0,IBK 코스닥150,15340.0,1314.0,1314.0,20156760.0,20156760.0,KOSPI,-1.22
446700,RISE 배터리 리사이클링,10885.0,3847.0,3847.0,41874595.0,41874595.0,KOSPI,-0.23
430500,KIWOOM 물가채KIS,112945.0,30.0,30.0,3388350.0,3388350.0,KOSPI,0.08
453660,KODEX 미국S&P500경기소비재,16020.0,301.0,301.0,4822020.0,4822020.0,KOSPI,-0.53
428560,KODEX 미국ETF산업Top10 Indxx,14920.0,668.0,668.0,9966560.0,9966560.0,KOSPI,-0.8
530127,삼성 미국다우존스 TR ETN,11175.0,7.0,7.0,78225.0,78225.0,KOSPI,-1.02
448490,HANARO 32-10 국고채액티브,53070.0,207.0,207.0,10985490.0,10985490.0,KOSPI,-0.03
38380K,LX홀딩스1우,7600.0,1412.0,1412.0,10731200.0,10731200.0,KOSPI,-0.91
464610,SOL 의료기기소부장Fn,6905.0,14692.0,14692.0,101448260.0,101448260.0,KOSPI,-2.75
269370,TIGER S&P글로벌인프라(합성),15690.0,842.0,842.0,13210980.0,13210980.0,KOSPI,-1.94
269530,PLUS S&P글로벌인프라,18265.0,1077.0,1077.0,19671405.0,19671405.0,KOSPI,-1.59
407820,에셋플러스 코리아플랫폼액티브,6025.0,480.0,480.0,2892000.0,2892000.0,KOSPI,-1.07
252650,KODEX 200동일가중,18060.0,894.0,894.0,16145640.0,16145640.0,KOSPI,-1.98
610076,메리츠 인버스 3X 미국채10년 ETN,53915.0,44.0,44.0,2372260.0,2372260.0,KOSPI,0.55
482030,KoAct 반도체&2차전지핵심소재액티브,10195.0,19204.0,19204.0,195784780.0,195784780.0,KOSPI,1.14
0219B0,KoAct 광통신&위성네트워크액티브,12590.0,160981.0,160981.0,2026750790.0,2026750790.0,KOSPI,-1.83
410870,TIME K컬처액티브,8905.0,8454.0,8454.0,75282870.0,75282870.0,KOSPI,-2.78
0227L0,HANARO 미국에이전틱AI TOP2+,10680.0,28625.0,28625.0,305715000.0,305715000.0,KOSPI,-0.93
0194R0,KIWOOM SK하이닉스선물단일종목레버리지,8030.0,11360.0,11360.0,91220800.0,91220800.0,KOSPI,-4.69
0002C0,에셋플러스 인도일등기업포커스20액티브,9845.0,2563.0,2563.0,25232735.0,25232735.0,KOSPI,-1.8
354240,RISE 미국고정배당우선증권,9625.0,3822.0,3822.0,36786750.0,36786750.0,KOSPI,-1.08
0000H0,KODEX 인도Nifty미드캡100,9205.0,973.0,973.0,8956465.0,8956465.0,KOSPI,-1.87
001067,JW중외제약2우B,49950.0,1.0,1.0,49950.0,49950.0,KOSPI,-0.1
252000,TIGER 200동일가중,18980.0,540.0,540.0,10249200.0,10249200.0,KOSPI,-1.45
580054,KB 인버스 2X 콩 선물 ETN,20865.0,74.0,74.0,1544010.0,1544010.0,KOSPI,2.15
0068M0,KODEX 미국S&P500버퍼6월액티브,11590.0,25.0,25.0,289750.0,289750.0,KOSPI,-0.34
760032,키움 모험자본창업투자 ETN,10420.0,5.0,5.0,52100.0,52100.0,KOSPI,-1.28
419420,KODEX 미국클린에너지나스닥,8675.0,22147.0,22147.0,192125225.0,192125225.0,KOSPI,-3.02
520046,미래에셋 레버리지 옥수수 선물 ETN,10410.0,1072.0,1072.0,11159520.0,11159520.0,KOSPI,-2.76
0104G0,PLUS K방산레버리지,4515.0,178928.0,178928.0,807859920.0,807859920.0,KOSPI,-7.1
385710,TIME K이노베이션액티브,10375.0,2245.0,2245.0,23291875.0,23291875.0,KOSPI,-2.4
520064,미래에셋 2X 미국채울트라30년 선물 ETN,5170.0,730.0,730.0,3774100.0,3774100.0,KOSPI,0.1
451150,에셋플러스 글로벌영에이지액티브,16675.0,3.0,3.0,50025.0,50025.0,KOSPI,-0.42
463640,KODEX 미국S&P500유틸리티,12895.0,6707.0,6707.0,86486765.0,86486765.0,KOSPI,-0.35
438740,MIDAS 중소형액티브,34335.0,3.0,3.0,103005.0,103005.0,KOSPI,-0.99
0093B0,RISE 엔비디아고정테크100,12865.0,3706.0,3706.0,47677690.0,47677690.0,KOSPI,-0.96
610074,메리츠 미국채10년 ETN,10275.0,177.0,177.0,1818675.0,1818675.0,KOSPI,-0.24
435040,ACE 글로벌브랜드TOP10,18670.0,112.0,112.0,2091040.0,2091040.0,KOSPI,-0.24
610102,메리츠 솔랙티브 금 선물 ETN(H),10160.0,3.0,3.0,30480.0,30480.0,KOSPI,-1.26
140570,RISE 수출주,25320.0,317.0,317.0,8026440.0,8026440.0,KOSPI,-2.86
610105,메리츠 레버리지 국채30년 ETN B,10110.0,1.0,1.0,10110.0,10110.0,KOSPI,0.85
310080,RISE 중국MSCI China(H),8790.0,1034.0,1034.0,9088860.0,9088860.0,KOSPI,-0.96
237440,TIGER 경기방어채권혼합,10105.0,1351.0,1351.0,13651855.0,13651855.0,KOSPI,-0.1
461580,TIGER 코스닥글로벌,16835.0,6353.0,6353.0,106952755.0,106952755.0,KOSPI,-1.2
550099,N2 레버리지 천연가스 선물 ETN,10085.0,4853.0,4853.0,48942505.0,48942505.0,KOSPI,6.66
610096,메리츠 인버스 2X 천연가스 선물 ETN(H),10055.0,115180.0,115180.0,1158134900.0,1158134900.0,KOSPI,-6.51
280920,PLUS 주도업종,22340.0,41.0,41.0,915940.0,915940.0,KOSPI,-2.87
0227K0,RISE 미국우주위성통신,10040.0,16221.0,16221.0,162858840.0,162858840.0,KOSPI,-1.86
760023,키움 레버리지 K방산 TOP5 ETN,10035.0,3478.0,3478.0,34901730.0,34901730.0,KOSPI,-9.14
019685,대교우B,1029.0,29137.0,29137.0,29981973.0,29981973.0,KOSPI,4.47
530139,삼성 iSelect 조선 TOP10 TR ETN,9980.0,43.0,43.0,429140.0,429140.0,KOSPI,-3.29
700032,하나 인버스 2X 천연가스 선물 ETN(H),9965.0,14792.0,14792.0,147402280.0,147402280.0,KOSPI,-7.3
301400,PLUS 코스닥150,15320.0,2886.0,2886.0,44213520.0,44213520.0,KOSPI,-1.1
0189Z0,DAISHIN 금융&지주고배당,9940.0,2807.0,2807.0,27901580.0,27901580.0,KOSPI,-1.24
004255,NPC우,1878.0,1419.0,1419.0,2664882.0,2664882.0,KOSPI,0.7
460270,KIWOOM 미국달러SOFR금리액티브(합성),12235.0,739.0,739.0,9041665.0,9041665.0,KOSPI,-0.04
610092,메리츠 인버스 일본 국채 10년 ETN,9900.0,1.0,1.0,9900.0,9900.0,KOSPI,0.05
580059,KB 미국채 10년 ETN,9875.0,5.0,5.0,49375.0,49375.0,KOSPI,0.0
291130,ACE MSCI멕시코(합성),16450.0,826.0,826.0,13587700.0,13587700.0,KOSPI,-1.2
580047,KB 레버리지 항셍테크 선물 ETN(H) B,9855.0,17.0,17.0,167535.0,167535.0,KOSPI,-3.67
0216Z0,ACE K방산TOP5+,8210.0,46386.0,46386.0,380829060.0,380829060.0,KOSPI,-4.26
0113G0,KoAct 미국바이오헬스케어액티브,10940.0,2820.0,2820.0,30850800.0,30850800.0,KOSPI,0.51
700035,하나 인버스 2X K방산TOP10 ETN,9835.0,18790.0,18790.0,184799650.0,184799650.0,KOSPI,7.9
570085,한투 인도네시아대표원자재 ETN,9815.0,12.0,12.0,117780.0,117780.0,KOSPI,-0.56
610098,메리츠 미국채30년 풋라이트 ETN(H),9810.0,3000.0,3000.0,29430000.0,29430000.0,KOSPI,-0.05
530064,삼성 인버스 2X 구리 선물 ETN(H),650.0,15796.0,15796.0,10267400.0,10267400.0,KOSPI,-2.4
0001P0,마이티 바이오시밀러&CDMO액티브,8675.0,3163.0,3163.0,27439025.0,27439025.0,KOSPI,-4.2
610095,메리츠 레버리지 천연가스 선물 ETN(H),9710.0,71354.0,71354.0,692847340.0,692847340.0,KOSPI,6.76
466810,BNK 2차전지양극재,6445.0,31490.0,31490.0,202953050.0,202953050.0,KOSPI,1.58
700031,하나 레버리지 천연가스 선물 ETN(H),9650.0,29592.0,29592.0,285562800.0,285562800.0,KOSPI,6.51
0224D0,KIWOOM 미국CPU반도체TOP4+,10555.0,41612.0,41612.0,439214660.0,439214660.0,KOSPI,-1.68
610082,메리츠 인도 루피화 ETN,9490.0,11.0,11.0,104390.0,104390.0,KOSPI,-0.32
610068,메리츠 KAP 일본 엔화 ETN,9490.0,6142.0,6142.0,58287580.0,58287580.0,KOSPI,-0.05
429010,TIGER 미국나스닥넥스트100,18945.0,107.0,107.0,2027115.0,2027115.0,KOSPI,-1.02
463690,KODEX 미국S&P500커뮤니케이션,17180.0,1131.0,1131.0,19430580.0,19430580.0,KOSPI,-0.81
0219Z0,HANARO 미국S&P500액티브,10485.0,800.0,800.0,8388000.0,8388000.0,KOSPI,0.0
610034,메리츠 대표 농산물 선물 ETN(H),9415.0,43.0,43.0,404845.0,404845.0,KOSPI,-1.62
371870,ACE 차이나항셍테크,5870.0,4795.0,4795.0,28146650.0,28146650.0,KOSPI,-2.17
181480,ACE 미국부동산리츠(합성 H),77840.0,190.0,190.0,14789600.0,14789600.0,KOSPI,-1.91
217780,TIGER 차이나CSI300인버스(합성),6005.0,1493.0,1493.0,8965465.0,8965465.0,KOSPI,1.26
610077,메리츠 미국채30년 ETN,9300.0,356.0,356.0,3310800.0,3310800.0,KOSPI,-0.21
381570,HANARO Fn친환경에너지,10790.0,5067.0,5067.0,54672930.0,54672930.0,KOSPI,0.33
341850,TIGER 리츠부동산인프라채권,4565.0,2991.0,2991.0,13653915.0,13653915.0,KOSPI,0.0
498050,HANARO 바이오코리아액티브,9610.0,8963.0,8963.0,86134430.0,86134430.0,KOSPI,-3.95
0174R0,KIWOOM 미국성장다우존스,11395.0,9726.0,9726.0,110827770.0,110827770.0,KOSPI,-0.74
700011,하나 레버리지 옥수수 선물 ETN(H),9115.0,181.0,181.0,1649815.0,1649815.0,KOSPI,-2.57
399580,RISE 글로벌클린에너지,9085.0,2338.0,2338.0,21240730.0,21240730.0,KOSPI,-1.36
117690,TIGER 차이나항셍30,18145.0,533.0,533.0,9671285.0,9671285.0,KOSPI,0.44
0094L0,RISE 차이나테크TOP10위클리타겟커버드콜,6470.0,15367.0,15367.0,99424490.0,99424490.0,KOSPI,-0.54
270800,RISE KQ고배당,16460.0,2593.0,2593.0,42680780.0,42680780.0,KOSPI,-0.15
580085,KB 솔랙티브 천연가스 선물 ETN,9050.0,1487.0,1487.0,13457350.0,13457350.0,KOSPI,3.72
001755,한양증권우,19130.0,1195.0,1195.0,22860350.0,22860350.0,KOSPI,-0.83
500101,신한 블룸버그 천연가스 선물 ETN,9040.0,660.0,660.0,5966400.0,5966400.0,KOSPI,3.67
261110,TIGER 미국달러선물레버리지,15040.0,305.0,305.0,4587200.0,4587200.0,KOSPI,-0.3
105010,TIGER 라틴35,6435.0,35779.0,35779.0,230237865.0,230237865.0,KOSPI,-1.98
354350,HANARO 글로벌럭셔리S&P(합성),17290.0,114.0,114.0,1971060.0,1971060.0,KOSPI,-1.06
0084D0,KIWOOM 미국테크100월간목표헤지액티브,11200.0,4014.0,4014.0,44956800.0,44956800.0,KOSPI,-0.67
580060,KB 레버리지 미국채 10년 ETN,17910.0,1.0,1.0,17910.0,17910.0,KOSPI,0.11
0216K0,KIWOOM 미국우주테크TOP2채권혼합50,8945.0,44285.0,44285.0,396129325.0,396129325.0,KOSPI,-1.6
281990,RISE 중소형고배당,17865.0,153.0,153.0,2733345.0,2733345.0,KOSPI,-0.67
395150,KODEX 웹툰&드라마,1821.0,16044.0,16044.0,29216124.0,29216124.0,KOSPI,0.05
230480,KIWOOM 미국달러선물인버스2X,4925.0,817.0,817.0,4023725.0,4023725.0,KOSPI,0.31
550100,N2 인버스 2X 천연가스 선물 ETN,8880.0,2813.0,2813.0,24979440.0,24979440.0,KOSPI,-9.02
530135,삼성 인버스 China A50 선물 ETN(H) B,8860.0,4.0,4.0,35440.0,35440.0,KOSPI,0.74
003075,코오롱글로벌우,11960.0,845.0,845.0,10106200.0,10106200.0,KOSPI,-3.39
0215T0,HANARO 미국AI광통신TOP10,9840.0,25031.0,25031.0,246305040.0,246305040.0,KOSPI,-2.96
494180,TIME 글로벌소비트렌드액티브,12610.0,228.0,228.0,2875080.0,2875080.0,KOSPI,-0.12
487910,ACE 인도컨슈머파워액티브,7290.0,8979.0,8979.0,65456910.0,65456910.0,KOSPI,-1.75
580061,KB 미국채 30년 ETN,8720.0,53.0,53.0,462160.0,462160.0,KOSPI,-0.11
497510,ACE 글로벌빅파마,12380.0,7958.0,7958.0,98520040.0,98520040.0,KOSPI,1.85
266390,KODEX 경기소비재,14410.0,1577.0,1577.0,22724570.0,22724570.0,KOSPI,-2.11
580087,KB 솔랙티브 인버스 천연가스 선물 ETN,8645.0,124.0,124.0,1071980.0,1071980.0,KOSPI,-4.69
610094,메리츠 천연가스 선물 ETN(H),8645.0,7618.0,7618.0,65857610.0,65857610.0,KOSPI,3.41
456250,KODEX 유럽명품TOP10 STOXX,7490.0,2564.0,2564.0,19204360.0,19204360.0,KOSPI,-0.27
580053,KB 레버리지 콩 선물 ETN,17220.0,1.0,1.0,17220.0,17220.0,KOSPI,-2.49
215620,HK S&P코리아로우볼,15900.0,1.0,1.0,15900.0,15900.0,KOSPI,-1.15
174350,TIGER 로우볼,20400.0,4953.0,4953.0,101041200.0,101041200.0,KOSPI,0.02
700036,하나 인버스 2X 반도체 ETN,1713.0,312627.0,312627.0,535530051.0,535530051.0,KOSPI,-1.95
429980,SOL 한국형글로벌전기차&2차전지액티브,17090.0,173.0,173.0,2956570.0,2956570.0,KOSPI,-1.73
0120J0,BNK 카카오그룹포커스,7425.0,8381.0,8381.0,62228925.0,62228925.0,KOSPI,-2.3
500068,신한 인버스 2X 10년 국채선물 ETN,12195.0,2.0,2.0,24390.0,24390.0,KOSPI,-0.57
500036,신한 인버스 2X 미국달러 선물 ETN,4260.0,9.0,9.0,38340.0,38340.0,KOSPI,0.0
580063,KB 레버리지 미국채 10년 선물 ETN,16995.0,13.0,13.0,220935.0,220935.0,KOSPI,-0.12
0194N0,KIWOOM 삼성전자선물단일종목레버리지,11230.0,11724.0,11724.0,131660520.0,131660520.0,KOSPI,-4.43
570107,한투 인버스2X일본니케이225선물 ETN(H),3365.0,1518.0,1518.0,5108070.0,5108070.0,KOSPI,2.28
610097,메리츠 미국채30년스트립 커버드콜 ETN(H),8370.0,35.0,35.0,292950.0,292950.0,KOSPI,-0.53
457930,BNK 미래전략기술액티브,27895.0,3.0,3.0,83685.0,83685.0,KOSPI,0.22
33637L,솔루스첨단소재2우B,2210.0,4488.0,4488.0,9918480.0,9918480.0,KOSPI,-2.64
610073,메리츠 KAP 인버스 2X 중국 위안화 ETN,16665.0,51.0,51.0,849915.0,849915.0,KOSPI,0.18
449680,TIGER 한중전기차(합성),9800.0,26.0,26.0,254800.0,254800.0,KOSPI,-0.41
520097,미래에셋 1.5X S&P500 VIX S/T선물 ETN,8320.0,21289.0,21289.0,177124480.0,177124480.0,KOSPI,0.73
139240,TIGER 200 철강소재,10135.0,7541.0,7541.0,76428035.0,76428035.0,KOSPI,-0.64
435540,KIWOOM TDF2040액티브 적격,16610.0,3014.0,3014.0,50062540.0,50062540.0,KOSPI,-0.78
0008E0,ACE 미국중심중소형제조업,11070.0,402.0,402.0,4450140.0,4450140.0,KOSPI,-4.07
0221Z0,ACE K바이오코스닥액티브,9200.0,14683.0,14683.0,135083600.0,135083600.0,KOSPI,-4.91
0184N0,PLUS 은채권혼합,8270.0,8439.0,8439.0,69790530.0,69790530.0,KOSPI,-1.31
610083,메리츠 레버리지 인도 루피화 ETN,16540.0,1.0,1.0,16540.0,16540.0,KOSPI,-0.72
610090,메리츠 일본 국채 10년 ETN,8250.0,1254.0,1254.0,10345500.0,10345500.0,KOSPI,0.3
375270,RISE 글로벌데이터센터리츠(합성),12630.0,91.0,91.0,1149330.0,1149330.0,KOSPI,-1.48
700033,하나 K방산TOP10 ETN,8200.0,48184.0,48184.0,395108800.0,395108800.0,KOSPI,-4.43
497520,ACE 일라이릴리밸류체인,12600.0,3252.0,3252.0,40975200.0,40975200.0,KOSPI,0.32
182490,TIGER 단기선진하이일드(합성 H),13645.0,274.0,274.0,3738730.0,3738730.0,KOSPI,0.11
0133E0,TIGER 차이나증권,7735.0,1143.0,1143.0,8841105.0,8841105.0,KOSPI,-2.7
0226D0,FOCUS 금융반도체지주채권혼합50액티브,10115.0,2638.0,2638.0,26683370.0,26683370.0,KOSPI,-0.83
462340,에셋플러스 글로벌다이나믹시니어액티브,16165.0,14.0,14.0,226310.0,226310.0,KOSPI,-0.31
0176P0,FOCUS AI반도체위클리고정커버드콜,14695.0,15523.0,15523.0,228110485.0,228110485.0,KOSPI,-0.03
000225,유유제약1우,3560.0,8294.0,8294.0,29526640.0,29526640.0,KOSPI,-1.79
395750,PLUS ESG가치주액티브,20050.0,6.0,6.0,120300.0,120300.0,KOSPI,-2.41
0214M0,MIDAS 바이오헬스케어액티브,9370.0,729.0,729.0,6830730.0,6830730.0,KOSPI,-4.05
304670,KODEX 미국30년국채울트라선물인버스(H),13240.0,3120.0,3120.0,41308800.0,41308800.0,KOSPI,0.08
530122,삼성 인버스 2X 항셍테크 TR ETN(H) B,7905.0,2582.0,2582.0,20410710.0,20410710.0,KOSPI,3.6
570097,한투 엔달러선물 ETN(H),7860.0,2.0,2.0,15720.0,15720.0,KOSPI,0.32
530114,삼성 인버스 2X S&P500 선물 ETN,7850.0,195.0,195.0,1530750.0,1530750.0,KOSPI,0.64
610084,메리츠 미국채30년 스트립 ETN(H),7835.0,7.0,7.0,54845.0,54845.0,KOSPI,-0.32
0067Y0,TIGER 차이나AI소프트웨어,8705.0,8861.0,8861.0,77135005.0,77135005.0,KOSPI,-3.65
395280,HANARO Fn K-게임,3330.0,35094.0,35094.0,116863020.0,116863020.0,KOSPI,-3.76
189400,PLUS 글로벌MSCI(합성 H),25935.0,56.0,56.0,1452360.0,1452360.0,KOSPI,-0.99
530056,삼성 인버스 2X 금 선물 ETN(H),1937.0,12842.0,12842.0,24874954.0,24874954.0,KOSPI,0.1
001515,SK증권우,3960.0,1808.0,1808.0,7159680.0,7159680.0,KOSPI,-0.63
480460,WON 한국부동산TOP3플러스,9100.0,238.0,238.0,2165800.0,2165800.0,KOSPI,0.0
0226G0,WON 피지컬AI TOP2플러스액티브,11725.0,769.0,769.0,9016525.0,9016525.0,KOSPI,-4.09
371150,RISE 차이나항셍테크,5860.0,657.0,657.0,3850020.0,3850020.0,KOSPI,-1.51
227550,TIGER 200 산업재,11800.0,16014.0,16014.0,188965200.0,188965200.0,KOSPI,-1.63
001065,JW중외제약우,21900.0,8.0,8.0,175200.0,175200.0,KOSPI,1.39
004835,덕성우,5370.0,59900.0,59900.0,321663000.0,321663000.0,KOSPI,8.92
227570,TIGER 우량가치,20740.0,491.0,491.0,10183340.0,10183340.0,KOSPI,-1.0
520085,미래에셋 -2X 미국 AI TOP3 ETN,7425.0,1533.0,1533.0,11382525.0,11382525.0,KOSPI,-0.27
494210,SOL 미국500타겟데일리커버드콜액티브,10605.0,2251.0,2251.0,23871855.0,23871855.0,KOSPI,-0.52
0218K0,BNK 스마트카,10575.0,3773.0,3773.0,39899475.0,39899475.0,KOSPI,-1.72
700030,하나 S&P 인버스 2X WTI원유 선물 ETN B,1845.0,65452.0,65452.0,120758940.0,120758940.0,KOSPI,-0.75
435530,KIWOOM TDF2030액티브 적격,14750.0,589.0,589.0,8687750.0,8687750.0,KOSPI,-0.67
272570,RISE 중장기국공채액티브,108055.0,8.0,8.0,864440.0,864440.0,KOSPI,-0.09
570114,한투 S&P500 VIX S/T선물 ETN(H) B,7315.0,55.0,55.0,402325.0,402325.0,KOSPI,0.34
285690,FOCUS ESG리더스,20870.0,1.0,1.0,20870.0,20870.0,KOSPI,-2.52
253280,RISE 헬스케어,12075.0,1377.0,1377.0,16627275.0,16627275.0,KOSPI,-3.78
0005C0,RISE 미국S&P500엔화노출(합성 H),11100.0,657.0,657.0,7292700.0,7292700.0,KOSPI,-0.67
225800,KIWOOM 미국달러선물레버리지,14120.0,978.0,978.0,13809360.0,13809360.0,KOSPI,-0.46
530141,삼성 중국 자동차 TOP5 TR ETN(H),7180.0,36.0,36.0,258480.0,258480.0,KOSPI,-2.84
488480,RISE 일본섹터TOP4Plus,12990.0,338.0,338.0,4390620.0,4390620.0,KOSPI,-0.69
0138D0,RISE 동학개미,12950.0,249.0,249.0,3224550.0,3224550.0,KOSPI,-1.41
500098,신한 인버스 2X Russell 2000 ETN B,7090.0,1004.0,1004.0,7118360.0,7118360.0,KOSPI,3.2
402460,HANARO Fn K-메타버스MZ,14110.0,114.0,114.0,1608540.0,1608540.0,KOSPI,-3.36
760025,키움 전력 TOP5 ETN,10075.0,431.0,431.0,4342325.0,4342325.0,KOSPI,-4.05
0191B0,MIDAS 코스닥액티브,35230.0,3950.0,3950.0,139158500.0,139158500.0,KOSPI,1.32
570092,한투 인버스2X유로스탁스50 ETN(H) B,7015.0,1251.0,1251.0,8775765.0,8775765.0,KOSPI,1.81
437370,RISE 글로벌농업경제,10000.0,4197.0,4197.0,41970000.0,41970000.0,KOSPI,-1.53
0172Y0,ACE K수출핵심TOP10산업액티브,8720.0,4282.0,4282.0,37339040.0,37339040.0,KOSPI,-3.0
610100,메리츠 레버리지 은 선물 ETN(H),6955.0,17674.0,17674.0,122922670.0,122922670.0,KOSPI,-5.57
244670,KODEX 밸류Plus,11570.0,31.0,31.0,358670.0,358670.0,KOSPI,-0.26
000325,노루홀딩스우,28450.0,64.0,64.0,1820800.0,1820800.0,KOSPI,-1.73
487920,ACE 인도시장대표BIG5그룹액티브,6885.0,3107.0,3107.0,21391695.0,21391695.0,KOSPI,-1.99
315270,TIGER 200커뮤니케이션서비스,18020.0,100.0,100.0,1802000.0,1802000.0,KOSPI,-3.25
530142,삼성 중국 AI 테크 TOP5 TR ETN(H),6845.0,1551.0,1551.0,10616595.0,10616595.0,KOSPI,-2.28
760006,키움 KPOP ETN,6840.0,6.0,6.0,41040.0,41040.0,KOSPI,-1.44
400590,SOL 글로벌탄소배출권선물ICE(합성),13675.0,11.0,11.0,150425.0,150425.0,KOSPI,1.03
225050,TIGER 유로스탁스레버리지(합성 H),15150.0,172.0,172.0,2605800.0,2605800.0,KOSPI,-3.01
580062,KB 레버리지 미국채 30년 ETN,13570.0,16.0,16.0,217120.0,217120.0,KOSPI,-0.37
500067,신한 레버리지 10년 국채선물 ETN,9620.0,2.0,2.0,19240.0,19240.0,KOSPI,0.52
004985,성신양회우,9110.0,600.0,600.0,5466000.0,5466000.0,KOSPI,2.59
139660,KIWOOM 미국달러선물인버스,8665.0,1162.0,1162.0,10068730.0,10068730.0,KOSPI,0.0
760010,키움 2차전지산업 ETN,9515.0,45.0,45.0,428175.0,428175.0,KOSPI,0.85
0094X0,1Q 샤오미밸류체인액티브,7310.0,3123.0,3123.0,22829130.0,22829130.0,KOSPI,-3.75
570109,한투 레버리지미국채30년 ETN,13125.0,16.0,16.0,210000.0,210000.0,KOSPI,-0.19
580079,KB 레버리지 은 선물 ETN,6555.0,4296.0,4296.0,28160280.0,28160280.0,KOSPI,-5.27
450180,KODEX 한중전기차(합성),10085.0,34.0,34.0,342890.0,342890.0,KOSPI,-0.84
520084,미래에셋 -2X 미국 자율주행대표기업 ETN,6525.0,2000.0,2000.0,13050000.0,13050000.0,KOSPI,-0.76
0036Z0,RISE 미국천연가스밸류체인,11740.0,2628.0,2628.0,30852720.0,30852720.0,KOSPI,-1.63
570091,한투 인버스유로스탁스50 ETN(H) C,6445.0,6.0,6.0,38670.0,38670.0,KOSPI,1.42
256450,PLUS 심천차이넥스트(합성),12845.0,950.0,950.0,12202750.0,12202750.0,KOSPI,-3.46
138920,KODEX 콩선물(H),12795.0,320.0,320.0,4094400.0,4094400.0,KOSPI,-0.93
610099,메리츠 은 선물 ETN(H),6390.0,15386.0,15386.0,98316540.0,98316540.0,KOSPI,-3.91
570101,한투 인버스나스닥100 ETN B,6390.0,78.0,78.0,498420.0,498420.0,KOSPI,0.24
0082F0,HANARO 유럽방산,9110.0,6045.0,6045.0,55069950.0,55069950.0,KOSPI,-1.67
451670,RISE 국채30년레버리지(합성),12670.0,2169.0,2169.0,27481230.0,27481230.0,KOSPI,0.8
139290,TIGER 200 경기소비재,22520.0,7709.0,7709.0,173606680.0,173606680.0,KOSPI,-1.42
530096,삼성 인버스 구리 선물 ETN(H),6280.0,7759.0,7759.0,48726520.0,48726520.0,KOSPI,-0.71
289670,PLUS 국채선물10년,52150.0,124.0,124.0,6466600.0,6466600.0,KOSPI,-0.13
530062,삼성 인버스 2X 은 선물 ETN(H),48.0,1726344.0,1726344.0,82864512.0,82864512.0,KOSPI,4.35
307510,TIGER 의료기기,12465.0,3288.0,3288.0,40984920.0,40984920.0,KOSPI,-3.37
326230,RISE 내수주플러스,10705.0,33.0,33.0,353265.0,353265.0,KOSPI,-2.55
469530,RISE 미국달러선물인버스,9700.0,126.0,126.0,1222200.0,1222200.0,KOSPI,-0.15
570095,한투 레버리지일본엔선물 ETN C,6185.0,2037.0,2037.0,12598845.0,12598845.0,KOSPI,0.16
250780,TIGER 코스닥150선물인버스,2240.0,513032.0,513032.0,1149191680.0,1149191680.0,KOSPI,1.59
368680,KODEX K-뉴딜디지털플러스,7645.0,46.0,46.0,351670.0,351670.0,KOSPI,-1.42
429740,PLUS K리츠,6060.0,4964.0,4964.0,30081840.0,30081840.0,KOSPI,0.25
580078,KB 은 선물 ETN,6035.0,2106.0,2106.0,12709710.0,12709710.0,KOSPI,-3.13
570098,한투 레버리지엔달러선물 ETN(H),5965.0,84.0,84.0,501060.0,501060.0,KOSPI,0.59
400580,SOL 유럽탄소배출권선물S&P(H),11900.0,1481.0,1481.0,17623900.0,17623900.0,KOSPI,0.38
580084,KB 인버스 2X 미국 S&P500 선물 ETN B,11850.0,3.0,3.0,35550.0,35550.0,KOSPI,0.55
316300,ACE 싱가포르리츠,11835.0,778.0,778.0,9207630.0,9207630.0,KOSPI,-1.09
0229F0,마이티 신약포커스바이오액티브,8420.0,5171.0,5171.0,43539820.0,43539820.0,KOSPI,-4.7
0047N0,PLUS 차이나AI테크TOP10,8410.0,1670.0,1670.0,14044700.0,14044700.0,KOSPI,-2.61
0166T0,PLUS 글로벌저작권핵심기업액티브,9035.0,41.0,41.0,370435.0,370435.0,KOSPI,0.67
314700,HANARO 농업융복합산업,10645.0,282.0,282.0,3001890.0,3001890.0,KOSPI,-0.09
291630,KIWOOM 코스닥150선물레버리지,4030.0,180961.0,180961.0,729272830.0,729272830.0,KOSPI,-2.77
26490K,크라운제과우,7540.0,226.0,226.0,1704040.0,1704040.0,KOSPI,-0.13
0053M0,더제이 중소형포커스액티브,12935.0,17.0,17.0,219895.0,219895.0,KOSPI,-1.75
0114X0,RISE 글로벌게임테크TOP3Plus,8875.0,142.0,142.0,1260250.0,1260250.0,KOSPI,0.91
550096,N2 레버리지 국채30년 ETN,11535.0,80.0,80.0,922800.0,922800.0,KOSPI,1.45
483020,KIWOOM 의료AI,8845.0,2080.0,2080.0,18397600.0,18397600.0,KOSPI,-2.48
570111,한투 3X레버리지미국채30년 ETN,28635.0,49.0,49.0,1403115.0,1403115.0,KOSPI,0.23
433250,UNICORN R&D 액티브,22580.0,6.0,6.0,135480.0,135480.0,KOSPI,-2.5
012205,계양전기우,4825.0,6046.0,6046.0,29171950.0,29171950.0,KOSPI,-2.33
090355,노루페인트우,12150.0,374.0,374.0,4544100.0,4544100.0,KOSPI,-0.57
407300,HANARO Fn골프테마,10095.0,25975.0,25975.0,262217625.0,262217625.0,KOSPI,-0.83
432600,RISE 국채선물3년,55355.0,4.0,4.0,221420.0,221420.0,KOSPI,-0.09
291890,KODEX MSCI EM선물(H),12270.0,141.0,141.0,1730070.0,1730070.0,KOSPI,-1.84
401590,HANARO 글로벌탄소배출권선물ICE(합성),10780.0,254.0,254.0,2738120.0,2738120.0,KOSPI,0.05
610023,메리츠 레버리지 미국채10년 ETN(H),5485.0,61.0,61.0,334585.0,334585.0,KOSPI,0.0
238670,PLUS 스마트베타Quality채권혼합,13515.0,6621.0,6621.0,89482815.0,89482815.0,KOSPI,-0.88
470310,UNICORN 생성형AI강소기업액티브,17870.0,345.0,345.0,6165150.0,6165150.0,KOSPI,-1.22
499150,SOL 미국S&P500엔화노출(H),10710.0,1240.0,1240.0,13280400.0,13280400.0,KOSPI,-0.51
550098,N2 인버스 2X 코스닥150 선물 ETN,5305.0,13147.0,13147.0,69744835.0,69744835.0,KOSPI,2.12
0174J0,DAISHIN 오피스리츠플러스,8775.0,15004.0,15004.0,131660100.0,131660100.0,KOSPI,0.11
0087F0,ACE 차이나AI빅테크TOP2+액티브,10310.0,1877.0,1877.0,19351870.0,19351870.0,KOSPI,-1.25
295000,RISE 국채선물10년,51345.0,33.0,33.0,1694385.0,1694385.0,KOSPI,-0.14
390400,KODEX 미국스마트모빌리티S&P,6400.0,7745.0,7745.0,49568000.0,49568000.0,KOSPI,-2.22
0015E0,KIWOOM 엔비디아미국30년국채혼합액티브(H),10210.0,1240.0,1240.0,12660400.0,12660400.0,KOSPI,-0.58
490330,KoAct 미국치매&뇌질환치료제액티브,12735.0,4473.0,4473.0,56963655.0,56963655.0,KOSPI,-0.24
483030,KIWOOM 미국블록버스터바이오테크의약품+,11240.0,607.0,607.0,6822680.0,6822680.0,KOSPI,1.58
220130,SOL 차이나강소기업CSI500(합성 H),6295.0,272.0,272.0,1712240.0,1712240.0,KOSPI,-3.89
530094,삼성 인버스 코스닥 150 선물 ETN,5005.0,1786.0,1786.0,8938930.0,8938930.0,KOSPI,1.01
0132D0,KoAct 글로벌K컬처밸류체인액티브,8950.0,976.0,976.0,8735200.0,8735200.0,KOSPI,-1.81
476310,RISE 글로벌비만산업TOP2+,8925.0,3412.0,3412.0,30452100.0,30452100.0,KOSPI,1.77
760014,키움 바이오TOP10 ETN,7010.0,19.0,19.0,133190.0,133190.0,KOSPI,-4.76
227560,TIGER 200 생활소비재,12265.0,1081.0,1081.0,13258465.0,13258465.0,KOSPI,-1.49
413220,SOL 차이나태양광CSI(합성),4035.0,795.0,795.0,3207825.0,3207825.0,KOSPI,-2.18
219900,ACE 중국본토CSI300레버리지(합성),3440.0,2996.0,2996.0,10306240.0,10306240.0,KOSPI,-2.55
0184V0,UNICORN K바이오액티브,5330.0,35540.0,35540.0,189428200.0,189428200.0,KOSPI,-5.83
610029,메리츠 인버스 2X 구리 선물 ETN(H),4795.0,2.0,2.0,9590.0,9590.0,KOSPI,0.63
0102X0,ACE 유럽방산TOP10,7980.0,1325.0,1325.0,10573500.0,10573500.0,KOSPI,-2.74
0015K0,TIGER 미국소비트렌드액티브,6780.0,128.0,128.0,867840.0,867840.0,KOSPI,-0.8
474390,SOL 국고채30년액티브,41340.0,61.0,61.0,2521740.0,2521740.0,KOSPI,0.18
0154H0,KoAct 차이나바이오헬스케어액티브,8445.0,21525.0,21525.0,181778625.0,181778625.0,KOSPI,-3.76
550070,N2 인버스 레버리지 구리 선물 ETN(H),4630.0,4.0,4.0,18520.0,18520.0,KOSPI,-3.14
411860,KIWOOM 독일DAX,15310.0,1766.0,1766.0,27037460.0,27037460.0,KOSPI,-1.98
267440,RISE 미국장기국채선물(H),7565.0,315.0,315.0,2382975.0,2382975.0,KOSPI,-0.26
0073X0,FOCUS 알리바바미국채커버드콜혼합,8145.0,263.0,263.0,2142135.0,2142135.0,KOSPI,-0.67
266550,PLUS 중형주저변동50,17840.0,131.0,131.0,2337040.0,2337040.0,KOSPI,-0.97
498610,RISE 인도디지털성장,7350.0,371.0,371.0,2726850.0,2726850.0,KOSPI,-0.14
391600,ACE 미국친환경그린테마,9775.0,1243.0,1243.0,12150325.0,12150325.0,KOSPI,-2.2
580044,KB 인버스 2X KOSDAQ 150 선물 ETN,1465.0,174397.0,174397.0,255491605.0,255491605.0,KOSPI,2.23
510027,대신 인버스 2X 코스닥 150 선물 ETN,1454.0,1860.0,1860.0,2704440.0,2704440.0,KOSPI,0.07
002995,금호건설우,14900.0,4876.0,4876.0,72652400.0,72652400.0,KOSPI,4.41
000545,흥국화재우,5620.0,431.0,431.0,2422220.0,2422220.0,KOSPI,-2.43
252420,RISE 200선물인버스2X,82.0,1742871.0,1742871.0,142915422.0,142915422.0,KOSPI,5.13
0078V0,PLUS 미국로보택시,8575.0,324.0,324.0,2778300.0,2778300.0,KOSPI,-1.1
205720,ACE 일본TOPIX인버스(합성 H),1420.0,2173.0,2173.0,3085660.0,3085660.0,KOSPI,0.71
000145,하이트진로홀딩스우,9000.0,595.0,595.0,5355000.0,5355000.0,KOSPI,-1.53
277650,TIGER 코스피중형주,21150.0,8.0,8.0,169200.0,169200.0,KOSPI,-0.63
0128D0,PLUS 차이나항셍테크위클리타겟커버드콜,5945.0,3289.0,3289.0,19553105.0,19553105.0,KOSPI,-1.82
0050E0,PLUS 미국AI에이전트,8320.0,153.0,153.0,1272960.0,1272960.0,KOSPI,-0.89
373790,KIWOOM 미국방어배당성장나스닥,14420.0,210.0,210.0,3028200.0,3028200.0,KOSPI,-1.06
226380,ACE Fn성장소비주도주,5665.0,158.0,158.0,895070.0,895070.0,KOSPI,-1.22
009415,태영건설우,6030.0,423.0,423.0,2550690.0,2550690.0,KOSPI,0.33
243890,TIGER 200에너지화학레버리지,8615.0,39688.0,39688.0,341912120.0,341912120.0,KOSPI,-3.2
005965,동부건설우,17100.0,42.0,42.0,718200.0,718200.0,KOSPI,0.0
530125,삼성 인버스 2X 일본니케이225선물 ETN(H),3815.0,9114.0,9114.0,34769910.0,34769910.0,KOSPI,2.42
0131A0,SOL 차이나소비트렌드,6895.0,27632.0,27632.0,190522640.0,190522640.0,KOSPI,-0.07
225030,TIGER 미국S&P500선물인버스(H),2240.0,45063.0,45063.0,100941120.0,100941120.0,KOSPI,0.45
244660,KODEX 퀄리티Plus,9225.0,7.0,7.0,64575.0,64575.0,KOSPI,-1.55
014825,동원시스템즈우,13960.0,99.0,99.0,1382040.0,1382040.0,KOSPI,3.33
334690,RISE 팔라듐선물(H),5075.0,10840.0,10840.0,55013000.0,55013000.0,KOSPI,-2.5
500041,신한 인버스 2X 구리 선물 ETN,709.0,139.0,139.0,98551.0,98551.0,KOSPI,-2.88
306530,HANARO 코스닥150선물레버리지,8050.0,14946.0,14946.0,120315300.0,120315300.0,KOSPI,-2.13
007575,일양약품우,7940.0,230.0,230.0,1826200.0,1826200.0,KOSPI,0.63
570110,한투 3X레버리지국채30년 ETN,17605.0,602.0,602.0,10598210.0,10598210.0,KOSPI,3.56
014285,금강공업우,5820.0,314.0,314.0,1827480.0,1827480.0,KOSPI,-1.19
570023,한투 인버스2XS&P500선물 ETN(H),662.0,653.0,653.0,432286.0,432286.0,KOSPI,0.61
36328K,티와이홀딩스우,2805.0,6495.0,6495.0,18218475.0,18218475.0,KOSPI,-2.94
427120,RISE AI플랫폼,5315.0,23517.0,23517.0,124992855.0,124992855.0,KOSPI,-1.12
321410,KODEX 멀티에셋하이인컴(H),10320.0,113.0,113.0,1166160.0,1166160.0,KOSPI,-0.19
267490,RISE 미국장기국채선물레버리지(합성 H),4390.0,3248.0,3248.0,14258720.0,14258720.0,KOSPI,-0.45
005745,크라운해태홀딩스우,5090.0,121.0,121.0,615890.0,615890.0,KOSPI,1.8
0079X0,ACE BYD밸류체인액티브,8655.0,7069.0,7069.0,61182195.0,61182195.0,KOSPI,-2.75
014915,성문전자우,5000.0,86.0,86.0,430000.0,430000.0,KOSPI,2.04
280940,KODEX 골드선물인버스(H),3645.0,2996.0,2996.0,10920420.0,10920420.0,KOSPI,0.0
145670,ACE 인버스,1310.0,124065.0,124065.0,162525150.0,162525150.0,KOSPI,2.26
252410,RISE 200선물인버스,1344.0,37831.0,37831.0,50844864.0,50844864.0,KOSPI,3.07
476000,UNICORN 포스트IPO액티브,5100.0,1161.0,1161.0,5921100.0,5921100.0,KOSPI,-0.78
491630,RISE 미국반도체인버스(합성 H),4760.0,224.0,224.0,1066240.0,1066240.0,KOSPI,0.53
253230,KIWOOM 200선물인버스2X,78.0,5432265.0,5432265.0,423716670.0,423716670.0,KOSPI,5.41
000227,유유제약2우B,7980.0,220.0,220.0,1755600.0,1755600.0,KOSPI,-1.72
334700,RISE 팔라듐선물인버스(H),3785.0,528.0,528.0,1998480.0,1998480.0,KOSPI,2.44
500030,신한 인버스 2X 은 선물 ETN(H),70.0,33503.0,33503.0,2345210.0,2345210.0,KOSPI,6.06
580033,KB 인버스 2X 구리 선물 ETN(H),4660.0,3156.0,3156.0,14706960.0,14706960.0,KOSPI,-3.82
008355,남선알미우,7270.0,219.0,219.0,1592130.0,1592130.0,KOSPI,1.25
500051,신한 인버스 2X S&P500 선물 ETN,1109.0,56.0,56.0,62104.0,62104.0,KOSPI,0.64
280320,ACE 미국IT인터넷(합성 H),22070.0,11.0,11.0,242770.0,242770.0,KOSPI,0.23
275750,RISE 코스닥150선물인버스,2240.0,4964.0,4964.0,11119360.0,11119360.0,KOSPI,0.9
570070,한투 인버스2X플래티넘선물 ETN,1896.0,995.0,995.0,1886520.0,1886520.0,KOSPI,2.49
001525,동양우,7200.0,728.0,728.0,5241600.0,5241600.0,KOSPI,-4.0
005030,부산주공,18.0,18549950.0,18549950.0,333899100.0,333899100.0,KOSPI,-28.0
291620,KIWOOM 코스닥150선물인버스,3945.0,63162.0,63162.0,249174090.0,249174090.0,KOSPI,1.28
253160,PLUS 200선물인버스2X,156.0,1630703.0,1630703.0,254389668.0,254389668.0,KOSPI,5.41
253240,KIWOOM 200선물인버스,1338.0,32112.0,32112.0,42965856.0,42965856.0,KOSPI,2.14
306520,HANARO 200선물인버스,2435.0,3574.0,3574.0,8702690.0,8702690.0,KOSPI,2.53
700018,하나 인버스 2X 코스닥150 선물 ETN,1457.0,6128.0,6128.0,8928496.0,8928496.0,KOSPI,0.48
004545,깨끗한나라우,3640.0,597.0,597.0,2173080.0,2173080.0,KOSPI,7.22
500038,신한 인버스 2X 금 선물 ETN,1212.0,1273.0,1273.0,1542876.0,1542876.0,KOSPI,1.17
005110,한창,52.0,4524207.0,4524207.0,235258764.0,235258764.0,KOSPI,-10.34
261920,ACE MSCI필리핀(합성),10975.0,46.0,46.0,504850.0,504850.0,KOSPI,-1.26
011155,CJ씨푸드1우,5260.0,2659.0,2659.0,13986340.0,13986340.0,KOSPI,-3.31
001527,동양2우B,4995.0,395.0,395.0,1973025.0,1973025.0,KOSPI,1.94
412560,TIGER BBIG레버리지,1568.0,8251.0,8251.0,12937568.0,12937568.0,KOSPI,-4.68
004415,서울식품우,4040.0,1490.0,1490.0,6019600.0,6019600.0,KOSPI,3.19
465620,ACE 미국빅테크TOP7 Plus인버스(합성),6280.0,2611.0,2611.0,16397080.0,16397080.0,KOSPI,0.48
002785,진흥기업우B,6620.0,649.0,649.0,4296380.0,4296380.0,KOSPI,-3.22
002787,진흥기업2우B,9970.0,1154.0,1154.0,11505380.0,11505380.0,KOSPI,0.4
196170,알테오젠,240500.0,724009.0,1582851.0,174124164500.0,380675665500.0,KOSDAQ,-6.42
086520,에코프로,91200.0,955417.0,1681767.0,87134030400.0,153377150400.0,KOSDAQ,-0.76
247540,에코프로비엠,126500.0,617604.0,1091028.0,78126906000.0,138015042000.0,KOSDAQ,1.61
036930,주성엔지니어링,263500.0,3831323.0,3831323.0,1009553610500.0,1009553610500.0,KOSDAQ,6.46
277810,레인보우로보틱스,431500.0,65203.0,100789.0,28135094500.0,43490453500.0,KOSDAQ,-3.47
058470,리노공업,87800.0,1640090.0,2574722.0,143999902000.0,226060591600.0,KOSDAQ,3.05
240810,원익IPS,134200.0,1798133.0,1798133.0,241309448600.0,241309448600.0,KOSDAQ,2.36
222800,심텍,170700.0,734166.0,1187932.0,125322136200.0,202779992400.0,KOSDAQ,0.18
039030,이오테크닉스,519000.0,197294.0,220241.0,102395586000.0,114305079000.0,KOSDAQ,0.19
028300,HLB,46000.0,925840.0,1897339.0,42588640000.0,87277594000.0,KOSDAQ,0.22
000250,삼천당제약,243500.0,284015.0,539887.0,69157652500.0,131462484500.0,KOSDAQ,1.04
403870,HPSP,64000.0,1686478.0,1686478.0,107934592000.0,107934592000.0,KOSDAQ,-2.29
031980,피에스케이홀딩스,209500.0,217742.0,275403.0,45616949000.0,57696928500.0,KOSDAQ,2.7
108490,로보티즈,298000.0,258485.0,439710.0,77028530000.0,131033580000.0,KOSDAQ,-2.45
095340,ISC,200000.0,203931.0,261093.0,40786200000.0,52218600000.0,KOSDAQ,-1.23
319660,피에스케이,145100.0,435670.0,435670.0,63215717000.0,63215717000.0,KOSDAQ,5.76
440110,파두,83000.0,355042.0,355042.0,29468486000.0,29468486000.0,KOSDAQ,0.85
084370,유진테크,171700.0,194139.0,274395.0,33333666300.0,47113621500.0,KOSDAQ,1.6
131290,티에스이,309000.0,71251.0,110337.0,22016559000.0,34094133000.0,KOSDAQ,-2.22
067310,하나마이크론,50200.0,1392733.0,1392733.0,69915196600.0,69915196600.0,KOSDAQ,-0.99
064760,티씨케이,293000.0,82260.0,99101.0,24102180000.0,29036593000.0,KOSDAQ,2.81
357780,솔브레인,413000.0,32151.0,38345.0,13278363000.0,15836485000.0,KOSDAQ,-0.12
095610,테스,163300.0,206158.0,313254.0,33665601400.0,51154378200.0,KOSDAQ,0.12
214450,파마리서치,299000.0,125898.0,168476.0,37643502000.0,50374324000.0,KOSDAQ,-3.08
080220,제주반도체,86000.0,1220842.0,1220842.0,104992412000.0,104992412000.0,KOSDAQ,1.53
141080,리가켐바이오,74000.0,389596.0,610660.0,28830104000.0,45188840000.0,KOSDAQ,-8.07
226950,올릭스,118000.0,261463.0,365975.0,30852634000.0,43185050000.0,KOSDAQ,-3.83
298380,에이비엘바이오,48150.0,407458.0,632979.0,19619102700.0,30477938850.0,KOSDAQ,-5.77
010170,대한광통신,16970.0,6500744.0,6500744.0,110317625680.0,110317625680.0,KOSDAQ,-5.41
178320,서진시스템,41150.0,795764.0,795764.0,32745688600.0,32745688600.0,KOSDAQ,-0.36
005290,동진쎄미켐,50500.0,435326.0,741947.0,21983963000.0,37468323500.0,KOSDAQ,-0.98
310210,보로노이,137800.0,81879.0,117454.0,11282926200.0,16185161200.0,KOSDAQ,-6.13
098460,고영,37350.0,3731591.0,3731591.0,139374923850.0,139374923850.0,KOSDAQ,3.18
043260,성호전자,32550.0,2685810.0,2685810.0,87423115500.0,87423115500.0,KOSDAQ,-0.31
131970,두산테스나,123300.0,1021196.0,1962103.0,125913466800.0,241927299900.0,KOSDAQ,13.02
257720,실리콘투,35700.0,740535.0,1165991.0,26437099500.0,41625878700.0,KOSDAQ,-4.93
319400,현대무벡스,20550.0,1787346.0,1787346.0,36729960300.0,36729960300.0,KOSDAQ,1.99
145020,휴젤,181300.0,54306.0,63982.0,9845677800.0,11599936600.0,KOSDAQ,-1.25
214370,케어젠,41450.0,88633.0,122560.0,3673837850.0,5080112000.0,KOSDAQ,-6.85
030530,원익홀딩스,28650.0,689160.0,689160.0,19744434000.0,19744434000.0,KOSDAQ,-1.38
140860,파크시스템스,311500.0,52223.0,64639.0,16267464500.0,20135048500.0,KOSDAQ,1.14
058610,에스피지,97300.0,221256.0,393884.0,21528208800.0,38324913200.0,KOSDAQ,-2.6
087010,펩트론,91500.0,600660.0,1896930.0,54960390000.0,173569095000.0,KOSDAQ,-29.94
140410,메지온,69000.0,65926.0,65926.0,4548894000.0,4548894000.0,KOSDAQ,2.22
263750,펄어비스,32700.0,181991.0,235794.0,5951105700.0,7710463800.0,KOSDAQ,-1.51
089030,테크윙,54900.0,607816.0,607816.0,33369098400.0,33369098400.0,KOSDAQ,2.23
032820,우리기술,11640.0,2248703.0,2248703.0,26174902920.0,26174902920.0,KOSDAQ,-6.05
347850,디앤디파마텍,42950.0,610181.0,610181.0,26207273950.0,26207273950.0,KOSDAQ,-6.83
214150,클래시스,30100.0,171528.0,229087.0,5162992800.0,6895518700.0,KOSDAQ,-1.95
237690,에스티팜,92100.0,101364.0,140548.0,9335624400.0,12944470800.0,KOSDAQ,-4.46
323280,태성,62500.0,446385.0,947167.0,27899062500.0,59197937500.0,KOSDAQ,4.69
036540,SFA반도체,11580.0,5204213.0,5204213.0,60264786540.0,60264786540.0,KOSDAQ,2.12
078600,대주전자재료,114900.0,331824.0,610623.0,38126577600.0,70160582700.0,KOSDAQ,2.59
041510,에스엠,77900.0,60290.0,80020.0,4696591000.0,6233558000.0,KOSDAQ,-1.39
089970,브이엠,66800.0,550266.0,1052749.0,36757768800.0,70323633200.0,KOSDAQ,3.57
096530,씨젠,37950.0,390393.0,600309.0,14815414350.0,22781726550.0,KOSDAQ,-2.44
420770,기가비스,137500.0,64147.0,64147.0,8820212500.0,8820212500.0,KOSDAQ,1.63
068760,셀트리온제약,38800.0,52164.0,87854.0,2023963200.0,3408735200.0,KOSDAQ,-3.24
183300,코미코,33500.0,286402.0,460303.0,9594467000.0,15420150500.0,KOSDAQ,1.36
060370,LS마린솔루션,31950.0,161074.0,232128.0,5146314300.0,7416489600.0,KOSDAQ,-5.75
083650,비에이치아이,53300.0,350686.0,606191.0,18691563800.0,32309980300.0,KOSDAQ,-6.82
0009K0,에임드바이오,24650.0,116369.0,196199.0,2868495850.0,4836305350.0,KOSDAQ,-4.83
007390,네이처셀,24700.0,185294.0,311897.0,4576761800.0,7703855900.0,KOSDAQ,0.0
204270,제이앤티씨,27000.0,2421704.0,2421704.0,65386008000.0,65386008000.0,KOSDAQ,4.65
218410,RFHIC,58000.0,288276.0,537416.0,16720008000.0,31170128000.0,KOSDAQ,-1.53
437730,삼현,48400.0,280841.0,565830.0,13592704400.0,27386172000.0,KOSDAQ,-4.35
290650,엘앤씨바이오,55800.0,364056.0,493607.0,20314324800.0,27543270600.0,KOSDAQ,-4.29
039200,오스코텍,37600.0,120779.0,189862.0,4541290400.0,7138811200.0,KOSDAQ,-5.29
232140,와이씨,17000.0,1717815.0,1717815.0,29202855000.0,29202855000.0,KOSDAQ,-1.11
035900,JYP Ent.,38900.0,394218.0,556767.0,15335080200.0,21658236300.0,KOSDAQ,0.91
950160,코오롱티슈진,16190.0,433439.0,433439.0,7017377410.0,7017377410.0,KOSDAQ,-3.69
347700,스피어,25400.0,1767686.0,1767686.0,44899224400.0,44899224400.0,KOSDAQ,-3.05
003380,하림지주,11440.0,478085.0,478085.0,5469292400.0,5469292400.0,KOSDAQ,-0.26
166090,하나머티리얼즈,64300.0,205807.0,314934.0,13233390100.0,20250256200.0,KOSDAQ,4.38
082920,비츠로셀,28000.0,306409.0,435123.0,8579452000.0,12183444000.0,KOSDAQ,-5.25
356860,티엘비,52900.0,790576.0,1572250.0,41821470400.0,83172025000.0,KOSDAQ,5.17
950260,인제니아테라퓨틱스(Reg.S),25300.0,653039.0,653039.0,16521886700.0,16521886700.0,KOSDAQ,-9.32
241710,코스메카코리아,112100.0,73387.0,94244.0,8226682700.0,10564752400.0,KOSDAQ,-4.19
195940,HK이노엔,40300.0,129462.0,154316.0,5217318600.0,6218934800.0,KOSDAQ,-1.1
101490,에스앤에스텍,52800.0,325051.0,662864.0,17162692800.0,34999219200.0,KOSDAQ,-1.12
056190,SFA,31300.0,234623.0,310201.0,7343699900.0,9709291300.0,KOSDAQ,0.81
417200,LS머트리얼즈,16430.0,2677916.0,2677916.0,43998159880.0,43998159880.0,KOSDAQ,5.32
252990,샘씨엔에스,18200.0,466569.0,466569.0,8491555800.0,8491555800.0,KOSDAQ,-4.46
127120,제이에스링크,28500.0,189369.0,285765.0,5397016500.0,8144302500.0,KOSDAQ,2.33
083450,GST,57400.0,232864.0,433997.0,13366393600.0,24911427800.0,KOSDAQ,2.14
036830,솔브레인홀딩스,50200.0,151921.0,265140.0,7626434200.0,13310028000.0,KOSDAQ,6.47
086450,동국제약,22350.0,311799.0,523317.0,6968707650.0,11696134950.0,KOSDAQ,-1.54
458870,씨어스,26100.0,139851.0,229646.0,3650111100.0,5993760600.0,KOSDAQ,0.38
293490,카카오게임즈,9330.0,516242.0,516242.0,4816537860.0,4816537860.0,KOSDAQ,-7.72
033790,피노,11500.0,6705526.0,6705526.0,77113549000.0,77113549000.0,KOSDAQ,16.4
161580,필옵틱스,41800.0,315931.0,735548.0,13205915800.0,30745906400.0,KOSDAQ,0.24
160190,하이젠알앤엠,31100.0,431714.0,431714.0,13426305400.0,13426305400.0,KOSDAQ,-7.99
327260,RF머트리얼즈,53000.0,561949.0,561949.0,29783297000.0,29783297000.0,KOSDAQ,-0.75
491000,리브스메드,37450.0,117983.0,117983.0,4418463350.0,4418463350.0,KOSDAQ,-2.09
295310,에이치브이엠,74300.0,207864.0,319577.0,15444295200.0,23744571100.0,KOSDAQ,3.19
388210,씨엠티엑스,95300.0,122144.0,192628.0,11640323200.0,18357448400.0,KOSDAQ,6.72
445680,큐리옥스바이오시스템즈,52800.0,143225.0,271333.0,7562280000.0,14326382400.0,KOSDAQ,-10.81
100790,미래에셋벤처투자,16990.0,414001.0,414001.0,7033876990.0,7033876990.0,KOSDAQ,1.07
065350,신성델타테크,32450.0,71356.0,122100.0,2315502200.0,3962145000.0,KOSDAQ,-0.15
031330,에스에이엠티,8600.0,272312.0,272312.0,2341883200.0,2341883200.0,KOSDAQ,0.0
074600,원익QnC,32350.0,260540.0,395034.0,8428469000.0,12779349900.0,KOSDAQ,2.37
041960,코미팜,11340.0,341066.0,341066.0,3867688440.0,3867688440.0,KOSDAQ,3.09
281740,레이크머티리얼즈,12870.0,513591.0,513591.0,6609916170.0,6609916170.0,KOSDAQ,1.58
328130,루닛,11300.0,995250.0,2111235.0,11246325000.0,23856955500.0,KOSDAQ,1.16
115180,큐리언트,22350.0,203122.0,313273.0,4539776700.0,7001651550.0,KOSDAQ,-7.64
053800,안랩,75200.0,157946.0,322997.0,11877539200.0,24289374400.0,KOSDAQ,-3.22
032500,케이엠더블유,19800.0,128397.0,224909.0,2542260600.0,4453198200.0,KOSDAQ,-1.0
388720,유일로보틱스,69400.0,26362.0,42724.0,1829522800.0,2965045600.0,KOSDAQ,-0.14
251970,펌텍코리아,65800.0,82892.0,109501.0,5454293600.0,7205165800.0,KOSDAQ,-2.08
059090,미코,24350.0,850138.0,1568026.0,20700860300.0,38181433100.0,KOSDAQ,6.56
119850,지엔씨에너지,48050.0,488117.0,801807.0,23454021850.0,38526826350.0,KOSDAQ,-7.06
425420,티에프이,63800.0,140195.0,222282.0,8944441000.0,14181591600.0,KOSDAQ,-1.54
064290,인텍플러스,60600.0,209929.0,209929.0,12721697400.0,12721697400.0,KOSDAQ,3.59
137400,피엔티,33150.0,163789.0,305191.0,5429605350.0,10117081650.0,KOSDAQ,2.63
035760,CJ ENM,35400.0,112788.0,131779.0,3992695200.0,4664976600.0,KOSDAQ,0.43
033100,제룡전기,48300.0,74769.0,124325.0,3611342700.0,6004897500.0,KOSDAQ,-1.73
121600,나노신소재,63200.0,84166.0,145802.0,5319291200.0,9214686400.0,KOSDAQ,0.96
014620,성광벤드,28850.0,137079.0,189590.0,3954729150.0,5469671500.0,KOSDAQ,-1.87
033640,네패스,33100.0,399805.0,648046.0,13233545500.0,21450322600.0,KOSDAQ,6.26
490470,세미파이브,22350.0,1101562.0,1101562.0,24619910700.0,24619910700.0,KOSDAQ,-1.76
006730,서부T&D,11820.0,566871.0,566871.0,6700415220.0,6700415220.0,KOSDAQ,0.0
085660,차바이오텍,8160.0,166335.0,246411.0,1357293600.0,2010713760.0,KOSDAQ,-4.67
099320,쎄트렉아이,69200.0,98367.0,147929.0,6806996400.0,10236686800.0,KOSDAQ,-7.98
122870,와이지엔터테인먼트,40500.0,77892.0,101132.0,3154626000.0,4095846000.0,KOSDAQ,-2.41
171090,선익시스템,74700.0,60318.0,99253.0,4505754600.0,7414199100.0,KOSDAQ,2.89
213420,덕산네오룩스,29800.0,118352.0,162814.0,3526889600.0,4851857200.0,KOSDAQ,0.0
476830,알지노믹스,26350.0,299283.0,576941.0,7886107050.0,15202395350.0,KOSDAQ,-6.89
038500,삼표시멘트,6830.0,13208092.0,13208092.0,90211268360.0,90211268360.0,KOSDAQ,-12.66
090360,로보스타,75400.0,100239.0,162463.0,7558020600.0,12249710200.0,KOSDAQ,-3.7
053610,프로텍,81200.0,70788.0,92190.0,5747985600.0,7485828000.0,KOSDAQ,0.62
090710,휴림로봇,6070.0,956145.0,956145.0,5803800150.0,5803800150.0,KOSDAQ,-3.34
036810,에프에스티,33500.0,100676.0,180412.0,3372646000.0,6043802000.0,KOSDAQ,-2.9
044490,태웅,35800.0,95304.0,175270.0,3411883200.0,6274666000.0,KOSDAQ,-2.59
102710,이엔에프테크놀로지,50000.0,108771.0,161591.0,5438550000.0,8079550000.0,KOSDAQ,-0.4
032190,다우데이타,18540.0,49215.0,71900.0,912446100.0,1333026000.0,KOSDAQ,-2.06
253590,네오셈,16130.0,709689.0,709689.0,11447283570.0,11447283570.0,KOSDAQ,1.19
456160,지투지바이오,42050.0,205775.0,413805.0,8652838750.0,17400500250.0,KOSDAQ,-5.93
466100,클로봇,22550.0,258422.0,436751.0,5827416100.0,9848735050.0,KOSDAQ,-1.96
122640,예스티,32200.0,209267.0,209267.0,6738397400.0,6738397400.0,KOSDAQ,1.26
041830,인바디,51500.0,68465.0,97006.0,3525947500.0,4995809000.0,KOSDAQ,-3.01
092870,엑시콘,52900.0,262307.0,262307.0,13876040300.0,13876040300.0,KOSDAQ,0.0
189300,인텔리안테크,63800.0,102996.0,164602.0,6571144800.0,10501607600.0,KOSDAQ,-6.86
023160,태광,26200.0,103195.0,177919.0,2703709000.0,4661477800.0,KOSDAQ,-1.87
222080,SFA넥셀,8690.0,1661508.0,1661508.0,14438504520.0,14438504520.0,KOSDAQ,2.72
476060,온코닉테라퓨틱스,14750.0,177272.0,414394.0,2614762000.0,6112311500.0,KOSDAQ,-4.9
048410,현대바이오,6900.0,1092913.0,1092913.0,7541099700.0,7541099700.0,KOSDAQ,-5.35
225570,넥슨게임즈,9990.0,242479.0,319625.0,2422365210.0,3193053750.0,KOSDAQ,-4.31
077360,덕산하이메탈,14110.0,787443.0,787443.0,11110820730.0,11110820730.0,KOSDAQ,2.39
024850,HLB이노베이션,18550.0,436355.0,436355.0,8094385250.0,8094385250.0,KOSDAQ,3.17
093320,케이아이엔엑스,129200.0,4388.0,5941.0,566929600.0,767577200.0,KOSDAQ,-1.37
126340,비나텍,87800.0,127202.0,249078.0,11168335600.0,21869048400.0,KOSDAQ,-7.29
253450,스튜디오드래곤,20950.0,72063.0,85111.0,1509719850.0,1783075450.0,KOSDAQ,1.21
219130,타이거일렉,97000.0,42317.0,42317.0,4104749000.0,4104749000.0,KOSDAQ,-1.02
144960,뉴파워프라즈마,14000.0,1514328.0,1514328.0,21200592000.0,21200592000.0,KOSDAQ,6.14
124500,아이티센글로벌,26200.0,272648.0,510549.0,7143377600.0,13376383800.0,KOSDAQ,-6.26
046890,서울반도체,10380.0,180119.0,290430.0,1869635220.0,3014663400.0,KOSDAQ,-0.19
078350,한양디지텍,38950.0,323356.0,323356.0,12594716200.0,12594716200.0,KOSDAQ,7.01
050890,쏠리드,9760.0,750687.0,750687.0,7326705120.0,7326705120.0,KOSDAQ,-3.37
080580,오킨스전자,27600.0,302713.0,302713.0,8354878800.0,8354878800.0,KOSDAQ,-1.95
045100,한양이엔지,33100.0,58744.0,96667.0,1944426400.0,3199677700.0,KOSDAQ,-1.49
214430,아이쓰리시스템,79200.0,33668.0,44990.0,2666505600.0,3563208000.0,KOSDAQ,-0.13
047920,HLB제약,12960.0,6729960.0,14397321.0,87220281600.0,186589280160.0,KOSDAQ,3.1
399720,가온칩스,47400.0,205841.0,585462.0,9756863400.0,27750898800.0,KOSDAQ,1.39
067630,HLB생명과학,4520.0,663843.0,663843.0,3000570360.0,3000570360.0,KOSDAQ,8.0
069540,빛과전자,4890.0,15676338.0,15676338.0,76657292820.0,76657292820.0,KOSDAQ,-6.14
009520,포스코엠텍,13120.0,146132.0,227063.0,1917251840.0,2979066560.0,KOSDAQ,-0.61
358570,지아이이노베이션,8450.0,318784.0,461575.0,2693724800.0,3900308750.0,KOSDAQ,-5.16
089890,코세스,32850.0,204602.0,337506.0,6721175700.0,11087072100.0,KOSDAQ,-0.15
042000,카페24,22250.0,245427.0,429782.0,5460750750.0,9562649500.0,KOSDAQ,-1.33
060250,NHN KCP,13260.0,110283.0,110283.0,1462352580.0,1462352580.0,KOSDAQ,-1.92
101160,월덱스,32050.0,30817.0,46766.0,987684850.0,1498850300.0,KOSDAQ,-0.47
383310,에코프로에이치엔,25200.0,93147.0,93147.0,2347304400.0,2347304400.0,KOSDAQ,-0.98
112040,위메이드,15480.0,202739.0,259456.0,3138399720.0,4016378880.0,KOSDAQ,-2.33
052400,코나아이,35800.0,63046.0,82083.0,2257046800.0,2938571400.0,KOSDAQ,-0.42
079940,가비아,38700.0,11322.0,13661.0,438161400.0,528680700.0,KOSDAQ,-0.77
094170,동운아나텍,24700.0,85686.0,147537.0,2116444200.0,3644163900.0,KOSDAQ,-2.95
052020,에스티큐브,7550.0,115659.0,115659.0,873225450.0,873225450.0,KOSDAQ,-2.33
104830,원익머트리얼즈,40650.0,68464.0,95620.0,2783061600.0,3886953000.0,KOSDAQ,-0.85
356680,엑스게이트,17930.0,1331781.0,1331781.0,23878833330.0,23878833330.0,KOSDAQ,-5.33
290550,디케이티,25350.0,551388.0,551388.0,13977685800.0,13977685800.0,KOSDAQ,7.42
037460,삼지전자,31050.0,25385.0,25385.0,788204250.0,788204250.0,KOSDAQ,-0.64
174900,앱클론,25200.0,186983.0,186983.0,4711971600.0,4711971600.0,KOSDAQ,-6.32
348340,뉴로메카,21300.0,697744.0,697744.0,14861947200.0,14861947200.0,KOSDAQ,0.71
468530,프로티나,44750.0,185095.0,340634.0,8283001250.0,15243371500.0,KOSDAQ,1.7
099190,아이센스,16620.0,19603.0,34258.0,325801860.0,569367960.0,KOSDAQ,-0.48
211050,인카금융서비스,9880.0,32475.0,48689.0,320853000.0,481047320.0,KOSDAQ,-0.5
056080,유진로봇,12690.0,1040142.0,1040142.0,13199401980.0,13199401980.0,KOSDAQ,3.93
082270,젬백스,10650.0,108213.0,169704.0,1152468450.0,1807347600.0,KOSDAQ,-3.97
033160,엠케이전자,19710.0,1540714.0,1540714.0,30367472940.0,30367472940.0,KOSDAQ,-2.67
365340,성일하이텍,37450.0,27064.0,46304.0,1013546800.0,1734084800.0,KOSDAQ,-0.13
086900,메디톡스,66100.0,17091.0,25306.0,1129715100.0,1672726600.0,KOSDAQ,-2.07
098120,마이크로컨텍솔,57600.0,102490.0,102490.0,5903424000.0,5903424000.0,KOSDAQ,-4.79
417840,저스템,20850.0,3356621.0,3356621.0,69985547850.0,69985547850.0,KOSDAQ,10.9
348370,엔켐,21800.0,370723.0,630839.0,8081761400.0,13752290200.0,KOSDAQ,-6.03
025980,아난티,4905.0,651592.0,651592.0,3196058760.0,3196058760.0,KOSDAQ,-0.71
200470,에이팩트,10890.0,1916271.0,1916271.0,20868191190.0,20868191190.0,KOSDAQ,9.01
278280,천보,38900.0,35859.0,46782.0,1394915100.0,1819819800.0,KOSDAQ,1.17
041190,우리기술투자,5970.0,1013003.0,1013003.0,6047627910.0,6047627910.0,KOSDAQ,-1.81
089010,켐트로닉스,28200.0,136136.0,330463.0,3839035200.0,9319056600.0,KOSDAQ,-0.88
034950,한국기업평가,103500.0,674.0,1195.0,69759000.0,123682500.0,KOSDAQ,0.1
376900,로킷헬스케어,26850.0,106526.0,218374.0,2860223100.0,5863341900.0,KOSDAQ,-3.76
015750,성우하이텍,5820.0,121856.0,204736.0,709201920.0,1191563520.0,KOSDAQ,-1.69
159010,아스플로,34750.0,163730.0,163730.0,5689617500.0,5689617500.0,KOSDAQ,6.6
125490,한라캐스트,12670.0,876546.0,876546.0,11105837820.0,11105837820.0,KOSDAQ,-1.78
376300,디어유,19480.0,118469.0,183632.0,2307776120.0,3577151360.0,KOSDAQ,3.23
018290,브이티,13040.0,344148.0,679420.0,4487689920.0,8859636800.0,KOSDAQ,-4.82
033500,동성화인텍,15190.0,76968.0,116478.0,1169143920.0,1769300820.0,KOSDAQ,-3.0
019210,와이지-원,12130.0,386702.0,386702.0,4690695260.0,4690695260.0,KOSDAQ,-2.96
475960,토모큐브,33200.0,48341.0,72870.0,1604921200.0,2419284000.0,KOSDAQ,-3.77
368770,파이버프로,13550.0,154949.0,154949.0,2099558950.0,2099558950.0,KOSDAQ,-3.35
272290,이녹스첨단소재,22300.0,106734.0,161161.0,2380168200.0,3593890300.0,KOSDAQ,1.13
336570,원텍,4955.0,597959.0,597959.0,2962886845.0,2962886845.0,KOSDAQ,-2.65
340570,티앤엘,27450.0,47062.0,84102.0,1291851900.0,2308599900.0,KOSDAQ,-3.85
460930,현대힘스,12320.0,101353.0,179108.0,1248668960.0,2206610560.0,KOSDAQ,-3.9
079370,제우스,14100.0,333505.0,333505.0,4702420500.0,4702420500.0,KOSDAQ,0.21
035890,서희건설,2105.0,199230.0,199230.0,419379150.0,419379150.0,KOSDAQ,-1.86
078340,컴투스,35750.0,76874.0,91937.0,2748245500.0,3286747750.0,KOSDAQ,-3.12
170920,엘티씨,40900.0,198844.0,198844.0,8132719600.0,8132719600.0,KOSDAQ,-1.21
027360,아주IB투자,3565.0,1290901.0,1290901.0,4602062065.0,4602062065.0,KOSDAQ,-1.79
107640,한중엔시에스,47350.0,201616.0,341524.0,9546517600.0,16171161400.0,KOSDAQ,0.64
441270,파인엠텍,9950.0,1195012.0,2069068.0,11890369400.0,20587226600.0,KOSDAQ,6.08
078130,에스엠국일,3730.0,84334.0,84334.0,314565820.0,314565820.0,KOSDAQ,-1.84
030520,한컴,17320.0,335738.0,1345535.0,5814982160.0,23304666200.0,KOSDAQ,-1.2
067160,SOOP,37300.0,50089.0,65499.0,1868319700.0,2443112700.0,KOSDAQ,2.47
348210,넥스틴,39700.0,94167.0,152512.0,3738429900.0,6054726400.0,KOSDAQ,4.47
114810,한솔아이원스,14650.0,158280.0,236832.0,2318802000.0,3469588800.0,KOSDAQ,0.14
052710,아모텍,22050.0,453866.0,453866.0,10007745300.0,10007745300.0,KOSDAQ,1.15
475830,오름테라퓨틱,18930.0,355101.0,704335.0,6722061930.0,13333061550.0,KOSDAQ,-8.11
187660,페니트리움바이오,6340.0,904524.0,904524.0,5734682160.0,5734682160.0,KOSDAQ,-6.49
013030,하이록코리아,34400.0,19375.0,26966.0,666500000.0,927630400.0,KOSDAQ,-1.15
486990,노타,18900.0,318262.0,633075.0,6015151800.0,11965117500.0,KOSDAQ,-6.67
204620,글로벌텍스프리,5720.0,388050.0,388050.0,2219646000.0,2219646000.0,KOSDAQ,-0.35
372320,큐로셀,26350.0,72080.0,152468.0,1899308000.0,4017531800.0,KOSDAQ,-0.57
215200,메가스터디교육,38700.0,60177.0,69716.0,2328849900.0,2698009200.0,KOSDAQ,1.84
330860,네패스아크,32750.0,327307.0,327307.0,10719304250.0,10719304250.0,KOSDAQ,3.31
397030,에이프릴바이오,14460.0,386672.0,664283.0,5591277120.0,9605532180.0,KOSDAQ,-8.19
241770,메카로,38900.0,5797.0,7981.0,225503300.0,310460900.0,KOSDAQ,-0.38
101730,위메이드맥스,4710.0,793479.0,2157056.0,3737286090.0,10159733760.0,KOSDAQ,-15.44
039440,에스티아이,25250.0,168554.0,290408.0,4255988500.0,7332802000.0,KOSDAQ,4.12
393890,더블유씨피,11420.0,1102889.0,1102889.0,12594992380.0,12594992380.0,KOSDAQ,10.66
332570,PS일렉트로닉스,8380.0,1207309.0,1207309.0,10117249420.0,10117249420.0,KOSDAQ,-4.45
236200,슈프리마,54600.0,19027.0,29789.0,1038874200.0,1626479400.0,KOSDAQ,-0.36
138080,오이솔루션,30750.0,213130.0,213130.0,6553747500.0,6553747500.0,KOSDAQ,-2.69
092190,서울바이오시스,8290.0,93921.0,93921.0,778605090.0,778605090.0,KOSDAQ,3.63
095660,네오위즈,17570.0,41378.0,47213.0,727011460.0,829532410.0,KOSDAQ,-2.93
200710,에이디테크놀로지,28100.0,112500.0,269843.0,3161250000.0,7582588300.0,KOSDAQ,-1.75
078160,메디포스트,9600.0,57801.0,88775.0,554889600.0,852240000.0,KOSDAQ,-3.9
477850,마키나락스,21050.0,277101.0,277101.0,5832976050.0,5832976050.0,KOSDAQ,-1.17
025900,동화기업,7370.0,123428.0,171169.0,909664360.0,1261515530.0,KOSDAQ,0.27
092730,네오팜,23200.0,34268.0,50775.0,795017600.0,1177980000.0,KOSDAQ,-4.33
036800,나이스정보통신,8150.0,37139.0,51904.0,302682850.0,423017600.0,KOSDAQ,-0.37
069080,웹젠,11910.0,161529.0,169547.0,1923810390.0,2019304770.0,KOSDAQ,-1.65
025320,시노펙스,3965.0,265357.0,461412.0,1052140505.0,1829498580.0,KOSDAQ,-0.63
046970,우리로,8320.0,2157505.0,2157505.0,17950441600.0,17950441600.0,KOSDAQ,1.22
003800,에이스침대,32800.0,1882.0,1882.0,61729600.0,61729600.0,KOSDAQ,2.66
354320,알멕,56000.0,384180.0,384180.0,21514080000.0,21514080000.0,KOSDAQ,14.87
110990,디아이티,18890.0,77251.0,135453.0,1459271390.0,2558707170.0,KOSDAQ,-0.05
389470,인벤티지랩,26700.0,141934.0,284856.0,3789637800.0,7605655200.0,KOSDAQ,-10.85
060280,큐렉소,8580.0,231125.0,231125.0,1983052500.0,1983052500.0,KOSDAQ,-1.15
168360,펨트론,15800.0,221490.0,959785.0,3499542000.0,15164603000.0,KOSDAQ,-0.57
078020,LS증권,6340.0,29754.0,29754.0,188640360.0,188640360.0,KOSDAQ,-2.01
482630,삼양엔씨켐,15880.0,347412.0,347412.0,5516902560.0,5516902560.0,KOSDAQ,4.89
456010,아이씨티케이,23800.0,755898.0,755898.0,17990372400.0,17990372400.0,KOSDAQ,-4.61
425040,티이엠씨,15650.0,822795.0,822795.0,12876741750.0,12876741750.0,KOSDAQ,3.92
006910,보성파워텍,6940.0,715170.0,715170.0,4963279800.0,4963279800.0,KOSDAQ,-3.48
093520,매커스,28450.0,7751.0,11604.0,220515950.0,330133800.0,KOSDAQ,-1.04
091580,상신이디피,25300.0,523506.0,523506.0,13244701800.0,13244701800.0,KOSDAQ,3.05
064260,다날,4445.0,489754.0,489754.0,2176956530.0,2176956530.0,KOSDAQ,-1.88
036620,감성코퍼레이션,3740.0,133201.0,173896.0,498171740.0,650371040.0,KOSDAQ,-2.48
121440,골프존홀딩스,7770.0,6415.0,6415.0,49844550.0,49844550.0,KOSDAQ,1.44
017890,한국알콜,16090.0,133129.0,133129.0,2142045610.0,2142045610.0,KOSDAQ,0.06
036200,유니셈,10780.0,238905.0,415660.0,2575395900.0,4480814800.0,KOSDAQ,0.56
061970,LB세미콘,4675.0,281175.0,281175.0,1314493125.0,1314493125.0,KOSDAQ,-0.32
018000,유니슨,1117.0,1143801.0,1143801.0,1277625717.0,1277625717.0,KOSDAQ,-4.86
455900,엔젤로보틱스,21050.0,197019.0,274652.0,4147249950.0,5781424600.0,KOSDAQ,-5.18
448900,한국피아이엠,53100.0,45510.0,75923.0,2416581000.0,4031511300.0,KOSDAQ,-2.39
117730,티로보틱스,14280.0,54208.0,133011.0,774090240.0,1899397080.0,KOSDAQ,-2.92
215600,신라젠,2320.0,527281.0,527281.0,1223291920.0,1223291920.0,KOSDAQ,-2.52
446540,메가터치,11030.0,819432.0,819432.0,9038334960.0,9038334960.0,KOSDAQ,0.36
234340,헥토파이낸셜,22800.0,179934.0,179934.0,4102495200.0,4102495200.0,KOSDAQ,-0.44
206650,유바이오로직스,8480.0,302094.0,302094.0,2561757120.0,2561757120.0,KOSDAQ,-0.12
265520,AP시스템,20550.0,37340.0,62211.0,767337000.0,1278436050.0,KOSDAQ,2.49
900290,GRT,3295.0,179172.0,179172.0,590371740.0,590371740.0,KOSDAQ,-3.09
086390,유니테스트,14430.0,167516.0,300289.0,2417255880.0,4333170270.0,KOSDAQ,-1.1
115450,HLB테라퓨틱스,3175.0,9167959.0,9167959.0,29108269825.0,29108269825.0,KOSDAQ,8.36
424870,이뮨온시아,3275.0,489563.0,1208349.0,1603318825.0,3957342975.0,KOSDAQ,-6.03
160980,싸이맥스,27100.0,123089.0,123089.0,3335711900.0,3335711900.0,KOSDAQ,-1.63
049070,인탑스,18650.0,58847.0,80765.0,1097496550.0,1506267250.0,KOSDAQ,-0.48
025770,한국정보통신,7830.0,12073.0,12073.0,94531590.0,94531590.0,KOSDAQ,-0.51
484590,삼양컴텍,7100.0,135921.0,135921.0,965039100.0,965039100.0,KOSDAQ,-0.28
054950,제이브이엠,24200.0,15713.0,37954.0,380254600.0,918486800.0,KOSDAQ,-0.62
199800,툴젠,32450.0,27600.0,48698.0,895620000.0,1580250100.0,KOSDAQ,-2.26
042520,한스바이오메드,20450.0,144803.0,203653.0,2961221350.0,4164703850.0,KOSDAQ,-9.51
452430,사피엔반도체,35300.0,29389.0,50164.0,1037431700.0,1770789200.0,KOSDAQ,-0.56
084110,휴온스글로벌,23000.0,25717.0,50629.0,591491000.0,1164467000.0,KOSDAQ,-3.97
488900,비츠로넥스텍,9970.0,130633.0,298488.0,1302411010.0,2975925360.0,KOSDAQ,-8.53
314130,지놈앤컴퍼니,5490.0,643488.0,643488.0,3532749120.0,3532749120.0,KOSDAQ,3.2
092460,한라IMS,16700.0,18780.0,31594.0,313626000.0,527619800.0,KOSDAQ,-2.51
035810,이지홀딩스,4415.0,87913.0,87913.0,388135895.0,388135895.0,KOSDAQ,-1.56
136480,하림,2680.0,195575.0,195575.0,524141000.0,524141000.0,KOSDAQ,0.56
200670,휴메딕스,25250.0,29995.0,48073.0,757373750.0,1213843250.0,KOSDAQ,-2.7
203650,드림시큐리티,2785.0,2978775.0,2978775.0,8295888375.0,8295888375.0,KOSDAQ,-5.11
085910,네오티스,20500.0,272433.0,272433.0,5584876500.0,5584876500.0,KOSDAQ,6.77
448280,에코아이,9470.0,3043.0,5457.0,28817210.0,51677790.0,KOSDAQ,-1.76
012210,삼미금속,12160.0,2241160.0,2241160.0,27252505600.0,27252505600.0,KOSDAQ,-11.37
042370,비츠로테크,10580.0,490981.0,490981.0,5194578980.0,5194578980.0,KOSDAQ,-1.31
228760,지노믹트리,11150.0,98955.0,159172.0,1103348250.0,1774767800.0,KOSDAQ,-6.62
493280,아이엠바이오로직스,18620.0,76131.0,76131.0,1417559220.0,1417559220.0,KOSDAQ,-1.22
389500,에스비비테크,41250.0,62948.0,62948.0,2596605000.0,2596605000.0,KOSDAQ,-2.94
317330,덕산테코피아,13420.0,92482.0,159049.0,1241108440.0,2134437580.0,KOSDAQ,-2.4
378340,필에너지,12670.0,68610.0,122630.0,869288700.0,1553722100.0,KOSDAQ,-1.32
352480,씨앤씨인터내셔널,20100.0,15416.0,23037.0,309861600.0,463043700.0,KOSDAQ,-4.29
304360,에스바이오메딕스,21950.0,42751.0,80354.0,938384450.0,1763770300.0,KOSDAQ,-6.4
394280,오픈엣지테크놀로지,10370.0,77763.0,130025.0,806402310.0,1348359250.0,KOSDAQ,1.57
254490,미래반도체,18890.0,178224.0,178224.0,3366651360.0,3366651360.0,KOSDAQ,2.94
100120,뷰웍스,30300.0,29474.0,29474.0,893062200.0,893062200.0,KOSDAQ,2.89
101930,인화정공,5940.0,47179.0,95166.0,280243260.0,565286040.0,KOSDAQ,-3.41
452280,한선엔지니어링,14060.0,484964.0,484964.0,6818593840.0,6818593840.0,KOSDAQ,-1.68
094360,칩스앤미디어,12660.0,94825.0,173836.0,1200484500.0,2200763760.0,KOSDAQ,-1.56
386380,스카이랩스,14390.0,780497.0,780497.0,11231351830.0,11231351830.0,KOSDAQ,-7.52
060720,KH바텍,11340.0,54622.0,54622.0,619413480.0,619413480.0,KOSDAQ,-2.49
035600,KG이니시스,9730.0,18517.0,23469.0,180170410.0,228353370.0,KOSDAQ,0.62
472850,폰드그룹,4650.0,70077.0,112616.0,325858050.0,523664400.0,KOSDAQ,0.22
036710,심텍홀딩스,5020.0,197076.0,197076.0,989321520.0,989321520.0,KOSDAQ,-1.18
267980,매일유업,34600.0,4410.0,6403.0,152586000.0,221543800.0,KOSDAQ,-0.43
272110,케이엔제이,33000.0,82334.0,82334.0,2717022000.0,2717022000.0,KOSDAQ,1.07
071200,인피니트헬스케어,10850.0,98740.0,98740.0,1071329000.0,1071329000.0,KOSDAQ,-5.07
294570,쿠콘,26000.0,55622.0,110079.0,1446172000.0,2862054000.0,KOSDAQ,-2.26
468670,브릴스,23000.0,2106525.0,2106525.0,48450075000.0,48450075000.0,KOSDAQ,-10.33
287840,인투셀,17330.0,36130.0,48935.0,626132900.0,848043550.0,KOSDAQ,-4.99
051500,CJ프레시웨이,21900.0,7952.0,11706.0,174148800.0,256361400.0,KOSDAQ,0.23
067080,대화제약,13960.0,753442.0,1648823.0,10518050320.0,23017569080.0,KOSDAQ,15.09
416180,신성에스티,28600.0,75663.0,145814.0,2163961800.0,4170280400.0,KOSDAQ,2.69
089980,상아프론테크,16090.0,16374.0,40058.0,263457660.0,644533220.0,KOSDAQ,-1.53
151860,KG에코솔루션,5400.0,31468.0,31468.0,169927200.0,169927200.0,KOSDAQ,0.37
099440,스맥,3765.0,189572.0,189572.0,713738580.0,713738580.0,KOSDAQ,-1.31
091700,파트론,5130.0,144944.0,144944.0,743562720.0,743562720.0,KOSDAQ,-1.16
098070,한텍,23050.0,72355.0,128015.0,1667782750.0,2950745750.0,KOSDAQ,-4.16
068930,디지털대성,9250.0,37231.0,37231.0,344386750.0,344386750.0,KOSDAQ,0.54
024840,KBI메탈,5880.0,1019613.0,1019613.0,5995324440.0,5995324440.0,KOSDAQ,-3.61
043150,바텍,17190.0,42024.0,49179.0,722392560.0,845387010.0,KOSDAQ,-1.32
484120,도우인시스,23250.0,66291.0,96662.0,1541265750.0,2247391500.0,KOSDAQ,0.0
445090,에이직랜드,23300.0,84903.0,361595.0,1978239900.0,8425163500.0,KOSDAQ,2.42
005160,동국산업,4635.0,23042605.0,23042605.0,106802474175.0,106802474175.0,KOSDAQ,20.39
243840,신흥에스이씨,6520.0,972230.0,972230.0,6338939600.0,6338939600.0,KOSDAQ,7.06
266690,덕산넵코어스,13290.0,16603950.0,16603950.0,220666495500.0,220666495500.0,KOSDAQ,-3.63
032580,피델릭스,7570.0,460736.0,460736.0,3487771520.0,3487771520.0,KOSDAQ,-2.32
073490,LIG아큐버,32900.0,40159.0,40159.0,1321231100.0,1321231100.0,KOSDAQ,-1.64
112290,와이씨켐,12370.0,246442.0,246442.0,3048487540.0,3048487540.0,KOSDAQ,-0.4
023410,유진기업,3220.0,153623.0,153623.0,494666060.0,494666060.0,KOSDAQ,-0.46
439090,마녀공장,15150.0,85204.0,185009.0,1290840600.0,2802886350.0,KOSDAQ,-5.61
036030,케이티알파,5040.0,33001.0,33001.0,166325040.0,166325040.0,KOSDAQ,0.0
389650,넥스트바이오메디컬,29700.0,58218.0,107665.0,1729074600.0,3197650500.0,KOSDAQ,-5.71
0011T0,채비,5190.0,139629.0,139629.0,724674510.0,724674510.0,KOSDAQ,-1.7
461300,아이스크림미디어,18190.0,20170.0,20170.0,366892300.0,366892300.0,KOSDAQ,2.77
389260,대명에너지,13510.0,58447.0,58447.0,789618970.0,789618970.0,KOSDAQ,-0.66
377450,리파인,13780.0,11846.0,11846.0,163237880.0,163237880.0,KOSDAQ,-2.48
083310,엘오티베큠,13300.0,189495.0,189495.0,2520283500.0,2520283500.0,KOSDAQ,3.5
061090,세나테크놀로지,43300.0,24520.0,47139.0,1061716000.0,2041118700.0,KOSDAQ,-0.92
067390,아스트,5620.0,41674.0,41674.0,234207880.0,234207880.0,KOSDAQ,0.54
043370,피에이치에이,11270.0,9716.0,16134.0,109499320.0,181830180.0,KOSDAQ,1.9
114190,강원에너지,9050.0,98381.0,195420.0,890348050.0,1768551000.0,KOSDAQ,-1.63
0035S0,빅웨이브로보틱스,23000.0,1193006.0,1193006.0,27439138000.0,27439138000.0,KOSDAQ,-15.44
099430,바이오플러스,3830.0,167138.0,167138.0,640138540.0,640138540.0,KOSDAQ,-1.03
108860,셀바스AI,8760.0,124648.0,328116.0,1091916480.0,2874296160.0,KOSDAQ,-2.34
450950,아스테라시스,6240.0,85114.0,160037.0,531111360.0,998630880.0,KOSDAQ,1.96
340450,지씨지놈,9920.0,520447.0,520447.0,5162834240.0,5162834240.0,KOSDAQ,-2.17
036890,진성티이씨,10640.0,118302.0,181668.0,1258733280.0,1932947520.0,KOSDAQ,-5.25
462350,이노스페이스,6910.0,1749613.0,1749613.0,12089825830.0,12089825830.0,KOSDAQ,2.98
064820,케이프,7580.0,48857.0,77714.0,370336060.0,589072120.0,KOSDAQ,-3.93
064850,에프앤가이드,20350.0,24207.0,24207.0,492612450.0,492612450.0,KOSDAQ,-0.49
144510,지씨셀,14690.0,32547.0,47793.0,478115430.0,702079170.0,KOSDAQ,-2.84
011560,세보엠이씨,23000.0,96601.0,96601.0,2221823000.0,2221823000.0,KOSDAQ,-1.5
200130,콜마비앤에이치,8060.0,32457.0,53884.0,261603420.0,434305040.0,KOSDAQ,-1.35
376270,HEM파마,31900.0,14443.0,21457.0,460731700.0,684478300.0,KOSDAQ,-5.9
126600,BGF에코머티리얼즈,3660.0,1329414.0,1329414.0,4865655240.0,4865655240.0,KOSDAQ,11.59
180400,DXVX,2330.0,32869.0,32869.0,76584770.0,76584770.0,KOSDAQ,0.87
298830,슈어소프트테크,4265.0,115699.0,115699.0,493456235.0,493456235.0,KOSDAQ,-0.23
243070,휴온스,19030.0,29355.0,43073.0,558625650.0,819679190.0,KOSDAQ,-1.86
382800,지앤비에스 에코,7130.0,2877962.0,2877962.0,20519869060.0,20519869060.0,KOSDAQ,3.63
078150,HB테크놀러지,2380.0,3901144.0,3901144.0,9284722720.0,9284722720.0,KOSDAQ,2.15
215000,골프존,35800.0,6248.0,10677.0,223678400.0,382236600.0,KOSDAQ,-0.28
216080,제테마,6010.0,81494.0,81494.0,489778940.0,489778940.0,KOSDAQ,0.33
419530,SAMG엔터,21850.0,175139.0,383198.0,3826787150.0,8372876300.0,KOSDAQ,-4.17
023760,한국캐피탈,1404.0,31182.0,31182.0,43779528.0,43779528.0,KOSDAQ,0.07
065710,서호전기,42950.0,6727.0,6727.0,288924650.0,288924650.0,KOSDAQ,-0.92
187870,디바이스,15930.0,645550.0,645550.0,10283611500.0,10283611500.0,KOSDAQ,18.88
018310,삼목에스폼,14980.0,7214.0,8828.0,108065720.0,132243440.0,KOSDAQ,0.54
0008Z0,에스엔시스,23300.0,19853.0,30481.0,462574900.0,710207300.0,KOSDAQ,-2.31
237880,클리오,12140.0,99893.0,192292.0,1212701020.0,2334424880.0,KOSDAQ,-2.33
293780,압타바이오,7800.0,81641.0,81641.0,636799800.0,636799800.0,KOSDAQ,-1.14
365270,큐라클,9870.0,94503.0,94503.0,932744610.0,932744610.0,KOSDAQ,-1.79
486510,글로벌테크놀로지,11120.0,2908564.0,2908564.0,32343231680.0,32343231680.0,KOSDAQ,-12.58
065680,우주일렉트로,24150.0,6806.0,11353.0,164364900.0,274174950.0,KOSDAQ,1.68
263860,지니언스,24000.0,419314.0,419314.0,10063536000.0,10063536000.0,KOSDAQ,4.12
064550,바이오니아,8440.0,124040.0,232738.0,1046897600.0,1964308720.0,KOSDAQ,-2.99
094480,갤럭시아머니트리,5550.0,213618.0,213618.0,1185579900.0,1185579900.0,KOSDAQ,-1.77
095500,미래나노텍,7020.0,92923.0,166485.0,652319460.0,1168724700.0,KOSDAQ,-0.71
405100,큐알티,17630.0,61383.0,61383.0,1082182290.0,1082182290.0,KOSDAQ,-2.11
190510,나무가,15330.0,44368.0,70291.0,680161440.0,1077561030.0,KOSDAQ,-1.54
0001A0,덕양에너젠,8450.0,36650.0,36650.0,309692500.0,309692500.0,KOSDAQ,-2.2
241520,DSC인베스트먼트,8070.0,86030.0,86030.0,694262100.0,694262100.0,KOSDAQ,-1.34
176750,듀켐바이오,7530.0,39978.0,135506.0,301034340.0,1020360180.0,KOSDAQ,-3.46
206640,바디텍메드,9790.0,19104.0,42374.0,187028160.0,414841460.0,KOSDAQ,-1.41
382900,범한퓨얼셀,24400.0,57228.0,150880.0,1396363200.0,3681472000.0,KOSDAQ,-2.98
481070,에이유브랜즈,14850.0,3297.0,10853.0,48960450.0,161167050.0,KOSDAQ,3.63
126730,코칩,24200.0,163040.0,163040.0,3945568000.0,3945568000.0,KOSDAQ,-3.2
045390,대아티아이,2990.0,387224.0,387224.0,1157799760.0,1157799760.0,KOSDAQ,-0.83
462860,더즌,2935.0,1681136.0,1681136.0,4934134160.0,4934134160.0,KOSDAQ,4.26
452450,피아이이,5840.0,991660.0,991660.0,5791294400.0,5791294400.0,KOSDAQ,0.0
439960,코스모로보틱스,6480.0,1422861.0,1422861.0,9220139280.0,9220139280.0,KOSDAQ,-7.56
950170,JTC,4300.0,21204.0,21204.0,91177200.0,91177200.0,KOSDAQ,2.26
256840,한국비엔씨,3065.0,2050117.0,2050117.0,6283608605.0,6283608605.0,KOSDAQ,-6.7
053030,바이넥스,6390.0,46133.0,70115.0,294789870.0,448034850.0,KOSDAQ,-1.84
005710,대원산업,10400.0,6018.0,8630.0,62587200.0,89752000.0,KOSDAQ,-0.86
053300,한국정보인증,5260.0,189946.0,189946.0,999115960.0,999115960.0,KOSDAQ,-2.23
475400,씨메스로보틱스,17620.0,55162.0,89529.0,971954440.0,1577500980.0,KOSDAQ,-3.77
307180,아이엘,5630.0,454710.0,454710.0,2560017300.0,2560017300.0,KOSDAQ,-0.35
125020,티씨머티리얼즈,5920.0,462185.0,462185.0,2736135200.0,2736135200.0,KOSDAQ,-3.58
019010,베뉴지,4300.0,54236.0,54236.0,233214800.0,233214800.0,KOSDAQ,-0.58
049430,코메론,22900.0,55398.0,55398.0,1268614200.0,1268614200.0,KOSDAQ,4.57
084990,헬릭스미스,4355.0,4217243.0,4217243.0,18366093265.0,18366093265.0,KOSDAQ,10.39
314930,바이오다인,6690.0,32336.0,54727.0,216327840.0,366123630.0,KOSDAQ,-0.3
459510,나우로보틱스,15320.0,27152.0,58581.0,415968640.0,897460920.0,KOSDAQ,-2.48
036190,금화피에스시,33050.0,6543.0,6543.0,216246150.0,216246150.0,KOSDAQ,-1.2
036170,에이치엠넥스,3225.0,182730.0,182730.0,589304250.0,589304250.0,KOSDAQ,0.78
058970,엠로,15920.0,17658.0,32259.0,281115360.0,513563280.0,KOSDAQ,-2.57
014940,오리엔탈정공,4300.0,114604.0,114604.0,492797200.0,492797200.0,KOSDAQ,-3.37
119610,인터로조,17150.0,43467.0,43467.0,745459050.0,745459050.0,KOSDAQ,-0.17
234690,녹십자웰빙,10850.0,223707.0,223707.0,2427220950.0,2427220950.0,KOSDAQ,-0.46
403850,더핑크퐁컴퍼니,13540.0,250838.0,409552.0,3396346520.0,5545334080.0,KOSDAQ,6.45
351320,넥사다이내믹스,4445.0,260056.0,260056.0,1155948920.0,1155948920.0,KOSDAQ,2.66
217730,강스템바이오텍,2050.0,354101.0,354101.0,725907050.0,725907050.0,KOSDAQ,-7.45
353810,이지바이오,5800.0,55433.0,55433.0,321511400.0,321511400.0,KOSDAQ,-1.02
051160,지어소프트,14220.0,208212.0,208212.0,2960774640.0,2960774640.0,KOSDAQ,3.19
083930,아바코,13020.0,56761.0,56761.0,739028220.0,739028220.0,KOSDAQ,2.68
372170,윤성에프앤씨,23900.0,42934.0,71891.0,1026122600.0,1718194900.0,KOSDAQ,1.49
143240,사람인,17760.0,9979.0,9979.0,177227040.0,177227040.0,KOSDAQ,1.14
194700,노바렉스,10370.0,48314.0,79229.0,501016180.0,821604730.0,KOSDAQ,-1.89
163730,핑거,14810.0,181000.0,181000.0,2680610000.0,2680610000.0,KOSDAQ,-0.74
066620,국보디자인,25200.0,7610.0,7610.0,191772000.0,191772000.0,KOSDAQ,0.4
388050,지투파워,10100.0,320782.0,320782.0,3239898200.0,3239898200.0,KOSDAQ,-1.46
013120,동원개발,2075.0,70088.0,70088.0,145432600.0,145432600.0,KOSDAQ,-0.24
052330,코텍,10560.0,5341.0,5341.0,56400960.0,56400960.0,KOSDAQ,0.96
024060,흥구석유,12490.0,1145054.0,1145054.0,14301724460.0,14301724460.0,KOSDAQ,2.63
041920,메디아나,10070.0,60559.0,60559.0,609829130.0,609829130.0,KOSDAQ,-2.89
086670,비엠티,18840.0,38223.0,38223.0,720121320.0,720121320.0,KOSDAQ,-0.32
036560,KZ정밀,11860.0,7220.0,7220.0,85629200.0,85629200.0,KOSDAQ,-0.34
394800,쓰리빌리언,5860.0,1217157.0,5570881.0,7132540020.0,32645362660.0,KOSDAQ,0.0
126700,하이비젼시스템,12470.0,82009.0,82009.0,1022652230.0,1022652230.0,KOSDAQ,0.32
034810,해성산업,5900.0,2633.0,2633.0,15534700.0,15534700.0,KOSDAQ,0.51
102940,코오롱생명과학,14190.0,62631.0,86721.0,888733890.0,1230570990.0,KOSDAQ,-3.73
199430,케이엔알시스템,16560.0,53641.0,115781.0,888294960.0,1917333360.0,KOSDAQ,-4.17
068790,DMS,8270.0,36479.0,36479.0,301681330.0,301681330.0,KOSDAQ,0.49
355150,코스텍시스,23500.0,160377.0,160377.0,3768859500.0,3768859500.0,KOSDAQ,-4.28
214180,헥토이노베이션,14010.0,40172.0,40172.0,562809720.0,562809720.0,KOSDAQ,-1.62
464080,에스오에스랩,10100.0,77781.0,77781.0,785588100.0,785588100.0,KOSDAQ,-3.63
082800,비보존 제약,2990.0,101399.0,101399.0,303183010.0,303183010.0,KOSDAQ,-1.32
220100,퓨쳐켐,7020.0,62495.0,124318.0,438714900.0,872712360.0,KOSDAQ,-0.43
251370,와이엠티,10060.0,223841.0,223841.0,2251840460.0,2251840460.0,KOSDAQ,-0.69
054210,이랜텍,7140.0,143144.0,143144.0,1022048160.0,1022048160.0,KOSDAQ,-0.56
092070,디엔에프,15560.0,119041.0,119041.0,1852277960.0,1852277960.0,KOSDAQ,7.09
012860,모베이스전자,2450.0,566328.0,566328.0,1387503600.0,1387503600.0,KOSDAQ,-0.41
484810,티엑스알로보틱스,11590.0,66915.0,66915.0,775544850.0,775544850.0,KOSDAQ,-3.09
094820,일진파워,11860.0,78853.0,78853.0,935196580.0,935196580.0,KOSDAQ,-1.9
104480,티케이케미칼,1963.0,472799.0,472799.0,928104437.0,928104437.0,KOSDAQ,4.03
260970,에스앤디,61500.0,10694.0,10694.0,657681000.0,657681000.0,KOSDAQ,-2.23
192440,슈피겐코리아,28550.0,1969.0,1969.0,56214950.0,56214950.0,KOSDAQ,0.0
138610,나이벡,15600.0,21641.0,46718.0,337599600.0,728800800.0,KOSDAQ,-2.92
357550,석경에이티,32400.0,1969.0,2675.0,63795600.0,86670000.0,KOSDAQ,-0.31
230240,에치에프알,13250.0,109208.0,109208.0,1447006000.0,1447006000.0,KOSDAQ,-4.68
304100,솔트룩스,13930.0,76769.0,152155.0,1069392170.0,2119519150.0,KOSDAQ,-6.13
264850,이랜시스,5790.0,158655.0,158655.0,918612450.0,918612450.0,KOSDAQ,-0.52
308430,셀비온,13590.0,20165.0,36857.0,274042350.0,500886630.0,KOSDAQ,-4.03
119830,아이텍,6590.0,90976.0,90976.0,599531840.0,599531840.0,KOSDAQ,0.0
084850,아이티엠반도체,7700.0,12511.0,19709.0,96334700.0,151759300.0,KOSDAQ,-0.77
123330,제닉,21900.0,169125.0,169125.0,3703837500.0,3703837500.0,KOSDAQ,-0.45
0015G0,그린광학,14850.0,39483.0,39483.0,586322550.0,586322550.0,KOSDAQ,-2.75
489460,바이오비쥬,11740.0,67300.0,67300.0,790102000.0,790102000.0,KOSDAQ,-0.34
149950,아바텍,12610.0,61652.0,61652.0,777431720.0,777431720.0,KOSDAQ,-0.08
013990,아가방컴퍼니,5240.0,159399.0,159399.0,835250760.0,835250760.0,KOSDAQ,-0.19
042510,라온시큐어,15510.0,2615949.0,2615949.0,40573368990.0,40573368990.0,KOSDAQ,-7.18
488280,에스투더블유,15910.0,735112.0,735112.0,11695631920.0,11695631920.0,KOSDAQ,-3.75
143160,아이디스,16050.0,2741.0,2741.0,43993050.0,43993050.0,KOSDAQ,0.38
039860,나노엔텍,4500.0,157884.0,157884.0,710478000.0,710478000.0,KOSDAQ,-1.96
088800,에이스테크,2270.0,187679.0,187679.0,426031330.0,426031330.0,KOSDAQ,-3.2
092130,이크레더블,14210.0,2927.0,2927.0,41592670.0,41592670.0,KOSDAQ,0.14
042420,네오위즈홀딩스,21000.0,11447.0,11447.0,240387000.0,240387000.0,KOSDAQ,-0.71
264450,유비쿼스,11590.0,38791.0,38791.0,449587690.0,449587690.0,KOSDAQ,-1.28
108380,대양전기공업,17750.0,13523.0,21037.0,240033250.0,373406750.0,KOSDAQ,-1.83
086820,바이오솔루션,6550.0,85460.0,85460.0,559763000.0,559763000.0,KOSDAQ,-3.11
418550,제이오,5280.0,46634.0,46634.0,246227520.0,246227520.0,KOSDAQ,-1.12
445180,퓨릿,9800.0,34600.0,34600.0,339080000.0,339080000.0,KOSDAQ,-0.31
270660,에브리봇,13260.0,19554.0,36892.0,259286040.0,489187920.0,KOSDAQ,-2.93
032620,GC메디아이,3220.0,52933.0,52933.0,170444260.0,170444260.0,KOSDAQ,-0.77
478340,나라스페이스테크놀로지,14450.0,283538.0,283538.0,4097124100.0,4097124100.0,KOSDAQ,-5.49
046120,오르비텍,4945.0,302777.0,302777.0,1497232265.0,1497232265.0,KOSDAQ,-4.54
199820,제일일렉트릭,7520.0,88937.0,88937.0,668806240.0,668806240.0,KOSDAQ,-3.09
318060,그래피,14880.0,119785.0,119785.0,1782400800.0,1782400800.0,KOSDAQ,-8.32
038390,레드캡투어,9960.0,4382.0,4382.0,43644720.0,43644720.0,KOSDAQ,0.4
194480,데브시스터즈,13630.0,46794.0,62542.0,637802220.0,852447460.0,KOSDAQ,-2.08
051370,인터플렉스,7080.0,163788.0,163788.0,1159619040.0,1159619040.0,KOSDAQ,-0.56
086890,이수앱지스,4040.0,48416.0,48416.0,195600640.0,195600640.0,KOSDAQ,0.0
156100,엘앤케이바이오,7360.0,594150.0,594150.0,4372944000.0,4372944000.0,KOSDAQ,8.55
432720,퀄리타스반도체,11580.0,115122.0,115122.0,1333112760.0,1333112760.0,KOSDAQ,-1.61
950140,잉글우드랩,8240.0,10568.0,10568.0,87080320.0,87080320.0,KOSDAQ,-0.24
049630,재영솔루텍,6950.0,166182.0,166182.0,1154964900.0,1154964900.0,KOSDAQ,-1.42
065660,안트로젠,16170.0,17239.0,27556.0,278754630.0,445580520.0,KOSDAQ,-0.25
039830,오로라,15020.0,21039.0,21039.0,316005780.0,316005780.0,KOSDAQ,-0.53
289080,SV인베스트먼트,2685.0,611675.0,611675.0,1642347375.0,1642347375.0,KOSDAQ,0.19
122990,와이솔,6290.0,43290.0,43290.0,272294100.0,272294100.0,KOSDAQ,-1.56
0082N0,카나프테라퓨틱스,12080.0,52311.0,52311.0,631916880.0,631916880.0,KOSDAQ,-8.07
093190,빅솔론,8350.0,6532.0,6532.0,54542200.0,54542200.0,KOSDAQ,1.58
141000,비아트론,13260.0,4474966.0,4474966.0,59338049160.0,59338049160.0,KOSDAQ,10.59
158430,아톤,6530.0,3963280.0,3963280.0,25880218400.0,25880218400.0,KOSDAQ,-6.58
101360,에코앤드림,8980.0,410528.0,2066975.0,3686541440.0,18561435500.0,KOSDAQ,4.42
417500,제이아이테크,4870.0,739334.0,739334.0,3600556580.0,3600556580.0,KOSDAQ,3.29
267320,나인테크,2780.0,12646644.0,12646644.0,35157670320.0,35157670320.0,KOSDAQ,2.96
388790,라이콤,5210.0,362215.0,362215.0,1887140150.0,1887140150.0,KOSDAQ,-3.87
290690,아리바이오홀딩스,3005.0,829313.0,829313.0,2492085565.0,2492085565.0,KOSDAQ,-6.09
123860,아나패스,13030.0,5511.0,5511.0,71808330.0,71808330.0,KOSDAQ,2.36
307750,국전,2920.0,18617274.0,18617274.0,54362440080.0,54362440080.0,KOSDAQ,5.42
146320,비씨엔씨,12290.0,89140.0,89140.0,1095530600.0,1095530600.0,KOSDAQ,6.41
226590,엠디바이스,14670.0,30088.0,30088.0,441390960.0,441390960.0,KOSDAQ,-0.54
204610,티쓰리,2820.0,38006.0,38006.0,107176920.0,107176920.0,KOSDAQ,-0.7
041520,이엘씨,12890.0,8807.0,8807.0,113522230.0,113522230.0,KOSDAQ,1.26
255220,SG,1043.0,1992036.0,1992036.0,2077693548.0,2077693548.0,KOSDAQ,-3.96
032940,원익,8630.0,120110.0,120110.0,1036549300.0,1036549300.0,KOSDAQ,-1.48
072870,메가스터디,13150.0,10281.0,10281.0,135195150.0,135195150.0,KOSDAQ,-0.15
011040,경동제약,5080.0,14399.0,14399.0,73146920.0,73146920.0,KOSDAQ,0.4
093640,케이알엠,4755.0,9390.0,9390.0,44649450.0,44649450.0,KOSDAQ,-0.11
078070,유비쿼스홀딩스,9150.0,23585.0,23585.0,215802750.0,215802750.0,KOSDAQ,-0.97
274090,켄코아에어로스페이스,11330.0,559877.0,559877.0,6343406410.0,6343406410.0,KOSDAQ,-9.0
023910,대한약품,25850.0,4505.0,4505.0,116454250.0,116454250.0,KOSDAQ,-0.19
054450,텔레칩스,10210.0,46265.0,46265.0,472365650.0,472365650.0,KOSDAQ,0.49
396300,HT로보틱스,5830.0,5290055.0,5290055.0,30841020650.0,30841020650.0,KOSDAQ,1.92
067280,멀티캠퍼스,26050.0,5682.0,5682.0,148016100.0,148016100.0,KOSDAQ,-0.38
067290,JW신약,2750.0,1906145.0,1906145.0,5241898750.0,5241898750.0,KOSDAQ,-3.85
402030,코난테크놀로지,12260.0,14335.0,25812.0,175747100.0,316455120.0,KOSDAQ,-4.14
102120,어보브반도체,8630.0,215140.0,215140.0,1856658200.0,1856658200.0,KOSDAQ,0.58
024800,유성티엔에스,4355.0,47110.0,47110.0,205164050.0,205164050.0,KOSDAQ,1.04
123410,코리아에프티,5510.0,70783.0,70783.0,390014330.0,390014330.0,KOSDAQ,-3.16
475040,스트라드비젼,2850.0,244078.0,244078.0,695622300.0,695622300.0,KOSDAQ,-1.72
220260,켐트로스,4765.0,133113.0,133113.0,634283445.0,634283445.0,KOSDAQ,1.71
489500,엘케이켐,23900.0,37285.0,37285.0,891111500.0,891111500.0,KOSDAQ,3.69
142210,유니트론텍,7320.0,634786.0,634786.0,4646633520.0,4646633520.0,KOSDAQ,5.17
322310,오로스테크놀로지,16180.0,84124.0,84124.0,1361126320.0,1361126320.0,KOSDAQ,0.25
041020,폴라리스오피스,3050.0,102422.0,102422.0,312387100.0,312387100.0,KOSDAQ,-2.87
118990,모트렉스,6150.0,28133.0,28133.0,173017950.0,173017950.0,KOSDAQ,-0.65
007330,푸른저축은행,10000.0,4533.0,4533.0,45330000.0,45330000.0,KOSDAQ,0.1
205500,넥써쓰,1801.0,75357.0,75357.0,135717957.0,135717957.0,KOSDAQ,1.29
452190,한빛레이저,6290.0,14322359.0,14322359.0,90087638110.0,90087638110.0,KOSDAQ,5.01
179290,엠아이텍,4635.0,31330.0,31330.0,145214550.0,145214550.0,KOSDAQ,-1.7
0088M0,메쥬,15140.0,98341.0,98341.0,1488882740.0,1488882740.0,KOSDAQ,1.34
054800,아이디스홀딩스,14400.0,2217.0,2217.0,31924800.0,31924800.0,KOSDAQ,-0.07
042600,새로닉스,11980.0,21248.0,21248.0,254551040.0,254551040.0,KOSDAQ,0.84
080160,모두투어,7860.0,37840.0,37840.0,297422400.0,297422400.0,KOSDAQ,-1.38
494120,큐리오시스,9670.0,71674.0,111905.0,693087580.0,1082121350.0,KOSDAQ,-5.84
474650,링크솔루션,25550.0,45199.0,45199.0,1154834450.0,1154834450.0,KOSDAQ,-4.66
069510,에스텍,13460.0,3473.0,3473.0,46746580.0,46746580.0,KOSDAQ,-0.37
413630,씨피시스템,4025.0,601581.0,601581.0,2421363525.0,2421363525.0,KOSDAQ,-4.96
256940,킵스파마,7290.0,25527.0,25527.0,186091830.0,186091830.0,KOSDAQ,-0.14
049960,쎌바이오텍,15520.0,4575.0,4575.0,71004000.0,71004000.0,KOSDAQ,1.97
950250,테라뷰,4080.0,416127.0,416127.0,1697798160.0,1697798160.0,KOSDAQ,-3.09
232680,라온로보틱스,10980.0,71270.0,71270.0,782544600.0,782544600.0,KOSDAQ,1.76
046440,KG파이낸셜,4015.0,29584.0,29584.0,118779760.0,118779760.0,KOSDAQ,-0.12
023600,삼보판지,9080.0,15039.0,15039.0,136554120.0,136554120.0,KOSDAQ,0.78
147830,제룡산업,7250.0,109801.0,109801.0,796057250.0,796057250.0,KOSDAQ,0.28
264660,씨앤지하이테크,14890.0,25946.0,25946.0,386335940.0,386335940.0,KOSDAQ,1.57
0161M0,네오사피엔스,11840.0,1679056.0,1679056.0,19880023040.0,19880023040.0,KOSDAQ,-10.37
0039P0,매드업,7690.0,423000.0,423000.0,3252870000.0,3252870000.0,KOSDAQ,-4.11
101970,우양에이치씨,9720.0,134471.0,134471.0,1307058120.0,1307058120.0,KOSDAQ,-3.67
105330,케이엔더블유,8900.0,78506.0,78506.0,698703400.0,698703400.0,KOSDAQ,-0.78
052260,현대바이오랜드,4750.0,894440.0,894440.0,4248590000.0,4248590000.0,KOSDAQ,-4.71
115310,인포바인,9590.0,3356.0,3356.0,32184040.0,32184040.0,KOSDAQ,0.1
469610,이노테크,15870.0,26683.0,62906.0,423459210.0,998318220.0,KOSDAQ,-0.5
089600,KT나스미디어,12430.0,4710.0,4710.0,58545300.0,58545300.0,KOSDAQ,0.08
048870,시너지이노베이션,1600.0,136559.0,136559.0,218494400.0,218494400.0,KOSDAQ,-0.31
083500,에프엔에스테크,16880.0,662993.0,662993.0,11191321840.0,11191321840.0,KOSDAQ,14.29
212560,네오오토,10360.0,99200.0,99200.0,1027712000.0,1027712000.0,KOSDAQ,-1.52
265740,엔에프씨,7780.0,278973.0,278973.0,2170409940.0,2170409940.0,KOSDAQ,1.43
071280,로체시스템즈,9070.0,103320.0,103320.0,937112400.0,937112400.0,KOSDAQ,-0.33
037070,파세코,6920.0,88002.0,88002.0,608973840.0,608973840.0,KOSDAQ,1.62
228850,레이언스,8330.0,57855.0,57855.0,481932150.0,481932150.0,KOSDAQ,0.73
321550,티움바이오,4595.0,109369.0,109369.0,502550555.0,502550555.0,KOSDAQ,-2.75
052860,아이앤씨,7710.0,55259.0,55259.0,426046890.0,426046890.0,KOSDAQ,2.53
054920,한컴위드,4855.0,1033290.0,1033290.0,5016622950.0,5016622950.0,KOSDAQ,-7.87
005990,매일홀딩스,10300.0,8037.0,8037.0,82781100.0,82781100.0,KOSDAQ,-3.38
115500,케이씨에스,11410.0,286997.0,286997.0,3274635770.0,3274635770.0,KOSDAQ,-4.44
0007C0,아크릴,17030.0,111901.0,111901.0,1905674030.0,1905674030.0,KOSDAQ,-7.29
060150,인선이엔티,2990.0,20875.0,20875.0,62416250.0,62416250.0,KOSDAQ,0.34
059120,아진엑스텍,7440.0,274458.0,274458.0,2041967520.0,2041967520.0,KOSDAQ,-0.8
148150,세경하이테크,3830.0,46651.0,46651.0,178673330.0,178673330.0,KOSDAQ,-1.42
035610,솔본,4965.0,93613.0,93613.0,464788545.0,464788545.0,KOSDAQ,1.74
172670,에이엘티,15120.0,151341.0,151341.0,2288275920.0,2288275920.0,KOSDAQ,1.89
003100,선광,20450.0,4743.0,4743.0,96994350.0,96994350.0,KOSDAQ,0.74
217190,제너셈,10200.0,1361677.0,1361677.0,13889105400.0,13889105400.0,KOSDAQ,11.72
114840,아이패밀리에스씨,8040.0,57765.0,94987.0,464430600.0,763695480.0,KOSDAQ,-3.83
126640,화신정공,3795.0,459247.0,459247.0,1742842365.0,1742842365.0,KOSDAQ,0.26
047770,코데즈컴바인,3515.0,264168.0,264168.0,928550520.0,928550520.0,KOSDAQ,0.72
297090,씨에스베어링,4865.0,47042.0,47042.0,228859330.0,228859330.0,KOSDAQ,-2.41
136540,윈스테크넷,10800.0,15030.0,15030.0,162324000.0,162324000.0,KOSDAQ,-1.82
322510,제이엘케이,5150.0,107008.0,107008.0,551091200.0,551091200.0,KOSDAQ,-2.46
240550,동방메디컬,6310.0,58834.0,58834.0,371242540.0,371242540.0,KOSDAQ,-1.1
387690,레메디,17320.0,428252.0,428252.0,7417324640.0,7417324640.0,KOSDAQ,-6.58
038290,마크로젠,12180.0,20372.0,20372.0,248130960.0,248130960.0,KOSDAQ,-2.33
419050,삼기에너지솔루션즈,2305.0,24750661.0,24750661.0,57050273605.0,57050273605.0,KOSDAQ,29.93
001540,안국약품,10080.0,18813.0,18813.0,189635040.0,189635040.0,KOSDAQ,-1.27
095700,제넥신,2885.0,182019.0,182019.0,525124815.0,525124815.0,KOSDAQ,-4.31
140670,알에스오토메이션,10210.0,42032.0,42032.0,429146720.0,429146720.0,KOSDAQ,-3.22
049720,고려신용정보,9160.0,16439.0,16439.0,150581240.0,150581240.0,KOSDAQ,0.77
285490,노바텍,12340.0,25776.0,25776.0,318075840.0,318075840.0,KOSDAQ,-1.99
451760,컨텍,7900.0,77456.0,77456.0,611902400.0,611902400.0,KOSDAQ,-2.11
282880,코윈로보틱스,11120.0,23655.0,23655.0,263043600.0,263043600.0,KOSDAQ,0.09
300080,플리토,7860.0,48507.0,110172.0,381265020.0,865951920.0,KOSDAQ,-3.08
408920,메쎄이상,3005.0,17786.0,17786.0,53446930.0,53446930.0,KOSDAQ,-0.33
039840,디오,9650.0,35475.0,63748.0,342333750.0,615168200.0,KOSDAQ,-2.53
035080,그래디언트,11580.0,42151.0,42151.0,488108580.0,488108580.0,KOSDAQ,0.78
402490,그린리소스,7640.0,85705.0,85705.0,654786200.0,654786200.0,KOSDAQ,0.0
259630,엠플러스,10570.0,218253.0,218253.0,2306934210.0,2306934210.0,KOSDAQ,2.32
009780,엠에스씨,7330.0,7493.0,7493.0,54923690.0,54923690.0,KOSDAQ,-2.01
094840,슈프리마에이치큐,13150.0,18176.0,18176.0,239014400.0,239014400.0,KOSDAQ,-0.15
072950,빛샘전자,16010.0,810079.0,810079.0,12969364790.0,12969364790.0,KOSDAQ,-1.42
417010,나노팀,6390.0,148534.0,148534.0,949132260.0,949132260.0,KOSDAQ,-2.74
037350,성도이엔지,8400.0,136887.0,136887.0,1149850800.0,1149850800.0,KOSDAQ,0.36
0010S0,와이즈플래닛컴퍼니,12740.0,1079197.0,1079197.0,13748969780.0,13748969780.0,KOSDAQ,-19.52
080420,모다이노칩,1599.0,3710.0,3710.0,5932290.0,5932290.0,KOSDAQ,0.25
950190,고스트스튜디오,9780.0,12272.0,12272.0,120020160.0,120020160.0,KOSDAQ,0.1
417030,니어스랩,21900.0,686194.0,686194.0,15027648600.0,15027648600.0,KOSDAQ,-21.65
222040,코스맥스엔비티,6130.0,103312.0,103312.0,633302560.0,633302560.0,KOSDAQ,-3.16
047310,파워로직스,3440.0,355449.0,355449.0,1222744560.0,1222744560.0,KOSDAQ,5.68
321370,센서뷰,1779.0,2800318.0,2800318.0,4981765722.0,4981765722.0,KOSDAQ,-6.76
290720,푸드나무,3285.0,110690.0,110690.0,363616650.0,363616650.0,KOSDAQ,-2.52
027710,팜스토리,1113.0,69917.0,69917.0,77817621.0,77817621.0,KOSDAQ,0.54
079960,동양이엔피,16420.0,28418.0,28418.0,466623560.0,466623560.0,KOSDAQ,-0.97
361390,제노코,12720.0,55600.0,55600.0,707232000.0,707232000.0,KOSDAQ,-0.39
166480,코아스템켐온,2340.0,130024.0,130024.0,304256160.0,304256160.0,KOSDAQ,-0.64
086980,쇼박스,1978.0,1878526.0,1878526.0,3715724428.0,3715724428.0,KOSDAQ,14.73
0015N0,아로마티카,9810.0,633949.0,633949.0,6219039690.0,6219039690.0,KOSDAQ,-9.75
053260,금강철강,6580.0,191325.0,191325.0,1258918500.0,1258918500.0,KOSDAQ,-4.36
473980,노머스,11300.0,120392.0,158653.0,1360429600.0,1792778900.0,KOSDAQ,8.97
056090,시지메드텍,5920.0,140829.0,140829.0,833707680.0,833707680.0,KOSDAQ,-2.95
293580,나우IB,1286.0,205644.0,205644.0,264458184.0,264458184.0,KOSDAQ,0.08
458650,성우,8090.0,7779.0,7779.0,62932110.0,62932110.0,KOSDAQ,-0.98
211270,AP위성,8070.0,236450.0,236450.0,1908151500.0,1908151500.0,KOSDAQ,-5.72
299030,하나기술,15200.0,56235.0,82925.0,854772000.0,1260460000.0,KOSDAQ,-2.44
418420,라온텍,3945.0,113164.0,113164.0,446431980.0,446431980.0,KOSDAQ,-1.74
073010,케이에스피,3015.0,151816.0,151816.0,457725240.0,457725240.0,KOSDAQ,-1.79
095190,신화프리텍,1856.0,68417.0,68417.0,126981952.0,126981952.0,KOSDAQ,0.49
108230,톱텍,3160.0,60236.0,60236.0,190345760.0,190345760.0,KOSDAQ,-2.17
105740,디케이락,11780.0,1171711.0,1171711.0,13802755580.0,13802755580.0,KOSDAQ,4.06
308080,바이젠셀,5840.0,63309.0,63309.0,369724560.0,369724560.0,KOSDAQ,-1.02
053080,케이엔솔,9190.0,33571.0,33571.0,308517490.0,308517490.0,KOSDAQ,-1.39
297890,HB솔루션,1633.0,176125.0,176125.0,287612125.0,287612125.0,KOSDAQ,1.11
101170,우림피티에스,8810.0,41745.0,41745.0,367773450.0,367773450.0,KOSDAQ,-2.22
255440,야스,9100.0,101665.0,101665.0,925151500.0,925151500.0,KOSDAQ,5.45
443670,에스피소프트,4945.0,588003.0,588003.0,2907674835.0,2907674835.0,KOSDAQ,-5.09
336680,탑런토탈솔루션,3030.0,10306.0,10306.0,31227180.0,31227180.0,KOSDAQ,0.5
039560,다산네트웍스,2765.0,324830.0,324830.0,898154950.0,898154950.0,KOSDAQ,-4.16
021320,KCC건설,5540.0,25401.0,25401.0,140721540.0,140721540.0,KOSDAQ,0.36
411080,샌즈랩,7760.0,1473098.0,1473098.0,11431240480.0,11431240480.0,KOSDAQ,-8.71
338840,와이바이오로직스,7660.0,52129.0,107136.0,399308140.0,820661760.0,KOSDAQ,-6.36
067990,도이치모터스,4040.0,64445.0,64445.0,260357800.0,260357800.0,KOSDAQ,0.62
115440,우리넷,10910.0,374203.0,374203.0,4082554730.0,4082554730.0,KOSDAQ,-5.13
474610,RF시스템즈,8130.0,61424.0,61424.0,499377120.0,499377120.0,KOSDAQ,-2.4
008830,대동기어,6100.0,198735.0,198735.0,1212283500.0,1212283500.0,KOSDAQ,-4.09
331920,셀레믹스,10440.0,79666.0,79666.0,831713040.0,831713040.0,KOSDAQ,0.1
138360,앤로보틱스,1321.0,718072.0,718072.0,948573112.0,948573112.0,KOSDAQ,-0.68
290740,액트로,11450.0,20278.0,20278.0,232183100.0,232183100.0,KOSDAQ,1.24
396470,워트,7140.0,71495.0,71495.0,510474300.0,510474300.0,KOSDAQ,-0.14
017510,세명전기,7490.0,93578.0,93578.0,700899220.0,700899220.0,KOSDAQ,-2.35
131030,옵투스제약,6450.0,39391.0,39391.0,254071950.0,254071950.0,KOSDAQ,0.47
049520,유아이엘,3685.0,57052.0,57052.0,210236620.0,210236620.0,KOSDAQ,-0.67
311320,지오엘리먼트,9000.0,43846.0,43846.0,394614000.0,394614000.0,KOSDAQ,0.67
129920,대성하이텍,6980.0,141711.0,141711.0,989142780.0,989142780.0,KOSDAQ,-2.24
474170,루미르,6360.0,78353.0,78353.0,498325080.0,498325080.0,KOSDAQ,-7.02
333430,일승,3680.0,113334.0,113334.0,417069120.0,417069120.0,KOSDAQ,-2.0
063570,NICE인프라,3300.0,6018.0,6018.0,19859400.0,19859400.0,KOSDAQ,0.76
054050,NH농우바이오,7010.0,11169.0,11169.0,78294690.0,78294690.0,KOSDAQ,-1.27
217270,넵튠,2455.0,51534.0,51534.0,126515970.0,126515970.0,KOSDAQ,1.03
134580,엔키AX,2270.0,571744.0,571744.0,1297858880.0,1297858880.0,KOSDAQ,-4.22
122450,KX,2495.0,31882.0,31882.0,79545590.0,79545590.0,KOSDAQ,0.4
493330,지에프아이,13830.0,62925.0,62925.0,870252750.0,870252750.0,KOSDAQ,8.05
338220,뷰노,7940.0,174588.0,528307.0,1386228720.0,4194757580.0,KOSDAQ,-3.76
041440,현대에버다임,6230.0,58357.0,58357.0,363564110.0,363564110.0,KOSDAQ,-1.58
018120,진로발효,16780.0,686.0,686.0,11511080.0,11511080.0,KOSDAQ,0.6
217820,원익피앤이,2340.0,251984.0,251984.0,589642560.0,589642560.0,KOSDAQ,-2.7
125210,아모그린텍,6730.0,387622.0,387622.0,2608696060.0,2608696060.0,KOSDAQ,5.49
209640,와이제이링크,3895.0,448382.0,448382.0,1746447890.0,1746447890.0,KOSDAQ,-1.77
278650,HLB바이오스텝,6310.0,5619620.0,5619620.0,35459802200.0,35459802200.0,KOSDAQ,29.97
310200,애니플러스,2095.0,311007.0,311007.0,651559665.0,651559665.0,KOSDAQ,-0.24
036630,세종텔레콤,7790.0,961.0,961.0,7486190.0,7486190.0,KOSDAQ,0.52
038540,상상인,1966.0,8427.0,8427.0,16567482.0,16567482.0,KOSDAQ,0.41
123040,엠에스오토텍,1736.0,54256.0,54256.0,94188416.0,94188416.0,KOSDAQ,1.05
090850,현대이지웰,4830.0,45444.0,45444.0,219494520.0,219494520.0,KOSDAQ,-1.73
053350,이니텍,4920.0,66086.0,66086.0,325143120.0,325143120.0,KOSDAQ,1.44
051360,토비스,11550.0,7252.0,12105.0,83760600.0,139812750.0,KOSDAQ,-1.11
389020,자람테크놀로지,15650.0,57154.0,57154.0,894460100.0,894460100.0,KOSDAQ,-3.22
317770,엑스페릭스,2920.0,120808.0,120808.0,352759360.0,352759360.0,KOSDAQ,-1.35
040300,YTN,2265.0,58118.0,58118.0,131637270.0,131637270.0,KOSDAQ,0.22
051980,중앙첨단소재,9710.0,63761.0,63761.0,619119310.0,619119310.0,KOSDAQ,-2.9
334970,프레스티지바이오로직스,1387.0,24272.0,24272.0,33665264.0,33665264.0,KOSDAQ,-1.35
261780,아리바이오랩,3695.0,511386.0,511386.0,1889571270.0,1889571270.0,KOSDAQ,0.68
053700,삼보모터스,4000.0,72459.0,72459.0,289836000.0,289836000.0,KOSDAQ,1.52
339950,아이비김영,2370.0,11651.0,11651.0,27612870.0,27612870.0,KOSDAQ,0.21
201490,미투온,3255.0,1106139.0,1106139.0,3600482445.0,3600482445.0,KOSDAQ,-4.41
242040,나무AX,3075.0,202856.0,202856.0,623782200.0,623782200.0,KOSDAQ,-2.07
036010,아비코전자,8000.0,84517.0,84517.0,676136000.0,676136000.0,KOSDAQ,-1.36
106190,하이텍팜,10000.0,9673.0,9673.0,96730000.0,96730000.0,KOSDAQ,-0.6
120240,대정화금,14760.0,6667.0,6667.0,98404920.0,98404920.0,KOSDAQ,-0.07
039340,한국경제TV,4815.0,1078.0,1078.0,5190570.0,5190570.0,KOSDAQ,0.0
067900,와이엔텍,5770.0,10243.0,10243.0,59102110.0,59102110.0,KOSDAQ,-1.54
130580,나이스디앤비,6810.0,23540.0,23540.0,160307400.0,160307400.0,KOSDAQ,-0.58
079650,서산,5230.0,424502.0,424502.0,2220145460.0,2220145460.0,KOSDAQ,-3.15
073560,우리손에프앤지,1507.0,34916.0,34916.0,52618412.0,52618412.0,KOSDAQ,0.0
289930,웨이비스,7920.0,41533.0,41533.0,328941360.0,328941360.0,KOSDAQ,-1.0
453450,그리드위즈,13100.0,9666.0,9666.0,126624600.0,126624600.0,KOSDAQ,0.85
153890,져스텍,8590.0,117432.0,117432.0,1008740880.0,1008740880.0,KOSDAQ,-1.94
246710,티앤알바이오팹,2165.0,107611.0,107611.0,232977815.0,232977815.0,KOSDAQ,-2.91
048910,대원미디어,8200.0,506644.0,506644.0,4154480800.0,4154480800.0,KOSDAQ,11.26
175250,아이큐어,1670.0,80359.0,80359.0,134199530.0,134199530.0,KOSDAQ,-0.71
059210,메타바이오메드,3790.0,67836.0,67836.0,257098440.0,257098440.0,KOSDAQ,1.34
173130,오파스넷,7890.0,77410.0,77410.0,610764900.0,610764900.0,KOSDAQ,-0.25
306620,지아이에스,2145.0,248808.0,248808.0,533693160.0,533693160.0,KOSDAQ,0.94
235980,메드팩토,3000.0,95098.0,95098.0,285294000.0,285294000.0,KOSDAQ,-2.12
0017J0,세미티에스,3400.0,1142364.0,1142364.0,3884037600.0,3884037600.0,KOSDAQ,0.89
100700,세운메디칼,2340.0,33291.0,33291.0,77900940.0,77900940.0,KOSDAQ,-0.21
091440,한울소재과학,2765.0,131787.0,131787.0,364391055.0,364391055.0,KOSDAQ,-0.18
366030,나인앤컴퍼니,4510.0,28200.0,28200.0,127182000.0,127182000.0,KOSDAQ,-2.06
136150,원일티엔아이,12190.0,72825.0,72825.0,887736750.0,887736750.0,KOSDAQ,-5.5
323990,박셀바이오,4365.0,54977.0,54977.0,239974605.0,239974605.0,KOSDAQ,-0.11
307930,컴퍼니케이,6500.0,15938.0,15938.0,103597000.0,103597000.0,KOSDAQ,-0.15
475230,엔알비,9300.0,57738.0,57738.0,536963400.0,536963400.0,KOSDAQ,-2.82
091120,이엠텍,5910.0,42682.0,42682.0,252250620.0,252250620.0,KOSDAQ,1.9
045970,코아시아,3835.0,90105.0,90105.0,345552675.0,345552675.0,KOSDAQ,2.68
033560,블루콤,5900.0,53047.0,53047.0,312977300.0,312977300.0,KOSDAQ,4.24
006620,동구바이오제약,3540.0,30501.0,30501.0,107973540.0,107973540.0,KOSDAQ,-1.67
357580,아모센스,8540.0,211354.0,211354.0,1804963160.0,1804963160.0,KOSDAQ,1.79
100590,머큐리,5870.0,847777.0,847777.0,4976450990.0,4976450990.0,KOSDAQ,-1.34
086960,MDS테크,2365.0,352688.0,352688.0,834107120.0,834107120.0,KOSDAQ,-0.21
309960,LB인베스트먼트,4320.0,20527.0,20527.0,88676640.0,88676640.0,KOSDAQ,-0.35
049950,미래컴퍼니,11270.0,19187.0,19187.0,216237490.0,216237490.0,KOSDAQ,1.71
109740,디에스케이,3855.0,16071.0,16071.0,61953705.0,61953705.0,KOSDAQ,-3.5
192410,오늘이엔엠,3935.0,257725.0,257725.0,1014147875.0,1014147875.0,KOSDAQ,13.89
063170,서울옥션,5530.0,18129.0,18129.0,100253370.0,100253370.0,KOSDAQ,-0.72
097800,윈팩,3600.0,1277883.0,1277883.0,4600378800.0,4600378800.0,KOSDAQ,1.12
0011A0,액스비스,10520.0,133739.0,133739.0,1406934280.0,1406934280.0,KOSDAQ,-5.65
250060,모비스,3050.0,132098.0,132098.0,402898900.0,402898900.0,KOSDAQ,-2.09
088130,동아엘텍,5600.0,68925.0,68925.0,385980000.0,385980000.0,KOSDAQ,1.27
352090,스톰테크,3640.0,25419.0,25419.0,92525160.0,92525160.0,KOSDAQ,0.0
298540,더네이쳐홀딩스,6720.0,10264.0,10264.0,68974080.0,68974080.0,KOSDAQ,3.7
099750,이지케어텍,7120.0,13575.0,13575.0,96654000.0,96654000.0,KOSDAQ,-0.84
037030,파워넷,3810.0,250631.0,250631.0,954904110.0,954904110.0,KOSDAQ,-3.54
021080,에이티넘인베스트,2025.0,95582.0,95582.0,193553550.0,193553550.0,KOSDAQ,-0.98
123010,MSDI,4805.0,486549.0,486549.0,2337867945.0,2337867945.0,KOSDAQ,3.67
036220,오상헬스케어,6780.0,37577.0,37577.0,254772060.0,254772060.0,KOSDAQ,-0.15
475580,에이럭스,7110.0,49442.0,49442.0,351532620.0,351532620.0,KOSDAQ,-2.34
100130,동국S&C,1695.0,11911265.0,11911265.0,20189594175.0,20189594175.0,KOSDAQ,5.61
412350,레이저쎌,6620.0,361773.0,361773.0,2394937260.0,2394937260.0,KOSDAQ,-0.15
182360,큐브엔터,6210.0,12311.0,12311.0,76451310.0,76451310.0,KOSDAQ,-2.05
052900,KX하이텍,1259.0,778462.0,778462.0,980083658.0,980083658.0,KOSDAQ,2.11
322180,LS티라유텍,4485.0,79434.0,79434.0,356261490.0,356261490.0,KOSDAQ,0.22
357880,SKAI,1736.0,370463.0,370463.0,643123768.0,643123768.0,KOSDAQ,-2.36
042500,링네트,4310.0,94692.0,94692.0,408122520.0,408122520.0,KOSDAQ,-0.92
307870,비투엔,1287.0,643494.0,643494.0,828176778.0,828176778.0,KOSDAQ,3.79
109670,씨싸이트,16370.0,302957.0,302957.0,4959406090.0,4959406090.0,KOSDAQ,1.93
223250,드림씨아이에스,3880.0,378078.0,378078.0,1466942640.0,1466942640.0,KOSDAQ,0.13
348350,위드텍,9760.0,29173.0,29173.0,284728480.0,284728480.0,KOSDAQ,0.83
187790,나노,3085.0,48128.0,48128.0,148474880.0,148474880.0,KOSDAQ,-1.59
085670,뉴프렉스,3875.0,303372.0,303372.0,1175566500.0,1175566500.0,KOSDAQ,3.06
101330,모베이스,4100.0,172596.0,172596.0,707643600.0,707643600.0,KOSDAQ,1.23
002230,피에스텍,5140.0,25284.0,25284.0,129959760.0,129959760.0,KOSDAQ,-0.58
246960,SCL사이언스,2780.0,302576.0,302576.0,841161280.0,841161280.0,KOSDAQ,-2.46
074430,아미노로직스,1052.0,25551.0,25551.0,26879652.0,26879652.0,KOSDAQ,1.15
052420,오성첨단소재,9600.0,20111.0,20111.0,193065600.0,193065600.0,KOSDAQ,-1.03
362320,청담글로벌,4505.0,114012.0,114012.0,513624060.0,513624060.0,KOSDAQ,5.38
330350,위더스제약,7040.0,72735.0,72735.0,512054400.0,512054400.0,KOSDAQ,-1.4
189330,씨이랩,9900.0,354481.0,354481.0,3509361900.0,3509361900.0,KOSDAQ,-4.07
282720,금양그린파워,7650.0,13404.0,13404.0,102540600.0,102540600.0,KOSDAQ,-1.42
032300,한국파마,8440.0,128477.0,128477.0,1084345880.0,1084345880.0,KOSDAQ,-6.53
053580,웹케시,7060.0,9809.0,9809.0,69251540.0,69251540.0,KOSDAQ,-1.26
040420,정상제이엘에스,5830.0,22735.0,22735.0,132545050.0,132545050.0,KOSDAQ,-0.17
432470,케이엔에스,10420.0,161286.0,161286.0,1680600120.0,1680600120.0,KOSDAQ,2.86
109610,에스와이,1867.0,89649.0,89649.0,167374683.0,167374683.0,KOSDAQ,0.86
023900,풍국주정,7240.0,3132.0,3132.0,22675680.0,22675680.0,KOSDAQ,1.4
062970,한국첨단소재,3020.0,1475352.0,1475352.0,4455563040.0,4455563040.0,KOSDAQ,-6.07
005860,한일사료,2305.0,238328.0,238328.0,549346040.0,549346040.0,KOSDAQ,-0.22
047560,이스트소프트,7710.0,27205.0,27205.0,209750550.0,209750550.0,KOSDAQ,-3.75
044990,에이치엔에스하이텍,11780.0,2765.0,2765.0,32571700.0,32571700.0,KOSDAQ,-0.34
323350,다원넥스뷰,11290.0,387121.0,387121.0,4370596090.0,4370596090.0,KOSDAQ,18.72
093920,서원인텍,4825.0,35096.0,35096.0,169338200.0,169338200.0,KOSDAQ,-0.41
089230,THE E&M,2270.0,1023092.0,1023092.0,2322418840.0,2322418840.0,KOSDAQ,11.0
478560,블랙야크아이앤씨,3460.0,51868.0,51868.0,179463280.0,179463280.0,KOSDAQ,4.06
380550,뉴로핏,7320.0,116397.0,116397.0,852026040.0,852026040.0,KOSDAQ,-5.91
251120,바이오에프디엔씨,10260.0,33372.0,33372.0,342396720.0,342396720.0,KOSDAQ,3.53
147760,피엠티,4460.0,793180.0,793180.0,3537582800.0,3537582800.0,KOSDAQ,10.53
009300,삼아제약,14000.0,265.0,265.0,3710000.0,3710000.0,KOSDAQ,0.07
048530,인트론바이오,2885.0,97571.0,97571.0,281492335.0,281492335.0,KOSDAQ,0.0
054540,삼영엠텍,6850.0,114992.0,114992.0,787695200.0,787695200.0,KOSDAQ,-3.11
013310,아진산업,2280.0,54945.0,54945.0,125274600.0,125274600.0,KOSDAQ,-1.51
142280,녹십자엠에스,3675.0,8812093.0,8812093.0,32384441775.0,32384441775.0,KOSDAQ,-12.5
234030,싸이닉솔루션,3725.0,270657.0,270657.0,1008197325.0,1008197325.0,KOSDAQ,-0.4
033290,로젠,1561.0,60213.0,60213.0,93992493.0,93992493.0,KOSDAQ,2.63
900260,로스웰,1898.0,11892.0,11892.0,22571016.0,22571016.0,KOSDAQ,-0.32
357230,에이치피오,2115.0,16086.0,16086.0,34021890.0,34021890.0,KOSDAQ,-0.24
048550,SM C&C,903.0,2407375.0,2407375.0,2173859625.0,2173859625.0,KOSDAQ,-6.13
004650,창해에탄올,9500.0,16778.0,16778.0,159391000.0,159391000.0,KOSDAQ,0.74
065450,빅텍,2960.0,298267.0,298267.0,882870320.0,882870320.0,KOSDAQ,0.0
226400,오스테오닉,4215.0,43188.0,43188.0,182037420.0,182037420.0,KOSDAQ,0.36
117670,알파칩스,13070.0,769108.0,769108.0,10052241560.0,10052241560.0,KOSDAQ,-2.46
330730,스톤브릿지벤처스,4760.0,17850.0,17850.0,84966000.0,84966000.0,KOSDAQ,1.28
086710,선진뷰티사이언스,7100.0,10371.0,10371.0,73634100.0,73634100.0,KOSDAQ,0.57
394420,리센스메디컬,7870.0,145234.0,145234.0,1142991580.0,1142991580.0,KOSDAQ,-7.85
096240,크레버스,8450.0,3710.0,3710.0,31349500.0,31349500.0,KOSDAQ,-0.12
037760,쎄니트,2550.0,51583.0,51583.0,131536650.0,131536650.0,KOSDAQ,2.0
457370,한켐,10690.0,278420.0,278420.0,2976309800.0,2976309800.0,KOSDAQ,-2.29
052460,아이크래프트,5840.0,149873.0,149873.0,875258320.0,875258320.0,KOSDAQ,-2.34
066590,스모트로닉,2205.0,130244.0,130244.0,287188020.0,287188020.0,KOSDAQ,-3.08
303810,동국생명과학,2665.0,770260.0,770260.0,2052742900.0,2052742900.0,KOSDAQ,-3.09
072020,중앙백신,9200.0,7808.0,7808.0,71833600.0,71833600.0,KOSDAQ,-0.11
234300,에스트래픽,3130.0,18610.0,18610.0,58249300.0,58249300.0,KOSDAQ,-0.32
078140,대봉엘에스,7630.0,24774.0,24774.0,189025620.0,189025620.0,KOSDAQ,0.13
066700,테라젠이텍스,2275.0,17757.0,17757.0,40397175.0,40397175.0,KOSDAQ,0.44
360070,탑머티리얼,10280.0,13205.0,13205.0,135747400.0,135747400.0,KOSDAQ,-0.48
198440,강동씨앤엘,1382.0,561780.0,561780.0,776379960.0,776379960.0,KOSDAQ,-2.06
038110,에코플라스틱,2045.0,85761.0,85761.0,175381245.0,175381245.0,KOSDAQ,0.49
094860,네오리진,1584.0,47636.0,47636.0,75455424.0,75455424.0,KOSDAQ,1.93
291650,츌립앤사이언스,2755.0,77827.0,77827.0,214413385.0,214413385.0,KOSDAQ,0.18
006140,피제이전자,5640.0,375729.0,375729.0,2119111560.0,2119111560.0,KOSDAQ,-1.74
215100,로보로보,4100.0,41197.0,41197.0,168907700.0,168907700.0,KOSDAQ,-1.44
263720,디앤씨미디어,6790.0,9845.0,9845.0,66847550.0,66847550.0,KOSDAQ,-1.59
036640,HRS,5080.0,46985.0,46985.0,238683800.0,238683800.0,KOSDAQ,0.4
140070,서플러스글로벌,2245.0,21683.0,21683.0,48678335.0,48678335.0,KOSDAQ,2.05
078890,가온그룹,4490.0,37718.0,37718.0,169353820.0,169353820.0,KOSDAQ,-1.1
025950,동신건설,9830.0,21460.0,21460.0,210951800.0,210951800.0,KOSDAQ,-1.7
067000,조이시티,1180.0,233186.0,233186.0,275159480.0,275159480.0,KOSDAQ,-0.76
388870,파로스아이바이오,6350.0,52519.0,52519.0,333495650.0,333495650.0,KOSDAQ,-4.51
439580,블루엠텍,2425.0,4197246.0,4197246.0,10178321550.0,10178321550.0,KOSDAQ,-21.27
162300,신스틸,1975.0,204825.0,204825.0,404529375.0,404529375.0,KOSDAQ,-2.23
294630,서남,3090.0,100305.0,100305.0,309942450.0,309942450.0,KOSDAQ,-0.32
066980,한성크린텍,1522.0,246230.0,246230.0,374762060.0,374762060.0,KOSDAQ,-2.81
302550,리메드,2700.0,71841.0,71841.0,193970700.0,193970700.0,KOSDAQ,2.47
185490,아이진,1889.0,54245.0,54245.0,102468805.0,102468805.0,KOSDAQ,0.53
104040,디에스엠,3035.0,46567.0,46567.0,141330845.0,141330845.0,KOSDAQ,-2.57
029480,광무,1360.0,51242.0,51242.0,69689120.0,69689120.0,KOSDAQ,0.0
054670,대한뉴팜,5640.0,4190.0,4190.0,23631600.0,23631600.0,KOSDAQ,0.71
382840,원준,5300.0,39695.0,39695.0,210383500.0,210383500.0,KOSDAQ,-0.19
046210,HLB파나진,1774.0,6719226.0,6719226.0,11919906924.0,11919906924.0,KOSDAQ,29.96
277880,티에스아이,4070.0,104969.0,104969.0,427223830.0,427223830.0,KOSDAQ,3.17
131370,알서포트,1516.0,46859.0,46859.0,71038244.0,71038244.0,KOSDAQ,0.26
107600,새빗켐,14260.0,20304.0,20304.0,289535040.0,289535040.0,KOSDAQ,-0.97
032540,TJ미디어,3855.0,20540.0,20540.0,79181700.0,79181700.0,KOSDAQ,2.25
0015S0,페스카로,8150.0,26016.0,26016.0,212030400.0,212030400.0,KOSDAQ,-0.24
104540,코렌텍,5970.0,189871.0,189871.0,1133529870.0,1133529870.0,KOSDAQ,2.23
187420,HLB제넥스,2450.0,4664174.0,4664174.0,11427226300.0,11427226300.0,KOSDAQ,12.64
331380,포커스에이아이,2160.0,35684.0,35684.0,77077440.0,77077440.0,KOSDAQ,-0.23
063080,컴투스홀딩스,12080.0,7024.0,7024.0,84849920.0,84849920.0,KOSDAQ,-2.34
418470,KT밀리의서재,9300.0,14331.0,14331.0,133278300.0,133278300.0,KOSDAQ,-0.21
079810,APS이노베이션,3695.0,68510.0,68510.0,253144450.0,253144450.0,KOSDAQ,-0.14
365330,에스와이스틸텍,1585.0,427289.0,427289.0,677253065.0,677253065.0,KOSDAQ,-3.35
950130,엑세스바이오,2260.0,87638.0,87638.0,198061880.0,198061880.0,KOSDAQ,-3.83
225530,HC보광산업,2185.0,35144.0,35144.0,76789640.0,76789640.0,KOSDAQ,3.55
137950,제이씨케미칼,3560.0,54186.0,54186.0,192902160.0,192902160.0,KOSDAQ,0.28
058400,KNN,5980.0,3852.0,3852.0,23034960.0,23034960.0,KOSDAQ,1.7
475430,키스트론,4430.0,108069.0,108069.0,478745670.0,478745670.0,KOSDAQ,1.03
014950,삼익제약,7850.0,290926.0,290926.0,2283769100.0,2283769100.0,KOSDAQ,-3.09
004590,한국가구,5260.0,20355.0,20355.0,107067300.0,107067300.0,KOSDAQ,-1.87
0117P0,피스피스스튜디오,5560.0,35392.0,35392.0,196779520.0,196779520.0,KOSDAQ,-0.18
066430,아이로보틱스,2010.0,197377.0,197377.0,396727770.0,396727770.0,KOSDAQ,0.25
041910,폴라리스AI파마,5910.0,44866.0,44866.0,265158060.0,265158060.0,KOSDAQ,-0.51
263600,덕우전자,4920.0,427251.0,427251.0,2102074920.0,2102074920.0,KOSDAQ,-2.96
065510,휴비츠,7190.0,20497.0,20497.0,147373430.0,147373430.0,KOSDAQ,-0.69
012790,신일제약,6520.0,18632.0,18632.0,121480640.0,121480640.0,KOSDAQ,-0.15
084730,팅크웨어,7030.0,12331.0,12331.0,86686930.0,86686930.0,KOSDAQ,0.29
038680,에스넷,3920.0,93578.0,93578.0,366825760.0,366825760.0,KOSDAQ,0.51
381620,제닉스로보틱스,5950.0,45397.0,45397.0,270112150.0,270112150.0,KOSDAQ,-1.82
000440,중앙에너비스,12510.0,15500.0,15500.0,193905000.0,193905000.0,KOSDAQ,0.08
389140,포바이포,5450.0,28948.0,28948.0,157766600.0,157766600.0,KOSDAQ,-1.98
047820,초록뱀미디어,3180.0,19933.0,19933.0,63386940.0,63386940.0,KOSDAQ,0.0
007820,엠엑스로보틱스,3325.0,75447.0,75447.0,250861275.0,250861275.0,KOSDAQ,-3.76
389030,지니너스,1960.0,267810.0,267810.0,524907600.0,524907600.0,KOSDAQ,-5.31
088390,이녹스,8220.0,2332.0,2332.0,19169040.0,19169040.0,KOSDAQ,0.12
066310,큐에스아이,8310.0,54040.0,54040.0,449072400.0,449072400.0,KOSDAQ,-3.48
302430,이노메트리,7850.0,92535.0,92535.0,726399750.0,726399750.0,KOSDAQ,-0.38
049080,기가레인,9050.0,151735.0,151735.0,1373201750.0,1373201750.0,KOSDAQ,-4.54
024880,케이피에프,3850.0,30014.0,30014.0,115553900.0,115553900.0,KOSDAQ,0.52
011320,유니크,3960.0,40759.0,40759.0,161405640.0,161405640.0,KOSDAQ,0.13
149980,하이로닉,4445.0,22497.0,22497.0,99999165.0,99999165.0,KOSDAQ,-1.77
170030,현대공업,4975.0,13797.0,13797.0,68640075.0,68640075.0,KOSDAQ,1.32
012700,리드코프,2935.0,4998.0,4998.0,14669130.0,14669130.0,KOSDAQ,1.91
208140,정다운,2330.0,110113.0,110113.0,256563290.0,256563290.0,KOSDAQ,2.64
303360,프로티아,5910.0,28150.0,28150.0,166366500.0,166366500.0,KOSDAQ,0.17
253840,수젠텍,4545.0,427187.0,427187.0,1941564915.0,1941564915.0,KOSDAQ,-7.06
011370,서한,3770.0,15255.0,15255.0,57511350.0,57511350.0,KOSDAQ,0.4
413390,엠오티,6730.0,16386.0,16386.0,110277780.0,110277780.0,KOSDAQ,0.75
168330,내츄럴엔도텍,2390.0,12608.0,12608.0,30133120.0,30133120.0,KOSDAQ,0.21
396270,넥스트칩,2305.0,157826.0,157826.0,363788930.0,363788930.0,KOSDAQ,-1.07
124560,태웅로직스,1950.0,20350.0,20350.0,39682500.0,39682500.0,KOSDAQ,-1.56
102370,케이옥션,2915.0,21434.0,21434.0,62480110.0,62480110.0,KOSDAQ,0.17
040910,아이씨디,4150.0,7389.0,7389.0,30664350.0,30664350.0,KOSDAQ,-1.07
451220,아이엠티,9560.0,67483.0,67483.0,645137480.0,645137480.0,KOSDAQ,4.25
041930,SY동아,4950.0,10803.0,10803.0,53474850.0,53474850.0,KOSDAQ,-0.3
417790,트루엔,7170.0,8347.0,8347.0,59847990.0,59847990.0,KOSDAQ,2.72
299660,셀리드,2530.0,676668.0,676668.0,1711970040.0,1711970040.0,KOSDAQ,-2.32
040160,누리플렉스,6280.0,4670.0,4670.0,29327600.0,29327600.0,KOSDAQ,2.11
089790,제이티,7230.0,388338.0,388338.0,2807683740.0,2807683740.0,KOSDAQ,4.48
010280,아이티센엔텍,5720.0,62889.0,62889.0,359725080.0,359725080.0,KOSDAQ,-1.38
451250,삐아,7280.0,3511.0,3511.0,25560080.0,25560080.0,KOSDAQ,-2.02
019550,SBI인베스트먼트,920.0,189940.0,189940.0,174744800.0,174744800.0,KOSDAQ,1.21
347890,엠엑스온,4345.0,8870.0,8870.0,38540150.0,38540150.0,KOSDAQ,-1.36
058630,엠게임,3930.0,12978.0,12978.0,51003540.0,51003540.0,KOSDAQ,-1.26
030960,양지사,4610.0,71401.0,71401.0,329158610.0,329158610.0,KOSDAQ,2.22
155650,와이엠씨,3875.0,120400.0,120400.0,466550000.0,466550000.0,KOSDAQ,2.79
0007J0,인벤테라,9340.0,68296.0,68296.0,637884640.0,637884640.0,KOSDAQ,-4.5
332370,아이디피,5530.0,2896.0,2896.0,16014880.0,16014880.0,KOSDAQ,6.96
263800,데이타솔루션,4520.0,89617.0,89617.0,405068840.0,405068840.0,KOSDAQ,-2.9
060590,씨티씨바이오,3030.0,61559.0,61559.0,186523770.0,186523770.0,KOSDAQ,0.33
020710,시공테크,3640.0,35166.0,35166.0,128004240.0,128004240.0,KOSDAQ,0.41
060570,드림어스컴퍼니,4915.0,3561.0,3561.0,17502315.0,17502315.0,KOSDAQ,-1.6
054620,APS,3960.0,15082.0,15082.0,59724720.0,59724720.0,KOSDAQ,-0.25
090470,제이스로보틱스,4165.0,27980.0,27980.0,116536700.0,116536700.0,KOSDAQ,3.61
371950,풍원정밀,3085.0,518011.0,518011.0,1598063935.0,1598063935.0,KOSDAQ,1.82
038460,바이오스마트,2870.0,95008.0,95008.0,272672960.0,272672960.0,KOSDAQ,0.0
171120,라이온켐텍,2020.0,19937.0,19937.0,40272740.0,40272740.0,KOSDAQ,-0.98
137080,나래나노텍,6770.0,142306.0,142306.0,963411620.0,963411620.0,KOSDAQ,11.72
377480,마음AI,10170.0,24919.0,24919.0,253426230.0,253426230.0,KOSDAQ,-0.29
080010,이상네트웍스,7300.0,886.0,886.0,6467800.0,6467800.0,KOSDAQ,-1.35
212710,아이에스티이,7380.0,56141.0,56141.0,414320580.0,414320580.0,KOSDAQ,-1.34
045660,에이텍,8680.0,6808.0,6808.0,59093440.0,59093440.0,KOSDAQ,0.35
083790,CG인바이츠,931.0,118051.0,118051.0,109905481.0,109905481.0,KOSDAQ,2.42
017480,삼현철강,4635.0,6946.0,6946.0,32194710.0,32194710.0,KOSDAQ,-0.43
128660,피제이메탈,2885.0,44455.0,44455.0,128252675.0,128252675.0,KOSDAQ,0.52
347860,알체라,1696.0,211324.0,211324.0,358405504.0,358405504.0,KOSDAQ,0.95
067170,오텍,2600.0,371351.0,371351.0,965512600.0,965512600.0,KOSDAQ,-2.62
205470,휴마시스,2890.0,506955.0,506955.0,1465099950.0,1465099950.0,KOSDAQ,-7.37
900110,딥커머스,6430.0,49359.0,49359.0,317378370.0,317378370.0,KOSDAQ,3.38
053280,예스24,2840.0,13496.0,13496.0,38328640.0,38328640.0,KOSDAQ,1.25
039980,폴라리스AI,4930.0,51504.0,51504.0,253914720.0,253914720.0,KOSDAQ,-2.95
024740,한일단조,2155.0,69412.0,69412.0,149582860.0,149582860.0,KOSDAQ,-0.23
417970,모델솔루션,11070.0,7098.0,7098.0,78574860.0,78574860.0,KOSDAQ,-0.45
104460,디와이피엔에프,6700.0,5862.0,5862.0,39275400.0,39275400.0,KOSDAQ,-0.74
294140,레몬,2825.0,11601.0,11601.0,32772825.0,32772825.0,KOSDAQ,0.18
228670,레이,4500.0,79387.0,79387.0,357241500.0,357241500.0,KOSDAQ,3.09
110790,크리스에프앤씨,3000.0,3030.0,3030.0,9090000.0,9090000.0,KOSDAQ,0.84
092040,아미코젠,990.0,136360.0,136360.0,134996400.0,134996400.0,KOSDAQ,-1.0
179530,애드바이오텍,2245.0,310076.0,310076.0,696120620.0,696120620.0,KOSDAQ,1.58
067570,엔브이에이치코리아,1655.0,11119.0,11119.0,18401945.0,18401945.0,KOSDAQ,0.06
039010,현대에이치티,8070.0,42840.0,42840.0,345718800.0,345718800.0,KOSDAQ,-1.22
096350,대창솔루션,1887.0,90612.0,90612.0,170984844.0,170984844.0,KOSDAQ,-0.16
054040,한국컴퓨터,4320.0,35285.0,35285.0,152431200.0,152431200.0,KOSDAQ,-2.15
065530,와이어블,1451.0,286510.0,286510.0,415726010.0,415726010.0,KOSDAQ,-1.96
320000,한울반도체,10020.0,69666.0,69666.0,698053320.0,698053320.0,KOSDAQ,0.3
347000,센코,1821.0,82021.0,82021.0,149360241.0,149360241.0,KOSDAQ,-2.88
109860,동일금속,7540.0,743.0,743.0,5602220.0,5602220.0,KOSDAQ,0.4
002800,신신제약,4515.0,52569.0,52569.0,237349035.0,237349035.0,KOSDAQ,-2.48
217330,싸이토젠,2955.0,107396.0,107396.0,317355180.0,317355180.0,KOSDAQ,-3.75
026150,특수건설,3890.0,31418.0,31418.0,122216020.0,122216020.0,KOSDAQ,-0.89
487580,폴레드,2710.0,210116.0,210116.0,569414360.0,569414360.0,KOSDAQ,-1.09
019540,일지테크,5050.0,21503.0,21503.0,108590150.0,108590150.0,KOSDAQ,1.51
024830,세원물산,8170.0,1693.0,1693.0,13831810.0,13831810.0,KOSDAQ,1.62
208370,셀바스헬스케어,2640.0,140931.0,140931.0,372057840.0,372057840.0,KOSDAQ,-1.31
049550,잉크테크,3455.0,11433.0,11433.0,39501015.0,39501015.0,KOSDAQ,-0.14
337930,젝시믹스,2330.0,45666.0,45666.0,106401780.0,106401780.0,KOSDAQ,-1.27
076610,해성옵틱스,1109.0,585235.0,585235.0,649025615.0,649025615.0,KOSDAQ,-3.57
067370,선바이오,5530.0,2213.0,2213.0,12237890.0,12237890.0,KOSDAQ,0.18
067920,이글루,6130.0,121692.0,121692.0,745971960.0,745971960.0,KOSDAQ,-3.62
004780,대륙제관,4235.0,13994.0,13994.0,59264590.0,59264590.0,KOSDAQ,1.19
460940,피앤에스로보틱스,5000.0,28394.0,28394.0,141970000.0,141970000.0,KOSDAQ,-3.29
214260,라파스,7540.0,8795.0,8795.0,66314300.0,66314300.0,KOSDAQ,0.67
039610,화성밸브,6450.0,111212.0,111212.0,717317400.0,717317400.0,KOSDAQ,-1.68
048430,유라테크,5810.0,10955.0,10955.0,63648550.0,63648550.0,KOSDAQ,0.0
153710,옵티팜,4560.0,12973.0,12973.0,59156880.0,59156880.0,KOSDAQ,1.79
095270,웨이브일렉트로,4650.0,32213.0,32213.0,149790450.0,149790450.0,KOSDAQ,3.79
0218L0,네오뷰,12660.0,7202.0,7202.0,91177320.0,91177320.0,KOSDAQ,1.12
096250,와이즈넛,5650.0,13152.0,13152.0,74308800.0,74308800.0,KOSDAQ,0.53
0004V0,엔비알모션,6060.0,79929.0,79929.0,484369740.0,484369740.0,KOSDAQ,-2.26
123420,위메이드플레이,6410.0,9617.0,9617.0,61644970.0,61644970.0,KOSDAQ,0.47
122350,삼기,1733.0,20688161.0,20688161.0,35852583013.0,35852583013.0,KOSDAQ,7.98
065170,비엘팜텍,2380.0,487752.0,487752.0,1160849760.0,1160849760.0,KOSDAQ,-0.42
241790,티이엠씨씨엔에스,6640.0,79675.0,79675.0,529042000.0,529042000.0,KOSDAQ,2.47
265560,영화테크,6210.0,12328.0,12328.0,76556880.0,76556880.0,KOSDAQ,-0.64
040350,크레오에스지,3320.0,38019.0,38019.0,126223080.0,126223080.0,KOSDAQ,-3.77
331740,아우토크립트,6760.0,24315.0,24315.0,164369400.0,164369400.0,KOSDAQ,-2.73
204840,지엘팜텍,4240.0,25208.0,25208.0,106881920.0,106881920.0,KOSDAQ,2.42
291230,컴투스엔,2735.0,25334.0,25334.0,69288490.0,69288490.0,KOSDAQ,0.0
111710,남화산업,3185.0,27150.0,27150.0,86472750.0,86472750.0,KOSDAQ,1.11
061040,알에프텍,7240.0,3920.0,3920.0,28380800.0,28380800.0,KOSDAQ,-0.55
321820,아티스트컴퍼니,4190.0,190257.0,190257.0,797176830.0,797176830.0,KOSDAQ,4.88
360350,코셈,11990.0,13531.0,13531.0,162236690.0,162236690.0,KOSDAQ,-0.91
273640,와이엠텍,5940.0,37381.0,37381.0,222043140.0,222043140.0,KOSDAQ,2.06
456070,이엔셀,5900.0,59026.0,59026.0,348253400.0,348253400.0,KOSDAQ,-1.67
262260,에이프로,4310.0,16059.0,16059.0,69214290.0,69214290.0,KOSDAQ,-1.93
282620,기도산업,11060.0,47885.0,47885.0,529608100.0,529608100.0,KOSDAQ,-2.38
060310,3S,1221.0,183162.0,183162.0,223640802.0,223640802.0,KOSDAQ,2.78
036000,예림당,2810.0,33555.0,33555.0,94289550.0,94289550.0,KOSDAQ,4.46
032850,비트컴퓨터,3870.0,64982.0,64982.0,251480340.0,251480340.0,KOSDAQ,-2.64
950220,네오이뮨텍,1879.0,234134.0,234134.0,439937786.0,439937786.0,KOSDAQ,-3.09
214680,디알텍,3850.0,24454.0,24454.0,94147900.0,94147900.0,KOSDAQ,1.05
014970,삼륭물산,4330.0,12678.0,12678.0,54895740.0,54895740.0,KOSDAQ,-0.92
424960,스마트레이더시스템,3890.0,7953.0,7953.0,30937170.0,30937170.0,KOSDAQ,-1.27
382480,지아이텍,1629.0,49128.0,49128.0,80029512.0,80029512.0,KOSDAQ,-0.12
082210,옵트론텍,1831.0,38671.0,38671.0,70806601.0,70806601.0,KOSDAQ,0.83
091590,남화토건,5450.0,94044.0,94044.0,512539800.0,512539800.0,KOSDAQ,-2.68
318160,셀바이오휴먼텍,6790.0,13870.0,13870.0,94177300.0,94177300.0,KOSDAQ,-0.73
251630,브이원텍,3995.0,22290.0,22290.0,89048550.0,89048550.0,KOSDAQ,0.63
033130,디지틀조선,1712.0,43954.0,43954.0,75249248.0,75249248.0,KOSDAQ,1.12
126880,제이엔케이글로벌,2740.0,71533.0,71533.0,196000420.0,196000420.0,KOSDAQ,-0.36
0156T0,에이치엘지노믹스,8140.0,31387.0,31387.0,255490180.0,255490180.0,KOSDAQ,-1.81
222110,팬젠,4680.0,592.0,592.0,2770560.0,2770560.0,KOSDAQ,-1.16
228340,동양파일,3160.0,131863.0,131863.0,416687080.0,416687080.0,KOSDAQ,-1.4
192250,케이사인,8880.0,126562.0,126562.0,1123870560.0,1123870560.0,KOSDAQ,-4.31
089850,유비벨록스,4260.0,6678.0,6678.0,28448280.0,28448280.0,KOSDAQ,-0.7
127710,아시아경제,1422.0,129423.0,129423.0,184039506.0,184039506.0,KOSDAQ,0.14
460870,에스엠씨지,3115.0,68910.0,68910.0,214654650.0,214654650.0,KOSDAQ,0.16
241690,유니테크노,2550.0,10158.0,10158.0,25902900.0,25902900.0,KOSDAQ,-1.92
081150,티플랙스,2565.0,221575.0,221575.0,568339875.0,568339875.0,KOSDAQ,-1.72
049480,오픈베이스,1977.0,201180.0,201180.0,397732860.0,397732860.0,KOSDAQ,-0.4
048770,TPC로보틱스,3950.0,115343.0,115343.0,455604850.0,455604850.0,KOSDAQ,-1.5
043650,국순당,3470.0,11403.0,11403.0,39568410.0,39568410.0,KOSDAQ,-0.72
066670,디티씨,3310.0,17526.0,17526.0,58011060.0,58011060.0,KOSDAQ,0.46
008370,원풍,5150.0,9159.0,9159.0,47168850.0,47168850.0,KOSDAQ,-2.28
005670,푸드웰,6170.0,7510.0,7510.0,46336700.0,46336700.0,KOSDAQ,0.33
100030,인지소프트,18750.0,9997.0,9997.0,187443750.0,187443750.0,KOSDAQ,-1.0
010470,오리콤,5120.0,4709.0,4709.0,24110080.0,24110080.0,KOSDAQ,0.59
315640,딥노이드,2080.0,133628.0,133628.0,277946240.0,277946240.0,KOSDAQ,-4.81
355690,에이텀,6380.0,262298.0,262298.0,1673461240.0,1673461240.0,KOSDAQ,11.34
216050,인크로스,5000.0,15419.0,15419.0,77095000.0,77095000.0,KOSDAQ,-0.2
041460,한국전자인증,3305.0,28958.0,28958.0,95706190.0,95706190.0,KOSDAQ,-1.78
299170,더블유에스아이,1465.0,706252.0,706252.0,1034659180.0,1034659180.0,KOSDAQ,-0.48
056360,코위버,6190.0,88706.0,88706.0,549090140.0,549090140.0,KOSDAQ,-4.18
261520,이지스,5900.0,53634.0,53634.0,316440600.0,316440600.0,KOSDAQ,0.0
214270,FSN,1340.0,25578.0,25578.0,34274520.0,34274520.0,KOSDAQ,-2.19
225190,LK삼양,4300.0,179103.0,179103.0,770142900.0,770142900.0,KOSDAQ,-7.63
003310,대주산업,1708.0,88592.0,88592.0,151315136.0,151315136.0,KOSDAQ,0.0
010240,흥국,5150.0,3766.0,3766.0,19394900.0,19394900.0,KOSDAQ,-0.77
049470,비트플래닛,2560.0,25430.0,25430.0,65100800.0,65100800.0,KOSDAQ,-1.92
215360,우리산업,6570.0,11123.0,11123.0,73078110.0,73078110.0,KOSDAQ,0.31
064240,홈캐스트,1728.0,30197.0,30197.0,52180416.0,52180416.0,KOSDAQ,1.71
016250,SGC E&C,11900.0,2044.0,2044.0,24323600.0,24323600.0,KOSDAQ,-0.42
263690,디알젬,5290.0,5822.0,5822.0,30798380.0,30798380.0,KOSDAQ,0.0
039420,케이엘넷,2600.0,13348.0,13348.0,34704800.0,34704800.0,KOSDAQ,-1.89
424980,마이크로투나노,10070.0,32880.0,32880.0,331101600.0,331101600.0,KOSDAQ,0.1
448710,코츠테크놀로지,11270.0,16801.0,16801.0,189347270.0,189347270.0,KOSDAQ,-1.49
352910,오비고,4705.0,11773.0,11773.0,55391965.0,55391965.0,KOSDAQ,0.0
0155E0,해치텍,10790.0,136912.0,136912.0,1477280480.0,1477280480.0,KOSDAQ,-5.76
050960,수산아이앤티,8760.0,1206.0,1206.0,10564560.0,10564560.0,KOSDAQ,-1.57
053620,태양,6870.0,44190.0,44190.0,303585300.0,303585300.0,KOSDAQ,3.31
036090,위지트,1388.0,132143.0,132143.0,183414484.0,183414484.0,KOSDAQ,-1.56
175140,아고스,2365.0,8529.0,8529.0,20171085.0,20171085.0,KOSDAQ,0.85
221800,지구홀딩스,3615.0,28852.0,28852.0,104299980.0,104299980.0,KOSDAQ,-5.61
025550,한국선재,2310.0,42357.0,42357.0,97844670.0,97844670.0,KOSDAQ,-2.33
033320,제이씨현시스템,3080.0,13478.0,13478.0,41512240.0,41512240.0,KOSDAQ,-1.75
033170,시그네틱스,3415.0,281348.0,281348.0,960803420.0,960803420.0,KOSDAQ,2.4
054300,팬스타엔터프라이즈,997.0,261504.0,261504.0,260719488.0,260719488.0,KOSDAQ,2.78
487400,케이앤에스아이앤씨,5690.0,141630.0,141630.0,805874700.0,805874700.0,KOSDAQ,-7.03
463020,뉴엔AI,6490.0,43321.0,43321.0,281153290.0,281153290.0,KOSDAQ,-2.11
039020,이건홀딩스,2580.0,81620.0,81620.0,210579600.0,210579600.0,KOSDAQ,-0.96
053050,지에스이,1940.0,142701.0,142701.0,276839940.0,276839940.0,KOSDAQ,2.75
483350,딜리셔스,2605.0,281695.0,281695.0,733815475.0,733815475.0,KOSDAQ,-1.88
317530,에피소드컴퍼니,3310.0,62406.0,62406.0,206563860.0,206563860.0,KOSDAQ,2.16
191420,테고사이언스,7140.0,1245.0,1245.0,8889300.0,8889300.0,KOSDAQ,0.56
045340,토탈소프트,6750.0,23759.0,23759.0,160373250.0,160373250.0,KOSDAQ,0.15
094850,참좋은여행,4100.0,11948.0,11948.0,48986800.0,48986800.0,KOSDAQ,-0.36
043710,코스리거글로벌,3310.0,7779.0,7779.0,25748490.0,25748490.0,KOSDAQ,7.82
333620,엔시스,5200.0,24697.0,24697.0,128424400.0,128424400.0,KOSDAQ,-0.76
059270,해성에어로보틱스,5120.0,30767.0,30767.0,157527040.0,157527040.0,KOSDAQ,-1.54
950200,소마젠,2970.0,54442.0,54442.0,161692740.0,161692740.0,KOSDAQ,0.17
443250,레뷰코퍼레이션,5270.0,7403.0,7403.0,39013810.0,39013810.0,KOSDAQ,-1.13
007370,진양제약,4020.0,8081.0,8081.0,32485620.0,32485620.0,KOSDAQ,0.12
348150,고바이오랩,2920.0,15662.0,15662.0,45733040.0,45733040.0,KOSDAQ,1.57
088280,쏘닉스,3275.0,82995.0,82995.0,271808625.0,271808625.0,KOSDAQ,3.64
033310,엠투엔,1410.0,47451.0,47451.0,66905910.0,66905910.0,KOSDAQ,-2.02
014470,부방,1049.0,36204.0,36204.0,37977996.0,37977996.0,KOSDAQ,-0.76
037440,희림,4030.0,52840.0,52840.0,212945200.0,212945200.0,KOSDAQ,-0.86
900300,오가닉티코스메틱,2720.0,83288.0,83288.0,226543360.0,226543360.0,KOSDAQ,-6.69
459100,위츠,4140.0,4605.0,4605.0,19064700.0,19064700.0,KOSDAQ,0.24
420570,제이투케이바이오,9490.0,31080.0,31080.0,294949200.0,294949200.0,KOSDAQ,-4.62
226340,본느,6580.0,3098410.0,3098410.0,20387537800.0,20387537800.0,KOSDAQ,1.86
464490,쿼드메디슨,4790.0,24397.0,24397.0,116861630.0,116861630.0,KOSDAQ,-4.96
092300,현우산업,2735.0,54794.0,54794.0,149861590.0,149861590.0,KOSDAQ,-0.55
033230,인성정보,1090.0,197937.0,197937.0,215751330.0,215751330.0,KOSDAQ,-2.59
040610,SG&G,3225.0,9561.0,9561.0,30834225.0,30834225.0,KOSDAQ,0.0
170790,파이오링크,8560.0,23052.0,23052.0,197325120.0,197325120.0,KOSDAQ,-0.12
061250,화일약품,6500.0,3980.0,3980.0,25870000.0,25870000.0,KOSDAQ,0.93
064800,포니링크,2135.0,21067.0,21067.0,44978045.0,44978045.0,KOSDAQ,-0.23
435570,에르코스,7160.0,1410.0,1410.0,10095600.0,10095600.0,KOSDAQ,0.85
0013V0,삼진식품,5450.0,127875.0,127875.0,696918750.0,696918750.0,KOSDAQ,-2.68
419080,엔젯,4970.0,29387.0,29387.0,146053390.0,146053390.0,KOSDAQ,0.2
105760,포스뱅크,5290.0,47781.0,47781.0,252761490.0,252761490.0,KOSDAQ,2.52
036670,삼양케이씨아이,5000.0,14266.0,14266.0,71330000.0,71330000.0,KOSDAQ,-1.19
024910,경창산업,1502.0,44388.0,44388.0,66670776.0,66670776.0,KOSDAQ,0.13
145170,노브랜드,3180.0,132025.0,132025.0,419839500.0,419839500.0,KOSDAQ,-2.75
081180,쎄크,6090.0,161941.0,161941.0,986220690.0,986220690.0,KOSDAQ,-6.6
288180,케이피항공산업,7240.0,16819.0,16819.0,121769560.0,121769560.0,KOSDAQ,-5.48
340810,시선AI,3835.0,172927.0,172927.0,663175045.0,663175045.0,KOSDAQ,5.21
393210,토마토시스템,3405.0,327934.0,327934.0,1116615270.0,1116615270.0,KOSDAQ,-4.08
290660,다이나믹솔루션,1241.0,492583.0,492583.0,611295503.0,611295503.0,KOSDAQ,-4.1
900120,씨엑스아이,4690.0,2518.0,2518.0,11809420.0,11809420.0,KOSDAQ,-3.99
071670,에이테크솔루션,5310.0,16422.0,16422.0,87200820.0,87200820.0,KOSDAQ,-3.45
053270,구영테크,1936.0,43757.0,43757.0,84713552.0,84713552.0,KOSDAQ,0.41
179900,유티아이,2460.0,286313.0,286313.0,704329980.0,704329980.0,KOSDAQ,0.0
370090,퓨런티어,6200.0,16340.0,16340.0,101308000.0,101308000.0,KOSDAQ,-0.16
457600,벡트,3865.0,85914.0,85914.0,332057610.0,332057610.0,KOSDAQ,-7.43
238090,앤디포스,1737.0,14845.0,14845.0,25785765.0,25785765.0,KOSDAQ,0.06
054930,유신,17650.0,2984.0,2984.0,52667600.0,52667600.0,KOSDAQ,1.09
053160,프리엠스,8800.0,9157.0,9157.0,80581600.0,80581600.0,KOSDAQ,2.33
317830,에스피시스템스,4900.0,19232.0,19232.0,94236800.0,94236800.0,KOSDAQ,0.31
036120,서울평가정보,1497.0,188075.0,188075.0,281548275.0,281548275.0,KOSDAQ,-2.16
109080,옵티시스,9330.0,17998.0,17998.0,167921340.0,167921340.0,KOSDAQ,-5.76
019990,에너토크,5350.0,87852.0,87852.0,470008200.0,470008200.0,KOSDAQ,-6.3
039240,경남스틸,1933.0,13879.0,13879.0,26828107.0,26828107.0,KOSDAQ,-1.53
391710,코닉오토메이션,1223.0,54227.0,54227.0,66319621.0,66319621.0,KOSDAQ,-0.81
027050,코리아나,1300.0,20934.0,20934.0,27214200.0,27214200.0,KOSDAQ,-0.54
104620,노랑풍선,3085.0,40755.0,40755.0,125729175.0,125729175.0,KOSDAQ,-0.48
311690,CJ 바이오사이언스,3950.0,9177.0,9177.0,36249150.0,36249150.0,KOSDAQ,3.4
015710,코콤,2940.0,5289.0,5289.0,15549660.0,15549660.0,KOSDAQ,-0.34
163280,에어레인,3765.0,56383.0,56383.0,212281995.0,212281995.0,KOSDAQ,-2.96
024950,삼천리자전거,4130.0,3800.0,3800.0,15694000.0,15694000.0,KOSDAQ,-0.96
256630,포인트엔지니어링,4415.0,3440.0,3440.0,15187600.0,15187600.0,KOSDAQ,1.38
373200,엑스플러스,2040.0,649886.0,649886.0,1325767440.0,1325767440.0,KOSDAQ,9.8
094940,푸른로보틱스,6100.0,26565.0,26565.0,162046500.0,162046500.0,KOSDAQ,-0.65
042110,에스씨디,1055.0,229117.0,229117.0,241718435.0,241718435.0,KOSDAQ,-2.41
046940,우원개발,2810.0,1687900.0,1687900.0,4742999000.0,4742999000.0,KOSDAQ,2.37
314140,알피바이오,5860.0,13330.0,13330.0,78113800.0,78113800.0,KOSDAQ,0.17
317850,대모,6050.0,45852.0,45852.0,277404600.0,277404600.0,KOSDAQ,0.17
088910,동우팜투테이블,1956.0,84308.0,84308.0,164906448.0,164906448.0,KOSDAQ,-0.05
052790,액토즈소프트,4580.0,48241.0,48241.0,220943780.0,220943780.0,KOSDAQ,-2.45
347740,피엔케이피부임상연구센타,1667.0,22479.0,22479.0,37472493.0,37472493.0,KOSDAQ,-0.77
143540,영우디에스피,1119.0,1456642.0,1456642.0,1629982398.0,1629982398.0,KOSDAQ,6.88
065130,탑엔지니어링,3110.0,53404.0,53404.0,166086440.0,166086440.0,KOSDAQ,1.97
463480,모티브링크,4000.0,13214.0,13214.0,52856000.0,52856000.0,KOSDAQ,-1.6
196300,HLB펩,5220.0,303999.0,303999.0,1586874780.0,1586874780.0,KOSDAQ,4.61
122310,제노레이,3390.0,3864.0,3864.0,13098960.0,13098960.0,KOSDAQ,2.26
246690,TS인베스트먼트,2070.0,28209.0,28209.0,58392630.0,58392630.0,KOSDAQ,-1.43
063440,SM Life Design,1086.0,61533.0,61533.0,66824838.0,66824838.0,KOSDAQ,0.18
452400,이닉스,5400.0,13398.0,13398.0,72349200.0,72349200.0,KOSDAQ,0.0
376290,씨유테크,2765.0,2366.0,2366.0,6541990.0,6541990.0,KOSDAQ,-1.25
038010,제일테크노스,5420.0,3169.0,3169.0,17175980.0,17175980.0,KOSDAQ,-1.45
219550,디와이디,1177.0,34243.0,34243.0,40304011.0,40304011.0,KOSDAQ,-1.67
060560,HC홈센타,1917.0,8215.0,8215.0,15748155.0,15748155.0,KOSDAQ,-0.88
317870,엔바이오니아,5500.0,7774.0,7774.0,42757000.0,42757000.0,KOSDAQ,3.38
044340,위닉스,2720.0,36186.0,36186.0,98425920.0,98425920.0,KOSDAQ,-0.18
042040,케이피엠테크,5590.0,19596.0,19596.0,109541640.0,109541640.0,KOSDAQ,10.04
131400,이브이첨단소재,8120.0,64178.0,64178.0,521125360.0,521125360.0,KOSDAQ,2.01
053450,세코닉스,3270.0,24492.0,24492.0,80088840.0,80088840.0,KOSDAQ,-0.3
217500,러셀,1520.0,139742.0,139742.0,212407840.0,212407840.0,KOSDAQ,-3.74
321260,프로이천,1715.0,55398.0,55398.0,95007570.0,95007570.0,KOSDAQ,-0.98
348080,큐라티스,3760.0,37498.0,37498.0,140992480.0,140992480.0,KOSDAQ,-4.45
150900,파수AI,4120.0,160425.0,160425.0,660951000.0,660951000.0,KOSDAQ,-4.85
073110,엘엠에스,5410.0,4817.0,4817.0,26059970.0,26059970.0,KOSDAQ,4.84
408470,한패스,4525.0,32422.0,32422.0,146709550.0,146709550.0,KOSDAQ,-2.06
317690,퀀타매트릭스,2375.0,33856.0,33856.0,80408000.0,80408000.0,KOSDAQ,0.42
189860,서전기전,4920.0,83405.0,83405.0,410352600.0,410352600.0,KOSDAQ,-2.38
382150,온코크로스,3650.0,16269.0,16269.0,59381850.0,59381850.0,KOSDAQ,-0.41
459550,알트,1888.0,481914.0,481914.0,909853632.0,909853632.0,KOSDAQ,-5.55
114450,그린생명과학,2380.0,502090.0,502090.0,1194974200.0,1194974200.0,KOSDAQ,-7.03
479960,위너스일렉,6670.0,14787.0,14787.0,98629290.0,98629290.0,KOSDAQ,2.77
232830,아이티센피엔에스,2870.0,162396.0,162396.0,466076520.0,466076520.0,KOSDAQ,-5.28
471820,셀로맥스사이언스,4195.0,2519.0,2519.0,10567205.0,10567205.0,KOSDAQ,2.82
032960,동일기연,2695.0,60334.0,60334.0,162600130.0,162600130.0,KOSDAQ,1.32
900340,윙입푸드,1329.0,55094.0,55094.0,73219926.0,73219926.0,KOSDAQ,-4.11
277070,린드먼아시아,3435.0,1167.0,1167.0,4008645.0,4008645.0,KOSDAQ,0.15
440290,HB인베스트먼트,1706.0,29974.0,29974.0,51135644.0,51135644.0,KOSDAQ,0.0
365660,레몬헬스케어,3485.0,287305.0,287305.0,1001257925.0,1001257925.0,KOSDAQ,-5.04
200350,아티스트스튜디오,4675.0,516284.0,516284.0,2413627700.0,2413627700.0,KOSDAQ,10.26
199550,레이저옵텍,3135.0,37401.0,37401.0,117252135.0,117252135.0,KOSDAQ,-1.88
059100,아이컴포넌트,6570.0,22427.0,22427.0,147345390.0,147345390.0,KOSDAQ,1.08
0010V0,제이피아이헬스케어,9080.0,3158.0,3158.0,28674640.0,28674640.0,KOSDAQ,0.22
053980,오상자이엘,2440.0,14001.0,14001.0,34162440.0,34162440.0,KOSDAQ,-0.41
082850,우리바이오,4770.0,41024.0,41024.0,195684480.0,195684480.0,KOSDAQ,4.26
094970,제이엠티,2760.0,72053.0,72053.0,198866280.0,198866280.0,KOSDAQ,0.0
384470,코어라인소프트,2575.0,31470.0,31470.0,81035250.0,81035250.0,KOSDAQ,-2.83
340360,다보링크,859.0,303664.0,303664.0,260847376.0,260847376.0,KOSDAQ,1.06
361570,알비더블유,1602.0,15199.0,15199.0,24348798.0,24348798.0,KOSDAQ,-0.44
189980,흥국에프엔비,1147.0,35218.0,35218.0,40395046.0,40395046.0,KOSDAQ,-1.04
260930,씨티케이,2380.0,15386.0,15386.0,36618680.0,36618680.0,KOSDAQ,-0.21
072990,에이치시티,3170.0,29559.0,29559.0,93702030.0,93702030.0,KOSDAQ,1.28
460470,아이빔테크놀로지,3020.0,26457.0,26457.0,79900140.0,79900140.0,KOSDAQ,-4.13
227950,엔투텍,1319.0,109143.0,109143.0,143959617.0,143959617.0,KOSDAQ,4.68
222420,쎄노텍,939.0,150286.0,150286.0,141118554.0,141118554.0,KOSDAQ,-0.21
453860,에이에스텍,7050.0,7861.0,7861.0,55420050.0,55420050.0,KOSDAQ,-0.56
051390,YW,3980.0,623.0,623.0,2479540.0,2479540.0,KOSDAQ,-1.12
476040,오가노이드사이언스,6860.0,20525.0,20525.0,140801500.0,140801500.0,KOSDAQ,-5.51
068330,일신바이오,1021.0,34522.0,34522.0,35246962.0,35246962.0,KOSDAQ,0.0
198080,캐프,2090.0,14294.0,14294.0,29874460.0,29874460.0,KOSDAQ,-0.24
066130,하츠,3515.0,3234.0,3234.0,11367510.0,11367510.0,KOSDAQ,0.72
050120,ES큐브,3315.0,1119.0,1119.0,3709485.0,3709485.0,KOSDAQ,0.45
178780,일월지엠엘,2400.0,65143.0,65143.0,156343200.0,156343200.0,KOSDAQ,0.0
014190,원익큐브,1263.0,34421.0,34421.0,43473723.0,43473723.0,KOSDAQ,-0.24
373160,데이원컴퍼니,3280.0,512.0,512.0,1679360.0,1679360.0,KOSDAQ,-1.65
159580,제로투세븐,2220.0,36006.0,36006.0,79933320.0,79933320.0,KOSDAQ,-0.89
083550,케이엠,3275.0,40943.0,40943.0,134088325.0,134088325.0,KOSDAQ,-0.3
037950,엘컴텍,2615.0,18057.0,18057.0,47219055.0,47219055.0,KOSDAQ,-3.68
189690,포시에스,1610.0,53667.0,53667.0,86403870.0,86403870.0,KOSDAQ,4.95
900250,크리스탈신소재,1222.0,35919.0,35919.0,43893018.0,43893018.0,KOSDAQ,-1.13
072470,우리산업홀딩스,2315.0,4048.0,4048.0,9371120.0,9371120.0,KOSDAQ,-2.32
129890,앱코,960.0,55935.0,55935.0,53697600.0,53697600.0,KOSDAQ,1.05
466410,사이냅소프트,8620.0,14088.0,14088.0,121438560.0,121438560.0,KOSDAQ,-1.49
307280,원바이오젠,6050.0,4036.0,4036.0,24417800.0,24417800.0,KOSDAQ,1.0
263020,디케이앤디,3100.0,26974.0,26974.0,83619400.0,83619400.0,KOSDAQ,-0.64
290670,대보마그네틱,5450.0,8594.0,8594.0,46837300.0,46837300.0,KOSDAQ,-0.91
054780,키이스트,2170.0,191746.0,191746.0,416088820.0,416088820.0,KOSDAQ,-1.14
199480,뱅크웨어글로벌,4180.0,17440.0,17440.0,72899200.0,72899200.0,KOSDAQ,0.36
258610,케일럼,1168.0,30282.0,30282.0,35369376.0,35369376.0,KOSDAQ,-1.35
086060,진바이오텍,4945.0,22363.0,22363.0,110585035.0,110585035.0,KOSDAQ,-0.1
065440,이루온,1559.0,287033.0,287033.0,447484447.0,447484447.0,KOSDAQ,-2.68
022220,티케이지애강,817.0,5121.0,5121.0,4183857.0,4183857.0,KOSDAQ,-0.73
256150,한독크린텍,5030.0,534.0,534.0,2686020.0,2686020.0,KOSDAQ,0.4
140520,대창스틸,1999.0,25569.0,25569.0,51112431.0,51112431.0,KOSDAQ,-0.79
413640,비아이매트릭스,5850.0,3970.0,3970.0,23224500.0,23224500.0,KOSDAQ,-0.34
261200,덴티스,2620.0,12714.0,12714.0,33310680.0,33310680.0,KOSDAQ,-0.19
190650,코리아에셋투자증권,6480.0,2860.0,2860.0,18532800.0,18532800.0,KOSDAQ,0.0
263700,케어랩스,2125.0,37329.0,37329.0,79324125.0,79324125.0,KOSDAQ,-1.85
263810,상신전자,2590.0,21223.0,21223.0,54967570.0,54967570.0,KOSDAQ,0.19
002290,삼일기업공사,3325.0,4902.0,4902.0,16299150.0,16299150.0,KOSDAQ,-0.6
084650,랩지노믹스,2775.0,60004.0,60004.0,166511100.0,166511100.0,KOSDAQ,-3.81
461030,아이엠비디엑스,2870.0,12275.0,12275.0,35229250.0,35229250.0,KOSDAQ,-3.04
056700,신화인터텍,1411.0,24341.0,24341.0,34345151.0,34345151.0,KOSDAQ,0.07
100660,서암기계공업,3255.0,16757.0,16757.0,54544035.0,54544035.0,KOSDAQ,-0.46
452200,민테크,1679.0,49778.0,49778.0,83577262.0,83577262.0,KOSDAQ,0.0
045510,정원엔시스,1295.0,122057.0,122057.0,158063815.0,158063815.0,KOSDAQ,4.1
066900,디에이피,1790.0,2985.0,2985.0,5343150.0,5343150.0,KOSDAQ,0.34
007530,와이엠,1829.0,33867.0,33867.0,61942743.0,61942743.0,KOSDAQ,0.88
037230,한국팩키지,1364.0,24268.0,24268.0,33101552.0,33101552.0,KOSDAQ,2.56
263770,유에스티,1712.0,2437.0,2437.0,4172144.0,4172144.0,KOSDAQ,1.36
286750,나노실리칸첨단소재,2525.0,11605.0,11605.0,29302625.0,29302625.0,KOSDAQ,-0.39
136410,아셈스,3665.0,11782.0,11782.0,43181030.0,43181030.0,KOSDAQ,-0.81
044960,이글벳,3190.0,50176.0,50176.0,160061440.0,160061440.0,KOSDAQ,0.0
099410,동방선기,2880.0,40504.0,40504.0,116651520.0,116651520.0,KOSDAQ,-2.37
184230,SGA솔루션즈,2140.0,123436.0,123436.0,264153040.0,264153040.0,KOSDAQ,-5.73
104200,NHN벅스,2710.0,31653.0,31653.0,85779630.0,85779630.0,KOSDAQ,0.0
469750,아이비젼웍스,5820.0,68215.0,68215.0,397011300.0,397011300.0,KOSDAQ,-1.36
223310,사토시홀딩스,2930.0,23069.0,23069.0,67592170.0,67592170.0,KOSDAQ,0.86
446840,지슨,3625.0,8666.0,8666.0,31414250.0,31414250.0,KOSDAQ,1.97
450330,하스,4870.0,11558.0,11558.0,56287460.0,56287460.0,KOSDAQ,-3.56
049830,승일,6480.0,485.0,485.0,3142800.0,3142800.0,KOSDAQ,0.47
171010,램테크놀러지,2765.0,59929.0,59929.0,165703685.0,165703685.0,KOSDAQ,0.55
025880,케이씨피드,2355.0,20514.0,20514.0,48310470.0,48310470.0,KOSDAQ,0.43
053950,경남제약,1999.0,115719.0,115719.0,231322281.0,231322281.0,KOSDAQ,-4.12
027830,대성창투,725.0,93808.0,93808.0,68010800.0,68010800.0,KOSDAQ,-2.29
352700,씨앤투스,1480.0,4650.0,4650.0,6882000.0,6882000.0,KOSDAQ,1.86
215380,콜마바이오텍,2310.0,185669.0,185669.0,428895390.0,428895390.0,KOSDAQ,-5.13
273060,와이즈버즈,3950.0,2651.0,2651.0,10471450.0,10471450.0,KOSDAQ,-0.38
224110,에이텍모빌리티,7630.0,1213.0,1213.0,9255190.0,9255190.0,KOSDAQ,0.0
046310,백금T&A,2360.0,7575.0,7575.0,17877000.0,17877000.0,KOSDAQ,0.0
203450,유니온바이오메트릭스,2750.0,35786.0,35786.0,98411500.0,98411500.0,KOSDAQ,-2.83
007680,대원,2925.0,5907.0,5907.0,17277975.0,17277975.0,KOSDAQ,-2.66
221840,하이즈항공,2065.0,7649.0,7649.0,15795185.0,15795185.0,KOSDAQ,-0.96
121890,에스디시스템,2905.0,128533.0,128533.0,373388365.0,373388365.0,KOSDAQ,1.04
050860,아세아텍,1704.0,3200.0,3200.0,5452800.0,5452800.0,KOSDAQ,0.0
465480,인스피언,3780.0,4121.0,4121.0,15577380.0,15577380.0,KOSDAQ,0.0
221980,케이디켐,9420.0,312.0,312.0,2939040.0,2939040.0,KOSDAQ,0.0
019770,서연탑메탈,3260.0,3452.0,3452.0,11253520.0,11253520.0,KOSDAQ,-0.31
234100,폴라리스세원,2600.0,12682.0,12682.0,32973200.0,32973200.0,KOSDAQ,0.78
051490,나라엠앤디,2670.0,13935.0,13935.0,37206450.0,37206450.0,KOSDAQ,0.38
218150,미래생명자원,1854.0,74449.0,74449.0,138028446.0,138028446.0,KOSDAQ,-2.06
038070,서린바이오,4060.0,6423.0,6423.0,26077380.0,26077380.0,KOSDAQ,-1.34
239890,피엔에이치테크,3800.0,7026.0,7026.0,26698800.0,26698800.0,KOSDAQ,0.26
238120,얼라인드,2645.0,23966.0,23966.0,63390070.0,63390070.0,KOSDAQ,-3.82
250000,보라티알,5550.0,721.0,721.0,4001550.0,4001550.0,KOSDAQ,1.09
348030,모비릭스,3885.0,163733.0,163733.0,636102705.0,636102705.0,KOSDAQ,7.62
035460,기산텔레콤,2490.0,196318.0,196318.0,488831820.0,488831820.0,KOSDAQ,-4.96
052220,iMBC,1615.0,20981.0,20981.0,33884315.0,33884315.0,KOSDAQ,-1.52
097870,효성오앤비,4370.0,4941.0,4941.0,21592170.0,21592170.0,KOSDAQ,0.46
0010F0,보원케미칼,3320.0,6555402.0,6555402.0,21763934640.0,21763934640.0,KOSDAQ,19.21
081580,성우전자,2385.0,34465.0,34465.0,82199025.0,82199025.0,KOSDAQ,-0.62
122690,서진오토모티브,1600.0,12424.0,12424.0,19878400.0,19878400.0,KOSDAQ,0.57
101240,씨큐브,3240.0,4789.0,4789.0,15516360.0,15516360.0,KOSDAQ,-0.92
049120,파인디앤씨,2900.0,3517.0,3517.0,10199300.0,10199300.0,KOSDAQ,0.0
043910,자연과환경,3220.0,218092.0,218092.0,702256240.0,702256240.0,KOSDAQ,0.31
042940,상지건설,5320.0,20550.0,20550.0,109326000.0,109326000.0,KOSDAQ,-1.12
037370,EG,4210.0,7532.0,7532.0,31709720.0,31709720.0,KOSDAQ,-2.77
026040,제이에스티나,2200.0,39858.0,39858.0,87687600.0,87687600.0,KOSDAQ,1.15
219420,링크제니시스,3165.0,17077.0,17077.0,54048705.0,54048705.0,KOSDAQ,-0.31
177900,쓰리에이로직스,3760.0,24167.0,24167.0,90867920.0,90867920.0,KOSDAQ,-3.09
065500,오리엔트정공,1011.0,76200.0,76200.0,77038200.0,77038200.0,KOSDAQ,-1.56
123570,이엠넷,1618.0,5103.0,5103.0,8256654.0,8256654.0,KOSDAQ,-0.55
258790,소프트캠프,7200.0,36722.0,36722.0,264398400.0,264398400.0,KOSDAQ,-2.7
014570,고려제약,3250.0,10645.0,10645.0,34596250.0,34596250.0,KOSDAQ,1.25
363250,진시스템,4200.0,2304.0,2304.0,9676800.0,9676800.0,KOSDAQ,0.24
153460,네이블,5470.0,8124.0,8124.0,44438280.0,44438280.0,KOSDAQ,-0.73
260660,알리코제약,2330.0,16135.0,16135.0,37594550.0,37594550.0,KOSDAQ,-1.48
434480,모니터랩,2900.0,144087.0,144087.0,417852300.0,417852300.0,KOSDAQ,-4.13
046390,삼화네트웍스,2065.0,9724.0,9724.0,20080060.0,20080060.0,KOSDAQ,-3.28
208710,포톤,2705.0,45962.0,45962.0,124327210.0,124327210.0,KOSDAQ,-4.75
207760,미스터블루,2140.0,6443.0,6443.0,13788020.0,13788020.0,KOSDAQ,-2.28
045060,오공,2095.0,16122.0,16122.0,33775590.0,33775590.0,KOSDAQ,-0.48
024120,KB오토시스,3065.0,10849.0,10849.0,33252185.0,33252185.0,KOSDAQ,0.16
109820,진매트릭스,1726.0,290988.0,290988.0,502245288.0,502245288.0,KOSDAQ,-7.75
387570,파인메딕스,6250.0,6613.0,6613.0,41331250.0,41331250.0,KOSDAQ,0.81
332290,누보,4420.0,16642.0,16642.0,73557640.0,73557640.0,KOSDAQ,-0.67
204020,그리티,1803.0,4047.0,4047.0,7296741.0,7296741.0,KOSDAQ,0.5
086040,바이오톡스텍,2195.0,2112.0,2112.0,4635840.0,4635840.0,KOSDAQ,-3.94
060850,영림원소프트랩,4305.0,35251.0,35251.0,151755555.0,151755555.0,KOSDAQ,0.94
089140,넥스턴앤롤코리아,2280.0,53157.0,53157.0,121197960.0,121197960.0,KOSDAQ,-2.98
290120,DH오토리드,2200.0,4189.0,4189.0,9215800.0,9215800.0,KOSDAQ,1.15
079190,케스피온,1710.0,132972.0,132972.0,227382120.0,227382120.0,KOSDAQ,-0.81
186230,그린플러스,3180.0,9303.0,9303.0,29583540.0,29583540.0,KOSDAQ,-0.78
066360,체리부로,1448.0,10406.0,10406.0,15067888.0,15067888.0,KOSDAQ,-0.34
452300,캡스톤파트너스,2450.0,74594.0,74594.0,182755300.0,182755300.0,KOSDAQ,-1.41
290090,트윔,4665.0,7388.0,7388.0,34465020.0,34465020.0,KOSDAQ,-0.11
060540,에스에이티,1325.0,13534.0,13534.0,17932550.0,17932550.0,KOSDAQ,-0.45
127980,화인써키트,2910.0,12845.0,12845.0,37378950.0,37378950.0,KOSDAQ,-0.85
417860,오브젠,7310.0,15088.0,15088.0,110293280.0,110293280.0,KOSDAQ,0.14
318410,비비씨,6190.0,7652.0,7652.0,47365880.0,47365880.0,KOSDAQ,-1.28
057030,YBM넷,2100.0,13391.0,13391.0,28121100.0,28121100.0,KOSDAQ,0.72
039290,인포뱅크,3930.0,9179.0,9179.0,36073470.0,36073470.0,KOSDAQ,-5.3
065950,웰크론,1209.0,47920.0,47920.0,57935280.0,57935280.0,KOSDAQ,-0.9
430690,한싹,3130.0,137586.0,137586.0,430644180.0,430644180.0,KOSDAQ,-5.44
045300,성우테크론,3230.0,158383.0,158383.0,511577090.0,511577090.0,KOSDAQ,5.73
377030,비트맥스,2380.0,33442.0,33442.0,79591960.0,79591960.0,KOSDAQ,-1.65
431190,케이쓰리아이,4530.0,83181.0,83181.0,376809930.0,376809930.0,KOSDAQ,5.35
075130,플랜티넷,2100.0,29279.0,29279.0,61485900.0,61485900.0,KOSDAQ,-1.41
406820,뷰티스킨,2385.0,1227467.0,1227467.0,2927508795.0,2927508795.0,KOSDAQ,-6.29
476080,M83,4170.0,16767.0,16767.0,69918390.0,69918390.0,KOSDAQ,0.12
099220,SDN,5350.0,10661.0,10661.0,57036350.0,57036350.0,KOSDAQ,0.94
073570,리튬포어스,2785.0,131421.0,131421.0,366007485.0,366007485.0,KOSDAQ,3.53
169330,엠브레인,1830.0,54461.0,54461.0,99663630.0,99663630.0,KOSDAQ,2.87
270520,앱튼,835.0,711368.0,711368.0,593992280.0,593992280.0,KOSDAQ,-5.22
106240,파인테크닉스,1253.0,72611.0,72611.0,90981583.0,90981583.0,KOSDAQ,-1.57
032790,엠젠솔루션,1227.0,81033.0,81033.0,99427491.0,99427491.0,KOSDAQ,1.4
296640,이노에이엑스,6430.0,11650.0,11650.0,74909500.0,74909500.0,KOSDAQ,-0.16
335810,프리시젼바이오,1515.0,3860.0,3860.0,5847900.0,5847900.0,KOSDAQ,1.54
131090,시큐브,4340.0,15198.0,15198.0,65959320.0,65959320.0,KOSDAQ,-0.46
270870,뉴트리,3695.0,530.0,530.0,1958350.0,1958350.0,KOSDAQ,-0.14
064520,테크엘,1484.0,4649.0,4649.0,6899116.0,6899116.0,KOSDAQ,-1.0
215090,솔디펜스,1430.0,17418.0,17418.0,24907740.0,24907740.0,KOSDAQ,1.49
397810,애드포러스,6410.0,1130.0,1130.0,7243300.0,7243300.0,KOSDAQ,-0.77
220180,폴라리스AI핸디,1379.0,9518.0,9518.0,13125322.0,13125322.0,KOSDAQ,2.0
052600,한네트,2850.0,10556.0,10556.0,30084600.0,30084600.0,KOSDAQ,1.24
310870,디와이씨,1500.0,83905.0,83905.0,125857500.0,125857500.0,KOSDAQ,-3.85
148930,에이치와이티씨,3230.0,4694.0,4694.0,15161620.0,15161620.0,KOSDAQ,1.57
196450,코아시아씨엠,3620.0,12396.0,12396.0,44873520.0,44873520.0,KOSDAQ,-1.23
033830,티비씨,1734.0,13117.0,13117.0,22744878.0,22744878.0,KOSDAQ,1.76
153490,우리이앤엘하루틴,3175.0,8063.0,8063.0,25600025.0,25600025.0,KOSDAQ,1.11
006920,모헨즈,2990.0,24146.0,24146.0,72196540.0,72196540.0,KOSDAQ,-0.5
133750,메가엠디,1392.0,5618.0,5618.0,7820256.0,7820256.0,KOSDAQ,0.8
038620,위즈코프,2150.0,2668.0,2668.0,5736200.0,5736200.0,KOSDAQ,1.42
432430,와이랩,1970.0,30370.0,30370.0,59828900.0,59828900.0,KOSDAQ,-2.72
200780,비씨월드제약,3045.0,1422.0,1422.0,4329990.0,4329990.0,KOSDAQ,0.16
383930,디티앤씨알오,2540.0,261133.0,261133.0,663277820.0,663277820.0,KOSDAQ,17.87
069920,엑시온그룹,1346.0,358358.0,358358.0,482349868.0,482349868.0,KOSDAQ,-3.79
419120,산돌,2280.0,24733.0,24733.0,56391240.0,56391240.0,KOSDAQ,-0.44
271830,팸텍,1099.0,86888.0,86888.0,95489912.0,95489912.0,KOSDAQ,0.37
408900,스튜디오미르,989.0,21565.0,21565.0,21327785.0,21327785.0,KOSDAQ,-0.7
080520,오디텍,2855.0,8939.0,8939.0,25520845.0,25520845.0,KOSDAQ,1.06
159910,에코글로우,3060.0,14032.0,14032.0,42937920.0,42937920.0,KOSDAQ,-0.16
012620,원일특강,7270.0,2488.0,2488.0,18087760.0,18087760.0,KOSDAQ,1.96
087600,픽셀플러스,3915.0,335.0,335.0,1311525.0,1311525.0,KOSDAQ,-0.38
462980,아이지넷,1750.0,22612.0,22612.0,39571000.0,39571000.0,KOSDAQ,-0.23
091340,S&K폴리텍,2720.0,48556.0,48556.0,132072320.0,132072320.0,KOSDAQ,4.21
364950,에이아이코리아,3830.0,12050.0,12050.0,46151500.0,46151500.0,KOSDAQ,-0.78
021650,한국큐빅,1943.0,560.0,560.0,1088080.0,1088080.0,KOSDAQ,0.36
900270,헝셩그룹,2540.0,33050.0,33050.0,83947000.0,83947000.0,KOSDAQ,-1.93
031510,오스템,1130.0,10189.0,10189.0,11513570.0,11513570.0,KOSDAQ,0.09
318020,포인트모바일,2560.0,4747.0,4747.0,12152320.0,12152320.0,KOSDAQ,-0.78
064480,브리지텍,2625.0,33764.0,33764.0,88630500.0,88630500.0,KOSDAQ,1.74
016600,큐캐피탈,2240.0,9446.0,9446.0,21159040.0,21159040.0,KOSDAQ,2.75
356890,싸이버원,2615.0,23388.0,23388.0,61159620.0,61159620.0,KOSDAQ,-2.43
197140,디지캡,2395.0,13605.0,13605.0,32583975.0,32583975.0,KOSDAQ,1.05
311390,네오크레마,2460.0,32195.0,32195.0,79199700.0,79199700.0,KOSDAQ,-0.4
208860,다산디엠씨,9140.0,1962.0,1962.0,17932680.0,17932680.0,KOSDAQ,-1.72
025440,DH오토웨어,3180.0,14000.0,14000.0,44520000.0,44520000.0,KOSDAQ,-0.47
073540,에프알텍,2710.0,27056.0,27056.0,73321760.0,73321760.0,KOSDAQ,-1.63
263920,휴엠앤씨,3140.0,4854.0,4854.0,15241560.0,15241560.0,KOSDAQ,-1.87
075970,동국알앤에스,1671.0,65188.0,65188.0,108929148.0,108929148.0,KOSDAQ,-0.12
376980,원티드랩,3145.0,9795.0,9795.0,30805275.0,30805275.0,KOSDAQ,-1.1
173940,에프엔씨엔터,1985.0,7748.0,7748.0,15379780.0,15379780.0,KOSDAQ,-0.25
038870,에코심플렉스,2180.0,12018.0,12018.0,26199240.0,26199240.0,KOSDAQ,3.32
101670,하이드로리튬,538.0,1830278.0,1830278.0,984689564.0,984689564.0,KOSDAQ,1.51
464280,티디에스팜,5520.0,6619.0,6619.0,36536880.0,36536880.0,KOSDAQ,-1.43
090410,덕신이피씨,3310.0,4241.0,4241.0,14037710.0,14037710.0,KOSDAQ,-0.45
452160,제이엔비,3160.0,2860.0,2860.0,9037600.0,9037600.0,KOSDAQ,-0.32
019570,GMI벤처,2890.0,11461.0,11461.0,33122290.0,33122290.0,KOSDAQ,-2.69
099390,브레인즈컴퍼니,3685.0,17151.0,17151.0,63201435.0,63201435.0,KOSDAQ,0.82
444530,심플랫폼,4700.0,2869.0,2869.0,13484300.0,13484300.0,KOSDAQ,1.4
464580,닷밀,1639.0,2607.0,2607.0,4272873.0,4272873.0,KOSDAQ,1.17
462310,뉴키즈온,3810.0,8137.0,8137.0,31001970.0,31001970.0,KOSDAQ,0.4
097780,에코볼트,1480.0,9258.0,9258.0,13701840.0,13701840.0,KOSDAQ,2.85
367000,플래티어,3570.0,3429.0,3429.0,12241530.0,12241530.0,KOSDAQ,0.0
407400,꿈비,2045.0,22999.0,22999.0,47032955.0,47032955.0,KOSDAQ,-1.68
128540,에코캡,1120.0,18617.0,18617.0,20851040.0,20851040.0,KOSDAQ,1.17
462510,라메디텍,3395.0,35274.0,35274.0,119755230.0,119755230.0,KOSDAQ,-1.02
262840,아이퀘스트,2915.0,18605.0,18605.0,54233575.0,54233575.0,KOSDAQ,0.52
226330,신테카바이오,1227.0,59400.0,59400.0,72883800.0,72883800.0,KOSDAQ,0.57
020180,대신정보통신,3865.0,21213.0,21213.0,81988245.0,81988245.0,KOSDAQ,0.26
300120,라온피플,3000.0,21927.0,21927.0,65781000.0,65781000.0,KOSDAQ,-0.17
070590,인티큐브,2140.0,7578.0,7578.0,16216920.0,16216920.0,KOSDAQ,0.47
369370,블리츠웨이엔터테인먼트,2975.0,8523.0,8523.0,25355925.0,25355925.0,KOSDAQ,-0.5
336060,웨이버스,3070.0,2078.0,2078.0,6379460.0,6379460.0,KOSDAQ,-1.44
033540,파라텍,2815.0,4725.0,4725.0,13300875.0,13300875.0,KOSDAQ,-0.18
032860,더라미,3640.0,92282.0,92282.0,335906480.0,335906480.0,KOSDAQ,15.56
071850,캐스텍코리아,1210.0,11663.0,11663.0,14112230.0,14112230.0,KOSDAQ,-0.66
031310,아이즈비전,986.0,47588.0,47588.0,46921768.0,46921768.0,KOSDAQ,-1.0
079170,한창산업,5630.0,944.0,944.0,5314720.0,5314720.0,KOSDAQ,0.54
333050,이노테나,5940.0,8056.0,8056.0,47852640.0,47852640.0,KOSDAQ,1.89
043340,에쎈테크,614.0,20089.0,20089.0,12334646.0,12334646.0,KOSDAQ,4.42
109960,앱토크롬,1927.0,1269.0,1269.0,2445363.0,2445363.0,KOSDAQ,2.77
900070,글로벌에스엠,1084.0,102534.0,102534.0,111146856.0,111146856.0,KOSDAQ,-1.45
188260,세니젠,2085.0,4284.0,4284.0,8932140.0,8932140.0,KOSDAQ,-0.71
148250,알엔투테크놀로지,2125.0,132392.0,132392.0,281333000.0,281333000.0,KOSDAQ,5.72
038950,파인디지털,2830.0,1321.0,1321.0,3738430.0,3738430.0,KOSDAQ,-0.35
237820,플레이디,2250.0,18192.0,18192.0,40932000.0,40932000.0,KOSDAQ,-1.96
050110,캠시스,4930.0,38359.0,38359.0,189109870.0,189109870.0,KOSDAQ,-2.18
225220,제놀루션,1492.0,48306.0,48306.0,72072552.0,72072552.0,KOSDAQ,6.5
008470,부스타,1703.0,6860.0,6860.0,11682580.0,11682580.0,KOSDAQ,4.48
351330,이삭엔지니어링,3440.0,9505.0,9505.0,32697200.0,32697200.0,KOSDAQ,-1.01
317240,TS트릴리온,974.0,124378.0,124378.0,121144172.0,121144172.0,KOSDAQ,-3.18
068050,팬엔터테인먼트,1023.0,70038.0,70038.0,71648874.0,71648874.0,KOSDAQ,0.1
318010,팜스빌,3560.0,540.0,540.0,1922400.0,1922400.0,KOSDAQ,-1.25
007770,한일화학,7990.0,631.0,631.0,5041690.0,5041690.0,KOSDAQ,1.52
239610,에이치엘사이언스,5200.0,452.0,452.0,2350400.0,2350400.0,KOSDAQ,0.0
160550,NEW,1004.0,16172.0,16172.0,16236688.0,16236688.0,KOSDAQ,0.9
002680,한탑,3610.0,118991.0,118991.0,429557510.0,429557510.0,KOSDAQ,-8.03
101400,엔시트론,1841.0,109330.0,109330.0,201276530.0,201276530.0,KOSDAQ,0.93
067010,이씨에스,2560.0,22257.0,22257.0,56977920.0,56977920.0,KOSDAQ,0.59
373170,엠아이큐브솔루션,1844.0,15361.0,15361.0,28325684.0,28325684.0,KOSDAQ,-3.81
187270,신화콘텍,2745.0,3564.0,3564.0,9783180.0,9783180.0,KOSDAQ,-1.61
088340,유라클,6380.0,5001.0,5001.0,31906380.0,31906380.0,KOSDAQ,-0.93
091970,LSK아이로봇,3695.0,33122.0,33122.0,122385790.0,122385790.0,KOSDAQ,3.36
119500,포메탈,2350.0,25405.0,25405.0,59701750.0,59701750.0,KOSDAQ,-0.63
388610,지에프씨생명과학,5220.0,24657.0,24657.0,128709540.0,128709540.0,KOSDAQ,-6.62
130500,GH신소재,1910.0,24547.0,24547.0,46884770.0,46884770.0,KOSDAQ,-2.0
351870,차이커뮤니케이션,2480.0,22942.0,22942.0,56896160.0,56896160.0,KOSDAQ,4.42
195500,마니커에프앤지,1732.0,41627.0,41627.0,72097964.0,72097964.0,KOSDAQ,0.81
068100,케이웨더,2320.0,7405.0,7405.0,17179600.0,17179600.0,KOSDAQ,-1.69
066910,손오공,1796.0,74957.0,74957.0,134622772.0,134622772.0,KOSDAQ,4.42
131220,대한과학,3705.0,3716.0,3716.0,13767780.0,13767780.0,KOSDAQ,-1.2
398120,에스지헬스케어,2330.0,36310.0,36310.0,84602300.0,84602300.0,KOSDAQ,1.3
115480,씨유메디칼,2270.0,9372.0,9372.0,21274440.0,21274440.0,KOSDAQ,3.65
089150,케이씨티,1601.0,32011.0,32011.0,51249611.0,51249611.0,KOSDAQ,-1.84
038880,아이에이,3650.0,10484.0,10484.0,38266600.0,38266600.0,KOSDAQ,0.55
139670,키네마스터,1940.0,7528.0,7528.0,14604320.0,14604320.0,KOSDAQ,0.99
450520,인스웨이브,1860.0,66393.0,66393.0,123490980.0,123490980.0,KOSDAQ,-0.05
078590,휴림에이텍,2735.0,40374.0,40374.0,110422890.0,110422890.0,KOSDAQ,-0.18
297570,아틀라스링크,3940.0,6688.0,6688.0,26350720.0,26350720.0,KOSDAQ,2.34
198940,한주라이트메탈,1367.0,26036.0,26036.0,35591212.0,35591212.0,KOSDAQ,1.33
114630,폴라리스우노,1581.0,15181.0,15181.0,24001161.0,24001161.0,KOSDAQ,-0.57
093380,풍강,2750.0,10534.0,10534.0,28968500.0,28968500.0,KOSDAQ,-3.0
048470,대동스틸,2790.0,13561.0,13561.0,37835190.0,37835190.0,KOSDAQ,-1.06
236810,엔비티,1586.0,18790.0,18790.0,29800940.0,29800940.0,KOSDAQ,-0.56
368970,오에스피,2395.0,75836.0,75836.0,181627220.0,181627220.0,KOSDAQ,-0.42
365590,하이딥,1462.0,292230.0,292230.0,427240260.0,427240260.0,KOSDAQ,0.83
376180,피코그램,1445.0,17847.0,17847.0,25788915.0,25788915.0,KOSDAQ,-2.69
047080,한빛소프트,1080.0,25981.0,25981.0,28059480.0,28059480.0,KOSDAQ,-0.28
123840,뉴온,1719.0,5080.0,5080.0,8732520.0,8732520.0,KOSDAQ,3.55
359090,씨엔알리서치,2325.0,12274.0,12274.0,28537050.0,28537050.0,KOSDAQ,-1.06
288620,에스프리즘,3825.0,10304.0,10304.0,39412800.0,39412800.0,KOSDAQ,-3.29
191410,육일씨엔에쓰,1721.0,88850.0,88850.0,152910850.0,152910850.0,KOSDAQ,0.06
096630,에스코넥,1681.0,43962.0,43962.0,73900122.0,73900122.0,KOSDAQ,3.19
080530,코디,2400.0,11380.0,11380.0,27312000.0,27312000.0,KOSDAQ,-0.83
238490,힘스,2345.0,12923.0,12923.0,30304435.0,30304435.0,KOSDAQ,3.08
069140,누리플랜,1757.0,10308.0,10308.0,18111156.0,18111156.0,KOSDAQ,0.34
290520,신도기연,1685.0,19400.0,19400.0,32689000.0,32689000.0,KOSDAQ,1.75
027040,서울전자통신,1900.0,117292.0,117292.0,222854800.0,222854800.0,KOSDAQ,-5.71
017000,신원종합개발,2265.0,11693.0,11693.0,26484645.0,26484645.0,KOSDAQ,-3.82
363260,모비데이즈,4090.0,5637.0,5637.0,23055330.0,23055330.0,KOSDAQ,0.86
016920,카스,1021.0,18102.0,18102.0,18482142.0,18482142.0,KOSDAQ,0.1
032750,삼진,2905.0,2491.0,2491.0,7236355.0,7236355.0,KOSDAQ,-0.17
290270,휴네시온,2730.0,21561.0,21561.0,58861530.0,58861530.0,KOSDAQ,-4.21
043200,파루,1252.0,45271.0,45271.0,56679292.0,56679292.0,KOSDAQ,-1.42
058110,멕아이씨에스,1630.0,93243.0,93243.0,151986090.0,151986090.0,KOSDAQ,-3.55
069410,엔텔스,2535.0,11431.0,11431.0,28977585.0,28977585.0,KOSDAQ,-0.78
458350,에스팀,2990.0,18394.0,18394.0,54998060.0,54998060.0,KOSDAQ,-0.33
016670,디모아,2545.0,2840.0,2840.0,7227800.0,7227800.0,KOSDAQ,-4.14
134060,이퓨쳐,5440.0,2270.0,2270.0,12348800.0,12348800.0,KOSDAQ,1.12
322780,코퍼스코리아,1700.0,13429.0,13429.0,22829300.0,22829300.0,KOSDAQ,3.98
079000,와토스코리아,3595.0,2775.0,2775.0,9976125.0,9976125.0,KOSDAQ,1.41
057680,티사이언티픽,1633.0,80592.0,80592.0,131606736.0,131606736.0,KOSDAQ,1.37
146060,율촌,1073.0,10376.0,10376.0,11133448.0,11133448.0,KOSDAQ,0.09
355390,크라우드웍스,1612.0,308867.0,308867.0,497893604.0,497893604.0,KOSDAQ,-7.89
016100,리더스코스메틱,1345.0,5092.0,5092.0,6848740.0,6848740.0,KOSDAQ,4.34
900310,컬러레이,2005.0,4812.0,4812.0,9648060.0,9648060.0,KOSDAQ,1.11
140430,카티스,2400.0,154380.0,154380.0,370512000.0,370512000.0,KOSDAQ,-4.38
013720,청보,2100.0,6780.0,6780.0,14238000.0,14238000.0,KOSDAQ,-2.33
105550,엣지파운드리,1631.0,23006.0,23006.0,37522786.0,37522786.0,KOSDAQ,-0.73
033050,제이엠아이,802.0,9594.0,9594.0,7694388.0,7694388.0,KOSDAQ,-0.5
052300,오션인더블유,1568.0,26978.0,26978.0,42301504.0,42301504.0,KOSDAQ,0.06
103840,우양,1556.0,29625.0,29625.0,46096500.0,46096500.0,KOSDAQ,-0.26
131180,딜리,4335.0,703.0,703.0,3047505.0,3047505.0,KOSDAQ,4.46
021880,메이슨캐피탈,1196.0,7187.0,7187.0,8595652.0,8595652.0,KOSDAQ,2.84
096690,에이루트,6300.0,923.0,923.0,5814900.0,5814900.0,KOSDAQ,1.61
060380,동양에스텍,1285.0,6486.0,6486.0,8334510.0,8334510.0,KOSDAQ,-1.0
054090,삼진엘앤디,1013.0,25155.0,25155.0,25482015.0,25482015.0,KOSDAQ,0.5
206400,베노티앤알,670.0,92504.0,92504.0,61977680.0,61977680.0,KOSDAQ,-0.89
415380,스튜디오삼익,2195.0,16710.0,16710.0,36678450.0,36678450.0,KOSDAQ,0.0
060230,제이케이시냅스,1285.0,45487.0,45487.0,58450795.0,58450795.0,KOSDAQ,-4.39
043590,웰킵스하이텍,1850.0,169823.0,169823.0,314172550.0,314172550.0,KOSDAQ,13.85
290560,파라택시스이더리움,1121.0,134411.0,134411.0,150674731.0,150674731.0,KOSDAQ,-9.52
023770,플레이위드,2780.0,46039.0,46039.0,127988420.0,127988420.0,KOSDAQ,5.5
177830,파버나인,2195.0,22595.0,22595.0,49596025.0,49596025.0,KOSDAQ,1.86
378800,샤페론,2680.0,44745.0,44745.0,119916600.0,119916600.0,KOSDAQ,-1.47
083640,인콘,5390.0,2639.0,2639.0,14224210.0,14224210.0,KOSDAQ,3.45
138070,신진에스엠,1410.0,42631.0,42631.0,60109710.0,60109710.0,KOSDAQ,-1.47
328380,솔트웨어,3600.0,7784.0,7784.0,28022400.0,28022400.0,KOSDAQ,-0.96
193250,링크드,1839.0,15462.0,15462.0,28434618.0,28434618.0,KOSDAQ,0.99
090150,아이윈,5870.0,1629.0,1629.0,9562230.0,9562230.0,KOSDAQ,-2.0
053290,NE능률,1485.0,16620.0,16620.0,24680700.0,24680700.0,KOSDAQ,0.68
475660,에스켐,3090.0,29844.0,29844.0,92217960.0,92217960.0,KOSDAQ,-10.56
148780,비큐AI,3890.0,36912.0,36912.0,143587680.0,143587680.0,KOSDAQ,-2.51
039740,한국정보공학,3050.0,7136.0,7136.0,21764800.0,21764800.0,KOSDAQ,4.45
405920,나라셀라,1898.0,12306.0,12306.0,23356788.0,23356788.0,KOSDAQ,5.21
115530,씨엔플러스,2840.0,14393.0,14393.0,40876120.0,40876120.0,KOSDAQ,-1.73
001810,무림SP,1100.0,21819.0,21819.0,24000900.0,24000900.0,KOSDAQ,-1.61
318000,KBG,2775.0,3852.0,3852.0,10689300.0,10689300.0,KOSDAQ,-0.54
317120,라닉스,1589.0,49985.0,49985.0,79426165.0,79426165.0,KOSDAQ,-1.06
083660,CSA 코스믹,1388.0,14314.0,14314.0,19867832.0,19867832.0,KOSDAQ,-2.39
054940,엑사이엔씨,3645.0,112576.0,112576.0,410339520.0,410339520.0,KOSDAQ,7.21
044780,에이치케이,1302.0,26582.0,26582.0,34609764.0,34609764.0,KOSDAQ,-0.69
123750,알톤,1727.0,6358.0,6358.0,10980266.0,10980266.0,KOSDAQ,-0.35
464500,아이언디바이스,1702.0,18296.0,18296.0,31139792.0,31139792.0,KOSDAQ,-0.93
115160,휴맥스,5500.0,4934.0,4934.0,27137000.0,27137000.0,KOSDAQ,-3.17
219750,한국비티비,1810.0,9645.0,9645.0,17457450.0,17457450.0,KOSDAQ,0.06
065690,파커스,1968.0,17091.0,17091.0,33635088.0,33635088.0,KOSDAQ,1.6
257370,피엔티엠에스,1890.0,6739.0,6739.0,12736710.0,12736710.0,KOSDAQ,4.36
035200,프럼파스트,2550.0,16966.0,16966.0,43263300.0,43263300.0,KOSDAQ,1.19
032680,소프트센,1018.0,117883.0,117883.0,120004894.0,120004894.0,KOSDAQ,1.9
267790,배럴,3050.0,2664.0,2664.0,8125200.0,8125200.0,KOSDAQ,-1.45
352940,인바이오,2155.0,4865.0,4865.0,10484075.0,10484075.0,KOSDAQ,5.64
065370,위세아이텍,3170.0,14290.0,14290.0,45299300.0,45299300.0,KOSDAQ,0.0
389680,유디엠텍,2810.0,74580.0,74580.0,209569800.0,209569800.0,KOSDAQ,-2.77
301300,바이브컴퍼니,1777.0,9627.0,9627.0,17107179.0,17107179.0,KOSDAQ,-1.06
377330,이지트로닉스,2865.0,2401.0,2401.0,6878865.0,6878865.0,KOSDAQ,2.5
188040,바이오포트,4980.0,4448.0,4448.0,22151040.0,22151040.0,KOSDAQ,2.15
429270,시지트로닉스,3225.0,205029.0,205029.0,661218525.0,661218525.0,KOSDAQ,0.16
051380,피씨디렉트,1510.0,9313.0,9313.0,14062630.0,14062630.0,KOSDAQ,0.47
206560,덱스터,911.0,50094.0,50094.0,45635634.0,45635634.0,KOSDAQ,-0.11
036480,대성미생물,6050.0,3088.0,3088.0,18682400.0,18682400.0,KOSDAQ,0.33
017250,인터엠,1090.0,17577.0,17577.0,19158930.0,19158930.0,KOSDAQ,3.22
238200,비피도,2800.0,1627.0,1627.0,4555600.0,4555600.0,KOSDAQ,2.75
247660,나노씨엠에스,3685.0,181585.0,181585.0,669140725.0,669140725.0,KOSDAQ,-5.27
101680,한국정밀기계,2710.0,10518.0,10518.0,28503780.0,28503780.0,KOSDAQ,-4.58
187220,디티앤씨,1972.0,9099.0,9099.0,17943228.0,17943228.0,KOSDAQ,-1.35
018680,서울제약,1945.0,10178.0,10178.0,19796210.0,19796210.0,KOSDAQ,0.57
361670,삼영에스앤씨,4000.0,12540.0,12540.0,50160000.0,50160000.0,KOSDAQ,2.56
192390,윈하이텍,1894.0,22103.0,22103.0,41863082.0,41863082.0,KOSDAQ,1.55
417180,핑거스토리,3965.0,1823.0,1823.0,7228195.0,7228195.0,KOSDAQ,-1.12
076080,웰크론한텍,998.0,17023.0,17023.0,16988954.0,16988954.0,KOSDAQ,-1.48
237750,피앤씨테크,3470.0,5063.0,5063.0,17568610.0,17568610.0,KOSDAQ,0.14
432980,엠에프씨,2620.0,3992.0,3992.0,10459040.0,10459040.0,KOSDAQ,0.38
033200,모아텍,2440.0,1786.0,1786.0,4357840.0,4357840.0,KOSDAQ,0.21
032800,판타지오,1486.0,8285.0,8285.0,12311510.0,12311510.0,KOSDAQ,-0.67
208350,지란지교시큐리티,2770.0,7964.0,7964.0,22060280.0,22060280.0,KOSDAQ,-4.32
347770,핌스,990.0,179704.0,179704.0,177906960.0,177906960.0,KOSDAQ,4.98
298060,풍전약품,2320.0,3972.0,3972.0,9215040.0,9215040.0,KOSDAQ,-0.64
020400,대동금속,2450.0,17032.0,17032.0,41728400.0,41728400.0,KOSDAQ,-4.3
007720,소노스퀘어,1101.0,7778.0,7778.0,8563578.0,8563578.0,KOSDAQ,-0.09
115570,스타플렉스,2775.0,5038.0,5038.0,13980450.0,13980450.0,KOSDAQ,2.78
027580,상보,1869.0,34032.0,34032.0,63605808.0,63605808.0,KOSDAQ,-2.71
303530,이노뎁,3005.0,4866.0,4866.0,14622330.0,14622330.0,KOSDAQ,-0.5
222980,한국맥널티,1999.0,11658.0,11658.0,23304342.0,23304342.0,KOSDAQ,0.45
053060,세동,1245.0,47063.0,47063.0,58593435.0,58593435.0,KOSDAQ,1.22
070300,퀀텀레일,617.0,2508055.0,2508055.0,1547469935.0,1547469935.0,KOSDAQ,-6.66
424760,벨로크,2160.0,25311.0,25311.0,54671760.0,54671760.0,KOSDAQ,-1.82
277410,인산가,5670.0,3371.0,3371.0,19113570.0,19113570.0,KOSDAQ,2.72
013810,스페코,1486.0,35143.0,35143.0,52222498.0,52222498.0,KOSDAQ,-2.49
039310,세중,1198.0,10434.0,10434.0,12499932.0,12499932.0,KOSDAQ,-0.08
098660,에스티오,1735.0,5944.0,5944.0,10312840.0,10312840.0,KOSDAQ,-0.46
092600,앤씨앤,2380.0,104429.0,104429.0,248541020.0,248541020.0,KOSDAQ,-7.03
215480,토박스코리아,1997.0,6143.0,6143.0,12267571.0,12267571.0,KOSDAQ,-3.53
044480,빌리언스,3205.0,5849.0,5849.0,18746045.0,18746045.0,KOSDAQ,1.91
115610,이미지스,1803.0,96803.0,96803.0,174535809.0,174535809.0,KOSDAQ,-6.24
275630,에스에스알,4050.0,1454.0,1454.0,5888700.0,5888700.0,KOSDAQ,4.92
018700,졸스,1270.0,12102.0,12102.0,15369540.0,15369540.0,KOSDAQ,-1.4
342870,오아,3895.0,13510.0,13510.0,52621450.0,52621450.0,KOSDAQ,1.17
032280,삼일,1308.0,23831.0,23831.0,31170948.0,31170948.0,KOSDAQ,-0.98
200230,텔콘RF제약,2235.0,22589.0,22589.0,50486415.0,50486415.0,KOSDAQ,-6.68
054220,비츠로시스,1679.0,61236.0,61236.0,102815244.0,102815244.0,KOSDAQ,-1.24
241840,에이스토리,2210.0,26065.0,26065.0,57603650.0,57603650.0,KOSDAQ,1.38
331520,밸로프,2145.0,9011.0,9011.0,19328595.0,19328595.0,KOSDAQ,-2.28
274400,이노시뮬레이션,2305.0,22008.0,22008.0,50728440.0,50728440.0,KOSDAQ,1.99
289220,자이언트스텝,937.0,35080.0,35080.0,32869960.0,32869960.0,KOSDAQ,4.0
045520,크린앤사이언스,3200.0,10138.0,10138.0,32441600.0,32441600.0,KOSDAQ,-1.69
083470,이엠앤아이,974.0,839643.0,839643.0,817812282.0,817812282.0,KOSDAQ,-2.01
067730,로지시스,2145.0,9162.0,9162.0,19652490.0,19652490.0,KOSDAQ,-0.46
063760,이엘피,2220.0,27794.0,27794.0,61702680.0,61702680.0,KOSDAQ,3.26
131100,티엔엔터테인먼트,3200.0,49351.0,49351.0,157923200.0,157923200.0,KOSDAQ,-9.86
021040,대호특수강,949.0,106838.0,106838.0,101389262.0,101389262.0,KOSDAQ,3.49
440320,오픈놀,2060.0,10690.0,10690.0,22021400.0,22021400.0,KOSDAQ,-0.72
024940,PN풍년,2055.0,31010.0,31010.0,63725550.0,63725550.0,KOSDAQ,-0.48
154040,다산솔루에타,9480.0,7236.0,7236.0,68597280.0,68597280.0,KOSDAQ,-8.32
372800,아이티아이즈,2905.0,74648.0,74648.0,216852440.0,216852440.0,KOSDAQ,0.0
065060,지엔코,3410.0,2037.0,2037.0,6946170.0,6946170.0,KOSDAQ,0.29
227610,아우딘퓨쳐스,1051.0,50175.0,50175.0,52733925.0,52733925.0,KOSDAQ,5.73
455180,케이지에이,1384.0,106185.0,106185.0,146960040.0,146960040.0,KOSDAQ,7.2
096870,엘디티,2435.0,67835.0,67835.0,165178225.0,165178225.0,KOSDAQ,1.46
130740,티피씨글로벌,1799.0,13462.0,13462.0,24218138.0,24218138.0,KOSDAQ,-0.99
438700,버넥트,1818.0,10517.0,10517.0,19119906.0,19119906.0,KOSDAQ,0.55
085810,알티캐스트,1433.0,14150.0,14150.0,20276950.0,20276950.0,KOSDAQ,2.87
353590,오토앤,1573.0,7965.0,7965.0,12528945.0,12528945.0,KOSDAQ,1.35
113810,디젠스,3100.0,7284.0,7284.0,22580400.0,22580400.0,KOSDAQ,-1.27
043360,디지아이,2245.0,4810.0,4810.0,10798450.0,10798450.0,KOSDAQ,-2.39
362990,드림인사이트,1201.0,4133.0,4133.0,4963733.0,4963733.0,KOSDAQ,-2.28
405000,플라즈맵,3755.0,8405.0,8405.0,31560775.0,31560775.0,KOSDAQ,0.27
340440,세림B&G,3550.0,37766.0,37766.0,134069300.0,134069300.0,KOSDAQ,-4.95
088290,이원컴포텍,2525.0,20014.0,20014.0,50535350.0,50535350.0,KOSDAQ,0.4
276730,한울앤제주,851.0,22405.0,22405.0,19066655.0,19066655.0,KOSDAQ,-0.23
019660,글로본,1440.0,24778.0,24778.0,35680320.0,35680320.0,KOSDAQ,0.7
080470,성창오토텍,2750.0,3319.0,3319.0,9127250.0,9127250.0,KOSDAQ,1.66
079950,인베니아,1453.0,24335.0,24335.0,35358755.0,35358755.0,KOSDAQ,-2.29
353190,휴럼,2540.0,9740.0,9740.0,24739600.0,24739600.0,KOSDAQ,-2.68
023790,동일스틸럭스,1529.0,315925.0,315925.0,483049325.0,483049325.0,KOSDAQ,-2.8
038530,케이바이오랩스,3840.0,10787.0,10787.0,41422080.0,41422080.0,KOSDAQ,-1.03
050760,에스폴리텍,1209.0,31949.0,31949.0,38626341.0,38626341.0,KOSDAQ,0.0
252500,세화피앤씨,2380.0,6649.0,6649.0,15824620.0,15824620.0,KOSDAQ,-2.86
069330,유아이디,1160.0,11996.0,11996.0,13915360.0,13915360.0,KOSDAQ,-2.77
154030,아시아종묘,1621.0,9972.0,9972.0,16164612.0,16164612.0,KOSDAQ,0.06
344860,이노진,1292.0,65157.0,65157.0,84182844.0,84182844.0,KOSDAQ,-0.46
065150,대산F&B,1217.0,28138.0,28138.0,34243946.0,34243946.0,KOSDAQ,-3.49
048830,엔피케이,1028.0,145564.0,145564.0,149639792.0,149639792.0,KOSDAQ,-0.29
018620,우진비앤지,2740.0,9626.0,9626.0,26375240.0,26375240.0,KOSDAQ,1.67
403490,우듬지팜,2065.0,6860.0,6860.0,14165900.0,14165900.0,KOSDAQ,0.49
056730,CNT85,1273.0,13803.0,13803.0,17571219.0,17571219.0,KOSDAQ,-5.7
026910,광진실업,2350.0,90198.0,90198.0,211965300.0,211965300.0,KOSDAQ,0.86
224060,더코디,3610.0,1317056.0,1317056.0,4754572160.0,4754572160.0,KOSDAQ,7.28
110020,전진바이오팜,2050.0,19097.0,19097.0,39148850.0,39148850.0,KOSDAQ,-0.24
196700,웹스,1290.0,26389.0,26389.0,34041810.0,34041810.0,KOSDAQ,1.02
279600,미디어젠,3945.0,2153.0,2153.0,8493585.0,8493585.0,KOSDAQ,4.37
078860,아이오케이이엔엠,2975.0,10466.0,10466.0,31136350.0,31136350.0,KOSDAQ,1.54
014100,메디앙스,1556.0,20214.0,20214.0,31452984.0,31452984.0,KOSDAQ,0.39
373110,엑셀세라퓨틱스,1057.0,77864.0,77864.0,82302248.0,82302248.0,KOSDAQ,2.13
365900,브이씨,2500.0,53797.0,53797.0,134492500.0,134492500.0,KOSDAQ,-0.6
084440,유비온,4775.0,2995.0,2995.0,14301125.0,14301125.0,KOSDAQ,-4.69
051780,큐로홀딩스,2400.0,15183.0,15183.0,36439200.0,36439200.0,KOSDAQ,-0.41
037400,우리엔터프라이즈,3465.0,40785.0,40785.0,141320025.0,141320025.0,KOSDAQ,3.9
137940,넥스트아이,1848.0,21795.0,21795.0,40277160.0,40277160.0,KOSDAQ,-0.27
195990,루트K,1103.0,11670.0,11670.0,12872010.0,12872010.0,KOSDAQ,0.27
309930,조이웍스앤코,921.0,18691.0,18691.0,17214411.0,17214411.0,KOSDAQ,-1.92
0197V0,엔에이치스팩34호,1914.0,58751.0,58751.0,112449414.0,112449414.0,KOSDAQ,-0.16
419540,비스토스,2875.0,6696.0,6696.0,19251000.0,19251000.0,KOSDAQ,0.88
306040,에스제이그룹,1841.0,293491.0,293491.0,540316931.0,540316931.0,KOSDAQ,4.19
477380,미래에셋비전스팩4호,2070.0,14695.0,14695.0,30418650.0,30418650.0,KOSDAQ,-0.48
0200G0,한국제17호스팩,1909.0,202109.0,202109.0,385826081.0,385826081.0,KOSDAQ,0.1
009730,이렘,2075.0,134767.0,134767.0,279641525.0,279641525.0,KOSDAQ,4.11
225590,패션플랫폼,3200.0,75287.0,75287.0,240918400.0,240918400.0,KOSDAQ,9.78
009620,삼보산업,4620.0,14401.0,14401.0,66532620.0,66532620.0,KOSDAQ,-0.32
469480,IBKS제24호스팩,3815.0,102432.0,102432.0,390778080.0,390778080.0,KOSDAQ,-0.65
034940,조아제약,2600.0,61996.0,61996.0,161189600.0,161189600.0,KOSDAQ,-2.8
376930,노을,1538.0,44615.0,44615.0,68617870.0,68617870.0,KOSDAQ,3.43
0072Z0,KB제33호스팩,1980.0,6737.0,6737.0,13339260.0,13339260.0,KOSDAQ,0.1
065650,하이퍼코퍼레이션,1415.0,30505.0,30505.0,43164575.0,43164575.0,KOSDAQ,-4.0
477340,에이치엠씨제7호스팩,2060.0,1054.0,1054.0,2171240.0,2171240.0,KOSDAQ,-0.24
285800,진영,4285.0,9682.0,9682.0,41487370.0,41487370.0,KOSDAQ,0.23
0101C0,하나36호스팩,1986.0,870.0,870.0,1727820.0,1727820.0,KOSDAQ,-0.05
0130H0,엔에이치스팩33호,1989.0,1795.0,1795.0,3570255.0,3570255.0,KOSDAQ,-0.3
475460,미트박스,2690.0,113152.0,113152.0,304378880.0,304378880.0,KOSDAQ,-5.78
210120,빅텐츠,1552.0,2556963.0,2556963.0,3968406576.0,3968406576.0,KOSDAQ,-14.06
0044K0,삼성스팩10호,1982.0,9237.0,9237.0,18307734.0,18307734.0,KOSDAQ,-0.55
473050,유안타제15호스팩,2105.0,371554.0,371554.0,782121170.0,782121170.0,KOSDAQ,-0.24
0115H0,삼성스팩13호,1991.0,2171.0,2171.0,4322461.0,4322461.0,KOSDAQ,-0.25
478440,미래에셋비전스팩6호,2070.0,7663.0,7663.0,15862410.0,15862410.0,KOSDAQ,0.0
479880,한국제15호스팩,2070.0,7845.0,7845.0,16239150.0,16239150.0,KOSDAQ,0.0
101000,KS인더스트리,1427.0,72235.0,72235.0,103079345.0,103079345.0,KOSDAQ,-10.03
0165X0,메리츠제2호스팩,1940.0,6064.0,6064.0,11764160.0,11764160.0,KOSDAQ,0.0
0099W0,미래에셋비전스팩11호,1985.0,72.0,72.0,142920.0,142920.0,KOSDAQ,0.15
054410,케이피티유,2410.0,23464.0,23464.0,56548240.0,56548240.0,KOSDAQ,-3.79
0209J0,KB제34호스팩,1904.0,178739.0,178739.0,340319056.0,340319056.0,KOSDAQ,-0.05
498390,한화플러스제5호스팩,2750.0,120770.0,120770.0,332117500.0,332117500.0,KOSDAQ,-1.61
0134X0,대신밸런스제20호스팩,1988.0,45931.0,45931.0,91310828.0,91310828.0,KOSDAQ,0.15
177350,베셀,1343.0,22570.0,22570.0,30311510.0,30311510.0,KOSDAQ,-0.52
481890,엔에이치스팩31호,2075.0,17698.0,17698.0,36723350.0,36723350.0,KOSDAQ,0.24
0099X0,IBKS제25호스팩,2200.0,105101.0,105101.0,231222200.0,231222200.0,KOSDAQ,-0.68
0096B0,삼성스팩12호,1997.0,15715.0,15715.0,31382855.0,31382855.0,KOSDAQ,0.76
0164H0,한국제16호스팩,1946.0,36360.0,36360.0,70756560.0,70756560.0,KOSDAQ,-0.36
335870,윙스풋,3875.0,5046.0,5046.0,19553250.0,19553250.0,KOSDAQ,1.71
0097F0,미래에셋비전스팩10호,1991.0,97.0,97.0,193127.0,193127.0,KOSDAQ,0.05
489730,디비금융제13호스팩,2042.0,1312.0,1312.0,2679104.0,2679104.0,KOSDAQ,-0.15
478390,KB제29호스팩,2070.0,10958.0,10958.0,22683060.0,22683060.0,KOSDAQ,0.24
0093G0,미래에셋비전스팩8호,1992.0,226.0,226.0,450192.0,450192.0,KOSDAQ,0.2
354200,엔젠바이오,788.0,2045852.0,2045852.0,1612131376.0,1612131376.0,KOSDAQ,11.93
492220,KB제31호스팩,2040.0,3683.0,3683.0,7513320.0,7513320.0,KOSDAQ,0.25
060480,국일신동,1140.0,406247.0,406247.0,463121580.0,463121580.0,KOSDAQ,2.06
0037T0,KB제32호스팩,1995.0,31050.0,31050.0,61944750.0,61944750.0,KOSDAQ,0.1
418620,E8,406.0,2961783.0,2961783.0,1202483898.0,1202483898.0,KOSDAQ,-26.85
0091W0,신영스팩11호,2050.0,943.0,943.0,1933150.0,1933150.0,KOSDAQ,0.0
0131D0,키움히어로제2호스팩,1969.0,9783.0,9783.0,19262727.0,19262727.0,KOSDAQ,-0.05
0054V0,엔에이치스팩32호,1996.0,14199.0,14199.0,28341204.0,28341204.0,KOSDAQ,-0.05
035620,바른손이앤에이,655.0,278401.0,278401.0,182352655.0,182352655.0,KOSDAQ,9.35
0041L0,하나35호스팩,2010.0,12734.0,12734.0,25595340.0,25595340.0,KOSDAQ,0.5
477760,DB금융스팩12호,2070.0,5052.0,5052.0,10457640.0,10457640.0,KOSDAQ,0.0
065770,CS,1145.0,842683.0,842683.0,964872035.0,964872035.0,KOSDAQ,29.97
0088D0,메리츠제1호스팩,2075.0,3231.0,3231.0,6704325.0,6704325.0,KOSDAQ,0.0
0132G0,교보20호스팩,1996.0,9688.0,9688.0,19337248.0,19337248.0,KOSDAQ,0.05
239340,이스트에이드,2200.0,22238.0,22238.0,48923600.0,48923600.0,KOSDAQ,-9.28
103230,에스앤더블류,1645.0,84482.0,84482.0,138972890.0,138972890.0,KOSDAQ,7.17
482690,대신밸런스제19호스팩,2105.0,2550.0,2550.0,5367750.0,5367750.0,KOSDAQ,0.96
469900,하나31호스팩,2095.0,83045.0,83045.0,173979275.0,173979275.0,KOSDAQ,0.0
474660,신한제12호스팩,2095.0,94100.0,94100.0,197139500.0,197139500.0,KOSDAQ,0.24
0071M0,삼성스팩11호,2005.0,15383.0,15383.0,30842915.0,30842915.0,KOSDAQ,0.4
060260,뉴보텍,865.0,759026.0,759026.0,656557490.0,656557490.0,KOSDAQ,3.59
474490,유안타제16호스팩,2090.0,5972.0,5972.0,12481480.0,12481480.0,KOSDAQ,0.48
060900,에이전트AI,1750.0,112846.0,112846.0,197480500.0,197480500.0,KOSDAQ,-0.74
487360,신한제14호스팩,2030.0,6071.0,6071.0,12324130.0,12324130.0,KOSDAQ,-0.25
477470,미래에셋비전스팩5호,2075.0,10046.0,10046.0,20845450.0,20845450.0,KOSDAQ,0.24
289010,아이스크림에듀,814.0,563963.0,563963.0,459065882.0,459065882.0,KOSDAQ,6.82
0105P0,유진스팩12호,2000.0,81.0,81.0,162000.0,162000.0,KOSDAQ,-0.25
496070,신한제16호스팩,2005.0,743.0,743.0,1489715.0,1489715.0,KOSDAQ,0.0
131760,파인텍,1288.0,105020.0,105020.0,135265760.0,135265760.0,KOSDAQ,0.23
0129K0,신한제18호스팩,1976.0,5927.0,5927.0,11711752.0,11711752.0,KOSDAQ,-0.15
0096D0,미래에셋비전스팩9호,1990.0,8.0,8.0,15920.0,15920.0,KOSDAQ,0.35
486630,KB제30호스팩,2055.0,1035.0,1035.0,2126925.0,2126925.0,KOSDAQ,0.0
001000,신라섬유,2245.0,647146.0,647146.0,1452842770.0,1452842770.0,KOSDAQ,29.84
142760,모아라이프플러스,516.0,1685072.0,1685072.0,869497152.0,869497152.0,KOSDAQ,8.4
0098T0,교보19호스팩,2005.0,20016.0,20016.0,40132080.0,40132080.0,KOSDAQ,0.0
493790,유안타제17호스팩,2022.0,5727.0,5727.0,11579994.0,11579994.0,KOSDAQ,0.1
012340,뉴인텍,486.0,2793510.0,2793510.0,1357645860.0,1357645860.0,KOSDAQ,29.95
489210,교보17호스팩,2065.0,5337.0,5337.0,11020905.0,11020905.0,KOSDAQ,0.24
377220,프롬바이오,1873.0,30552.0,30552.0,57223896.0,57223896.0,KOSDAQ,-3.95
0004Y0,디비금융제14호스팩,1995.0,691.0,691.0,1378545.0,1378545.0,KOSDAQ,-0.25
303030,지니틱스,1155.0,52436.0,52436.0,60563580.0,60563580.0,KOSDAQ,3.59
0130D0,신한제17호스팩,1968.0,1863.0,1863.0,3666384.0,3666384.0,KOSDAQ,0.2
478110,이베스트스팩6호,2070.0,1954.0,1954.0,4044780.0,4044780.0,KOSDAQ,0.24
006050,국영지앤엠,2970.0,104335.0,104335.0,309874950.0,309874950.0,KOSDAQ,8.0
466690,키움히어로제1호스팩,2015.0,12383.0,12383.0,24951745.0,24951745.0,KOSDAQ,0.0
0041B0,교보18호스팩,2020.0,17640.0,17640.0,35632800.0,35632800.0,KOSDAQ,0.5
240600,유진테크놀로지,1170.0,543152.0,543152.0,635487840.0,635487840.0,KOSDAQ,30.0
488060,유진스팩11호,2050.0,4266.0,4266.0,8745300.0,8745300.0,KOSDAQ,0.0
288980,모아데이타,263.0,3242496.0,3242496.0,852776448.0,852776448.0,KOSDAQ,29.56
208640,썸에이지,682.0,410049.0,410049.0,279653418.0,279653418.0,KOSDAQ,2.4
484130,하나34호스팩,2045.0,18751.0,18751.0,38345795.0,38345795.0,KOSDAQ,0.25
473950,에스케이증권제13호스팩,2062.0,1860.0,1860.0,3835320.0,3835320.0,KOSDAQ,0.1
487720,키움제10호스팩,2120.0,2724.0,2724.0,5774880.0,5774880.0,KOSDAQ,-0.7
487830,신한제15호스팩,2045.0,5734.0,5734.0,11726030.0,11726030.0,KOSDAQ,0.25
472230,에스케이증권제11호스팩,2105.0,165494.0,165494.0,348364870.0,348364870.0,KOSDAQ,-0.24
0068Y0,비엔케이제3호스팩,1991.0,4855.0,4855.0,9666305.0,9666305.0,KOSDAQ,-0.05
308100,형지글로벌,326.0,1137014.0,1137014.0,370666564.0,370666564.0,KOSDAQ,29.88
0041J0,엘에스스팩1호,1998.0,10756.0,10756.0,21490488.0,21490488.0,KOSDAQ,0.25
03481K,해성산업1우,5860.0,121.0,121.0,709060.0,709060.0,KOSDAQ,0.0
475250,하나33호스팩,2095.0,15.0,15.0,31425.0,31425.0,KOSDAQ,0.24
250930,예선테크,1160.0,15154.0,15154.0,17578640.0,17578640.0,KOSDAQ,29.9
474930,신한제13호스팩,2100.0,2427.0,2427.0,5096700.0,5096700.0,KOSDAQ,0.48
473000,에스케이증권제12호스팩,2082.0,78.0,78.0,162396.0,162396.0,KOSDAQ,0.1
475240,하나32호스팩,2095.0,5188.0,5188.0,10868860.0,10868860.0,KOSDAQ,0.0
199730,바이오인프라,903.0,77515.0,77515.0,69996045.0,69996045.0,KOSDAQ,29.93
011080,형지I&C,559.0,455122.0,455122.0,254413198.0,254413198.0,KOSDAQ,30.0
021045,대호특수강우,1992.0,1651.0,1651.0,3288792.0,3288792.0,KOSDAQ,-0.4
032685,소프트센우,6150.0,11139.0,11139.0,68504850.0,68504850.0,KOSDAQ,-1.28
