Code,Name,Close,Volume,VolumeTotal,Amount,AmountTotal,Market,ChangesRatio
005930,삼성전자,266000.0,16599729.0,29813542.0,4415527914000.0,7930402172000.0,KOSPI,1.72
000660,SK하이닉스,1730000.0,3157859.0,5916290.0,5463096070000.0,10235181700000.0,KOSPI,2.49
005935,삼성전자우,194300.0,3891325.0,3891325.0,756084447500.0,756084447500.0,KOSPI,-1.27
402340,SK스퀘어,1068000.0,468244.0,715428.0,500084592000.0,764077104000.0,KOSPI,0.95
009150,삼성전기,1385000.0,596051.0,1167046.0,825530635000.0,1616358710000.0,KOSPI,4.14
373220,LG에너지솔루션,370500.0,432292.0,581860.0,160164186000.0,215579130000.0,KOSPI,5.56
005380,현대차,398000.0,1150372.0,2016804.0,457848056000.0,802687992000.0,KOSPI,-2.45
207940,삼성바이오로직스,1594000.0,29767.0,35698.0,47448598000.0,56902612000.0,KOSPI,-0.31
032830,삼성생명,307000.0,293798.0,416833.0,90195986000.0,127967731000.0,KOSPI,-0.81
028260,삼성물산,375500.0,390414.0,515451.0,146600457000.0,193551850500.0,KOSPI,-3.1
105560,KB금융,168100.0,755518.0,948591.0,127002575800.0,159458147100.0,KOSPI,0.9
012450,한화에어로스페이스,1150000.0,139565.0,181479.0,160499750000.0,208700850000.0,KOSPI,5.8
034020,두산에너빌리티,85900.0,3748823.0,8448548.0,322023895700.0,725730273200.0,KOSPI,0.12
055550,신한지주,108800.0,933989.0,1036624.0,101618003200.0,112784691200.0,KOSPI,1.3
329180,HD현대중공업,470000.0,176850.0,244953.0,83119500000.0,115127910000.0,KOSPI,1.18
000270,기아,126100.0,1435376.0,1871704.0,181000913600.0,236021874400.0,KOSPI,-4.03
006400,삼성SDI,569000.0,940535.0,1713411.0,535164415000.0,974930859000.0,KOSPI,10.27
068270,셀트리온,191300.0,255697.0,373713.0,48914836100.0,71491296900.0,KOSPI,-1.09
012330,현대모비스,451500.0,675330.0,928619.0,304911495000.0,419271478500.0,KOSPI,-2.69
034730,SK,556000.0,88808.0,119609.0,49377248000.0,66502604000.0,KOSPI,0.36
086790,하나금융지주,133600.0,599192.0,670189.0,80052051200.0,89537250400.0,KOSPI,0.3
010120,LS ELECTRIC,219500.0,1135340.0,2641404.0,249207130000.0,579788178000.0,KOSPI,8.93
035420,NAVER,216500.0,765068.0,1431643.0,165637222000.0,309950709500.0,KOSPI,-1.59
066570,LG전자,198300.0,517672.0,1065936.0,102654357600.0,211375108800.0,KOSPI,-1.1
000810,삼성화재,682000.0,74146.0,80555.0,50567572000.0,54938510000.0,KOSPI,0.29
267260,HD현대일렉트릭,821000.0,226942.0,368470.0,186319382000.0,302513870000.0,KOSPI,12.01
298040,효성중공업,3079000.0,68873.0,120206.0,212059967000.0,370114274000.0,KOSPI,10.08
010130,고려아연,1372000.0,17548.0,28593.0,24075856000.0,39229596000.0,KOSPI,0.0
042660,한화오션,89600.0,577194.0,1167976.0,51716582400.0,104650649600.0,KOSPI,2.63
005490,POSCO홀딩스,339500.0,430577.0,688101.0,146180891500.0,233610289500.0,KOSPI,3.51
009540,HD한국조선해양,360500.0,98264.0,121763.0,35424172000.0,43895561500.0,KOSPI,0.0
069500,KODEX 200,109135.0,17104246.0,17104246.0,1866671887210.0,1866671887210.0,KOSPI,1.32
316140,우리금융지주,32950.0,1231958.0,1502181.0,40593016100.0,49496863950.0,KOSPI,-0.15
015760,한국전력,33950.0,2472038.0,4390164.0,83925690100.0,149046067800.0,KOSPI,-2.44
017670,SK텔레콤,99100.0,901404.0,2045072.0,89329136400.0,202666635200.0,KOSPI,-0.5
042700,한미반도체,222000.0,381093.0,932867.0,84602646000.0,207096474000.0,KOSPI,1.14
360750,TIGER 미국S&P500,26365.0,20665540.0,20665540.0,544846962100.0,544846962100.0,KOSPI,0.11
011200,HMM,21450.0,1047109.0,1719769.0,22460488050.0,36889045050.0,KOSPI,0.47
138040,메리츠금융지주,119000.0,132891.0,152063.0,15814029000.0,18095497000.0,KOSPI,0.85
000150,두산,1214000.0,75313.0,112133.0,91429982000.0,136129462000.0,KOSPI,2.88
006800,미래에셋증권,36100.0,1037523.0,1765203.0,37454580300.0,63723828300.0,KOSPI,-0.55
051910,LG화학,274500.0,175859.0,233398.0,48273295500.0,64067751000.0,KOSPI,4.17
096770,SK이노베이션,112000.0,1256142.0,2156697.0,140687904000.0,241550064000.0,KOSPI,0.72
010140,삼성중공업,21000.0,1676779.0,3376918.0,35212359000.0,70915278000.0,KOSPI,1.45
033780,KT&G,174500.0,163023.0,181066.0,28447513500.0,31596017000.0,KOSPI,-0.11
018260,삼성에스디에스,234000.0,142411.0,277426.0,33324174000.0,64917684000.0,KOSPI,2.63
003550,LG,114500.0,228408.0,262690.0,26152716000.0,30078005000.0,KOSPI,0.09
267250,HD현대,216000.0,79236.0,98264.0,17114976000.0,21225024000.0,KOSPI,-0.46
079550,LIG디펜스앤에어로스페이스,745000.0,128136.0,168763.0,95461320000.0,125728435000.0,KOSPI,4.93
003670,포스코퓨처엠,184000.0,659763.0,1001014.0,121396392000.0,184186576000.0,KOSPI,9.07
024110,기업은행,20500.0,691095.0,1021708.0,14167447500.0,20945014000.0,KOSPI,0.74
278470,에이피알,434500.0,205072.0,283680.0,89103784000.0,123258960000.0,KOSPI,-1.7
035720,카카오,36000.0,1253830.0,1253830.0,45137880000.0,45137880000.0,KOSPI,-0.96
010950,S-Oil,136700.0,402334.0,487337.0,54999057800.0,66618967900.0,KOSPI,-3.05
086280,현대글로비스,203500.0,138276.0,177969.0,28139166000.0,36216691500.0,KOSPI,-0.49
064350,현대로템,138600.0,266329.0,330243.0,36913199400.0,45771679800.0,KOSPI,1.61
272210,한화시스템,77900.0,425782.0,677765.0,33168417800.0,52797893500.0,KOSPI,6.13
000720,현대건설,129300.0,978040.0,1781497.0,126460572000.0,230347562100.0,KOSPI,-0.84
011070,LG이노텍,597000.0,115100.0,221357.0,68714700000.0,132150129000.0,KOSPI,2.4
030200,KT,53900.0,392309.0,532016.0,21145455100.0,28675662400.0,KOSPI,1.13
047810,한국항공우주,137600.0,233059.0,319709.0,32068918400.0,43991958400.0,KOSPI,4.16
005830,DB손해보험,184000.0,163415.0,177681.0,30068360000.0,32693304000.0,KOSPI,-1.45
078930,GS,123200.0,472317.0,586381.0,58189454400.0,72242139200.0,KOSPI,-3.52
133690,TIGER 미국나스닥100,179590.0,3061200.0,3061200.0,549760908000.0,549760908000.0,KOSPI,0.54
307950,현대오토에버,413500.0,113426.0,253263.0,46901651000.0,104724250500.0,KOSPI,-0.24
003230,삼양식품,1480000.0,45272.0,60829.0,67002560000.0,90026920000.0,KOSPI,-1.79
071050,한국금융지주,191400.0,111218.0,148684.0,21287125200.0,28458117600.0,KOSPI,0.1
102110,TIGER 200,109395.0,9131334.0,9131334.0,998922282930.0,998922282930.0,KOSPI,1.3
003490,대한항공,28200.0,3143222.0,3143222.0,88638860400.0,88638860400.0,KOSPI,0.18
323410,카카오뱅크,21600.0,623648.0,912458.0,13470796800.0,19709092800.0,KOSPI,0.47
379800,KODEX 미국S&P500,23965.0,20806747.0,20806747.0,498633691855.0,498633691855.0,KOSPI,0.19
259960,크래프톤,219500.0,98172.0,117682.0,21548754000.0,25831199000.0,KOSPI,-3.73
443060,HD현대마린솔루션,221000.0,57117.0,68067.0,12622857000.0,15042807000.0,KOSPI,0.23
005940,NH투자증권,26600.0,333356.0,434533.0,8867269600.0,11558577800.0,KOSPI,-0.19
028050,삼성E&A,50100.0,2459164.0,2459164.0,123204116400.0,123204116400.0,KOSPI,3.83
006260,LS,313000.0,189929.0,311086.0,59447777000.0,97369918000.0,KOSPI,6.64
396500,TIGER 반도체TOP10,35805.0,11140121.0,11140121.0,398872032405.0,398872032405.0,KOSPI,1.73
0126Z0,삼성에피스홀딩스,386000.0,41018.0,60563.0,15832948000.0,23377318000.0,KOSPI,1.58
379810,KODEX 미국나스닥100,26855.0,19052040.0,19052040.0,511642534200.0,511642534200.0,KOSPI,0.56
047050,포스코인터내셔널,52500.0,548069.0,730817.0,28773622500.0,38367892500.0,KOSPI,0.0
488770,KODEX 머니마켓액티브,105345.0,839526.0,839526.0,88439866470.0,88439866470.0,KOSPI,0.01
180640,한진칼,126600.0,51686.0,68202.0,6543447600.0,8634373200.0,KOSPI,-1.71
090430,아모레퍼시픽,142400.0,206337.0,254154.0,29382388800.0,36191529600.0,KOSPI,-0.77
007660,이수페타시스,112800.0,596928.0,976478.0,67333478400.0,110146718400.0,KOSPI,1.81
047040,대우건설,20000.0,22062888.0,22062888.0,441257760000.0,441257760000.0,KOSPI,4.71
161390,한국타이어앤테크놀로지,65600.0,313742.0,361838.0,20581475200.0,23736572800.0,KOSPI,-3.95
016360,삼성증권,88300.0,265524.0,474260.0,23445769200.0,41877158000.0,KOSPI,-0.23
278530,KODEX 200TR,39525.0,604744.0,604744.0,23902506600.0,23902506600.0,KOSPI,1.39
352820,하이브,178500.0,283945.0,456204.0,50684182500.0,81432414000.0,KOSPI,-0.34
009830,한화솔루션,33400.0,1483590.0,1483590.0,49551906000.0,49551906000.0,KOSPI,1.52
039490,키움증권,279500.0,64947.0,85005.0,18152686500.0,23758897500.0,KOSPI,0.36
064400,LG씨엔에스,74400.0,512711.0,512711.0,38145698400.0,38145698400.0,KOSPI,0.4
021240,코웨이,98300.0,125705.0,134665.0,12356801500.0,13237569500.0,KOSPI,-1.7
005387,현대차2우B,198700.0,140783.0,140783.0,27973582100.0,27973582100.0,KOSPI,-1.14
000880,한화,130200.0,490239.0,776173.0,63829117800.0,101057724600.0,KOSPI,9.5
326030,SK바이오팜,88000.0,172803.0,299153.0,15206664000.0,26325464000.0,KOSPI,-3.93
267270,HD건설기계,140600.0,208985.0,315092.0,29383291000.0,44301935200.0,KOSPI,0.57
000100,유한양행,82700.0,376123.0,540079.0,31105372100.0,44664533300.0,KOSPI,-4.61
459580,KODEX CD금리액티브(합성),1075965.0,427493.0,427493.0,459967505745.0,459967505745.0,KOSPI,0.02
128940,한미약품,504000.0,209506.0,382111.0,105591024000.0,192583944000.0,KOSPI,-4.91
377300,카카오페이,46900.0,393774.0,655504.0,18468000600.0,30743137600.0,KOSPI,1.3
000500,가온전선,211500.0,792916.0,1962426.0,167701734000.0,415053099000.0,KOSPI,25.0
032640,LG유플러스,14740.0,715213.0,900508.0,10542239620.0,13273487920.0,KOSPI,-1.07
062040,산일전기,201500.0,894671.0,1837710.0,180276206500.0,370298565000.0,KOSPI,13.91
122630,KODEX 레버리지,110390.0,17058258.0,17058258.0,1883061100620.0,1883061100620.0,KOSPI,2.69
241560,두산밥캣,61900.0,75048.0,99551.0,4645471200.0,6162206900.0,KOSPI,-0.64
001440,대한전선,29800.0,2777227.0,2777227.0,82761364600.0,82761364600.0,KOSPI,5.67
498400,KODEX 200타겟위클리커버드콜,20670.0,4305630.0,4305630.0,88997372100.0,88997372100.0,KOSPI,1.42
381180,TIGER 미국필라델피아반도체나스닥,42560.0,1761247.0,1761247.0,74958672320.0,74958672320.0,KOSPI,2.06
0167A0,SOL AI반도체TOP2플러스,17605.0,13137946.0,13137946.0,231293539330.0,231293539330.0,KOSPI,2.06
091160,KODEX 반도체,127200.0,1151115.0,1151115.0,146421828000.0,146421828000.0,KOSPI,2.0
353200,대덕전자,111300.0,869257.0,869257.0,96748304100.0,96748304100.0,KOSPI,4.02
029780,삼성카드,46350.0,79310.0,92642.0,3676018500.0,4293956700.0,KOSPI,-0.86
066970,엘앤에프,129800.0,731036.0,1178542.0,94888472800.0,152974751600.0,KOSPI,6.22
175330,JB금융지주,28000.0,214718.0,247455.0,6012104000.0,6928740000.0,KOSPI,0.72
010060,OCI홀딩스,276000.0,188591.0,339648.0,52051116000.0,93742848000.0,KOSPI,0.18
229200,KODEX 코스닥150,14500.0,24014957.0,24014957.0,348216876500.0,348216876500.0,KOSPI,2.11
271560,오리온,126200.0,68470.0,80812.0,8640914000.0,10198474400.0,KOSPI,-2.17
052690,한전기술,126300.0,697625.0,1535235.0,88110037500.0,193900180500.0,KOSPI,2.35
036570,NC,223000.0,65859.0,81407.0,14686557000.0,18153761000.0,KOSPI,-1.55
034220,LG디스플레이,9590.0,2312714.0,2312714.0,22178927260.0,22178927260.0,KOSPI,1.05
088350,한화생명,5480.0,3735360.0,3735360.0,20469772800.0,20469772800.0,KOSPI,-1.79
454910,두산로보틱스,73100.0,355244.0,355244.0,25968336400.0,25968336400.0,KOSPI,1.81
088980,맥쿼리인프라,9850.0,732723.0,732723.0,7217321550.0,7217321550.0,KOSPI,0.51
005385,현대차우,199900.0,110717.0,110717.0,22132328300.0,22132328300.0,KOSPI,-1.28
138930,BNK금융지주,14970.0,696058.0,886766.0,10419988260.0,13274887020.0,KOSPI,0.6
148020,RISE 200,109970.0,492498.0,492498.0,54160005060.0,54160005060.0,KOSPI,1.44
051900,LG생활건강,298500.0,91530.0,123175.0,27321705000.0,36767737500.0,KOSPI,-4.02
011790,SKC,90100.0,140576.0,255688.0,12665897600.0,23037488800.0,KOSPI,2.04
310970,TIGER MSCI Korea TR,48665.0,7882.0,7882.0,383577530.0,383577530.0,KOSPI,1.54
458730,TIGER 미국배당다우존스,15345.0,1473340.0,1473340.0,22608402300.0,22608402300.0,KOSPI,-0.39
411060,ACE KRX금현물,28730.0,1056259.0,1056259.0,30346321070.0,30346321070.0,KOSPI,-1.1
004020,현대제철,31450.0,1536408.0,2340666.0,48320031600.0,73613945700.0,KOSPI,5.89
001450,현대해상,48950.0,623066.0,759620.0,30499080700.0,37183399000.0,KOSPI,-4.95
000990,DB하이텍,95400.0,237206.0,400862.0,22629452400.0,38242234800.0,KOSPI,4.26
0162Z0,RISE 삼성전자SK하이닉스채권혼합50,13475.0,5443110.0,5443110.0,73345907250.0,73345907250.0,KOSPI,0.94
002380,KCC,469500.0,20208.0,27350.0,9487656000.0,12840825000.0,KOSPI,-0.53
082740,한화엔진,48300.0,449122.0,711575.0,21692592600.0,34369072500.0,KOSPI,0.84
395160,KODEX AI반도체TOP2플러스,39445.0,3611079.0,3611079.0,142439011155.0,142439011155.0,KOSPI,2.15
004170,신세계,425000.0,67882.0,91787.0,28849850000.0,39009475000.0,KOSPI,0.24
360200,ACE 미국S&P500,26650.0,633916.0,633916.0,16893861400.0,16893861400.0,KOSPI,0.09
381170,TIGER 미국테크TOP10 INDXX,30450.0,786718.0,786718.0,23955563100.0,23955563100.0,KOSPI,0.28
001040,CJ,126600.0,68251.0,93249.0,8640576600.0,11805323400.0,KOSPI,-3.21
233740,KODEX 코스닥150레버리지,7440.0,68132207.0,68132207.0,506903620080.0,506903620080.0,KOSPI,4.71
103590,일진전기,75100.0,596782.0,1356667.0,44818328200.0,101885691700.0,KOSPI,8.53
018880,한온시스템,3480.0,2495974.0,2495974.0,8685989520.0,8685989520.0,KOSPI,-1.83
423160,KODEX KOFR금리액티브(합성),110880.0,79057.0,79057.0,8765840160.0,8765840160.0,KOSPI,0.01
357870,TIGER CD금리투자KIS(합성),57970.0,279208.0,279208.0,16185687760.0,16185687760.0,KOSPI,0.02
395270,HANARO Fn K-반도체,56095.0,752277.0,752277.0,42198978315.0,42198978315.0,KOSPI,1.86
085620,미래에셋생명,25950.0,405123.0,405123.0,10512941850.0,10512941850.0,KOSPI,-10.82
367380,ACE 미국나스닥100,30880.0,616812.0,616812.0,19047154560.0,19047154560.0,KOSPI,0.52
102780,KODEX 삼성그룹,26670.0,392453.0,392453.0,10466721510.0,10466721510.0,KOSPI,2.13
161890,한국콜마,145800.0,230730.0,347634.0,33640434000.0,50685037200.0,KOSPI,-2.02
036460,한국가스공사,36900.0,78553.0,111712.0,2898605700.0,4122172800.0,KOSPI,-0.54
273130,KODEX 종합채권(AA-이상)액티브,110370.0,14348.0,14348.0,1583588760.0,1583588760.0,KOSPI,0.32
009420,한올바이오파마,64300.0,233839.0,342623.0,15035847700.0,22030658900.0,KOSPI,1.58
487240,KODEX AI전력핵심설비,38030.0,5455544.0,5455544.0,207474338320.0,207474338320.0,KOSPI,9.34
0043B0,TIGER 머니마켓액티브,103485.0,171814.0,171814.0,17780171790.0,17780171790.0,KOSPI,0.02
111770,영원무역,73400.0,79517.0,93922.0,5836547800.0,6893874800.0,KOSPI,-3.29
012750,에스원,85500.0,148409.0,193156.0,12688969500.0,16514838000.0,KOSPI,7.01
022100,포스코DX,21150.0,228850.0,396935.0,4840177500.0,8395175250.0,KOSPI,2.17
192820,코스맥스,283000.0,128026.0,160418.0,36231358000.0,45398294000.0,KOSPI,-1.74
006360,GS건설,36900.0,2730998.0,2730998.0,100773826200.0,100773826200.0,KOSPI,-2.38
455890,RISE 머니마켓액티브,55455.0,97809.0,97809.0,5423998095.0,5423998095.0,KOSPI,0.03
035250,강원랜드,14540.0,253472.0,341680.0,3685482880.0,4968027200.0,KOSPI,-0.68
011780,금호석유화학,123600.0,81371.0,88336.0,10057455600.0,10918329600.0,KOSPI,-0.32
251270,넷마블,36300.0,144115.0,195995.0,5231374500.0,7114618500.0,KOSPI,-3.46
302440,SK바이오사이언스,38450.0,81128.0,140431.0,3119371600.0,5399571950.0,KOSPI,0.92
028670,팬오션,5620.0,3791644.0,3791644.0,21309039280.0,21309039280.0,KOSPI,0.18
031210,서울보증보험,42700.0,35770.0,44882.0,1527379000.0,1916461400.0,KOSPI,-0.7
336260,두산퓨얼셀,45200.0,471516.0,894726.0,21312523200.0,40441615200.0,KOSPI,-0.66
017800,현대엘리베이터,75500.0,120433.0,192476.0,9092691500.0,14531938000.0,KOSPI,-0.13
023530,롯데쇼핑,104100.0,100323.0,133127.0,10443624300.0,13858520700.0,KOSPI,-0.95
008930,한미사이언스,42100.0,441518.0,898074.0,18587907800.0,37808915400.0,KOSPI,-5.18
375500,DL이앤씨,74300.0,528962.0,528962.0,39301876600.0,39301876600.0,KOSPI,1.36
139130,iM금융지주,17710.0,224329.0,250458.0,3972866590.0,4435611180.0,KOSPI,0.51
097950,CJ제일제당,186300.0,73654.0,96968.0,13721740200.0,18065138400.0,KOSPI,-1.53
004800,효성,167000.0,23513.0,28815.0,3926671000.0,4812105000.0,KOSPI,4.11
483650,달바글로벌,222500.0,97786.0,182655.0,21757385000.0,40640737500.0,KOSPI,-3.89
139260,TIGER 200 IT,136730.0,183766.0,183766.0,25126325180.0,25126325180.0,KOSPI,2.21
450080,에코프로머티,38650.0,380169.0,380169.0,14693531850.0,14693531850.0,KOSPI,3.9
007340,DN오토모티브,46400.0,142141.0,209979.0,6595342400.0,9743025600.0,KOSPI,-2.11
489790,한화비전,51600.0,141458.0,242261.0,7299232800.0,12500667600.0,KOSPI,-1.53
004370,농심,427000.0,47437.0,67985.0,20255599000.0,29029595000.0,KOSPI,-6.97
026960,동서,25850.0,56178.0,81317.0,1452201300.0,2102044450.0,KOSPI,-2.45
003690,코리안리,14500.0,110899.0,127893.0,1608035500.0,1854448500.0,KOSPI,-0.07
001720,신영증권,155200.0,3882.0,5922.0,602486400.0,919094400.0,KOSPI,-2.27
481050,KODEX CD1년금리플러스액티브(합성),1024095.0,42515.0,42515.0,43539398925.0,43539398925.0,KOSPI,0.02
472150,TIGER 배당커버드콜액티브,20940.0,6166883.0,6166883.0,129134530020.0,129134530020.0,KOSPI,1.45
426030,TIME 미국나스닥100액티브,45955.0,962827.0,962827.0,44246714785.0,44246714785.0,KOSPI,2.28
011170,롯데케미칼,57400.0,107798.0,154954.0,6187605200.0,8894359600.0,KOSPI,0.7
005850,에스엘,52600.0,75877.0,108895.0,3991130200.0,5727877000.0,KOSPI,-0.75
0193T0,KODEX SK하이닉스단일종목레버리지,10540.0,25575533.0,25575533.0,269566117820.0,269566117820.0,KOSPI,4.46
161510,PLUS 고배당주,25325.0,512339.0,512339.0,12974985175.0,12974985175.0,KOSPI,-0.31
383220,F&F,63100.0,73171.0,85520.0,4617090100.0,5396312000.0,KOSPI,-1.1
282330,BGF리테일,139700.0,105721.0,111054.0,14769223700.0,15514243800.0,KOSPI,-5.74
449170,TIGER KOFR금리액티브(합성),111705.0,42382.0,42382.0,4734281310.0,4734281310.0,KOSPI,0.02
486290,TIGER 미국나스닥100타겟데일리커버드콜,10620.0,6794957.0,6794957.0,72162443340.0,72162443340.0,KOSPI,0.76
278540,KODEX MSCI Korea TR,38755.0,21235.0,21235.0,822962425.0,822962425.0,KOSPI,0.98
004990,롯데지주,23800.0,103339.0,141045.0,2459468200.0,3356871000.0,KOSPI,-1.24
204320,HL만도,50400.0,360653.0,360653.0,18176911200.0,18176911200.0,KOSPI,0.0
103140,풍산,83000.0,100360.0,156480.0,8329880000.0,12987840000.0,KOSPI,0.73
181710,NHN,70100.0,178552.0,178552.0,12516495200.0,12516495200.0,KOSPI,7.35
000240,한국앤컴퍼니,24150.0,60262.0,70069.0,1455327300.0,1692166350.0,KOSPI,-1.43
279570,케이뱅크,5640.0,518754.0,518754.0,2925772560.0,2925772560.0,KOSPI,-0.88
014680,한솔케미칼,206000.0,22573.0,30725.0,4650038000.0,6329350000.0,KOSPI,1.73
005440,현대지에프홀딩스,12020.0,152172.0,200972.0,1829107440.0,2415683440.0,KOSPI,-1.64
030000,제일기획,19000.0,252425.0,293655.0,4796075000.0,5579445000.0,KOSPI,-1.25
009970,영원무역홀딩스,168100.0,8325.0,9809.0,1399432500.0,1648892900.0,KOSPI,-2.32
081660,미스토홀딩스,40800.0,97647.0,110244.0,3983997600.0,4497955200.0,KOSPI,-2.97
007070,GS리테일,25750.0,194540.0,231827.0,5009405000.0,5969545250.0,KOSPI,-5.5
018670,SK가스,230500.0,9459.0,14121.0,2180299500.0,3254890500.0,KOSPI,-2.33
456600,TIME 글로벌AI인공지능액티브,57865.0,294288.0,294288.0,17028975120.0,17028975120.0,KOSPI,2.36
051600,한전KPS,46900.0,115965.0,197844.0,5438758500.0,9278883600.0,KOSPI,-1.47
112610,씨에스윈드,49850.0,212635.0,212635.0,10599854750.0,10599854750.0,KOSPI,-0.3
292150,TIGER 코리아TOP10,38100.0,392618.0,392618.0,14958745800.0,14958745800.0,KOSPI,0.61
284430,KODEX 200미국채혼합50,21060.0,376790.0,376790.0,7935197400.0,7935197400.0,KOSPI,0.55
069960,현대백화점,95200.0,133994.0,174328.0,12756228800.0,16596025600.0,KOSPI,-0.31
073240,금호타이어,7110.0,1657173.0,3287299.0,11782500030.0,23372695890.0,KOSPI,0.42
139480,이마트,74000.0,89121.0,121182.0,6594954000.0,8967468000.0,KOSPI,-1.46
457190,이수스페셜티케미컬,66700.0,139345.0,275342.0,9294311500.0,18365311400.0,KOSPI,5.21
002790,아모레퍼시픽홀딩스,26300.0,49858.0,64885.0,1311265400.0,1706475500.0,KOSPI,-1.68
462870,시프트업,32700.0,38642.0,56344.0,1263593400.0,1842448800.0,KOSPI,-0.61
385540,RISE 종합채권(A-이상)액티브,103310.0,819.0,819.0,84610890.0,84610890.0,KOSPI,0.28
475150,SK이터닉스,55800.0,1444796.0,1444796.0,80619616800.0,80619616800.0,KOSPI,3.53
439260,대한조선,49350.0,25677.0,49926.0,1267159950.0,2463848100.0,KOSPI,-0.2
020150,롯데에너지머티리얼즈,35200.0,362463.0,604034.0,12758697600.0,21261996800.0,KOSPI,6.99
214980,KODEX 단기채권PLUS,114575.0,17043.0,17043.0,1952701725.0,1952701725.0,KOSPI,0.0
294400,KIWOOM 200TR,143370.0,72819.0,72819.0,10440060030.0,10440060030.0,KOSPI,1.39
071970,HD현대마린엔진,53600.0,73140.0,157769.0,3920304000.0,8456418400.0,KOSPI,1.32
105190,ACE 200,109385.0,114586.0,114586.0,12533989610.0,12533989610.0,KOSPI,1.4
305720,KODEX 2차전지산업,15135.0,3766246.0,3766246.0,57002133210.0,57002133210.0,KOSPI,5.84
442580,PLUS 글로벌HBM반도체,101310.0,509557.0,509557.0,51623219670.0,51623219670.0,KOSPI,2.44
000155,두산우,432500.0,6638.0,6638.0,2870935000.0,2870935000.0,KOSPI,0.12
089860,롯데렌탈,47250.0,77141.0,95347.0,3644912250.0,4505145750.0,KOSPI,-0.53
441640,KODEX 미국배당커버드콜액티브,12795.0,730855.0,730855.0,9351289725.0,9351289725.0,KOSPI,-0.16
000120,CJ대한통운,73300.0,36388.0,53147.0,2667240400.0,3895675100.0,KOSPI,-1.74
477080,RISE CD금리액티브(합성),107430.0,2266.0,2266.0,243436380.0,243436380.0,KOSPI,0.02
006040,동원산업,37750.0,48037.0,64004.0,1813396750.0,2416151000.0,KOSPI,-2.2
023590,다우기술,38450.0,16032.0,26744.0,616430400.0,1028306800.0,KOSPI,-0.77
395400,SK리츠,5510.0,230784.0,230784.0,1271619840.0,1271619840.0,KOSPI,-2.65
008770,호텔신라,42200.0,169076.0,251671.0,7135007200.0,10620516200.0,KOSPI,-0.82
011210,현대위아,59300.0,57692.0,95668.0,3421135600.0,5673112400.0,KOSPI,-1.82
322000,HD현대에너지솔루션,142000.0,250676.0,250676.0,35595992000.0,35595992000.0,KOSPI,0.07
120110,코오롱인더,53000.0,63404.0,106239.0,3360412000.0,5630667000.0,KOSPI,0.76
0193W0,KODEX 삼성전자단일종목레버리지,12295.0,9045650.0,9045650.0,111216266750.0,111216266750.0,KOSPI,2.5
446770,ACE 글로벌반도체TOP4 Plus,77550.0,63040.0,63040.0,4888752000.0,4888752000.0,KOSPI,1.73
001430,세아베스틸지주,43450.0,111814.0,142818.0,4858318300.0,6205442100.0,KOSPI,1.28
020560,아시아나항공,7530.0,229293.0,300963.0,1726576290.0,2266251390.0,KOSPI,-0.26
097230,HJ중공업,17160.0,144995.0,144995.0,2488114200.0,2488114200.0,KOSPI,0.59
368590,RISE 미국나스닥100,29950.0,339304.0,339304.0,10162154800.0,10162154800.0,KOSPI,0.54
329200,TIGER 리츠부동산인프라,4075.0,5894880.0,5894880.0,24021636000.0,24021636000.0,KOSPI,-0.61
610063,메리츠 KIS CD금리투자 ETN,55715.0,10.0,10.0,557150.0,557150.0,KOSPI,0.01
0177N0,KODEX 삼성전자SK하이닉스채권혼합50,14260.0,4502759.0,4502759.0,64209343340.0,64209343340.0,KOSPI,0.92
001800,오리온홀딩스,25300.0,74563.0,93253.0,1886443900.0,2359300900.0,KOSPI,-3.07
453850,ACE 미국30년국채액티브(H),7245.0,634991.0,634991.0,4600509795.0,4600509795.0,KOSPI,0.28
294870,IPARK현대산업개발,23000.0,123685.0,151119.0,2844755000.0,3475737000.0,KOSPI,0.0
152100,PLUS 200,110815.0,261597.0,261597.0,28988871555.0,28988871555.0,KOSPI,1.41
466920,SOL 조선TOP3플러스,28465.0,568627.0,568627.0,16185967555.0,16185967555.0,KOSPI,1.43
487230,KODEX 미국AI전력핵심인프라,19885.0,883068.0,883068.0,17559807180.0,17559807180.0,KOSPI,3.87
00680K,미래에셋증권2우B,11730.0,114399.0,114399.0,1341900270.0,1341900270.0,KOSPI,0.77
361610,SK아이이테크놀로지,18220.0,2213421.0,6300093.0,40328530620.0,114787694460.0,KOSPI,-8.72
379780,RISE 미국S&P500,23045.0,354503.0,354503.0,8169521635.0,8169521635.0,KOSPI,0.13
006280,녹십자,127100.0,15160.0,22545.0,1926836000.0,2865469500.0,KOSPI,-2.61
229640,LS에코에너지,48400.0,165304.0,277466.0,8000713600.0,13429354400.0,KOSPI,9.38
001120,LX인터내셔널,38150.0,35124.0,57991.0,1339980600.0,2212356650.0,KOSPI,-0.91
0195S0,TIGER SK하이닉스단일종목레버리지,8910.0,15184575.0,15184575.0,135294563250.0,135294563250.0,KOSPI,4.27
007810,코리아써키트,60900.0,327986.0,843337.0,19974347400.0,51359223300.0,KOSPI,4.46
069620,대웅제약,124900.0,24812.0,36044.0,3099018800.0,4501895600.0,KOSPI,-2.42
009155,삼성전기우,496500.0,30284.0,30284.0,15036006000.0,15036006000.0,KOSPI,4.31
298020,효성티앤씨,333000.0,22061.0,27363.0,7346313000.0,9111879000.0,KOSPI,1.68
226490,KODEX 코스피,70750.0,118564.0,118564.0,8388403000.0,8388403000.0,KOSPI,1.22
475630,TIGER CD1년금리액티브(합성),1075610.0,38326.0,38326.0,41223828860.0,41223828860.0,KOSPI,0.02
093370,후성,13060.0,2825861.0,2825861.0,36905744660.0,36905744660.0,KOSPI,5.07
012630,HDC,23200.0,79218.0,110133.0,1837857600.0,2555085600.0,KOSPI,0.87
232080,TIGER 코스닥150,14785.0,7035929.0,7035929.0,104026210265.0,104026210265.0,KOSPI,2.11
001740,SK네트웍스,6860.0,767862.0,767862.0,5267533320.0,5267533320.0,KOSPI,0.29
091230,TIGER 반도체,134490.0,122264.0,122264.0,16443285360.0,16443285360.0,KOSPI,2.05
281820,케이씨텍,68700.0,137907.0,278227.0,9474210900.0,19114194900.0,KOSPI,5.05
005070,코스모신소재,40750.0,130148.0,229012.0,5303531000.0,9332239000.0,KOSPI,4.09
436140,SOL 종합채권(AA-이상)액티브,106470.0,613.0,613.0,65266110.0,65266110.0,KOSPI,0.08
007310,오뚜기,326000.0,5221.0,6657.0,1702046000.0,2170182000.0,KOSPI,-3.41
448330,KODEX 삼성전자채권혼합,17450.0,572115.0,572115.0,9983406750.0,9983406750.0,KOSPI,0.2
003540,대신증권,26800.0,34326.0,49543.0,919936800.0,1327752400.0,KOSPI,-0.56
0072R0,TIGER KRX금현물,13695.0,1238898.0,1238898.0,16966708110.0,16966708110.0,KOSPI,-1.4
000815,삼성화재우,422500.0,11722.0,11722.0,4952545000.0,4952545000.0,KOSPI,-0.59
415640,KB발해인프라,10320.0,117270.0,117270.0,1210226400.0,1210226400.0,KOSPI,-0.39
157450,TIGER 단기통안채,112515.0,69242.0,69242.0,7790763630.0,7790763630.0,KOSPI,0.03
390390,KODEX 미국반도체,53225.0,374408.0,374408.0,19927865800.0,19927865800.0,KOSPI,1.71
280360,롯데웰푸드,136000.0,36331.0,41711.0,4941016000.0,5672696000.0,KOSPI,-2.79
066575,LG전자우,72400.0,54502.0,54502.0,3945944800.0,3945944800.0,KOSPI,-0.55
438080,ACE 미국S&P500미국채혼합50액티브,14090.0,284984.0,284984.0,4015424560.0,4015424560.0,KOSPI,-0.07
017960,한국카본,23800.0,122033.0,259096.0,2904385400.0,6166484800.0,KOSPI,-0.21
004000,롯데정밀화학,47200.0,32040.0,42099.0,1512288000.0,1987072800.0,KOSPI,-0.11
192080,더블유게임즈,57200.0,29951.0,35847.0,1713197200.0,2050448400.0,KOSPI,-2.89
300720,한일시멘트,16330.0,93163.0,133304.0,1521351790.0,2176854320.0,KOSPI,1.11
030610,교보증권,10140.0,21051.0,29918.0,213457140.0,303368520.0,KOSPI,-1.07
0183J0,TIGER 미국우주테크,7755.0,1015472.0,1015472.0,7874985360.0,7874985360.0,KOSPI,-0.19
469150,ACE AI반도체TOP3+,58100.0,424549.0,424549.0,24666296900.0,24666296900.0,KOSPI,1.78
330590,롯데리츠,3915.0,116655.0,116655.0,456704325.0,456704325.0,KOSPI,-0.89
001820,삼화콘덴서,108300.0,614486.0,614486.0,66548833800.0,66548833800.0,KOSPI,0.46
006340,대원전선,14140.0,6307951.0,6307951.0,89194427140.0,89194427140.0,KOSPI,3.74
449450,PLUS K방산,55730.0,216942.0,216942.0,12090177660.0,12090177660.0,KOSPI,3.87
494890,KODEX 200액티브,31520.0,82665.0,82665.0,2605600800.0,2605600800.0,KOSPI,1.46
497570,TIGER 미국필라델피아AI반도체나스닥,21535.0,713662.0,713662.0,15368711170.0,15368711170.0,KOSPI,1.63
0139F0,TIGER 12월자동연장금융채(AA-이상)액티브,102110.0,6.0,6.0,612660.0,612660.0,KOSPI,0.03
445290,KODEX 로봇액티브,30925.0,377640.0,377640.0,11678517000.0,11678517000.0,KOSPI,0.57
0117V0,TIGER 코리아AI전력기기TOP3플러스,19995.0,3933377.0,3933377.0,78647873115.0,78647873115.0,KOSPI,10.47
000080,하이트진로,15180.0,135674.0,175307.0,2059531320.0,2661160260.0,KOSPI,-2.06
446720,SOL 미국배당다우존스,14045.0,246517.0,246517.0,3462331265.0,3462331265.0,KOSPI,-0.46
077970,STX엔진,26200.0,257224.0,393414.0,6739268800.0,10307446800.0,KOSPI,6.5
000210,DL,50000.0,36689.0,47691.0,1834450000.0,2384550000.0,KOSPI,0.7
465580,ACE 미국빅테크TOP7 Plus,24040.0,568907.0,568907.0,13676524280.0,13676524280.0,KOSPI,0.23
455850,SOL AI반도체소부장,24575.0,1287684.0,1287684.0,31644834300.0,31644834300.0,KOSPI,2.87
003570,SNT다이내믹스,31150.0,29159.0,38660.0,908302850.0,1204259000.0,KOSPI,0.65
356540,ACE 종합채권(AA-이상)액티브,101650.0,161.0,161.0,16365650.0,16365650.0,KOSPI,0.31
479520,RISE KOFR금리액티브(합성),106340.0,3549.0,3549.0,377400660.0,377400660.0,KOSPI,0.03
003530,한화투자증권,4800.0,1714688.0,1714688.0,8230502400.0,8230502400.0,KOSPI,-3.81
032350,롯데관광개발,12880.0,372379.0,505459.0,4796241520.0,6510311920.0,KOSPI,-4.02
451540,TIGER 종합채권(AA-이상)액티브,53050.0,5040.0,5040.0,267372000.0,267372000.0,KOSPI,0.35
449180,KODEX 미국S&P500(H),17190.0,351368.0,351368.0,6040015920.0,6040015920.0,KOSPI,0.47
479080,1Q 머니마켓액티브,53740.0,21256.0,21256.0,1142297440.0,1142297440.0,KOSPI,0.02
003090,대웅,17480.0,54281.0,63191.0,948831880.0,1104578680.0,KOSPI,-1.24
469830,SOL 초단기채권액티브,54355.0,155236.0,155236.0,8437852780.0,8437852780.0,KOSPI,0.03
295040,SOL 200TR,40965.0,57554.0,57554.0,2357699610.0,2357699610.0,KOSPI,1.49
494300,KODEX 미국나스닥100데일리커버드콜OTM,9150.0,1384260.0,1384260.0,12665979000.0,12665979000.0,KOSPI,0.49
003240,태광산업,899000.0,1345.0,1722.0,1209155000.0,1548078000.0,KOSPI,-0.33
192400,쿠쿠홀딩스,28050.0,20766.0,25350.0,582486300.0,711067500.0,KOSPI,-0.71
494310,KODEX 반도체레버리지,77825.0,3126965.0,3126965.0,243356051125.0,243356051125.0,KOSPI,4.35
237350,KODEX 코스피100,87290.0,170532.0,170532.0,14885738280.0,14885738280.0,KOSPI,1.5
760009,키움 CD금리투자 ETN,107280.0,30.0,30.0,3218400.0,3218400.0,KOSPI,0.0
402970,ACE 미국배당다우존스,15575.0,232178.0,232178.0,3616172350.0,3616172350.0,KOSPI,-0.42
315930,KODEX Top5PlusTR,80685.0,13266.0,13266.0,1070367210.0,1070367210.0,KOSPI,0.77
006110,삼아알미늄,64400.0,396020.0,611755.0,25503688000.0,39397022000.0,KOSPI,9.52
495050,RISE 코리아밸류업,32440.0,58129.0,58129.0,1885704760.0,1885704760.0,KOSPI,0.76
051915,LG화학우,123800.0,19983.0,19983.0,2473895400.0,2473895400.0,KOSPI,4.21
451800,한화리츠,5280.0,76859.0,76859.0,405815520.0,405815520.0,KOSPI,-2.58
305540,TIGER 2차전지테마,19010.0,640061.0,640061.0,12167559610.0,12167559610.0,KOSPI,5.49
195870,해성디에스,55600.0,65501.0,116636.0,3641855600.0,6484961600.0,KOSPI,2.96
0195R0,TIGER 삼성전자단일종목레버리지,11195.0,6001345.0,6001345.0,67185057275.0,67185057275.0,KOSPI,2.75
438100,ACE 미국나스닥100미국채혼합50액티브,15185.0,158020.0,158020.0,2399533700.0,2399533700.0,KOSPI,0.07
530031,삼성 레버리지 WTI원유 선물 ETN,2300.0,170509.0,170509.0,392170700.0,392170700.0,KOSPI,1.1
185750,종근당,67100.0,17859.0,28602.0,1198338900.0,1919194200.0,KOSPI,-2.47
0117L0,KODEX 26-12 금융채(AA-이상)액티브,10155.0,5186.0,5186.0,52663830.0,52663830.0,KOSPI,0.0
009450,경동나비엔,62900.0,69526.0,97803.0,4373185400.0,6151808700.0,KOSPI,-2.33
003470,유안타증권,4750.0,210792.0,210792.0,1001262000.0,1001262000.0,KOSPI,-0.73
030190,NICE평가정보,15530.0,104885.0,108013.0,1628864050.0,1677441890.0,KOSPI,-0.77
009240,한샘,38850.0,33605.0,43563.0,1305554250.0,1692422550.0,KOSPI,-2.75
034230,파라다이스,9780.0,286901.0,426278.0,2805891780.0,4168998840.0,KOSPI,-1.11
005300,롯데칠성,97500.0,22690.0,28227.0,2212275000.0,2752132500.0,KOSPI,-1.02
000370,한화손해보험,7730.0,1009137.0,1009137.0,7800629010.0,7800629010.0,KOSPI,0.39
005090,SGC에너지,62600.0,122851.0,188709.0,7690472600.0,11813183400.0,KOSPI,-2.8
079160,CJ CGV,5370.0,610679.0,610679.0,3279346230.0,3279346230.0,KOSPI,1.13
487340,ACE 머니마켓액티브,105820.0,20153.0,20153.0,2132590460.0,2132590460.0,KOSPI,0.03
071055,한국금융지주우,149200.0,17332.0,17332.0,2585934400.0,2585934400.0,KOSPI,-0.07
100090,SK오션플랜트,13920.0,540081.0,540081.0,7517927520.0,7517927520.0,KOSPI,3.57
285130,SK케미칼,49950.0,72422.0,98002.0,3617478900.0,4895199900.0,KOSPI,-3.94
071320,지역난방공사,74600.0,8712.0,11151.0,649915200.0,831864600.0,KOSPI,0.0
006120,SK디스커버리,49350.0,31621.0,44116.0,1560496350.0,2177124600.0,KOSPI,-3.8
498410,KODEX 금융고배당TOP10타겟위클리커버드콜,11875.0,1476104.0,1476104.0,17528735000.0,17528735000.0,KOSPI,0.47
475720,RISE 200위클리커버드콜,12990.0,913163.0,913163.0,11861987370.0,11861987370.0,KOSPI,1.44
499790,GS피앤엘,42400.0,75232.0,97161.0,3189836800.0,4119626400.0,KOSPI,1.56
005180,빙그레,90600.0,97659.0,147967.0,8847905400.0,13405810200.0,KOSPI,-3.92
004490,세방전지,60100.0,67001.0,88467.0,4026760100.0,5316866700.0,KOSPI,0.5
144600,KODEX 은선물(H),11165.0,662043.0,662043.0,7391710095.0,7391710095.0,KOSPI,-0.04
0048J0,KODEX 미국머니마켓액티브,13825.0,491365.0,491365.0,6793121125.0,6793121125.0,KOSPI,-0.29
0177R0,TIGER 반도체TOP10커버드콜액티브,11185.0,1963056.0,1963056.0,21956781360.0,21956781360.0,KOSPI,2.05
466940,TIGER 은행고배당플러스TOP10,26430.0,641384.0,641384.0,16951779120.0,16951779120.0,KOSPI,0.78
441800,TIME Korea플러스배당액티브,29000.0,234826.0,234826.0,6809954000.0,6809954000.0,KOSPI,0.28
153130,KODEX 단기채권,113275.0,3333.0,3333.0,377545575.0,377545575.0,KOSPI,0.02
490590,RISE 미국AI밸류체인데일리고정커버드콜,14385.0,528018.0,528018.0,7595538930.0,7595538930.0,KOSPI,1.7
476550,TIGER 미국30년국채커버드콜액티브(H),6895.0,955907.0,955907.0,6590978765.0,6590978765.0,KOSPI,0.07
0025N0,TIGER TDF2045 적격,12060.0,163650.0,163650.0,1973619000.0,1973619000.0,KOSPI,0.0
550082,N2 KIS CD금리투자 ETN,55730.0,1.0,1.0,55730.0,55730.0,KOSPI,0.03
462330,KODEX 2차전지산업레버리지,1102.0,104016099.0,104016099.0,114625741098.0,114625741098.0,KOSPI,10.98
481060,KODEX 미국30년국채타겟커버드콜(합성 H),7475.0,217721.0,217721.0,1627464475.0,1627464475.0,KOSPI,0.07
298050,HS효성첨단소재,171400.0,13468.0,16938.0,2308415200.0,2903173200.0,KOSPI,0.0
457480,ACE 테슬라밸류체인액티브,18550.0,162841.0,162841.0,3020700550.0,3020700550.0,KOSPI,-0.24
003850,보령,8900.0,78118.0,87977.0,695250200.0,782995300.0,KOSPI,-1.55
069660,KIWOOM 200,109140.0,56995.0,56995.0,6220434300.0,6220434300.0,KOSPI,1.31
036530,SNT홀딩스,46300.0,11613.0,14986.0,537681900.0,693851800.0,KOSPI,-0.86
365550,ESR켄달스퀘어리츠,3055.0,735236.0,735236.0,2246145980.0,2246145980.0,KOSPI,-0.33
371460,TIGER 차이나전기차SOLACTIVE,10325.0,116176.0,116176.0,1199517200.0,1199517200.0,KOSPI,-1.62
214320,이노션,18670.0,82386.0,97804.0,1538146620.0,1826000680.0,KOSPI,-0.95
272580,TIGER 단기채권액티브,57080.0,19843.0,19843.0,1132638440.0,1132638440.0,KOSPI,0.03
000670,영풍,40250.0,35608.0,40878.0,1433222000.0,1645339500.0,KOSPI,1.0
434730,HANARO 원자력iSelect,62640.0,272001.0,272001.0,17038142640.0,17038142640.0,KOSPI,4.53
137310,에스디바이오센서,6040.0,235241.0,331801.0,1420855640.0,2004078040.0,KOSPI,-4.58
114800,KODEX 인버스,1009.0,574701688.0,574701688.0,579874003192.0,579874003192.0,KOSPI,-1.46
0061Z0,RISE 단기특수은행채액티브,50990.0,1291.0,1291.0,65828090.0,65828090.0,KOSPI,0.04
458760,TIGER 미국배당다우존스타겟커버드콜2호,11285.0,322964.0,322964.0,3644648740.0,3644648740.0,KOSPI,-0.49
456040,OCI,80100.0,24627.0,35202.0,1972622700.0,2819680200.0,KOSPI,-0.62
252670,KODEX 200선물인버스2X,75.0,5976096557.0,5976096557.0,448207241775.0,448207241775.0,KOSPI,-2.6
364980,TIGER 2차전지TOP10,10675.0,4920706.0,4920706.0,52528536550.0,52528536550.0,KOSPI,6.86
0219E0,KODEX 200커버드콜액티브,8640.0,6751076.0,6751076.0,58329296640.0,58329296640.0,KOSPI,1.77
102970,KODEX 증권,18515.0,680656.0,680656.0,12602345840.0,12602345840.0,KOSPI,-0.03
003160,디아이,25050.0,105532.0,233314.0,2643576600.0,5844515700.0,KOSPI,1.01
580058,KB KIS CD금리투자 ETN,53800.0,16.0,16.0,860800.0,860800.0,KOSPI,0.02
495850,KODEX 코리아밸류업,32220.0,82048.0,82048.0,2643586560.0,2643586560.0,KOSPI,1.37
367760,RISE 네트워크인프라,58500.0,155515.0,155515.0,9097627500.0,9097627500.0,KOSPI,2.35
0127P0,ACE 미국대형성장주액티브,10530.0,33684.0,33684.0,354692520.0,354692520.0,KOSPI,0.33
0167B0,SOL 200타겟위클리커버드콜,12065.0,1115525.0,1115525.0,13458809125.0,13458809125.0,KOSPI,1.6
005880,대한해운,2115.0,1991756.0,1991756.0,4212563940.0,4212563940.0,KOSPI,2.92
064960,SNT모티브,25700.0,68965.0,97063.0,1772400500.0,2494519100.0,KOSPI,-2.28
456610,TIGER 미국달러SOFR금리액티브(합성),59930.0,20614.0,20614.0,1235397020.0,1235397020.0,KOSPI,-0.25
100840,SNT에너지,32400.0,284876.0,971181.0,9229982400.0,31466264400.0,KOSPI,0.15
093050,LF,22900.0,36154.0,38370.0,827926600.0,878673000.0,KOSPI,-3.98
290130,RISE ESG사회책임투자,47415.0,96521.0,96521.0,4576543215.0,4576543215.0,KOSPI,1.31
017940,E1,97300.0,7454.0,12114.0,725274200.0,1178692200.0,KOSPI,-0.41
317450,명인제약,45700.0,13135.0,19733.0,600269500.0,901798100.0,KOSPI,-1.4
138540,TIGER 현대차그룹플러스,51065.0,120454.0,120454.0,6150983510.0,6150983510.0,KOSPI,-1.42
094800,맵스리얼티,7180.0,55661.0,55661.0,399645980.0,399645980.0,KOSPI,-0.14
069260,TKG휴켐스,16170.0,34066.0,43593.0,550847220.0,704898810.0,KOSPI,-0.37
293940,신한알파리츠,5450.0,138057.0,138057.0,752410650.0,752410650.0,KOSPI,-0.55
329750,TIGER 미국달러단기채권액티브,13055.0,123344.0,123344.0,1610255920.0,1610255920.0,KOSPI,-0.23
314250,KODEX 미국빅테크10(H),61840.0,28641.0,28641.0,1771159440.0,1771159440.0,KOSPI,0.67
482730,TIGER 미국S&P500타겟데일리커버드콜,11925.0,361816.0,361816.0,4314655800.0,4314655800.0,KOSPI,0.13
005690,파미셀,10860.0,518690.0,518690.0,5632973400.0,5632973400.0,KOSPI,-0.28
268280,미원에스씨,130300.0,1888.0,2094.0,246006400.0,272848200.0,KOSPI,-1.66
0101N0,RISE AI전력인프라,20645.0,451731.0,451731.0,9325986495.0,9325986495.0,KOSPI,7.41
033240,자화전자,30000.0,54770.0,94554.0,1643100000.0,2836620000.0,KOSPI,-0.17
002960,한국쉘석유,498000.0,1186.0,2267.0,590628000.0,1128966000.0,KOSPI,-0.6
000400,롯데손해보험,2080.0,320824.0,320824.0,667313920.0,667313920.0,KOSPI,-0.24
0220W0,한화머시너리앤서비스홀딩스,7610.0,6900874.0,6900874.0,52515651140.0,52515651140.0,KOSPI,-15.54
418660,TIGER 미국나스닥100레버리지(합성),39735.0,264846.0,264846.0,10523655810.0,10523655810.0,KOSPI,0.98
434060,KODEX TDF2050액티브 적격,16885.0,84764.0,84764.0,1431240140.0,1431240140.0,KOSPI,0.09
700028,하나 레버리지 반도체 ETN,181035.0,3087.0,3087.0,558855045.0,558855045.0,KOSPI,4.56
491010,TIGER 글로벌AI전력인프라액티브,25110.0,68257.0,68257.0,1713933270.0,1713933270.0,KOSPI,2.53
0148J0,TIGER 코리아휴머노이드로봇산업,9285.0,3608713.0,3608713.0,33506900205.0,33506900205.0,KOSPI,2.09
001060,JW중외제약,27000.0,34610.0,57819.0,934470000.0,1561113000.0,KOSPI,-1.46
248070,솔루엠,13130.0,71002.0,104378.0,932256260.0,1370483140.0,KOSPI,-0.83
002350,넥센타이어,6420.0,59112.0,59112.0,379499040.0,379499040.0,KOSPI,-2.13
014820,동원시스템즈,21600.0,40012.0,44914.0,864259200.0,970142400.0,KOSPI,-1.14
383800,LX홀딩스,8160.0,66179.0,95316.0,540020640.0,777778560.0,KOSPI,-1.81
000640,동아쏘시오홀딩스,92200.0,20797.0,22520.0,1917483400.0,2076344000.0,KOSPI,-1.5
489250,KODEX 미국배당다우존스,13190.0,541009.0,541009.0,7135908710.0,7135908710.0,KOSPI,-0.26
108320,LX세미콘,37800.0,62744.0,88623.0,2371723200.0,3349949400.0,KOSPI,0.67
002840,미원상사,135800.0,6429.0,6896.0,873058200.0,936476800.0,KOSPI,-1.02
075580,세진중공업,10710.0,79052.0,149215.0,846646920.0,1598092650.0,KOSPI,0.28
0091P0,TIGER 코리아원자력,18010.0,4248362.0,4248362.0,76512999620.0,76512999620.0,KOSPI,0.45
001680,대상,17490.0,149949.0,212648.0,2622608010.0,3719213520.0,KOSPI,-3.64
385560,RISE KIS국고채30년Enhanced,52470.0,18793.0,18793.0,986068710.0,986068710.0,KOSPI,1.54
001510,SK증권,2615.0,7407105.0,7407105.0,19369579575.0,19369579575.0,KOSPI,-0.38
484790,KODEX 미국30년국채액티브(H),8335.0,263570.0,263570.0,2196855950.0,2196855950.0,KOSPI,0.06
251600,PLUS 고배당주채권혼합,15510.0,133114.0,133114.0,2064598140.0,2064598140.0,KOSPI,-0.1
488080,TIGER 반도체TOP10레버리지,33500.0,5655127.0,5655127.0,189446754500.0,189446754500.0,KOSPI,3.44
453340,현대그린푸드,18280.0,41685.0,48175.0,762001800.0,880639000.0,KOSPI,-0.81
277630,TIGER 코스피,71885.0,50518.0,50518.0,3631486430.0,3631486430.0,KOSPI,1.19
0015B0,KoAct 미국나스닥성장기업액티브,18365.0,449277.0,449277.0,8250972105.0,8250972105.0,KOSPI,3.17
00088K,한화3우B,40100.0,71825.0,71825.0,2880182500.0,2880182500.0,KOSPI,9.56
079900,전진건설로봇,40100.0,230281.0,644916.0,9234268100.0,25861131600.0,KOSPI,-4.64
003300,한일홀딩스,18890.0,30532.0,39420.0,576749480.0,744643800.0,KOSPI,2.94
423920,TIGER 미국필라델피아반도체레버리지(합성),82955.0,294065.0,294065.0,24394162075.0,24394162075.0,KOSPI,3.87
006650,대한유화,89500.0,51303.0,66027.0,4591618500.0,5909416500.0,KOSPI,1.7
494670,TIGER 조선TOP10,22515.0,233333.0,233333.0,5253492495.0,5253492495.0,KOSPI,1.1
090460,비에이치,17190.0,497579.0,1097320.0,8553383010.0,18862930800.0,KOSPI,0.94
001270,부국증권,55500.0,1242.0,1588.0,68931000.0,88134000.0,KOSPI,-0.89
396520,TIGER 차이나반도체FACTSET,13930.0,1066669.0,1066669.0,14858699170.0,14858699170.0,KOSPI,2.84
114090,GKL,9270.0,102096.0,127473.0,946429920.0,1181674710.0,KOSPI,-0.54
371160,TIGER 차이나항셍테크,6995.0,519743.0,519743.0,3635602285.0,3635602285.0,KOSPI,-0.71
466950,TIGER 글로벌AI액티브,30500.0,244073.0,244073.0,7444226500.0,7444226500.0,KOSPI,2.25
0019K0,TIME 미국나스닥100채권혼합50액티브,13250.0,234546.0,234546.0,3107734500.0,3107734500.0,KOSPI,0.95
058650,세아홀딩스,133400.0,806.0,806.0,107520400.0,107520400.0,KOSPI,-1.55
449190,KODEX 미국나스닥100(H),22095.0,157742.0,157742.0,3485309490.0,3485309490.0,KOSPI,0.71
002990,금호건설,15150.0,3450902.0,3450902.0,52281165300.0,52281165300.0,KOSPI,-3.44
025540,한국단자,55800.0,35426.0,44849.0,1976770800.0,2502574200.0,KOSPI,-1.06
016380,KG스틸,5600.0,139502.0,139502.0,781211200.0,781211200.0,KOSPI,-0.88
178920,PI첨단소재,19070.0,39806.0,56265.0,759100420.0,1072973550.0,KOSPI,1.17
477050,PLUS 머니마켓액티브,53500.0,50845.0,50845.0,2720207500.0,2720207500.0,KOSPI,0.02
005810,풍산홀딩스,38550.0,18270.0,26491.0,704308500.0,1021228050.0,KOSPI,0.52
491620,RISE 미국테크100데일리고정커버드콜,10685.0,838565.0,838565.0,8960067025.0,8960067025.0,KOSPI,0.85
462010,TIGER 2차전지소재Fn,5080.0,5860671.0,5860671.0,29772208680.0,29772208680.0,KOSPI,6.05
0007F0,KODEX 27-12 회사채(AA-이상)액티브,10195.0,37671.0,37671.0,384055845.0,384055845.0,KOSPI,0.05
336370,솔루스첨단소재,7810.0,139864.0,251356.0,1092337840.0,1963090360.0,KOSPI,3.58
007700,F&F홀딩스,14000.0,16708.0,20993.0,233912000.0,293902000.0,KOSPI,-2.03
463250,TIGER K방산&우주,35870.0,200884.0,200884.0,7205709080.0,7205709080.0,KOSPI,4.03
003620,KG모빌리티,2685.0,283863.0,283863.0,762172155.0,762172155.0,KOSPI,-0.56
0105E0,SOL 코리아고배당,12990.0,199059.0,199059.0,2585776410.0,2585776410.0,KOSPI,-0.54
460860,동국제강,10840.0,753677.0,1531247.0,8169858680.0,16598717480.0,KOSPI,12.22
438330,TIGER 우량회사채액티브,115840.0,4252.0,4252.0,492551680.0,492551680.0,KOSPI,0.13
455030,KODEX 미국달러SOFR금리액티브(합성),11885.0,92902.0,92902.0,1104140270.0,1104140270.0,KOSPI,-0.38
365780,ACE 국고채10년,82985.0,3206.0,3206.0,266049910.0,266049910.0,KOSPI,0.31
444200,SOL 코리아메가테크액티브,46510.0,43667.0,43667.0,2030952170.0,2030952170.0,KOSPI,2.04
001530,DI동일,25350.0,57295.0,100059.0,1452428250.0,2536495650.0,KOSPI,5.85
00104K,CJ4우(전환),123600.0,2969.0,2969.0,366968400.0,366968400.0,KOSPI,-1.98
496080,TIGER 코리아밸류업,32310.0,83788.0,83788.0,2707190280.0,2707190280.0,KOSPI,1.05
161000,애경케미칼,10640.0,712074.0,1884674.0,7576467360.0,20052931360.0,KOSPI,8.57
008060,대덕,16500.0,71142.0,93359.0,1173843000.0,1540423500.0,KOSPI,3.32
315960,RISE 대형고배당10TR,77805.0,71858.0,71858.0,5590911690.0,5590911690.0,KOSPI,0.21
284740,쿠쿠홈시스,22850.0,18422.0,22405.0,420942700.0,511954250.0,KOSPI,-0.65
251350,KODEX MSCI선진국,39385.0,24243.0,24243.0,954810555.0,954810555.0,KOSPI,0.04
0190C0,RISE 현대차고정피지컬AI,8345.0,1171332.0,1171332.0,9774765540.0,9774765540.0,KOSPI,-1.01
435420,TIGER 미국나스닥100채권혼합50,14030.0,114623.0,114623.0,1608160690.0,1608160690.0,KOSPI,0.04
448730,삼성FN리츠,5490.0,35023.0,35023.0,192276270.0,192276270.0,KOSPI,-0.54
039130,하나투어,32200.0,61411.0,86193.0,1977434200.0,2775414600.0,KOSPI,-4.59
001500,현대차증권,8020.0,54950.0,93096.0,440699000.0,746629920.0,KOSPI,-0.87
034310,NICE,13380.0,48748.0,52572.0,652248240.0,703413360.0,KOSPI,0.38
003545,대신증권우,20150.0,44301.0,44301.0,892665150.0,892665150.0,KOSPI,-1.47
361580,RISE 200TR,62050.0,77904.0,77904.0,4833943200.0,4833943200.0,KOSPI,1.22
010780,아이에스동서,16200.0,109144.0,144488.0,1768132800.0,2340705600.0,KOSPI,0.37
114260,KODEX 국고채3년,61985.0,43222.0,43222.0,2679115670.0,2679115670.0,KOSPI,0.19
009410,태영건설,1640.0,259707.0,259707.0,425919480.0,425919480.0,KOSPI,-1.62
377740,바이오노트,4750.0,93708.0,93708.0,445113000.0,445113000.0,KOSPI,-1.86
476800,KODEX 한국부동산리츠인프라,4220.0,521053.0,521053.0,2198843660.0,2198843660.0,KOSPI,-0.94
490490,SOL 미국배당미국채혼합50,11245.0,154205.0,154205.0,1734035225.0,1734035225.0,KOSPI,-0.66
499660,TIGER CD금리플러스액티브(합성),1002580.0,15533.0,15533.0,15573075140.0,15573075140.0,KOSPI,0.02
004690,삼천리,130900.0,6717.0,7985.0,879255300.0,1045236500.0,KOSPI,-0.08
471230,KODEX 국고채10년액티브,104445.0,21304.0,21304.0,2225096280.0,2225096280.0,KOSPI,0.23
005250,녹십자홀딩스,10010.0,66210.0,111364.0,662762100.0,1114753640.0,KOSPI,-2.91
243880,TIGER 200IT레버리지,329495.0,120686.0,120686.0,39765433570.0,39765433570.0,KOSPI,4.54
090435,아모레퍼시픽우,44400.0,14078.0,14078.0,625063200.0,625063200.0,KOSPI,-2.52
0163Y0,KoAct 코스닥액티브,9050.0,399717.0,399717.0,3617438850.0,3617438850.0,KOSPI,1.57
145990,삼양사,45050.0,3598.0,4982.0,162089900.0,224439100.0,KOSPI,-1.64
019170,신풍제약,8840.0,381745.0,912966.0,3374625800.0,8070619440.0,KOSPI,-4.95
000070,삼양홀딩스,59600.0,5355.0,5982.0,319158000.0,356527200.0,KOSPI,0.0
448290,TIGER 미국S&P500(H),17820.0,92382.0,92382.0,1646247240.0,1646247240.0,KOSPI,0.39
002240,고려제강,17070.0,13230.0,16823.0,225836100.0,287168610.0,KOSPI,-1.33
483280,KODEX 미국AI테크TOP10타겟커버드콜,11640.0,191133.0,191133.0,2224788120.0,2224788120.0,KOSPI,0.34
017900,광전자,7880.0,4194689.0,4194689.0,33054149320.0,33054149320.0,KOSPI,3.55
249420,일동제약,14360.0,214275.0,408778.0,3076989000.0,5870052080.0,KOSPI,-4.52
451000,PLUS 종합채권(AA-이상)액티브,107510.0,327.0,327.0,35155770.0,35155770.0,KOSPI,0.13
473290,KODEX 26-12 회사채(AA-이상)액티브,10885.0,20968.0,20968.0,228236680.0,228236680.0,KOSPI,0.09
005389,현대차3우B,193200.0,16834.0,16834.0,3252328800.0,3252328800.0,KOSPI,-0.87
293180,HANARO 200,109390.0,20574.0,20574.0,2250589860.0,2250589860.0,KOSPI,1.15
417310,코람코더원리츠,10930.0,431132.0,431132.0,4712272760.0,4712272760.0,KOSPI,-0.91
451060,1Q 200액티브,34970.0,173356.0,173356.0,6062259320.0,6062259320.0,KOSPI,1.33
072710,농심홀딩스,94200.0,3546.0,4907.0,334033200.0,462239400.0,KOSPI,-1.26
447770,TIGER 테슬라채권혼합Fn,13695.0,61819.0,61819.0,846611205.0,846611205.0,KOSPI,-0.33
005945,NH투자증권우,23150.0,50541.0,50541.0,1170024150.0,1170024150.0,KOSPI,-1.07
005420,코스모화학,11260.0,135964.0,204718.0,1530954640.0,2305124680.0,KOSPI,4.74
092230,KPX홀딩스,101700.0,3156.0,3730.0,320965200.0,379341000.0,KOSPI,0.2
014830,유니드,63300.0,7809.0,13056.0,494309700.0,826444800.0,KOSPI,-1.71
317400,자이에스앤디,11030.0,1113937.0,1113937.0,12286725110.0,12286725110.0,KOSPI,0.73
002030,아세아,207000.0,4343.0,4677.0,899001000.0,968139000.0,KOSPI,0.98
130660,한전산업,13070.0,1350200.0,1350200.0,17647114000.0,17647114000.0,KOSPI,-1.51
148070,KIWOOM 국고채10년,105185.0,20964.0,20964.0,2205098340.0,2205098340.0,KOSPI,0.32
029460,케이씨,38650.0,49614.0,106889.0,1917581100.0,4131259850.0,KOSPI,6.47
004700,조광피혁,64000.0,28.0,44.0,1792000.0,2816000.0,KOSPI,0.0
0016X0,SOL 중단기회사채(A-이상)액티브,51515.0,1118.0,1118.0,57593770.0,57593770.0,KOSPI,0.06
403550,쏘카,11130.0,13190.0,17009.0,146804700.0,189310170.0,KOSPI,0.0
001200,유진투자증권,4340.0,242189.0,242189.0,1051100260.0,1051100260.0,KOSPI,-1.36
357120,코람코라이프인프라리츠,4310.0,45717.0,45717.0,197040270.0,197040270.0,KOSPI,0.12
009900,명신산업,7990.0,105840.0,191667.0,845661600.0,1531419330.0,KOSPI,-0.99
002810,삼영무역,22450.0,18653.0,27368.0,418759850.0,614411600.0,KOSPI,-2.81
474220,TIGER 미국테크TOP10타겟커버드콜,14780.0,114966.0,114966.0,1699197480.0,1699197480.0,KOSPI,0.27
0173Y0,KODEX 미국AI광통신네트워크,11660.0,1313805.0,1313805.0,15318966300.0,15318966300.0,KOSPI,6.29
016610,DB증권,9750.0,70698.0,92346.0,689305500.0,900373500.0,KOSPI,0.21
484870,엠앤씨솔루션,15060.0,48084.0,79994.0,724145040.0,1204709640.0,KOSPI,-1.18
003030,세아제강지주,99700.0,17724.0,20362.0,1767082800.0,2030091400.0,KOSPI,-2.06
003000,부광약품,4170.0,167003.0,167003.0,696402510.0,696402510.0,KOSPI,-0.95
003280,흥아해운,1699.0,2025231.0,2025231.0,3440867469.0,3440867469.0,KOSPI,-0.7
0120G0,삼양바이오팜,54800.0,93740.0,214499.0,5136952000.0,11754545200.0,KOSPI,-5.84
480260,TIGER 27-04회사채(A+이상)액티브,53810.0,51292.0,51292.0,2760022520.0,2760022520.0,KOSPI,0.02
016590,신대양제지,10050.0,5016.0,7048.0,50410800.0,70832400.0,KOSPI,0.0
0023A0,SOL 미국양자컴퓨팅TOP10,24105.0,124511.0,124511.0,3001337655.0,3001337655.0,KOSPI,-1.55
0162M0,KODEX 금융채1~2년(AA-이상)PLUS액티브,10085.0,42785.0,42785.0,431486725.0,431486725.0,KOSPI,0.2
471990,KODEX AI반도체핵심장비,24460.0,882438.0,882438.0,21584433480.0,21584433480.0,KOSPI,2.88
029530,신도리코,41200.0,3401.0,4176.0,140121200.0,172051200.0,KOSPI,-0.36
344820,KCC글라스,25050.0,7658.0,9406.0,191832900.0,235620300.0,KOSPI,-0.6
385720,TIME 코스피액티브,25730.0,60138.0,60138.0,1547350740.0,1547350740.0,KOSPI,1.52
008730,율촌화학,16070.0,57094.0,77483.0,917500580.0,1245151810.0,KOSPI,-0.25
0060H0,TIGER 토탈월드스탁액티브,12790.0,87924.0,87924.0,1124547960.0,1124547960.0,KOSPI,0.27
001940,KISCO홀딩스,27950.0,5264.0,7225.0,147128800.0,201938750.0,KOSPI,-1.24
426020,TIME 미국S&P500액티브,31900.0,65690.0,65690.0,2095511000.0,2095511000.0,KOSPI,0.52
091180,KODEX 자동차,27835.0,379730.0,379730.0,10569784550.0,10569784550.0,KOSPI,-2.69
306200,세아제강,138900.0,6901.0,9122.0,958548900.0,1267045800.0,KOSPI,0.51
452260,한화갤러리아,2030.0,480125.0,480125.0,974653750.0,974653750.0,KOSPI,0.0
241180,TIGER 일본니케이225,34485.0,54227.0,54227.0,1870018095.0,1870018095.0,KOSPI,-0.89
462900,KoAct 바이오헬스케어액티브,14745.0,714797.0,714797.0,10539681765.0,10539681765.0,KOSPI,0.89
271940,일진하이솔루스,10750.0,15789.0,23823.0,169731750.0,256097250.0,KOSPI,0.28
458250,TIGER 미국30년국채스트립액티브(합성 H),35070.0,30719.0,30719.0,1077315330.0,1077315330.0,KOSPI,0.79
194370,제이에스코퍼레이션,13370.0,84996.0,99373.0,1136396520.0,1328617010.0,KOSPI,0.38
192650,드림텍,5880.0,4275744.0,4275744.0,25141374720.0,25141374720.0,KOSPI,12.0
302450,RISE 코스피,71360.0,1689.0,1689.0,120527040.0,120527040.0,KOSPI,1.04
760013,키움 레버리지 반도체TOP10 ETN,76765.0,1519.0,1519.0,116606035.0,116606035.0,KOSPI,3.48
015360,INVENI,14050.0,7224.0,9878.0,101497200.0,138785900.0,KOSPI,-0.28
132030,KODEX 골드선물(H),25865.0,171907.0,171907.0,4446374555.0,4446374555.0,KOSPI,-0.44
183190,아세아시멘트,10550.0,51344.0,87556.0,541679200.0,923715800.0,KOSPI,1.74
484880,SOL 금융지주플러스고배당,22435.0,255086.0,255086.0,5722854410.0,5722854410.0,KOSPI,0.72
469070,RISE AI&로봇,11230.0,344706.0,344706.0,3871048380.0,3871048380.0,KOSPI,0.22
950210,프레스티지바이오파마,6250.0,45728.0,45728.0,285800000.0,285800000.0,KOSPI,-0.16
027410,BGF,3910.0,33779.0,33779.0,132075890.0,132075890.0,KOSPI,-1.51
006220,제주은행,9870.0,2301014.0,2301014.0,22711008180.0,22711008180.0,KOSPI,1.44
0040Y0,SOL 팔란티어커버드콜OTM채권혼합,8450.0,634979.0,634979.0,5365572550.0,5365572550.0,KOSPI,2.18
496020,WON 전단채플러스액티브,52440.0,2402.0,2402.0,125960880.0,125960880.0,KOSPI,0.03
0131V0,1Q 미국우주항공테크,11440.0,130598.0,130598.0,1494041120.0,1494041120.0,KOSPI,0.79
0080G0,KODEX 방산TOP10,10900.0,1543829.0,1543829.0,16827736100.0,16827736100.0,KOSPI,4.61
439860,KODEX ESG종합채권(A-이상)액티브,113555.0,106.0,106.0,12036830.0,12036830.0,KOSPI,-0.22
520054,미래에셋 레버리지 코스피200 선물 ETN,184055.0,2806.0,2806.0,516458330.0,516458330.0,KOSPI,2.87
004710,한솔테크닉스,6910.0,190620.0,190620.0,1317184200.0,1317184200.0,KOSPI,-0.86
031430,신세계인터내셔날,10460.0,83606.0,102286.0,874518760.0,1069911560.0,KOSPI,-1.32
170900,동아에스티,37500.0,5013.0,6505.0,187987500.0,243937500.0,KOSPI,-2.34
476760,ACE 미국30년국채액티브,9045.0,270760.0,270760.0,2449024200.0,2449024200.0,KOSPI,0.0
017810,풀무원,9550.0,22865.0,37541.0,218360750.0,358516550.0,KOSPI,-1.55
310960,TIGER 200TR,63755.0,30759.0,30759.0,1961040045.0,1961040045.0,KOSPI,1.34
060980,HL홀딩스,39700.0,7703.0,8981.0,305809100.0,356545700.0,KOSPI,0.51
104700,한국철강,9860.0,53381.0,58398.0,526336660.0,575804280.0,KOSPI,-0.3
0043Y0,TIME 차이나AI테크액티브,20300.0,114282.0,114282.0,2319924600.0,2319924600.0,KOSPI,1.12
006405,삼성SDI우,221500.0,13573.0,13573.0,3006419500.0,3006419500.0,KOSPI,6.49
089590,제주항공,4430.0,132975.0,132975.0,589079250.0,589079250.0,KOSPI,-1.77
126560,현대퓨처넷,3270.0,128895.0,128895.0,421486650.0,421486650.0,KOSPI,-0.61
439870,KODEX 국고채30년액티브,88260.0,6879.0,6879.0,607140540.0,607140540.0,KOSPI,1.4
105630,한세실업,8870.0,71252.0,94314.0,632005240.0,836565180.0,KOSPI,-1.11
02826K,삼성물산우B,241000.0,7409.0,7409.0,1785569000.0,1785569000.0,KOSPI,-2.03
0167Z0,KODEX 미국우주항공,7775.0,511637.0,511637.0,3977977675.0,3977977675.0,KOSPI,-0.7
007690,국도화학,37600.0,29823.0,33496.0,1121344800.0,1259449600.0,KOSPI,-2.08
097520,엠씨넥스,20000.0,42668.0,48973.0,853360000.0,979460000.0,KOSPI,-1.23
0046A0,TIGER 미국초단기(3개월이하)국채,9565.0,458823.0,458823.0,4388641995.0,4388641995.0,KOSPI,-0.26
0144L0,KODEX 미국성장커버드콜액티브,9570.0,141103.0,141103.0,1350355710.0,1350355710.0,KOSPI,0.26
453810,KODEX 인도Nifty50,11735.0,114425.0,114425.0,1342777375.0,1342777375.0,KOSPI,-1.14
448300,TIGER 미국나스닥100(H),22840.0,60211.0,60211.0,1375219240.0,1375219240.0,KOSPI,0.82
385550,RISE 단기채권알파액티브,114115.0,881.0,881.0,100535315.0,100535315.0,KOSPI,0.04
279530,KODEX 고배당주,17690.0,183860.0,183860.0,3252483400.0,3252483400.0,KOSPI,-0.34
015860,일진홀딩스,6980.0,91994.0,91994.0,642118120.0,642118120.0,KOSPI,1.6
024720,콜마홀딩스,10030.0,33115.0,50448.0,332143450.0,505993440.0,KOSPI,-2.43
474590,WON 반도체밸류체인액티브,43535.0,36138.0,36138.0,1573267830.0,1573267830.0,KOSPI,2.31
005610,삼립,39700.0,1064.0,2613.0,42240800.0,103736100.0,KOSPI,-0.5
011930,신성이엔지,16870.0,126681.0,126681.0,2137108470.0,2137108470.0,KOSPI,1.63
442570,RISE TDF2050액티브 적격,17510.0,118331.0,118331.0,2071975810.0,2071975810.0,KOSPI,0.11
385510,KODEX 신재생에너지액티브,40495.0,132852.0,132852.0,5379841740.0,5379841740.0,KOSPI,4.3
011760,현대코퍼레이션,25650.0,25854.0,41513.0,663155100.0,1064808450.0,KOSPI,-2.84
0052D0,TIGER 코리아배당다우존스,15405.0,105406.0,105406.0,1623779430.0,1623779430.0,KOSPI,-1.12
0182R0,1Q K반도체TOP2+,10455.0,2151339.0,2151339.0,22492249245.0,22492249245.0,KOSPI,2.15
0228G0,ACE 반도체Plus전략산업,10375.0,669562.0,669562.0,6946705750.0,6946705750.0,KOSPI,1.57
0026S0,1Q 미국S&P500,12895.0,122246.0,122246.0,1576362170.0,1576362170.0,KOSPI,0.16
020000,한섬,15590.0,85164.0,107461.0,1327706760.0,1675316990.0,KOSPI,-2.2
456880,ACE 미국달러SOFR금리(합성),12130.0,54634.0,54634.0,662710420.0,662710420.0,KOSPI,-0.29
472170,TIGER 미국테크TOP10채권혼합,13835.0,191693.0,191693.0,2652072655.0,2652072655.0,KOSPI,0.14
002020,코오롱,25850.0,28625.0,42274.0,739956250.0,1092782900.0,KOSPI,0.0
009160,SIMPAC,5100.0,81523.0,81523.0,415767300.0,415767300.0,KOSPI,-0.39
270810,RISE 코스닥150,14455.0,322033.0,322033.0,4654987015.0,4654987015.0,KOSPI,2.23
448630,RISE 삼성그룹Top3채권혼합,15475.0,141207.0,141207.0,2185178325.0,2185178325.0,KOSPI,0.55
002310,아세아제지,8350.0,106973.0,106973.0,893224550.0,893224550.0,KOSPI,-1.53
200880,서연이화,12140.0,34462.0,70739.0,418368680.0,858771460.0,KOSPI,-1.7
092790,넥스틸,12590.0,220197.0,220197.0,2772280230.0,2772280230.0,KOSPI,2.27
026890,스틱인베스트먼트,8400.0,31484.0,38401.0,264465600.0,322568400.0,KOSPI,0.36
0052S0,1Q 미국S&P500미국채혼합50액티브,11580.0,77220.0,77220.0,894207600.0,894207600.0,KOSPI,-0.17
005720,넥센,6100.0,25124.0,25124.0,153256400.0,153256400.0,KOSPI,-0.49
0119H0,KODEX 28-12 회사채(AA-이상)액티브,9945.0,16546.0,16546.0,164549970.0,164549970.0,KOSPI,0.1
145720,덴티움,37100.0,8365.0,15551.0,310341500.0,576942100.0,KOSPI,-0.27
016800,퍼시스,27750.0,556.0,619.0,15429000.0,17177250.0,KOSPI,-0.54
001230,동국홀딩스,2030.0,260145.0,260145.0,528094350.0,528094350.0,KOSPI,0.5
009290,광동제약,6330.0,131945.0,131945.0,835211850.0,835211850.0,KOSPI,0.16
0210A0,ACE K반도체TOP2+,7180.0,2330868.0,2330868.0,16735632240.0,16735632240.0,KOSPI,2.79
123890,한국자산신탁,2560.0,167591.0,167591.0,429032960.0,429032960.0,KOSPI,-1.73
108670,LX하우시스,34900.0,25486.0,38185.0,889461400.0,1332656500.0,KOSPI,-1.83
005950,이수화학,11880.0,549853.0,549853.0,6532253640.0,6532253640.0,KOSPI,-1.57
126720,수산인더스트리,21700.0,29062.0,51213.0,630645400.0,1111322100.0,KOSPI,-2.47
272450,진에어,5900.0,130939.0,130939.0,772540100.0,772540100.0,KOSPI,0.17
489030,PLUS 고배당주위클리커버드콜,6600.0,788976.0,788976.0,5207241600.0,5207241600.0,KOSPI,0.0
003350,한국화장품제조,13420.0,1193697.0,1193697.0,16019413740.0,16019413740.0,KOSPI,-6.87
018250,애경산업,11510.0,18808.0,18808.0,216480080.0,216480080.0,KOSPI,-1.12
0111P0,1Q 미국나스닥100미국채혼합50액티브,10770.0,63137.0,63137.0,679985490.0,679985490.0,KOSPI,0.05
000157,두산2우B,340000.0,219.0,219.0,74460000.0,74460000.0,KOSPI,1.04
381970,케이카,6210.0,99250.0,151674.0,616342500.0,941895540.0,KOSPI,-1.27
190620,ACE 단기통안채,101975.0,65948.0,65948.0,6725047300.0,6725047300.0,KOSPI,0.02
002710,TCC스틸,11520.0,72237.0,154952.0,832170240.0,1785047040.0,KOSPI,5.69
096760,JW홀딩스,4075.0,74573.0,74573.0,303884975.0,303884975.0,KOSPI,0.12
025860,남해화학,6060.0,386423.0,386423.0,2341723380.0,2341723380.0,KOSPI,1.34
433330,SOL 미국S&P500,22030.0,51534.0,51534.0,1135294020.0,1135294020.0,KOSPI,0.11
078520,에이블씨엔씨,11490.0,115301.0,202765.0,1324808490.0,2329769850.0,KOSPI,-3.04
0008S0,TIGER 미국배당다우존스타겟데일리커버드콜,10180.0,331680.0,331680.0,3376502400.0,3376502400.0,KOSPI,-0.49
001750,한양증권,19670.0,3112.0,5720.0,61213040.0,112512400.0,KOSPI,-0.15
485540,KODEX 미국AI테크TOP10,14925.0,524369.0,524369.0,7826207325.0,7826207325.0,KOSPI,0.34
307520,TIGER 지주회사,22325.0,322349.0,322349.0,7196441425.0,7196441425.0,KOSPI,0.34
244920,에이플러스에셋,13120.0,18265.0,18265.0,239636800.0,239636800.0,KOSPI,0.92
012030,DB,1473.0,340384.0,340384.0,501385632.0,501385632.0,KOSPI,-1.87
034830,한국토지신탁,1172.0,232654.0,232654.0,272670488.0,272670488.0,KOSPI,0.0
136340,RISE 중기우량회사채,104420.0,21248.0,21248.0,2218716160.0,2218716160.0,KOSPI,0.09
483320,ACE 엔비디아밸류체인액티브,24395.0,1370679.0,1370679.0,33437714205.0,33437714205.0,KOSPI,2.24
217590,티엠씨,12240.0,2422313.0,2422313.0,29649111120.0,29649111120.0,KOSPI,4.97
570022,한투 레버리지S&P500선물 ETN(H),58655.0,24.0,24.0,1407720.0,1407720.0,KOSPI,1.15
001390,KG케미칼,4400.0,98440.0,98440.0,433136000.0,433136000.0,KOSPI,-0.79
0098F0,KODEX 원자력SMR,16780.0,1156773.0,1156773.0,19410650940.0,19410650940.0,KOSPI,0.15
454780,KIWOOM 종합채권(AA-이상)액티브,99770.0,22.0,22.0,2194940.0,2194940.0,KOSPI,0.11
084690,대상홀딩스,8030.0,38534.0,68472.0,309428020.0,549830160.0,KOSPI,-0.25
010820,퍼스텍,5950.0,209278.0,209278.0,1245204100.0,1245204100.0,KOSPI,-0.17
475080,KODEX 테슬라커버드콜채권혼합액티브,7935.0,187566.0,187566.0,1488336210.0,1488336210.0,KOSPI,-0.31
453870,TIGER 인도니프티50,11545.0,23562.0,23562.0,272023290.0,272023290.0,KOSPI,-1.28
002900,TYM,6940.0,190324.0,190324.0,1320848560.0,1320848560.0,KOSPI,-2.66
037710,광주신세계,37550.0,23695.0,48524.0,889747250.0,1822076200.0,KOSPI,-0.92
084010,대한제강,8330.0,15430.0,23498.0,128531900.0,195738340.0,KOSPI,3.35
461490,RISE 글로벌자산배분액티브,14820.0,47804.0,47804.0,708455280.0,708455280.0,KOSPI,-0.03
475300,SOL 반도체전공정,21650.0,836293.0,836293.0,18105743450.0,18105743450.0,KOSPI,2.8
058430,포스코스틸리온,4760.0,267129.0,267129.0,1271534040.0,1271534040.0,KOSPI,0.11
441680,TIGER 미국나스닥100커버드콜(합성),10845.0,43390.0,43390.0,470564550.0,470564550.0,KOSPI,0.28
091170,KODEX 은행,16145.0,869401.0,869401.0,14036479145.0,14036479145.0,KOSPI,0.53
473330,SOL 미국30년국채커버드콜(합성),8135.0,329439.0,329439.0,2679986265.0,2679986265.0,KOSPI,0.06
0038A0,KODEX 미국휴머노이드로봇,14820.0,63655.0,63655.0,943367100.0,943367100.0,KOSPI,0.54
033270,유나이티드제약,17720.0,27429.0,35614.0,486041880.0,631080080.0,KOSPI,-1.83
010690,화신,8020.0,283567.0,283567.0,2274207340.0,2274207340.0,KOSPI,-2.79
286940,롯데이노베이트,18500.0,8091.0,8976.0,149683500.0,166056000.0,KOSPI,0.16
273140,KODEX 단기변동금리부채권액티브,114640.0,5938.0,5938.0,680732320.0,680732320.0,KOSPI,0.02
003120,일성아이에스,21000.0,1387.0,1698.0,29127000.0,35658000.0,KOSPI,0.96
364970,TIGER 바이오TOP10,7680.0,886835.0,886835.0,6810892800.0,6810892800.0,KOSPI,-0.32
0094K0,TIGER 28-04 회사채(A+이상)액티브,99785.0,27108.0,27108.0,2704971780.0,2704971780.0,KOSPI,0.1
003960,사조대림,30400.0,6782.0,7790.0,206172800.0,236816000.0,KOSPI,-2.09
105840,우진,13790.0,320644.0,320644.0,4421680760.0,4421680760.0,KOSPI,-0.65
481190,SOL 미국테크TOP10,16530.0,741670.0,741670.0,12259805100.0,12259805100.0,KOSPI,0.27
122900,아이마켓코리아,8270.0,45729.0,45729.0,378178830.0,378178830.0,KOSPI,-0.48
004430,송원산업,11440.0,41212.0,41212.0,471465280.0,471465280.0,KOSPI,-1.12
017390,서울가스,55300.0,2560.0,3662.0,141568000.0,202508600.0,KOSPI,0.36
471780,TIGER 코리아테크액티브,35530.0,108635.0,108635.0,3859801550.0,3859801550.0,KOSPI,3.24
213610,KODEX 삼성그룹밸류,22845.0,76711.0,76711.0,1752462795.0,1752462795.0,KOSPI,1.49
334890,이지스밸류플러스리츠,3870.0,86307.0,86307.0,334008090.0,334008090.0,KOSPI,-0.13
497880,SOL CD금리&머니마켓액티브,50175.0,135383.0,135383.0,6792842025.0,6792842025.0,KOSPI,0.03
123320,TIGER 레버리지,111125.0,125078.0,125078.0,13899292750.0,13899292750.0,KOSPI,2.58
010955,S-Oil우,66100.0,9566.0,9566.0,632312600.0,632312600.0,KOSPI,-1.34
139230,TIGER 200 중공업,13570.0,244313.0,244313.0,3315327410.0,3315327410.0,KOSPI,3.04
000430,대원강업,4260.0,103937.0,103937.0,442771620.0,442771620.0,KOSPI,-2.63
005430,한국공항,83300.0,4642.0,4642.0,386678600.0,386678600.0,KOSPI,-1.19
0162Y0,TIME 코스닥액티브,7565.0,305158.0,305158.0,2308520270.0,2308520270.0,KOSPI,2.51
0053L0,TIGER 차이나휴머노이드로봇,9725.0,445581.0,445581.0,4333275225.0,4333275225.0,KOSPI,0.15
421320,PLUS 우주항공,27950.0,54937.0,54937.0,1535489150.0,1535489150.0,KOSPI,3.14
004360,세방,13500.0,17153.0,19429.0,231565500.0,262291500.0,KOSPI,0.67
471040,KoAct 글로벌AI&로봇액티브,28460.0,18438.0,18438.0,524745480.0,524745480.0,KOSPI,3.25
196230,RISE 단기통안채,116905.0,406.0,406.0,47463430.0,47463430.0,KOSPI,0.03
007160,사조산업,51300.0,4282.0,7968.0,219666600.0,408758400.0,KOSPI,0.79
283580,KODEX 차이나CSI300,15355.0,59934.0,59934.0,920286570.0,920286570.0,KOSPI,0.43
423170,SOL 글로벌AI반도체탑픽액티브,57210.0,11229.0,11229.0,642411090.0,642411090.0,KOSPI,1.58
409820,KODEX 미국나스닥100레버리지(합성 H),19835.0,108310.0,108310.0,2148328850.0,2148328850.0,KOSPI,1.59
298690,에어부산,1558.0,56401.0,56401.0,87872758.0,87872758.0,KOSPI,0.91
478150,TIME 글로벌우주테크&방산액티브,19885.0,26279.0,26279.0,522557915.0,522557915.0,KOSPI,0.94
008490,서흥,21900.0,25268.0,41969.0,553369200.0,919121100.0,KOSPI,-4.16
472920,HK 종합채권(AA-이상)액티브,98190.0,6.0,6.0,589140.0,589140.0,KOSPI,-0.01
495230,KoAct 코리아밸류업액티브,31275.0,60259.0,60259.0,1884600225.0,1884600225.0,KOSPI,1.81
003070,코오롱글로벌,9900.0,11859.0,11859.0,117404100.0,117404100.0,KOSPI,-1.0
0183V0,KIWOOM 삼성전자&SK하이닉스채권혼합50,11815.0,632110.0,632110.0,7468379650.0,7468379650.0,KOSPI,0.72
228790,TIGER 화장품,4745.0,7284768.0,7284768.0,34566224160.0,34566224160.0,KOSPI,-1.96
053690,한미글로벌,22800.0,2037490.0,2037490.0,46454772000.0,46454772000.0,KOSPI,9.35
483340,ACE 구글밸류체인액티브,22070.0,172338.0,172338.0,3803499660.0,3803499660.0,KOSPI,1.85
005680,삼영전자,12280.0,16136.0,16136.0,198150080.0,198150080.0,KOSPI,-0.41
475560,더본코리아,16560.0,110546.0,110546.0,1830641760.0,1830641760.0,KOSPI,-3.78
001790,대한제당,2840.0,180961.0,180961.0,513929240.0,513929240.0,KOSPI,-2.07
003200,일신방직,10650.0,21969.0,26613.0,233969850.0,283428450.0,KOSPI,-1.39
003650,미창석유,140500.0,3155.0,3155.0,443277500.0,443277500.0,KOSPI,-5.45
245710,ACE 베트남VN30(합성),29075.0,28044.0,28044.0,815379300.0,815379300.0,KOSPI,1.2
005500,삼진제약,18330.0,32172.0,51717.0,589712760.0,947972610.0,KOSPI,-1.19
092200,디아이씨,6260.0,564108.0,564108.0,3531316080.0,3531316080.0,KOSPI,2.62
003920,남양유업,42900.0,1973.0,2797.0,84641700.0,119991300.0,KOSPI,-0.35
530134,삼성 블룸버그 인버스2X WTI원유선물 ETN B,2695.0,795594.0,795594.0,2144125830.0,2144125830.0,KOSPI,-0.92
388420,RISE 비메모리반도체액티브,27110.0,83038.0,83038.0,2251160180.0,2251160180.0,KOSPI,2.59
136490,선진,10150.0,69488.0,69488.0,705303200.0,705303200.0,KOSPI,-4.43
404990,신한서부티엔디리츠,3910.0,29153.0,29153.0,113988230.0,113988230.0,KOSPI,-1.39
500029,신한 레버리지 은 선물 ETN(H),24090.0,3555.0,3555.0,85639950.0,85639950.0,KOSPI,-0.5
261260,KODEX 미국달러선물인버스2X,5350.0,257923.0,257923.0,1379888050.0,1379888050.0,KOSPI,0.85
044820,코스맥스비티아이,24900.0,32727.0,32727.0,814902300.0,814902300.0,KOSPI,0.81
030210,다올투자증권,3925.0,44586.0,44586.0,175000050.0,175000050.0,KOSPI,-0.13
363570,KODEX 장기종합채권(AA-이상)액티브,87110.0,81.0,81.0,7055910.0,7055910.0,KOSPI,0.61
363580,KODEX 200IT TR,55330.0,99396.0,99396.0,5499580680.0,5499580680.0,KOSPI,2.08
900140,엘브이엠씨홀딩스,1228.0,405853.0,405853.0,498387484.0,498387484.0,KOSPI,0.08
001460,BYC,37950.0,792.0,1045.0,30056400.0,39657750.0,KOSPI,0.4
000680,LS네트웍스,3005.0,80688.0,80688.0,242467440.0,242467440.0,KOSPI,-0.83
226320,잇츠한불,10790.0,23206.0,43574.0,250392740.0,470163460.0,KOSPI,-1.82
493810,TIGER 미국AI빅테크10타겟데일리커버드콜,11275.0,135000.0,135000.0,1522125000.0,1522125000.0,KOSPI,0.22
025000,KPX케미칼,53800.0,2320.0,2320.0,124816000.0,124816000.0,KOSPI,-0.19
442320,RISE 글로벌원자력,37380.0,25272.0,25272.0,944667360.0,944667360.0,KOSPI,2.58
0182S0,1Q K반도체TOP2채권혼합50,12500.0,239999.0,239999.0,2999987500.0,2999987500.0,KOSPI,0.93
0030R0,대신밸류리츠,3925.0,13028.0,13028.0,51134900.0,51134900.0,KOSPI,2.61
329650,KODEX TRF3070,14130.0,29688.0,29688.0,419491440.0,419491440.0,KOSPI,-0.11
448540,ACE 엔비디아채권혼합,26465.0,44163.0,44163.0,1168773795.0,1168773795.0,KOSPI,0.76
134380,미원화학,10580.0,2099.0,2099.0,22207420.0,22207420.0,KOSPI,0.0
452360,SOL 미국배당다우존스(H),13720.0,112553.0,112553.0,1544227160.0,1544227160.0,KOSPI,-0.07
157500,TIGER 증권,12600.0,314542.0,314542.0,3963229200.0,3963229200.0,KOSPI,-0.4
002320,한진,14860.0,16094.0,24596.0,239156840.0,365496560.0,KOSPI,-1.85
001340,PKC,5110.0,78982.0,78982.0,403598020.0,403598020.0,KOSPI,0.99
437080,KODEX 미국종합채권ESG액티브(H),97520.0,4674.0,4674.0,455808480.0,455808480.0,KOSPI,0.05
000320,노루홀딩스,17260.0,4044.0,5663.0,69799440.0,97743380.0,KOSPI,-0.06
0092C0,SOL 27-12 회사채(AA-이상)액티브,50270.0,104.0,104.0,5228080.0,5228080.0,KOSPI,0.05
000490,대동,7900.0,173559.0,173559.0,1371116100.0,1371116100.0,KOSPI,-0.25
034120,SBS,12260.0,2767.0,4250.0,33923420.0,52105000.0,KOSPI,-1.05
472160,TIGER 미국테크TOP10 INDXX(H),18555.0,704975.0,704975.0,13080811125.0,13080811125.0,KOSPI,0.6
044450,KSS해운,10050.0,21480.0,21480.0,215874000.0,215874000.0,KOSPI,-0.99
000050,경방,8260.0,24229.0,24229.0,200131540.0,200131540.0,KOSPI,0.12
0089D0,KODEX 금융고배당TOP10,13330.0,205542.0,205542.0,2739874860.0,2739874860.0,KOSPI,0.23
458260,TIGER 미국투자등급회사채액티브(H),46700.0,5709.0,5709.0,266610300.0,266610300.0,KOSPI,0.13
433500,ACE 원자력TOP10,59205.0,114146.0,114146.0,6758013930.0,6758013930.0,KOSPI,-0.1
298000,효성화학,59200.0,32811.0,32811.0,1942411200.0,1942411200.0,KOSPI,0.34
033920,무학,7870.0,16502.0,16502.0,129870740.0,129870740.0,KOSPI,-0.25
463050,TIME K바이오액티브,13175.0,292195.0,292195.0,3849669125.0,3849669125.0,KOSPI,-0.87
422420,RISE 2차전지액티브,6920.0,364326.0,364326.0,2521135920.0,2521135920.0,KOSPI,5.81
000540,흥국화재,3465.0,37875.0,37875.0,131236875.0,131236875.0,KOSPI,-0.43
051905,LG생활건강우,106100.0,5288.0,5288.0,561056800.0,561056800.0,KOSPI,-2.21
003720,삼영,6540.0,100285.0,100285.0,655863900.0,655863900.0,KOSPI,0.31
244580,KODEX 바이오,8605.0,465204.0,465204.0,4003080420.0,4003080420.0,KOSPI,-0.35
001250,GS글로벌,2690.0,300011.0,300011.0,807029590.0,807029590.0,KOSPI,-1.1
486450,SOL 미국AI전력인프라,19880.0,259965.0,259965.0,5168104200.0,5168104200.0,KOSPI,0.2
488980,SOL 26-12 회사채(AA-이상)액티브,52110.0,132.0,132.0,6878520.0,6878520.0,KOSPI,0.03
011500,한농화성,14100.0,137968.0,137968.0,1945348800.0,1945348800.0,KOSPI,6.25
414780,TIGER 차이나과창판STAR50(합성),14165.0,77547.0,77547.0,1098453255.0,1098453255.0,KOSPI,2.72
0104N0,TIGER 200타겟위클리커버드콜,21145.0,68912.0,68912.0,1457144240.0,1457144240.0,KOSPI,1.71
009680,모토닉,10110.0,6930.0,10677.0,70062300.0,107944470.0,KOSPI,-0.69
000650,천일고속,153500.0,2076.0,2076.0,318666000.0,318666000.0,KOSPI,1.59
0094M0,RISE 코리아밸류업위클리고정커버드콜,17970.0,486240.0,486240.0,8737732800.0,8737732800.0,KOSPI,1.18
498270,KIWOOM 미국양자컴퓨팅,14655.0,28141.0,28141.0,412406355.0,412406355.0,KOSPI,0.1
305080,TIGER 미국채10년선물,12320.0,56404.0,56404.0,694897280.0,694897280.0,KOSPI,-0.36
005010,휴스틸,3870.0,167873.0,167873.0,649668510.0,649668510.0,KOSPI,-0.51
03473K,SK우,380000.0,1895.0,1895.0,720100000.0,720100000.0,KOSPI,4.25
020120,키다리스튜디오,5800.0,2600690.0,2600690.0,15084002000.0,15084002000.0,KOSPI,5.45
000480,CR홀딩스,4570.0,10301.0,10301.0,47075570.0,47075570.0,KOSPI,0.0
003555,LG우,70600.0,6758.0,6758.0,477114800.0,477114800.0,KOSPI,0.43
432320,KB스타리츠,1410.0,102946.0,102946.0,145153860.0,145153860.0,KOSPI,-1.33
017860,DS단석,11890.0,47762.0,47762.0,567890180.0,567890180.0,KOSPI,0.59
267770,TIGER 200선물레버리지,84365.0,91877.0,91877.0,7751203105.0,7751203105.0,KOSPI,2.77
0233J0,TIGER 삼성전자SK하이닉스미국채혼합50,10515.0,902135.0,902135.0,9485949525.0,9485949525.0,KOSPI,0.91
266160,RISE 고배당,33020.0,27214.0,27214.0,898606280.0,898606280.0,KOSPI,0.64
530145,삼성 레버리지 천연가스 선물 ETN D,12330.0,266933.0,266933.0,3291283890.0,3291283890.0,KOSPI,4.36
035150,백산,10590.0,14690.0,19090.0,155567100.0,202163100.0,KOSPI,0.09
332930,HANARO 200TR,143355.0,2612.0,2612.0,374443260.0,374443260.0,KOSPI,1.35
466930,SOL 자동차TOP3플러스,25330.0,172507.0,172507.0,4369602310.0,4369602310.0,KOSPI,-2.11
004980,성신양회,8440.0,62422.0,109990.0,526841680.0,928315600.0,KOSPI,0.72
003520,영진약품,1131.0,318824.0,318824.0,360589944.0,360589944.0,KOSPI,-1.82
490090,TIGER 미국AI빅테크10,15685.0,192537.0,192537.0,3019942845.0,3019942845.0,KOSPI,0.13
0204D0,KODEX 현대차로보틱스밸류체인TOP3플러스,6290.0,1491088.0,1491088.0,9378943520.0,9378943520.0,KOSPI,-2.71
117700,KODEX 건설,7220.0,4970634.0,4970634.0,35887977480.0,35887977480.0,KOSPI,1.26
520094,미래에셋 CD금리 플러스 ETN,102240.0,2239.0,2239.0,228915360.0,228915360.0,KOSPI,0.02
0115D0,KODEX 조선TOP10,7890.0,1130710.0,1130710.0,8921301900.0,8921301900.0,KOSPI,1.35
037270,YG PLUS,3190.0,141771.0,141771.0,452249490.0,452249490.0,KOSPI,-2.0
495060,TIME 코리아밸류업액티브,28535.0,87173.0,87173.0,2487481555.0,2487481555.0,KOSPI,0.72
100250,진양홀딩스,3155.0,91473.0,91473.0,288597315.0,288597315.0,KOSPI,-0.47
095570,AJ네트웍스,4425.0,58524.0,58524.0,258968700.0,258968700.0,KOSPI,-1.45
0005A0,KODEX 미국S&P500데일리커버드콜OTM,9555.0,244289.0,244289.0,2334181395.0,2334181395.0,KOSPI,0.1
013580,계룡건설,22250.0,48509.0,48509.0,1079325250.0,1079325250.0,KOSPI,-1.77
0047A0,TIGER 차이나테크TOP10,13090.0,32969.0,32969.0,431564210.0,431564210.0,KOSPI,-0.42
0151S0,KODEX 미국AI반도체TOP3플러스,14625.0,364257.0,364257.0,5327258625.0,5327258625.0,KOSPI,1.7
088260,이리츠코크렙,3110.0,74219.0,74219.0,230821090.0,230821090.0,KOSPI,-1.58
028100,동아지질,17520.0,16067.0,16067.0,281493840.0,281493840.0,KOSPI,-0.74
001630,종근당홀딩스,39100.0,1745.0,2443.0,68229500.0,95521300.0,KOSPI,-0.26
394670,TIGER 글로벌리튬&2차전지SOLACTIVE(합성),11630.0,14464.0,14464.0,168216320.0,168216320.0,KOSPI,-0.21
039570,HDC랩스,7540.0,3104.0,3104.0,23404160.0,23404160.0,KOSPI,-0.13
001130,대한제분,11500.0,11012.0,13001.0,126638000.0,149511500.0,KOSPI,-0.86
302190,TIGER 중장기국채,50300.0,5909.0,5909.0,297222700.0,297222700.0,KOSPI,0.2
053210,스카이라이프,4080.0,11811.0,11811.0,48188880.0,48188880.0,KOSPI,0.62
429000,TIGER 미국S&P500배당귀족,13745.0,34959.0,34959.0,480511455.0,480511455.0,KOSPI,0.0
480040,ACE 미국반도체데일리타겟커버드콜(합성),14650.0,99914.0,99914.0,1463740100.0,1463740100.0,KOSPI,1.95
495550,SOL 코리아밸류업TR,33010.0,20529.0,20529.0,677662290.0,677662290.0,KOSPI,1.07
004310,현대약품,6010.0,232576.0,232576.0,1397781760.0,1397781760.0,KOSPI,-0.99
0069M0,1Q 미국나스닥100,13440.0,69237.0,69237.0,930545280.0,930545280.0,KOSPI,0.52
0091C0,KODEX 미국10년국채액티브(H),9620.0,63456.0,63456.0,610446720.0,610446720.0,KOSPI,-0.05
377190,디앤디플랫폼리츠,2155.0,135168.0,135168.0,291287040.0,291287040.0,KOSPI,-1.15
433980,KODEX TDF2040액티브 적격,15915.0,42555.0,42555.0,677262825.0,677262825.0,KOSPI,-0.13
339770,교촌에프앤비,3800.0,45153.0,45153.0,171581400.0,171581400.0,KOSPI,-1.04
412570,TIGER 2차전지TOP10레버리지,1345.0,12721638.0,12721638.0,17110603110.0,17110603110.0,KOSPI,12.18
117580,대성에너지,6830.0,30127.0,30127.0,205767410.0,205767410.0,KOSPI,-0.29
016580,환인제약,10090.0,28042.0,28042.0,282943780.0,282943780.0,KOSPI,-0.79
0082V0,KODEX TDF2060액티브 적격,11315.0,70652.0,70652.0,799427380.0,799427380.0,KOSPI,0.31
102260,동성케미컬,3695.0,66588.0,66588.0,246042660.0,246042660.0,KOSPI,-0.67
128820,대성산업,4135.0,59175.0,59175.0,244688625.0,244688625.0,KOSPI,0.12
486830,HANARO 머니마켓액티브,53275.0,13254.0,13254.0,706106850.0,706106850.0,KOSPI,0.02
035510,신세계 I&C,13360.0,30137.0,30137.0,402630320.0,402630320.0,KOSPI,-1.04
003547,대신증권2우B,19420.0,16267.0,16267.0,315905140.0,315905140.0,KOSPI,-1.42
025560,미래산업,6710.0,618889.0,618889.0,4152745190.0,4152745190.0,KOSPI,-2.61
000140,하이트진로홀딩스,8030.0,13540.0,13540.0,108726200.0,108726200.0,KOSPI,-1.95
002420,세기상사,5970.0,8646.0,8646.0,51616620.0,51616620.0,KOSPI,2.75
500069,신한 레버리지 코스피 200 선물 ETN,185575.0,6.0,6.0,1113450.0,1113450.0,KOSPI,2.87
033530,SJG세종,6850.0,27860.0,27860.0,190841000.0,190841000.0,KOSPI,-1.86
461950,KODEX 2차전지핵심소재10,5185.0,1966282.0,1966282.0,10195172170.0,10195172170.0,KOSPI,5.71
530104,삼성 레버리지 코스피200 선물 ETN,185000.0,2578.0,2578.0,476930000.0,476930000.0,KOSPI,2.06
007860,서연,7850.0,19529.0,19529.0,153302650.0,153302650.0,KOSPI,-1.26
102460,이연제약,9910.0,38551.0,38551.0,382040410.0,382040410.0,KOSPI,-1.78
483290,KODEX 미국배당다우존스타겟커버드콜,10585.0,203807.0,203807.0,2157297095.0,2157297095.0,KOSPI,-0.52
233160,TIGER 코스닥150 레버리지,8215.0,2402300.0,2402300.0,19734894500.0,19734894500.0,KOSPI,4.05
122090,PLUS 코스피50,81750.0,21729.0,21729.0,1776345750.0,1776345750.0,KOSPI,1.06
463290,1Q 단기금융채액티브,109220.0,13531.0,13531.0,1477855820.0,1477855820.0,KOSPI,0.02
016450,한세예스24홀딩스,4560.0,12476.0,12476.0,56890560.0,56890560.0,KOSPI,-0.76
002100,경농,9270.0,32733.0,32733.0,303434910.0,303434910.0,KOSPI,-0.43
241590,화승엔터프라이즈,2970.0,16843.0,16843.0,50023710.0,50023710.0,KOSPI,-0.17
002150,도화엔지니어링,5300.0,35061.0,35061.0,185823300.0,185823300.0,KOSPI,-0.38
213500,한솔제지,7470.0,25669.0,25669.0,191747430.0,191747430.0,KOSPI,-0.4
004560,현대비앤지스틸,11790.0,25102.0,25102.0,295952580.0,295952580.0,KOSPI,0.17
494330,ACE 라이프자산주주가치액티브,32855.0,63080.0,63080.0,2072493400.0,2072493400.0,KOSPI,-0.57
014710,사조씨푸드,10280.0,3618.0,3618.0,37193040.0,37193040.0,KOSPI,0.39
0099L0,ACE 우량회사채(AA-이상)액티브,99765.0,19954.0,19954.0,1990710810.0,1990710810.0,KOSPI,0.05
0040X0,SOL 팔란티어미국채커버드콜혼합,9670.0,132672.0,132672.0,1282938240.0,1282938240.0,KOSPI,0.36
0093A0,RISE AI반도체TOP10,32110.0,67083.0,67083.0,2154035130.0,2154035130.0,KOSPI,2.46
487570,HS효성,47300.0,1954.0,1954.0,92424200.0,92424200.0,KOSPI,0.0
473460,KODEX 미국서학개미,23145.0,50376.0,50376.0,1165952520.0,1165952520.0,KOSPI,0.5
003460,유화증권,3095.0,54499.0,54499.0,168674405.0,168674405.0,KOSPI,-0.64
234080,JW생명과학,11070.0,22122.0,22122.0,244890540.0,244890540.0,KOSPI,-1.69
0005G0,IBK K-AI반도체코어테크,50765.0,13405.0,13405.0,680504825.0,680504825.0,KOSPI,1.66
003610,방림,5450.0,61264.0,61264.0,333888800.0,333888800.0,KOSPI,0.0
000700,유수홀딩스,6710.0,38871.0,38871.0,260824410.0,260824410.0,KOSPI,0.3
000390,SP삼화,6400.0,66081.0,66081.0,422918400.0,422918400.0,KOSPI,-1.23
003220,대원제약,7760.0,28826.0,44341.0,223689760.0,344086160.0,KOSPI,-1.52
004380,삼익THK,8390.0,16113.0,16113.0,135188070.0,135188070.0,KOSPI,0.24
006805,미래에셋증권우,12850.0,27685.0,27685.0,355752250.0,355752250.0,KOSPI,-0.08
005960,동부건설,7520.0,49632.0,49632.0,373232640.0,373232640.0,KOSPI,-1.96
0190G0,KODEX 반도체타겟위클리커버드콜,8900.0,487306.0,487306.0,4337023400.0,4337023400.0,KOSPI,2.01
010580,에스엠벡셀,1539.0,11197.0,11197.0,17232183.0,17232183.0,KOSPI,0.52
0051G0,SOL 미국원자력SMR,13960.0,103409.0,103409.0,1443589640.0,1443589640.0,KOSPI,-0.82
015230,대창단조,6300.0,39353.0,39353.0,247923900.0,247923900.0,KOSPI,0.16
200250,KIWOOM 인도Nifty50(합성),21555.0,6649.0,6649.0,143319195.0,143319195.0,KOSPI,-1.01
002170,SYTS,56600.0,8233.0,8233.0,465987800.0,465987800.0,KOSPI,-0.18
480020,ACE 미국빅테크7+데일리타겟커버드콜(합성),10330.0,296625.0,296625.0,3064136250.0,3064136250.0,KOSPI,0.29
490600,RISE 미국배당100데일리고정커버드콜,9235.0,192385.0,192385.0,1776675475.0,1776675475.0,KOSPI,-0.27
403790,MIDAS 코스피액티브,57675.0,86956.0,86956.0,5015187300.0,5015187300.0,KOSPI,0.09
332500,ACE 200TR,73300.0,10372.0,10372.0,760267600.0,760267600.0,KOSPI,1.08
472870,RISE 미국30년국채엔화노출(합성 H),6950.0,209495.0,209495.0,1455990250.0,1455990250.0,KOSPI,-0.36
491820,HANARO 전력설비투자,45500.0,198036.0,198036.0,9010638000.0,9010638000.0,KOSPI,9.18
016880,웅진,2100.0,112487.0,112487.0,236222700.0,236222700.0,KOSPI,0.0
0064K0,KODEX 금액티브,13340.0,198004.0,198004.0,2641373360.0,2641373360.0,KOSPI,-0.74
160580,TIGER 구리실물,16300.0,109864.0,109864.0,1790783200.0,1790783200.0,KOSPI,-2.6
013890,지누스,7510.0,27068.0,37860.0,203280680.0,284328600.0,KOSPI,1.62
237370,KODEX 코리아배당성장채권혼합,15705.0,35166.0,35166.0,552282030.0,552282030.0,KOSPI,-0.1
097955,CJ제일제당 우,123000.0,3062.0,3062.0,376626000.0,376626000.0,KOSPI,-1.05
337160,KODEX 200ESG,48000.0,8468.0,8468.0,406464000.0,406464000.0,KOSPI,1.04
494220,UNICORN SK하이닉스밸류체인액티브,46445.0,56999.0,56999.0,2647318555.0,2647318555.0,KOSPI,1.9
101530,해태제과식품,5580.0,28060.0,28060.0,156574800.0,156574800.0,KOSPI,-1.76
500099,신한 WTI원유 선물 ETN,16240.0,386.0,386.0,6268640.0,6268640.0,KOSPI,0.53
090350,노루페인트,8090.0,30916.0,30916.0,250110440.0,250110440.0,KOSPI,-0.74
001780,알루코,1667.0,216174.0,216174.0,360362058.0,360362058.0,KOSPI,0.0
007570,일양약품,8410.0,22315.0,22315.0,187669150.0,187669150.0,KOSPI,-1.29
000860,강남제비스코,12340.0,11164.0,11164.0,137763760.0,137763760.0,KOSPI,-1.67
480030,ACE 미국500데일리타겟커버드콜(합성),9945.0,66737.0,66737.0,663699465.0,663699465.0,KOSPI,-0.05
460850,동국씨엠,5320.0,93740.0,93740.0,498696800.0,498696800.0,KOSPI,0.95
400760,NH올원리츠,2895.0,20597.0,20597.0,59628315.0,59628315.0,KOSPI,0.0
143860,TIGER 헬스케어,39290.0,17330.0,17330.0,680895700.0,680895700.0,KOSPI,-0.59
003010,혜인,12400.0,439179.0,439179.0,5445819600.0,5445819600.0,KOSPI,6.35
500037,신한 레버리지 금 선물 ETN,78780.0,419.0,419.0,33008820.0,33008820.0,KOSPI,-1.77
272560,RISE 단기국공채액티브,114885.0,8135.0,8135.0,934589475.0,934589475.0,KOSPI,0.04
354500,ACE 코스닥150,14660.0,187864.0,187864.0,2754086240.0,2754086240.0,KOSPI,2.41
009470,삼화전기,23600.0,35988.0,35988.0,849316800.0,849316800.0,KOSPI,1.72
001045,CJ우,69000.0,6472.0,6472.0,446568000.0,446568000.0,KOSPI,-1.15
491610,1Q CD금리액티브(합성),104820.0,2788.0,2788.0,292238160.0,292238160.0,KOSPI,0.02
462520,조선내화,12990.0,4174.0,4174.0,54220260.0,54220260.0,KOSPI,-0.69
011785,금호석유화학우,50800.0,1237.0,1237.0,62839600.0,62839600.0,KOSPI,-1.17
00279K,아모레퍼시픽홀딩스3우C,21650.0,4643.0,4643.0,100520950.0,100520950.0,KOSPI,-0.92
464240,KIWOOM 26-09회사채(AA-이상)액티브,52390.0,51.0,51.0,2671890.0,2671890.0,KOSPI,0.02
003830,대한화섬,115500.0,70.0,70.0,8085000.0,8085000.0,KOSPI,-0.26
570051,한투 나스닥100 ETN,30660.0,28.0,28.0,858480.0,858480.0,KOSPI,1.15
077500,유니퀘스트,7080.0,66541.0,66541.0,471110280.0,471110280.0,KOSPI,-0.14
520098,미래에셋 레버리지 반도체 ETN,25475.0,79011.0,79011.0,2012805225.0,2012805225.0,KOSPI,4.94
025820,이구산업,4570.0,254035.0,254035.0,1160939950.0,1160939950.0,KOSPI,-1.3
000970,한국주철관,6660.0,10619.0,10619.0,70722540.0,70722540.0,KOSPI,-2.2
0005D0,SOL 전고체배터리&실리콘음극재,15200.0,990992.0,990992.0,15063078400.0,15063078400.0,KOSPI,7.0
138520,TIGER 삼성그룹,37360.0,17100.0,17100.0,638856000.0,638856000.0,KOSPI,1.78
272550,삼양패키징,9990.0,29321.0,29321.0,292916790.0,292916790.0,KOSPI,-0.7
004970,신라교역,9360.0,44765.0,44765.0,419000400.0,419000400.0,KOSPI,-1.47
457990,PLUS 태양광&ESS,39400.0,294422.0,294422.0,11600226800.0,11600226800.0,KOSPI,3.77
219480,KODEX 미국S&P500선물(H),33215.0,4957.0,4957.0,164646755.0,164646755.0,KOSPI,0.39
0180V0,ACE 미국우주테크액티브,7970.0,166129.0,166129.0,1324048130.0,1324048130.0,KOSPI,-0.31
152870,파워 200,110310.0,13017.0,13017.0,1435905270.0,1435905270.0,KOSPI,1.47
0153K0,KODEX 주주환원고배당주,12100.0,93158.0,93158.0,1127211800.0,1127211800.0,KOSPI,-0.08
071840,롯데하이마트,6290.0,27956.0,27956.0,175843240.0,175843240.0,KOSPI,-2.18
458210,KIWOOM CD금리액티브(합성),110565.0,337.0,337.0,37260405.0,37260405.0,KOSPI,0.02
0151P0,RISE 코리아전략산업액티브,14820.0,125310.0,125310.0,1857094200.0,1857094200.0,KOSPI,2.49
0127M0,ACE 미국대형가치주액티브,12450.0,2059.0,2059.0,25634550.0,25634550.0,KOSPI,0.28
293480,하나제약,8330.0,29715.0,29715.0,247525950.0,247525950.0,KOSPI,-2.23
451530,TIGER 국고채30년스트립액티브,35365.0,73410.0,73410.0,2596144650.0,2596144650.0,KOSPI,2.15
271980,제일약품,10010.0,10378.0,10378.0,103883780.0,103883780.0,KOSPI,0.1
0048K0,KODEX 차이나휴머노이드로봇,8435.0,338186.0,338186.0,2852598910.0,2852598910.0,KOSPI,1.08
271050,KODEX WTI원유선물인버스(H),2070.0,712035.0,712035.0,1473912450.0,1473912450.0,KOSPI,-0.48
002210,동성제약,1500.0,60467.0,60467.0,90700500.0,90700500.0,KOSPI,-2.22
245340,TIGER 미국다우존스30,36050.0,9973.0,9973.0,359526650.0,359526650.0,KOSPI,-0.32
0104H0,KoAct 미국나스닥채권혼합50액티브,11685.0,26407.0,26407.0,308565795.0,308565795.0,KOSPI,1.17
520066,미래에셋 KRX금현물 Auto-KO-C 2810-01 ETN,23900.0,69519.0,69519.0,1661504100.0,1661504100.0,KOSPI,-0.95
550089,N2 월간 레버리지 코스피 200 선물 ETN,142355.0,9.0,9.0,1281195.0,1281195.0,KOSPI,2.78
000020,동화약품,5090.0,47204.0,47204.0,240268360.0,240268360.0,KOSPI,-1.74
107590,미원홀딩스,61200.0,335.0,335.0,20502000.0,20502000.0,KOSPI,-0.49
004090,한국석유,11110.0,36986.0,36986.0,410914460.0,410914460.0,KOSPI,-0.45
004960,한신공영,12170.0,78665.0,78665.0,957353050.0,957353050.0,KOSPI,2.35
0041E0,KODEX 미국S&P500액티브,16180.0,79167.0,79167.0,1280922060.0,1280922060.0,KOSPI,0.75
481180,SOL 미국AI소프트웨어,16080.0,84319.0,84319.0,1355849520.0,1355849520.0,KOSPI,3.54
530136,삼성 인버스 2X 천연가스 선물 ETN D,14025.0,37973.0,37973.0,532571325.0,532571325.0,KOSPI,-5.14
006060,화승인더,2535.0,72628.0,72628.0,184111980.0,184111980.0,KOSPI,-0.39
001080,만호제강,3990.0,15267.0,15267.0,60915330.0,60915330.0,KOSPI,0.88
015890,태경산업,4775.0,27291.0,27291.0,130314525.0,130314525.0,KOSPI,-1.44
004150,한솔홀딩스,3400.0,55806.0,55806.0,189740400.0,189740400.0,KOSPI,-0.15
003480,한진중공업홀딩스,4720.0,14137.0,14137.0,66726640.0,66726640.0,KOSPI,-0.53
094280,효성ITX,12040.0,4560.0,4560.0,54902400.0,54902400.0,KOSPI,0.0
760011,키움 레버리지 2차전지산업 ETN,8955.0,9923.0,9923.0,88860465.0,88860465.0,KOSPI,11.04
139220,TIGER 200 건설,8135.0,734311.0,734311.0,5973619985.0,5973619985.0,KOSPI,0.74
550092,N2 월간 레버리지 방위산업 Top5 ETN,138525.0,53.0,53.0,7341825.0,7341825.0,KOSPI,9.4
495330,1Q 코리아밸류업,32055.0,4962.0,4962.0,159056910.0,159056910.0,KOSPI,1.07
0131W0,1Q 단기특수은행채액티브,102090.0,530.0,530.0,54107700.0,54107700.0,KOSPI,0.02
0199C0,ACE 고배당주Plus커버드콜액티브,9385.0,1114013.0,1114013.0,10455012005.0,10455012005.0,KOSPI,-0.37
008350,남선알미늄,1048.0,1966026.0,1966026.0,2060395248.0,2060395248.0,KOSPI,2.14
0168K0,TIGER 기술이전바이오액티브,6535.0,930780.0,930780.0,6082647300.0,6082647300.0,KOSPI,0.23
0074K0,KoAct K수출핵심기업TOP30액티브,17650.0,40458.0,40458.0,714083700.0,714083700.0,KOSPI,2.53
476030,SOL 미국나스닥100,17030.0,23418.0,23418.0,398808540.0,398808540.0,KOSPI,0.53
570050,한투 S&P500선물 ETN,26885.0,3.0,3.0,80655.0,80655.0,KOSPI,0.56
081000,일진다이아,9460.0,16298.0,16298.0,154179080.0,154179080.0,KOSPI,-0.84
304660,KODEX 미국30년국채울트라선물(H),7335.0,13791.0,13791.0,101156985.0,101156985.0,KOSPI,0.27
476450,KIWOOM 머니마켓액티브,52760.0,387.0,387.0,20418120.0,20418120.0,KOSPI,0.02
012610,경인양행,3215.0,109015.0,109015.0,350483225.0,350483225.0,KOSPI,-0.31
0184L0,PLUS 중기종합채권(A-이상)액티브,100740.0,76345.0,76345.0,7690995300.0,7690995300.0,KOSPI,0.1
760007,키움 코스피 200 TR ETN,33355.0,626.0,626.0,20880230.0,20880230.0,KOSPI,1.46
0193G0,KoAct 코스피액티브,8500.0,46764.0,46764.0,397494000.0,397494000.0,KOSPI,1.55
448100,WON 200,113200.0,26615.0,26615.0,3012818000.0,3012818000.0,KOSPI,2.18
000520,삼일제약,6120.0,37737.0,37737.0,230950440.0,230950440.0,KOSPI,-3.01
0092B0,SOL 한국원자력SMR,16380.0,203552.0,203552.0,3334181760.0,3334181760.0,KOSPI,-0.36
214420,토니모리,5490.0,89348.0,89348.0,490520520.0,490520520.0,KOSPI,-3.35
471760,TIGER AI반도체핵심공정,14425.0,553368.0,553368.0,7982333400.0,7982333400.0,KOSPI,3.26
192090,TIGER 차이나CSI300,12470.0,36588.0,36588.0,456252360.0,456252360.0,KOSPI,-0.04
325010,KODEX 성장주,43655.0,4525.0,4525.0,197538875.0,197538875.0,KOSPI,2.22
013520,화승코퍼레이션,2615.0,78311.0,78311.0,204783265.0,204783265.0,KOSPI,1.36
004080,신흥,14050.0,4594.0,4594.0,64545700.0,64545700.0,KOSPI,0.0
182480,TIGER 미국MSCI리츠(합성 H),14030.0,7268.0,7268.0,101970040.0,101970040.0,KOSPI,0.0
002390,한독,9480.0,2672.0,2672.0,25330560.0,25330560.0,KOSPI,0.32
377990,TIGER Fn신재생에너지,26090.0,172138.0,172138.0,4491080420.0,4491080420.0,KOSPI,5.65
461500,HANARO 종합채권(AA-이상)액티브,105315.0,44.0,44.0,4633860.0,4633860.0,KOSPI,0.15
0123G0,TIGER 미국AI전력SMR,6525.0,108048.0,108048.0,705013200.0,705013200.0,KOSPI,-0.46
009270,신원,1128.0,500567.0,500567.0,564639576.0,564639576.0,KOSPI,-0.7
0000J0,PLUS 한화그룹주,29535.0,123673.0,123673.0,3652682055.0,3652682055.0,KOSPI,2.91
210540,디와이파워,11620.0,39453.0,39453.0,458443860.0,458443860.0,KOSPI,-0.26
267290,경동도시가스,21750.0,11334.0,11334.0,246514500.0,246514500.0,KOSPI,1.16
463680,KODEX 미국S&P500테크놀로지,22245.0,7242.0,7242.0,161098290.0,161098290.0,KOSPI,1.95
024090,디씨엠,11210.0,1011.0,1011.0,11333310.0,11333310.0,KOSPI,0.0
488720,WON 종합채권(AA-이상)액티브,48760.0,89415.0,89415.0,4359875400.0,4359875400.0,KOSPI,0.17
014280,금강공업,4345.0,65856.0,65856.0,286144320.0,286144320.0,KOSPI,-2.03
214390,경보제약,5310.0,12593.0,12593.0,66868830.0,66868830.0,KOSPI,0.38
007540,샘표,43600.0,2936.0,2936.0,128009600.0,128009600.0,KOSPI,-1.8
037560,LG헬로비전,1613.0,167570.0,167570.0,270290410.0,270290410.0,KOSPI,-1.59
089470,HDC현대EP,3915.0,23265.0,23265.0,91082475.0,91082475.0,KOSPI,-0.63
0181B0,HANARO 미국AI메모리반도체TOP4+,9935.0,294991.0,294991.0,2930735585.0,2930735585.0,KOSPI,4.63
114820,TIGER 국채3년,105325.0,22815.0,22815.0,2402989875.0,2402989875.0,KOSPI,0.07
367770,RISE 수소경제테마,23505.0,45882.0,45882.0,1078456410.0,1078456410.0,KOSPI,2.31
0000Y0,HK 26-12 회사채(AA-이상)액티브,101825.0,81.0,81.0,8247825.0,8247825.0,KOSPI,0.02
447620,SOL 미국TOP5채권혼합50,15765.0,25073.0,25073.0,395275845.0,395275845.0,KOSPI,0.03
017550,수산세보틱스,1970.0,465965.0,465965.0,917951050.0,917951050.0,KOSPI,-0.35
350520,이지스레지던스리츠,3330.0,40354.0,40354.0,134378820.0,134378820.0,KOSPI,-1.62
411420,KODEX 미국나스닥AI테크액티브,26110.0,11171.0,11171.0,291674810.0,291674810.0,KOSPI,0.83
079430,현대리바트,6100.0,13757.0,13757.0,83917700.0,83917700.0,KOSPI,-0.65
078000,텔코웨어,13270.0,3823.0,3823.0,50731210.0,50731210.0,KOSPI,0.15
530055,삼성 레버리지 금 선물 ETN(H),122315.0,621.0,621.0,75957615.0,75957615.0,KOSPI,-1.39
009070,KCTC,4030.0,69604.0,69604.0,280504120.0,280504120.0,KOSPI,-0.25
319640,TIGER 골드선물(H),27125.0,14194.0,14194.0,385012250.0,385012250.0,KOSPI,-0.5
530061,삼성 레버리지 은 선물 ETN(H),40005.0,5787.0,5787.0,231508935.0,231508935.0,KOSPI,0.01
469170,ACE 포스코그룹포커스,5905.0,856384.0,856384.0,5056947520.0,5056947520.0,KOSPI,3.14
328370,PLUS 코스피TR,38645.0,179.0,179.0,6917455.0,6917455.0,KOSPI,0.56
005800,신영와코루,13290.0,6314.0,6314.0,83913060.0,83913060.0,KOSPI,-0.82
011690,와이투솔루션,3255.0,110132.0,110132.0,358479660.0,358479660.0,KOSPI,2.52
227840,현대코퍼레이션홀딩스,13110.0,15934.0,15934.0,208894740.0,208894740.0,KOSPI,-1.43
001360,삼성제약,1267.0,203540.0,203540.0,257885180.0,257885180.0,KOSPI,-2.46
0209D0,KODEX 전고체배터리ESS TOP2플러스,8550.0,1505825.0,1505825.0,12874803750.0,12874803750.0,KOSPI,7.68
399110,SOL 미국S&P500ESG,21140.0,9360.0,9360.0,197870400.0,197870400.0,KOSPI,0.17
002620,제일파마홀딩스,7410.0,2358.0,2358.0,17472780.0,17472780.0,KOSPI,0.0
464930,TIGER 글로벌혁신블루칩TOP10,21215.0,2817.0,2817.0,59762655.0,59762655.0,KOSPI,-0.31
332940,HANARO MSCI Korea TR,48870.0,1616.0,1616.0,78973920.0,78973920.0,KOSPI,2.51
0080Y0,SOL 조선TOP3플러스레버리지,9160.0,235592.0,235592.0,2158022720.0,2158022720.0,KOSPI,3.04
488500,TIGER 미국S&P500동일가중,12940.0,14574.0,14574.0,188587560.0,188587560.0,KOSPI,0.31
011280,태림포장,1649.0,54076.0,54076.0,89171324.0,89171324.0,KOSPI,-3.57
013570,디와이,4435.0,28654.0,28654.0,127080490.0,127080490.0,KOSPI,-0.34
309230,ACE 미국WideMoat동일가중,31710.0,12551.0,12551.0,397992210.0,397992210.0,KOSPI,-0.75
083420,그린케미칼,4845.0,20090.0,20090.0,97336050.0,97336050.0,KOSPI,0.1
001520,동양,1085.0,119222.0,119222.0,129355870.0,129355870.0,KOSPI,-1.09
034590,인천도시가스,26550.0,577.0,577.0,15319350.0,15319350.0,KOSPI,-1.12
266370,KODEX IT,67865.0,54163.0,54163.0,3675771995.0,3675771995.0,KOSPI,2.43
372330,KODEX 차이나항셍테크,6960.0,79826.0,79826.0,555588960.0,555588960.0,KOSPI,-1.0
491230,PLUS 국공채머니마켓액티브,52530.0,104861.0,104861.0,5508348330.0,5508348330.0,KOSPI,0.09
078935,GS우,64600.0,5589.0,5589.0,361049400.0,361049400.0,KOSPI,-1.97
438570,SOL 국고채10년,98760.0,112.0,112.0,11061120.0,11061120.0,KOSPI,0.13
464310,TIGER 글로벌AI&로보틱스 INDXX,13865.0,500889.0,500889.0,6944825985.0,6944825985.0,KOSPI,0.54
0122W0,RISE 26-11 회사채(AA-이상)액티브,50975.0,411.0,411.0,20950725.0,20950725.0,KOSPI,0.03
326240,RISE IT플러스,43875.0,4221.0,4221.0,185196375.0,185196375.0,KOSPI,2.33
455860,SOL 2차전지소부장Fn,4710.0,735693.0,735693.0,3465114030.0,3465114030.0,KOSPI,5.37
016710,대성홀딩스,6990.0,2717.0,2717.0,18991830.0,18991830.0,KOSPI,0.0
0176E0,RISE 미국AI전력인프라액티브,9895.0,29118.0,29118.0,288122610.0,288122610.0,KOSPI,2.59
014530,극동유화,3215.0,59961.0,59961.0,192774615.0,192774615.0,KOSPI,-0.77
008970,KBI동양철관,1075.0,363302.0,363302.0,390549650.0,390549650.0,KOSPI,-0.83
012320,경동인베스트,47050.0,2372.0,2372.0,111602600.0,111602600.0,KOSPI,-0.95
0135Y0,IBK 중기종합채권(AA-이상)액티브,100315.0,188.0,188.0,18859220.0,18859220.0,KOSPI,-0.26
012800,대창,1218.0,303335.0,303335.0,369462030.0,369462030.0,KOSPI,0.0
023450,동남합성,31600.0,1708.0,1708.0,53972800.0,53972800.0,KOSPI,0.0
002460,HS화성,10840.0,3727.0,3727.0,40400680.0,40400680.0,KOSPI,0.0
304940,KODEX 미국나스닥100선물(H),32355.0,4499.0,4499.0,145565145.0,145565145.0,KOSPI,0.79
0174B0,KoAct 글로벌AI메모리반도체액티브,14380.0,191082.0,191082.0,2747759160.0,2747759160.0,KOSPI,2.35
010100,한국무브넥스,3545.0,38359.0,38359.0,135982655.0,135982655.0,KOSPI,-2.21
004250,NPC,2935.0,28335.0,28335.0,83163225.0,83163225.0,KOSPI,-2.17
0221V0,IBK 초단기채권액티브,100395.0,32.0,32.0,3212640.0,3212640.0,KOSPI,0.02
203780,TIGER 미국나스닥바이오,36915.0,48866.0,48866.0,1803888390.0,1803888390.0,KOSPI,-1.3
168580,ACE 중국본토CSI300,34305.0,3333.0,3333.0,114338565.0,114338565.0,KOSPI,-0.55
0138Y0,PLUS 금채권혼합,10085.0,141365.0,141365.0,1425666025.0,1425666025.0,KOSPI,-0.35
0193M0,BNK 27-12 특수채(AAA이상)액티브,50390.0,1.0,1.0,50390.0,50390.0,KOSPI,0.02
006660,삼성공조,13050.0,198569.0,198569.0,2591325450.0,2591325450.0,KOSPI,-2.61
092220,KEC,2640.0,166305.0,166305.0,439045200.0,439045200.0,KOSPI,2.13
500050,신한 레버리지 S&P500 선물 ETN,52965.0,20.0,20.0,1059300.0,1059300.0,KOSPI,0.84
0091M0,HANARO 27-06 회사채(AA-이상)액티브,10155.0,1172.0,1172.0,11901660.0,11901660.0,KOSPI,0.0
0036R0,RISE 미국휴머노이드로봇,18855.0,17129.0,17129.0,322967295.0,322967295.0,KOSPI,0.51
027970,한국제지,2775.0,20730.0,20730.0,57525750.0,57525750.0,KOSPI,-0.36
120030,조선선재,83900.0,306.0,306.0,25673400.0,25673400.0,KOSPI,-0.47
014580,태경비케이,3815.0,42979.0,42979.0,163964885.0,163964885.0,KOSPI,-0.65
0177X0,ACE K휴머노이드로봇산업TOP2+,9490.0,1239075.0,1239075.0,11758821750.0,11758821750.0,KOSPI,0.96
0085P0,ACE 미국10년국채액티브,9880.0,125192.0,125192.0,1236896960.0,1236896960.0,KOSPI,-0.25
0132K0,PLUS 테슬라위클리커버드콜채권혼합,7930.0,187238.0,187238.0,1484797340.0,1484797340.0,KOSPI,-0.13
0137V0,KIWOOM 미국S&P500모멘텀,11500.0,76479.0,76479.0,879508500.0,879508500.0,KOSPI,0.92
496090,KIWOOM 코리아밸류업,32195.0,222.0,222.0,7147290.0,7147290.0,KOSPI,1.21
0233A0,ACE 삼성전자SK하이닉스플러스채권혼합50,10440.0,505604.0,505604.0,5278505760.0,5278505760.0,KOSPI,1.36
009580,무림P&P,1673.0,19020.0,19020.0,31820460.0,31820460.0,KOSPI,-0.06
248170,샘표식품,22800.0,13794.0,13794.0,314503200.0,314503200.0,KOSPI,-2.56
123690,한국화장품,6480.0,72411.0,72411.0,469223280.0,469223280.0,KOSPI,-3.57
012200,계양전기,3805.0,134795.0,134795.0,512894975.0,512894975.0,KOSPI,-0.52
394660,TIGER 글로벌자율주행&전기차SOLACTIVE,15785.0,2858.0,2858.0,45113530.0,45113530.0,KOSPI,-0.38
267850,아시아나IDT,9270.0,2889.0,2889.0,26781030.0,26781030.0,KOSPI,-0.54
476850,KoAct 배당성장액티브,21655.0,101483.0,101483.0,2197614365.0,2197614365.0,KOSPI,0.25
035000,HS애드,6330.0,85539.0,85539.0,541461870.0,541461870.0,KOSPI,-2.16
0008T0,SOL 화장품TOP3플러스,19300.0,1502627.0,1502627.0,29000701100.0,29000701100.0,KOSPI,-2.25
002450,삼익악기,1128.0,93394.0,93394.0,105348432.0,105348432.0,KOSPI,0.45
37550L,DL이앤씨2우(전환),48300.0,19242.0,19242.0,929388600.0,929388600.0,KOSPI,0.63
264900,크라운제과,8140.0,12169.0,12169.0,99055660.0,99055660.0,KOSPI,-0.97
006840,AK홀딩스,7690.0,3847.0,3847.0,29583430.0,29583430.0,KOSPI,0.0
001210,금호전기,8220.0,2469674.0,2469674.0,20300720280.0,20300720280.0,KOSPI,-2.72
070960,모나용평,2110.0,42753.0,42753.0,90208830.0,90208830.0,KOSPI,-3.21
251340,KODEX 코스닥150선물인버스,2350.0,43075172.0,43075172.0,101226654200.0,101226654200.0,KOSPI,-2.08
261270,KODEX 미국달러선물인버스,8085.0,24010.0,24010.0,194120850.0,194120850.0,KOSPI,0.31
475280,ACE 8월만기자동연장회사채AA-이상액티브,10730.0,51.0,51.0,547230.0,547230.0,KOSPI,0.05
530107,삼성 인버스 2X 코스닥150 선물 ETN,1684.0,29832731.0,29832731.0,50238319004.0,50238319004.0,KOSPI,-3.88
021820,세원정공,10060.0,9528.0,9528.0,95851680.0,95851680.0,KOSPI,-1.85
067830,세이브존I&C,2450.0,9655.0,9655.0,23654750.0,23654750.0,KOSPI,-0.41
465610,ACE 미국빅테크TOP7 Plus레버리지(합성),41880.0,3609.0,3609.0,151144920.0,151144920.0,KOSPI,0.69
014790,HL D&I,2650.0,49074.0,49074.0,130046100.0,130046100.0,KOSPI,-0.38
0007N0,아이엠에셋 200,109985.0,216.0,216.0,23756760.0,23756760.0,KOSPI,1.51
016740,두올,3445.0,37682.0,37682.0,129814490.0,129814490.0,KOSPI,1.32
114100,RISE 국고채3년,106890.0,19548.0,19548.0,2089485720.0,2089485720.0,KOSPI,0.12
019180,티에이치엔,5430.0,76336.0,76336.0,414504480.0,414504480.0,KOSPI,-1.45
0142D0,TIGER 미국AI데이터센터TOP4Plus,10675.0,165265.0,165265.0,1764203875.0,1764203875.0,KOSPI,2.69
475050,ACE KPOP포커스,6750.0,954180.0,954180.0,6440715000.0,6440715000.0,KOSPI,-1.82
008260,NI스틸,3410.0,29358.0,29358.0,100110780.0,100110780.0,KOSPI,-0.29
032560,황금에스티,5670.0,13163.0,13163.0,74634210.0,74634210.0,KOSPI,-1.56
004100,태양금속,2625.0,195347.0,195347.0,512785875.0,512785875.0,KOSPI,1.94
013700,까뮤이앤씨,1602.0,208861.0,208861.0,334595322.0,334595322.0,KOSPI,-2.14
308620,KODEX 미국10년국채선물,11590.0,30319.0,30319.0,351397210.0,351397210.0,KOSPI,-0.34
007210,벽산,1452.0,57345.0,57345.0,83264940.0,83264940.0,KOSPI,-1.36
195980,PLUS 신흥국MSCI(합성 H),15215.0,10780.0,10780.0,164017700.0,164017700.0,KOSPI,0.5
454320,HANARO CAPEX설비투자iSelect,44005.0,6570.0,6570.0,289112850.0,289112850.0,KOSPI,3.87
008700,아남전자,1223.0,160921.0,160921.0,196806383.0,196806383.0,KOSPI,-2.39
473440,ACE 11월만기자동연장회사채AA-이상액티브,10840.0,1148.0,1148.0,12444320.0,12444320.0,KOSPI,0.0
433970,KODEX TDF2030액티브 적격,14050.0,33968.0,33968.0,477250400.0,477250400.0,KOSPI,-0.07
481430,RISE 국고채10년액티브,98850.0,14245.0,14245.0,1408118250.0,1408118250.0,KOSPI,0.37
0035T0,PLUS 글로벌휴머노이드로봇액티브,19245.0,22418.0,22418.0,431434410.0,431434410.0,KOSPI,-0.08
0052T0,1Q 중단기회사채(A-이상)액티브,50720.0,202004.0,202004.0,10245642880.0,10245642880.0,KOSPI,-0.01
485690,RISE 미국AI밸류체인TOP3Plus,22085.0,7383.0,7383.0,163053555.0,163053555.0,KOSPI,1.92
014440,영보화학,4635.0,12974.0,12974.0,60134490.0,60134490.0,KOSPI,0.22
211900,KODEX 코리아배당성장,28000.0,8961.0,8961.0,250908000.0,250908000.0,KOSPI,-1.04
036580,팜스코,2515.0,80757.0,80757.0,203103855.0,203103855.0,KOSPI,-2.52
580039,KB 레버리지 KOSPI 200 선물 ETN,184090.0,1293.0,1293.0,238028370.0,238028370.0,KOSPI,1.49
468380,KODEX iShares미국하이일드액티브,11020.0,40762.0,40762.0,449197240.0,449197240.0,KOSPI,-0.23
058850,KTcs,2215.0,66913.0,66913.0,148212295.0,148212295.0,KOSPI,-0.89
0066W0,SOL 국제금,13480.0,62740.0,62740.0,845735200.0,845735200.0,KOSPI,-0.74
486240,DAISHIN AI반도체&인프라액티브,29550.0,779.0,779.0,23019450.0,23019450.0,KOSPI,3.18
204480,TIGER 차이나CSI300레버리지(합성),24565.0,1182.0,1182.0,29035830.0,29035830.0,KOSPI,-0.63
325020,KODEX 배당가치,29420.0,3628.0,3628.0,106735760.0,106735760.0,KOSPI,0.09
001275,부국증권우,30400.0,641.0,641.0,19486400.0,19486400.0,KOSPI,0.66
269540,PLUS 미국S&P500(H),30105.0,5047.0,5047.0,151939935.0,151939935.0,KOSPI,0.35
025620,차AI헬스케어,4935.0,9994.0,9994.0,49320390.0,49320390.0,KOSPI,-3.42
298770,KODEX 한국대만IT프리미어,81400.0,4641.0,4641.0,377777400.0,377777400.0,KOSPI,0.34
058860,KTis,2570.0,46226.0,46226.0,118800820.0,118800820.0,KOSPI,0.0
363280,티와이홀딩스,1963.0,7237.0,7237.0,14206231.0,14206231.0,KOSPI,0.31
143850,TIGER 미국S&P500선물(H),77575.0,1332.0,1332.0,103329900.0,103329900.0,KOSPI,0.36
002200,한국수출포장,2660.0,21684.0,21684.0,57679440.0,57679440.0,KOSPI,1.53
108450,ACE 삼성그룹섹터가중,40490.0,18483.0,18483.0,748376670.0,748376670.0,KOSPI,2.43
453080,KIWOOM 미국나스닥100(H),22805.0,6951.0,6951.0,158517555.0,158517555.0,KOSPI,0.73
444490,WON 미국S&P500,20200.0,10483.0,10483.0,211756600.0,211756600.0,KOSPI,0.0
023000,삼원강재,2230.0,79453.0,79453.0,177180190.0,177180190.0,KOSPI,0.0
329670,KODEX TRF7030,22130.0,14398.0,14398.0,318627740.0,318627740.0,KOSPI,0.05
495040,PLUS 코리아밸류업,32105.0,1010.0,1010.0,32426050.0,32426050.0,KOSPI,1.57
139990,아주스틸,2275.0,18325.0,18325.0,41689375.0,41689375.0,KOSPI,-1.52
004140,동방,1836.0,85922.0,85922.0,157752792.0,157752792.0,KOSPI,-0.65
004890,동일산업,36150.0,1032.0,1032.0,37306800.0,37306800.0,KOSPI,0.56
479620,SOL 미국AI반도체칩메이커,24455.0,19762.0,19762.0,483279710.0,483279710.0,KOSPI,1.79
460960,ACE 글로벌인컴TOP10,11160.0,19735.0,19735.0,220242600.0,220242600.0,KOSPI,-0.45
292770,KODEX 국채선물3년인버스,57535.0,152.0,152.0,8745320.0,8745320.0,KOSPI,-0.12
210980,SK디앤디,4585.0,24031.0,24031.0,110182135.0,110182135.0,KOSPI,-1.4
109070,주성코퍼레이션,1615.0,273876.0,273876.0,442309740.0,442309740.0,KOSPI,1.25
023800,인지컨트롤스,5380.0,27006.0,27006.0,145292280.0,145292280.0,KOSPI,-1.65
001020,페이퍼코리아,2380.0,10002.0,10002.0,23804760.0,23804760.0,KOSPI,3.48
006090,사조오양,8980.0,26065.0,26065.0,234063700.0,234063700.0,KOSPI,-3.13
0162L0,KODEX 차이나AI반도체TOP10,13630.0,891511.0,891511.0,12151294930.0,12151294930.0,KOSPI,3.85
005740,크라운해태홀딩스,5680.0,8539.0,8539.0,48501520.0,48501520.0,KOSPI,-1.39
329660,KODEX TRF5050,17930.0,18144.0,18144.0,325321920.0,325321920.0,KOSPI,0.08
461460,PLUS 국고채10년액티브,51695.0,8909.0,8909.0,460550755.0,460550755.0,KOSPI,0.35
004840,DRB동일,4345.0,11697.0,11697.0,50823465.0,50823465.0,KOSPI,-0.34
138530,TIGER LG그룹플러스,12535.0,46081.0,46081.0,577625335.0,577625335.0,KOSPI,0.36
490480,SOL K방산,30105.0,26130.0,26130.0,786643650.0,786643650.0,KOSPI,3.58
007980,TP,1764.0,131348.0,131348.0,231697872.0,231697872.0,KOSPI,0.06
000105,유한양행우,70000.0,895.0,895.0,62650000.0,62650000.0,KOSPI,-2.78
570116,한투 레버리지WTI원유선물 ETN B,41220.0,3.0,3.0,123660.0,123660.0,KOSPI,2.96
130730,KIWOOM 단기자금,103015.0,712.0,712.0,73346680.0,73346680.0,KOSPI,0.01
359210,KODEX 코스피TR,35825.0,4422.0,4422.0,158418150.0,158418150.0,KOSPI,1.27
111380,동인기연,13430.0,7775.0,7775.0,104418250.0,104418250.0,KOSPI,-1.18
453330,RISE 미국S&P500(H),18235.0,18586.0,18586.0,338915710.0,338915710.0,KOSPI,0.36
0017Y0,1Q 종합채권(AA-이상)액티브,93985.0,99.0,99.0,9304515.0,9304515.0,KOSPI,0.07
002600,조흥,136400.0,7.0,7.0,954800.0,954800.0,KOSPI,-0.44
011700,한신기계,2515.0,159041.0,159041.0,399988115.0,399988115.0,KOSPI,-1.18
013360,일성건설,1503.0,279694.0,279694.0,420380082.0,420380082.0,KOSPI,0.13
364960,TIGER BBIG,6755.0,18423.0,18423.0,124447365.0,124447365.0,KOSPI,1.5
550093,N2 전력인프라 Top5 ETN,40465.0,5117.0,5117.0,207059405.0,207059405.0,KOSPI,7.82
449770,KIWOOM 미국S&P500,21105.0,27765.0,27765.0,585980325.0,585980325.0,KOSPI,0.09
337140,KODEX 코스피대형주,36365.0,13746.0,13746.0,499873290.0,499873290.0,KOSPI,1.11
469060,RISE 미국반도체NYSE,34760.0,36123.0,36123.0,1255635480.0,1255635480.0,KOSPI,1.86
0018C0,PLUS 고배당주위클리고정커버드콜,10690.0,51143.0,51143.0,546718670.0,546718670.0,KOSPI,-0.93
0220WL,한화머시너리앤서비스홀딩스3우B,3365.0,2344410.0,2344410.0,7888939650.0,7888939650.0,KOSPI,-4.4
500096,신한 인버스2X 천연가스 선물 ETN B,15890.0,1.0,1.0,15890.0,15890.0,KOSPI,-3.08
0057H0,PLUS 미국S&P500미국채혼합50액티브,11670.0,103129.0,103129.0,1203515430.0,1203515430.0,KOSPI,-0.21
495750,HANARO 코리아밸류업,32340.0,436.0,436.0,14100240.0,14100240.0,KOSPI,1.65
157490,TIGER 소프트웨어,8465.0,266212.0,266212.0,2253484580.0,2253484580.0,KOSPI,-0.65
000850,화천기공,35850.0,8862.0,8862.0,317702700.0,317702700.0,KOSPI,-1.1
0049M0,ACE 미국배당퀄리티+커버드콜액티브,11320.0,22535.0,22535.0,255096200.0,255096200.0,KOSPI,0.0
163560,동일고무벨트,5660.0,41426.0,41426.0,234471160.0,234471160.0,KOSPI,0.71
000590,CS홀딩스,67900.0,163.0,163.0,11067700.0,11067700.0,KOSPI,0.59
473640,HANARO 글로벌금채굴기업,37280.0,56747.0,56747.0,2115528160.0,2115528160.0,KOSPI,-1.57
492500,1Q 현대차그룹채권(A+이상)&국고통안,51390.0,753.0,753.0,38696670.0,38696670.0,KOSPI,0.08
0098N0,PLUS 자사주매입고배당주,12900.0,30678.0,30678.0,395746200.0,395746200.0,KOSPI,-0.15
458030,WON 국공채머니마켓액티브,55035.0,732.0,732.0,40285620.0,40285620.0,KOSPI,0.03
570120,한투 레버리지천연가스선물 ETN C,15595.0,38919.0,38919.0,606941805.0,606941805.0,KOSPI,4.7
005750,대림바스,4690.0,67648.0,67648.0,317269120.0,317269120.0,KOSPI,2.51
096775,SK이노베이션우,62300.0,2821.0,2821.0,175748300.0,175748300.0,KOSPI,0.81
009180,한솔로지스틱스,2760.0,26150.0,26150.0,72174000.0,72174000.0,KOSPI,-1.6
069730,DSR제강,5390.0,25268.0,25268.0,136194520.0,136194520.0,KOSPI,-3.06
210780,TIGER 코스피고배당,23470.0,25748.0,25748.0,604305560.0,604305560.0,KOSPI,-0.64
365040,TIGER AI코리아그로스액티브,36745.0,4701.0,4701.0,172738245.0,172738245.0,KOSPI,1.74
015590,DKME,1445.0,30746.0,30746.0,44427970.0,44427970.0,KOSPI,-1.37
0197X0,SOL SK하이닉스선물단일종목인버스2X,6745.0,13515815.0,13515815.0,91164172175.0,91164172175.0,KOSPI,-4.19
434960,DAISHIN K200,110080.0,2651.0,2651.0,291822080.0,291822080.0,KOSPI,1.51
002220,한일철강,2885.0,70225.0,70225.0,202599125.0,202599125.0,KOSPI,-1.54
003580,HLB글로벌,1517.0,106813.0,106813.0,162035321.0,162035321.0,KOSPI,-1.81
33626K,두산퓨얼셀1우,5730.0,12296.0,12296.0,70456080.0,70456080.0,KOSPI,-0.35
063160,종근당바이오,13950.0,2750.0,2750.0,38362500.0,38362500.0,KOSPI,-1.48
438560,SOL 국고채3년,100690.0,4493.0,4493.0,452400170.0,452400170.0,KOSPI,0.12
007590,동방아그로,5610.0,2691.0,2691.0,15096510.0,15096510.0,KOSPI,-0.18
001260,남광토건,7750.0,39552.0,39552.0,306528000.0,306528000.0,KOSPI,-0.77
084680,이월드,537.0,3770059.0,3770059.0,2024521683.0,2024521683.0,KOSPI,-11.53
0080X0,SOL 미국S&P500미국채혼합50,11035.0,33733.0,33733.0,372243655.0,372243655.0,KOSPI,-0.23
055490,테이팩스,15840.0,94825.0,94825.0,1502028000.0,1502028000.0,KOSPI,17.25
550091,N2 방위산업 Top5 ETN,37865.0,10728.0,10728.0,406215720.0,406215720.0,KOSPI,4.73
007610,선도전기,4190.0,504012.0,504012.0,2111810280.0,2111810280.0,KOSPI,4.62
000230,일동홀딩스,6520.0,22398.0,22398.0,146034960.0,146034960.0,KOSPI,-0.76
010960,삼호개발,3115.0,114692.0,114692.0,357265580.0,357265580.0,KOSPI,-1.58
014160,대영포장,692.0,160232.0,160232.0,110880544.0,110880544.0,KOSPI,-1.7
228810,TIGER 미디어컨텐츠,3090.0,257778.0,257778.0,796534020.0,796534020.0,KOSPI,-1.28
412770,TIGER 글로벌AI플랫폼액티브,12410.0,35831.0,35831.0,444662710.0,444662710.0,KOSPI,2.06
031820,아이티센씨티에스,6150.0,19014.0,19014.0,116936100.0,116936100.0,KOSPI,-1.91
013870,지엠비코리아,3870.0,12049.0,12049.0,46629630.0,46629630.0,KOSPI,-1.02
475310,SOL 반도체후공정,26755.0,142264.0,142264.0,3806273320.0,3806273320.0,KOSPI,1.54
441540,HANARO Fn조선해운,27225.0,9403.0,9403.0,255996675.0,255996675.0,KOSPI,0.39
000180,성창기업지주,5250.0,10449.0,10449.0,54857250.0,54857250.0,KOSPI,0.0
272910,ACE 중장기국공채액티브,106180.0,1.0,1.0,106180.0,106180.0,KOSPI,-0.2
004720,팜젠사이언스,3220.0,12530.0,12530.0,40346600.0,40346600.0,KOSPI,-0.31
011150,CJ씨푸드,2030.0,37591.0,37591.0,76309730.0,76309730.0,KOSPI,0.74
0102A0,TIGER 미국AI소프트웨어TOP4Plus,8810.0,222132.0,222132.0,1956982920.0,1956982920.0,KOSPI,4.01
084670,동양고속,25000.0,11508.0,11508.0,287700000.0,287700000.0,KOSPI,1.42
292190,KODEX KRX300,48120.0,2915.0,2915.0,140269800.0,140269800.0,KOSPI,0.95
520087,미래에셋 레버리지 KRX 금현물 ETN,36040.0,79659.0,79659.0,2870910360.0,2870910360.0,KOSPI,-1.91
0022T0,SOL 국제금커버드콜액티브,13830.0,96010.0,96010.0,1327818300.0,1327818300.0,KOSPI,-0.72
095720,웅진씽크빅,1265.0,25213.0,25213.0,31894445.0,31894445.0,KOSPI,1.04
266420,KODEX 헬스케어,17935.0,27622.0,27622.0,495400570.0,495400570.0,KOSPI,-0.58
0113D0,TIME 글로벌탑픽액티브,12050.0,36691.0,36691.0,442126550.0,442126550.0,KOSPI,-0.08
085310,엔케이,9660.0,2378.0,2378.0,22971480.0,22971480.0,KOSPI,-0.21
002720,국제약품,3360.0,53174.0,53174.0,178664640.0,178664640.0,KOSPI,0.9
0225V0,KODEX 미국CPU반도체TOP10,10150.0,370989.0,370989.0,3765538350.0,3765538350.0,KOSPI,3.1
211560,TIGER 배당성장,35190.0,4023.0,4023.0,141569370.0,141569370.0,KOSPI,-0.62
338100,NH프라임리츠,3785.0,30457.0,30457.0,115279745.0,115279745.0,KOSPI,-0.26
058730,다스코,3455.0,1688130.0,1688130.0,5832489150.0,5832489150.0,KOSPI,-0.43
475350,RISE 버크셔포트폴리오TOP10,14575.0,15965.0,15965.0,232689875.0,232689875.0,KOSPI,-0.44
0098Z0,FOCUS 200,93265.0,10.0,10.0,932650.0,932650.0,KOSPI,0.97
530067,삼성 KRX 금현물 ETN,34950.0,2515.0,2515.0,87899250.0,87899250.0,KOSPI,-1.22
155660,DSR,4365.0,17968.0,17968.0,78430320.0,78430320.0,KOSPI,-1.47
017370,우신시스템,3810.0,17515.0,17515.0,66732150.0,66732150.0,KOSPI,1.6
002795,아모레퍼시픽홀딩스우,10910.0,2252.0,2252.0,24569320.0,24569320.0,KOSPI,-1.27
520092,미래에셋 레버리지 은 선물 ETN B,34770.0,52048.0,52048.0,1809708960.0,1809708960.0,KOSPI,-0.16
009770,삼정펄프,27750.0,2173.0,2173.0,60300750.0,60300750.0,KOSPI,-2.8
001560,제일연마,9110.0,1111.0,1111.0,10121210.0,10121210.0,KOSPI,-0.44
228800,TIGER 여행레저,2680.0,162161.0,162161.0,434591480.0,434591480.0,KOSPI,-0.74
079980,휴비스,1999.0,39767.0,39767.0,79494233.0,79494233.0,KOSPI,-1.04
120115,코오롱인더우,24900.0,3072.0,3072.0,76492800.0,76492800.0,KOSPI,-0.2
214330,금호에이치티,6580.0,595975.0,595975.0,3921515500.0,3921515500.0,KOSPI,-9.49
465330,RISE 2차전지TOP10,11580.0,245347.0,245347.0,2841118260.0,2841118260.0,KOSPI,5.61
458750,TIGER 미국배당다우존스타겟커버드콜1호,13280.0,22488.0,22488.0,298640640.0,298640640.0,KOSPI,-0.41
007280,한국특강,2380.0,17210.0,17210.0,40959800.0,40959800.0,KOSPI,1.28
018500,동원모빌리티,1458.0,65004.0,65004.0,94775832.0,94775832.0,KOSPI,-0.14
440640,ACE 단기채권알파액티브,112660.0,471.0,471.0,53062860.0,53062860.0,KOSPI,0.02
0190Y0,TIGER 구글밸류체인,8620.0,155409.0,155409.0,1339625580.0,1339625580.0,KOSPI,1.59
002700,신일전자,993.0,473339.0,473339.0,470025627.0,470025627.0,KOSPI,-1.1
530126,삼성 코리아 밸류업 TR ETN,34025.0,2.0,2.0,68050.0,68050.0,KOSPI,3.48
298340,PLUS 국채선물3년,56645.0,12929.0,12929.0,732363205.0,732363205.0,KOSPI,0.1
004440,삼일씨엔에스,5320.0,19278.0,19278.0,102558960.0,102558960.0,KOSPI,0.76
530131,삼성 인버스0.5X S&P500 VIX S/T선물 ETN B,22325.0,13.0,13.0,290225.0,290225.0,KOSPI,0.04
550084,N2 코스피 200 TR ETN,33455.0,14.0,14.0,468370.0,468370.0,KOSPI,1.84
009190,대양금속,1521.0,596911.0,596911.0,907901631.0,907901631.0,KOSPI,8.49
100910,KIWOOM KRX100,17150.0,2571.0,2571.0,44092650.0,44092650.0,KOSPI,0.56
278620,PLUS 단기채권액티브,119065.0,41.0,41.0,4881665.0,4881665.0,KOSPI,0.0
0115E0,KODEX 코리아소버린AI,14940.0,24760.0,24760.0,369914400.0,369914400.0,KOSPI,1.22
433880,PLUS TDF2060액티브 적격,18650.0,21357.0,21357.0,398308050.0,398308050.0,KOSPI,-0.21
530115,삼성 레버리지 나스닥 100 TR ETN,66040.0,50.0,50.0,3302000.0,3302000.0,KOSPI,1.14
491700,HK 200,109915.0,14775.0,14775.0,1623994125.0,1623994125.0,KOSPI,1.1
010040,한국내화,1605.0,24701.0,24701.0,39645105.0,39645105.0,KOSPI,-0.62
277640,TIGER 코스피대형주,37630.0,10782.0,10782.0,405726660.0,405726660.0,KOSPI,0.87
760016,키움 레버리지 조선TOP10 ETN,65175.0,637.0,637.0,41516475.0,41516475.0,KOSPI,2.06
453950,TIGER TSMC파운드리밸류체인,33240.0,7857.0,7857.0,261166680.0,261166680.0,KOSPI,0.36
016090,대현,1457.0,180287.0,180287.0,262678159.0,262678159.0,KOSPI,-1.62
010660,화천기계,2930.0,42122.0,42122.0,123417460.0,123417460.0,KOSPI,-0.17
005870,휴니드,4555.0,22166.0,22166.0,100966130.0,100966130.0,KOSPI,-1.51
009200,무림페이퍼,1542.0,10611.0,10611.0,16362162.0,16362162.0,KOSPI,0.0
500071,신한 레버리지 코스닥 150 선물 ETN,25545.0,50.0,50.0,1277250.0,1277250.0,KOSPI,5.51
100220,비상교육,4910.0,19952.0,19952.0,97964320.0,97964320.0,KOSPI,-0.81
0210E0,PLUS 200커버드콜액티브,7565.0,367499.0,367499.0,2780129935.0,2780129935.0,KOSPI,1.48
068290,삼성출판사,6340.0,13904.0,13904.0,88151360.0,88151360.0,KOSPI,-1.25
570100,한투 일본종합상사TOP5 ETN,21065.0,1996.0,1996.0,42045740.0,42045740.0,KOSPI,-1.01
0123S0,HANARO 26-12 은행채(AA+이상)액티브,10190.0,77.0,77.0,784630.0,784630.0,KOSPI,0.0
0198A0,KIWOOM 코스닥150커버드콜액티브,9265.0,732419.0,732419.0,6785862035.0,6785862035.0,KOSPI,2.49
0000D0,TIGER 엔비디아미국채커버드콜밸런스(합성),9170.0,72081.0,72081.0,660982770.0,660982770.0,KOSPI,0.11
004770,써니전자,1763.0,183956.0,183956.0,324314428.0,324314428.0,KOSPI,-0.34
071090,하이스틸,3100.0,114281.0,114281.0,354271100.0,354271100.0,KOSPI,0.0
419890,KIWOOM 단기채권ESG액티브,107580.0,2958.0,2958.0,318221640.0,318221640.0,KOSPI,0.04
072130,유엔젤,4905.0,15656.0,15656.0,76792680.0,76792680.0,KOSPI,0.31
453640,KODEX 미국S&P500헬스케어,14470.0,40839.0,40839.0,590940330.0,590940330.0,KOSPI,-1.13
520080,미래에셋 미국 테크&반도체 TOP3 ETN,20650.0,2.0,2.0,41300.0,41300.0,KOSPI,1.47
0172V0,1Q 은액티브,8950.0,93612.0,93612.0,837827400.0,837827400.0,KOSPI,-0.5
306950,KODEX KRX300레버리지,77135.0,1878.0,1878.0,144859530.0,144859530.0,KOSPI,1.92
455660,ACE 미국하이일드액티브(H),9490.0,10054.0,10054.0,95412460.0,95412460.0,KOSPI,0.05
252400,RISE 200선물레버리지,102460.0,20749.0,20749.0,2125942540.0,2125942540.0,KOSPI,2.92
580010,KB Wise 분할매매 ETN,10230.0,25.0,25.0,255750.0,255750.0,KOSPI,0.84
0040S0,HANARO 글로벌피지컬AI액티브,23545.0,8212.0,8212.0,193351540.0,193351540.0,KOSPI,1.16
520081,미래에셋 2X 미국 테크&반도체 TOP3 ETN,61200.0,21.0,21.0,1285200.0,1285200.0,KOSPI,2.21
261070,TIGER 코스닥150바이오테크,13115.0,135762.0,135762.0,1780518630.0,1780518630.0,KOSPI,-0.04
278240,RISE 코스닥150선물레버리지,8345.0,61922.0,61922.0,516739090.0,516739090.0,KOSPI,3.79
760018,키움 미국달러선물 ETN B,10125.0,12.0,12.0,121500.0,121500.0,KOSPI,-0.54
275980,TIGER 글로벌4차산업혁신기술(합성 H),23850.0,4370.0,4370.0,104224500.0,104224500.0,KOSPI,-0.31
002760,보락,1010.0,130345.0,130345.0,131648450.0,131648450.0,KOSPI,-0.98
006890,태경케미컬,5200.0,6561.0,6561.0,34117200.0,34117200.0,KOSPI,0.97
479730,TIGER 인도빌리언컨슈머,10175.0,2424.0,2424.0,24664200.0,24664200.0,KOSPI,-0.93
476750,ACE 미국30년국채엔화노출액티브(H),7485.0,40684.0,40684.0,304519740.0,304519740.0,KOSPI,-0.2
520086,미래에셋-0.5X S&P500 VIX S/T선물 ETN(H)B,23895.0,11.0,11.0,262845.0,262845.0,KOSPI,0.36
570117,한투 인버스2XWTI원유선물 ETN B,2710.0,59546.0,59546.0,161369660.0,161369660.0,KOSPI,-0.73
0166S0,PLUS K제조업핵심기업액티브,11125.0,53832.0,53832.0,598881000.0,598881000.0,KOSPI,2.96
150460,TIGER 중국소비테마,7865.0,14505.0,14505.0,114081825.0,114081825.0,KOSPI,-1.75
000220,유유제약,3770.0,26734.0,26734.0,100787180.0,100787180.0,KOSPI,0.0
396690,미래에셋글로벌리츠,1498.0,136585.0,136585.0,204604330.0,204604330.0,KOSPI,-3.97
261240,KODEX 미국달러선물,14260.0,51721.0,51721.0,737541460.0,737541460.0,KOSPI,-0.18
495940,RISE 미국AI테크액티브,19120.0,668.0,668.0,12772160.0,12772160.0,KOSPI,1.19
007815,코리아써우,19900.0,421.0,421.0,8377900.0,8377900.0,KOSPI,5.85
0141S0,SOL 조선기자재,8850.0,86063.0,86063.0,761657550.0,761657550.0,KOSPI,0.91
000725,현대건설우,55800.0,3651.0,3651.0,203725800.0,203725800.0,KOSPI,-2.79
007460,에이프로젠,2365.0,959448.0,959448.0,2269094520.0,2269094520.0,KOSPI,-12.41
520100,미래에셋 레버리지 삼성전자 단일종목 ETN,11685.0,90532.0,90532.0,1057866420.0,1057866420.0,KOSPI,2.28
0181L0,SOL 미국우주항공TOP10,7150.0,157307.0,157307.0,1124745050.0,1124745050.0,KOSPI,-0.63
491220,PLUS 200TR,129390.0,5114.0,5114.0,661700460.0,661700460.0,KOSPI,1.03
092440,기신정기,1992.0,46065.0,46065.0,91761480.0,91761480.0,KOSPI,0.81
001465,BYC우,26950.0,1789.0,1789.0,48213550.0,48213550.0,KOSPI,0.0
111110,호전실업,6400.0,26160.0,26160.0,167424000.0,167424000.0,KOSPI,-0.78
129260,인터지스,1945.0,15220.0,15220.0,29602900.0,29602900.0,KOSPI,-1.62
0111J0,HANARO 증권고배당TOP3플러스,12695.0,42793.0,42793.0,543257135.0,543257135.0,KOSPI,-0.74
378850,화승알앤에이,3000.0,31339.0,31339.0,94017000.0,94017000.0,KOSPI,-1.32
401470,KODEX 메타버스액티브,9720.0,15719.0,15719.0,152788680.0,152788680.0,KOSPI,-0.15
075180,새론오토모티브,2955.0,5982.0,5982.0,17676810.0,17676810.0,KOSPI,-0.34
500094,신한 블룸버그 인버스2X WTI원유선물 ETN B,2700.0,54259.0,54259.0,146499300.0,146499300.0,KOSPI,-0.92
004450,삼화왕관,26300.0,2115.0,2115.0,55624500.0,55624500.0,KOSPI,-0.57
001550,조비,10900.0,45347.0,45347.0,494282300.0,494282300.0,KOSPI,-0.46
570061,한투 레버리지은선물 ETN,56550.0,35.0,35.0,1979250.0,1979250.0,KOSPI,-0.75
0194T0,ACE SK하이닉스단일종목레버리지,8930.0,82403.0,82403.0,735858790.0,735858790.0,KOSPI,3.84
003925,남양유업우,29850.0,1459.0,1459.0,43551150.0,43551150.0,KOSPI,-0.5
000950,전방,33600.0,1695.0,1695.0,56952000.0,56952000.0,KOSPI,-1.18
0000Z0,RISE 바이오TOP10액티브,9540.0,134490.0,134490.0,1283034600.0,1283034600.0,KOSPI,0.58
304780,HANARO 200선물레버리지,125035.0,1983.0,1983.0,247944405.0,247944405.0,KOSPI,2.92
225040,TIGER 미국S&P500레버리지(합성 H),67980.0,4902.0,4902.0,333237960.0,333237960.0,KOSPI,0.82
455960,RISE 미국달러SOFR금리액티브(합성),12145.0,1676.0,1676.0,20355020.0,20355020.0,KOSPI,0.25
440910,WON 미국우주항공방산,25245.0,3158.0,3158.0,79723710.0,79723710.0,KOSPI,0.42
024900,디와이덕양,1700.0,48184.0,48184.0,81912800.0,81912800.0,KOSPI,-0.06
385590,ACE ESG액티브,23910.0,2864.0,2864.0,68478240.0,68478240.0,KOSPI,1.04
520037,미래에셋 코스피200 선물 ETN,27225.0,1845.0,1845.0,50230125.0,50230125.0,KOSPI,0.76
37550K,DL이앤씨우,25750.0,5452.0,5452.0,140389000.0,140389000.0,KOSPI,1.38
003475,유안타증권우,4245.0,19401.0,19401.0,82357245.0,82357245.0,KOSPI,-1.39
101140,인바이오젠,5400.0,504.0,504.0,2721600.0,2721600.0,KOSPI,0.0
025530,SJM홀딩스,3630.0,5899.0,5899.0,21413370.0,21413370.0,KOSPI,0.0
002630,오리엔트바이오,911.0,88516.0,88516.0,80638076.0,80638076.0,KOSPI,-1.19
021050,서원,1133.0,112592.0,112592.0,127566736.0,127566736.0,KOSPI,-0.79
0226A0,PLUS SK하이닉스샌디스크채권혼합50,10750.0,162444.0,162444.0,1746273000.0,1746273000.0,KOSPI,1.9
530113,삼성 레버리지 S&P500 선물 ETN,53605.0,4.0,4.0,214420.0,214420.0,KOSPI,1.02
0046Y0,ACE 미국배당퀄리티,12605.0,10103.0,10103.0,127348315.0,127348315.0,KOSPI,-0.28
442560,RISE TDF2040액티브 적격,16480.0,8507.0,8507.0,140195360.0,140195360.0,KOSPI,0.27
010770,평화홀딩스,3650.0,24926.0,24926.0,90979900.0,90979900.0,KOSPI,-1.08
003465,유화증권우,3050.0,1714.0,1714.0,5227700.0,5227700.0,KOSPI,-1.13
090080,평화산업,970.0,220017.0,220017.0,213416490.0,213416490.0,KOSPI,-2.9
0197W0,SOL SK하이닉스단일종목레버리지,8800.0,202256.0,202256.0,1779852800.0,1779852800.0,KOSPI,4.27
012690,모나리자,1454.0,76155.0,76155.0,110729370.0,110729370.0,KOSPI,-0.48
123700,SJM,3400.0,4350.0,4350.0,14790000.0,14790000.0,KOSPI,-0.15
445150,KODEX 친환경조선해운액티브,28670.0,4344.0,4344.0,124542480.0,124542480.0,KOSPI,0.95
520057,미래에셋 인버스 2X 코스닥150 선물 ETN,1683.0,8029997.0,8029997.0,13514484951.0,13514484951.0,KOSPI,-5.13
006880,신송홀딩스,4470.0,13280.0,13280.0,59361600.0,59361600.0,KOSPI,-0.45
140700,KODEX 보험,21145.0,247483.0,247483.0,5233028035.0,5233028035.0,KOSPI,-1.49
002140,고려산업,2110.0,650882.0,650882.0,1373361020.0,1373361020.0,KOSPI,3.43
0118Z0,ACE 미국AI테크핵심산업액티브,8755.0,13174.0,13174.0,115338370.0,115338370.0,KOSPI,0.86
520101,미래에셋 레버리지 SK하이닉스 단일종목ETN,10485.0,56662.0,56662.0,594101070.0,594101070.0,KOSPI,4.75
005305,롯데칠성우,67500.0,525.0,525.0,35437500.0,35437500.0,KOSPI,-0.44
580082,KB 레버리지 반도체 TOP10 TR ETN,20875.0,1917.0,1917.0,40017375.0,40017375.0,KOSPI,2.4
530124,삼성 레버리지 일본니케이225선물 ETN(H),52155.0,87.0,87.0,4537485.0,4537485.0,KOSPI,-0.26
004830,덕성,3325.0,20232.0,20232.0,67271400.0,67271400.0,KOSPI,-0.3
480310,TIGER 글로벌온디바이스AI,18910.0,1220.0,1220.0,23070200.0,23070200.0,KOSPI,1.37
101280,KODEX 일본TOPIX100,30540.0,5595.0,5595.0,170871300.0,170871300.0,KOSPI,-0.29
0185L0,TIME 글로벌휴머노이드로봇산업액티브,7430.0,35557.0,35557.0,264188510.0,264188510.0,KOSPI,0.54
023810,인팩,5160.0,6757.0,6757.0,34866120.0,34866120.0,KOSPI,-0.96
011300,우성머티리얼스,2990.0,111761.0,111761.0,334165390.0,334165390.0,KOSPI,-9.12
011390,부산산업,48800.0,8844.0,8844.0,431587200.0,431587200.0,KOSPI,-2.11
580076,KB 레버리지 미국 나스닥 100 TR ETN B,25715.0,117.0,117.0,3008655.0,3008655.0,KOSPI,1.02
275300,KODEX 우량주,30105.0,2060.0,2060.0,62016300.0,62016300.0,KOSPI,0.42
011230,삼화전자,2665.0,138900.0,138900.0,370168500.0,370168500.0,KOSPI,0.19
253150,PLUS 200선물레버리지,203995.0,7738.0,7738.0,1578513310.0,1578513310.0,KOSPI,2.51
372910,한컴라이프케어,1841.0,44166.0,44166.0,81309606.0,81309606.0,KOSPI,0.49
114470,KIWOOM 국고채3년,108295.0,1458.0,1458.0,157894110.0,157894110.0,KOSPI,0.12
475260,ACE 2월만기자동연장회사채AA-이상액티브,10750.0,4.0,4.0,43000.0,43000.0,KOSPI,0.0
520056,미래에셋 레버리지 코스닥150 선물 ETN,25315.0,8155.0,8155.0,206443825.0,206443825.0,KOSPI,3.73
580069,KB S&P 인버스 2X WTI원유 선물 ETN B,2735.0,57041.0,57041.0,156007135.0,156007135.0,KOSPI,-1.8
520072,미래에셋 미국 AI TOP3 ETN,16790.0,10.0,10.0,167900.0,167900.0,KOSPI,0.87
004410,서울식품,1276.0,230931.0,230931.0,294667956.0,294667956.0,KOSPI,4.68
0139P0,ACE 고배당주,13585.0,18422.0,18422.0,250262870.0,250262870.0,KOSPI,-0.95
580034,KB 레버리지 FANG 플러스 ETN(H),99840.0,2.0,2.0,199680.0,199680.0,KOSPI,1.84
003780,진양산업,3840.0,66516.0,66516.0,255421440.0,255421440.0,KOSPI,1.86
152500,ACE 레버리지,45380.0,61516.0,61516.0,2791596080.0,2791596080.0,KOSPI,2.95
0041D0,KODEX 미국AI소프트웨어TOP10,13110.0,91323.0,91323.0,1197244530.0,1197244530.0,KOSPI,3.47
0132H0,KODEX 미국원자력SMR,8615.0,77726.0,77726.0,669609490.0,669609490.0,KOSPI,-1.09
0118S0,SOL 미국넥스트테크TOP10액티브,10755.0,35954.0,35954.0,386685270.0,386685270.0,KOSPI,1.94
580056,KB 일본 로보틱스 TOP 10 ETN,24710.0,223.0,223.0,5510330.0,5510330.0,KOSPI,-0.38
28513K,SK케미칼우,23300.0,4653.0,4653.0,108414900.0,108414900.0,KOSPI,-1.89
520095,미래에셋 레버리지 WTI원유 선물 ETN,19695.0,492.0,492.0,9689940.0,9689940.0,KOSPI,1.76
218420,KODEX 미국S&P500에너지(합성),20030.0,62324.0,62324.0,1248349720.0,1248349720.0,KOSPI,0.28
261220,KODEX WTI원유선물(H),22870.0,55843.0,55843.0,1277129410.0,1277129410.0,KOSPI,0.48
418670,TIGER 글로벌AI사이버보안,17295.0,187149.0,187149.0,3236741955.0,3236741955.0,KOSPI,5.33
610061,메리츠 3X 레버리지 국채30년 ETN,24385.0,4433.0,4433.0,108098705.0,108098705.0,KOSPI,3.74
001620,케이비아이동국실업,2185.0,14323.0,14323.0,31295755.0,31295755.0,KOSPI,0.69
35320K,대덕전자1우,23200.0,2081.0,2081.0,48279200.0,48279200.0,KOSPI,1.75
316670,KIWOOM 코스닥150,7250.0,246855.0,246855.0,1789698750.0,1789698750.0,KOSPI,2.33
006980,우성,15720.0,1026.0,1026.0,16128720.0,16128720.0,KOSPI,2.75
200030,KODEX 미국S&P500산업재(합성),43030.0,1639.0,1639.0,70526170.0,70526170.0,KOSPI,1.19
447430,ACE 주주환원가치주액티브,16380.0,2666.0,2666.0,43669080.0,43669080.0,KOSPI,0.0
360140,KODEX 200롱코스닥150숏선물,21940.0,31815.0,31815.0,698021100.0,698021100.0,KOSPI,-1.17
027740,마니커,1520.0,1902417.0,1902417.0,2891673840.0,2891673840.0,KOSPI,-0.98
371470,TIGER 차이나바이오테크SOLACTIVE,8800.0,129230.0,129230.0,1137224000.0,1137224000.0,KOSPI,-0.11
006125,SK디스커버리우,39150.0,229.0,229.0,8965350.0,8965350.0,KOSPI,0.0
520102,미래에셋 인버스 2X 코스피200 선물 ETN B,24110.0,1356437.0,1356437.0,32703696070.0,32703696070.0,KOSPI,-2.74
336160,RISE 금융채액티브,100640.0,9.0,9.0,905760.0,905760.0,KOSPI,0.17
041650,상신브레이크,2245.0,8336.0,8336.0,18714320.0,18714320.0,KOSPI,-1.1
140950,파워 코스피100,85835.0,226.0,226.0,19398710.0,19398710.0,KOSPI,1.29
520096,미래에셋 인버스 2X WTI원유 선물 ETN,19185.0,1257.0,1257.0,24115545.0,24115545.0,KOSPI,-1.51
004920,씨아이테크,919.0,234332.0,234332.0,215351108.0,215351108.0,KOSPI,-0.11
550064,N2 레버리지 은 선물 ETN(H),47910.0,385.0,385.0,18445350.0,18445350.0,KOSPI,1.04
123310,TIGER 인버스,1124.0,3264415.0,3264415.0,3669202460.0,3669202460.0,KOSPI,-0.97
256750,KODEX 차이나심천ChiNext(합성),15640.0,2817.0,2817.0,44057880.0,44057880.0,KOSPI,1.0
009320,아진전자부품,963.0,451065.0,451065.0,434375595.0,434375595.0,KOSPI,-1.63
442260,마이티 다이나믹퀀트액티브,38080.0,1216.0,1216.0,46305280.0,46305280.0,KOSPI,1.41
357250,미래에셋맵스리츠,1888.0,38528.0,38528.0,72740864.0,72740864.0,KOSPI,-0.68
004910,조광페인트,3680.0,9384.0,9384.0,34533120.0,34533120.0,KOSPI,2.51
084870,TBH글로벌,2290.0,72008.0,72008.0,164898320.0,164898320.0,KOSPI,-0.43
287180,PLUS 미국나스닥테크,55040.0,984.0,984.0,54159360.0,54159360.0,KOSPI,0.77
004060,SG세계물산,2310.0,140918.0,140918.0,325520580.0,325520580.0,KOSPI,-0.43
0086B0,TIGER 리츠부동산인프라TOP10액티브,9505.0,12802.0,12802.0,121683010.0,121683010.0,KOSPI,-1.04
0020H0,KoAct 글로벌양자컴퓨팅액티브,21645.0,12179.0,12179.0,263614455.0,263614455.0,KOSPI,0.3
0178H0,IBK 미국AI TOP10국채혼합50,9880.0,5272.0,5272.0,52087360.0,52087360.0,KOSPI,0.97
461340,HANARO 글로벌생성형AI액티브,42200.0,2767.0,2767.0,116767400.0,116767400.0,KOSPI,1.81
305050,ACE 코스피,71360.0,1898.0,1898.0,135441280.0,135441280.0,KOSPI,0.71
0194M0,ACE 삼성전자단일종목레버리지,11230.0,65183.0,65183.0,732005090.0,732005090.0,KOSPI,2.18
000910,유니온,2965.0,15154.0,15154.0,44931610.0,44931610.0,KOSPI,-0.5
610078,메리츠 3X 레버리지 미국채30년 ETN,38330.0,4559.0,4559.0,174746470.0,174746470.0,KOSPI,0.39
007110,일신석재,592.0,683685.0,683685.0,404741520.0,404741520.0,KOSPI,0.51
520074,미래에셋 미국 방위산업 TOP3 ETN,15265.0,8.0,8.0,122120.0,122120.0,KOSPI,0.69
276990,KODEX 글로벌로봇(합성),25820.0,3534.0,3534.0,91247880.0,91247880.0,KOSPI,0.72
473590,ACE 미국주식베스트셀러,18950.0,147084.0,147084.0,2787241800.0,2787241800.0,KOSPI,1.61
014990,인디에프,3025.0,343401.0,343401.0,1038788025.0,1038788025.0,KOSPI,-6.35
196030,ACE 일본TOPIX레버리지(H),90825.0,114.0,114.0,10354050.0,10354050.0,KOSPI,-0.29
442090,에셋플러스 코리아대장장이액티브,30120.0,731.0,731.0,22017720.0,22017720.0,KOSPI,0.99
009835,한화솔루션우,17740.0,3581.0,3581.0,63526940.0,63526940.0,KOSPI,-1.06
429760,PLUS 미국S&P500,19625.0,3920.0,3920.0,76930000.0,76930000.0,KOSPI,0.05
520078,미래에셋 미국 제약 TOP3 ETN,15030.0,21.0,21.0,315630.0,315630.0,KOSPI,-2.69
480370,씨케이솔루션,1388.0,44232.0,44232.0,61394016.0,61394016.0,KOSPI,1.09
002920,유성기업,1734.0,7640.0,7640.0,13247760.0,13247760.0,KOSPI,-0.06
473490,KIWOOM 글로벌AI반도체,29930.0,1686.0,1686.0,50461980.0,50461980.0,KOSPI,0.94
475270,ACE 5월만기자동연장회사채AA-이상액티브,10720.0,4.0,4.0,42880.0,42880.0,KOSPI,0.0
261120,TIGER 미국달러선물인버스2X,5315.0,9390.0,9390.0,49907850.0,49907850.0,KOSPI,0.57
375770,KODEX 탄소효율그린뉴딜,24800.0,58.0,58.0,1438400.0,1438400.0,KOSPI,0.53
003080,SB성보,2225.0,12615.0,12615.0,28068375.0,28068375.0,KOSPI,-0.45
472830,RISE 미국30년국채커버드콜(합성),8010.0,11614.0,11614.0,93028140.0,93028140.0,KOSPI,-0.12
453650,KODEX 미국S&P500금융,19715.0,9413.0,9413.0,185577295.0,185577295.0,KOSPI,-0.08
487130,KoAct AI인프라액티브,28515.0,26812.0,26812.0,764544180.0,764544180.0,KOSPI,3.41
476260,HANARO 반도체핵심공정주도주,12810.0,175284.0,175284.0,2245388040.0,2245388040.0,KOSPI,2.77
014910,성문전자,2020.0,322485.0,322485.0,651419700.0,651419700.0,KOSPI,4.66
0186S0,1Q 코스닥150채권혼합50액티브,8470.0,258847.0,258847.0,2192434090.0,2192434090.0,KOSPI,1.38
0189B0,TIGER 은액티브,8635.0,44242.0,44242.0,382029670.0,382029670.0,KOSPI,-0.46
023350,한국종합기술,4020.0,20110.0,20110.0,80842200.0,80842200.0,KOSPI,-4.17
008420,문배철강,2145.0,27099.0,27099.0,58127355.0,58127355.0,KOSPI,-0.46
004540,깨끗한나라,1176.0,63292.0,63292.0,74431392.0,74431392.0,KOSPI,-1.59
006370,대구백화점,4040.0,446051.0,446051.0,1802046040.0,1802046040.0,KOSPI,11.29
0089C0,KODEX 미국S&P500변동성확대시커버드콜,11440.0,2274.0,2274.0,26014560.0,26014560.0,KOSPI,-0.09
092780,DYP,3300.0,18364.0,18364.0,60601200.0,60601200.0,KOSPI,-1.35
401170,RISE 메타버스,10970.0,1544.0,1544.0,16937680.0,16937680.0,KOSPI,-0.54
481850,신한글로벌액티브리츠,999.0,63548.0,63548.0,63484452.0,63484452.0,KOSPI,-0.89
238720,ACE 일본Nikkei225(H),48170.0,2282.0,2282.0,109923940.0,109923940.0,KOSPI,0.19
139320,TIGER 금은선물(H),19220.0,11277.0,11277.0,216743940.0,216743940.0,KOSPI,-0.62
446070,유니드비티플러스,4070.0,60136.0,60136.0,244753520.0,244753520.0,KOSPI,5.03
011330,유니켐,4305.0,229012.0,229012.0,985896660.0,985896660.0,KOSPI,-7.82
610038,메리츠 레버리지 미국채30년 ETN(H),4310.0,8537.0,8537.0,36794470.0,36794470.0,KOSPI,0.47
139280,TIGER 경기방어,13135.0,7297.0,7297.0,95846095.0,95846095.0,KOSPI,-1.72
494840,TIGER 미국방산TOP10,13035.0,16098.0,16098.0,209837430.0,209837430.0,KOSPI,0.66
0141T0,SOL 중기종합채권(AA-이상)액티브,50345.0,12006.0,12006.0,604442070.0,604442070.0,KOSPI,0.04
520091,미래에셋 인버스 천연가스 선물 ETN B,10625.0,1763.0,1763.0,18731875.0,18731875.0,KOSPI,-2.52
0007G0,PLUS 글로벌원자력밸류체인,14135.0,25224.0,25224.0,356541240.0,356541240.0,KOSPI,-0.11
500095,신한 S&P500 VIX S/T 선물 ETN E,7055.0,116.0,116.0,818380.0,818380.0,KOSPI,-1.6
026940,부국철강,2105.0,113342.0,113342.0,238584910.0,238584910.0,KOSPI,-0.47
0220B0,DS 코스닥액티브,9865.0,60319.0,60319.0,595046935.0,595046935.0,KOSPI,3.24
428510,KODEX 차이나AI테크액티브,24600.0,13601.0,13601.0,334584600.0,334584600.0,KOSPI,3.21
0192L0,RISE SK하이닉스단일종목레버리지,9085.0,53932.0,53932.0,489972220.0,489972220.0,KOSPI,4.25
282000,RISE 국고채3년선물인버스,114330.0,896.0,896.0,102439680.0,102439680.0,KOSPI,-0.14
440650,ACE 미국달러단기채권액티브,11590.0,28625.0,28625.0,331763750.0,331763750.0,KOSPI,-0.3
520073,미래에셋 레버리지 미국 AI TOP3 ETN,41645.0,14.0,14.0,583030.0,583030.0,KOSPI,1.15
011420,갤럭시아에스엠,1509.0,39699.0,39699.0,59905791.0,59905791.0,KOSPI,0.07
012160,영흥,2650.0,36710.0,36710.0,97281500.0,97281500.0,KOSPI,1.92
550041,N2 미국 IT TOP5 ETN(H),58695.0,5.0,5.0,293475.0,293475.0,KOSPI,1.9
570118,한투 인버스2X천연가스선물 ETN B,10265.0,11319.0,11319.0,116189535.0,116189535.0,KOSPI,-5.22
610088,메리츠 레버리지 WTI원유 선물 ETN(H),41035.0,9875.0,9875.0,405220625.0,405220625.0,KOSPI,1.61
0112X0,마이티 200TR,40815.0,17332.0,17332.0,707405580.0,707405580.0,KOSPI,0.62
448570,FOCUS AI코리아액티브,30220.0,35.0,35.0,1057700.0,1057700.0,KOSPI,0.53
700027,하나 반도체 ETN,40790.0,32.0,32.0,1305280.0,1305280.0,KOSPI,1.76
047400,유니온머티리얼,970.0,48848.0,48848.0,47382560.0,47382560.0,KOSPI,-0.92
472840,IBK 200,108560.0,2208.0,2208.0,239700480.0,239700480.0,KOSPI,1.24
570103,한투 인버스2X나스닥100 ETN B,4070.0,2050.0,2050.0,8343500.0,8343500.0,KOSPI,-1.45
500093,신한 블룸버그 레버리지 WTI원유선물 ETN B,40690.0,3.0,3.0,122070.0,122070.0,KOSPI,2.17
0207G0,SOL 우주항공밸류체인,6885.0,714309.0,714309.0,4918017465.0,4918017465.0,KOSPI,3.46
017180,명문제약,1194.0,42092.0,42092.0,50257848.0,50257848.0,KOSPI,-0.91
580068,KB S&P 레버리지 WTI원유 선물 ETN B,40535.0,7477.0,7477.0,303080195.0,303080195.0,KOSPI,0.92
700029,하나 S&P 레버리지 WTI원유 선물 ETN B,40500.0,70.0,70.0,2835000.0,2835000.0,KOSPI,1.99
000215,DL우,24000.0,1047.0,1047.0,25128000.0,25128000.0,KOSPI,-0.41
183700,RISE 200채권혼합50,96325.0,1617.0,1617.0,155757525.0,155757525.0,KOSPI,0.56
0209Z0,ACE 코리아AI전력TOP10,7570.0,289821.0,289821.0,2193944970.0,2193944970.0,KOSPI,6.47
530133,삼성 블룸버그 레버리지 WTI원유선물 ETN B,40050.0,4258.0,4258.0,170532900.0,170532900.0,KOSPI,0.67
000760,이화산업,14080.0,2728.0,2728.0,38410240.0,38410240.0,KOSPI,-0.21
134790,시디즈,19700.0,3002.0,3002.0,59139400.0,59139400.0,KOSPI,0.05
147970,TIGER 모멘텀,81680.0,1228.0,1228.0,100303040.0,100303040.0,KOSPI,0.29
0100K0,KODEX 방산TOP10레버리지,7000.0,564109.0,564109.0,3948763000.0,3948763000.0,KOSPI,7.61
352540,KODEX 일본부동산리츠(H),11515.0,5901.0,5901.0,67950015.0,67950015.0,KOSPI,0.22
322410,HANARO K고배당,22995.0,2286.0,2286.0,52566570.0,52566570.0,KOSPI,0.0
008870,금비,39050.0,654.0,654.0,25538700.0,25538700.0,KOSPI,0.77
292560,TIGER 일본엔선물,8035.0,171176.0,171176.0,1375399160.0,1375399160.0,KOSPI,-0.62
520082,미래에셋 미국 자율주행대표기업 ETN,12835.0,43.0,43.0,551905.0,551905.0,KOSPI,-0.04
275280,KODEX 모멘텀주,42755.0,8426.0,8426.0,360253630.0,360253630.0,KOSPI,1.41
610101,메리츠 인버스 2X 은 선물 ETN(H),38250.0,8197.0,8197.0,313535250.0,313535250.0,KOSPI,-0.1
195930,TIGER 유로스탁스50(합성 H),23845.0,2284.0,2284.0,54461980.0,54461980.0,KOSPI,0.32
491830,TIGER 미국AI반도체팹리스,21730.0,94466.0,94466.0,2052746180.0,2052746180.0,KOSPI,2.6
145270,케이탑리츠,787.0,3014.0,3014.0,2372018.0,2372018.0,KOSPI,0.0
400970,TIGER Fn메타버스,7465.0,13827.0,13827.0,103218555.0,103218555.0,KOSPI,-1.97
023960,에쓰씨엔지니어링,990.0,72860.0,72860.0,72131400.0,72131400.0,KOSPI,-0.8
276970,KODEX 미국S&P500배당귀족커버드콜(합성 H),8000.0,8997.0,8997.0,71976000.0,71976000.0,KOSPI,0.19
365000,TIGER 인터넷TOP10,3715.0,62004.0,62004.0,230344860.0,230344860.0,KOSPI,0.81
452250,ACE 미국30년국채선물레버리지(합성 H),4820.0,3529.0,3529.0,17009780.0,17009780.0,KOSPI,0.1
530143,삼성 인버스 2X 은 선물 ETN,37345.0,5418.0,5418.0,202335210.0,202335210.0,KOSPI,0.27
570119,한투 인버스2X은선물 ETN,37110.0,607.0,607.0,22525770.0,22525770.0,KOSPI,0.61
464470,PLUS 미국채30년액티브,48465.0,11271.0,11271.0,546249015.0,546249015.0,KOSPI,-0.1
580077,KB 인버스 2X 미국 나스닥 100 TR ETN B,12295.0,342.0,342.0,4204890.0,4204890.0,KOSPI,-2.27
580081,KB 인버스 2X 은 선물 ETN,36840.0,1667.0,1667.0,61412280.0,61412280.0,KOSPI,-1.3
520079,미래에셋 레버리지 미국 제약 TOP3 ETN,36735.0,23.0,23.0,844905.0,844905.0,KOSPI,-5.67
008250,이건산업,3330.0,2282674.0,2282674.0,7601304420.0,7601304420.0,KOSPI,7.42
450910,SOL 코스닥150,14215.0,23336.0,23336.0,331721240.0,331721240.0,KOSPI,2.12
449690,TIGER 한중반도체(합성),48430.0,150.0,150.0,7264500.0,7264500.0,KOSPI,2.43
469050,RISE 미국반도체NYSE(H),31560.0,76476.0,76476.0,2413582560.0,2413582560.0,KOSPI,1.94
013000,세우글로벌,1264.0,78055.0,78055.0,98661520.0,98661520.0,KOSPI,5.25
104530,KIWOOM 코리아고배당,17555.0,5894.0,5894.0,103469170.0,103469170.0,KOSPI,-1.1
352560,KODEX 미국부동산리츠(H),12560.0,3387.0,3387.0,42540720.0,42540720.0,KOSPI,0.0
570102,한투 레버리지나스닥100 ETN B,17890.0,15.0,15.0,268350.0,268350.0,KOSPI,1.47
009460,한창제지,2995.0,5695.0,5695.0,17056525.0,17056525.0,KOSPI,-1.16
000890,보해양조,1288.0,161125.0,161125.0,207529000.0,207529000.0,KOSPI,-1.53
049800,우진플라임,1778.0,9297.0,9297.0,16530066.0,16530066.0,KOSPI,-1.22
133820,화인베스틸,958.0,156559.0,156559.0,149983522.0,149983522.0,KOSPI,2.57
153270,KIWOOM 코스피100,84490.0,1458.0,1458.0,123186420.0,123186420.0,KOSPI,1.34
381560,HANARO Fn전기&수소차,17740.0,4056.0,4056.0,71953440.0,71953440.0,KOSPI,1.52
610089,메리츠 인버스 2X WTI원유 선물 ETN(H),2940.0,115688.0,115688.0,340122720.0,340122720.0,KOSPI,-1.01
498860,RISE 코리아금융고배당,16800.0,10832.0,10832.0,181977600.0,181977600.0,KOSPI,-0.3
415920,PLUS 글로벌희토류&전략자원생산기업,7505.0,55546.0,55546.0,416872730.0,416872730.0,KOSPI,0.13
0154F0,WON 초대형IB&금융지주,12155.0,18411.0,18411.0,223785705.0,223785705.0,KOSPI,0.96
322400,HANARO e커머스,10510.0,5524.0,5524.0,58057240.0,58057240.0,KOSPI,-1.36
002870,신풍,989.0,280252.0,280252.0,277169228.0,277169228.0,KOSPI,0.1
241390,RISE V&S셀렉트밸류채권혼합,15715.0,1467.0,1467.0,23053905.0,23053905.0,KOSPI,0.54
570069,한투 레버리지플래티넘선물 ETN,34475.0,484.0,484.0,16685900.0,16685900.0,KOSPI,-4.06
475070,KoAct 글로벌친환경전력인프라액티브,29970.0,4384.0,4384.0,131388480.0,131388480.0,KOSPI,1.42
004365,세방우,9340.0,388.0,388.0,3623920.0,3623920.0,KOSPI,0.11
385520,KODEX 자율주행액티브,15990.0,5215.0,5215.0,83387850.0,83387850.0,KOSPI,1.14
138910,KODEX 구리선물(H),10105.0,55130.0,55130.0,557088650.0,557088650.0,KOSPI,-2.32
009140,경인전자,21850.0,3789.0,3789.0,82789650.0,82789650.0,KOSPI,-2.46
520077,미래에셋 -1.5X 천연가스 선물 ETN,13700.0,37.0,37.0,506900.0,506900.0,KOSPI,-3.59
276650,RISE 글로벌테크놀로지(합성 H),45600.0,490.0,490.0,22344000.0,22344000.0,KOSPI,0.65
407830,에셋플러스 글로벌플랫폼액티브,14245.0,530.0,530.0,7549850.0,7549850.0,KOSPI,-0.52
610007,메리츠 국채30년 ETN,6830.0,1.0,1.0,6830.0,6830.0,KOSPI,0.74
570082,한투 인버스2X코스닥150선물 ETN,1705.0,69419.0,69419.0,118359395.0,118359395.0,KOSPI,-4.8
570065,한투 레버리지베트남VN30선물 ETN(H),34070.0,57.0,57.0,1941990.0,1941990.0,KOSPI,3.62
005820,원림,14800.0,2467.0,2467.0,36511600.0,36511600.0,KOSPI,-0.74
380340,ACE 코리아AI테크핵심산업,28325.0,72488.0,72488.0,2053222600.0,2053222600.0,KOSPI,1.2
500085,신한 코스피 200 TR ETN,33960.0,26.0,26.0,882960.0,882960.0,KOSPI,0.91
760005,키움 INDXX 미국테크탑10 ETN,33940.0,58.0,58.0,1968520.0,1968520.0,KOSPI,-0.43
570127,한투 인버스2X코스피200선물 ETN,33930.0,480.0,480.0,16286400.0,16286400.0,KOSPI,-1.27
500040,신한 레버리지 구리 선물 ETN,33925.0,46.0,46.0,1560550.0,1560550.0,KOSPI,-4.5
530117,삼성 코스피 200 TR ETN,33820.0,9164.0,9164.0,309926480.0,309926480.0,KOSPI,1.32
295020,RISE 국채선물10년인버스,60175.0,8.0,8.0,481400.0,481400.0,KOSPI,-0.31
449780,KIWOOM 미국S&P500(H),18705.0,7697.0,7697.0,143972385.0,143972385.0,KOSPI,0.38
105780,RISE 5대그룹주,16810.0,1861.0,1861.0,31283410.0,31283410.0,KOSPI,0.9
496770,PLUS 글로벌방산,18050.0,13358.0,13358.0,241111900.0,241111900.0,KOSPI,0.39
122260,KIWOOM 통안채1년,104145.0,3061.0,3061.0,318787845.0,318787845.0,KOSPI,0.01
099140,KODEX 차이나H,21485.0,9156.0,9156.0,196716660.0,196716660.0,KOSPI,-0.76
261140,TIGER 우선주,24710.0,10651.0,10651.0,263186210.0,263186210.0,KOSPI,-0.08
465660,TIGER 일본반도체FACTSET,24520.0,10287.0,10287.0,252237240.0,252237240.0,KOSPI,0.51
0023B0,PLUS 미국양자컴퓨팅TOP10,16120.0,35501.0,35501.0,572276120.0,572276120.0,KOSPI,-1.8
0184E0,1Q 200채권혼합50액티브,11000.0,119522.0,119522.0,1314742000.0,1314742000.0,KOSPI,-0.09
227540,TIGER 200 헬스케어,20120.0,21337.0,21337.0,429300440.0,429300440.0,KOSPI,-1.81
530118,삼성 코스닥 150 TR ETN,10995.0,171.0,171.0,1880145.0,1880145.0,KOSPI,1.43
007120,미래아이앤지,1202.0,342574.0,342574.0,411773948.0,411773948.0,KOSPI,7.51
174360,RISE 중국본토대형주CSI100,23450.0,2441.0,2441.0,57241450.0,57241450.0,KOSPI,-0.32
491090,KODEX 미국테크TOP3플러스,17725.0,125377.0,125377.0,2222307325.0,2222307325.0,KOSPI,0.62
474800,KIWOOM 미국원유에너지기업,15600.0,33910.0,33910.0,528996000.0,528996000.0,KOSPI,-0.57
476690,TIGER 글로벌비만치료제TOP2Plus,10900.0,9498.0,9498.0,103528200.0,103528200.0,KOSPI,-2.94
459560,KODEX 테슬라밸류체인FactSet,21565.0,5411.0,5411.0,116688215.0,116688215.0,KOSPI,0.89
256440,ACE MSCI인도네시아(합성),5300.0,16510.0,16510.0,87503000.0,87503000.0,KOSPI,-1.03
0138T0,RISE 미국S&P500데일리고정커버드콜,9500.0,21455.0,21455.0,203822500.0,203822500.0,KOSPI,0.0
465350,RISE 2차전지TOP10인버스(합성),16105.0,269157.0,269157.0,4334773485.0,4334773485.0,KOSPI,-6.07
0150K0,KoAct 수소전력ESS인프라액티브,11105.0,47840.0,47840.0,531263200.0,531263200.0,KOSPI,4.76
001070,대한방직,6070.0,2219.0,2219.0,13469330.0,13469330.0,KOSPI,-0.82
0192T0,SOL 코스닥TOP10,7470.0,353903.0,353903.0,2643655410.0,2643655410.0,KOSPI,1.84
271060,KODEX 3대농산물선물(H),9065.0,122600.0,122600.0,1111369000.0,1111369000.0,KOSPI,2.78
010400,우진아이엔에스,4205.0,19023.0,19023.0,79991715.0,79991715.0,KOSPI,-2.66
0083S0,1Q 미국메디컬AI,11050.0,22351.0,22351.0,246978550.0,246978550.0,KOSPI,-1.65
010640,진양폴리,1913.0,299092.0,299092.0,572162996.0,572162996.0,KOSPI,8.51
426150,WON 대한민국국고채액티브,51235.0,53.0,53.0,2715455.0,2715455.0,KOSPI,0.02
248270,TIGER S&P글로벌헬스케어(합성),27275.0,2416.0,2416.0,65896400.0,65896400.0,KOSPI,-1.02
003535,한화투자증권우,6590.0,30481.0,30481.0,200869790.0,200869790.0,KOSPI,-2.37
266360,KODEX K콘텐츠,9885.0,19950.0,19950.0,197205750.0,197205750.0,KOSPI,-1.45
459750,RISE 글로벌주식분산액티브,18045.0,7735.0,7735.0,139578075.0,139578075.0,KOSPI,0.17
139270,TIGER 200 금융,16930.0,26419.0,26419.0,447273670.0,447273670.0,KOSPI,0.18
395170,KODEX Top10동일가중,15735.0,3705.0,3705.0,58298175.0,58298175.0,KOSPI,0.51
760024,키움 인버스 2X K방산 TOP5 ETN,6975.0,3862.0,3862.0,26937450.0,26937450.0,KOSPI,-7.92
0085N0,ACE 미국10년국채액티브(H),9800.0,28017.0,28017.0,274566600.0,274566600.0,KOSPI,-0.05
245350,TIGER 유로스탁스배당30,19585.0,1277.0,1277.0,25010045.0,25010045.0,KOSPI,-0.18
0089B0,PLUS 미국나스닥100미국채혼합50,11190.0,49597.0,49597.0,554990430.0,554990430.0,KOSPI,0.09
494410,PLUS 미국S&P500성장주,14240.0,4284.0,4284.0,61004160.0,61004160.0,KOSPI,0.04
069640,한세엠케이,1440.0,10634.0,10634.0,15312960.0,15312960.0,KOSPI,-0.21
009810,MDS스피어,1985.0,38279.0,38279.0,75983815.0,75983815.0,KOSPI,9.13
500102,신한 블룸버그 2X 천연가스 선물 ETN B,15530.0,20676.0,20676.0,321098280.0,321098280.0,KOSPI,4.61
156080,KODEX MSCI Korea,51745.0,4923.0,4923.0,254740635.0,254740635.0,KOSPI,0.73
395290,HANARO Fn K-POP&미디어,4920.0,139833.0,139833.0,687978360.0,687978360.0,KOSPI,-1.01
308170,씨티알모빌리티,3600.0,4181.0,4181.0,15051600.0,15051600.0,KOSPI,-0.69
0192M0,RISE 삼성전자단일종목레버리지,11375.0,22755.0,22755.0,258838125.0,258838125.0,KOSPI,2.06
0204S0,TIGER 코스닥액티브,6815.0,41287.0,41287.0,281370905.0,281370905.0,KOSPI,1.56
570072,한투 레버리지구리선물 ETN,30870.0,5.0,5.0,154350.0,154350.0,KOSPI,-4.16
468630,KODEX iShares미국투자등급회사채액티브,10935.0,11253.0,11253.0,123051555.0,123051555.0,KOSPI,-0.14
275290,KODEX 가치주,34100.0,821.0,821.0,27996100.0,27996100.0,KOSPI,0.0
476070,KODEX 글로벌비만치료제TOP2 Plus,11365.0,21187.0,21187.0,240790255.0,240790255.0,KOSPI,-2.78
024070,WISCOM,2000.0,33839.0,33839.0,67678000.0,67678000.0,KOSPI,3.41
023150,MH에탄올,4150.0,2926.0,2926.0,12142900.0,12142900.0,KOSPI,-0.48
025750,한솔홈데코,1898.0,13975.0,13975.0,26524550.0,26524550.0,KOSPI,-0.58
0155N0,HANARO K휴머노이드테마TOP10,7610.0,43352.0,43352.0,329908720.0,329908720.0,KOSPI,-0.07
464920,PLUS 일본반도체소부장,24275.0,20521.0,20521.0,498147275.0,498147275.0,KOSPI,-1.04
446690,KODEX 아시아AI반도체exChina액티브,60460.0,10084.0,10084.0,609678640.0,609678640.0,KOSPI,1.65
520099,미래에셋 인버스 2X 반도체 ETN,3775.0,4935412.0,4935412.0,18631180300.0,18631180300.0,KOSPI,-4.79
090370,메타랩스,1103.0,6041.0,6041.0,6663223.0,6663223.0,KOSPI,-0.09
003680,한성기업,4845.0,102664.0,102664.0,497407080.0,497407080.0,KOSPI,-2.12
003060,에이프로젠바이오로직스,1881.0,208797.0,208797.0,392747157.0,392747157.0,KOSPI,-3.54
002690,동일제강,1481.0,13161.0,13161.0,19491441.0,19491441.0,KOSPI,0.47
261250,KODEX 미국달러선물레버리지,15905.0,43910.0,43910.0,698388550.0,698388550.0,KOSPI,-0.62
469790,KIWOOM 코리아테크TOP10,42915.0,1014.0,1014.0,43515810.0,43515810.0,KOSPI,0.68
117680,KODEX 철강,12995.0,86695.0,86695.0,1126601525.0,1126601525.0,KOSPI,2.12
192720,파워 고배당저변동성,58830.0,2448.0,2448.0,144015840.0,144015840.0,KOSPI,-0.41
415340,KODEX 차이나과창판STAR50(합성),14445.0,27835.0,27835.0,402076575.0,402076575.0,KOSPI,2.3
0155M0,ACE 미국SMR원자력TOP10,7195.0,60595.0,60595.0,435981025.0,435981025.0,KOSPI,-2.64
387270,TIGER 글로벌이노베이션액티브,24635.0,1024.0,1024.0,25226240.0,25226240.0,KOSPI,1.36
500035,신한 레버리지 미국달러 선물 ETN,14885.0,202.0,202.0,3006770.0,3006770.0,KOSPI,-0.37
036420,콘텐트리중앙,1541.0,60261.0,60261.0,92862201.0,92862201.0,KOSPI,-3.51
760026,키움 레버리지 전력 TOP5 ETN,19780.0,134535.0,134535.0,2661102300.0,2661102300.0,KOSPI,18.23
145850,TREX 펀더멘탈 200,118655.0,3.0,3.0,355965.0,355965.0,KOSPI,0.36
450190,KODEX 한중반도체(합성),49230.0,670.0,670.0,32984100.0,32984100.0,KOSPI,3.06
117460,KODEX 에너지화학,13575.0,19816.0,19816.0,269002200.0,269002200.0,KOSPI,0.89
001380,SG글로벌,1309.0,22606.0,22606.0,29591254.0,29591254.0,KOSPI,0.23
253250,KIWOOM 200선물레버리지,100970.0,32911.0,32911.0,3323023670.0,3323023670.0,KOSPI,2.31
0107F0,KIWOOM 미국고배당&AI테크,11475.0,5926.0,5926.0,68000850.0,68000850.0,KOSPI,0.0
289480,TIGER 200커버드콜,12705.0,16810.0,16810.0,213571050.0,213571050.0,KOSPI,0.71
0203S0,WON 삼성전자현대차채권혼합50,8720.0,44149.0,44149.0,384979280.0,384979280.0,KOSPI,0.11
014130,한익스프레스,2460.0,13865.0,13865.0,34107900.0,34107900.0,KOSPI,-0.4
520090,미래에셋 천연가스 선물 ETN B,7240.0,57820.0,57820.0,418616800.0,418616800.0,KOSPI,1.97
118000,메타케어,1307.0,6225.0,6225.0,8136075.0,8136075.0,KOSPI,-0.23
494340,ACE 글로벌AI맞춤형반도체,19205.0,8904.0,8904.0,171001320.0,171001320.0,KOSPI,2.84
223190,KODEX 200가치저변동,28310.0,2095.0,2095.0,59309450.0,59309450.0,KOSPI,0.39
0218J0,RISE 미국우주&로봇TOP2미국채혼합50,8935.0,57320.0,57320.0,512154200.0,512154200.0,KOSPI,0.06
570047,한투 FTSE100 ETN,28135.0,1.0,1.0,28135.0,28135.0,KOSPI,-1.23
500023,신한 콩 선물 ETN(H),14050.0,6.0,6.0,84300.0,84300.0,KOSPI,1.96
025890,한국주강,2515.0,13424.0,13424.0,33761360.0,33761360.0,KOSPI,0.2
0166N0,PLUS 코스닥150액티브,7780.0,55069.0,55069.0,428436820.0,428436820.0,KOSPI,4.01
033250,체시스,4370.0,197332.0,197332.0,862340840.0,862340840.0,KOSPI,6.98
475380,RISE 글로벌리얼티인컴,10500.0,3153.0,3153.0,33106500.0,33106500.0,KOSPI,-0.62
006570,대림통상,1826.0,17152.0,17152.0,31319552.0,31319552.0,KOSPI,-0.05
252710,TIGER 200선물인버스2X,82.0,106126146.0,106126146.0,8702343972.0,8702343972.0,KOSPI,-2.38
261060,TIGER 코스닥150IT,23695.0,15603.0,15603.0,369713085.0,369713085.0,KOSPI,2.2
440340,TIGER 글로벌멀티에셋TIF액티브,12130.0,7301.0,7301.0,88561130.0,88561130.0,KOSPI,-0.04
459790,KIWOOM 미국성장기업30액티브,20195.0,191.0,191.0,3857245.0,3857245.0,KOSPI,0.42
493420,SOL 미국배당다우존스2호,12980.0,12066.0,12066.0,156616680.0,156616680.0,KOSPI,-0.65
0137W0,KIWOOM 미국S&P500&GOLD,10475.0,4802.0,4802.0,50300950.0,50300950.0,KOSPI,-0.05
011090,에넥스,2295.0,424612.0,424612.0,974484540.0,974484540.0,KOSPI,-0.22
357430,마스턴프리미어리츠,888.0,23435.0,23435.0,20810280.0,20810280.0,KOSPI,0.91
167860,KIWOOM 국고채10년레버리지,93340.0,17.0,17.0,1586780.0,1586780.0,KOSPI,0.37
0013R0,RISE 테슬라미국채타겟커버드콜혼합(합성),7960.0,14035.0,14035.0,111718600.0,111718600.0,KOSPI,0.32
005320,온타이드,790.0,100253.0,100253.0,79199870.0,79199870.0,KOSPI,1.02
225130,ACE 골드선물 레버리지(합성 H),54005.0,3649.0,3649.0,197064245.0,197064245.0,KOSPI,-0.73
0198D0,1Q SK하이닉스선물단일종목레버리지,9250.0,55306.0,55306.0,511580500.0,511580500.0,KOSPI,4.34
419430,KODEX 차이나2차전지MSCI(합성),9610.0,1275.0,1275.0,12252750.0,12252750.0,KOSPI,-1.33
437350,RISE 미국단기투자등급회사채액티브,12230.0,20389.0,20389.0,249357470.0,249357470.0,KOSPI,-0.24
0223R0,TIGER 미국테크NYSE100액티브,9315.0,41478.0,41478.0,386367570.0,386367570.0,KOSPI,2.03
0164G0,RISE 차이나AI반도체TOP4Plus,12755.0,32417.0,32417.0,413478835.0,413478835.0,KOSPI,1.71
019175,신풍제약우,13450.0,3567.0,3567.0,47976150.0,47976150.0,KOSPI,-0.74
456680,TIGER 차이나전기차레버리지(합성),6545.0,24042.0,24042.0,157354890.0,157354890.0,KOSPI,-1.21
0152E0,SOL 배당성향탑픽액티브,10890.0,15252.0,15252.0,166094280.0,166094280.0,KOSPI,-0.46
051630,진양화학,1252.0,908171.0,908171.0,1137030092.0,1137030092.0,KOSPI,12.09
245360,TIGER 차이나HSCEI,12335.0,2766.0,2766.0,34118610.0,34118610.0,KOSPI,-1.6
479850,HANARO K-뷰티,19640.0,83138.0,83138.0,1632830320.0,1632830320.0,KOSPI,-2.77
461600,SOL 미국30년국채액티브(H),8415.0,6005.0,6005.0,50532075.0,50532075.0,KOSPI,0.3
185680,KODEX 미국S&P바이오(합성),49665.0,1803.0,1803.0,89545995.0,89545995.0,KOSPI,-0.29
006345,대원전선우,10070.0,143699.0,143699.0,1447048930.0,1447048930.0,KOSPI,3.18
610028,메리츠 레버리지 구리 선물 ETN(H),26385.0,91.0,91.0,2401035.0,2401035.0,KOSPI,-4.19
368190,HANARO Fn K-뉴딜디지털플러스,8245.0,1293.0,1293.0,10660785.0,10660785.0,KOSPI,1.92
088790,진도,2115.0,30838.0,30838.0,65222370.0,65222370.0,KOSPI,-3.86
0049K0,ACE 미국배당퀄리티채권혼합50,11170.0,14000.0,14000.0,156380000.0,156380000.0,KOSPI,-0.09
760004,키움 인버스 미국달러선물 ETN,9710.0,1.0,1.0,9710.0,9710.0,KOSPI,-0.05
489290,WON 미국빌리어네어,14975.0,819.0,819.0,12264525.0,12264525.0,KOSPI,0.91
550069,N2 레버리지 구리 선물 ETN(H),26190.0,2.0,2.0,52380.0,52380.0,KOSPI,-4.01
530128,삼성 레버리지 미국다우존스 선물 ETN,26140.0,39.0,39.0,1019460.0,1019460.0,KOSPI,-0.25
0103T0,1Q K소버린AI,8850.0,12755.0,12755.0,112881750.0,112881750.0,KOSPI,-0.56
530063,삼성 레버리지 구리 선물 ETN(H),26100.0,2794.0,2794.0,72923400.0,72923400.0,KOSPI,-4.4
530089,삼성 은 선물 ETN(H),26090.0,4577.0,4577.0,119413930.0,119413930.0,KOSPI,-0.42
580057,KB 일본 컨슈머 TOP 10 ETN,12990.0,12.0,12.0,155880.0,155880.0,KOSPI,-1.1
0115C0,RISE 미국고배당다우존스TOP10,11275.0,56120.0,56120.0,632753000.0,632753000.0,KOSPI,-1.31
0047R0,RISE 팔란티어고정테크100,15220.0,3397.0,3397.0,51702340.0,51702340.0,KOSPI,0.53
277540,ACE 아시아TOP50,32270.0,132.0,132.0,4259640.0,4259640.0,KOSPI,0.42
004870,티웨이홀딩스,1140.0,39862.0,39862.0,45442680.0,45442680.0,KOSPI,0.26
580048,KB 차이나 대형주 CSI 300 ETN,12840.0,1.0,1.0,12840.0,12840.0,KOSPI,0.04
700013,하나 레버리지 콩 선물 ETN(H),25670.0,391.0,391.0,10036970.0,10036970.0,KOSPI,3.49
610103,메리츠 솔랙티브 레버리지 금 선물 ETN(H),25645.0,4126.0,4126.0,105811270.0,105811270.0,KOSPI,-1.23
760028,키움 인버스 2X 반도체TOP10 ETN,3200.0,1741163.0,1741163.0,5571721600.0,5571721600.0,KOSPI,-2.29
610022,메리츠 미국채10년 ETN(H),8485.0,2.0,2.0,16970.0,16970.0,KOSPI,-0.06
414270,ACE 글로벌자율주행액티브,11825.0,13361.0,13361.0,157993825.0,157993825.0,KOSPI,-0.88
002355,넥센타이어1우B,3905.0,5360.0,5360.0,20930800.0,20930800.0,KOSPI,0.0
005360,모나미,1340.0,275480.0,275480.0,369143200.0,369143200.0,KOSPI,-1.47
0097L0,KIWOOM 한국고배당&미국AI테크,12655.0,8316.0,8316.0,105238980.0,105238980.0,KOSPI,-0.16
530106,삼성 레버리지 코스닥150 선물 ETN,25250.0,3127.0,3127.0,78956750.0,78956750.0,KOSPI,4.21
496120,ACE 코리아밸류업,33465.0,360.0,360.0,12047400.0,12047400.0,KOSPI,1.09
570081,한투 레버리지코스닥150선물 ETN,25090.0,32.0,32.0,802880.0,802880.0,KOSPI,3.17
610069,메리츠 KAP 레버리지 일본 엔화 ETN,16660.0,17531.0,17531.0,292066460.0,292066460.0,KOSPI,-1.13
500100,신한 금 선물 ETN,12430.0,2202.0,2202.0,27370860.0,27370860.0,KOSPI,-1.07
483570,KCGI 미국S&P500 TOP10,15535.0,1180.0,1180.0,18331300.0,18331300.0,KOSPI,0.03
580070,KB 레버리지 2차전지 TOP 10 TR ETN,24780.0,14842.0,14842.0,367784760.0,367784760.0,KOSPI,13.36
030720,동원수산,5310.0,215395.0,215395.0,1143747450.0,1143747450.0,KOSPI,-8.92
700017,하나 레버리지 코스닥150 선물 ETN,24700.0,48.0,48.0,1185600.0,1185600.0,KOSPI,0.98
33637K,솔루스첨단소재1우,1460.0,16710.0,16710.0,24396600.0,24396600.0,KOSPI,1.74
530138,삼성 KRX 레버리지 2차전지 TOP10 TR ETN,24660.0,2792.0,2792.0,68850720.0,68850720.0,KOSPI,12.53
292500,SOL KRX300,49135.0,30.0,30.0,1474050.0,1474050.0,KOSPI,0.65
411540,SOL 200 Top10,17520.0,4159.0,4159.0,72865680.0,72865680.0,KOSPI,1.24
139250,TIGER 200 에너지화학,17510.0,18910.0,18910.0,331114100.0,331114100.0,KOSPI,1.01
292160,TIGER KRX300,48700.0,1789.0,1789.0,87124300.0,87124300.0,KOSPI,1.53
610001,메리츠 인플레이션 국채 ETN,12155.0,2.0,2.0,24310.0,24310.0,KOSPI,0.0
159800,마이티 코스피100,86775.0,189.0,189.0,16400475.0,16400475.0,KOSPI,1.54
003495,대한항공우,21800.0,1603.0,1603.0,34945400.0,34945400.0,KOSPI,0.23
195970,PLUS 선진국MSCI(합성 H),16585.0,2060.0,2060.0,34165100.0,34165100.0,KOSPI,-0.33
0198B0,1Q 삼성전자선물단일종목레버리지,11655.0,15529.0,15529.0,180990495.0,180990495.0,KOSPI,2.33
289250,TIGER MSCI KOREA ESG유니버설,34870.0,964.0,964.0,33614680.0,33614680.0,KOSPI,0.58
367740,HANARO Fn5G산업,43705.0,1149.0,1149.0,50217045.0,50217045.0,KOSPI,2.88
481340,RISE 미국30년국채액티브,8730.0,24408.0,24408.0,213081840.0,213081840.0,KOSPI,-0.11
530119,삼성 레버리지 항셍테크 TR ETN(H) B,24000.0,1250.0,1250.0,30000000.0,30000000.0,KOSPI,-0.76
269420,KODEX S&P글로벌인프라(합성),22540.0,3865.0,3865.0,87117100.0,87117100.0,KOSPI,0.87
461450,KODEX 코스닥글로벌,15965.0,12687.0,12687.0,202547955.0,202547955.0,KOSPI,2.24
280930,KODEX 미국러셀2000(H),16975.0,4504.0,4504.0,76455400.0,76455400.0,KOSPI,-0.26
0093D0,KoAct 팔란티어밸류체인액티브,17595.0,45960.0,45960.0,808666200.0,808666200.0,KOSPI,1.94
002070,비비안,4945.0,347587.0,347587.0,1718817715.0,1718817715.0,KOSPI,2.91
520047,미래에셋 인버스 2X 옥수수 선물 ETN,23690.0,685.0,685.0,16227650.0,16227650.0,KOSPI,-2.47
580026,KB S&P 레버리지 은 선물 ETN(H),47355.0,875.0,875.0,41435625.0,41435625.0,KOSPI,0.1
442550,RISE TDF2030액티브 적격,14780.0,10282.0,10282.0,151967960.0,151967960.0,KOSPI,0.2
093240,형지엘리트,384.0,721548.0,721548.0,277074432.0,277074432.0,KOSPI,-2.78
364690,KODEX 혁신기술테마액티브,39100.0,371.0,371.0,14506100.0,14506100.0,KOSPI,0.76
138230,KIWOOM 미국달러선물,16170.0,3527.0,3527.0,57031590.0,57031590.0,KOSPI,-0.28
388280,RISE K엔터&여행레저,7060.0,5824.0,5824.0,41117440.0,41117440.0,KOSPI,-1.33
000040,KR모터스,1356.0,57061.0,57061.0,77374716.0,77374716.0,KOSPI,-0.29
0127R0,RISE 미국AI클라우드인프라,17240.0,33423.0,33423.0,576212520.0,576212520.0,KOSPI,4.23
438320,TIGER 차이나항셍테크레버리지(합성 H),5295.0,7906.0,7906.0,41862270.0,41862270.0,KOSPI,-0.38
0206G0,1Q 현대차기아채권혼합50,8135.0,269197.0,269197.0,2189917595.0,2189917595.0,KOSPI,-1.75
570124,한투 인버스은선물 ETN,11570.0,200.0,200.0,2314000.0,2314000.0,KOSPI,0.09
071950,코아스,1600.0,47847.0,47847.0,76555200.0,76555200.0,KOSPI,0.63
471460,KIWOOM 국고채30년액티브,46170.0,667.0,667.0,30795390.0,30795390.0,KOSPI,1.39
204450,KODEX 차이나H레버리지(H),2330.0,24579.0,24579.0,57269070.0,57269070.0,KOSPI,-2.31
570115,한투 인버스0.5X S&P500 VIX S/T선물 ETN B,23045.0,1.0,1.0,23045.0,23045.0,KOSPI,0.85
300950,KODEX 게임산업,5480.0,30958.0,30958.0,169649840.0,169649840.0,KOSPI,-1.88
570125,한투 솔랙티브레버리지금선물 ETN,22990.0,34.0,34.0,781660.0,781660.0,KOSPI,-1.75
580089,KB 솔랙티브 레버리지 금 선물 ETN,22980.0,4925.0,4925.0,113176500.0,113176500.0,KOSPI,-1.39
530116,삼성 인버스 2X 나스닥 100 TR ETN,4580.0,16105.0,16105.0,73760900.0,73760900.0,KOSPI,-2.24
217770,TIGER 원유선물인버스(H),1312.0,141877.0,141877.0,186142624.0,186142624.0,KOSPI,-0.15
0106J0,대신 KOSPI200인덱스 X클래스,19875.0,2872.0,2872.0,57081000.0,57081000.0,KOSPI,0.97
004270,남성,4975.0,3963.0,3963.0,19715925.0,19715925.0,KOSPI,0.91
580072,KB 화웨이 밸류체인 ETN,11305.0,4.0,4.0,45220.0,45220.0,KOSPI,0.94
477730,KODEX 인도타타그룹,7515.0,1657.0,1657.0,12452355.0,12452355.0,KOSPI,-0.79
469160,ACE 일본반도체,25030.0,3811.0,3811.0,95389330.0,95389330.0,KOSPI,0.28
33626L,두산퓨얼셀2우B,7540.0,504.0,504.0,3800160.0,3800160.0,KOSPI,0.8
0067V0,TIGER 차이나글로벌리더스TOP3+,10220.0,364.0,364.0,3720080.0,3720080.0,KOSPI,-0.49
520093,미래에셋 인버스 2X 은 선물 ETN B,1869.0,266953.0,266953.0,498935157.0,498935157.0,KOSPI,-0.74
0047P0,RISE 테슬라고정테크100,14455.0,1537.0,1537.0,22217335.0,22217335.0,KOSPI,0.42
0177A0,WON 두산그룹포커스,9090.0,42381.0,42381.0,385243290.0,385243290.0,KOSPI,1.28
0065G0,KODEX 차이나테크TOP10,8730.0,6375.0,6375.0,55653750.0,55653750.0,KOSPI,-1.08
375760,HANARO 탄소효율그린뉴딜,24715.0,110.0,110.0,2718650.0,2718650.0,KOSPI,2.57
404260,KODEX 기후변화솔루션,24710.0,464.0,464.0,11465440.0,11465440.0,KOSPI,3.41
530130,삼성 S&P500 VIX S/T 선물 ETN B,7390.0,21336.0,21336.0,157673040.0,157673040.0,KOSPI,-1.0
376410,TIGER 탄소효율그린뉴딜,24565.0,693.0,693.0,17023545.0,17023545.0,KOSPI,0.55
433220,에셋플러스 글로벌대장장이액티브,29810.0,90.0,90.0,2682900.0,2682900.0,KOSPI,0.76
0153X0,PLUS 미국고배당주액티브,11605.0,59446.0,59446.0,689870830.0,689870830.0,KOSPI,-0.34
580067,KB 인도 디지털 Select 5 ETN,11020.0,3.0,3.0,33060.0,33060.0,KOSPI,-0.68
464600,SOL 자동차소부장Fn,23150.0,8277.0,8277.0,191612550.0,191612550.0,KOSPI,-0.26
239660,PLUS 우량회사채50,121800.0,388.0,388.0,47258400.0,47258400.0,KOSPI,0.07
008775,호텔신라우,29050.0,159.0,159.0,4618950.0,4618950.0,KOSPI,0.0
0186L0,KoAct 미국로봇피지컬AI액티브,9290.0,21481.0,21481.0,199558490.0,199558490.0,KOSPI,2.31
447660,PLUS 애플채권혼합,13630.0,16428.0,16428.0,223913640.0,223913640.0,KOSPI,0.11
108590,TREX 200,108855.0,84.0,84.0,9143820.0,9143820.0,KOSPI,1.39
465770,STX그린로지스,3010.0,316721.0,316721.0,953330210.0,953330210.0,KOSPI,0.33
0026E0,KODEX 미국S&P500버퍼3월액티브,11715.0,115.0,115.0,1347225.0,1347225.0,KOSPI,-0.13
465670,TIGER 미국캐시카우100,17130.0,17131.0,17131.0,293454030.0,293454030.0,KOSPI,-0.61
760008,키움 코스닥 150 TR ETN,10690.0,37.0,37.0,395530.0,395530.0,KOSPI,3.33
463300,RISE 중국본토CSI300,13330.0,1901.0,1901.0,25340330.0,25340330.0,KOSPI,0.76
253290,RISE 헬스케어채권혼합,11845.0,21372.0,21372.0,253151340.0,253151340.0,KOSPI,-0.29
550085,N2 코스닥 150 TR ETN,10610.0,3.0,3.0,31830.0,31830.0,KOSPI,1.82
371450,TIGER 글로벌클라우드컴퓨팅INDXX,13595.0,2985.0,2985.0,40581075.0,40581075.0,KOSPI,0.44
580073,KB 레버리지 화웨이 밸류체인 ETN,21165.0,2.0,2.0,42330.0,42330.0,KOSPI,-0.07
760022,키움 K방산 TOP5 ETN,10565.0,37.0,37.0,390905.0,390905.0,KOSPI,3.58
416090,ACE 중국과창판STAR50,13190.0,7668.0,7668.0,101140920.0,101140920.0,KOSPI,2.97
417630,TIGER KEDI혁신기업ESG30,20070.0,1353.0,1353.0,27154710.0,27154710.0,KOSPI,1.47
226980,KODEX 200 중소형,23220.0,30636.0,30636.0,711367920.0,711367920.0,KOSPI,0.8
337120,KODEX 멀티팩터,34810.0,6.0,6.0,208860.0,208860.0,KOSPI,1.81
300640,RISE 게임테마,6425.0,3572.0,3572.0,22950100.0,22950100.0,KOSPI,-0.77
580074,KB BYD 밸류체인 ETN,10440.0,8.0,8.0,83520.0,83520.0,KOSPI,1.11
0192S0,SOL 코스피200채권혼합50,9470.0,96558.0,96558.0,914404260.0,914404260.0,KOSPI,0.42
091220,TIGER 은행,16785.0,23297.0,23297.0,391040145.0,391040145.0,KOSPI,0.75
520039,미래에셋 코스닥150 선물 ETN,10390.0,377.0,377.0,3917030.0,3917030.0,KOSPI,1.12
152380,KODEX 국채선물10년,65310.0,1494.0,1494.0,97573140.0,97573140.0,KOSPI,0.29
304770,HANARO 코스닥150,14555.0,16571.0,16571.0,241190905.0,241190905.0,KOSPI,2.46
437070,KODEX 아시아달러채권ESG플러스액티브,59495.0,175.0,175.0,10411625.0,10411625.0,KOSPI,-0.31
0224X0,1Q 엔비디아알파벳미국채혼합50,9790.0,114954.0,114954.0,1125399660.0,1125399660.0,KOSPI,0.26
169950,KODEX 차이나A50,25695.0,914.0,914.0,23485230.0,23485230.0,KOSPI,0.45
364990,TIGER 게임TOP10,4705.0,108144.0,108144.0,508817520.0,508817520.0,KOSPI,-2.18
610085,메리츠 레버리지 미국채30년 스트립 ETN(H),34105.0,997.0,997.0,34002685.0,34002685.0,KOSPI,0.9
580071,KB 인버스 2X 천연가스 선물 ETN B,10220.0,1186.0,1186.0,12120920.0,12120920.0,KOSPI,-5.5
0231Z0,KODEX 코리아TDF2065액티브 적격,10205.0,38894.0,38894.0,396913270.0,396913270.0,KOSPI,0.94
404120,TIME K신재생에너지액티브,25465.0,1430.0,1430.0,36414950.0,36414950.0,KOSPI,1.45
0223A0,RISE 코스닥커버드콜액티브,10965.0,294374.0,294374.0,3227810910.0,3227810910.0,KOSPI,2.96
289040,KODEX MSCI KOREA ESG유니버설,33755.0,7.0,7.0,236285.0,236285.0,KOSPI,3.01
0144M0,KODEX 미국드론UAM TOP10,7355.0,58965.0,58965.0,433687575.0,433687575.0,KOSPI,-0.2
760012,키움 반도체TOP10 ETN,28880.0,261.0,261.0,7537680.0,7537680.0,KOSPI,1.33
489000,PLUS 일본엔화초단기국채(합성),9165.0,30191.0,30191.0,276700515.0,276700515.0,KOSPI,-0.49
700012,하나 인버스 2X 옥수수 선물 ETN(H),20080.0,1.0,1.0,20080.0,20080.0,KOSPI,-2.88
580075,KB 레버리지 BYD 밸류체인 ETN,20020.0,2.0,2.0,40040.0,40040.0,KOSPI,1.57
002820,SUN&L,1655.0,49758.0,49758.0,82349490.0,82349490.0,KOSPI,-1.49
001685,대상우,14550.0,819.0,819.0,11916450.0,11916450.0,KOSPI,0.0
407310,HANARO 200 TOP10,17235.0,235.0,235.0,4050225.0,4050225.0,KOSPI,1.74
700034,하나 레버리지 K방산TOP10 ETN,13160.0,88223.0,88223.0,1161014680.0,1161014680.0,KOSPI,8.99
530140,삼성 iSelect 레버리지 조선 TOP10 TR ETN,19665.0,456.0,456.0,8967240.0,8967240.0,KOSPI,2.26
530112,삼성 S&P500 TR ETN,19560.0,78.0,78.0,1525680.0,1525680.0,KOSPI,0.13
760021,키움 코스피200 선물 달러노출 ETN,27940.0,9.0,9.0,251460.0,251460.0,KOSPI,1.05
213630,PLUS 미국다우존스고배당주(합성 H),21255.0,15168.0,15168.0,322395840.0,322395840.0,KOSPI,1.21
0190M0,KIWOOM 미국AI테크하이베타,8315.0,113576.0,113576.0,944384440.0,944384440.0,KOSPI,1.65
108675,LX하우시스우,18870.0,309.0,309.0,5830830.0,5830830.0,KOSPI,0.0
487950,KODEX 대만테크고배당다우존스,13400.0,22528.0,22528.0,301875200.0,301875200.0,KOSPI,0.34
379790,RISE 유로스탁스50(H),17625.0,26055.0,26055.0,459219375.0,459219375.0,KOSPI,-0.09
00499K,롯데지주우,24050.0,166.0,166.0,3992300.0,3992300.0,KOSPI,-1.43
497780,KoAct 미국천연가스인프라액티브,10745.0,18828.0,18828.0,202306860.0,202306860.0,KOSPI,1.75
284980,RISE 200금융,22450.0,1170.0,1170.0,26266500.0,26266500.0,KOSPI,0.07
0203R0,WON 중단기종합채권(A-이상)액티브,50460.0,22320.0,22320.0,1126267200.0,1126267200.0,KOSPI,0.01
304760,HANARO KRX300,47765.0,60.0,60.0,2865900.0,2865900.0,KOSPI,2.59
228820,TIGER KTOP30,19100.0,3859.0,3859.0,73706900.0,73706900.0,KOSPI,1.38
570122,한투 인버스금선물 ETN,9500.0,14.0,14.0,133000.0,133000.0,KOSPI,1.55
0104P0,TIGER 코리아배당다우존스위클리커버드콜,11115.0,6770.0,6770.0,75248550.0,75248550.0,KOSPI,-0.58
580066,KB 인도 대형 성장주 Select 5 ETN,9430.0,6.0,6.0,56580.0,56580.0,KOSPI,-0.89
229720,KODEX KTOP30,37710.0,1897.0,1897.0,71535870.0,71535870.0,KOSPI,0.9
0018Z0,RISE 미국양자컴퓨팅,17955.0,21060.0,21060.0,378132300.0,378132300.0,KOSPI,-0.53
610036,메리츠 인버스 2X 대표 농산물 선물 ETN(H),18850.0,3351.0,3351.0,63166350.0,63166350.0,KOSPI,-5.16
0105D0,SOL 한국AI소프트웨어,9835.0,41452.0,41452.0,407680420.0,407680420.0,KOSPI,-0.1
183710,RISE 주식혼합,93400.0,18.0,18.0,1681200.0,1681200.0,KOSPI,0.86
445910,TIGER MKF배당귀족,20585.0,1890.0,1890.0,38905650.0,38905650.0,KOSPI,-1.51
550097,N2 레버리지 코스닥150 선물 ETN,18455.0,2034.0,2034.0,37537470.0,37537470.0,KOSPI,3.83
570121,한투 금선물 ETN,9190.0,11.0,11.0,101090.0,101090.0,KOSPI,-0.65
001420,태원물산,2410.0,20931.0,20931.0,50443710.0,50443710.0,KOSPI,-5.86
445690,BNK 주주가치액티브,30520.0,24.0,24.0,732480.0,732480.0,KOSPI,0.18
006200,한국전자홀딩스,1945.0,37762.0,37762.0,73447090.0,73447090.0,KOSPI,0.05
415760,SOL 차이나육성산업액티브(합성),13345.0,26717.0,26717.0,356538365.0,356538365.0,KOSPI,2.97
385600,ACE 2차전지&친환경차액티브,12035.0,7755.0,7755.0,93331425.0,93331425.0,KOSPI,2.51
468370,KODEX iShares미국인플레이션국채액티브,10760.0,3524.0,3524.0,37918240.0,37918240.0,KOSPI,-0.19
276000,TIGER 글로벌자원생산기업(합성 H),21115.0,2977.0,2977.0,62859355.0,62859355.0,KOSPI,-2.96
227830,PLUS 코스피,71680.0,121.0,121.0,8673280.0,8673280.0,KOSPI,1.38
570071,한투 구리선물 ETN,17840.0,3.0,3.0,53520.0,53520.0,KOSPI,-0.92
195920,TIGER 일본TOPIX(합성 H),35520.0,277.0,277.0,9839040.0,9839040.0,KOSPI,0.74
225060,TIGER 이머징마켓MSCI레버리지(합성 H),16755.0,98.0,98.0,1641990.0,1641990.0,KOSPI,1.03
483330,ACE 마이크로소프트밸류체인액티브,14780.0,3393.0,3393.0,50148540.0,50148540.0,KOSPI,1.93
449580,RISE 테슬라애플아마존채권혼합,16095.0,4061.0,4061.0,65361795.0,65361795.0,KOSPI,-0.09
461910,PLUS 미국테크TOP10레버리지(합성),35360.0,137.0,137.0,4844320.0,4844320.0,KOSPI,0.55
461900,PLUS 미국테크TOP10,22025.0,2129.0,2129.0,46891225.0,46891225.0,KOSPI,0.85
474920,에셋플러스 차이나일등기업포커스10액티브,18735.0,198.0,198.0,3709530.0,3709530.0,KOSPI,0.24
0193K0,PLUS 삼성전자단일종목레버리지,12320.0,16066.0,16066.0,197933120.0,197933120.0,KOSPI,3.01
610040,메리츠 인버스 2X 미국채30년 ETN(H),17460.0,5.0,5.0,87300.0,87300.0,KOSPI,0.29
289260,TIGER MSCI KOREA ESG리더스,28920.0,4271.0,4271.0,123517320.0,123517320.0,KOSPI,1.05
292050,RISE KRX300,49510.0,79.0,79.0,3911290.0,3911290.0,KOSPI,0.77
236350,TIGER 인도니프티50레버리지(합성),27885.0,474.0,474.0,13217490.0,13217490.0,KOSPI,-1.47
530123,삼성 일본니케이225선물 ETN(H),17285.0,1.0,1.0,17285.0,17285.0,KOSPI,-0.63
460660,RISE 미국S&P배당킹,12305.0,1792.0,1792.0,22050560.0,22050560.0,KOSPI,0.49
477490,에셋플러스 글로벌일등기업포커스10액티브,19105.0,1125.0,1125.0,21493125.0,21493125.0,KOSPI,-0.03
0086C0,TIGER 리츠부동산인프라10채권혼합액티브,9810.0,6401.0,6401.0,62793810.0,62793810.0,KOSPI,-0.66
610087,메리츠 WTI원유 선물 ETN(H),17155.0,5826.0,5826.0,99945030.0,99945030.0,KOSPI,0.79
760015,키움 레버리지 바이오TOP10 ETN,8570.0,39415.0,39415.0,337786550.0,337786550.0,KOSPI,-3.27
457690,KODEX 33-06 국고채액티브,10525.0,13806.0,13806.0,145308150.0,145308150.0,KOSPI,0.1
500072,신한 인버스 2X 코스닥 150 선물 ETN,1700.0,253935.0,253935.0,431689500.0,431689500.0,KOSPI,-4.49
002360,SH에너지화학,1524.0,17680.0,17680.0,26944320.0,26944320.0,KOSPI,-0.33
391670,HK 베스트일레븐액티브,28200.0,135.0,135.0,3807000.0,3807000.0,KOSPI,0.7
250730,RISE 차이나HSCEI(H),9875.0,4580.0,4580.0,45227500.0,45227500.0,KOSPI,-2.42
419650,PLUS 글로벌수소&차세대연료전지,5165.0,11522.0,11522.0,59511130.0,59511130.0,KOSPI,-0.39
494420,PLUS 미국배당증가성장주데일리커버드콜,9295.0,6951.0,6951.0,64609545.0,64609545.0,KOSPI,-0.32
332620,PLUS 미국장기우량회사채,89440.0,1216.0,1216.0,108759040.0,108759040.0,KOSPI,0.08
530132,삼성 블룸버그 WTI원유 선물 ETN B,16660.0,5985.0,5985.0,99710100.0,99710100.0,KOSPI,0.6
291130,ACE MSCI멕시코(합성),18440.0,95.0,95.0,1751800.0,1751800.0,KOSPI,0.44
131890,ACE 삼성그룹동일가중,41450.0,10885.0,10885.0,451183250.0,451183250.0,KOSPI,2.23
266410,KODEX 필수소비재,10160.0,41422.0,41422.0,420847520.0,420847520.0,KOSPI,-1.74
760017,키움 조선TOP10 ETN,22950.0,6.0,6.0,137700.0,137700.0,KOSPI,0.75
580050,KB 차이나 과창판 STAR 50 ETN,16050.0,2.0,2.0,32100.0,32100.0,KOSPI,1.55
005725,넥센우,4445.0,20.0,20.0,88900.0,88900.0,KOSPI,-0.89
219390,RISE 미국S&P원유생산기업(합성 H),7990.0,14781.0,14781.0,118100190.0,118100190.0,KOSPI,1.59
0104G0,PLUS K방산레버리지,6650.0,84020.0,84020.0,558733000.0,558733000.0,KOSPI,8.13
432840,HANARO 미국S&P500,19785.0,501.0,501.0,9912285.0,9912285.0,KOSPI,-0.1
760023,키움 레버리지 K방산 TOP5 ETN,15795.0,7545.0,7545.0,119173275.0,119173275.0,KOSPI,7.45
530120,삼성 나스닥 100 TR ETN,15785.0,70.0,70.0,1104950.0,1104950.0,KOSPI,0.35
18064K,한진칼우,29300.0,947.0,947.0,27747100.0,27747100.0,KOSPI,-0.68
453630,KODEX 미국S&P500필수소비재,12570.0,10706.0,10706.0,134574420.0,134574420.0,KOSPI,-0.48
0216Z0,ACE K방산TOP5+,9200.0,45782.0,45782.0,421194400.0,421194400.0,KOSPI,4.37
580086,KB 솔랙티브 레버리지 천연가스 선물 ETN,15500.0,59101.0,59101.0,916065500.0,916065500.0,KOSPI,4.38
002025,코오롱우,13340.0,1117.0,1117.0,14900780.0,14900780.0,KOSPI,0.08
337150,KODEX 200exTOP,25755.0,199.0,199.0,5125245.0,5125245.0,KOSPI,0.57
0207Z0,KIWOOM 미국우주데이터센터인프라,6995.0,25930.0,25930.0,181380350.0,181380350.0,KOSPI,1.38
438900,HANARO Fn K-푸드,11825.0,68229.0,68229.0,806807925.0,806807925.0,KOSPI,-2.95
488290,MIDAS 일본테크액티브,43895.0,859.0,859.0,37705805.0,37705805.0,KOSPI,0.84
0051A0,KoAct 브로드컴밸류체인액티브,23575.0,7260.0,7260.0,171154500.0,171154500.0,KOSPI,2.08
413930,WON AI ESG액티브,27810.0,76.0,76.0,2113560.0,2113560.0,KOSPI,1.35
570063,한투 베트남VN30선물 ETN(H),15295.0,14.0,14.0,214130.0,214130.0,KOSPI,2.51
102960,KODEX 기계장비,14300.0,46060.0,46060.0,658658000.0,658658000.0,KOSPI,5.03
114460,ACE 국고채3년,100985.0,63.0,63.0,6362055.0,6362055.0,KOSPI,0.1
530095,삼성 구리 선물 ETN(H),15130.0,6.0,6.0,90780.0,90780.0,KOSPI,-2.13
104520,KIWOOM 블루칩,15130.0,132.0,132.0,1997160.0,1997160.0,KOSPI,0.1
491510,파워 K-주주가치액티브,17765.0,69.0,69.0,1225785.0,1225785.0,KOSPI,-1.47
610104,메리츠 솔랙티브 인버스 2X 금 선물 ETN(H),15085.0,4.0,4.0,60340.0,60340.0,KOSPI,2.1
453820,KODEX 인도Nifty50레버리지(합성),11550.0,22212.0,22212.0,256548600.0,256548600.0,KOSPI,-1.87
570099,한투 인버스2X엔달러 선물 ETN(H),14960.0,1.0,1.0,14960.0,14960.0,KOSPI,0.37
0220A0,KIWOOM 현대차그룹TOP3채권혼합50,9340.0,55144.0,55144.0,515044960.0,515044960.0,KOSPI,-1.27
387280,TIGER 퓨처모빌리티액티브,11725.0,1285.0,1285.0,15066625.0,15066625.0,KOSPI,1.74
520076,미래에셋 1.5X 천연가스 선물 ETN,5910.0,12005.0,12005.0,70949550.0,70949550.0,KOSPI,3.23
580051,KB 레버리지 밀 선물 ETN,9840.0,24726.0,24726.0,243303840.0,243303840.0,KOSPI,10.13
453010,PLUS KOFR금리,109800.0,1120.0,1120.0,122976000.0,122976000.0,KOSPI,0.0
500097,신한 레버리지 Russell 2000 ETN B,14600.0,49.0,49.0,715400.0,715400.0,KOSPI,-0.58
404650,SOL KRX기후변화솔루션,24310.0,80.0,80.0,1944800.0,1944800.0,KOSPI,1.61
0090B0,PLUS K방산소부장,6765.0,32662.0,32662.0,220958430.0,220958430.0,KOSPI,1.42
024890,대원화성,1753.0,42222.0,42222.0,74015166.0,74015166.0,KOSPI,-3.15
244620,KODEX 모멘텀Plus,20455.0,1744.0,1744.0,35673520.0,35673520.0,KOSPI,2.1
234310,RISE V&S셀렉트밸류,28575.0,30.0,30.0,857250.0,857250.0,KOSPI,0.23
570123,한투 은선물 ETN,7125.0,4134.0,4134.0,29454750.0,29454750.0,KOSPI,-3.13
0013P0,RISE 미국은행TOP10,12930.0,2541.0,2541.0,32855130.0,32855130.0,KOSPI,-0.54
005257,녹십자홀딩스2우,16780.0,174.0,174.0,2919720.0,2919720.0,KOSPI,0.3
570105,한투 인버스일본니케이225선물 ETN(H),4730.0,269.0,269.0,1272370.0,1272370.0,KOSPI,0.32
0028X0,KODEX 미국금융테크액티브,12300.0,2949.0,2949.0,36272700.0,36272700.0,KOSPI,-0.45
373490,KODEX 코리아혁신성장액티브,25705.0,139.0,139.0,3572995.0,3572995.0,KOSPI,1.46
0004G0,1Q 미국배당TOP30,9350.0,1679.0,1679.0,15698650.0,15698650.0,KOSPI,-0.05
500024,신한 인버스 콩 선물 ETN(H),7010.0,7.0,7.0,49070.0,49070.0,KOSPI,-1.68
001795,대한제당우,2160.0,4248.0,4248.0,9175680.0,9175680.0,KOSPI,-2.04
0222F0,마이티 AI데이터센터밸류체인,13325.0,60093.0,60093.0,800739225.0,800739225.0,KOSPI,3.78
417450,RISE 글로벌수소경제,16375.0,2330.0,2330.0,38153750.0,38153750.0,KOSPI,0.28
000087,하이트진로2우B,12280.0,390.0,390.0,4789200.0,4789200.0,KOSPI,0.0
272570,RISE 중장기국공채액티브,108305.0,40.0,40.0,4332200.0,4332200.0,KOSPI,0.19
496130,TRUSTON 코리아밸류업액티브,25630.0,13.0,13.0,333190.0,333190.0,KOSPI,1.4
0153P0,ACE 리츠부동산인프라액티브,9530.0,2973.0,2973.0,28332690.0,28332690.0,KOSPI,-0.31
130680,TIGER 원유선물Enhanced(H),6695.0,36114.0,36114.0,241783230.0,241783230.0,KOSPI,0.3
610072,메리츠 KAP 레버리지 중국 위안화 ETN,27200.0,2.0,2.0,54400.0,54400.0,KOSPI,-0.68
610024,메리츠 인버스 미국채10년 ETN(H),13545.0,235.0,235.0,3183075.0,3183075.0,KOSPI,0.04
0088N0,WON K-글로벌수급상위,10825.0,13569.0,13569.0,146884425.0,146884425.0,KOSPI,0.51
485810,TIME 글로벌바이오액티브,11760.0,18750.0,18750.0,220500000.0,220500000.0,KOSPI,-1.05
580090,KB 솔랙티브 인버스 2X 금 선물 ETN,13515.0,7.0,7.0,94605.0,94605.0,KOSPI,1.35
137610,TIGER 농산물선물Enhanced(H),5875.0,13311.0,13311.0,78202125.0,78202125.0,KOSPI,1.82
520088,미래에셋 S&P500 VIX S/T 선물 ETN(H),6720.0,1599.0,1599.0,10745280.0,10745280.0,KOSPI,-0.96
0127T0,KIWOOM 미국S&P500&배당다우존스비중전환,11185.0,888.0,888.0,9932280.0,9932280.0,KOSPI,0.31
610035,메리츠 레버리지 대표 농산물 선물 ETN(H),13410.0,8143.0,8143.0,109197630.0,109197630.0,KOSPI,4.89
00806K,대덕1우,11040.0,2892.0,2892.0,31927680.0,31927680.0,KOSPI,0.55
530137,삼성 KRX 2차전지 TOP10 TR ETN,13360.0,280.0,280.0,3740800.0,3740800.0,KOSPI,7.79
266390,KODEX 경기소비재,14800.0,5189.0,5189.0,76797200.0,76797200.0,KOSPI,-1.66
0127V0,KIWOOM 미국S&P500 TOP10&배당다우비중전환,10650.0,2450.0,2450.0,26092500.0,26092500.0,KOSPI,0.09
472720,TRUSTON 주주가치액티브,25580.0,218.0,218.0,5576440.0,5576440.0,KOSPI,-0.27
530129,삼성 인버스 2X 미국다우존스 선물 ETN,13295.0,4.0,4.0,53180.0,53180.0,KOSPI,-0.67
252650,KODEX 200동일가중,18990.0,605.0,605.0,11488950.0,11488950.0,KOSPI,-0.18
0194R0,KIWOOM SK하이닉스선물단일종목레버리지,8715.0,20996.0,20996.0,182980140.0,182980140.0,KOSPI,4.06
580032,KB 레버리지 구리 선물 ETN(H),26290.0,210.0,210.0,5520900.0,5520900.0,KOSPI,-4.35
428560,KODEX 미국ETF산업Top10 Indxx,16405.0,1004.0,1004.0,16470620.0,16470620.0,KOSPI,-0.18
300610,TIGER K게임,5355.0,17996.0,17996.0,96368580.0,96368580.0,KOSPI,-1.83
580083,KB 레버리지 미국 S&P500 선물 ETN B,26170.0,2.0,2.0,52340.0,52340.0,KOSPI,1.57
610062,메리츠 인버스 3X 국채30년 ETN,65380.0,184.0,184.0,12029920.0,12029920.0,KOSPI,-3.37
396510,TIGER 차이나클린에너지SOLACTIVE,7250.0,2811.0,2811.0,20379750.0,20379750.0,KOSPI,-2.36
360150,KODEX 코스닥150롱코스피200숏선물,3180.0,33269.0,33269.0,105795420.0,105795420.0,KOSPI,0.63
395760,PLUS ESG성장주액티브,21625.0,29.0,29.0,627125.0,627125.0,KOSPI,0.72
290080,RISE 200고배당커버드콜ATM,7390.0,9344.0,9344.0,69052160.0,69052160.0,KOSPI,-0.34
530092,삼성 인버스 코스피 200 선물 ETN,2565.0,30501.0,30501.0,78235065.0,78235065.0,KOSPI,-0.97
489860,KIWOOM 글로벌전력GRID인프라,15075.0,4422.0,4422.0,66661650.0,66661650.0,KOSPI,0.53
015260,에이엔피,271.0,454798.0,454798.0,123250258.0,123250258.0,KOSPI,-3.21
279540,KODEX 최소변동성,21280.0,467.0,467.0,9937760.0,9937760.0,KOSPI,1.53
0015F0,KIWOOM 팔란티어미국30년국채혼합액티브(H),10605.0,3885.0,3885.0,41200425.0,41200425.0,KOSPI,-0.14
409810,KODEX 미국나스닥100선물인버스(H),5530.0,296647.0,296647.0,1640457910.0,1640457910.0,KOSPI,-0.98
435040,ACE 글로벌브랜드TOP10,19390.0,376.0,376.0,7290640.0,7290640.0,KOSPI,-0.79
176950,KODEX 국채선물10년인버스,59980.0,8679.0,8679.0,520566420.0,520566420.0,KOSPI,-0.34
580047,KB 레버리지 항셍테크 선물 ETN(H) B,12590.0,14.0,14.0,176260.0,176260.0,KOSPI,-1.64
520064,미래에셋 2X 미국채울트라30년 선물 ETN,6295.0,1.0,1.0,6295.0,6295.0,KOSPI,0.4
580043,KB 레버리지 KOSDAQ 150 선물 ETN,25180.0,1264.0,1264.0,31827520.0,31827520.0,KOSPI,2.75
0208N0,IBK 코스피액티브,7620.0,11973.0,11973.0,91234260.0,91234260.0,KOSPI,1.67
435550,KIWOOM TDF2050액티브 적격,17940.0,1383.0,1383.0,24811020.0,24811020.0,KOSPI,0.0
0193L0,PLUS 삼성전자선물단일종목인버스2X,9075.0,658814.0,658814.0,5978737050.0,5978737050.0,KOSPI,-2.1
400570,KODEX 유럽탄소배출권선물ICE(H),11375.0,1717.0,1717.0,19530875.0,19530875.0,KOSPI,-1.98
484890,SOL 머니마켓액티브,52520.0,9480.0,9480.0,497889600.0,497889600.0,KOSPI,0.01
363510,SOL KIS단기통안채,112120.0,36.0,36.0,4036320.0,4036320.0,KOSPI,0.02
487750,BNK 온디바이스AI,31000.0,1232.0,1232.0,38192000.0,38192000.0,KOSPI,3.61
610071,메리츠 KAP 중국 위안화 ETN,12320.0,6.0,6.0,73920.0,73920.0,KOSPI,-0.32
044380,주연테크,886.0,129575.0,129575.0,114803450.0,114803450.0,KOSPI,5.35
140580,RISE 우량업종대표주,24605.0,291.0,291.0,7160055.0,7160055.0,KOSPI,-0.1
145995,삼양사우,33200.0,61.0,61.0,2025200.0,2025200.0,KOSPI,1.22
453060,HANARO KOFR금리액티브(합성),111370.0,1020.0,1020.0,113597400.0,113597400.0,KOSPI,0.02
251590,PLUS 고배당저변동50,17480.0,887.0,887.0,15504760.0,15504760.0,KOSPI,0.2
610070,메리츠 KAP 인버스 2X 일본 엔화 ETN,24455.0,17.0,17.0,415735.0,415735.0,KOSPI,1.49
700036,하나 인버스 2X 반도체 ETN,2445.0,1076824.0,1076824.0,2632834680.0,2632834680.0,KOSPI,-4.49
520046,미래에셋 레버리지 옥수수 선물 ETN,12220.0,2261.0,2261.0,27629420.0,27629420.0,KOSPI,2.09
453660,KODEX 미국S&P500경기소비재,17445.0,1134.0,1134.0,19782630.0,19782630.0,KOSPI,-0.94
404540,TIGER KRX기후변화솔루션,24410.0,1682.0,1682.0,41057620.0,41057620.0,KOSPI,2.26
457700,KODEX 53-09 국고채액티브,9230.0,344.0,344.0,3175120.0,3175120.0,KOSPI,1.1
0000H0,KODEX 인도Nifty미드캡100,10580.0,946.0,946.0,10008680.0,10008680.0,KOSPI,-0.75
332610,PLUS 미국단기회사채(AAA~A),126000.0,256.0,256.0,32256000.0,32256000.0,KOSPI,-0.27
269530,PLUS S&P글로벌인프라,20115.0,418.0,418.0,8408070.0,8408070.0,KOSPI,0.15
580088,KB 인버스 2X KOSPI 200 선물 ETN B,24120.0,20473.0,20473.0,493808760.0,493808760.0,KOSPI,-2.82
0113G0,KoAct 미국바이오헬스케어액티브,12025.0,33838.0,33838.0,406901950.0,406901950.0,KOSPI,-0.37
269370,TIGER S&P글로벌인프라(합성),17115.0,336.0,336.0,5750640.0,5750640.0,KOSPI,0.2
0221Z0,ACE K바이오코스닥액티브,10880.0,174455.0,174455.0,1898070400.0,1898070400.0,KOSPI,-1.09
530139,삼성 iSelect 조선 TOP10 TR ETN,11960.0,211.0,211.0,2523560.0,2523560.0,KOSPI,3.01
166400,TIGER 200커버드콜OTM,23805.0,1050.0,1050.0,24995250.0,24995250.0,KOSPI,1.1
448490,HANARO 32-10 국고채액티브,53125.0,41931.0,41931.0,2227584375.0,2227584375.0,KOSPI,0.26
280920,PLUS 주도업종,23800.0,234.0,234.0,5569200.0,5569200.0,KOSPI,0.76
410870,TIME K컬처액티브,9915.0,5378.0,5378.0,53322870.0,53322870.0,KOSPI,-1.1
610096,메리츠 인버스 2X 천연가스 선물 ETN(H),11795.0,46841.0,46841.0,552489595.0,552489595.0,KOSPI,-4.69
700032,하나 인버스 2X 천연가스 선물 ETN(H),11755.0,402.0,402.0,4725510.0,4725510.0,KOSPI,-4.89
354240,RISE 미국고정배당우선증권,10685.0,1990.0,1990.0,21263150.0,21263150.0,KOSPI,0.28
0008E0,ACE 미국중심중소형제조업,12365.0,189.0,189.0,2336985.0,2336985.0,KOSPI,1.15
45226K,한화갤러리아우,4010.0,3014.0,3014.0,12086140.0,12086140.0,KOSPI,1.01
580080,KB 인버스 은 선물 ETN,11645.0,3.0,3.0,34935.0,34935.0,KOSPI,-0.6
451600,PLUS 국고채30년액티브,84735.0,33.0,33.0,2796255.0,2796255.0,KOSPI,0.82
0222D0,KoAct 고배당액티브,10545.0,337441.0,337441.0,3558315345.0,3558315345.0,KOSPI,-0.61
001770,SHD,9500.0,48358.0,48358.0,459401000.0,459401000.0,KOSPI,-10.29
500086,신한 코스닥 150 TR ETN,11515.0,3.0,3.0,34545.0,34545.0,KOSPI,3.88
610102,메리츠 솔랙티브 금 선물 ETN(H),11495.0,46.0,46.0,528770.0,528770.0,KOSPI,0.0
580054,KB 인버스 2X 콩 선물 ETN,22710.0,110.0,110.0,2498100.0,2498100.0,KOSPI,-3.4
498050,HANARO 바이오코리아액티브,11340.0,3118.0,3118.0,35358120.0,35358120.0,KOSPI,-0.35
430500,KIWOOM 물가채KIS,113205.0,23.0,23.0,2603715.0,2603715.0,KOSPI,0.31
464610,SOL 의료기기소부장Fn,7530.0,9892.0,9892.0,74486760.0,74486760.0,KOSPI,-0.79
446700,RISE 배터리 리사이클링,10820.0,13062.0,13062.0,141330840.0,141330840.0,KOSPI,3.44
451150,에셋플러스 글로벌영에이지액티브,18145.0,2.0,2.0,36290.0,36290.0,KOSPI,0.17
385710,TIME K이노베이션액티브,11240.0,945.0,945.0,10621800.0,10621800.0,KOSPI,2.37
463640,KODEX 미국S&P500유틸리티,14020.0,2808.0,2808.0,39368160.0,39368160.0,KOSPI,0.61
407820,에셋플러스 코리아플랫폼액티브,6230.0,25406.0,25406.0,158279380.0,158279380.0,KOSPI,1.14
38380K,LX홀딩스1우,7630.0,651.0,651.0,4967130.0,4967130.0,KOSPI,0.53
00781K,코리아써키트2우B,14240.0,1190.0,1190.0,16945600.0,16945600.0,KOSPI,3.19
139240,TIGER 200 철강소재,11595.0,52145.0,52145.0,604621275.0,604621275.0,KOSPI,1.93
610074,메리츠 미국채10년 ETN,11120.0,53.0,53.0,589360.0,589360.0,KOSPI,-0.18
140710,KODEX 운송,6515.0,41788.0,41788.0,272248820.0,272248820.0,KOSPI,-0.38
580065,KB 코스닥 150 TR ETN,11030.0,3.0,3.0,33090.0,33090.0,KOSPI,-0.63
550100,N2 인버스 2X 천연가스 선물 ETN,10995.0,116.0,116.0,1275420.0,1275420.0,KOSPI,-4.56
419420,KODEX 미국클린에너지나스닥,9160.0,918.0,918.0,8408880.0,8408880.0,KOSPI,0.6
0094L0,RISE 차이나테크TOP10위클리타겟커버드콜,7850.0,14175.0,14175.0,111273750.0,111273750.0,KOSPI,-1.01
310080,RISE 중국MSCI China(H),9535.0,3247.0,3247.0,30960145.0,30960145.0,KOSPI,0.32
084695,대상홀딩스우,11990.0,1158.0,1158.0,13884420.0,13884420.0,KOSPI,0.5
0002C0,에셋플러스 인도일등기업포커스20액티브,10140.0,825.0,825.0,8365500.0,8365500.0,KOSPI,0.05
371870,ACE 차이나항셍테크,6840.0,3004.0,3004.0,20547360.0,20547360.0,KOSPI,-1.16
520040,미래에셋 인버스 코스닥150 선물 ETN,5460.0,741.0,741.0,4045860.0,4045860.0,KOSPI,0.55
0203D0,PLUS 200위클리커버드콜채권혼합,9050.0,27155.0,27155.0,245752750.0,245752750.0,KOSPI,0.44
0001P0,마이티 바이오시밀러&CDMO액티브,9690.0,1451.0,1451.0,14060190.0,14060190.0,KOSPI,0.52
580052,KB 인버스 2X 밀 선물 ETN,21680.0,17959.0,17959.0,389351120.0,389351120.0,KOSPI,-11.38
0191S0,IBK 코스닥150,14615.0,6788.0,6788.0,99206620.0,99206620.0,KOSPI,1.56
0093B0,RISE 엔비디아고정테크100,12690.0,11345.0,11345.0,143968050.0,143968050.0,KOSPI,0.87
500063,신한 인버스 코스닥 150 선물 ETN,5375.0,6.0,6.0,32250.0,32250.0,KOSPI,-1.74
700030,하나 S&P 인버스 2X WTI원유 선물 ETN B,2685.0,30753.0,30753.0,82571805.0,82571805.0,KOSPI,-0.92
760032,키움 모험자본창업투자 ETN,10710.0,102.0,102.0,1092420.0,1092420.0,KOSPI,1.32
580059,KB 미국채 10년 ETN,10640.0,60.0,60.0,638400.0,638400.0,KOSPI,-0.37
461580,TIGER 코스닥글로벌,16325.0,7731.0,7731.0,126208575.0,126208575.0,KOSPI,2.38
570085,한투 인도네시아대표원자재 ETN,10575.0,77.0,77.0,814275.0,814275.0,KOSPI,-3.6
140570,RISE 수출주,26140.0,424.0,424.0,11083360.0,11083360.0,KOSPI,0.79
181480,ACE 미국부동산리츠(합성 H),86830.0,55.0,55.0,4775650.0,4775650.0,KOSPI,0.32
700011,하나 레버리지 옥수수 선물 ETN(H),10395.0,1266.0,1266.0,13160070.0,13160070.0,KOSPI,2.46
237440,TIGER 경기방어채권혼합,10380.0,13247.0,13247.0,137503860.0,137503860.0,KOSPI,-0.91
520038,미래에셋 인버스 코스피200 선물 ETN,2590.0,48543.0,48543.0,125726370.0,125726370.0,KOSPI,-0.77
456250,KODEX 유럽명품TOP10 STOXX,9000.0,1731.0,1731.0,15579000.0,15579000.0,KOSPI,0.17
700014,하나 인버스 2X 콩 선물 ETN(H),10310.0,10.0,10.0,103100.0,103100.0,KOSPI,-3.51
610077,메리츠 미국채30년 ETN,10280.0,50.0,50.0,514000.0,514000.0,KOSPI,-0.29
004105,태양금속우,3115.0,25614.0,25614.0,79787610.0,79787610.0,KOSPI,1.3
487910,ACE 인도컨슈머파워액티브,8535.0,208.0,208.0,1775280.0,1775280.0,KOSPI,-0.7
354350,HANARO 글로벌럭셔리S&P(합성),19650.0,176.0,176.0,3458400.0,3458400.0,KOSPI,-1.08
610106,메리츠 인버스 국채30년 ETN B,10195.0,1.0,1.0,10195.0,10195.0,KOSPI,0.0
610079,메리츠 인버스 3X 미국채30년 ETN,50940.0,52.0,52.0,2648880.0,2648880.0,KOSPI,-0.69
460270,KIWOOM 미국달러SOFR금리액티브(합성),12565.0,8318.0,8318.0,104515670.0,104515670.0,KOSPI,-0.2
0189Z0,DAISHIN 금융&지주고배당,10150.0,2639.0,2639.0,26785850.0,26785850.0,KOSPI,-1.07
610056,메리츠 인버스 3X 국채3년 ETN,20250.0,1.0,1.0,20250.0,20250.0,KOSPI,-0.3
0067Y0,TIGER 차이나AI소프트웨어,10590.0,12976.0,12976.0,137415840.0,137415840.0,KOSPI,1.92
429010,TIGER 미국나스닥넥스트100,20050.0,1595.0,1595.0,31979750.0,31979750.0,KOSPI,0.38
0120J0,BNK 카카오그룹포커스,8005.0,4457.0,4457.0,35678285.0,35678285.0,KOSPI,-0.19
610092,메리츠 인버스 일본 국채 10년 ETN,9975.0,2.0,2.0,19950.0,19950.0,KOSPI,-0.4
0226G0,WON 피지컬AI TOP2플러스액티브,12360.0,4401.0,4401.0,54396360.0,54396360.0,KOSPI,1.44
463690,KODEX 미국S&P500커뮤니케이션,17975.0,12782.0,12782.0,229756450.0,229756450.0,KOSPI,-0.5
530064,삼성 인버스 2X 구리 선물 ETN(H),659.0,96383.0,96383.0,63516397.0,63516397.0,KOSPI,4.44
252000,TIGER 200동일가중,19735.0,1438.0,1438.0,28378930.0,28378930.0,KOSPI,-0.83
520097,미래에셋 1.5X S&P500 VIX S/T선물 ETN,9845.0,1710.0,1710.0,16834950.0,16834950.0,KOSPI,-1.5
610082,메리츠 인도 루피화 ETN,9845.0,3.0,3.0,29535.0,29535.0,KOSPI,-0.66
117690,TIGER 차이나항셍30,19650.0,860.0,860.0,16899000.0,16899000.0,KOSPI,-0.58
610034,메리츠 대표 농산물 선물 ETN(H),9810.0,212.0,212.0,2079720.0,2079720.0,KOSPI,2.51
003075,코오롱글로벌우,13200.0,138.0,138.0,1821600.0,1821600.0,KOSPI,0.0
004255,NPC우,1847.0,23493.0,23493.0,43391571.0,43391571.0,KOSPI,0.6
281990,RISE 중소형고배당,17665.0,100.0,100.0,1766500.0,1766500.0,KOSPI,-1.37
610068,메리츠 KAP 일본 엔화 ETN,9705.0,2784.0,2784.0,27018720.0,27018720.0,KOSPI,-0.51
580087,KB 솔랙티브 인버스 천연가스 선물 ETN,9700.0,207.0,207.0,2007900.0,2007900.0,KOSPI,-2.61
482030,KoAct 반도체&2차전지핵심소재액티브,9230.0,13972.0,13972.0,128961560.0,128961560.0,KOSPI,3.13
700033,하나 K방산TOP10 ETN,9685.0,19.0,19.0,184015.0,184015.0,KOSPI,3.42
0174R0,KIWOOM 미국성장다우존스,11390.0,1723.0,1723.0,19624970.0,19624970.0,KOSPI,0.35
610100,메리츠 레버리지 은 선물 ETN(H),9660.0,323.0,323.0,3120180.0,3120180.0,KOSPI,-1.73
001067,JW중외제약2우B,46000.0,53.0,53.0,2438000.0,2438000.0,KOSPI,0.66
580061,KB 미국채 30년 ETN,9615.0,94.0,94.0,903810.0,903810.0,KOSPI,-0.47
550099,N2 레버리지 천연가스 선물 ETN,9510.0,1177.0,1177.0,11193270.0,11193270.0,KOSPI,3.59
0214M0,MIDAS 바이오헬스케어액티브,11165.0,1095.0,1095.0,12225675.0,12225675.0,KOSPI,-0.18
570107,한투 인버스2X일본니케이225선물 ETN(H),3790.0,106.0,106.0,401740.0,401740.0,KOSPI,0.13
494180,TIME 글로벌소비트렌드액티브,13475.0,477.0,477.0,6427575.0,6427575.0,KOSPI,-0.74
449680,TIGER 한중전기차(합성),11070.0,3.0,3.0,33210.0,33210.0,KOSPI,1.89
301400,PLUS 코스닥150,14455.0,6531.0,6531.0,94405605.0,94405605.0,KOSPI,0.8
580079,KB 레버리지 은 선물 ETN,9390.0,644.0,644.0,6047160.0,6047160.0,KOSPI,-0.37
0227K0,RISE 미국우주위성통신,9390.0,7989.0,7989.0,75016710.0,75016710.0,KOSPI,2.12
0133E0,TIGER 차이나증권,8935.0,8524.0,8524.0,76161940.0,76161940.0,KOSPI,0.62
0194N0,KIWOOM 삼성전자선물단일종목레버리지,11355.0,18571.0,18571.0,210873705.0,210873705.0,KOSPI,2.53
230480,KIWOOM 미국달러선물인버스2X,4630.0,5936.0,5936.0,27483680.0,27483680.0,KOSPI,0.76
399580,RISE 글로벌클린에너지,9300.0,4897.0,4897.0,45542100.0,45542100.0,KOSPI,-0.43
610097,메리츠 미국채30년스트립 커버드콜 ETN(H),9300.0,1.0,1.0,9300.0,9300.0,KOSPI,0.05
497510,ACE 글로벌빅파마,13275.0,928.0,928.0,12319200.0,12319200.0,KOSPI,-1.92
001755,한양증권우,19640.0,7659.0,7659.0,150422760.0,150422760.0,KOSPI,-1.75
0224D0,KIWOOM 미국CPU반도체TOP4+,9200.0,5182.0,5182.0,47674400.0,47674400.0,KOSPI,1.43
341850,TIGER 리츠부동산인프라채권,4575.0,1902.0,1902.0,8701650.0,8701650.0,KOSPI,-1.19
0084D0,KIWOOM 미국테크100월간목표헤지액티브,11375.0,3.0,3.0,34125.0,34125.0,KOSPI,0.31
375270,RISE 글로벌데이터센터리츠(합성),13950.0,719.0,719.0,10030050.0,10030050.0,KOSPI,-0.96
381570,HANARO Fn친환경에너지,10660.0,23661.0,23661.0,252226260.0,252226260.0,KOSPI,3.24
33637L,솔루스첨단소재2우B,2380.0,1427.0,1427.0,3396260.0,3396260.0,KOSPI,0.0
466810,BNK 2차전지양극재,5985.0,19674.0,19674.0,117748890.0,117748890.0,KOSPI,4.54
530141,삼성 중국 자동차 TOP5 TR ETN(H),8960.0,92.0,92.0,824320.0,824320.0,KOSPI,-1.81
610084,메리츠 미국채30년 스트립 ETN(H),8935.0,2.0,2.0,17870.0,17870.0,KOSPI,0.34
174350,TIGER 로우볼,21120.0,1692.0,1692.0,35735040.0,35735040.0,KOSPI,-1.56
0219B0,KoAct 광통신&위성네트워크액티브,11075.0,68951.0,68951.0,763632325.0,763632325.0,KOSPI,3.41
371150,RISE 차이나항셍테크,6815.0,1807.0,1807.0,12314705.0,12314705.0,KOSPI,-1.3
610095,메리츠 레버리지 천연가스 선물 ETN(H),8820.0,101412.0,101412.0,894453840.0,894453840.0,KOSPI,5.25
215620,HK S&P코리아로우볼,16300.0,1.0,1.0,16300.0,16300.0,KOSPI,-1.48
610059,메리츠 3X 레버리지 국채10년 ETN,17570.0,130.0,130.0,2284100.0,2284100.0,KOSPI,-0.23
395150,KODEX 웹툰&드라마,1827.0,7288.0,7288.0,13315176.0,13315176.0,KOSPI,-0.71
500101,신한 블룸버그 천연가스 선물 ETN,8765.0,147.0,147.0,1288455.0,1288455.0,KOSPI,2.82
700031,하나 레버리지 천연가스 선물 ETN(H),8755.0,19978.0,19978.0,174907390.0,174907390.0,KOSPI,4.47
105010,TIGER 라틴35,6250.0,1036.0,1036.0,6475000.0,6475000.0,KOSPI,-0.64
580085,KB 솔랙티브 천연가스 선물 ETN,8750.0,11453.0,11453.0,100213750.0,100213750.0,KOSPI,2.04
001515,SK증권우,4450.0,6469.0,6469.0,28787050.0,28787050.0,KOSPI,-1.77
435540,KIWOOM TDF2040액티브 적격,17410.0,5542.0,5542.0,96486220.0,96486220.0,KOSPI,-0.11
760027,키움 인버스 2X 전력 TOP5 ETN,4345.0,405670.0,405670.0,1762636150.0,1762636150.0,KOSPI,-18.4
570094,한투 일본엔선물 ETN C,8610.0,61.0,61.0,525210.0,525210.0,KOSPI,-0.46
497520,ACE 일라이릴리밸류체인,13245.0,12894.0,12894.0,170781030.0,170781030.0,KOSPI,-1.78
0216K0,KIWOOM 미국우주테크TOP2채권혼합50,8590.0,53321.0,53321.0,458027390.0,458027390.0,KOSPI,0.17
270800,RISE KQ고배당,15565.0,56.0,56.0,871640.0,871640.0,KOSPI,1.4
462340,에셋플러스 글로벌다이나믹시니어액티브,17085.0,209.0,209.0,3570765.0,3570765.0,KOSPI,-0.47
610090,메리츠 일본 국채 10년 ETN,8537.0,26.0,26.0,221962.0,221962.0,KOSPI,-0.44
429980,SOL 한국형글로벌전기차&2차전지액티브,17010.0,576.0,576.0,9797760.0,9797760.0,KOSPI,0.27
500068,신한 인버스 2X 10년 국채선물 ETN,12110.0,2.0,2.0,24220.0,24220.0,KOSPI,0.58
217780,TIGER 차이나CSI300인버스(합성),5460.0,633.0,633.0,3456180.0,3456180.0,KOSPI,0.18
225050,TIGER 유로스탁스레버리지(합성 H),16915.0,181.0,181.0,3061615.0,3061615.0,KOSPI,0.68
457930,BNK 미래전략기술액티브,28175.0,247.0,247.0,6959225.0,6959225.0,KOSPI,1.97
580053,KB 레버리지 콩 선물 ETN,16905.0,1194.0,1194.0,20184570.0,20184570.0,KOSPI,3.21
520085,미래에셋 -2X 미국 AI TOP3 ETN,8450.0,1.0,1.0,8450.0,8450.0,KOSPI,-2.87
0172Y0,ACE K수출핵심TOP10산업액티브,9900.0,7390.0,7390.0,73161000.0,73161000.0,KOSPI,1.9
760025,키움 전력 TOP5 ETN,12015.0,42.0,42.0,504630.0,504630.0,KOSPI,8.73
395280,HANARO Fn K-게임,3570.0,854.0,854.0,3048780.0,3048780.0,KOSPI,-0.56
227550,TIGER 200 산업재,12710.0,2172.0,2172.0,27606120.0,27606120.0,KOSPI,5.43
0219Z0,HANARO 미국S&P500액티브,10475.0,3505.0,3505.0,36714875.0,36714875.0,KOSPI,0.87
530135,삼성 인버스 China A50 선물 ETN(H) B,8360.0,1.0,1.0,8360.0,8360.0,KOSPI,-1.3
182490,TIGER 단기선진하이일드(합성 H),13920.0,636.0,636.0,8853120.0,8853120.0,KOSPI,-0.07
395750,PLUS ESG가치주액티브,20690.0,4.0,4.0,82760.0,82760.0,KOSPI,0.88
0215T0,HANARO 미국AI광통신TOP10,9180.0,30429.0,30429.0,279338220.0,279338220.0,KOSPI,5.28
530114,삼성 인버스 2X S&P500 선물 ETN,8230.0,1300.0,1300.0,10699000.0,10699000.0,KOSPI,-1.02
000225,유유제약1우,3615.0,7773.0,7773.0,28099395.0,28099395.0,KOSPI,-0.41
0184N0,PLUS 은채권혼합,9045.0,38711.0,38711.0,350140995.0,350140995.0,KOSPI,-0.22
610094,메리츠 천연가스 선물 ETN(H),8140.0,33420.0,33420.0,272038800.0,272038800.0,KOSPI,2.52
253280,RISE 헬스케어,13540.0,5337.0,5337.0,72262980.0,72262980.0,KOSPI,-1.28
0226D0,FOCUS 금융반도체지주채권혼합50액티브,10075.0,15878.0,15878.0,159970850.0,159970850.0,KOSPI,1.0
500036,신한 인버스 2X 미국달러 선물 ETN,4030.0,312.0,312.0,1257360.0,1257360.0,KOSPI,1.0
480460,WON 한국부동산TOP3플러스,9405.0,443.0,443.0,4166415.0,4166415.0,KOSPI,-1.16
487920,ACE 인도시장대표BIG5그룹액티브,7990.0,1569.0,1569.0,12536310.0,12536310.0,KOSPI,-1.05
570114,한투 S&P500 VIX S/T선물 ETN(H) B,7980.0,361.0,361.0,2880780.0,2880780.0,KOSPI,-0.87
261110,TIGER 미국달러선물레버리지,15960.0,1868.0,1868.0,29813280.0,29813280.0,KOSPI,-0.56
0218K0,BNK 스마트카,10545.0,712.0,712.0,7508040.0,7508040.0,KOSPI,0.76
610073,메리츠 KAP 인버스 2X 중국 위안화 ETN,15735.0,53.0,53.0,833955.0,833955.0,KOSPI,0.54
189400,PLUS 글로벌MSCI(합성 H),26070.0,4.0,4.0,104280.0,104280.0,KOSPI,0.04
570097,한투 엔달러선물 ETN(H),7800.0,8.0,8.0,62400.0,62400.0,KOSPI,-0.32
001065,JW중외제약우,22800.0,194.0,194.0,4423200.0,4423200.0,KOSPI,0.0
435530,KIWOOM TDF2030액티브 적격,15445.0,1194.0,1194.0,18441330.0,18441330.0,KOSPI,-0.06
438740,MIDAS 중소형액티브,34120.0,2.0,2.0,68240.0,68240.0,KOSPI,0.53
225800,KIWOOM 미국달러선물레버리지,15020.0,294.0,294.0,4415880.0,4415880.0,KOSPI,-0.56
494210,SOL 미국500타겟데일리커버드콜액티브,10925.0,5280.0,5280.0,57684000.0,57684000.0,KOSPI,0.23
227570,TIGER 우량가치,21220.0,276.0,276.0,5856720.0,5856720.0,KOSPI,-0.82
0082F0,HANARO 유럽방산,10900.0,8044.0,8044.0,87679600.0,87679600.0,KOSPI,0.14
285690,FOCUS ESG리더스,21795.0,3.0,3.0,65385.0,65385.0,KOSPI,-0.02
0094X0,1Q 샤오미밸류체인액티브,8470.0,1677.0,1677.0,14204190.0,14204190.0,KOSPI,-0.18
530142,삼성 중국 AI 테크 TOP5 TR ETN(H),7575.0,156.0,156.0,1181700.0,1181700.0,KOSPI,-0.13
437370,RISE 글로벌농업경제,10810.0,2727.0,2727.0,29478870.0,29478870.0,KOSPI,0.28
520084,미래에셋 -2X 미국 자율주행대표기업 ETN,7565.0,1.0,1.0,7565.0,7565.0,KOSPI,-0.98
256450,PLUS 심천차이넥스트(합성),15020.0,628.0,628.0,9432560.0,9432560.0,KOSPI,-0.23
610099,메리츠 은 선물 ETN(H),7485.0,13.0,13.0,97305.0,97305.0,KOSPI,-0.47
402460,HANARO Fn K-메타버스MZ,14950.0,89.0,89.0,1330550.0,1330550.0,KOSPI,1.32
368680,KODEX K-뉴딜디지털플러스,8305.0,1525.0,1525.0,12665125.0,12665125.0,KOSPI,2.59
326230,RISE 내수주플러스,11585.0,22.0,22.0,254870.0,254870.0,KOSPI,-1.4
570111,한투 3X레버리지미국채30년 ETN,37065.0,25.0,25.0,926625.0,926625.0,KOSPI,1.08
700035,하나 인버스 2X K방산TOP10 ETN,7410.0,64220.0,64220.0,475870200.0,475870200.0,KOSPI,-8.57
450180,KODEX 한중전기차(합성),11285.0,2.0,2.0,22570.0,22570.0,KOSPI,0.58
304670,KODEX 미국30년국채울트라선물인버스(H),12200.0,4.0,4.0,48800.0,48800.0,KOSPI,-0.29
0005C0,RISE 미국S&P500엔화노출(합성 H),11230.0,1255.0,1255.0,14093650.0,14093650.0,KOSPI,-0.27
139660,KIWOOM 미국달러선물인버스,8390.0,806.0,806.0,6762340.0,6762340.0,KOSPI,0.36
530090,삼성 인버스 은 선물 ETN(H),2425.0,588.0,588.0,1425900.0,1425900.0,KOSPI,0.21
580078,KB 은 선물 ETN,7260.0,5.0,5.0,36300.0,36300.0,KOSPI,-0.27
488480,RISE 일본섹터TOP4Plus,13130.0,1708.0,1708.0,22426040.0,22426040.0,KOSPI,-0.42
0047N0,PLUS 차이나AI테크TOP10,10300.0,4440.0,4440.0,45732000.0,45732000.0,KOSPI,1.63
0176P0,FOCUS AI반도체위클리고정커버드콜,12950.0,8802.0,8802.0,113985900.0,113985900.0,KOSPI,2.82
400590,SOL 글로벌탄소배출권선물ICE(합성),14135.0,1171.0,1171.0,16552085.0,16552085.0,KOSPI,-2.35
139290,TIGER 200 경기소비재,25115.0,2490.0,2490.0,62536350.0,62536350.0,KOSPI,-2.75
760006,키움 KPOP ETN,7000.0,6.0,6.0,42000.0,42000.0,KOSPI,-1.82
570101,한투 인버스나스닥100 ETN B,6950.0,6.0,6.0,41700.0,41700.0,KOSPI,-0.71
0138D0,RISE 동학개미,12620.0,3666.0,3666.0,46264920.0,46264920.0,KOSPI,3.27
0166T0,PLUS 글로벌저작권핵심기업액티브,9915.0,12106.0,12106.0,120030990.0,120030990.0,KOSPI,-1.69
510043,대신 인버스 천연가스 선물 ETN(H) B,6935.0,59.0,59.0,409165.0,409165.0,KOSPI,-3.01
244670,KODEX 밸류Plus,11545.0,153.0,153.0,1766385.0,1766385.0,KOSPI,-1.62
0036Z0,RISE 미국천연가스밸류체인,12570.0,835.0,835.0,10495950.0,10495950.0,KOSPI,1.95
012205,계양전기우,5810.0,7661.0,7661.0,44510410.0,44510410.0,KOSPI,0.0
429740,PLUS K리츠,6145.0,1626.0,1626.0,9991770.0,9991770.0,KOSPI,-0.08
500067,신한 레버리지 10년 국채선물 ETN,9650.0,2.0,2.0,19300.0,19300.0,KOSPI,-0.57
456200,PLUS 미국달러SOFR금리액티브(합성),59925.0,86.0,86.0,5153550.0,5153550.0,KOSPI,-0.32
530060,삼성 코스피 양매도 5% OTM ETN,6570.0,2.0,2.0,13140.0,13140.0,KOSPI,1.23
570095,한투 레버리지일본엔선물 ETN C,6565.0,3872.0,3872.0,25419680.0,25419680.0,KOSPI,-1.28
000325,노루홀딩스우,26900.0,51.0,51.0,1371900.0,1371900.0,KOSPI,1.51
316300,ACE 싱가포르리츠,13100.0,1044.0,1044.0,13676400.0,13676400.0,KOSPI,-1.36
0184V0,UNICORN K바이오액티브,6170.0,7338.0,7338.0,45275460.0,45275460.0,KOSPI,1.15
315270,TIGER 200커뮤니케이션서비스,20150.0,19847.0,19847.0,399917050.0,399917050.0,KOSPI,-1.15
307510,TIGER 의료기기,12755.0,6182.0,6182.0,78851410.0,78851410.0,KOSPI,-1.32
760010,키움 2차전지산업 ETN,9065.0,3.0,3.0,27195.0,27195.0,KOSPI,5.41
570092,한투 인버스2X유로스탁스50 ETN(H) B,6310.0,284.0,284.0,1792040.0,1792040.0,KOSPI,-1.33
0102X0,ACE 유럽방산TOP10,9700.0,1717.0,1717.0,16654900.0,16654900.0,KOSPI,0.52
530096,삼성 인버스 구리 선물 ETN(H),6305.0,13.0,13.0,81965.0,81965.0,KOSPI,2.44
530122,삼성 인버스 2X 항셍테크 TR ETN(H) B,6280.0,6061.0,6061.0,38063080.0,38063080.0,KOSPI,0.88
138920,KODEX 콩선물(H),12480.0,1084.0,1084.0,13528320.0,13528320.0,KOSPI,1.75
530056,삼성 인버스 2X 금 선물 ETN(H),1559.0,14672.0,14672.0,22873648.0,22873648.0,KOSPI,1.56
002995,금호건설우,21300.0,12781.0,12781.0,272235300.0,272235300.0,KOSPI,0.71
451670,RISE 국채30년레버리지(합성),12395.0,439.0,439.0,5441405.0,5441405.0,KOSPI,2.44
0087F0,ACE 차이나AI빅테크TOP2+액티브,12380.0,1238.0,1238.0,15326440.0,15326440.0,KOSPI,-1.2
291890,KODEX MSCI EM선물(H),12380.0,1262.0,1262.0,15623560.0,15623560.0,KOSPI,-0.56
580084,KB 인버스 2X 미국 S&P500 선물 ETN B,12370.0,2.0,2.0,24740.0,24740.0,KOSPI,-1.39
250780,TIGER 코스닥150선물인버스,2365.0,331928.0,331928.0,785009720.0,785009720.0,KOSPI,-2.27
004985,성신양회우,8340.0,1155.0,1155.0,9632700.0,9632700.0,KOSPI,1.34
550098,N2 인버스 2X 코스닥150 선물 ETN,6125.0,3415.0,3415.0,20916875.0,20916875.0,KOSPI,-3.92
570091,한투 인버스유로스탁스50 ETN(H) C,6100.0,2.0,2.0,12200.0,12200.0,KOSPI,-0.41
289670,PLUS 국채선물10년,52390.0,526.0,526.0,27557140.0,27557140.0,KOSPI,0.26
0114X0,RISE 글로벌게임테크TOP3Plus,8660.0,220.0,220.0,1905200.0,1905200.0,KOSPI,0.99
610023,메리츠 레버리지 미국채10년 ETN(H),6030.0,5524.0,5524.0,33309720.0,33309720.0,KOSPI,0.0
469530,RISE 미국달러선물인버스,9400.0,8.0,8.0,75200.0,75200.0,KOSPI,0.48
26490K,크라운제과우,7740.0,46.0,46.0,356040.0,356040.0,KOSPI,-0.26
570064,한투 인버스베트남VN30선물 ETN(H),5960.0,3.0,3.0,17880.0,17880.0,KOSPI,0.25
219900,ACE 중국본토CSI300레버리지(합성),4245.0,3096.0,3096.0,13142520.0,13142520.0,KOSPI,2.54
0053M0,더제이 중소형포커스액티브,13185.0,176.0,176.0,2320560.0,2320560.0,KOSPI,0.0
0191B0,MIDAS 코스닥액티브,29660.0,146.0,146.0,4330360.0,4330360.0,KOSPI,2.93
570098,한투 레버리지엔달러선물 ETN(H),5930.0,622.0,622.0,3688460.0,3688460.0,KOSPI,-0.42
488200,KIWOOM K-2차전지북미공급망,13170.0,5397.0,5397.0,71078490.0,71078490.0,KOSPI,4.57
004835,덕성우,4255.0,2277.0,2277.0,9688635.0,9688635.0,KOSPI,0.47
433250,UNICORN R&D 액티브,23680.0,16.0,16.0,378880.0,378880.0,KOSPI,0.64
314700,HANARO 농업융복합산업,10685.0,438.0,438.0,4680030.0,4680030.0,KOSPI,-0.47
400580,SOL 유럽탄소배출권선물S&P(H),11700.0,59.0,59.0,690300.0,690300.0,KOSPI,-1.64
407300,HANARO Fn골프테마,10565.0,2.0,2.0,21130.0,21130.0,KOSPI,-0.19
483020,KIWOOM 의료AI,9670.0,11613.0,11613.0,112297710.0,112297710.0,KOSPI,-1.28
390400,KODEX 미국스마트모빌리티S&P,7205.0,6978.0,6978.0,50276490.0,50276490.0,KOSPI,0.07
401590,HANARO 글로벌탄소배출권선물ICE(합성),11265.0,121.0,121.0,1363065.0,1363065.0,KOSPI,-2.72
470310,UNICORN 생성형AI강소기업액티브,18605.0,212.0,212.0,3944260.0,3944260.0,KOSPI,1.25
476310,RISE 글로벌비만산업TOP2+,10145.0,385.0,385.0,3905825.0,3905825.0,KOSPI,-2.59
220130,SOL 차이나강소기업CSI500(합성 H),6945.0,10608.0,10608.0,73672560.0,73672560.0,KOSPI,1.61
432600,RISE 국채선물3년,55490.0,4.0,4.0,221960.0,221960.0,KOSPI,0.23
267450,RISE 미국장기국채선물인버스(H),11075.0,1.0,1.0,11075.0,11075.0,KOSPI,-0.05
760014,키움 바이오TOP10 ETN,7905.0,20.0,20.0,158100.0,158100.0,KOSPI,-2.17
413220,SOL 차이나태양광CSI(합성),4605.0,287.0,287.0,1321635.0,1321635.0,KOSPI,-1.81
570073,한투 인버스2X구리선물 ETN,5485.0,1.0,1.0,5485.0,5485.0,KOSPI,1.57
499150,SOL 미국S&P500엔화노출(H),10965.0,11383.0,11383.0,124814595.0,124814595.0,KOSPI,-0.09
483030,KIWOOM 미국블록버스터바이오테크의약품+,12165.0,2237.0,2237.0,27213105.0,27213105.0,KOSPI,-2.91
474390,SOL 국고채30년액티브,40715.0,20150.0,20150.0,820407250.0,820407250.0,KOSPI,0.75
291630,KIWOOM 코스닥150선물레버리지,3740.0,58475.0,58475.0,218696500.0,218696500.0,KOSPI,4.47
0132D0,KoAct 글로벌K컬처밸류체인액티브,9815.0,312.0,312.0,3062280.0,3062280.0,KOSPI,-1.6
490330,KoAct 미국치매&뇌질환치료제액티브,15420.0,2412.0,2412.0,37193040.0,37193040.0,KOSPI,-0.61
090355,노루페인트우,11650.0,211.0,211.0,2458150.0,2458150.0,KOSPI,1.66
530094,삼성 인버스 코스닥 150 선물 ETN,5345.0,2831.0,2831.0,15131695.0,15131695.0,KOSPI,-2.46
321410,KODEX 멀티에셋하이인컴(H),10665.0,13.0,13.0,138645.0,138645.0,KOSPI,-0.47
0015E0,KIWOOM 엔비디아미국30년국채혼합액티브(H),10645.0,878.0,878.0,9346310.0,9346310.0,KOSPI,0.66
0174J0,DAISHIN 오피스리츠플러스,8725.0,3121.0,3121.0,27230725.0,27230725.0,KOSPI,-1.47
411860,KIWOOM 독일DAX,17400.0,375.0,375.0,6525000.0,6525000.0,KOSPI,0.29
500061,신한 인버스 코스피 200 선물 ETN,2590.0,2416.0,2416.0,6257440.0,6257440.0,KOSPI,-0.19
295000,RISE 국채선물10년,51715.0,14.0,14.0,724010.0,724010.0,KOSPI,0.4
580044,KB 인버스 2X KOSDAQ 150 선물 ETN,1709.0,249475.0,249475.0,426352775.0,426352775.0,KOSPI,-3.34
510027,대신 인버스 2X 코스닥 150 선물 ETN,1701.0,173812.0,173812.0,295654212.0,295654212.0,KOSPI,-5.08
0154H0,KoAct 차이나바이오헬스케어액티브,9275.0,3765.0,3765.0,34920375.0,34920375.0,KOSPI,0.82
570066,한투 인버스2X베트남VN30 선물 ETN(H),5030.0,2055.0,2055.0,10336650.0,10336650.0,KOSPI,-3.64
0073X0,FOCUS 알리바바미국채커버드콜혼합,9125.0,4550.0,4550.0,41518750.0,41518750.0,KOSPI,-1.3
498610,RISE 인도디지털성장,8310.0,607.0,607.0,5044170.0,5044170.0,KOSPI,-1.07
0015K0,TIGER 미국소비트렌드액티브,7295.0,520.0,520.0,3793400.0,3793400.0,KOSPI,-0.07
0128D0,PLUS 차이나항셍테크위클리타겟커버드콜,7020.0,2449.0,2449.0,17191980.0,17191980.0,KOSPI,-0.92
0131A0,SOL 차이나소비트렌드,8075.0,43.0,43.0,347225.0,347225.0,KOSPI,0.87
0078V0,PLUS 미국로보택시,9630.0,1298.0,1298.0,12499740.0,12499740.0,KOSPI,-1.23
267440,RISE 미국장기국채선물(H),8020.0,389.0,389.0,3119780.0,3119780.0,KOSPI,0.06
530062,삼성 인버스 2X 은 선물 ETN(H),37.0,7720.0,7720.0,285640.0,285640.0,KOSPI,0.0
227560,TIGER 200 생활소비재,13325.0,16452.0,16452.0,219222900.0,219222900.0,KOSPI,-2.49
610029,메리츠 인버스 2X 구리 선물 ETN(H),4775.0,3949.0,3949.0,18856475.0,18856475.0,KOSPI,3.69
244660,KODEX 퀄리티Plus,9480.0,409.0,409.0,3877320.0,3877320.0,KOSPI,-1.56
391600,ACE 미국친환경그린테마,10530.0,350.0,350.0,3685500.0,3685500.0,KOSPI,0.67
550070,N2 인버스 레버리지 구리 선물 ETN(H),4700.0,2.0,2.0,9400.0,9400.0,KOSPI,3.64
266550,PLUS 중형주저변동50,18790.0,3.0,3.0,56370.0,56370.0,KOSPI,-1.13
488210,KIWOOM K-반도체북미공급망,22940.0,476.0,476.0,10919440.0,10919440.0,KOSPI,2.69
373790,KIWOOM 미국방어배당성장나스닥,16045.0,191.0,191.0,3064595.0,3064595.0,KOSPI,-0.03
205720,ACE 일본TOPIX인버스(합성 H),1454.0,1829.0,1829.0,2659366.0,2659366.0,KOSPI,0.55
243890,TIGER 200에너지화학레버리지,8290.0,7989.0,7989.0,66228810.0,66228810.0,KOSPI,1.41
000145,하이트진로홀딩스우,9230.0,1582.0,1582.0,14601860.0,14601860.0,KOSPI,0.98
530125,삼성 인버스 2X 일본니케이225선물 ETN(H),4280.0,2152.0,2152.0,9210560.0,9210560.0,KOSPI,0.23
277650,TIGER 코스피중형주,21295.0,79.0,79.0,1682305.0,1682305.0,KOSPI,0.61
009415,태영건설우,6520.0,3341.0,3341.0,21783320.0,21783320.0,KOSPI,-1.21
226380,ACE Fn성장소비주도주,6015.0,1776.0,1776.0,10682640.0,10682640.0,KOSPI,-1.31
0050E0,PLUS 미국AI에이전트,8245.0,42924.0,42924.0,353908380.0,353908380.0,KOSPI,2.17
238670,PLUS 스마트베타Quality채권혼합,13645.0,10719.0,10719.0,146260755.0,146260755.0,KOSPI,-0.04
000545,흥국화재우,5280.0,689.0,689.0,3637920.0,3637920.0,KOSPI,-0.38
252420,RISE 200선물인버스2X,80.0,1773295.0,1773295.0,141863600.0,141863600.0,KOSPI,-2.44
334690,RISE 팔라듐선물(H),6035.0,1488.0,1488.0,8980080.0,8980080.0,KOSPI,-0.74
005965,동부건설우,17300.0,6.0,6.0,103800.0,103800.0,KOSPI,0.7
291680,RISE 차이나H선물인버스(H),7720.0,4.0,4.0,30880.0,30880.0,KOSPI,1.98
500041,신한 인버스 2X 구리 선물 ETN,745.0,23263.0,23263.0,17330935.0,17330935.0,KOSPI,4.05
225030,TIGER 미국S&P500선물인버스(H),2250.0,5393.0,5393.0,12134250.0,12134250.0,KOSPI,-0.44
014825,동원시스템즈우,13920.0,326.0,326.0,4537920.0,4537920.0,KOSPI,1.46
427120,RISE AI플랫폼,5330.0,3557.0,3557.0,18958810.0,18958810.0,KOSPI,0.95
007575,일양약품우,8140.0,25.0,25.0,203500.0,203500.0,KOSPI,1.12
267490,RISE 미국장기국채선물레버리지(합성 H),5095.0,113.0,113.0,575735.0,575735.0,KOSPI,-0.1
0079X0,ACE BYD밸류체인액티브,10150.0,1097.0,1097.0,11134550.0,11134550.0,KOSPI,-1.02
570023,한투 인버스2XS&P500선물 ETN(H),667.0,2.0,2.0,1334.0,1334.0,KOSPI,-1.62
306530,HANARO 코스닥150선물레버리지,7390.0,22020.0,22020.0,162727800.0,162727800.0,KOSPI,3.5
005745,크라운해태홀딩스우,5300.0,705.0,705.0,3736500.0,3736500.0,KOSPI,0.19
014285,금강공업우,5280.0,1132.0,1132.0,5976960.0,5976960.0,KOSPI,-0.38
454180,KIWOOM 차이나내수소비TOP CSI,7700.0,329.0,329.0,2533300.0,2533300.0,KOSPI,-0.06
36328K,티와이홀딩스우,2530.0,118.0,118.0,298540.0,298540.0,KOSPI,2.43
476000,UNICORN 포스트IPO액티브,5220.0,11989.0,11989.0,62582580.0,62582580.0,KOSPI,1.56
145670,ACE 인버스,1287.0,67596.0,67596.0,86996052.0,86996052.0,KOSPI,-1.0
014915,성문전자우,4395.0,4228.0,4228.0,18582060.0,18582060.0,KOSPI,-4.46
252410,RISE 200선물인버스,1313.0,12504.0,12504.0,16417752.0,16417752.0,KOSPI,-0.53
491630,RISE 미국반도체인버스(합성 H),5480.0,953.0,953.0,5222440.0,5222440.0,KOSPI,-2.14
280940,KODEX 골드선물인버스(H),3245.0,1723.0,1723.0,5591135.0,5591135.0,KOSPI,0.31
580033,KB 인버스 2X 구리 선물 ETN(H),4790.0,2094.0,2094.0,10030260.0,10030260.0,KOSPI,5.04
008355,남선알미우,7770.0,564.0,564.0,4382280.0,4382280.0,KOSPI,-2.14
291620,KIWOOM 코스닥150선물인버스,4180.0,21255.0,21255.0,88845900.0,88845900.0,KOSPI,-1.99
000227,유유제약2우B,7310.0,4996.0,4996.0,36520760.0,36520760.0,KOSPI,-0.54
001525,동양우,8990.0,39.0,39.0,350610.0,350610.0,KOSPI,3.57
500051,신한 인버스 2X S&P500 선물 ETN,1157.0,420.0,420.0,485940.0,485940.0,KOSPI,-1.2
253230,KIWOOM 200선물인버스2X,76.0,1948804.0,1948804.0,148109104.0,148109104.0,KOSPI,-2.56
275750,RISE 코스닥150선물인버스,2390.0,5117.0,5117.0,12229630.0,12229630.0,KOSPI,-2.25
280320,ACE 미국IT인터넷(합성 H),21620.0,3.0,3.0,64860.0,64860.0,KOSPI,0.84
334700,RISE 팔라듐선물인버스(H),3295.0,121.0,121.0,398695.0,398695.0,KOSPI,0.15
500030,신한 인버스 2X 은 선물 ETN(H),53.0,12613.0,12613.0,668489.0,668489.0,KOSPI,0.0
700018,하나 인버스 2X 코스닥150 선물 ETN,1705.0,635.0,635.0,1082675.0,1082675.0,KOSPI,-3.94
004545,깨끗한나라우,4450.0,154.0,154.0,685300.0,685300.0,KOSPI,-0.45
570070,한투 인버스2X플래티넘선물 ETN,1620.0,575.0,575.0,931500.0,931500.0,KOSPI,3.05
253240,KIWOOM 200선물인버스,1314.0,43265.0,43265.0,56850210.0,56850210.0,KOSPI,-1.13
306520,HANARO 200선물인버스,2390.0,4966.0,4966.0,11868740.0,11868740.0,KOSPI,-1.04
011155,CJ씨푸드1우,7000.0,1823.0,1823.0,12761000.0,12761000.0,KOSPI,5.26
412560,TIGER BBIG레버리지,1893.0,18668.0,18668.0,35338524.0,35338524.0,KOSPI,2.82
253160,PLUS 200선물인버스2X,154.0,536718.0,536718.0,82654572.0,82654572.0,KOSPI,-2.53
261920,ACE MSCI필리핀(합성),12160.0,717.0,717.0,8718720.0,8718720.0,KOSPI,-3.34
004415,서울식품우,5370.0,3215.0,3215.0,17264550.0,17264550.0,KOSPI,5.29
500038,신한 인버스 2X 금 선물 ETN,1000.0,3950.0,3950.0,3950000.0,3950000.0,KOSPI,1.21
465620,ACE 미국빅테크TOP7 Plus인버스(합성),6550.0,841.0,841.0,5508550.0,5508550.0,KOSPI,-0.08
196170,알테오젠,311500.0,368961.0,720166.0,114931351500.0,224331709000.0,KOSDAQ,0.0
086520,에코프로,92000.0,1198270.0,2092795.0,110240840000.0,192537140000.0,KOSDAQ,5.75
247540,에코프로비엠,118000.0,533166.0,835367.0,62913588000.0,98573306000.0,KOSDAQ,5.83
277810,레인보우로보틱스,471000.0,101494.0,177544.0,47803674000.0,83623224000.0,KOSDAQ,4.55
036930,주성엔지니어링,179100.0,842448.0,842448.0,150882436800.0,150882436800.0,KOSDAQ,3.29
240810,원익IPS,112700.0,545910.0,545910.0,61524057000.0,61524057000.0,KOSDAQ,3.11
058470,리노공업,66700.0,356148.0,631100.0,23755071600.0,42094370000.0,KOSDAQ,0.45
039030,이오테크닉스,406500.0,64763.0,86917.0,26326159500.0,35331760500.0,KOSDAQ,1.5
222800,심텍,126900.0,1716697.0,3796068.0,217848849300.0,481721029200.0,KOSDAQ,12.6
028300,HLB,35450.0,799627.0,1273981.0,28346777150.0,45162626450.0,KOSDAQ,-2.88
214450,파마리서치,432500.0,86622.0,140733.0,37464015000.0,60867022500.0,KOSDAQ,-2.15
087010,펩트론,188200.0,79415.0,129066.0,14945903000.0,24290221200.0,KOSDAQ,1.73
298380,에이비엘바이오,76000.0,241871.0,364573.0,18382196000.0,27707548000.0,KOSDAQ,1.88
403870,HPSP,50500.0,2962571.0,2962571.0,149609835500.0,149609835500.0,KOSDAQ,4.12
000250,삼천당제약,172800.0,72570.0,128657.0,12540096000.0,22231929600.0,KOSDAQ,0.99
319660,피에스케이,133400.0,145206.0,270292.0,19370480400.0,36056952800.0,KOSDAQ,3.01
108490,로보티즈,255000.0,125404.0,257319.0,31978020000.0,65616345000.0,KOSDAQ,1.8
141080,리가켐바이오,99600.0,190627.0,312216.0,18986449200.0,31096713600.0,KOSDAQ,1.32
095340,ISC,171200.0,92568.0,129943.0,15847641600.0,22246241600.0,KOSDAQ,3.88
440110,파두,64500.0,280689.0,280689.0,18104440500.0,18104440500.0,KOSDAQ,3.04
257720,실리콘투,49150.0,3655006.0,5544105.0,179643544900.0,272492760750.0,KOSDAQ,-5.12
084370,유진테크,138000.0,66153.0,105920.0,9129114000.0,14616960000.0,KOSDAQ,2.91
310210,보로노이,167000.0,37930.0,53459.0,6334310000.0,8927653000.0,KOSDAQ,0.72
145020,휴젤,245500.0,20894.0,29678.0,5129477000.0,7285949000.0,KOSDAQ,-2.0
214370,케어젠,53200.0,55602.0,82413.0,2958026400.0,4384371600.0,KOSDAQ,0.38
095610,테스,146000.0,281809.0,516744.0,41144114000.0,75444624000.0,KOSDAQ,5.72
131290,티에스이,253000.0,86128.0,132592.0,21790384000.0,33545776000.0,KOSDAQ,0.6
031980,피에스케이홀딩스,127000.0,146082.0,216691.0,18552414000.0,27519757000.0,KOSDAQ,6.54
064760,티씨케이,242500.0,43349.0,53541.0,10512132500.0,12983692500.0,KOSDAQ,1.68
319400,현대무벡스,24150.0,741854.0,741854.0,17915774100.0,17915774100.0,KOSDAQ,3.21
080220,제주반도체,77700.0,943911.0,943911.0,73341884700.0,73341884700.0,KOSDAQ,2.1
357780,솔브레인,341000.0,22989.0,30498.0,7839249000.0,10399818000.0,KOSDAQ,3.33
178320,서진시스템,41350.0,2201106.0,2201106.0,91015733100.0,91015733100.0,KOSDAQ,11.16
347850,디앤디파마텍,56300.0,671199.0,671199.0,37788503700.0,37788503700.0,KOSDAQ,0.0
067310,하나마이크론,38750.0,1369397.0,1369397.0,53064133750.0,53064133750.0,KOSDAQ,5.16
237690,에스티팜,110900.0,151997.0,232084.0,16856467300.0,25738115600.0,KOSDAQ,0.82
010170,대한광통신,14860.0,27450628.0,27450628.0,407916332080.0,407916332080.0,KOSDAQ,10.07
226950,올릭스,104800.0,219359.0,354876.0,22988823200.0,37191004800.0,KOSDAQ,5.54
005290,동진쎄미켐,42900.0,235255.0,601600.0,10092439500.0,25808640000.0,KOSDAQ,1.3
032820,우리기술,12240.0,2643172.0,2643172.0,32352425280.0,32352425280.0,KOSDAQ,-0.81
214150,클래시스,32300.0,205272.0,323230.0,6630285600.0,10440329000.0,KOSDAQ,1.41
058610,에스피지,94200.0,340083.0,697417.0,32035818600.0,65696681400.0,KOSDAQ,0.11
140410,메지온,66400.0,52912.0,52912.0,3513356800.0,3513356800.0,KOSDAQ,0.15
098460,고영,29150.0,516136.0,516136.0,15045364400.0,15045364400.0,KOSDAQ,1.75
263750,펄어비스,31550.0,360701.0,565796.0,11380116550.0,17850863800.0,KOSDAQ,-2.77
083650,비에이치아이,64000.0,295440.0,593219.0,18908160000.0,37966016000.0,KOSDAQ,-1.23
140860,파크시스템스,271500.0,11844.0,14870.0,3215646000.0,4037205000.0,KOSDAQ,0.74
068760,셀트리온제약,42000.0,77021.0,101645.0,3234882000.0,4269090000.0,KOSDAQ,-1.29
089030,테크윙,49700.0,356479.0,356479.0,17717006300.0,17717006300.0,KOSDAQ,1.02
060370,LS마린솔루션,34450.0,116569.0,255325.0,4015802050.0,8795946250.0,KOSDAQ,3.92
041510,에스엠,74600.0,134240.0,181812.0,10014304000.0,13563175200.0,KOSDAQ,-3.12
007390,네이처셀,26150.0,621692.0,1282295.0,16257245800.0,33532014250.0,KOSDAQ,6.95
096530,씨젠,31900.0,193112.0,327709.0,6160272800.0,10453917100.0,KOSDAQ,-0.93
0009K0,에임드바이오,25700.0,62254.0,106656.0,1599927800.0,2741059200.0,KOSDAQ,1.18
131970,두산테스나,83100.0,169847.0,350835.0,14114285700.0,29154388500.0,KOSDAQ,4.14
089970,브이엠,60500.0,283998.0,527011.0,17181879000.0,31884165500.0,KOSDAQ,2.72
950160,코오롱티슈진,18740.0,1463503.0,1463503.0,27426046220.0,27426046220.0,KOSDAQ,-0.58
030530,원익홀딩스,20250.0,585931.0,585931.0,11865102750.0,11865102750.0,KOSDAQ,5.25
323280,태성,50600.0,144243.0,324170.0,7298695800.0,16403002000.0,KOSDAQ,1.4
241710,코스메카코리아,139000.0,91733.0,109847.0,12750887000.0,15268733000.0,KOSDAQ,0.22
078600,대주전자재료,92500.0,224571.0,423209.0,20772817500.0,39146832500.0,KOSDAQ,7.43
475830,오름테라퓨틱,66800.0,74330.0,119771.0,4965244000.0,8000702800.0,KOSDAQ,-2.05
035900,JYP Ent.,39750.0,281796.0,439541.0,11201391000.0,17471754750.0,KOSDAQ,-0.75
420770,기가비스,108200.0,58793.0,84006.0,6361402600.0,9089449200.0,KOSDAQ,3.54
290650,엘앤씨바이오,50400.0,134771.0,203549.0,6792458400.0,10258869600.0,KOSDAQ,-0.59
039200,오스코텍,35050.0,262836.0,341403.0,9212401800.0,11966175150.0,KOSDAQ,-2.37
082920,비츠로셀,29200.0,719078.0,1013681.0,20997077600.0,29599485200.0,KOSDAQ,-9.18
183300,코미코,25450.0,301542.0,481057.0,7674243900.0,12242900650.0,KOSDAQ,0.0
218410,RFHIC,48800.0,214934.0,455441.0,10488779200.0,22225520800.0,KOSDAQ,2.74
127120,제이에스링크,34000.0,137163.0,188320.0,4663542000.0,6402880000.0,KOSDAQ,1.49
195940,HK이노엔,43050.0,110468.0,152500.0,4755647400.0,6565125000.0,KOSDAQ,-1.37
204270,제이앤티씨,21000.0,586561.0,586561.0,12317781000.0,12317781000.0,KOSDAQ,2.19
043260,성호전자,16520.0,1121853.0,1121853.0,18533011560.0,18533011560.0,KOSDAQ,-2.54
347700,스피어,23150.0,403937.0,403937.0,9351141550.0,9351141550.0,KOSDAQ,0.65
003380,하림지주,10560.0,591385.0,591385.0,6245025600.0,6245025600.0,KOSDAQ,-3.56
166090,하나머티리얼즈,54000.0,92605.0,156378.0,5000670000.0,8444412000.0,KOSDAQ,2.08
437730,삼현,33000.0,97229.0,209401.0,3208557000.0,6910233000.0,KOSDAQ,0.46
232140,와이씨,12490.0,9752366.0,9752366.0,121807051340.0,121807051340.0,KOSDAQ,2.21
356860,티엘비,41500.0,931249.0,2163637.0,38646833500.0,89790935500.0,KOSDAQ,6.0
445680,큐리옥스바이오시스템즈,55700.0,97247.0,167623.0,5416657900.0,9336601100.0,KOSDAQ,1.83
036540,SFA반도체,5780.0,909125.0,909125.0,5254742500.0,5254742500.0,KOSDAQ,1.76
101490,에스앤에스텍,42400.0,130018.0,223077.0,5512763200.0,9458464800.0,KOSDAQ,0.83
036830,솔브레인홀딩스,44000.0,68623.0,126351.0,3019412000.0,5559444000.0,KOSDAQ,3.9
476830,알지노믹스,31600.0,292383.0,505562.0,9239302800.0,15975759200.0,KOSDAQ,0.32
124500,아이티센글로벌,37750.0,390928.0,910308.0,14757532000.0,34364127000.0,KOSDAQ,-5.03
293490,카카오게임즈,8190.0,369563.0,369563.0,3026720970.0,3026720970.0,KOSDAQ,-2.5
056190,SFA,24300.0,106145.0,124370.0,2579323500.0,3022191000.0,KOSDAQ,1.04
100790,미래에셋벤처투자,16180.0,808593.0,808593.0,13083034740.0,13083034740.0,KOSDAQ,4.79
950260,인제니아테라퓨틱스(Reg.S),17350.0,7186348.0,7186348.0,124683137800.0,124683137800.0,KOSDAQ,0.06
065350,신성델타테크,31000.0,133684.0,347395.0,4144204000.0,10769245000.0,KOSDAQ,0.81
038500,삼표시멘트,7860.0,242499.0,242499.0,1906042140.0,1906042140.0,KOSDAQ,1.68
491000,리브스메드,33500.0,135210.0,135210.0,4529535000.0,4529535000.0,KOSDAQ,-3.6
086450,동국제약,18640.0,333475.0,520367.0,6215974000.0,9699640880.0,KOSDAQ,-2.92
115180,큐리언트,22300.0,649613.0,966798.0,14486369900.0,21559595400.0,KOSDAQ,-13.06
458870,씨어스,21800.0,173941.0,291904.0,3791913800.0,6363507200.0,KOSDAQ,3.56
083450,GST,45100.0,97201.0,183981.0,4383765100.0,8297543100.0,KOSDAQ,0.67
119850,지엔씨에너지,50300.0,366096.0,832713.0,18414628800.0,41885463900.0,KOSDAQ,-2.52
041830,인바디,60500.0,89152.0,164082.0,5393696000.0,9926961000.0,KOSDAQ,0.33
099320,쎄트렉아이,74200.0,35313.0,66697.0,2620224600.0,4948917400.0,KOSDAQ,3.2
031330,에스에이엠티,8060.0,376813.0,376813.0,3037112780.0,3037112780.0,KOSDAQ,-0.98
388720,유일로보틱스,68400.0,16551.0,28474.0,1132088400.0,1947621600.0,KOSDAQ,2.09
033100,제룡전기,50100.0,281619.0,711229.0,14109111900.0,35632572900.0,KOSDAQ,4.7
213420,덕산네오룩스,32350.0,114574.0,167894.0,3706468900.0,5431370900.0,KOSDAQ,1.25
252990,샘씨엔에스,13330.0,217053.0,217053.0,2893316490.0,2893316490.0,KOSDAQ,3.74
281740,레이크머티리얼즈,12200.0,404105.0,404105.0,4930081000.0,4930081000.0,KOSDAQ,4.01
014620,성광벤드,30150.0,243628.0,397656.0,7345384200.0,11989328400.0,KOSDAQ,1.34
417200,LS머트리얼즈,11740.0,432093.0,432093.0,5072771820.0,5072771820.0,KOSDAQ,4.73
090710,휴림로봇,6600.0,643647.0,643647.0,4248070200.0,4248070200.0,KOSDAQ,1.54
090360,로보스타,79900.0,67368.0,161358.0,5382703200.0,12892504200.0,KOSDAQ,1.65
032190,다우데이타,20000.0,35922.0,52850.0,718440000.0,1057000000.0,KOSDAQ,0.0
085660,차바이오텍,8100.0,237887.0,351306.0,1926884700.0,2845578600.0,KOSDAQ,-1.94
122870,와이지엔터테인먼트,39850.0,99657.0,142998.0,3971331450.0,5698470300.0,KOSDAQ,-1.85
225570,넥슨게임즈,11000.0,344778.0,572147.0,3792558000.0,6293617000.0,KOSDAQ,1.01
388210,씨엠티엑스,74800.0,25144.0,45318.0,1880771200.0,3389786400.0,KOSDAQ,2.19
137400,피엔티,30350.0,180285.0,476400.0,5471649750.0,14458740000.0,KOSDAQ,2.88
035760,CJ ENM,32650.0,54890.0,72692.0,1792158500.0,2373393800.0,KOSDAQ,-2.39
189300,인텔리안테크,65700.0,52088.0,67850.0,3422181600.0,4457745000.0,KOSDAQ,2.18
006730,서부T&D,10930.0,215865.0,215865.0,2359404450.0,2359404450.0,KOSDAQ,-1.8
074600,원익QnC,26700.0,182302.0,274744.0,4867463400.0,7335664800.0,KOSDAQ,0.0
251970,펌텍코리아,56600.0,121599.0,157592.0,6882503400.0,8919707200.0,KOSDAQ,-4.23
093320,케이아이엔엑스,142000.0,6206.0,8002.0,881252000.0,1136284000.0,KOSDAQ,-1.05
171090,선익시스템,68300.0,30469.0,53653.0,2081032700.0,3664499900.0,KOSDAQ,3.48
327260,RF머트리얼즈,38250.0,942548.0,942548.0,36052461000.0,36052461000.0,KOSDAQ,4.22
456160,지투지바이오,41250.0,113256.0,232969.0,4671810000.0,9609971250.0,KOSDAQ,-1.2
094170,동운아나텍,32700.0,52741.0,95507.0,1724630700.0,3123078900.0,KOSDAQ,-0.15
041960,코미팜,9240.0,145721.0,145721.0,1346462040.0,1346462040.0,KOSDAQ,-0.65
466100,클로봇,26650.0,221887.0,554401.0,5913288550.0,14774786650.0,KOSDAQ,-1.66
328130,루닛,9050.0,328615.0,495115.0,2973965750.0,4480790750.0,KOSDAQ,-1.31
044490,태웅,32850.0,126687.0,322147.0,4161667950.0,10582528950.0,KOSDAQ,0.0
161580,필옵틱스,28000.0,67496.0,138873.0,1889888000.0,3888444000.0,KOSDAQ,1.82
476060,온코닉테라퓨틱스,14370.0,123532.0,292742.0,1775154840.0,4206702540.0,KOSDAQ,-0.62
253450,스튜디오드래곤,21700.0,53378.0,75246.0,1158302600.0,1632838200.0,KOSDAQ,-0.91
023160,태광,25150.0,326135.0,500013.0,8202295250.0,12575326950.0,KOSDAQ,3.07
032500,케이엠더블유,15360.0,215142.0,371130.0,3304581120.0,5700556800.0,KOSDAQ,6.37
102710,이엔에프테크놀로지,45300.0,47508.0,64949.0,2152112400.0,2942189700.0,KOSDAQ,0.22
059090,미코,19320.0,227297.0,446973.0,4391378040.0,8635518360.0,KOSDAQ,-0.82
222080,SFA넥셀,8150.0,632180.0,632180.0,5152267000.0,5152267000.0,KOSDAQ,4.22
053800,안랩,56900.0,15415.0,24621.0,877113500.0,1400934900.0,KOSDAQ,-0.18
121600,나노신소재,50900.0,64379.0,104647.0,3276891100.0,5326532300.0,KOSDAQ,5.6
048410,현대바이오,6430.0,1206167.0,1206167.0,7755653810.0,7755653810.0,KOSDAQ,-2.28
122640,예스티,28650.0,350352.0,350352.0,10037584800.0,10037584800.0,KOSDAQ,3.06
079940,가비아,45550.0,12816.0,19854.0,583768800.0,904349700.0,KOSDAQ,-1.09
060250,NHN KCP,15080.0,355433.0,355433.0,5359929640.0,5359929640.0,KOSDAQ,-1.44
295310,에이치브이엠,48850.0,58294.0,115390.0,2847661900.0,5636801500.0,KOSDAQ,3.61
425420,티에프이,47550.0,159297.0,207450.0,7574572350.0,9864247500.0,KOSDAQ,1.71
160190,하이젠알앤엠,18720.0,77481.0,77481.0,1450444320.0,1450444320.0,KOSDAQ,0.59
046890,서울반도체,9870.0,158265.0,315311.0,1562075550.0,3112119570.0,KOSDAQ,1.23
052400,코나아이,39450.0,27055.0,50747.0,1067319750.0,2001969150.0,KOSDAQ,0.25
050890,쏠리드,9320.0,659227.0,659227.0,6143995640.0,6143995640.0,KOSDAQ,2.76
053610,프로텍,62900.0,11423.0,20239.0,718506700.0,1273033100.0,KOSDAQ,2.28
033640,네패스,24100.0,311858.0,515504.0,7515777800.0,12423646400.0,KOSDAQ,7.35
033790,피노,6650.0,2128258.0,2128258.0,14152915700.0,14152915700.0,KOSDAQ,9.92
174900,앱클론,27650.0,220660.0,220660.0,6101249000.0,6101249000.0,KOSDAQ,-2.81
052020,에스티큐브,8040.0,108895.0,108895.0,875515800.0,875515800.0,KOSDAQ,-2.9
009520,포스코엠텍,13120.0,387218.0,972117.0,5080300160.0,12754175040.0,KOSDAQ,3.14
399720,가온칩스,46050.0,107276.0,242413.0,4940059800.0,11163118650.0,KOSDAQ,3.72
036810,에프에스티,25200.0,134238.0,286142.0,3382797600.0,7210778400.0,KOSDAQ,-1.75
019210,와이지-원,14530.0,315599.0,315599.0,4585653470.0,4585653470.0,KOSDAQ,-1.82
490470,세미파이브,15740.0,206023.0,206023.0,3242802020.0,3242802020.0,KOSDAQ,2.21
033500,동성화인텍,17770.0,63924.0,101607.0,1135929480.0,1805556390.0,KOSDAQ,-0.11
397030,에이프릴바이오,19270.0,252748.0,419669.0,4870453960.0,8087021630.0,KOSDAQ,0.42
045100,한양이엔지,30050.0,43547.0,93344.0,1308587350.0,2804987200.0,KOSDAQ,-0.66
211050,인카금융서비스,10650.0,63513.0,70230.0,676413450.0,747949500.0,KOSDAQ,0.09
358570,지아이이노베이션,8020.0,299397.0,498641.0,2401163940.0,3999100820.0,KOSDAQ,-3.84
037460,삼지전자,31700.0,36506.0,36506.0,1157240200.0,1157240200.0,KOSDAQ,-2.01
041190,우리기술투자,6140.0,4224628.0,4224628.0,25939215920.0,25939215920.0,KOSDAQ,-5.54
112040,위메이드,15150.0,150770.0,238590.0,2284165500.0,3614638500.0,KOSDAQ,0.0
383310,에코프로에이치엔,24400.0,100517.0,100517.0,2452614800.0,2452614800.0,KOSDAQ,3.17
099190,아이센스,17650.0,61575.0,70088.0,1086798750.0,1237053200.0,KOSDAQ,-0.56
025980,아난티,5180.0,1886370.0,1886370.0,9771396600.0,9771396600.0,KOSDAQ,-1.15
278280,천보,40800.0,114414.0,184047.0,4668091200.0,7509117600.0,KOSDAQ,12.4
348370,엔켐,22800.0,837119.0,1689454.0,19086313200.0,38519551200.0,KOSDAQ,19.56
460930,현대힘스,13760.0,83244.0,232066.0,1145437440.0,3193228160.0,KOSDAQ,-0.79
086900,메디톡스,66900.0,24681.0,36406.0,1651158900.0,2435561400.0,KOSDAQ,-2.48
253590,네오셈,11040.0,327654.0,327654.0,3617300160.0,3617300160.0,KOSDAQ,0.27
101160,월덱스,29300.0,80791.0,111445.0,2367176300.0,3265338500.0,KOSDAQ,1.21
126340,비나텍,67300.0,84254.0,154433.0,5670294200.0,10393340900.0,KOSDAQ,0.9
376900,로킷헬스케어,27700.0,75919.0,186360.0,2102956300.0,5162172000.0,KOSDAQ,1.28
035890,서희건설,2305.0,369484.0,369484.0,851660620.0,851660620.0,KOSDAQ,2.9
015750,성우하이텍,5980.0,173247.0,305317.0,1036017060.0,1825795660.0,KOSDAQ,-1.48
365340,성일하이텍,36750.0,50060.0,84853.0,1839705000.0,3118347750.0,KOSDAQ,3.52
034950,한국기업평가,103900.0,1163.0,1557.0,120835700.0,161772300.0,KOSDAQ,0.78
082270,젬백스,10580.0,160955.0,217511.0,1702903900.0,2301266380.0,KOSDAQ,-3.11
056080,유진로봇,12080.0,175465.0,175465.0,2119617200.0,2119617200.0,KOSDAQ,1.17
077360,덕산하이메탈,10020.0,1066206.0,1066206.0,10683384120.0,10683384120.0,KOSDAQ,1.93
214430,아이쓰리시스템,62300.0,16526.0,22411.0,1029569800.0,1396205300.0,KOSDAQ,1.47
024850,HLB이노베이션,14300.0,151697.0,151697.0,2169267100.0,2169267100.0,KOSDAQ,3.62
376300,디어유,18790.0,39988.0,57186.0,751374520.0,1074524940.0,KOSDAQ,0.86
067160,SOOP,38300.0,27848.0,36413.0,1066578400.0,1394617900.0,KOSDAQ,-0.91
336570,원텍,4930.0,355107.0,355107.0,1750677510.0,1750677510.0,KOSDAQ,-0.2
144960,뉴파워프라즈마,10010.0,1055710.0,1055710.0,10567657100.0,10567657100.0,KOSDAQ,1.32
477850,마키나락스,24600.0,518945.0,518945.0,12766047000.0,12766047000.0,KOSDAQ,-2.38
064290,인텍플러스,33200.0,154964.0,154964.0,5144804800.0,5144804800.0,KOSDAQ,-1.34
018290,브이티,12230.0,172586.0,254696.0,2110726780.0,3114932080.0,KOSDAQ,-2.0
030520,한컴,17670.0,118241.0,138288.0,2089318470.0,2443548960.0,KOSDAQ,-0.06
089890,코세스,25650.0,81139.0,156650.0,2081215350.0,4018072500.0,KOSDAQ,-2.29
078340,컴투스,35100.0,1227194.0,3054530.0,43074509400.0,107214003000.0,KOSDAQ,3.24
027360,아주IB투자,3480.0,1954899.0,1954899.0,6803048520.0,6803048520.0,KOSDAQ,3.57
272290,이녹스첨단소재,21100.0,56138.0,94333.0,1184511800.0,1990426300.0,KOSDAQ,1.2
368770,파이버프로,12800.0,182589.0,182589.0,2337139200.0,2337139200.0,KOSDAQ,-2.81
439960,코스모로보틱스,12900.0,601587.0,601587.0,7760472300.0,7760472300.0,KOSDAQ,-0.15
104830,원익머트리얼즈,33150.0,18986.0,32156.0,629385900.0,1065971400.0,KOSDAQ,-0.45
468530,프로티나,37800.0,154274.0,269085.0,5831557200.0,10171413000.0,KOSDAQ,0.67
475960,토모큐브,30800.0,22774.0,43344.0,701439200.0,1334995200.0,KOSDAQ,-3.45
042000,카페24,17020.0,28372.0,38519.0,482891440.0,655593380.0,KOSDAQ,0.77
092190,서울바이오시스,8930.0,149173.0,149173.0,1332114890.0,1332114890.0,KOSDAQ,0.22
080580,오킨스전자,19410.0,413298.0,413298.0,8022114180.0,8022114180.0,KOSDAQ,3.8
064260,다날,5360.0,2642809.0,2642809.0,14165456240.0,14165456240.0,KOSDAQ,0.19
486990,노타,18720.0,88441.0,201842.0,1655615520.0,3778482240.0,KOSDAQ,0.81
078130,국일제지,3515.0,53561.0,53561.0,188266915.0,188266915.0,KOSDAQ,0.0
219130,타이거일렉,62600.0,19974.0,19974.0,1250372400.0,1250372400.0,KOSDAQ,-1.26
013030,하이록코리아,33550.0,33176.0,43881.0,1113054800.0,1472207550.0,KOSDAQ,1.05
125490,한라캐스트,10750.0,638690.0,638690.0,6865917500.0,6865917500.0,KOSDAQ,1.22
025900,동화기업,7760.0,245815.0,507404.0,1907524400.0,3937455040.0,KOSDAQ,4.86
084110,휴온스글로벌,30900.0,53929.0,285201.0,1666406100.0,8812710900.0,KOSDAQ,29.83
241770,메카로,38350.0,3872.0,6024.0,148491200.0,231020400.0,KOSDAQ,1.05
095660,네오위즈,17970.0,38291.0,46554.0,688089270.0,836575380.0,KOSDAQ,-0.61
389470,인벤티지랩,29200.0,45074.0,77599.0,1316160800.0,2265890800.0,KOSDAQ,-2.5
236200,슈프리마,55200.0,9036.0,12992.0,498787200.0,717158400.0,KOSDAQ,0.36
089010,켐트로닉스,22750.0,31732.0,88198.0,721903000.0,2006504500.0,KOSDAQ,1.11
372320,큐로셀,25000.0,18552.0,31060.0,463800000.0,776500000.0,KOSDAQ,-0.6
092730,네오팜,23500.0,52856.0,66136.0,1242116000.0,1554196000.0,KOSDAQ,0.43
170920,엘티씨,35600.0,272657.0,272657.0,9706589200.0,9706589200.0,KOSDAQ,3.04
114810,한솔아이원스,13300.0,151286.0,214157.0,2012103800.0,2848288100.0,KOSDAQ,-2.13
078020,LS증권,6720.0,41183.0,41183.0,276749760.0,276749760.0,KOSDAQ,-2.04
107640,한중엔시에스,40900.0,439653.0,975646.0,17981807700.0,39903921400.0,KOSDAQ,16.36
215200,메가스터디교육,35700.0,33510.0,41998.0,1196307000.0,1499328600.0,KOSDAQ,-1.38
025320,시노펙스,4000.0,340053.0,631911.0,1360212000.0,2527644000.0,KOSDAQ,0.76
215600,신라젠,2655.0,4230160.0,4230160.0,11231074800.0,11231074800.0,KOSDAQ,-7.17
006910,보성파워텍,7470.0,1587764.0,1587764.0,11860597080.0,11860597080.0,KOSDAQ,2.75
060280,큐렉소,8860.0,101876.0,101876.0,902621360.0,902621360.0,KOSDAQ,0.11
332570,PS일렉트로닉스,7790.0,2666611.0,2666611.0,20772899690.0,20772899690.0,KOSDAQ,1.96
204620,글로벌텍스프리,5170.0,384173.0,384173.0,1986174410.0,1986174410.0,KOSDAQ,-0.96
003800,에이스침대,32700.0,3017.0,3017.0,98655900.0,98655900.0,KOSDAQ,-1.65
101730,위메이드맥스,4260.0,304594.0,2507822.0,1297570440.0,10683321720.0,KOSDAQ,3.27
200710,에이디테크놀로지,26400.0,51458.0,184328.0,1358491200.0,4866259200.0,KOSDAQ,1.93
033160,엠케이전자,14580.0,597240.0,597240.0,8707759200.0,8707759200.0,KOSDAQ,1.96
069540,빛과전자,3100.0,30597340.0,30597340.0,94851754000.0,94851754000.0,KOSDAQ,8.96
098120,마이크로컨텍솔,41850.0,88915.0,88915.0,3721092750.0,3721092750.0,KOSDAQ,-0.12
348210,넥스틴,33050.0,39790.0,55414.0,1315059500.0,1831432700.0,KOSDAQ,0.15
078160,메디포스트,8740.0,49068.0,64388.0,428854320.0,562751120.0,KOSDAQ,-1.35
036620,감성코퍼레이션,3810.0,286811.0,394277.0,1092749910.0,1502195370.0,KOSDAQ,-2.18
092870,엑시콘,26150.0,235155.0,235155.0,6149303250.0,6149303250.0,KOSDAQ,-1.51
441270,파인엠텍,8080.0,1049193.0,1961054.0,8477479440.0,15845316320.0,KOSDAQ,17.44
356680,엑스게이트,11800.0,442763.0,442763.0,5224603400.0,5224603400.0,KOSDAQ,2.34
069080,웹젠,10870.0,65414.0,75642.0,711050180.0,822228540.0,KOSDAQ,-0.55
330860,네패스아크,27250.0,185844.0,185844.0,5064249000.0,5064249000.0,KOSDAQ,0.55
393890,더블유씨피,9740.0,527993.0,527993.0,5142651820.0,5142651820.0,KOSDAQ,9.81
036800,나이스정보통신,7210.0,206889.0,273459.0,1491669690.0,1971639390.0,KOSDAQ,-3.22
199800,툴젠,36250.0,5698.0,9501.0,206552500.0,344411250.0,KOSDAQ,0.69
079370,제우스,10480.0,258245.0,258245.0,2706407600.0,2706407600.0,KOSDAQ,0.58
900290,GRT,3890.0,234837.0,234837.0,913515930.0,913515930.0,KOSDAQ,-3.83
206650,유바이오로직스,8830.0,89734.0,89734.0,792351220.0,792351220.0,KOSDAQ,-1.89
121440,골프존홀딩스,7570.0,58351.0,58351.0,441717070.0,441717070.0,KOSDAQ,-0.39
078350,한양디지텍,21150.0,147914.0,246324.0,3128381100.0,5209752600.0,KOSDAQ,-6.21
067630,HLB생명과학,2640.0,217542.0,217542.0,574310880.0,574310880.0,KOSDAQ,-3.83
455900,엔젤로보틱스,20800.0,31779.0,62478.0,661003200.0,1299542400.0,KOSDAQ,0.97
039440,에스티아이,20550.0,51746.0,119690.0,1063380300.0,2459629500.0,KOSDAQ,0.74
093520,매커스,26500.0,16456.0,23780.0,436084000.0,630170000.0,KOSDAQ,1.92
101930,인화정공,6900.0,7080.0,17183.0,48852000.0,118562700.0,KOSDAQ,-0.72
290550,디케이티,15500.0,246276.0,246276.0,3817278000.0,3817278000.0,KOSDAQ,-1.27
061970,LB세미콘,4415.0,518933.0,518933.0,2291089195.0,2291089195.0,KOSDAQ,0.34
352480,씨앤씨인터내셔널,22700.0,24679.0,30321.0,560213300.0,688286700.0,KOSDAQ,-3.2
138080,오이솔루션,24950.0,503914.0,503914.0,12572654300.0,12572654300.0,KOSDAQ,5.72
110990,디아이티,16320.0,72697.0,128104.0,1186415040.0,2090657280.0,KOSDAQ,0.0
092460,한라IMS,17950.0,20137.0,31478.0,361459150.0,565030100.0,KOSDAQ,-0.55
168360,펨트론,13600.0,75461.0,146176.0,1026269600.0,1987993600.0,KOSDAQ,-5.36
348340,뉴로메카,19290.0,285226.0,285226.0,5502009540.0,5502009540.0,KOSDAQ,1.26
036890,진성티이씨,13610.0,94696.0,142208.0,1288812560.0,1935450880.0,KOSDAQ,4.29
117730,티로보틱스,13290.0,38128.0,83741.0,506721120.0,1112917890.0,KOSDAQ,1.22
091580,상신이디피,22450.0,859847.0,859847.0,19303565150.0,19303565150.0,KOSDAQ,10.32
025770,한국정보통신,7970.0,19349.0,19349.0,154211530.0,154211530.0,KOSDAQ,-1.48
234340,헥토파이낸셜,21200.0,590336.0,590336.0,12515123200.0,12515123200.0,KOSDAQ,-4.07
018000,유니슨,1140.0,15861764.0,15861764.0,18082410960.0,18082410960.0,KOSDAQ,9.83
482630,삼양엔씨켐,13510.0,62769.0,62769.0,848009190.0,848009190.0,KOSDAQ,-0.22
200670,휴메딕스,26300.0,61000.0,271428.0,1604300000.0,7138556400.0,KOSDAQ,2.14
265520,AP시스템,19600.0,33811.0,45464.0,662695600.0,891094400.0,KOSDAQ,1.61
017890,한국알콜,14240.0,51914.0,51914.0,739255360.0,739255360.0,KOSDAQ,0.64
472850,폰드그룹,5080.0,46112.0,128156.0,234248960.0,651032480.0,KOSDAQ,-0.39
228760,지노믹트리,11760.0,31151.0,51059.0,366335760.0,600453840.0,KOSDAQ,-2.0
448900,한국피아이엠,48050.0,135269.0,135269.0,6499675450.0,6499675450.0,KOSDAQ,-5.04
287840,인투셀,19380.0,29277.0,40700.0,567388260.0,788766000.0,KOSDAQ,0.21
417840,저스템,12720.0,357204.0,357204.0,4543634880.0,4543634880.0,KOSDAQ,4.35
035810,이지홀딩스,4500.0,131755.0,131755.0,592897500.0,592897500.0,KOSDAQ,-0.77
054950,제이브이엠,23800.0,8464.0,13998.0,201443200.0,333152400.0,KOSDAQ,-1.65
377450,리파인,16400.0,270370.0,270370.0,4434068000.0,4434068000.0,KOSDAQ,-0.67
376270,HEM파마,39300.0,12230.0,17034.0,480639000.0,669436200.0,KOSDAQ,-1.87
051500,CJ프레시웨이,23850.0,11042.0,14884.0,263351700.0,354983400.0,KOSDAQ,-3.64
160980,싸이맥스,25900.0,137950.0,137950.0,3572905000.0,3572905000.0,KOSDAQ,3.81
043150,바텍,19020.0,40223.0,55842.0,765041460.0,1062114840.0,KOSDAQ,-0.63
136480,하림,2655.0,192707.0,192707.0,511637085.0,511637085.0,KOSDAQ,-0.93
049070,인탑스,17900.0,29841.0,51586.0,534153900.0,923389400.0,KOSDAQ,-1.43
488900,비츠로넥스텍,9640.0,42664.0,99244.0,411280960.0,956712160.0,KOSDAQ,0.42
098070,한텍,25100.0,53016.0,99940.0,1330701600.0,2508494000.0,KOSDAQ,0.6
036200,유니셈,9090.0,164195.0,342503.0,1492532550.0,3113352270.0,KOSDAQ,-1.52
448280,에코아이,9370.0,29304.0,86585.0,274578480.0,811301450.0,KOSDAQ,-1.37
439090,마녀공장,16910.0,113420.0,264391.0,1917932200.0,4470851810.0,KOSDAQ,-2.42
035600,KG이니시스,10050.0,39744.0,54520.0,399427200.0,547926000.0,KOSDAQ,-1.08
389650,넥스트바이오메디컬,33450.0,22823.0,30313.0,763429350.0,1013969850.0,KOSDAQ,-0.3
099440,스맥,4055.0,376222.0,376222.0,1525580210.0,1525580210.0,KOSDAQ,-2.29
042520,한스바이오메드,19300.0,111383.0,142510.0,2149691900.0,2750443000.0,KOSDAQ,0.0
424870,이뮨온시아,3005.0,101577.0,219970.0,305238885.0,661009850.0,KOSDAQ,-1.31
159010,아스플로,20450.0,123114.0,123114.0,2517681300.0,2517681300.0,KOSDAQ,-1.21
243070,휴온스,22700.0,273054.0,717482.0,6198325800.0,16286841400.0,KOSDAQ,-8.47
091700,파트론,5430.0,80475.0,80475.0,436979250.0,436979250.0,KOSDAQ,-1.81
484590,삼양컴텍,6580.0,210743.0,210743.0,1386688940.0,1386688940.0,KOSDAQ,3.46
123330,제닉,33800.0,226206.0,226206.0,7645762800.0,7645762800.0,KOSDAQ,-2.31
200130,콜마비앤에이치,9070.0,112636.0,146020.0,1021608520.0,1324401400.0,KOSDAQ,-2.58
151860,KG에코솔루션,5550.0,48551.0,48551.0,269458050.0,269458050.0,KOSDAQ,-0.72
481070,에이유브랜즈,18300.0,19542.0,26518.0,357618600.0,485279400.0,KOSDAQ,2.35
267980,매일유업,34050.0,4304.0,4973.0,146551200.0,169330650.0,KOSDAQ,-1.16
389500,에스비비테크,39150.0,82814.0,82814.0,3242168100.0,3242168100.0,KOSDAQ,5.38
200470,에이팩트,6110.0,2629848.0,2629848.0,16068371280.0,16068371280.0,KOSDAQ,-8.81
108860,셀바스AI,9530.0,439053.0,2674467.0,4184175090.0,25487670510.0,KOSDAQ,6.48
461300,아이스크림미디어,19200.0,38488.0,38488.0,738969600.0,738969600.0,KOSDAQ,-1.54
340570,티앤엘,31300.0,50866.0,74931.0,1592105800.0,2345340300.0,KOSDAQ,-4.72
180400,DXVX,2575.0,64256.0,64256.0,165459200.0,165459200.0,KOSDAQ,-2.28
294570,쿠콘,24950.0,59231.0,293595.0,1477813450.0,7325195250.0,KOSDAQ,-3.29
060720,KH바텍,10630.0,99149.0,99149.0,1053953870.0,1053953870.0,KOSDAQ,2.02
023410,유진기업,3255.0,183724.0,183724.0,598021620.0,598021620.0,KOSDAQ,-1.66
065680,우주일렉트로,26800.0,43139.0,75419.0,1156125200.0,2021229200.0,KOSDAQ,12.37
389260,대명에너지,13710.0,76068.0,76068.0,1042892280.0,1042892280.0,KOSDAQ,-0.15
394280,오픈엣지테크놀로지,9300.0,72369.0,118391.0,673031700.0,1101036300.0,KOSDAQ,0.54
114190,강원에너지,9370.0,177723.0,429083.0,1665264510.0,4020507710.0,KOSDAQ,1.52
456010,아이씨티케이,16710.0,86623.0,86623.0,1447470330.0,1447470330.0,KOSDAQ,2.52
064820,케이프,7850.0,27571.0,56384.0,216432350.0,442614400.0,KOSDAQ,-0.51
089980,상아프론테크,15100.0,26656.0,36077.0,402505600.0,544762700.0,KOSDAQ,0.6
024840,KBI메탈,5590.0,7481019.0,7481019.0,41818896210.0,41818896210.0,KOSDAQ,6.88
085910,네오티스,17400.0,236840.0,236840.0,4121016000.0,4121016000.0,KOSDAQ,4.19
100120,뷰웍스,26600.0,16181.0,16181.0,430414600.0,430414600.0,KOSDAQ,-2.21
378340,필에너지,11020.0,65765.0,117600.0,724730300.0,1295952000.0,KOSDAQ,5.76
304360,에스바이오메딕스,19110.0,9539.0,17503.0,182290290.0,334482330.0,KOSDAQ,-1.09
047920,HLB제약,7200.0,92152.0,200461.0,663494400.0,1443319200.0,KOSDAQ,-0.69
011560,세보엠이씨,23350.0,49354.0,49354.0,1152415900.0,1152415900.0,KOSDAQ,-1.68
068930,디지털대성,8500.0,41715.0,41715.0,354577500.0,354577500.0,KOSDAQ,2.04
365270,큐라클,10610.0,56229.0,56229.0,596589690.0,596589690.0,KOSDAQ,-3.81
243840,신흥에스이씨,6090.0,1210223.0,1210223.0,7370258070.0,7370258070.0,KOSDAQ,17.57
445090,에이직랜드,21450.0,22400.0,55566.0,480480000.0,1191890700.0,KOSDAQ,0.7
493280,아이엠바이오로직스,15750.0,77607.0,77607.0,1222310250.0,1222310250.0,KOSDAQ,-0.06
043370,피에이치에이,11110.0,17472.0,21709.0,194113920.0,241186990.0,KOSDAQ,0.0
073490,LIG아큐버,30600.0,27138.0,27138.0,830422800.0,830422800.0,KOSDAQ,1.49
452430,사피엔반도체,28150.0,16028.0,33880.0,451188200.0,953722000.0,KOSDAQ,1.26
0011T0,채비,4945.0,127757.0,127757.0,631758365.0,631758365.0,KOSDAQ,3.34
071200,인피니트헬스케어,9480.0,20002.0,20002.0,189618960.0,189618960.0,KOSDAQ,-0.73
254490,미래반도체,15990.0,52386.0,52386.0,837652140.0,837652140.0,KOSDAQ,1.59
237880,클리오,12770.0,85049.0,155850.0,1086075730.0,1990204500.0,KOSDAQ,-0.62
061090,세나테크놀로지,42200.0,12264.0,21483.0,517540800.0,906582600.0,KOSDAQ,-2.99
036030,케이티알파,4700.0,18043.0,18043.0,84802100.0,84802100.0,KOSDAQ,-0.63
053030,바이넥스,7030.0,69356.0,121493.0,487572680.0,854095790.0,KOSDAQ,-3.43
094480,갤럭시아머니트리,5850.0,666298.0,666298.0,3897843300.0,3897843300.0,KOSDAQ,-4.26
094360,칩스앤미디어,10690.0,38863.0,125921.0,415445470.0,1346095490.0,KOSDAQ,2.89
416180,신성에스티,25250.0,72930.0,182724.0,1841482500.0,4613781000.0,KOSDAQ,10.02
086390,유니테스트,10780.0,131603.0,891786.0,1418680340.0,9613453080.0,KOSDAQ,3.65
950170,JTC,4395.0,4899.0,4899.0,21531105.0,21531105.0,KOSDAQ,0.57
065710,서호전기,44100.0,4092.0,4092.0,180457200.0,180457200.0,KOSDAQ,-0.79
298830,슈어소프트테크,4245.0,135969.0,135969.0,577188405.0,577188405.0,KOSDAQ,1.31
042370,비츠로테크,8620.0,79223.0,79223.0,682902260.0,682902260.0,KOSDAQ,1.41
0008Z0,에스엔시스,23850.0,15690.0,120901.0,374206500.0,2883488850.0,KOSDAQ,3.92
0001A0,덕양에너젠,8810.0,29372.0,29372.0,258767320.0,258767320.0,KOSDAQ,1.26
217730,강스템바이오텍,2370.0,178834.0,178834.0,423836580.0,423836580.0,KOSDAQ,1.07
317330,덕산테코피아,10870.0,61723.0,97058.0,670929010.0,1055020460.0,KOSDAQ,4.22
215000,골프존,35450.0,20266.0,27930.0,718429700.0,990118500.0,KOSDAQ,-1.12
095500,미래나노텍,7170.0,115827.0,375199.0,830479590.0,2690176830.0,KOSDAQ,2.28
014940,오리엔탈정공,4875.0,174633.0,174633.0,851335875.0,851335875.0,KOSDAQ,0.41
206640,바디텍메드,10100.0,24390.0,38300.0,246339000.0,386830000.0,KOSDAQ,-2.32
241520,DSC인베스트먼트,8300.0,158166.0,158166.0,1312777800.0,1312777800.0,KOSDAQ,0.61
187660,페니트리움바이오,3980.0,2939760.0,2939760.0,11700244800.0,11700244800.0,KOSDAQ,3.38
023760,한국캐피탈,1395.0,347842.0,347842.0,485239590.0,485239590.0,KOSDAQ,4.1
036710,심텍홀딩스,4160.0,247314.0,247314.0,1028826240.0,1028826240.0,KOSDAQ,1.34
475400,씨메스로보틱스,18550.0,13524.0,31109.0,250870200.0,577071950.0,KOSDAQ,0.32
045390,대아티아이,3105.0,648619.0,648619.0,2013961995.0,2013961995.0,KOSDAQ,0.49
290690,아리바이오홀딩스,4120.0,189862.0,189862.0,782231440.0,782231440.0,KOSDAQ,-2.37
314930,바이오다인,7330.0,24534.0,45962.0,179834220.0,336901460.0,KOSDAQ,-1.35
019010,베뉴지,4475.0,178762.0,178762.0,799959950.0,799959950.0,KOSDAQ,0.11
203650,드림시큐리티,2120.0,394646.0,394646.0,836649520.0,836649520.0,KOSDAQ,0.95
144510,지씨셀,13510.0,39326.0,45385.0,531294260.0,613151350.0,KOSDAQ,-1.39
307180,아이엘,5780.0,352680.0,352680.0,2038490400.0,2038490400.0,KOSDAQ,-4.93
0082N0,카나프테라퓨틱스,16010.0,77286.0,77286.0,1237348860.0,1237348860.0,KOSDAQ,2.17
484810,티엑스알로보틱스,13780.0,351625.0,351625.0,4845392500.0,4845392500.0,KOSDAQ,-2.2
005710,대원산업,10620.0,7294.0,8484.0,77462280.0,90100080.0,KOSDAQ,-3.45
099430,바이오플러스,3430.0,146610.0,146610.0,502872300.0,502872300.0,KOSDAQ,-0.58
353810,이지바이오,6390.0,46008.0,46008.0,293991120.0,293991120.0,KOSDAQ,-1.54
194700,노바렉스,11510.0,60130.0,96900.0,692096300.0,1115319000.0,KOSDAQ,-1.2
112290,와이씨켐,10350.0,57660.0,57660.0,596781000.0,596781000.0,KOSDAQ,1.47
052330,코텍,11780.0,19466.0,19466.0,229309480.0,229309480.0,KOSDAQ,-0.51
314130,지놈앤컴퍼니,3985.0,186984.0,186984.0,745131240.0,745131240.0,KOSDAQ,-1.48
064550,바이오니아,8070.0,183033.0,390385.0,1477076310.0,3150406950.0,KOSDAQ,-4.38
036190,금화피에스시,34700.0,12186.0,12186.0,422854200.0,422854200.0,KOSDAQ,-0.72
446540,메가터치,7140.0,174577.0,174577.0,1246479780.0,1246479780.0,KOSDAQ,-1.79
018310,삼목에스폼,14020.0,7144.0,9421.0,100158880.0,132082420.0,KOSDAQ,0.14
462350,이노스페이스,6080.0,138172.0,138172.0,840085760.0,840085760.0,KOSDAQ,0.83
484120,도우인시스,18760.0,14211.0,25907.0,266598360.0,486015320.0,KOSDAQ,5.27
125020,티씨머티리얼즈,5860.0,825328.0,825328.0,4836422080.0,4836422080.0,KOSDAQ,5.02
419530,SAMG엔터,20100.0,97691.0,164627.0,1963589100.0,3309002700.0,KOSDAQ,-0.25
304100,솔트룩스,16230.0,178341.0,1432298.0,2894474430.0,23246196540.0,KOSDAQ,2.92
272110,케이엔제이,25250.0,47202.0,47202.0,1191850500.0,1191850500.0,KOSDAQ,0.0
318060,그래피,18050.0,47262.0,47262.0,853079100.0,853079100.0,KOSDAQ,-1.2
053300,한국정보인증,4950.0,64151.0,64151.0,317547450.0,317547450.0,KOSDAQ,-0.4
119830,아이텍,7560.0,219208.0,219208.0,1657212480.0,1657212480.0,KOSDAQ,5.73
046970,우리로,4575.0,384787.0,384787.0,1760400525.0,1760400525.0,KOSDAQ,2.01
012210,삼미금속,8690.0,671128.0,671128.0,5832102320.0,5832102320.0,KOSDAQ,0.23
452280,한선엔지니어링,10400.0,199065.0,199065.0,2070276000.0,2070276000.0,KOSDAQ,-0.48
462860,더즌,2785.0,1708454.0,1708454.0,4758044390.0,4758044390.0,KOSDAQ,0.36
102940,코오롱생명과학,15250.0,152138.0,207378.0,2320104500.0,3162514500.0,KOSDAQ,-1.55
084850,아이티엠반도체,8790.0,16560.0,28492.0,145562400.0,250444680.0,KOSDAQ,-1.24
459510,나우로보틱스,15300.0,30700.0,72528.0,469710000.0,1109678400.0,KOSDAQ,1.19
013120,동원개발,2185.0,37848.0,37848.0,82697880.0,82697880.0,KOSDAQ,-0.68
450950,아스테라시스,5270.0,28691.0,45074.0,151201570.0,237539980.0,KOSDAQ,-2.77
425040,티이엠씨,9030.0,73965.0,73965.0,667903950.0,667903950.0,KOSDAQ,0.56
354320,알멕,30950.0,27559.0,27559.0,852951050.0,852951050.0,KOSDAQ,-0.32
058970,엠로,16000.0,20125.0,32317.0,322000000.0,517072000.0,KOSDAQ,1.07
067080,대화제약,10570.0,36439.0,77041.0,385160230.0,814323370.0,KOSDAQ,-0.75
194480,데브시스터즈,16220.0,109409.0,136301.0,1774613980.0,2210802220.0,KOSDAQ,5.19
190510,나무가,13870.0,25328.0,54984.0,351299360.0,762628080.0,KOSDAQ,0.36
036560,KZ정밀,12340.0,28780.0,28780.0,355145200.0,355145200.0,KOSDAQ,-0.56
034810,해성산업,6100.0,26369.0,26369.0,160850900.0,160850900.0,KOSDAQ,1.16
039830,오로라,17860.0,28344.0,28344.0,506223840.0,506223840.0,KOSDAQ,-1.27
388050,지투파워,10230.0,1241482.0,1241482.0,12700360860.0,12700360860.0,KOSDAQ,1.09
042420,네오위즈홀딩스,23500.0,10063.0,10063.0,236480500.0,236480500.0,KOSDAQ,0.0
115450,HLB테라퓨틱스,2155.0,140081.0,140081.0,301874555.0,301874555.0,KOSDAQ,3.11
052710,아모텍,11200.0,315444.0,315444.0,3532972800.0,3532972800.0,KOSDAQ,-2.44
082800,비보존 제약,3125.0,1312555.0,1312555.0,4101734375.0,4101734375.0,KOSDAQ,8.89
064850,에프앤가이드,16540.0,28759.0,28759.0,475673860.0,475673860.0,KOSDAQ,-1.02
049430,코메론,20800.0,10078.0,10078.0,209622400.0,209622400.0,KOSDAQ,0.0
220100,퓨쳐켐,8380.0,41219.0,54381.0,345415220.0,455712780.0,KOSDAQ,-1.99
143240,사람인,17480.0,4915.0,4915.0,85914200.0,85914200.0,KOSDAQ,0.52
066620,국보디자인,24950.0,6698.0,6698.0,167115100.0,167115100.0,KOSDAQ,-2.16
357550,석경에이티,34300.0,4784.0,6051.0,164091200.0,207549300.0,KOSDAQ,1.78
270660,에브리봇,14680.0,71624.0,188161.0,1051440320.0,2762203480.0,KOSDAQ,-3.04
192440,슈피겐코리아,29900.0,5364.0,5364.0,160383600.0,160383600.0,KOSDAQ,-0.83
204610,티쓰리,3345.0,152607.0,152607.0,510470415.0,510470415.0,KOSDAQ,-1.04
214180,헥토이노베이션,14280.0,55148.0,55148.0,787513440.0,787513440.0,KOSDAQ,-2.12
078150,HB테크놀러지,1931.0,534433.0,534433.0,1031990123.0,1031990123.0,KOSDAQ,0.52
094820,일진파워,12120.0,93806.0,93806.0,1136928720.0,1136928720.0,KOSDAQ,0.0
138610,나이벡,16000.0,47342.0,99673.0,757472000.0,1594768000.0,KOSDAQ,-2.32
230240,에치에프알,13660.0,173325.0,173325.0,2367619500.0,2367619500.0,KOSDAQ,2.55
126600,BGF에코머티리얼즈,2880.0,22926.0,22926.0,66026880.0,66026880.0,KOSDAQ,0.35
355150,코스텍시스,23150.0,131495.0,131495.0,3044109250.0,3044109250.0,KOSDAQ,3.58
126700,하이비젼시스템,12070.0,71859.0,71859.0,867338130.0,867338130.0,KOSDAQ,2.29
216080,제테마,4835.0,208826.0,208826.0,1009673710.0,1009673710.0,KOSDAQ,-1.12
402030,코난테크놀로지,14400.0,30938.0,199830.0,445507200.0,2877552000.0,KOSDAQ,0.84
108380,대양전기공업,18610.0,16551.0,20906.0,308014110.0,389060660.0,KOSDAQ,-0.27
264850,이랜시스,5870.0,282142.0,282142.0,1656173540.0,1656173540.0,KOSDAQ,1.03
464080,에스오에스랩,9820.0,58776.0,58776.0,577180320.0,577180320.0,KOSDAQ,-0.51
086820,바이오솔루션,6810.0,63729.0,63729.0,433994490.0,433994490.0,KOSDAQ,-2.85
0015G0,그린광학,14960.0,40174.0,40174.0,601003040.0,601003040.0,KOSDAQ,4.32
222040,코스맥스엔비티,8400.0,148985.0,148985.0,1251474000.0,1251474000.0,KOSDAQ,-0.24
054210,이랜텍,6850.0,88735.0,88735.0,607834750.0,607834750.0,KOSDAQ,0.15
083310,엘오티베큠,9690.0,51622.0,51622.0,500217180.0,500217180.0,KOSDAQ,0.1
176750,듀켐바이오,6040.0,26626.0,52642.0,160821040.0,317957680.0,KOSDAQ,-1.79
092130,이크레더블,14260.0,2585.0,2585.0,36862100.0,36862100.0,KOSDAQ,0.07
308430,셀비온,13300.0,6979.0,14501.0,92820700.0,192863300.0,KOSDAQ,0.3
417030,니어스랩,29700.0,1167703.0,1167703.0,34680779100.0,34680779100.0,KOSDAQ,-8.05
260970,에스앤디,59300.0,19391.0,19391.0,1149886300.0,1149886300.0,KOSDAQ,-2.15
199820,제일일렉트릭,7720.0,385839.0,385839.0,2978677080.0,2978677080.0,KOSDAQ,3.76
143160,아이디스,16000.0,5093.0,5093.0,81488000.0,81488000.0,KOSDAQ,-0.81
199430,케이엔알시스템,15300.0,138874.0,412275.0,2124772200.0,6307807500.0,KOSDAQ,0.72
080160,모두투어,9040.0,30742.0,30742.0,277907680.0,277907680.0,KOSDAQ,-2.16
293780,압타바이오,6080.0,27364.0,27364.0,166373120.0,166373120.0,KOSDAQ,0.5
086670,비엠티,17190.0,52550.0,52550.0,903334500.0,903334500.0,KOSDAQ,1.9
179290,엠아이텍,5270.0,107479.0,107479.0,566414330.0,566414330.0,KOSDAQ,2.13
372170,윤성에프앤씨,21300.0,14599.0,31428.0,310958700.0,669416400.0,KOSDAQ,0.95
489460,바이오비쥬,11490.0,81733.0,81733.0,939112170.0,939112170.0,KOSDAQ,6.09
041920,메디아나,9060.0,87051.0,87051.0,788682060.0,788682060.0,KOSDAQ,0.55
038390,레드캡투어,10000.0,15128.0,15128.0,151280000.0,151280000.0,KOSDAQ,-0.7
083930,아바코,11350.0,28381.0,28381.0,322124350.0,322124350.0,KOSDAQ,-0.53
950140,잉글우드랩,8360.0,15456.0,15456.0,129212160.0,129212160.0,KOSDAQ,-0.36
012860,모베이스전자,2265.0,150033.0,150033.0,339824745.0,339824745.0,KOSDAQ,-1.31
394800,쓰리빌리언,5190.0,186221.0,324385.0,966486990.0,1683558150.0,KOSDAQ,-4.07
049630,재영솔루텍,7050.0,282474.0,282474.0,1991441700.0,1991441700.0,KOSDAQ,-2.62
382800,지앤비에스 에코,5170.0,563883.0,563883.0,2915275110.0,2915275110.0,KOSDAQ,0.58
068790,DMS,7290.0,20381.0,20381.0,148577490.0,148577490.0,KOSDAQ,-1.62
403850,더핑크퐁컴퍼니,11460.0,36991.0,58448.0,423916860.0,669814080.0,KOSDAQ,-1.8
126730,코칩,18700.0,213000.0,213000.0,3983100000.0,3983100000.0,KOSDAQ,3.26
475040,스트라드비젼,3045.0,380795.0,380795.0,1159520775.0,1159520775.0,KOSDAQ,-0.16
134580,탑코미디어,3320.0,2016883.0,2016883.0,6696051560.0,6696051560.0,KOSDAQ,-3.49
256840,한국비엔씨,2385.0,210125.0,210125.0,501148125.0,501148125.0,KOSDAQ,-2.05
123860,아나패스,13420.0,14722.0,14722.0,197569240.0,197569240.0,KOSDAQ,-0.96
046120,오르비텍,4790.0,321592.0,321592.0,1540425680.0,1540425680.0,KOSDAQ,1.7
405100,큐알티,13130.0,109263.0,109263.0,1434623190.0,1434623190.0,KOSDAQ,1.55
093190,빅솔론,8380.0,13529.0,13529.0,113373020.0,113373020.0,KOSDAQ,-1.87
389020,자람테크놀로지,23250.0,95265.0,95265.0,2214911250.0,2214911250.0,KOSDAQ,8.39
101970,우양에이치씨,10830.0,24638.0,24638.0,266829540.0,266829540.0,KOSDAQ,-0.91
032620,GC메디아이,3055.0,52425.0,52425.0,160158375.0,160158375.0,KOSDAQ,-0.49
234690,녹십자웰빙,8870.0,19536.0,19536.0,173284320.0,173284320.0,KOSDAQ,0.23
104480,티케이케미칼,1750.0,141230.0,141230.0,247152500.0,247152500.0,KOSDAQ,-0.79
072870,메가스터디,13330.0,23747.0,23747.0,316547510.0,316547510.0,KOSDAQ,-1.33
023910,대한약품,26400.0,9821.0,9821.0,259274400.0,259274400.0,KOSDAQ,-0.56
119610,인터로조,13860.0,40869.0,40869.0,566444340.0,566444340.0,KOSDAQ,0.95
122990,와이솔,5930.0,33249.0,33249.0,197166570.0,197166570.0,KOSDAQ,-0.67
054800,아이디스홀딩스,15250.0,693.0,693.0,10568250.0,10568250.0,KOSDAQ,0.46
123410,코리아에프티,5620.0,72501.0,72501.0,407455620.0,407455620.0,KOSDAQ,-1.06
042600,새로닉스,12580.0,26193.0,26193.0,329507940.0,329507940.0,KOSDAQ,2.28
011040,경동제약,5070.0,17957.0,17957.0,91041990.0,91041990.0,KOSDAQ,-0.59
024800,유성티엔에스,4420.0,24106.0,24106.0,106548520.0,106548520.0,KOSDAQ,-0.11
093640,케이알엠,4740.0,52663.0,52663.0,249622620.0,249622620.0,KOSDAQ,2.6
264450,유비쿼스,10550.0,22170.0,22170.0,233893500.0,233893500.0,KOSDAQ,0.0
187870,디바이스,11120.0,38696.0,38696.0,430299520.0,430299520.0,KOSDAQ,-0.98
078070,유비쿼스홀딩스,9030.0,24382.0,24382.0,220169460.0,220169460.0,KOSDAQ,-0.66
118990,모트렉스,6260.0,119598.0,119598.0,748683480.0,748683480.0,KOSDAQ,-0.79
089600,KT나스미디어,13260.0,44589.0,44589.0,591250140.0,591250140.0,KOSDAQ,-0.38
114840,아이패밀리에스씨,9150.0,24643.0,36029.0,225483450.0,329665350.0,KOSDAQ,-1.51
007330,푸른저축은행,10100.0,32357.0,32357.0,326805700.0,326805700.0,KOSDAQ,0.4
138360,앤로보틱스,1731.0,254353.0,254353.0,440285043.0,440285043.0,KOSDAQ,-0.86
289080,SV인베스트먼트,2515.0,13401050.0,13401050.0,33703640750.0,33703640750.0,KOSDAQ,3.5
046440,KG파이낸셜,4165.0,51591.0,51591.0,214876515.0,214876515.0,KOSDAQ,-0.36
023600,삼보판지,9400.0,33172.0,33172.0,311816800.0,311816800.0,KOSDAQ,-0.21
092070,디엔에프,12960.0,10216.0,10216.0,132399360.0,132399360.0,KOSDAQ,-1.52
445180,퓨릿,8700.0,16486.0,16486.0,143428200.0,143428200.0,KOSDAQ,0.35
251370,와이엠티,8300.0,47293.0,47293.0,392531900.0,392531900.0,KOSDAQ,4.01
065660,안트로젠,14940.0,13975.0,20623.0,208786500.0,308107620.0,KOSDAQ,-0.07
126640,화신정공,4250.0,1058327.0,1058327.0,4497889750.0,4497889750.0,KOSDAQ,0.0
418550,제이오,4620.0,67057.0,67057.0,309803340.0,309803340.0,KOSDAQ,3.13
049960,쎌바이오텍,15690.0,3528.0,3528.0,55354320.0,55354320.0,KOSDAQ,0.06
205500,넥써쓰,1807.0,126287.0,126287.0,228200609.0,228200609.0,KOSDAQ,3.38
153890,져스텍,12200.0,321305.0,321305.0,3919921000.0,3919921000.0,KOSDAQ,-5.5
382900,범한퓨얼셀,16780.0,16344.0,48897.0,274252320.0,820491660.0,KOSDAQ,-3.17
300080,플리토,8880.0,38003.0,94527.0,337466640.0,839399760.0,KOSDAQ,-0.34
024060,흥구석유,9750.0,233380.0,233380.0,2275455000.0,2275455000.0,KOSDAQ,-0.1
088800,에이스테크,1936.0,131789.0,131789.0,255143504.0,255143504.0,KOSDAQ,5.05
048870,시너지이노베이션,1659.0,268891.0,268891.0,446090169.0,446090169.0,KOSDAQ,-1.43
041020,폴라리스오피스,2935.0,129082.0,129082.0,378855670.0,378855670.0,KOSDAQ,-0.51
413630,씨피시스템,4000.0,6824596.0,6824596.0,27298384000.0,27298384000.0,KOSDAQ,0.5
054450,텔레칩스,9610.0,28661.0,28661.0,275432210.0,275432210.0,KOSDAQ,-0.1
039840,디오,10810.0,37249.0,59619.0,402661690.0,644481390.0,KOSDAQ,-3.14
039860,나노엔텍,3800.0,104741.0,104741.0,398015800.0,398015800.0,KOSDAQ,-0.52
036170,에이치엠넥스,2355.0,142680.0,142680.0,336011400.0,336011400.0,KOSDAQ,-1.26
032580,피델릭스,4360.0,3742647.0,3742647.0,16317940920.0,16317940920.0,KOSDAQ,6.34
051370,인터플렉스,6160.0,33349.0,33349.0,205429840.0,205429840.0,KOSDAQ,0.16
051160,지어소프트,9270.0,77762.0,77762.0,720853740.0,720853740.0,KOSDAQ,0.32
101360,에코앤드림,8050.0,28549.0,55511.0,229819450.0,446863550.0,KOSDAQ,1.64
255220,SG,1299.0,1631520.0,1631520.0,2119344480.0,2119344480.0,KOSDAQ,-0.84
147830,제룡산업,7110.0,157969.0,157969.0,1123159590.0,1123159590.0,KOSDAQ,1.72
005990,매일홀딩스,10690.0,1354.0,1354.0,14474260.0,14474260.0,KOSDAQ,-0.28
274090,켄코아에어로스페이스,10300.0,65221.0,65221.0,671776300.0,671776300.0,KOSDAQ,2.79
001540,안국약품,10850.0,45695.0,45695.0,495790750.0,495790750.0,KOSDAQ,-2.16
293580,나우IB,1489.0,130105.0,130105.0,193726345.0,193726345.0,KOSDAQ,-0.07
469610,이노테크,15790.0,54977.0,137801.0,868086830.0,2175877790.0,KOSDAQ,-1.13
494120,큐리오시스,9250.0,106289.0,144289.0,983173250.0,1334673250.0,KOSDAQ,-3.44
079960,동양이엔피,18650.0,36472.0,36472.0,680202800.0,680202800.0,KOSDAQ,-0.05
067280,멀티캠퍼스,23700.0,2322.0,2322.0,55031400.0,55031400.0,KOSDAQ,-0.63
474650,링크솔루션,24400.0,26577.0,26577.0,648478800.0,648478800.0,KOSDAQ,0.41
060150,인선이엔티,3075.0,22397.0,22397.0,68870775.0,68870775.0,KOSDAQ,0.0
005160,동국산업,2580.0,51262.0,51262.0,132255960.0,132255960.0,KOSDAQ,1.98
013990,아가방컴퍼니,4235.0,20695.0,20695.0,87643325.0,87643325.0,KOSDAQ,-2.08
334970,프레스티지바이오로직스,1789.0,153777.0,153777.0,275107053.0,275107053.0,KOSDAQ,1.53
086890,이수앱지스,3400.0,27181.0,27181.0,92415400.0,92415400.0,KOSDAQ,-0.87
338840,와이바이오로직스,9010.0,18579.0,32510.0,167396790.0,292915100.0,KOSDAQ,-0.77
069510,에스텍,12680.0,3380.0,3380.0,42858400.0,42858400.0,KOSDAQ,-1.17
003100,선광,20950.0,3089.0,3089.0,64714550.0,64714550.0,KOSDAQ,-0.95
035080,그래디언트,12070.0,38463.0,38463.0,464248410.0,464248410.0,KOSDAQ,0.08
084990,헬릭스미스,2970.0,102687.0,102687.0,304980390.0,304980390.0,KOSDAQ,-0.83
035610,솔본,5000.0,10801.0,10801.0,54005000.0,54005000.0,KOSDAQ,-0.99
038290,마크로젠,12600.0,17758.0,17758.0,223750800.0,223750800.0,KOSDAQ,-1.49
226590,엠디바이스,12730.0,26241.0,26241.0,334047930.0,334047930.0,KOSDAQ,2.91
489500,엘케이켐,21300.0,16859.0,16859.0,359096700.0,359096700.0,KOSDAQ,3.9
189330,씨이랩,14500.0,266762.0,266762.0,3868049000.0,3868049000.0,KOSDAQ,-3.91
148150,세경하이테크,3820.0,107499.0,107499.0,410646180.0,410646180.0,KOSDAQ,-0.52
408920,메쎄이상,3135.0,7534.0,7534.0,23619090.0,23619090.0,KOSDAQ,-0.16
264660,씨앤지하이테크,13850.0,31782.0,31782.0,440180700.0,440180700.0,KOSDAQ,-0.22
041520,이엘씨,11000.0,7325.0,7325.0,80575000.0,80575000.0,KOSDAQ,0.18
140670,알에스오토메이션,10430.0,59086.0,59086.0,616266980.0,616266980.0,KOSDAQ,3.06
265740,엔에프씨,7470.0,293769.0,293769.0,2194454430.0,2194454430.0,KOSDAQ,-2.86
115310,인포바인,8950.0,7122.0,7122.0,63741900.0,63741900.0,KOSDAQ,0.79
340450,지씨지놈,5600.0,134853.0,134853.0,755176800.0,755176800.0,KOSDAQ,0.9
0088M0,메쥬,13320.0,46492.0,46492.0,619273440.0,619273440.0,KOSDAQ,0.83
080420,모다이노칩,1649.0,191.0,191.0,314959.0,314959.0,KOSDAQ,1.23
263860,지니언스,14460.0,23188.0,23188.0,335298480.0,335298480.0,KOSDAQ,1.47
047770,코데즈컴바인,3455.0,2032834.0,2032834.0,7023441470.0,7023441470.0,KOSDAQ,-0.58
049720,고려신용정보,9130.0,29654.0,29654.0,270741020.0,270741020.0,KOSDAQ,-0.76
432720,퀄리타스반도체,9200.0,63542.0,63542.0,584586400.0,584586400.0,KOSDAQ,3.25
457550,우진엔텍,13990.0,89391.0,89391.0,1250580090.0,1250580090.0,KOSDAQ,-0.14
102120,어보브반도체,7290.0,47171.0,47171.0,343876590.0,343876590.0,KOSDAQ,0.41
0039P0,매드업,6870.0,326607.0,326607.0,2243790090.0,2243790090.0,KOSDAQ,-1.15
388790,라이콤,4215.0,330180.0,330180.0,1391708700.0,1391708700.0,KOSDAQ,1.69
146320,비씨엔씨,10080.0,7759.0,7759.0,78210720.0,78210720.0,KOSDAQ,0.0
136540,윈스테크넷,10490.0,7379.0,7379.0,77405710.0,77405710.0,KOSDAQ,-0.1
094840,슈프리마에이치큐,13130.0,6787.0,6787.0,89113310.0,89113310.0,KOSDAQ,0.08
394420,리센스메디컬,11680.0,110137.0,110137.0,1286400160.0,1286400160.0,KOSDAQ,2.46
322510,제이엘케이,4985.0,56920.0,56920.0,283746200.0,283746200.0,KOSDAQ,-0.7
473980,노머스,11780.0,17747.0,21249.0,209059660.0,250313220.0,KOSDAQ,-0.08
228850,레이언스,7700.0,131687.0,131687.0,1013989900.0,1013989900.0,KOSDAQ,2.53
009780,엠에스씨,7240.0,19988.0,19988.0,144713120.0,144713120.0,KOSDAQ,-0.69
321550,티움바이오,4240.0,93347.0,93347.0,395791280.0,395791280.0,KOSDAQ,2.91
108230,톱텍,3345.0,5630281.0,5630281.0,18833289945.0,18833289945.0,KOSDAQ,3.24
285490,노바텍,12020.0,9395.0,9395.0,112927900.0,112927900.0,KOSDAQ,0.67
086980,쇼박스,2035.0,76179.0,76179.0,155024265.0,155024265.0,KOSDAQ,0.25
220260,켐트로스,3955.0,103080.0,103080.0,407681400.0,407681400.0,KOSDAQ,3.4
322310,오로스테크놀로지,13480.0,136952.0,136952.0,1846112960.0,1846112960.0,KOSDAQ,-0.44
040350,크레오에스지,6330.0,34402.0,34402.0,217764660.0,217764660.0,KOSDAQ,2.76
095700,제넥신,2755.0,400842.0,400842.0,1104319710.0,1104319710.0,KOSDAQ,-6.61
142210,유니트론텍,6000.0,141886.0,141886.0,851316000.0,851316000.0,KOSDAQ,-1.32
212560,네오오토,9230.0,64240.0,64240.0,592935200.0,592935200.0,KOSDAQ,1.65
232680,라온로보틱스,9380.0,67261.0,67261.0,630908180.0,630908180.0,KOSDAQ,0.0
417010,나노팀,6150.0,1784940.0,1784940.0,10977381000.0,10977381000.0,KOSDAQ,1.99
297890,HB솔루션,1693.0,165357.0,165357.0,279949401.0,279949401.0,KOSDAQ,-0.94
211270,AP위성,8190.0,42885.0,42885.0,351228150.0,351228150.0,KOSDAQ,2.38
0007C0,아크릴,15380.0,51609.0,51609.0,793746420.0,793746420.0,KOSDAQ,-0.39
267320,나인테크,2150.0,195380.0,195380.0,420067000.0,420067000.0,KOSDAQ,0.0
048550,SM C&C,1276.0,1037130.0,1037130.0,1323377880.0,1323377880.0,KOSDAQ,-1.31
396300,세아메카닉스,4650.0,929516.0,929516.0,4322249400.0,4322249400.0,KOSDAQ,6.77
361390,제노코,12590.0,17035.0,17035.0,214470650.0,214470650.0,KOSDAQ,3.54
036630,세종텔레콤,8750.0,18264.0,18264.0,159810000.0,159810000.0,KOSDAQ,4.79
052260,현대바이오랜드,4080.0,50519.0,50519.0,206117520.0,206117520.0,KOSDAQ,-2.63
122450,KX,2730.0,16000.0,16000.0,43680000.0,43680000.0,KOSDAQ,-0.91
095190,신화프리텍,1873.0,29541.0,29541.0,55330293.0,55330293.0,KOSDAQ,-0.37
073010,케이에스피,3030.0,62760.0,62760.0,190162800.0,190162800.0,KOSDAQ,1.0
331920,셀레믹스,10890.0,590638.0,590638.0,6432047820.0,6432047820.0,KOSDAQ,29.95
366030,나인앤컴퍼니,5360.0,54480.0,54480.0,292012800.0,292012800.0,KOSDAQ,0.37
240550,동방메디컬,5800.0,26212.0,26212.0,152029600.0,152029600.0,KOSDAQ,-0.85
458650,성우,8060.0,47354.0,47354.0,381673240.0,381673240.0,KOSDAQ,3.07
149950,아바텍,8860.0,37869.0,37869.0,335519340.0,335519340.0,KOSDAQ,0.23
008830,대동기어,6310.0,370917.0,370917.0,2340486270.0,2340486270.0,KOSDAQ,3.1
307750,국전,2240.0,323351.0,323351.0,724306240.0,724306240.0,KOSDAQ,-3.66
021320,KCC건설,5650.0,9794.0,9794.0,55336100.0,55336100.0,KOSDAQ,-0.88
452450,피아이이,3345.0,133104.0,133104.0,445232880.0,445232880.0,KOSDAQ,3.72
299030,하나기술,14980.0,39608.0,59473.0,593327840.0,890905540.0,KOSDAQ,5.49
163730,핑거,9950.0,109212.0,109212.0,1086659400.0,1086659400.0,KOSDAQ,4.41
192410,오늘이엔엠,4745.0,139958.0,139958.0,664100710.0,664100710.0,KOSDAQ,1.39
282880,코윈테크,10210.0,329382.0,329382.0,3362990220.0,3362990220.0,KOSDAQ,1.39
418420,라온텍,3875.0,135196.0,135196.0,523884500.0,523884500.0,KOSDAQ,3.06
027710,팜스토리,1070.0,1508574.0,1508574.0,1614174180.0,1614174180.0,KOSDAQ,-0.83
056090,시지메드텍,1151.0,451543.0,451543.0,519725993.0,519725993.0,KOSDAQ,-0.69
059120,아진엑스텍,6490.0,150061.0,150061.0,973895890.0,973895890.0,KOSDAQ,0.46
053080,케이엔솔,9140.0,34373.0,34373.0,314169220.0,314169220.0,KOSDAQ,0.0
417500,제이아이테크,3620.0,79362.0,79362.0,287290440.0,287290440.0,KOSDAQ,-1.5
475230,엔알비,10860.0,234346.0,234346.0,2544997560.0,2544997560.0,KOSDAQ,9.48
106190,하이텍팜,11100.0,63764.0,63764.0,707780400.0,707780400.0,KOSDAQ,-2.55
478340,나라스페이스테크놀로지,10200.0,39739.0,39739.0,405337800.0,405337800.0,KOSDAQ,0.69
308080,바이젠셀,5750.0,56356.0,56356.0,324047000.0,324047000.0,KOSDAQ,0.17
451760,컨텍,7130.0,39157.0,39157.0,279189410.0,279189410.0,KOSDAQ,0.85
333430,일승,3830.0,150927.0,150927.0,578050410.0,578050410.0,KOSDAQ,-0.91
041440,현대에버다임,6590.0,78881.0,78881.0,519825790.0,519825790.0,KOSDAQ,-0.15
488280,에스투더블유,10810.0,321388.0,2182245.0,3474204280.0,23590068450.0,KOSDAQ,10.87
474170,루미르,6560.0,45501.0,45501.0,298486560.0,298486560.0,KOSDAQ,2.82
402490,그린리소스,6890.0,63608.0,63608.0,438259120.0,438259120.0,KOSDAQ,2.99
259630,엠플러스,9530.0,113402.0,113402.0,1080721060.0,1080721060.0,KOSDAQ,4.38
063570,NICE인프라,3400.0,11329.0,11329.0,38518600.0,38518600.0,KOSDAQ,1.19
049520,유아이엘,3735.0,75972.0,75972.0,283755420.0,283755420.0,KOSDAQ,-0.13
217270,넵튠,2440.0,10281.0,10281.0,25085640.0,25085640.0,KOSDAQ,-0.2
246710,티앤알바이오팹,2390.0,172647.0,172647.0,412626330.0,412626330.0,KOSDAQ,-3.63
017510,세명전기,7470.0,130973.0,130973.0,978368310.0,978368310.0,KOSDAQ,3.89
453450,그리드위즈,14330.0,21304.0,21304.0,305286320.0,305286320.0,KOSDAQ,0.92
256940,킵스파마,5640.0,15817.0,15817.0,89207880.0,89207880.0,KOSDAQ,-2.25
101170,우림피티에스,8380.0,89448.0,89448.0,749574240.0,749574240.0,KOSDAQ,-2.44
037070,파세코,5650.0,135852.0,135852.0,767563800.0,767563800.0,KOSDAQ,-0.7
158430,아톤,4610.0,124226.0,124226.0,572681860.0,572681860.0,KOSDAQ,0.0
339950,아이비김영,2510.0,43508.0,43508.0,109205080.0,109205080.0,KOSDAQ,-1.18
109740,디에스케이,4385.0,16491.0,16491.0,72313035.0,72313035.0,KOSDAQ,3.18
090850,현대이지웰,5000.0,88912.0,88912.0,444560000.0,444560000.0,KOSDAQ,-2.91
037350,성도이엔지,7370.0,124172.0,124172.0,915147640.0,915147640.0,KOSDAQ,-1.73
047310,파워로직스,3060.0,51006.0,51006.0,156078360.0,156078360.0,KOSDAQ,2.34
311320,지오엘리먼트,8860.0,74910.0,74910.0,663702600.0,663702600.0,KOSDAQ,-4.63
038540,상상인,2020.0,19792.0,19792.0,39979840.0,39979840.0,KOSDAQ,-0.74
067290,JW신약,1990.0,1174419.0,1174419.0,2337093810.0,2337093810.0,KOSDAQ,-0.15
0015N0,아로마티카,8860.0,316411.0,316411.0,2803401460.0,2803401460.0,KOSDAQ,-8.94
054920,한컴위드,3940.0,123728.0,123728.0,487488320.0,487488320.0,KOSDAQ,-0.13
032940,원익,6110.0,68816.0,68816.0,420465760.0,420465760.0,KOSDAQ,1.33
166480,코아스템켐온,2100.0,61015.0,61015.0,128131500.0,128131500.0,KOSDAQ,2.94
067900,와이엔텍,6090.0,14128.0,14128.0,86039520.0,86039520.0,KOSDAQ,0.16
052860,아이앤씨,6160.0,79790.0,79790.0,491506400.0,491506400.0,KOSDAQ,1.82
242040,나무에이엑스,3175.0,204738.0,204738.0,650043150.0,650043150.0,KOSDAQ,-0.47
141000,비아트론,9040.0,58560.0,58560.0,529382400.0,529382400.0,KOSDAQ,0.56
290720,푸드나무,2870.0,48133.0,48133.0,138141710.0,138141710.0,KOSDAQ,0.7
297090,씨에스베어링,4010.0,93091.0,93091.0,373294910.0,373294910.0,KOSDAQ,-0.99
950190,고스트스튜디오,8400.0,3914.0,3914.0,32877600.0,32877600.0,KOSDAQ,0.12
018120,진로발효,16480.0,1196.0,1196.0,19710080.0,19710080.0,KOSDAQ,-0.18
054050,NH농우바이오,6800.0,13331.0,13331.0,90650800.0,90650800.0,KOSDAQ,-0.44
051360,토비스,11290.0,26648.0,35129.0,300855920.0,396606410.0,KOSDAQ,-0.35
115500,케이씨에스,9070.0,60593.0,60593.0,549578510.0,549578510.0,KOSDAQ,3.07
487400,케이앤에스아이앤씨,10570.0,2144895.0,2144895.0,22671540150.0,22671540150.0,KOSDAQ,7.97
051980,중앙첨단소재,976.0,875381.0,875381.0,854371856.0,854371856.0,KOSDAQ,6.2
310200,애니플러스,2070.0,1113104.0,1113104.0,2304125280.0,2304125280.0,KOSDAQ,-2.13
039340,한국경제TV,4895.0,4962.0,4962.0,24288990.0,24288990.0,KOSDAQ,-0.31
021080,에이티넘인베스트,2240.0,111966.0,111966.0,250803840.0,250803840.0,KOSDAQ,-0.88
120240,대정화금,14940.0,10919.0,10919.0,163129860.0,163129860.0,KOSDAQ,-0.73
067990,도이치모터스,3670.0,39619.0,39619.0,145401730.0,145401730.0,KOSDAQ,-1.08
123040,엠에스오토텍,1709.0,56950.0,56950.0,97327550.0,97327550.0,KOSDAQ,-0.35
105330,케이엔더블유,6660.0,37498.0,37498.0,249736680.0,249736680.0,KOSDAQ,-4.17
053700,삼보모터스,3990.0,233953.0,233953.0,933472470.0,933472470.0,KOSDAQ,-1.48
059210,메타바이오메드,3890.0,35804.0,35804.0,139277560.0,139277560.0,KOSDAQ,-1.14
336680,탑런토탈솔루션,2700.0,29169.0,29169.0,78756300.0,78756300.0,KOSDAQ,-1.82
073560,우리손에프앤지,1525.0,137112.0,137112.0,209095800.0,209095800.0,KOSDAQ,-0.97
039560,다산네트웍스,2450.0,95716.0,95716.0,234504200.0,234504200.0,KOSDAQ,-2.0
474610,RF시스템즈,7240.0,38806.0,38806.0,280955440.0,280955440.0,KOSDAQ,0.7
066590,스모트로닉,2695.0,131186.0,131186.0,353546270.0,353546270.0,KOSDAQ,-2.0
100700,세운메디칼,2365.0,127152.0,127152.0,300714480.0,300714480.0,KOSDAQ,-1.66
338220,뷰노,7380.0,14689.0,27758.0,108404820.0,204854040.0,KOSDAQ,0.41
475580,에이럭스,7570.0,42891.0,42891.0,324684870.0,324684870.0,KOSDAQ,0.0
063170,서울옥션,5800.0,42197.0,42197.0,244742600.0,244742600.0,KOSDAQ,0.69
074430,아미노로직스,1160.0,103563.0,103563.0,120133080.0,120133080.0,KOSDAQ,-1.61
309960,LB인베스트먼트,4395.0,75506.0,75506.0,331848870.0,331848870.0,KOSDAQ,-0.57
071280,로체시스템즈,6660.0,99119.0,99119.0,660132540.0,660132540.0,KOSDAQ,-2.35
357880,SKAI,1877.0,351739.0,351739.0,660214103.0,660214103.0,KOSDAQ,-0.95
396470,워트,6290.0,71622.0,71622.0,450502380.0,450502380.0,KOSDAQ,0.32
290740,액트로,10070.0,228757.0,228757.0,2303582990.0,2303582990.0,KOSDAQ,11.89
053260,금강철강,5400.0,197774.0,197774.0,1067979600.0,1067979600.0,KOSDAQ,-0.37
131030,옵투스제약,5710.0,20811.0,20811.0,118830810.0,118830810.0,KOSDAQ,-1.55
083500,에프엔에스테크,11990.0,35831.0,35831.0,429613690.0,429613690.0,KOSDAQ,1.44
330350,위더스제약,7500.0,399660.0,399660.0,2997450000.0,2997450000.0,KOSDAQ,-16.67
352090,스톰테크,3665.0,15101.0,15101.0,55345165.0,55345165.0,KOSDAQ,0.27
042500,링네트,4415.0,84398.0,84398.0,372617170.0,372617170.0,KOSDAQ,0.34
362320,청담글로벌,4755.0,27682.0,27682.0,131627910.0,131627910.0,KOSDAQ,-0.31
006620,동구바이오제약,3450.0,212363.0,212363.0,732652350.0,732652350.0,KOSDAQ,-3.5
002230,피에스텍,5290.0,26309.0,26309.0,139174610.0,139174610.0,KOSDAQ,1.15
255440,야스,7460.0,98474.0,98474.0,734616040.0,734616040.0,KOSDAQ,-3.12
307930,컴퍼니케이,6230.0,14856.0,14856.0,92552880.0,92552880.0,KOSDAQ,0.65
205100,엑셈,1437.0,433735.0,433735.0,623277195.0,623277195.0,KOSDAQ,2.13
298540,더네이쳐홀딩스,6670.0,3453.0,3453.0,23031510.0,23031510.0,KOSDAQ,-0.45
380550,뉴로핏,7920.0,50031.0,50031.0,396245520.0,396245520.0,KOSDAQ,-0.5
250060,모비스,3000.0,138282.0,138282.0,414846000.0,414846000.0,KOSDAQ,2.92
091440,한울소재과학,2785.0,208686.0,208686.0,581190510.0,581190510.0,KOSDAQ,-1.24
052420,오성첨단소재,9860.0,45145.0,45145.0,445129700.0,445129700.0,KOSDAQ,4.12
086710,선진뷰티사이언스,7870.0,14285.0,14285.0,112422950.0,112422950.0,KOSDAQ,-3.2
217820,원익피앤이,2020.0,40987.0,40987.0,82793740.0,82793740.0,KOSDAQ,1.71
088130,동아엘텍,5470.0,31854.0,31854.0,174241380.0,174241380.0,KOSDAQ,0.37
125210,아모그린텍,5790.0,87380.0,87380.0,505930200.0,505930200.0,KOSDAQ,2.66
049950,미래컴퍼니,10830.0,9115.0,9115.0,98715450.0,98715450.0,KOSDAQ,0.0
036220,오상헬스케어,6670.0,7117.0,7117.0,47470390.0,47470390.0,KOSDAQ,0.45
282720,금양그린파워,7870.0,29041.0,29041.0,228552670.0,228552670.0,KOSDAQ,4.38
079650,서산,4750.0,899170.0,899170.0,4271057500.0,4271057500.0,KOSDAQ,1.71
348350,위드텍,9720.0,17072.0,17072.0,165939840.0,165939840.0,KOSDAQ,-0.92
040300,YTN,1992.0,7080.0,7080.0,14103360.0,14103360.0,KOSDAQ,-0.35
172670,에이엘티,10590.0,27555.0,27555.0,291807450.0,291807450.0,KOSDAQ,0.86
005860,한일사료,2405.0,243768.0,243768.0,586262040.0,586262040.0,KOSDAQ,0.0
017650,대림제지,10770.0,5903.0,5903.0,63575310.0,63575310.0,KOSDAQ,0.0
235980,메드팩토,2755.0,61627.0,61627.0,169782385.0,169782385.0,KOSDAQ,-0.36
109610,에스와이,1920.0,103638.0,103638.0,198984960.0,198984960.0,KOSDAQ,-0.62
452190,한빛레이저,3920.0,2840008.0,2840008.0,11132831360.0,11132831360.0,KOSDAQ,9.96
129920,대성하이텍,5750.0,47221.0,47221.0,271520750.0,271520750.0,KOSDAQ,0.7
013310,아진산업,2400.0,115134.0,115134.0,276321600.0,276321600.0,KOSDAQ,-1.84
036010,아비코전자,7000.0,82211.0,82211.0,575477000.0,575477000.0,KOSDAQ,2.79
493330,지에프아이,11570.0,83650.0,83650.0,967830500.0,967830500.0,KOSDAQ,6.34
306620,지아이에스,1936.0,1871581.0,1871581.0,3623380816.0,3623380816.0,KOSDAQ,9.19
0155E0,해치텍,16850.0,11060878.0,11060878.0,186375794300.0,186375794300.0,KOSDAQ,20.19
089230,THE E&M,2345.0,207257.0,207257.0,486017665.0,486017665.0,KOSDAQ,-3.7
156100,엘앤케이바이오,4135.0,53189.0,53189.0,219936515.0,219936515.0,KOSDAQ,-2.59
107600,새빗켐,16330.0,15936.0,15936.0,260234880.0,260234880.0,KOSDAQ,0.93
290660,다이나믹솔루션,2145.0,1175135.0,1175135.0,2520664575.0,2520664575.0,KOSDAQ,-1.83
053580,웹케시,7080.0,7432.0,7432.0,52618560.0,52618560.0,KOSDAQ,-0.7
317770,엑스페릭스,2500.0,99966.0,99966.0,249915000.0,249915000.0,KOSDAQ,-1.57
040420,정상제이엘에스,5840.0,11943.0,11943.0,69747120.0,69747120.0,KOSDAQ,0.0
063080,컴투스홀딩스,13870.0,321555.0,321555.0,4459967850.0,4459967850.0,KOSDAQ,0.95
209640,와이제이링크,3215.0,73399.0,73399.0,235977785.0,235977785.0,KOSDAQ,0.78
187790,나노,2960.0,178705.0,178705.0,528966800.0,528966800.0,KOSDAQ,-1.17
432470,케이엔에스,10390.0,2769151.0,2769151.0,28771478890.0,28771478890.0,KOSDAQ,18.2
323990,박셀바이오,3910.0,67134.0,67134.0,262493940.0,262493940.0,KOSDAQ,-1.88
093920,서원인텍,4870.0,2922.0,2922.0,14230140.0,14230140.0,KOSDAQ,-0.71
419050,삼기에너지솔루션즈,1583.0,467291.0,467291.0,739721653.0,739721653.0,KOSDAQ,1.6
042510,라온시큐어,8150.0,118307.0,118307.0,964202050.0,964202050.0,KOSDAQ,2.26
099750,이지케어텍,6600.0,6475.0,6475.0,42735000.0,42735000.0,KOSDAQ,-1.49
047560,이스트소프트,7660.0,29826.0,29826.0,228467160.0,228467160.0,KOSDAQ,0.52
357230,에이치피오,2170.0,42484.0,42484.0,92190280.0,92190280.0,KOSDAQ,-0.69
023900,풍국주정,7100.0,3639.0,3639.0,25836900.0,25836900.0,KOSDAQ,-0.56
413390,엠오티,7710.0,45267.0,45267.0,349008570.0,349008570.0,KOSDAQ,0.39
078140,대봉엘에스,8010.0,9970.0,9970.0,79859700.0,79859700.0,KOSDAQ,0.0
322180,LS티라유텍,4130.0,32419.0,32419.0,133890470.0,133890470.0,KOSDAQ,0.61
096240,크레버스,8670.0,13783.0,13783.0,119498610.0,119498610.0,KOSDAQ,1.76
289930,웨이비스,6750.0,28211.0,28211.0,190424250.0,190424250.0,KOSDAQ,-1.46
025950,동신건설,10550.0,25195.0,25195.0,265807250.0,265807250.0,KOSDAQ,-0.28
282620,기도산업,15120.0,1605470.0,1605470.0,24274706400.0,24274706400.0,KOSDAQ,0.67
330730,스톤브릿지벤처스,4860.0,15376.0,15376.0,74727360.0,74727360.0,KOSDAQ,-1.52
263720,디앤씨미디어,7130.0,11859.0,11859.0,84554670.0,84554670.0,KOSDAQ,-3.39
009300,삼아제약,13880.0,1243.0,1243.0,17252840.0,17252840.0,KOSDAQ,-0.72
149980,하이로닉,5140.0,15577.0,15577.0,80065780.0,80065780.0,KOSDAQ,0.98
029480,광무,1480.0,124528.0,124528.0,184301440.0,184301440.0,KOSDAQ,-4.08
226400,오스테오닉,4275.0,85860.0,85860.0,367051500.0,367051500.0,KOSDAQ,-4.36
182360,큐브엔터,5670.0,10405.0,10405.0,58996350.0,58996350.0,KOSDAQ,1.8
950220,네오이뮨텍,2570.0,1753981.0,1753981.0,4507731170.0,4507731170.0,KOSDAQ,-8.21
052460,아이크래프트,6010.0,226437.0,226437.0,1360886370.0,1360886370.0,KOSDAQ,-1.48
086960,MDS테크,2045.0,225925.0,225925.0,462016625.0,462016625.0,KOSDAQ,1.24
032300,한국파마,7970.0,6041.0,6041.0,48146770.0,48146770.0,KOSDAQ,0.76
040160,누리플렉스,7200.0,39524.0,39524.0,284572800.0,284572800.0,KOSDAQ,7.3
044990,에이치엔에스하이텍,11290.0,7295.0,7295.0,82360550.0,82360550.0,KOSDAQ,0.09
004650,창해에탄올,9440.0,13399.0,13399.0,126486560.0,126486560.0,KOSDAQ,-0.21
048530,인트론바이오,2795.0,26989.0,26989.0,75434255.0,75434255.0,KOSDAQ,-0.71
064800,포니링크,3365.0,165589.0,165589.0,557206985.0,557206985.0,KOSDAQ,3.7
033290,로젠,1522.0,12063.0,12063.0,18359886.0,18359886.0,KOSDAQ,0.13
072020,중앙백신,9230.0,5227.0,5227.0,48245210.0,48245210.0,KOSDAQ,-0.75
054540,삼영엠텍,6560.0,49406.0,49406.0,324103360.0,324103360.0,KOSDAQ,1.08
037030,파워넷,3330.0,136825.0,136825.0,455627250.0,455627250.0,KOSDAQ,0.0
337930,젝시믹스,2860.0,118386.0,118386.0,338583960.0,338583960.0,KOSDAQ,-0.35
215100,로보로보,4165.0,80500.0,80500.0,335282500.0,335282500.0,KOSDAQ,0.36
950250,테라뷰,2385.0,73163.0,73163.0,174493755.0,174493755.0,KOSDAQ,3.25
130580,나이스디앤비,5490.0,2656.0,2656.0,14581440.0,14581440.0,KOSDAQ,-1.08
007820,엠엑스로보틱스,4220.0,352310.0,352310.0,1486748200.0,1486748200.0,KOSDAQ,1.44
387690,레메디,11080.0,457613.0,457613.0,5070352040.0,5070352040.0,KOSDAQ,-4.48
066980,한성크린텍,1567.0,208527.0,208527.0,326761809.0,326761809.0,KOSDAQ,1.1
302550,리메드,2715.0,20695.0,20695.0,56186925.0,56186925.0,KOSDAQ,0.0
019550,SBI인베스트먼트,1030.0,192210.0,192210.0,197976300.0,197976300.0,KOSDAQ,-2.55
053350,이니텍,3790.0,114286.0,114286.0,433143940.0,433143940.0,KOSDAQ,-1.81
950130,엑세스바이오,2360.0,60254.0,60254.0,142199440.0,142199440.0,KOSDAQ,-0.21
102370,케이옥션,3200.0,35490.0,35490.0,113568000.0,113568000.0,KOSDAQ,-0.31
091120,이엠텍,4835.0,34197.0,34197.0,165342495.0,165342495.0,KOSDAQ,-0.31
066430,아이로보틱스,2115.0,496990.0,496990.0,1051133850.0,1051133850.0,KOSDAQ,-1.63
223250,드림씨아이에스,3365.0,83287.0,83287.0,280260755.0,280260755.0,KOSDAQ,-3.3
418470,KT밀리의서재,9640.0,15450.0,15450.0,148938000.0,148938000.0,KOSDAQ,-0.62
054670,대한뉴팜,5750.0,5742.0,5742.0,33016500.0,33016500.0,KOSDAQ,-0.17
065450,빅텍,2790.0,287173.0,287173.0,801212670.0,801212670.0,KOSDAQ,-1.76
058820,CMG제약,555.0,1040788.0,1040788.0,577637340.0,577637340.0,KOSDAQ,0.73
039980,폴라리스AI,5710.0,205919.0,205919.0,1175797490.0,1175797490.0,KOSDAQ,-0.35
137950,제이씨케미칼,3685.0,89509.0,89509.0,329840665.0,329840665.0,KOSDAQ,-1.73
104460,디와이피엔에프,7800.0,4289.0,4289.0,33454200.0,33454200.0,KOSDAQ,-0.76
478560,블랙야크아이앤씨,3170.0,3696343.0,3696343.0,11717407310.0,11717407310.0,KOSDAQ,17.84
487580,폴레드,3240.0,109840.0,109840.0,355881600.0,355881600.0,KOSDAQ,-2.26
365330,에스와이스틸텍,1625.0,632381.0,632381.0,1027619125.0,1027619125.0,KOSDAQ,0.31
463020,뉴엔AI,9050.0,76545.0,76545.0,692732250.0,692732250.0,KOSDAQ,4.02
040910,아이씨디,4475.0,17236.0,17236.0,77131100.0,77131100.0,KOSDAQ,-0.56
201490,미투온,2485.0,684269.0,684269.0,1700408465.0,1700408465.0,KOSDAQ,-1.39
217190,제너셈,6180.0,66053.0,66053.0,408207540.0,408207540.0,KOSDAQ,-2.06
036640,HRS,4965.0,35152.0,35152.0,174529680.0,174529680.0,KOSDAQ,0.1
045970,코아시아,3080.0,44125.0,44125.0,135905000.0,135905000.0,KOSDAQ,0.65
115440,우리넷,7490.0,73097.0,73097.0,547496530.0,547496530.0,KOSDAQ,2.74
038680,에스넷,4060.0,140451.0,140451.0,570231060.0,570231060.0,KOSDAQ,-0.25
045660,에이텍,9780.0,25402.0,25402.0,248431560.0,248431560.0,KOSDAQ,0.41
067000,조이시티,1152.0,53855.0,53855.0,62040960.0,62040960.0,KOSDAQ,0.35
078890,가온그룹,4365.0,30886.0,30886.0,134817390.0,134817390.0,KOSDAQ,0.11
0017J0,세미티에스,2665.0,155063.0,155063.0,413242895.0,413242895.0,KOSDAQ,1.52
185490,아이진,1857.0,43520.0,43520.0,80816640.0,80816640.0,KOSDAQ,-0.59
198440,강동씨앤엘,1317.0,342691.0,342691.0,451324047.0,451324047.0,KOSDAQ,1.78
270520,앱튼,3460.0,307856.0,307856.0,1065181760.0,1065181760.0,KOSDAQ,-2.4
100130,동국S&C,1402.0,1814343.0,1814343.0,2543708886.0,2543708886.0,KOSDAQ,1.3
381620,제닉스로보틱스,6100.0,41487.0,41487.0,253070700.0,253070700.0,KOSDAQ,-0.16
038110,에코플라스틱,1940.0,94218.0,94218.0,182782920.0,182782920.0,KOSDAQ,-0.56
105740,디케이락,7820.0,86475.0,86475.0,676234500.0,676234500.0,KOSDAQ,4.83
131370,알서포트,1491.0,46939.0,46939.0,69986049.0,69986049.0,KOSDAQ,-1.91
101330,모베이스,3430.0,36924.0,36924.0,126649320.0,126649320.0,KOSDAQ,-0.44
0011A0,액스비스,8490.0,19447.0,19447.0,165105030.0,165105030.0,KOSDAQ,-0.82
263800,데이타솔루션,4880.0,117121.0,117121.0,571550480.0,571550480.0,KOSDAQ,-0.61
389030,지니너스,2010.0,158014.0,158014.0,317608140.0,317608140.0,KOSDAQ,-0.99
251120,바이오에프디엔씨,9050.0,3854.0,3854.0,34878700.0,34878700.0,KOSDAQ,-0.77
012700,리드코프,3000.0,24585.0,24585.0,73755000.0,73755000.0,KOSDAQ,-0.66
053280,예스24,3130.0,32372.0,32372.0,101324360.0,101324360.0,KOSDAQ,-0.32
246960,SCL사이언스,2300.0,155895.0,155895.0,358558500.0,358558500.0,KOSDAQ,0.0
066700,테라젠이텍스,2105.0,89527.0,89527.0,188454335.0,188454335.0,KOSDAQ,0.24
475430,키스트론,4370.0,96058.0,96058.0,419773460.0,419773460.0,KOSDAQ,-0.79
076610,해성옵틱스,1313.0,1166268.0,1166268.0,1531309884.0,1531309884.0,KOSDAQ,-1.94
371950,풍원정밀,3410.0,23712.0,23712.0,80857920.0,80857920.0,KOSDAQ,-3.4
037760,쎄니트,2295.0,5910.0,5910.0,13563450.0,13563450.0,KOSDAQ,0.0
080010,이상네트웍스,7890.0,2350.0,2350.0,18541500.0,18541500.0,KOSDAQ,2.73
124560,태웅로직스,2000.0,30478.0,30478.0,60956000.0,60956000.0,KOSDAQ,-1.23
024880,케이피에프,3875.0,19413.0,19413.0,75225375.0,75225375.0,KOSDAQ,-1.4
347890,엠엑스온,4535.0,8716.0,8716.0,39527060.0,39527060.0,KOSDAQ,-0.98
212710,아이에스티이,7940.0,76991.0,76991.0,611308540.0,611308540.0,KOSDAQ,-3.41
079810,APS이노베이션,3580.0,127073.0,127073.0,454921340.0,454921340.0,KOSDAQ,6.55
451250,삐아,7510.0,16812.0,16812.0,126258120.0,126258120.0,KOSDAQ,-1.96
083790,CG인바이츠,998.0,461840.0,461840.0,460916320.0,460916320.0,KOSDAQ,6.4
033560,블루콤,4485.0,10318.0,10318.0,46276230.0,46276230.0,KOSDAQ,0.79
065510,휴비츠,7050.0,26437.0,26437.0,186380850.0,186380850.0,KOSDAQ,0.57
214260,라파스,8560.0,3283.0,3283.0,28102480.0,28102480.0,KOSDAQ,0.35
265560,영화테크,7140.0,6374.0,6374.0,45510360.0,45510360.0,KOSDAQ,0.14
058630,엠게임,4065.0,18976.0,18976.0,77137440.0,77137440.0,KOSDAQ,0.25
382840,원준,4995.0,27643.0,27643.0,138076785.0,138076785.0,KOSDAQ,1.73
047820,초록뱀미디어,3115.0,20545.0,20545.0,63997675.0,63997675.0,KOSDAQ,-3.41
900260,로스웰,1654.0,3255.0,3255.0,5383770.0,5383770.0,KOSDAQ,0.85
0218L0,네오뷰,14390.0,26096.0,26096.0,375521440.0,375521440.0,KOSDAQ,-0.76
052900,KX하이텍,989.0,524276.0,524276.0,518508964.0,518508964.0,KOSDAQ,-1.69
067170,오텍,2760.0,435554.0,435554.0,1202129040.0,1202129040.0,KOSDAQ,-0.54
351320,넥사다이내믹스,2550.0,3302219.0,3302219.0,8420658450.0,8420658450.0,KOSDAQ,29.9
173130,오파스넷,5770.0,20468.0,20468.0,118100360.0,118100360.0,KOSDAQ,0.52
017480,삼현철강,4840.0,9420.0,9420.0,45592800.0,45592800.0,KOSDAQ,0.0
170030,현대공업,4870.0,23074.0,23074.0,112370380.0,112370380.0,KOSDAQ,-2.4
049080,기가레인,8800.0,2981115.0,2981115.0,26233812000.0,26233812000.0,KOSDAQ,18.92
234300,에스트래픽,2740.0,53367.0,53367.0,146225580.0,146225580.0,KOSDAQ,0.0
067370,선바이오,6100.0,3465.0,3465.0,21136500.0,21136500.0,KOSDAQ,-2.56
128660,피제이메탈,2995.0,22467.0,22467.0,67288665.0,67288665.0,KOSDAQ,-0.17
004590,한국가구,4950.0,18941.0,18941.0,93757950.0,93757950.0,KOSDAQ,0.81
389140,포바이포,5200.0,38201.0,38201.0,198645200.0,198645200.0,KOSDAQ,0.19
360070,탑머티리얼,9050.0,45083.0,45083.0,408001150.0,408001150.0,KOSDAQ,10.91
234030,싸이닉솔루션,3140.0,19113.0,19113.0,60014820.0,60014820.0,KOSDAQ,2.11
208140,정다운,2265.0,11019.0,11019.0,24958035.0,24958035.0,KOSDAQ,-0.66
217330,싸이토젠,3200.0,68870.0,68870.0,220384000.0,220384000.0,KOSDAQ,-3.03
090470,제이스로보틱스,4230.0,18913.0,18913.0,80001990.0,80001990.0,KOSDAQ,-2.53
084730,팅크웨어,6650.0,3326.0,3326.0,22117900.0,22117900.0,KOSDAQ,0.0
302430,이노메트리,7510.0,2413115.0,2413115.0,18122493650.0,18122493650.0,KOSDAQ,4.02
041930,SY동아,4855.0,16245.0,16245.0,78869475.0,78869475.0,KOSDAQ,0.31
225530,HC보광산업,2030.0,13772.0,13772.0,27957160.0,27957160.0,KOSDAQ,1.5
011320,유니크,3815.0,11119.0,11119.0,42418985.0,42418985.0,KOSDAQ,-1.17
096350,대창솔루션,1999.0,195204.0,195204.0,390212796.0,390212796.0,KOSDAQ,-0.79
019540,일지테크,5450.0,50132.0,50132.0,273219400.0,273219400.0,KOSDAQ,-2.15
058400,KNN,5550.0,14071.0,14071.0,78094050.0,78094050.0,KOSDAQ,2.4
060590,씨티씨바이오,3020.0,13455.0,13455.0,40634100.0,40634100.0,KOSDAQ,0.0
020710,시공테크,3640.0,49150.0,49150.0,178906000.0,178906000.0,KOSDAQ,-0.68
088390,이녹스,7770.0,8726.0,8726.0,67801020.0,67801020.0,KOSDAQ,2.91
010280,아이티센엔텍,5590.0,23415.0,23415.0,130889850.0,130889850.0,KOSDAQ,-0.71
054040,한국컴퓨터,4530.0,23185.0,23185.0,105028050.0,105028050.0,KOSDAQ,-1.2
104040,디에스엠,2715.0,43933.0,43933.0,119278095.0,119278095.0,KOSDAQ,-0.18
085670,뉴프렉스,2970.0,46323.0,46323.0,137579310.0,137579310.0,KOSDAQ,1.19
331380,포커스에이아이,1990.0,40117.0,40117.0,79832830.0,79832830.0,KOSDAQ,-1.24
294630,서남,2745.0,84918.0,84918.0,233099910.0,233099910.0,KOSDAQ,1.67
091590,남화토건,6180.0,234721.0,234721.0,1450575780.0,1450575780.0,KOSDAQ,-3.44
205470,휴마시스,2940.0,120834.0,120834.0,355251960.0,355251960.0,KOSDAQ,-1.18
171120,라이온켐텍,2020.0,27529.0,27529.0,55608580.0,55608580.0,KOSDAQ,0.0
253840,수젠텍,4320.0,302936.0,302936.0,1308683520.0,1308683520.0,KOSDAQ,-0.23
072950,빛샘전자,8970.0,405077.0,405077.0,3633540690.0,3633540690.0,KOSDAQ,3.34
000440,중앙에너비스,11580.0,14607.0,14607.0,169149060.0,169149060.0,KOSDAQ,0.43
377480,마음AI,10130.0,19950.0,19950.0,202093500.0,202093500.0,KOSDAQ,0.3
228670,레이,4595.0,52089.0,52089.0,239348955.0,239348955.0,KOSDAQ,-1.18
041910,폴라리스AI파마,5410.0,21566.0,21566.0,116672060.0,116672060.0,KOSDAQ,-0.92
0015S0,페스카로,7280.0,5069.0,5069.0,36902320.0,36902320.0,KOSDAQ,-0.27
067570,엔브이에이치코리아,1703.0,77382.0,77382.0,131781546.0,131781546.0,KOSDAQ,-1.84
303810,동국생명과학,2240.0,45782.0,45782.0,102551680.0,102551680.0,KOSDAQ,-2.4
048910,대원미디어,5690.0,28372.0,28372.0,161436680.0,161436680.0,KOSDAQ,0.35
012790,신일제약,5970.0,8771.0,8771.0,52362870.0,52362870.0,KOSDAQ,-0.5
030960,양지사,4475.0,37492.0,37492.0,167776700.0,167776700.0,KOSDAQ,-1.54
204840,지엘팜텍,4605.0,27745.0,27745.0,127765725.0,127765725.0,KOSDAQ,0.77
900300,오가닉티코스메틱,3470.0,1034878.0,1034878.0,3591026660.0,3591026660.0,KOSDAQ,0.14
094860,네오리진,1341.0,281649.0,281649.0,377691309.0,377691309.0,KOSDAQ,-1.03
332370,아이디피,5360.0,334.0,334.0,1790240.0,1790240.0,KOSDAQ,1.13
179530,애드바이오텍,2635.0,615978.0,615978.0,1623102030.0,1623102030.0,KOSDAQ,8.66
347000,센코,1877.0,39270.0,39270.0,73709790.0,73709790.0,KOSDAQ,0.05
277880,티에스아이,3575.0,41208.0,41208.0,147318600.0,147318600.0,KOSDAQ,2.58
006140,피제이전자,4770.0,24273.0,24273.0,115782210.0,115782210.0,KOSDAQ,-0.62
033130,디지틀조선,1910.0,28029.0,28029.0,53535390.0,53535390.0,KOSDAQ,-1.65
417790,트루엔,6770.0,7057.0,7057.0,47775890.0,47775890.0,KOSDAQ,0.45
024830,세원물산,8480.0,19851.0,19851.0,168336480.0,168336480.0,KOSDAQ,-5.57
950200,소마젠,3680.0,1548196.0,1548196.0,5697361280.0,5697361280.0,KOSDAQ,-2.39
054620,APS,3845.0,15006.0,15006.0,57698070.0,57698070.0,KOSDAQ,0.92
483350,딜리셔스,3230.0,943210.0,943210.0,3046568300.0,3046568300.0,KOSDAQ,-1.97
307870,비투엔,950.0,458631.0,458631.0,435699450.0,435699450.0,KOSDAQ,-5.47
153710,옵티팜,4810.0,1407.0,1407.0,6767670.0,6767670.0,KOSDAQ,1.37
0117P0,피스피스스튜디오,4980.0,90000.0,90000.0,448200000.0,448200000.0,KOSDAQ,-0.6
451220,아이엠티,8940.0,12560.0,12560.0,112286400.0,112286400.0,KOSDAQ,0.11
066310,큐에스아이,7590.0,22393.0,22393.0,169962870.0,169962870.0,KOSDAQ,0.93
261780,아리바이오랩,2430.0,87835.0,87835.0,213439050.0,213439050.0,KOSDAQ,-1.02
0156T0,에이치엘지노믹스,9030.0,125332.0,125332.0,1131747960.0,1131747960.0,KOSDAQ,1.8
443670,에스피소프트,2910.0,30243.0,30243.0,88007130.0,88007130.0,KOSDAQ,0.34
142280,녹십자엠에스,2910.0,414800.0,414800.0,1207068000.0,1207068000.0,KOSDAQ,-1.85
137080,나래나노텍,6480.0,14104.0,14104.0,91393920.0,91393920.0,KOSDAQ,0.78
026150,특수건설,3955.0,8136.0,8136.0,32177880.0,32177880.0,KOSDAQ,-0.5
096250,와이즈넛,5870.0,21973.0,21973.0,128981510.0,128981510.0,KOSDAQ,0.0
043610,KT지니뮤직,1193.0,86055.0,86055.0,102663615.0,102663615.0,KOSDAQ,1.36
147760,피엠티,3455.0,24686.0,24686.0,85290130.0,85290130.0,KOSDAQ,-1.43
460940,피앤에스로보틱스,5130.0,39655.0,39655.0,203430150.0,203430150.0,KOSDAQ,0.39
038460,바이오스마트,2720.0,52018.0,52018.0,141488960.0,141488960.0,KOSDAQ,-2.33
388870,파로스아이바이오,5310.0,40247.0,40247.0,213711570.0,213711570.0,KOSDAQ,-2.03
457600,벡트,5010.0,388392.0,388392.0,1945843920.0,1945843920.0,KOSDAQ,27.64
162300,신스틸,1655.0,115074.0,115074.0,190447470.0,190447470.0,KOSDAQ,3.24
002800,신신제약,4520.0,42345.0,42345.0,191399400.0,191399400.0,KOSDAQ,0.22
110790,크리스에프앤씨,2925.0,2880.0,2880.0,8424000.0,8424000.0,KOSDAQ,-2.17
049550,잉크테크,3495.0,4325.0,4325.0,15115875.0,15115875.0,KOSDAQ,-0.14
140070,서플러스글로벌,1852.0,76888.0,76888.0,142396576.0,142396576.0,KOSDAQ,0.22
024740,한일단조,2080.0,90116.0,90116.0,187441280.0,187441280.0,KOSDAQ,0.24
222110,팬젠,5040.0,13330.0,13330.0,67183200.0,67183200.0,KOSDAQ,4.67
048430,유라테크,5910.0,6049.0,6049.0,35749590.0,35749590.0,KOSDAQ,-0.84
061250,화일약품,8080.0,17043.0,17043.0,137707440.0,137707440.0,KOSDAQ,3.46
457370,한켐,8410.0,403965.0,403965.0,3397345650.0,3397345650.0,KOSDAQ,-0.24
100030,인지소프트,20650.0,11270.0,11270.0,232725500.0,232725500.0,KOSDAQ,1.23
396270,넥스트칩,2060.0,47489.0,47489.0,97827340.0,97827340.0,KOSDAQ,1.73
0007J0,인벤테라,8600.0,16872.0,16872.0,145099200.0,145099200.0,KOSDAQ,-0.35
168330,내츄럴엔도텍,2130.0,17947.0,17947.0,38227110.0,38227110.0,KOSDAQ,0.95
417970,모델솔루션,10540.0,6283.0,6283.0,66222820.0,66222820.0,KOSDAQ,0.38
092040,아미코젠,953.0,392745.0,392745.0,374285985.0,374285985.0,KOSDAQ,-1.14
221800,지구홀딩스,4115.0,42648.0,42648.0,175496520.0,175496520.0,KOSDAQ,-4.86
081150,티플랙스,2765.0,61982.0,61982.0,171380230.0,171380230.0,KOSDAQ,-1.07
136150,원일티엔아이,8000.0,10694.0,10694.0,85552000.0,85552000.0,KOSDAQ,4.17
109860,동일금속,7360.0,2190.0,2190.0,16118400.0,16118400.0,KOSDAQ,0.14
036000,예림당,2900.0,33874.0,33874.0,98234600.0,98234600.0,KOSDAQ,-0.34
041460,한국전자인증,3515.0,37633.0,37633.0,132279995.0,132279995.0,KOSDAQ,-1.68
061040,알에프텍,7360.0,9778.0,9778.0,71966080.0,71966080.0,KOSDAQ,-0.27
321370,센서뷰,1287.0,1458784.0,1458784.0,1877455008.0,1877455008.0,KOSDAQ,1.82
331740,아우토크립트,6800.0,10541.0,10541.0,71678800.0,71678800.0,KOSDAQ,1.04
382480,지아이텍,1677.0,117369.0,117369.0,196827813.0,196827813.0,KOSDAQ,0.24
456070,이엔셀,5970.0,76315.0,76315.0,455600550.0,455600550.0,KOSDAQ,-5.09
070300,퀀텀레일,1852.0,447768.0,447768.0,829266336.0,829266336.0,KOSDAQ,6.13
123420,위메이드플레이,6320.0,8929.0,8929.0,56431280.0,56431280.0,KOSDAQ,-0.16
111710,남화산업,3170.0,80375.0,80375.0,254788750.0,254788750.0,KOSDAQ,-0.31
014970,삼륭물산,4400.0,11242.0,11242.0,49464800.0,49464800.0,KOSDAQ,0.0
032850,비트컴퓨터,3920.0,30999.0,30999.0,121516080.0,121516080.0,KOSDAQ,-2.49
004780,대륙제관,4090.0,15455.0,15455.0,63210950.0,63210950.0,KOSDAQ,-1.09
412350,레이저쎌,4435.0,151228.0,151228.0,670696180.0,670696180.0,KOSDAQ,4.6
039010,현대에이치티,7500.0,12212.0,12212.0,91590000.0,91590000.0,KOSDAQ,-1.45
443250,레뷰코퍼레이션,5980.0,2714.0,2714.0,16229720.0,16229720.0,KOSDAQ,0.0
424960,스마트레이더시스템,3920.0,6828.0,6828.0,26765760.0,26765760.0,KOSDAQ,0.26
032540,TJ미디어,3090.0,2393.0,2393.0,7394370.0,7394370.0,KOSDAQ,0.0
241690,유니테크노,2620.0,21377.0,21377.0,56007740.0,56007740.0,KOSDAQ,-0.95
005670,푸드웰,6400.0,13141.0,13141.0,84102400.0,84102400.0,KOSDAQ,0.0
365660,레몬헬스케어,4750.0,437230.0,437230.0,2076842500.0,2076842500.0,KOSDAQ,-0.63
303360,프로티아,4955.0,15483.0,15483.0,76718265.0,76718265.0,KOSDAQ,1.43
175140,아고스,2555.0,115453.0,115453.0,294982415.0,294982415.0,KOSDAQ,7.81
039420,케이엘넷,2775.0,40811.0,40811.0,113250525.0,113250525.0,KOSDAQ,2.97
054300,팬스타엔터프라이즈,1098.0,132016.0,132016.0,144953568.0,144953568.0,KOSDAQ,-0.18
439580,블루엠텍,1875.0,80230.0,80230.0,150431250.0,150431250.0,KOSDAQ,1.96
216050,인크로스,5200.0,6033.0,6033.0,31371600.0,31371600.0,KOSDAQ,-0.95
043650,국순당,3540.0,15120.0,15120.0,53524800.0,53524800.0,KOSDAQ,-2.21
208370,셀바스헬스케어,2455.0,40561.0,40561.0,99577255.0,99577255.0,KOSDAQ,0.0
010240,흥국,5390.0,4338.0,4338.0,23381820.0,23381820.0,KOSDAQ,-0.19
100590,머큐리,3660.0,147353.0,147353.0,539311980.0,539311980.0,KOSDAQ,2.81
320000,한울반도체,9060.0,77205.0,77205.0,699477300.0,699477300.0,KOSDAQ,-0.66
448710,코츠테크놀로지,11840.0,11867.0,11867.0,140505280.0,140505280.0,KOSDAQ,2.51
059270,해성에어로보틱스,5600.0,23711.0,23711.0,132781600.0,132781600.0,KOSDAQ,-1.41
155650,와이엠씨,3290.0,516320.0,516320.0,1698692800.0,1698692800.0,KOSDAQ,8.94
411080,샌즈랩,4080.0,24199.0,24199.0,98731920.0,98731920.0,KOSDAQ,0.25
323350,다원넥스뷰,7770.0,16374.0,16374.0,127225980.0,127225980.0,KOSDAQ,-3.36
357580,아모센스,5270.0,18710.0,18710.0,98601700.0,98601700.0,KOSDAQ,-0.57
044340,위닉스,3475.0,84904.0,84904.0,295041400.0,295041400.0,KOSDAQ,-1.42
039020,이건홀딩스,2750.0,127813.0,127813.0,351485750.0,351485750.0,KOSDAQ,-2.48
464490,쿼드메디슨,5400.0,9981.0,9981.0,53897400.0,53897400.0,KOSDAQ,1.5
419080,엔젯,5700.0,38562.0,38562.0,219803400.0,219803400.0,KOSDAQ,-0.52
420570,제이투케이바이오,10570.0,56300.0,56300.0,595091000.0,595091000.0,KOSDAQ,1.54
459550,알트,2450.0,4484473.0,4484473.0,10986958850.0,10986958850.0,KOSDAQ,2.51
0004V0,엔비알모션,5600.0,181577.0,181577.0,1016831200.0,1016831200.0,KOSDAQ,-1.75
094850,참좋은여행,4400.0,14994.0,14994.0,65973600.0,65973600.0,KOSDAQ,-0.79
318160,셀바이오휴먼텍,6580.0,38420.0,38420.0,252803600.0,252803600.0,KOSDAQ,-3.24
037440,희림,4405.0,1444275.0,1444275.0,6362031375.0,6362031375.0,KOSDAQ,0.8
049470,비트플래닛,2600.0,258713.0,258713.0,672653800.0,672653800.0,KOSDAQ,0.19
299660,셀리드,2070.0,1872122.0,1872122.0,3875292540.0,3875292540.0,KOSDAQ,-4.17
191420,테고사이언스,7530.0,1498.0,1498.0,11279940.0,11279940.0,KOSDAQ,-0.66
291230,컴투스엔,2540.0,61965.0,61965.0,157391100.0,157391100.0,KOSDAQ,2.01
066670,디티씨,3255.0,26668.0,26668.0,86804340.0,86804340.0,KOSDAQ,-0.61
064240,홈캐스트,1749.0,45689.0,45689.0,79910061.0,79910061.0,KOSDAQ,-0.91
050960,수산아이앤티,8980.0,893.0,893.0,8019140.0,8019140.0,KOSDAQ,-0.11
333620,엔시스,5510.0,3895.0,3895.0,21461450.0,21461450.0,KOSDAQ,2.61
008370,원풍,5040.0,1825.0,1825.0,9198000.0,9198000.0,KOSDAQ,0.0
187420,HLB제넥스,1850.0,106032.0,106032.0,196159200.0,196159200.0,KOSDAQ,-0.59
016250,SGC E&C,11990.0,3285.0,3285.0,39387150.0,39387150.0,KOSDAQ,0.59
095270,웨이브일렉트로,4190.0,5495.0,5495.0,23024050.0,23024050.0,KOSDAQ,0.72
033320,제이씨현시스템,3150.0,55074.0,55074.0,173483100.0,173483100.0,KOSDAQ,0.16
294140,레몬,2410.0,34636.0,34636.0,83472760.0,83472760.0,KOSDAQ,-0.41
082210,옵트론텍,1709.0,22716.0,22716.0,38821644.0,38821644.0,KOSDAQ,0.06
039610,화성밸브,5720.0,140083.0,140083.0,801274760.0,801274760.0,KOSDAQ,-3.21
089850,유비벨록스,4040.0,8272.0,8272.0,33418880.0,33418880.0,KOSDAQ,0.0
053620,태양,6890.0,12829.0,12829.0,88391810.0,88391810.0,KOSDAQ,-1.29
067920,이글루,5380.0,23897.0,23897.0,128565860.0,128565860.0,KOSDAQ,1.89
122350,삼기,1542.0,490684.0,490684.0,756634728.0,756634728.0,KOSDAQ,0.98
049480,오픈베이스,1881.0,76971.0,76971.0,144782451.0,144782451.0,KOSDAQ,-1.31
214270,FSN,1305.0,111344.0,111344.0,145303920.0,145303920.0,KOSDAQ,0.08
033230,인성정보,1167.0,273749.0,273749.0,319465083.0,319465083.0,KOSDAQ,-3.23
126880,제이엔케이글로벌,2540.0,41611.0,41611.0,105691940.0,105691940.0,KOSDAQ,-0.78
003310,대주산업,1661.0,192094.0,192094.0,319068134.0,319068134.0,KOSDAQ,-1.13
060310,3S,1105.0,189031.0,189031.0,208879255.0,208879255.0,KOSDAQ,-0.27
263600,덕우전자,3680.0,25632.0,25632.0,94325760.0,94325760.0,KOSDAQ,-1.47
045340,토탈소프트,6850.0,26995.0,26995.0,184915750.0,184915750.0,KOSDAQ,-0.29
036090,위지트,1375.0,178591.0,178591.0,245562625.0,245562625.0,KOSDAQ,-3.1
215360,우리산업,6390.0,22077.0,22077.0,141072030.0,141072030.0,KOSDAQ,-2.14
065530,와이어블,1208.0,123644.0,123644.0,149361952.0,149361952.0,KOSDAQ,1.0
348150,고바이오랩,2970.0,36224.0,36224.0,107585280.0,107585280.0,KOSDAQ,-2.94
291650,츌립앤사이언스,1889.0,17318.0,17318.0,32713702.0,32713702.0,KOSDAQ,0.43
014470,부방,960.0,20592.0,20592.0,19768320.0,19768320.0,KOSDAQ,-0.62
460870,에스엠씨지,2860.0,20429.0,20429.0,58426940.0,58426940.0,KOSDAQ,0.88
263690,디알젬,5060.0,5561.0,5561.0,28138660.0,28138660.0,KOSDAQ,-1.17
459100,위츠,4250.0,17682.0,17682.0,75148500.0,75148500.0,KOSDAQ,-0.47
007370,진양제약,4045.0,12363.0,12363.0,50008335.0,50008335.0,KOSDAQ,0.37
226340,본느,6800.0,3963969.0,3963969.0,26954989200.0,26954989200.0,KOSDAQ,3.03
251630,브이원텍,3575.0,13201.0,13201.0,47193575.0,47193575.0,KOSDAQ,0.28
024910,경창산업,1590.0,143328.0,143328.0,227891520.0,227891520.0,KOSDAQ,-3.17
024950,삼천리자전거,4580.0,45010.0,45010.0,206145800.0,206145800.0,KOSDAQ,-0.43
241790,티이엠씨씨엔에스,5670.0,15332.0,15332.0,86932440.0,86932440.0,KOSDAQ,0.18
033310,엠투엔,1418.0,96847.0,96847.0,137329046.0,137329046.0,KOSDAQ,-1.39
347860,알체라,1344.0,54598.0,54598.0,73379712.0,73379712.0,KOSDAQ,0.0
053160,프리엠스,9440.0,8919.0,8919.0,84195360.0,84195360.0,KOSDAQ,0.43
053270,구영테크,2065.0,35652.0,35652.0,73621380.0,73621380.0,KOSDAQ,-1.2
027050,코리아나,1414.0,87019.0,87019.0,123044866.0,123044866.0,KOSDAQ,-0.49
010470,오리콤,4710.0,2764.0,2764.0,13018440.0,13018440.0,KOSDAQ,-0.74
025550,한국선재,2210.0,48467.0,48467.0,107112070.0,107112070.0,KOSDAQ,-1.34
225190,LK삼양,800.0,488004.0,488004.0,390403200.0,390403200.0,KOSDAQ,-1.23
054930,유신,18750.0,16796.0,16796.0,314925000.0,314925000.0,KOSDAQ,1.19
097800,윈팩,2060.0,32075.0,32075.0,66074500.0,66074500.0,KOSDAQ,0.73
053050,지에스이,1873.0,126693.0,126693.0,237295989.0,237295989.0,KOSDAQ,2.35
273640,와이엠텍,5120.0,9748.0,9748.0,49909760.0,49909760.0,KOSDAQ,0.99
352910,오비고,4420.0,24243.0,24243.0,107154060.0,107154060.0,KOSDAQ,1.73
228340,동양파일,2780.0,140116.0,140116.0,389522480.0,389522480.0,KOSDAQ,-1.42
288180,케이피항공산업,7520.0,11885.0,11885.0,89375200.0,89375200.0,KOSDAQ,-0.66
370090,퓨런티어,6490.0,19315.0,19315.0,125354350.0,125354350.0,KOSDAQ,3.51
036120,서울평가정보,1578.0,41883.0,41883.0,66091374.0,66091374.0,KOSDAQ,-0.13
036670,삼양케이씨아이,5150.0,7674.0,7674.0,39521100.0,39521100.0,KOSDAQ,-0.19
040610,SG&G,3250.0,23552.0,23552.0,76544000.0,76544000.0,KOSDAQ,0.0
453860,에이에스텍,8520.0,2428.0,2428.0,20686560.0,20686560.0,KOSDAQ,0.0
046940,우원개발,3035.0,82865.0,82865.0,251495275.0,251495275.0,KOSDAQ,-0.65
347740,피엔케이피부임상연구센타,1818.0,96082.0,96082.0,174677076.0,174677076.0,KOSDAQ,-3.4
408470,한패스,5150.0,19647.0,19647.0,101182050.0,101182050.0,KOSDAQ,-0.58
452400,이닉스,5990.0,14298.0,14298.0,85645020.0,85645020.0,KOSDAQ,1.87
104620,노랑풍선,3230.0,19072.0,19072.0,61602560.0,61602560.0,KOSDAQ,-1.22
238090,앤디포스,1774.0,24189.0,24189.0,42911286.0,42911286.0,KOSDAQ,-3.06
042110,에스씨디,1118.0,305819.0,305819.0,341905642.0,341905642.0,KOSDAQ,4.78
435570,에르코스,7070.0,2338.0,2338.0,16529660.0,16529660.0,KOSDAQ,-0.14
117670,알파칩스,8080.0,5327.0,5327.0,43042160.0,43042160.0,KOSDAQ,0.12
104540,코렌텍,4005.0,9970.0,9970.0,39929850.0,39929850.0,KOSDAQ,1.01
065170,비엘팜텍,1921.0,400167.0,400167.0,768720807.0,768720807.0,KOSDAQ,3.11
192250,케이사인,7580.0,6146.0,6146.0,46586680.0,46586680.0,KOSDAQ,0.4
094940,푸른로보틱스,6400.0,76651.0,76651.0,490566400.0,490566400.0,KOSDAQ,-2.88
060570,드림어스컴퍼니,3595.0,11270.0,11270.0,40515650.0,40515650.0,KOSDAQ,6.52
088910,동우팜투테이블,2070.0,46024.0,46024.0,95269680.0,95269680.0,KOSDAQ,-0.48
262260,에이프로,3510.0,53245.0,53245.0,186889950.0,186889950.0,KOSDAQ,2.93
092300,현우산업,2620.0,73517.0,73517.0,192614540.0,192614540.0,KOSDAQ,0.38
043710,코스리거글로벌,3045.0,2858.0,2858.0,8702610.0,8702610.0,KOSDAQ,2.7
376290,씨유테크,2985.0,23990.0,23990.0,71610150.0,71610150.0,KOSDAQ,0.67
314140,알피바이오,6070.0,16220.0,16220.0,98455400.0,98455400.0,KOSDAQ,0.5
170790,파이오링크,8220.0,5841.0,5841.0,48013020.0,48013020.0,KOSDAQ,-0.12
056360,코위버,5350.0,61268.0,61268.0,327783800.0,327783800.0,KOSDAQ,-0.56
317830,에스피시스템스,4830.0,16126.0,16126.0,77888580.0,77888580.0,KOSDAQ,1.26
317530,에피소드컴퍼니,2970.0,1010.0,1010.0,2999700.0,2999700.0,KOSDAQ,1.71
039240,경남스틸,1925.0,14168.0,14168.0,27273400.0,27273400.0,KOSDAQ,-0.41
311690,CJ 바이오사이언스,3965.0,9059.0,9059.0,35918935.0,35918935.0,KOSDAQ,2.99
299170,더블유에스아이,1244.0,98150.0,98150.0,122098600.0,122098600.0,KOSDAQ,-0.24
027830,대성창투,956.0,22252.0,22252.0,21272912.0,21272912.0,KOSDAQ,0.0
105760,포스뱅크,5060.0,45802.0,45802.0,231758120.0,231758120.0,KOSDAQ,0.8
260930,씨티케이,2660.0,8691.0,8691.0,23118060.0,23118060.0,KOSDAQ,1.14
217500,러셀,1607.0,18932.0,18932.0,30423724.0,30423724.0,KOSDAQ,0.88
015710,코콤,2910.0,25040.0,25040.0,72866400.0,72866400.0,KOSDAQ,1.22
0013V0,삼진식품,5140.0,25704.0,25704.0,132118560.0,132118560.0,KOSDAQ,-2.65
019990,에너토크,5210.0,40319.0,40319.0,210061990.0,210061990.0,KOSDAQ,0.39
391710,코닉오토메이션,1187.0,16531.0,16531.0,19622297.0,19622297.0,KOSDAQ,-0.17
463480,모티브링크,4065.0,15084.0,15084.0,61316460.0,61316460.0,KOSDAQ,0.12
060560,HC홈센타,1976.0,3044.0,3044.0,6014944.0,6014944.0,KOSDAQ,0.25
256630,포인트엔지니어링,4310.0,3249.0,3249.0,14003190.0,14003190.0,KOSDAQ,0.47
071670,에이테크솔루션,4980.0,6917.0,6917.0,34446660.0,34446660.0,KOSDAQ,0.61
014950,삼익제약,4945.0,49247.0,49247.0,243526415.0,243526415.0,KOSDAQ,-1.1
315640,딥노이드,1690.0,53928.0,53928.0,91138320.0,91138320.0,KOSDAQ,-1.17
038010,제일테크노스,5500.0,14517.0,14517.0,79843500.0,79843500.0,KOSDAQ,-0.9
046210,HLB파나진,1085.0,81693.0,81693.0,88636905.0,88636905.0,KOSDAQ,-1.45
246690,TS인베스트먼트,2075.0,296342.0,296342.0,614909650.0,614909650.0,KOSDAQ,5.98
109080,옵티시스,8750.0,14096.0,14096.0,123340000.0,123340000.0,KOSDAQ,2.1
122310,제노레이,3375.0,3855.0,3855.0,13010625.0,13010625.0,KOSDAQ,-0.15
317850,대모,5860.0,23050.0,23050.0,135073000.0,135073000.0,KOSDAQ,0.69
037950,엘컴텍,2885.0,15200.0,15200.0,43852000.0,43852000.0,KOSDAQ,-1.7
179900,유티아이,2460.0,210152.0,210152.0,516973920.0,516973920.0,KOSDAQ,-4.09
340810,시선AI,3565.0,206878.0,206878.0,737520070.0,737520070.0,KOSDAQ,2.0
317690,퀀타매트릭스,2410.0,48062.0,48062.0,115829420.0,115829420.0,KOSDAQ,-1.23
229000,젠큐릭스,2065.0,727523.0,727523.0,1502334995.0,1502334995.0,KOSDAQ,14.09
317870,엔바이오니아,5460.0,6231.0,6231.0,34021260.0,34021260.0,KOSDAQ,-1.27
072470,우리산업홀딩스,2550.0,7459.0,7459.0,19020450.0,19020450.0,KOSDAQ,4.29
053980,오상자이엘,2530.0,79811.0,79811.0,201921830.0,201921830.0,KOSDAQ,1.0
063440,SM Life Design,1058.0,43191.0,43191.0,45696078.0,45696078.0,KOSDAQ,-0.47
145170,노브랜드,2825.0,25557.0,25557.0,72198525.0,72198525.0,KOSDAQ,-1.22
143540,영우디에스피,1068.0,126723.0,126723.0,135340164.0,135340164.0,KOSDAQ,-1.57
227950,엔투텍,1380.0,152268.0,152268.0,210129840.0,210129840.0,KOSDAQ,1.62
065130,탑엔지니어링,2970.0,26379.0,26379.0,78345630.0,78345630.0,KOSDAQ,1.71
129890,앱코,1036.0,83518.0,83518.0,86524648.0,86524648.0,KOSDAQ,0.58
099410,동방선기,3370.0,95793.0,95793.0,322822410.0,322822410.0,KOSDAQ,0.75
440290,HB인베스트먼트,1715.0,11944.0,11944.0,20483960.0,20483960.0,KOSDAQ,-0.29
053450,세코닉스,3175.0,51016.0,51016.0,161975800.0,161975800.0,KOSDAQ,-0.47
068330,일신바이오,1058.0,65097.0,65097.0,68872626.0,68872626.0,KOSDAQ,2.42
476040,오가노이드사이언스,7100.0,13171.0,13171.0,93514100.0,93514100.0,KOSDAQ,0.0
277070,린드먼아시아,3405.0,7350.0,7350.0,25026750.0,25026750.0,KOSDAQ,0.0
081180,쎄크,5280.0,15110.0,15110.0,79780800.0,79780800.0,KOSDAQ,2.52
163280,에어레인,3425.0,35576.0,35576.0,121847800.0,121847800.0,KOSDAQ,0.59
384470,코어라인소프트,2595.0,15525.0,15525.0,40287375.0,40287375.0,KOSDAQ,0.97
361570,알비더블유,1619.0,133369.0,133369.0,215924411.0,215924411.0,KOSDAQ,-0.12
321260,프로이천,1650.0,79065.0,79065.0,130457250.0,130457250.0,KOSDAQ,0.67
340360,다보링크,893.0,134342.0,134342.0,119967406.0,119967406.0,KOSDAQ,0.34
094970,제이엠티,2770.0,52104.0,52104.0,144328080.0,144328080.0,KOSDAQ,-0.54
471820,셀로맥스사이언스,4100.0,838.0,838.0,3435800.0,3435800.0,KOSDAQ,0.37
189980,흥국에프엔비,1146.0,8900.0,8900.0,10199400.0,10199400.0,KOSDAQ,-0.17
136410,아셈스,4170.0,5287.0,5287.0,22046790.0,22046790.0,KOSDAQ,-0.95
048770,TPC로보틱스,2920.0,50842.0,50842.0,148458640.0,148458640.0,KOSDAQ,0.69
198080,캐프,2120.0,120305.0,120305.0,255046600.0,255046600.0,KOSDAQ,-1.62
224110,에이텍모빌리티,8980.0,1363.0,1363.0,12239740.0,12239740.0,KOSDAQ,0.0
051390,YW,4015.0,1102.0,1102.0,4424530.0,4424530.0,KOSDAQ,0.63
373200,엑스플러스,1818.0,8637.0,8637.0,15702066.0,15702066.0,KOSDAQ,-0.05
0010V0,제이피아이헬스케어,8850.0,3846.0,3846.0,34037100.0,34037100.0,KOSDAQ,1.37
382150,온코크로스,3440.0,19385.0,19385.0,66684400.0,66684400.0,KOSDAQ,-0.29
127710,아시아경제,1018.0,6567.0,6567.0,6685206.0,6685206.0,KOSDAQ,1.9
084650,랩지노믹스,601.0,424731.0,424731.0,255263331.0,255263331.0,KOSDAQ,-0.99
208860,다산디엠씨,1311.0,144549.0,144549.0,189503739.0,189503739.0,KOSDAQ,2.34
052790,액토즈소프트,4060.0,12336.0,12336.0,50084160.0,50084160.0,KOSDAQ,1.12
050120,ES큐브,3265.0,1673.0,1673.0,5462345.0,5462345.0,KOSDAQ,-0.91
199550,레이저옵텍,2980.0,74885.0,74885.0,223157300.0,223157300.0,KOSDAQ,7.19
189860,서전기전,4550.0,231423.0,231423.0,1052974650.0,1052974650.0,KOSDAQ,-2.05
159580,제로투세븐,2200.0,171461.0,171461.0,377214200.0,377214200.0,KOSDAQ,0.92
307280,원바이오젠,6190.0,14181.0,14181.0,87780390.0,87780390.0,KOSDAQ,0.0
066130,하츠,3430.0,15069.0,15069.0,51686670.0,51686670.0,KOSDAQ,0.29
072990,에이치시티,3025.0,24042.0,24042.0,72727050.0,72727050.0,KOSDAQ,-2.26
461030,아이엠비디엑스,3055.0,9682.0,9682.0,29578510.0,29578510.0,KOSDAQ,1.66
258610,케일럼,1200.0,17692.0,17692.0,21230400.0,21230400.0,KOSDAQ,0.76
007680,대원,3310.0,3737.0,3737.0,12369470.0,12369470.0,KOSDAQ,0.3
263020,디케이앤디,3155.0,30115.0,30115.0,95012825.0,95012825.0,KOSDAQ,0.48
114450,그린생명과학,2180.0,99258.0,99258.0,216382440.0,216382440.0,KOSDAQ,-1.8
190650,코리아에셋투자증권,6810.0,1760.0,1760.0,11985600.0,11985600.0,KOSDAQ,0.44
083550,케이엠,3200.0,22718.0,22718.0,72697600.0,72697600.0,KOSDAQ,1.11
073110,엘엠에스,4875.0,652.0,652.0,3178500.0,3178500.0,KOSDAQ,1.88
460470,아이빔테크놀로지,2865.0,20053.0,20053.0,57451845.0,57451845.0,KOSDAQ,-3.37
065500,오리엔트정공,1211.0,56209.0,56209.0,68069099.0,68069099.0,KOSDAQ,-0.08
131400,이브이첨단소재,725.0,1018039.0,1018039.0,738078275.0,738078275.0,KOSDAQ,-0.41
196300,HLB펩,4550.0,8504.0,8504.0,38693200.0,38693200.0,KOSDAQ,-2.78
355690,에이텀,4510.0,28351.0,28351.0,127863010.0,127863010.0,KOSDAQ,2.5
059100,아이컴포넌트,6090.0,6118.0,6118.0,37258620.0,37258620.0,KOSDAQ,-1.46
466410,사이냅소프트,8540.0,3593.0,3593.0,30684220.0,30684220.0,KOSDAQ,0.47
261520,이지스,4160.0,7118.0,7118.0,29610880.0,29610880.0,KOSDAQ,-0.12
219550,디와이디,1102.0,32035.0,32035.0,35302570.0,35302570.0,KOSDAQ,1.75
424980,마이크로투나노,7200.0,4961.0,4961.0,35719200.0,35719200.0,KOSDAQ,-0.69
479960,위너스일렉,5960.0,6402.0,6402.0,38155920.0,38155920.0,KOSDAQ,-1.0
089790,제이티,4100.0,29537.0,29537.0,121101700.0,121101700.0,KOSDAQ,-0.12
037230,한국팩키지,1418.0,21016.0,21016.0,29800688.0,29800688.0,KOSDAQ,0.07
140520,대창스틸,1996.0,5206.0,5206.0,10391176.0,10391176.0,KOSDAQ,-0.2
450330,하스,5140.0,12870.0,12870.0,66151800.0,66151800.0,KOSDAQ,0.78
218150,미래생명자원,2060.0,241712.0,241712.0,497926720.0,497926720.0,KOSDAQ,2.49
014190,원익큐브,1188.0,17047.0,17047.0,20251836.0,20251836.0,KOSDAQ,-0.17
189690,포시에스,1537.0,27592.0,27592.0,42408904.0,42408904.0,KOSDAQ,1.05
222420,쎄노텍,864.0,97605.0,97605.0,84330720.0,84330720.0,KOSDAQ,-0.23
002290,삼일기업공사,3370.0,2449.0,2449.0,8253130.0,8253130.0,KOSDAQ,0.9
033340,좋은사람들,430.0,2486499.0,2486499.0,1069194570.0,1069194570.0,KOSDAQ,-6.72
052220,iMBC,1812.0,21466.0,21466.0,38896392.0,38896392.0,KOSDAQ,-0.28
238120,얼라인드,2925.0,47134.0,47134.0,137866950.0,137866950.0,KOSDAQ,-1.68
373160,데이원컴퍼니,3000.0,4381.0,4381.0,13143000.0,13143000.0,KOSDAQ,0.33
123010,MSDI,2040.0,39160.0,39160.0,79886400.0,79886400.0,KOSDAQ,0.49
150900,파수AI,3520.0,29711.0,29711.0,104582720.0,104582720.0,KOSDAQ,0.14
900250,크리스탈신소재,1149.0,106683.0,106683.0,122578767.0,122578767.0,KOSDAQ,-2.13
056700,신화인터텍,1410.0,5693.0,5693.0,8027130.0,8027130.0,KOSDAQ,0.28
072770,멤레이비티,987.0,1398876.0,1398876.0,1380690612.0,1380690612.0,KOSDAQ,8.58
042940,상지건설,5990.0,45079.0,45079.0,270023210.0,270023210.0,KOSDAQ,-0.33
038060,루멘스,850.0,196139.0,196139.0,166718150.0,166718150.0,KOSDAQ,2.41
088280,쏘닉스,2355.0,30170.0,30170.0,71050350.0,71050350.0,KOSDAQ,5.13
263810,상신전자,2555.0,11310.0,11310.0,28897050.0,28897050.0,KOSDAQ,-0.58
256150,한독크린텍,4845.0,3857.0,3857.0,18687165.0,18687165.0,KOSDAQ,1.04
234100,폴라리스세원,2785.0,5768.0,5768.0,16063880.0,16063880.0,KOSDAQ,-0.54
413640,비아이매트릭스,5640.0,15869.0,15869.0,89501160.0,89501160.0,KOSDAQ,-1.74
086060,진바이오텍,4720.0,14639.0,14639.0,69096080.0,69096080.0,KOSDAQ,0.85
038070,서린바이오,4340.0,15313.0,15313.0,66458420.0,66458420.0,KOSDAQ,-2.36
261200,덴티스,2545.0,10106.0,10106.0,25719770.0,25719770.0,KOSDAQ,-0.97
178780,일월지엠엘,2155.0,95866.0,95866.0,206591230.0,206591230.0,KOSDAQ,-4.22
290670,대보마그네틱,5080.0,4844.0,4844.0,24607520.0,24607520.0,KOSDAQ,2.63
046310,백금T&A,2430.0,28762.0,28762.0,69891660.0,69891660.0,KOSDAQ,1.89
122690,서진오토모티브,1723.0,8221.0,8221.0,14164783.0,14164783.0,KOSDAQ,-1.26
321820,아티스트컴퍼니,2550.0,10514.0,10514.0,26810700.0,26810700.0,KOSDAQ,6.25
101240,씨큐브,3490.0,11233.0,11233.0,39203170.0,39203170.0,KOSDAQ,-0.29
025880,케이씨피드,2370.0,56417.0,56417.0,133708290.0,133708290.0,KOSDAQ,0.21
043910,자연과환경,3490.0,210972.0,210972.0,736292280.0,736292280.0,KOSDAQ,-5.68
043340,에쎈테크,833.0,32215.0,32215.0,26835095.0,26835095.0,KOSDAQ,-1.77
049830,승일,6450.0,2811.0,2811.0,18130950.0,18130950.0,KOSDAQ,1.26
452200,민테크,1619.0,88818.0,88818.0,143796342.0,143796342.0,KOSDAQ,5.4
066900,디에이피,1724.0,4862.0,4862.0,8382088.0,8382088.0,KOSDAQ,-2.32
171010,램테크놀러지,2740.0,54939.0,54939.0,150532860.0,150532860.0,KOSDAQ,0.37
199480,뱅크웨어글로벌,3835.0,23232.0,23232.0,89094720.0,89094720.0,KOSDAQ,-2.91
278650,HLB바이오스텝,2240.0,27977.0,27977.0,62668480.0,62668480.0,KOSDAQ,-3.24
250000,보라티알,5770.0,1513.0,1513.0,8730010.0,8730010.0,KOSDAQ,1.41
044960,이글벳,3080.0,18675.0,18675.0,57519000.0,57519000.0,KOSDAQ,-0.32
060850,영림원소프트랩,4775.0,6553.0,6553.0,31290575.0,31290575.0,KOSDAQ,-1.85
086040,바이오톡스텍,2430.0,10288.0,10288.0,24999840.0,24999840.0,KOSDAQ,-2.21
263770,유에스티,1636.0,1045.0,1045.0,1709620.0,1709620.0,KOSDAQ,-0.24
097870,효성오앤비,4565.0,8455.0,8455.0,38597075.0,38597075.0,KOSDAQ,-0.44
153460,네이블,5920.0,7498.0,7498.0,44388160.0,44388160.0,KOSDAQ,-5.28
221840,하이즈항공,2065.0,2955.0,2955.0,6102075.0,6102075.0,KOSDAQ,3.61
219420,링크제니시스,3360.0,22344.0,22344.0,75075840.0,75075840.0,KOSDAQ,1.82
100660,서암기계공업,3050.0,15335.0,15335.0,46771750.0,46771750.0,KOSDAQ,-1.13
014570,고려제약,3490.0,5526.0,5526.0,19285740.0,19285740.0,KOSDAQ,0.87
104200,NHN벅스,2585.0,38265.0,38265.0,98915025.0,98915025.0,KOSDAQ,3.82
051490,나라엠앤디,2695.0,14539.0,14539.0,39182605.0,39182605.0,KOSDAQ,1.89
042040,케이피엠테크,4405.0,5847.0,5847.0,25756035.0,25756035.0,KOSDAQ,0.0
221980,케이디켐,9460.0,1739.0,1739.0,16450940.0,16450940.0,KOSDAQ,1.07
065440,이루온,1399.0,83337.0,83337.0,116588463.0,116588463.0,KOSDAQ,1.01
186230,그린플러스,3490.0,10989.0,10989.0,38351610.0,38351610.0,KOSDAQ,0.43
019770,서연탑메탈,3260.0,7300.0,7300.0,23798000.0,23798000.0,KOSDAQ,0.0
177900,쓰리에이로직스,3940.0,10058.0,10058.0,39628520.0,39628520.0,KOSDAQ,0.25
057540,옴니시스템,637.0,65506.0,65506.0,41727322.0,41727322.0,KOSDAQ,0.31
369370,블리츠웨이엔터테인먼트,3750.0,11706.0,11706.0,43897500.0,43897500.0,KOSDAQ,1.21
263700,케어랩스,1925.0,15030.0,15030.0,28932750.0,28932750.0,KOSDAQ,-0.26
208710,포톤,2835.0,59103.0,59103.0,167557005.0,167557005.0,KOSDAQ,1.07
050860,아세아텍,1658.0,6497.0,6497.0,10772026.0,10772026.0,KOSDAQ,-0.24
016600,큐캐피탈,2670.0,14351.0,14351.0,38317170.0,38317170.0,KOSDAQ,1.91
046390,삼화네트웍스,2155.0,11254.0,11254.0,24252370.0,24252370.0,KOSDAQ,1.65
318410,비비씨,6690.0,14532.0,14532.0,97219080.0,97219080.0,KOSDAQ,1.36
123570,이엠넷,1650.0,930.0,930.0,1534500.0,1534500.0,KOSDAQ,0.0
397810,애드포러스,7100.0,12727.0,12727.0,90361700.0,90361700.0,KOSDAQ,-0.7
121890,에스디시스템,2745.0,301303.0,301303.0,827076735.0,827076735.0,KOSDAQ,0.0
045060,오공,2150.0,13816.0,13816.0,29704400.0,29704400.0,KOSDAQ,-0.23
352700,씨앤투스,1385.0,9208.0,9208.0,12753080.0,12753080.0,KOSDAQ,0.07
215380,콜마바이오텍,2160.0,14403.0,14403.0,31110480.0,31110480.0,KOSDAQ,-2.48
290120,DH오토리드,2295.0,4833.0,4833.0,11091735.0,11091735.0,KOSDAQ,0.22
270870,뉴트리,4020.0,8411.0,8411.0,33812220.0,33812220.0,KOSDAQ,0.0
024120,KB오토시스,3140.0,24815.0,24815.0,77919100.0,77919100.0,KOSDAQ,0.32
260660,알리코제약,2355.0,42313.0,42313.0,99647115.0,99647115.0,KOSDAQ,-3.09
475460,미트박스,6390.0,10236.0,10236.0,65408040.0,65408040.0,KOSDAQ,1.43
393210,토마토시스템,2305.0,15861.0,15861.0,36559605.0,36559605.0,KOSDAQ,-1.5
035460,기산텔레콤,2410.0,63604.0,63604.0,153285640.0,153285640.0,KOSDAQ,2.77
408900,스튜디오미르,1096.0,40596.0,40596.0,44493216.0,44493216.0,KOSDAQ,-0.45
032960,동일기연,2040.0,1144.0,1144.0,2333760.0,2333760.0,KOSDAQ,-1.45
006920,모헨즈,3270.0,38119.0,38119.0,124649130.0,124649130.0,KOSDAQ,-1.21
432430,와이랩,2160.0,2955.0,2955.0,6382800.0,6382800.0,KOSDAQ,1.17
446840,지슨,3235.0,26215.0,26215.0,84805525.0,84805525.0,KOSDAQ,-6.37
204020,그리티,1830.0,38220.0,38220.0,69942600.0,69942600.0,KOSDAQ,-0.05
033170,시그네틱스,2075.0,2551131.0,2551131.0,5293596825.0,5293596825.0,KOSDAQ,-6.11
203450,유니온바이오메트릭스,2520.0,8023.0,8023.0,20217960.0,20217960.0,KOSDAQ,0.0
206400,베노티앤알,943.0,12218.0,12218.0,11521574.0,11521574.0,KOSDAQ,0.53
184230,SGA솔루션즈,1868.0,12304.0,12304.0,22983872.0,22983872.0,KOSDAQ,-0.53
081580,성우전자,2275.0,17167.0,17167.0,39054925.0,39054925.0,KOSDAQ,-1.94
465480,인스피언,3480.0,9859.0,9859.0,34309320.0,34309320.0,KOSDAQ,6.75
052600,한네트,3050.0,13755.0,13755.0,41952750.0,41952750.0,KOSDAQ,0.66
348080,큐라티스,2745.0,28353.0,28353.0,77828985.0,77828985.0,KOSDAQ,-0.54
133750,메가엠디,1503.0,3482.0,3482.0,5233446.0,5233446.0,KOSDAQ,-0.73
173940,에프엔씨엔터,2275.0,15016.0,15016.0,34161400.0,34161400.0,KOSDAQ,0.44
045510,정원엔시스,1109.0,79717.0,79717.0,88406153.0,88406153.0,KOSDAQ,-1.07
387570,파인메딕스,6200.0,11084.0,11084.0,68720800.0,68720800.0,KOSDAQ,0.98
057030,YBM넷,2120.0,18340.0,18340.0,38880800.0,38880800.0,KOSDAQ,-1.62
026040,제이에스티나,2095.0,115325.0,115325.0,241605875.0,241605875.0,KOSDAQ,-2.33
159910,에코글로우,3270.0,41700.0,41700.0,136359000.0,136359000.0,KOSDAQ,0.0
363250,진시스템,4020.0,1853.0,1853.0,7449060.0,7449060.0,KOSDAQ,-0.62
064480,브리지텍,2860.0,27465.0,27465.0,78549900.0,78549900.0,KOSDAQ,0.18
464280,티디에스팜,6180.0,30324.0,30324.0,187402320.0,187402320.0,KOSDAQ,0.16
335810,프리시젼바이오,1554.0,17165.0,17165.0,26674410.0,26674410.0,KOSDAQ,6.08
039290,인포뱅크,3890.0,1323.0,1323.0,5146470.0,5146470.0,KOSDAQ,2.37
317240,TS트릴리온,1157.0,99483.0,99483.0,115101831.0,115101831.0,KOSDAQ,3.21
033540,파라텍,3230.0,5063.0,5063.0,16353490.0,16353490.0,KOSDAQ,-0.15
226330,신테카바이오,1388.0,1313266.0,1313266.0,1822813208.0,1822813208.0,KOSDAQ,13.12
148930,에이치와이티씨,3300.0,7365.0,7365.0,24304500.0,24304500.0,KOSDAQ,-1.2
419120,산돌,2360.0,6716.0,6716.0,15849760.0,15849760.0,KOSDAQ,-0.84
376980,원티드랩,3430.0,27672.0,27672.0,94914960.0,94914960.0,KOSDAQ,0.0
049120,파인디앤씨,3155.0,249666.0,249666.0,787696230.0,787696230.0,KOSDAQ,9.93
064520,테크엘,1489.0,3436.0,3436.0,5116204.0,5116204.0,KOSDAQ,-0.8
007530,와이엠,1495.0,5575.0,5575.0,8334625.0,8334625.0,KOSDAQ,0.07
127980,화인써키트,2800.0,5173.0,5173.0,14484400.0,14484400.0,KOSDAQ,2.56
075130,플랜티넷,2050.0,21850.0,21850.0,44792500.0,44792500.0,KOSDAQ,0.24
220180,폴라리스AI핸디,1381.0,4506.0,4506.0,6222786.0,6222786.0,KOSDAQ,-1.22
128540,에코캡,1237.0,17366.0,17366.0,21481742.0,21481742.0,KOSDAQ,-2.37
296640,이노에이엑스,6360.0,10436.0,10436.0,66372960.0,66372960.0,KOSDAQ,1.27
025440,DH오토웨어,3370.0,2294.0,2294.0,7730780.0,7730780.0,KOSDAQ,-0.15
452300,캡스톤파트너스,2315.0,172722.0,172722.0,399851430.0,399851430.0,KOSDAQ,2.21
348030,모비릭스,3415.0,47573.0,47573.0,162461795.0,162461795.0,KOSDAQ,-1.3
263920,휴엠앤씨,3335.0,733.0,733.0,2444555.0,2444555.0,KOSDAQ,-0.3
037330,인지디스플레,745.0,14913.0,14913.0,11110185.0,11110185.0,KOSDAQ,-0.8
021650,한국큐빅,1997.0,13765.0,13765.0,27488705.0,27488705.0,KOSDAQ,-2.35
060540,에스에이티,1248.0,66287.0,66287.0,82726176.0,82726176.0,KOSDAQ,1.63
469750,아이비젼웍스,945.0,51871.0,51871.0,49018095.0,49018095.0,KOSDAQ,-0.74
239890,피엔에이치테크,3275.0,5222.0,5222.0,17102050.0,17102050.0,KOSDAQ,-1.95
318020,포인트모바일,2635.0,15494.0,15494.0,40826690.0,40826690.0,KOSDAQ,-6.06
131090,시큐브,4220.0,52658.0,52658.0,222216760.0,222216760.0,KOSDAQ,3.18
476080,M83,3995.0,18848.0,18848.0,75297760.0,75297760.0,KOSDAQ,0.88
434480,모니터랩,2620.0,13585.0,13585.0,35592700.0,35592700.0,KOSDAQ,-1.87
089140,넥스턴앤롤코리아,2105.0,92167.0,92167.0,194011535.0,194011535.0,KOSDAQ,1.2
038950,파인디지털,3150.0,1349.0,1349.0,4249350.0,4249350.0,KOSDAQ,0.0
200780,비씨월드제약,3015.0,8300.0,8300.0,25024500.0,25024500.0,KOSDAQ,-0.99
417860,오브젠,6830.0,6634.0,6634.0,45310220.0,45310220.0,KOSDAQ,0.44
311390,네오크레마,2540.0,11364.0,11364.0,28864560.0,28864560.0,KOSDAQ,2.21
105550,엣지파운드리,2045.0,106838.0,106838.0,218483710.0,218483710.0,KOSDAQ,-2.62
232830,아이티센피엔에스,1932.0,10428.0,10428.0,20146896.0,20146896.0,KOSDAQ,1.2
071850,캐스텍코리아,1315.0,1890.0,1890.0,2485350.0,2485350.0,KOSDAQ,-0.38
065950,웰크론,1130.0,32117.0,32117.0,36292210.0,36292210.0,KOSDAQ,1.99
305090,마이크로디지탈,1700.0,115660.0,115660.0,196622000.0,196622000.0,KOSDAQ,0.95
068050,팬엔터테인먼트,1149.0,34232.0,34232.0,39332568.0,39332568.0,KOSDAQ,-1.63
271830,팸텍,1079.0,79038.0,79038.0,85282002.0,85282002.0,KOSDAQ,-1.37
087600,픽셀플러스,3885.0,389.0,389.0,1511265.0,1511265.0,KOSDAQ,2.91
099390,브레인즈컴퍼니,3860.0,14388.0,14388.0,55537680.0,55537680.0,KOSDAQ,2.8
290560,파라택시스이더리움,1415.0,443366.0,443366.0,627362890.0,627362890.0,KOSDAQ,-1.67
089150,케이씨티,1845.0,18348.0,18348.0,33852060.0,33852060.0,KOSDAQ,-0.86
187270,신화콘텍,3105.0,3942.0,3942.0,12239910.0,12239910.0,KOSDAQ,0.32
037370,EG,3645.0,3924.0,3924.0,14302980.0,14302980.0,KOSDAQ,2.1
053950,경남제약,1601.0,22139.0,22139.0,35444539.0,35444539.0,KOSDAQ,1.27
106240,파인테크닉스,1178.0,21842.0,21842.0,25729876.0,25729876.0,KOSDAQ,-0.42
080520,오디텍,2765.0,27097.0,27097.0,74923205.0,74923205.0,KOSDAQ,0.0
031510,오스템,1118.0,149060.0,149060.0,166649080.0,166649080.0,KOSDAQ,-1.67
012620,원일특강,7060.0,858.0,858.0,6057480.0,6057480.0,KOSDAQ,0.14
462310,뉴키즈온,3925.0,8063.0,8063.0,31647275.0,31647275.0,KOSDAQ,1.16
022220,티케이지애강,598.0,39886.0,39886.0,23851828.0,23851828.0,KOSDAQ,1.53
197140,디지캡,2380.0,12978.0,12978.0,30887640.0,30887640.0,KOSDAQ,1.49
109820,진매트릭스,1518.0,80761.0,80761.0,122595198.0,122595198.0,KOSDAQ,-0.72
290090,트윔,4145.0,1069.0,1069.0,4431005.0,4431005.0,KOSDAQ,0.48
093380,풍강,3120.0,30969.0,30969.0,96623280.0,96623280.0,KOSDAQ,0.32
088340,유라클,7060.0,7112.0,7112.0,50210720.0,50210720.0,KOSDAQ,0.86
020180,대신정보통신,4000.0,12900.0,12900.0,51600000.0,51600000.0,KOSDAQ,1.01
452160,제이엔비,3195.0,2646.0,2646.0,8453970.0,8453970.0,KOSDAQ,0.63
078590,휴림에이텍,3075.0,245955.0,245955.0,756311625.0,756311625.0,KOSDAQ,1.32
050110,캠시스,1049.0,94348.0,94348.0,98971052.0,98971052.0,KOSDAQ,2.04
033830,티비씨,1621.0,6022.0,6022.0,9761662.0,9761662.0,KOSDAQ,0.0
407400,꿈비,2085.0,31624.0,31624.0,65936040.0,65936040.0,KOSDAQ,1.46
097780,에코볼트,1502.0,18700.0,18700.0,28087400.0,28087400.0,KOSDAQ,0.6
360350,코셈,5580.0,6635.0,6635.0,37023300.0,37023300.0,KOSDAQ,1.45
079170,한창산업,5820.0,9031.0,9031.0,52560420.0,52560420.0,KOSDAQ,-0.68
091970,LSK아이로봇,4010.0,38582.0,38582.0,154713820.0,154713820.0,KOSDAQ,1.52
237820,플레이디,2355.0,24263.0,24263.0,57139365.0,57139365.0,KOSDAQ,3.06
066910,손오공,1939.0,11045.0,11045.0,21416255.0,21416255.0,KOSDAQ,3.58
096630,에스코넥,1877.0,14978.0,14978.0,28113706.0,28113706.0,KOSDAQ,-0.11
444530,심플랫폼,4625.0,3392.0,3392.0,15688000.0,15688000.0,KOSDAQ,-0.54
215090,솔디펜스,1284.0,51345.0,51345.0,65926980.0,65926980.0,KOSDAQ,-0.08
318010,팜스빌,3730.0,2345.0,2345.0,8746850.0,8746850.0,KOSDAQ,0.27
458350,에스팀,3400.0,6800.0,6800.0,23120000.0,23120000.0,KOSDAQ,-0.44
364950,에이아이코리아,3550.0,24966.0,24966.0,88629300.0,88629300.0,KOSDAQ,3.05
351330,이삭엔지니어링,3545.0,6400.0,6400.0,22688000.0,22688000.0,KOSDAQ,1.0
464580,닷밀,1594.0,12068.0,12068.0,19236392.0,19236392.0,KOSDAQ,-0.37
254120,자비스,954.0,88048.0,88048.0,83997792.0,83997792.0,KOSDAQ,2.03
195500,마니커에프앤지,1834.0,3860447.0,3860447.0,7080059798.0,7080059798.0,KOSDAQ,1.38
193250,링크드,2190.0,107698.0,107698.0,235858620.0,235858620.0,KOSDAQ,-4.78
075970,동국알앤에스,1589.0,14621.0,14621.0,23232769.0,23232769.0,KOSDAQ,-0.69
119500,포메탈,2465.0,26713.0,26713.0,65847545.0,65847545.0,KOSDAQ,1.23
101670,하이드로리튬,514.0,823466.0,823466.0,423261524.0,423261524.0,KOSDAQ,-1.34
038620,위즈코프,1925.0,6098.0,6098.0,11738650.0,11738650.0,KOSDAQ,1.05
069140,누리플랜,1929.0,16200.0,16200.0,31249800.0,31249800.0,KOSDAQ,-1.23
239610,에이치엘사이언스,5400.0,597.0,597.0,3223800.0,3223800.0,KOSDAQ,0.0
013720,청보,2390.0,15103.0,15103.0,36096170.0,36096170.0,KOSDAQ,0.0
262840,아이퀘스트,2740.0,18263.0,18263.0,50040620.0,50040620.0,KOSDAQ,0.0
376180,피코그램,1550.0,27812.0,27812.0,43108600.0,43108600.0,KOSDAQ,-4.02
336060,웨이버스,2980.0,11065.0,11065.0,32973700.0,32973700.0,KOSDAQ,0.51
310870,디와이씨,1309.0,139993.0,139993.0,183250837.0,183250837.0,KOSDAQ,-0.08
053290,NE능률,1733.0,17907.0,17907.0,31032831.0,31032831.0,KOSDAQ,-2.64
367000,플래티어,3400.0,2829.0,2829.0,9618600.0,9618600.0,KOSDAQ,-0.15
139670,키네마스터,2020.0,25877.0,25877.0,52271540.0,52271540.0,KOSDAQ,2.69
103840,우양,1740.0,19604.0,19604.0,34110960.0,34110960.0,KOSDAQ,-0.46
008470,부스타,1693.0,49389.0,49389.0,83615577.0,83615577.0,KOSDAQ,-0.65
079000,와토스코리아,3950.0,9972.0,9972.0,39389400.0,39389400.0,KOSDAQ,1.28
069410,엔텔스,2770.0,6493.0,6493.0,17985610.0,17985610.0,KOSDAQ,-1.6
109960,앱토크롬,1875.0,5112.0,5112.0,9585000.0,9585000.0,KOSDAQ,-2.29
026910,광진실업,3565.0,59370.0,59370.0,211654050.0,211654050.0,KOSDAQ,-0.97
031310,아이즈비전,950.0,28078.0,28078.0,26674100.0,26674100.0,KOSDAQ,1.06
027040,서울전자통신,2030.0,76125.0,76125.0,154533750.0,154533750.0,KOSDAQ,5.29
017000,신원종합개발,2420.0,25735.0,25735.0,62278700.0,62278700.0,KOSDAQ,-1.22
045300,성우테크론,2670.0,21740.0,21740.0,58045800.0,58045800.0,KOSDAQ,2.69
160550,NEW,1006.0,27811.0,27811.0,27977866.0,27977866.0,KOSDAQ,-1.47
021880,메이슨캐피탈,1323.0,40365.0,40365.0,53402895.0,53402895.0,KOSDAQ,4.42
462980,아이지넷,1537.0,23429.0,23429.0,36010373.0,36010373.0,KOSDAQ,0.0
007720,소노스퀘어,1390.0,14338.0,14338.0,19929820.0,19929820.0,KOSDAQ,-1.91
115480,씨유메디칼,2310.0,27858.0,27858.0,64351980.0,64351980.0,KOSDAQ,-0.43
450520,인스웨이브,1893.0,21271.0,21271.0,40266003.0,40266003.0,KOSDAQ,0.16
043200,파루,1331.0,4192188.0,4192188.0,5579802228.0,5579802228.0,KOSDAQ,29.98
131220,대한과학,3730.0,7205.0,7205.0,26874650.0,26874650.0,KOSDAQ,2.75
356890,싸이버원,2320.0,7552.0,7552.0,17520640.0,17520640.0,KOSDAQ,0.87
068100,케이웨더,2325.0,4305.0,4305.0,10009125.0,10009125.0,KOSDAQ,-0.43
290270,휴네시온,2880.0,20991.0,20991.0,60454080.0,60454080.0,KOSDAQ,0.88
032750,삼진,3060.0,16114.0,16114.0,49308840.0,49308840.0,KOSDAQ,2.68
188260,세니젠,1985.0,980.0,980.0,1945300.0,1945300.0,KOSDAQ,-0.25
096690,에이루트,6850.0,5698.0,5698.0,39031300.0,39031300.0,KOSDAQ,0.0
900310,컬러레이,2150.0,3883.0,3883.0,8348450.0,8348450.0,KOSDAQ,-1.38
388610,지에프씨생명과학,5170.0,36526.0,36526.0,188839420.0,188839420.0,KOSDAQ,-5.31
300120,라온피플,2780.0,488238.0,488238.0,1357301640.0,1357301640.0,KOSDAQ,29.91
130500,GH신소재,1885.0,3675.0,3675.0,6927375.0,6927375.0,KOSDAQ,1.13
900070,글로벌에스엠,1016.0,10886.0,10886.0,11060176.0,11060176.0,KOSDAQ,-0.2
236810,엔비티,1606.0,38247.0,38247.0,61424682.0,61424682.0,KOSDAQ,0.69
430690,한싹,2500.0,28302.0,28302.0,70755000.0,70755000.0,KOSDAQ,2.04
016920,카스,1059.0,29749.0,29749.0,31504191.0,31504191.0,KOSDAQ,-1.03
083660,CSA 코스믹,1912.0,2177937.0,2177937.0,4164215544.0,4164215544.0,KOSDAQ,2.85
007770,한일화학,7740.0,9675.0,9675.0,74884500.0,74884500.0,KOSDAQ,0.52
058110,멕아이씨에스,1692.0,17224.0,17224.0,29143008.0,29143008.0,KOSDAQ,0.42
054780,키이스트,1380.0,913504.0,913504.0,1260635520.0,1260635520.0,KOSDAQ,7.81
368600,아이씨에이치,1050.0,18839344.0,18839344.0,19781311200.0,19781311200.0,KOSDAQ,9.38
406820,뷰티스킨,1909.0,124370.0,124370.0,237422330.0,237422330.0,KOSDAQ,-1.09
070590,인티큐브,1938.0,6264.0,6264.0,12139632.0,12139632.0,KOSDAQ,-0.87
067010,이씨에스,2470.0,41389.0,41389.0,102230830.0,102230830.0,KOSDAQ,0.61
267790,배럴,3490.0,6012.0,6012.0,20981880.0,20981880.0,KOSDAQ,1.01
080530,코디,2420.0,9649.0,9649.0,23350580.0,23350580.0,KOSDAQ,-4.16
368970,오에스피,2375.0,46946.0,46946.0,111496750.0,111496750.0,KOSDAQ,-0.42
138070,신진에스엠,1525.0,5051.0,5051.0,7702775.0,7702775.0,KOSDAQ,0.93
177830,파버나인,2355.0,10380.0,10380.0,24444900.0,24444900.0,KOSDAQ,2.84
351870,차이커뮤니케이션,2380.0,99192.0,99192.0,236076960.0,236076960.0,KOSDAQ,-3.25
048470,대동스틸,2750.0,13922.0,13922.0,38285500.0,38285500.0,KOSDAQ,-0.9
033050,제이엠아이,832.0,43508.0,43508.0,36198656.0,36198656.0,KOSDAQ,-2.69
328380,솔트웨어,3855.0,15629.0,15629.0,60249795.0,60249795.0,KOSDAQ,-1.53
215790,이노인스트루먼트,654.0,6595475.0,6595475.0,4313440650.0,4313440650.0,KOSDAQ,6.0
032790,엠젠솔루션,1022.0,301098.0,301098.0,307722156.0,307722156.0,KOSDAQ,11.09
288620,에스프리즘,3760.0,14142.0,14142.0,53173920.0,53173920.0,KOSDAQ,-2.21
123840,뉴온,1685.0,6781.0,6781.0,11425985.0,11425985.0,KOSDAQ,-0.88
001810,무림SP,1181.0,27163.0,27163.0,32079503.0,32079503.0,KOSDAQ,-0.59
019570,GMI벤처,2735.0,6532.0,6532.0,17865020.0,17865020.0,KOSDAQ,1.86
464500,아이언디바이스,1865.0,365647.0,365647.0,681931655.0,681931655.0,KOSDAQ,3.55
057680,티사이언티픽,1652.0,89152.0,89152.0,147279104.0,147279104.0,KOSDAQ,-1.78
198940,한주라이트메탈,1307.0,18707.0,18707.0,24450049.0,24450049.0,KOSDAQ,0.38
060380,동양에스텍,1315.0,16639.0,16639.0,21880285.0,21880285.0,KOSDAQ,1.15
134060,이퓨쳐,5430.0,2367.0,2367.0,12852810.0,12852810.0,KOSDAQ,-1.99
373170,엠아이큐브솔루션,1713.0,7748.0,7748.0,13272324.0,13272324.0,KOSDAQ,-0.17
039310,세중,1424.0,34865.0,34865.0,49647760.0,49647760.0,KOSDAQ,-1.59
225220,제놀루션,1340.0,32038.0,32038.0,42930920.0,42930920.0,KOSDAQ,-2.97
115530,씨엔플러스,2985.0,6067.0,6067.0,18109995.0,18109995.0,KOSDAQ,1.36
060230,제이케이시냅스,1310.0,267536.0,267536.0,350472160.0,350472160.0,KOSDAQ,9.9
200350,아티스트스튜디오,2560.0,25168.0,25168.0,64430080.0,64430080.0,KOSDAQ,5.79
091340,S&K폴리텍,2185.0,33064.0,33064.0,72244840.0,72244840.0,KOSDAQ,-2.02
073540,에프알텍,2240.0,14175.0,14175.0,31752000.0,31752000.0,KOSDAQ,1.36
114630,폴라리스우노,1481.0,51195.0,51195.0,75819795.0,75819795.0,KOSDAQ,-1.33
475660,에스켐,3205.0,2064.0,2064.0,6615120.0,6615120.0,KOSDAQ,-1.54
318000,KBG,2895.0,7544.0,7544.0,21839880.0,21839880.0,KOSDAQ,2.48
038870,에코심플렉스,1805.0,2566.0,2566.0,4631630.0,4631630.0,KOSDAQ,0.61
227610,아우딘퓨쳐스,1303.0,15890.0,15890.0,20704670.0,20704670.0,KOSDAQ,1.56
331520,밸로프,2575.0,24756.0,24756.0,63746700.0,63746700.0,KOSDAQ,2.79
035200,프럼파스트,2730.0,22398.0,22398.0,61146540.0,61146540.0,KOSDAQ,-0.73
462510,라메디텍,2855.0,5012.0,5012.0,14309260.0,14309260.0,KOSDAQ,-0.52
276730,한울앤제주,1113.0,202329.0,202329.0,225192177.0,225192177.0,KOSDAQ,-6.39
238490,힘스,2220.0,4774.0,4774.0,10598280.0,10598280.0,KOSDAQ,2.54
076080,웰크론한텍,1110.0,30638.0,30638.0,34008180.0,34008180.0,KOSDAQ,0.91
333050,이노테나,5090.0,16887.0,16887.0,85954830.0,85954830.0,KOSDAQ,0.0
146060,율촌,1043.0,23065.0,23065.0,24056795.0,24056795.0,KOSDAQ,-0.19
257370,피엔티엠에스,2000.0,2141.0,2141.0,4282000.0,4282000.0,KOSDAQ,0.6
090150,아이윈,5930.0,9814.0,9814.0,58197020.0,58197020.0,KOSDAQ,-0.17
101680,한국정밀기계,2945.0,17663.0,17663.0,52017535.0,52017535.0,KOSDAQ,0.51
208350,지란지교시큐리티,3045.0,12648.0,12648.0,38513160.0,38513160.0,KOSDAQ,4.82
039740,한국정보공학,3070.0,13729.0,13729.0,42148030.0,42148030.0,KOSDAQ,-0.65
290520,신도기연,1561.0,8255.0,8255.0,12886055.0,12886055.0,KOSDAQ,-1.45
188040,바이오포트,5210.0,5051.0,5051.0,26315710.0,26315710.0,KOSDAQ,-0.38
051380,피씨디렉트,1587.0,13444.0,13444.0,21335628.0,21335628.0,KOSDAQ,-1.98
054090,삼진엘앤디,974.0,37851.0,37851.0,36866874.0,36866874.0,KOSDAQ,2.74
044780,에이치케이,1309.0,79781.0,79781.0,104433329.0,104433329.0,KOSDAQ,-0.08
222980,한국맥널티,2190.0,6813.0,6813.0,14920470.0,14920470.0,KOSDAQ,-0.23
063760,이엘피,2590.0,15967.0,15967.0,41354530.0,41354530.0,KOSDAQ,0.0
355390,크라우드웍스,1520.0,52022.0,52022.0,79073440.0,79073440.0,KOSDAQ,2.49
298060,풍전약품,2500.0,3665.0,3665.0,9162500.0,9162500.0,KOSDAQ,2.04
148250,알엔투테크놀로지,1770.0,152373.0,152373.0,269700210.0,269700210.0,KOSDAQ,13.03
289220,자이언트스텝,1079.0,33455.0,33455.0,36097945.0,36097945.0,KOSDAQ,3.75
301300,바이브컴퍼니,1830.0,18673.0,18673.0,34171590.0,34171590.0,KOSDAQ,-1.24
115160,휴맥스,5580.0,46969.0,46969.0,262087020.0,262087020.0,KOSDAQ,9.84
0010F0,보원케미칼,2150.0,16581.0,16581.0,35649150.0,35649150.0,KOSDAQ,-1.6
424760,벨로크,2380.0,65793.0,65793.0,156587340.0,156587340.0,KOSDAQ,9.43
130740,티피씨글로벌,2120.0,26055.0,26055.0,55236600.0,55236600.0,KOSDAQ,-0.47
018700,졸스,1429.0,11425.0,11425.0,16326325.0,16326325.0,KOSDAQ,-0.28
237750,피앤씨테크,3675.0,7930.0,7930.0,29142750.0,29142750.0,KOSDAQ,-1.47
016670,디모아,2340.0,9066.0,9066.0,21214440.0,21214440.0,KOSDAQ,-0.85
440320,오픈놀,2385.0,5443.0,5443.0,12981555.0,12981555.0,KOSDAQ,-1.65
085810,알티캐스트,1683.0,1738.0,1738.0,2925054.0,2925054.0,KOSDAQ,0.48
169330,엠브레인,1297.0,4367.0,4367.0,5663999.0,5663999.0,KOSDAQ,-1.07
053060,세동,1342.0,15064.0,15064.0,20215888.0,20215888.0,KOSDAQ,0.68
095910,에스에너지,635.0,282718.0,282718.0,179525930.0,179525930.0,KOSDAQ,0.16
153490,우리이앤엘하루틴,2295.0,410934.0,410934.0,943093530.0,943093530.0,KOSDAQ,6.99
036480,대성미생물,6180.0,2514.0,2514.0,15536520.0,15536520.0,KOSDAQ,0.49
123750,알톤,1695.0,16649.0,16649.0,28220055.0,28220055.0,KOSDAQ,-0.12
187220,디티앤씨,2025.0,6983.0,6983.0,14140575.0,14140575.0,KOSDAQ,0.25
047080,한빛소프트,934.0,119189.0,119189.0,111322526.0,111322526.0,KOSDAQ,-0.85
377030,비트맥스,1621.0,28833.0,28833.0,46738293.0,46738293.0,KOSDAQ,-1.1
065150,대산F&B,1452.0,16689.0,16689.0,24232428.0,24232428.0,KOSDAQ,-2.02
415380,스튜디오삼익,2020.0,44191.0,44191.0,89265820.0,89265820.0,KOSDAQ,2.33
154040,다산솔루에타,1069.0,79693.0,79693.0,85191817.0,85191817.0,KOSDAQ,-0.37
033200,모아텍,2510.0,4184.0,4184.0,10501840.0,10501840.0,KOSDAQ,-0.99
018680,서울제약,1969.0,2381.0,2381.0,4688189.0,4688189.0,KOSDAQ,-0.15
032800,판타지오,1517.0,8490.0,8490.0,12879330.0,12879330.0,KOSDAQ,-3.38
084440,유비온,1196.0,174933.0,174933.0,209219868.0,209219868.0,KOSDAQ,3.64
206560,덱스터,899.0,91382.0,91382.0,82152418.0,82152418.0,KOSDAQ,0.11
038880,아이에이,3040.0,15800.0,15800.0,48032000.0,48032000.0,KOSDAQ,0.5
359090,씨엔알리서치,1986.0,5583.0,5583.0,11087838.0,11087838.0,KOSDAQ,0.81
013810,스페코,1555.0,26700.0,26700.0,41518500.0,41518500.0,KOSDAQ,0.26
032080,아즈텍WB,1060.0,1458.0,1458.0,1545480.0,1545480.0,KOSDAQ,-1.03
131180,딜리,3875.0,13850.0,13850.0,53668750.0,53668750.0,KOSDAQ,2.79
238200,비피도,2780.0,9837.0,9837.0,27346860.0,27346860.0,KOSDAQ,0.36
241840,에이스토리,2380.0,7408.0,7408.0,17631040.0,17631040.0,KOSDAQ,0.0
405920,나라셀라,1756.0,2179.0,2179.0,3826324.0,3826324.0,KOSDAQ,-1.73
429270,시지트로닉스,3500.0,25770.0,25770.0,90195000.0,90195000.0,KOSDAQ,4.48
378800,샤페론,487.0,374455.0,374455.0,182359585.0,182359585.0,KOSDAQ,1.46
258790,소프트캠프,4500.0,10340.0,10340.0,46530000.0,46530000.0,KOSDAQ,4.05
109670,씨싸이트,3835.0,11868.0,11868.0,45513780.0,45513780.0,KOSDAQ,2.13
052300,오션인더블유,1374.0,132953.0,132953.0,182677422.0,182677422.0,KOSDAQ,2.23
195990,루트K,1367.0,19231.0,19231.0,26288777.0,26288777.0,KOSDAQ,0.81
067770,세진티에스,2650.0,33594.0,33594.0,89024100.0,89024100.0,KOSDAQ,1.53
353190,휴럼,2820.0,19800.0,19800.0,55836000.0,55836000.0,KOSDAQ,0.0
054940,엑사이엔씨,3345.0,67287.0,67287.0,225075015.0,225075015.0,KOSDAQ,3.56
065690,파커스,1842.0,84522.0,84522.0,155689524.0,155689524.0,KOSDAQ,-0.43
403490,우듬지팜,2405.0,45702.0,45702.0,109913310.0,109913310.0,KOSDAQ,-4.75
347770,핌스,963.0,90792.0,90792.0,87432696.0,87432696.0,KOSDAQ,5.82
032280,삼일,1344.0,9775.0,9775.0,13137600.0,13137600.0,KOSDAQ,-0.15
353590,오토앤,1688.0,17676.0,17676.0,29837088.0,29837088.0,KOSDAQ,2.06
192390,윈하이텍,1816.0,17533.0,17533.0,31839928.0,31839928.0,KOSDAQ,-0.6
317120,라닉스,1424.0,43960.0,43960.0,62599040.0,62599040.0,KOSDAQ,-2.06
373110,엑셀세라퓨틱스,1252.0,761423.0,761423.0,953301596.0,953301596.0,KOSDAQ,-4.86
017250,인터엠,1025.0,54173.0,54173.0,55527325.0,55527325.0,KOSDAQ,0.49
101400,엔시트론,1837.0,92007.0,92007.0,169016859.0,169016859.0,KOSDAQ,-3.77
377330,이지트로닉스,2645.0,989.0,989.0,2615905.0,2615905.0,KOSDAQ,1.34
352940,인바이오,1980.0,7977.0,7977.0,15794460.0,15794460.0,KOSDAQ,-0.5
067730,로지시스,2220.0,42921.0,42921.0,95284620.0,95284620.0,KOSDAQ,0.0
200230,텔콘RF제약,2260.0,21216.0,21216.0,47948160.0,47948160.0,KOSDAQ,2.03
215480,토박스코리아,1995.0,8107.0,8107.0,16173465.0,16173465.0,KOSDAQ,0.25
016100,리더스코스메틱,1120.0,14503.0,14503.0,16243360.0,16243360.0,KOSDAQ,-0.53
277410,인산가,5560.0,2096.0,2096.0,11653760.0,11653760.0,KOSDAQ,-0.36
432980,엠에프씨,2480.0,11712.0,11712.0,29045760.0,29045760.0,KOSDAQ,-1.98
098660,에스티오,1700.0,7435.0,7435.0,12639500.0,12639500.0,KOSDAQ,4.74
372800,아이티아이즈,3015.0,11197.0,11197.0,33758955.0,33758955.0,KOSDAQ,-3.05
148780,비큐AI,3370.0,162463.0,162463.0,547500310.0,547500310.0,KOSDAQ,-1.89
219750,한국비티비,1618.0,1003.0,1003.0,1622854.0,1622854.0,KOSDAQ,0.5
115570,스타플렉스,2630.0,25852.0,25852.0,67990760.0,67990760.0,KOSDAQ,1.94
080470,성창오토텍,2875.0,4199.0,4199.0,12072125.0,12072125.0,KOSDAQ,3.42
438700,버넥트,1874.0,280945.0,280945.0,526490930.0,526490930.0,KOSDAQ,7.89
065370,위세아이텍,2820.0,16652.0,16652.0,46958640.0,46958640.0,KOSDAQ,4.44
274400,이노시뮬레이션,2290.0,4617.0,4617.0,10572930.0,10572930.0,KOSDAQ,-1.51
340440,세림B&G,733.0,99629.0,99629.0,73028057.0,73028057.0,KOSDAQ,0.69
023770,플레이위드,2325.0,14291.0,14291.0,33226575.0,33226575.0,KOSDAQ,0.0
362990,드림인사이트,1233.0,10313.0,10313.0,12715929.0,12715929.0,KOSDAQ,0.33
069330,유아이디,1219.0,181107.0,181107.0,220769433.0,220769433.0,KOSDAQ,-1.3
361670,삼영에스앤씨,3645.0,3946.0,3946.0,14383170.0,14383170.0,KOSDAQ,0.41
021040,대호특수강,951.0,3265.0,3265.0,3105015.0,3105015.0,KOSDAQ,-0.73
398120,에스지헬스케어,1738.0,104776.0,104776.0,182100688.0,182100688.0,KOSDAQ,3.82
303530,이노뎁,2800.0,4941.0,4941.0,13834800.0,13834800.0,KOSDAQ,-0.71
431190,케이쓰리아이,2740.0,14735.0,14735.0,40373900.0,40373900.0,KOSDAQ,3.4
019660,글로본,1469.0,39933.0,39933.0,58661577.0,58661577.0,KOSDAQ,-0.07
014100,메디앙스,1720.0,7686.0,7686.0,13219920.0,13219920.0,KOSDAQ,-0.12
342870,오아,3715.0,7989.0,7989.0,29679135.0,29679135.0,KOSDAQ,3.34
054220,비츠로시스,1597.0,15627.0,15627.0,24956319.0,24956319.0,KOSDAQ,2.04
455180,케이지에이,1360.0,74755.0,74755.0,101666800.0,101666800.0,KOSDAQ,1.42
383930,디티앤씨알오,1559.0,58614.0,58614.0,91379226.0,91379226.0,KOSDAQ,-0.57
405000,플라즈맵,3700.0,29141.0,29141.0,107821700.0,107821700.0,KOSDAQ,5.26
275630,에스에스알,3780.0,1227.0,1227.0,4638060.0,4638060.0,KOSDAQ,1.2
065060,지엔코,3300.0,16825.0,16825.0,55522500.0,55522500.0,KOSDAQ,2.17
043360,디지아이,2195.0,2081.0,2081.0,4567795.0,4567795.0,KOSDAQ,0.92
032680,소프트센,947.0,80086.0,80086.0,75841442.0,75841442.0,KOSDAQ,-1.25
096870,엘디티,2360.0,7149.0,7149.0,16871640.0,16871640.0,KOSDAQ,0.43
056730,CNT85,1328.0,8722.0,8722.0,11582816.0,11582816.0,KOSDAQ,1.61
196700,웹스,1370.0,45637.0,45637.0,62522690.0,62522690.0,KOSDAQ,4.34
043590,웰킵스하이텍,1450.0,14130.0,14130.0,20488500.0,20488500.0,KOSDAQ,-1.69
419540,비스토스,3300.0,23057.0,23057.0,76088100.0,76088100.0,KOSDAQ,2.33
048830,엔피케이,1049.0,10758.0,10758.0,11285142.0,11285142.0,KOSDAQ,1.16
154030,아시아종묘,1623.0,18277.0,18277.0,29663571.0,29663571.0,KOSDAQ,-0.06
137940,넥스트아이,1985.0,9923.0,9923.0,19697155.0,19697155.0,KOSDAQ,1.33
054410,케이피티유,3370.0,16670.0,16670.0,56177900.0,56177900.0,KOSDAQ,-2.88
900340,윙입푸드,1533.0,80907.0,80907.0,124030431.0,124030431.0,KOSDAQ,-0.13
113810,디젠스,2955.0,32440.0,32440.0,95860200.0,95860200.0,KOSDAQ,2.96
050760,에스폴리텍,1180.0,130905.0,130905.0,154467900.0,154467900.0,KOSDAQ,-0.67
024940,PN풍년,1927.0,14807.0,14807.0,28533089.0,28533089.0,KOSDAQ,-0.36
027580,상보,1623.0,22082.0,22082.0,35839086.0,35839086.0,KOSDAQ,3.05
083470,이엠앤아이,900.0,41565.0,41565.0,37408500.0,37408500.0,KOSDAQ,-3.54
018620,우진비앤지,2755.0,18026.0,18026.0,49661630.0,49661630.0,KOSDAQ,0.0
073570,리튬포어스,1585.0,34936.0,34936.0,55373560.0,55373560.0,KOSDAQ,2.46
050090,비케이홀딩스,810.0,178598.0,178598.0,144664380.0,144664380.0,KOSDAQ,7.0
417180,핑거스토리,4305.0,7562.0,7562.0,32554410.0,32554410.0,KOSDAQ,3.11
365900,브이씨,2535.0,4001.0,4001.0,10142535.0,10142535.0,KOSDAQ,0.4
344860,이노진,1284.0,57479.0,57479.0,73803036.0,73803036.0,KOSDAQ,-3.75
224060,더코디,3590.0,58728.0,58728.0,210833520.0,210833520.0,KOSDAQ,8.3
088290,이원컴포텍,2315.0,1741.0,1741.0,4030415.0,4030415.0,KOSDAQ,-1.07
140430,카티스,1719.0,16047.0,16047.0,27584793.0,27584793.0,KOSDAQ,-0.41
060900,에이전트AI,3760.0,35745.0,35745.0,134401200.0,134401200.0,KOSDAQ,0.8
900270,헝셩그룹,3545.0,2717487.0,2717487.0,9633491415.0,9633491415.0,KOSDAQ,0.0
065650,하이퍼코퍼레이션,1646.0,19919.0,19919.0,32786674.0,32786674.0,KOSDAQ,-0.3
306040,에스제이그룹,1926.0,66354.0,66354.0,127797804.0,127797804.0,KOSDAQ,-3.02
191410,육일씨엔에쓰,1585.0,706125.0,706125.0,1119208125.0,1119208125.0,KOSDAQ,15.11
110020,전진바이오팜,1950.0,7880.0,7880.0,15366000.0,15366000.0,KOSDAQ,-0.2
020400,대동금속,2900.0,12895.0,12895.0,37395500.0,37395500.0,KOSDAQ,-0.34
303030,지니틱스,1913.0,60321.0,60321.0,115394073.0,115394073.0,KOSDAQ,3.46
279600,미디어젠,3730.0,595.0,595.0,2219350.0,2219350.0,KOSDAQ,-2.86
103230,에스앤더블류,2420.0,20122.0,20122.0,48695240.0,48695240.0,KOSDAQ,-1.63
322780,코퍼스코리아,1938.0,51626.0,51626.0,100051188.0,100051188.0,KOSDAQ,-2.37
115610,이미지스,1468.0,30486.0,30486.0,44753448.0,44753448.0,KOSDAQ,2.66
023790,동일스틸럭스,1314.0,61340.0,61340.0,80600760.0,80600760.0,KOSDAQ,0.0
006050,국영지앤엠,4920.0,76825.0,76825.0,377979000.0,377979000.0,KOSDAQ,0.41
477380,미래에셋비전스팩4호,2115.0,45365.0,45365.0,95946975.0,95946975.0,KOSDAQ,1.44
309930,조이웍스앤코,884.0,68621.0,68621.0,60660964.0,60660964.0,KOSDAQ,2.79
225590,패션플랫폼,3310.0,61538.0,61538.0,203690780.0,203690780.0,KOSDAQ,-0.6
051780,큐로홀딩스,2645.0,16480.0,16480.0,43589600.0,43589600.0,KOSDAQ,-3.82
377220,프롬바이오,2955.0,25670.0,25670.0,75854850.0,75854850.0,KOSDAQ,1.2
034940,조아제약,2670.0,499421.0,499421.0,1333454070.0,1333454070.0,KOSDAQ,-2.91
078860,아이오케이이엔엠,2650.0,12511.0,12511.0,33154150.0,33154150.0,KOSDAQ,3.92
069920,엑시온그룹,1121.0,2608322.0,2608322.0,2923928962.0,2923928962.0,KOSDAQ,20.28
354200,엔젠바이오,1778.0,29905.0,29905.0,53171090.0,53171090.0,KOSDAQ,-2.04
131760,파인텍,1819.0,60775.0,60775.0,110549725.0,110549725.0,KOSDAQ,1.62
0072Z0,KB제33호스팩,1981.0,4143.0,4143.0,8207283.0,8207283.0,KOSDAQ,-0.2
045520,크린앤사이언스,2400.0,17344.0,17344.0,41625600.0,41625600.0,KOSDAQ,1.27
0101C0,하나36호스팩,2005.0,43872.0,43872.0,87963360.0,87963360.0,KOSDAQ,0.65
060480,국일신동,1396.0,81034.0,81034.0,113123464.0,113123464.0,KOSDAQ,1.31
477340,에이치엠씨제7호스팩,2060.0,10377.0,10377.0,21376620.0,21376620.0,KOSDAQ,0.0
009730,이렘,1938.0,25054.0,25054.0,48554652.0,48554652.0,KOSDAQ,-2.37
0130H0,엔에이치스팩33호,2005.0,49106.0,49106.0,98457530.0,98457530.0,KOSDAQ,0.65
002680,한탑,2385.0,76752.0,76752.0,183053520.0,183053520.0,KOSDAQ,-0.62
009620,삼보산업,870.0,149081.0,149081.0,129700470.0,129700470.0,KOSDAQ,0.46
0044K0,삼성스팩10호,1994.0,5686.0,5686.0,11337884.0,11337884.0,KOSDAQ,-0.15
177350,베셀,1501.0,28753.0,28753.0,43158253.0,43158253.0,KOSDAQ,-0.6
247660,나노씨엠에스,3420.0,118346.0,118346.0,404743320.0,404743320.0,KOSDAQ,-1.87
0115H0,삼성스팩13호,2020.0,47208.0,47208.0,95360160.0,95360160.0,KOSDAQ,1.51
473050,유안타제15호스팩,2105.0,104306.0,104306.0,219564130.0,219564130.0,KOSDAQ,0.0
008290,원풍물산,722.0,8384264.0,8384264.0,6053438608.0,6053438608.0,KOSDAQ,9.23
131100,티엔엔터테인먼트,2270.0,9151.0,9151.0,20772770.0,20772770.0,KOSDAQ,-1.3
389680,유디엠텍,1757.0,1423921.0,1423921.0,2501829197.0,2501829197.0,KOSDAQ,29.96
240600,유진테크놀로지,1757.0,25305.0,25305.0,44460885.0,44460885.0,KOSDAQ,-2.5
478440,미래에셋비전스팩6호,2075.0,3386.0,3386.0,7025950.0,7025950.0,KOSDAQ,0.24
060260,뉴보텍,1073.0,94472.0,94472.0,101368456.0,101368456.0,KOSDAQ,1.32
479880,한국제15호스팩,2070.0,40973.0,40973.0,84814110.0,84814110.0,KOSDAQ,0.24
0099W0,미래에셋비전스팩11호,2025.0,44842.0,44842.0,90805050.0,90805050.0,KOSDAQ,1.61
0165X0,메리츠제2호스팩,1951.0,9503.0,9503.0,18540353.0,18540353.0,KOSDAQ,0.0
489480,키움제11호스팩,2125.0,67950.0,67950.0,144393750.0,144393750.0,KOSDAQ,3.16
065770,CS,1325.0,565315.0,565315.0,749042375.0,749042375.0,KOSDAQ,-11.67
291810,핀텔,1212.0,239994.0,239994.0,290872728.0,290872728.0,KOSDAQ,-3.58
289010,아이스크림에듀,984.0,105376.0,105376.0,103689984.0,103689984.0,KOSDAQ,-2.48
239340,이스트에이드,504.0,172796.0,172796.0,87089184.0,87089184.0,KOSDAQ,-0.59
223310,사토시홀딩스,2600.0,140037.0,140037.0,364096200.0,364096200.0,KOSDAQ,-15.03
0134X0,대신밸런스제20호스팩,1979.0,4311.0,4311.0,8531469.0,8531469.0,KOSDAQ,-0.05
0164H0,한국제16호스팩,1958.0,8454.0,8454.0,16552932.0,16552932.0,KOSDAQ,0.0
481890,엔에이치스팩31호,2080.0,348.0,348.0,723840.0,723840.0,KOSDAQ,0.48
035620,바른손이앤에이,709.0,74747.0,74747.0,52995623.0,52995623.0,KOSDAQ,-0.84
0096B0,삼성스팩12호,1980.0,9517.0,9517.0,18843660.0,18843660.0,KOSDAQ,0.1
478390,KB제29호스팩,2075.0,4911.0,4911.0,10190325.0,10190325.0,KOSDAQ,0.24
0097F0,미래에셋비전스팩10호,1979.0,7393.0,7393.0,14630747.0,14630747.0,KOSDAQ,-0.4
489730,디비금융제13호스팩,2030.0,10171.0,10171.0,20647130.0,20647130.0,KOSDAQ,0.0
471050,대신밸런스제17호스팩,2115.0,237983.0,237983.0,503334045.0,503334045.0,KOSDAQ,0.24
079950,인베니아,926.0,25094.0,25094.0,23237044.0,23237044.0,KOSDAQ,-2.11
012340,뉴인텍,576.0,77738.0,77738.0,44777088.0,44777088.0,KOSDAQ,-0.52
0093G0,미래에셋비전스팩8호,1982.0,7606.0,7606.0,15075092.0,15075092.0,KOSDAQ,-0.15
0037T0,KB제32호스팩,1993.0,6707.0,6707.0,13367051.0,13367051.0,KOSDAQ,-0.2
0054V0,엔에이치스팩32호,2020.0,52987.0,52987.0,107033740.0,107033740.0,KOSDAQ,0.5
492220,KB제31호스팩,2020.0,4591.0,4591.0,9273820.0,9273820.0,KOSDAQ,-0.25
482520,교보16호스팩,2055.0,2446.0,2446.0,5026530.0,5026530.0,KOSDAQ,0.0
0131D0,키움히어로제2호스팩,1981.0,45667.0,45667.0,90466327.0,90466327.0,KOSDAQ,0.41
035290,골드앤에스,2585.0,244812.0,244812.0,632839020.0,632839020.0,KOSDAQ,10.0
0091W0,신영스팩11호,2015.0,11078.0,11078.0,22322170.0,22322170.0,KOSDAQ,0.0
477760,DB금융스팩12호,2085.0,6679.0,6679.0,13925715.0,13925715.0,KOSDAQ,0.24
028080,휴맥스홀딩스,4800.0,6517.0,6517.0,31281600.0,31281600.0,KOSDAQ,4.92
0088D0,메리츠제1호스팩,2090.0,7849.0,7849.0,16404410.0,16404410.0,KOSDAQ,0.97
0041L0,하나35호스팩,1998.0,8391.0,8391.0,16765218.0,16765218.0,KOSDAQ,-0.1
0132G0,교보20호스팩,1997.0,2081.0,2081.0,4155757.0,4155757.0,KOSDAQ,0.05
469900,하나31호스팩,2095.0,22970.0,22970.0,48122150.0,48122150.0,KOSDAQ,-0.24
079190,케스피온,1224.0,73311.0,73311.0,89732664.0,89732664.0,KOSDAQ,-1.53
482690,대신밸런스제19호스팩,2070.0,422.0,422.0,873540.0,873540.0,KOSDAQ,0.0
474660,신한제12호스팩,2100.0,77386.0,77386.0,162510600.0,162510600.0,KOSDAQ,0.48
0071M0,삼성스팩11호,1988.0,4403.0,4403.0,8753164.0,8753164.0,KOSDAQ,-0.3
474490,유안타제16호스팩,2075.0,3990.0,3990.0,8279250.0,8279250.0,KOSDAQ,0.24
0105P0,유진스팩12호,2020.0,43863.0,43863.0,88603260.0,88603260.0,KOSDAQ,1.0
487360,신한제14호스팩,2025.0,10345.0,10345.0,20948625.0,20948625.0,KOSDAQ,-0.25
477470,미래에셋비전스팩5호,2070.0,12054.0,12054.0,24951780.0,24951780.0,KOSDAQ,-0.24
496070,신한제16호스팩,2015.0,44024.0,44024.0,88708360.0,88708360.0,KOSDAQ,0.25
250930,예선테크,1712.0,22635.0,22635.0,38751120.0,38751120.0,KOSDAQ,3.63
0129K0,신한제18호스팩,1995.0,45209.0,45209.0,90191955.0,90191955.0,KOSDAQ,0.86
210120,캔버스엔,1133.0,161941.0,161941.0,183479153.0,183479153.0,KOSDAQ,3.66
486630,KB제30호스팩,2050.0,4291.0,4291.0,8796550.0,8796550.0,KOSDAQ,0.24
0096D0,미래에셋비전스팩9호,1979.0,9470.0,9470.0,18741130.0,18741130.0,KOSDAQ,-0.1
0098T0,교보19호스팩,2010.0,55751.0,55751.0,112059510.0,112059510.0,KOSDAQ,0.0
084180,수성웹툰,593.0,53221.0,53221.0,31560053.0,31560053.0,KOSDAQ,-1.17
493790,유안타제17호스팩,2015.0,1319.0,1319.0,2657785.0,2657785.0,KOSDAQ,-0.25
0004Y0,디비금융제14호스팩,2000.0,1812.0,1812.0,3624000.0,3624000.0,KOSDAQ,0.15
489210,교보17호스팩,2045.0,3459.0,3459.0,7073655.0,7073655.0,KOSDAQ,0.0
0130D0,신한제17호스팩,1979.0,16721.0,16721.0,33090859.0,33090859.0,KOSDAQ,0.0
058450,한주에이알티,1923.0,18277.0,18277.0,35146671.0,35146671.0,KOSDAQ,-2.53
466690,키움히어로제1호스팩,2035.0,48072.0,48072.0,97826520.0,97826520.0,KOSDAQ,0.99
478110,이베스트스팩6호,2060.0,2207.0,2207.0,4546420.0,4546420.0,KOSDAQ,0.0
0041B0,교보18호스팩,2015.0,4036.0,4036.0,8132540.0,8132540.0,KOSDAQ,0.0
472220,신영스팩10호,2110.0,63634.0,63634.0,134267740.0,134267740.0,KOSDAQ,-0.24
488060,유진스팩11호,2030.0,9452.0,9452.0,19187560.0,19187560.0,KOSDAQ,0.0
900100,파이온엑스,1800.0,11854.0,11854.0,21337200.0,21337200.0,KOSDAQ,-3.12
208640,썸에이지,677.0,169524.0,169524.0,114767748.0,114767748.0,KOSDAQ,-0.15
092600,앤씨앤,1837.0,18057.0,18057.0,33170709.0,33170709.0,KOSDAQ,0.16
484130,하나34호스팩,2030.0,4992.0,4992.0,10133760.0,10133760.0,KOSDAQ,-0.49
473950,에스케이증권제13호스팩,2055.0,1266.0,1266.0,2601630.0,2601630.0,KOSDAQ,0.0
308100,형지글로벌,351.0,256937.0,256937.0,90184887.0,90184887.0,KOSDAQ,-4.1
225430,케이엠제약,1394.0,74628.0,74628.0,104031432.0,104031432.0,KOSDAQ,1.38
487830,신한제15호스팩,2050.0,58490.0,58490.0,119904500.0,119904500.0,KOSDAQ,0.74
472230,에스케이증권제11호스팩,2105.0,111518.0,111518.0,234745390.0,234745390.0,KOSDAQ,0.24
288980,모아데이타,240.0,23431955.0,23431955.0,5623669200.0,5623669200.0,KOSDAQ,-11.44
418620,E8,438.0,130909.0,130909.0,57338142.0,57338142.0,KOSDAQ,-3.95
025870,신라에스지,2155.0,154284.0,154284.0,332482020.0,332482020.0,KOSDAQ,-15.82
487720,키움제10호스팩,2035.0,7177.0,7177.0,14605195.0,14605195.0,KOSDAQ,0.25
0068Y0,비엔케이제3호스팩,1985.0,6998.0,6998.0,13891030.0,13891030.0,KOSDAQ,-0.15
03481K,해성산업1우,6100.0,140.0,140.0,854000.0,854000.0,KOSDAQ,-0.81
0041J0,엘에스스팩1호,1996.0,2631.0,2631.0,5251476.0,5251476.0,KOSDAQ,0.0
465320,교보15호스팩,2135.0,125123.0,125123.0,267137605.0,267137605.0,KOSDAQ,0.23
475250,하나33호스팩,2085.0,10069.0,10069.0,20993865.0,20993865.0,KOSDAQ,0.24
474930,신한제13호스팩,2090.0,7037.0,7037.0,14707330.0,14707330.0,KOSDAQ,0.0
199730,바이오인프라,1521.0,15868.0,15868.0,24135228.0,24135228.0,KOSDAQ,-3.12
101000,KS인더스트리,708.0,89564.0,89564.0,63411312.0,63411312.0,KOSDAQ,-2.21
473000,에스케이증권제12호스팩,2075.0,230.0,230.0,477250.0,477250.0,KOSDAQ,-0.24
475240,하나32호스팩,2100.0,5920.0,5920.0,12432000.0,12432000.0,KOSDAQ,0.48
312610,에이에프더블류,297.0,272985.0,272985.0,81076545.0,81076545.0,KOSDAQ,3.13
011080,형지I&C,785.0,71980.0,71980.0,56504300.0,56504300.0,KOSDAQ,0.77
121850,코이즈,557.0,755941.0,755941.0,421059137.0,421059137.0,KOSDAQ,29.84
021045,대호특수강우,2650.0,4025.0,4025.0,10666250.0,10666250.0,KOSDAQ,-0.19
096610,알에프세미,115.0,3855711.0,3855711.0,443406765.0,443406765.0,KOSDAQ,-17.27
032685,소프트센우,8900.0,6483.0,6483.0,57698700.0,57698700.0,KOSDAQ,3.37
