Code,Name,Close,Volume,VolumeTotal,Amount,AmountTotal,Market,ChangesRatio
005930,삼성전자,268500.0,24003581.0,45049820.0,6444961498500.0,12095876670000.0,KOSPI,-2.19
000660,SK하이닉스,1662000.0,5121374.0,8892920.0,8511723588000.0,14780033040000.0,KOSPI,1.03
005935,삼성전자우,188300.0,4334354.0,4334354.0,816158858200.0,816158858200.0,KOSPI,-3.73
402340,SK스퀘어,1135000.0,712701.0,1163753.0,808915635000.0,1320859655000.0,KOSPI,-1.65
009150,삼성전기,1440000.0,1080935.0,2083831.0,1556546400000.0,3000716640000.0,KOSPI,-7.57
005380,현대차,435000.0,864881.0,1772864.0,376223235000.0,771195840000.0,KOSPI,-3.97
373220,LG에너지솔루션,351000.0,334816.0,438120.0,117520416000.0,153780120000.0,KOSPI,-5.01
207940,삼성바이오로직스,1531000.0,37718.0,47613.0,57746258000.0,72895503000.0,KOSPI,-1.1
032830,삼성생명,310500.0,492535.0,634801.0,152932117500.0,197105710500.0,KOSPI,3.16
028260,삼성물산,369000.0,419209.0,540779.0,154688121000.0,199547451000.0,KOSPI,0.0
105560,KB금융,168500.0,856473.0,1000284.0,144315700500.0,168547854000.0,KOSPI,0.0
012450,한화에어로스페이스,1146000.0,175866.0,222255.0,201542436000.0,254704230000.0,KOSPI,-1.21
000270,기아,137200.0,513457.0,691261.0,70446300400.0,94841009200.0,KOSPI,-3.18
329180,HD현대중공업,489500.0,218308.0,330215.0,106861766000.0,161640242500.0,KOSPI,-4.02
055550,신한지주,106500.0,849436.0,956062.0,90464934000.0,101820603000.0,KOSPI,-0.84
034020,두산에너빌리티,77900.0,2228589.0,5085895.0,173607083100.0,396191220500.0,KOSPI,-5.69
012330,현대모비스,518000.0,326189.0,596151.0,168965902000.0,308806218000.0,KOSPI,-5.3
068270,셀트리온,195500.0,600291.0,865670.0,117356890500.0,169238485000.0,KOSPI,-2.74
034730,SK,590000.0,144397.0,196684.0,85194230000.0,116043560000.0,KOSPI,0.85
006400,삼성SDI,488000.0,487629.0,887501.0,237962952000.0,433100488000.0,KOSPI,-5.43
086790,하나금융지주,130700.0,649925.0,746746.0,84945197500.0,97599702200.0,KOSPI,-1.73
035420,NAVER,217000.0,824610.0,1803953.0,178940370000.0,391457801000.0,KOSPI,-4.82
066570,LG전자,208000.0,1525810.0,3762957.0,317368480000.0,782695056000.0,KOSPI,-3.26
010120,LS ELECTRIC,209000.0,649111.0,1458482.0,135664199000.0,304822738000.0,KOSPI,1.21
267260,HD현대일렉트릭,785000.0,91526.0,144843.0,71847910000.0,113701755000.0,KOSPI,-2.24
000810,삼성화재,626000.0,166885.0,180770.0,104470010000.0,113162020000.0,KOSPI,1.79
042660,한화오션,90900.0,1179818.0,2683617.0,107245456200.0,243940785300.0,KOSPI,-5.11
298040,효성중공업,2984000.0,48904.0,74218.0,145929536000.0,221466512000.0,KOSPI,1.02
009540,HD한국조선해양,374500.0,216995.0,272098.0,81264627500.0,101900701000.0,KOSPI,-2.98
005490,POSCO홀딩스,324500.0,245400.0,453197.0,79632300000.0,147062426500.0,KOSPI,-2.84
069500,KODEX 200,108550.0,19583749.0,19583749.0,2125815953950.0,2125815953950.0,KOSPI,-1.37
010130,고려아연,1219000.0,23596.0,38788.0,28763524000.0,47282572000.0,KOSPI,1.92
316140,우리금융지주,33750.0,1202723.0,1523045.0,40591901250.0,51402768750.0,KOSPI,0.15
096770,SK이노베이션,131500.0,822162.0,1395008.0,108114303000.0,183443552000.0,KOSPI,2.18
042700,한미반도체,229000.0,602035.0,1304262.0,137866015000.0,298675998000.0,KOSPI,0.0
017670,SK텔레콤,99800.0,1907717.0,3520430.0,190390156600.0,351338914000.0,KOSPI,-0.7
011200,HMM,22650.0,5578389.0,10234653.0,126350510850.0,231814890450.0,KOSPI,6.59
015760,한국전력,32600.0,1276268.0,2481843.0,41606336800.0,80908081800.0,KOSPI,-1.95
360750,TIGER 미국S&P500,26995.0,33964905.0,33964905.0,916882610475.0,916882610475.0,KOSPI,-1.51
006800,미래에셋증권,36350.0,1168488.0,2219147.0,42474538800.0,80665993450.0,KOSPI,-3.45
000150,두산,1250000.0,58688.0,84993.0,73360000000.0,106241250000.0,KOSPI,-2.04
138040,메리츠금융지주,117200.0,257674.0,288835.0,30199392800.0,33851462000.0,KOSPI,0.43
051910,LG화학,270500.0,155671.0,204686.0,42109005500.0,55367563000.0,KOSPI,-3.57
010140,삼성중공업,21250.0,3380716.0,6887929.0,71840215000.0,146368491250.0,KOSPI,-4.71
267250,HD현대,234500.0,142799.0,188846.0,33486365500.0,44284387000.0,KOSPI,-0.42
033780,KT&G,176600.0,411529.0,470485.0,72676021400.0,83087651000.0,KOSPI,0.34
018260,삼성에스디에스,228500.0,301795.0,539247.0,68960157500.0,123217939500.0,KOSPI,-6.16
079550,LIG디펜스앤에어로스페이스,795000.0,63938.0,98578.0,50830710000.0,78369510000.0,KOSPI,-2.45
010950,S-Oil,153600.0,450828.0,667056.0,69247180800.0,102459801600.0,KOSPI,4.07
003550,LG,112700.0,362313.0,509533.0,40832675100.0,57424369100.0,KOSPI,-6.08
035720,카카오,38250.0,2384903.0,2384903.0,91222539750.0,91222539750.0,KOSPI,-4.37
024110,기업은행,20450.0,687731.0,993302.0,14064098950.0,20313025900.0,KOSPI,0.25
064350,현대로템,143200.0,277104.0,404432.0,39681292800.0,57914662400.0,KOSPI,-2.52
086280,현대글로비스,206500.0,135379.0,201528.0,27955763500.0,41615532000.0,KOSPI,-2.13
272210,한화시스템,79900.0,364978.0,655430.0,29161742200.0,52368857000.0,KOSPI,-0.5
011070,LG이노텍,633000.0,324829.0,724109.0,205616757000.0,458360997000.0,KOSPI,-3.21
278470,에이피알,396500.0,204722.0,319540.0,81172273000.0,126697610000.0,KOSPI,1.54
003670,포스코퓨처엠,160400.0,297534.0,467666.0,47724453600.0,75013626400.0,KOSPI,-5.92
030200,KT,54300.0,463954.0,552028.0,25192702200.0,29975120400.0,KOSPI,1.69
047810,한국항공우주,140000.0,315099.0,411119.0,44113860000.0,57556660000.0,KOSPI,-4.37
307950,현대오토에버,451000.0,127401.0,280834.0,57457851000.0,126656134000.0,KOSPI,-7.87
000720,현대건설,110100.0,429694.0,735351.0,47309309400.0,80962145100.0,KOSPI,-4.92
005830,DB손해보험,182000.0,217484.0,248688.0,39582088000.0,45261216000.0,KOSPI,2.94
133690,TIGER 미국나스닥100,185900.0,3236506.0,3236506.0,601666465400.0,601666465400.0,KOSPI,-1.42
078930,GS,119300.0,642730.0,784210.0,76677689000.0,93556253000.0,KOSPI,1.97
006260,LS,343500.0,269306.0,439596.0,92506611000.0,151001226000.0,KOSPI,6.18
071050,한국금융지주,191600.0,264086.0,339483.0,50598877600.0,65044942800.0,KOSPI,-6.08
323410,카카오뱅크,21950.0,658144.0,1037546.0,14446260800.0,22774134700.0,KOSPI,-1.13
102110,TIGER 200,108735.0,10925421.0,10925421.0,1187975652435.0,1187975652435.0,KOSPI,-1.49
259960,크래프톤,226500.0,114183.0,144395.0,25862449500.0,32705467500.0,KOSPI,-4.83
005940,NH투자증권,27500.0,482105.0,658416.0,13257887500.0,18106440000.0,KOSPI,-4.35
379800,KODEX 미국S&P500,24545.0,20360760.0,20360760.0,499754854200.0,499754854200.0,KOSPI,-1.47
003230,삼양식품,1334000.0,85326.0,124656.0,113824884000.0,166291104000.0,KOSPI,5.04
396500,TIGER 반도체TOP10,35940.0,14641570.0,14641570.0,526218025800.0,526218025800.0,KOSPI,-0.83
0126Z0,삼성에피스홀딩스,384500.0,124382.0,187140.0,47824879000.0,71955330000.0,KOSPI,-11.3
379810,KODEX 미국나스닥100,27790.0,17790355.0,17790355.0,494393965450.0,494393965450.0,KOSPI,-1.4
028050,삼성E&A,47900.0,1238568.0,1238568.0,59327407200.0,59327407200.0,KOSPI,-3.82
003490,대한항공,25250.0,2761726.0,2761726.0,69733581500.0,69733581500.0,KOSPI,-3.99
443060,HD현대마린솔루션,204000.0,105441.0,127458.0,21509964000.0,26001432000.0,KOSPI,3.66
047050,포스코인터내셔널,51400.0,655025.0,927353.0,33668285000.0,47665944200.0,KOSPI,-3.56
161390,한국타이어앤테크놀로지,69100.0,246210.0,305694.0,17013111000.0,21123455400.0,KOSPI,-3.49
488770,KODEX 머니마켓액티브,105255.0,1429615.0,1429615.0,150474126825.0,150474126825.0,KOSPI,0.0
180640,한진칼,118900.0,76346.0,101519.0,9077539400.0,12070609100.0,KOSPI,-0.92
016360,삼성증권,88800.0,597818.0,859453.0,53086238400.0,76319426400.0,KOSPI,-4.52
278530,KODEX 200TR,39320.0,1589906.0,1589906.0,62515103920.0,62515103920.0,KOSPI,-1.37
090430,아모레퍼시픽,132200.0,254015.0,316083.0,33580783000.0,41786172600.0,KOSPI,-2.58
009830,한화솔루션,34000.0,2928796.0,2928796.0,99579064000.0,99579064000.0,KOSPI,-3.95
007660,이수페타시스,102900.0,1427580.0,2343161.0,146897982000.0,241111266900.0,KOSPI,7.64
039490,키움증권,283500.0,144486.0,178875.0,40961781000.0,50711062500.0,KOSPI,-5.66
352820,하이브,171800.0,249828.0,395716.0,42920450400.0,67984008800.0,KOSPI,-4.24
005387,현대차2우B,207000.0,104922.0,104922.0,21718854000.0,21718854000.0,KOSPI,-2.82
064400,LG씨엔에스,73900.0,1888464.0,1888464.0,139557489600.0,139557489600.0,KOSPI,-7.51
047040,대우건설,17170.0,3690396.0,3690396.0,63364099320.0,63364099320.0,KOSPI,-4.66
021240,코웨이,96500.0,171027.0,185359.0,16504105500.0,17887143500.0,KOSPI,-1.73
326030,SK바이오팜,85200.0,102589.0,154840.0,8740582800.0,13192368000.0,KOSPI,-2.41
459580,KODEX CD금리액티브(합성),1075030.0,462493.0,462493.0,497193849790.0,497193849790.0,KOSPI,0.01
267270,HD건설기계,133500.0,206221.0,318552.0,27530503500.0,42526692000.0,KOSPI,-3.68
000100,유한양행,79600.0,288221.0,428841.0,22942391600.0,34135743600.0,KOSPI,-4.9
032640,LG유플러스,14930.0,722709.0,902497.0,10790045370.0,13474280210.0,KOSPI,-0.86
241560,두산밥캣,64300.0,189968.0,222785.0,12214942400.0,14325075500.0,KOSPI,-2.72
381180,TIGER 미국필라델피아반도체나스닥,45630.0,1750764.0,1750764.0,79887361320.0,79887361320.0,KOSPI,-0.45
122630,KODEX 레버리지,110465.0,18391130.0,18391130.0,2031576175450.0,2031576175450.0,KOSPI,-2.7
498400,KODEX 200타겟위클리커버드콜,20465.0,9073042.0,9073042.0,185679804530.0,185679804530.0,KOSPI,-1.37
353200,대덕전자,117600.0,703620.0,703620.0,82745712000.0,82745712000.0,KOSPI,-1.26
377300,카카오페이,42850.0,177013.0,338880.0,7585007050.0,14521008000.0,KOSPI,-5.09
0167A0,SOL AI반도체TOP2플러스,17645.0,26032481.0,26032481.0,459343127245.0,459343127245.0,KOSPI,-2.22
001440,대한전선,28700.0,1829355.0,1829355.0,52502488500.0,52502488500.0,KOSPI,-4.17
091160,KODEX 반도체,125405.0,2370041.0,2370041.0,297214991605.0,297214991605.0,KOSPI,-0.67
029780,삼성카드,47950.0,73586.0,89723.0,3528448700.0,4302217850.0,KOSPI,-1.24
062040,산일전기,179200.0,261878.0,446733.0,46928537600.0,80054553600.0,KOSPI,-1.81
175330,JB금융지주,27900.0,339072.0,381585.0,9460108800.0,10646221500.0,KOSPI,-0.36
229200,KODEX 코스닥150,14190.0,39503367.0,39503367.0,560552777730.0,560552777730.0,KOSPI,-4.32
010060,OCI홀딩스,272500.0,225165.0,443297.0,61357462500.0,120798432500.0,KOSPI,-2.33
128940,한미약품,392000.0,65857.0,84344.0,25815944000.0,33062848000.0,KOSPI,-1.63
036570,NC,230000.0,151428.0,198194.0,34828440000.0,45584620000.0,KOSPI,-7.07
271560,오리온,125100.0,178282.0,210635.0,22303078200.0,26350438500.0,KOSPI,-6.64
034220,LG디스플레이,9780.0,3391126.0,3391126.0,33165212280.0,33165212280.0,KOSPI,-4.77
000500,가온전선,162500.0,128220.0,323592.0,20835750000.0,52583700000.0,KOSPI,-2.75
454910,두산로보틱스,74400.0,614377.0,614377.0,45709648800.0,45709648800.0,KOSPI,-6.06
005385,현대차우,206500.0,53399.0,53399.0,11026893500.0,11026893500.0,KOSPI,-2.13
088350,한화생명,5520.0,8886240.0,8886240.0,49052044800.0,49052044800.0,KOSPI,-1.95
148020,RISE 200,109395.0,1407453.0,1407453.0,153968320935.0,153968320935.0,KOSPI,-1.34
138930,BNK금융지주,14820.0,1094078.0,1354325.0,16214235960.0,20071096500.0,KOSPI,-2.05
088980,맥쿼리인프라,9480.0,2571558.0,2571558.0,24378369840.0,24378369840.0,KOSPI,-2.17
051900,LG생활건강,300000.0,74761.0,102988.0,22428300000.0,30896400000.0,KOSPI,-2.44
310970,TIGER MSCI Korea TR,48400.0,30115.0,30115.0,1457566000.0,1457566000.0,KOSPI,-1.8
458730,TIGER 미국배당다우존스,15345.0,2383699.0,2383699.0,36577861155.0,36577861155.0,KOSPI,-0.71
066970,엘앤에프,105400.0,456451.0,723743.0,48109935400.0,76282512200.0,KOSPI,-3.92
011790,SKC,86200.0,165948.0,295790.0,14304717600.0,25497098000.0,KOSPI,-4.01
000990,DB하이텍,97600.0,371165.0,626553.0,36225704000.0,61151572800.0,KOSPI,-5.06
001450,현대해상,49700.0,1420502.0,2119300.0,70598949400.0,105329210000.0,KOSPI,9.59
411060,ACE KRX금현물,27900.0,1026041.0,1026041.0,28626543900.0,28626543900.0,KOSPI,1.0
0162Z0,RISE 삼성전자SK하이닉스채권혼합50,13325.0,9132026.0,9132026.0,121684246450.0,121684246450.0,KOSPI,-0.49
395160,KODEX AI반도체TOP2플러스,40050.0,7621527.0,7621527.0,305242156350.0,305242156350.0,KOSPI,-2.32
360200,ACE 미국S&P500,27300.0,1076880.0,1076880.0,29398824000.0,29398824000.0,KOSPI,-1.44
004170,신세계,424500.0,74029.0,104543.0,31425310500.0,44378503500.0,KOSPI,-0.59
082740,한화엔진,47100.0,555064.0,911246.0,26143514400.0,42919686600.0,KOSPI,-3.98
002380,KCC,454500.0,16167.0,21357.0,7347901500.0,9706756500.0,KOSPI,-2.36
381170,TIGER 미국테크TOP10 INDXX,31195.0,852976.0,852976.0,26608586320.0,26608586320.0,KOSPI,-2.13
004020,현대제철,28650.0,567492.0,836394.0,16258645800.0,23962688100.0,KOSPI,-4.18
018880,한온시스템,3655.0,3863108.0,3863108.0,14119659740.0,14119659740.0,KOSPI,-4.32
001040,CJ,126900.0,229848.0,302452.0,29167711200.0,38381158800.0,KOSPI,-8.11
052690,한전기술,96500.0,89919.0,167634.0,8677183500.0,16176681000.0,KOSPI,-4.46
233740,KODEX 코스닥150레버리지,7155.0,126065643.0,126065643.0,901999675665.0,901999675665.0,KOSPI,-8.45
007340,DN오토모티브,62800.0,974760.0,1946315.0,61214928000.0,122228582000.0,KOSPI,6.62
423160,KODEX KOFR금리액티브(합성),110815.0,153818.0,153818.0,17045341670.0,17045341670.0,KOSPI,0.01
395270,HANARO Fn K-반도체,56785.0,2345643.0,2345643.0,133197337755.0,133197337755.0,KOSPI,-2.04
111770,영원무역,80900.0,100822.0,116876.0,8156499800.0,9455268400.0,KOSPI,-5.82
357870,TIGER CD금리투자KIS(합성),57915.0,234348.0,234348.0,13572264420.0,13572264420.0,KOSPI,0.0
367380,ACE 미국나스닥100,31955.0,548086.0,548086.0,17514088130.0,17514088130.0,KOSPI,-1.4
103590,일진전기,71700.0,387935.0,817644.0,27814939500.0,58625074800.0,KOSPI,-3.5
102780,KODEX 삼성그룹,26320.0,715449.0,715449.0,18830617680.0,18830617680.0,KOSPI,-3.06
036460,한국가스공사,36550.0,128518.0,170161.0,4697332900.0,6219384550.0,KOSPI,-0.14
273130,KODEX 종합채권(AA-이상)액티브,109285.0,8087.0,8087.0,883787795.0,883787795.0,KOSPI,-0.31
487240,KODEX AI전력핵심설비,36805.0,3409076.0,3409076.0,125471042180.0,125471042180.0,KOSPI,0.18
028670,팬오션,6040.0,6427248.0,6427248.0,38820577920.0,38820577920.0,KOSPI,4.32
011780,금호석유화학,126500.0,114487.0,137190.0,14482605500.0,17354535000.0,KOSPI,-3.14
251270,넷마블,37950.0,163312.0,192664.0,6197690400.0,7311598800.0,KOSPI,-2.94
031210,서울보증보험,44300.0,33179.0,41439.0,1469829700.0,1835747700.0,KOSPI,-1.34
035250,강원랜드,14450.0,422478.0,542838.0,6104807100.0,7844009100.0,KOSPI,-0.96
022100,포스코DX,20300.0,312454.0,563477.0,6342816200.0,11438583100.0,KOSPI,-6.67
009420,한올바이오파마,58700.0,392348.0,613805.0,23030827600.0,36030353500.0,KOSPI,-1.68
161890,한국콜마,129700.0,499740.0,718694.0,64816278000.0,93214611800.0,KOSPI,-5.12
008930,한미사이언스,44600.0,201279.0,273141.0,8977043400.0,12182088600.0,KOSPI,0.68
455890,RISE 머니마켓액티브,55405.0,296535.0,296535.0,16429521675.0,16429521675.0,KOSPI,0.01
085620,미래에셋생명,21800.0,457744.0,457744.0,9978819200.0,9978819200.0,KOSPI,4.56
012750,에스원,77500.0,55129.0,59503.0,4272497500.0,4611482500.0,KOSPI,-0.26
0043B0,TIGER 머니마켓액티브,103375.0,169593.0,169593.0,17531676375.0,17531676375.0,KOSPI,0.01
006360,GS건설,34150.0,1716363.0,1716363.0,58613796450.0,58613796450.0,KOSPI,-3.39
023530,롯데쇼핑,103000.0,195440.0,244349.0,20130320000.0,25167947000.0,KOSPI,0.1
017800,현대엘리베이터,74300.0,371903.0,820832.0,27632392900.0,60987817600.0,KOSPI,2.48
302440,SK바이오사이언스,36500.0,114877.0,163428.0,4193010500.0,5965122000.0,KOSPI,-3.05
004800,효성,167300.0,23981.0,28586.0,4012021300.0,4782437800.0,KOSPI,-1.41
139260,TIGER 200 IT,137810.0,663063.0,663063.0,91376712030.0,91376712030.0,KOSPI,-2.72
097950,CJ제일제당,183400.0,111386.0,151877.0,20428192400.0,27854241800.0,KOSPI,-1.08
139130,iM금융지주,17380.0,442865.0,472770.0,7696993700.0,8216742600.0,KOSPI,-0.52
483650,달바글로벌,220000.0,127746.0,261456.0,28104120000.0,57520320000.0,KOSPI,-3.72
489790,한화비전,54300.0,361996.0,578886.0,19656382800.0,31433509800.0,KOSPI,1.88
375500,DL이앤씨,70600.0,286778.0,286778.0,20246526800.0,20246526800.0,KOSPI,-4.34
192820,코스맥스,239000.0,172416.0,229416.0,41207424000.0,54830424000.0,KOSPI,-3.43
005850,에스엘,58300.0,147994.0,275784.0,8628050200.0,16078207200.0,KOSPI,-5.36
003690,코리안리,15230.0,449873.0,560787.0,6851565790.0,8540786010.0,KOSPI,-0.39
001720,신영증권,161500.0,7111.0,9939.0,1148426500.0,1605148500.0,KOSPI,-2.77
450080,에코프로머티,37250.0,331778.0,331778.0,12358730500.0,12358730500.0,KOSPI,-6.64
426030,TIME 미국나스닥100액티브,49060.0,887962.0,887962.0,43563415720.0,43563415720.0,KOSPI,0.9
026960,동서,25800.0,73086.0,104448.0,1885618800.0,2694758400.0,KOSPI,-1.9
481050,KODEX CD1년금리플러스액티브(합성),1023110.0,30017.0,30017.0,30710692870.0,30710692870.0,KOSPI,0.01
004370,농심,420000.0,63405.0,90404.0,26630100000.0,37969680000.0,KOSPI,-4.0
204320,HL만도,53200.0,662963.0,662963.0,35269631600.0,35269631600.0,KOSPI,-6.83
383220,F&F,64900.0,78728.0,93778.0,5109447200.0,6086192200.0,KOSPI,-3.13
282330,BGF리테일,143200.0,79788.0,82628.0,11425641600.0,11832329600.0,KOSPI,-1.38
0193T0,KODEX SK하이닉스단일종목레버리지,9910.0,41845812.0,41845812.0,414691996920.0,414691996920.0,KOSPI,1.33
449170,TIGER KOFR금리액티브(합성),111625.0,82607.0,82607.0,9221006375.0,9221006375.0,KOSPI,0.01
161510,PLUS 고배당주,25335.0,757400.0,757400.0,19188729000.0,19188729000.0,KOSPI,-0.94
000240,한국앤컴퍼니,25150.0,106283.0,144566.0,2673017450.0,3635834900.0,KOSPI,-4.19
011170,롯데케미칼,55700.0,141065.0,217367.0,7857320500.0,12107341900.0,KOSPI,-2.62
486290,TIGER 미국나스닥100타겟데일리커버드콜,10935.0,1805417.0,1805417.0,19742234895.0,19742234895.0,KOSPI,-1.31
009970,영원무역홀딩스,183300.0,20773.0,24351.0,3807690900.0,4463538300.0,KOSPI,-3.22
336260,두산퓨얼셀,36200.0,686558.0,1202541.0,24853399600.0,43531984200.0,KOSPI,-4.36
278540,KODEX MSCI Korea TR,38550.0,50942.0,50942.0,1963814100.0,1963814100.0,KOSPI,-1.65
472150,TIGER 배당커버드콜액티브,20695.0,5519667.0,5519667.0,114229508565.0,114229508565.0,KOSPI,-1.33
004990,롯데지주,23400.0,189674.0,259393.0,4438371600.0,6069796200.0,KOSPI,-3.7
081660,미스토홀딩스,43500.0,101471.0,113000.0,4413988500.0,4915500000.0,KOSPI,2.35
181710,NHN,70500.0,303956.0,303956.0,21428898000.0,21428898000.0,KOSPI,-5.62
007070,GS리테일,27250.0,122014.0,151560.0,3324881500.0,4130010000.0,KOSPI,-1.62
014680,한솔케미칼,210500.0,77333.0,106476.0,16278596500.0,22413198000.0,KOSPI,-3.66
279570,케이뱅크,5600.0,744456.0,744456.0,4168953600.0,4168953600.0,KOSPI,-2.1
103140,풍산,80400.0,100145.0,145190.0,8051658000.0,11673276000.0,KOSPI,-1.95
456600,TIME 글로벌AI인공지능액티브,60975.0,268029.0,268029.0,16343068275.0,16343068275.0,KOSPI,-0.02
018670,SK가스,242000.0,12944.0,15528.0,3132448000.0,3757776000.0,KOSPI,-0.82
073240,금호타이어,7790.0,7098237.0,15001993.0,55295266230.0,116865525470.0,KOSPI,-4.3
030000,제일기획,18850.0,271395.0,361435.0,5115795750.0,6813049750.0,KOSPI,-0.68
069960,현대백화점,100000.0,182793.0,277626.0,18279300000.0,27762600000.0,KOSPI,-2.15
005440,현대지에프홀딩스,11510.0,188538.0,279233.0,2170072380.0,3213971830.0,KOSPI,-3.44
139480,이마트,76100.0,196191.0,272891.0,14930135100.0,20767005100.0,KOSPI,-3.55
284430,KODEX 200미국채혼합50,21150.0,853687.0,853687.0,18055480050.0,18055480050.0,KOSPI,-1.35
292150,TIGER 코리아TOP10,38020.0,901731.0,901731.0,34283812620.0,34283812620.0,KOSPI,-1.32
051600,한전KPS,44950.0,159059.0,219601.0,7149702050.0,9871064950.0,KOSPI,-3.02
475150,SK이터닉스,58500.0,3901437.0,3901437.0,228234064500.0,228234064500.0,KOSPI,0.34
439260,대한조선,52100.0,79764.0,146825.0,4155704400.0,7649582500.0,KOSPI,-4.75
457190,이수스페셜티케미컬,64600.0,119417.0,230492.0,7714338200.0,14889783200.0,KOSPI,-5.28
002790,아모레퍼시픽홀딩스,25250.0,122219.0,157512.0,3086029750.0,3977178000.0,KOSPI,-4.17
112610,씨에스윈드,45700.0,417188.0,417188.0,19065491600.0,19065491600.0,KOSPI,-2.45
385540,RISE 종합채권(A-이상)액티브,102315.0,7744.0,7744.0,792327360.0,792327360.0,KOSPI,-0.31
071970,HD현대마린엔진,55200.0,268488.0,467764.0,14820537600.0,25820572800.0,KOSPI,-5.15
105190,ACE 200,108720.0,355818.0,355818.0,38684532960.0,38684532960.0,KOSPI,-1.44
462870,시프트업,31700.0,56819.0,101532.0,1801162300.0,3218564400.0,KOSPI,0.0
214980,KODEX 단기채권PLUS,114530.0,22002.0,22002.0,2519889060.0,2519889060.0,KOSPI,0.01
294400,KIWOOM 200TR,142355.0,153518.0,153518.0,21854054890.0,21854054890.0,KOSPI,-1.53
442580,PLUS 글로벌HBM반도체,104205.0,748910.0,748910.0,78040166550.0,78040166550.0,KOSPI,1.2
395400,SK리츠,5850.0,141922.0,141922.0,830243700.0,830243700.0,KOSPI,-0.51
0193W0,KODEX 삼성전자단일종목레버리지,12940.0,13565843.0,13565843.0,175542008420.0,175542008420.0,KOSPI,-4.36
011210,현대위아,63900.0,98572.0,201183.0,6298750800.0,12855593700.0,KOSPI,-5.75
000155,두산우,430000.0,8032.0,8032.0,3453760000.0,3453760000.0,KOSPI,-2.16
000120,CJ대한통운,75300.0,53917.0,71781.0,4059950100.0,5405109300.0,KOSPI,-2.46
008770,호텔신라,43650.0,247511.0,360697.0,10803855150.0,15744424050.0,KOSPI,-3.85
023590,다우기술,39500.0,38966.0,57034.0,1539157000.0,2252843000.0,KOSPI,-1.86
441640,KODEX 미국배당커버드콜액티브,12975.0,1085599.0,1085599.0,14085647025.0,14085647025.0,KOSPI,-0.61
020150,롯데에너지머티리얼즈,32350.0,150130.0,280282.0,4856705500.0,9067122700.0,KOSPI,-6.1
006040,동원산업,38000.0,33732.0,41502.0,1281816000.0,1577076000.0,KOSPI,1.2
120110,코오롱인더,56000.0,282110.0,401690.0,15798160000.0,22494640000.0,KOSPI,1.27
477080,RISE CD금리액티브(합성),107335.0,6017.0,6017.0,645834695.0,645834695.0,KOSPI,0.0
305720,KODEX 2차전지산업,14220.0,2823411.0,2823411.0,40148904420.0,40148904420.0,KOSPI,-4.24
089860,롯데렌탈,45300.0,208118.0,288702.0,9427745400.0,13078200600.0,KOSPI,0.67
487230,KODEX 미국AI전력핵심인프라,21870.0,1084140.0,1084140.0,23710141800.0,23710141800.0,KOSPI,1.77
446770,ACE 글로벌반도체TOP4 Plus,80090.0,91812.0,91812.0,7353223080.0,7353223080.0,KOSPI,-0.81
097230,HJ중공업,17630.0,279174.0,279174.0,4921837620.0,4921837620.0,KOSPI,-1.51
00680K,미래에셋증권2우B,11620.0,315162.0,315162.0,3662182440.0,3662182440.0,KOSPI,-5.07
368590,RISE 미국나스닥100,31010.0,606489.0,606489.0,18807223890.0,18807223890.0,KOSPI,-1.41
152100,PLUS 200,110155.0,508549.0,508549.0,56019215095.0,56019215095.0,KOSPI,-1.43
007810,코리아써키트,65400.0,907808.0,1804676.0,59370643200.0,118025810400.0,KOSPI,3.65
466920,SOL 조선TOP3플러스,29040.0,1240065.0,1240065.0,36011487600.0,36011487600.0,KOSPI,-3.68
379780,RISE 미국S&P500,23625.0,396958.0,396958.0,9378132750.0,9378132750.0,KOSPI,-1.4
001800,오리온홀딩스,25800.0,91765.0,127351.0,2367537000.0,3285655800.0,KOSPI,-3.73
329200,TIGER 리츠부동산인프라,4115.0,3119520.0,3119520.0,12836824800.0,12836824800.0,KOSPI,-0.48
001430,세아베스틸지주,43100.0,157297.0,222249.0,6779500700.0,9578931900.0,KOSPI,-4.22
610063,메리츠 KIS CD금리투자 ETN,55680.0,13.0,13.0,723840.0,723840.0,KOSPI,0.01
0177N0,KODEX 삼성전자SK하이닉스채권혼합50,14110.0,6262602.0,6262602.0,88365314220.0,88365314220.0,KOSPI,-0.25
001120,LX인터내셔널,38500.0,93832.0,125794.0,3612532000.0,4843069000.0,KOSPI,1.85
001740,SK네트웍스,7430.0,1421237.0,1421237.0,10559790910.0,10559790910.0,KOSPI,-2.11
294870,IPARK현대산업개발,22500.0,359427.0,408533.0,8087107500.0,9191992500.0,KOSPI,1.81
453850,ACE 미국30년국채액티브(H),7060.0,1532637.0,1532637.0,10820417220.0,10820417220.0,KOSPI,-1.47
009155,삼성전기우,507000.0,65030.0,65030.0,32970210000.0,32970210000.0,KOSPI,-8.48
0195S0,TIGER SK하이닉스단일종목레버리지,8445.0,20742728.0,20742728.0,175172337960.0,175172337960.0,KOSPI,1.5
475630,TIGER CD1년금리액티브(합성),1074585.0,28471.0,28471.0,30594509535.0,30594509535.0,KOSPI,0.0
229640,LS에코에너지,47450.0,77959.0,152707.0,3699154550.0,7245947150.0,KOSPI,-1.76
006280,녹십자,121800.0,36434.0,46574.0,4437661200.0,5672713200.0,KOSPI,-5.73
020560,아시아나항공,6880.0,193235.0,314729.0,1329456800.0,2165335520.0,KOSPI,-4.31
298020,효성티앤씨,322500.0,13158.0,19928.0,4243455000.0,6426780000.0,KOSPI,-2.42
322000,HD현대에너지솔루션,124600.0,388235.0,388235.0,48374081000.0,48374081000.0,KOSPI,1.05
093370,후성,12970.0,13745058.0,13745058.0,178273402260.0,178273402260.0,KOSPI,4.6
281820,케이씨텍,69400.0,205834.0,380459.0,14284879600.0,26403854600.0,KOSPI,-3.48
069620,대웅제약,118500.0,49106.0,61752.0,5819061000.0,7317612000.0,KOSPI,-4.9
232080,TIGER 코스닥150,14515.0,4227273.0,4227273.0,61358867595.0,61358867595.0,KOSPI,-4.06
091230,TIGER 반도체,132640.0,216500.0,216500.0,28716560000.0,28716560000.0,KOSPI,-0.86
390390,KODEX 미국반도체,56200.0,892339.0,892339.0,50149451800.0,50149451800.0,KOSPI,-0.79
436140,SOL 종합채권(AA-이상)액티브,105630.0,56.0,56.0,5915280.0,5915280.0,KOSPI,-0.34
012630,HDC,22200.0,47841.0,61401.0,1062070200.0,1363102200.0,KOSPI,-0.45
007310,오뚜기,326000.0,5265.0,7790.0,1716390000.0,2539540000.0,KOSPI,-3.26
0183J0,TIGER 미국우주테크,8915.0,2139226.0,2139226.0,19071199790.0,19071199790.0,KOSPI,0.79
005070,코스모신소재,39000.0,109524.0,214007.0,4271436000.0,8346273000.0,KOSPI,-7.58
157450,TIGER 단기통안채,112425.0,28173.0,28173.0,3167349525.0,3167349525.0,KOSPI,0.0
700026,하나 CD금리투자 ETN,107515.0,100.0,100.0,10751500.0,10751500.0,KOSPI,0.01
448330,KODEX 삼성전자채권혼합,17470.0,915016.0,915016.0,15985329520.0,15985329520.0,KOSPI,-0.63
017960,한국카본,24500.0,579193.0,1294812.0,14190228500.0,31722894000.0,KOSPI,-2.58
415640,KB발해인프라,10290.0,59760.0,59760.0,614930400.0,614930400.0,KOSPI,-0.1
066575,LG전자우,73000.0,120271.0,120271.0,8779783000.0,8779783000.0,KOSPI,-2.41
003540,대신증권,26300.0,78353.0,132934.0,2060683900.0,3496164200.0,KOSPI,-3.31
438080,ACE 미국S&P500미국채혼합50액티브,14395.0,560726.0,560726.0,8071650770.0,8071650770.0,KOSPI,-0.86
000815,삼성화재우,414500.0,15377.0,15377.0,6373766500.0,6373766500.0,KOSPI,2.6
192080,더블유게임즈,58800.0,58072.0,69618.0,3414633600.0,4093538400.0,KOSPI,-4.55
0072R0,TIGER KRX금현물,13325.0,937580.0,937580.0,12493253500.0,12493253500.0,KOSPI,1.14
361610,SK아이이테크놀로지,14710.0,168936.0,223251.0,2485048560.0,3284022210.0,KOSPI,-5.4
004000,롯데정밀화학,46350.0,57399.0,76064.0,2660443650.0,3525566400.0,KOSPI,-1.59
497570,TIGER 미국필라델피아AI반도체나스닥,22685.0,601789.0,601789.0,13651583465.0,13651583465.0,KOSPI,-1.52
030610,교보증권,10140.0,66797.0,95113.0,677321580.0,964445820.0,KOSPI,-3.7
280360,롯데웰푸드,123200.0,24827.0,32406.0,3058686400.0,3992419200.0,KOSPI,-4.72
330590,롯데리츠,3920.0,114127.0,114127.0,447377840.0,447377840.0,KOSPI,-1.13
445290,KODEX 로봇액티브,32495.0,818980.0,818980.0,26612755100.0,26612755100.0,KOSPI,-4.29
469150,ACE AI반도체TOP3+,58300.0,685219.0,685219.0,39948267700.0,39948267700.0,KOSPI,-0.22
449450,PLUS K방산,56990.0,362279.0,362279.0,20646280210.0,20646280210.0,KOSPI,-2.61
226490,KODEX 코스피,70435.0,1788157.0,1788157.0,125948838295.0,125948838295.0,KOSPI,-1.57
006340,대원전선,14110.0,4597059.0,4597059.0,64864502490.0,64864502490.0,KOSPI,-4.08
300720,한일시멘트,15040.0,87037.0,186360.0,1309036480.0,2802854400.0,KOSPI,0.94
494890,KODEX 200액티브,31330.0,384274.0,384274.0,12039304420.0,12039304420.0,KOSPI,-1.25
465580,ACE 미국빅테크TOP7 Plus,24695.0,461286.0,461286.0,11391457770.0,11391457770.0,KOSPI,-2.28
000080,하이트진로,15390.0,161638.0,203672.0,2487608820.0,3134512080.0,KOSPI,-2.9
0139F0,TIGER 12월자동연장금융채(AA-이상)액티브,101985.0,456.0,456.0,46505160.0,46505160.0,KOSPI,-0.01
000210,DL,50700.0,79361.0,103408.0,4023602700.0,5242785600.0,KOSPI,-2.31
032350,롯데관광개발,13240.0,421700.0,602914.0,5583308000.0,7982581360.0,KOSPI,-3.78
077970,STX엔진,26250.0,338206.0,550854.0,8877907500.0,14459917500.0,KOSPI,-7.57
446720,SOL 미국배당다우존스,14070.0,519535.0,519535.0,7309857450.0,7309857450.0,KOSPI,-0.67
003570,SNT다이내믹스,31450.0,58526.0,67532.0,1840642700.0,2123881400.0,KOSPI,-3.53
494310,KODEX 반도체레버리지,76210.0,5735702.0,5735702.0,437117849420.0,437117849420.0,KOSPI,-1.05
530031,삼성 레버리지 WTI원유 선물 ETN,2560.0,419016.0,419016.0,1072680960.0,1072680960.0,KOSPI,7.79
479520,RISE KOFR금리액티브(합성),106230.0,5193.0,5193.0,551652390.0,551652390.0,KOSPI,-0.01
0195R0,TIGER 삼성전자단일종목레버리지,11820.0,6936297.0,6936297.0,81987030540.0,81987030540.0,KOSPI,-3.82
455850,SOL AI반도체소부장,24085.0,3459737.0,3459737.0,83327765645.0,83327765645.0,KOSPI,0.54
0117V0,TIGER 코리아AI전력기기TOP3플러스,19100.0,1885785.0,1885785.0,36018493500.0,36018493500.0,KOSPI,0.0
001820,삼화콘덴서,97400.0,661685.0,661685.0,64448119000.0,64448119000.0,KOSPI,-5.44
449180,KODEX 미국S&P500(H),17215.0,771576.0,771576.0,13282680840.0,13282680840.0,KOSPI,-1.15
003090,대웅,17350.0,48087.0,59769.0,834309450.0,1036992150.0,KOSPI,-4.2
469830,SOL 초단기채권액티브,54305.0,220003.0,220003.0,11947262915.0,11947262915.0,KOSPI,0.0
295040,SOL 200TR,40720.0,314503.0,314503.0,12806562160.0,12806562160.0,KOSPI,-1.36
003240,태광산업,896000.0,1334.0,1685.0,1195264000.0,1509760000.0,KOSPI,-3.66
479080,1Q 머니마켓액티브,53685.0,29423.0,29423.0,1579573755.0,1579573755.0,KOSPI,0.01
315930,KODEX Top5PlusTR,81685.0,63517.0,63517.0,5188386145.0,5188386145.0,KOSPI,-1.41
356540,ACE 종합채권(AA-이상)액티브,100570.0,6100.0,6100.0,613477000.0,613477000.0,KOSPI,-0.45
451800,한화리츠,5510.0,53645.0,53645.0,295583950.0,295583950.0,KOSPI,-0.9
494300,KODEX 미국나스닥100데일리커버드콜OTM,9465.0,1892965.0,1892965.0,17916913725.0,17916913725.0,KOSPI,-1.15
237350,KODEX 코스피100,86680.0,345881.0,345881.0,29980965080.0,29980965080.0,KOSPI,-1.28
451540,TIGER 종합채권(AA-이상)액티브,52430.0,177422.0,177422.0,9302235460.0,9302235460.0,KOSPI,-0.47
003530,한화투자증권,4550.0,747766.0,747766.0,3402335300.0,3402335300.0,KOSPI,-4.81
192400,쿠쿠홀딩스,27400.0,44972.0,62363.0,1232232800.0,1708746200.0,KOSPI,3.98
495050,RISE 코리아밸류업,32655.0,170218.0,170218.0,5558468790.0,5558468790.0,KOSPI,-1.08
402970,ACE 미국배당다우존스,15595.0,356916.0,356916.0,5566105020.0,5566105020.0,KOSPI,-0.86
009450,경동나비엔,66300.0,73397.0,138340.0,4866221100.0,9171942000.0,KOSPI,-2.64
195870,해성디에스,56600.0,122271.0,232555.0,6920538600.0,13162613000.0,KOSPI,-3.9
438100,ACE 미국나스닥100미국채혼합50액티브,15610.0,318717.0,318717.0,4975172370.0,4975172370.0,KOSPI,-0.79
0117L0,KODEX 26-12 금융채(AA-이상)액티브,10150.0,3924.0,3924.0,39828600.0,39828600.0,KOSPI,0.0
051915,LG화학우,122300.0,13497.0,13497.0,1650683100.0,1650683100.0,KOSPI,-3.17
009240,한샘,39900.0,60806.0,70613.0,2426159400.0,2817458700.0,KOSPI,-1.48
006120,SK디스커버리,53700.0,48860.0,56728.0,2623782000.0,3046293600.0,KOSPI,1.9
185750,종근당,66700.0,24869.0,36993.0,1658762300.0,2467433100.0,KOSPI,-2.34
005300,롯데칠성,97800.0,27537.0,37178.0,2693118600.0,3636008400.0,KOSPI,-3.83
071055,한국금융지주우,154500.0,18770.0,18770.0,2899965000.0,2899965000.0,KOSPI,-1.15
030190,NICE평가정보,15350.0,114532.0,130328.0,1758066200.0,2000534800.0,KOSPI,-3.28
005090,SGC에너지,62500.0,112321.0,203107.0,7020062500.0,12694187500.0,KOSPI,-2.19
034230,파라다이스,9580.0,555120.0,838892.0,5318049600.0,8036585360.0,KOSPI,-3.13
0177R0,TIGER 반도체TOP10커버드콜액티브,11315.0,4347805.0,4347805.0,49195413575.0,49195413575.0,KOSPI,-1.27
305540,TIGER 2차전지테마,17900.0,428400.0,428400.0,7668360000.0,7668360000.0,KOSPI,-4.76
006110,삼아알미늄,58000.0,358597.0,571137.0,20798626000.0,33125946000.0,KOSPI,9.64
003470,유안타증권,4540.0,469569.0,469569.0,2131843260.0,2131843260.0,KOSPI,-4.52
079160,CJ CGV,5240.0,730349.0,730349.0,3827028760.0,3827028760.0,KOSPI,-3.68
100090,SK오션플랜트,13730.0,755957.0,755957.0,10379289610.0,10379289610.0,KOSPI,-4.92
071320,지역난방공사,73700.0,23169.0,34822.0,1707555300.0,2566381400.0,KOSPI,-3.53
285130,SK케미칼,47950.0,114144.0,164689.0,5473204800.0,7896837550.0,KOSPI,-4.1
000370,한화손해보험,7020.0,933208.0,933208.0,6551120160.0,6551120160.0,KOSPI,0.43
475720,RISE 200위클리커버드콜,12680.0,764102.0,764102.0,9688813360.0,9688813360.0,KOSPI,0.24
499790,GS피앤엘,41050.0,37377.0,55861.0,1534325850.0,2293094050.0,KOSPI,-2.96
153130,KODEX 단기채권,113195.0,20238.0,20238.0,2290840410.0,2290840410.0,KOSPI,0.01
441800,TIME Korea플러스배당액티브,28855.0,326003.0,326003.0,9406816565.0,9406816565.0,KOSPI,-0.82
371460,TIGER 차이나전기차SOLACTIVE,10885.0,155586.0,155586.0,1693553610.0,1693553610.0,KOSPI,-0.46
498410,KODEX 금융고배당TOP10타겟위클리커버드콜,11645.0,1521146.0,1521146.0,17713745170.0,17713745170.0,KOSPI,-0.3
144600,KODEX 은선물(H),10645.0,466092.0,466092.0,4961549340.0,4961549340.0,KOSPI,1.57
0025N0,TIGER TDF2045 적격,12260.0,403942.0,403942.0,4952328920.0,4952328920.0,KOSPI,-1.05
490590,RISE 미국AI밸류체인데일리고정커버드콜,14635.0,673258.0,673258.0,9853130830.0,9853130830.0,KOSPI,-1.81
466940,TIGER 은행고배당플러스TOP10,26115.0,544387.0,544387.0,14216666505.0,14216666505.0,KOSPI,-0.95
365550,ESR켄달스퀘어리츠,3175.0,638186.0,638186.0,2026240550.0,2026240550.0,KOSPI,-3.5
487340,ACE 머니마켓액티브,105715.0,7561.0,7561.0,799311115.0,799311115.0,KOSPI,0.01
0048J0,KODEX 미국머니마켓액티브,14115.0,812671.0,812671.0,11470851165.0,11470851165.0,KOSPI,-0.35
036530,SNT홀딩스,47550.0,9403.0,13754.0,447112650.0,654002700.0,KOSPI,-1.76
003850,보령,9000.0,96812.0,117256.0,871308000.0,1055304000.0,KOSPI,-1.85
476550,TIGER 미국30년국채커버드콜액티브(H),6755.0,2290506.0,2290506.0,15472368030.0,15472368030.0,KOSPI,-1.39
457480,ACE 테슬라밸류체인액티브,18715.0,652011.0,652011.0,12202385865.0,12202385865.0,KOSPI,-0.95
214320,이노션,19110.0,87423.0,104128.0,1670653530.0,1989886080.0,KOSPI,-1.14
004490,세방전지,55100.0,42727.0,65043.0,2354257700.0,3583869300.0,KOSPI,-5.0
298050,HS효성첨단소재,170100.0,19318.0,25797.0,3285991800.0,4388069700.0,KOSPI,-4.28
069660,KIWOOM 200,108470.0,134090.0,134090.0,14544742300.0,14544742300.0,KOSPI,-1.5
481060,KODEX 미국30년국채타겟커버드콜(합성 H),7290.0,1031127.0,1031127.0,7516915830.0,7516915830.0,KOSPI,-1.35
064960,SNT모티브,28050.0,129548.0,148751.0,3633821400.0,4172465550.0,KOSPI,-1.41
137310,에스디바이오센서,6150.0,209282.0,299169.0,1287084300.0,1839889350.0,KOSPI,-6.11
003160,디아이,26000.0,263077.0,548712.0,6840002000.0,14266512000.0,KOSPI,0.78
102970,KODEX 증권,18635.0,1726337.0,1726337.0,32170289995.0,32170289995.0,KOSPI,-4.87
0061Z0,RISE 단기특수은행채액티브,50945.0,1818.0,1818.0,92618010.0,92618010.0,KOSPI,0.01
272580,TIGER 단기채권액티브,57035.0,94798.0,94798.0,5406803930.0,5406803930.0,KOSPI,0.03
114800,KODEX 인버스,1026.0,1353926526.0,1353926526.0,1389128615676.0,1389128615676.0,KOSPI,1.48
005180,빙그레,77200.0,208746.0,421511.0,16115191200.0,32540649200.0,KOSPI,-6.31
456040,OCI,79800.0,46848.0,70693.0,3738470400.0,5641301400.0,KOSPI,-1.36
458760,TIGER 미국배당다우존스타겟커버드콜2호,11280.0,269133.0,269133.0,3035820240.0,3035820240.0,KOSPI,-0.53
005690,파미셀,11870.0,555254.0,555254.0,6590864980.0,6590864980.0,KOSPI,-0.34
000670,영풍,38200.0,32382.0,39198.0,1236992400.0,1497363600.0,KOSPI,0.26
0127P0,ACE 미국대형성장주액티브,10950.0,184541.0,184541.0,2020723950.0,2020723950.0,KOSPI,-1.04
580058,KB KIS CD금리투자 ETN,53760.0,1.0,1.0,53760.0,53760.0,KOSPI,0.02
456610,TIGER 미국달러SOFR금리액티브(합성),61185.0,40820.0,40820.0,2497571700.0,2497571700.0,KOSPI,-0.41
462330,KODEX 2차전지산업레버리지,985.0,70888005.0,70888005.0,69824684925.0,69824684925.0,KOSPI,-8.71
491010,TIGER 글로벌AI전력인프라액티브,27510.0,161121.0,161121.0,4432438710.0,4432438710.0,KOSPI,1.7
138540,TIGER 현대차그룹플러스,53560.0,218366.0,218366.0,11695682960.0,11695682960.0,KOSPI,-3.66
367760,RISE 네트워크인프라,58540.0,384050.0,384050.0,22482287000.0,22482287000.0,KOSPI,-3.18
434730,HANARO 원자력iSelect,58070.0,161175.0,161175.0,9359432250.0,9359432250.0,KOSPI,-2.3
385560,RISE KIS국고채30년Enhanced,49825.0,69124.0,69124.0,3444103300.0,3444103300.0,KOSPI,-1.7
495850,KODEX 코리아밸류업,32340.0,274953.0,274953.0,8891980020.0,8891980020.0,KOSPI,-1.52
0167B0,SOL 200타겟위클리커버드콜,11935.0,1891020.0,1891020.0,22569323700.0,22569323700.0,KOSPI,-1.12
005880,대한해운,2075.0,6007356.0,6007356.0,12465263700.0,12465263700.0,KOSPI,1.97
290130,RISE ESG사회책임투자,47045.0,233297.0,233297.0,10975457365.0,10975457365.0,KOSPI,-1.46
317450,명인제약,45400.0,23903.0,50633.0,1085196200.0,2298738200.0,KOSPI,-4.72
423920,TIGER 미국필라델피아반도체레버리지(합성),96620.0,141863.0,141863.0,13706803060.0,13706803060.0,KOSPI,-0.77
069260,TKG휴켐스,16130.0,42806.0,62326.0,690460780.0,1005318380.0,KOSPI,-1.35
002960,한국쉘석유,507000.0,1329.0,2386.0,673803000.0,1209702000.0,KOSPI,-2.31
0148J0,TIGER 코리아휴머노이드로봇산업,9835.0,7469968.0,7469968.0,73467135280.0,73467135280.0,KOSPI,-5.34
364980,TIGER 2차전지TOP10,9810.0,3606518.0,3606518.0,35379941580.0,35379941580.0,KOSPI,-4.57
418660,TIGER 미국나스닥100레버리지(합성),42590.0,275826.0,275826.0,11747429340.0,11747429340.0,KOSPI,-2.93
482730,TIGER 미국S&P500타겟데일리커버드콜,12220.0,450013.0,450013.0,5499158860.0,5499158860.0,KOSPI,-1.33
268280,미원에스씨,130500.0,2457.0,3144.0,320638500.0,410292000.0,KOSPI,-1.51
093050,LF,22300.0,31997.0,38220.0,713533100.0,852306000.0,KOSPI,-2.62
248070,솔루엠,13580.0,290819.0,445857.0,3949322020.0,6054738060.0,KOSPI,-8.06
314250,KODEX 미국빅테크10(H),61165.0,42699.0,42699.0,2611684335.0,2611684335.0,KOSPI,-3.14
094800,맵스리얼티,6990.0,105094.0,105094.0,734607060.0,734607060.0,KOSPI,-0.14
252670,KODEX 200선물인버스2X,79.0,8058326761.0,8058326761.0,636607814119.0,636607814119.0,KOSPI,3.95
293940,신한알파리츠,5300.0,89514.0,89514.0,474424200.0,474424200.0,KOSPI,-0.38
108320,LX세미콘,39400.0,104928.0,229639.0,4134163200.0,9047776600.0,KOSPI,-5.06
434060,KODEX TDF2050액티브 적격,17290.0,208903.0,208903.0,3611932870.0,3611932870.0,KOSPI,-0.83
002350,넥센타이어,6550.0,83040.0,83040.0,543912000.0,543912000.0,KOSPI,-2.67
0015B0,KoAct 미국나스닥성장기업액티브,19520.0,670706.0,670706.0,13092181120.0,13092181120.0,KOSPI,-1.41
329750,TIGER 미국달러단기채권액티브,13340.0,286807.0,286807.0,3826005380.0,3826005380.0,KOSPI,-0.3
017940,E1,92800.0,11403.0,16733.0,1058198400.0,1552822400.0,KOSPI,3.69
001060,JW중외제약,27250.0,97898.0,228783.0,2667720500.0,6234336750.0,KOSPI,-5.55
033240,자화전자,29350.0,230647.0,391045.0,6769489450.0,11477170750.0,KOSPI,-4.71
075580,세진중공업,11090.0,230823.0,417307.0,2559827070.0,4627934630.0,KOSPI,-7.27
383800,LX홀딩스,8250.0,70629.0,115973.0,582689250.0,956777250.0,KOSPI,-0.48
000400,롯데손해보험,2025.0,316637.0,316637.0,641189925.0,641189925.0,KOSPI,-0.98
396520,TIGER 차이나반도체FACTSET,15160.0,1091922.0,1091922.0,16553537520.0,16553537520.0,KOSPI,4.26
014820,동원시스템즈,21500.0,53246.0,65978.0,1144789000.0,1418527000.0,KOSPI,-2.49
700028,하나 레버리지 반도체 ETN,177070.0,1982.0,1982.0,350952740.0,350952740.0,KOSPI,-1.01
000640,동아쏘시오홀딩스,91300.0,18343.0,21615.0,1674715900.0,1973449500.0,KOSPI,-1.83
0101N0,RISE AI전력인프라,19380.0,491523.0,491523.0,9525715740.0,9525715740.0,KOSPI,-2.39
001680,대상,17510.0,257257.0,338460.0,4504570070.0,5926434600.0,KOSPI,-4.68
466950,TIGER 글로벌AI액티브,32560.0,198650.0,198650.0,6468044000.0,6468044000.0,KOSPI,-0.18
090460,비에이치,17860.0,1908708.0,4208694.0,34089524880.0,75167274840.0,KOSPI,-2.93
371160,TIGER 차이나항셍테크,7310.0,469698.0,469698.0,3433492380.0,3433492380.0,KOSPI,0.14
453340,현대그린푸드,18390.0,35386.0,46018.0,650748540.0,846271020.0,KOSPI,-1.02
251600,PLUS 고배당주채권혼합,15470.0,212720.0,212720.0,3290778400.0,3290778400.0,KOSPI,-0.55
494670,TIGER 조선TOP10,22990.0,659249.0,659249.0,15156134510.0,15156134510.0,KOSPI,-3.16
489250,KODEX 미국배당다우존스,13200.0,331658.0,331658.0,4377885600.0,4377885600.0,KOSPI,-0.71
025540,한국단자,58600.0,89348.0,122617.0,5235792800.0,7185356200.0,KOSPI,-8.72
002840,미원상사,130300.0,9427.0,9796.0,1228338100.0,1276418800.0,KOSPI,0.7
484790,KODEX 미국30년국채액티브(H),8145.0,1485898.0,1485898.0,12102639210.0,12102639210.0,KOSPI,-1.45
001270,부국증권,56100.0,2617.0,3689.0,146813700.0,206952900.0,KOSPI,-2.26
114090,GKL,9330.0,136568.0,193497.0,1274179440.0,1805327010.0,KOSPI,-0.74
0019K0,TIME 미국나스닥100채권혼합50액티브,13635.0,456585.0,456585.0,6225536475.0,6225536475.0,KOSPI,-0.44
178920,PI첨단소재,19410.0,38502.0,62865.0,747323820.0,1220209650.0,KOSPI,-2.46
449190,KODEX 미국나스닥100(H),22385.0,289031.0,289031.0,6469958935.0,6469958935.0,KOSPI,-1.04
006650,대한유화,86400.0,41585.0,60761.0,3592944000.0,5249750400.0,KOSPI,-5.47
003620,KG모빌리티,2770.0,645605.0,645605.0,1788325850.0,1788325850.0,KOSPI,-4.97
488080,TIGER 반도체TOP10레버리지,34490.0,10207601.0,10207601.0,352060158490.0,352060158490.0,KOSPI,-1.65
100840,SNT에너지,27100.0,100116.0,187463.0,2713143600.0,5080247300.0,KOSPI,-4.75
463250,TIGER K방산&우주,36815.0,521943.0,521943.0,19215331545.0,19215331545.0,KOSPI,-2.62
007700,F&F홀딩스,14190.0,43577.0,50167.0,618357630.0,711869730.0,KOSPI,-5.02
0007F0,KODEX 27-12 회사채(AA-이상)액티브,10180.0,33999.0,33999.0,346109820.0,346109820.0,KOSPI,0.1
0219E0,KODEX 200커버드콜액티브,8535.0,7521629.0,7521629.0,64197103515.0,64197103515.0,KOSPI,-1.33
455030,KODEX 미국달러SOFR금리액티브(합성),12120.0,136317.0,136317.0,1652162040.0,1652162040.0,KOSPI,-0.37
491620,RISE 미국테크100데일리고정커버드콜,10900.0,1096612.0,1096612.0,11953070800.0,11953070800.0,KOSPI,-1.98
005810,풍산홀딩스,37600.0,33463.0,63512.0,1258208800.0,2388051200.0,KOSPI,-4.69
0091P0,TIGER 코리아원자력,15905.0,1131649.0,1131649.0,17998877345.0,17998877345.0,KOSPI,-4.59
016380,KG스틸,5410.0,503317.0,503317.0,2722944970.0,2722944970.0,KOSPI,-4.92
0105E0,SOL 코리아고배당,12995.0,479136.0,479136.0,6226372320.0,6226372320.0,KOSPI,-1.81
0190C0,RISE 현대차고정피지컬AI,8990.0,2389259.0,2389259.0,21479438410.0,21479438410.0,KOSPI,-5.17
003300,한일홀딩스,17440.0,18338.0,24103.0,319814720.0,420356320.0,KOSPI,1.28
438330,TIGER 우량회사채액티브,115385.0,8237.0,8237.0,950426245.0,950426245.0,KOSPI,-0.16
444200,SOL 코리아메가테크액티브,46865.0,94578.0,94578.0,4432397970.0,4432397970.0,KOSPI,-2.12
058650,세아홀딩스,125100.0,2116.0,2116.0,264711600.0,264711600.0,KOSPI,-2.27
336370,솔루스첨단소재,7550.0,141418.0,252131.0,1067705900.0,1903589050.0,KOSPI,-5.98
365780,ACE 국고채10년,82065.0,7186.0,7186.0,589719090.0,589719090.0,KOSPI,-0.59
001510,SK증권,2265.0,2066754.0,2066754.0,4681197810.0,4681197810.0,KOSPI,-6.21
496080,TIGER 코리아밸류업,32425.0,195937.0,195937.0,6353257225.0,6353257225.0,KOSPI,-1.56
002990,금호건설,13950.0,10832237.0,10832237.0,151109706150.0,151109706150.0,KOSPI,4.1
315960,RISE 대형고배당10TR,78620.0,102607.0,102607.0,8066962340.0,8066962340.0,KOSPI,-0.31
251350,KODEX MSCI선진국,40220.0,32555.0,32555.0,1309362100.0,1309362100.0,KOSPI,-1.08
114260,KODEX 국고채3년,61745.0,20538.0,20538.0,1268118810.0,1268118810.0,KOSPI,-0.11
00104K,CJ4우(전환),120800.0,9518.0,9518.0,1149774400.0,1149774400.0,KOSPI,-7.01
462010,TIGER 2차전지소재Fn,4695.0,3715763.0,3715763.0,17445507285.0,17445507285.0,KOSPI,-5.53
284740,쿠쿠홈시스,22500.0,28917.0,46027.0,650632500.0,1035607500.0,KOSPI,3.69
377740,바이오노트,4910.0,74909.0,74909.0,367803190.0,367803190.0,KOSPI,-0.41
361580,RISE 200TR,61730.0,82232.0,82232.0,5076181360.0,5076181360.0,KOSPI,-1.36
003545,대신증권우,20450.0,33057.0,33057.0,676015650.0,676015650.0,KOSPI,-2.39
001530,DI동일,24000.0,33032.0,50941.0,792768000.0,1222584000.0,KOSPI,-5.88
008060,대덕,15890.0,103158.0,171278.0,1639180620.0,2721607420.0,KOSPI,-6.53
448730,삼성FN리츠,5450.0,18900.0,18900.0,103005000.0,103005000.0,KOSPI,0.0
435420,TIGER 미국나스닥100채권혼합50,14255.0,348339.0,348339.0,4965572445.0,4965572445.0,KOSPI,-0.77
079900,전진건설로봇,33800.0,29545.0,71849.0,998621000.0,2428496200.0,KOSPI,-4.52
243880,TIGER 200IT레버리지,338005.0,341248.0,341248.0,115343530240.0,115343530240.0,KOSPI,-6.65
001500,현대차증권,7910.0,144727.0,238105.0,1144790570.0,1883410550.0,KOSPI,-4.12
477050,PLUS 머니마켓액티브,53450.0,12497.0,12497.0,667964650.0,667964650.0,KOSPI,0.0
476800,KODEX 한국부동산리츠인프라,4230.0,684741.0,684741.0,2896454430.0,2896454430.0,KOSPI,-1.4
039130,하나투어,31100.0,42447.0,66601.0,1320101700.0,2071291100.0,KOSPI,-4.89
009410,태영건설,1615.0,428183.0,428183.0,691515545.0,691515545.0,KOSPI,-1.28
490490,SOL 미국배당미국채혼합50,11325.0,282054.0,282054.0,3194261550.0,3194261550.0,KOSPI,-0.92
499660,TIGER CD금리플러스액티브(합성),1001665.0,12170.0,12170.0,12190263050.0,12190263050.0,KOSPI,0.01
460860,동국제강,9660.0,207889.0,335947.0,2008207740.0,3245248020.0,KOSPI,-2.03
010780,아이에스동서,15730.0,212827.0,325695.0,3347768710.0,5123182350.0,KOSPI,-5.98
005250,녹십자홀딩스,10080.0,74705.0,103457.0,753026400.0,1042846560.0,KOSPI,-6.23
017900,광전자,8170.0,1401380.0,1401380.0,11449274600.0,11449274600.0,KOSPI,-4.11
161000,애경케미칼,9720.0,428446.0,2419020.0,4164495120.0,23512874400.0,KOSPI,1.78
000070,삼양홀딩스,60900.0,8293.0,9865.0,505043700.0,600778500.0,KOSPI,1.16
034310,NICE,12860.0,87796.0,104604.0,1129056560.0,1345207440.0,KOSPI,-1.0
145990,삼양사,45700.0,10722.0,12067.0,489995400.0,551461900.0,KOSPI,0.33
483280,KODEX 미국AI테크TOP10타겟커버드콜,11960.0,356554.0,356554.0,4264385840.0,4264385840.0,KOSPI,-2.49
002240,고려제강,17360.0,29922.0,39655.0,519445920.0,688410800.0,KOSPI,-1.87
0163Y0,KoAct 코스닥액티브,8980.0,922956.0,922956.0,8288144880.0,8288144880.0,KOSPI,-2.29
003280,흥아해운,1934.0,46603154.0,46603154.0,90130499836.0,90130499836.0,KOSPI,12.9
0162M0,KODEX 금융채1~2년(AA-이상)PLUS액티브,10060.0,11222.0,11222.0,112893320.0,112893320.0,KOSPI,0.05
005389,현대차3우B,199600.0,8543.0,8543.0,1705182800.0,1705182800.0,KOSPI,-2.16
090435,아모레퍼시픽우,43900.0,8813.0,8813.0,386890700.0,386890700.0,KOSPI,-1.68
005945,NH투자증권우,24500.0,47382.0,47382.0,1160859000.0,1160859000.0,KOSPI,-1.61
471230,KODEX 국고채10년액티브,103260.0,34679.0,34679.0,3580953540.0,3580953540.0,KOSPI,-0.73
448290,TIGER 미국S&P500(H),17855.0,113223.0,113223.0,2021596665.0,2021596665.0,KOSPI,-1.19
293180,HANARO 200,108905.0,27942.0,27942.0,3043023510.0,3043023510.0,KOSPI,-1.38
277630,TIGER 코스피,71550.0,588082.0,588082.0,42077267100.0,42077267100.0,KOSPI,-1.43
484870,엠앤씨솔루션,16530.0,88605.0,179856.0,1464640650.0,2973019680.0,KOSPI,-7.24
473290,KODEX 26-12 회사채(AA-이상)액티브,10875.0,12775.0,12775.0,138928125.0,138928125.0,KOSPI,0.09
004690,삼천리,124300.0,11123.0,12989.0,1382588900.0,1614532700.0,KOSPI,-0.32
249420,일동제약,14170.0,181967.0,275490.0,2578472390.0,3903693300.0,KOSPI,-6.78
0173Y0,KODEX 미국AI광통신네트워크,12700.0,2627009.0,2627009.0,33363014300.0,33363014300.0,KOSPI,3.21
0023A0,SOL 미국양자컴퓨팅TOP10,26690.0,184670.0,184670.0,4928842300.0,4928842300.0,KOSPI,-1.69
417310,코람코더원리츠,10890.0,98089.0,98089.0,1068189210.0,1068189210.0,KOSPI,-0.37
009900,명신산업,8360.0,522327.0,3167017.0,4366653720.0,26476262120.0,KOSPI,2.96
451060,1Q 200액티브,34805.0,87633.0,87633.0,3050066565.0,3050066565.0,KOSPI,-1.18
019170,신풍제약,8350.0,74332.0,128989.0,620672200.0,1077058150.0,KOSPI,-5.01
447770,TIGER 테슬라채권혼합Fn,13600.0,175349.0,175349.0,2384746400.0,2384746400.0,KOSPI,-0.51
004700,조광피혁,65100.0,2715.0,2853.0,176746500.0,185730300.0,KOSPI,-0.61
072710,농심홀딩스,93000.0,10029.0,16019.0,932697000.0,1489767000.0,KOSPI,0.0
091180,KODEX 자동차,30360.0,400967.0,400967.0,12173358120.0,12173358120.0,KOSPI,-4.23
014830,유니드,63400.0,13294.0,20857.0,842839600.0,1322333800.0,KOSPI,-0.78
002810,삼영무역,23200.0,17466.0,24238.0,405211200.0,562321600.0,KOSPI,-1.49
451000,PLUS 종합채권(AA-이상)액티브,106795.0,51.0,51.0,5446545.0,5446545.0,KOSPI,-0.26
357120,코람코라이프인프라리츠,4360.0,56115.0,56115.0,244661400.0,244661400.0,KOSPI,0.0
474220,TIGER 미국테크TOP10타겟커버드콜,15020.0,149155.0,149155.0,2240308100.0,2240308100.0,KOSPI,-2.02
0016X0,SOL 중단기회사채(A-이상)액티브,51425.0,5079.0,5079.0,261187575.0,261187575.0,KOSPI,-0.02
001200,유진투자증권,4325.0,557442.0,557442.0,2410936650.0,2410936650.0,KOSPI,-4.1
148070,KIWOOM 국고채10년,104015.0,9405.0,9405.0,978261075.0,978261075.0,KOSPI,-0.67
092230,KPX홀딩스,98200.0,8679.0,14037.0,852277800.0,1378433400.0,KOSPI,5.59
003000,부광약품,4200.0,326712.0,326712.0,1372190400.0,1372190400.0,KOSPI,-4.87
003030,세아제강지주,99600.0,36637.0,53412.0,3649045200.0,5319835200.0,KOSPI,-7.78
0167Z0,KODEX 미국우주항공,9040.0,575354.0,575354.0,5201200160.0,5201200160.0,KOSPI,0.33
004710,한솔테크닉스,7630.0,938720.0,938720.0,7162433600.0,7162433600.0,KOSPI,-3.78
480260,TIGER 27-04회사채(A+이상)액티브,53745.0,4592.0,4592.0,246797040.0,246797040.0,KOSPI,-0.02
016610,DB증권,9500.0,91351.0,123707.0,867834500.0,1175216500.0,KOSPI,-4.23
0060H0,TIGER 토탈월드스탁액티브,13045.0,61101.0,61101.0,797062545.0,797062545.0,KOSPI,-1.44
016590,신대양제지,10000.0,6659.0,11820.0,66590000.0,118200000.0,KOSPI,-0.7
0131V0,1Q 미국우주항공테크,12280.0,169351.0,169351.0,2079630280.0,2079630280.0,KOSPI,-3.65
005420,코스모화학,10470.0,137535.0,185916.0,1439991450.0,1946540520.0,KOSPI,-2.7
029530,신도리코,41300.0,8049.0,16429.0,332423700.0,678517700.0,KOSPI,-4.29
426020,TIME 미국S&P500액티브,32835.0,102047.0,102047.0,3350713245.0,3350713245.0,KOSPI,-1.41
271940,일진하이솔루스,11000.0,29593.0,57822.0,325523000.0,636042000.0,KOSPI,-4.35
105630,한세실업,9970.0,405077.0,1532777.0,4038617690.0,15281786690.0,KOSPI,9.08
452260,한화갤러리아,2045.0,884925.0,884925.0,1809671625.0,1809671625.0,KOSPI,-3.76
760013,키움 레버리지 반도체TOP10 ETN,79210.0,8595.0,8595.0,680809950.0,680809950.0,KOSPI,-1.92
403550,쏘카,10430.0,14744.0,30553.0,153779920.0,318667790.0,KOSPI,-3.52
344820,KCC글라스,24700.0,7888.0,16373.0,194833600.0,404413100.0,KOSPI,-2.18
241180,TIGER 일본니케이225,35905.0,37041.0,37041.0,1329957105.0,1329957105.0,KOSPI,-2.83
469070,RISE AI&로봇,11780.0,767669.0,767669.0,9043140820.0,9043140820.0,KOSPI,-5.99
027410,BGF,4115.0,60120.0,60120.0,247393800.0,247393800.0,KOSPI,-1.91
001940,KISCO홀딩스,27700.0,12495.0,14356.0,346111500.0,397661200.0,KOSPI,-0.72
471990,KODEX AI반도체핵심장비,23900.0,2436698.0,2436698.0,58237082200.0,58237082200.0,KOSPI,1.44
317400,자이에스앤디,10100.0,2214092.0,2214092.0,22362329200.0,22362329200.0,KOSPI,0.7
385720,TIME 코스피액티브,25380.0,86732.0,86732.0,2201258160.0,2201258160.0,KOSPI,-1.09
950210,프레스티지바이오파마,6500.0,51606.0,51606.0,335439000.0,335439000.0,KOSPI,-9.72
008730,율촌화학,15630.0,120552.0,240424.0,1884227760.0,3757827120.0,KOSPI,3.58
015360,INVENI,14210.0,48061.0,61961.0,682946810.0,880465810.0,KOSPI,-1.11
439870,KODEX 국고채30년액티브,84855.0,16481.0,16481.0,1398495255.0,1398495255.0,KOSPI,-1.18
306200,세아제강,135000.0,11523.0,16968.0,1555605000.0,2290680000.0,KOSPI,1.66
0043Y0,TIME 차이나AI테크액티브,21475.0,102589.0,102589.0,2203098775.0,2203098775.0,KOSPI,-0.56
462900,KoAct 바이오헬스케어액티브,14415.0,1512181.0,1512181.0,21798089115.0,21798089115.0,KOSPI,-5.13
029460,케이씨,34500.0,28930.0,45022.0,998085000.0,1553259000.0,KOSPI,-0.43
002030,아세아,183600.0,7511.0,8452.0,1379019600.0,1551787200.0,KOSPI,-1.66
458250,TIGER 미국30년국채스트립액티브(합성 H),33485.0,166561.0,166561.0,5577295085.0,5577295085.0,KOSPI,-2.48
0080G0,KODEX 방산TOP10,11140.0,2377558.0,2377558.0,26485996120.0,26485996120.0,KOSPI,-2.92
031430,신세계인터내셔날,10690.0,92611.0,164751.0,990011590.0,1761188190.0,KOSPI,-2.91
484880,SOL 금융지주플러스고배당,22270.0,466539.0,466539.0,10389823530.0,10389823530.0,KOSPI,-1.07
194370,제이에스코퍼레이션,12800.0,49976.0,100593.0,639692800.0,1287590400.0,KOSPI,-2.36
496020,WON 전단채플러스액티브,52395.0,4139.0,4139.0,216862905.0,216862905.0,KOSPI,0.01
520054,미래에셋 레버리지 코스피200 선물 ETN,184120.0,4101.0,4101.0,755076120.0,755076120.0,KOSPI,-2.82
130660,한전산업,11280.0,93526.0,93526.0,1054973280.0,1054973280.0,KOSPI,-5.84
060980,HL홀딩스,40200.0,24921.0,31591.0,1001824200.0,1269958200.0,KOSPI,-2.19
170900,동아에스티,37500.0,11717.0,17555.0,439387500.0,658312500.0,KOSPI,-2.6
002020,코오롱,28150.0,85684.0,166591.0,2412004600.0,4689536650.0,KOSPI,-0.35
007690,국도화학,39150.0,38065.0,49998.0,1490244750.0,1957421700.0,KOSPI,4.12
104700,한국철강,9870.0,13307.0,20528.0,131340090.0,202611360.0,KOSPI,-0.6
011760,현대코퍼레이션,27050.0,23502.0,34823.0,635729100.0,941962150.0,KOSPI,-1.64
126560,현대퓨처넷,3270.0,91973.0,91973.0,300751710.0,300751710.0,KOSPI,-0.3
005950,이수화학,13570.0,2314747.0,2314747.0,31411116790.0,31411116790.0,KOSPI,-13.29
474590,WON 반도체밸류체인액티브,44295.0,124343.0,124343.0,5507773185.0,5507773185.0,KOSPI,-0.16
0040Y0,SOL 팔란티어커버드콜OTM채권혼합,8165.0,267852.0,267852.0,2187011580.0,2187011580.0,KOSPI,-0.43
453810,KODEX 인도Nifty50,12010.0,149230.0,149230.0,1792252300.0,1792252300.0,KOSPI,-0.87
310960,TIGER 200TR,63420.0,127374.0,127374.0,8078059080.0,8078059080.0,KOSPI,-1.27
0144L0,KODEX 미국성장커버드콜액티브,9885.0,358115.0,358115.0,3539966775.0,3539966775.0,KOSPI,-1.15
448300,TIGER 미국나스닥100(H),23115.0,80833.0,80833.0,1868454795.0,1868454795.0,KOSPI,-1.09
132030,KODEX 골드선물(H),24700.0,88167.0,88167.0,2177724900.0,2177724900.0,KOSPI,1.5
097520,엠씨넥스,20200.0,37107.0,53982.0,749561400.0,1090436400.0,KOSPI,-3.35
183190,아세아시멘트,9770.0,59293.0,82959.0,579292610.0,810509430.0,KOSPI,-1.81
017810,풀무원,9210.0,82469.0,132952.0,759539490.0,1224487920.0,KOSPI,-6.02
439860,KODEX ESG종합채권(A-이상)액티브,113425.0,37.0,37.0,4196725.0,4196725.0,KOSPI,-0.14
006220,제주은행,9200.0,67064.0,67064.0,616988800.0,616988800.0,KOSPI,-1.5
0052D0,TIGER 코리아배당다우존스,15695.0,194928.0,194928.0,3059394960.0,3059394960.0,KOSPI,-1.35
0026S0,1Q 미국S&P500,13200.0,243482.0,243482.0,3213962400.0,3213962400.0,KOSPI,-1.46
279530,KODEX 고배당주,17765.0,261390.0,261390.0,4643593350.0,4643593350.0,KOSPI,-0.08
476760,ACE 미국30년국채액티브,8995.0,871786.0,871786.0,7841715070.0,7841715070.0,KOSPI,-1.85
020000,한섬,16080.0,166043.0,229329.0,2669971440.0,3687610320.0,KOSPI,-1.65
385550,RISE 단기채권알파액티브,114005.0,4898.0,4898.0,558396490.0,558396490.0,KOSPI,0.01
0046A0,TIGER 미국초단기(3개월이하)국채,9770.0,641314.0,641314.0,6265637780.0,6265637780.0,KOSPI,-0.36
005610,삼립,39700.0,6034.0,9207.0,239549800.0,365517900.0,KOSPI,-4.22
456880,ACE 미국달러SOFR금리(합성),12385.0,64330.0,64330.0,796727050.0,796727050.0,KOSPI,-0.44
0182R0,1Q K반도체TOP2+,10560.0,4827879.0,4827879.0,50982402240.0,50982402240.0,KOSPI,-2.49
472170,TIGER 미국테크TOP10채권혼합,14000.0,113875.0,113875.0,1594250000.0,1594250000.0,KOSPI,-0.99
0120G0,삼양바이오팜,45450.0,23688.0,38347.0,1076619600.0,1742871150.0,KOSPI,-5.21
024720,콜마홀딩스,9840.0,123224.0,160424.0,1212524160.0,1578572160.0,KOSPI,-4.0
011930,신성이엔지,16600.0,249861.0,249861.0,4147692600.0,4147692600.0,KOSPI,-1.72
200880,서연이화,12420.0,75791.0,184782.0,941324220.0,2294992440.0,KOSPI,-4.83
02826K,삼성물산우B,228000.0,4647.0,4647.0,1059516000.0,1059516000.0,KOSPI,0.0
145720,덴티움,38750.0,33566.0,52255.0,1300682500.0,2024881250.0,KOSPI,-4.79
089590,제주항공,4125.0,235349.0,235349.0,970814625.0,970814625.0,KOSPI,-3.85
442570,RISE TDF2050액티브 적격,17815.0,227211.0,227211.0,4047763965.0,4047763965.0,KOSPI,-1.08
015860,일진홀딩스,6700.0,121553.0,121553.0,814405100.0,814405100.0,KOSPI,-3.6
005720,넥센,6280.0,43414.0,43414.0,272639920.0,272639920.0,KOSPI,0.16
026890,스틱인베스트먼트,8490.0,45224.0,52854.0,383951760.0,448730460.0,KOSPI,-1.96
006405,삼성SDI우,202000.0,8386.0,8386.0,1693972000.0,1693972000.0,KOSPI,-5.61
0052S0,1Q 미국S&P500미국채혼합50액티브,11840.0,345913.0,345913.0,4095609920.0,4095609920.0,KOSPI,-1.0
016800,퍼시스,28350.0,512.0,628.0,14515200.0,17803800.0,KOSPI,3.47
270810,RISE 코스닥150,14120.0,453834.0,453834.0,6408136080.0,6408136080.0,KOSPI,-4.27
448630,RISE 삼성그룹Top3채권혼합,15225.0,133576.0,133576.0,2033694600.0,2033694600.0,KOSPI,-1.1
381970,케이카,6590.0,548491.0,939498.0,3614555690.0,6191291820.0,KOSPI,-15.08
385510,KODEX 신재생에너지액티브,38280.0,96388.0,96388.0,3689732640.0,3689732640.0,KOSPI,-3.09
192650,드림텍,4850.0,312679.0,312679.0,1516493150.0,1516493150.0,KOSPI,-6.73
009160,SIMPAC,4885.0,70166.0,70166.0,342760910.0,342760910.0,KOSPI,-2.3
000157,두산2우B,356500.0,181.0,181.0,64526500.0,64526500.0,KOSPI,0.42
0210A0,ACE K반도체TOP2+,7275.0,6383602.0,6383602.0,46440704550.0,46440704550.0,KOSPI,-1.56
217590,티엠씨,13010.0,292987.0,292987.0,3811760870.0,3811760870.0,KOSPI,-4.06
010820,퍼스텍,6420.0,462426.0,462426.0,2968774920.0,2968774920.0,KOSPI,-2.58
126720,수산인더스트리,21800.0,32444.0,60267.0,707279200.0,1313820600.0,KOSPI,-4.39
483320,ACE 엔비디아밸류체인액티브,25885.0,888127.0,888127.0,22989167395.0,22989167395.0,KOSPI,-0.98
0111P0,1Q 미국나스닥100미국채혼합50액티브,11080.0,163628.0,163628.0,1812998240.0,1812998240.0,KOSPI,-0.81
018250,애경산업,11680.0,40815.0,40815.0,476719200.0,476719200.0,KOSPI,-2.1
475300,SOL 반도체전공정,21335.0,2964097.0,2964097.0,63239009495.0,63239009495.0,KOSPI,0.54
108670,LX하우시스,34100.0,26877.0,40423.0,916505700.0,1378424300.0,KOSPI,-0.15
002310,아세아제지,7750.0,84937.0,84937.0,658261750.0,658261750.0,KOSPI,-0.51
001230,동국홀딩스,1965.0,453831.0,453831.0,891777915.0,891777915.0,KOSPI,0.72
092790,넥스틸,11750.0,514098.0,514098.0,6040651500.0,6040651500.0,KOSPI,-9.06
009290,광동제약,6100.0,174310.0,174310.0,1063291000.0,1063291000.0,KOSPI,-3.48
485540,KODEX 미국AI테크TOP10,15335.0,221921.0,221921.0,3403158535.0,3403158535.0,KOSPI,-2.57
0008S0,TIGER 미국배당다우존스타겟데일리커버드콜,10180.0,381223.0,381223.0,3880850140.0,3880850140.0,KOSPI,-0.68
0038A0,KODEX 미국휴머노이드로봇,15780.0,84884.0,84884.0,1339469520.0,1339469520.0,KOSPI,-1.16
096760,JW홀딩스,4075.0,75967.0,75967.0,309565525.0,309565525.0,KOSPI,-1.45
078520,에이블씨엔씨,11500.0,83378.0,159931.0,958847000.0,1839206500.0,KOSPI,-3.04
001750,한양증권,19790.0,8250.0,20568.0,163267500.0,407040720.0,KOSPI,-0.1
244920,에이플러스에셋,13180.0,46249.0,46249.0,609561820.0,609561820.0,KOSPI,0.61
001390,KG케미칼,4415.0,217270.0,217270.0,959247050.0,959247050.0,KOSPI,-2.54
453870,TIGER 인도니프티50,11820.0,71469.0,71469.0,844763580.0,844763580.0,KOSPI,-0.96
012030,DB,1471.0,428395.0,428395.0,630169045.0,630169045.0,KOSPI,-3.22
570022,한투 레버리지S&P500선물 ETN(H),59160.0,46.0,46.0,2721360.0,2721360.0,KOSPI,-1.63
433330,SOL 미국S&P500,22565.0,101589.0,101589.0,2292355785.0,2292355785.0,KOSPI,-1.42
025860,남해화학,5920.0,1120194.0,1120194.0,6631548480.0,6631548480.0,KOSPI,0.85
190620,ACE 단기통안채,101895.0,53926.0,53926.0,5494789770.0,5494789770.0,KOSPI,0.01
037710,광주신세계,38500.0,57244.0,124236.0,2203894000.0,4783086000.0,KOSPI,-3.27
010690,화신,8400.0,483724.0,483724.0,4063281600.0,4063281600.0,KOSPI,-7.39
002900,TYM,7050.0,331258.0,331258.0,2335368900.0,2335368900.0,KOSPI,-4.47
489030,PLUS 고배당주위클리커버드콜,6450.0,1109936.0,1109936.0,7159087200.0,7159087200.0,KOSPI,0.55
033270,유나이티드제약,18300.0,29803.0,37503.0,545394900.0,686304900.0,KOSPI,-0.33
123890,한국자산신탁,2375.0,340304.0,340304.0,808222000.0,808222000.0,KOSPI,-1.25
454780,KIWOOM 종합채권(AA-이상)액티브,98895.0,11.0,11.0,1087845.0,1087845.0,KOSPI,-0.42
034830,한국토지신탁,1138.0,377428.0,377428.0,429513064.0,429513064.0,KOSPI,-2.15
475080,KODEX 테슬라커버드콜채권혼합액티브,7900.0,147094.0,147094.0,1162042600.0,1162042600.0,KOSPI,-0.06
475560,더본코리아,19360.0,756089.0,3519499.0,14637883040.0,68137500640.0,KOSPI,21.84
481190,SOL 미국테크TOP10,16935.0,230596.0,230596.0,3905143260.0,3905143260.0,KOSPI,-2.02
441680,TIGER 미국나스닥100커버드콜(합성),10900.0,141534.0,141534.0,1542720600.0,1542720600.0,KOSPI,-1.13
461490,RISE 글로벌자산배분액티브,14810.0,73096.0,73096.0,1082551760.0,1082551760.0,KOSPI,-0.37
307520,TIGER 지주회사,22400.0,300778.0,300778.0,6737427200.0,6737427200.0,KOSPI,-0.44
091170,KODEX 은행,16045.0,727777.0,727777.0,11677181965.0,11677181965.0,KOSPI,-0.77
084010,대한제강,8250.0,26597.0,33133.0,219425250.0,273347250.0,KOSPI,-4.95
010955,S-Oil우,70500.0,23196.0,23196.0,1635318000.0,1635318000.0,KOSPI,0.71
286940,롯데이노베이트,18740.0,7697.0,11725.0,144241780.0,219726500.0,KOSPI,-1.63
004430,송원산업,11800.0,222262.0,222262.0,2622691600.0,2622691600.0,KOSPI,-0.17
298000,효성화학,74500.0,39857.0,39857.0,2969346500.0,2969346500.0,KOSPI,-2.36
084690,대상홀딩스,7800.0,19789.0,39305.0,154354200.0,306579000.0,KOSPI,-2.62
473330,SOL 미국30년국채커버드콜(합성),8090.0,457087.0,457087.0,3697833830.0,3697833830.0,KOSPI,-1.82
025560,미래산업,10150.0,634676.0,634676.0,6441961400.0,6441961400.0,KOSPI,-0.29
364970,TIGER 바이오TOP10,7575.0,1355748.0,1355748.0,10269791100.0,10269791100.0,KOSPI,-3.87
058430,포스코스틸리온,4685.0,241469.0,241469.0,1131282265.0,1131282265.0,KOSPI,-0.53
273140,KODEX 단기변동금리부채권액티브,114560.0,4228.0,4228.0,484359680.0,484359680.0,KOSPI,0.02
003960,사조대림,30450.0,11918.0,18906.0,362903100.0,575687700.0,KOSPI,-3.79
123320,TIGER 레버리지,111340.0,318136.0,318136.0,35421262240.0,35421262240.0,KOSPI,-2.79
0053L0,TIGER 차이나휴머노이드로봇,10725.0,298565.0,298565.0,3202109625.0,3202109625.0,KOSPI,2.0
0094K0,TIGER 28-04 회사채(A+이상)액티브,99560.0,18156.0,18156.0,1807611360.0,1807611360.0,KOSPI,-0.03
478150,TIME 글로벌우주테크&방산액티브,21545.0,92336.0,92336.0,1989379120.0,1989379120.0,KOSPI,0.3
136340,RISE 중기우량회사채,104210.0,377.0,377.0,39287170.0,39287170.0,KOSPI,-0.09
008490,서흥,23850.0,130288.0,224664.0,3107368800.0,5358236400.0,KOSPI,-4.02
421320,PLUS 우주항공,29765.0,84916.0,84916.0,2527524740.0,2527524740.0,KOSPI,-3.78
017390,서울가스,55400.0,3612.0,5157.0,200104800.0,285697800.0,KOSPI,-1.07
005430,한국공항,86200.0,12720.0,12720.0,1096464000.0,1096464000.0,KOSPI,0.0
471040,KoAct 글로벌AI&로봇액티브,30045.0,134860.0,134860.0,4051868700.0,4051868700.0,KOSPI,-2.04
105840,우진,13400.0,346774.0,346774.0,4646771600.0,4646771600.0,KOSPI,-7.14
003120,일성아이에스,20300.0,4637.0,5601.0,94131100.0,113700300.0,KOSPI,-1.22
471780,TIGER 코리아테크액티브,35290.0,162152.0,162152.0,5722344080.0,5722344080.0,KOSPI,-1.29
0162Y0,TIME 코스닥액티브,7505.0,801491.0,801491.0,6015189955.0,6015189955.0,KOSPI,-3.1
213610,KODEX 삼성그룹밸류,22535.0,25161.0,25161.0,567003135.0,567003135.0,KOSPI,-2.0
272450,진에어,5130.0,70030.0,70030.0,359253900.0,359253900.0,KOSPI,-3.57
483340,ACE 구글밸류체인액티브,23335.0,367803.0,367803.0,8582683005.0,8582683005.0,KOSPI,-1.95
423170,SOL 글로벌AI반도체탑픽액티브,59025.0,38949.0,38949.0,2298964725.0,2298964725.0,KOSPI,-0.35
003650,미창석유,153300.0,5141.0,5141.0,788115300.0,788115300.0,KOSPI,4.0
497880,SOL CD금리&머니마켓액티브,50120.0,114755.0,114755.0,5751520600.0,5751520600.0,KOSPI,0.02
005680,삼영전자,13310.0,66776.0,66776.0,888788560.0,888788560.0,KOSPI,-7.18
122900,아이마켓코리아,7960.0,71031.0,71031.0,565406760.0,565406760.0,KOSPI,-0.13
283580,KODEX 차이나CSI300,15955.0,65844.0,65844.0,1050541020.0,1050541020.0,KOSPI,0.69
196230,RISE 단기통안채,116805.0,2369.0,2369.0,276711045.0,276711045.0,KOSPI,-0.03
139230,TIGER 200 중공업,13370.0,112626.0,112626.0,1505809620.0,1505809620.0,KOSPI,-3.26
409820,KODEX 미국나스닥100레버리지(합성 H),20360.0,167578.0,167578.0,3411888080.0,3411888080.0,KOSPI,-2.16
0098F0,KODEX 원자력SMR,14995.0,588542.0,588542.0,8825187290.0,8825187290.0,KOSPI,-4.58
334890,이지스밸류플러스리츠,3745.0,43625.0,43625.0,163375625.0,163375625.0,KOSPI,0.0
002710,TCC스틸,9910.0,63337.0,102634.0,627669670.0,1017102940.0,KOSPI,-5.17
0119H0,KODEX 28-12 회사채(AA-이상)액티브,9935.0,17029.0,17029.0,169183115.0,169183115.0,KOSPI,0.0
003070,코오롱글로벌,10050.0,50945.0,50945.0,511997250.0,511997250.0,KOSPI,-1.86
000430,대원강업,4120.0,511696.0,511696.0,2108187520.0,2108187520.0,KOSPI,0.86
004360,세방,13300.0,16858.0,22431.0,224211400.0,298332300.0,KOSPI,-0.6
495230,KoAct 코리아밸류업액티브,31365.0,40158.0,40158.0,1259555670.0,1259555670.0,KOSPI,-1.06
092200,디아이씨,6510.0,2127978.0,2127978.0,13853136780.0,13853136780.0,KOSPI,-1.06
003200,일신방직,10970.0,44009.0,72179.0,482778730.0,791803630.0,KOSPI,-2.32
404990,신한서부티엔디리츠,4100.0,29695.0,29695.0,121749500.0,121749500.0,KOSPI,-0.49
003920,남양유업,44350.0,6708.0,8010.0,297499800.0,355243500.0,KOSPI,-0.11
472920,HK 종합채권(AA-이상)액티브,97500.0,328.0,328.0,31980000.0,31980000.0,KOSPI,-0.4
007160,사조산업,50100.0,3804.0,7496.0,190580400.0,375549600.0,KOSPI,1.21
003350,한국화장품제조,11050.0,868059.0,868059.0,9592051950.0,9592051950.0,KOSPI,-4.08
134380,미원화학,11160.0,25881.0,25881.0,288831960.0,288831960.0,KOSPI,2.67
493810,TIGER 미국AI빅테크10타겟데일리커버드콜,11535.0,132791.0,132791.0,1531744185.0,1531744185.0,KOSPI,-2.25
486450,SOL 미국AI전력인프라,21045.0,192797.0,192797.0,4057412865.0,4057412865.0,KOSPI,-1.93
136490,선진,10220.0,153201.0,153201.0,1565714220.0,1565714220.0,KOSPI,-2.2
388420,RISE 비메모리반도체액티브,27095.0,159598.0,159598.0,4324307810.0,4324307810.0,KOSPI,-1.37
226320,잇츠한불,10990.0,59273.0,719764.0,651410270.0,7910206360.0,KOSPI,0.46
0183V0,KIWOOM 삼성전자&SK하이닉스채권혼합50,11710.0,1114768.0,1114768.0,13053933280.0,13053933280.0,KOSPI,-0.26
363580,KODEX 200IT TR,55695.0,219109.0,219109.0,12203275755.0,12203275755.0,KOSPI,-3.31
414780,TIGER 차이나과창판STAR50(합성),15250.0,190940.0,190940.0,2911835000.0,2911835000.0,KOSPI,3.42
0228G0,ACE 반도체Plus전략산업,10375.0,1202957.0,1202957.0,12480678875.0,12480678875.0,KOSPI,-2.58
001790,대한제당,2765.0,246416.0,246416.0,681340240.0,681340240.0,KOSPI,-0.9
025000,KPX케미칼,54400.0,17281.0,17281.0,940086400.0,940086400.0,KOSPI,7.72
003720,삼영,7000.0,470347.0,470347.0,3292429000.0,3292429000.0,KOSPI,-3.05
448540,ACE 엔비디아채권혼합,26720.0,18913.0,18913.0,505355360.0,505355360.0,KOSPI,-0.56
900140,엘브이엠씨홀딩스,1230.0,676794.0,676794.0,832456620.0,832456620.0,KOSPI,-0.65
002320,한진,15290.0,22506.0,28121.0,344116740.0,429970090.0,KOSPI,-1.35
005500,삼진제약,17790.0,43885.0,68677.0,780714150.0,1221763830.0,KOSPI,-3.52
472160,TIGER 미국테크TOP10 INDXX(H),18610.0,301195.0,301195.0,5605238950.0,5605238950.0,KOSPI,-1.69
034120,SBS,12740.0,31488.0,56601.0,401157120.0,721096740.0,KOSPI,5.99
0182S0,1Q K반도체TOP2채권혼합50,12340.0,377502.0,377502.0,4658374680.0,4658374680.0,KOSPI,-0.56
245710,ACE 베트남VN30(합성),28125.0,29095.0,29095.0,818296875.0,818296875.0,KOSPI,-1.64
298690,에어부산,1448.0,123450.0,123450.0,178755600.0,178755600.0,KOSPI,-2.62
261260,KODEX 미국달러선물인버스2X,5100.0,331844.0,331844.0,1692404400.0,1692404400.0,KOSPI,0.59
228790,TIGER 화장품,4360.0,5984072.0,5984072.0,26090553920.0,26090553920.0,KOSPI,-1.47
0030R0,대신밸류리츠,3930.0,7445.0,7445.0,29258850.0,29258850.0,KOSPI,-0.88
498270,KIWOOM 미국양자컴퓨팅,15710.0,131453.0,131453.0,2065126630.0,2065126630.0,KOSPI,-1.63
000680,LS네트웍스,2980.0,103611.0,103611.0,308760780.0,308760780.0,KOSPI,-2.3
028100,동아지질,17490.0,25914.0,25914.0,453235860.0,453235860.0,KOSPI,-1.3
044450,KSS해운,10130.0,76927.0,76927.0,779270510.0,779270510.0,KOSPI,-2.22
000050,경방,8530.0,65567.0,65567.0,559286510.0,559286510.0,KOSPI,-4.16
157500,TIGER 증권,12680.0,817906.0,817906.0,10371048080.0,10371048080.0,KOSPI,-4.95
329650,KODEX TRF3070,14165.0,31449.0,31449.0,445475085.0,445475085.0,KOSPI,-0.46
001460,BYC,37300.0,1594.0,2068.0,59456200.0,77136400.0,KOSPI,-2.86
442320,RISE 글로벌원자력,37035.0,13537.0,13537.0,501342795.0,501342795.0,KOSPI,-1.58
030210,다올투자증권,3815.0,56200.0,56200.0,214403000.0,214403000.0,KOSPI,-2.68
000490,대동,8050.0,542683.0,542683.0,4368598150.0,4368598150.0,KOSPI,-3.01
363570,KODEX 장기종합채권(AA-이상)액티브,85070.0,339.0,339.0,28838730.0,28838730.0,KOSPI,-1.02
488980,SOL 26-12 회사채(AA-이상)액티브,52065.0,1104.0,1104.0,57479760.0,57479760.0,KOSPI,0.01
530134,삼성 블룸버그 인버스2X WTI원유선물 ETN B,2555.0,2711284.0,2711284.0,6927330620.0,6927330620.0,KOSPI,-8.42
003520,영진약품,1256.0,350948.0,350948.0,440790688.0,440790688.0,KOSPI,-3.98
001340,PKC,5090.0,124411.0,124411.0,633251990.0,633251990.0,KOSPI,-0.78
466930,SOL 자동차TOP3플러스,27675.0,426199.0,426199.0,11795057325.0,11795057325.0,KOSPI,-4.52
437080,KODEX 미국종합채권ESG액티브(H),96905.0,4406.0,4406.0,426963430.0,426963430.0,KOSPI,-0.53
000320,노루홀딩스,17160.0,7685.0,12875.0,131874600.0,220935000.0,KOSPI,0.82
0092C0,SOL 27-12 회사채(AA-이상)액티브,50220.0,132.0,132.0,6629040.0,6629040.0,KOSPI,0.0
244580,KODEX 바이오,8575.0,946734.0,946734.0,8118244050.0,8118244050.0,KOSPI,-5.14
458260,TIGER 미국투자등급회사채액티브(H),46180.0,24414.0,24414.0,1127438520.0,1127438520.0,KOSPI,-0.82
000650,천일고속,157500.0,2155.0,2155.0,339412500.0,339412500.0,KOSPI,-2.23
0094M0,RISE 코리아밸류업위클리고정커버드콜,17810.0,757005.0,757005.0,13482259050.0,13482259050.0,KOSPI,-0.86
051905,LG생활건강우,106500.0,12525.0,12525.0,1333912500.0,1333912500.0,KOSPI,-3.62
452360,SOL 미국배당다우존스(H),13440.0,167951.0,167951.0,2257261440.0,2257261440.0,KOSPI,-0.48
001250,GS글로벌,2700.0,495730.0,495730.0,1338471000.0,1338471000.0,KOSPI,-2.7
033920,무학,7810.0,46089.0,46089.0,359955090.0,359955090.0,KOSPI,-2.74
305080,TIGER 미국채10년선물,12545.0,75885.0,75885.0,951977325.0,951977325.0,KOSPI,-0.87
0151S0,KODEX 미국AI반도체TOP3플러스,15970.0,336465.0,336465.0,5373346050.0,5373346050.0,KOSPI,-1.66
463050,TIME K바이오액티브,13040.0,425974.0,425974.0,5554700960.0,5554700960.0,KOSPI,-5.2
432320,KB스타리츠,1469.0,341706.0,341706.0,501966114.0,501966114.0,KOSPI,0.48
000540,흥국화재,3440.0,33832.0,33832.0,116382080.0,116382080.0,KOSPI,-0.58
302450,RISE 코스피,71160.0,523116.0,523116.0,37224934560.0,37224934560.0,KOSPI,-1.37
009680,모토닉,10150.0,18382.0,21917.0,186577300.0,222457550.0,KOSPI,-0.78
000480,CR홀딩스,4695.0,34798.0,34798.0,163376610.0,163376610.0,KOSPI,0.0
500029,신한 레버리지 은 선물 ETN(H),21960.0,4037.0,4037.0,88652520.0,88652520.0,KOSPI,2.74
0104N0,TIGER 200타겟위클리커버드콜,20850.0,142820.0,142820.0,2977797000.0,2977797000.0,KOSPI,-1.84
0204D0,KODEX 현대차로보틱스밸류체인TOP3플러스,6890.0,1709529.0,1709529.0,11778654810.0,11778654810.0,KOSPI,-3.84
044820,코스맥스비티아이,22750.0,203505.0,203505.0,4629738750.0,4629738750.0,KOSPI,-16.36
495060,TIME 코리아밸류업액티브,28745.0,90459.0,90459.0,2600243955.0,2600243955.0,KOSPI,-1.58
0089D0,KODEX 금융고배당TOP10,13290.0,136919.0,136919.0,1819653510.0,1819653510.0,KOSPI,-0.3
017860,DS단석,12080.0,88493.0,88493.0,1068995440.0,1068995440.0,KOSPI,-2.89
037270,YG PLUS,3360.0,220824.0,220824.0,741968640.0,741968640.0,KOSPI,-3.31
005010,휴스틸,3800.0,417363.0,417363.0,1585979400.0,1585979400.0,KOSPI,-5.82
03473K,SK우,375000.0,4069.0,4069.0,1525875000.0,1525875000.0,KOSPI,2.6
266160,RISE 고배당,33135.0,57000.0,57000.0,1888695000.0,1888695000.0,KOSPI,-0.64
267770,TIGER 200선물레버리지,84600.0,87179.0,87179.0,7375343400.0,7375343400.0,KOSPI,-2.65
490090,TIGER 미국AI빅테크10,16065.0,283758.0,283758.0,4558572270.0,4558572270.0,KOSPI,-2.43
0047A0,TIGER 차이나테크TOP10,13865.0,69473.0,69473.0,963243145.0,963243145.0,KOSPI,2.78
011500,한농화성,13460.0,87792.0,87792.0,1181680320.0,1181680320.0,KOSPI,-3.58
422420,RISE 2차전지액티브,6520.0,268931.0,268931.0,1753430120.0,1753430120.0,KOSPI,-3.69
433500,ACE 원자력TOP10,53445.0,37966.0,37966.0,2029092870.0,2029092870.0,KOSPI,-4.01
003555,LG우,68900.0,12906.0,12906.0,889223400.0,889223400.0,KOSPI,-1.57
0115D0,KODEX 조선TOP10,8080.0,1771911.0,1771911.0,14317040880.0,14317040880.0,KOSPI,-3.92
332930,HANARO 200TR,142345.0,2134.0,2134.0,303764230.0,303764230.0,KOSPI,-1.55
013580,계룡건설,23100.0,279364.0,279364.0,6453308400.0,6453308400.0,KOSPI,6.94
035150,백산,10400.0,48276.0,53882.0,502070400.0,560372800.0,KOSPI,-2.26
394670,TIGER 글로벌리튬&2차전지SOLACTIVE(합성),11600.0,17968.0,17968.0,208428800.0,208428800.0,KOSPI,-0.56
520094,미래에셋 CD금리 플러스 ETN,102145.0,1030.0,1030.0,105209350.0,105209350.0,KOSPI,0.0
088260,이리츠코크렙,3215.0,68471.0,68471.0,220134265.0,220134265.0,KOSPI,0.31
100250,진양홀딩스,3180.0,185441.0,185441.0,589702380.0,589702380.0,KOSPI,-0.16
095570,AJ네트웍스,4475.0,169890.0,169890.0,760257750.0,760257750.0,KOSPI,-1.0
004980,성신양회,8230.0,49857.0,119621.0,410323110.0,984480830.0,KOSPI,-1.2
001630,종근당홀딩스,40200.0,8141.0,10154.0,327268200.0,408190800.0,KOSPI,-1.95
480040,ACE 미국반도체데일리타겟커버드콜(합성),15595.0,271549.0,271549.0,4234806655.0,4234806655.0,KOSPI,-0.32
039570,HDC랩스,7660.0,22936.0,22936.0,175689760.0,175689760.0,KOSPI,-1.79
004310,현대약품,6130.0,789239.0,789239.0,4838035070.0,4838035070.0,KOSPI,-2.85
001130,대한제분,11590.0,17185.0,20970.0,199174150.0,243042300.0,KOSPI,-1.78
0005A0,KODEX 미국S&P500데일리커버드콜OTM,9755.0,322834.0,322834.0,3149245670.0,3149245670.0,KOSPI,-1.66
007860,서연,8270.0,40540.0,40540.0,335265800.0,335265800.0,KOSPI,-2.36
495550,SOL 코리아밸류업TR,33170.0,31593.0,31593.0,1047939810.0,1047939810.0,KOSPI,-1.51
033530,SJG세종,7170.0,198878.0,198878.0,1425955260.0,1425955260.0,KOSPI,0.99
053690,한미글로벌,17680.0,128289.0,128289.0,2268149520.0,2268149520.0,KOSPI,-6.36
053210,스카이라이프,4070.0,52748.0,52748.0,214684360.0,214684360.0,KOSPI,-2.75
0069M0,1Q 미국나스닥100,13915.0,137832.0,137832.0,1917932280.0,1917932280.0,KOSPI,-1.38
128820,대성산업,4270.0,128655.0,128655.0,549356850.0,549356850.0,KOSPI,-2.95
000140,하이트진로홀딩스,8300.0,31355.0,31355.0,260246500.0,260246500.0,KOSPI,-1.66
0192Z0,TIGER 중기종합채권(A-이상)액티브,100800.0,18.0,18.0,1814400.0,1814400.0,KOSPI,-0.15
302190,TIGER 중장기국채,49895.0,23116.0,23116.0,1153372820.0,1153372820.0,KOSPI,-0.43
339770,교촌에프앤비,3830.0,53851.0,53851.0,206249330.0,206249330.0,KOSPI,-1.16
003547,대신증권2우B,19920.0,14799.0,14799.0,294796080.0,294796080.0,KOSPI,-0.65
429000,TIGER 미국S&P500배당귀족,13840.0,91632.0,91632.0,1268186880.0,1268186880.0,KOSPI,-1.35
377190,디앤디플랫폼리츠,2160.0,211037.0,211037.0,455839920.0,455839920.0,KOSPI,-1.82
0091C0,KODEX 미국10년국채액티브(H),9570.0,170859.0,170859.0,1635120630.0,1635120630.0,KOSPI,-0.52
433980,KODEX TDF2040액티브 적격,16195.0,94084.0,94084.0,1523690380.0,1523690380.0,KOSPI,-0.77
117580,대성에너지,6890.0,94682.0,94682.0,652358980.0,652358980.0,KOSPI,0.29
530145,삼성 레버리지 천연가스 선물 ETN D,11095.0,270780.0,270780.0,3004304100.0,3004304100.0,KOSPI,-5.01
035510,신세계 I&C,13460.0,62529.0,62529.0,841640340.0,841640340.0,KOSPI,-2.32
122090,PLUS 코스피50,81390.0,50403.0,50403.0,4102300170.0,4102300170.0,KOSPI,-1.18
0082V0,KODEX TDF2060액티브 적격,11600.0,152703.0,152703.0,1771354800.0,1771354800.0,KOSPI,-0.56
102260,동성케미컬,3700.0,71468.0,71468.0,264431600.0,264431600.0,KOSPI,-2.63
530104,삼성 레버리지 코스피200 선물 ETN,187180.0,4162.0,4162.0,779043160.0,779043160.0,KOSPI,-1.98
016580,환인제약,10040.0,64867.0,64867.0,651264680.0,651264680.0,KOSPI,-0.99
241590,화승엔터프라이즈,3080.0,36727.0,36727.0,113119160.0,113119160.0,KOSPI,-2.69
117700,KODEX 건설,6495.0,1723680.0,1723680.0,11195301600.0,11195301600.0,KOSPI,-4.9
102460,이연제약,10020.0,28575.0,28575.0,286321500.0,286321500.0,KOSPI,-0.89
500069,신한 레버리지 코스피 200 선물 ETN,185740.0,175.0,175.0,32504500.0,32504500.0,KOSPI,-2.43
005960,동부건설,8040.0,72314.0,72314.0,581404560.0,581404560.0,KOSPI,-2.9
004380,삼익THK,8870.0,49224.0,49224.0,436616880.0,436616880.0,KOSPI,-1.33
473460,KODEX 미국서학개미,23815.0,84727.0,84727.0,2017773505.0,2017773505.0,KOSPI,-1.12
213500,한솔제지,7640.0,66505.0,66505.0,508098200.0,508098200.0,KOSPI,-2.43
002100,경농,9310.0,300116.0,300116.0,2794079960.0,2794079960.0,KOSPI,0.43
004560,현대비앤지스틸,11990.0,34437.0,34437.0,412899630.0,412899630.0,KOSPI,-3.23
234080,JW생명과학,11390.0,21064.0,21064.0,239918960.0,239918960.0,KOSPI,-1.56
463290,1Q 단기금융채액티브,109140.0,1696.0,1696.0,185101440.0,185101440.0,KOSPI,0.01
006805,미래에셋증권우,12770.0,52288.0,52288.0,667717760.0,667717760.0,KOSPI,-4.84
016450,한세예스24홀딩스,4485.0,36957.0,36957.0,165752145.0,165752145.0,KOSPI,1.93
003460,유화증권,3150.0,48597.0,48597.0,153080550.0,153080550.0,KOSPI,-2.78
233160,TIGER 코스닥150 레버리지,7945.0,3157502.0,3157502.0,25086353390.0,25086353390.0,KOSPI,-8.41
0040X0,SOL 팔란티어미국채커버드콜혼합,9650.0,216242.0,216242.0,2086735300.0,2086735300.0,KOSPI,-1.93
003610,방림,5540.0,61281.0,61281.0,339496740.0,339496740.0,KOSPI,-0.36
016880,웅진,2220.0,261088.0,261088.0,579615360.0,579615360.0,KOSPI,2.07
001780,알루코,1822.0,463368.0,463368.0,844256496.0,844256496.0,KOSPI,-3.6
002150,도화엔지니어링,5220.0,137727.0,137727.0,718934940.0,718934940.0,KOSPI,-0.57
483290,KODEX 미국배당다우존스타겟커버드콜,10575.0,236487.0,236487.0,2500850025.0,2500850025.0,KOSPI,-0.42
0005G0,IBK K-AI반도체코어테크,50790.0,31869.0,31869.0,1618626510.0,1618626510.0,KOSPI,-0.84
001080,만호제강,4220.0,18738.0,18738.0,79074360.0,79074360.0,KOSPI,-0.59
494330,ACE 라이프자산주주가치액티브,33315.0,48470.0,48470.0,1614778050.0,1614778050.0,KOSPI,-0.21
0093A0,RISE AI반도체TOP10,31735.0,126225.0,126225.0,4005750375.0,4005750375.0,KOSPI,-1.12
003220,대원제약,7760.0,27469.0,64464.0,213159440.0,500240640.0,KOSPI,-2.51
487570,HS효성,46700.0,3919.0,3919.0,183017300.0,183017300.0,KOSPI,-2.51
160580,TIGER 구리실물,17050.0,110959.0,110959.0,1891850950.0,1891850950.0,KOSPI,2.56
200250,KIWOOM 인도Nifty50(합성),21985.0,5991.0,5991.0,131712135.0,131712135.0,KOSPI,-1.17
015230,대창단조,6350.0,112549.0,112549.0,714686150.0,714686150.0,KOSPI,2.42
013890,지누스,7860.0,28469.0,40633.0,223766340.0,319375380.0,KOSPI,-2.48
010580,에스엠벡셀,1545.0,77374.0,77374.0,119542830.0,119542830.0,KOSPI,-2.28
500099,신한 WTI원유 선물 ETN,17170.0,2211.0,2211.0,37962870.0,37962870.0,KOSPI,4.41
000390,SP삼화,6300.0,93805.0,93805.0,590971500.0,590971500.0,KOSPI,-0.16
0190G0,KODEX 반도체타겟위클리커버드콜,8695.0,674465.0,674465.0,5864473175.0,5864473175.0,KOSPI,0.0
0051G0,SOL 미국원자력SMR,13960.0,32921.0,32921.0,459577160.0,459577160.0,KOSPI,-2.48
490600,RISE 미국배당100데일리고정커버드콜,9280.0,277056.0,277056.0,2571079680.0,2571079680.0,KOSPI,-0.7
0099L0,ACE 우량회사채(AA-이상)액티브,99550.0,19537.0,19537.0,1944908350.0,1944908350.0,KOSPI,-0.05
002170,SYTS,56500.0,606.0,606.0,34239000.0,34239000.0,KOSPI,-0.53
014710,사조씨푸드,9830.0,23234.0,23234.0,228390220.0,228390220.0,KOSPI,0.51
0180V0,ACE 미국우주테크액티브,9035.0,299845.0,299845.0,2709099575.0,2709099575.0,KOSPI,-0.61
337160,KODEX 200ESG,48090.0,40816.0,40816.0,1962841440.0,1962841440.0,KOSPI,-1.5
403790,MIDAS 코스피액티브,57510.0,10947.0,10947.0,629561970.0,629561970.0,KOSPI,-2.34
332500,ACE 200TR,73050.0,39344.0,39344.0,2874079200.0,2874079200.0,KOSPI,-1.4
472870,RISE 미국30년국채엔화노출(합성 H),6920.0,609101.0,609101.0,4214978920.0,4214978920.0,KOSPI,-2.33
000700,유수홀딩스,6440.0,67141.0,67141.0,432388040.0,432388040.0,KOSPI,3.04
007570,일양약품,8720.0,28497.0,28497.0,248493840.0,248493840.0,KOSPI,0.35
461950,KODEX 2차전지핵심소재10,4775.0,907751.0,907751.0,4334511025.0,4334511025.0,KOSPI,-4.6
101530,해태제과식품,5700.0,94082.0,94082.0,536267400.0,536267400.0,KOSPI,-3.06
494220,UNICORN SK하이닉스밸류체인액티브,46735.0,199604.0,199604.0,9328492940.0,9328492940.0,KOSPI,-1.43
097955,CJ제일제당 우,124700.0,4282.0,4282.0,533965400.0,533965400.0,KOSPI,-0.87
530136,삼성 인버스 2X 천연가스 선물 ETN D,16515.0,34154.0,34154.0,564053310.0,564053310.0,KOSPI,4.46
412570,TIGER 2차전지TOP10레버리지,1155.0,9960228.0,9960228.0,11504063340.0,11504063340.0,KOSPI,-8.33
0048K0,KODEX 차이나휴머노이드로봇,9600.0,755612.0,755612.0,7253875200.0,7253875200.0,KOSPI,3.28
090350,노루페인트,8170.0,169079.0,169079.0,1381375430.0,1381375430.0,KOSPI,4.08
480020,ACE 미국빅테크7+데일리타겟커버드콜(합성),10470.0,474686.0,474686.0,4969962420.0,4969962420.0,KOSPI,-2.42
077500,유니퀘스트,7550.0,683892.0,683892.0,5163384600.0,5163384600.0,KOSPI,11.03
480030,ACE 미국500데일리타겟커버드콜(합성),10190.0,185376.0,185376.0,1888981440.0,1888981440.0,KOSPI,-1.5
237370,KODEX 코리아배당성장채권혼합,15670.0,42970.0,42970.0,673339900.0,673339900.0,KOSPI,-1.04
002210,동성제약,1685.0,220917.0,220917.0,372245145.0,372245145.0,KOSPI,-0.18
491820,HANARO 전력설비투자,43990.0,105726.0,105726.0,4650886740.0,4650886740.0,KOSPI,-0.03
001045,CJ우,71900.0,3415.0,3415.0,245538500.0,245538500.0,KOSPI,-2.57
272560,RISE 단기국공채액티브,114790.0,6717.0,6717.0,771044430.0,771044430.0,KOSPI,0.0
0064K0,KODEX 금액티브,13000.0,119146.0,119146.0,1548898000.0,1548898000.0,KOSPI,1.17
400760,NH올원리츠,2905.0,101800.0,101800.0,295729000.0,295729000.0,KOSPI,-1.36
570051,한투 나스닥100 ETN,31730.0,3204.0,3204.0,101662920.0,101662920.0,KOSPI,-0.75
000860,강남제비스코,12150.0,12627.0,12627.0,153418050.0,153418050.0,KOSPI,-0.41
143860,TIGER 헬스케어,39075.0,99809.0,99809.0,3900036675.0,3900036675.0,KOSPI,-3.61
003830,대한화섬,118700.0,276.0,276.0,32761200.0,32761200.0,KOSPI,0.68
460850,동국씨엠,5270.0,66800.0,66800.0,352036000.0,352036000.0,KOSPI,-2.23
462520,조선내화,13280.0,28572.0,28572.0,379436160.0,379436160.0,KOSPI,-2.64
009470,삼화전기,23800.0,87284.0,87284.0,2077359200.0,2077359200.0,KOSPI,-6.11
491610,1Q CD금리액티브(합성),104725.0,3673.0,3673.0,384654925.0,384654925.0,KOSPI,0.01
011785,금호석유화학우,51200.0,2728.0,2728.0,139673600.0,139673600.0,KOSPI,-3.4
464240,KIWOOM 26-09회사채(AA-이상)액티브,52350.0,4251.0,4251.0,222539850.0,222539850.0,KOSPI,-0.03
071840,롯데하이마트,6510.0,13022.0,13022.0,84773220.0,84773220.0,KOSPI,0.0
000970,한국주철관,6740.0,14539.0,14539.0,97992860.0,97992860.0,KOSPI,-0.3
293480,하나제약,8630.0,133437.0,133437.0,1151561310.0,1151561310.0,KOSPI,-3.9
152870,파워 200,109480.0,1319.0,1319.0,144404120.0,144404120.0,KOSPI,-1.52
0127M0,ACE 미국대형가치주액티브,12760.0,8915.0,8915.0,113755400.0,113755400.0,KOSPI,0.2
0104H0,KoAct 미국나스닥채권혼합50액티브,12030.0,118929.0,118929.0,1430715870.0,1430715870.0,KOSPI,-0.82
354500,ACE 코스닥150,14350.0,245105.0,245105.0,3517256750.0,3517256750.0,KOSPI,-4.21
025820,이구산업,4530.0,324465.0,324465.0,1469826450.0,1469826450.0,KOSPI,-0.44
0151P0,RISE 코리아전략산업액티브,14905.0,278988.0,278988.0,4158316140.0,4158316140.0,KOSPI,-1.39
0153K0,KODEX 주주환원고배당주,12150.0,230270.0,230270.0,2797780500.0,2797780500.0,KOSPI,-0.74
272550,삼양패키징,9990.0,22408.0,22408.0,223855920.0,223855920.0,KOSPI,-0.6
219480,KODEX 미국S&P500선물(H),33305.0,3060.0,3060.0,101913300.0,101913300.0,KOSPI,-1.01
520098,미래에셋 레버리지 반도체 ETN,24970.0,34948.0,34948.0,872651560.0,872651560.0,KOSPI,-0.85
550092,N2 월간 레버리지 방위산업 Top5 ETN,148890.0,7.0,7.0,1042230.0,1042230.0,KOSPI,-4.11
00279K,아모레퍼시픽홀딩스3우C,20950.0,4328.0,4328.0,90671600.0,90671600.0,KOSPI,-3.9
458210,KIWOOM CD금리액티브(합성),110450.0,761.0,761.0,84052450.0,84052450.0,KOSPI,-0.01
004970,신라교역,9210.0,36939.0,36939.0,340208190.0,340208190.0,KOSPI,-2.64
486830,HANARO 머니마켓액티브,53215.0,2070.0,2070.0,110155050.0,110155050.0,KOSPI,0.01
245340,TIGER 미국다우존스30,36715.0,14299.0,14299.0,524987785.0,524987785.0,KOSPI,-1.1
271980,제일약품,9970.0,22434.0,22434.0,223666980.0,223666980.0,KOSPI,-0.99
138520,TIGER 삼성그룹,36440.0,39265.0,39265.0,1430816600.0,1430816600.0,KOSPI,-2.57
500037,신한 레버리지 금 선물 ETN,73140.0,316.0,316.0,23112240.0,23112240.0,KOSPI,2.17
000020,동화약품,5190.0,178599.0,178599.0,926928810.0,926928810.0,KOSPI,-2.26
457990,PLUS 태양광&ESS,37570.0,530771.0,530771.0,19941066470.0,19941066470.0,KOSPI,-3.21
0041E0,KODEX 미국S&P500액티브,16735.0,251998.0,251998.0,4217186530.0,4217186530.0,KOSPI,-1.15
003480,한진중공업홀딩스,4820.0,36349.0,36349.0,175202180.0,175202180.0,KOSPI,-0.82
481180,SOL 미국AI소프트웨어,16120.0,164366.0,164366.0,2649579920.0,2649579920.0,KOSPI,-4.92
081000,일진다이아,9930.0,34874.0,34874.0,346298820.0,346298820.0,KOSPI,-1.19
550089,N2 월간 레버리지 코스피 200 선물 ETN,140990.0,37.0,37.0,5216630.0,5216630.0,KOSPI,-2.52
003010,혜인,11080.0,3737124.0,3737124.0,41407333920.0,41407333920.0,KOSPI,14.34
004090,한국석유,11090.0,187943.0,187943.0,2084287870.0,2084287870.0,KOSPI,1.46
015890,태경산업,4810.0,92620.0,92620.0,445502200.0,445502200.0,KOSPI,-1.43
094280,효성ITX,12120.0,5098.0,5098.0,61787760.0,61787760.0,KOSPI,-0.08
012610,경인양행,3365.0,293732.0,293732.0,988408180.0,988408180.0,KOSPI,-0.59
000520,삼일제약,6430.0,85771.0,85771.0,551507530.0,551507530.0,KOSPI,-4.88
520066,미래에셋 KRX금현물 Auto-KO-C 2810-01 ETN,23230.0,13926.0,13926.0,323500980.0,323500980.0,KOSPI,0.76
495330,1Q 코리아밸류업,32210.0,12743.0,12743.0,410452030.0,410452030.0,KOSPI,-1.89
004150,한솔홀딩스,3375.0,195607.0,195607.0,660173625.0,660173625.0,KOSPI,-3.02
0005D0,SOL 전고체배터리&실리콘음극재,13890.0,742318.0,742318.0,10310797020.0,10310797020.0,KOSPI,-6.75
020120,키다리스튜디오,3715.0,301824.0,301824.0,1121276160.0,1121276160.0,KOSPI,-3.26
192090,TIGER 차이나CSI300,12980.0,30278.0,30278.0,393008440.0,393008440.0,KOSPI,0.19
570106,한투 레버리지일본니케이225선물 ETN(H),55015.0,2.0,2.0,110030.0,110030.0,KOSPI,-0.62
570050,한투 S&P500선물 ETN,27415.0,3636.0,3636.0,99680940.0,99680940.0,KOSPI,-1.4
0168K0,TIGER 기술이전바이오액티브,6550.0,1177480.0,1177480.0,7712494000.0,7712494000.0,KOSPI,-4.38
451530,TIGER 국고채30년스트립액티브,33215.0,43224.0,43224.0,1435685160.0,1435685160.0,KOSPI,-2.29
0176E0,RISE 미국AI전력인프라액티브,10950.0,38107.0,38107.0,417271650.0,417271650.0,KOSPI,0.92
0181B0,HANARO 미국AI메모리반도체TOP4+,10985.0,554983.0,554983.0,6096488255.0,6096488255.0,KOSPI,3.63
0131W0,1Q 단기특수은행채액티브,102015.0,14.0,14.0,1428210.0,1428210.0,KOSPI,0.01
0184L0,PLUS 중기종합채권(A-이상)액티브,100485.0,57.0,57.0,5727645.0,5727645.0,KOSPI,-0.1
0074K0,KoAct K수출핵심기업TOP30액티브,17405.0,79301.0,79301.0,1380233905.0,1380233905.0,KOSPI,-2.98
476450,KIWOOM 머니마켓액티브,52710.0,5276.0,5276.0,278097960.0,278097960.0,KOSPI,0.0
304660,KODEX 미국30년국채울트라선물(H),7160.0,35308.0,35308.0,252805280.0,252805280.0,KOSPI,-1.45
009270,신원,1160.0,10660656.0,10660656.0,12366360960.0,12366360960.0,KOSPI,8.41
476030,SOL 미국나스닥100,17625.0,75621.0,75621.0,1332820125.0,1332820125.0,KOSPI,-1.37
760007,키움 코스피 200 TR ETN,33265.0,108.0,108.0,3592620.0,3592620.0,KOSPI,-1.1
006060,화승인더,2405.0,180975.0,180975.0,435244875.0,435244875.0,KOSPI,-4.37
107590,미원홀딩스,57000.0,850.0,850.0,48450000.0,48450000.0,KOSPI,1.79
0123G0,TIGER 미국AI전력SMR,6850.0,162658.0,162658.0,1114207300.0,1114207300.0,KOSPI,-3.79
271050,KODEX WTI원유선물인버스(H),2005.0,1798253.0,1798253.0,3605497265.0,3605497265.0,KOSPI,-3.37
014280,금강공업,4500.0,156420.0,156420.0,703890000.0,703890000.0,KOSPI,0.45
182480,TIGER 미국MSCI리츠(합성 H),13970.0,14227.0,14227.0,198751190.0,198751190.0,KOSPI,-0.21
024090,디씨엠,11500.0,5183.0,5183.0,59604500.0,59604500.0,KOSPI,0.35
004080,신흥,14050.0,730.0,730.0,10256500.0,10256500.0,KOSPI,0.07
013520,화승코퍼레이션,2610.0,172590.0,172590.0,450459900.0,450459900.0,KOSPI,-4.04
210540,디와이파워,11810.0,56201.0,56201.0,663733810.0,663733810.0,KOSPI,-1.58
008350,남선알미늄,1010.0,675985.0,675985.0,682744850.0,682744850.0,KOSPI,-1.85
251340,KODEX 코스닥150선물인버스,2410.0,102506217.0,102506217.0,247039982970.0,247039982970.0,KOSPI,4.56
018470,조일알미늄,1026.0,419557.0,419557.0,430465482.0,430465482.0,KOSPI,-2.19
471760,TIGER AI반도체핵심공정,14410.0,2346285.0,2346285.0,33809966850.0,33809966850.0,KOSPI,-1.67
463680,KODEX 미국S&P500테크놀로지,22920.0,31694.0,31694.0,726426480.0,726426480.0,KOSPI,-2.45
139220,TIGER 200 건설,7480.0,473444.0,473444.0,3541361120.0,3541361120.0,KOSPI,-2.86
325010,KODEX 성장주,42945.0,5407.0,5407.0,232203615.0,232203615.0,KOSPI,-1.91
011690,와이투솔루션,3505.0,269811.0,269811.0,945687555.0,945687555.0,KOSPI,-7.03
002390,한독,9340.0,38304.0,38304.0,357759360.0,357759360.0,KOSPI,-2.71
007540,샘표,44700.0,2234.0,2234.0,99859800.0,99859800.0,KOSPI,-2.51
214420,토니모리,5340.0,289038.0,289038.0,1543462920.0,1543462920.0,KOSPI,-8.87
037560,LG헬로비전,1658.0,163479.0,163479.0,271048182.0,271048182.0,KOSPI,-3.49
411420,KODEX 미국나스닥AI테크액티브,27275.0,100137.0,100137.0,2731236675.0,2731236675.0,KOSPI,-1.75
267290,경동도시가스,21700.0,10944.0,10944.0,237484800.0,237484800.0,KOSPI,0.23
004960,한신공영,11050.0,75032.0,75032.0,829103600.0,829103600.0,KOSPI,-5.47
0193G0,KoAct 코스피액티브,8435.0,290652.0,290652.0,2451649620.0,2451649620.0,KOSPI,-1.86
0199C0,ACE 고배당주Plus커버드콜액티브,9300.0,909550.0,909550.0,8458815000.0,8458815000.0,KOSPI,-0.85
089470,HDC현대EP,3975.0,77475.0,77475.0,307963125.0,307963125.0,KOSPI,-1.61
488720,WON 종합채권(AA-이상)액티브,48350.0,1226.0,1226.0,59277100.0,59277100.0,KOSPI,-0.3
350520,이지스레지던스리츠,3425.0,52123.0,52123.0,178521275.0,178521275.0,KOSPI,-0.72
448100,WON 200,112015.0,6280.0,6280.0,703454200.0,703454200.0,KOSPI,-1.09
447620,SOL 미국TOP5채권혼합50,15895.0,114932.0,114932.0,1826844140.0,1826844140.0,KOSPI,-0.84
114820,TIGER 국채3년,105000.0,7312.0,7312.0,767760000.0,767760000.0,KOSPI,-0.1
009070,KCTC,4140.0,283235.0,283235.0,1172592900.0,1172592900.0,KOSPI,1.6
012200,계양전기,4555.0,1955493.0,1955493.0,8907270615.0,8907270615.0,KOSPI,5.07
760011,키움 레버리지 2차전지산업 ETN,7985.0,1445.0,1445.0,11538325.0,11538325.0,KOSPI,-9.0
367770,RISE 수소경제테마,23505.0,56118.0,56118.0,1319053590.0,1319053590.0,KOSPI,-2.87
0000Y0,HK 26-12 회사채(AA-이상)액티브,101735.0,51.0,51.0,5188485.0,5188485.0,KOSPI,0.0
377990,TIGER Fn신재생에너지,24600.0,174010.0,174010.0,4280646000.0,4280646000.0,KOSPI,-2.11
214390,경보제약,5140.0,17418.0,17418.0,89528520.0,89528520.0,KOSPI,-2.1
006660,삼성공조,15110.0,3215226.0,3215226.0,48582064860.0,48582064860.0,KOSPI,29.92
227840,현대코퍼레이션홀딩스,13430.0,23806.0,23806.0,319714580.0,319714580.0,KOSPI,-1.83
464310,TIGER 글로벌AI&로보틱스 INDXX,14725.0,18588.0,18588.0,273708300.0,273708300.0,KOSPI,-1.21
0080Y0,SOL 조선TOP3플러스레버리지,9670.0,672540.0,672540.0,6503461800.0,6503461800.0,KOSPI,-7.06
079430,현대리바트,6050.0,28649.0,28649.0,173326450.0,173326450.0,KOSPI,0.0
011280,태림포장,1717.0,77729.0,77729.0,133460693.0,133460693.0,KOSPI,-0.64
399110,SOL 미국S&P500ESG,21625.0,15646.0,15646.0,338344750.0,338344750.0,KOSPI,-1.17
372330,KODEX 차이나항셍테크,7295.0,25766.0,25766.0,187962970.0,187962970.0,KOSPI,0.34
005800,신영와코루,13360.0,3391.0,3391.0,45303760.0,45303760.0,KOSPI,-1.55
002620,제일파마홀딩스,7520.0,4104.0,4104.0,30862080.0,30862080.0,KOSPI,-1.57
001520,동양,1120.0,127509.0,127509.0,142810080.0,142810080.0,KOSPI,-3.36
464930,TIGER 글로벌혁신블루칩TOP10,21550.0,7122.0,7122.0,153479100.0,153479100.0,KOSPI,-1.44
0092B0,SOL 한국원자력SMR,14765.0,194549.0,194549.0,2872515985.0,2872515985.0,KOSPI,-4.62
001360,삼성제약,1268.0,292692.0,292692.0,371133456.0,371133456.0,KOSPI,-2.91
078000,텔코웨어,12900.0,2487.0,2487.0,32082300.0,32082300.0,KOSPI,0.55
328370,PLUS 코스피TR,38395.0,3124.0,3124.0,119945980.0,119945980.0,KOSPI,-1.78
083420,그린케미칼,4930.0,272893.0,272893.0,1345362490.0,1345362490.0,KOSPI,3.14
488500,TIGER 미국S&P500동일가중,13085.0,117716.0,117716.0,1540313860.0,1540313860.0,KOSPI,-1.47
0174B0,KoAct 글로벌AI메모리반도체액티브,15100.0,167639.0,167639.0,2531348900.0,2531348900.0,KOSPI,0.53
034590,인천도시가스,26700.0,1811.0,1811.0,48353700.0,48353700.0,KOSPI,0.0
461500,HANARO 종합채권(AA-이상)액티브,104395.0,11.0,11.0,1148345.0,1148345.0,KOSPI,-0.36
309230,ACE 미국WideMoat동일가중,31645.0,15446.0,15446.0,488788670.0,488788670.0,KOSPI,-2.5
013570,디와이,4410.0,65320.0,65320.0,288061200.0,288061200.0,KOSPI,-2.22
332940,HANARO MSCI Korea TR,48125.0,545.0,545.0,26228125.0,26228125.0,KOSPI,-2.49
014530,극동유화,3295.0,88982.0,88982.0,293195690.0,293195690.0,KOSPI,1.07
008970,KBI동양철관,1105.0,572760.0,572760.0,632899800.0,632899800.0,KOSPI,-1.95
0000J0,PLUS 한화그룹주,29400.0,154331.0,154331.0,4537331400.0,4537331400.0,KOSPI,-2.16
078935,GS우,64200.0,11663.0,11663.0,748764600.0,748764600.0,KOSPI,0.94
319640,TIGER 골드선물(H),25950.0,12113.0,12113.0,314332350.0,314332350.0,KOSPI,1.51
266370,KODEX IT,67160.0,63278.0,63278.0,4249750480.0,4249750480.0,KOSPI,-2.57
016710,대성홀딩스,7090.0,45498.0,45498.0,322580820.0,322580820.0,KOSPI,0.28
0177X0,ACE K휴머노이드로봇산업TOP2+,10350.0,801023.0,801023.0,8290588050.0,8290588050.0,KOSPI,-5.44
0122W0,RISE 26-11 회사채(AA-이상)액티브,50940.0,55.0,55.0,2801700.0,2801700.0,KOSPI,0.03
012320,경동인베스트,47900.0,10427.0,10427.0,499453300.0,499453300.0,KOSPI,-2.54
304940,KODEX 미국나스닥100선물(H),32795.0,10656.0,10656.0,349463520.0,349463520.0,KOSPI,-0.91
0135Y0,IBK 중기종합채권(AA-이상)액티브,100265.0,2.0,2.0,200530.0,200530.0,KOSPI,-0.13
491230,PLUS 국공채머니마켓액티브,52450.0,2727.0,2727.0,143031150.0,143031150.0,KOSPI,0.0
0036R0,RISE 미국휴머노이드로봇,20130.0,22328.0,22328.0,449462640.0,449462640.0,KOSPI,-0.98
017550,수산세보틱스,1805.0,249054.0,249054.0,449542470.0,449542470.0,KOSPI,-3.68
498180,파워 종합채권(AA-이상)액티브,92720.0,16.0,16.0,1483520.0,1483520.0,KOSPI,-0.57
168580,ACE 중국본토CSI300,35965.0,2607.0,2607.0,93760755.0,93760755.0,KOSPI,0.98
014580,태경비케이,4060.0,58876.0,58876.0,239036560.0,239036560.0,KOSPI,-1.58
469170,ACE 포스코그룹포커스,5545.0,753765.0,753765.0,4179626925.0,4179626925.0,KOSPI,-4.48
326240,RISE IT플러스,43605.0,5384.0,5384.0,234769320.0,234769320.0,KOSPI,-3.08
530055,삼성 레버리지 금 선물 ETN(H),111535.0,1551.0,1551.0,172990785.0,172990785.0,KOSPI,2.33
002460,HS화성,10980.0,20792.0,20792.0,228296160.0,228296160.0,KOSPI,-6.79
010100,한국무브넥스,3655.0,101368.0,101368.0,370500040.0,370500040.0,KOSPI,-5.43
0137V0,KIWOOM 미국S&P500모멘텀,12060.0,170968.0,170968.0,2061874080.0,2061874080.0,KOSPI,-0.17
012800,대창,1204.0,533159.0,533159.0,641923436.0,641923436.0,KOSPI,-0.74
035000,HS애드,6770.0,76798.0,76798.0,519922460.0,519922460.0,KOSPI,-2.31
394660,TIGER 글로벌자율주행&전기차SOLACTIVE,16720.0,5551.0,5551.0,92812720.0,92812720.0,KOSPI,-0.36
500050,신한 레버리지 S&P500 선물 ETN,54800.0,1826.0,1826.0,100064800.0,100064800.0,KOSPI,-1.78
004250,NPC,2970.0,56007.0,56007.0,166340790.0,166340790.0,KOSPI,1.02
530061,삼성 레버리지 은 선물 ETN(H),36280.0,21226.0,21226.0,770079280.0,770079280.0,KOSPI,2.62
070960,모나용평,2255.0,471687.0,471687.0,1063654185.0,1063654185.0,KOSPI,2.73
248170,샘표식품,23700.0,9755.0,9755.0,231193500.0,231193500.0,KOSPI,-1.46
0052T0,1Q 중단기회사채(A-이상)액티브,50630.0,3746.0,3746.0,189659980.0,189659980.0,KOSPI,-0.09
0209D0,KODEX 전고체배터리ESS TOP2플러스,7870.0,953748.0,953748.0,7505996760.0,7505996760.0,KOSPI,-3.91
0221V0,IBK 초단기채권액티브,100290.0,49.0,49.0,4914210.0,4914210.0,KOSPI,0.0
0132K0,PLUS 테슬라위클리커버드콜채권혼합,7950.0,233612.0,233612.0,1857215400.0,1857215400.0,KOSPI,-0.25
530107,삼성 인버스 2X 코스닥150 선물 ETN,1781.0,51429989.0,51429989.0,91596810409.0,91596810409.0,KOSPI,8.93
023450,동남합성,30450.0,1732.0,1732.0,52739400.0,52739400.0,KOSPI,0.16
120030,조선선재,84700.0,378.0,378.0,32016600.0,32016600.0,KOSPI,-0.12
0193M0,BNK 27-12 특수채(AAA이상)액티브,50380.0,9.0,9.0,453420.0,453420.0,KOSPI,0.13
438570,SOL 국고채10년,97535.0,420.0,420.0,40964700.0,40964700.0,KOSPI,-0.83
261270,KODEX 미국달러선물인버스,7905.0,50056.0,50056.0,395692680.0,395692680.0,KOSPI,0.44
0091M0,HANARO 27-06 회사채(AA-이상)액티브,10155.0,323.0,323.0,3280065.0,3280065.0,KOSPI,0.05
496090,KIWOOM 코리아밸류업,32380.0,958.0,958.0,31020040.0,31020040.0,KOSPI,-1.1
092220,KEC,2615.0,238525.0,238525.0,623742875.0,623742875.0,KOSPI,-4.39
001290,상상인증권,969.0,892546.0,892546.0,864877074.0,864877074.0,KOSPI,-5.28
465610,ACE 미국빅테크TOP7 Plus레버리지(합성),43655.0,12550.0,12550.0,547870250.0,547870250.0,KOSPI,-4.95
0142D0,TIGER 미국AI데이터센터TOP4Plus,11675.0,267231.0,267231.0,3119921925.0,3119921925.0,KOSPI,-1.97
0138Y0,PLUS 금채권혼합,9945.0,298028.0,298028.0,2963888460.0,2963888460.0,KOSPI,0.56
027970,한국제지,2745.0,26271.0,26271.0,72113895.0,72113895.0,KOSPI,-0.18
009580,무림P&P,1672.0,41663.0,41663.0,69660536.0,69660536.0,KOSPI,-2.79
455860,SOL 2차전지소부장Fn,4380.0,639341.0,639341.0,2800313580.0,2800313580.0,KOSPI,-5.5
019180,티에이치엔,5760.0,488826.0,488826.0,2815637760.0,2815637760.0,KOSPI,-11.66
267850,아시아나IDT,9340.0,11325.0,11325.0,105775500.0,105775500.0,KOSPI,-2.3
475280,ACE 8월만기자동연장회사채AA-이상액티브,10715.0,255.0,255.0,2732325.0,2732325.0,KOSPI,-0.05
123690,한국화장품,6420.0,102262.0,102262.0,656522040.0,656522040.0,KOSPI,-3.6
067830,세이브존I&C,2510.0,42371.0,42371.0,106351210.0,106351210.0,KOSPI,0.6
021820,세원정공,10290.0,17032.0,17032.0,175259280.0,175259280.0,KOSPI,-3.11
264900,크라운제과,8200.0,11266.0,11266.0,92381200.0,92381200.0,KOSPI,-0.85
465780,마이티 26-09 특수채(AAA)액티브,106310.0,1.0,1.0,106310.0,106310.0,KOSPI,0.02
0085P0,ACE 미국10년국채액티브,10020.0,214950.0,214950.0,2153799000.0,2153799000.0,KOSPI,-0.89
0035T0,PLUS 글로벌휴머노이드로봇액티브,20800.0,25870.0,25870.0,538096000.0,538096000.0,KOSPI,-1.89
610037,메리츠 미국채30년 ETN(H),7195.0,7.0,7.0,50365.0,50365.0,KOSPI,-1.57
002450,삼익악기,1111.0,131264.0,131264.0,145834304.0,145834304.0,KOSPI,-1.24
476850,KoAct 배당성장액티브,21395.0,112289.0,112289.0,2402423155.0,2402423155.0,KOSPI,-1.72
114100,RISE 국고채3년,106515.0,5447.0,5447.0,580187205.0,580187205.0,KOSPI,-0.15
203780,TIGER 미국나스닥바이오,35250.0,23544.0,23544.0,829926000.0,829926000.0,KOSPI,0.73
204480,TIGER 차이나CSI300레버리지(합성),26840.0,7502.0,7502.0,201353680.0,201353680.0,KOSPI,0.54
032560,황금에스티,5870.0,58028.0,58028.0,340624360.0,340624360.0,KOSPI,2.62
481430,RISE 국고채10년액티브,97665.0,3828.0,3828.0,373861620.0,373861620.0,KOSPI,-0.69
0007N0,아이엠에셋 200,109360.0,249.0,249.0,27230640.0,27230640.0,KOSPI,-1.21
013700,까뮤이앤씨,1640.0,721319.0,721319.0,1182963160.0,1182963160.0,KOSPI,-6.77
37550L,DL이앤씨2우(전환),46150.0,4377.0,4377.0,201998550.0,201998550.0,KOSPI,-5.72
570019,한투 코스피양매도5%OTM ETN,6495.0,368.0,368.0,2390160.0,2390160.0,KOSPI,0.23
449770,KIWOOM 미국S&P500,21590.0,5606.0,5606.0,121033540.0,121033540.0,KOSPI,-1.28
007210,벽산,1470.0,68389.0,68389.0,100531830.0,100531830.0,KOSPI,-2.39
308620,KODEX 미국10년국채선물,11800.0,55945.0,55945.0,660151000.0,660151000.0,KOSPI,-0.76
016740,두올,3330.0,30282.0,30282.0,100839060.0,100839060.0,KOSPI,-2.06
195980,PLUS 신흥국MSCI(합성 H),15170.0,22505.0,22505.0,341400850.0,341400850.0,KOSPI,-0.1
475050,ACE KPOP포커스,6580.0,1153537.0,1153537.0,7590273460.0,7590273460.0,KOSPI,-4.15
006840,AK홀딩스,7160.0,7789.0,7789.0,55769240.0,55769240.0,KOSPI,-2.72
014790,HL D&I,2505.0,53619.0,53619.0,134315595.0,134315595.0,KOSPI,-2.72
008700,아남전자,1224.0,148681.0,148681.0,181985544.0,181985544.0,KOSPI,-0.41
014440,영보화학,4720.0,47189.0,47189.0,222732080.0,222732080.0,KOSPI,1.07
473440,ACE 11월만기자동연장회사채AA-이상액티브,10835.0,4659.0,4659.0,50480265.0,50480265.0,KOSPI,0.09
485690,RISE 미국AI밸류체인TOP3Plus,22435.0,50983.0,50983.0,1143803605.0,1143803605.0,KOSPI,-1.99
0162L0,KODEX 차이나AI반도체TOP10,14695.0,702841.0,702841.0,10328248495.0,10328248495.0,KOSPI,3.78
486240,DAISHIN343 AI반도체&인프라액티브,29360.0,10898.0,10898.0,319965280.0,319965280.0,KOSPI,-0.29
433970,KODEX TDF2030액티브 적격,14215.0,18160.0,18160.0,258144400.0,258144400.0,KOSPI,-0.59
479620,SOL 미국AI반도체칩메이커,26060.0,68512.0,68512.0,1785422720.0,1785422720.0,KOSPI,-2.49
211900,KODEX 코리아배당성장,28400.0,7876.0,7876.0,223678400.0,223678400.0,KOSPI,-1.25
036580,팜스코,2550.0,62221.0,62221.0,158663550.0,158663550.0,KOSPI,-7.27
468380,KODEX iShares미국하이일드액티브,11220.0,58979.0,58979.0,661744380.0,661744380.0,KOSPI,-0.62
580039,KB 레버리지 KOSPI 200 선물 ETN,185625.0,205.0,205.0,38053125.0,38053125.0,KOSPI,-2.52
008260,NI스틸,3240.0,97085.0,97085.0,314555400.0,314555400.0,KOSPI,0.31
454320,HANARO CAPEX설비투자iSelect,42965.0,4268.0,4268.0,183374620.0,183374620.0,KOSPI,-1.68
058850,KTcs,2225.0,98098.0,98098.0,218268050.0,218268050.0,KOSPI,-1.98
325020,KODEX 배당가치,29550.0,9786.0,9786.0,289176300.0,289176300.0,KOSPI,-1.63
143850,TIGER 미국S&P500선물(H),77830.0,14034.0,14034.0,1092266220.0,1092266220.0,KOSPI,-1.08
500096,신한 인버스2X 천연가스 선물 ETN B,18250.0,4483.0,4483.0,81814750.0,81814750.0,KOSPI,4.2
139990,아주스틸,2350.0,41121.0,41121.0,96634350.0,96634350.0,KOSPI,-1.05
004140,동방,1892.0,185073.0,185073.0,350158116.0,350158116.0,KOSPI,0.05
269540,PLUS 미국S&P500(H),30205.0,8559.0,8559.0,258524595.0,258524595.0,KOSPI,-1.18
001275,부국증권우,30200.0,1541.0,1541.0,46538200.0,46538200.0,KOSPI,-1.31
453080,KIWOOM 미국나스닥100(H),23145.0,15189.0,15189.0,351549405.0,351549405.0,KOSPI,-0.86
570116,한투 레버리지WTI원유선물 ETN B,45070.0,773.0,773.0,34839110.0,34839110.0,KOSPI,8.45
444490,WON 미국S&P500,20720.0,17440.0,17440.0,361356800.0,361356800.0,KOSPI,-1.5
329670,KODEX TRF7030,22485.0,24369.0,24369.0,547936965.0,547936965.0,KOSPI,-0.6
298770,KODEX 한국대만IT프리미어,81620.0,34087.0,34087.0,2782180940.0,2782180940.0,KOSPI,-1.83
210980,SK디앤디,4805.0,61058.0,61058.0,293383690.0,293383690.0,KOSPI,-0.41
023000,삼원강재,2250.0,105471.0,105471.0,237309750.0,237309750.0,KOSPI,0.0
359210,KODEX 코스피TR,35555.0,14336.0,14336.0,509716480.0,509716480.0,KOSPI,-1.63
007980,TP,1886.0,623219.0,623219.0,1175391034.0,1175391034.0,KOSPI,-0.95
058860,KTis,2540.0,45310.0,45310.0,115087400.0,115087400.0,KOSPI,-0.59
495040,PLUS 코리아밸류업,32070.0,3359.0,3359.0,107723130.0,107723130.0,KOSPI,-1.41
108450,ACE 삼성그룹섹터가중,39900.0,11182.0,11182.0,446161800.0,446161800.0,KOSPI,-2.69
363280,티와이홀딩스,1922.0,18605.0,18605.0,35758810.0,35758810.0,KOSPI,-0.16
004890,동일산업,36050.0,699.0,699.0,25198950.0,25198950.0,KOSPI,1.12
460960,ACE 글로벌인컴TOP10,11400.0,107296.0,107296.0,1223174400.0,1223174400.0,KOSPI,-1.04
005740,크라운해태홀딩스,5860.0,17736.0,17736.0,103932960.0,103932960.0,KOSPI,-2.5
111380,동인기연,14190.0,20828.0,20828.0,295549320.0,295549320.0,KOSPI,-1.53
025620,차AI헬스케어,4775.0,9037.0,9037.0,43151675.0,43151675.0,KOSPI,-6.0
0066W0,SOL 국제금,13135.0,134232.0,134232.0,1763137320.0,1763137320.0,KOSPI,1.04
0008T0,SOL 화장품TOP3플러스,17590.0,1698268.0,1698268.0,29872534120.0,29872534120.0,KOSPI,-0.82
109070,주성코퍼레이션,1630.0,361354.0,361354.0,589007020.0,589007020.0,KOSPI,-4.68
002220,한일철강,3215.0,1048374.0,1048374.0,3370522410.0,3370522410.0,KOSPI,-3.16
015590,DKME,1605.0,21149.0,21149.0,33944145.0,33944145.0,KOSPI,-1.41
004100,태양금속,2330.0,252402.0,252402.0,588096660.0,588096660.0,KOSPI,-2.92
096775,SK이노베이션우,68400.0,7777.0,7777.0,531946800.0,531946800.0,KOSPI,2.4
023800,인지컨트롤스,5390.0,41990.0,41990.0,226326100.0,226326100.0,KOSPI,-0.74
002200,한국수출포장,2540.0,46529.0,46529.0,118183660.0,118183660.0,KOSPI,0.59
004840,DRB동일,4415.0,37930.0,37930.0,167460950.0,167460950.0,KOSPI,-1.56
013360,일성건설,1574.0,1580833.0,1580833.0,2488231142.0,2488231142.0,KOSPI,2.14
329660,KODEX TRF5050,18085.0,11762.0,11762.0,212715770.0,212715770.0,KOSPI,-0.58
490480,SOL K방산,30830.0,45766.0,45766.0,1410965780.0,1410965780.0,KOSPI,-3.32
014160,대영포장,780.0,3058817.0,3058817.0,2385877260.0,2385877260.0,KOSPI,10.64
163560,동일고무벨트,6030.0,75490.0,75490.0,455204700.0,455204700.0,KOSPI,-1.31
069730,DSR제강,5820.0,102559.0,102559.0,596893380.0,596893380.0,KOSPI,-2.51
000850,화천기공,38000.0,94440.0,94440.0,3588720000.0,3588720000.0,KOSPI,11.27
002600,조흥,139300.0,4.0,4.0,557200.0,557200.0,KOSPI,0.51
138530,TIGER LG그룹플러스,12470.0,272549.0,272549.0,3398686030.0,3398686030.0,KOSPI,-3.33
461460,PLUS 국고채10년액티브,51085.0,138.0,138.0,7049730.0,7049730.0,KOSPI,-0.63
003580,HLB글로벌,1635.0,141799.0,141799.0,231841365.0,231841365.0,KOSPI,-1.51
453330,RISE 미국S&P500(H),18260.0,25327.0,25327.0,462471020.0,462471020.0,KOSPI,-1.11
469060,RISE 미국반도체NYSE,37280.0,53127.0,53127.0,1980574560.0,1980574560.0,KOSPI,0.01
0017Y0,1Q 종합채권(AA-이상)액티브,93325.0,36.0,36.0,3359700.0,3359700.0,KOSPI,-0.5
0057H0,PLUS 미국S&P500미국채혼합50액티브,11930.0,122430.0,122430.0,1460589900.0,1460589900.0,KOSPI,-0.95
412770,TIGER 글로벌AI플랫폼액티브,13255.0,5305.0,5305.0,70317775.0,70317775.0,KOSPI,-0.82
0018C0,PLUS 고배당주위클리고정커버드콜,10685.0,76374.0,76374.0,816056190.0,816056190.0,KOSPI,-0.88
157490,TIGER 소프트웨어,8600.0,306662.0,306662.0,2637293200.0,2637293200.0,KOSPI,-4.6
006090,사조오양,8560.0,3059.0,3059.0,26185040.0,26185040.0,KOSPI,0.0
364960,TIGER BBIG,6610.0,38115.0,38115.0,251940150.0,251940150.0,KOSPI,-3.71
550093,N2 전력인프라 Top5 ETN,40025.0,2548.0,2548.0,101983700.0,101983700.0,KOSPI,2.0
0049M0,ACE 미국배당퀄리티+커버드콜액티브,11595.0,47001.0,47001.0,544976595.0,544976595.0,KOSPI,-0.64
011700,한신기계,2460.0,103248.0,103248.0,253990080.0,253990080.0,KOSPI,-5.57
337140,KODEX 코스피대형주,36245.0,22222.0,22222.0,805436390.0,805436390.0,KOSPI,-1.45
000105,유한양행우,67500.0,1674.0,1674.0,112995000.0,112995000.0,KOSPI,-4.53
495750,HANARO 코리아밸류업,32305.0,322.0,322.0,10402210.0,10402210.0,KOSPI,-1.52
0098N0,PLUS 자사주매입고배당주,12950.0,53672.0,53672.0,695052400.0,695052400.0,KOSPI,-0.15
007610,선도전기,4375.0,188611.0,188611.0,825173125.0,825173125.0,KOSPI,-3.31
550091,N2 방위산업 Top5 ETN,39250.0,7584.0,7584.0,297672000.0,297672000.0,KOSPI,-1.81
009180,한솔로지스틱스,2780.0,77025.0,77025.0,214129500.0,214129500.0,KOSPI,-1.24
492500,1Q 현대차그룹채권(A+이상)&국고통안,51270.0,10675.0,10675.0,547307250.0,547307250.0,KOSPI,-0.04
458030,WON 국공채머니마켓액티브,54990.0,229.0,229.0,12592710.0,12592710.0,KOSPI,0.03
001260,남광토건,7910.0,160361.0,160361.0,1268455510.0,1268455510.0,KOSPI,2.59
0080X0,SOL 미국S&P500미국채혼합50,11270.0,262438.0,262438.0,2957676260.0,2957676260.0,KOSPI,-0.88
010960,삼호개발,3220.0,179121.0,179121.0,576769620.0,576769620.0,KOSPI,-1.83
005750,대림바스,4680.0,56426.0,56426.0,264073680.0,264073680.0,KOSPI,-1.89
000590,CS홀딩스,66900.0,596.0,596.0,39872400.0,39872400.0,KOSPI,-2.62
210780,TIGER 코스피고배당,23380.0,11709.0,11709.0,273756420.0,273756420.0,KOSPI,-0.79
434960,DAISHIN343 K200,109385.0,854.0,854.0,93414790.0,93414790.0,KOSPI,-1.4
001210,금호전기,6180.0,7044362.0,7044362.0,43534157160.0,43534157160.0,KOSPI,-4.78
063160,종근당바이오,13940.0,5008.0,5008.0,69811520.0,69811520.0,KOSPI,-1.76
292190,KODEX KRX300,47740.0,6843.0,6843.0,326684820.0,326684820.0,KOSPI,-1.7
365040,TIGER AI코리아그로스액티브,36350.0,10669.0,10669.0,387818150.0,387818150.0,KOSPI,-1.07
013870,지엠비코리아,3980.0,24361.0,24361.0,96956780.0,96956780.0,KOSPI,-0.87
000180,성창기업지주,5440.0,3654.0,3654.0,19877760.0,19877760.0,KOSPI,0.0
007590,동방아그로,5560.0,20851.0,20851.0,115931560.0,115931560.0,KOSPI,-0.71
009190,대양금속,1721.0,124247.0,124247.0,213829087.0,213829087.0,KOSPI,-1.43
001020,페이퍼코리아,2125.0,60909.0,60909.0,129431625.0,129431625.0,KOSPI,8.25
438560,SOL 국고채3년,100275.0,388.0,388.0,38906700.0,38906700.0,KOSPI,-0.16
0225V0,KODEX 미국CPU반도체TOP10,10800.0,340972.0,340972.0,3682497600.0,3682497600.0,KOSPI,-2.09
441540,HANARO Fn조선해운,27960.0,15592.0,15592.0,435952320.0,435952320.0,KOSPI,-0.9
0113D0,TIME 글로벌탑픽액티브,12300.0,106730.0,106730.0,1312779000.0,1312779000.0,KOSPI,-1.05
155660,DSR,4645.0,84349.0,84349.0,391801105.0,391801105.0,KOSPI,-3.03
475310,SOL 반도체후공정,26715.0,345913.0,345913.0,9241065795.0,9241065795.0,KOSPI,1.52
084670,동양고속,25350.0,16002.0,16002.0,405650700.0,405650700.0,KOSPI,-3.98
228810,TIGER 미디어컨텐츠,3085.0,550468.0,550468.0,1698193780.0,1698193780.0,KOSPI,-4.34
211560,TIGER 배당성장,35300.0,13302.0,13302.0,469560600.0,469560600.0,KOSPI,-2.51
272910,ACE 중장기국공채액티브,105880.0,59.0,59.0,6246920.0,6246920.0,KOSPI,-0.25
085310,엔케이,9790.0,28453.0,28453.0,278554870.0,278554870.0,KOSPI,2.3
011150,CJ씨푸드,2015.0,66249.0,66249.0,133491735.0,133491735.0,KOSPI,-1.47
000230,일동홀딩스,6260.0,19561.0,19561.0,122451860.0,122451860.0,KOSPI,-3.99
084680,이월드,509.0,310027.0,310027.0,157803743.0,157803743.0,KOSPI,-3.96
0190Y0,TIGER 구글밸류체인,9135.0,147935.0,147935.0,1351386225.0,1351386225.0,KOSPI,-2.04
130730,KIWOOM 단기자금,102940.0,1742.0,1742.0,179321480.0,179321480.0,KOSPI,0.0
004720,팜젠사이언스,3175.0,19998.0,19998.0,63493650.0,63493650.0,KOSPI,-3.93
058730,다스코,3550.0,869423.0,869423.0,3086451650.0,3086451650.0,KOSPI,-3.27
031820,아이티센씨티에스,5900.0,34325.0,34325.0,202517500.0,202517500.0,KOSPI,-3.12
010040,한국내화,1737.0,18088.0,18088.0,31418856.0,31418856.0,KOSPI,0.7
095720,웅진씽크빅,1248.0,41098.0,41098.0,51290304.0,51290304.0,KOSPI,-1.42
120115,코오롱인더우,25600.0,19709.0,19709.0,504550400.0,504550400.0,KOSPI,0.0
266420,KODEX 헬스케어,17675.0,63779.0,63779.0,1127293825.0,1127293825.0,KOSPI,-3.84
0022T0,SOL 국제금커버드콜액티브,13575.0,80813.0,80813.0,1097036475.0,1097036475.0,KOSPI,1.5
338100,NH프라임리츠,3780.0,47304.0,47304.0,178809120.0,178809120.0,KOSPI,-1.69
0102A0,TIGER 미국AI소프트웨어TOP4Plus,8375.0,91196.0,91196.0,763766500.0,763766500.0,KOSPI,-5.26
570120,한투 레버리지천연가스선물 ETN C,13980.0,65687.0,65687.0,918304260.0,918304260.0,KOSPI,-5.09
079980,휴비스,2020.0,79482.0,79482.0,160553640.0,160553640.0,KOSPI,-3.35
009770,삼정펄프,27850.0,1392.0,1392.0,38767200.0,38767200.0,KOSPI,-2.28
002700,신일전자,1015.0,739851.0,739851.0,750948765.0,750948765.0,KOSPI,-0.29
0197X0,SOL SK하이닉스선물단일종목인버스2X,7945.0,36246187.0,36246187.0,287975955715.0,287975955715.0,KOSPI,-1.61
33626K,두산퓨얼셀1우,5200.0,12178.0,12178.0,63325600.0,63325600.0,KOSPI,-3.88
018500,동원모빌리티,1485.0,115725.0,115725.0,171851625.0,171851625.0,KOSPI,-2.24
0098Z0,FOCUS 200,92510.0,60.0,60.0,5550600.0,5550600.0,KOSPI,-1.33
475350,RISE 버크셔포트폴리오TOP10,14760.0,34895.0,34895.0,515050200.0,515050200.0,KOSPI,-1.34
002795,아모레퍼시픽홀딩스우,10840.0,3592.0,3592.0,38937280.0,38937280.0,KOSPI,-2.17
001560,제일연마,9100.0,4058.0,4058.0,36927800.0,36927800.0,KOSPI,2.13
530115,삼성 레버리지 나스닥 100 TR ETN,69065.0,139.0,139.0,9600035.0,9600035.0,KOSPI,-2.34
002720,국제약품,3255.0,27752.0,27752.0,90332760.0,90332760.0,KOSPI,-2.98
017370,우신시스템,3760.0,42186.0,42186.0,158619360.0,158619360.0,KOSPI,-6.7
0115E0,KODEX 코리아소버린AI,14800.0,241523.0,241523.0,3574540400.0,3574540400.0,KOSPI,-3.49
458750,TIGER 미국배당다우존스타겟커버드콜1호,13310.0,28381.0,28381.0,377751110.0,377751110.0,KOSPI,-0.52
520087,미래에셋 레버리지 KRX 금현물 ETN,34220.0,8133.0,8133.0,278311260.0,278311260.0,KOSPI,1.62
453950,TIGER TSMC파운드리밸류체인,35030.0,18931.0,18931.0,663152930.0,663152930.0,KOSPI,-1.79
530067,삼성 KRX 금현물 ETN,34070.0,2315.0,2315.0,78872050.0,78872050.0,KOSPI,0.74
440640,ACE 단기채권알파액티브,112560.0,2032.0,2032.0,228721920.0,228721920.0,KOSPI,0.02
760016,키움 레버리지 조선TOP10 ETN,67910.0,1219.0,1219.0,82782290.0,82782290.0,KOSPI,-6.97
530126,삼성 코리아 밸류업 TR ETN,33935.0,6.0,6.0,203610.0,203610.0,KOSPI,-0.53
055490,테이팩스,14150.0,17387.0,17387.0,246026050.0,246026050.0,KOSPI,-3.21
277640,TIGER 코스피대형주,37445.0,17068.0,17068.0,639111260.0,639111260.0,KOSPI,-1.59
433880,PLUS TDF2060액티브 적격,19040.0,30182.0,30182.0,574665280.0,574665280.0,KOSPI,-1.01
0181L0,SOL 미국우주항공TOP10,8180.0,162486.0,162486.0,1329135480.0,1329135480.0,KOSPI,-1.03
005870,휴니드,4745.0,119564.0,119564.0,567331180.0,567331180.0,KOSPI,3.26
100910,KIWOOM KRX100,17075.0,5784.0,5784.0,98761800.0,98761800.0,KOSPI,-1.67
228800,TIGER 여행레저,2575.0,369612.0,369612.0,951750900.0,951750900.0,KOSPI,-0.77
530131,삼성 인버스0.5X S&P500 VIX S/T선물 ETN B,22185.0,257.0,257.0,5701545.0,5701545.0,KOSPI,-0.63
550084,N2 코스피 200 TR ETN,33145.0,754.0,754.0,24991330.0,24991330.0,KOSPI,-1.35
016090,대현,1490.0,145109.0,145109.0,216212410.0,216212410.0,KOSPI,0.54
473640,HANARO 글로벌금채굴기업,33780.0,30645.0,30645.0,1035188100.0,1035188100.0,KOSPI,3.32
491700,HK 200,109135.0,668.0,668.0,72902180.0,72902180.0,KOSPI,-0.73
520081,미래에셋 2X 미국 테크&반도체 TOP3 ETN,65360.0,45.0,45.0,2941200.0,2941200.0,KOSPI,-5.79
278620,PLUS 단기채권액티브,118965.0,207.0,207.0,24625755.0,24625755.0,KOSPI,0.02
520080,미래에셋 미국 테크&반도체 TOP3 ETN,21560.0,3.0,3.0,64680.0,64680.0,KOSPI,-3.01
100220,비상교육,4975.0,180471.0,180471.0,897843225.0,897843225.0,KOSPI,-3.77
520092,미래에셋 레버리지 은 선물 ETN B,32320.0,10838.0,10838.0,350284160.0,350284160.0,KOSPI,2.77
0040S0,HANARO 글로벌피지컬AI액티브,24775.0,15132.0,15132.0,374895300.0,374895300.0,KOSPI,-2.46
491220,PLUS 200TR,128700.0,15435.0,15435.0,1986484500.0,1986484500.0,KOSPI,-1.45
0000D0,TIGER 엔비디아미국채커버드콜밸런스(합성),9315.0,38939.0,38939.0,362716785.0,362716785.0,KOSPI,-1.38
570100,한투 일본종합상사TOP5 ETN,21265.0,4922.0,4922.0,104666330.0,104666330.0,KOSPI,-1.87
004440,삼일씨엔에스,5010.0,21980.0,21980.0,110119800.0,110119800.0,KOSPI,-0.99
007280,한국특강,2225.0,33913.0,33913.0,75456425.0,75456425.0,KOSPI,-3.05
009200,무림페이퍼,1531.0,41896.0,41896.0,64142776.0,64142776.0,KOSPI,-1.23
0123S0,HANARO 26-12 은행채(AA+이상)액티브,10170.0,466.0,466.0,4739220.0,4739220.0,KOSPI,-0.1
068290,삼성출판사,6330.0,5707.0,5707.0,36125310.0,36125310.0,KOSPI,-1.56
006890,태경케미컬,5410.0,23726.0,23726.0,128357660.0,128357660.0,KOSPI,-2.17
306950,KODEX KRX300레버리지,78310.0,4436.0,4436.0,347383160.0,347383160.0,KOSPI,-2.58
455660,ACE 미국하이일드액티브(H),9475.0,23296.0,23296.0,220729600.0,220729600.0,KOSPI,-0.11
465330,RISE 2차전지TOP10,10860.0,186649.0,186649.0,2027008140.0,2027008140.0,KOSPI,-4.7
396690,미래에셋글로벌리츠,1575.0,81362.0,81362.0,128145150.0,128145150.0,KOSPI,-1.25
419890,KIWOOM 단기채권ESG액티브,107430.0,1314.0,1314.0,141163020.0,141163020.0,KOSPI,-0.07
760018,키움 미국달러선물 ETN B,10370.0,5.0,5.0,51850.0,51850.0,KOSPI,-0.34
010660,화천기계,2820.0,204757.0,204757.0,577414740.0,577414740.0,KOSPI,-4.57
440910,WON 미국우주항공방산,28185.0,14135.0,14135.0,398394975.0,398394975.0,KOSPI,0.11
072130,유엔젤,4880.0,19547.0,19547.0,95389360.0,95389360.0,KOSPI,-0.31
495940,RISE 미국AI테크액티브,19960.0,27022.0,27022.0,539359120.0,539359120.0,KOSPI,-1.48
580010,KB Wise 분할매매 ETN,10290.0,10.0,10.0,102900.0,102900.0,KOSPI,-0.34
500071,신한 레버리지 코스닥 150 선물 ETN,24690.0,21.0,21.0,518490.0,518490.0,KOSPI,-7.65
252400,RISE 200선물레버리지,102640.0,18082.0,18082.0,1855936480.0,1855936480.0,KOSPI,-3.01
520100,미래에셋 레버리지 삼성전자 단일종목 ETN,12280.0,48366.0,48366.0,593934480.0,593934480.0,KOSPI,-4.62
479730,TIGER 인도빌리언컨슈머,10385.0,4628.0,4628.0,48061780.0,48061780.0,KOSPI,-0.95
071090,하이스틸,3025.0,128190.0,128190.0,387774750.0,387774750.0,KOSPI,-3.82
453640,KODEX 미국S&P500헬스케어,14180.0,35139.0,35139.0,498271020.0,498271020.0,KOSPI,-1.53
214330,금호에이치티,5810.0,126989.0,126989.0,737806090.0,737806090.0,KOSPI,0.0
261070,TIGER 코스닥150바이오테크,13090.0,183282.0,183282.0,2399161380.0,2399161380.0,KOSPI,-4.83
004770,써니전자,1710.0,158266.0,158266.0,270634860.0,270634860.0,KOSPI,0.71
0210E0,PLUS 200커버드콜액티브,7490.0,247625.0,247625.0,1854711250.0,1854711250.0,KOSPI,-1.64
011300,우성머티리얼스,3510.0,323344.0,323344.0,1134937440.0,1134937440.0,KOSPI,-2.64
002760,보락,1009.0,95089.0,95089.0,95944801.0,95944801.0,KOSPI,-0.3
275980,TIGER 글로벌4차산업혁신기술(합성 H),23780.0,20474.0,20474.0,486871720.0,486871720.0,KOSPI,-0.17
0194T0,ACE SK하이닉스단일종목레버리지,8475.0,410078.0,410078.0,3475411050.0,3475411050.0,KOSPI,1.62
476750,ACE 미국30년국채엔화노출액티브(H),7445.0,144980.0,144980.0,1079376100.0,1079376100.0,KOSPI,-1.97
111110,호전실업,6560.0,24728.0,24728.0,162215680.0,162215680.0,KOSPI,-2.67
000220,유유제약,3770.0,39394.0,39394.0,148515380.0,148515380.0,KOSPI,-1.31
092440,기신정기,2030.0,123459.0,123459.0,250621770.0,250621770.0,KOSPI,-0.73
261240,KODEX 미국달러선물,14560.0,72450.0,72450.0,1054872000.0,1054872000.0,KOSPI,-0.34
278240,RISE 코스닥150선물레버리지,8080.0,90295.0,90295.0,729583600.0,729583600.0,KOSPI,-8.18
0194M0,ACE 삼성전자단일종목레버리지,11895.0,351920.0,351920.0,4186088400.0,4186088400.0,KOSPI,-3.92
002630,오리엔트바이오,992.0,107742.0,107742.0,106880064.0,106880064.0,KOSPI,-1.68
298340,PLUS 국채선물3년,56455.0,30054.0,30054.0,1696698570.0,1696698570.0,KOSPI,-0.11
0166S0,PLUS K제조업핵심기업액티브,10945.0,65331.0,65331.0,715047795.0,715047795.0,KOSPI,-2.1
090080,평화산업,1066.0,197274.0,197274.0,210294084.0,210294084.0,KOSPI,0.38
0111J0,HANARO 증권고배당TOP3플러스,12830.0,74411.0,74411.0,954693130.0,954693130.0,KOSPI,-5.38
007460,에이프로젠,2470.0,88243.0,88243.0,217960210.0,217960210.0,KOSPI,-3.89
0172V0,1Q 은액티브,8680.0,142011.0,142011.0,1232655480.0,1232655480.0,KOSPI,0.93
001465,BYC우,27000.0,1802.0,1802.0,48654000.0,48654000.0,KOSPI,1.89
003925,남양유업우,30650.0,3303.0,3303.0,101236950.0,101236950.0,KOSPI,-1.13
520086,미래에셋-0.5X S&P500 VIX S/T선물 ETN(H)B,23170.0,32.0,32.0,741440.0,741440.0,KOSPI,-0.32
401470,KODEX 메타버스액티브,9715.0,53775.0,53775.0,522424125.0,522424125.0,KOSPI,-3.67
129260,인터지스,1941.0,22735.0,22735.0,44128635.0,44128635.0,KOSPI,-0.92
024900,디와이덕양,1772.0,102374.0,102374.0,181406728.0,181406728.0,KOSPI,-1.5
0197W0,SOL SK하이닉스단일종목레버리지,8280.0,513613.0,513613.0,4252715640.0,4252715640.0,KOSPI,0.98
428510,KODEX 차이나AI테크액티브,26100.0,12185.0,12185.0,318028500.0,318028500.0,KOSPI,0.83
075180,새론오토모티브,2985.0,15470.0,15470.0,46177950.0,46177950.0,KOSPI,0.84
150460,TIGER 중국소비테마,7510.0,12072.0,12072.0,90660720.0,90660720.0,KOSPI,-2.78
0185L0,TIME 글로벌휴머노이드로봇산업액티브,8220.0,49987.0,49987.0,410893140.0,410893140.0,KOSPI,0.43
570117,한투 인버스2XWTI원유선물 ETN B,2575.0,199447.0,199447.0,513576025.0,513576025.0,KOSPI,-7.87
455960,RISE 미국달러SOFR금리액티브(합성),12360.0,2769.0,2769.0,34224840.0,34224840.0,KOSPI,-0.36
0141S0,SOL 조선기자재,8635.0,421751.0,421751.0,3641819885.0,3641819885.0,KOSPI,-3.03
004450,삼화왕관,26150.0,3516.0,3516.0,91943400.0,91943400.0,KOSPI,-4.04
520057,미래에셋 인버스 2X 코스닥150 선물 ETN,1787.0,10031070.0,10031070.0,17925522090.0,17925522090.0,KOSPI,8.7
304780,HANARO 200선물레버리지,125020.0,4016.0,4016.0,502080320.0,502080320.0,KOSPI,-2.8
000950,전방,33400.0,3595.0,3595.0,120073000.0,120073000.0,KOSPI,4.7
225040,TIGER 미국S&P500레버리지(합성 H),68330.0,11714.0,11714.0,800417620.0,800417620.0,KOSPI,-2.34
0000Z0,RISE 바이오TOP10액티브,9400.0,266898.0,266898.0,2508841200.0,2508841200.0,KOSPI,-4.37
378850,화승알앤에이,2935.0,74959.0,74959.0,220004665.0,220004665.0,KOSPI,-2.98
002140,고려산업,2230.0,1178074.0,1178074.0,2627105020.0,2627105020.0,KOSPI,3.0
0118Z0,ACE 미국AI테크핵심산업액티브,9165.0,31212.0,31212.0,286057980.0,286057980.0,KOSPI,-3.37
0226A0,PLUS SK하이닉스샌디스크채권혼합50,11045.0,517738.0,517738.0,5718416210.0,5718416210.0,KOSPI,2.94
023810,인팩,5500.0,22814.0,22814.0,125477000.0,125477000.0,KOSPI,0.18
530113,삼성 레버리지 S&P500 선물 ETN,54995.0,1851.0,1851.0,101795745.0,101795745.0,KOSPI,-2.4
000725,현대건설우,52000.0,2755.0,2755.0,143260000.0,143260000.0,KOSPI,-0.95
0046Y0,ACE 미국배당퀄리티,12880.0,25903.0,25903.0,333630640.0,333630640.0,KOSPI,-1.38
385590,ACE ESG액티브,23795.0,2582.0,2582.0,61438690.0,61438690.0,KOSPI,-1.65
001550,조비,10540.0,422784.0,422784.0,4456143360.0,4456143360.0,KOSPI,5.61
003465,유화증권우,3130.0,79.0,79.0,247270.0,247270.0,KOSPI,-0.32
010770,평화홀딩스,3740.0,59722.0,59722.0,223360280.0,223360280.0,KOSPI,-3.11
0198A0,KIWOOM 코스닥150커버드콜액티브,9030.0,606975.0,606975.0,5480984250.0,5480984250.0,KOSPI,-3.78
580076,KB 레버리지 미국 나스닥 100 TR ETN B,27280.0,85.0,85.0,2318800.0,2318800.0,KOSPI,-1.57
003475,유안타증권우,4245.0,26351.0,26351.0,111859995.0,111859995.0,KOSPI,-2.75
580082,KB 레버리지 반도체 TOP10 TR ETN,21740.0,9663.0,9663.0,210073620.0,210073620.0,KOSPI,-2.95
123700,SJM,3480.0,9302.0,9302.0,32370960.0,32370960.0,KOSPI,0.87
261220,KODEX WTI원유선물(H),23865.0,108025.0,108025.0,2578016625.0,2578016625.0,KOSPI,4.31
445150,KODEX 친환경조선해운액티브,29340.0,5993.0,5993.0,175834620.0,175834620.0,KOSPI,-1.92
480310,TIGER 글로벌온디바이스AI,19735.0,36998.0,36998.0,730155530.0,730155530.0,KOSPI,-2.35
530124,삼성 레버리지 일본니케이225선물 ETN(H),54250.0,155.0,155.0,8408750.0,8408750.0,KOSPI,-3.94
570104,한투 일본니케이225선물 ETN(H),18060.0,2.0,2.0,36120.0,36120.0,KOSPI,-0.71
101140,인바이오젠,5390.0,1936.0,1936.0,10435040.0,10435040.0,KOSPI,1.32
007110,일신석재,698.0,15614972.0,15614972.0,10899250456.0,10899250456.0,KOSPI,22.24
007815,코리아써우,18220.0,722.0,722.0,13154840.0,13154840.0,KOSPI,-6.08
520037,미래에셋 코스피200 선물 ETN,26950.0,515.0,515.0,13879250.0,13879250.0,KOSPI,-1.91
500094,신한 블룸버그 인버스2X WTI원유선물 ETN B,2565.0,335140.0,335140.0,859634100.0,859634100.0,KOSPI,-7.9
006880,신송홀딩스,4540.0,24522.0,24522.0,111329880.0,111329880.0,KOSPI,-2.05
0118S0,SOL 미국넥스트테크TOP10액티브,11665.0,46384.0,46384.0,541069360.0,541069360.0,KOSPI,-1.48
004830,덕성,3410.0,1941553.0,1941553.0,6620695730.0,6620695730.0,KOSPI,1.04
012690,모나리자,1462.0,243125.0,243125.0,355448750.0,355448750.0,KOSPI,-4.26
011230,삼화전자,2785.0,445360.0,445360.0,1240327600.0,1240327600.0,KOSPI,-6.23
101280,KODEX 일본TOPIX100,31385.0,9300.0,9300.0,291880500.0,291880500.0,KOSPI,-0.81
025530,SJM홀딩스,3550.0,11276.0,11276.0,40029800.0,40029800.0,KOSPI,0.28
0113P0,HK 머니마켓액티브,102295.0,10.0,10.0,1022950.0,1022950.0,KOSPI,0.0
114470,KIWOOM 국고채3년,107895.0,918.0,918.0,99047610.0,99047610.0,KOSPI,-0.15
021050,서원,1112.0,432037.0,432037.0,480425144.0,480425144.0,KOSPI,0.27
570061,한투 레버리지은선물 ETN,52655.0,650.0,650.0,34225750.0,34225750.0,KOSPI,3.88
580056,KB 일본 로보틱스 TOP 10 ETN,26310.0,176.0,176.0,4630560.0,4630560.0,KOSPI,-2.97
442560,RISE TDF2040액티브 적격,16700.0,36075.0,36075.0,602452500.0,602452500.0,KOSPI,-1.01
37550K,DL이앤씨우,24750.0,3010.0,3010.0,74497500.0,74497500.0,KOSPI,-1.2
140700,KODEX 보험,20920.0,261892.0,261892.0,5478780640.0,5478780640.0,KOSPI,2.85
256750,KODEX 차이나심천ChiNext(합성),17050.0,9857.0,9857.0,168061850.0,168061850.0,KOSPI,1.61
005305,롯데칠성우,67100.0,1433.0,1433.0,96154300.0,96154300.0,KOSPI,-2.75
372910,한컴라이프케어,1875.0,147992.0,147992.0,277485000.0,277485000.0,KOSPI,-0.53
0089C0,KODEX 미국S&P500변동성확대시커버드콜,11745.0,106362.0,106362.0,1249221690.0,1249221690.0,KOSPI,-0.72
282000,RISE 국고채3년선물인버스,114650.0,4.0,4.0,458600.0,458600.0,KOSPI,0.12
275300,KODEX 우량주,30240.0,5992.0,5992.0,181198080.0,181198080.0,KOSPI,-1.5
253150,PLUS 200선물레버리지,205090.0,71944.0,71944.0,14754994960.0,14754994960.0,KOSPI,-2.84
520072,미래에셋 미국 AI TOP3 ETN,17050.0,10.0,10.0,170500.0,170500.0,KOSPI,-2.54
009320,아진전자부품,1037.0,104376.0,104376.0,108237912.0,108237912.0,KOSPI,-0.48
011390,부산산업,48300.0,124107.0,124107.0,5994368100.0,5994368100.0,KOSPI,17.52
0132H0,KODEX 미국원자력SMR,8870.0,66874.0,66874.0,593172380.0,593172380.0,KOSPI,-3.85
200030,KODEX 미국S&P500산업재(합성),45080.0,2518.0,2518.0,113511440.0,113511440.0,KOSPI,-0.5
0020H0,KoAct 글로벌양자컴퓨팅액티브,23605.0,36333.0,36333.0,857640465.0,857640465.0,KOSPI,-1.4
336160,RISE 금융채액티브,100250.0,11.0,11.0,1102750.0,1102750.0,KOSPI,-0.14
218420,KODEX 미국S&P500에너지(합성),20640.0,48843.0,48843.0,1008119520.0,1008119520.0,KOSPI,2.15
0041D0,KODEX 미국AI소프트웨어TOP10,13145.0,89901.0,89901.0,1181748645.0,1181748645.0,KOSPI,-5.12
475260,ACE 2월만기자동연장회사채AA-이상액티브,10740.0,1.0,1.0,10740.0,10740.0,KOSPI,0.0
35320K,대덕전자1우,24100.0,8485.0,8485.0,204488500.0,204488500.0,KOSPI,-2.82
0139P0,ACE 고배당주,13595.0,18829.0,18829.0,255980255.0,255980255.0,KOSPI,-2.05
003780,진양산업,3860.0,50023.0,50023.0,193088780.0,193088780.0,KOSPI,-0.77
520102,미래에셋 인버스 2X 코스피200 선물 ETN B,25090.0,647072.0,647072.0,16235036480.0,16235036480.0,KOSPI,2.66
152500,ACE 레버리지,45390.0,48964.0,48964.0,2222475960.0,2222475960.0,KOSPI,-2.35
011330,유니켐,4980.0,307175.0,307175.0,1529731500.0,1529731500.0,KOSPI,2.36
520101,미래에셋 레버리지 SK하이닉스 단일종목ETN,9955.0,66108.0,66108.0,658105140.0,658105140.0,KOSPI,2.05
418670,TIGER 글로벌AI사이버보안,17955.0,97490.0,97490.0,1750432950.0,1750432950.0,KOSPI,-5.9
001620,케이비아이동국실업,2225.0,15162.0,15162.0,33735450.0,33735450.0,KOSPI,-3.05
360140,KODEX 200롱코스닥150숏선물,22450.0,52359.0,52359.0,1175459550.0,1175459550.0,KOSPI,2.75
123310,TIGER 인버스,1140.0,6831282.0,6831282.0,7787661480.0,7787661480.0,KOSPI,1.33
580034,KB 레버리지 FANG 플러스 ETN(H),98590.0,102.0,102.0,10056180.0,10056180.0,KOSPI,-6.15
287180,PLUS 미국나스닥테크,57920.0,2442.0,2442.0,141440640.0,141440640.0,KOSPI,-1.26
520074,미래에셋 미국 방위산업 TOP3 ETN,16365.0,93.0,93.0,1521945.0,1521945.0,KOSPI,-0.73
006980,우성,15830.0,6586.0,6586.0,104256380.0,104256380.0,KOSPI,-2.94
004920,씨아이테크,937.0,36468.0,36468.0,34170516.0,34170516.0,KOSPI,-0.21
28513K,SK케미칼우,23100.0,4638.0,4638.0,107137800.0,107137800.0,KOSPI,-2.74
520056,미래에셋 레버리지 코스닥150 선물 ETN,24325.0,11525.0,11525.0,280345625.0,280345625.0,KOSPI,-8.71
006370,대구백화점,4490.0,90811.0,90811.0,407741390.0,407741390.0,KOSPI,-8.65
371470,TIGER 차이나바이오테크SOLACTIVE,8865.0,31972.0,31972.0,283431780.0,283431780.0,KOSPI,0.97
461340,HANARO 글로벌생성형AI액티브,43965.0,6736.0,6736.0,296148240.0,296148240.0,KOSPI,-0.46
276990,KODEX 글로벌로봇(합성),27300.0,4885.0,4885.0,133360500.0,133360500.0,KOSPI,-0.49
580069,KB S&P 인버스 2X WTI원유 선물 ETN B,2610.0,189599.0,189599.0,494853390.0,494853390.0,KOSPI,-7.94
092780,DYP,3665.0,34877.0,34877.0,127824205.0,127824205.0,KOSPI,1.24
570118,한투 인버스2X천연가스선물 ETN B,12060.0,16863.0,16863.0,203367780.0,203367780.0,KOSPI,4.33
476260,HANARO 반도체핵심공정주도주,12860.0,482596.0,482596.0,6206184560.0,6206184560.0,KOSPI,-0.96
447430,ACE 주주환원가치주액티브,16310.0,65471.0,65471.0,1067832010.0,1067832010.0,KOSPI,-0.15
480370,씨케이솔루션,1480.0,223546.0,223546.0,330848080.0,330848080.0,KOSPI,1.51
006125,SK디스커버리우,39000.0,1300.0,1300.0,50700000.0,50700000.0,KOSPI,0.0
004060,SG세계물산,2365.0,145758.0,145758.0,344717670.0,344717670.0,KOSPI,-4.25
140950,파워 코스피100,85175.0,837.0,837.0,71291475.0,71291475.0,KOSPI,-1.47
494840,TIGER 미국방산TOP10,13980.0,10063.0,10063.0,140680740.0,140680740.0,KOSPI,-0.99
357250,미래에셋맵스리츠,1895.0,35865.0,35865.0,67964175.0,67964175.0,KOSPI,-0.26
004910,조광페인트,3690.0,13113.0,13113.0,48386970.0,48386970.0,KOSPI,0.14
442260,마이티 다이나믹퀀트액티브,38045.0,3276.0,3276.0,124635420.0,124635420.0,KOSPI,-1.27
041650,상신브레이크,2195.0,7840.0,7840.0,17208800.0,17208800.0,KOSPI,-2.44
0178H0,IBK 미국AI TOP10국채혼합50,9980.0,11331.0,11331.0,113083380.0,113083380.0,KOSPI,-0.89
316670,KIWOOM 코스닥150,7100.0,117054.0,117054.0,831083400.0,831083400.0,KOSPI,-4.12
0086B0,TIGER 리츠부동산인프라TOP10액티브,9540.0,15539.0,15539.0,148242060.0,148242060.0,KOSPI,-1.24
473490,KIWOOM 글로벌AI반도체,31135.0,5231.0,5231.0,162867185.0,162867185.0,KOSPI,0.19
520091,미래에셋 인버스 천연가스 선물 ETN B,11640.0,2127.0,2127.0,24758280.0,24758280.0,KOSPI,2.02
009835,한화솔루션우,18240.0,11969.0,11969.0,218314560.0,218314560.0,KOSPI,-1.67
002920,유성기업,1781.0,40548.0,40548.0,72215988.0,72215988.0,KOSPI,-4.25
500095,신한 S&P500 VIX S/T 선물 ETN E,7700.0,39405.0,39405.0,303418500.0,303418500.0,KOSPI,0.33
004410,서울식품,1169.0,363274.0,363274.0,424667306.0,424667306.0,KOSPI,1.56
196030,ACE 일본TOPIX레버리지(H),92010.0,157.0,157.0,14445570.0,14445570.0,KOSPI,-2.36
008420,문배철강,2225.0,31890.0,31890.0,70955250.0,70955250.0,KOSPI,-0.67
0220B0,DS 코스닥액티브,10115.0,221255.0,221255.0,2237994325.0,2237994325.0,KOSPI,-2.36
442090,에셋플러스 코리아대장장이액티브,30190.0,1502.0,1502.0,45345380.0,45345380.0,KOSPI,-0.49
000910,유니온,2900.0,34260.0,34260.0,99354000.0,99354000.0,KOSPI,-1.36
004540,깨끗한나라,1211.0,55537.0,55537.0,67255307.0,67255307.0,KOSPI,-1.46
580068,KB S&P 레버리지 WTI원유 선물 ETN B,44970.0,6216.0,6216.0,279533520.0,279533520.0,KOSPI,8.52
473590,ACE 미국주식베스트셀러,19470.0,154858.0,154858.0,3015085260.0,3015085260.0,KOSPI,-0.49
475270,ACE 5월만기자동연장회사채AA-이상액티브,10710.0,20.0,20.0,214200.0,214200.0,KOSPI,0.0
084870,TBH글로벌,2180.0,103751.0,103751.0,226177180.0,226177180.0,KOSPI,0.23
472830,RISE 미국30년국채커버드콜(합성),8030.0,84155.0,84155.0,675764650.0,675764650.0,KOSPI,-1.71
453650,KODEX 미국S&P500금융,19800.0,26438.0,26438.0,523472400.0,523472400.0,KOSPI,-1.71
003080,SB성보,2220.0,210639.0,210639.0,467618580.0,467618580.0,KOSPI,-4.93
375770,KODEX 탄소효율그린뉴딜,24675.0,1188.0,1188.0,29313900.0,29313900.0,KOSPI,-1.44
530133,삼성 블룸버그 레버리지 WTI원유선물 ETN B,44365.0,6580.0,6580.0,291921700.0,291921700.0,KOSPI,7.62
610088,메리츠 레버리지 WTI원유 선물 ETN(H),44340.0,11164.0,11164.0,495011760.0,495011760.0,KOSPI,8.7
700029,하나 S&P 레버리지 WTI원유 선물 ETN B,44300.0,132.0,132.0,5847600.0,5847600.0,KOSPI,7.81
500093,신한 블룸버그 레버리지 WTI원유선물 ETN B,44295.0,392.0,392.0,17363640.0,17363640.0,KOSPI,8.1
401170,RISE 메타버스,11180.0,23906.0,23906.0,267269080.0,267269080.0,KOSPI,-4.85
238720,ACE 일본Nikkei225(H),49130.0,2151.0,2151.0,105678630.0,105678630.0,KOSPI,-1.96
520078,미래에셋 미국 제약 TOP3 ETN,14630.0,26.0,26.0,380380.0,380380.0,KOSPI,-0.78
481850,신한글로벌액티브리츠,1009.0,35181.0,35181.0,35497629.0,35497629.0,KOSPI,0.0
610078,메리츠 3X 레버리지 미국채30년 ETN,36530.0,9059.0,9059.0,330925270.0,330925270.0,KOSPI,-4.66
014910,성문전자,1997.0,387587.0,387587.0,774011239.0,774011239.0,KOSPI,-1.38
610061,메리츠 3X 레버리지 국채30년 ETN,21645.0,25397.0,25397.0,549718065.0,549718065.0,KOSPI,-4.1
550064,N2 레버리지 은 선물 ETN(H),43190.0,40312.0,40312.0,1741075280.0,1741075280.0,KOSPI,5.29
023350,한국종합기술,3940.0,31992.0,31992.0,126048480.0,126048480.0,KOSPI,-4.14
487130,KoAct AI인프라액티브,27800.0,12659.0,12659.0,351920200.0,351920200.0,KOSPI,-2.32
026940,부국철강,2140.0,519000.0,519000.0,1110660000.0,1110660000.0,KOSPI,-4.04
610101,메리츠 인버스 2X 은 선물 ETN(H),42740.0,420.0,420.0,17950800.0,17950800.0,KOSPI,-3.94
261120,TIGER 미국달러선물인버스2X,5080.0,8948.0,8948.0,45455840.0,45455840.0,KOSPI,0.69
440650,ACE 미국달러단기채권액티브,11840.0,42140.0,42140.0,498937600.0,498937600.0,KOSPI,-0.42
305050,ACE 코스피,70985.0,3008.0,3008.0,213522880.0,213522880.0,KOSPI,-1.94
0186S0,1Q 코스닥150채권혼합50액티브,8415.0,603672.0,603672.0,5079899880.0,5079899880.0,KOSPI,-1.81
0007G0,PLUS 글로벌원자력밸류체인,14165.0,7226.0,7226.0,102356290.0,102356290.0,KOSPI,-0.42
530143,삼성 인버스 2X 은 선물 ETN,42295.0,5927.0,5927.0,250682465.0,250682465.0,KOSPI,-3.45
580081,KB 인버스 2X 은 선물 ETN,42285.0,404.0,404.0,17083140.0,17083140.0,KOSPI,-3.14
429760,PLUS 미국S&P500,20090.0,2985.0,2985.0,59968650.0,59968650.0,KOSPI,-1.5
570119,한투 인버스2X은선물 ETN,42155.0,2.0,2.0,84310.0,84310.0,KOSPI,-3.56
520073,미래에셋 레버리지 미국 AI TOP3 ETN,42150.0,172.0,172.0,7249800.0,7249800.0,KOSPI,-5.85
139280,TIGER 경기방어,12845.0,19104.0,19104.0,245390880.0,245390880.0,KOSPI,-1.53
0207G0,SOL 우주항공밸류체인,7135.0,650576.0,650576.0,4641859760.0,4641859760.0,KOSPI,-4.8
0100K0,KODEX 방산TOP10레버리지,7435.0,261454.0,261454.0,1943910490.0,1943910490.0,KOSPI,-4.37
448570,FOCUS AI코리아액티브,30785.0,109.0,109.0,3355565.0,3355565.0,KOSPI,-1.47
0189B0,TIGER 은액티브,8375.0,59430.0,59430.0,497726250.0,497726250.0,KOSPI,1.15
0141T0,SOL 중기종합채권(AA-이상)액티브,50215.0,431.0,431.0,21642665.0,21642665.0,KOSPI,-0.19
700027,하나 반도체 ETN,41130.0,5.0,5.0,205650.0,205650.0,KOSPI,2.99
610038,메리츠 레버리지 미국채30년 ETN(H),4110.0,17947.0,17947.0,73762170.0,73762170.0,KOSPI,-2.72
011420,갤럭시아에스엠,1475.0,33565.0,33565.0,49508375.0,49508375.0,KOSPI,-2.64
570103,한투 인버스2X나스닥100 ETN B,4055.0,8763.0,8763.0,35533965.0,35533965.0,KOSPI,2.14
472840,IBK 200,108060.0,3466.0,3466.0,374535960.0,374535960.0,KOSPI,-1.16
139320,TIGER 금은선물(H),18385.0,18598.0,18598.0,341924230.0,341924230.0,KOSPI,1.49
0192L0,RISE SK하이닉스단일종목레버리지,8570.0,171584.0,171584.0,1470474880.0,1470474880.0,KOSPI,1.0
017180,명문제약,1184.0,100260.0,100260.0,118707840.0,118707840.0,KOSPI,-5.51
183700,RISE 200채권혼합50,95570.0,2186.0,2186.0,208916020.0,208916020.0,KOSPI,-0.58
000215,DL우,23800.0,778.0,778.0,18516400.0,18516400.0,KOSPI,-0.42
464470,PLUS 미국채30년액티브,48365.0,10603.0,10603.0,512814095.0,512814095.0,KOSPI,-1.73
012160,영흥,2535.0,23055.0,23055.0,58444425.0,58444425.0,KOSPI,3.05
008870,금비,39500.0,1291.0,1291.0,50994500.0,50994500.0,KOSPI,-4.93
002880,디와이에이,840.0,106079.0,106079.0,89106360.0,89106360.0,KOSPI,0.0
009460,한창제지,3290.0,46440.0,46440.0,152787600.0,152787600.0,KOSPI,0.92
491830,TIGER 미국AI반도체팹리스,22400.0,60925.0,60925.0,1364720000.0,1364720000.0,KOSPI,-2.2
147970,TIGER 모멘텀,81295.0,22919.0,22919.0,1863200105.0,1863200105.0,KOSPI,-2.05
322410,HANARO K고배당,22935.0,2082.0,2082.0,47750670.0,47750670.0,KOSPI,-1.78
000890,보해양조,1409.0,373200.0,373200.0,525838800.0,525838800.0,KOSPI,-5.05
520082,미래에셋 미국 자율주행대표기업 ETN,12965.0,16.0,16.0,207440.0,207440.0,KOSPI,-2.41
475070,KoAct 글로벌친환경전력인프라액티브,32340.0,4061.0,4061.0,131332740.0,131332740.0,KOSPI,-0.02
446070,유니드비티플러스,3655.0,51938.0,51938.0,189833390.0,189833390.0,KOSPI,0.97
520077,미래에셋 -1.5X 천연가스 선물 ETN,15470.0,13.0,13.0,201110.0,201110.0,KOSPI,3.06
400970,TIGER Fn메타버스,7565.0,30104.0,30104.0,227736760.0,227736760.0,KOSPI,-3.75
352540,KODEX 일본부동산리츠(H),11335.0,10116.0,10116.0,114664860.0,114664860.0,KOSPI,-0.13
275280,KODEX 모멘텀주,42795.0,3136.0,3136.0,134205120.0,134205120.0,KOSPI,-1.21
145270,케이탑리츠,800.0,4018.0,4018.0,3214400.0,3214400.0,KOSPI,-0.12
449690,TIGER 한중반도체(합성),51145.0,975.0,975.0,49866375.0,49866375.0,KOSPI,1.79
195930,TIGER 유로스탁스50(합성 H),23905.0,5395.0,5395.0,128967475.0,128967475.0,KOSPI,-1.2
047400,유니온머티리얼,906.0,49897.0,49897.0,45206682.0,45206682.0,KOSPI,-1.2
023960,에쓰씨엔지니어링,999.0,97132.0,97132.0,97034868.0,97034868.0,KOSPI,1.22
365000,TIGER 인터넷TOP10,3730.0,141212.0,141212.0,526720760.0,526720760.0,KOSPI,-5.21
027740,마니커,1189.0,198060.0,198060.0,235493340.0,235493340.0,KOSPI,0.0
456680,TIGER 차이나전기차레버리지(합성),7215.0,7527.0,7527.0,54307305.0,54307305.0,KOSPI,0.63
0209Z0,ACE 코리아AI전력TOP10,7105.0,180865.0,180865.0,1285045825.0,1285045825.0,KOSPI,-1.86
570102,한투 레버리지나스닥100 ETN B,18775.0,71.0,71.0,1333025.0,1333025.0,KOSPI,-1.93
134790,시디즈,18590.0,4071.0,4071.0,75679890.0,75679890.0,KOSPI,-10.19
580077,KB 인버스 2X 미국 나스닥 100 TR ETN B,12375.0,492.0,492.0,6088500.0,6088500.0,KOSPI,2.1
276970,KODEX 미국S&P500배당귀족커버드콜(합성 H),7890.0,12261.0,12261.0,96739290.0,96739290.0,KOSPI,-0.19
498860,RISE 코리아금융고배당,16850.0,10265.0,10265.0,172965250.0,172965250.0,KOSPI,-2.26
049800,우진플라임,1850.0,46243.0,46243.0,85549550.0,85549550.0,KOSPI,-1.02
292560,TIGER 일본엔선물,8215.0,132147.0,132147.0,1085587605.0,1085587605.0,KOSPI,-0.48
0112X0,마이티 200TR,40995.0,2333.0,2333.0,95641335.0,95641335.0,KOSPI,-1.51
292770,KODEX 국채선물3년인버스,57735.0,3.0,3.0,173205.0,173205.0,KOSPI,0.23
469050,RISE 미국반도체NYSE(H),33035.0,41177.0,41177.0,1360282195.0,1360282195.0,KOSPI,0.12
381560,HANARO Fn전기&수소차,18070.0,1381.0,1381.0,24954670.0,24954670.0,KOSPI,-3.27
570082,한투 인버스2X코스닥150선물 ETN,1805.0,112403.0,112403.0,202887415.0,202887415.0,KOSPI,8.02
104530,KIWOOM 코리아고배당,17590.0,11407.0,11407.0,200649130.0,200649130.0,KOSPI,-2.14
014990,인디에프,2395.0,216703.0,216703.0,519003685.0,519003685.0,KOSPI,29.81
452250,ACE 미국30년국채선물레버리지(합성 H),4615.0,90853.0,90853.0,419286595.0,419286595.0,KOSPI,-2.84
0154F0,WON 초대형IB&금융지주,12100.0,12756.0,12756.0,154347600.0,154347600.0,KOSPI,-2.1
000760,이화산업,12740.0,1030.0,1030.0,13122200.0,13122200.0,KOSPI,2.08
450910,SOL 코스닥150,13895.0,45468.0,45468.0,631777860.0,631777860.0,KOSPI,-4.3
570127,한투 인버스2X코스피200선물 ETN,35520.0,8565.0,8565.0,304228800.0,304228800.0,KOSPI,4.23
352560,KODEX 미국부동산리츠(H),12450.0,19357.0,19357.0,240994650.0,240994650.0,KOSPI,-1.19
003680,한성기업,5700.0,289323.0,289323.0,1649141100.0,1649141100.0,KOSPI,-3.39
005820,원림,15400.0,5404.0,5404.0,83221600.0,83221600.0,KOSPI,0.33
465660,TIGER 일본반도체FACTSET,26085.0,9879.0,9879.0,257693715.0,257693715.0,KOSPI,-2.81
133820,화인베스틸,948.0,112024.0,112024.0,106198752.0,106198752.0,KOSPI,-4.91
385520,KODEX 자율주행액티브,16360.0,18972.0,18972.0,310381920.0,310381920.0,KOSPI,-4.61
760005,키움 INDXX 미국테크탑10 ETN,35130.0,6.0,6.0,210780.0,210780.0,KOSPI,-1.65
153270,KIWOOM 코스피100,83595.0,3760.0,3760.0,314317200.0,314317200.0,KOSPI,-1.47
013000,세우글로벌,1223.0,66344.0,66344.0,81138712.0,81138712.0,KOSPI,-0.41
0023B0,PLUS 미국양자컴퓨팅TOP10,17120.0,16609.0,16609.0,284346080.0,284346080.0,KOSPI,-1.33
465350,RISE 2차전지TOP10인버스(합성),17500.0,78866.0,78866.0,1380155000.0,1380155000.0,KOSPI,5.49
0192M0,RISE 삼성전자단일종목레버리지,11940.0,37255.0,37255.0,444824700.0,444824700.0,KOSPI,-3.98
276650,RISE 글로벌테크놀로지(합성 H),46540.0,5000.0,5000.0,232700000.0,232700000.0,KOSPI,-1.43
322400,HANARO e커머스,10380.0,2135.0,2135.0,22161300.0,22161300.0,KOSPI,-3.31
474800,KIWOOM 미국원유에너지기업,16170.0,105162.0,105162.0,1700469540.0,1700469540.0,KOSPI,2.63
415920,PLUS 글로벌희토류&전략자원생산기업,7545.0,89303.0,89303.0,673791135.0,673791135.0,KOSPI,1.62
380340,ACE 코리아AI테크핵심산업,28780.0,58701.0,58701.0,1689414780.0,1689414780.0,KOSPI,-3.57
500040,신한 레버리지 구리 선물 ETN,34495.0,375.0,375.0,12935625.0,12935625.0,KOSPI,-0.12
241390,RISE V&S셀렉트밸류채권혼합,15665.0,5722.0,5722.0,89635130.0,89635130.0,KOSPI,-1.76
174360,RISE 중국본토대형주CSI100,24535.0,6031.0,6031.0,147970585.0,147970585.0,KOSPI,0.86
105780,RISE 5대그룹주,17160.0,19891.0,19891.0,341329560.0,341329560.0,KOSPI,-3.11
496770,PLUS 글로벌방산,19575.0,30159.0,30159.0,590362425.0,590362425.0,KOSPI,0.64
004365,세방우,9280.0,13524.0,13524.0,125502720.0,125502720.0,KOSPI,0.22
295020,RISE 국채선물10년인버스,60825.0,27.0,27.0,1642275.0,1642275.0,KOSPI,0.53
002420,세기상사,5720.0,9270.0,9270.0,53024400.0,53024400.0,KOSPI,-2.22
520079,미래에셋 레버리지 미국 제약 TOP3 ETN,34045.0,9.0,9.0,306405.0,306405.0,KOSPI,-1.77
459560,KODEX 테슬라밸류체인FactSet,22650.0,4869.0,4869.0,110282850.0,110282850.0,KOSPI,-0.26
407830,에셋플러스 글로벌플랫폼액티브,14140.0,2497.0,2497.0,35307580.0,35307580.0,KOSPI,-2.28
500085,신한 코스피 200 TR ETN,33840.0,157.0,157.0,5312880.0,5312880.0,KOSPI,-0.91
002870,신풍,967.0,162955.0,162955.0,157577485.0,157577485.0,KOSPI,0.52
449780,KIWOOM 미국S&P500(H),18780.0,11086.0,11086.0,208195080.0,208195080.0,KOSPI,-1.05
0192T0,SOL 코스닥TOP10,7425.0,539232.0,539232.0,4003797600.0,4003797600.0,KOSPI,-4.44
476690,TIGER 글로벌비만치료제TOP2Plus,10715.0,17657.0,17657.0,189194755.0,189194755.0,KOSPI,-1.56
099140,KODEX 차이나H,21750.0,2357.0,2357.0,51264750.0,51264750.0,KOSPI,0.49
530117,삼성 코스피 200 TR ETN,33475.0,9310.0,9310.0,311652250.0,311652250.0,KOSPI,-2.11
0155N0,HANARO K휴머노이드테마TOP10,8245.0,166794.0,166794.0,1375216530.0,1375216530.0,KOSPI,-4.96
009140,경인전자,21250.0,8879.0,8879.0,188678750.0,188678750.0,KOSPI,-4.71
010400,우진아이엔에스,4375.0,31212.0,31212.0,136552500.0,136552500.0,KOSPI,-0.34
122260,KIWOOM 통안채1년,104095.0,6345.0,6345.0,660482775.0,660482775.0,KOSPI,0.0
468630,KODEX iShares미국투자등급회사채액티브,11055.0,22296.0,22296.0,246482280.0,246482280.0,KOSPI,-1.16
138910,KODEX 구리선물(H),10070.0,32346.0,32346.0,325724220.0,325724220.0,KOSPI,-0.15
227540,TIGER 200 헬스케어,19395.0,21622.0,21622.0,419358690.0,419358690.0,KOSPI,-2.68
261140,TIGER 우선주,24520.0,33583.0,33583.0,823455160.0,823455160.0,KOSPI,-3.58
610007,메리츠 국채30년 ETN,6565.0,18.0,18.0,118170.0,118170.0,KOSPI,-1.94
610089,메리츠 인버스 2X WTI원유 선물 ETN(H),2730.0,227149.0,227149.0,620116770.0,620116770.0,KOSPI,-7.77
530118,삼성 코스닥 150 TR ETN,10910.0,17068.0,17068.0,186211880.0,186211880.0,KOSPI,-3.45
007120,미래아이앤지,1197.0,108147.0,108147.0,129451959.0,129451959.0,KOSPI,-4.62
256440,ACE MSCI인도네시아(합성),5345.0,27840.0,27840.0,148804800.0,148804800.0,KOSPI,-0.19
001070,대한방직,6150.0,6700.0,6700.0,41205000.0,41205000.0,KOSPI,1.15
520099,미래에셋 인버스 2X 반도체 ETN,4070.0,9218412.0,9218412.0,37518936840.0,37518936840.0,KOSPI,1.5
415340,KODEX 차이나과창판STAR50(합성),15630.0,46169.0,46169.0,721621470.0,721621470.0,KOSPI,2.9
308170,씨티알모빌리티,3755.0,8369.0,8369.0,31425595.0,31425595.0,KOSPI,4.16
459750,RISE 글로벌주식분산액티브,18460.0,5213.0,5213.0,96231980.0,96231980.0,KOSPI,-1.02
494410,PLUS 미국S&P500성장주,14665.0,2741.0,2741.0,40196765.0,40196765.0,KOSPI,-1.25
570069,한투 레버리지플래티넘선물 ETN,32245.0,569.0,569.0,18347405.0,18347405.0,KOSPI,3.42
0089B0,PLUS 미국나스닥100미국채혼합50,11515.0,37392.0,37392.0,430568880.0,430568880.0,KOSPI,-0.86
0138T0,RISE 미국S&P500데일리고정커버드콜,9755.0,32951.0,32951.0,321437005.0,321437005.0,KOSPI,-1.12
266360,KODEX K콘텐츠,10055.0,44199.0,44199.0,444420945.0,444420945.0,KOSPI,-4.78
0085N0,ACE 미국10년국채액티브(H),9725.0,40541.0,40541.0,394261225.0,394261225.0,KOSPI,-0.61
395170,KODEX Top10동일가중,16035.0,12227.0,12227.0,196059945.0,196059945.0,KOSPI,-2.76
464920,PLUS 일본반도체소부장,25590.0,20429.0,20429.0,522778110.0,522778110.0,KOSPI,-3.54
0204S0,TIGER 코스닥액티브,6875.0,154242.0,154242.0,1060413750.0,1060413750.0,KOSPI,-2.96
245350,TIGER 유로스탁스배당30,19865.0,4424.0,4424.0,87882760.0,87882760.0,KOSPI,0.25
069640,한세엠케이,1450.0,22426.0,22426.0,32517700.0,32517700.0,KOSPI,-2.68
002690,동일제강,1551.0,40971.0,40971.0,63546021.0,63546021.0,KOSPI,0.39
446690,KODEX 아시아AI반도체exChina액티브,62885.0,26368.0,26368.0,1658151680.0,1658151680.0,KOSPI,-0.04
006570,대림통상,2065.0,335345.0,335345.0,692487425.0,692487425.0,KOSPI,11.08
610075,메리츠 3X 레버리지 미국채10년 ETN,52365.0,418.0,418.0,21888570.0,21888570.0,KOSPI,-2.19
139270,TIGER 200 금융,16825.0,24891.0,24891.0,418791075.0,418791075.0,KOSPI,-0.3
570072,한투 레버리지구리선물 ETN,31265.0,64.0,64.0,2000960.0,2000960.0,KOSPI,0.19
156080,KODEX MSCI Korea,52000.0,2432.0,2432.0,126464000.0,126464000.0,KOSPI,-0.84
387270,TIGER 글로벌이노베이션액티브,25750.0,2476.0,2476.0,63757000.0,63757000.0,KOSPI,-0.75
500035,신한 레버리지 미국달러 선물 ETN,15545.0,660.0,660.0,10259700.0,10259700.0,KOSPI,-0.8
491090,KODEX 미국테크TOP3플러스,18125.0,7308.0,7308.0,132457500.0,132457500.0,KOSPI,-1.57
414270,ACE 글로벌자율주행액티브,12320.0,261217.0,261217.0,3218193440.0,3218193440.0,KOSPI,0.04
450190,KODEX 한중반도체(합성),51285.0,1844.0,1844.0,94569540.0,94569540.0,KOSPI,0.95
570065,한투 레버리지베트남VN30선물 ETN(H),30735.0,157.0,157.0,4825395.0,4825395.0,KOSPI,-1.43
476070,KODEX 글로벌비만치료제TOP2 Plus,11375.0,11142.0,11142.0,126740250.0,126740250.0,KOSPI,-1.81
248270,TIGER S&P글로벌헬스케어(합성),26930.0,5518.0,5518.0,148599740.0,148599740.0,KOSPI,0.86
275290,KODEX 가치주,34070.0,2966.0,2966.0,101051620.0,101051620.0,KOSPI,-1.47
520065,미래에셋 -2X 미국채울트라30년 선물 ETN,15325.0,115.0,115.0,1762375.0,1762375.0,KOSPI,2.2
271060,KODEX 3대농산물선물(H),8440.0,48858.0,48858.0,412361520.0,412361520.0,KOSPI,2.37
005320,온타이드,896.0,1270120.0,1270120.0,1138027520.0,1138027520.0,KOSPI,25.14
003060,에이프로젠바이오로직스,1948.0,124901.0,124901.0,243307148.0,243307148.0,KOSPI,-5.21
469790,KIWOOM 코리아테크TOP10,43720.0,1186.0,1186.0,51851920.0,51851920.0,KOSPI,-2.06
117460,KODEX 에너지화학,14095.0,32713.0,32713.0,461089735.0,461089735.0,KOSPI,-1.4
023150,MH에탄올,4135.0,4651.0,4651.0,19231885.0,19231885.0,KOSPI,-1.31
005360,모나미,1614.0,1034066.0,1034066.0,1668982524.0,1668982524.0,KOSPI,-3.93
426150,WON 대한민국국고채액티브,50645.0,24.0,24.0,1215480.0,1215480.0,KOSPI,-0.82
494340,ACE 글로벌AI맞춤형반도체,20320.0,16524.0,16524.0,335767680.0,335767680.0,KOSPI,-3.26
0150K0,KoAct 수소전력ESS인프라액티브,10505.0,46464.0,46464.0,488104320.0,488104320.0,KOSPI,-4.06
118000,메타케어,1379.0,21313.0,21313.0,29390627.0,29390627.0,KOSPI,-0.58
025750,한솔홈데코,1883.0,38299.0,38299.0,72117017.0,72117017.0,KOSPI,-1.57
0155M0,ACE 미국SMR원자력TOP10,7295.0,54999.0,54999.0,401217705.0,401217705.0,KOSPI,-4.14
024070,WISCOM,1973.0,75284.0,75284.0,148535332.0,148535332.0,KOSPI,3.9
001380,SG글로벌,1344.0,48798.0,48798.0,65584512.0,65584512.0,KOSPI,-1.32
0107F0,KIWOOM 미국고배당&AI테크,11795.0,11853.0,11853.0,139806135.0,139806135.0,KOSPI,-1.3
0164G0,RISE 차이나AI반도체TOP4Plus,14315.0,17765.0,17765.0,254305975.0,254305975.0,KOSPI,4.72
395290,HANARO Fn K-POP&미디어,4840.0,84066.0,84066.0,406879440.0,406879440.0,KOSPI,-4.35
192720,파워 고배당저변동성,58775.0,3702.0,3702.0,217585050.0,217585050.0,KOSPI,-1.15
090370,메타랩스,1095.0,23735.0,23735.0,25989825.0,25989825.0,KOSPI,-1.88
0203S0,WON 삼성전자현대차채권혼합50,8920.0,244896.0,244896.0,2184472320.0,2184472320.0,KOSPI,-1.38
145850,TREX 펀더멘탈 200,119250.0,31.0,31.0,3696750.0,3696750.0,KOSPI,-1.47
014130,한익스프레스,2515.0,42648.0,42648.0,107259720.0,107259720.0,KOSPI,-3.82
253250,KIWOOM 200선물레버리지,101055.0,38480.0,38480.0,3888596400.0,3888596400.0,KOSPI,-2.6
036420,콘텐트리중앙,1520.0,126359.0,126359.0,192065680.0,192065680.0,KOSPI,-6.98
010640,진양폴리,1749.0,71583.0,71583.0,125198667.0,125198667.0,KOSPI,0.06
0083S0,1Q 미국메디컬AI,9975.0,20876.0,20876.0,208238100.0,208238100.0,KOSPI,-3.58
520047,미래에셋 인버스 2X 옥수수 선물 ETN,28805.0,278.0,278.0,8007790.0,8007790.0,KOSPI,-6.73
760026,키움 레버리지 전력 TOP5 ETN,19190.0,107542.0,107542.0,2063730980.0,2063730980.0,KOSPI,1.43
0166N0,PLUS 코스닥150액티브,7555.0,81497.0,81497.0,615709835.0,615709835.0,KOSPI,-2.14
0223R0,TIGER 미국테크NYSE100액티브,9935.0,79682.0,79682.0,791640670.0,791640670.0,KOSPI,-0.1
223190,KODEX 200가치저변동,28455.0,1166.0,1166.0,33178530.0,33178530.0,KOSPI,-1.88
289480,TIGER 200커버드콜,12370.0,46768.0,46768.0,578520160.0,578520160.0,KOSPI,-1.75
0184E0,1Q 200채권혼합50액티브,10935.0,102645.0,102645.0,1122423075.0,1122423075.0,KOSPI,-0.91
570047,한투 FTSE100 ETN,28385.0,4.0,4.0,113540.0,113540.0,KOSPI,-0.35
009810,플레이그램,1800.0,15080.0,15080.0,27144000.0,27144000.0,KOSPI,-3.49
459790,KIWOOM 미국성장기업30액티브,20920.0,406.0,406.0,8493520.0,8493520.0,KOSPI,-1.23
475380,RISE 글로벌리얼티인컴,10630.0,8091.0,8091.0,86007330.0,86007330.0,KOSPI,-0.65
117680,KODEX 철강,12110.0,52155.0,52155.0,631597050.0,631597050.0,KOSPI,-2.06
419430,KODEX 차이나2차전지MSCI(합성),9965.0,2030.0,2030.0,20228950.0,20228950.0,KOSPI,0.2
500102,신한 블룸버그 2X 천연가스 선물 ETN B,13910.0,17080.0,17080.0,237582800.0,237582800.0,KOSPI,-5.28
008250,이건산업,2535.0,55619.0,55619.0,140994165.0,140994165.0,KOSPI,-1.74
261250,KODEX 미국달러선물레버리지,16625.0,71318.0,71318.0,1185661750.0,1185661750.0,KOSPI,-0.66
520090,미래에셋 천연가스 선물 ETN B,6935.0,57289.0,57289.0,397299215.0,397299215.0,KOSPI,-2.87
0137W0,KIWOOM 미국S&P500&GOLD,10655.0,9266.0,9266.0,98729230.0,98729230.0,KOSPI,-1.16
0218J0,RISE 미국우주&로봇TOP2미국채혼합50,9050.0,135346.0,135346.0,1224881300.0,1224881300.0,KOSPI,-1.04
003535,한화투자증권우,5740.0,14560.0,14560.0,83574400.0,83574400.0,KOSPI,-3.2
437350,RISE 미국단기투자등급회사채액티브,12470.0,6837.0,6837.0,85257390.0,85257390.0,KOSPI,-0.52
025890,한국주강,2460.0,27146.0,27146.0,66779160.0,66779160.0,KOSPI,-1.99
000040,KR모터스,1587.0,1109955.0,1109955.0,1761498585.0,1761498585.0,KOSPI,29.98
261060,TIGER 코스닥150IT,23610.0,64033.0,64033.0,1511819130.0,1511819130.0,KOSPI,-1.21
0198D0,1Q SK하이닉스선물단일종목레버리지,8800.0,139504.0,139504.0,1227635200.0,1227635200.0,KOSPI,1.62
493420,SOL 미국배당다우존스2호,12995.0,5987.0,5987.0,77801065.0,77801065.0,KOSPI,-0.88
489290,WON 미국빌리어네어,15130.0,6864.0,6864.0,103852320.0,103852320.0,KOSPI,-3.38
570081,한투 레버리지코스닥150선물 ETN,27205.0,56.0,56.0,1523480.0,1523480.0,KOSPI,2.18
440340,TIGER 글로벌멀티에셋TIF액티브,12330.0,11320.0,11320.0,139575600.0,139575600.0,KOSPI,-1.0
245360,TIGER 차이나HSCEI,12615.0,5425.0,5425.0,68436375.0,68436375.0,KOSPI,1.41
030720,동원수산,5820.0,27219.0,27219.0,158414580.0,158414580.0,KOSPI,-3.32
0047R0,RISE 팔란티어고정테크100,15475.0,10690.0,10690.0,165427750.0,165427750.0,KOSPI,-2.92
580048,KB 차이나 대형주 CSI 300 ETN,13500.0,4.0,4.0,54000.0,54000.0,KOSPI,0.71
0013R0,RISE 테슬라미국채타겟커버드콜혼합(합성),7930.0,11798.0,11798.0,93558140.0,93558140.0,KOSPI,-1.12
0198B0,1Q 삼성전자선물단일종목레버리지,12280.0,56465.0,56465.0,693390200.0,693390200.0,KOSPI,-4.06
088790,진도,2150.0,133633.0,133633.0,287310950.0,287310950.0,KOSPI,-3.8
357430,마스턴프리미어리츠,877.0,16247.0,16247.0,14248619.0,14248619.0,KOSPI,1.27
0103T0,1Q K소버린AI,8875.0,93338.0,93338.0,828374750.0,828374750.0,KOSPI,-5.43
252710,TIGER 200선물인버스2X,86.0,199638524.0,199638524.0,17168913064.0,17168913064.0,KOSPI,3.61
530128,삼성 레버리지 미국다우존스 선물 ETN,26505.0,259.0,259.0,6864795.0,6864795.0,KOSPI,-2.16
580057,KB 일본 컨슈머 TOP 10 ETN,13250.0,5.0,5.0,66250.0,66250.0,KOSPI,-3.11
465770,STX그린로지스,3670.0,4424291.0,4424291.0,16237147970.0,16237147970.0,KOSPI,29.91
004870,티웨이홀딩스,1169.0,107437.0,107437.0,125593853.0,125593853.0,KOSPI,-4.8
610028,메리츠 레버리지 구리 선물 ETN(H),26415.0,2.0,2.0,52830.0,52830.0,KOSPI,0.69
0115C0,RISE 미국고배당다우존스TOP10,11235.0,22285.0,22285.0,250371975.0,250371975.0,KOSPI,-0.97
0152E0,SOL 배당성향탑픽액티브,11000.0,7103.0,7103.0,78133000.0,78133000.0,KOSPI,-2.14
006345,대원전선우,10070.0,57464.0,57464.0,578662480.0,578662480.0,KOSPI,-1.76
167860,KIWOOM 국고채10년레버리지,91010.0,14.0,14.0,1274140.0,1274140.0,KOSPI,-1.42
520083,미래에셋 2X 미국 자율주행대표기업 ETN,26210.0,118.0,118.0,3092780.0,3092780.0,KOSPI,-4.33
550069,N2 레버리지 구리 선물 ETN(H),26095.0,1917.0,1917.0,50024115.0,50024115.0,KOSPI,0.6
610069,메리츠 KAP 레버리지 일본 엔화 ETN,17375.0,34180.0,34180.0,593877500.0,593877500.0,KOSPI,-1.22
530063,삼성 레버리지 구리 선물 ETN(H),25995.0,1867.0,1867.0,48532665.0,48532665.0,KOSPI,0.13
277540,ACE 아시아TOP50,32425.0,2002.0,2002.0,64914850.0,64914850.0,KOSPI,-0.41
0049K0,ACE 미국배당퀄리티채권혼합50,11270.0,20245.0,20245.0,228161150.0,228161150.0,KOSPI,-0.88
461600,SOL 미국30년국채액티브(H),8215.0,4209.0,4209.0,34576935.0,34576935.0,KOSPI,-1.5
0097L0,KIWOOM 한국고배당&미국AI테크,12890.0,4327.0,4327.0,55775030.0,55775030.0,KOSPI,-0.62
760004,키움 인버스 미국달러선물 ETN,9525.0,1.0,1.0,9525.0,9525.0,KOSPI,1.06
33637K,솔루스첨단소재1우,1521.0,15261.0,15261.0,23211981.0,23211981.0,KOSPI,-1.36
520093,미래에셋 인버스 2X 은 선물 ETN B,2135.0,22366.0,22366.0,47751410.0,47751410.0,KOSPI,-3.17
368190,HANARO Fn K-뉴딜디지털플러스,7985.0,2048.0,2048.0,16353280.0,16353280.0,KOSPI,-4.2
071950,코아스,1763.0,332616.0,332616.0,586402008.0,586402008.0,KOSPI,2.08
483570,KCGI 미국S&P500 TOP10,15925.0,3474.0,3474.0,55323450.0,55323450.0,KOSPI,-2.3
0206G0,1Q 현대차기아채권혼합50,8480.0,261506.0,261506.0,2217570880.0,2217570880.0,KOSPI,-2.25
139250,TIGER 200 에너지화학,18140.0,59576.0,59576.0,1080708640.0,1080708640.0,KOSPI,-0.49
185680,KODEX 미국S&P바이오(합성),47725.0,1541.0,1541.0,73544225.0,73544225.0,KOSPI,0.78
002355,넥센타이어1우B,3890.0,12335.0,12335.0,47983150.0,47983150.0,KOSPI,-0.26
610022,메리츠 미국채10년 ETN(H),8410.0,443.0,443.0,3725630.0,3725630.0,KOSPI,-0.83
496120,ACE 코리아밸류업,33595.0,1382.0,1382.0,46428290.0,46428290.0,KOSPI,-1.42
019175,신풍제약우,12610.0,5664.0,5664.0,71423040.0,71423040.0,KOSPI,-5.12
570124,한투 인버스은선물 ETN,12520.0,204.0,204.0,2554080.0,2554080.0,KOSPI,-1.18
700017,하나 레버리지 코스닥150 선물 ETN,24870.0,5686.0,5686.0,141410820.0,141410820.0,KOSPI,-7.67
530089,삼성 은 선물 ETN(H),24865.0,1433.0,1433.0,35631545.0,35631545.0,KOSPI,1.45
479850,HANARO K-뷰티,18390.0,85383.0,85383.0,1570193370.0,1570193370.0,KOSPI,-1.39
0093D0,KoAct 팔란티어밸류체인액티브,18340.0,4286.0,4286.0,78605240.0,78605240.0,KOSPI,-2.26
530119,삼성 레버리지 항셍테크 TR ETN(H) B,24695.0,232.0,232.0,5729240.0,5729240.0,KOSPI,-1.1
411540,SOL 200 Top10,17620.0,16082.0,16082.0,283364840.0,283364840.0,KOSPI,-2.19
580073,KB 레버리지 화웨이 밸류체인 ETN,24635.0,3.0,3.0,73905.0,73905.0,KOSPI,2.43
093240,형지엘리트,401.0,6073284.0,6073284.0,2435386884.0,2435386884.0,KOSPI,3.35
292500,SOL KRX300,48895.0,180.0,180.0,8801100.0,8801100.0,KOSPI,-1.64
225130,ACE 골드선물 레버리지(합성 H),48820.0,2748.0,2748.0,134157360.0,134157360.0,KOSPI,1.67
0127R0,RISE 미국AI클라우드인프라,18705.0,60696.0,60696.0,1135318680.0,1135318680.0,KOSPI,-0.19
500100,신한 금 선물 ETN,12155.0,11613.0,11613.0,141156015.0,141156015.0,KOSPI,1.97
530106,삼성 레버리지 코스닥150 선물 ETN,24255.0,15472.0,15472.0,375273360.0,375273360.0,KOSPI,-8.44
195970,PLUS 선진국MSCI(합성 H),16600.0,5387.0,5387.0,89424200.0,89424200.0,KOSPI,-1.1
438320,TIGER 차이나항셍테크레버리지(합성 H),5520.0,52492.0,52492.0,289755840.0,289755840.0,KOSPI,0.55
269420,KODEX S&P글로벌인프라(합성),22770.0,15006.0,15006.0,341686620.0,341686620.0,KOSPI,-0.65
292160,TIGER KRX300,48390.0,39088.0,39088.0,1891468320.0,1891468320.0,KOSPI,-0.76
700013,하나 레버리지 콩 선물 ETN(H),24195.0,1.0,1.0,24195.0,24195.0,KOSPI,6.35
159800,마이티 코스피100,86295.0,79.0,79.0,6817305.0,6817305.0,KOSPI,-1.02
280930,KODEX 미국러셀2000(H),17250.0,6237.0,6237.0,107588250.0,107588250.0,KOSPI,-0.03
530130,삼성 S&P500 VIX S/T 선물 ETN B,8035.0,39765.0,39765.0,319511775.0,319511775.0,KOSPI,0.31
610001,메리츠 인플레이션 국채 ETN,12045.0,1.0,1.0,12045.0,12045.0,KOSPI,-0.78
033250,체시스,3755.0,23558.0,23558.0,88460290.0,88460290.0,KOSPI,-4.09
138230,KIWOOM 미국달러선물,16525.0,1813.0,1813.0,29959825.0,29959825.0,KOSPI,-0.09
003495,대한항공우,21550.0,1920.0,1920.0,41376000.0,41376000.0,KOSPI,-0.69
700012,하나 인버스 2X 옥수수 선물 ETN(H),23915.0,7.0,7.0,167405.0,167405.0,KOSPI,-6.91
580072,KB 화웨이 밸류체인 ETN,11955.0,7.0,7.0,83685.0,83685.0,KOSPI,0.5
580071,KB 인버스 2X 천연가스 선물 ETN B,11940.0,310.0,310.0,3701400.0,3701400.0,KOSPI,4.23
289250,TIGER MSCI KOREA ESG유니버설,34580.0,11558.0,11558.0,399675640.0,399675640.0,KOSPI,-1.87
469160,ACE 일본반도체,26485.0,10854.0,10854.0,287468190.0,287468190.0,KOSPI,-3.16
481340,RISE 미국30년국채액티브,8650.0,75950.0,75950.0,656967500.0,656967500.0,KOSPI,-2.09
364690,KODEX 혁신기술테마액티브,39195.0,1612.0,1612.0,63182340.0,63182340.0,KOSPI,-2.01
367740,HANARO Fn5G산업,42750.0,3224.0,3224.0,137826000.0,137826000.0,KOSPI,-2.62
457690,KODEX 33-06 국고채액티브,10450.0,53212.0,53212.0,556065400.0,556065400.0,KOSPI,-0.57
0065G0,KODEX 차이나테크TOP10,9215.0,13191.0,13191.0,121555065.0,121555065.0,KOSPI,0.55
610103,메리츠 솔랙티브 레버리지 금 선물 ETN(H),23465.0,1.0,1.0,23465.0,23465.0,KOSPI,2.78
388280,RISE K엔터&여행레저,7035.0,6009.0,6009.0,42273315.0,42273315.0,KOSPI,-2.7
433220,에셋플러스 글로벌대장장이액티브,31430.0,471.0,471.0,14803530.0,14803530.0,KOSPI,0.35
204450,KODEX 차이나H레버리지(H),2325.0,53569.0,53569.0,124547925.0,124547925.0,KOSPI,1.75
477730,KODEX 인도타타그룹,7725.0,11253.0,11253.0,86929425.0,86929425.0,KOSPI,-2.09
461450,KODEX 코스닥글로벌,15420.0,9541.0,9541.0,147122220.0,147122220.0,KOSPI,-3.66
464600,SOL 자동차소부장Fn,24325.0,21879.0,21879.0,532206675.0,532206675.0,KOSPI,-6.26
442550,RISE TDF2030액티브 적격,14895.0,11668.0,11668.0,173794860.0,173794860.0,KOSPI,-0.6
0067V0,TIGER 차이나글로벌리더스TOP3+,10410.0,1810.0,1810.0,18842100.0,18842100.0,KOSPI,0.73
530116,삼성 인버스 2X 나스닥 100 TR ETN,4580.0,97254.0,97254.0,445423320.0,445423320.0,KOSPI,1.55
0144M0,KODEX 미국드론UAM TOP10,8305.0,19010.0,19010.0,157878050.0,157878050.0,KOSPI,-2.92
570115,한투 인버스0.5X S&P500 VIX S/T선물 ETN B,22755.0,349.0,349.0,7941495.0,7941495.0,KOSPI,-0.57
0106J0,대신 KOSPI200인덱스 X클래스,19770.0,105.0,105.0,2075850.0,2075850.0,KOSPI,-1.25
300950,KODEX 게임산업,5540.0,121881.0,121881.0,675220740.0,675220740.0,KOSPI,-3.48
0047P0,RISE 테슬라고정테크100,14635.0,23552.0,23552.0,344683520.0,344683520.0,KOSPI,-2.11
0186L0,KoAct 미국로봇피지컬AI액티브,9800.0,27160.0,27160.0,266168000.0,266168000.0,KOSPI,-1.31
447660,PLUS 애플채권혼합,13605.0,39301.0,39301.0,534690105.0,534690105.0,KOSPI,-0.44
004270,남성,4915.0,56720.0,56720.0,278778800.0,278778800.0,KOSPI,0.0
0190M0,KIWOOM 미국AI테크하이베타,9510.0,62821.0,62821.0,597427710.0,597427710.0,KOSPI,0.48
051630,진양화학,1053.0,74495.0,74495.0,78443235.0,78443235.0,KOSPI,-0.19
33626L,두산퓨얼셀2우B,7470.0,1252.0,1252.0,9352440.0,9352440.0,KOSPI,-3.11
008775,호텔신라우,29650.0,302.0,302.0,8954300.0,8954300.0,KOSPI,-0.5
471460,KIWOOM 국고채30년액티브,44285.0,3706.0,3706.0,164120210.0,164120210.0,KOSPI,-1.59
463300,RISE 중국본토CSI300,13825.0,365.0,365.0,5046125.0,5046125.0,KOSPI,1.28
0026E0,KODEX 미국S&P500버퍼3월액티브,11955.0,38.0,38.0,454290.0,454290.0,KOSPI,-0.46
0153X0,PLUS 미국고배당주액티브,11585.0,38997.0,38997.0,451780245.0,451780245.0,KOSPI,-0.64
371450,TIGER 글로벌클라우드컴퓨팅INDXX,14055.0,33770.0,33770.0,474637350.0,474637350.0,KOSPI,-4.39
376410,TIGER 탄소효율그린뉴딜,24320.0,375.0,375.0,9120000.0,9120000.0,KOSPI,-2.13
239660,PLUS 우량회사채50,121590.0,1395.0,1395.0,169618050.0,169618050.0,KOSPI,-0.02
375760,HANARO 탄소효율그린뉴딜,24290.0,138.0,138.0,3352020.0,3352020.0,KOSPI,-2.63
0177A0,WON 두산그룹포커스,8895.0,47132.0,47132.0,419239140.0,419239140.0,KOSPI,-3.68
760022,키움 K방산 TOP5 ETN,10835.0,4389.0,4389.0,47554815.0,47554815.0,KOSPI,-2.69
108590,TREX 200,108210.0,128.0,128.0,13850880.0,13850880.0,KOSPI,-1.42
520039,미래에셋 코스닥150 선물 ETN,10820.0,3.0,3.0,32460.0,32460.0,KOSPI,1.5
580067,KB 인도 디지털 Select 5 ETN,10815.0,3.0,3.0,32445.0,32445.0,KOSPI,-1.64
580026,KB S&P 레버리지 은 선물 ETN(H),43115.0,783.0,783.0,33759045.0,33759045.0,KOSPI,3.02
610036,메리츠 인버스 2X 대표 농산물 선물 ETN(H),21480.0,1806.0,1806.0,38792880.0,38792880.0,KOSPI,-5.85
580089,KB 솔랙티브 레버리지 금 선물 ETN,21430.0,5484.0,5484.0,117522120.0,117522120.0,KOSPI,2.39
169950,KODEX 차이나A50,26735.0,576.0,576.0,15399360.0,15399360.0,KOSPI,0.92
570125,한투 솔랙티브레버리지금선물 ETN,21295.0,41.0,41.0,873095.0,873095.0,KOSPI,2.87
580075,KB 레버리지 BYD 밸류체인 ETN,21290.0,2.0,2.0,42580.0,42580.0,KOSPI,2.28
580070,KB 레버리지 2차전지 TOP 10 TR ETN,21285.0,6019.0,6019.0,128114415.0,128114415.0,KOSPI,-9.08
416090,ACE 중국과창판STAR50,14190.0,10706.0,10706.0,151918140.0,151918140.0,KOSPI,3.13
530138,삼성 KRX 레버리지 2차전지 TOP10 TR ETN,21230.0,829.0,829.0,17599670.0,17599670.0,KOSPI,-8.39
580074,KB BYD 밸류체인 ETN,10615.0,26.0,26.0,275990.0,275990.0,KOSPI,0.43
364990,TIGER 게임TOP10,4820.0,105627.0,105627.0,509122140.0,509122140.0,KOSPI,-5.21
253290,RISE 헬스케어채권혼합,11780.0,13208.0,13208.0,155590240.0,155590240.0,KOSPI,-1.22
404260,KODEX 기후변화솔루션,23370.0,704.0,704.0,16452480.0,16452480.0,KOSPI,-3.31
437070,KODEX 아시아달러채권ESG플러스액티브,60610.0,1298.0,1298.0,78671780.0,78671780.0,KOSPI,-0.35
550085,N2 코스닥 150 TR ETN,10475.0,9215.0,9215.0,96527125.0,96527125.0,KOSPI,-3.63
300640,RISE 게임테마,6440.0,9863.0,9863.0,63517720.0,63517720.0,KOSPI,-3.81
760008,키움 코스닥 150 TR ETN,10460.0,17.0,17.0,177820.0,177820.0,KOSPI,-3.06
217770,TIGER 원유선물인버스(H),1269.0,487607.0,487607.0,618773283.0,618773283.0,KOSPI,-3.86
304770,HANARO 코스닥150,14200.0,6434.0,6434.0,91362800.0,91362800.0,KOSPI,-4.38
700034,하나 레버리지 K방산TOP10 ETN,13800.0,67185.0,67185.0,927153000.0,927153000.0,KOSPI,-5.51
091220,TIGER 은행,16665.0,24678.0,24678.0,411258870.0,411258870.0,KOSPI,-0.92
337120,KODEX 멀티팩터,34330.0,21.0,21.0,720930.0,720930.0,KOSPI,-2.29
489000,PLUS 일본엔화초단기국채(합성),9350.0,54333.0,54333.0,508013550.0,508013550.0,KOSPI,-0.58
226980,KODEX 200 중소형,22835.0,22953.0,22953.0,524131755.0,524131755.0,KOSPI,-1.17
152380,KODEX 국채선물10년,64580.0,973.0,973.0,62836340.0,62836340.0,KOSPI,-0.54
760012,키움 반도체TOP10 ETN,29210.0,326.0,326.0,9522460.0,9522460.0,KOSPI,-0.26
0223A0,RISE 코스닥커버드콜액티브,10760.0,410952.0,410952.0,4421843520.0,4421843520.0,KOSPI,-2.49
530140,삼성 iSelect 레버리지 조선 TOP10 TR ETN,20440.0,653.0,653.0,13347320.0,13347320.0,KOSPI,-6.99
417630,TIGER KEDI혁신기업ESG30,19380.0,6706.0,6706.0,129962280.0,129962280.0,KOSPI,-3.58
497780,KoAct 미국천연가스인프라액티브,10970.0,11666.0,11666.0,127976020.0,127976020.0,KOSPI,1.43
011090,에넥스,1710.0,853606.0,853606.0,1459666260.0,1459666260.0,KOSPI,12.65
0104P0,TIGER 코리아배당다우존스위클리커버드콜,11240.0,30756.0,30756.0,345697440.0,345697440.0,KOSPI,-1.62
001685,대상우,14730.0,1143.0,1143.0,16836390.0,16836390.0,KOSPI,0.0
228820,TIGER KTOP30,19205.0,54872.0,54872.0,1053816760.0,1053816760.0,KOSPI,-1.87
530112,삼성 S&P500 TR ETN,20010.0,5091.0,5091.0,101870910.0,101870910.0,KOSPI,-1.45
0018Z0,RISE 미국양자컴퓨팅,19010.0,9078.0,9078.0,172572780.0,172572780.0,KOSPI,-1.58
760021,키움 코스피200 선물 달러노출 ETN,28480.0,7.0,7.0,199360.0,199360.0,KOSPI,-1.88
289040,KODEX MSCI KOREA ESG유니버설,33150.0,53.0,53.0,1756950.0,1756950.0,KOSPI,-1.78
0192S0,SOL 코스피200채권혼합50,9440.0,215444.0,215444.0,2033791360.0,2033791360.0,KOSPI,-0.89
445910,TIGER MKF배당귀족,20805.0,8766.0,8766.0,182376630.0,182376630.0,KOSPI,-1.84
407310,HANARO 200 TOP10,17160.0,3729.0,3729.0,63989640.0,63989640.0,KOSPI,-2.94
415760,SOL 차이나육성산업액티브(합성),14420.0,8921.0,8921.0,128640820.0,128640820.0,KOSPI,3.7
580066,KB 인도 대형 성장주 Select 5 ETN,9705.0,235.0,235.0,2280675.0,2280675.0,KOSPI,-0.56
00499K,롯데지주우,24050.0,1267.0,1267.0,30471350.0,30471350.0,KOSPI,1.05
449580,RISE 테슬라애플아마존채권혼합,16105.0,8380.0,8380.0,134959900.0,134959900.0,KOSPI,-0.59
213630,PLUS 미국다우존스고배당주(합성 H),20955.0,11020.0,11020.0,230924100.0,230924100.0,KOSPI,-1.13
284980,RISE 200금융,22400.0,3844.0,3844.0,86105600.0,86105600.0,KOSPI,0.02
487950,KODEX 대만테크고배당다우존스,13210.0,18493.0,18493.0,244292530.0,244292530.0,KOSPI,-2.8
108675,LX하우시스우,18370.0,2363.0,2363.0,43408310.0,43408310.0,KOSPI,-0.7
006200,한국전자홀딩스,2025.0,147823.0,147823.0,299341575.0,299341575.0,KOSPI,7.31
229720,KODEX KTOP30,37905.0,833.0,833.0,31574865.0,31574865.0,KOSPI,-1.79
0224X0,1Q 엔비디아알파벳미국채혼합50,9960.0,134488.0,134488.0,1339500480.0,1339500480.0,KOSPI,-1.53
0105D0,SOL 한국AI소프트웨어,9910.0,111001.0,111001.0,1100019910.0,1100019910.0,KOSPI,-5.98
304760,HANARO KRX300,47005.0,233.0,233.0,10952165.0,10952165.0,KOSPI,-2.5
002360,SH에너지화학,1688.0,95083.0,95083.0,160500104.0,160500104.0,KOSPI,-3.65
483330,ACE 마이크로소프트밸류체인액티브,14985.0,37824.0,37824.0,566792640.0,566792640.0,KOSPI,-4.03
610085,메리츠 레버리지 미국채30년 스트립 ETN(H),31010.0,11577.0,11577.0,359002770.0,359002770.0,KOSPI,-5.53
379790,RISE 유로스탁스50(H),17720.0,51207.0,51207.0,907388040.0,907388040.0,KOSPI,-1.23
468370,KODEX iShares미국인플레이션국채액티브,10920.0,46444.0,46444.0,507168480.0,507168480.0,KOSPI,-0.68
183710,RISE 주식혼합,92505.0,520.0,520.0,48102600.0,48102600.0,KOSPI,-1.75
0193K0,PLUS 삼성전자단일종목레버리지,12940.0,12685.0,12685.0,164143900.0,164143900.0,KOSPI,-4.22
461910,PLUS 미국테크TOP10레버리지(합성),36785.0,688.0,688.0,25308080.0,25308080.0,KOSPI,-4.11
445690,BNK 주주가치액티브,30575.0,350.0,350.0,10701250.0,10701250.0,KOSPI,-1.58
002820,SUN&L,1516.0,117730.0,117730.0,178478680.0,178478680.0,KOSPI,1.34
610040,메리츠 인버스 2X 미국채30년 ETN(H),18285.0,1069.0,1069.0,19546665.0,19546665.0,KOSPI,3.19
570071,한투 구리선물 ETN,18210.0,2.0,2.0,36420.0,36420.0,KOSPI,-0.27
474920,에셋플러스 차이나일등기업포커스10액티브,19350.0,304.0,304.0,5882400.0,5882400.0,KOSPI,1.63
236350,TIGER 인도니프티50레버리지(합성),29290.0,2673.0,2673.0,78292170.0,78292170.0,KOSPI,-2.67
0216Z0,ACE K방산TOP5+,9515.0,121767.0,121767.0,1158613005.0,1158613005.0,KOSPI,-2.51
500072,신한 인버스 2X 코스닥 150 선물 ETN,1805.0,142324.0,142324.0,256894820.0,256894820.0,KOSPI,8.67
461900,PLUS 미국테크TOP10,22500.0,6460.0,6460.0,145350000.0,145350000.0,KOSPI,-1.98
385600,ACE 2차전지&친환경차액티브,11965.0,14645.0,14645.0,175227425.0,175227425.0,KOSPI,-4.74
610087,메리츠 WTI원유 선물 ETN(H),17830.0,1028.0,1028.0,18329240.0,18329240.0,KOSPI,5.13
570121,한투 금선물 ETN,8910.0,22.0,22.0,196020.0,196020.0,KOSPI,1.6
195920,TIGER 일본TOPIX(합성 H),35570.0,2120.0,2120.0,75408400.0,75408400.0,KOSPI,-1.82
477490,에셋플러스 글로벌일등기업포커스10액티브,19740.0,624.0,624.0,12317760.0,12317760.0,KOSPI,-0.73
550097,N2 레버리지 코스닥150 선물 ETN,17705.0,5494.0,5494.0,97271270.0,97271270.0,KOSPI,-8.85
530123,삼성 일본니케이225선물 ETN(H),17705.0,4.0,4.0,70820.0,70820.0,KOSPI,-2.64
530132,삼성 블룸버그 WTI원유 선물 ETN B,17670.0,7.0,7.0,123690.0,123690.0,KOSPI,4.68
227830,PLUS 코스피,70645.0,1777.0,1777.0,125536165.0,125536165.0,KOSPI,-1.89
276000,TIGER 글로벌자원생산기업(합성 H),20695.0,289.0,289.0,5980855.0,5980855.0,KOSPI,2.4
580050,KB 차이나 과창판 STAR 50 ETN,17500.0,86.0,86.0,1505000.0,1505000.0,KOSPI,2.79
419650,PLUS 글로벌수소&차세대연료전지,5375.0,35064.0,35064.0,188469000.0,188469000.0,KOSPI,-2.8
391670,HK 베스트일레븐액티브,29045.0,526.0,526.0,15277670.0,15277670.0,KOSPI,-0.53
404120,TIME K신재생에너지액티브,24800.0,2079.0,2079.0,51559200.0,51559200.0,KOSPI,-3.2
0086C0,TIGER 리츠부동산인프라10채권혼합액티브,9905.0,7350.0,7350.0,72801750.0,72801750.0,KOSPI,0.05
460660,RISE 미국S&P배당킹,12330.0,17783.0,17783.0,219264390.0,219264390.0,KOSPI,-1.24
292050,RISE KRX300,49245.0,2292.0,2292.0,112869540.0,112869540.0,KOSPI,-1.73
494420,PLUS 미국배당증가성장주데일리커버드콜,9565.0,10184.0,10184.0,97409960.0,97409960.0,KOSPI,-1.34
280320,ACE 미국IT인터넷(합성 H),21480.0,9.0,9.0,193320.0,193320.0,KOSPI,-2.78
289260,TIGER MSCI KOREA ESG리더스,28575.0,57662.0,57662.0,1647691650.0,1647691650.0,KOSPI,-2.34
0104G0,PLUS K방산레버리지,6995.0,188361.0,188361.0,1317585195.0,1317585195.0,KOSPI,-4.96
225060,TIGER 이머징마켓MSCI레버리지(합성 H),16095.0,776.0,776.0,12489720.0,12489720.0,KOSPI,-1.44
465670,TIGER 미국캐시카우100,17055.0,76965.0,76965.0,1312638075.0,1312638075.0,KOSPI,-2.32
250730,RISE 차이나HSCEI(H),9915.0,2836.0,2836.0,28118940.0,28118940.0,KOSPI,1.8
002025,코오롱우,14500.0,2468.0,2468.0,35786000.0,35786000.0,KOSPI,0.62
024890,대원화성,2025.0,144884.0,144884.0,293390100.0,293390100.0,KOSPI,-1.94
332620,PLUS 미국장기우량회사채,89320.0,598.0,598.0,53413360.0,53413360.0,KOSPI,-1.61
760023,키움 레버리지 K방산 TOP5 ETN,16700.0,7742.0,7742.0,129291400.0,129291400.0,KOSPI,-5.73
0207Z0,KIWOOM 미국우주데이터센터인프라,7585.0,26617.0,26617.0,201889945.0,201889945.0,KOSPI,-0.78
610104,메리츠 솔랙티브 인버스 2X 금 선물 ETN(H),16655.0,58.0,58.0,965990.0,965990.0,KOSPI,-2.8
760017,키움 조선TOP10 ETN,23410.0,255.0,255.0,5969550.0,5969550.0,KOSPI,-3.26
291130,ACE MSCI멕시코(합성),18180.0,466.0,466.0,8471880.0,8471880.0,KOSPI,-1.44
530120,삼성 나스닥 100 TR ETN,16360.0,6201.0,6201.0,101448360.0,101448360.0,KOSPI,-1.03
488290,MIDAS 일본테크액티브,46730.0,1489.0,1489.0,69580970.0,69580970.0,KOSPI,-2.36
453630,KODEX 미국S&P500필수소비재,12560.0,12406.0,12406.0,155819360.0,155819360.0,KOSPI,-1.8
760015,키움 레버리지 바이오TOP10 ETN,8140.0,44811.0,44811.0,364761540.0,364761540.0,KOSPI,-5.4
131890,ACE 삼성그룹동일가중,40650.0,1613.0,1613.0,65568450.0,65568450.0,KOSPI,-2.8
432840,HANARO 미국S&P500,20260.0,2391.0,2391.0,48441660.0,48441660.0,KOSPI,-1.44
219390,RISE 미국S&P원유생산기업(합성 H),8065.0,31996.0,31996.0,258047740.0,258047740.0,KOSPI,3.27
387280,TIGER 퓨처모빌리티액티브,11895.0,3701.0,3701.0,44023395.0,44023395.0,KOSPI,-3.76
001420,태원물산,2100.0,263327.0,263327.0,552986700.0,552986700.0,KOSPI,4.48
0220A0,KIWOOM 현대차그룹TOP3채권혼합50,9785.0,71648.0,71648.0,701075680.0,701075680.0,KOSPI,-2.1
453820,KODEX 인도Nifty50레버리지(합성),12025.0,1861.0,1861.0,22378525.0,22378525.0,KOSPI,-2.63
266410,KODEX 필수소비재,9735.0,121770.0,121770.0,1185430950.0,1185430950.0,KOSPI,-1.17
337150,KODEX 200exTOP,25945.0,1542.0,1542.0,40007190.0,40007190.0,KOSPI,-1.89
005725,넥센우,4300.0,2048.0,2048.0,8806400.0,8806400.0,KOSPI,-0.12
0090B0,PLUS K방산소부장,7005.0,101946.0,101946.0,714131730.0,714131730.0,KOSPI,-5.53
18064K,한진칼우,28650.0,1587.0,1587.0,45467550.0,45467550.0,KOSPI,-2.05
001770,SHD,12630.0,5287.0,5287.0,66774810.0,66774810.0,KOSPI,29.94
413930,WON AI ESG액티브,27890.0,201.0,201.0,5605890.0,5605890.0,KOSPI,-0.89
0153P0,ACE 리츠부동산인프라액티브,9535.0,1140.0,1140.0,10869900.0,10869900.0,KOSPI,-1.04
580090,KB 솔랙티브 인버스 2X 금 선물 ETN,15225.0,1018.0,1018.0,15499050.0,15499050.0,KOSPI,-2.93
530095,삼성 구리 선물 ETN(H),15155.0,3.0,3.0,45465.0,45465.0,KOSPI,0.97
0051A0,KoAct 브로드컴밸류체인액티브,25210.0,31256.0,31256.0,787963760.0,787963760.0,KOSPI,-1.79
114460,ACE 국고채3년,100590.0,868.0,868.0,87312120.0,87312120.0,KOSPI,-0.14
491510,파워 K-주주가치액티브,17715.0,120.0,120.0,2125800.0,2125800.0,KOSPI,-1.88
104520,KIWOOM 블루칩,15050.0,187.0,187.0,2814350.0,2814350.0,KOSPI,-1.31
130680,TIGER 원유선물Enhanced(H),6990.0,44063.0,44063.0,308000370.0,308000370.0,KOSPI,3.48
570099,한투 인버스2X엔달러 선물 ETN(H),14955.0,1.0,1.0,14955.0,14955.0,KOSPI,0.23
610039,메리츠 인버스 미국채30년 ETN(H),14905.0,252.0,252.0,3756060.0,3756060.0,KOSPI,1.39
0013P0,RISE 미국은행TOP10,13450.0,7471.0,7471.0,100484950.0,100484950.0,KOSPI,-0.41
453010,PLUS KOFR금리,109725.0,2153.0,2153.0,236237925.0,236237925.0,KOSPI,0.01
610062,메리츠 인버스 3X 국채30년 ETN,73190.0,399.0,399.0,29202810.0,29202810.0,KOSPI,3.4
570063,한투 베트남VN30선물 ETN(H),14585.0,17.0,17.0,247945.0,247945.0,KOSPI,1.11
102960,KODEX 기계장비,13670.0,4993.0,4993.0,68254310.0,68254310.0,KOSPI,-3.73
396510,TIGER 차이나클린에너지SOLACTIVE,7830.0,48726.0,48726.0,381524580.0,381524580.0,KOSPI,1.62
0193L0,PLUS 삼성전자선물단일종목인버스2X,9530.0,907190.0,907190.0,8645520700.0,8645520700.0,KOSPI,4.04
520088,미래에셋 S&P500 VIX S/T 선물 ETN(H),7130.0,78774.0,78774.0,561658620.0,561658620.0,KOSPI,0.49
234310,RISE V&S셀렉트밸류,28500.0,8.0,8.0,228000.0,228000.0,KOSPI,-2.5
244620,KODEX 모멘텀Plus,20315.0,1304.0,1304.0,26490760.0,26490760.0,KOSPI,-1.74
005257,녹십자홀딩스2우,16800.0,352.0,352.0,5913600.0,5913600.0,KOSPI,-2.61
438900,HANARO Fn K-푸드,11365.0,54785.0,54785.0,622631525.0,622631525.0,KOSPI,-1.77
373490,KODEX 코리아혁신성장액티브,25820.0,10296.0,10296.0,265842720.0,265842720.0,KOSPI,-2.22
417450,RISE 글로벌수소경제,16600.0,2320.0,2320.0,38512000.0,38512000.0,KOSPI,-0.66
0004G0,1Q 미국배당TOP30,9405.0,9687.0,9687.0,91106235.0,91106235.0,KOSPI,-1.72
000087,하이트진로2우B,12460.0,294.0,294.0,3663240.0,3663240.0,KOSPI,0.0
0028X0,KODEX 미국금융테크액티브,12240.0,22397.0,22397.0,274139280.0,274139280.0,KOSPI,-1.41
610072,메리츠 KAP 레버리지 중국 위안화 ETN,28150.0,3.0,3.0,84450.0,84450.0,KOSPI,-1.02
404650,SOL KRX기후변화솔루션,23415.0,184.0,184.0,4308360.0,4308360.0,KOSPI,-3.84
570123,한투 은선물 ETN,7020.0,491.0,491.0,3446820.0,3446820.0,KOSPI,3.24
580086,KB 솔랙티브 레버리지 천연가스 선물 ETN,13950.0,73654.0,73654.0,1027473300.0,1027473300.0,KOSPI,-5.01
002070,비비안,5800.0,114294.0,114294.0,662905200.0,662905200.0,KOSPI,-1.69
001795,대한제당우,2145.0,4222.0,4222.0,9056190.0,9056190.0,KOSPI,0.47
570105,한투 인버스일본니케이225선물 ETN(H),4630.0,794.0,794.0,3676220.0,3676220.0,KOSPI,1.2
496130,TRUSTON 코리아밸류업액티브,25580.0,214.0,214.0,5474120.0,5474120.0,KOSPI,-2.25
489860,KIWOOM 글로벌전력GRID인프라,16210.0,4557.0,4557.0,73868970.0,73868970.0,KOSPI,0.84
520076,미래에셋 1.5X 천연가스 선물 ETN,5495.0,17410.0,17410.0,95667950.0,95667950.0,KOSPI,-4.1
530129,삼성 인버스 2X 미국다우존스 선물 ETN,13705.0,975.0,975.0,13362375.0,13362375.0,KOSPI,1.78
0127T0,KIWOOM 미국S&P500&배당다우존스비중전환,11360.0,2792.0,2792.0,31717120.0,31717120.0,KOSPI,-1.17
700032,하나 인버스 2X 천연가스 선물 ETN(H),13575.0,4567.0,4567.0,61997025.0,61997025.0,KOSPI,4.91
0088N0,WON K-글로벌수급상위,10845.0,5007.0,5007.0,54300915.0,54300915.0,KOSPI,-2.03
0127V0,KIWOOM 미국S&P500 TOP10&배당다우비중전환,10830.0,2278.0,2278.0,24670740.0,24670740.0,KOSPI,-1.68
610096,메리츠 인버스 2X 천연가스 선물 ETN(H),13530.0,50350.0,50350.0,681235500.0,681235500.0,KOSPI,4.2
472720,TRUSTON 주주가치액티브,25970.0,669.0,669.0,17373930.0,17373930.0,KOSPI,-1.14
0015F0,KIWOOM 팔란티어미국30년국채혼합액티브(H),10375.0,12266.0,12266.0,127259750.0,127259750.0,KOSPI,-2.21
266390,KODEX 경기소비재,14960.0,4821.0,4821.0,72122160.0,72122160.0,KOSPI,-1.25
760028,키움 인버스 2X 반도체TOP10 ETN,3360.0,6952493.0,6952493.0,23360376480.0,23360376480.0,KOSPI,3.38
580052,KB 인버스 2X 밀 선물 ETN,26830.0,318.0,318.0,8531940.0,8531940.0,KOSPI,-4.09
0194R0,KIWOOM SK하이닉스선물단일종목레버리지,8235.0,67680.0,67680.0,557344800.0,557344800.0,KOSPI,1.23
580083,KB 레버리지 미국 S&P500 선물 ETN B,26665.0,78.0,78.0,2079870.0,2079870.0,KOSPI,-2.66
484890,SOL 머니마켓액티브,52480.0,6126.0,6126.0,321492480.0,321492480.0,KOSPI,0.01
00806K,대덕1우,10920.0,8747.0,8747.0,95517240.0,95517240.0,KOSPI,-1.44
280920,PLUS 주도업종,23940.0,653.0,653.0,15632820.0,15632820.0,KOSPI,-2.11
700036,하나 인버스 2X 반도체 ETN,2630.0,3562571.0,3562571.0,9369561730.0,9369561730.0,KOSPI,1.35
252650,KODEX 200동일가중,18610.0,10370.0,10370.0,192985700.0,192985700.0,KOSPI,-2.51
530092,삼성 인버스 코스피 200 선물 ETN,2605.0,147994.0,147994.0,385524370.0,385524370.0,KOSPI,1.17
580032,KB 레버리지 구리 선물 ETN(H),26040.0,455.0,455.0,11848200.0,11848200.0,KOSPI,-0.63
300610,TIGER K게임,5410.0,21541.0,21541.0,116536810.0,116536810.0,KOSPI,-3.39
0222F0,마이티 AI데이터센터밸류체인,12960.0,12136.0,12136.0,157282560.0,157282560.0,KOSPI,-1.93
360150,KODEX 코스닥150롱코스피200숏선물,3160.0,260192.0,260192.0,822206720.0,822206720.0,KOSPI,-2.62
0008E0,ACE 미국중심중소형제조업,13575.0,5066.0,5066.0,68770950.0,68770950.0,KOSPI,1.12
428560,KODEX 미국ETF산업Top10 Indxx,16115.0,2170.0,2170.0,34969550.0,34969550.0,KOSPI,-2.04
550100,N2 인버스 2X 천연가스 선물 ETN,12855.0,4.0,4.0,51420.0,51420.0,KOSPI,3.75
435550,KIWOOM TDF2050액티브 적격,18320.0,8779.0,8779.0,160831280.0,160831280.0,KOSPI,-0.65
395760,PLUS ESG성장주액티브,21365.0,142.0,142.0,3033830.0,3033830.0,KOSPI,-1.77
580051,KB 레버리지 밀 선물 ETN,8510.0,4373.0,4373.0,37214230.0,37214230.0,KOSPI,3.47
176950,KODEX 국채선물10년인버스,60725.0,602.0,602.0,36556450.0,36556450.0,KOSPI,0.75
137610,TIGER 농산물선물Enhanced(H),5540.0,15073.0,15073.0,83504420.0,83504420.0,KOSPI,2.31
279540,KODEX 최소변동성,21225.0,86.0,86.0,1825350.0,1825350.0,KOSPI,-1.16
290080,RISE 200고배당커버드콜ATM,7275.0,18331.0,18331.0,133358025.0,133358025.0,KOSPI,-0.75
272570,RISE 중장기국공채액티브,107700.0,105.0,105.0,11308500.0,11308500.0,KOSPI,-0.27
580080,KB 인버스 은 선물 ETN,12695.0,28.0,28.0,355460.0,355460.0,KOSPI,-1.21
435040,ACE 글로벌브랜드TOP10,19445.0,214.0,214.0,4161230.0,4161230.0,KOSPI,-2.04
580088,KB 인버스 2X KOSPI 200 선물 ETN B,25175.0,97209.0,97209.0,2447236575.0,2447236575.0,KOSPI,2.84
610086,메리츠 인버스2X 미국채30년 스트립 ETN(H),62860.0,3.0,3.0,188580.0,188580.0,KOSPI,5.43
610071,메리츠 KAP 중국 위안화 ETN,12540.0,62.0,62.0,777480.0,777480.0,KOSPI,-0.12
0208N0,IBK 코스피액티브,7565.0,4780.0,4780.0,36160700.0,36160700.0,KOSPI,-1.05
45226K,한화갤러리아우,4285.0,9570.0,9570.0,41007450.0,41007450.0,KOSPI,-0.23
363510,SOL KIS단기통안채,112035.0,13.0,13.0,1456455.0,1456455.0,KOSPI,0.0
269530,PLUS S&P글로벌인프라,20705.0,1848.0,1848.0,38262840.0,38262840.0,KOSPI,0.56
530137,삼성 KRX 2차전지 TOP10 TR ETN,12415.0,244.0,244.0,3029260.0,3029260.0,KOSPI,-0.64
453660,KODEX 미국S&P500경기소비재,17715.0,560.0,560.0,9920400.0,9920400.0,KOSPI,-1.96
140580,RISE 우량업종대표주,24775.0,952.0,952.0,23585800.0,23585800.0,KOSPI,-1.78
580054,KB 인버스 2X 콩 선물 ETN,24720.0,11.0,11.0,271920.0,271920.0,KOSPI,-6.04
332610,PLUS 미국단기회사채(AAA~A),128630.0,145.0,145.0,18651350.0,18651350.0,KOSPI,-0.28
269370,TIGER S&P글로벌인프라(합성),17630.0,564.0,564.0,9943320.0,9943320.0,KOSPI,0.48
580043,KB 레버리지 KOSDAQ 150 선물 ETN,24630.0,1189.0,1189.0,29285070.0,29285070.0,KOSPI,-7.72
530127,삼성 미국다우존스 TR ETN,12300.0,14.0,14.0,172200.0,172200.0,KOSPI,-1.24
0000H0,KODEX 인도Nifty미드캡100,10695.0,3113.0,3113.0,33293535.0,33293535.0,KOSPI,-0.97
400570,KODEX 유럽탄소배출권선물ICE(H),11155.0,2427.0,2427.0,27073185.0,27073185.0,KOSPI,-1.41
453060,HANARO KOFR금리액티브(합성),111280.0,128.0,128.0,14243840.0,14243840.0,KOSPI,0.01
487750,BNK 온디바이스AI,30590.0,2627.0,2627.0,80359930.0,80359930.0,KOSPI,-0.49
145995,삼양사우,32900.0,336.0,336.0,11054400.0,11054400.0,KOSPI,0.0
520064,미래에셋 2X 미국채울트라30년 선물 ETN,6080.0,110.0,110.0,668800.0,668800.0,KOSPI,-3.11
485810,TIME 글로벌바이오액티브,10995.0,6766.0,6766.0,74392170.0,74392170.0,KOSPI,-0.99
0221Z0,ACE K바이오코스닥액티브,10945.0,398577.0,398577.0,4362425265.0,4362425265.0,KOSPI,-4.91
530139,삼성 iSelect 조선 TOP10 TR ETN,12030.0,15.0,15.0,180450.0,180450.0,KOSPI,-3.49
610020,메리츠 인버스 국채10년 ETN,12010.0,10.0,10.0,120100.0,120100.0,KOSPI,0.8
251590,PLUS 고배당저변동50,17115.0,1839.0,1839.0,31474485.0,31474485.0,KOSPI,-1.81
354240,RISE 미국고정배당우선증권,10775.0,2858.0,2858.0,30794950.0,30794950.0,KOSPI,-1.15
610093,메리츠 인버스 3X 일본 국채 10년 ETN,23690.0,42.0,42.0,994980.0,994980.0,KOSPI,0.74
610035,메리츠 레버리지 대표 농산물 선물 ETN(H),11840.0,6716.0,6716.0,79517440.0,79517440.0,KOSPI,5.95
419420,KODEX 미국클린에너지나스닥,9850.0,1891.0,1891.0,18626350.0,18626350.0,KOSPI,-0.71
448490,HANARO 32-10 국고채액티브,52545.0,72.0,72.0,3783240.0,3783240.0,KOSPI,-0.89
457700,KODEX 53-09 국고채액티브,8915.0,1192.0,1192.0,10626680.0,10626680.0,KOSPI,-1.11
610070,메리츠 KAP 인버스 2X 일본 엔화 ETN,23455.0,22689.0,22689.0,532170495.0,532170495.0,KOSPI,0.62
0093B0,RISE 엔비디아고정테크100,13025.0,3764.0,3764.0,49026100.0,49026100.0,KOSPI,-2.07
166400,TIGER 200커버드콜OTM,23230.0,7186.0,7186.0,166930780.0,166930780.0,KOSPI,-1.25
0222D0,KoAct 고배당액티브,10535.0,47741.0,47741.0,502951435.0,502951435.0,KOSPI,-0.85
0084E0,KIWOOM 미국대형주500월간목표헤지액티브,10530.0,17.0,17.0,179010.0,179010.0,KOSPI,-1.22
463640,KODEX 미국S&P500유틸리티,14430.0,7766.0,7766.0,112063380.0,112063380.0,KOSPI,-0.24
410870,TIME K컬처액티브,9590.0,6511.0,6511.0,62440490.0,62440490.0,KOSPI,-2.59
409810,KODEX 미국나스닥100선물인버스(H),5475.0,108808.0,108808.0,595723800.0,595723800.0,KOSPI,1.2
610049,메리츠 국채5년 ETN,11475.0,2.0,2.0,22950.0,22950.0,KOSPI,-0.35
371870,ACE 차이나항셍테크,7140.0,12215.0,12215.0,87215100.0,87215100.0,KOSPI,-0.56
464610,SOL 의료기기소부장Fn,7585.0,43510.0,43510.0,330023350.0,330023350.0,KOSPI,-4.11
015260,에이엔피,240.0,1267909.0,1267909.0,304298160.0,304298160.0,KOSPI,-8.75
610074,메리츠 미국채10년 ETN,11300.0,81.0,81.0,915300.0,915300.0,KOSPI,-0.57
500086,신한 코스닥 150 TR ETN,11255.0,3.0,3.0,33765.0,33765.0,KOSPI,-2.85
610060,메리츠 인버스 3X 국채10년 ETN,22500.0,10.0,10.0,225000.0,225000.0,KOSPI,2.27
407820,에셋플러스 코리아플랫폼액티브,6245.0,380.0,380.0,2373100.0,2373100.0,KOSPI,-3.18
451600,PLUS 국고채30년액티브,81910.0,371.0,371.0,30388610.0,30388610.0,KOSPI,-1.12
451150,에셋플러스 글로벌영에이지액티브,18080.0,4.0,4.0,72320.0,72320.0,KOSPI,-1.77
0094L0,RISE 차이나테크TOP10위클리타겟커버드콜,8005.0,7695.0,7695.0,61598475.0,61598475.0,KOSPI,-0.44
430500,KIWOOM 물가채KIS,111805.0,641.0,641.0,71667005.0,71667005.0,KOSPI,-0.74
610079,메리츠 인버스 3X 미국채30년 ETN,55815.0,34.0,34.0,1897710.0,1897710.0,KOSPI,4.61
446700,RISE 배터리 리사이클링,10335.0,3833.0,3833.0,39614055.0,39614055.0,KOSPI,-4.26
580065,KB 코스닥 150 TR ETN,11100.0,39956.0,39956.0,443511600.0,443511600.0,KOSPI,-2.03
461580,TIGER 코스닥글로벌,15855.0,55983.0,55983.0,887610465.0,887610465.0,KOSPI,-3.97
044380,주연테크,859.0,373230.0,373230.0,320604570.0,320604570.0,KOSPI,0.0
520097,미래에셋 1.5X S&P500 VIX S/T선물 ETN,11065.0,22129.0,22129.0,244857385.0,244857385.0,KOSPI,0.59
500063,신한 인버스 코스닥 150 선물 ETN,5525.0,684.0,684.0,3779100.0,3779100.0,KOSPI,5.14
700014,하나 인버스 2X 콩 선물 ETN(H),11020.0,2.0,2.0,22040.0,22040.0,KOSPI,-5.2
498050,HANARO 바이오코리아액티브,10985.0,21355.0,21355.0,234584675.0,234584675.0,KOSPI,-4.69
140710,KODEX 운송,6450.0,7751.0,7751.0,49993950.0,49993950.0,KOSPI,-0.39
520040,미래에셋 인버스 코스닥150 선물 ETN,5480.0,30577.0,30577.0,167561960.0,167561960.0,KOSPI,3.98
610055,메리츠 3X 레버리지 국채3년 ETN,21910.0,24.0,24.0,525840.0,525840.0,KOSPI,-0.23
385710,TIME K이노베이션액티브,10905.0,2155.0,2155.0,23500275.0,23500275.0,KOSPI,-3.45
610102,메리츠 솔랙티브 금 선물 ETN(H),10895.0,49.0,49.0,533855.0,533855.0,KOSPI,1.97
0002C0,에셋플러스 인도일등기업포커스20액티브,10060.0,163.0,163.0,1639780.0,1639780.0,KOSPI,-0.49
0068M0,KODEX 미국S&P500버퍼6월액티브,12070.0,61.0,61.0,736270.0,736270.0,KOSPI,-0.98
084695,대상홀딩스우,11880.0,1159.0,1159.0,13768920.0,13768920.0,KOSPI,0.08
38380K,LX홀딩스1우,7400.0,2431.0,2431.0,17989400.0,17989400.0,KOSPI,-0.27
00781K,코리아써키트2우B,13800.0,1780.0,1780.0,24564000.0,24564000.0,KOSPI,-0.43
310080,RISE 중국MSCI China(H),9395.0,2674.0,2674.0,25122230.0,25122230.0,KOSPI,1.57
580059,KB 미국채 10년 ETN,10790.0,3.0,3.0,32370.0,32370.0,KOSPI,-1.01
0001P0,마이티 바이오시밀러&CDMO액티브,9585.0,1501.0,1501.0,14387085.0,14387085.0,KOSPI,-4.82
0191S0,IBK 코스닥150,14505.0,36023.0,36023.0,522513615.0,522513615.0,KOSPI,-3.2
494180,TIME 글로벌소비트렌드액티브,13385.0,51043.0,51043.0,683210555.0,683210555.0,KOSPI,-2.41
0120X0,유진 챔피언중단기크레딧 X클래스,10075.0,3820.0,3820.0,38486500.0,38486500.0,KOSPI,-0.1
580087,KB 솔랙티브 인버스 천연가스 선물 ETN,10600.0,43.0,43.0,455800.0,455800.0,KOSPI,2.02
520046,미래에셋 레버리지 옥수수 선물 ETN,10575.0,1366.0,1366.0,14445450.0,14445450.0,KOSPI,6.17
520038,미래에셋 인버스 코스피200 선물 ETN,2625.0,111327.0,111327.0,292233375.0,292233375.0,KOSPI,1.55
0194N0,KIWOOM 삼성전자선물단일종목레버리지,11980.0,26335.0,26335.0,315493300.0,315493300.0,KOSPI,-3.97
487910,ACE 인도컨슈머파워액티브,8695.0,1245.0,1245.0,10825275.0,10825275.0,KOSPI,-1.02
0226G0,WON 피지컬AI TOP2플러스액티브,13020.0,18941.0,18941.0,246611820.0,246611820.0,KOSPI,-2.44
456250,KODEX 유럽명품TOP10 STOXX,9055.0,8762.0,8762.0,79339910.0,79339910.0,KOSPI,-2.9
570085,한투 인도네시아대표원자재 ETN,10410.0,24.0,24.0,249840.0,249840.0,KOSPI,1.46
140570,RISE 수출주,26005.0,285.0,285.0,7411425.0,7411425.0,KOSPI,-2.38
354350,HANARO 글로벌럭셔리S&P(합성),19985.0,1054.0,1054.0,21064190.0,21064190.0,KOSPI,-2.25
460270,KIWOOM 미국달러SOFR금리액티브(합성),12805.0,3485.0,3485.0,44625425.0,44625425.0,KOSPI,-0.47
237440,TIGER 경기방어채권혼합,10315.0,8682.0,8682.0,89554830.0,89554830.0,KOSPI,-0.77
610077,메리츠 미국채30년 ETN,10300.0,5117.0,5117.0,52705100.0,52705100.0,KOSPI,-1.29
181480,ACE 미국부동산리츠(합성 H),85645.0,22.0,22.0,1884190.0,1884190.0,KOSPI,-0.16
610092,메리츠 인버스 일본 국채 10년 ETN,10270.0,1.0,1.0,10270.0,10270.0,KOSPI,0.49
429010,TIGER 미국나스닥넥스트100,20520.0,226.0,226.0,4637520.0,4637520.0,KOSPI,-0.85
0189Z0,DAISHIN343 금융&지주고배당,10210.0,1068.0,1068.0,10904280.0,10904280.0,KOSPI,-1.35
700030,하나 S&P 인버스 2X WTI원유 선물 ETN B,2550.0,76001.0,76001.0,193802550.0,193802550.0,KOSPI,-8.27
580060,KB 레버리지 미국채 10년 ETN,20375.0,4.0,4.0,81500.0,81500.0,KOSPI,-1.81
0227K0,RISE 미국우주위성통신,10185.0,198996.0,198996.0,2026774260.0,2026774260.0,KOSPI,-0.15
0113G0,KoAct 미국바이오헬스케어액티브,11300.0,20816.0,20816.0,235220800.0,235220800.0,KOSPI,0.36
0067Y0,TIGER 차이나AI소프트웨어,11260.0,44407.0,44407.0,500022820.0,500022820.0,KOSPI,-2.21
003075,코오롱글로벌우,13630.0,838.0,838.0,11421940.0,11421940.0,KOSPI,-1.45
117690,TIGER 차이나항셍30,20145.0,489.0,489.0,9850905.0,9850905.0,KOSPI,0.88
610082,메리츠 인도 루피화 ETN,10055.0,29.0,29.0,291595.0,291595.0,KOSPI,-0.4
700033,하나 K방산TOP10 ETN,9980.0,39568.0,39568.0,394888640.0,394888640.0,KOSPI,-1.82
530064,삼성 인버스 2X 구리 선물 ETN(H),665.0,4741.0,4741.0,3152765.0,3152765.0,KOSPI,0.0
610098,메리츠 미국채30년 풋라이트 ETN(H),9930.0,7500.0,7500.0,74475000.0,74475000.0,KOSPI,-0.45
0203D0,PLUS 200위클리커버드콜채권혼합,9025.0,23738.0,23738.0,214235450.0,214235450.0,KOSPI,-0.72
610068,메리츠 KAP 일본 엔화 ETN,9890.0,25020.0,25020.0,247447800.0,247447800.0,KOSPI,-0.75
463690,KODEX 미국S&P500커뮤니케이션,17960.0,6613.0,6613.0,118769480.0,118769480.0,KOSPI,-2.63
0174R0,KIWOOM 미국성장다우존스,11565.0,3124.0,3124.0,36129060.0,36129060.0,KOSPI,-1.78
0120J0,BNK 카카오그룹포커스,7845.0,10568.0,10568.0,82905960.0,82905960.0,KOSPI,-4.33
281990,RISE 중소형고배당,17805.0,426.0,426.0,7584930.0,7584930.0,KOSPI,-1.93
004255,NPC우,1852.0,22677.0,22677.0,41997804.0,41997804.0,KOSPI,-1.07
0224D0,KIWOOM 미국CPU반도체TOP4+,9765.0,73315.0,73315.0,715920975.0,715920975.0,KOSPI,-2.06
252000,TIGER 200동일가중,19405.0,1376.0,1376.0,26701280.0,26701280.0,KOSPI,-2.71
399580,RISE 글로벌클린에너지,9670.0,2327.0,2327.0,22502090.0,22502090.0,KOSPI,-1.88
580061,KB 미국채 30년 ETN,9600.0,56.0,56.0,537600.0,537600.0,KOSPI,-2.04
449680,TIGER 한중전기차(합성),11250.0,303.0,303.0,3408750.0,3408750.0,KOSPI,-1.14
482030,KoAct 반도체&2차전지핵심소재액티브,9105.0,20064.0,20064.0,182682720.0,182682720.0,KOSPI,-2.57
0214M0,MIDAS 바이오헬스케어액티브,11205.0,4686.0,4686.0,52506630.0,52506630.0,KOSPI,-4.96
480460,WON 한국부동산TOP3플러스,9490.0,28.0,28.0,265720.0,265720.0,KOSPI,0.53
375270,RISE 글로벌데이터센터리츠(합성),14580.0,469.0,469.0,6838020.0,6838020.0,KOSPI,0.24
760027,키움 인버스 2X 전력 TOP5 ETN,4715.0,173332.0,173332.0,817260380.0,817260380.0,KOSPI,-1.26
0084D0,KIWOOM 미국테크100월간목표헤지액티브,11705.0,349.0,349.0,4085045.0,4085045.0,KOSPI,-1.51
301400,PLUS 코스닥150,14380.0,8922.0,8922.0,128298360.0,128298360.0,KOSPI,-3.81
001755,한양증권우,19720.0,677.0,677.0,13350440.0,13350440.0,KOSPI,0.1
371150,RISE 차이나항셍테크,7120.0,8014.0,8014.0,57059680.0,57059680.0,KOSPI,0.0
001067,JW중외제약2우B,44050.0,9.0,9.0,396450.0,396450.0,KOSPI,-2.11
004105,태양금속우,2795.0,14032.0,14032.0,39219440.0,39219440.0,KOSPI,-1.06
0133E0,TIGER 차이나증권,8775.0,730.0,730.0,6405750.0,6405750.0,KOSPI,0.11
341850,TIGER 리츠부동산인프라채권,4605.0,6866.0,6866.0,31617930.0,31617930.0,KOSPI,-0.86
610034,메리츠 대표 농산물 선물 ETN(H),9210.0,298.0,298.0,2744580.0,2744580.0,KOSPI,3.02
0215T0,HANARO 미국AI광통신TOP10,10200.0,96915.0,96915.0,988533000.0,988533000.0,KOSPI,5.15
570107,한투 인버스2X일본니케이225선물 ETN(H),3670.0,322.0,322.0,1181740.0,1181740.0,KOSPI,3.53
139240,TIGER 200 철강소재,10880.0,26435.0,26435.0,287612800.0,287612800.0,KOSPI,-1.54
497510,ACE 글로벌빅파마,13000.0,1579.0,1579.0,20527000.0,20527000.0,KOSPI,-0.84
530141,삼성 중국 자동차 TOP5 TR ETN(H),9045.0,1794.0,1794.0,16226730.0,16226730.0,KOSPI,0.11
0219B0,KoAct 광통신&위성네트워크액티브,11275.0,47658.0,47658.0,537343950.0,537343950.0,KOSPI,-2.34
0216K0,KIWOOM 미국우주테크TOP2채권혼합50,9015.0,76450.0,76450.0,689196750.0,689196750.0,KOSPI,-0.61
610097,메리츠 미국채30년스트립 커버드콜 ETN(H),8970.0,3.0,3.0,26910.0,26910.0,KOSPI,-2.18
33637L,솔루스첨단소재2우B,2370.0,1150.0,1150.0,2725500.0,2725500.0,KOSPI,-1.86
429980,SOL 한국형글로벌전기차&2차전지액티브,17810.0,298.0,298.0,5307380.0,5307380.0,KOSPI,-0.36
230480,KIWOOM 미국달러선물인버스2X,4430.0,7490.0,7490.0,33180700.0,33180700.0,KOSPI,0.11
0219Z0,HANARO 미국S&P500액티브,11115.0,9237.0,9237.0,102669255.0,102669255.0,KOSPI,0.91
435540,KIWOOM TDF2040액티브 적격,17705.0,4376.0,4376.0,77477080.0,77477080.0,KOSPI,-0.87
395150,KODEX 웹툰&드라마,1841.0,105763.0,105763.0,194709683.0,194709683.0,KOSPI,-4.36
520085,미래에셋 -2X 미국 AI TOP3 ETN,8835.0,113.0,113.0,998355.0,998355.0,KOSPI,5.24
174350,TIGER 로우볼,21005.0,3314.0,3314.0,69610570.0,69610570.0,KOSPI,-1.41
570094,한투 일본엔선물 ETN C,8785.0,35.0,35.0,307475.0,307475.0,KOSPI,-0.73
610100,메리츠 레버리지 은 선물 ETN(H),8775.0,11100.0,11100.0,97402500.0,97402500.0,KOSPI,2.75
700011,하나 레버리지 옥수수 선물 ETN(H),8770.0,1242.0,1242.0,10892340.0,10892340.0,KOSPI,6.82
580079,KB 레버리지 은 선물 ETN,8705.0,4894.0,4894.0,42602270.0,42602270.0,KOSPI,1.99
610090,메리츠 일본 국채 10년 ETN,8685.0,120.0,120.0,1042200.0,1042200.0,KOSPI,-0.74
105010,TIGER 라틴35,6200.0,3928.0,3928.0,24353600.0,24353600.0,KOSPI,0.65
215620,HK S&P코리아로우볼,15965.0,35.0,35.0,558775.0,558775.0,KOSPI,-2.38
550099,N2 레버리지 천연가스 선물 ETN,8615.0,2859.0,2859.0,24630285.0,24630285.0,KOSPI,-5.17
500068,신한 인버스 2X 10년 국채선물 ETN,12305.0,19.0,19.0,233795.0,233795.0,KOSPI,1.86
497520,ACE 일라이릴리밸류체인,13140.0,12123.0,12123.0,159296220.0,159296220.0,KOSPI,-1.5
381570,HANARO Fn친환경에너지,10025.0,5314.0,5314.0,53272850.0,53272850.0,KOSPI,-3.0
610084,메리츠 미국채30년 스트립 ETN(H),8515.0,20.0,20.0,170300.0,170300.0,KOSPI,-2.8
395280,HANARO Fn K-게임,3605.0,28226.0,28226.0,101754730.0,101754730.0,KOSPI,-3.87
270800,RISE KQ고배당,15395.0,857.0,857.0,13193515.0,13193515.0,KOSPI,-3.33
570114,한투 S&P500 VIX S/T선물 ETN(H) B,8455.0,717.0,717.0,6062235.0,6062235.0,KOSPI,0.3
000225,유유제약1우,3720.0,5220.0,5220.0,19418400.0,19418400.0,KOSPI,0.95
457930,BNK 미래전략기술액티브,28105.0,61.0,61.0,1714405.0,1714405.0,KOSPI,-2.9
0218K0,BNK 스마트카,11180.0,352.0,352.0,3935360.0,3935360.0,KOSPI,-4.97
580085,KB 솔랙티브 천연가스 선물 ETN,8375.0,10153.0,10153.0,85031375.0,85031375.0,KOSPI,-2.28
500101,신한 블룸버그 천연가스 선물 ETN,8360.0,422.0,422.0,3527920.0,3527920.0,KOSPI,-2.51
462340,에셋플러스 글로벌다이나믹시니어액티브,16720.0,43.0,43.0,718960.0,718960.0,KOSPI,-2.31
530114,삼성 인버스 2X S&P500 선물 ETN,8345.0,16464.0,16464.0,137392080.0,137392080.0,KOSPI,2.08
261110,TIGER 미국달러선물레버리지,16680.0,2598.0,2598.0,43334640.0,43334640.0,KOSPI,-0.74
182490,TIGER 단기선진하이일드(합성 H),13880.0,380.0,380.0,5274400.0,5274400.0,KOSPI,0.18
0172Y0,ACE K수출핵심TOP10산업액티브,9755.0,4942.0,4942.0,48209210.0,48209210.0,KOSPI,-1.91
760025,키움 전력 TOP5 ETN,11840.0,902.0,902.0,10679680.0,10679680.0,KOSPI,1.24
466810,BNK 2차전지양극재,5710.0,46520.0,46520.0,265629200.0,265629200.0,KOSPI,-4.03
404540,TIGER KRX기후변화솔루션,23540.0,14721.0,14721.0,346532340.0,346532340.0,KOSPI,-3.76
530135,삼성 인버스 China A50 선물 ETN(H) B,8235.0,1.0,1.0,8235.0,8235.0,KOSPI,0.06
395750,PLUS ESG가치주액티브,20570.0,6.0,6.0,123420.0,123420.0,KOSPI,-1.95
0138D0,RISE 동학개미,12650.0,2402.0,2402.0,30385300.0,30385300.0,KOSPI,-1.44
0082F0,HANARO 유럽방산,11730.0,467.0,467.0,5477910.0,5477910.0,KOSPI,1.03
487920,ACE 인도시장대표BIG5그룹액티브,8205.0,3547.0,3547.0,29103135.0,29103135.0,KOSPI,-1.32
001515,SK증권우,4175.0,2221.0,2221.0,9272675.0,9272675.0,KOSPI,-2.0
580053,KB 레버리지 콩 선물 ETN,16280.0,16.0,16.0,260480.0,260480.0,KOSPI,5.85
256450,PLUS 심천차이넥스트(합성),16245.0,387.0,387.0,6286815.0,6286815.0,KOSPI,1.47
217780,TIGER 차이나CSI300인버스(합성),5230.0,35.0,35.0,183050.0,183050.0,KOSPI,-0.76
0226D0,FOCUS 금융반도체지주채권혼합50액티브,10110.0,14422.0,14422.0,145806420.0,145806420.0,KOSPI,-0.64
253280,RISE 헬스케어,13400.0,1342.0,1342.0,17982800.0,17982800.0,KOSPI,-3.6
012205,계양전기우,6850.0,27769.0,27769.0,190217650.0,190217650.0,KOSPI,4.26
0184N0,PLUS 은채권혼합,8895.0,25926.0,25926.0,230611770.0,230611770.0,KOSPI,0.74
225800,KIWOOM 미국달러선물레버리지,15695.0,353.0,353.0,5540335.0,5540335.0,KOSPI,-0.85
580062,KB 레버리지 미국채 30년 ETN,15885.0,12.0,12.0,190620.0,190620.0,KOSPI,-3.05
0094X0,1Q 샤오미밸류체인액티브,8785.0,4884.0,4884.0,42905940.0,42905940.0,KOSPI,2.03
001065,JW중외제약우,23100.0,601.0,601.0,13883100.0,13883100.0,KOSPI,2.44
0166T0,PLUS 글로벌저작권핵심기업액티브,9840.0,90.0,90.0,885600.0,885600.0,KOSPI,-1.06
435530,KIWOOM TDF2030액티브 적격,15675.0,5877.0,5877.0,92121975.0,92121975.0,KOSPI,-0.57
494210,SOL 미국500타겟데일리커버드콜액티브,11185.0,19850.0,19850.0,222022250.0,222022250.0,KOSPI,-1.71
520084,미래에셋 -2X 미국 자율주행대표기업 ETN,7810.0,100.0,100.0,781000.0,781000.0,KOSPI,0.97
189400,PLUS 글로벌MSCI(합성 H),26025.0,2466.0,2466.0,64177650.0,64177650.0,KOSPI,-0.86
570097,한투 엔달러선물 ETN(H),7785.0,102.0,102.0,794070.0,794070.0,KOSPI,-0.38
530142,삼성 중국 AI 테크 TOP5 TR ETN(H),7730.0,2003.0,2003.0,15483190.0,15483190.0,KOSPI,2.45
610095,메리츠 레버리지 천연가스 선물 ETN(H),7725.0,81137.0,81137.0,626783325.0,626783325.0,KOSPI,-4.92
390400,KODEX 미국스마트모빌리티S&P,7720.0,2153.0,2153.0,16621160.0,16621160.0,KOSPI,-0.71
225050,TIGER 유로스탁스레버리지(합성 H),17130.0,792.0,792.0,13566960.0,13566960.0,KOSPI,-0.23
500036,신한 인버스 2X 미국달러 선물 ETN,3845.0,20.0,20.0,76900.0,76900.0,KOSPI,0.13
700031,하나 레버리지 천연가스 선물 ETN(H),7685.0,15030.0,15030.0,115505550.0,115505550.0,KOSPI,-5.01
530090,삼성 인버스 은 선물 ETN(H),2555.0,14963.0,14963.0,38230465.0,38230465.0,KOSPI,-1.92
610094,메리츠 천연가스 선물 ETN(H),7620.0,21719.0,21719.0,165498780.0,165498780.0,KOSPI,-2.43
285690,FOCUS ESG리더스,21765.0,9.0,9.0,195885.0,195885.0,KOSPI,-2.2
227570,TIGER 우량가치,21075.0,5867.0,5867.0,123647025.0,123647025.0,KOSPI,-0.89
610073,메리츠 KAP 인버스 2X 중국 위안화 ETN,15160.0,411.0,411.0,6230760.0,6230760.0,KOSPI,0.83
438740,MIDAS 중소형액티브,33580.0,118.0,118.0,3962440.0,3962440.0,KOSPI,-2.37
488480,RISE 일본섹터TOP4Plus,13705.0,4795.0,4795.0,65715475.0,65715475.0,KOSPI,-0.72
402460,HANARO Fn K-메타버스MZ,15030.0,1282.0,1282.0,19268460.0,19268460.0,KOSPI,-2.34
304670,KODEX 미국30년국채울트라선물인버스(H),12525.0,2202.0,2202.0,27580050.0,27580050.0,KOSPI,1.17
0047N0,PLUS 차이나AI테크TOP10,10715.0,1336.0,1336.0,14315240.0,14315240.0,KOSPI,2.0
450180,KODEX 한중전기차(합성),11495.0,198.0,198.0,2276010.0,2276010.0,KOSPI,-2.63
0005C0,RISE 미국S&P500엔화노출(합성 H),11480.0,970.0,970.0,11135600.0,11135600.0,KOSPI,-1.63
510043,대신 인버스 천연가스 선물 ETN(H) B,7455.0,1234.0,1234.0,9199470.0,9199470.0,KOSPI,2.83
437370,RISE 글로벌농업경제,10450.0,3822.0,3822.0,39939900.0,39939900.0,KOSPI,-0.1
326230,RISE 내수주플러스,11355.0,818.0,818.0,9288390.0,9288390.0,KOSPI,-1.6
368680,KODEX K-뉴딜디지털플러스,8040.0,211.0,211.0,1696440.0,1696440.0,KOSPI,-2.96
610091,메리츠 3X 레버리지 일본 국채 10년 ETN,14465.0,3.0,3.0,43395.0,43395.0,KOSPI,-1.8
700035,하나 인버스 2X K방산TOP10 ETN,7205.0,58561.0,58561.0,421932005.0,421932005.0,KOSPI,5.34
0184V0,UNICORN K바이오액티브,6220.0,63131.0,63131.0,392674820.0,392674820.0,KOSPI,-7.65
139660,KIWOOM 미국달러선물인버스,8220.0,299.0,299.0,2457780.0,2457780.0,KOSPI,0.24
400590,SOL 글로벌탄소배출권선물ICE(합성),14220.0,537.0,537.0,7636140.0,7636140.0,KOSPI,-0.59
610099,메리츠 은 선물 ETN(H),7110.0,1428.0,1428.0,10153080.0,10153080.0,KOSPI,1.43
580078,KB 은 선물 ETN,7095.0,14.0,14.0,99330.0,99330.0,KOSPI,2.09
0036Z0,RISE 미국천연가스밸류체인,12820.0,917.0,917.0,11755940.0,11755940.0,KOSPI,0.87
139290,TIGER 200 경기소비재,27110.0,4008.0,4008.0,108656880.0,108656880.0,KOSPI,-3.07
0176P0,FOCUS AI반도체위클리고정커버드콜,12810.0,11979.0,11979.0,153450990.0,153450990.0,KOSPI,-0.16
570111,한투 3X레버리지미국채30년 ETN,35215.0,368.0,368.0,12959120.0,12959120.0,KOSPI,-4.48
570101,한투 인버스나스닥100 ETN B,7000.0,6.0,6.0,42000.0,42000.0,KOSPI,1.01
244670,KODEX 밸류Plus,11590.0,102.0,102.0,1182180.0,1182180.0,KOSPI,-1.61
760006,키움 KPOP ETN,6935.0,56.0,56.0,388360.0,388360.0,KOSPI,-4.01
250780,TIGER 코스닥150선물인버스,2425.0,624338.0,624338.0,1514019650.0,1514019650.0,KOSPI,4.3
570095,한투 레버리지일본엔선물 ETN C,6850.0,374.0,374.0,2561900.0,2561900.0,KOSPI,-0.72
530056,삼성 인버스 2X 금 선물 ETN(H),1711.0,2359.0,2359.0,4036249.0,4036249.0,KOSPI,-2.34
429740,PLUS K리츠,6190.0,1656.0,1656.0,10250640.0,10250640.0,KOSPI,-2.44
002995,금호건설우,23200.0,22377.0,22377.0,519146400.0,519146400.0,KOSPI,2.43
0102X0,ACE 유럽방산TOP10,10380.0,10709.0,10709.0,111159420.0,111159420.0,KOSPI,2.12
456200,PLUS 미국달러SOFR금리액티브(합성),61150.0,14.0,14.0,856100.0,856100.0,KOSPI,-0.36
500067,신한 레버리지 10년 국채선물 ETN,9500.0,2.0,2.0,19000.0,19000.0,KOSPI,-1.71
316300,ACE 싱가포르리츠,13225.0,817.0,817.0,10804825.0,10804825.0,KOSPI,-1.12
315270,TIGER 200커뮤니케이션서비스,20595.0,7806.0,7806.0,160764570.0,160764570.0,KOSPI,-2.07
550098,N2 인버스 2X 코스닥150 선물 ETN,6495.0,12881.0,12881.0,83662095.0,83662095.0,KOSPI,7.71
0087F0,ACE 차이나AI빅테크TOP2+액티브,12875.0,2171.0,2171.0,27951625.0,27951625.0,KOSPI,2.39
219900,ACE 중국본토CSI300레버리지(합성),4580.0,1723.0,1723.0,7891340.0,7891340.0,KOSPI,1.22
307510,TIGER 의료기기,12790.0,8675.0,8675.0,110953250.0,110953250.0,KOSPI,-5.26
530060,삼성 코스피 양매도 5% OTM ETN,6385.0,2.0,2.0,12770.0,12770.0,KOSPI,-0.7
530096,삼성 인버스 구리 선물 ETN(H),6340.0,29.0,29.0,183860.0,183860.0,KOSPI,0.08
004985,성신양회우,8610.0,1773.0,1773.0,15265530.0,15265530.0,KOSPI,-2.27
570092,한투 인버스2X유로스탁스50 ETN(H) B,6300.0,604.0,604.0,3805200.0,3805200.0,KOSPI,1.61
580084,KB 인버스 2X 미국 S&P500 선물 ETN B,12570.0,2.0,2.0,25140.0,25140.0,KOSPI,1.62
004835,덕성우,4465.0,418610.0,418610.0,1869093650.0,1869093650.0,KOSPI,9.84
291890,KODEX MSCI EM선물(H),12320.0,85.0,85.0,1047200.0,1047200.0,KOSPI,0.2
570064,한투 인버스베트남VN30선물 ETN(H),6145.0,1.0,1.0,6145.0,6145.0,KOSPI,0.33
0114X0,RISE 글로벌게임테크TOP3Plus,8760.0,1242.0,1242.0,10879920.0,10879920.0,KOSPI,-2.61
000325,노루홀딩스우,25050.0,449.0,449.0,11247450.0,11247450.0,KOSPI,-2.34
530122,삼성 인버스 2X 항셍테크 TR ETN(H) B,6065.0,919.0,919.0,5573735.0,5573735.0,KOSPI,0.08
138920,KODEX 콩선물(H),12100.0,5862.0,5862.0,70930200.0,70930200.0,KOSPI,2.54
413220,SOL 차이나태양광CSI(합성),5000.0,3394.0,3394.0,16970000.0,16970000.0,KOSPI,3.31
433250,UNICORN R&D 액티브,23955.0,150.0,150.0,3593250.0,3593250.0,KOSPI,-2.26
760010,키움 2차전지산업 ETN,8535.0,93.0,93.0,793755.0,793755.0,KOSPI,-3.94
407300,HANARO Fn골프테마,10850.0,3.0,3.0,32550.0,32550.0,KOSPI,-0.6
610023,메리츠 레버리지 미국채10년 ETN(H),5965.0,250.0,250.0,1491250.0,1491250.0,KOSPI,-1.0
0191B0,MIDAS 코스닥액티브,29765.0,1359.0,1359.0,40450635.0,40450635.0,KOSPI,-1.01
0053M0,더제이 중소형포커스액티브,13175.0,3857.0,3857.0,50815975.0,50815975.0,KOSPI,-2.37
314700,HANARO 농업융복합산업,10765.0,4761.0,4761.0,51252165.0,51252165.0,KOSPI,-1.28
570098,한투 레버리지엔달러선물 ETN(H),5910.0,3119.0,3119.0,18433290.0,18433290.0,KOSPI,-0.59
469530,RISE 미국달러선물인버스,9180.0,11.0,11.0,100980.0,100980.0,KOSPI,0.11
26490K,크라운제과우,7560.0,569.0,569.0,4301640.0,4301640.0,KOSPI,-0.26
570073,한투 인버스2X구리선물 ETN,5805.0,1.0,1.0,5805.0,5805.0,KOSPI,0.35
289670,PLUS 국채선물10년,51765.0,434.0,434.0,22466010.0,22466010.0,KOSPI,-0.62
401590,HANARO 글로벌탄소배출권선물ICE(합성),11360.0,406.0,406.0,4612160.0,4612160.0,KOSPI,-1.13
483020,KIWOOM 의료AI,9630.0,4963.0,4963.0,47793690.0,47793690.0,KOSPI,-3.56
400580,SOL 유럽탄소배출권선물S&P(H),11490.0,54.0,54.0,620460.0,620460.0,KOSPI,-1.2
451670,RISE 국채30년레버리지(합성),11435.0,732.0,732.0,8370420.0,8370420.0,KOSPI,-3.38
470310,UNICORN 생성형AI강소기업액티브,18990.0,47055.0,47055.0,893574450.0,893574450.0,KOSPI,-5.05
220130,SOL 차이나강소기업CSI500(합성 H),7095.0,1161.0,1161.0,8237295.0,8237295.0,KOSPI,2.09
267450,RISE 미국장기국채선물인버스(H),11210.0,4.0,4.0,44840.0,44840.0,KOSPI,0.27
570066,한투 인버스2X베트남VN30 선물 ETN(H),5605.0,33.0,33.0,184965.0,184965.0,KOSPI,1.72
488200,KIWOOM K-2차전지북미공급망,12370.0,12033.0,12033.0,148848210.0,148848210.0,KOSPI,-4.4
499150,SOL 미국S&P500엔화노출(H),11075.0,555.0,555.0,6146625.0,6146625.0,KOSPI,-1.56
432600,RISE 국채선물3년,55230.0,4.0,4.0,220920.0,220920.0,KOSPI,-0.15
476310,RISE 글로벌비만산업TOP2+,10015.0,618.0,618.0,6189270.0,6189270.0,KOSPI,-2.34
530062,삼성 인버스 2X 은 선물 ETN(H),42.0,61131.0,61131.0,2567502.0,2567502.0,KOSPI,2.44
510027,대신 인버스 2X 코스닥 150 선물 ETN,1813.0,51136.0,51136.0,92709568.0,92709568.0,KOSPI,8.56
760014,키움 바이오TOP10 ETN,7720.0,51.0,51.0,393720.0,393720.0,KOSPI,-2.59
580044,KB 인버스 2X KOSDAQ 150 선물 ETN,1792.0,336084.0,336084.0,602262528.0,602262528.0,KOSPI,9.0
0174J0,DAISHIN343 오피스리츠플러스,8920.0,23.0,23.0,205160.0,205160.0,KOSPI,-1.11
483030,KIWOOM 미국블록버스터바이오테크의약품+,11890.0,1957.0,1957.0,23268730.0,23268730.0,KOSPI,-0.21
490330,KoAct 미국치매&뇌질환치료제액티브,15280.0,1647.0,1647.0,25166160.0,25166160.0,KOSPI,0.0
530094,삼성 인버스 코스닥 150 선물 ETN,5345.0,6222.0,6222.0,33256590.0,33256590.0,KOSPI,1.33
321410,KODEX 멀티에셋하이인컴(H),10655.0,3.0,3.0,31965.0,31965.0,KOSPI,0.0
090355,노루페인트우,11420.0,59.0,59.0,673780.0,673780.0,KOSPI,-0.95
411860,KIWOOM 독일DAX,17570.0,359.0,359.0,6307630.0,6307630.0,KOSPI,-0.48
474390,SOL 국고채30년액티브,39235.0,158.0,158.0,6199130.0,6199130.0,KOSPI,-1.81
0015E0,KIWOOM 엔비디아미국30년국채혼합액티브(H),10500.0,1919.0,1919.0,20149500.0,20149500.0,KOSPI,-0.99
500061,신한 인버스 코스피 200 선물 ETN,2625.0,4036.0,4036.0,10594500.0,10594500.0,KOSPI,2.34
291630,KIWOOM 코스닥150선물레버리지,3615.0,80561.0,80561.0,291228015.0,291228015.0,KOSPI,-7.78
261920,ACE MSCI필리핀(합성),12960.0,2006.0,2006.0,25997760.0,25997760.0,KOSPI,-1.26
0132D0,KoAct 글로벌K컬처밸류체인액티브,9380.0,11473.0,11473.0,107616740.0,107616740.0,KOSPI,-1.42
0073X0,FOCUS 알리바바미국채커버드콜혼합,9350.0,157.0,157.0,1467950.0,1467950.0,KOSPI,-0.9
0128D0,PLUS 차이나항셍테크위클리타겟커버드콜,7320.0,5867.0,5867.0,42946440.0,42946440.0,KOSPI,0.07
295000,RISE 국채선물10년,51085.0,15.0,15.0,766275.0,766275.0,KOSPI,-0.58
498610,RISE 인도디지털성장,8420.0,334.0,334.0,2812280.0,2812280.0,KOSPI,-2.6
0078V0,PLUS 미국로보택시,10000.0,532.0,532.0,5320000.0,5320000.0,KOSPI,-0.55
391600,ACE 미국친환경그린테마,10950.0,371.0,371.0,4062450.0,4062450.0,KOSPI,-1.08
0154H0,KoAct 차이나바이오헬스케어액티브,8955.0,4989.0,4989.0,44676495.0,44676495.0,KOSPI,0.9
0015K0,TIGER 미국소비트렌드액티브,7200.0,9999.0,9999.0,71992800.0,71992800.0,KOSPI,-2.31
610029,메리츠 인버스 2X 구리 선물 ETN(H),4825.0,108.0,108.0,521100.0,521100.0,KOSPI,0.31
267440,RISE 미국장기국채선물(H),7950.0,388.0,388.0,3084600.0,3084600.0,KOSPI,-1.91
266550,PLUS 중형주저변동50,18935.0,1.0,1.0,18935.0,18935.0,KOSPI,0.0
0131A0,SOL 차이나소비트렌드,7765.0,952.0,952.0,7392280.0,7392280.0,KOSPI,-0.96
243890,TIGER 200에너지화학레버리지,8870.0,24517.0,24517.0,217465790.0,217465790.0,KOSPI,-2.21
244660,KODEX 퀄리티Plus,9245.0,927.0,927.0,8570115.0,8570115.0,KOSPI,-3.45
000145,하이트진로홀딩스우,9680.0,32.0,32.0,309760.0,309760.0,KOSPI,0.83
373790,KIWOOM 미국방어배당성장나스닥,16110.0,142.0,142.0,2287620.0,2287620.0,KOSPI,-1.04
488210,KIWOOM K-반도체북미공급망,22010.0,4006.0,4006.0,88172060.0,88172060.0,KOSPI,-0.7
252420,RISE 200선물인버스2X,82.0,2798520.0,2798520.0,229478640.0,229478640.0,KOSPI,2.5
205720,ACE 일본TOPIX인버스(합성 H),1439.0,6538.0,6538.0,9408182.0,9408182.0,KOSPI,1.12
227550,TIGER 200 산업재,12350.0,9823.0,9823.0,121314050.0,121314050.0,KOSPI,-1.83
277650,TIGER 코스피중형주,20850.0,357.0,357.0,7443450.0,7443450.0,KOSPI,-2.43
000545,흥국화재우,5410.0,492.0,492.0,2661720.0,2661720.0,KOSPI,-0.92
226380,ACE Fn성장소비주도주,5885.0,425.0,425.0,2501125.0,2501125.0,KOSPI,-2.57
530125,삼성 인버스 2X 일본니케이225선물 ETN(H),4115.0,6841.0,6841.0,28150715.0,28150715.0,KOSPI,3.52
009415,태영건설우,6300.0,3963.0,3963.0,24966900.0,24966900.0,KOSPI,-4.55
238670,PLUS 스마트베타Quality채권혼합,13620.0,13049.0,13049.0,177727380.0,177727380.0,KOSPI,-0.44
0050E0,PLUS 미국AI에이전트,8060.0,732.0,732.0,5899920.0,5899920.0,KOSPI,-4.1
005965,동부건설우,17700.0,521.0,521.0,9221700.0,9221700.0,KOSPI,-0.51
334690,RISE 팔라듐선물(H),6005.0,1615.0,1615.0,9698075.0,9698075.0,KOSPI,1.18
291680,RISE 차이나H선물인버스(H),7795.0,66.0,66.0,514470.0,514470.0,KOSPI,-1.14
500041,신한 인버스 2X 구리 선물 ETN,765.0,2.0,2.0,1530.0,1530.0,KOSPI,-1.03
225030,TIGER 미국S&P500선물인버스(H),2230.0,21660.0,21660.0,48301800.0,48301800.0,KOSPI,0.68
0079X0,ACE BYD밸류체인액티브,10615.0,2598.0,2598.0,27577770.0,27577770.0,KOSPI,1.63
007575,일양약품우,8230.0,729.0,729.0,5999670.0,5999670.0,KOSPI,-1.67
014825,동원시스템즈우,13800.0,178.0,178.0,2456400.0,2456400.0,KOSPI,0.66
427120,RISE AI플랫폼,5260.0,94187.0,94187.0,495423620.0,495423620.0,KOSPI,-5.23
267490,RISE 미국장기국채선물레버리지(합성 H),4920.0,2026.0,2026.0,9967920.0,9967920.0,KOSPI,-2.38
760024,키움 인버스 2X K방산 TOP5 ETN,6770.0,7528.0,7528.0,50964560.0,50964560.0,KOSPI,5.78
014285,금강공업우,5720.0,1834.0,1834.0,10490480.0,10490480.0,KOSPI,-2.05
570023,한투 인버스2XS&P500선물 ETN(H),665.0,20592.0,20592.0,13693680.0,13693680.0,KOSPI,1.84
489010,PLUS 글로벌AI인프라,21725.0,1719.0,1719.0,37345275.0,37345275.0,KOSPI,-2.23
005745,크라운해태홀딩스우,5330.0,44.0,44.0,234520.0,234520.0,KOSPI,-0.74
306530,HANARO 코스닥150선물레버리지,7200.0,34898.0,34898.0,251265600.0,251265600.0,KOSPI,-8.63
454180,KIWOOM 차이나내수소비TOP CSI,7780.0,341.0,341.0,2652980.0,2652980.0,KOSPI,-0.83
227560,TIGER 200 생활소비재,12900.0,4437.0,4437.0,57237300.0,57237300.0,KOSPI,-1.26
476000,UNICORN 포스트IPO액티브,5450.0,11485.0,11485.0,62593250.0,62593250.0,KOSPI,-5.63
145670,ACE 인버스,1302.0,265518.0,265518.0,345704436.0,345704436.0,KOSPI,1.32
36328K,티와이홀딩스우,2430.0,1074.0,1074.0,2609820.0,2609820.0,KOSPI,-2.8
280940,KODEX 골드선물인버스(H),3445.0,3531.0,3531.0,12164295.0,12164295.0,KOSPI,-1.43
014915,성문전자우,4590.0,377.0,377.0,1730430.0,1730430.0,KOSPI,-4.87
252410,RISE 200선물인버스,1330.0,38863.0,38863.0,51687790.0,51687790.0,KOSPI,1.29
291620,KIWOOM 코스닥150선물인버스,4285.0,105259.0,105259.0,451034815.0,451034815.0,KOSPI,4.51
491630,RISE 미국반도체인버스(합성 H),5120.0,1493.0,1493.0,7644160.0,7644160.0,KOSPI,0.2
580033,KB 인버스 2X 구리 선물 ETN(H),4830.0,3443.0,3443.0,16629690.0,16629690.0,KOSPI,0.63
001525,동양우,9120.0,320.0,320.0,2918400.0,2918400.0,KOSPI,-0.87
000227,유유제약2우B,7400.0,5503.0,5503.0,40722200.0,40722200.0,KOSPI,-5.13
500051,신한 인버스 2X S&P500 선물 ETN,1179.0,402.0,402.0,473958.0,473958.0,KOSPI,1.99
008355,남선알미우,7470.0,237.0,237.0,1770390.0,1770390.0,KOSPI,2.47
275750,RISE 코스닥150선물인버스,2455.0,60277.0,60277.0,147980035.0,147980035.0,KOSPI,4.69
334700,RISE 팔라듐선물인버스(H),3320.0,206.0,206.0,683920.0,683920.0,KOSPI,-1.78
253230,KIWOOM 200선물인버스2X,79.0,6393171.0,6393171.0,505060509.0,505060509.0,KOSPI,3.95
500030,신한 인버스 2X 은 선물 ETN(H),59.0,12359.0,12359.0,729181.0,729181.0,KOSPI,-1.67
570070,한투 인버스2X플래티넘선물 ETN,1846.0,11166.0,11166.0,20612436.0,20612436.0,KOSPI,-3.85
700018,하나 인버스 2X 코스닥150 선물 ETN,1795.0,74129.0,74129.0,133061555.0,133061555.0,KOSPI,8.07
004545,깨끗한나라우,4515.0,1825.0,1825.0,8239875.0,8239875.0,KOSPI,-3.94
253240,KIWOOM 200선물인버스,1330.0,102489.0,102489.0,136310370.0,136310370.0,KOSPI,1.6
465620,ACE 미국빅테크TOP7 Plus인버스(합성),6415.0,486.0,486.0,3117690.0,3117690.0,KOSPI,2.97
306520,HANARO 200선물인버스,2430.0,50470.0,50470.0,122642100.0,122642100.0,KOSPI,1.25
001527,동양2우B,6640.0,575.0,575.0,3818000.0,3818000.0,KOSPI,0.0
011155,CJ씨푸드1우,6670.0,21336.0,21336.0,142311120.0,142311120.0,KOSPI,-17.04
412560,TIGER BBIG레버리지,1813.0,25558.0,25558.0,46336654.0,46336654.0,KOSPI,-8.11
004415,서울식품우,5410.0,11370.0,11370.0,61511700.0,61511700.0,KOSPI,-5.58
253160,PLUS 200선물인버스2X,163.0,1832700.0,1832700.0,298730100.0,298730100.0,KOSPI,2.52
500038,신한 인버스 2X 금 선물 ETN,1122.0,3917.0,3917.0,4394874.0,4394874.0,KOSPI,-3.86
196170,알테오젠,298000.0,456936.0,834526.0,136166928000.0,248688748000.0,KOSDAQ,-5.1
086520,에코프로,87100.0,928126.0,1727025.0,80839774600.0,150423877500.0,KOSDAQ,-6.94
247540,에코프로비엠,109100.0,448406.0,698996.0,48921094600.0,76260463600.0,KOSDAQ,-6.51
277810,레인보우로보틱스,470000.0,127768.0,314494.0,60050960000.0,147812180000.0,KOSDAQ,-6.19
036930,주성엔지니어링,179300.0,2266763.0,2266763.0,406430605900.0,406430605900.0,KOSDAQ,0.84
028300,HLB,43150.0,828624.0,1403427.0,35755125600.0,60557875050.0,KOSDAQ,0.0
240810,원익IPS,112400.0,1108455.0,1108455.0,124590342000.0,124590342000.0,KOSDAQ,-3.6
058470,리노공업,67800.0,839948.0,1305545.0,56948474400.0,88515951000.0,KOSDAQ,-4.24
039030,이오테크닉스,414000.0,236583.0,297636.0,97945362000.0,123221304000.0,KOSDAQ,2.48
298380,에이비엘바이오,79800.0,326971.0,539818.0,26092285800.0,43077476400.0,KOSDAQ,-5.11
000250,삼천당제약,184700.0,234318.0,415991.0,43278534600.0,76833537700.0,KOSDAQ,-2.28
087010,펩트론,180000.0,149688.0,253527.0,26943840000.0,45634860000.0,KOSDAQ,-7.22
222800,심텍,110900.0,1296116.0,2258533.0,143739264400.0,250471309700.0,KOSDAQ,2.02
108490,로보티즈,279000.0,432888.0,1280788.0,120775752000.0,357339852000.0,KOSDAQ,-0.36
214450,파마리서치,393000.0,156451.0,310970.0,61485243000.0,122211210000.0,KOSDAQ,-1.26
141080,리가켐바이오,105100.0,437984.0,663905.0,46032118400.0,69776415500.0,KOSDAQ,-7.73
319660,피에스케이,132000.0,478989.0,702380.0,63226548000.0,92714160000.0,KOSDAQ,-1.57
095340,ISC,167100.0,215350.0,281057.0,35984985000.0,46964624700.0,KOSDAQ,3.6
403870,HPSP,42650.0,6597545.0,6597545.0,281385294250.0,281385294250.0,KOSDAQ,5.57
440110,파두,68300.0,1125415.0,1125415.0,76865844500.0,76865844500.0,KOSDAQ,4.27
310210,보로노이,174500.0,112854.0,149643.0,19693023000.0,26112703500.0,KOSDAQ,-2.89
145020,휴젤,248000.0,66314.0,87104.0,16445872000.0,21601792000.0,KOSDAQ,-3.12
084370,유진테크,132800.0,164902.0,246779.0,21898985600.0,32772251200.0,KOSDAQ,1.3
214370,케어젠,55400.0,162084.0,291101.0,8979453600.0,16126995400.0,KOSDAQ,-10.5
131290,티에스이,269000.0,184421.0,266451.0,49609249000.0,71675319000.0,KOSDAQ,3.46
257720,실리콘투,44500.0,2778113.0,6258436.0,123626028500.0,278500402000.0,KOSDAQ,3.85
319400,현대무벡스,25100.0,2097087.0,2097087.0,52636883700.0,52636883700.0,KOSDAQ,-10.36
095610,테스,143000.0,549560.0,989120.0,78587080000.0,141444160000.0,KOSDAQ,-3.05
347850,디앤디파마텍,57800.0,869415.0,869415.0,50252187000.0,50252187000.0,KOSDAQ,-5.86
080220,제주반도체,75800.0,2947658.0,2947658.0,223432476400.0,223432476400.0,KOSDAQ,-6.99
067310,하나마이크론,39200.0,6588549.0,6588549.0,258271120800.0,258271120800.0,KOSDAQ,7.1
064760,티씨케이,232000.0,67658.0,85840.0,15696656000.0,19914880000.0,KOSDAQ,-4.92
357780,솔브레인,326500.0,44750.0,58965.0,14610875000.0,19252072500.0,KOSDAQ,1.4
031980,피에스케이홀딩스,111700.0,219650.0,349908.0,24534905000.0,39084723600.0,KOSDAQ,0.45
058610,에스피지,108000.0,709778.0,1885282.0,76656024000.0,203610456000.0,KOSDAQ,-8.94
178320,서진시스템,37050.0,2094514.0,2094514.0,77601743700.0,77601743700.0,KOSDAQ,0.27
950160,코오롱티슈진,27600.0,3511873.0,3511873.0,96927694800.0,96927694800.0,KOSDAQ,-3.33
214150,클래시스,34700.0,507794.0,779814.0,17620451800.0,27059545800.0,KOSDAQ,-7.47
226950,올릭스,106500.0,295929.0,475169.0,31516438500.0,50605498500.0,KOSDAQ,-4.91
005290,동진쎄미켐,43200.0,695582.0,1517474.0,30049142400.0,65554876800.0,KOSDAQ,-0.58
237690,에스티팜,100300.0,122440.0,157388.0,12280732000.0,15786016400.0,KOSDAQ,-5.73
098460,고영,30300.0,1090684.0,1090684.0,33047725200.0,33047725200.0,KOSDAQ,-6.34
010170,대한광통신,12890.0,5833684.0,5833684.0,75196186760.0,75196186760.0,KOSDAQ,-3.59
032820,우리기술,11500.0,1926439.0,1926439.0,22154048500.0,22154048500.0,KOSDAQ,-3.77
140410,메지온,64600.0,161290.0,161290.0,10419334000.0,10419334000.0,KOSDAQ,-5.97
140860,파크시스템스,279500.0,32205.0,35201.0,9001297500.0,9838679500.0,KOSDAQ,0.0
263750,펄어비스,30550.0,570766.0,951508.0,17436901300.0,29068569400.0,KOSDAQ,-2.24
068760,셀트리온제약,41900.0,96901.0,151736.0,4060151900.0,6357738400.0,KOSDAQ,-4.66
089030,테크윙,49300.0,799597.0,799597.0,39420132100.0,39420132100.0,KOSDAQ,0.1
083650,비에이치아이,58900.0,574596.0,1279686.0,33843704400.0,75373505400.0,KOSDAQ,-3.92
089970,브이엠,66700.0,585249.0,1045634.0,39036108300.0,69743787800.0,KOSDAQ,-2.2
0009K0,에임드바이오,25800.0,135053.0,223888.0,3484367400.0,5776310400.0,KOSDAQ,-5.32
060370,LS마린솔루션,31250.0,102536.0,181229.0,3204250000.0,5663406250.0,KOSDAQ,-3.85
041510,에스엠,71000.0,131320.0,174840.0,9323720000.0,12413640000.0,KOSDAQ,-3.27
420770,기가비스,128100.0,212126.0,289392.0,27173340600.0,37071115200.0,KOSDAQ,6.66
096530,씨젠,30300.0,279214.0,428723.0,8460184200.0,12990306900.0,KOSDAQ,-5.75
323280,태성,51700.0,433138.0,1076140.0,22393234600.0,55636438000.0,KOSDAQ,-4.26
043260,성호전자,21450.0,2925095.0,2925095.0,62743287750.0,62743287750.0,KOSDAQ,5.15
030530,원익홀딩스,19760.0,604117.0,604117.0,11937351920.0,11937351920.0,KOSDAQ,-5.9
131970,두산테스나,78700.0,394875.0,681962.0,31076662500.0,53670409400.0,KOSDAQ,-6.31
007390,네이처셀,22600.0,315421.0,709303.0,7128514600.0,16030247800.0,KOSDAQ,-3.42
475830,오름테라퓨틱,65700.0,124095.0,188195.0,8153041500.0,12364411500.0,KOSDAQ,-3.52
290650,엘앤씨바이오,52800.0,184833.0,314976.0,9759182400.0,16630732800.0,KOSDAQ,-3.47
039200,오스코텍,36600.0,165982.0,253303.0,6074941200.0,9270889800.0,KOSDAQ,-2.14
035900,JYP Ent.,39350.0,674245.0,1125477.0,26531540750.0,44287519950.0,KOSDAQ,-4.14
082920,비츠로셀,30550.0,364935.0,523121.0,11148764250.0,15981346550.0,KOSDAQ,-3.63
078600,대주전자재료,86900.0,190818.0,367438.0,16582084200.0,31930362200.0,KOSDAQ,-9.1
218410,RFHIC,51000.0,319249.0,699572.0,16281699000.0,35678172000.0,KOSDAQ,-4.14
347700,스피어,25750.0,887757.0,887757.0,22859742750.0,22859742750.0,KOSDAQ,-2.65
127120,제이에스링크,38050.0,263606.0,487145.0,10030208300.0,18535867250.0,KOSDAQ,-6.05
241710,코스메카코리아,122900.0,189088.0,238282.0,23238915200.0,29284857800.0,KOSDAQ,-3.38
437730,삼현,38600.0,216050.0,216050.0,8339530000.0,8339530000.0,KOSDAQ,-3.74
003380,하림지주,10640.0,662930.0,662930.0,7053575200.0,7053575200.0,KOSDAQ,-5.25
195940,HK이노엔,40350.0,153194.0,206210.0,6181377900.0,8320573500.0,KOSDAQ,-3.12
166090,하나머티리얼즈,56500.0,183167.0,300892.0,10348935500.0,17000398000.0,KOSDAQ,-3.09
204270,제이앤티씨,17870.0,570963.0,570963.0,10203108810.0,10203108810.0,KOSDAQ,-4.08
036540,SFA반도체,5990.0,2572807.0,2572807.0,15411113930.0,15411113930.0,KOSDAQ,-0.83
491000,리브스메드,38850.0,491346.0,491346.0,19088792100.0,19088792100.0,KOSDAQ,-15.36
293490,카카오게임즈,8810.0,466661.0,466661.0,4111283410.0,4111283410.0,KOSDAQ,-2.0
101490,에스앤에스텍,43750.0,326556.0,618041.0,14286825000.0,27039293750.0,KOSDAQ,-1.69
115180,큐리언트,24650.0,144976.0,228246.0,3573658400.0,5626263900.0,KOSDAQ,-3.71
476830,알지노믹스,32100.0,344201.0,602825.0,11048852100.0,19350682500.0,KOSDAQ,-8.94
252990,샘씨엔에스,14880.0,412346.0,412346.0,6135708480.0,6135708480.0,KOSDAQ,-6.71
950260,인제니아테라퓨틱스(Reg.S),17990.0,53136057.0,53136057.0,955917665430.0,955917665430.0,KOSDAQ,49.92
119850,지엔씨에너지,53900.0,640719.0,1347243.0,34534754100.0,72616397700.0,KOSDAQ,-1.82
056190,SFA,24500.0,232247.0,282105.0,5690051500.0,6911572500.0,KOSDAQ,-4.11
232140,와이씨,10610.0,804084.0,804084.0,8531331240.0,8531331240.0,KOSDAQ,-4.41
083450,GST,47100.0,244371.0,475171.0,11509874100.0,22380554100.0,KOSDAQ,-4.46
100790,미래에셋벤처투자,16130.0,1155427.0,1155427.0,18637037510.0,18637037510.0,KOSDAQ,-7.83
458870,씨어스,22450.0,367362.0,669957.0,8247276900.0,15040534650.0,KOSDAQ,-6.26
099320,쎄트렉아이,77400.0,46950.0,74190.0,3633930000.0,5742306000.0,KOSDAQ,-4.91
090710,휴림로봇,7030.0,1303420.0,1303420.0,9163042600.0,9163042600.0,KOSDAQ,-5.89
213420,덕산네오룩스,33700.0,109810.0,163075.0,3700597000.0,5495627500.0,KOSDAQ,-3.85
038500,삼표시멘트,7710.0,502632.0,502632.0,3875292720.0,3875292720.0,KOSDAQ,-7.55
065350,신성델타테크,30150.0,171733.0,321843.0,5177749950.0,9703566450.0,KOSDAQ,-8.91
085660,차바이오텍,8870.0,411525.0,586842.0,3650226750.0,5205288540.0,KOSDAQ,-6.93
041830,인바디,61100.0,133586.0,177541.0,8162104600.0,10847755100.0,KOSDAQ,-5.12
086450,동국제약,18200.0,582904.0,951422.0,10608852800.0,17315880400.0,KOSDAQ,-7.71
281740,레이크머티리얼즈,12500.0,417595.0,417595.0,5219937500.0,5219937500.0,KOSDAQ,-6.72
388720,유일로보틱스,69700.0,28705.0,48450.0,2000738500.0,3376965000.0,KOSDAQ,-5.94
356860,티엘비,34350.0,1069761.0,1950002.0,36746290350.0,66982568700.0,KOSDAQ,9.39
031330,에스에이엠티,8100.0,2727910.0,2727910.0,22096071000.0,22096071000.0,KOSDAQ,-18.18
036830,솔브레인홀딩스,39150.0,65129.0,99123.0,2549800350.0,3880665450.0,KOSDAQ,-2.0
090360,로보스타,82100.0,265182.0,838404.0,21771442200.0,68832968400.0,KOSDAQ,-4.42
417200,LS머트리얼즈,11730.0,574647.0,574647.0,6740609310.0,6740609310.0,KOSDAQ,-5.56
466100,클로봇,30750.0,708167.0,2517010.0,21776135250.0,77398057500.0,KOSDAQ,-5.96
445680,큐리옥스바이오시스템즈,44750.0,256797.0,622121.0,11491665750.0,27839914750.0,KOSDAQ,-11.56
032190,다우데이타,19890.0,59925.0,99987.0,1191908250.0,1988741430.0,KOSDAQ,-2.98
033100,제룡전기,46950.0,136026.0,342502.0,6386420700.0,16080468900.0,KOSDAQ,-3.59
189300,인텔리안테크,69900.0,138092.0,239283.0,9652630800.0,16725881700.0,KOSDAQ,-11.52
388210,씨엠티엑스,76800.0,82217.0,117080.0,6314265600.0,8991744000.0,KOSDAQ,-4.95
074600,원익QnC,27800.0,418164.0,612597.0,11624959200.0,17030196600.0,KOSDAQ,-4.63
397030,에이프릴바이오,26350.0,239696.0,444166.0,6315989600.0,11703774100.0,KOSDAQ,-6.89
122870,와이지엔터테인먼트,38650.0,215494.0,308801.0,8328843100.0,11935158650.0,KOSDAQ,-5.85
328130,루닛,9690.0,393259.0,653747.0,3810679710.0,6334808430.0,KOSDAQ,-8.24
137400,피엔티,30100.0,209400.0,343630.0,6302940000.0,10343263000.0,KOSDAQ,-9.06
048410,현대바이오,7300.0,766190.0,766190.0,5593187000.0,5593187000.0,KOSDAQ,-3.44
093320,케이아이엔엑스,144300.0,14704.0,19334.0,2121787200.0,2789896200.0,KOSDAQ,-3.8
102710,이엔에프테크놀로지,48850.0,90663.0,130375.0,4428887550.0,6368818750.0,KOSDAQ,-3.27
035760,CJ ENM,31750.0,140722.0,211436.0,4467923500.0,6713093000.0,KOSDAQ,-7.7
251970,펌텍코리아,55000.0,92287.0,122460.0,5075785000.0,6735300000.0,KOSDAQ,3.77
006730,서부T&D,10570.0,967800.0,967800.0,10229646000.0,10229646000.0,KOSDAQ,4.45
171090,선익시스템,66600.0,66494.0,113912.0,4428500400.0,7586539200.0,KOSDAQ,-1.33
032500,케이엠더블유,15950.0,324445.0,502625.0,5174897750.0,8016868750.0,KOSDAQ,-7.48
456160,지투지바이오,40150.0,159667.0,284584.0,6410630050.0,11426047600.0,KOSDAQ,-8.96
094170,동운아나텍,31600.0,54745.0,125057.0,1729942000.0,3951801200.0,KOSDAQ,-4.24
253450,스튜디오드래곤,21900.0,119382.0,160457.0,2614465800.0,3514008300.0,KOSDAQ,-7.2
161580,필옵틱스,28050.0,111268.0,222413.0,3121067400.0,6238684650.0,KOSDAQ,-6.03
041960,코미팜,8890.0,249783.0,249783.0,2220570870.0,2220570870.0,KOSDAQ,-3.37
014620,성광벤드,24600.0,155964.0,251273.0,3836714400.0,6181315800.0,KOSDAQ,-5.57
476060,온코닉테라퓨틱스,14250.0,280501.0,751270.0,3997139250.0,10705597500.0,KOSDAQ,-3.78
053800,안랩,57200.0,44612.0,63842.0,2551806400.0,3651762400.0,KOSDAQ,-3.54
327260,RF머트리얼즈,35150.0,777221.0,777221.0,27319318150.0,27319318150.0,KOSDAQ,3.69
160190,하이젠알앤엠,20400.0,372361.0,372361.0,7596164400.0,7596164400.0,KOSDAQ,-10.92
222080,SFA넥셀,7910.0,544566.0,544566.0,4307517060.0,4307517060.0,KOSDAQ,-6.06
044490,태웅,30650.0,278460.0,707515.0,8534799000.0,21685334750.0,KOSDAQ,-12.93
053610,프로텍,66900.0,39464.0,85847.0,2640141600.0,5743164300.0,KOSDAQ,-3.18
124500,아이티센글로벌,25900.0,230997.0,567083.0,5982822300.0,14687449700.0,KOSDAQ,-4.07
295310,에이치브이엠,48850.0,152456.0,274682.0,7447475600.0,13418215700.0,KOSDAQ,-9.2
122640,예스티,27500.0,412968.0,412968.0,11356620000.0,11356620000.0,KOSDAQ,-4.18
052020,에스티큐브,8730.0,169994.0,169994.0,1484047620.0,1484047620.0,KOSDAQ,-5.62
225570,넥슨게임즈,8960.0,155468.0,237442.0,1392993280.0,2127480320.0,KOSDAQ,-5.49
079940,가비아,43950.0,80154.0,92172.0,3522768300.0,4050959400.0,KOSDAQ,-1.9
121600,나노신소재,48100.0,59417.0,95626.0,2857957700.0,4599610600.0,KOSDAQ,-5.5
050890,쏠리드,9690.0,926627.0,926627.0,8979015630.0,8979015630.0,KOSDAQ,-6.47
019210,와이지-원,15770.0,3827057.0,3827057.0,60352688890.0,60352688890.0,KOSDAQ,-13.4
174900,앱클론,29250.0,226072.0,226072.0,6612606000.0,6612606000.0,KOSDAQ,-9.58
023160,태광,22400.0,108252.0,206262.0,2424844800.0,4620268800.0,KOSDAQ,-3.45
046890,서울반도체,9920.0,322710.0,533513.0,3201283200.0,5292448960.0,KOSDAQ,-3.41
059090,미코,17120.0,313743.0,596234.0,5371280160.0,10207526080.0,KOSDAQ,-11.52
060250,NHN KCP,13930.0,433756.0,433756.0,6042221080.0,6042221080.0,KOSDAQ,-8.29
399720,가온칩스,46500.0,141085.0,334186.0,6560452500.0,15539649000.0,KOSDAQ,-4.71
052400,코나아이,37650.0,96357.0,143410.0,3627841050.0,5399386500.0,KOSDAQ,-5.76
490470,세미파이브,16100.0,441192.0,441192.0,7103191200.0,7103191200.0,KOSDAQ,-11.78
045100,한양이엔지,31100.0,184930.0,406036.0,5751323000.0,12627719600.0,KOSDAQ,-5.04
460930,현대힘스,15280.0,377027.0,1195526.0,5760972560.0,18267637280.0,KOSDAQ,-2.05
033500,동성화인텍,18050.0,327584.0,937189.0,5912891200.0,16916261450.0,KOSDAQ,4.03
112040,위메이드,15900.0,185236.0,353442.0,2945252400.0,5619727800.0,KOSDAQ,-7.45
211050,인카금융서비스,10940.0,113624.0,129661.0,1243046560.0,1418491340.0,KOSDAQ,2.15
099190,아이센스,18700.0,108379.0,194833.0,2026687300.0,3643377100.0,KOSDAQ,1.3
358570,지아이이노베이션,8150.0,367781.0,560143.0,2997415150.0,4565165450.0,KOSDAQ,-7.6
376900,로킷헬스케어,30100.0,220893.0,454804.0,6648879300.0,13689600400.0,KOSDAQ,-6.67
086900,메디톡스,71500.0,38674.0,53713.0,2765191000.0,3840479500.0,KOSDAQ,-7.02
036810,에프에스티,24100.0,313213.0,510196.0,7548433300.0,12295723600.0,KOSDAQ,-12.2
037460,삼지전자,31500.0,301241.0,301241.0,9489091500.0,9489091500.0,KOSDAQ,-13.1
439960,코스모로보틱스,15750.0,1715089.0,1715089.0,27012651750.0,27012651750.0,KOSDAQ,-6.08
383310,에코프로에이치엔,24300.0,185179.0,185179.0,4499849700.0,4499849700.0,KOSDAQ,-6.0
033790,피노,6110.0,751426.0,751426.0,4591212860.0,4591212860.0,KOSDAQ,-4.98
253590,네오셈,11250.0,842405.0,842405.0,9477056250.0,9477056250.0,KOSDAQ,-1.75
056080,유진로봇,12890.0,403110.0,403110.0,5196087900.0,5196087900.0,KOSDAQ,-7.93
214430,아이쓰리시스템,67400.0,59701.0,73677.0,4023847400.0,4965829800.0,KOSDAQ,-6.39
009520,포스코엠텍,11800.0,163683.0,244772.0,1931459400.0,2888309600.0,KOSDAQ,-4.84
082270,젬백스,10970.0,237071.0,372930.0,2600668870.0,4091042100.0,KOSDAQ,-6.88
015750,성우하이텍,6030.0,319198.0,743518.0,1924763940.0,4483413540.0,KOSDAQ,-3.83
144960,뉴파워프라즈마,11040.0,1806997.0,1806997.0,19949246880.0,19949246880.0,KOSDAQ,-1.16
348370,엔켐,21900.0,352069.0,623929.0,7710311100.0,13664045100.0,KOSDAQ,-12.05
219130,타이거일렉,75800.0,91680.0,91680.0,6949344000.0,6949344000.0,KOSDAQ,-6.77
126340,비나텍,66600.0,139649.0,226894.0,9300623400.0,15111140400.0,KOSDAQ,-8.64
101160,월덱스,28850.0,119026.0,182280.0,3433900100.0,5258778000.0,KOSDAQ,1.41
425420,티에프이,38500.0,102238.0,164309.0,3936163000.0,6325896500.0,KOSDAQ,3.08
477850,마키나락스,26700.0,850563.0,850563.0,22710032100.0,22710032100.0,KOSDAQ,-6.48
064290,인텍플러스,36250.0,811307.0,811307.0,29409878750.0,29409878750.0,KOSDAQ,17.31
027360,아주IB투자,3870.0,17912908.0,17912908.0,69322953960.0,69322953960.0,KOSDAQ,-5.61
034950,한국기업평가,102000.0,890.0,1230.0,90780000.0,125460000.0,KOSDAQ,-0.87
368770,파이버프로,14090.0,333719.0,333719.0,4702100710.0,4702100710.0,KOSDAQ,5.62
365340,성일하이텍,35750.0,84294.0,140825.0,3013510500.0,5034493750.0,KOSDAQ,-6.9
336570,원텍,5090.0,786464.0,786464.0,4003101760.0,4003101760.0,KOSDAQ,-4.14
104830,원익머트리얼즈,35900.0,131039.0,169359.0,4704300100.0,6079988100.0,KOSDAQ,-1.78
067160,SOOP,39350.0,88665.0,128270.0,3488967750.0,5047424500.0,KOSDAQ,-5.18
332570,PS일렉트로닉스,9650.0,5606197.0,5606197.0,54099801050.0,54099801050.0,KOSDAQ,-8.44
024850,HLB이노베이션,14150.0,136141.0,136141.0,1926395150.0,1926395150.0,KOSDAQ,3.28
077360,덕산하이메탈,9860.0,842587.0,842587.0,8307907820.0,8307907820.0,KOSDAQ,-0.5
035890,서희건설,2155.0,417080.0,417080.0,898807400.0,898807400.0,KOSDAQ,2.86
376300,디어유,18810.0,97200.0,137928.0,1828332000.0,2594425680.0,KOSDAQ,-5.0
475960,토모큐브,32700.0,71362.0,116586.0,2333537400.0,3812362200.0,KOSDAQ,-9.67
278280,천보,35850.0,39445.0,59205.0,1414103250.0,2122499250.0,KOSDAQ,-5.16
025980,아난티,4500.0,21077769.0,21077769.0,94849960500.0,94849960500.0,KOSDAQ,13.92
018290,브이티,12520.0,383037.0,614773.0,4795623240.0,7696957960.0,KOSDAQ,-3.62
125490,한라캐스트,11870.0,2531787.0,2531787.0,30052311690.0,30052311690.0,KOSDAQ,-5.72
033640,네패스,18610.0,282220.0,609503.0,5252114200.0,11342850830.0,KOSDAQ,2.42
272290,이녹스첨단소재,21250.0,111083.0,173764.0,2360513750.0,3692485000.0,KOSDAQ,-6.39
486990,노타,19750.0,140392.0,334677.0,2772742000.0,6609870750.0,KOSDAQ,-5.95
030520,한컴,17400.0,142271.0,188583.0,2475515400.0,3281344200.0,KOSDAQ,-6.4
389470,인벤티지랩,30500.0,45719.0,72008.0,1394429500.0,2196244000.0,KOSDAQ,-4.98
241770,메카로,39400.0,22060.0,27505.0,869164000.0,1083697000.0,KOSDAQ,-2.72
042000,카페24,16570.0,106369.0,140718.0,1762534330.0,2331697260.0,KOSDAQ,-7.12
170920,엘티씨,37900.0,417240.0,417240.0,15813396000.0,15813396000.0,KOSDAQ,-0.92
236200,슈프리마,57100.0,34078.0,48303.0,1945853800.0,2758101300.0,KOSDAQ,-5.62
078130,국일제지,3530.0,60828.0,60828.0,214722840.0,214722840.0,KOSDAQ,-1.53
078160,메디포스트,10000.0,57872.0,98196.0,578720000.0,981960000.0,KOSDAQ,-3.85
095660,네오위즈,18110.0,73315.0,86497.0,1327734650.0,1566460670.0,KOSDAQ,-5.18
067630,HLB생명과학,3200.0,397737.0,397737.0,1272758400.0,1272758400.0,KOSDAQ,1.27
041190,우리기술투자,4585.0,634047.0,634047.0,2907105495.0,2907105495.0,KOSDAQ,-6.71
089010,켐트로닉스,22700.0,72367.0,185313.0,1642730900.0,4206605100.0,KOSDAQ,-2.99
033160,엠케이전자,15670.0,1455924.0,1455924.0,22814329080.0,22814329080.0,KOSDAQ,-0.82
089890,코세스,22850.0,123680.0,220984.0,2826088000.0,5049484400.0,KOSDAQ,-3.99
372320,큐로셀,24600.0,22539.0,55490.0,554459400.0,1365054000.0,KOSDAQ,-5.93
078340,컴투스,30950.0,65333.0,78475.0,2022056350.0,2428801250.0,KOSDAQ,-3.58
215200,메가스터디교육,36050.0,65037.0,85735.0,2344583850.0,3090746750.0,KOSDAQ,-2.57
078020,LS증권,6720.0,69753.0,69753.0,468740160.0,468740160.0,KOSDAQ,-2.61
290550,디케이티,18580.0,361750.0,361750.0,6721315000.0,6721315000.0,KOSDAQ,-7.01
013030,하이록코리아,31500.0,53029.0,70555.0,1670413500.0,2222482500.0,KOSDAQ,-6.39
448900,한국피아이엠,61000.0,195123.0,195123.0,11902503000.0,11902503000.0,KOSDAQ,-15.98
025320,시노펙스,4010.0,1018952.0,2357970.0,4085997520.0,9455459700.0,KOSDAQ,-10.29
348210,넥스틴,35200.0,104496.0,141149.0,3678259200.0,4968444800.0,KOSDAQ,-1.68
003800,에이스침대,33150.0,3862.0,3862.0,128025300.0,128025300.0,KOSDAQ,-0.6
080580,오킨스전자,17400.0,783418.0,783418.0,13631473200.0,13631473200.0,KOSDAQ,4.57
060280,큐렉소,8880.0,278239.0,278239.0,2470762320.0,2470762320.0,KOSDAQ,-8.17
064260,다날,4810.0,1345694.0,1345694.0,6472788140.0,6472788140.0,KOSDAQ,-4.94
092730,네오팜,22650.0,147384.0,220036.0,3338247600.0,4983815400.0,KOSDAQ,-6.6
200710,에이디테크놀로지,26850.0,211771.0,530247.0,5686051350.0,14237131950.0,KOSDAQ,-11.53
006910,보성파워텍,7330.0,1676470.0,1676470.0,12288525100.0,12288525100.0,KOSDAQ,-7.33
092190,서울바이오시스,7740.0,253066.0,253066.0,1958730840.0,1958730840.0,KOSDAQ,5.74
101930,인화정공,7760.0,41642.0,102740.0,323141920.0,797262400.0,KOSDAQ,-6.28
468530,프로티나,32100.0,177398.0,302062.0,5694475800.0,9696190200.0,KOSDAQ,-14.63
204620,글로벌텍스프리,5030.0,1070897.0,1070897.0,5386611910.0,5386611910.0,KOSDAQ,-4.19
069080,웹젠,11400.0,96926.0,117730.0,1104956400.0,1342122000.0,KOSDAQ,-3.72
036620,감성코퍼레이션,3910.0,845026.0,1133331.0,3304051660.0,4431324210.0,KOSDAQ,-9.91
025900,동화기업,6940.0,197290.0,405386.0,1369192600.0,2813378840.0,KOSDAQ,-9.4
455900,엔젤로보틱스,22650.0,164179.0,468036.0,3718654350.0,10601015400.0,KOSDAQ,-1.31
078350,한양디지텍,22850.0,140298.0,247517.0,3205809300.0,5655763450.0,KOSDAQ,-2.97
114810,한솔아이원스,12300.0,681297.0,992796.0,8379953100.0,12211390800.0,KOSDAQ,4.41
356680,엑스게이트,12070.0,438931.0,438931.0,5297897170.0,5297897170.0,KOSDAQ,-6.22
039440,에스티아이,22150.0,175869.0,359293.0,3895498350.0,7958339950.0,KOSDAQ,-6.54
101730,위메이드맥스,4095.0,258270.0,2697678.0,1057615650.0,11046991410.0,KOSDAQ,-8.18
093520,매커스,28450.0,78942.0,168871.0,2245899900.0,4804379950.0,KOSDAQ,6.36
330860,네패스아크,27750.0,236226.0,236226.0,6555271500.0,6555271500.0,KOSDAQ,-5.29
199800,툴젠,37500.0,14198.0,28319.0,532425000.0,1061962500.0,KOSDAQ,-3.23
206650,유바이오로직스,9150.0,336196.0,336196.0,3076193400.0,3076193400.0,KOSDAQ,0.22
160980,싸이맥스,30250.0,226470.0,226470.0,6850717500.0,6850717500.0,KOSDAQ,-9.97
417840,저스템,14150.0,2654867.0,2654867.0,37566368050.0,37566368050.0,KOSDAQ,4.27
441270,파인엠텍,7660.0,1274680.0,2113079.0,9764048800.0,16186185140.0,KOSDAQ,-12.36
061970,LB세미콘,5500.0,2940336.0,2940336.0,16171848000.0,16171848000.0,KOSDAQ,18.15
110990,디아이티,16870.0,128233.0,299834.0,2163290710.0,5058199580.0,KOSDAQ,-5.54
117730,티로보틱스,14000.0,100029.0,269535.0,1400406000.0,3773490000.0,KOSDAQ,-6.29
287840,인투셀,20950.0,54208.0,82095.0,1135657600.0,1719890250.0,KOSDAQ,-5.84
098120,마이크로컨텍솔,37800.0,1095998.0,1095998.0,41428724400.0,41428724400.0,KOSDAQ,29.9
107640,한중엔시에스,34200.0,173126.0,344483.0,5920909200.0,11781318600.0,KOSDAQ,-10.94
069540,빛과전자,2730.0,3472144.0,3472144.0,9478953120.0,9478953120.0,KOSDAQ,-7.14
092460,한라IMS,17920.0,28218.0,51494.0,505666560.0,922772480.0,KOSDAQ,-3.14
265520,AP시스템,20250.0,47705.0,102023.0,966026250.0,2065965750.0,KOSDAQ,-1.22
159010,아스플로,22850.0,199529.0,199529.0,4559237650.0,4559237650.0,KOSDAQ,-1.93
482630,삼양엔씨켐,13900.0,159195.0,159195.0,2212810500.0,2212810500.0,KOSDAQ,-6.08
376270,HEM파마,42000.0,13189.0,24136.0,553938000.0,1013712000.0,KOSDAQ,-7.39
243070,휴온스,25300.0,24484.0,33426.0,619445200.0,845677800.0,KOSDAQ,-3.07
900290,GRT,3625.0,448399.0,448399.0,1625446375.0,1625446375.0,KOSDAQ,-6.57
488900,비츠로넥스텍,10440.0,115328.0,262863.0,1204024320.0,2744289720.0,KOSDAQ,-6.2
121440,골프존홀딩스,7050.0,53929.0,53929.0,380199450.0,380199450.0,KOSDAQ,-1.81
092870,엑시콘,23100.0,559414.0,559414.0,12922463400.0,12922463400.0,KOSDAQ,8.96
393890,더블유씨피,8890.0,183387.0,183387.0,1630310430.0,1630310430.0,KOSDAQ,-4.61
228760,지노믹트리,12070.0,117208.0,198469.0,1414700560.0,2395520830.0,KOSDAQ,-9.25
084110,휴온스글로벌,23700.0,43076.0,64652.0,1020901200.0,1532252400.0,KOSDAQ,-7.06
049070,인탑스,18160.0,96284.0,184583.0,1748517440.0,3352027280.0,KOSDAQ,-8.33
036200,유니셈,9750.0,768859.0,2895255.0,7496375250.0,28228736250.0,KOSDAQ,11.3
200670,휴메딕스,26600.0,28425.0,61541.0,756105000.0,1636990600.0,KOSDAQ,-2.92
043150,바텍,20050.0,44793.0,65536.0,898099650.0,1313996800.0,KOSDAQ,-3.84
168360,펨트론,13280.0,64429.0,159912.0,855617120.0,2123631360.0,KOSDAQ,-3.07
079370,제우스,9540.0,210666.0,210666.0,2009753640.0,2009753640.0,KOSDAQ,-6.74
051500,CJ프레시웨이,24700.0,8710.0,12306.0,215137000.0,303958200.0,KOSDAQ,-0.6
042520,한스바이오메드,20550.0,146419.0,198373.0,3008910450.0,4076565150.0,KOSDAQ,-2.38
215600,신라젠,2115.0,406849.0,406849.0,860485635.0,860485635.0,KOSDAQ,-2.98
054950,제이브이엠,24100.0,14118.0,21120.0,340243800.0,508992000.0,KOSDAQ,0.0
035810,이지홀딩스,4505.0,174921.0,174921.0,788019105.0,788019105.0,KOSDAQ,-0.77
472850,폰드그룹,5030.0,71079.0,103875.0,357527370.0,522491250.0,KOSDAQ,-1.95
025770,한국정보통신,7710.0,43273.0,43273.0,333634830.0,333634830.0,KOSDAQ,-4.22
098070,한텍,25900.0,137105.0,254003.0,3551019500.0,6578677700.0,KOSDAQ,-9.44
017890,한국알콜,13910.0,58527.0,58527.0,814110570.0,814110570.0,KOSDAQ,-4.0
047920,HLB제약,8740.0,171510.0,371913.0,1498997400.0,3250519620.0,KOSDAQ,-0.68
099440,스맥,4165.0,1349541.0,1349541.0,5620838265.0,5620838265.0,KOSDAQ,-3.14
136480,하림,2675.0,339127.0,339127.0,907164725.0,907164725.0,KOSDAQ,-1.29
462350,이노스페이스,8340.0,301004.0,301004.0,2510373360.0,2510373360.0,KOSDAQ,-4.47
352480,씨앤씨인터내셔널,20700.0,26543.0,38569.0,549440100.0,798378300.0,KOSDAQ,-3.27
036890,진성티이씨,12800.0,193260.0,334020.0,2473728000.0,4275456000.0,KOSDAQ,-11.66
439090,마녀공장,17200.0,319503.0,840781.0,5495451600.0,14461433200.0,KOSDAQ,-5.13
091700,파트론,5630.0,155032.0,155032.0,872830160.0,872830160.0,KOSDAQ,-3.26
389650,넥스트바이오메디컬,33850.0,44330.0,80101.0,1500570500.0,2711418850.0,KOSDAQ,-9.25
036800,나이스정보통신,6150.0,598861.0,798927.0,3682995150.0,4913401050.0,KOSDAQ,9.24
377450,리파인,16010.0,1746144.0,1746144.0,27955765440.0,27955765440.0,KOSDAQ,17.89
424870,이뮨온시아,3030.0,224268.0,520359.0,679532040.0,1576687770.0,KOSDAQ,-7.62
234340,헥토파이낸셜,19780.0,206755.0,206755.0,4089613900.0,4089613900.0,KOSDAQ,-5.58
138080,오이솔루션,22300.0,279003.0,279003.0,6221766900.0,6221766900.0,KOSDAQ,-5.51
200130,콜마비앤에이치,9370.0,164855.0,236359.0,1544691350.0,2214683830.0,KOSDAQ,-6.77
035600,KG이니시스,9920.0,60649.0,101525.0,601638080.0,1007128000.0,KOSDAQ,-2.36
484590,삼양컴텍,6520.0,153562.0,153562.0,1001224240.0,1001224240.0,KOSDAQ,-2.69
267980,매일유업,35000.0,4367.0,9455.0,152845000.0,330925000.0,KOSDAQ,2.34
180400,DXVX,2720.0,66400.0,66400.0,180608000.0,180608000.0,KOSDAQ,-0.91
019010,베뉴지,5550.0,5315498.0,5315498.0,29501013900.0,29501013900.0,KOSDAQ,29.82
151860,KG에코솔루션,5600.0,119743.0,119743.0,670560800.0,670560800.0,KOSDAQ,-3.78
348340,뉴로메카,21300.0,792840.0,792840.0,16887492000.0,16887492000.0,KOSDAQ,-9.75
023410,유진기업,3385.0,417094.0,417094.0,1411863190.0,1411863190.0,KOSDAQ,-3.15
085910,네오티스,18810.0,235019.0,235019.0,4420707390.0,4420707390.0,KOSDAQ,1.95
389500,에스비비테크,38850.0,135766.0,135766.0,5274509100.0,5274509100.0,KOSDAQ,-5.47
060720,KH바텍,10930.0,367626.0,367626.0,4018152180.0,4018152180.0,KOSDAQ,-8.46
445090,에이직랜드,23600.0,200847.0,340164.0,4739989200.0,8027870400.0,KOSDAQ,0.21
493280,아이엠바이오로직스,17300.0,107709.0,107709.0,1863365700.0,1863365700.0,KOSDAQ,-9.09
484810,티엑스알로보틱스,16590.0,371858.0,1935775.0,6169124220.0,32114507250.0,KOSDAQ,-5.15
018000,유니슨,987.0,2658919.0,2658919.0,2624353053.0,2624353053.0,KOSDAQ,-1.3
200470,에이팩트,6010.0,587489.0,587489.0,3530808890.0,3530808890.0,KOSDAQ,-0.99
064820,케이프,8210.0,99494.0,203306.0,816845740.0,1669142260.0,KOSDAQ,-4.76
481070,에이유브랜즈,17660.0,81939.0,140516.0,1447042740.0,2481512560.0,KOSDAQ,-11.66
100120,뷰웍스,28050.0,34337.0,34337.0,963152850.0,963152850.0,KOSDAQ,-6.19
446540,메가터치,8640.0,543087.0,543087.0,4692271680.0,4692271680.0,KOSDAQ,6.67
061090,세나테크놀로지,45900.0,56560.0,136330.0,2596104000.0,6257547000.0,KOSDAQ,1.44
108860,셀바스AI,9320.0,281370.0,713060.0,2622368400.0,6645719200.0,KOSDAQ,-5.95
456010,아이씨티케이,17260.0,305200.0,305200.0,5267752000.0,5267752000.0,KOSDAQ,-8.34
340570,티앤엘,30750.0,102396.0,150256.0,3148677000.0,4620372000.0,KOSDAQ,-5.82
389260,대명에너지,13870.0,115613.0,115613.0,1603552310.0,1603552310.0,KOSDAQ,-4.87
448280,에코아이,8380.0,17700.0,31103.0,148326000.0,260643140.0,KOSDAQ,-1.41
065680,우주일렉트로,26650.0,38848.0,50710.0,1035299200.0,1351421500.0,KOSDAQ,5.13
237880,클리오,13500.0,325253.0,805958.0,4390915500.0,10880433000.0,KOSDAQ,-5.13
102940,코오롱생명과학,18600.0,376138.0,568618.0,6996166800.0,10576294800.0,KOSDAQ,0.76
365270,큐라클,10960.0,170501.0,170501.0,1868690960.0,1868690960.0,KOSDAQ,-10.31
217730,강스템바이오텍,2580.0,678949.0,678949.0,1751688420.0,1751688420.0,KOSDAQ,-10.88
091580,상신이디피,18080.0,434810.0,434810.0,7861364800.0,7861364800.0,KOSDAQ,-1.09
0011T0,채비,5130.0,147762.0,147762.0,758019060.0,758019060.0,KOSDAQ,-3.02
394280,오픈엣지테크놀로지,9120.0,215141.0,357934.0,1962085920.0,3264358080.0,KOSDAQ,-11.97
073490,LIG아큐버,31450.0,77129.0,77129.0,2425707050.0,2425707050.0,KOSDAQ,-3.23
304360,에스바이오메딕스,19290.0,20819.0,40692.0,401598510.0,784948680.0,KOSDAQ,-5.44
475400,씨메스로보틱스,20200.0,54168.0,161676.0,1094193600.0,3265855200.0,KOSDAQ,-6.26
206640,바디텍메드,10830.0,75331.0,133513.0,815834730.0,1445945790.0,KOSDAQ,-4.16
043370,피에이치에이,11290.0,28115.0,33954.0,317418350.0,383340660.0,KOSDAQ,-2.25
114190,강원에너지,9060.0,116590.0,287729.0,1056305400.0,2606824740.0,KOSDAQ,-7.27
011560,세보엠이씨,23300.0,81428.0,81428.0,1897272400.0,1897272400.0,KOSDAQ,-2.71
024840,KBI메탈,5430.0,2879623.0,2879623.0,15636352890.0,15636352890.0,KOSDAQ,-5.57
036030,케이티알파,4760.0,93100.0,93100.0,443156000.0,443156000.0,KOSDAQ,-0.31
461300,아이스크림미디어,17490.0,29363.0,29363.0,513558870.0,513558870.0,KOSDAQ,-3.9
254490,미래반도체,16090.0,128075.0,128075.0,2060726750.0,2060726750.0,KOSDAQ,-5.69
099430,바이오플러스,3735.0,429593.0,429593.0,1604529855.0,1604529855.0,KOSDAQ,2.19
089980,상아프론테크,14390.0,28002.0,49302.0,402948780.0,709455780.0,KOSDAQ,-4.58
314930,바이오다인,7710.0,45715.0,96923.0,352462650.0,747276330.0,KOSDAQ,-6.32
065710,서호전기,44550.0,7130.0,7130.0,317641500.0,317641500.0,KOSDAQ,0.11
086390,유니테스트,10850.0,613208.0,958886.0,6653306800.0,10403913100.0,KOSDAQ,2.07
318060,그래피,20350.0,129340.0,129340.0,2632069000.0,2632069000.0,KOSDAQ,-0.25
094360,칩스앤미디어,10640.0,50679.0,116774.0,539224560.0,1242475360.0,KOSDAQ,-5.42
298830,슈어소프트테크,4250.0,266978.0,266978.0,1134656500.0,1134656500.0,KOSDAQ,-5.66
123330,제닉,28500.0,346219.0,346219.0,9867241500.0,9867241500.0,KOSDAQ,4.4
378340,필에너지,10490.0,34629.0,64753.0,363258210.0,679258970.0,KOSDAQ,-6.42
187660,페니트리움바이오,4085.0,441151.0,441151.0,1802101835.0,1802101835.0,KOSDAQ,-5.66
042370,비츠로테크,8640.0,124399.0,124399.0,1074807360.0,1074807360.0,KOSDAQ,-5.68
452430,사피엔반도체,27350.0,17215.0,33494.0,470830250.0,916060900.0,KOSDAQ,-4.04
005710,대원산업,11250.0,8933.0,10597.0,100496250.0,119216250.0,KOSDAQ,-1.4
419530,SAMG엔터,21900.0,275376.0,487726.0,6030734400.0,10681199400.0,KOSDAQ,-8.18
950170,JTC,4290.0,23147.0,23147.0,99300630.0,99300630.0,KOSDAQ,0.7
314130,지놈앤컴퍼니,4230.0,656191.0,656191.0,2775687930.0,2775687930.0,KOSDAQ,-8.44
014940,오리엔탈정공,4850.0,194971.0,194971.0,945609350.0,945609350.0,KOSDAQ,-4.15
112290,와이씨켐,10930.0,136319.0,136319.0,1489966670.0,1489966670.0,KOSDAQ,-3.45
452280,한선엔지니어링,11480.0,375036.0,375036.0,4305413280.0,4305413280.0,KOSDAQ,-6.29
144510,지씨셀,13980.0,50498.0,58907.0,705962040.0,823519860.0,KOSDAQ,-4.25
068930,디지털대성,7980.0,64401.0,64401.0,513919980.0,513919980.0,KOSDAQ,-0.99
0008Z0,에스엔시스,23350.0,22911.0,39043.0,534971850.0,911654050.0,KOSDAQ,-5.47
071200,인피니트헬스케어,9020.0,536305.0,536305.0,4837471100.0,4837471100.0,KOSDAQ,-13.93
0001A0,덕양에너젠,8640.0,73511.0,73511.0,635135040.0,635135040.0,KOSDAQ,-3.14
194700,노바렉스,12010.0,953002.0,1564004.0,11445554020.0,18783688040.0,KOSDAQ,-17.51
290690,아리바이오홀딩스,4125.0,270878.0,270878.0,1117371750.0,1117371750.0,KOSDAQ,-3.06
215000,골프존,34800.0,56203.0,85759.0,1955864400.0,2984413200.0,KOSDAQ,-4.0
241520,DSC인베스트먼트,8200.0,127974.0,127974.0,1049386800.0,1049386800.0,KOSDAQ,-3.64
317330,덕산테코피아,10640.0,67773.0,100336.0,721104720.0,1067575040.0,KOSDAQ,-5.25
459510,나우로보틱스,16770.0,75676.0,239348.0,1269086520.0,4013865960.0,KOSDAQ,-4.72
194480,데브시스터즈,17760.0,113757.0,175671.0,2020324320.0,3119916960.0,KOSDAQ,-9.62
036710,심텍홀딩스,4075.0,313411.0,313411.0,1277149825.0,1277149825.0,KOSDAQ,-2.28
095500,미래나노텍,6930.0,141793.0,375026.0,982625490.0,2598930180.0,KOSDAQ,-7.6
052330,코텍,12090.0,41287.0,41287.0,499159830.0,499159830.0,KOSDAQ,-2.11
484120,도우인시스,19590.0,25323.0,51983.0,496077570.0,1018346970.0,KOSDAQ,-7.16
053030,바이넥스,6540.0,122888.0,254427.0,803687520.0,1663952580.0,KOSDAQ,-9.42
354320,알멕,33250.0,86872.0,86872.0,2888494000.0,2888494000.0,KOSDAQ,-1.04
045390,대아티아이,3015.0,9935609.0,9935609.0,29955861135.0,29955861135.0,KOSDAQ,13.99
203650,드림시큐리티,2085.0,710323.0,710323.0,1481023455.0,1481023455.0,KOSDAQ,-4.36
353810,이지바이오,6380.0,203986.0,203986.0,1301430680.0,1301430680.0,KOSDAQ,1.43
058970,엠로,17070.0,70316.0,105882.0,1200294120.0,1807405740.0,KOSDAQ,1.61
115450,HLB테라퓨틱스,2375.0,316250.0,316250.0,751093750.0,751093750.0,KOSDAQ,-1.45
416180,신성에스티,23200.0,47723.0,92969.0,1107173600.0,2156880800.0,KOSDAQ,1.09
425040,티이엠씨,9540.0,181253.0,181253.0,1729153620.0,1729153620.0,KOSDAQ,-4.89
018310,삼목에스폼,14200.0,11611.0,14120.0,164876200.0,200504000.0,KOSDAQ,-3.99
294570,쿠콘,20650.0,32625.0,53626.0,673706250.0,1107376900.0,KOSDAQ,-0.48
272110,케이엔제이,25950.0,106382.0,106382.0,2760612900.0,2760612900.0,KOSDAQ,-1.33
064850,에프앤가이드,18220.0,51512.0,51512.0,938548640.0,938548640.0,KOSDAQ,-3.14
243840,신흥에스이씨,5320.0,296109.0,296109.0,1575299880.0,1575299880.0,KOSDAQ,-2.21
013120,동원개발,2240.0,81990.0,81990.0,183657600.0,183657600.0,KOSDAQ,-2.18
450950,아스테라시스,5400.0,50003.0,93454.0,270016200.0,504651600.0,KOSDAQ,-10.74
046970,우리로,4605.0,371371.0,371371.0,1710163455.0,1710163455.0,KOSDAQ,-6.12
304100,솔트룩스,15800.0,192819.0,387910.0,3046540200.0,6128978000.0,KOSDAQ,-7.6
094480,갤럭시아머니트리,5060.0,131080.0,131080.0,663264800.0,663264800.0,KOSDAQ,-4.35
084850,아이티엠반도체,8730.0,14434.0,20930.0,126008820.0,182718900.0,KOSDAQ,0.0
034810,해성산업,6260.0,70517.0,70517.0,441436420.0,441436420.0,KOSDAQ,-3.1
036190,금화피에스시,32900.0,3795.0,3795.0,124855500.0,124855500.0,KOSDAQ,-3.94
049630,재영솔루텍,8390.0,3378387.0,3378387.0,28344666930.0,28344666930.0,KOSDAQ,-7.09
042420,네오위즈홀딩스,23950.0,8165.0,8165.0,195551750.0,195551750.0,KOSDAQ,0.0
230240,에치에프알,14600.0,191998.0,191998.0,2803170800.0,2803170800.0,KOSDAQ,-5.87
036560,KZ정밀,12240.0,7317.0,7317.0,89560080.0,89560080.0,KOSDAQ,-1.69
125020,티씨머티리얼즈,5480.0,4250368.0,4250368.0,23292016640.0,23292016640.0,KOSDAQ,-13.56
190510,나무가,13630.0,61898.0,113436.0,843669740.0,1546132680.0,KOSDAQ,-6.19
049430,코메론,21050.0,30181.0,30181.0,635310050.0,635310050.0,KOSDAQ,-2.55
067080,대화제약,10190.0,48426.0,111226.0,493460940.0,1133392940.0,KOSDAQ,-4.77
357550,석경에이티,34750.0,2787.0,4245.0,96848250.0,147513750.0,KOSDAQ,-1.56
264850,이랜시스,6250.0,1050210.0,1050210.0,6563812500.0,6563812500.0,KOSDAQ,-7.82
0082N0,카나프테라퓨틱스,14220.0,44774.0,44774.0,636686280.0,636686280.0,KOSDAQ,-8.49
086820,바이오솔루션,7250.0,365117.0,365117.0,2647098250.0,2647098250.0,KOSDAQ,8.7
388050,지투파워,10020.0,1591220.0,1591220.0,15944024400.0,15944024400.0,KOSDAQ,-4.02
214180,헥토이노베이션,14420.0,68449.0,68449.0,987034580.0,987034580.0,KOSDAQ,-2.37
382800,지앤비에스 에코,5880.0,1567493.0,1567493.0,9216858840.0,9216858840.0,KOSDAQ,-6.37
394800,쓰리빌리언,5880.0,71760.0,126924.0,421948800.0,746313120.0,KOSDAQ,-5.62
078150,HB테크놀러지,2015.0,859498.0,859498.0,1731888470.0,1731888470.0,KOSDAQ,-5.84
307180,아이엘,5030.0,320582.0,320582.0,1612527460.0,1612527460.0,KOSDAQ,-1.37
270660,에브리봇,14600.0,65830.0,246869.0,961118000.0,3604287400.0,KOSDAQ,-3.44
119830,아이텍,6980.0,248137.0,248137.0,1731996260.0,1731996260.0,KOSDAQ,2.65
126600,BGF에코머티리얼즈,2940.0,47814.0,47814.0,140573160.0,140573160.0,KOSDAQ,-1.34
083310,엘오티베큠,10330.0,423220.0,423220.0,4371862600.0,4371862600.0,KOSDAQ,13.39
0015G0,그린광학,15690.0,54938.0,54938.0,861977220.0,861977220.0,KOSDAQ,-7.05
176750,듀켐바이오,6440.0,30934.0,64656.0,199214960.0,416384640.0,KOSDAQ,-2.13
039830,오로라,17020.0,815214.0,815214.0,13874942280.0,13874942280.0,KOSDAQ,-26.16
066620,국보디자인,24350.0,12979.0,12979.0,316038650.0,316038650.0,KOSDAQ,-3.37
064550,바이오니아,7070.0,119535.0,211877.0,845112450.0,1497970390.0,KOSDAQ,-2.08
053300,한국정보인증,4495.0,60697.0,60697.0,272833015.0,272833015.0,KOSDAQ,-3.75
204610,티쓰리,3280.0,188417.0,188417.0,618007760.0,618007760.0,KOSDAQ,-1.94
192440,슈피겐코리아,29300.0,5426.0,5426.0,158981800.0,158981800.0,KOSDAQ,3.17
012860,모베이스전자,2475.0,594473.0,594473.0,1471320675.0,1471320675.0,KOSDAQ,-3.51
138610,나이벡,15910.0,17869.0,32552.0,284295790.0,517902320.0,KOSDAQ,-6.41
143240,사람인,16840.0,12506.0,12506.0,210601040.0,210601040.0,KOSDAQ,-1.29
054210,이랜텍,7130.0,328364.0,328364.0,2341235320.0,2341235320.0,KOSDAQ,-11.87
052710,아모텍,12330.0,401762.0,401762.0,4953725460.0,4953725460.0,KOSDAQ,-8.12
012210,삼미금속,7810.0,1536223.0,1536223.0,11997901630.0,11997901630.0,KOSDAQ,-1.39
293780,압타바이오,6400.0,144631.0,144631.0,925638400.0,925638400.0,KOSDAQ,3.56
094820,일진파워,11880.0,180274.0,180274.0,2141655120.0,2141655120.0,KOSDAQ,-6.9
308430,셀비온,13860.0,15039.0,29666.0,208440540.0,411170760.0,KOSDAQ,-7.6
402030,코난테크놀로지,14010.0,48993.0,103583.0,686391930.0,1451197830.0,KOSDAQ,-5.66
256840,한국비엔씨,2540.0,246551.0,246551.0,626239540.0,626239540.0,KOSDAQ,-5.58
222040,코스맥스엔비티,8380.0,992021.0,992021.0,8313135980.0,8313135980.0,KOSDAQ,-11.79
108380,대양전기공업,18010.0,53714.0,76776.0,967389140.0,1382735760.0,KOSDAQ,-2.01
220100,퓨쳐켐,7660.0,74010.0,129527.0,566916600.0,992176820.0,KOSDAQ,-9.24
024060,흥구석유,11400.0,2532635.0,2532635.0,28872039000.0,28872039000.0,KOSDAQ,6.24
082800,비보존 제약,2805.0,261879.0,261879.0,734570595.0,734570595.0,KOSDAQ,-6.34
464080,에스오에스랩,9480.0,118368.0,118368.0,1122128640.0,1122128640.0,KOSDAQ,-4.91
199820,제일일렉트릭,7650.0,224059.0,224059.0,1714051350.0,1714051350.0,KOSDAQ,-4.26
372170,윤성에프앤씨,21300.0,67494.0,234868.0,1437622200.0,5002688400.0,KOSDAQ,-8.58
092130,이크레더블,14070.0,14149.0,14149.0,199076430.0,199076430.0,KOSDAQ,-2.16
475040,스트라드비젼,3175.0,518579.0,518579.0,1646488325.0,1646488325.0,KOSDAQ,-3.5
179290,엠아이텍,5220.0,49846.0,49846.0,260196120.0,260196120.0,KOSDAQ,-2.79
041920,메디아나,9060.0,75277.0,75277.0,682009620.0,682009620.0,KOSDAQ,-8.67
119610,인터로조,14760.0,94203.0,94203.0,1390436280.0,1390436280.0,KOSDAQ,-3.21
068790,DMS,7430.0,94507.0,94507.0,702187010.0,702187010.0,KOSDAQ,2.06
187870,디바이스,12150.0,138636.0,138636.0,1684427400.0,1684427400.0,KOSDAQ,-5.45
093190,빅솔론,8690.0,55128.0,55128.0,479062320.0,479062320.0,KOSDAQ,-3.66
143160,아이디스,15600.0,9995.0,9995.0,155922000.0,155922000.0,KOSDAQ,-0.64
083930,아바코,11390.0,33705.0,33705.0,383899950.0,383899950.0,KOSDAQ,-2.23
080160,모두투어,8820.0,52620.0,52620.0,464108400.0,464108400.0,KOSDAQ,-4.13
123860,아나패스,13730.0,20249.0,20249.0,278018770.0,278018770.0,KOSDAQ,0.29
138360,앤로보틱스,1891.0,3240475.0,3240475.0,6127738225.0,6127738225.0,KOSDAQ,-11.43
950140,잉글우드랩,8360.0,199314.0,199314.0,1666265040.0,1666265040.0,KOSDAQ,-9.13
036170,에이치엠넥스,2700.0,388899.0,388899.0,1050027300.0,1050027300.0,KOSDAQ,-4.09
489460,바이오비쥬,11200.0,187412.0,187412.0,2099014400.0,2099014400.0,KOSDAQ,-8.27
494120,큐리오시스,10800.0,126140.0,174126.0,1362312000.0,1880560800.0,KOSDAQ,-7.69
038390,레드캡투어,9820.0,19324.0,19324.0,189761680.0,189761680.0,KOSDAQ,-0.61
403850,더핑크퐁컴퍼니,11420.0,56562.0,101297.0,645938040.0,1156811740.0,KOSDAQ,-0.7
199430,케이엔알시스템,14620.0,110462.0,265790.0,1614954440.0,3885849800.0,KOSDAQ,-7.47
126730,코칩,18540.0,226604.0,226604.0,4201238160.0,4201238160.0,KOSDAQ,-7.16
023910,대한약품,26800.0,10614.0,10614.0,284455200.0,284455200.0,KOSDAQ,0.37
039840,디오,11980.0,23864.0,41981.0,285890720.0,502932380.0,KOSDAQ,-2.52
264450,유비쿼스,10920.0,68980.0,68980.0,753261600.0,753261600.0,KOSDAQ,-3.36
104480,티케이케미칼,1750.0,415272.0,415272.0,726726000.0,726726000.0,KOSDAQ,-1.13
078070,유비쿼스홀딩스,9320.0,25356.0,25356.0,236317920.0,236317920.0,KOSDAQ,-3.82
046120,오르비텍,4680.0,253559.0,253559.0,1186656120.0,1186656120.0,KOSDAQ,-6.59
072870,메가스터디,13290.0,44488.0,44488.0,591245520.0,591245520.0,KOSDAQ,-0.3
189330,씨이랩,16880.0,509637.0,509637.0,8602672560.0,8602672560.0,KOSDAQ,-5.01
234690,녹십자웰빙,8790.0,142105.0,142105.0,1249102950.0,1249102950.0,KOSDAQ,-4.97
032620,GC메디아이,3020.0,91886.0,91886.0,277495720.0,277495720.0,KOSDAQ,-0.98
126700,하이비젼시스템,10540.0,122495.0,122495.0,1291097300.0,1291097300.0,KOSDAQ,-5.89
054800,아이디스홀딩스,15210.0,9703.0,9703.0,147582630.0,147582630.0,KOSDAQ,-2.69
445180,퓨릿,9140.0,124379.0,124379.0,1136824060.0,1136824060.0,KOSDAQ,3.28
051160,지어소프트,10130.0,167046.0,167046.0,1692175980.0,1692175980.0,KOSDAQ,-2.6
011040,경동제약,5090.0,11299.0,11299.0,57511910.0,57511910.0,KOSDAQ,-0.59
216080,제테마,4200.0,213380.0,213380.0,896196000.0,896196000.0,KOSDAQ,-1.52
274090,켄코아에어로스페이스,11340.0,143595.0,143595.0,1628367300.0,1628367300.0,KOSDAQ,-4.55
086670,비엠티,15680.0,89088.0,89088.0,1396899840.0,1396899840.0,KOSDAQ,-4.68
046440,KG파이낸셜,4090.0,182811.0,182811.0,747696990.0,747696990.0,KOSDAQ,-2.62
355150,코스텍시스,19930.0,99506.0,99506.0,1983154580.0,1983154580.0,KOSDAQ,-4.18
122990,와이솔,5810.0,60418.0,60418.0,351028580.0,351028580.0,KOSDAQ,-4.28
065660,안트로젠,15420.0,24681.0,40432.0,380581020.0,623461440.0,KOSDAQ,-3.5
123410,코리아에프티,5540.0,172743.0,172743.0,956996220.0,956996220.0,KOSDAQ,-4.32
013990,아가방컴퍼니,4670.0,121680.0,121680.0,568245600.0,568245600.0,KOSDAQ,-6.04
382900,범한퓨얼셀,17530.0,44066.0,106820.0,772476980.0,1872554600.0,KOSDAQ,-4.99
389020,자람테크놀로지,22150.0,45475.0,45475.0,1007271250.0,1007271250.0,KOSDAQ,-3.49
092070,디엔에프,13190.0,63030.0,63030.0,831365700.0,831365700.0,KOSDAQ,-7.11
007330,푸른저축은행,10100.0,3815.0,3815.0,38531500.0,38531500.0,KOSDAQ,0.0
051370,인터플렉스,6520.0,230937.0,230937.0,1505709240.0,1505709240.0,KOSDAQ,-10.93
024800,유성티엔에스,4310.0,42109.0,42109.0,181489790.0,181489790.0,KOSDAQ,0.0
041520,이엘씨,12450.0,37204.0,37204.0,463189800.0,463189800.0,KOSDAQ,-2.28
088800,에이스테크,2005.0,150050.0,150050.0,300850250.0,300850250.0,KOSDAQ,-4.98
023600,삼보판지,9400.0,41984.0,41984.0,394649600.0,394649600.0,KOSDAQ,3.52
212560,네오오토,11070.0,798982.0,798982.0,8844730740.0,8844730740.0,KOSDAQ,-10.22
474650,링크솔루션,25850.0,41158.0,41158.0,1063934300.0,1063934300.0,KOSDAQ,-4.96
101970,우양에이치씨,10050.0,36069.0,36069.0,362493450.0,362493450.0,KOSDAQ,4.25
041020,폴라리스오피스,2985.0,278489.0,278489.0,831289665.0,831289665.0,KOSDAQ,-3.71
054450,텔레칩스,9770.0,66518.0,66518.0,649880860.0,649880860.0,KOSDAQ,-3.93
260970,에스앤디,51000.0,57392.0,57392.0,2926992000.0,2926992000.0,KOSDAQ,-9.73
418550,제이오,4605.0,107002.0,107002.0,492744210.0,492744210.0,KOSDAQ,-6.12
039860,나노엔텍,3865.0,185191.0,185191.0,715763215.0,715763215.0,KOSDAQ,-4.09
079960,동양이엔피,19400.0,72069.0,72069.0,1398138600.0,1398138600.0,KOSDAQ,-8.27
084990,헬릭스미스,3170.0,164180.0,164180.0,520450600.0,520450600.0,KOSDAQ,-2.76
310200,애니플러스,2795.0,119686.0,119686.0,334522370.0,334522370.0,KOSDAQ,-0.18
126640,화신정공,4145.0,1491931.0,1491931.0,6184053995.0,6184053995.0,KOSDAQ,-6.12
147830,제룡산업,7260.0,522610.0,522610.0,3794148600.0,3794148600.0,KOSDAQ,0.55
469610,이노테크,16210.0,168658.0,438409.0,2733946180.0,7106609890.0,KOSDAQ,-9.84
114840,아이패밀리에스씨,8690.0,36080.0,58137.0,313535200.0,505210530.0,KOSDAQ,-6.56
334970,프레스티지바이오로직스,1856.0,255893.0,255893.0,474937408.0,474937408.0,KOSDAQ,-6.92
048870,시너지이노베이션,1629.0,382146.0,382146.0,622515834.0,622515834.0,KOSDAQ,-2.63
005990,매일홀딩스,10790.0,2997.0,2997.0,32337630.0,32337630.0,KOSDAQ,0.19
067280,멀티캠퍼스,24200.0,5816.0,5816.0,140747200.0,140747200.0,KOSDAQ,-3.39
338840,와이바이오로직스,9320.0,70220.0,135693.0,654450400.0,1264658760.0,KOSDAQ,-8.9
251370,와이엠티,7930.0,268834.0,268834.0,2131853620.0,2131853620.0,KOSDAQ,-10.29
049960,쎌바이오텍,15180.0,11971.0,11971.0,181719780.0,181719780.0,KOSDAQ,-2.32
153890,져스텍,11820.0,856751.0,856751.0,10126796820.0,10126796820.0,KOSDAQ,-8.94
005160,동국산업,2625.0,51404.0,51404.0,134935500.0,134935500.0,KOSDAQ,-2.23
0039P0,매드업,7560.0,1277673.0,1277673.0,9659207880.0,9659207880.0,KOSDAQ,-7.35
060150,인선이엔티,3110.0,155399.0,155399.0,483290890.0,483290890.0,KOSDAQ,-1.11
293580,나우IB,1488.0,172955.0,172955.0,257357040.0,257357040.0,KOSDAQ,-1.52
462860,더즌,1956.0,134388.0,134388.0,262862928.0,262862928.0,KOSDAQ,-4.12
001540,안국약품,10720.0,214325.0,214325.0,2297564000.0,2297564000.0,KOSDAQ,-9.38
300080,플리토,8450.0,55099.0,120510.0,465586550.0,1018309500.0,KOSDAQ,-3.21
106190,하이텍팜,13110.0,95794.0,95794.0,1255859340.0,1255859340.0,KOSDAQ,11.57
322310,오로스테크놀로지,14840.0,150411.0,150411.0,2232099240.0,2232099240.0,KOSDAQ,-6.55
255220,SG,1268.0,734475.0,734475.0,931314300.0,931314300.0,KOSDAQ,-6.07
089600,KT나스미디어,12000.0,85503.0,85503.0,1026036000.0,1026036000.0,KOSDAQ,-0.66
101360,에코앤드림,7800.0,40233.0,79323.0,313817400.0,618719400.0,KOSDAQ,-4.88
0007C0,아크릴,17260.0,39696.0,39696.0,685152960.0,685152960.0,KOSDAQ,0.12
093640,케이알엠,4215.0,21252.0,21252.0,89577180.0,89577180.0,KOSDAQ,-0.12
040350,크레오에스지,6970.0,117619.0,117619.0,819804430.0,819804430.0,KOSDAQ,-5.17
102120,어보브반도체,7730.0,299600.0,299600.0,2315908000.0,2315908000.0,KOSDAQ,-6.42
003100,선광,20700.0,16897.0,16897.0,349767900.0,349767900.0,KOSDAQ,-4.39
069510,에스텍,12510.0,3345.0,3345.0,41845950.0,41845950.0,KOSDAQ,-0.4
205500,넥써쓰,1677.0,167355.0,167355.0,280654335.0,280654335.0,KOSDAQ,-1.18
086890,이수앱지스,3330.0,42554.0,42554.0,141704820.0,141704820.0,KOSDAQ,-2.92
038290,마크로젠,12520.0,25289.0,25289.0,316618280.0,316618280.0,KOSDAQ,-2.57
032580,피델릭스,4095.0,1037556.0,1037556.0,4248791820.0,4248791820.0,KOSDAQ,1.11
226590,엠디바이스,12640.0,88078.0,88078.0,1113305920.0,1113305920.0,KOSDAQ,-0.24
405100,큐알티,11010.0,69167.0,69167.0,761528670.0,761528670.0,KOSDAQ,-6.93
489500,엘케이켐,21100.0,14784.0,14784.0,311942400.0,311942400.0,KOSDAQ,-2.54
035080,그래디언트,11790.0,36449.0,36449.0,429733710.0,429733710.0,KOSDAQ,-1.59
263860,지니언스,14840.0,31441.0,31441.0,466584440.0,466584440.0,KOSDAQ,-2.24
408920,메쎄이상,3100.0,38719.0,38719.0,120028900.0,120028900.0,KOSDAQ,0.0
049720,고려신용정보,9360.0,49035.0,49035.0,458967600.0,458967600.0,KOSDAQ,-1.58
321550,티움바이오,4450.0,113159.0,113159.0,503557550.0,503557550.0,KOSDAQ,-8.81
451760,컨텍,8080.0,92681.0,92681.0,748862480.0,748862480.0,KOSDAQ,-4.94
118990,모트렉스,5430.0,126233.0,126233.0,685445190.0,685445190.0,KOSDAQ,-5.24
142210,유니트론텍,6420.0,1108030.0,1108030.0,7113552600.0,7113552600.0,KOSDAQ,-4.61
042600,새로닉스,10720.0,8269.0,8269.0,88643680.0,88643680.0,KOSDAQ,-4.63
264660,씨앤지하이테크,13690.0,39255.0,39255.0,537400950.0,537400950.0,KOSDAQ,-2.84
047770,코데즈컴바인,3510.0,953379.0,953379.0,3346360290.0,3346360290.0,KOSDAQ,30.0
232680,라온로보틱스,10000.0,251678.0,251678.0,2516780000.0,2516780000.0,KOSDAQ,-4.21
413630,씨피시스템,3615.0,656951.0,656951.0,2374877865.0,2374877865.0,KOSDAQ,-4.11
322510,제이엘케이,5120.0,135612.0,135612.0,694333440.0,694333440.0,KOSDAQ,-1.54
240550,동방메디컬,6290.0,90933.0,90933.0,571968570.0,571968570.0,KOSDAQ,-5.41
394420,리센스메디컬,11960.0,224735.0,224735.0,2687830600.0,2687830600.0,KOSDAQ,1.96
340450,지씨지놈,5560.0,137447.0,137447.0,764205320.0,764205320.0,KOSDAQ,-1.07
388790,라이콤,4275.0,622073.0,622073.0,2659362075.0,2659362075.0,KOSDAQ,2.15
457550,우진엔텍,13960.0,77765.0,77765.0,1085599400.0,1085599400.0,KOSDAQ,-8.22
417500,제이아이테크,3965.0,419446.0,419446.0,1663103390.0,1663103390.0,KOSDAQ,1.67
140670,알에스오토메이션,10100.0,63315.0,63315.0,639481500.0,639481500.0,KOSDAQ,-6.83
136540,윈스테크넷,10530.0,10901.0,10901.0,114787530.0,114787530.0,KOSDAQ,-1.4
146320,비씨엔씨,10100.0,29593.0,29593.0,298889300.0,298889300.0,KOSDAQ,-0.79
432720,퀄리타스반도체,9100.0,119593.0,119593.0,1088296300.0,1088296300.0,KOSDAQ,-5.01
289080,SV인베스트먼트,2140.0,491020.0,491020.0,1050782800.0,1050782800.0,KOSDAQ,-2.28
080420,모다이노칩,1613.0,137.0,137.0,220981.0,220981.0,KOSDAQ,-1.1
220260,켐트로스,4005.0,74065.0,74065.0,296630325.0,296630325.0,KOSDAQ,-1.96
059120,아진엑스텍,7000.0,847886.0,847886.0,5935202000.0,5935202000.0,KOSDAQ,-7.53
478340,나라스페이스테크놀로지,11060.0,97650.0,97650.0,1080009000.0,1080009000.0,KOSDAQ,-7.83
418420,라온텍,4155.0,112725.0,112725.0,468372375.0,468372375.0,KOSDAQ,-3.03
361390,제노코,13120.0,29949.0,29949.0,392930880.0,392930880.0,KOSDAQ,-6.95
095190,신화프리텍,1952.0,76532.0,76532.0,149390464.0,149390464.0,KOSDAQ,-1.21
487400,케이앤에스아이앤씨,12400.0,1798987.0,1798987.0,22307438800.0,22307438800.0,KOSDAQ,-16.55
297890,HB솔루션,1738.0,188643.0,188643.0,327861534.0,327861534.0,KOSDAQ,-3.98
048550,SM C&C,1312.0,559258.0,559258.0,733746496.0,733746496.0,KOSDAQ,-3.53
094840,슈프리마에이치큐,12860.0,52098.0,52098.0,669980280.0,669980280.0,KOSDAQ,3.21
035610,솔본,4610.0,63182.0,63182.0,291269020.0,291269020.0,KOSDAQ,-8.53
242040,나무에이엑스,3640.0,384357.0,384357.0,1399059480.0,1399059480.0,KOSDAQ,-5.7
009780,엠에스씨,7150.0,57383.0,57383.0,410288450.0,410288450.0,KOSDAQ,-1.52
086980,쇼박스,2015.0,116026.0,116026.0,233792390.0,233792390.0,KOSDAQ,-1.71
267320,나인테크,2185.0,316021.0,316021.0,690505885.0,690505885.0,KOSDAQ,-2.46
396300,세아메카닉스,4735.0,3603646.0,3603646.0,17063263810.0,17063263810.0,KOSDAQ,-1.87
053080,케이엔솔,9600.0,1142130.0,1142130.0,10964448000.0,10964448000.0,KOSDAQ,5.49
192410,오늘이엔엠,4930.0,240448.0,240448.0,1185408640.0,1185408640.0,KOSDAQ,0.92
067290,JW신약,2215.0,13193982.0,13193982.0,29224670130.0,29224670130.0,KOSDAQ,5.48
285490,노바텍,11730.0,24838.0,24838.0,291349740.0,291349740.0,KOSDAQ,-3.85
211270,AP위성,8190.0,56642.0,56642.0,463897980.0,463897980.0,KOSDAQ,-5.32
122450,KX,2755.0,35610.0,35610.0,98105550.0,98105550.0,KOSDAQ,-1.61
333430,일승,4010.0,343571.0,343571.0,1377719710.0,1377719710.0,KOSDAQ,-4.3
473980,노머스,11300.0,30582.0,40283.0,345576600.0,455197900.0,KOSDAQ,-0.88
037350,성도이엔지,8080.0,232199.0,232199.0,1876167920.0,1876167920.0,KOSDAQ,-4.27
0015N0,아로마티카,9710.0,1413613.0,1413613.0,13726182230.0,13726182230.0,KOSDAQ,13.57
115310,인포바인,8220.0,8676.0,8676.0,71316720.0,71316720.0,KOSDAQ,4.31
452450,피아이이,3365.0,102557.0,102557.0,345104305.0,345104305.0,KOSDAQ,-2.18
474170,루미르,6790.0,65984.0,65984.0,448031360.0,448031360.0,KOSDAQ,-5.3
402490,그린리소스,7130.0,155224.0,155224.0,1106747120.0,1106747120.0,KOSDAQ,-7.16
073010,케이에스피,3000.0,356261.0,356261.0,1068783000.0,1068783000.0,KOSDAQ,-5.21
027710,팜스토리,1081.0,222896.0,222896.0,240950576.0,240950576.0,KOSDAQ,0.75
052260,현대바이오랜드,4005.0,93036.0,93036.0,372609180.0,372609180.0,KOSDAQ,0.88
021320,KCC건설,5600.0,35251.0,35251.0,197405600.0,197405600.0,KOSDAQ,-2.61
366030,나인앤컴퍼니,5280.0,206405.0,206405.0,1089818400.0,1089818400.0,KOSDAQ,8.87
308080,바이젠셀,5810.0,93031.0,93031.0,540510110.0,540510110.0,KOSDAQ,-3.81
149950,아바텍,8710.0,131257.0,131257.0,1143248470.0,1143248470.0,KOSDAQ,-7.04
458650,성우,7900.0,30726.0,30726.0,242735400.0,242735400.0,KOSDAQ,-6.29
307750,국전,2200.0,98244.0,98244.0,216136800.0,216136800.0,KOSDAQ,-4.76
148150,세경하이테크,3340.0,88802.0,88802.0,296598680.0,296598680.0,KOSDAQ,1.67
282880,코윈테크,10140.0,68629.0,68629.0,695898060.0,695898060.0,KOSDAQ,-6.46
259630,엠플러스,9700.0,117852.0,117852.0,1143164400.0,1143164400.0,KOSDAQ,-4.62
109740,디에스케이,4610.0,33204.0,33204.0,153070440.0,153070440.0,KOSDAQ,-9.07
090850,현대이지웰,5270.0,109141.0,109141.0,575173070.0,575173070.0,KOSDAQ,0.38
256940,킵스파마,5880.0,78660.0,78660.0,462520800.0,462520800.0,KOSDAQ,-4.23
246710,티앤알바이오팹,2470.0,179679.0,179679.0,443807130.0,443807130.0,KOSDAQ,-4.08
217270,넵튠,2515.0,75803.0,75803.0,190644545.0,190644545.0,KOSDAQ,-3.27
0088M0,메쥬,11850.0,73304.0,73304.0,868652400.0,868652400.0,KOSDAQ,-8.78
453450,그리드위즈,14700.0,54291.0,54291.0,798077700.0,798077700.0,KOSDAQ,-7.55
095700,제넥신,2555.0,95632.0,95632.0,244339760.0,244339760.0,KOSDAQ,-2.48
017510,세명전기,7590.0,188585.0,188585.0,1431360150.0,1431360150.0,KOSDAQ,-2.69
290720,푸드나무,3030.0,36383.0,36383.0,110240490.0,110240490.0,KOSDAQ,-2.88
488280,에스투더블유,10670.0,72371.0,235073.0,772198570.0,2508228910.0,KOSDAQ,-7.54
049520,유아이엘,3740.0,60382.0,60382.0,225828680.0,225828680.0,KOSDAQ,-1.19
047310,파워로직스,3125.0,141449.0,141449.0,442028125.0,442028125.0,KOSDAQ,-3.1
311320,지오엘리먼트,9050.0,323289.0,323289.0,2925765450.0,2925765450.0,KOSDAQ,9.04
163730,핑거,9500.0,71977.0,71977.0,683781500.0,683781500.0,KOSDAQ,-6.4
037070,파세코,5700.0,332370.0,332370.0,1894509000.0,1894509000.0,KOSDAQ,0.18
265740,엔에프씨,6380.0,501324.0,501324.0,3198447120.0,3198447120.0,KOSDAQ,3.24
053700,삼보모터스,4260.0,572246.0,572246.0,2437767960.0,2437767960.0,KOSDAQ,-6.78
108230,톱텍,2985.0,102156.0,102156.0,304935660.0,304935660.0,KOSDAQ,-1.65
339950,아이비김영,2515.0,552633.0,552633.0,1389871995.0,1389871995.0,KOSDAQ,-12.52
158430,아톤,4605.0,202492.0,202492.0,932475660.0,932475660.0,KOSDAQ,-4.56
950190,고스트스튜디오,8660.0,50062.0,50062.0,433536920.0,433536920.0,KOSDAQ,-7.18
059210,메타바이오메드,4140.0,236449.0,236449.0,978898860.0,978898860.0,KOSDAQ,-2.13
041440,현대에버다임,6300.0,60816.0,60816.0,383140800.0,383140800.0,KOSDAQ,-3.08
038540,상상인,2025.0,84189.0,84189.0,170482725.0,170482725.0,KOSDAQ,-4.93
417010,나노팀,5530.0,125981.0,125981.0,696674930.0,696674930.0,KOSDAQ,-4.49
067990,도이치모터스,3810.0,160397.0,160397.0,611112570.0,611112570.0,KOSDAQ,-1.42
123040,엠에스오토텍,1775.0,336937.0,336937.0,598063175.0,598063175.0,KOSDAQ,1.43
063570,NICE인프라,3250.0,54860.0,54860.0,178295000.0,178295000.0,KOSDAQ,-2.99
018120,진로발효,16750.0,722.0,722.0,12093500.0,12093500.0,KOSDAQ,-0.3
299030,하나기술,13870.0,62221.0,92456.0,863005270.0,1282364720.0,KOSDAQ,-12.33
255440,야스,8490.0,1095332.0,1095332.0,9299368680.0,9299368680.0,KOSDAQ,21.81
032940,원익,6090.0,66000.0,66000.0,401940000.0,401940000.0,KOSDAQ,-2.56
051980,중앙첨단소재,994.0,427844.0,427844.0,425276936.0,425276936.0,KOSDAQ,-5.69
052460,아이크래프트,7550.0,415970.0,415970.0,3140573500.0,3140573500.0,KOSDAQ,0.67
101170,우림피티에스,8150.0,91378.0,91378.0,744730700.0,744730700.0,KOSDAQ,-6.43
051360,토비스,11370.0,38323.0,67732.0,435732510.0,770112840.0,KOSDAQ,-3.48
067900,와이엔텍,6020.0,28018.0,28018.0,168668360.0,168668360.0,KOSDAQ,-0.17
056090,시지메드텍,1057.0,358368.0,358368.0,378794976.0,378794976.0,KOSDAQ,-4.95
474610,RF시스템즈,7540.0,72806.0,72806.0,548957240.0,548957240.0,KOSDAQ,-2.96
054050,NH농우바이오,6770.0,45927.0,45927.0,310925790.0,310925790.0,KOSDAQ,-2.03
396470,워트,6730.0,4143644.0,4143644.0,27886724120.0,27886724120.0,KOSDAQ,9.08
338220,뷰노,7740.0,17875.0,40401.0,138352500.0,312703740.0,KOSDAQ,-0.51
039340,한국경제TV,4915.0,7666.0,7666.0,37678390.0,37678390.0,KOSDAQ,0.51
115500,케이씨에스,8990.0,68304.0,68304.0,614052960.0,614052960.0,KOSDAQ,-5.86
039560,다산네트웍스,2515.0,279272.0,279272.0,702369080.0,702369080.0,KOSDAQ,-0.79
074430,아미노로직스,1220.0,538946.0,538946.0,657514120.0,657514120.0,KOSDAQ,7.49
073560,우리손에프앤지,1551.0,383437.0,383437.0,594710787.0,594710787.0,KOSDAQ,-0.26
120240,대정화금,14900.0,18404.0,18404.0,274219600.0,274219600.0,KOSDAQ,0.07
071280,로체시스템즈,7000.0,280260.0,280260.0,1961820000.0,1961820000.0,KOSDAQ,-0.71
053260,금강철강,5710.0,339420.0,339420.0,1938088200.0,1938088200.0,KOSDAQ,0.0
021080,에이티넘인베스트,2225.0,395412.0,395412.0,879791700.0,879791700.0,KOSDAQ,-6.71
362320,청담글로벌,5030.0,109187.0,109187.0,549210610.0,549210610.0,KOSDAQ,-3.08
141000,비아트론,8780.0,35787.0,35787.0,314209860.0,314209860.0,KOSDAQ,-4.04
166480,코아스템켐온,2000.0,164645.0,164645.0,329290000.0,329290000.0,KOSDAQ,-8.05
066590,스모트로닉,2730.0,129466.0,129466.0,353442180.0,353442180.0,KOSDAQ,-1.27
297090,씨에스베어링,3870.0,123698.0,123698.0,478711260.0,478711260.0,KOSDAQ,-4.09
331920,셀레믹스,9430.0,15961.0,15961.0,150512230.0,150512230.0,KOSDAQ,-4.17
105330,케이엔더블유,6580.0,18559.0,18559.0,122118220.0,122118220.0,KOSDAQ,-3.66
131030,옵투스제약,5970.0,66038.0,66038.0,394246860.0,394246860.0,KOSDAQ,-1.81
475580,에이럭스,7730.0,112623.0,112623.0,870575790.0,870575790.0,KOSDAQ,-6.64
083500,에프엔에스테크,12640.0,174357.0,174357.0,2203872480.0,2203872480.0,KOSDAQ,-4.1
006620,동구바이오제약,3685.0,281144.0,281144.0,1036015640.0,1036015640.0,KOSDAQ,-5.87
387690,레메디,13590.0,6534184.0,6534184.0,88799560560.0,88799560560.0,KOSDAQ,22.76
049950,미래컴퍼니,11740.0,58236.0,58236.0,683690640.0,683690640.0,KOSDAQ,-1.59
100700,세운메디칼,2360.0,170465.0,170465.0,402297400.0,402297400.0,KOSDAQ,-0.63
091440,한울소재과학,2990.0,1097017.0,1097017.0,3280080830.0,3280080830.0,KOSDAQ,-13.58
054920,한컴위드,3655.0,164082.0,164082.0,599719710.0,599719710.0,KOSDAQ,-5.56
357880,SKAI,1925.0,796324.0,796324.0,1532923700.0,1532923700.0,KOSDAQ,-4.23
309960,LB인베스트먼트,4425.0,64582.0,64582.0,285775350.0,285775350.0,KOSDAQ,-2.32
107600,새빗켐,18110.0,190725.0,190725.0,3454029750.0,3454029750.0,KOSDAQ,-5.58
336680,탑런토탈솔루션,2610.0,6774.0,6774.0,17680140.0,17680140.0,KOSDAQ,-1.32
063170,서울옥션,5720.0,69995.0,69995.0,400371400.0,400371400.0,KOSDAQ,-0.52
307930,컴퍼니케이,6480.0,226858.0,226858.0,1470039840.0,1470039840.0,KOSDAQ,-4.14
209640,와이제이링크,3545.0,134020.0,134020.0,475100900.0,475100900.0,KOSDAQ,-4.32
036630,세종텔레콤,7180.0,13475.0,13475.0,96750500.0,96750500.0,KOSDAQ,0.28
380550,뉴로핏,8230.0,51409.0,51409.0,423096070.0,423096070.0,KOSDAQ,-7.42
129920,대성하이텍,6140.0,469397.0,469397.0,2882097580.0,2882097580.0,KOSDAQ,-14.37
348350,위드텍,9980.0,23825.0,23825.0,237773500.0,237773500.0,KOSDAQ,-1.77
066980,한성크린텍,1848.0,1153561.0,1153561.0,2131780728.0,2131780728.0,KOSDAQ,8.9
330350,위더스제약,7480.0,64890.0,64890.0,485377200.0,485377200.0,KOSDAQ,-1.06
419050,삼기에너지솔루션즈,1725.0,2288614.0,2288614.0,3947859150.0,3947859150.0,KOSDAQ,-4.38
125210,아모그린텍,5980.0,78892.0,78892.0,471774160.0,471774160.0,KOSDAQ,-4.63
040300,YTN,2065.0,10056.0,10056.0,20765640.0,20765640.0,KOSDAQ,0.73
079650,서산,4920.0,1785253.0,1785253.0,8783444760.0,8783444760.0,KOSDAQ,-0.51
187790,나노,3185.0,255424.0,255424.0,813525440.0,813525440.0,KOSDAQ,-2.3
086710,선진뷰티사이언스,8000.0,24309.0,24309.0,194472000.0,194472000.0,KOSDAQ,-1.84
036220,오상헬스케어,6810.0,7719.0,7719.0,52566390.0,52566390.0,KOSDAQ,-3.13
036010,아비코전자,7330.0,240632.0,240632.0,1763832560.0,1763832560.0,KOSDAQ,-3.68
013310,아진산업,2510.0,522382.0,522382.0,1311178820.0,1311178820.0,KOSDAQ,-8.56
228850,레이언스,5870.0,17400.0,17400.0,102138000.0,102138000.0,KOSDAQ,-2.17
172670,에이엘티,10830.0,81632.0,81632.0,884074560.0,884074560.0,KOSDAQ,-2.52
298540,더네이쳐홀딩스,6690.0,14852.0,14852.0,99359880.0,99359880.0,KOSDAQ,0.15
005860,한일사료,2455.0,514651.0,514651.0,1263468205.0,1263468205.0,KOSDAQ,0.2
352090,스톰테크,3595.0,42318.0,42318.0,152133210.0,152133210.0,KOSDAQ,1.99
317770,엑스페릭스,2635.0,168222.0,168222.0,443264970.0,443264970.0,KOSDAQ,-2.59
002230,피에스텍,5230.0,83650.0,83650.0,437489500.0,437489500.0,KOSDAQ,-4.04
052900,KX하이텍,1250.0,3304124.0,3304124.0,4130155000.0,4130155000.0,KOSDAQ,1.63
058820,CMG제약,646.0,1281700.0,1281700.0,827978200.0,827978200.0,KOSDAQ,-2.42
483350,딜리셔스,4360.0,1962935.0,1962935.0,8558396600.0,8558396600.0,KOSDAQ,-5.73
323990,박셀바이오,4100.0,53446.0,53446.0,219128600.0,219128600.0,KOSDAQ,-3.98
044990,에이치엔에스하이텍,12400.0,15734.0,15734.0,195101600.0,195101600.0,KOSDAQ,-3.88
088130,동아엘텍,5430.0,169092.0,169092.0,918169560.0,918169560.0,KOSDAQ,-4.74
008830,대동기어,6410.0,495913.0,495913.0,3178802330.0,3178802330.0,KOSDAQ,-5.18
023900,풍국주정,7500.0,7267.0,7267.0,54502500.0,54502500.0,KOSDAQ,-1.19
025950,동신건설,11210.0,89480.0,89480.0,1003070800.0,1003070800.0,KOSDAQ,-2.1
017650,대림제지,10700.0,39436.0,39436.0,421965200.0,421965200.0,KOSDAQ,3.08
371950,풍원정밀,4120.0,619059.0,619059.0,2550523080.0,2550523080.0,KOSDAQ,-29.93
042500,링네트,4200.0,124818.0,124818.0,524235600.0,524235600.0,KOSDAQ,-0.36
217190,제너셈,7110.0,2063789.0,2063789.0,14673539790.0,14673539790.0,KOSDAQ,18.5
134580,탑코미디어,1889.0,319726.0,319726.0,603962414.0,603962414.0,KOSDAQ,-5.03
109610,에스와이,1899.0,171504.0,171504.0,325686096.0,325686096.0,KOSDAQ,-3.8
066430,아이로보틱스,2370.0,2982655.0,2982655.0,7068892350.0,7068892350.0,KOSDAQ,-5.01
217820,원익피앤이,1946.0,209461.0,209461.0,407611106.0,407611106.0,KOSDAQ,-3.42
007820,엠엑스로보틱스,4600.0,14995655.0,14995655.0,68980013000.0,68980013000.0,KOSDAQ,3.37
156100,엘앤케이바이오,4120.0,92090.0,92090.0,379410800.0,379410800.0,KOSDAQ,0.37
226400,오스테오닉,4445.0,283230.0,283230.0,1258957350.0,1258957350.0,KOSDAQ,-7.01
322180,LS티라유텍,4270.0,158755.0,158755.0,677883850.0,677883850.0,KOSDAQ,-7.17
493330,지에프아이,11410.0,40151.0,40151.0,458122910.0,458122910.0,KOSDAQ,-5.78
040420,정상제이엘에스,5850.0,10890.0,10890.0,63706500.0,63706500.0,KOSDAQ,0.0
250060,모비스,2840.0,225602.0,225602.0,640709680.0,640709680.0,KOSDAQ,-7.04
037030,파워넷,3580.0,566283.0,566283.0,2027293140.0,2027293140.0,KOSDAQ,-8.67
263720,디앤씨미디어,7350.0,20139.0,20139.0,148021650.0,148021650.0,KOSDAQ,-3.42
452190,한빛레이저,3800.0,142971.0,142971.0,543289800.0,543289800.0,KOSDAQ,-4.64
053580,웹케시,7010.0,35173.0,35173.0,246562730.0,246562730.0,KOSDAQ,-3.84
337930,젝시믹스,3060.0,166251.0,166251.0,508728060.0,508728060.0,KOSDAQ,1.32
289930,웨이비스,6900.0,90145.0,90145.0,622000500.0,622000500.0,KOSDAQ,-3.09
029480,광무,1519.0,97016.0,97016.0,147367304.0,147367304.0,KOSDAQ,-2.44
065450,빅텍,3075.0,484339.0,484339.0,1489342425.0,1489342425.0,KOSDAQ,1.49
093920,서원인텍,4870.0,23420.0,23420.0,114055400.0,114055400.0,KOSDAQ,-1.12
282720,금양그린파워,7470.0,36707.0,36707.0,274201290.0,274201290.0,KOSDAQ,-5.92
052420,오성첨단소재,9290.0,25620.0,25620.0,238009800.0,238009800.0,KOSDAQ,-1.17
078140,대봉엘에스,8160.0,30352.0,30352.0,247672320.0,247672320.0,KOSDAQ,-4.23
099750,이지케어텍,6620.0,23950.0,23950.0,158549000.0,158549000.0,KOSDAQ,-3.78
047560,이스트소프트,7680.0,53354.0,53354.0,409758720.0,409758720.0,KOSDAQ,-6.57
487580,폴레드,3560.0,365706.0,365706.0,1301913360.0,1301913360.0,KOSDAQ,-4.94
302550,리메드,2900.0,29917.0,29917.0,86759300.0,86759300.0,KOSDAQ,-3.33
214680,디알텍,1070.0,923368.0,923368.0,988003760.0,988003760.0,KOSDAQ,-7.36
263800,데이타솔루션,5500.0,401686.0,401686.0,2209273000.0,2209273000.0,KOSDAQ,-4.68
357230,에이치피오,2160.0,87789.0,87789.0,189624240.0,189624240.0,KOSDAQ,-6.09
042510,라온시큐어,8010.0,73431.0,73431.0,588182310.0,588182310.0,KOSDAQ,-3.03
330730,스톤브릿지벤처스,4880.0,59010.0,59010.0,287968800.0,287968800.0,KOSDAQ,-3.75
0017J0,세미티에스,2945.0,374510.0,374510.0,1102931950.0,1102931950.0,KOSDAQ,-4.38
054540,삼영엠텍,6820.0,108393.0,108393.0,739240260.0,739240260.0,KOSDAQ,-5.28
475230,엔알비,8130.0,98467.0,98467.0,800536710.0,800536710.0,KOSDAQ,-3.56
086960,MDS테크,2080.0,513633.0,513633.0,1068356640.0,1068356640.0,KOSDAQ,0.97
0218L0,네오뷰,16680.0,80454.0,80454.0,1341972720.0,1341972720.0,KOSDAQ,-4.52
182360,큐브엔터,5650.0,19966.0,19966.0,112807900.0,112807900.0,KOSDAQ,-3.25
149980,하이로닉,5100.0,48273.0,48273.0,246192300.0,246192300.0,KOSDAQ,-7.27
033290,로젠,1560.0,165935.0,165935.0,258858600.0,258858600.0,KOSDAQ,-2.07
205100,엑셈,1292.0,288393.0,288393.0,372603756.0,372603756.0,KOSDAQ,-4.08
096240,크레버스,8500.0,24349.0,24349.0,206966500.0,206966500.0,KOSDAQ,-1.73
306620,지아이에스,1813.0,276988.0,276988.0,502179244.0,502179244.0,KOSDAQ,-4.53
032300,한국파마,7960.0,12502.0,12502.0,99515920.0,99515920.0,KOSDAQ,-2.21
235980,메드팩토,2530.0,141400.0,141400.0,357742000.0,357742000.0,KOSDAQ,-5.95
104460,디와이피엔에프,8240.0,31267.0,31267.0,257640080.0,257640080.0,KOSDAQ,-7.31
072020,중앙백신,9330.0,12071.0,12071.0,112622430.0,112622430.0,KOSDAQ,0.11
004650,창해에탄올,9380.0,14235.0,14235.0,133524300.0,133524300.0,KOSDAQ,-0.42
215100,로보로보,4225.0,194989.0,194989.0,823828525.0,823828525.0,KOSDAQ,-5.27
009300,삼아제약,13480.0,2264.0,2264.0,30518720.0,30518720.0,KOSDAQ,-0.74
102370,케이옥션,3290.0,77837.0,77837.0,256083730.0,256083730.0,KOSDAQ,-0.45
052860,아이앤씨,4760.0,21204.0,21204.0,100931040.0,100931040.0,KOSDAQ,-1.35
130580,나이스디앤비,5520.0,3725.0,3725.0,20562000.0,20562000.0,KOSDAQ,0.91
950250,테라뷰,2390.0,75522.0,75522.0,180497580.0,180497580.0,KOSDAQ,-5.16
0011A0,액스비스,9090.0,64369.0,64369.0,585114210.0,585114210.0,KOSDAQ,-10.0
185490,아이진,1955.0,187460.0,187460.0,366484300.0,366484300.0,KOSDAQ,-2.98
078890,가온그룹,4570.0,116319.0,116319.0,531577830.0,531577830.0,KOSDAQ,-2.77
463020,뉴엔AI,9360.0,148513.0,148513.0,1390081680.0,1390081680.0,KOSDAQ,-6.68
040910,아이씨디,4620.0,16298.0,16298.0,75296760.0,75296760.0,KOSDAQ,0.11
381620,제닉스로보틱스,6400.0,122939.0,122939.0,786809600.0,786809600.0,KOSDAQ,-5.88
076610,해성옵틱스,1415.0,5727140.0,5727140.0,8103903100.0,8103903100.0,KOSDAQ,6.55
038110,에코플라스틱,2030.0,234934.0,234934.0,476916020.0,476916020.0,KOSDAQ,0.0
223250,드림씨아이에스,3390.0,54572.0,54572.0,184999080.0,184999080.0,KOSDAQ,-5.31
019550,SBI인베스트먼트,1024.0,211280.0,211280.0,216350720.0,216350720.0,KOSDAQ,-2.94
290660,다이나믹솔루션,1937.0,1371451.0,1371451.0,2656500587.0,2656500587.0,KOSDAQ,8.82
100130,동국S&C,1452.0,123924.0,123924.0,179937648.0,179937648.0,KOSDAQ,-4.28
389030,지니너스,2100.0,307342.0,307342.0,645418200.0,645418200.0,KOSDAQ,-5.19
054670,대한뉴팜,5720.0,16507.0,16507.0,94420040.0,94420040.0,KOSDAQ,-3.05
090470,제이스로보틱스,4685.0,55768.0,55768.0,261273080.0,261273080.0,KOSDAQ,-0.32
418470,KT밀리의서재,9530.0,120076.0,120076.0,1144324280.0,1144324280.0,KOSDAQ,-3.25
101330,모베이스,3525.0,91731.0,91731.0,323351775.0,323351775.0,KOSDAQ,-5.11
475430,키스트론,4565.0,620460.0,620460.0,2832399900.0,2832399900.0,KOSDAQ,-0.22
036640,HRS,4980.0,88839.0,88839.0,442418220.0,442418220.0,KOSDAQ,1.22
039980,폴라리스AI,5660.0,199477.0,199477.0,1129039820.0,1129039820.0,KOSDAQ,-4.55
0117P0,피스피스스튜디오,5740.0,373646.0,373646.0,2144728040.0,2144728040.0,KOSDAQ,4.94
228670,레이,5200.0,155920.0,155920.0,810784000.0,810784000.0,KOSDAQ,-3.17
413390,엠오티,7010.0,23832.0,23832.0,167062320.0,167062320.0,KOSDAQ,-1.41
048530,인트론바이오,2620.0,80451.0,80451.0,210781620.0,210781620.0,KOSDAQ,-0.57
053350,이니텍,3670.0,51855.0,51855.0,190307850.0,190307850.0,KOSDAQ,-2.91
045970,코아시아,3070.0,129464.0,129464.0,397454480.0,397454480.0,KOSDAQ,-9.71
251120,바이오에프디엔씨,9280.0,67670.0,67670.0,627977600.0,627977600.0,KOSDAQ,-0.11
063080,컴투스홀딩스,12220.0,18347.0,18347.0,224200340.0,224200340.0,KOSDAQ,-5.12
115440,우리넷,7450.0,84878.0,84878.0,632341100.0,632341100.0,KOSDAQ,-5.34
053280,예스24,3210.0,11042.0,11042.0,35444820.0,35444820.0,KOSDAQ,-1.53
950130,엑세스바이오,2280.0,33355.0,33355.0,76049400.0,76049400.0,KOSDAQ,-1.3
067000,조이시티,1145.0,306120.0,306120.0,350507400.0,350507400.0,KOSDAQ,-3.62
0156T0,에이치엘지노믹스,10270.0,2314607.0,2314607.0,23771013890.0,23771013890.0,KOSDAQ,8.22
131370,알서포트,1498.0,164915.0,164915.0,247042670.0,247042670.0,KOSDAQ,-2.73
137950,제이씨케미칼,3580.0,229837.0,229837.0,822816460.0,822816460.0,KOSDAQ,7.67
037760,쎄니트,2355.0,24508.0,24508.0,57716340.0,57716340.0,KOSDAQ,-0.42
212710,아이에스티이,8200.0,154432.0,154432.0,1266342400.0,1266342400.0,KOSDAQ,2.24
451250,삐아,7780.0,30339.0,30339.0,236037420.0,236037420.0,KOSDAQ,0.0
347890,엠엑스온,4675.0,658077.0,658077.0,3076509975.0,3076509975.0,KOSDAQ,-0.95
058630,엠게임,4235.0,37896.0,37896.0,160489560.0,160489560.0,KOSDAQ,-4.94
012700,리드코프,3035.0,33938.0,33938.0,103001830.0,103001830.0,KOSDAQ,-1.3
225190,LK삼양,1127.0,2824042.0,2824042.0,3182695334.0,3182695334.0,KOSDAQ,-2.17
080010,이상네트웍스,8010.0,4203.0,4203.0,33666030.0,33666030.0,KOSDAQ,-1.11
066700,테라젠이텍스,2115.0,94386.0,94386.0,199626390.0,199626390.0,KOSDAQ,-2.08
217330,싸이토젠,3395.0,69027.0,69027.0,234346665.0,234346665.0,KOSDAQ,-5.43
331380,포커스에이아이,2145.0,152303.0,152303.0,326689935.0,326689935.0,KOSDAQ,-6.13
047820,초록뱀미디어,3200.0,10570.0,10570.0,33824000.0,33824000.0,KOSDAQ,-1.54
105740,디케이락,7680.0,62201.0,62201.0,477703680.0,477703680.0,KOSDAQ,-0.26
170030,현대공업,5070.0,41431.0,41431.0,210055170.0,210055170.0,KOSDAQ,-0.39
307870,비투엔,1045.0,1003982.0,1003982.0,1049161190.0,1049161190.0,KOSDAQ,5.98
000440,중앙에너비스,12450.0,34417.0,34417.0,428491650.0,428491650.0,KOSDAQ,1.38
024880,케이피에프,3885.0,92505.0,92505.0,359381925.0,359381925.0,KOSDAQ,-1.02
234030,싸이닉솔루션,3280.0,59149.0,59149.0,194008720.0,194008720.0,KOSDAQ,-0.3
365330,에스와이스틸텍,1541.0,404227.0,404227.0,622913807.0,622913807.0,KOSDAQ,-0.9
265560,영화테크,7190.0,24824.0,24824.0,178484560.0,178484560.0,KOSDAQ,-4.01
004590,한국가구,5120.0,207030.0,207030.0,1059993600.0,1059993600.0,KOSDAQ,-10.02
225530,HC보광산업,2110.0,37072.0,37072.0,78221920.0,78221920.0,KOSDAQ,0.96
290740,액트로,7610.0,47051.0,47051.0,358058110.0,358058110.0,KOSDAQ,-3.43
019540,일지테크,5650.0,535074.0,535074.0,3023168100.0,3023168100.0,KOSDAQ,-16.91
033560,블루콤,4465.0,47222.0,47222.0,210846230.0,210846230.0,KOSDAQ,-2.51
017480,삼현철강,4930.0,22691.0,22691.0,111866630.0,111866630.0,KOSDAQ,0.0
270520,앱튼,3870.0,140968.0,140968.0,545546160.0,545546160.0,KOSDAQ,-4.44
040160,누리플렉스,6280.0,124968.0,124968.0,784799040.0,784799040.0,KOSDAQ,13.15
067370,선바이오,6190.0,10243.0,10243.0,63404170.0,63404170.0,KOSDAQ,-3.43
198440,강동씨앤엘,1240.0,507337.0,507337.0,629097880.0,629097880.0,KOSDAQ,-1.74
201490,미투온,2305.0,228593.0,228593.0,526906865.0,526906865.0,KOSDAQ,-1.5
365660,레몬헬스케어,5600.0,5593236.0,5593236.0,31322121600.0,31322121600.0,KOSDAQ,3.13
072950,빛샘전자,9350.0,337689.0,337689.0,3157392150.0,3157392150.0,KOSDAQ,-6.5
460940,피앤에스로보틱스,5590.0,112990.0,112990.0,631614100.0,631614100.0,KOSDAQ,-3.29
045660,에이텍,9100.0,128375.0,128375.0,1168212500.0,1168212500.0,KOSDAQ,7.69
011320,유니크,3880.0,22345.0,22345.0,86698600.0,86698600.0,KOSDAQ,-1.52
089230,THE E&M,1900.0,404641.0,404641.0,768817900.0,768817900.0,KOSDAQ,-5.24
038680,에스넷,3760.0,113472.0,113472.0,426654720.0,426654720.0,KOSDAQ,-1.57
382840,원준,4900.0,47130.0,47130.0,230937000.0,230937000.0,KOSDAQ,-5.77
377480,마음AI,10480.0,54929.0,54929.0,575655920.0,575655920.0,KOSDAQ,-5.42
214260,라파스,8350.0,28493.0,28493.0,237916550.0,237916550.0,KOSDAQ,-3.58
067570,엔브이에이치코리아,1766.0,127072.0,127072.0,224409152.0,224409152.0,KOSDAQ,-1.23
030960,양지사,4660.0,476859.0,476859.0,2222162940.0,2222162940.0,KOSDAQ,0.54
128660,피제이메탈,3000.0,226812.0,226812.0,680436000.0,680436000.0,KOSDAQ,0.33
900260,로스웰,1615.0,2563.0,2563.0,4139245.0,4139245.0,KOSDAQ,-1.4
054620,APS,4040.0,42299.0,42299.0,170887960.0,170887960.0,KOSDAQ,-2.77
088390,이녹스,7900.0,15090.0,15090.0,119211000.0,119211000.0,KOSDAQ,1.15
096250,와이즈넛,6270.0,15685.0,15685.0,98344950.0,98344950.0,KOSDAQ,-3.24
208140,정다운,2265.0,37549.0,37549.0,85048485.0,85048485.0,KOSDAQ,-0.66
104040,디에스엠,2760.0,37391.0,37391.0,103199160.0,103199160.0,KOSDAQ,0.0
124560,태웅로직스,1911.0,56994.0,56994.0,108915534.0,108915534.0,KOSDAQ,-0.93
085670,뉴프렉스,3020.0,157569.0,157569.0,475858380.0,475858380.0,KOSDAQ,-6.21
060590,씨티씨바이오,3055.0,112329.0,112329.0,343165095.0,343165095.0,KOSDAQ,-4.83
234300,에스트래픽,2715.0,82072.0,82072.0,222825480.0,222825480.0,KOSDAQ,-1.99
171120,라이온켐텍,2055.0,71742.0,71742.0,147429810.0,147429810.0,KOSDAQ,-1.44
173130,오파스넷,5650.0,107223.0,107223.0,605809950.0,605809950.0,KOSDAQ,-2.92
065510,휴비츠,6760.0,61119.0,61119.0,413164440.0,413164440.0,KOSDAQ,-0.88
451220,아이엠티,9330.0,107848.0,107848.0,1006221840.0,1006221840.0,KOSDAQ,-4.11
320000,한울반도체,10610.0,197197.0,197197.0,2092260170.0,2092260170.0,KOSDAQ,-5.69
389140,포바이포,5140.0,40174.0,40174.0,206494360.0,206494360.0,KOSDAQ,-2.1
294630,서남,2760.0,158160.0,158160.0,436521600.0,436521600.0,KOSDAQ,-5.32
277880,티에스아이,3675.0,160268.0,160268.0,588984900.0,588984900.0,KOSDAQ,1.1
024830,세원물산,8710.0,2961.0,2961.0,25790310.0,25790310.0,KOSDAQ,-2.57
041930,SY동아,4775.0,32331.0,32331.0,154380525.0,154380525.0,KOSDAQ,-4.02
067170,오텍,2640.0,1832996.0,1832996.0,4839109440.0,4839109440.0,KOSDAQ,15.79
006140,피제이전자,4875.0,39221.0,39221.0,191202375.0,191202375.0,KOSDAQ,-3.85
054040,한국컴퓨터,4505.0,226701.0,226701.0,1021288005.0,1021288005.0,KOSDAQ,-8.99
079810,APS이노베이션,3360.0,41510.0,41510.0,139473600.0,139473600.0,KOSDAQ,-4.55
010280,아이티센엔텍,5550.0,144617.0,144617.0,802624350.0,802624350.0,KOSDAQ,1.09
024740,한일단조,2195.0,233882.0,233882.0,513370990.0,513370990.0,KOSDAQ,1.15
041910,폴라리스AI파마,5430.0,38382.0,38382.0,208414260.0,208414260.0,KOSDAQ,-1.63
443670,에스피소프트,3000.0,60898.0,60898.0,182694000.0,182694000.0,KOSDAQ,-6.4
360070,탑머티리얼,8780.0,30845.0,30845.0,270819100.0,270819100.0,KOSDAQ,-6.3
357580,아모센스,6100.0,134857.0,134857.0,822627700.0,822627700.0,KOSDAQ,-12.73
396270,넥스트칩,2185.0,114745.0,114745.0,250717825.0,250717825.0,KOSDAQ,-4.59
044340,위닉스,4010.0,359025.0,359025.0,1439690250.0,1439690250.0,KOSDAQ,-4.75
303810,동국생명과학,2235.0,155007.0,155007.0,346440645.0,346440645.0,KOSDAQ,-5.7
049080,기가레인,8400.0,332952.0,332952.0,2796796800.0,2796796800.0,KOSDAQ,-3.0
062970,한국첨단소재,2495.0,952992.0,952992.0,2377715040.0,2377715040.0,KOSDAQ,-3.85
091590,남화토건,6040.0,938234.0,938234.0,5666933360.0,5666933360.0,KOSDAQ,-5.33
417970,모델솔루션,11080.0,13574.0,13574.0,150399920.0,150399920.0,KOSDAQ,-5.06
140070,서플러스글로벌,1915.0,561351.0,561351.0,1074987165.0,1074987165.0,KOSDAQ,4.42
043610,KT지니뮤직,1218.0,180251.0,180251.0,219545718.0,219545718.0,KOSDAQ,-1.3
221800,지구홀딩스,4335.0,20393.0,20393.0,88403655.0,88403655.0,KOSDAQ,1.29
012790,신일제약,5900.0,28297.0,28297.0,166952300.0,166952300.0,KOSDAQ,-1.17
153710,옵티팜,4820.0,3733.0,3733.0,17993060.0,17993060.0,KOSDAQ,0.1
092040,아미코젠,999.0,1218969.0,1218969.0,1217750031.0,1217750031.0,KOSDAQ,2.99
084730,팅크웨어,6350.0,22691.0,22691.0,144087850.0,144087850.0,KOSDAQ,-4.8
066310,큐에스아이,7600.0,39295.0,39295.0,298642000.0,298642000.0,KOSDAQ,-2.31
048430,유라테크,6110.0,44883.0,44883.0,274235130.0,274235130.0,KOSDAQ,-1.45
0004V0,엔비알모션,6380.0,440831.0,440831.0,2812501780.0,2812501780.0,KOSDAQ,-8.33
048910,대원미디어,5580.0,76888.0,76888.0,429035040.0,429035040.0,KOSDAQ,0.18
058400,KNN,5300.0,11910.0,11910.0,63123000.0,63123000.0,KOSDAQ,-2.03
049550,잉크테크,3575.0,24506.0,24506.0,87608950.0,87608950.0,KOSDAQ,2.14
332370,아이디피,5280.0,7802.0,7802.0,41194560.0,41194560.0,KOSDAQ,-3.65
110790,크리스에프앤씨,2985.0,12537.0,12537.0,37422945.0,37422945.0,KOSDAQ,2.93
162300,신스틸,1685.0,645991.0,645991.0,1088494835.0,1088494835.0,KOSDAQ,-4.1
061250,화일약품,8290.0,14566.0,14566.0,120752140.0,120752140.0,KOSDAQ,-6.22
388870,파로스아이바이오,5390.0,45330.0,45330.0,244328700.0,244328700.0,KOSDAQ,-4.94
246960,SCL사이언스,2050.0,223330.0,223330.0,457826500.0,457826500.0,KOSDAQ,5.24
432470,케이엔에스,7940.0,20925.0,20925.0,166144500.0,166144500.0,KOSDAQ,-4.91
091120,이엠텍,4055.0,32182.0,32182.0,130498010.0,130498010.0,KOSDAQ,-4.59
033130,디지틀조선,1870.0,35847.0,35847.0,67033890.0,67033890.0,KOSDAQ,-3.76
0015S0,페스카로,7030.0,28617.0,28617.0,201177510.0,201177510.0,KOSDAQ,-3.83
147760,피엠티,3465.0,172722.0,172722.0,598481730.0,598481730.0,KOSDAQ,3.43
137080,나래나노텍,6460.0,179327.0,179327.0,1158452420.0,1158452420.0,KOSDAQ,-0.46
096350,대창솔루션,1876.0,172285.0,172285.0,323206660.0,323206660.0,KOSDAQ,-1.68
347000,센코,1826.0,34447.0,34447.0,62900222.0,62900222.0,KOSDAQ,-0.11
039010,현대에이치티,7990.0,231804.0,231804.0,1852113960.0,1852113960.0,KOSDAQ,6.96
002800,신신제약,4540.0,44175.0,44175.0,200554500.0,200554500.0,KOSDAQ,0.0
382480,지아이텍,1748.0,193493.0,193493.0,338225764.0,338225764.0,KOSDAQ,-4.43
205470,휴마시스,2785.0,77137.0,77137.0,214826545.0,214826545.0,KOSDAQ,-2.45
417790,트루엔,6560.0,28645.0,28645.0,187911200.0,187911200.0,KOSDAQ,3.14
020710,시공테크,3425.0,240382.0,240382.0,823308350.0,823308350.0,KOSDAQ,-6.42
323350,다원넥스뷰,8530.0,70053.0,70053.0,597552090.0,597552090.0,KOSDAQ,-2.18
419080,엔젯,6280.0,82851.0,82851.0,520304280.0,520304280.0,KOSDAQ,-1.87
026150,특수건설,3890.0,48157.0,48157.0,187330730.0,187330730.0,KOSDAQ,-0.89
241690,유니테크노,2785.0,43975.0,43975.0,122470375.0,122470375.0,KOSDAQ,-1.24
321370,센서뷰,1312.0,9783210.0,9783210.0,12835571520.0,12835571520.0,KOSDAQ,1.78
032850,비트컴퓨터,4070.0,48887.0,48887.0,198970090.0,198970090.0,KOSDAQ,-2.16
208370,셀바스헬스케어,2620.0,112520.0,112520.0,294802400.0,294802400.0,KOSDAQ,-2.96
179530,애드바이오텍,2500.0,774071.0,774071.0,1935177500.0,1935177500.0,KOSDAQ,19.05
038460,바이오스마트,2665.0,420240.0,420240.0,1119939600.0,1119939600.0,KOSDAQ,-7.47
478560,블랙야크아이앤씨,2605.0,57748.0,57748.0,150433540.0,150433540.0,KOSDAQ,-3.7
059270,해성에어로보틱스,6020.0,73737.0,73737.0,443896740.0,443896740.0,KOSDAQ,-4.9
100590,머큐리,3920.0,338578.0,338578.0,1327225760.0,1327225760.0,KOSDAQ,-5.31
191420,테고사이언스,8280.0,11491.0,11491.0,95145480.0,95145480.0,KOSDAQ,-2.59
443250,레뷰코퍼레이션,6210.0,5150.0,5150.0,31981500.0,31981500.0,KOSDAQ,-3.27
014970,삼륭물산,4515.0,46296.0,46296.0,209026440.0,209026440.0,KOSDAQ,1.01
222110,팬젠,4920.0,7066.0,7066.0,34764720.0,34764720.0,KOSDAQ,-1.6
424960,스마트레이더시스템,4025.0,34077.0,34077.0,137159925.0,137159925.0,KOSDAQ,-3.25
109860,동일금속,7290.0,3121.0,3121.0,22752090.0,22752090.0,KOSDAQ,0.0
288180,케이피항공산업,8960.0,111491.0,111491.0,998959360.0,998959360.0,KOSDAQ,4.19
094860,네오리진,1246.0,117383.0,117383.0,146259218.0,146259218.0,KOSDAQ,-2.12
331740,아우토크립트,6780.0,17317.0,17317.0,117409260.0,117409260.0,KOSDAQ,-3.14
168330,내츄럴엔도텍,2080.0,24831.0,24831.0,51648480.0,51648480.0,KOSDAQ,-1.65
123420,위메이드플레이,6340.0,19878.0,19878.0,126026520.0,126026520.0,KOSDAQ,-3.35
456070,이엔셀,5970.0,52603.0,52603.0,314039910.0,314039910.0,KOSDAQ,-3.08
039020,이건홀딩스,2910.0,187713.0,187713.0,546244830.0,546244830.0,KOSDAQ,8.18
070300,퀀텀레일,1844.0,534472.0,534472.0,985566368.0,985566368.0,KOSDAQ,6.1
010240,흥국,5590.0,26777.0,26777.0,149683430.0,149683430.0,KOSDAQ,0.9
032540,TJ미디어,3130.0,5152.0,5152.0,16125760.0,16125760.0,KOSDAQ,-0.16
136150,원일티엔아이,7800.0,8898.0,8898.0,69404400.0,69404400.0,KOSDAQ,-4.06
253840,수젠텍,3895.0,114726.0,114726.0,446857770.0,446857770.0,KOSDAQ,-6.71
412350,레이저쎌,4450.0,276156.0,276156.0,1228894200.0,1228894200.0,KOSDAQ,-3.16
081150,티플랙스,2665.0,120570.0,120570.0,321319050.0,321319050.0,KOSDAQ,-2.38
043650,국순당,3620.0,36172.0,36172.0,130942640.0,130942640.0,KOSDAQ,-2.03
214270,FSN,1427.0,100316.0,100316.0,143150932.0,143150932.0,KOSDAQ,-0.56
100030,인지소프트,19630.0,21354.0,21354.0,419179020.0,419179020.0,KOSDAQ,-3.54
004780,대륙제관,4050.0,41105.0,41105.0,166475250.0,166475250.0,KOSDAQ,-0.86
036000,예림당,2790.0,32050.0,32050.0,89419500.0,89419500.0,KOSDAQ,-1.24
216050,인크로스,5260.0,15984.0,15984.0,84075840.0,84075840.0,KOSDAQ,-0.94
005670,푸드웰,6410.0,152458.0,152458.0,977255780.0,977255780.0,KOSDAQ,-4.19
142280,녹십자엠에스,2670.0,175993.0,175993.0,469901310.0,469901310.0,KOSDAQ,-2.55
187420,HLB제넥스,1950.0,187485.0,187485.0,365595750.0,365595750.0,KOSDAQ,-2.5
041460,한국전자인증,3350.0,75818.0,75818.0,253990300.0,253990300.0,KOSDAQ,-1.62
039420,케이엘넷,2770.0,55859.0,55859.0,154729430.0,154729430.0,KOSDAQ,-3.32
043710,코스리거글로벌,3670.0,4957.0,4957.0,18192190.0,18192190.0,KOSDAQ,-2.0
111710,남화산업,3080.0,156874.0,156874.0,483171920.0,483171920.0,KOSDAQ,-3.75
457370,한켐,7850.0,333793.0,333793.0,2620275050.0,2620275050.0,KOSDAQ,-11.3
464490,쿼드메디슨,5510.0,36819.0,36819.0,202872690.0,202872690.0,KOSDAQ,-5.49
411080,샌즈랩,4135.0,58082.0,58082.0,240169070.0,240169070.0,KOSDAQ,-5.81
126880,제이엔케이글로벌,2720.0,104143.0,104143.0,283268960.0,283268960.0,KOSDAQ,-3.89
261780,아리바이오랩,2250.0,157385.0,157385.0,354116250.0,354116250.0,KOSDAQ,-4.46
0007J0,인벤테라,8010.0,18049.0,18049.0,144572490.0,144572490.0,KOSDAQ,-3.03
333620,엔시스,5710.0,10578.0,10578.0,60400380.0,60400380.0,KOSDAQ,-0.52
089850,유비벨록스,4210.0,10532.0,10532.0,44339720.0,44339720.0,KOSDAQ,-1.41
204840,지엘팜텍,3995.0,22603.0,22603.0,90298985.0,90298985.0,KOSDAQ,-3.03
303360,프로티아,4800.0,30467.0,30467.0,146241600.0,146241600.0,KOSDAQ,-2.44
082210,옵트론텍,1762.0,93244.0,93244.0,164295928.0,164295928.0,KOSDAQ,0.0
457600,벡트,4490.0,224682.0,224682.0,1008822180.0,1008822180.0,KOSDAQ,2.28
016250,SGC E&C,12160.0,8729.0,8729.0,106144640.0,106144640.0,KOSDAQ,-0.49
215360,우리산업,6700.0,18526.0,18526.0,124124200.0,124124200.0,KOSDAQ,-4.42
083790,CG인바이츠,795.0,205642.0,205642.0,163485390.0,163485390.0,KOSDAQ,-4.79
095270,웨이브일렉트로,4250.0,80777.0,80777.0,343302250.0,343302250.0,KOSDAQ,-3.85
175140,아고스,2445.0,36172.0,36172.0,88440540.0,88440540.0,KOSDAQ,2.95
065530,와이어블,1271.0,101584.0,101584.0,129113264.0,129113264.0,KOSDAQ,-5.15
054300,팬스타엔터프라이즈,1046.0,750883.0,750883.0,785423618.0,785423618.0,KOSDAQ,1.55
448710,코츠테크놀로지,11420.0,26107.0,26107.0,298141940.0,298141940.0,KOSDAQ,-2.89
008370,원풍,5020.0,4071.0,4071.0,20436420.0,20436420.0,KOSDAQ,1.11
251630,브이원텍,3775.0,24588.0,24588.0,92819700.0,92819700.0,KOSDAQ,-1.69
179900,유티아이,3040.0,2091749.0,2091749.0,6358916960.0,6358916960.0,KOSDAQ,9.55
459550,알트,2385.0,16348310.0,16348310.0,38990719350.0,38990719350.0,KOSDAQ,-7.38
060310,3S,1131.0,1836475.0,1836475.0,2077053225.0,2077053225.0,KOSDAQ,4.14
453860,에이에스텍,9270.0,24425.0,24425.0,226419750.0,226419750.0,KOSDAQ,-1.17
064800,포니링크,2330.0,98066.0,98066.0,228493780.0,228493780.0,KOSDAQ,7.62
092300,현우산업,2955.0,355511.0,355511.0,1050535005.0,1050535005.0,KOSDAQ,6.29
122350,삼기,1553.0,1786445.0,1786445.0,2774349085.0,2774349085.0,KOSDAQ,-6.84
097800,윈팩,2180.0,259841.0,259841.0,566453380.0,566453380.0,KOSDAQ,-3.75
014470,부방,990.0,69464.0,69464.0,68769360.0,68769360.0,KOSDAQ,-0.7
050960,수산아이앤티,8800.0,3741.0,3741.0,32920800.0,32920800.0,KOSDAQ,0.0
228340,동양파일,2970.0,452581.0,452581.0,1344165570.0,1344165570.0,KOSDAQ,-4.19
003310,대주산업,1675.0,243202.0,243202.0,407363350.0,407363350.0,KOSDAQ,-1.47
033320,제이씨현시스템,3100.0,105023.0,105023.0,325571300.0,325571300.0,KOSDAQ,-2.21
459100,위츠,4400.0,20649.0,20649.0,90855600.0,90855600.0,KOSDAQ,-4.35
049480,오픈베이스,1884.0,136180.0,136180.0,256563120.0,256563120.0,KOSDAQ,-3.29
067920,이글루,5380.0,37272.0,37272.0,200523360.0,200523360.0,KOSDAQ,-1.82
291230,컴투스엔,2460.0,144057.0,144057.0,354380220.0,354380220.0,KOSDAQ,-10.22
263600,덕우전자,3695.0,50613.0,50613.0,187015035.0,187015035.0,KOSDAQ,-5.98
348150,고바이오랩,3015.0,26406.0,26406.0,79614090.0,79614090.0,KOSDAQ,-6.8
347740,피엔케이피부임상연구센타,1946.0,33070.0,33070.0,64354220.0,64354220.0,KOSDAQ,-3.42
318160,셀바이오휴먼텍,6230.0,210226.0,210226.0,1309707980.0,1309707980.0,KOSDAQ,-10.74
036120,서울평가정보,1655.0,121196.0,121196.0,200579380.0,200579380.0,KOSDAQ,0.55
037440,희림,4165.0,237174.0,237174.0,987829710.0,987829710.0,KOSDAQ,-0.95
241790,티이엠씨씨엔에스,5790.0,38676.0,38676.0,223934040.0,223934040.0,KOSDAQ,-0.86
238090,앤디포스,1898.0,49909.0,49909.0,94727282.0,94727282.0,KOSDAQ,-5.05
053620,태양,6720.0,12019.0,12019.0,80767680.0,80767680.0,KOSDAQ,-0.15
036090,위지트,1354.0,630767.0,630767.0,854058518.0,854058518.0,KOSDAQ,3.36
024950,삼천리자전거,4645.0,505400.0,505400.0,2347583000.0,2347583000.0,KOSDAQ,8.28
294140,레몬,2310.0,67905.0,67905.0,156860550.0,156860550.0,KOSDAQ,9.22
155650,와이엠씨,3030.0,14967.0,14967.0,45350010.0,45350010.0,KOSDAQ,-2.73
010470,오리콤,4800.0,6109.0,6109.0,29323200.0,29323200.0,KOSDAQ,-1.03
950220,네오이뮨텍,1676.0,157170.0,157170.0,263416920.0,263416920.0,KOSDAQ,3.39
408470,한패스,5420.0,58841.0,58841.0,318918220.0,318918220.0,KOSDAQ,-6.87
273640,와이엠텍,5220.0,24076.0,24076.0,125676720.0,125676720.0,KOSDAQ,-1.69
025550,한국선재,2240.0,110818.0,110818.0,248232320.0,248232320.0,KOSDAQ,1.36
039610,화성밸브,5480.0,45579.0,45579.0,249772920.0,249772920.0,KOSDAQ,-1.08
007370,진양제약,4025.0,13792.0,13792.0,55512800.0,55512800.0,KOSDAQ,-0.62
263690,디알젬,5010.0,12254.0,12254.0,61392540.0,61392540.0,KOSDAQ,-3.47
439580,블루엠텍,1673.0,129928.0,129928.0,217369544.0,217369544.0,KOSDAQ,-3.35
053160,프리엠스,9400.0,5699.0,5699.0,53570600.0,53570600.0,KOSDAQ,-0.32
061040,알에프텍,6230.0,11592.0,11592.0,72218160.0,72218160.0,KOSDAQ,-3.26
950200,소마젠,2930.0,14048.0,14048.0,41160640.0,41160640.0,KOSDAQ,0.69
094850,참좋은여행,4020.0,45257.0,45257.0,181933140.0,181933140.0,KOSDAQ,-4.17
347860,알체라,1332.0,231685.0,231685.0,308604420.0,308604420.0,KOSDAQ,-5.33
027050,코리아나,1402.0,187808.0,187808.0,263306816.0,263306816.0,KOSDAQ,-7.09
094940,푸른로보틱스,6700.0,1104127.0,1104127.0,7397650900.0,7397650900.0,KOSDAQ,3.08
046940,우원개발,3090.0,243243.0,243243.0,751620870.0,751620870.0,KOSDAQ,-2.06
900300,오가닉티코스메틱,2710.0,220700.0,220700.0,598097000.0,598097000.0,KOSDAQ,-4.75
317830,에스피시스템스,5170.0,44075.0,44075.0,227867750.0,227867750.0,KOSDAQ,-4.26
131400,이브이첨단소재,931.0,5334757.0,5334757.0,4966658767.0,4966658767.0,KOSDAQ,2.08
056360,코위버,5660.0,128920.0,128920.0,729687200.0,729687200.0,KOSDAQ,-5.51
054930,유신,18480.0,42381.0,42381.0,783200880.0,783200880.0,KOSDAQ,3.41
460870,에스엠씨지,2760.0,119319.0,119319.0,329320440.0,329320440.0,KOSDAQ,-6.12
066670,디티씨,2960.0,16973.0,16973.0,50240080.0,50240080.0,KOSDAQ,-2.31
065170,비엘팜텍,1981.0,867058.0,867058.0,1717641898.0,1717641898.0,KOSDAQ,-11.96
036670,삼양케이씨아이,5130.0,6183.0,6183.0,31718790.0,31718790.0,KOSDAQ,-0.58
104540,코렌텍,4110.0,8578.0,8578.0,35255580.0,35255580.0,KOSDAQ,-3.29
053270,구영테크,2010.0,58071.0,58071.0,116722710.0,116722710.0,KOSDAQ,-0.5
452400,이닉스,6050.0,4346.0,4346.0,26293300.0,26293300.0,KOSDAQ,-0.17
370090,퓨런티어,6410.0,35399.0,35399.0,226907590.0,226907590.0,KOSDAQ,-6.97
045340,토탈소프트,6400.0,50977.0,50977.0,326252800.0,326252800.0,KOSDAQ,-3.76
024910,경창산업,1529.0,130912.0,130912.0,200164448.0,200164448.0,KOSDAQ,3.66
033230,인성정보,1081.0,281260.0,281260.0,304042060.0,304042060.0,KOSDAQ,1.98
042110,에스씨디,1127.0,503275.0,503275.0,567190925.0,567190925.0,KOSDAQ,-0.44
040610,SG&G,3180.0,86583.0,86583.0,275333940.0,275333940.0,KOSDAQ,-0.16
046210,HLB파나진,1186.0,305207.0,305207.0,361975502.0,361975502.0,KOSDAQ,0.08
033310,엠투엔,1346.0,56691.0,56691.0,76306086.0,76306086.0,KOSDAQ,-1.39
088910,동우팜투테이블,2090.0,95108.0,95108.0,198775720.0,198775720.0,KOSDAQ,-4.35
170790,파이오링크,8380.0,20494.0,20494.0,171739720.0,171739720.0,KOSDAQ,-3.79
192250,케이사인,7580.0,26143.0,26143.0,198163940.0,198163940.0,KOSDAQ,-5.25
117670,알파칩스,8040.0,12031.0,12031.0,96729240.0,96729240.0,KOSDAQ,-6.94
053050,지에스이,1785.0,94509.0,94509.0,168698565.0,168698565.0,KOSDAQ,1.19
391710,코닉오토메이션,1249.0,43944.0,43944.0,54886056.0,54886056.0,KOSDAQ,-6.58
420570,제이투케이바이오,9080.0,88680.0,88680.0,805214400.0,805214400.0,KOSDAQ,-5.71
299170,더블유에스아이,1279.0,196181.0,196181.0,250915499.0,250915499.0,KOSDAQ,-3.62
014950,삼익제약,5250.0,213217.0,213217.0,1119389250.0,1119389250.0,KOSDAQ,-3.49
027830,대성창투,976.0,109779.0,109779.0,107144304.0,107144304.0,KOSDAQ,-3.37
435570,에르코스,6900.0,6433.0,6433.0,44387700.0,44387700.0,KOSDAQ,-3.23
217500,러셀,1650.0,87724.0,87724.0,144744600.0,144744600.0,KOSDAQ,-3.17
039240,경남스틸,1942.0,19680.0,19680.0,38218560.0,38218560.0,KOSDAQ,0.0
227950,엔투텍,1515.0,464853.0,464853.0,704252295.0,704252295.0,KOSDAQ,8.91
0013V0,삼진식품,5260.0,16705.0,16705.0,87868300.0,87868300.0,KOSDAQ,-2.41
064240,홈캐스트,1502.0,67106.0,67106.0,100793212.0,100793212.0,KOSDAQ,-1.83
314140,알피바이오,5990.0,136489.0,136489.0,817569110.0,817569110.0,KOSDAQ,-3.39
015710,코콤,2955.0,14170.0,14170.0,41872350.0,41872350.0,KOSDAQ,-4.83
376290,씨유테크,2930.0,36103.0,36103.0,105781790.0,105781790.0,KOSDAQ,0.86
476040,오가노이드사이언스,7830.0,21857.0,21857.0,171140310.0,171140310.0,KOSDAQ,-4.86
104620,노랑풍선,3055.0,29664.0,29664.0,90623520.0,90623520.0,KOSDAQ,-2.55
071670,에이테크솔루션,5120.0,16540.0,16540.0,84684800.0,84684800.0,KOSDAQ,-6.57
291650,츌립앤사이언스,1675.0,30252.0,30252.0,50672100.0,50672100.0,KOSDAQ,-0.06
317530,에피소드컴퍼니,2915.0,647.0,647.0,1886005.0,1886005.0,KOSDAQ,0.0
299660,셀리드,1722.0,599847.0,599847.0,1032936534.0,1032936534.0,KOSDAQ,-5.38
463480,모티브링크,4100.0,15150.0,15150.0,62115000.0,62115000.0,KOSDAQ,-5.42
109080,옵티시스,9010.0,6256.0,6256.0,56366560.0,56366560.0,KOSDAQ,-0.77
260930,씨티케이,2620.0,24567.0,24567.0,64365540.0,64365540.0,KOSDAQ,-4.73
302430,이노메트리,5150.0,42132.0,42132.0,216979800.0,216979800.0,KOSDAQ,-7.21
256630,포인트엔지니어링,4350.0,9975.0,9975.0,43391250.0,43391250.0,KOSDAQ,0.81
317870,엔바이오니아,5700.0,24561.0,24561.0,139997700.0,139997700.0,KOSDAQ,1.6
340360,다보링크,965.0,235934.0,235934.0,227676310.0,227676310.0,KOSDAQ,4.66
060560,HC홈센타,1977.0,13169.0,13169.0,26035113.0,26035113.0,KOSDAQ,-0.2
053450,세코닉스,3390.0,69563.0,69563.0,235818570.0,235818570.0,KOSDAQ,-3.97
311690,CJ 바이오사이언스,3835.0,6202.0,6202.0,23784670.0,23784670.0,KOSDAQ,-3.52
048770,TPC로보틱스,3170.0,193896.0,193896.0,614650320.0,614650320.0,KOSDAQ,-5.37
081180,쎄크,5630.0,100754.0,100754.0,567245020.0,567245020.0,KOSDAQ,-7.86
122310,제노레이,3410.0,9949.0,9949.0,33926090.0,33926090.0,KOSDAQ,-0.87
317850,대모,5950.0,27859.0,27859.0,165761050.0,165761050.0,KOSDAQ,-2.14
105760,포스뱅크,4860.0,115801.0,115801.0,562792860.0,562792860.0,KOSDAQ,2.1
038010,제일테크노스,5490.0,9704.0,9704.0,53274960.0,53274960.0,KOSDAQ,-1.26
340810,시선AI,3620.0,192866.0,192866.0,698174920.0,698174920.0,KOSDAQ,-5.24
145170,노브랜드,2900.0,17360.0,17360.0,50344000.0,50344000.0,KOSDAQ,-1.86
037950,엘컴텍,2900.0,42121.0,42121.0,122150900.0,122150900.0,KOSDAQ,-5.23
317690,퀀타매트릭스,2430.0,76208.0,76208.0,185185440.0,185185440.0,KOSDAQ,-6.36
440290,HB인베스트먼트,1777.0,43325.0,43325.0,76988525.0,76988525.0,KOSDAQ,0.0
063440,SM Life Design,1075.0,134757.0,134757.0,144863775.0,144863775.0,KOSDAQ,-2.27
198080,캐프,2260.0,81235.0,81235.0,183591100.0,183591100.0,KOSDAQ,-5.83
384470,코어라인소프트,2705.0,83477.0,83477.0,225805285.0,225805285.0,KOSDAQ,-4.75
361570,알비더블유,1688.0,108906.0,108906.0,183833328.0,183833328.0,KOSDAQ,4.52
321260,프로이천,1720.0,116982.0,116982.0,201209040.0,201209040.0,KOSDAQ,-3.1
262260,에이프로,3215.0,76158.0,76158.0,244847970.0,244847970.0,KOSDAQ,-3.89
084650,랩지노믹스,652.0,609246.0,609246.0,397228392.0,397228392.0,KOSDAQ,-0.91
219550,디와이디,1242.0,34570.0,34570.0,42935940.0,42935940.0,KOSDAQ,-1.19
065130,탑엔지니어링,3000.0,100952.0,100952.0,302856000.0,302856000.0,KOSDAQ,0.17
226340,본느,5720.0,3112269.0,3112269.0,17802178680.0,17802178680.0,KOSDAQ,-23.22
315640,딥노이드,1625.0,82461.0,82461.0,133999125.0,133999125.0,KOSDAQ,-5.47
019990,에너토크,4885.0,33598.0,33598.0,164126230.0,164126230.0,KOSDAQ,-6.77
072470,우리산업홀딩스,2510.0,19055.0,19055.0,47828050.0,47828050.0,KOSDAQ,-6.17
053980,오상자이엘,2495.0,59538.0,59538.0,148547310.0,148547310.0,KOSDAQ,-5.13
050120,ES큐브,3480.0,17748.0,17748.0,61763040.0,61763040.0,KOSDAQ,0.87
099410,동방선기,3370.0,71328.0,71328.0,240375360.0,240375360.0,KOSDAQ,-2.6
094970,제이엠티,2800.0,290694.0,290694.0,813943200.0,813943200.0,KOSDAQ,-3.45
051390,YW,4120.0,2003.0,2003.0,8252360.0,8252360.0,KOSDAQ,-1.08
424980,마이크로투나노,7900.0,49802.0,49802.0,393435800.0,393435800.0,KOSDAQ,3.95
355690,에이텀,4880.0,131055.0,131055.0,639548400.0,639548400.0,KOSDAQ,-4.31
114450,그린생명과학,2335.0,214410.0,214410.0,500647350.0,500647350.0,KOSDAQ,3.32
479960,위너스일렉,6550.0,5203.0,5203.0,34079650.0,34079650.0,KOSDAQ,-0.3
007680,대원,3510.0,29379.0,29379.0,103120290.0,103120290.0,KOSDAQ,1.01
189980,흥국에프엔비,1154.0,46295.0,46295.0,53424430.0,53424430.0,KOSDAQ,-1.2
136410,아셈스,4200.0,111390.0,111390.0,467838000.0,467838000.0,KOSDAQ,-13.31
224110,에이텍모빌리티,9100.0,35254.0,35254.0,320811400.0,320811400.0,KOSDAQ,3.76
471820,셀로맥스사이언스,4080.0,841.0,841.0,3431280.0,3431280.0,KOSDAQ,-0.97
089790,제이티,4470.0,110394.0,110394.0,493461180.0,493461180.0,KOSDAQ,1.59
072990,에이치시티,3160.0,48106.0,48106.0,152014960.0,152014960.0,KOSDAQ,-4.39
127710,아시아경제,1039.0,3591.0,3591.0,3731049.0,3731049.0,KOSDAQ,1.17
0010V0,제이피아이헬스케어,8950.0,3780.0,3780.0,33831000.0,33831000.0,KOSDAQ,0.79
066130,하츠,3560.0,64759.0,64759.0,230542040.0,230542040.0,KOSDAQ,-5.94
461030,아이엠비디엑스,3165.0,28350.0,28350.0,89727750.0,89727750.0,KOSDAQ,-6.77
088280,쏘닉스,2600.0,49579.0,49579.0,128905400.0,128905400.0,KOSDAQ,0.0
159580,제로투세븐,2245.0,14158.0,14158.0,31784710.0,31784710.0,KOSDAQ,-0.66
163280,에어레인,3300.0,59920.0,59920.0,197736000.0,197736000.0,KOSDAQ,-2.8
382150,온코크로스,3435.0,25759.0,25759.0,88482165.0,88482165.0,KOSDAQ,-7.16
129890,앱코,976.0,289688.0,289688.0,282735488.0,282735488.0,KOSDAQ,0.62
222420,쎄노텍,918.0,115543.0,115543.0,106068474.0,106068474.0,KOSDAQ,-1.08
196300,HLB펩,4740.0,9769.0,9769.0,46305060.0,46305060.0,KOSDAQ,0.11
263020,디케이앤디,3200.0,196869.0,196869.0,629980800.0,629980800.0,KOSDAQ,-1.39
460470,아이빔테크놀로지,2920.0,28164.0,28164.0,82238880.0,82238880.0,KOSDAQ,-4.26
059100,아이컴포넌트,6220.0,45456.0,45456.0,282736320.0,282736320.0,KOSDAQ,2.81
190650,코리아에셋투자증권,6880.0,7566.0,7566.0,52054080.0,52054080.0,KOSDAQ,0.29
014190,원익큐브,1241.0,147651.0,147651.0,183234891.0,183234891.0,KOSDAQ,3.42
466410,사이냅소프트,8720.0,8536.0,8536.0,74433920.0,74433920.0,KOSDAQ,-2.79
373200,엑스플러스,1747.0,71852.0,71852.0,125525444.0,125525444.0,KOSDAQ,-8.68
068330,일신바이오,987.0,172783.0,172783.0,170536821.0,170536821.0,KOSDAQ,-0.3
307280,원바이오젠,6150.0,27893.0,27893.0,171541950.0,171541950.0,KOSDAQ,-3.61
278650,HLB바이오스텝,2500.0,49951.0,49951.0,124877500.0,124877500.0,KOSDAQ,-1.57
083550,케이엠,3200.0,21954.0,21954.0,70252800.0,70252800.0,KOSDAQ,1.43
052790,액토즈소프트,3965.0,62854.0,62854.0,249216110.0,249216110.0,KOSDAQ,-1.61
189860,서전기전,4455.0,74097.0,74097.0,330102135.0,330102135.0,KOSDAQ,-5.61
073110,엘엠에스,4855.0,4232.0,4232.0,20546360.0,20546360.0,KOSDAQ,-0.72
238120,얼라인드,3035.0,8914.0,8914.0,27053990.0,27053990.0,KOSDAQ,-2.88
352910,오비고,3410.0,17985.0,17985.0,61328850.0,61328850.0,KOSDAQ,-1.45
065500,오리엔트정공,1205.0,80351.0,80351.0,96822955.0,96822955.0,KOSDAQ,-1.23
218150,미래생명자원,2105.0,490325.0,490325.0,1032134125.0,1032134125.0,KOSDAQ,1.94
143540,영우디에스피,960.0,687953.0,687953.0,660434880.0,660434880.0,KOSDAQ,-6.89
413640,비아이매트릭스,5930.0,200101.0,200101.0,1186598930.0,1186598930.0,KOSDAQ,-8.77
261520,이지스,4155.0,27996.0,27996.0,116323380.0,116323380.0,KOSDAQ,0.0
229000,젠큐릭스,1818.0,91623.0,91623.0,166570614.0,166570614.0,KOSDAQ,0.28
246690,TS인베스트먼트,1786.0,81843.0,81843.0,146171598.0,146171598.0,KOSDAQ,-2.19
042040,케이피엠테크,4870.0,19884.0,19884.0,96835080.0,96835080.0,KOSDAQ,-6.88
189690,포시에스,1544.0,13477.0,13477.0,20808488.0,20808488.0,KOSDAQ,0.0
150900,파수AI,3595.0,42365.0,42365.0,152302175.0,152302175.0,KOSDAQ,-4.01
101240,씨큐브,3700.0,302878.0,302878.0,1120648600.0,1120648600.0,KOSDAQ,7.25
122690,서진오토모티브,1817.0,42635.0,42635.0,77467795.0,77467795.0,KOSDAQ,-0.22
900250,크리스탈신소재,1169.0,260712.0,260712.0,304772328.0,304772328.0,KOSDAQ,-3.79
140520,대창스틸,1983.0,32353.0,32353.0,64155999.0,64155999.0,KOSDAQ,1.07
038060,루멘스,870.0,293636.0,293636.0,255463320.0,255463320.0,KOSDAQ,-1.69
273060,와이즈버즈,851.0,46780.0,46780.0,39809780.0,39809780.0,KOSDAQ,-0.93
153460,네이블,6400.0,3470.0,3470.0,22208000.0,22208000.0,KOSDAQ,-3.47
450330,하스,5100.0,23225.0,23225.0,118447500.0,118447500.0,KOSDAQ,-2.3
033340,좋은사람들,429.0,2940334.0,2940334.0,1261403286.0,1261403286.0,KOSDAQ,30.0
056700,신화인터텍,1425.0,37556.0,37556.0,53517300.0,53517300.0,KOSDAQ,-1.93
123010,알엔티엑스,2050.0,65170.0,65170.0,133598500.0,133598500.0,KOSDAQ,-0.97
258610,케일럼,1135.0,50860.0,50860.0,57726100.0,57726100.0,KOSDAQ,4.32
037230,한국팩키지,1388.0,78425.0,78425.0,108853900.0,108853900.0,KOSDAQ,-1.91
043340,에쎈테크,870.0,34083.0,34083.0,29652210.0,29652210.0,KOSDAQ,-1.81
052220,iMBC,1794.0,32457.0,32457.0,58227858.0,58227858.0,KOSDAQ,0.84
042940,상지건설,6030.0,56725.0,56725.0,342051750.0,342051750.0,KOSDAQ,-3.37
263810,상신전자,2580.0,27072.0,27072.0,69845760.0,69845760.0,KOSDAQ,-0.77
025880,케이씨피드,2450.0,155369.0,155369.0,380654050.0,380654050.0,KOSDAQ,-5.95
199480,뱅크웨어글로벌,4010.0,361857.0,361857.0,1451046570.0,1451046570.0,KOSDAQ,13.92
373160,데이원컴퍼니,2955.0,5617.0,5617.0,16598235.0,16598235.0,KOSDAQ,-2.8
038070,서린바이오,4385.0,11577.0,11577.0,50765145.0,50765145.0,KOSDAQ,-3.84
277070,린드먼아시아,2975.0,3173.0,3173.0,9439675.0,9439675.0,KOSDAQ,-0.5
086060,진바이오텍,4720.0,25954.0,25954.0,122502880.0,122502880.0,KOSDAQ,0.43
104200,NHN벅스,2740.0,72979.0,72979.0,199962460.0,199962460.0,KOSDAQ,-4.36
290670,대보마그네틱,5160.0,7149.0,7149.0,36888840.0,36888840.0,KOSDAQ,-7.03
065440,이루온,1484.0,136268.0,136268.0,202221712.0,202221712.0,KOSDAQ,-4.01
178780,일월지엠엘,2170.0,18310.0,18310.0,39732700.0,39732700.0,KOSDAQ,0.0
002290,삼일기업공사,3260.0,6459.0,6459.0,21056340.0,21056340.0,KOSDAQ,-1.06
256150,한독크린텍,4805.0,17232.0,17232.0,82799760.0,82799760.0,KOSDAQ,1.37
057540,옴니시스템,678.0,206180.0,206180.0,139790040.0,139790040.0,KOSDAQ,-1.74
097870,효성오앤비,4730.0,77377.0,77377.0,365993210.0,365993210.0,KOSDAQ,1.94
219420,링크제니시스,3485.0,27325.0,27325.0,95227625.0,95227625.0,KOSDAQ,-5.17
049830,승일,6500.0,1085.0,1085.0,7052500.0,7052500.0,KOSDAQ,-0.76
250000,보라티알,5900.0,10754.0,10754.0,63448600.0,63448600.0,KOSDAQ,-0.67
171010,램테크놀러지,2780.0,19406.0,19406.0,53948680.0,53948680.0,KOSDAQ,-4.3
261200,덴티스,2510.0,37173.0,37173.0,93304230.0,93304230.0,KOSDAQ,-1.38
234100,폴라리스세원,2715.0,17480.0,17480.0,47458200.0,47458200.0,KOSDAQ,-7.34
446840,지슨,3585.0,6412.0,6412.0,22987020.0,22987020.0,KOSDAQ,-0.28
199550,레이저옵텍,2660.0,119479.0,119479.0,317814140.0,317814140.0,KOSDAQ,-4.66
271830,팸텍,1336.0,1697600.0,1697600.0,2267993600.0,2267993600.0,KOSDAQ,29.96
263770,유에스티,1657.0,30181.0,30181.0,50009917.0,50009917.0,KOSDAQ,1.97
051490,나라엠앤디,2760.0,8339.0,8339.0,23015640.0,23015640.0,KOSDAQ,0.0
019770,서연탑메탈,3355.0,34725.0,34725.0,116502375.0,116502375.0,KOSDAQ,1.67
452200,민테크,1599.0,111058.0,111058.0,177581742.0,177581742.0,KOSDAQ,0.0
177900,쓰리에이로직스,4040.0,29168.0,29168.0,117838720.0,117838720.0,KOSDAQ,-2.3
044960,이글벳,3075.0,17392.0,17392.0,53480400.0,53480400.0,KOSDAQ,-2.69
393210,토마토시스템,2485.0,26522.0,26522.0,65907170.0,65907170.0,KOSDAQ,-0.6
221840,하이즈항공,2060.0,37241.0,37241.0,76716460.0,76716460.0,KOSDAQ,1.98
049470,비트플래닛,1628.0,11774.0,11774.0,19168072.0,19168072.0,KOSDAQ,-5.79
290120,DH오토리드,2415.0,35768.0,35768.0,86379720.0,86379720.0,KOSDAQ,-1.43
221980,케이디켐,9460.0,624.0,624.0,5903040.0,5903040.0,KOSDAQ,-0.11
260660,알리코제약,2480.0,18563.0,18563.0,46036240.0,46036240.0,KOSDAQ,-2.55
046310,백금T&A,2315.0,43455.0,43455.0,100598325.0,100598325.0,KOSDAQ,0.65
089140,넥스턴앤롤코리아,2480.0,301368.0,301368.0,747392640.0,747392640.0,KOSDAQ,2.69
105550,엣지파운드리,2425.0,449486.0,449486.0,1090003550.0,1090003550.0,KOSDAQ,-11.33
060850,영림원소프트랩,4670.0,47389.0,47389.0,221306630.0,221306630.0,KOSDAQ,-6.97
208710,포톤,2875.0,437994.0,437994.0,1259232750.0,1259232750.0,KOSDAQ,3.98
215380,콜마바이오텍,2240.0,70927.0,70927.0,158876480.0,158876480.0,KOSDAQ,-4.48
045060,오공,2225.0,105992.0,105992.0,235832200.0,235832200.0,KOSDAQ,5.45
100660,서암기계공업,2990.0,32862.0,32862.0,98257380.0,98257380.0,KOSDAQ,-2.92
321820,아티스트컴퍼니,2415.0,12749.0,12749.0,30788835.0,30788835.0,KOSDAQ,-2.82
186230,그린플러스,3425.0,24273.0,24273.0,83135025.0,83135025.0,KOSDAQ,0.74
066900,디에이피,1640.0,60092.0,60092.0,98550880.0,98550880.0,KOSDAQ,-4.6
318410,비비씨,6700.0,65210.0,65210.0,436907000.0,436907000.0,KOSDAQ,6.18
050860,아세아텍,1653.0,12051.0,12051.0,19920303.0,19920303.0,KOSDAQ,-1.2
014570,고려제약,3380.0,10353.0,10353.0,34993140.0,34993140.0,KOSDAQ,-2.03
206400,베노티앤알,990.0,69107.0,69107.0,68415930.0,68415930.0,KOSDAQ,3.77
204020,그리티,1908.0,22452.0,22452.0,42838416.0,42838416.0,KOSDAQ,0.26
043910,자연과환경,3270.0,50370.0,50370.0,164709900.0,164709900.0,KOSDAQ,0.77
369370,블리츠웨이엔터테인먼트,3700.0,20028.0,20028.0,74103600.0,74103600.0,KOSDAQ,-0.8
263700,케어랩스,1900.0,23017.0,23017.0,43732300.0,43732300.0,KOSDAQ,-1.35
348080,큐라티스,2860.0,49203.0,49203.0,140720580.0,140720580.0,KOSDAQ,-6.54
123570,이엠넷,1646.0,5392.0,5392.0,8875232.0,8875232.0,KOSDAQ,0.43
318020,포인트모바일,2980.0,79463.0,79463.0,236799740.0,236799740.0,KOSDAQ,5.86
072770,멤레이비티,881.0,410937.0,410937.0,362035497.0,362035497.0,KOSDAQ,-0.79
128540,에코캡,1368.0,92138.0,92138.0,126044784.0,126044784.0,KOSDAQ,4.11
032960,동일기연,2070.0,33040.0,33040.0,68392800.0,68392800.0,KOSDAQ,-7.59
006920,모헨즈,3325.0,44659.0,44659.0,148491175.0,148491175.0,KOSDAQ,-3.2
317240,TS트릴리온,1244.0,172300.0,172300.0,214341200.0,214341200.0,KOSDAQ,-0.08
033540,파라텍,3470.0,33059.0,33059.0,114714730.0,114714730.0,KOSDAQ,-3.21
184230,SGA솔루션즈,1913.0,30685.0,30685.0,58700405.0,58700405.0,KOSDAQ,-3.58
397810,애드포러스,6970.0,42445.0,42445.0,295841650.0,295841650.0,KOSDAQ,-0.43
057030,YBM넷,2205.0,37041.0,37041.0,81675405.0,81675405.0,KOSDAQ,-0.68
081580,성우전자,2310.0,98146.0,98146.0,226717260.0,226717260.0,KOSDAQ,-5.91
476080,M83,4435.0,131584.0,131584.0,583575040.0,583575040.0,KOSDAQ,2.42
035460,기산텔레콤,2400.0,135753.0,135753.0,325807200.0,325807200.0,KOSDAQ,-6.25
024120,KB오토시스,3110.0,12958.0,12958.0,40299380.0,40299380.0,KOSDAQ,-0.64
203450,유니온바이오메트릭스,2540.0,27993.0,27993.0,71102220.0,71102220.0,KOSDAQ,6.05
127980,화인써키트,3020.0,23325.0,23325.0,70441500.0,70441500.0,KOSDAQ,-2.89
086040,바이오톡스텍,2240.0,14249.0,14249.0,31917760.0,31917760.0,KOSDAQ,-3.24
026040,제이에스티나,2165.0,4325425.0,4325425.0,9364545125.0,9364545125.0,KOSDAQ,16.4
045510,정원엔시스,1135.0,269491.0,269491.0,305872285.0,305872285.0,KOSDAQ,-3.07
352700,씨앤투스,1355.0,54028.0,54028.0,73207940.0,73207940.0,KOSDAQ,-5.51
332290,누보,890.0,272516.0,272516.0,242539240.0,242539240.0,KOSDAQ,0.68
064480,브리지텍,2955.0,43363.0,43363.0,128137665.0,128137665.0,KOSDAQ,0.0
046390,삼화네트웍스,2045.0,6970.0,6970.0,14253650.0,14253650.0,KOSDAQ,-0.24
196450,코아시아씨엠,779.0,233698.0,233698.0,182050742.0,182050742.0,KOSDAQ,-10.05
270870,뉴트리,3915.0,25539.0,25539.0,99985185.0,99985185.0,KOSDAQ,-5.32
475460,미트박스,6220.0,11639.0,11639.0,72394580.0,72394580.0,KOSDAQ,-2.35
360350,코셈,6440.0,36505.0,36505.0,235092200.0,235092200.0,KOSDAQ,0.0
208860,다산디엠씨,1024.0,119456.0,119456.0,122322944.0,122322944.0,KOSDAQ,0.59
363250,진시스템,4070.0,4496.0,4496.0,18298720.0,18298720.0,KOSDAQ,0.0
052600,한네트,2990.0,21164.0,21164.0,63280360.0,63280360.0,KOSDAQ,-3.55
376980,원티드랩,3530.0,50528.0,50528.0,178363840.0,178363840.0,KOSDAQ,2.47
239890,피엔에이치테크,3465.0,12926.0,12926.0,44788590.0,44788590.0,KOSDAQ,-3.62
220180,폴라리스AI핸디,1437.0,3634.0,3634.0,5222058.0,5222058.0,KOSDAQ,-4.2
432430,와이랩,2080.0,64056.0,64056.0,133236480.0,133236480.0,KOSDAQ,-8.17
007530,와이엠,1541.0,33656.0,33656.0,51863896.0,51863896.0,KOSDAQ,0.26
173940,에프엔씨엔터,2225.0,25555.0,25555.0,56859875.0,56859875.0,KOSDAQ,-3.26
133750,메가엠디,1459.0,30040.0,30040.0,43828360.0,43828360.0,KOSDAQ,-0.07
025440,DH오토웨어,3500.0,15569.0,15569.0,54491500.0,54491500.0,KOSDAQ,0.0
080520,오디텍,3000.0,12445.0,12445.0,37335000.0,37335000.0,KOSDAQ,-4.31
021650,한국큐빅,2075.0,800.0,800.0,1660000.0,1660000.0,KOSDAQ,-2.12
419120,산돌,2385.0,23467.0,23467.0,55968795.0,55968795.0,KOSDAQ,-3.05
365590,하이딥,917.0,194741.0,194741.0,178577497.0,178577497.0,KOSDAQ,-6.24
465480,인스피언,3330.0,13603.0,13603.0,45297990.0,45297990.0,KOSDAQ,-2.92
387570,파인메딕스,6000.0,24512.0,24512.0,147072000.0,147072000.0,KOSDAQ,3.63
434480,모니터랩,2735.0,39892.0,39892.0,109104620.0,109104620.0,KOSDAQ,-1.8
296640,이노에이엑스,6480.0,111741.0,111741.0,724081680.0,724081680.0,KOSDAQ,10.2
148930,에이치와이티씨,3285.0,4748.0,4748.0,15597180.0,15597180.0,KOSDAQ,-0.15
408900,스튜디오미르,1020.0,71545.0,71545.0,72975900.0,72975900.0,KOSDAQ,-2.21
305090,마이크로디지탈,1791.0,85386.0,85386.0,152926326.0,152926326.0,KOSDAQ,-8.15
064520,테크엘,1492.0,27750.0,27750.0,41403000.0,41403000.0,KOSDAQ,0.61
075130,플랜티넷,2060.0,41554.0,41554.0,85601240.0,85601240.0,KOSDAQ,-2.6
159910,에코글로우,3170.0,5333.0,5333.0,16905610.0,16905610.0,KOSDAQ,-0.16
099220,SDN,526.0,708642.0,708642.0,372745692.0,372745692.0,KOSDAQ,-3.84
417860,오브젠,7030.0,35584.0,35584.0,250155520.0,250155520.0,KOSDAQ,-1.68
039290,인포뱅크,3805.0,5350.0,5350.0,20356750.0,20356750.0,KOSDAQ,-1.93
200780,비씨월드제약,3100.0,18930.0,18930.0,58683000.0,58683000.0,KOSDAQ,-6.63
016600,큐캐피탈,2365.0,61783.0,61783.0,146116795.0,146116795.0,KOSDAQ,1.94
263920,휴엠앤씨,3345.0,8165.0,8165.0,27311925.0,27311925.0,KOSDAQ,0.3
464280,티디에스팜,5920.0,64429.0,64429.0,381419680.0,381419680.0,KOSDAQ,1.72
290090,트윔,4375.0,1521.0,1521.0,6654375.0,6654375.0,KOSDAQ,1.74
215090,솔디펜스,1405.0,54234.0,54234.0,76198770.0,76198770.0,KOSDAQ,-5.64
071850,캐스텍코리아,1341.0,9871.0,9871.0,13237011.0,13237011.0,KOSDAQ,-2.97
053950,경남제약,1658.0,75997.0,75997.0,126003026.0,126003026.0,KOSDAQ,3.95
311390,네오크레마,2570.0,56339.0,56339.0,144791230.0,144791230.0,KOSDAQ,4.9
297570,아틀라스링크,939.0,94930.0,94930.0,89139270.0,89139270.0,KOSDAQ,1.51
101670,하이드로리튬,572.0,2794010.0,2794010.0,1598173720.0,1598173720.0,KOSDAQ,-12.14
078590,휴림에이텍,3250.0,143409.0,143409.0,466079250.0,466079250.0,KOSDAQ,-5.93
335810,프리시젼바이오,1478.0,14345.0,14345.0,21201910.0,21201910.0,KOSDAQ,-0.14
068050,팬엔터테인먼트,1168.0,29856.0,29856.0,34871808.0,34871808.0,KOSDAQ,-3.39
087600,픽셀플러스,3960.0,4309.0,4309.0,17063640.0,17063640.0,KOSDAQ,1.41
452300,캡스톤파트너스,2275.0,49217.0,49217.0,111968675.0,111968675.0,KOSDAQ,-0.87
452160,제이엔비,3340.0,13836.0,13836.0,46212240.0,46212240.0,KOSDAQ,-2.48
096630,에스코넥,2015.0,27179.0,27179.0,54765685.0,54765685.0,KOSDAQ,-1.71
458350,에스팀,3675.0,9921.0,9921.0,36459675.0,36459675.0,KOSDAQ,-1.08
310870,디와이씨,1447.0,277008.0,277008.0,400830576.0,400830576.0,KOSDAQ,5.62
026910,광진실업,4000.0,168043.0,168043.0,672172000.0,672172000.0,KOSDAQ,-11.8
464580,닷밀,1723.0,16324.0,16324.0,28126252.0,28126252.0,KOSDAQ,-6.1
237820,플레이디,2470.0,2782.0,2782.0,6871540.0,6871540.0,KOSDAQ,-1.79
037370,EG,3660.0,25862.0,25862.0,94654920.0,94654920.0,KOSDAQ,-5.67
038950,파인디지털,3055.0,2034.0,2034.0,6213870.0,6213870.0,KOSDAQ,0.16
351330,이삭엔지니어링,3760.0,304508.0,304508.0,1144950080.0,1144950080.0,KOSDAQ,0.94
089150,케이씨티,1816.0,55029.0,55029.0,99932664.0,99932664.0,KOSDAQ,-4.42
462310,뉴키즈온,3940.0,28495.0,28495.0,112270300.0,112270300.0,KOSDAQ,1.94
037330,인지디스플레,709.0,412592.0,412592.0,292527728.0,292527728.0,KOSDAQ,-6.59
022220,티케이지애강,600.0,45644.0,45644.0,27386400.0,27386400.0,KOSDAQ,3.63
079000,와토스코리아,4310.0,32972.0,32972.0,142109320.0,142109320.0,KOSDAQ,-3.36
012620,원일특강,7050.0,2227.0,2227.0,15700350.0,15700350.0,KOSDAQ,-0.42
088340,유라클,7100.0,17807.0,17807.0,126429700.0,126429700.0,KOSDAQ,-3.92
033830,티비씨,1636.0,6197.0,6197.0,10138292.0,10138292.0,KOSDAQ,-1.8
008470,부스타,1838.0,38648.0,38648.0,71035024.0,71035024.0,KOSDAQ,-6.22
106240,파인테크닉스,1290.0,32750.0,32750.0,42247500.0,42247500.0,KOSDAQ,-4.09
053290,NE능률,1868.0,33743.0,33743.0,63031924.0,63031924.0,KOSDAQ,4.07
469750,아이비젼웍스,895.0,61081.0,61081.0,54667495.0,54667495.0,KOSDAQ,-7.73
060540,에스에이티,1173.0,53212.0,53212.0,62417676.0,62417676.0,KOSDAQ,-2.09
069410,엔텔스,2990.0,17694.0,17694.0,52905060.0,52905060.0,KOSDAQ,-5.83
031510,오스템,1092.0,270453.0,270453.0,295334676.0,295334676.0,KOSDAQ,-6.75
131090,시큐브,3980.0,22946.0,22946.0,91325080.0,91325080.0,KOSDAQ,0.25
187270,신화콘텍,2995.0,26827.0,26827.0,80346865.0,80346865.0,KOSDAQ,0.84
121890,에스디시스템,2285.0,81062.0,81062.0,185226670.0,185226670.0,KOSDAQ,7.03
364950,에이아이코리아,3660.0,75985.0,75985.0,278105100.0,278105100.0,KOSDAQ,-8.39
351320,넥사다이내믹스,1021.0,259418.0,259418.0,264865778.0,264865778.0,KOSDAQ,-10.91
066910,손오공,1963.0,61412.0,61412.0,120551756.0,120551756.0,KOSDAQ,-4.71
050110,캠시스,1033.0,334858.0,334858.0,345908314.0,345908314.0,KOSDAQ,-1.15
288620,에스프리즘,4315.0,18980.0,18980.0,81898700.0,81898700.0,KOSDAQ,-2.49
119500,포메탈,2540.0,35693.0,35693.0,90660220.0,90660220.0,KOSDAQ,-1.55
193250,링크드,2250.0,278146.0,278146.0,625828500.0,625828500.0,KOSDAQ,-2.39
388610,지에프씨생명과학,5640.0,16032.0,16032.0,90420480.0,90420480.0,KOSDAQ,-7.39
348030,모비릭스,3120.0,72717.0,72717.0,226877040.0,226877040.0,KOSDAQ,-1.73
197140,디지캡,2295.0,22144.0,22144.0,50820480.0,50820480.0,KOSDAQ,4.32
450520,인스웨이브,2030.0,17740.0,17740.0,36012200.0,36012200.0,KOSDAQ,0.0
288980,모아데이타,819.0,261034.0,261034.0,213786846.0,213786846.0,KOSDAQ,-0.49
031310,아이즈비전,1001.0,86714.0,86714.0,86800714.0,86800714.0,KOSDAQ,-1.57
444530,심플랫폼,4625.0,5916.0,5916.0,27361500.0,27361500.0,KOSDAQ,-3.14
075970,동국알앤에스,1608.0,26009.0,26009.0,41822472.0,41822472.0,KOSDAQ,-0.86
376180,피코그램,1594.0,27929.0,27929.0,44518826.0,44518826.0,KOSDAQ,-2.15
232830,아이티센피엔에스,1788.0,24505.0,24505.0,43814940.0,43814940.0,KOSDAQ,-3.4
215790,이노인스트루먼트,731.0,11150691.0,11150691.0,8151155121.0,8151155121.0,KOSDAQ,-0.68
239610,에이치엘사이언스,5460.0,2160.0,2160.0,11793600.0,11793600.0,KOSDAQ,-0.73
262840,아이퀘스트,2785.0,13817.0,13817.0,38480345.0,38480345.0,KOSDAQ,-4.3
091970,LSK아이로봇,3900.0,57977.0,57977.0,226110300.0,226110300.0,KOSDAQ,-4.76
318010,팜스빌,3685.0,2720.0,2720.0,10023200.0,10023200.0,KOSDAQ,-0.14
017000,신원종합개발,2500.0,111766.0,111766.0,279415000.0,279415000.0,KOSDAQ,1.83
079170,한창산업,5600.0,11768.0,11768.0,65900800.0,65900800.0,KOSDAQ,-1.58
103840,우양,1772.0,62939.0,62939.0,111527908.0,111527908.0,KOSDAQ,-6.49
038880,아이에이,3855.0,60921.0,60921.0,234850455.0,234850455.0,KOSDAQ,-10.04
065950,웰크론,1025.0,40745.0,40745.0,41763625.0,41763625.0,KOSDAQ,-3.12
355390,크라우드웍스,1820.0,179712.0,179712.0,327075840.0,327075840.0,KOSDAQ,-0.71
016920,카스,1090.0,271839.0,271839.0,296304510.0,296304510.0,KOSDAQ,2.83
109820,진매트릭스,1415.0,22093.0,22093.0,31261595.0,31261595.0,KOSDAQ,-4.78
407400,꿈비,1968.0,45944.0,45944.0,90417792.0,90417792.0,KOSDAQ,-4.0
038620,위즈코프,1900.0,114516.0,114516.0,217580400.0,217580400.0,KOSDAQ,6.26
069140,누리플랜,1897.0,130996.0,130996.0,248499412.0,248499412.0,KOSDAQ,1.61
007720,소노스퀘어,1420.0,21607.0,21607.0,30681940.0,30681940.0,KOSDAQ,-2.54
073540,에프알텍,2510.0,49003.0,49003.0,122997530.0,122997530.0,KOSDAQ,2.24
430690,한싹,2625.0,93681.0,93681.0,245912625.0,245912625.0,KOSDAQ,-4.2
160550,NEW,1023.0,39584.0,39584.0,40494432.0,40494432.0,KOSDAQ,-3.31
058110,멕아이씨에스,1766.0,59679.0,59679.0,105393114.0,105393114.0,KOSDAQ,-3.6
254120,자비스,920.0,136469.0,136469.0,125551480.0,125551480.0,KOSDAQ,0.99
363260,모비데이즈,879.0,64531.0,64531.0,56722749.0,56722749.0,KOSDAQ,-4.87
356890,싸이버원,2365.0,45810.0,45810.0,108340650.0,108340650.0,KOSDAQ,-3.27
045300,성우테크론,2680.0,136251.0,136251.0,365152680.0,365152680.0,KOSDAQ,1.13
027040,서울전자통신,2025.0,153686.0,153686.0,311214150.0,311214150.0,KOSDAQ,-1.94
406820,뷰티스킨,1983.0,291580.0,291580.0,578203140.0,578203140.0,KOSDAQ,-5.57
367000,플래티어,3340.0,22052.0,22052.0,73653680.0,73653680.0,KOSDAQ,2.61
039310,세중,1541.0,182993.0,182993.0,281992213.0,281992213.0,KOSDAQ,-9.51
123840,뉴온,1795.0,6732.0,6732.0,12083940.0,12083940.0,KOSDAQ,0.17
099390,브레인즈컴퍼니,3395.0,12333.0,12333.0,41870535.0,41870535.0,KOSDAQ,1.34
900310,컬러레이,2170.0,5845.0,5845.0,12683650.0,12683650.0,KOSDAQ,5.08
068100,케이웨더,2330.0,4877.0,4877.0,11363410.0,11363410.0,KOSDAQ,-0.21
021880,메이슨캐피탈,1309.0,151278.0,151278.0,198022902.0,198022902.0,KOSDAQ,0.0
188260,세니젠,1996.0,5195.0,5195.0,10369220.0,10369220.0,KOSDAQ,0.1
138070,신진에스엠,1577.0,55101.0,55101.0,86894277.0,86894277.0,KOSDAQ,1.41
475660,에스켐,3465.0,5664.0,5664.0,19625760.0,19625760.0,KOSDAQ,-0.29
048470,대동스틸,2845.0,79930.0,79930.0,227400850.0,227400850.0,KOSDAQ,4.02
226330,신테카바이오,1131.0,1629853.0,1629853.0,1843363743.0,1843363743.0,KOSDAQ,-24.45
013720,청보,2255.0,7813.0,7813.0,17618315.0,17618315.0,KOSDAQ,-2.17
093380,풍강,2770.0,93572.0,93572.0,259194440.0,259194440.0,KOSDAQ,0.36
096690,에이루트,6800.0,3545.0,3545.0,24106000.0,24106000.0,KOSDAQ,0.15
083640,인콘,1191.0,36364.0,36364.0,43309524.0,43309524.0,KOSDAQ,-4.03
336060,웨이버스,2830.0,16995.0,16995.0,48095850.0,48095850.0,KOSDAQ,-3.74
080530,코디,2460.0,8633.0,8633.0,21237180.0,21237180.0,KOSDAQ,-5.75
130500,GH신소재,1871.0,12598.0,12598.0,23570858.0,23570858.0,KOSDAQ,-2.7
464500,아이언디바이스,1930.0,50446.0,50446.0,97360780.0,97360780.0,KOSDAQ,-2.53
038530,케이바이오랩스,1042.0,88047.0,88047.0,91744974.0,91744974.0,KOSDAQ,-3.7
115480,씨유메디칼,2220.0,264779.0,264779.0,587809380.0,587809380.0,KOSDAQ,15.2
198940,한주라이트메탈,1350.0,142810.0,142810.0,192793500.0,192793500.0,KOSDAQ,-4.59
301300,바이브컴퍼니,2040.0,34096.0,34096.0,69555840.0,69555840.0,KOSDAQ,-5.12
900070,글로벌에스엠,998.0,24960.0,24960.0,24910080.0,24910080.0,KOSDAQ,-0.5
236810,엔비티,1579.0,102667.0,102667.0,162111193.0,162111193.0,KOSDAQ,8.0
109960,앱토크롬,1766.0,9469.0,9469.0,16722254.0,16722254.0,KOSDAQ,3.58
225220,제놀루션,1392.0,28179.0,28179.0,39225168.0,39225168.0,KOSDAQ,1.24
114630,폴라리스우노,1549.0,120906.0,120906.0,187283394.0,187283394.0,KOSDAQ,-1.65
177830,파버나인,2355.0,15192.0,15192.0,35777160.0,35777160.0,KOSDAQ,-1.05
049120,파인디앤씨,2510.0,630498.0,630498.0,1582549980.0,1582549980.0,KOSDAQ,9.61
195500,마니커에프앤지,1663.0,106666.0,106666.0,177385558.0,177385558.0,KOSDAQ,-4.21
267790,배럴,3455.0,62711.0,62711.0,216666505.0,216666505.0,KOSDAQ,6.97
0010F0,보원케미칼,2380.0,87683.0,87683.0,208685540.0,208685540.0,KOSDAQ,1.93
290270,휴네시온,2760.0,27196.0,27196.0,75060960.0,75060960.0,KOSDAQ,0.18
373170,엠아이큐브솔루션,1754.0,7385.0,7385.0,12953290.0,12953290.0,KOSDAQ,1.15
257370,피엔티엠에스,2115.0,51052.0,51052.0,107974980.0,107974980.0,KOSDAQ,4.96
032750,삼진,2915.0,10091.0,10091.0,29415265.0,29415265.0,KOSDAQ,-2.67
146060,율촌,1094.0,131975.0,131975.0,144380650.0,144380650.0,KOSDAQ,1.77
351870,차이커뮤니케이션,2350.0,222904.0,222904.0,523824400.0,523824400.0,KOSDAQ,29.98
115530,씨엔플러스,3055.0,65950.0,65950.0,201477250.0,201477250.0,KOSDAQ,9.89
054780,키이스트,1327.0,14238.0,14238.0,18893826.0,18893826.0,KOSDAQ,-0.3
001810,무림SP,1178.0,13528.0,13528.0,15935984.0,15935984.0,KOSDAQ,0.08
033050,제이엠아이,817.0,105354.0,105354.0,86074218.0,86074218.0,KOSDAQ,-0.24
035200,프럼파스트,2815.0,33589.0,33589.0,94553035.0,94553035.0,KOSDAQ,-0.53
131220,대한과학,3480.0,10727.0,10727.0,37329960.0,37329960.0,KOSDAQ,-3.6
289220,자이언트스텝,1162.0,43012.0,43012.0,49979944.0,49979944.0,KOSDAQ,-4.2
318000,KBG,2950.0,18325.0,18325.0,54058750.0,54058750.0,KOSDAQ,-1.34
085810,알티캐스트,1822.0,5895.0,5895.0,10740690.0,10740690.0,KOSDAQ,-1.88
060380,동양에스텍,1307.0,121979.0,121979.0,159426553.0,159426553.0,KOSDAQ,5.32
095910,에스에너지,690.0,1022764.0,1022764.0,705707160.0,705707160.0,KOSDAQ,-3.63
019570,GMI벤처,2685.0,29129.0,29129.0,78211365.0,78211365.0,KOSDAQ,-2.01
462980,아이지넷,1405.0,33570.0,33570.0,47165850.0,47165850.0,KOSDAQ,-4.75
227610,아우딘퓨쳐스,1317.0,92007.0,92007.0,121173219.0,121173219.0,KOSDAQ,0.92
065150,대산F&B,1597.0,31968.0,31968.0,51052896.0,51052896.0,KOSDAQ,-1.42
333050,이노테나,5140.0,7146.0,7146.0,36730440.0,36730440.0,KOSDAQ,-0.19
134060,이퓨쳐,5300.0,8179.0,8179.0,43348700.0,43348700.0,KOSDAQ,6.85
290520,신도기연,1603.0,16099.0,16099.0,25806697.0,25806697.0,KOSDAQ,-2.61
462510,라메디텍,2860.0,83624.0,83624.0,239164640.0,239164640.0,KOSDAQ,-3.38
148780,비큐AI,3980.0,483246.0,483246.0,1923319080.0,1923319080.0,KOSDAQ,-4.56
070590,인티큐브,1802.0,33263.0,33263.0,59939926.0,59939926.0,KOSDAQ,-1.8
238490,힘스,2200.0,36234.0,36234.0,79714800.0,79714800.0,KOSDAQ,-1.79
016670,디모아,2440.0,14598.0,14598.0,35619120.0,35619120.0,KOSDAQ,-2.79
331520,밸로프,2535.0,28094.0,28094.0,71218290.0,71218290.0,KOSDAQ,-4.52
038870,에코심플렉스,1771.0,15678.0,15678.0,27765738.0,27765738.0,KOSDAQ,-3.85
051380,피씨디렉트,1618.0,92195.0,92195.0,149171510.0,149171510.0,KOSDAQ,-3.4
007770,한일화학,7070.0,10799.0,10799.0,76348930.0,76348930.0,KOSDAQ,3.97
039740,한국정보공학,3085.0,61319.0,61319.0,189169115.0,189169115.0,KOSDAQ,-2.68
139670,키네마스터,1750.0,37915.0,37915.0,66351250.0,66351250.0,KOSDAQ,-0.91
376930,노을,477.0,1004441.0,1004441.0,479118357.0,479118357.0,KOSDAQ,-5.92
169330,엠브레인,1334.0,5567.0,5567.0,7426378.0,7426378.0,KOSDAQ,-2.34
187220,디티앤씨,2120.0,39203.0,39203.0,83110360.0,83110360.0,KOSDAQ,-2.08
097780,에코볼트,1204.0,18231.0,18231.0,21950124.0,21950124.0,KOSDAQ,-1.63
208350,지란지교시큐리티,3015.0,46682.0,46682.0,140746230.0,140746230.0,KOSDAQ,8.65
398120,에스지헬스케어,2060.0,19362.0,19362.0,39885720.0,39885720.0,KOSDAQ,-3.51
044780,에이치케이,1313.0,20116.0,20116.0,26412308.0,26412308.0,KOSDAQ,0.0
377030,비트맥스,1699.0,28899.0,28899.0,49099401.0,49099401.0,KOSDAQ,-2.3
222980,한국맥널티,2200.0,16665.0,16665.0,36663000.0,36663000.0,KOSDAQ,1.15
053060,세동,1374.0,177914.0,177914.0,244453836.0,244453836.0,KOSDAQ,-5.76
123750,알톤,1747.0,52774.0,52774.0,92196178.0,92196178.0,KOSDAQ,0.34
405920,나라셀라,1870.0,3629.0,3629.0,6786230.0,6786230.0,KOSDAQ,1.14
063760,이엘피,2580.0,38543.0,38543.0,99440940.0,99440940.0,KOSDAQ,4.88
091340,S&K폴리텍,2055.0,65317.0,65317.0,134226435.0,134226435.0,KOSDAQ,-4.86
328380,솔트웨어,3500.0,66007.0,66007.0,231024500.0,231024500.0,KOSDAQ,-0.85
188040,바이오포트,5120.0,15198.0,15198.0,77813760.0,77813760.0,KOSDAQ,0.2
298060,풍전약품,2485.0,18614.0,18614.0,46255790.0,46255790.0,KOSDAQ,-4.61
054090,삼진엘앤디,958.0,79599.0,79599.0,76255842.0,76255842.0,KOSDAQ,0.52
432980,엠에프씨,2780.0,2630.0,2630.0,7311400.0,7311400.0,KOSDAQ,4.12
109670,씨싸이트,4090.0,46404.0,46404.0,189792360.0,189792360.0,KOSDAQ,5.41
057680,티사이언티픽,1511.0,27616.0,27616.0,41727776.0,41727776.0,KOSDAQ,-1.24
013810,스페코,1619.0,44458.0,44458.0,71977502.0,71977502.0,KOSDAQ,-0.06
440320,오픈놀,2375.0,18085.0,18085.0,42951875.0,42951875.0,KOSDAQ,-6.31
036480,대성미생물,6230.0,5475.0,5475.0,34109250.0,34109250.0,KOSDAQ,0.32
429270,시지트로닉스,3660.0,50322.0,50322.0,184178520.0,184178520.0,KOSDAQ,-0.81
047080,한빛소프트,950.0,362830.0,362830.0,344688500.0,344688500.0,KOSDAQ,-5.0
130740,티피씨글로벌,2090.0,131951.0,131951.0,275777590.0,275777590.0,KOSDAQ,2.2
115160,휴맥스,5460.0,13376.0,13376.0,73032960.0,73032960.0,KOSDAQ,-1.27
258790,소프트캠프,4690.0,12023.0,12023.0,56387870.0,56387870.0,KOSDAQ,1.52
368970,오에스피,2290.0,14987.0,14987.0,34320230.0,34320230.0,KOSDAQ,0.0
237750,피앤씨테크,3590.0,61215.0,61215.0,219761850.0,219761850.0,KOSDAQ,-8.18
018680,서울제약,1999.0,29447.0,29447.0,58864553.0,58864553.0,KOSDAQ,1.52
033200,모아텍,2520.0,5034.0,5034.0,12685680.0,12685680.0,KOSDAQ,0.4
067010,이씨에스,2130.0,43332.0,43332.0,92297160.0,92297160.0,KOSDAQ,0.71
353590,오토앤,1795.0,8944.0,8944.0,16054480.0,16054480.0,KOSDAQ,0.0
373110,엑셀세라퓨틱스,1330.0,83785.0,83785.0,111434050.0,111434050.0,KOSDAQ,2.23
340440,세림B&G,810.0,197266.0,197266.0,159785460.0,159785460.0,KOSDAQ,-1.34
076080,웰크론한텍,1016.0,63268.0,63268.0,64280288.0,64280288.0,KOSDAQ,0.59
032790,엠젠솔루션,891.0,85349.0,85349.0,76045959.0,76045959.0,KOSDAQ,-5.21
359090,씨엔알리서치,1990.0,8186.0,8186.0,16290140.0,16290140.0,KOSDAQ,-1.24
277410,인산가,5950.0,10044.0,10044.0,59761800.0,59761800.0,KOSDAQ,-3.25
032080,아즈텍WB,1061.0,10131.0,10131.0,10748991.0,10748991.0,KOSDAQ,0.0
101680,한국정밀기계,2710.0,20001.0,20001.0,54202710.0,54202710.0,KOSDAQ,0.93
200350,아티스트스튜디오,2275.0,12066.0,12066.0,27450150.0,27450150.0,KOSDAQ,-7.52
405000,플라즈맵,4200.0,42050.0,42050.0,176610000.0,176610000.0,KOSDAQ,-7.08
241840,에이스토리,2360.0,53185.0,53185.0,125516600.0,125516600.0,KOSDAQ,-0.63
215480,토박스코리아,2090.0,84221.0,84221.0,176021890.0,176021890.0,KOSDAQ,-3.69
415380,스튜디오삼익,1961.0,26230.0,26230.0,51437030.0,51437030.0,KOSDAQ,-4.81
052300,오션인더블유,1378.0,21621.0,21621.0,29793738.0,29793738.0,KOSDAQ,-0.07
054220,비츠로시스,1775.0,94059.0,94059.0,166954725.0,166954725.0,KOSDAQ,-5.33
900110,딥커머스,1208.0,12898.0,12898.0,15580784.0,15580784.0,KOSDAQ,-0.74
043360,디지아이,2470.0,16060.0,16060.0,39668200.0,39668200.0,KOSDAQ,6.47
290560,파라택시스이더리움,992.0,115333.0,115333.0,114410336.0,114410336.0,KOSDAQ,-4.71
383930,디티앤씨알오,1730.0,72970.0,72970.0,126238100.0,126238100.0,KOSDAQ,-5.41
101400,엔시트론,1880.0,169677.0,169677.0,318992760.0,318992760.0,KOSDAQ,-2.59
352940,인바이오,2025.0,33467.0,33467.0,67770675.0,67770675.0,KOSDAQ,0.5
347770,핌스,970.0,250841.0,250841.0,243315770.0,243315770.0,KOSDAQ,0.73
195990,루트K,1346.0,45457.0,45457.0,61185122.0,61185122.0,KOSDAQ,0.0
019660,글로본,1572.0,15374.0,15374.0,24167928.0,24167928.0,KOSDAQ,0.0
378800,샤페론,474.0,1092209.0,1092209.0,517707066.0,517707066.0,KOSDAQ,-7.78
317120,라닉스,1436.0,16272.0,16272.0,23366592.0,23366592.0,KOSDAQ,-2.31
219750,한국비티비,1674.0,1246.0,1246.0,2085804.0,2085804.0,KOSDAQ,0.24
154040,다산솔루에타,1009.0,92847.0,92847.0,93682623.0,93682623.0,KOSDAQ,-1.85
090150,아이윈,5200.0,22193.0,22193.0,115403600.0,115403600.0,KOSDAQ,4.21
032280,삼일,1336.0,20991.0,20991.0,28043976.0,28043976.0,KOSDAQ,-2.12
021040,대호특수강,994.0,43918.0,43918.0,43654492.0,43654492.0,KOSDAQ,-0.4
377330,이지트로닉스,2650.0,3332.0,3332.0,8829800.0,8829800.0,KOSDAQ,-2.57
054940,엑사이엔씨,3250.0,219669.0,219669.0,713924250.0,713924250.0,KOSDAQ,-9.72
192390,윈하이텍,1795.0,84712.0,84712.0,152058040.0,152058040.0,KOSDAQ,-2.55
131180,딜리,3655.0,19371.0,19371.0,70801005.0,70801005.0,KOSDAQ,-0.14
419540,비스토스,3585.0,107843.0,107843.0,386617155.0,386617155.0,KOSDAQ,7.01
274400,이노시뮬레이션,2340.0,11312.0,11312.0,26470080.0,26470080.0,KOSDAQ,-1.68
200230,텔콘RF제약,2230.0,15542.0,15542.0,34658660.0,34658660.0,KOSDAQ,-3.04
023770,플레이위드,2360.0,61325.0,61325.0,144727000.0,144727000.0,KOSDAQ,-0.21
353190,휴럼,2680.0,7987.0,7987.0,21405160.0,21405160.0,KOSDAQ,-7.9
238200,비피도,2580.0,13765.0,13765.0,35513700.0,35513700.0,KOSDAQ,-2.09
017250,인터엠,1002.0,59220.0,59220.0,59338440.0,59338440.0,KOSDAQ,-1.47
083470,이엠앤아이,988.0,121354.0,121354.0,119897752.0,119897752.0,KOSDAQ,0.0
424760,벨로크,2090.0,31430.0,31430.0,65688700.0,65688700.0,KOSDAQ,3.47
455180,케이지에이,1426.0,48888.0,48888.0,69714288.0,69714288.0,KOSDAQ,-4.17
014100,메디앙스,1763.0,111698.0,111698.0,196923574.0,196923574.0,KOSDAQ,-3.92
054410,케이피티유,3620.0,12015.0,12015.0,43494300.0,43494300.0,KOSDAQ,4.93
362990,드림인사이트,1233.0,99886.0,99886.0,123159438.0,123159438.0,KOSDAQ,0.16
431190,케이쓰리아이,2765.0,37572.0,37572.0,103886580.0,103886580.0,KOSDAQ,4.14
016100,리더스코스메틱,1080.0,22506.0,22506.0,24306480.0,24306480.0,KOSDAQ,-3.91
080470,성창오토텍,2825.0,27290.0,27290.0,77094250.0,77094250.0,KOSDAQ,-7.07
056730,CNT85,1391.0,15697.0,15697.0,21834527.0,21834527.0,KOSDAQ,-3.4
073570,리튬포어스,1711.0,117609.0,117609.0,201228999.0,201228999.0,KOSDAQ,-2.0
361670,삼영에스앤씨,3630.0,7275.0,7275.0,26408250.0,26408250.0,KOSDAQ,-0.68
067730,로지시스,2125.0,27333.0,27333.0,58082625.0,58082625.0,KOSDAQ,-2.07
065060,지엔코,3425.0,17449.0,17449.0,59762825.0,59762825.0,KOSDAQ,0.0
206560,덱스터,805.0,1078162.0,1078162.0,867920410.0,867920410.0,KOSDAQ,-20.53
438700,버넥트,1825.0,23284.0,23284.0,42493300.0,42493300.0,KOSDAQ,-1.24
065370,위세아이텍,2750.0,45977.0,45977.0,126436750.0,126436750.0,KOSDAQ,-8.18
096870,엘디티,2420.0,75900.0,75900.0,183678000.0,183678000.0,KOSDAQ,2.54
342870,오아,3705.0,7657.0,7657.0,28369185.0,28369185.0,KOSDAQ,-5.12
140430,카티스,1885.0,22972.0,22972.0,43302220.0,43302220.0,KOSDAQ,-0.74
372800,아이티아이즈,2860.0,11825.0,11825.0,33819500.0,33819500.0,KOSDAQ,-4.51
098660,에스티오,1607.0,6027.0,6027.0,9685389.0,9685389.0,KOSDAQ,-2.55
275630,에스에스알,3815.0,5134.0,5134.0,19586210.0,19586210.0,KOSDAQ,0.0
303530,이노뎁,2730.0,9391.0,9391.0,25637430.0,25637430.0,KOSDAQ,-0.36
154030,아시아종묘,1661.0,43256.0,43256.0,71848216.0,71848216.0,KOSDAQ,0.42
067770,세진티에스,2385.0,78831.0,78831.0,188011935.0,188011935.0,KOSDAQ,2.14
018620,우진비앤지,2885.0,110558.0,110558.0,318959830.0,318959830.0,KOSDAQ,12.7
048830,엔피케이,1068.0,385716.0,385716.0,411944688.0,411944688.0,KOSDAQ,6.37
344860,이노진,1373.0,52520.0,52520.0,72109960.0,72109960.0,KOSDAQ,-1.51
365900,브이씨,2700.0,71132.0,71132.0,192056400.0,192056400.0,KOSDAQ,-3.57
024940,PN풍년,1973.0,47312.0,47312.0,93346576.0,93346576.0,KOSDAQ,-0.1
073190,듀오백,1647.0,54049.0,54049.0,89018703.0,89018703.0,KOSDAQ,5.17
084440,유비온,1029.0,100800.0,100800.0,103723200.0,103723200.0,KOSDAQ,-8.78
137940,넥스트아이,2005.0,19662.0,19662.0,39422310.0,39422310.0,KOSDAQ,-3.37
065650,하이퍼코퍼레이션,1792.0,20067.0,20067.0,35960064.0,35960064.0,KOSDAQ,2.28
900340,윙입푸드,1558.0,353506.0,353506.0,550762348.0,550762348.0,KOSDAQ,-6.26
060230,제이케이시냅스,1365.0,88758.0,88758.0,121154670.0,121154670.0,KOSDAQ,-3.05
065690,파커스,1629.0,40923.0,40923.0,66663567.0,66663567.0,KOSDAQ,-0.06
050760,에스폴리텍,1193.0,110119.0,110119.0,131371967.0,131371967.0,KOSDAQ,-1.81
088290,이원컴포텍,2440.0,1645.0,1645.0,4013800.0,4013800.0,KOSDAQ,-0.81
148250,알엔투테크놀로지,1428.0,328862.0,328862.0,469614936.0,469614936.0,KOSDAQ,-13.61
027580,상보,1637.0,49002.0,49002.0,80216274.0,80216274.0,KOSDAQ,-2.85
032800,판타지오,1554.0,7147.0,7147.0,11106438.0,11106438.0,KOSDAQ,-1.46
009730,이렘,2415.0,83669.0,83669.0,202060635.0,202060635.0,KOSDAQ,-5.11
032680,소프트센,921.0,99057.0,99057.0,91231497.0,91231497.0,KOSDAQ,-0.11
115570,스타플렉스,2405.0,43789.0,43789.0,105312545.0,105312545.0,KOSDAQ,11.6
368600,아이씨에이치,736.0,1338204.0,1338204.0,984918144.0,984918144.0,KOSDAQ,-11.54
079190,케스피온,1966.0,1374539.0,1374539.0,2702343674.0,2702343674.0,KOSDAQ,29.94
322780,코퍼스코리아,2075.0,76875.0,76875.0,159515625.0,159515625.0,KOSDAQ,0.0
023790,동일스틸럭스,1422.0,271219.0,271219.0,385673418.0,385673418.0,KOSDAQ,-8.02
020400,대동금속,3035.0,65117.0,65117.0,197630095.0,197630095.0,KOSDAQ,-3.96
196700,웹스,1274.0,109491.0,109491.0,139491534.0,139491534.0,KOSDAQ,-4.85
113810,디젠스,2795.0,74862.0,74862.0,209239290.0,209239290.0,KOSDAQ,9.39
110020,전진바이오팜,2010.0,41059.0,41059.0,82528590.0,82528590.0,KOSDAQ,-9.46
309930,조이웍스앤코,944.0,142108.0,142108.0,134149952.0,134149952.0,KOSDAQ,-4.84
051780,큐로홀딩스,2860.0,24332.0,24332.0,69589520.0,69589520.0,KOSDAQ,-1.04
060900,에이전트AI,3690.0,35817.0,35817.0,132164730.0,132164730.0,KOSDAQ,-6.7
069330,유아이디,1049.0,456859.0,456859.0,479245091.0,479245091.0,KOSDAQ,0.87
279600,미디어젠,3775.0,4422.0,4422.0,16693050.0,16693050.0,KOSDAQ,-2.45
115610,이미지스,1491.0,58567.0,58567.0,87323397.0,87323397.0,KOSDAQ,-5.03
043590,웰킵스하이텍,1298.0,34040.0,34040.0,44183920.0,44183920.0,KOSDAQ,3.84
377220,프롬바이오,3080.0,63739.0,63739.0,196316120.0,196316120.0,KOSDAQ,2.33
018700,졸스,1487.0,41612.0,41612.0,61877044.0,61877044.0,KOSDAQ,-0.34
078860,아이오케이이엔엠,2800.0,7923.0,7923.0,22184400.0,22184400.0,KOSDAQ,-6.67
354200,엔젠바이오,1927.0,71502.0,71502.0,137784354.0,137784354.0,KOSDAQ,-3.55
303030,지니틱스,1876.0,132088.0,132088.0,247797088.0,247797088.0,KOSDAQ,10.35
417180,핑거스토리,3975.0,4464.0,4464.0,17744400.0,17744400.0,KOSDAQ,0.13
060260,뉴보텍,1261.0,180549.0,180549.0,227672289.0,227672289.0,KOSDAQ,-7.62
225590,패션플랫폼,3280.0,108751.0,108751.0,356703280.0,356703280.0,KOSDAQ,3.14
239340,이스트에이드,622.0,82935.0,82935.0,51585570.0,51585570.0,KOSDAQ,-6.33
045520,크린앤사이언스,2575.0,60453.0,60453.0,155666475.0,155666475.0,KOSDAQ,-3.74
477380,미래에셋비전스팩4호,2060.0,5865.0,5865.0,12081900.0,12081900.0,KOSDAQ,0.0
224060,더코디,3230.0,32388.0,32388.0,104613240.0,104613240.0,KOSDAQ,-3.87
009620,삼보산업,946.0,95568.0,95568.0,90407328.0,90407328.0,KOSDAQ,-3.07
306040,에스제이그룹,1779.0,34338.0,34338.0,61087302.0,61087302.0,KOSDAQ,-1.71
065770,CS,1558.0,129345.0,129345.0,201519510.0,201519510.0,KOSDAQ,-3.11
131760,파인텍,1881.0,123318.0,123318.0,231961158.0,231961158.0,KOSDAQ,-2.44
177350,베셀,1603.0,1069648.0,1069648.0,1714645744.0,1714645744.0,KOSDAQ,15.32
291810,핀텔,1395.0,542937.0,542937.0,757397115.0,757397115.0,KOSDAQ,1.45
0072Z0,KB제33호스팩,1978.0,920.0,920.0,1819760.0,1819760.0,KOSDAQ,-0.1
191410,육일씨엔에쓰,1388.0,159963.0,159963.0,222028644.0,222028644.0,KOSDAQ,0.73
477340,에이치엠씨제7호스팩,2050.0,3025.0,3025.0,6201250.0,6201250.0,KOSDAQ,0.0
0101C0,하나36호스팩,1988.0,889.0,889.0,1767332.0,1767332.0,KOSDAQ,0.4
0130H0,엔에이치스팩33호,1987.0,1523.0,1523.0,3026201.0,3026201.0,KOSDAQ,-0.3
900120,씨엑스아이,915.0,12819.0,12819.0,11729385.0,11729385.0,KOSDAQ,-3.48
069920,엑시온그룹,1045.0,816074.0,816074.0,852797330.0,852797330.0,KOSDAQ,29.98
103230,에스앤더블류,2085.0,67761.0,67761.0,141281685.0,141281685.0,KOSDAQ,-6.71
223310,사토시홀딩스,2875.0,316611.0,316611.0,910256625.0,910256625.0,KOSDAQ,-13.92
0044K0,삼성스팩10호,1988.0,2139.0,2139.0,4252332.0,4252332.0,KOSDAQ,0.05
002680,한탑,2310.0,489612.0,489612.0,1131003720.0,1131003720.0,KOSDAQ,-12.5
473050,유안타제15호스팩,2092.0,103852.0,103852.0,217258384.0,217258384.0,KOSDAQ,-0.14
0115H0,삼성스팩13호,1991.0,3467.0,3467.0,6902797.0,6902797.0,KOSDAQ,-0.1
050090,비케이홀딩스,605.0,33818.0,33818.0,20459890.0,20459890.0,KOSDAQ,0.5
478440,미래에셋비전스팩6호,2045.0,2007.0,2007.0,4104315.0,4104315.0,KOSDAQ,0.0
0165X0,메리츠제2호스팩,1951.0,124116.0,124116.0,242150316.0,242150316.0,KOSDAQ,0.26
479880,한국제15호스팩,2055.0,14859.0,14859.0,30535245.0,30535245.0,KOSDAQ,0.0
0099W0,미래에셋비전스팩11호,1984.0,641.0,641.0,1271744.0,1271744.0,KOSDAQ,0.05
285800,진영,763.0,279198.0,279198.0,213028074.0,213028074.0,KOSDAQ,-9.49
079950,인베니아,980.0,118375.0,118375.0,116007500.0,116007500.0,KOSDAQ,-2.39
489480,키움제11호스팩,2040.0,386.0,386.0,787440.0,787440.0,KOSDAQ,0.49
012340,뉴인텍,610.0,542792.0,542792.0,331103120.0,331103120.0,KOSDAQ,-6.58
0134X0,대신밸런스제20호스팩,1978.0,4103.0,4103.0,8115734.0,8115734.0,KOSDAQ,0.0
240600,유진테크놀로지,1921.0,30581.0,30581.0,58746101.0,58746101.0,KOSDAQ,-3.42
035620,바른손이앤에이,712.0,125797.0,125797.0,89567464.0,89567464.0,KOSDAQ,0.42
0164H0,한국제16호스팩,1952.0,6672.0,6672.0,13023744.0,13023744.0,KOSDAQ,0.1
481890,엔에이치스팩31호,2065.0,6.0,6.0,12390.0,12390.0,KOSDAQ,0.0
0096B0,삼성스팩12호,1983.0,602.0,602.0,1193766.0,1193766.0,KOSDAQ,-0.35
0097F0,미래에셋비전스팩10호,1988.0,940.0,940.0,1868720.0,1868720.0,KOSDAQ,0.15
489730,디비금융제13호스팩,2025.0,5180.0,5180.0,10489500.0,10489500.0,KOSDAQ,0.25
471050,대신밸런스제17호스팩,2105.0,268.0,268.0,564140.0,564140.0,KOSDAQ,0.0
478390,KB제29호스팩,2050.0,2354.0,2354.0,4825700.0,4825700.0,KOSDAQ,-0.49
0093G0,미래에셋비전스팩8호,1990.0,974.0,974.0,1938260.0,1938260.0,KOSDAQ,-0.2
0037T0,KB제32호스팩,1998.0,2605.0,2605.0,5204790.0,5204790.0,KOSDAQ,0.3
492220,KB제31호스팩,2015.0,2656.0,2656.0,5351840.0,5351840.0,KOSDAQ,0.0
001000,신라섬유,515.0,1005579.0,1005579.0,517873185.0,517873185.0,KOSDAQ,7.29
482520,교보16호스팩,2045.0,101.0,101.0,206545.0,206545.0,KOSDAQ,0.0
0054V0,엔에이치스팩32호,1999.0,12527.0,12527.0,25041473.0,25041473.0,KOSDAQ,-0.05
289010,아이스크림에듀,891.0,187745.0,187745.0,167280795.0,167280795.0,KOSDAQ,0.0
0131D0,키움히어로제2호스팩,1969.0,19244.0,19244.0,37891436.0,37891436.0,KOSDAQ,0.2
0091W0,신영스팩11호,2015.0,2458.0,2458.0,4952870.0,4952870.0,KOSDAQ,0.0
0041L0,하나35호스팩,2000.0,4739.0,4739.0,9478000.0,9478000.0,KOSDAQ,0.05
0088D0,메리츠제1호스팩,2080.0,5441.0,5441.0,11317280.0,11317280.0,KOSDAQ,0.0
477760,DB금융스팩12호,2045.0,643.0,643.0,1314935.0,1314935.0,KOSDAQ,-0.24
0132G0,교보20호스팩,1999.0,1754.0,1754.0,3506246.0,3506246.0,KOSDAQ,0.2
469900,하나31호스팩,2090.0,12959.0,12959.0,27084310.0,27084310.0,KOSDAQ,0.24
308100,형지글로벌,453.0,3989668.0,3989668.0,1807319604.0,1807319604.0,KOSDAQ,12.97
482690,대신밸런스제19호스팩,2060.0,101.0,101.0,208060.0,208060.0,KOSDAQ,-0.24
474660,신한제12호스팩,2070.0,377.0,377.0,780390.0,780390.0,KOSDAQ,-0.24
0071M0,삼성스팩11호,1983.0,1212.0,1212.0,2403396.0,2403396.0,KOSDAQ,-0.25
487360,신한제14호스팩,2020.0,6246.0,6246.0,12616920.0,12616920.0,KOSDAQ,0.0
474490,유안타제16호스팩,2065.0,8754.0,8754.0,18077010.0,18077010.0,KOSDAQ,0.0
028080,휴맥스홀딩스,4480.0,4968.0,4968.0,22256640.0,22256640.0,KOSDAQ,-4.27
477470,미래에셋비전스팩5호,2065.0,7.0,7.0,14455.0,14455.0,KOSDAQ,0.0
060480,국일신동,1017.0,73938.0,73938.0,75194946.0,75194946.0,KOSDAQ,-2.77
0105P0,유진스팩12호,1990.0,132.0,132.0,262680.0,262680.0,KOSDAQ,-0.05
084180,수성웹툰,622.0,1227776.0,1227776.0,763676672.0,763676672.0,KOSDAQ,-7.44
496070,신한제16호스팩,1998.0,6291.0,6291.0,12569418.0,12569418.0,KOSDAQ,0.2
058450,한주에이알티,2230.0,148470.0,148470.0,331088100.0,331088100.0,KOSDAQ,-5.31
025870,신라에스지,2785.0,26410.0,26410.0,73551850.0,73551850.0,KOSDAQ,0.18
0129K0,신한제18호스팩,1971.0,3058.0,3058.0,6027318.0,6027318.0,KOSDAQ,-0.1
225430,케이엠제약,1684.0,66640.0,66640.0,112221760.0,112221760.0,KOSDAQ,-3.5
208640,썸에이지,784.0,162846.0,162846.0,127671264.0,127671264.0,KOSDAQ,-1.26
0096D0,미래에셋비전스팩9호,1974.0,1803.0,1803.0,3559122.0,3559122.0,KOSDAQ,0.0
486630,KB제30호스팩,2035.0,557.0,557.0,1133495.0,1133495.0,KOSDAQ,0.0
0098T0,교보19호스팩,1999.0,393.0,393.0,785607.0,785607.0,KOSDAQ,0.2
493790,유안타제17호스팩,2005.0,1310.0,1310.0,2626550.0,2626550.0,KOSDAQ,-0.25
0004Y0,디비금융제14호스팩,1992.0,5308.0,5308.0,10573536.0,10573536.0,KOSDAQ,0.05
489210,교보17호스팩,2040.0,2608.0,2608.0,5320320.0,5320320.0,KOSDAQ,0.0
0130D0,신한제17호스팩,1973.0,1755.0,1755.0,3462615.0,3462615.0,KOSDAQ,-0.3
250930,예선테크,1593.0,20404.0,20404.0,32503572.0,32503572.0,KOSDAQ,-10.81
418620,E8,526.0,1589342.0,1589342.0,835993892.0,835993892.0,KOSDAQ,-9.31
900100,파이온엑스,1976.0,39359.0,39359.0,77773384.0,77773384.0,KOSDAQ,0.61
247660,나노씨엠에스,2360.0,39929.0,39929.0,94232440.0,94232440.0,KOSDAQ,-5.03
478110,이베스트스팩6호,2040.0,5886.0,5886.0,12007440.0,12007440.0,KOSDAQ,0.0
466690,키움히어로제1호스팩,1996.0,347.0,347.0,692612.0,692612.0,KOSDAQ,-0.15
0041B0,교보18호스팩,2010.0,53.0,53.0,106530.0,106530.0,KOSDAQ,-0.25
472220,신영스팩10호,2110.0,24913.0,24913.0,52566430.0,52566430.0,KOSDAQ,0.24
035290,골드앤에스,2015.0,480896.0,480896.0,969005440.0,969005440.0,KOSDAQ,-16.56
488060,유진스팩11호,2025.0,1265.0,1265.0,2561625.0,2561625.0,KOSDAQ,0.25
092600,앤씨앤,1867.0,34499.0,34499.0,64409633.0,64409633.0,KOSDAQ,-2.76
008290,원풍물산,458.0,6499637.0,6499637.0,2976833746.0,2976833746.0,KOSDAQ,5.05
389680,유디엠텍,1113.0,93979.0,93979.0,104598627.0,104598627.0,KOSDAQ,-0.09
484130,하나34호스팩,2030.0,1055.0,1055.0,2141650.0,2141650.0,KOSDAQ,0.5
473950,에스케이증권제13호스팩,2035.0,601.0,601.0,1223035.0,1223035.0,KOSDAQ,-0.25
487830,신한제15호스팩,2025.0,1060.0,1060.0,2146500.0,2146500.0,KOSDAQ,0.0
472230,에스케이증권제11호스팩,2090.0,10952.0,10952.0,22889680.0,22889680.0,KOSDAQ,0.0
03481K,해성산업1우,6260.0,40.0,40.0,250400.0,250400.0,KOSDAQ,-0.16
0068Y0,비엔케이제3호스팩,1982.0,35.0,35.0,69370.0,69370.0,KOSDAQ,-0.3
487720,키움제10호스팩,2015.0,4291.0,4291.0,8646365.0,8646365.0,KOSDAQ,0.25
312610,에이에프더블류,410.0,744722.0,744722.0,305336020.0,305336020.0,KOSDAQ,16.81
199730,바이오인프라,1683.0,14389.0,14389.0,24216687.0,24216687.0,KOSDAQ,-1.0
0041J0,엘에스스팩1호,1986.0,2592.0,2592.0,5147712.0,5147712.0,KOSDAQ,0.05
465320,교보15호스팩,2125.0,87693.0,87693.0,186347625.0,186347625.0,KOSDAQ,0.0
475250,하나33호스팩,2065.0,783.0,783.0,1616895.0,1616895.0,KOSDAQ,-0.48
474930,신한제13호스팩,2075.0,18.0,18.0,37350.0,37350.0,KOSDAQ,0.0
121850,코이즈,1394.0,135793.0,135793.0,189295442.0,189295442.0,KOSDAQ,4.26
101000,KS인더스트리,697.0,360034.0,360034.0,250943698.0,250943698.0,KOSDAQ,-18.1
473000,에스케이증권제12호스팩,2060.0,236.0,236.0,486160.0,486160.0,KOSDAQ,0.0
475240,하나32호스팩,2080.0,44.0,44.0,91520.0,91520.0,KOSDAQ,-0.24
011080,형지I&C,907.0,2255275.0,2255275.0,2045534425.0,2045534425.0,KOSDAQ,2.95
021045,대호특수강우,2500.0,1835.0,1835.0,4587500.0,4587500.0,KOSDAQ,0.0
269620,시스웍,12.0,52126440.0,52126440.0,625517280.0,625517280.0,KOSDAQ,-29.41
032685,소프트센우,9450.0,20636.0,20636.0,195010200.0,195010200.0,KOSDAQ,-12.98
