Code,Name,Close,Volume,VolumeTotal,Amount,AmountTotal,Market,ChangesRatio
005930,삼성전자,250500.0,15160930.0,23906951.0,3797812965000.0,5988691225500.0,KOSPI,-4.02
000660,SK하이닉스,1613000.0,2533913.0,4021013.0,4087201669000.0,6485893969000.0,KOSPI,-4.73
005935,삼성전자우,185500.0,1860047.0,1860047.0,345038718500.0,345038718500.0,KOSPI,-2.52
402340,SK스퀘어,982000.0,536496.0,768783.0,526839072000.0,754944906000.0,KOSPI,-7.97
009150,삼성전기,1400000.0,426139.0,787990.0,596594600000.0,1103186000000.0,KOSPI,-2.1
373220,LG에너지솔루션,347500.0,423643.0,524924.0,147215942500.0,182411090000.0,KOSPI,-5.31
005380,현대차,378000.0,817753.0,1353469.0,309110634000.0,511611282000.0,KOSPI,-5.62
207940,삼성바이오로직스,1501000.0,36243.0,43084.0,54400743000.0,64669084000.0,KOSPI,-1.25
028260,삼성물산,373000.0,326641.0,444992.0,121837093000.0,165982016000.0,KOSPI,-4.48
105560,KB금융,169100.0,1402094.0,1578091.0,237094095400.0,266855188100.0,KOSPI,-1.23
032830,삼성생명,294000.0,258855.0,332979.0,76103370000.0,97895826000.0,KOSPI,-5.01
012450,한화에어로스페이스,1025000.0,91900.0,124734.0,94197500000.0,127852350000.0,KOSPI,-3.12
055550,신한지주,110500.0,1563468.0,1703566.0,172763214000.0,188244043000.0,KOSPI,-0.54
034020,두산에너빌리티,76600.0,1877905.0,4429386.0,143847523000.0,339290967600.0,KOSPI,-5.9
000270,기아,124400.0,964827.0,1260324.0,120024478800.0,156784305600.0,KOSPI,-5.18
329180,HD현대중공업,422000.0,240429.0,341697.0,101461038000.0,144196134000.0,KOSPI,-6.84
006400,삼성SDI,538000.0,461938.0,957987.0,248522644000.0,515397006000.0,KOSPI,-5.45
068270,셀트리온,186300.0,299058.0,428671.0,55714505400.0,79861407300.0,KOSPI,-0.9
034730,SK,545000.0,119275.0,162018.0,65004875000.0,88299810000.0,KOSPI,-7.0
012330,현대모비스,415500.0,463596.0,714079.0,192624138000.0,296699824500.0,KOSPI,-6.31
086790,하나금융지주,134900.0,933428.0,989898.0,125919437200.0,133537240200.0,KOSPI,-1.82
066570,LG전자,200500.0,545922.0,971891.0,109457361000.0,194864145500.0,KOSPI,-2.91
035420,NAVER,209000.0,532643.0,996408.0,111322387000.0,208249272000.0,KOSPI,-2.79
010120,LS ELECTRIC,195700.0,383535.0,747447.0,75057799500.0,146275377900.0,KOSPI,-4.3
000810,삼성화재,657000.0,67142.0,75235.0,44112294000.0,49429395000.0,KOSPI,-2.95
005490,POSCO홀딩스,330000.0,259283.0,389256.0,85563390000.0,128454480000.0,KOSPI,-3.23
298040,효성중공업,2765000.0,36255.0,56438.0,100245075000.0,156051070000.0,KOSPI,-5.18
267260,HD현대일렉트릭,711000.0,174705.0,235710.0,124215255000.0,167589810000.0,KOSPI,-7.54
316140,우리금융지주,34500.0,2561175.0,3138387.0,88360537500.0,108274351500.0,KOSPI,-0.14
010130,고려아연,1216000.0,29879.0,41068.0,36332864000.0,49938688000.0,KOSPI,-2.8
042660,한화오션,82000.0,626223.0,1229147.0,51350286000.0,100790054000.0,KOSPI,-6.71
069500,KODEX 200,103500.0,19946977.0,19946977.0,2064512119500.0,2064512119500.0,KOSPI,-4.06
009540,HD한국조선해양,329500.0,280304.0,334682.0,92360168000.0,110277719000.0,KOSPI,-6.79
096770,SK이노베이션,131500.0,1160194.0,2345909.0,152565511000.0,308487033500.0,KOSPI,-2.81
138040,메리츠금융지주,129800.0,593904.0,785345.0,77088739200.0,101937781000.0,KOSPI,3.51
042700,한미반도체,213500.0,310603.0,501162.0,66313740500.0,106998087000.0,KOSPI,-0.7
360750,TIGER 미국S&P500,25860.0,23851692.0,23851692.0,616804755120.0,616804755120.0,KOSPI,-1.0
015760,한국전력,31250.0,877338.0,1482986.0,27416812500.0,46343312500.0,KOSPI,-3.4
017670,SK텔레콤,91400.0,1048509.0,1777828.0,95833722600.0,162493479200.0,KOSPI,-3.38
011200,HMM,20800.0,925795.0,1598883.0,19256536000.0,33256766400.0,KOSPI,-2.58
051910,LG화학,269000.0,204515.0,265868.0,55014535000.0,71518492000.0,KOSPI,-4.61
000150,두산,1121000.0,35998.0,52147.0,40353758000.0,58456787000.0,KOSPI,-7.05
033780,KT&G,174400.0,230521.0,257732.0,40202862400.0,44948460800.0,KOSPI,-0.29
018260,삼성에스디에스,233000.0,139026.0,276840.0,32393058000.0,64503720000.0,KOSPI,-4.9
006800,미래에셋증권,33000.0,1256912.0,2015705.0,41478096000.0,66518265000.0,KOSPI,-5.44
003550,LG,118500.0,393919.0,441076.0,46679401500.0,52267506000.0,KOSPI,-1.5
010140,삼성중공업,19940.0,2773459.0,4711459.0,55302772460.0,93946492460.0,KOSPI,-5.05
010950,S-Oil,150900.0,480659.0,674770.0,72531443100.0,101822793000.0,KOSPI,-0.53
024110,기업은행,20850.0,922183.0,1230486.0,19227515550.0,25655633100.0,KOSPI,-0.24
267250,HD현대,209500.0,154427.0,176954.0,32352456500.0,37071863000.0,KOSPI,-4.34
278470,에이피알,419000.0,167675.0,244118.0,70255825000.0,102285442000.0,KOSPI,-3.12
003670,포스코퓨처엠,176000.0,317052.0,545324.0,55801152000.0,95977024000.0,KOSPI,-8.0
035720,카카오,35100.0,1488721.0,1488721.0,52254107100.0,52254107100.0,KOSPI,-3.84
086280,현대글로비스,195000.0,162949.0,236122.0,31775055000.0,46043790000.0,KOSPI,-6.92
079550,LIG디펜스앤에어로스페이스,655000.0,80635.0,124708.0,52815925000.0,81683740000.0,KOSPI,-4.38
030200,KT,53800.0,195304.0,233119.0,10507355200.0,12541802200.0,KOSPI,-0.37
011070,LG이노텍,567000.0,163340.0,282501.0,92613780000.0,160178067000.0,KOSPI,-3.9
064350,현대로템,122900.0,381552.0,528593.0,46892740800.0,64964079700.0,KOSPI,-5.68
272210,한화시스템,66900.0,294212.0,483531.0,19682782800.0,32348223900.0,KOSPI,-5.24
000720,현대건설,112600.0,703058.0,1099003.0,79164330800.0,123747737800.0,KOSPI,-6.71
005830,DB손해보험,190900.0,267690.0,295550.0,51102021000.0,56420495000.0,KOSPI,-0.88
047810,한국항공우주,122600.0,326827.0,433261.0,40068990200.0,53117798600.0,KOSPI,-3.62
133690,TIGER 미국나스닥100,175475.0,2855047.0,2855047.0,500989372325.0,500989372325.0,KOSPI,-1.85
078930,GS,120000.0,369548.0,446963.0,44345760000.0,53635560000.0,KOSPI,-3.77
003230,삼양식품,1475000.0,36331.0,50169.0,53588225000.0,73999275000.0,KOSPI,-1.14
003490,대한항공,28900.0,3189668.0,3189668.0,92181405200.0,92181405200.0,KOSPI,0.52
307950,현대오토에버,385500.0,68378.0,123202.0,26359719000.0,47494371000.0,KOSPI,-5.05
323410,카카오뱅크,21900.0,566715.0,744982.0,12411058500.0,16315105800.0,KOSPI,-0.23
071050,한국금융지주,185400.0,193265.0,226593.0,35831331000.0,42010342200.0,KOSPI,-2.93
259960,크래프톤,221000.0,68281.0,77522.0,15090101000.0,17132362000.0,KOSPI,-4.33
379800,KODEX 미국S&P500,23500.0,21994607.0,21994607.0,516873264500.0,516873264500.0,KOSPI,-1.01
102110,TIGER 200,103655.0,12183296.0,12183296.0,1262859546880.0,1262859546880.0,KOSPI,-4.17
005940,NH투자증권,26050.0,451939.0,564100.0,11773010950.0,14694805000.0,KOSPI,-1.7
047050,포스코인터내셔널,53200.0,446590.0,637557.0,23758588000.0,33918032400.0,KOSPI,-3.8
180640,한진칼,139100.0,122145.0,179368.0,16990369500.0,24950088800.0,KOSPI,7.16
006260,LS,296500.0,89114.0,134022.0,26422301000.0,39737523000.0,KOSPI,-4.35
379810,KODEX 미국나스닥100,26235.0,17475928.0,17475928.0,458480971080.0,458480971080.0,KOSPI,-1.83
396500,TIGER 반도체TOP10,33765.0,7986525.0,7986525.0,269665016625.0,269665016625.0,KOSPI,-3.98
0126Z0,삼성에피스홀딩스,364000.0,52539.0,75479.0,19124196000.0,27474356000.0,KOSPI,-3.58
443060,HD현대마린솔루션,199000.0,63565.0,71146.0,12649435000.0,14158054000.0,KOSPI,-1.97
028050,삼성E&A,43700.0,1024514.0,1024514.0,44771261800.0,44771261800.0,KOSPI,-4.59
090430,아모레퍼시픽,142300.0,182347.0,226077.0,25947978100.0,32170757100.0,KOSPI,-2.73
007660,이수페타시스,112000.0,697653.0,988149.0,78137136000.0,110672688000.0,KOSPI,0.81
161390,한국타이어앤테크놀로지,65600.0,218920.0,256971.0,14361152000.0,16857297600.0,KOSPI,-2.67
488770,KODEX 머니마켓액티브,105400.0,543440.0,543440.0,57278576000.0,57278576000.0,KOSPI,0.01
016360,삼성증권,85200.0,254460.0,410394.0,21679992000.0,34965568800.0,KOSPI,-3.51
352820,하이브,175700.0,196687.0,264135.0,34557905900.0,46408519500.0,KOSPI,-1.29
278530,KODEX 200TR,37500.0,764532.0,764532.0,28669950000.0,28669950000.0,KOSPI,-4.03
064400,LG씨엔에스,74500.0,480654.0,480654.0,35808723000.0,35808723000.0,KOSPI,-1.72
039490,키움증권,274000.0,83416.0,99421.0,22855984000.0,27241354000.0,KOSPI,-2.84
021240,코웨이,98700.0,161980.0,172476.0,15987426000.0,17023381200.0,KOSPI,0.92
009830,한화솔루션,30300.0,2666316.0,2666316.0,80789374800.0,80789374800.0,KOSPI,-8.46
326030,SK바이오팜,86300.0,88027.0,136362.0,7596730100.0,11768040600.0,KOSPI,-3.03
000880,한화,126500.0,247354.0,314799.0,31290281000.0,39822073500.0,KOSPI,-1.4
047040,대우건설,16280.0,3986452.0,3986452.0,64899438560.0,64899438560.0,KOSPI,-3.21
459580,KODEX CD금리액티브(합성),1073570.0,568053.0,568053.0,609844659210.0,609844659210.0,KOSPI,0.01
032640,LG유플러스,14890.0,659886.0,757124.0,9825702540.0,11273576360.0,KOSPI,-2.17
005387,현대차2우B,180000.0,183930.0,183930.0,33107400000.0,33107400000.0,KOSPI,-5.66
128940,한미약품,474000.0,194645.0,315614.0,92261730000.0,149601036000.0,KOSPI,-3.66
377300,카카오페이,44750.0,208942.0,328569.0,9350154500.0,14703462750.0,KOSPI,-2.51
000500,가온전선,201000.0,166460.0,381128.0,33458460000.0,76606728000.0,KOSPI,-3.6
000100,유한양행,81300.0,188082.0,336045.0,15291066600.0,27320458500.0,KOSPI,-1.69
267270,HD건설기계,124700.0,174457.0,222613.0,21754787900.0,27759841100.0,KOSPI,-3.78
241560,두산밥캣,60200.0,102425.0,121005.0,6165985000.0,7284501000.0,KOSPI,-3.06
175330,JB금융지주,30550.0,674966.0,907348.0,20620211300.0,27719481400.0,KOSPI,4.44
062040,산일전기,183800.0,172912.0,369967.0,31781225600.0,67999934600.0,KOSPI,-6.03
498400,KODEX 200타겟위클리커버드콜,19680.0,9260826.0,9260826.0,182253055680.0,182253055680.0,KOSPI,-3.98
122630,KODEX 레버리지,98900.0,15418570.0,15418570.0,1524896573000.0,1524896573000.0,KOSPI,-8.19
381180,TIGER 미국필라델피아반도체나스닥,39845.0,1295666.0,1295666.0,51625811770.0,51625811770.0,KOSPI,-3.38
001440,대한전선,27550.0,880825.0,880825.0,24266728750.0,24266728750.0,KOSPI,-3.84
0167A0,SOL AI반도체TOP2플러스,16800.0,10115609.0,10115609.0,169942231200.0,169942231200.0,KOSPI,-3.75
353200,대덕전자,108900.0,532681.0,532681.0,58008960900.0,58008960900.0,KOSPI,-2.33
091160,KODEX 반도체,121100.0,900332.0,900332.0,109030205200.0,109030205200.0,KOSPI,-2.9
029780,삼성카드,45400.0,87500.0,112519.0,3972500000.0,5108362600.0,KOSPI,-1.41
066970,엘앤에프,124700.0,624819.0,1114701.0,77914929300.0,139003214700.0,KOSPI,-4.95
271560,오리온,127500.0,68039.0,76288.0,8674972500.0,9726720000.0,KOSPI,-1.7
088350,한화생명,5770.0,4559322.0,4559322.0,26307287940.0,26307287940.0,KOSPI,-2.53
229200,KODEX 코스닥150,13620.0,31186902.0,31186902.0,424765605240.0,424765605240.0,KOSPI,-2.37
088980,맥쿼리인프라,9860.0,856316.0,856316.0,8443275760.0,8443275760.0,KOSPI,-1.0
036570,NC,219000.0,46747.0,59718.0,10237593000.0,13078242000.0,KOSPI,-2.23
138930,BNK금융지주,15140.0,982375.0,1252897.0,14873157500.0,18968860580.0,KOSPI,-1.75
034220,LG디스플레이,9010.0,4117584.0,4117584.0,37099431840.0,37099431840.0,KOSPI,-2.91
010060,OCI홀딩스,241000.0,309483.0,509059.0,74585403000.0,122683219000.0,KOSPI,-8.54
001450,현대해상,52400.0,486941.0,612666.0,25515708400.0,32103698400.0,KOSPI,-1.87
051900,LG생활건강,297000.0,50038.0,68579.0,14861286000.0,20367963000.0,KOSPI,-2.94
458730,TIGER 미국배당다우존스,15055.0,1534270.0,1534270.0,23098434850.0,23098434850.0,KOSPI,-0.3
454910,두산로보틱스,66000.0,330259.0,330259.0,21797094000.0,21797094000.0,KOSPI,-4.35
148020,RISE 200,104380.0,849571.0,849571.0,88678220980.0,88678220980.0,KOSPI,-3.97
005385,현대차우,179800.0,107008.0,107008.0,19240038400.0,19240038400.0,KOSPI,-5.77
310970,TIGER MSCI Korea TR,46245.0,14775.0,14775.0,683269875.0,683269875.0,KOSPI,-3.95
011790,SKC,83600.0,96598.0,166280.0,8075592800.0,13901008000.0,KOSPI,-5.75
002380,KCC,479500.0,29141.0,34950.0,13973109500.0,16758525000.0,KOSPI,-2.84
052690,한전기술,105800.0,185066.0,391235.0,19579982800.0,41392663000.0,KOSPI,-4.25
0162Z0,RISE 삼성전자SK하이닉스채권혼합50,13060.0,4383877.0,4383877.0,57253433620.0,57253433620.0,KOSPI,-2.25
004020,현대제철,29900.0,378063.0,587942.0,11304083700.0,17579465800.0,KOSPI,-2.92
411060,ACE KRX금현물,26635.0,966483.0,966483.0,25742274705.0,25742274705.0,KOSPI,-2.92
360200,ACE 미국S&P500,26135.0,767079.0,767079.0,20047609665.0,20047609665.0,KOSPI,-1.17
000990,DB하이텍,89200.0,301988.0,393607.0,26937329600.0,35109744400.0,KOSPI,-5.51
395160,KODEX AI반도체TOP2플러스,37515.0,2560937.0,2560937.0,96073551555.0,96073551555.0,KOSPI,-4.59
001040,CJ,130300.0,167059.0,191643.0,21767787700.0,24971082900.0,KOSPI,-2.47
381170,TIGER 미국테크TOP10 INDXX,30270.0,347854.0,347854.0,10529540580.0,10529540580.0,KOSPI,-0.98
082740,한화엔진,44650.0,532569.0,913638.0,23779205850.0,40793936700.0,KOSPI,-6.69
161890,한국콜마,155000.0,243073.0,406908.0,37676315000.0,63070740000.0,KOSPI,0.0
004170,신세계,386500.0,138839.0,187215.0,53661273500.0,72358597500.0,KOSPI,-11.35
357870,TIGER CD금리투자KIS(합성),57990.0,245471.0,245471.0,14234863290.0,14234863290.0,KOSPI,0.0
423160,KODEX KOFR금리액티브(합성),110675.0,58816.0,58816.0,6509460800.0,6509460800.0,KOSPI,0.01
018880,한온시스템,3405.0,2730534.0,2730534.0,9297468270.0,9297468270.0,KOSPI,-3.81
036460,한국가스공사,37000.0,121742.0,166919.0,4504454000.0,6176003000.0,KOSPI,-1.33
367380,ACE 미국나스닥100,30150.0,463081.0,463081.0,13961892150.0,13961892150.0,KOSPI,-1.89
395270,HANARO Fn K-반도체,53370.0,904345.0,904345.0,48264892650.0,48264892650.0,KOSPI,-4.35
102780,KODEX 삼성그룹,25715.0,975759.0,975759.0,25091642685.0,25091642685.0,KOSPI,-3.58
273130,KODEX 종합채권(AA-이상)액티브,109585.0,18692.0,18692.0,2048362820.0,2048362820.0,KOSPI,-0.15
0043B0,TIGER 머니마켓액티브,103520.0,153888.0,153888.0,15930485760.0,15930485760.0,KOSPI,0.01
111770,영원무역,74200.0,65821.0,74664.0,4883918200.0,5540068800.0,KOSPI,-0.4
008930,한미사이언스,47800.0,413719.0,737041.0,19775768200.0,35230559800.0,KOSPI,4.37
192820,코스맥스,285500.0,143517.0,187752.0,40974103500.0,53603196000.0,KOSPI,-0.52
103590,일진전기,67500.0,151807.0,311999.0,10246972500.0,21059932500.0,KOSPI,-5.06
233740,KODEX 코스닥150레버리지,6540.0,82805867.0,82805867.0,541550370180.0,541550370180.0,KOSPI,-4.6
011780,금호석유화학,127200.0,88935.0,99579.0,11312532000.0,12666448800.0,KOSPI,-2.23
022100,포스코DX,20900.0,185170.0,298008.0,3870053000.0,6228367200.0,KOSPI,-3.69
035250,강원랜드,14600.0,278070.0,340495.0,4059822000.0,4971227000.0,KOSPI,-1.02
251270,넷마블,37000.0,109989.0,144679.0,4069593000.0,5353123000.0,KOSPI,-4.64
012750,에스원,80200.0,44448.0,47371.0,3564729600.0,3799154200.0,KOSPI,-1.47
031210,서울보증보험,43500.0,30810.0,40633.0,1340235000.0,1767535500.0,KOSPI,-0.34
487240,KODEX AI전력핵심설비,34370.0,2281220.0,2281220.0,78405531400.0,78405531400.0,KOSPI,-5.33
139130,iM금융지주,18860.0,440623.0,531367.0,8310149780.0,10021581620.0,KOSPI,-0.53
023530,롯데쇼핑,105300.0,217529.0,256733.0,22905803700.0,27033984900.0,KOSPI,-7.06
028670,팬오션,5510.0,1601285.0,1601285.0,8823080350.0,8823080350.0,KOSPI,-1.61
302440,SK바이오사이언스,37450.0,73629.0,102238.0,2757406050.0,3828813100.0,KOSPI,-2.35
009420,한올바이오파마,55000.0,371296.0,554592.0,20421280000.0,30502560000.0,KOSPI,-0.18
017800,현대엘리베이터,72800.0,137715.0,220094.0,10025652000.0,16022843200.0,KOSPI,-2.67
455890,RISE 머니마켓액티브,55475.0,116749.0,116749.0,6476650775.0,6476650775.0,KOSPI,0.01
085620,미래에셋생명,20450.0,231557.0,231557.0,4735340650.0,4735340650.0,KOSPI,-8.91
006360,GS건설,32250.0,1567563.0,1567563.0,50553906750.0,50553906750.0,KOSPI,-3.15
097950,CJ제일제당,182600.0,79231.0,104602.0,14467580600.0,19100325200.0,KOSPI,-1.72
375500,DL이앤씨,70000.0,360825.0,360825.0,25257750000.0,25257750000.0,KOSPI,-2.1
004800,효성,159800.0,24428.0,32620.0,3903594400.0,5212676000.0,KOSPI,-7.36
004370,농심,437500.0,31603.0,36651.0,13826312500.0,16034812500.0,KOSPI,-0.91
007340,DN오토모티브,45150.0,111608.0,149037.0,5039101200.0,6729020550.0,KOSPI,-2.27
003690,코리안리,14850.0,180158.0,230659.0,2675346300.0,3425286150.0,KOSPI,1.16
383220,F&F,67700.0,97269.0,116108.0,6585111300.0,7860511600.0,KOSPI,-0.88
282330,BGF리테일,149900.0,54049.0,57616.0,8101945100.0,8636638400.0,KOSPI,-0.66
139260,TIGER 200 IT,130470.0,146988.0,146988.0,19177524360.0,19177524360.0,KOSPI,-4.63
026960,동서,25500.0,66400.0,82176.0,1693200000.0,2095488000.0,KOSPI,-0.58
336260,두산퓨얼셀,38700.0,3410589.0,7871035.0,131989794300.0,304609054500.0,KOSPI,-12.74
483650,달바글로벌,202000.0,103704.0,180721.0,20948208000.0,36505642000.0,KOSPI,-2.65
472150,TIGER 배당커버드콜액티브,19420.0,3498215.0,3498215.0,67935335300.0,67935335300.0,KOSPI,-3.79
481050,KODEX CD1년금리플러스액티브(합성),1021735.0,36126.0,36126.0,36911198610.0,36911198610.0,KOSPI,0.01
450080,에코프로머티,35100.0,299631.0,299631.0,10517048100.0,10517048100.0,KOSPI,-6.15
001720,신영증권,151000.0,3557.0,4943.0,537107000.0,746393000.0,KOSPI,-1.95
489790,한화비전,48900.0,73130.0,128213.0,3576057000.0,6269615700.0,KOSPI,-1.61
011170,롯데케미칼,57300.0,122043.0,184105.0,6993063900.0,10549216500.0,KOSPI,-4.5
449170,TIGER KOFR금리액티브(합성),111750.0,69914.0,69914.0,7812889500.0,7812889500.0,KOSPI,0.0
161510,PLUS 고배당주,25130.0,540277.0,540277.0,13577161010.0,13577161010.0,KOSPI,-1.87
486290,TIGER 미국나스닥100타겟데일리커버드콜,10200.0,2119585.0,2119585.0,21619767000.0,21619767000.0,KOSPI,-1.97
004990,롯데지주,23950.0,96026.0,122976.0,2299822700.0,2945275200.0,KOSPI,-1.24
426030,TIME 미국나스닥100액티브,43265.0,488626.0,488626.0,21140403890.0,21140403890.0,KOSPI,-3.37
005850,에스엘,50100.0,139733.0,184183.0,7000623300.0,9227568300.0,KOSPI,-5.29
000240,한국앤컴퍼니,24200.0,56064.0,61501.0,1356748800.0,1488324200.0,KOSPI,-1.63
278540,KODEX MSCI Korea TR,36800.0,19296.0,19296.0,710092800.0,710092800.0,KOSPI,-4.09
279570,케이뱅크,5560.0,429213.0,429213.0,2386424280.0,2386424280.0,KOSPI,-1.59
181710,NHN,68000.0,113069.0,113069.0,7688692000.0,7688692000.0,KOSPI,-3.41
204320,HL만도,47350.0,430124.0,430124.0,20366371400.0,20366371400.0,KOSPI,-5.86
081660,미스토홀딩스,41350.0,144772.0,150904.0,5986322200.0,6239880400.0,KOSPI,-0.96
009970,영원무역홀딩스,168400.0,7737.0,9114.0,1302910800.0,1534797600.0,KOSPI,0.84
005440,현대지에프홀딩스,11850.0,209402.0,242090.0,2481413700.0,2868766500.0,KOSPI,-2.15
030000,제일기획,18880.0,405566.0,470590.0,7657086080.0,8884739200.0,KOSPI,-1.56
007070,GS리테일,25950.0,107046.0,117455.0,2777843700.0,3047957250.0,KOSPI,-1.52
103140,풍산,77200.0,115474.0,159868.0,8914592800.0,12341809600.0,KOSPI,-4.57
018670,SK가스,230000.0,8748.0,10587.0,2012040000.0,2435010000.0,KOSPI,-2.13
0193T0,KODEX SK하이닉스단일종목레버리지,9115.0,20957581.0,20957581.0,191028350815.0,191028350815.0,KOSPI,-9.98
014680,한솔케미칼,193800.0,53434.0,67058.0,10355509200.0,12995840400.0,KOSPI,-5.69
073240,금호타이어,7130.0,1708894.0,3909840.0,12184414220.0,27877159200.0,KOSPI,-4.3
456600,TIME 글로벌AI인공지능액티브,55790.0,165046.0,165046.0,9207916340.0,9207916340.0,KOSPI,-2.86
002790,아모레퍼시픽홀딩스,26400.0,74364.0,108273.0,1963209600.0,2858407200.0,KOSPI,-2.94
139480,이마트,72900.0,73331.0,100188.0,5345829900.0,7303705200.0,KOSPI,-2.54
069960,현대백화점,92700.0,170820.0,222917.0,15835014000.0,20664405900.0,KOSPI,-5.21
051600,한전KPS,44350.0,56274.0,109055.0,2495751900.0,4836589250.0,KOSPI,-2.21
284430,KODEX 200미국채혼합50,20345.0,379008.0,379008.0,7710917760.0,7710917760.0,KOSPI,-2.0
292150,TIGER 코리아TOP10,36435.0,311027.0,311027.0,11332268745.0,11332268745.0,KOSPI,-3.94
385540,RISE 종합채권(A-이상)액티브,102665.0,3106.0,3106.0,318877490.0,318877490.0,KOSPI,-0.1
457190,이수스페셜티케미컬,64300.0,181150.0,341874.0,11647945000.0,21982498200.0,KOSPI,-7.61
112610,씨에스윈드,45550.0,222144.0,222144.0,10118659200.0,10118659200.0,KOSPI,-3.7
462870,시프트업,32650.0,36548.0,49961.0,1193292200.0,1631226650.0,KOSPI,-1.21
020150,롯데에너지머티리얼즈,36400.0,391965.0,725143.0,14267526000.0,26395205200.0,KOSPI,-8.66
089860,롯데렌탈,50500.0,141902.0,199841.0,7166051000.0,10091970500.0,KOSPI,-1.75
214980,KODEX 단기채권PLUS,114605.0,16714.0,16714.0,1915507970.0,1915507970.0,KOSPI,-0.02
475150,SK이터닉스,50900.0,1358232.0,1358232.0,69134008800.0,69134008800.0,KOSPI,-1.74
294400,KIWOOM 200TR,135920.0,70894.0,70894.0,9635912480.0,9635912480.0,KOSPI,-4.07
439260,대한조선,44500.0,92318.0,138586.0,4108151000.0,6167077000.0,KOSPI,-5.82
305720,KODEX 2차전지산업,14490.0,3869575.0,3869575.0,56070141750.0,56070141750.0,KOSPI,-5.2
120110,코오롱인더,56300.0,199424.0,287500.0,11227571200.0,16186250000.0,KOSPI,-4.41
441640,KODEX 미국배당커버드콜액티브,12530.0,962172.0,962172.0,12056015160.0,12056015160.0,KOSPI,-0.75
023590,다우기술,38550.0,32641.0,40536.0,1258310550.0,1562662800.0,KOSPI,-2.28
006040,동원산업,37800.0,44695.0,52980.0,1689471000.0,2002644000.0,KOSPI,-0.4
071970,HD현대마린엔진,48950.0,160436.0,279572.0,7853342200.0,13685049400.0,KOSPI,-6.41
008770,호텔신라,42150.0,222228.0,390678.0,9366910200.0,16467077700.0,KOSPI,-5.92
395400,SK리츠,5460.0,332881.0,332881.0,1817530260.0,1817530260.0,KOSPI,1.3
000120,CJ대한통운,72000.0,42214.0,60383.0,3039408000.0,4347576000.0,KOSPI,-2.04
105190,ACE 200,103780.0,181639.0,181639.0,18850495420.0,18850495420.0,KOSPI,-4.05
442580,PLUS 글로벌HBM반도체,94960.0,328097.0,328097.0,31156091120.0,31156091120.0,KOSPI,-4.07
477080,RISE CD금리액티브(합성),107465.0,6196.0,6196.0,665853140.0,665853140.0,KOSPI,0.01
000155,두산우,405000.0,3470.0,3470.0,1405350000.0,1405350000.0,KOSPI,-5.26
020560,아시아나항공,7690.0,208539.0,263202.0,1603664910.0,2024023380.0,KOSPI,-0.26
329200,TIGER 리츠부동산인프라,4055.0,3439784.0,3439784.0,13948324120.0,13948324120.0,KOSPI,-0.25
368590,RISE 미국나스닥100,29265.0,269785.0,269785.0,7895258025.0,7895258025.0,KOSPI,-1.86
610063,메리츠 KIS CD금리투자 ETN,55750.0,511.0,511.0,28488250.0,28488250.0,KOSPI,0.01
001800,오리온홀딩스,25550.0,60519.0,73878.0,1546260450.0,1887582900.0,KOSPI,0.2
011210,현대위아,56400.0,66683.0,93341.0,3760921200.0,5264432400.0,KOSPI,-4.41
001120,LX인터내셔널,39500.0,64084.0,84861.0,2531318000.0,3352009500.0,KOSPI,-0.5
294870,IPARK현대산업개발,22800.0,138583.0,154338.0,3159692400.0,3518906400.0,KOSPI,-1.08
453850,ACE 미국30년국채액티브(H),7105.0,535981.0,535981.0,3808145005.0,3808145005.0,KOSPI,-0.21
009155,삼성전기우,515000.0,14795.0,14795.0,7619425000.0,7619425000.0,KOSPI,-1.72
0177N0,KODEX 삼성전자SK하이닉스채권혼합50,13770.0,4202688.0,4202688.0,57871013760.0,57871013760.0,KOSPI,-2.27
298020,효성티앤씨,345000.0,25128.0,31813.0,8669160000.0,10975485000.0,KOSPI,0.0
379780,RISE 미국S&P500,22610.0,252095.0,252095.0,5699867950.0,5699867950.0,KOSPI,-0.99
446770,ACE 글로벌반도체TOP4 Plus,73825.0,44610.0,44610.0,3293333250.0,3293333250.0,KOSPI,-2.79
322000,HD현대에너지솔루션,132600.0,293974.0,293974.0,38980952400.0,38980952400.0,KOSPI,-0.97
006280,녹십자,127000.0,19181.0,27208.0,2435987000.0,3455416000.0,KOSPI,-0.86
001430,세아베스틸지주,40200.0,67536.0,87600.0,2714947200.0,3521520000.0,KOSPI,-2.78
069620,대웅제약,124100.0,22809.0,37457.0,2830596900.0,4648413700.0,KOSPI,-2.13
097230,HJ중공업,15920.0,115697.0,115697.0,1841896240.0,1841896240.0,KOSPI,-3.52
152100,PLUS 200,105100.0,365454.0,365454.0,38409215400.0,38409215400.0,KOSPI,-4.06
475630,TIGER CD1년금리액티브(합성),1075990.0,46448.0,46448.0,49977583520.0,49977583520.0,KOSPI,0.01
0193W0,KODEX 삼성전자단일종목레버리지,10935.0,7400904.0,7400904.0,80928885240.0,80928885240.0,KOSPI,-7.53
466920,SOL 조선TOP3플러스,26230.0,1043999.0,1043999.0,27384093770.0,27384093770.0,KOSPI,-6.44
00680K,미래에셋증권2우B,10800.0,169166.0,169166.0,1826992800.0,1826992800.0,KOSPI,-3.4
007810,코리아써키트,57300.0,215460.0,371600.0,12345858000.0,21292680000.0,KOSPI,-3.54
280360,롯데웰푸드,148600.0,47437.0,53913.0,7049138200.0,8011471800.0,KOSPI,2.7
487230,KODEX 미국AI전력핵심인프라,18090.0,818843.0,818843.0,14812869870.0,14812869870.0,KOSPI,-2.0
229640,LS에코에너지,44300.0,105682.0,148711.0,4681712600.0,6587897300.0,KOSPI,-6.24
226490,KODEX 코스피,67120.0,708368.0,708368.0,47545660160.0,47545660160.0,KOSPI,-4.29
007310,오뚜기,336000.0,6609.0,8054.0,2220624000.0,2706144000.0,KOSPI,-0.15
093370,후성,12530.0,1074471.0,1074471.0,13463121630.0,13463121630.0,KOSPI,-1.34
012630,HDC,22000.0,49258.0,57933.0,1083676000.0,1274526000.0,KOSPI,-1.57
436140,SOL 종합채권(AA-이상)액티브,105905.0,1955.0,1955.0,207044275.0,207044275.0,KOSPI,-0.14
000815,삼성화재우,434000.0,5877.0,5877.0,2550618000.0,2550618000.0,KOSPI,-0.69
232080,TIGER 코스닥150,13905.0,9684633.0,9684633.0,134664821865.0,134664821865.0,KOSPI,-2.22
361610,SK아이이테크놀로지,15850.0,590412.0,1923980.0,9358030200.0,30495083000.0,KOSPI,-1.8
281820,케이씨텍,65100.0,106966.0,165093.0,6963486600.0,10747554300.0,KOSPI,-1.36
415640,KB발해인프라,10490.0,170079.0,170079.0,1784128710.0,1784128710.0,KOSPI,-0.47
0195S0,TIGER SK하이닉스단일종목레버리지,7755.0,11208730.0,11208730.0,86923701150.0,86923701150.0,KOSPI,-9.56
091230,TIGER 반도체,127740.0,138006.0,138006.0,17628886440.0,17628886440.0,KOSPI,-2.86
066575,LG전자우,74300.0,61574.0,61574.0,4574948200.0,4574948200.0,KOSPI,-0.93
157450,TIGER 단기통안채,112530.0,24820.0,24820.0,2792994600.0,2792994600.0,KOSPI,0.01
005070,코스모신소재,38150.0,92925.0,149590.0,3545088750.0,5706858500.0,KOSPI,-5.1
448330,KODEX 삼성전자채권혼합,17130.0,297921.0,297921.0,5103386730.0,5103386730.0,KOSPI,-1.55
003540,대신증권,26400.0,63338.0,81094.0,1672123200.0,2140881600.0,KOSPI,-1.86
001740,SK네트웍스,6240.0,1155590.0,1155590.0,7210881600.0,7210881600.0,KOSPI,-6.02
438080,ACE 미국S&P500미국채혼합50액티브,13855.0,378201.0,378201.0,5239974855.0,5239974855.0,KOSPI,-0.82
192080,더블유게임즈,57500.0,46976.0,50874.0,2701120000.0,2925255000.0,KOSPI,-1.71
300720,한일시멘트,16390.0,148670.0,206786.0,2436701300.0,3389222540.0,KOSPI,-3.98
390390,KODEX 미국반도체,50425.0,312845.0,312845.0,15775209125.0,15775209125.0,KOSPI,-3.02
004000,롯데정밀화학,45950.0,50694.0,65825.0,2329389300.0,3024658750.0,KOSPI,-3.67
0072R0,TIGER KRX금현물,12730.0,1134143.0,1134143.0,14437640390.0,14437640390.0,KOSPI,-2.9
001820,삼화콘덴서,111500.0,1228953.0,1228953.0,137028259500.0,137028259500.0,KOSPI,-0.89
017960,한국카본,22150.0,216735.0,411554.0,4800680250.0,9115921100.0,KOSPI,-7.13
530031,삼성 레버리지 WTI원유 선물 ETN,2830.0,903444.0,903444.0,2556746520.0,2556746520.0,KOSPI,9.27
030610,교보증권,10000.0,57039.0,69101.0,570390000.0,691010000.0,KOSPI,-3.19
330590,롯데리츠,3860.0,107126.0,107126.0,413506360.0,413506360.0,KOSPI,0.26
469150,ACE AI반도체TOP3+,55345.0,311715.0,311715.0,17251866675.0,17251866675.0,KOSPI,-2.47
000080,하이트진로,15510.0,90861.0,111702.0,1409254110.0,1732498020.0,KOSPI,-0.58
0139F0,TIGER 12월자동연장금융채(AA-이상)액티브,102135.0,137.0,137.0,13992495.0,13992495.0,KOSPI,0.03
000210,DL,51200.0,88555.0,115118.0,4534016000.0,5894041600.0,KOSPI,1.19
032350,롯데관광개발,13390.0,834089.0,1036840.0,11168451710.0,13883287600.0,KOSPI,1.52
0183J0,TIGER 미국우주테크,7215.0,995010.0,995010.0,7178997150.0,7178997150.0,KOSPI,-3.48
356540,ACE 종합채권(AA-이상)액티브,101010.0,1141.0,1141.0,115252410.0,115252410.0,KOSPI,-0.11
465580,ACE 미국빅테크TOP7 Plus,23945.0,288267.0,288267.0,6902553315.0,6902553315.0,KOSPI,-1.12
446720,SOL 미국배당다우존스,13775.0,197888.0,197888.0,2725907200.0,2725907200.0,KOSPI,-0.54
003240,태광산업,933000.0,2227.0,2469.0,2077791000.0,2303577000.0,KOSPI,-2.1
006110,삼아알미늄,68300.0,199166.0,364355.0,13603037800.0,24885446500.0,KOSPI,-3.67
479520,RISE KOFR금리액티브(합성),106370.0,3011.0,3011.0,320280070.0,320280070.0,KOSPI,0.01
451540,TIGER 종합채권(AA-이상)액티브,52670.0,1026.0,1026.0,54039420.0,54039420.0,KOSPI,-0.15
497570,TIGER 미국필라델피아AI반도체나스닥,20425.0,291466.0,291466.0,5953193050.0,5953193050.0,KOSPI,-2.81
494890,KODEX 200액티브,29825.0,172084.0,172084.0,5132405300.0,5132405300.0,KOSPI,-4.16
449180,KODEX 미국S&P500(H),17015.0,848036.0,848036.0,14429332540.0,14429332540.0,KOSPI,-0.84
445290,KODEX 로봇액티브,29250.0,185147.0,185147.0,5415549750.0,5415549750.0,KOSPI,-4.1
003090,대웅,17450.0,51176.0,63657.0,893021200.0,1110814650.0,KOSPI,-1.91
003530,한화투자증권,4700.0,904594.0,904594.0,4251591800.0,4251591800.0,KOSPI,-4.67
469830,SOL 초단기채권액티브,54375.0,161715.0,161715.0,8793253125.0,8793253125.0,KOSPI,0.01
455850,SOL AI반도체소부장,23765.0,1412485.0,1412485.0,33567706025.0,33567706025.0,KOSPI,-0.77
000370,한화손해보험,8580.0,993921.0,993921.0,8527842180.0,8527842180.0,KOSPI,-3.49
006340,대원전선,12730.0,1283782.0,1283782.0,16342544860.0,16342544860.0,KOSPI,-4.14
494300,KODEX 미국나스닥100데일리커버드콜OTM,8770.0,1689917.0,1689917.0,14820572090.0,14820572090.0,KOSPI,-1.79
760009,키움 CD금리투자 ETN,107330.0,20.0,20.0,2146600.0,2146600.0,KOSPI,0.0
192400,쿠쿠홀딩스,27550.0,15174.0,17694.0,418043700.0,487469700.0,KOSPI,-1.25
402970,ACE 미국배당다우존스,15320.0,186434.0,186434.0,2856168880.0,2856168880.0,KOSPI,-0.42
449450,PLUS K방산,49650.0,222201.0,222201.0,11032279650.0,11032279650.0,KOSPI,-5.12
479080,1Q 머니마켓액티브,53760.0,69621.0,69621.0,3742824960.0,3742824960.0,KOSPI,0.01
0117V0,TIGER 코리아AI전력기기TOP3플러스,17940.0,1139510.0,1139510.0,20442809400.0,20442809400.0,KOSPI,-5.48
185750,종근당,69300.0,88887.0,105223.0,6159869100.0,7291953900.0,KOSPI,0.73
006120,SK디스커버리,54900.0,43398.0,65082.0,2382550200.0,3573001800.0,KOSPI,3.78
295040,SOL 200TR,38825.0,96499.0,96499.0,3746573675.0,3746573675.0,KOSPI,-4.08
051915,LG화학우,122900.0,19479.0,19479.0,2393969100.0,2393969100.0,KOSPI,-6.25
030190,NICE평가정보,15950.0,116923.0,126179.0,1864921850.0,2012555050.0,KOSPI,-0.81
451800,한화리츠,5220.0,136075.0,136075.0,710311500.0,710311500.0,KOSPI,-1.14
003570,SNT다이내믹스,28150.0,61622.0,78900.0,1734659300.0,2221035000.0,KOSPI,-2.6
077970,STX엔진,23200.0,132239.0,259980.0,3067944800.0,6031536000.0,KOSPI,-6.64
315930,KODEX Top5PlusTR,77500.0,19708.0,19708.0,1527370000.0,1527370000.0,KOSPI,-3.75
034230,파라다이스,10040.0,380434.0,1075965.0,3819557360.0,10802688600.0,KOSPI,-1.67
495050,RISE 코리아밸류업,31015.0,93345.0,93345.0,2895095175.0,2895095175.0,KOSPI,-3.71
0117L0,KODEX 26-12 금융채(AA-이상)액티브,10160.0,13340.0,13340.0,135534400.0,135534400.0,KOSPI,0.0
237350,KODEX 코스피100,82220.0,185888.0,185888.0,15283711360.0,15283711360.0,KOSPI,-4.11
438100,ACE 미국나스닥100미국채혼합50액티브,14905.0,206430.0,206430.0,3076839150.0,3076839150.0,KOSPI,-1.13
305540,TIGER 2차전지테마,18425.0,598054.0,598054.0,11019144950.0,11019144950.0,KOSPI,-4.73
004490,세방전지,65500.0,91204.0,120489.0,5973862000.0,7892029500.0,KOSPI,-2.38
005300,롯데칠성,97500.0,14861.0,22113.0,1448947500.0,2156017500.0,KOSPI,-1.61
285130,SK케미칼,52200.0,72395.0,86637.0,3779019000.0,4522451400.0,KOSPI,-3.51
003470,유안타증권,4675.0,171810.0,171810.0,803211750.0,803211750.0,KOSPI,-2.2
009240,한샘,37750.0,25131.0,32281.0,948695250.0,1218607750.0,KOSPI,-1.69
494310,KODEX 반도체레버리지,70155.0,2578076.0,2578076.0,180864921780.0,180864921780.0,KOSPI,-5.93
009450,경동나비엔,60300.0,30852.0,50755.0,1860375600.0,3060526500.0,KOSPI,-2.43
079160,CJ CGV,5290.0,568704.0,568704.0,3008444160.0,3008444160.0,KOSPI,-4.51
071055,한국금융지주우,149300.0,6481.0,6481.0,967613300.0,967613300.0,KOSPI,-2.03
195870,해성디에스,51400.0,95613.0,134151.0,4914508200.0,6895361400.0,KOSPI,-4.46
003160,디아이,30600.0,2942808.0,5899080.0,90049924800.0,180511848000.0,KOSPI,14.82
499790,GS피앤엘,43550.0,26683.0,56246.0,1162044650.0,2449513300.0,KOSPI,-3.86
071320,지역난방공사,74300.0,4881.0,9293.0,362658300.0,690469900.0,KOSPI,-1.85
005180,빙그레,92800.0,84752.0,108001.0,7864985600.0,10022492800.0,KOSPI,1.42
498410,KODEX 금융고배당TOP10타겟위클리커버드콜,11845.0,1591792.0,1591792.0,18854776240.0,18854776240.0,KOSPI,-0.88
487340,ACE 머니마켓액티브,105860.0,2475.0,2475.0,262003500.0,262003500.0,KOSPI,0.01
475720,RISE 200위클리커버드콜,12300.0,660465.0,660465.0,8123719500.0,8123719500.0,KOSPI,-2.81
0195R0,TIGER 삼성전자단일종목레버리지,9985.0,5334420.0,5334420.0,53264183700.0,53264183700.0,KOSPI,-7.63
0048J0,KODEX 미국머니마켓액티브,13650.0,596134.0,596134.0,8137229100.0,8137229100.0,KOSPI,-0.11
466940,TIGER 은행고배당플러스TOP10,26700.0,849177.0,849177.0,22673025900.0,22673025900.0,KOSPI,-0.89
153130,KODEX 단기채권,113270.0,8518.0,8518.0,964833860.0,964833860.0,KOSPI,-0.02
005090,SGC에너지,54400.0,250839.0,363137.0,13645641600.0,19754652800.0,KOSPI,4.62
0219E0,KODEX 200커버드콜액티브,8045.0,5089459.0,5089459.0,40944697655.0,40944697655.0,KOSPI,-3.71
298050,HS효성첨단소재,174200.0,16702.0,19835.0,2909488400.0,3455257000.0,KOSPI,-1.41
441800,TIME Korea플러스배당액티브,28120.0,202471.0,202471.0,5693484520.0,5693484520.0,KOSPI,-2.61
476550,TIGER 미국30년국채커버드콜액티브(H),6725.0,1433734.0,1433734.0,9641861150.0,9641861150.0,KOSPI,-0.44
0025N0,TIGER TDF2045 적격,11835.0,186672.0,186672.0,2209263120.0,2209263120.0,KOSPI,-0.75
365550,ESR켄달스퀘어리츠,3120.0,343078.0,343078.0,1070403360.0,1070403360.0,KOSPI,-2.19
144600,KODEX 은선물(H),10380.0,991208.0,991208.0,10288739040.0,10288739040.0,KOSPI,-3.89
481060,KODEX 미국30년국채타겟커버드콜(합성 H),7400.0,335985.0,335985.0,2486289000.0,2486289000.0,KOSPI,-0.27
003850,보령,8860.0,148737.0,425334.0,1317809820.0,3768459240.0,KOSPI,-2.21
0177R0,TIGER 반도체TOP10커버드콜액티브,10650.0,1176867.0,1176867.0,12533633550.0,12533633550.0,KOSPI,-3.84
214320,이노션,18860.0,35448.0,44817.0,668549280.0,845248620.0,KOSPI,-0.89
490590,RISE 미국AI밸류체인데일리고정커버드콜,13455.0,454908.0,454908.0,6120787140.0,6120787140.0,KOSPI,-2.46
457480,ACE 테슬라밸류체인액티브,18190.0,246411.0,246411.0,4482216090.0,4482216090.0,KOSPI,-3.65
252670,KODEX 200선물인버스2X,83.0,4868570023.0,4868570023.0,404091311909.0,404091311909.0,KOSPI,9.21
100090,SK오션플랜트,12000.0,686225.0,686225.0,8234700000.0,8234700000.0,KOSPI,-3.61
272580,TIGER 단기채권액티브,57080.0,43723.0,43723.0,2495708840.0,2495708840.0,KOSPI,0.0
036530,SNT홀딩스,45400.0,16254.0,24262.0,737931600.0,1101494800.0,KOSPI,-0.77
000670,영풍,39900.0,25176.0,30768.0,1004522400.0,1227643200.0,KOSPI,-1.12
114800,KODEX 인버스,1063.0,469489245.0,469489245.0,499067067435.0,499067067435.0,KOSPI,4.11
137310,에스디바이오센서,6030.0,144626.0,321290.0,872094780.0,1937378700.0,KOSPI,-2.58
069660,KIWOOM 200,103450.0,97876.0,97876.0,10125272200.0,10125272200.0,KOSPI,-4.14
0061Z0,RISE 단기특수은행채액티브,50990.0,310.0,310.0,15806900.0,15806900.0,KOSPI,0.0
462330,KODEX 2차전지산업레버리지,1004.0,89988310.0,89988310.0,90348263240.0,90348263240.0,KOSPI,-10.6
458760,TIGER 미국배당다우존스타겟커버드콜2호,11025.0,196590.0,196590.0,2167404750.0,2167404750.0,KOSPI,-0.14
371460,TIGER 차이나전기차SOLACTIVE,9805.0,180311.0,180311.0,1767949355.0,1767949355.0,KOSPI,-2.53
456610,TIGER 미국달러SOFR금리액티브(합성),59410.0,18467.0,18467.0,1097124470.0,1097124470.0,KOSPI,-0.18
456040,OCI,78400.0,58275.0,83943.0,4568760000.0,6581131200.0,KOSPI,-2.85
364980,TIGER 2차전지TOP10,10140.0,5426843.0,5426843.0,55028188020.0,55028188020.0,KOSPI,-5.41
090460,비에이치,20250.0,1615862.0,4330773.0,32721205500.0,87698153250.0,KOSPI,-7.95
064960,SNT모티브,25700.0,60572.0,80800.0,1556700400.0,2076560000.0,KOSPI,-3.38
017940,E1,98600.0,14335.0,16658.0,1413431000.0,1642478800.0,KOSPI,0.61
093050,LF,23100.0,8489.0,9766.0,196095900.0,225594600.0,KOSPI,-0.43
102970,KODEX 증권,17740.0,453077.0,453077.0,8037585980.0,8037585980.0,KOSPI,-3.64
0127P0,ACE 미국대형성장주액티브,10270.0,48546.0,48546.0,498567420.0,498567420.0,KOSPI,-1.68
094800,맵스리얼티,7220.0,42754.0,42754.0,308683880.0,308683880.0,KOSPI,0.14
329750,TIGER 미국달러단기채권액티브,12925.0,319789.0,319789.0,4133272825.0,4133272825.0,KOSPI,-0.15
317450,명인제약,45500.0,14146.0,17576.0,643643000.0,799708000.0,KOSPI,-0.66
069260,TKG휴켐스,16160.0,35113.0,43674.0,567426080.0,705771840.0,KOSPI,-1.58
434730,HANARO 원자력iSelect,55670.0,151963.0,151963.0,8459780210.0,8459780210.0,KOSPI,-5.31
314250,KODEX 미국빅테크10(H),62000.0,21439.0,21439.0,1329218000.0,1329218000.0,KOSPI,-1.23
482730,TIGER 미국S&P500타겟데일리커버드콜,11600.0,341715.0,341715.0,3963894000.0,3963894000.0,KOSPI,-0.9
0167B0,SOL 200타겟위클리커버드콜,11265.0,729833.0,729833.0,8221568745.0,8221568745.0,KOSPI,-3.88
495850,KODEX 코리아밸류업,30575.0,84368.0,84368.0,2579551600.0,2579551600.0,KOSPI,-4.21
367760,RISE 네트워크인프라,56115.0,86525.0,86525.0,4855350375.0,4855350375.0,KOSPI,-3.72
293940,신한알파리츠,5380.0,114521.0,114521.0,616122980.0,616122980.0,KOSPI,-0.74
268280,미원에스씨,129900.0,963.0,1118.0,125093700.0,145228200.0,KOSPI,-2.33
005880,대한해운,2010.0,1531962.0,1531962.0,3079243620.0,3079243620.0,KOSPI,-2.43
002960,한국쉘석유,499000.0,910.0,1776.0,454090000.0,886224000.0,KOSPI,0.2
000400,롯데손해보험,2090.0,554039.0,554039.0,1157941510.0,1157941510.0,KOSPI,-3.02
100840,SNT에너지,31350.0,290510.0,570845.0,9107488500.0,17895990750.0,KOSPI,-4.42
001060,JW중외제약,27750.0,105334.0,265730.0,2923018500.0,7374007500.0,KOSPI,-4.31
033240,자화전자,29850.0,54180.0,100564.0,1617273000.0,3001835400.0,KOSPI,-0.5
001680,대상,18570.0,137564.0,169716.0,2554563480.0,3151626120.0,KOSPI,-0.91
002990,금호건설,17100.0,20137118.0,20137118.0,344344717800.0,344344717800.0,KOSPI,3.64
290130,RISE ESG사회책임투자,45005.0,109951.0,109951.0,4948344755.0,4948344755.0,KOSPI,-4.12
005690,파미셀,10550.0,482502.0,482502.0,5090396100.0,5090396100.0,KOSPI,-3.48
138540,TIGER 현대차그룹플러스,48310.0,130540.0,130540.0,6306387400.0,6306387400.0,KOSPI,-5.27
418660,TIGER 미국나스닥100레버리지(합성),37935.0,282093.0,282093.0,10701197955.0,10701197955.0,KOSPI,-3.69
248070,솔루엠,13090.0,105511.0,140504.0,1381138990.0,1839197360.0,KOSPI,-2.75
434060,KODEX TDF2050액티브 적격,16580.0,90198.0,90198.0,1495482840.0,1495482840.0,KOSPI,-1.01
000640,동아쏘시오홀딩스,92700.0,8869.0,9981.0,822156300.0,925238700.0,KOSPI,-0.54
014820,동원시스템즈,21500.0,60813.0,71651.0,1307479500.0,1540496500.0,KOSPI,-6.32
383800,LX홀딩스,8080.0,62756.0,90733.0,507068480.0,733122640.0,KOSPI,-2.3
489250,KODEX 미국배당다우존스,12955.0,618499.0,618499.0,8012654545.0,8012654545.0,KOSPI,-0.46
453340,현대그린푸드,18690.0,17854.0,20011.0,333691260.0,374005590.0,KOSPI,-1.11
484790,KODEX 미국30년국채액티브(H),8175.0,578527.0,578527.0,4729458225.0,4729458225.0,KOSPI,-0.37
006650,대한유화,92000.0,39273.0,53519.0,3613116000.0,4923748000.0,KOSPI,-6.69
251600,PLUS 고배당주채권혼합,15415.0,143690.0,143690.0,2214981350.0,2214981350.0,KOSPI,-0.74
108320,LX세미콘,36450.0,84118.0,106652.0,3066101100.0,3887465400.0,KOSPI,-4.46
002350,넥센타이어,6050.0,132603.0,132603.0,802248150.0,802248150.0,KOSPI,-4.87
114090,GKL,9470.0,97742.0,117594.0,925616740.0,1113615180.0,KOSPI,-1.46
0148J0,TIGER 코리아휴머노이드로봇산업,8565.0,1945580.0,1945580.0,16663892700.0,16663892700.0,KOSPI,-4.41
0220W0,한화머시너리앤서비스홀딩스,6890.0,3070731.0,3070731.0,21157336590.0,21157336590.0,KOSPI,-5.75
491010,TIGER 글로벌AI전력인프라액티브,23095.0,71165.0,71165.0,1643555675.0,1643555675.0,KOSPI,-2.45
001530,DI동일,28050.0,69807.0,103082.0,1958086350.0,2891450100.0,KOSPI,1.26
058650,세아홀딩스,136900.0,753.0,753.0,103085700.0,103085700.0,KOSPI,-0.94
003300,한일홀딩스,18810.0,18763.0,21026.0,352932030.0,395499060.0,KOSPI,0.48
002840,미원상사,128400.0,1837.0,2217.0,235870800.0,284662800.0,KOSPI,-6.96
0101N0,RISE AI전력인프라,18345.0,164521.0,164521.0,3018137745.0,3018137745.0,KOSPI,-6.26
00088K,한화3우B,38900.0,24899.0,24899.0,968571100.0,968571100.0,KOSPI,-1.14
700028,하나 레버리지 반도체 ETN,162255.0,598.0,598.0,97028490.0,97028490.0,KOSPI,-5.98
0015B0,KoAct 미국나스닥성장기업액티브,17505.0,509532.0,509532.0,8919357660.0,8919357660.0,KOSPI,-4.21
277630,TIGER 코스피,68425.0,162777.0,162777.0,11138016225.0,11138016225.0,KOSPI,-3.93
001510,SK증권,2430.0,2564398.0,2564398.0,6231487140.0,6231487140.0,KOSPI,-4.14
075580,세진중공업,9880.0,127286.0,229247.0,1257585680.0,2264960360.0,KOSPI,-5.36
449190,KODEX 미국나스닥100(H),21805.0,219625.0,219625.0,4788923125.0,4788923125.0,KOSPI,-1.71
007700,F&F홀딩스,14250.0,6949.0,9048.0,99023250.0,128934000.0,KOSPI,-1.45
001270,부국증권,53700.0,4130.0,4922.0,221781000.0,264311400.0,KOSPI,-3.42
178920,PI첨단소재,18930.0,32359.0,63532.0,612555870.0,1202660760.0,KOSPI,-4.49
477050,PLUS 머니마켓액티브,53525.0,13090.0,13090.0,700642250.0,700642250.0,KOSPI,0.03
371160,TIGER 차이나항셍테크,6740.0,890410.0,890410.0,6001363400.0,6001363400.0,KOSPI,-1.61
0007F0,KODEX 27-12 회사채(AA-이상)액티브,10190.0,33507.0,33507.0,341436330.0,341436330.0,KOSPI,0.05
0019K0,TIME 미국나스닥100채권혼합50액티브,12885.0,377905.0,377905.0,4869305925.0,4869305925.0,KOSPI,-1.45
025540,한국단자,54400.0,20785.0,25093.0,1130704000.0,1365059200.0,KOSPI,-1.98
079900,전진건설로봇,37350.0,56266.0,140833.0,2101535100.0,5260112550.0,KOSPI,-2.73
396520,TIGER 차이나반도체FACTSET,13210.0,393168.0,393168.0,5193749280.0,5193749280.0,KOSPI,-1.82
466950,TIGER 글로벌AI액티브,28805.0,137715.0,137715.0,3966880575.0,3966880575.0,KOSPI,-3.9
019170,신풍제약,10380.0,1211055.0,5506213.0,12570750900.0,57154490940.0,KOSPI,-1.14
016380,KG스틸,5440.0,141890.0,141890.0,771881600.0,771881600.0,KOSPI,-1.45
491620,RISE 미국테크100데일리고정커버드콜,10245.0,724026.0,724026.0,7417646370.0,7417646370.0,KOSPI,-1.63
385560,RISE KIS국고채30년Enhanced,50990.0,30241.0,30241.0,1541988590.0,1541988590.0,KOSPI,-0.65
0091P0,TIGER 코리아원자력,15865.0,882506.0,882506.0,14000957690.0,14000957690.0,KOSPI,-4.25
00104K,CJ4우(전환),127500.0,9067.0,9067.0,1156042500.0,1156042500.0,KOSPI,-1.85
0105E0,SOL 코리아고배당,12955.0,369115.0,369115.0,4781884825.0,4781884825.0,KOSPI,-1.74
005810,풍산홀딩스,36950.0,24452.0,37939.0,903501400.0,1401846050.0,KOSPI,-2.89
455030,KODEX 미국달러SOFR금리액티브(합성),11720.0,110381.0,110381.0,1293665320.0,1293665320.0,KOSPI,-0.34
494670,TIGER 조선TOP10,20700.0,439158.0,439158.0,9090570600.0,9090570600.0,KOSPI,-6.12
438330,TIGER 우량회사채액티브,115450.0,3620.0,3620.0,417929000.0,417929000.0,KOSPI,-0.07
488080,TIGER 반도체TOP10레버리지,29840.0,3404113.0,3404113.0,101578731920.0,101578731920.0,KOSPI,-7.66
336370,솔루스첨단소재,7500.0,66100.0,109416.0,495750000.0,820620000.0,KOSPI,-5.66
003620,KG모빌리티,2600.0,517960.0,517960.0,1346696000.0,1346696000.0,KOSPI,-2.62
284740,쿠쿠홈시스,23400.0,8657.0,11137.0,202573800.0,260605800.0,KOSPI,0.0
249420,일동제약,16490.0,3844701.0,12664687.0,63399119490.0,208840688630.0,KOSPI,13.72
462010,TIGER 2차전지소재Fn,4765.0,2680753.0,2680753.0,12773788045.0,12773788045.0,KOSPI,-6.29
365780,ACE 국고채10년,81930.0,4481.0,4481.0,367128330.0,367128330.0,KOSPI,-0.37
460860,동국제강,10290.0,134434.0,263979.0,1383325860.0,2716343910.0,KOSPI,-0.96
039130,하나투어,32600.0,23696.0,34648.0,772489600.0,1129524800.0,KOSPI,-1.81
496080,TIGER 코리아밸류업,30750.0,134749.0,134749.0,4143531750.0,4143531750.0,KOSPI,-3.95
161000,애경케미칼,10290.0,227953.0,566197.0,2345636370.0,5826167130.0,KOSPI,-5.6
423920,TIGER 미국필라델피아반도체레버리지(합성),72590.0,69573.0,69573.0,5050304070.0,5050304070.0,KOSPI,-6.46
003545,대신증권우,20350.0,39509.0,39509.0,804008150.0,804008150.0,KOSPI,-1.21
315960,RISE 대형고배당10TR,74930.0,71449.0,71449.0,5353673570.0,5353673570.0,KOSPI,-3.43
009410,태영건설,1658.0,171076.0,171076.0,283644008.0,283644008.0,KOSPI,-0.78
435420,TIGER 미국나스닥100채권혼합50,13835.0,115452.0,115452.0,1597278420.0,1597278420.0,KOSPI,-1.14
004690,삼천리,135700.0,7787.0,8664.0,1056695900.0,1175704800.0,KOSPI,0.89
444200,SOL 코리아메가테크액티브,43360.0,30191.0,30191.0,1309081760.0,1309081760.0,KOSPI,-4.95
114260,KODEX 국고채3년,61690.0,11476.0,11476.0,707954440.0,707954440.0,KOSPI,-0.16
251350,KODEX MSCI선진국,38355.0,19515.0,19515.0,748497825.0,748497825.0,KOSPI,-1.2
476800,KODEX 한국부동산리츠인프라,4245.0,1305694.0,1305694.0,5542671030.0,5542671030.0,KOSPI,-0.12
448730,삼성FN리츠,5360.0,72640.0,72640.0,389350400.0,389350400.0,KOSPI,-3.07
484870,엠앤씨솔루션,17700.0,250807.0,884587.0,4439283900.0,15657189900.0,KOSPI,-3.8
377740,바이오노트,4765.0,32075.0,32075.0,152837375.0,152837375.0,KOSPI,-0.73
008060,대덕,15500.0,125636.0,160326.0,1947358000.0,2485053000.0,KOSPI,-3.06
001500,현대차증권,7840.0,106659.0,148082.0,836206560.0,1160962880.0,KOSPI,-3.09
145990,삼양사,47000.0,8030.0,10735.0,377410000.0,504545000.0,KOSPI,0.64
499660,TIGER CD금리플러스액티브(합성),1000525.0,8155.0,8155.0,8159281375.0,8159281375.0,KOSPI,0.01
463250,TIGER K방산&우주,31925.0,310099.0,310099.0,9899910575.0,9899910575.0,KOSPI,-4.04
0190C0,RISE 현대차고정피지컬AI,7945.0,702058.0,702058.0,5577850810.0,5577850810.0,KOSPI,-4.62
090435,아모레퍼시픽우,45250.0,10908.0,10908.0,493587000.0,493587000.0,KOSPI,-0.66
490490,SOL 미국배당미국채혼합50,11035.0,146268.0,146268.0,1614067380.0,1614067380.0,KOSPI,-0.36
000070,삼양홀딩스,60900.0,3901.0,4918.0,237570900.0,299506200.0,KOSPI,-1.3
002240,고려제강,17470.0,16885.0,20039.0,294980950.0,350081330.0,KOSPI,-0.85
010780,아이에스동서,15610.0,98883.0,128329.0,1543563630.0,2003215690.0,KOSPI,-1.14
361580,RISE 200TR,58920.0,36500.0,36500.0,2150580000.0,2150580000.0,KOSPI,-3.99
005250,녹십자홀딩스,9850.0,57057.0,114661.0,562011450.0,1129410850.0,KOSPI,-1.2
034310,NICE,12600.0,36959.0,41245.0,465683400.0,519687000.0,KOSPI,-4.91
496020,WON 전단채플러스액티브,52475.0,2318.0,2318.0,121637050.0,121637050.0,KOSPI,0.04
451000,PLUS 종합채권(AA-이상)액티브,107005.0,1179.0,1179.0,126158895.0,126158895.0,KOSPI,-0.17
471230,KODEX 국고채10년액티브,103180.0,14019.0,14019.0,1446480420.0,1446480420.0,KOSPI,-0.4
448290,TIGER 미국S&P500(H),17635.0,94450.0,94450.0,1665625750.0,1665625750.0,KOSPI,-0.84
473290,KODEX 26-12 회사채(AA-이상)액티브,10887.0,13425.0,13425.0,146157975.0,146157975.0,KOSPI,0.06
483280,KODEX 미국AI테크TOP10타겟커버드콜,11340.0,189995.0,189995.0,2154543300.0,2154543300.0,KOSPI,-1.52
0163Y0,KoAct 코스닥액티브,8655.0,543950.0,543950.0,4707887250.0,4707887250.0,KOSPI,-1.03
005945,NH투자증권우,23200.0,26155.0,26155.0,606796000.0,606796000.0,KOSPI,-1.69
447770,TIGER 테슬라채권혼합Fn,13730.0,116772.0,116772.0,1603279560.0,1603279560.0,KOSPI,-0.94
072710,농심홀딩스,94200.0,1399.0,2474.0,131785800.0,233050800.0,KOSPI,-0.84
004700,조광피혁,65000.0,459.0,1042.0,29835000.0,67730000.0,KOSPI,0.78
0016X0,SOL 중단기회사채(A-이상)액티브,51460.0,547.0,547.0,28148620.0,28148620.0,KOSPI,-0.05
014830,유니드,63500.0,12670.0,17661.0,804545000.0,1121473500.0,KOSPI,-4.37
403550,쏘카,11320.0,21301.0,26331.0,241127320.0,298066920.0,KOSPI,-0.88
002030,아세아,207500.0,1905.0,2181.0,395287500.0,452557500.0,KOSPI,-3.26
243880,TIGER 200IT레버리지,299695.0,107920.0,107920.0,32343084400.0,32343084400.0,KOSPI,-8.91
016590,신대양제지,10470.0,12462.0,16657.0,130477140.0,174398790.0,KOSPI,-0.76
148070,KIWOOM 국고채10년,103870.0,17345.0,17345.0,1801625150.0,1801625150.0,KOSPI,-0.38
451060,1Q 200액티브,33180.0,51888.0,51888.0,1721643840.0,1721643840.0,KOSPI,-4.02
092230,KPX홀딩스,98900.0,3169.0,3928.0,313414100.0,388479200.0,KOSPI,-3.04
001200,유진투자증권,4300.0,404631.0,404631.0,1739913300.0,1739913300.0,KOSPI,-3.26
016610,DB증권,9800.0,48902.0,59378.0,479239600.0,581904400.0,KOSPI,-2.2
017900,광전자,7170.0,540027.0,540027.0,3871993590.0,3871993590.0,KOSPI,-1.92
003030,세아제강지주,100200.0,12842.0,15630.0,1286768400.0,1566126000.0,KOSPI,-2.05
474220,TIGER 미국테크TOP10타겟커버드콜,14760.0,79951.0,79951.0,1180076760.0,1180076760.0,KOSPI,-0.71
009900,명신산업,7900.0,132473.0,314575.0,1046536700.0,2485142500.0,KOSPI,-7.06
005389,현대차3우B,177500.0,17750.0,17750.0,3150625000.0,3150625000.0,KOSPI,-5.53
0162M0,KODEX 금융채1~2년(AA-이상)PLUS액티브,10060.0,3704.0,3704.0,37262240.0,37262240.0,KOSPI,0.0
029460,케이씨,37400.0,44198.0,55080.0,1653005200.0,2059992000.0,KOSPI,-4.47
002810,삼영무역,22300.0,8202.0,9387.0,182904600.0,209330100.0,KOSPI,-0.22
003280,흥아해운,1712.0,24134486.0,24134486.0,41318240032.0,41318240032.0,KOSPI,1.36
293180,HANARO 200,103900.0,60606.0,60606.0,6296963400.0,6296963400.0,KOSPI,-3.96
192650,드림텍,6210.0,855150.0,855150.0,5310481500.0,5310481500.0,KOSPI,5.61
452260,한화갤러리아,2100.0,1558177.0,1558177.0,3272171700.0,3272171700.0,KOSPI,-0.71
357120,코람코라이프인프라리츠,4170.0,101091.0,101091.0,421549470.0,421549470.0,KOSPI,-0.36
950210,프레스티지바이오파마,6720.0,90745.0,90745.0,609806400.0,609806400.0,KOSPI,3.07
004710,한솔테크닉스,7580.0,2004094.0,2004094.0,15191032520.0,15191032520.0,KOSPI,14.16
003000,부광약품,4065.0,1157886.0,1157886.0,4706806590.0,4706806590.0,KOSPI,-7.19
344820,KCC글라스,24950.0,7610.0,9403.0,189869500.0,234604850.0,KOSPI,-1.58
005420,코스모화학,10360.0,146553.0,215837.0,1518289080.0,2236071320.0,KOSPI,-8.96
480260,TIGER 27-04회사채(A+이상)액티브,53820.0,2842.0,2842.0,152956440.0,152956440.0,KOSPI,0.02
008730,율촌화학,16010.0,75665.0,95195.0,1211396650.0,1524071950.0,KOSPI,-1.78
317400,자이에스앤디,10150.0,2022380.0,2022380.0,20527157000.0,20527157000.0,KOSPI,-6.28
306200,세아제강,138500.0,11461.0,12394.0,1587348500.0,1716569000.0,KOSPI,-0.79
0060H0,TIGER 토탈월드스탁액티브,12465.0,58691.0,58691.0,731583315.0,731583315.0,KOSPI,-1.58
029530,신도리코,40150.0,4303.0,4952.0,172765450.0,198822800.0,KOSPI,-2.19
471990,KODEX AI반도체핵심장비,23820.0,1211654.0,1211654.0,28861598280.0,28861598280.0,KOSPI,-0.21
426020,TIME 미국S&P500액티브,31010.0,55375.0,55375.0,1717178750.0,1717178750.0,KOSPI,-1.34
484880,SOL 금융지주플러스고배당,22675.0,672342.0,672342.0,15245354850.0,15245354850.0,KOSPI,-1.28
0120G0,삼양바이오팜,52100.0,124655.0,521240.0,6494525500.0,27156604000.0,KOSPI,-2.62
130660,한전산업,11860.0,210217.0,210217.0,2493173620.0,2493173620.0,KOSPI,-3.18
001940,KISCO홀딩스,27250.0,12120.0,13232.0,330270000.0,360572000.0,KOSPI,-2.15
271940,일진하이솔루스,10600.0,28933.0,123353.0,306689800.0,1307541800.0,KOSPI,-2.03
015360,INVENI,14050.0,18963.0,22374.0,266430150.0,314354700.0,KOSPI,-1.4
194370,제이에스코퍼레이션,13150.0,59289.0,65529.0,779650350.0,861706350.0,KOSPI,-3.59
0023A0,SOL 미국양자컴퓨팅TOP10,22400.0,122571.0,122571.0,2745590400.0,2745590400.0,KOSPI,-3.76
385720,TIME 코스피액티브,24490.0,52026.0,52026.0,1274116740.0,1274116740.0,KOSPI,-3.96
458250,TIGER 미국30년국채스트립액티브(합성 H),34195.0,64706.0,64706.0,2212621670.0,2212621670.0,KOSPI,-0.29
006220,제주은행,10020.0,362747.0,362747.0,3634724940.0,3634724940.0,KOSPI,-1.28
091180,KODEX 자동차,26850.0,191749.0,191749.0,5148460650.0,5148460650.0,KOSPI,-4.94
241180,TIGER 일본니케이225,33165.0,29702.0,29702.0,985066830.0,985066830.0,KOSPI,-3.28
183190,아세아시멘트,10440.0,103992.0,145930.0,1085676480.0,1523509200.0,KOSPI,-5.69
027410,BGF,3860.0,54704.0,54704.0,211157440.0,211157440.0,KOSPI,-1.78
126560,현대퓨처넷,3380.0,112309.0,112309.0,379604420.0,379604420.0,KOSPI,-1.31
007690,국도화학,39800.0,34478.0,56021.0,1372224400.0,2229635800.0,KOSPI,-0.38
302450,RISE 코스피,68240.0,156837.0,156837.0,10702556880.0,10702556880.0,KOSPI,-3.58
105630,한세실업,9200.0,154789.0,188477.0,1424058800.0,1733988400.0,KOSPI,1.1
0173Y0,KODEX 미국AI광통신네트워크,10230.0,778228.0,778228.0,7961272440.0,7961272440.0,KOSPI,-5.5
462900,KoAct 바이오헬스케어액티브,13730.0,807844.0,807844.0,11091698120.0,11091698120.0,KOSPI,-2.97
017810,풀무원,9610.0,27341.0,43576.0,262747010.0,418765360.0,KOSPI,-3.03
031430,신세계인터내셔날,10430.0,88608.0,118507.0,924181440.0,1236028010.0,KOSPI,-3.87
132030,KODEX 골드선물(H),24235.0,154149.0,154149.0,3735801015.0,3735801015.0,KOSPI,-2.55
476760,ACE 미국30년국채액티브,8770.0,483167.0,483167.0,4237374590.0,4237374590.0,KOSPI,-0.45
170900,동아에스티,37100.0,4448.0,6735.0,165020800.0,249868500.0,KOSPI,-1.72
104700,한국철강,9890.0,60719.0,65735.0,600510910.0,650119150.0,KOSPI,0.3
060980,HL홀딩스,39650.0,8775.0,11406.0,347928750.0,452247900.0,KOSPI,-2.1
0040Y0,SOL 팔란티어커버드콜OTM채권혼합,8035.0,310969.0,310969.0,2498635915.0,2498635915.0,KOSPI,-0.62
005610,삼립,41100.0,3701.0,4475.0,152111100.0,183922500.0,KOSPI,-0.84
089590,제주항공,4395.0,84684.0,84684.0,372186180.0,372186180.0,KOSPI,-2.01
469070,RISE AI&로봇,10560.0,206209.0,206209.0,2177567040.0,2177567040.0,KOSPI,-4.43
0131V0,1Q 미국우주항공테크,10775.0,48693.0,48693.0,524667075.0,524667075.0,KOSPI,-3.06
385550,RISE 단기채권알파액티브,114145.0,3703.0,3703.0,422678935.0,422678935.0,KOSPI,0.01
0046A0,TIGER 미국초단기(3개월이하)국채,9445.0,570116.0,570116.0,5384745620.0,5384745620.0,KOSPI,-0.21
006405,삼성SDI우,214500.0,6737.0,6737.0,1445086500.0,1445086500.0,KOSPI,-4.88
02826K,삼성물산우B,235500.0,4223.0,4223.0,994516500.0,994516500.0,KOSPI,-5.23
310960,TIGER 200TR,60500.0,145290.0,145290.0,8790045000.0,8790045000.0,KOSPI,-3.98
279530,KODEX 고배당주,17675.0,143677.0,143677.0,2539490975.0,2539490975.0,KOSPI,-1.37
0043Y0,TIME 차이나AI테크액티브,19610.0,101539.0,101539.0,1991179790.0,1991179790.0,KOSPI,-2.41
024720,콜마홀딩스,10000.0,36880.0,61704.0,368800000.0,617040000.0,KOSPI,-1.48
439870,KODEX 국고채30년액티브,86385.0,3553.0,3553.0,306925905.0,306925905.0,KOSPI,-0.26
760013,키움 레버리지 반도체TOP10 ETN,68530.0,3277.0,3277.0,224572810.0,224572810.0,KOSPI,-7.41
448300,TIGER 미국나스닥100(H),22515.0,72297.0,72297.0,1627766955.0,1627766955.0,KOSPI,-1.68
0144L0,KODEX 미국성장커버드콜액티브,9290.0,228409.0,228409.0,2121919610.0,2121919610.0,KOSPI,-1.33
453810,KODEX 인도Nifty50,11525.0,231992.0,231992.0,2673707800.0,2673707800.0,KOSPI,-1.45
011760,현대코퍼레이션,25550.0,17541.0,25900.0,448172550.0,661745000.0,KOSPI,-0.78
0052D0,TIGER 코리아배당다우존스,15405.0,70544.0,70544.0,1086730320.0,1086730320.0,KOSPI,-1.69
442570,RISE TDF2050액티브 적격,17180.0,101585.0,101585.0,1745230300.0,1745230300.0,KOSPI,-1.32
0026S0,1Q 미국S&P500,12650.0,169301.0,169301.0,2141657650.0,2141657650.0,KOSPI,-1.02
472170,TIGER 미국테크TOP10채권혼합,13760.0,64507.0,64507.0,887616320.0,887616320.0,KOSPI,-0.69
009160,SIMPAC,5100.0,43912.0,43912.0,223951200.0,223951200.0,KOSPI,-0.39
002310,아세아제지,8450.0,74511.0,74511.0,629617950.0,629617950.0,KOSPI,-1.86
011930,신성이엔지,16400.0,68162.0,68162.0,1117856800.0,1117856800.0,KOSPI,-2.67
097520,엠씨넥스,19120.0,50755.0,71961.0,970435600.0,1375894320.0,KOSPI,-7.86
456880,ACE 미국달러SOFR금리(합성),12030.0,75244.0,75244.0,905185320.0,905185320.0,KOSPI,-0.12
0167Z0,KODEX 미국우주항공,7245.0,301490.0,301490.0,2184295050.0,2184295050.0,KOSPI,-3.78
520054,미래에셋 레버리지 코스피200 선물 ETN,165535.0,2922.0,2922.0,483693270.0,483693270.0,KOSPI,-8.28
020000,한섬,15400.0,69444.0,87590.0,1069437600.0,1348886000.0,KOSPI,-3.14
092790,넥스틸,12680.0,122452.0,122452.0,1552691360.0,1552691360.0,KOSPI,-0.78
474590,WON 반도체밸류체인액티브,41400.0,22655.0,22655.0,937917000.0,937917000.0,KOSPI,-2.87
002020,코오롱,25100.0,23766.0,37672.0,596526600.0,945567200.0,KOSPI,-4.74
448630,RISE 삼성그룹Top3채권혼합,15205.0,71542.0,71542.0,1087796110.0,1087796110.0,KOSPI,-1.36
026890,스틱인베스트먼트,8350.0,34257.0,37896.0,286045950.0,316431600.0,KOSPI,-1.53
0080G0,KODEX 방산TOP10,9655.0,2058897.0,2058897.0,19878650535.0,19878650535.0,KOSPI,-4.55
025860,남해화학,6510.0,595029.0,595029.0,3873638790.0,3873638790.0,KOSPI,0.46
0182R0,1Q K반도체TOP2+,9980.0,1364487.0,1364487.0,13617580260.0,13617580260.0,KOSPI,-4.13
0119H0,KODEX 28-12 회사채(AA-이상)액티브,9935.0,3495.0,3495.0,34722825.0,34722825.0,KOSPI,0.0
005720,넥센,6100.0,22866.0,22866.0,139482600.0,139482600.0,KOSPI,-1.77
123890,한국자산신탁,2605.0,143729.0,143729.0,374414045.0,374414045.0,KOSPI,-1.14
0052S0,1Q 미국S&P500미국채혼합50액티브,11405.0,148146.0,148146.0,1689605130.0,1689605130.0,KOSPI,-0.65
145720,덴티움,36700.0,9178.0,14754.0,336832600.0,541471800.0,KOSPI,-1.74
016800,퍼시스,27400.0,576.0,608.0,15782400.0,16659200.0,KOSPI,-1.44
015860,일진홀딩스,6360.0,93915.0,93915.0,597299400.0,597299400.0,KOSPI,-4.65
200880,서연이화,11610.0,49962.0,93220.0,580058820.0,1082284200.0,KOSPI,-4.37
009290,광동제약,6290.0,87445.0,87445.0,550029050.0,550029050.0,KOSPI,-2.18
0228G0,ACE 반도체Plus전략산업,9590.0,968106.0,968106.0,9284136540.0,9284136540.0,KOSPI,-4.96
270810,RISE 코스닥150,13565.0,327113.0,327113.0,4437287845.0,4437287845.0,KOSPI,-2.27
190620,ACE 단기통안채,102005.0,38842.0,38842.0,3962078210.0,3962078210.0,KOSPI,0.0
385510,KODEX 신재생에너지액티브,37045.0,53473.0,53473.0,1980907285.0,1980907285.0,KOSPI,-4.76
018250,애경산업,11750.0,52022.0,52022.0,611258500.0,611258500.0,KOSPI,-2.57
096760,JW홀딩스,4180.0,67802.0,67802.0,283412360.0,283412360.0,KOSPI,-0.59
001230,동국홀딩스,1987.0,270992.0,270992.0,538461104.0,538461104.0,KOSPI,-1.88
489030,PLUS 고배당주위클리커버드콜,6605.0,498594.0,498594.0,3293213370.0,3293213370.0,KOSPI,-0.38
381970,케이카,6230.0,70021.0,100065.0,436230830.0,623404950.0,KOSPI,-3.11
108670,LX하우시스,33900.0,21071.0,28582.0,714306900.0,968929800.0,KOSPI,-3.0
003350,한국화장품제조,13300.0,783151.0,783151.0,10415908300.0,10415908300.0,KOSPI,-4.59
078520,에이블씨엔씨,11560.0,84307.0,158080.0,974588920.0,1827404800.0,KOSPI,-5.25
272450,진에어,5740.0,40828.0,40828.0,234352720.0,234352720.0,KOSPI,-1.03
126720,수산인더스트리,20950.0,9937.0,26507.0,208180150.0,555321650.0,KOSPI,-2.1
0008S0,TIGER 미국배당다우존스타겟데일리커버드콜,10020.0,275229.0,275229.0,2757794580.0,2757794580.0,KOSPI,-0.3
0111P0,1Q 미국나스닥100미국채혼합50액티브,10590.0,63029.0,63029.0,667477110.0,667477110.0,KOSPI,-1.12
005950,이수화학,11300.0,711923.0,711923.0,8044729900.0,8044729900.0,KOSPI,-10.39
485540,KODEX 미국AI테크TOP10,14710.0,86497.0,86497.0,1272370870.0,1272370870.0,KOSPI,-1.61
244920,에이플러스에셋,13100.0,19545.0,19545.0,256039500.0,256039500.0,KOSPI,-1.95
012030,DB,1469.0,602192.0,602192.0,884620048.0,884620048.0,KOSPI,-6.49
084010,대한제강,8590.0,32573.0,49155.0,279802070.0,422241450.0,KOSPI,-0.92
001750,한양증권,19500.0,2086.0,5341.0,40677000.0,104149500.0,KOSPI,-1.12
001390,KG케미칼,4420.0,73934.0,73934.0,326788280.0,326788280.0,KOSPI,-1.56
433330,SOL 미국S&P500,21575.0,67813.0,67813.0,1463065475.0,1463065475.0,KOSPI,-1.08
483320,ACE 엔비디아밸류체인액티브,22955.0,694076.0,694076.0,15932514580.0,15932514580.0,KOSPI,-3.63
034830,한국토지신탁,1159.0,313709.0,313709.0,363588731.0,363588731.0,KOSPI,-1.78
000157,두산2우B,327000.0,162.0,162.0,52974000.0,52974000.0,KOSPI,-4.94
0210A0,ACE K반도체TOP2+,6810.0,2458467.0,2458467.0,16742160270.0,16742160270.0,KOSPI,-4.42
033270,유나이티드제약,18260.0,47915.0,56091.0,874927900.0,1024221660.0,KOSPI,0.55
136340,RISE 중기우량회사채,104065.0,381.0,381.0,39648765.0,39648765.0,KOSPI,-0.12
454780,KIWOOM 종합채권(AA-이상)액티브,99305.0,14.0,14.0,1390270.0,1390270.0,KOSPI,-0.06
091170,KODEX 은행,16465.0,1498189.0,1498189.0,24667681885.0,24667681885.0,KOSPI,-0.48
084690,대상홀딩스,7960.0,22440.0,27657.0,178622400.0,220149720.0,KOSPI,-0.62
570022,한투 레버리지S&P500선물 ETN(H),57410.0,1745.0,1745.0,100180450.0,100180450.0,KOSPI,-1.58
002900,TYM,6920.0,95455.0,95455.0,660548600.0,660548600.0,KOSPI,0.0
475080,KODEX 테슬라커버드콜채권혼합액티브,7830.0,110844.0,110844.0,867908520.0,867908520.0,KOSPI,-0.82
002710,TCC스틸,10850.0,46513.0,83976.0,504666050.0,911139600.0,KOSPI,-6.22
091810,트리니티항공,2775.0,119641.0,119641.0,332003775.0,332003775.0,KOSPI,-1.6
481190,SOL 미국테크TOP10,16440.0,160960.0,160960.0,2646182400.0,2646182400.0,KOSPI,-0.93
453870,TIGER 인도니프티50,11325.0,54226.0,54226.0,614109450.0,614109450.0,KOSPI,-1.35
003960,사조대림,30700.0,1773.0,2984.0,54431100.0,91608800.0,KOSPI,-0.81
010955,S-Oil우,69800.0,19582.0,19582.0,1366823600.0,1366823600.0,KOSPI,-0.14
461490,RISE 글로벌자산배분액티브,14530.0,41570.0,41570.0,604012100.0,604012100.0,KOSPI,-0.89
273140,KODEX 단기변동금리부채권액티브,114700.0,2164.0,2164.0,248210800.0,248210800.0,KOSPI,0.01
334890,이지스밸류플러스리츠,4030.0,121104.0,121104.0,488049120.0,488049120.0,KOSPI,-0.49
228790,TIGER 화장품,4680.0,10057030.0,10057030.0,47066900400.0,47066900400.0,KOSPI,-2.4
441680,TIGER 미국나스닥100커버드콜(합성),10590.0,84443.0,84443.0,894251370.0,894251370.0,KOSPI,-0.56
0094K0,TIGER 28-04 회사채(A+이상)액티브,99545.0,14967.0,14967.0,1489890015.0,1489890015.0,KOSPI,-0.11
017390,서울가스,56000.0,3778.0,5061.0,211568000.0,283416000.0,KOSPI,-2.1
497880,SOL CD금리&머니마켓액티브,50035.0,119813.0,119813.0,5994843455.0,5994843455.0,KOSPI,0.01
307520,TIGER 지주회사,21895.0,212505.0,212505.0,4652796975.0,4652796975.0,KOSPI,-3.31
473330,SOL 미국30년국채커버드콜(합성),7830.0,211538.0,211538.0,1656342540.0,1656342540.0,KOSPI,-0.51
003120,일성아이에스,20550.0,4251.0,5500.0,87358050.0,113025000.0,KOSPI,-0.24
0038A0,KODEX 미국휴머노이드로봇,14410.0,35674.0,35674.0,514062340.0,514062340.0,KOSPI,-2.34
037710,광주신세계,35700.0,43088.0,84473.0,1538241600.0,3015686100.0,KOSPI,-3.51
004430,송원산업,11330.0,98720.0,98720.0,1118497600.0,1118497600.0,KOSPI,-2.75
475300,SOL 반도체전공정,20990.0,1183182.0,1183182.0,24834990180.0,24834990180.0,KOSPI,-0.36
058430,포스코스틸리온,4530.0,272615.0,272615.0,1234945950.0,1234945950.0,KOSPI,-4.53
122900,아이마켓코리아,8100.0,43600.0,43600.0,353160000.0,353160000.0,KOSPI,-1.46
286940,롯데이노베이트,17810.0,6733.0,10794.0,119914730.0,192241140.0,KOSPI,-3.73
010690,화신,7650.0,172590.0,172590.0,1320313500.0,1320313500.0,KOSPI,-3.65
364970,TIGER 바이오TOP10,7320.0,1586100.0,1586100.0,11610252000.0,11610252000.0,KOSPI,-1.35
010820,퍼스텍,5430.0,194693.0,194693.0,1057182990.0,1057182990.0,KOSPI,-4.06
0098F0,KODEX 원자력SMR,14990.0,672107.0,672107.0,10074883930.0,10074883930.0,KOSPI,-4.46
000430,대원강업,4215.0,98444.0,98444.0,414941460.0,414941460.0,KOSPI,-3.55
471780,TIGER 코리아테크액티브,33915.0,50098.0,50098.0,1699073670.0,1699073670.0,KOSPI,-2.98
213610,KODEX 삼성그룹밸류,21900.0,17602.0,17602.0,385483800.0,385483800.0,KOSPI,-3.74
196230,RISE 단기통안채,116920.0,1726.0,1726.0,201803920.0,201803920.0,KOSPI,0.01
020120,키다리스튜디오,6990.0,296181.0,296181.0,2070305190.0,2070305190.0,KOSPI,-4.77
005430,한국공항,81200.0,7225.0,7225.0,586670000.0,586670000.0,KOSPI,1.0
105840,우진,12720.0,104561.0,104561.0,1330015920.0,1330015920.0,KOSPI,-2.0
004360,세방,13300.0,16420.0,17793.0,218386000.0,236646900.0,KOSPI,-2.42
472920,HK 종합채권(AA-이상)액티브,97880.0,10.0,10.0,978800.0,978800.0,KOSPI,-0.19
0053L0,TIGER 차이나휴머노이드로봇,9385.0,1002589.0,1002589.0,9409297765.0,9409297765.0,KOSPI,-1.68
007160,사조산업,50200.0,2493.0,3980.0,125148600.0,199796000.0,KOSPI,-2.9
003920,남양유업,44000.0,702.0,1080.0,30888000.0,47520000.0,KOSPI,-1.46
123320,TIGER 레버리지,99705.0,133388.0,133388.0,13299450540.0,13299450540.0,KOSPI,-8.15
003070,코오롱글로벌,9790.0,16760.0,16760.0,164080400.0,164080400.0,KOSPI,0.2
217590,티엠씨,10330.0,227624.0,227624.0,2351355920.0,2351355920.0,KOSPI,-6.01
001790,대한제당,2885.0,113483.0,113483.0,327398455.0,327398455.0,KOSPI,-0.86
283580,KODEX 차이나CSI300,14985.0,80755.0,80755.0,1210113675.0,1210113675.0,KOSPI,-1.48
005500,삼진제약,18660.0,36205.0,86824.0,675585300.0,1620135840.0,KOSPI,-0.85
008490,서흥,21400.0,14095.0,35660.0,301633000.0,763124000.0,KOSPI,-4.04
409820,KODEX 미국나스닥100레버리지(합성 H),19280.0,62145.0,62145.0,1198155600.0,1198155600.0,KOSPI,-3.31
0162Y0,TIME 코스닥액티브,7115.0,249374.0,249374.0,1774296010.0,1774296010.0,KOSPI,-2.13
298690,에어부산,1500.0,36152.0,36152.0,54228000.0,54228000.0,KOSPI,-1.64
0183V0,KIWOOM 삼성전자&SK하이닉스채권혼합50,11480.0,468709.0,468709.0,5380779320.0,5380779320.0,KOSPI,-2.01
471040,KoAct 글로벌AI&로봇액티브,26975.0,22031.0,22031.0,594286225.0,594286225.0,KOSPI,-4.24
423170,SOL 글로벌AI반도체탑픽액티브,54415.0,22807.0,22807.0,1241042905.0,1241042905.0,KOSPI,-3.54
003200,일신방직,10570.0,13950.0,19330.0,147451500.0,204318100.0,KOSPI,-2.49
245710,ACE 베트남VN30(합성),28870.0,29821.0,29821.0,860932270.0,860932270.0,KOSPI,-0.79
004310,현대약품,7570.0,12217911.0,12217911.0,92489586270.0,92489586270.0,KOSPI,-8.69
136490,선진,10150.0,31903.0,31903.0,323815450.0,323815450.0,KOSPI,-1.84
005680,삼영전자,12050.0,18197.0,18197.0,219273850.0,219273850.0,KOSPI,-1.31
139230,TIGER 200 중공업,12270.0,74692.0,74692.0,916470840.0,916470840.0,KOSPI,-5.98
025000,KPX케미칼,54700.0,3575.0,3575.0,195552500.0,195552500.0,KOSPI,-0.73
472160,TIGER 미국테크TOP10 INDXX(H),18615.0,92767.0,92767.0,1726857705.0,1726857705.0,KOSPI,-0.75
478150,TIME 글로벌우주테크&방산액티브,18795.0,38821.0,38821.0,729640695.0,729640695.0,KOSPI,-1.6
044820,코스맥스비티아이,24800.0,13153.0,13153.0,326194400.0,326194400.0,KOSPI,-3.12
404990,신한서부티엔디리츠,3855.0,86587.0,86587.0,333792885.0,333792885.0,KOSPI,-1.66
226320,잇츠한불,10810.0,26191.0,49532.0,283124710.0,535440920.0,KOSPI,-3.48
001460,BYC,37950.0,767.0,1058.0,29107650.0,40151100.0,KOSPI,0.26
000680,LS네트웍스,2995.0,40455.0,40455.0,121162725.0,121162725.0,KOSPI,-1.48
495230,KoAct 코리아밸류업액티브,29680.0,20772.0,20772.0,616512960.0,616512960.0,KOSPI,-3.99
452360,SOL 미국배당다우존스(H),13610.0,100946.0,100946.0,1373875060.0,1373875060.0,KOSPI,-0.15
0030R0,대신밸류리츠,3930.0,18280.0,18280.0,71840400.0,71840400.0,KOSPI,-1.75
030210,다올투자증권,3855.0,58963.0,58963.0,227302365.0,227302365.0,KOSPI,-1.53
003650,미창석유,134800.0,1090.0,1090.0,146932000.0,146932000.0,KOSPI,-1.1
421320,PLUS 우주항공,25295.0,35780.0,35780.0,905055100.0,905055100.0,KOSPI,-3.27
493810,TIGER 미국AI빅테크10타겟데일리커버드콜,11225.0,90077.0,90077.0,1011114325.0,1011114325.0,KOSPI,-0.84
483340,ACE 구글밸류체인액티브,20655.0,83834.0,83834.0,1731591270.0,1731591270.0,KOSPI,-3.21
475560,더본코리아,15650.0,44959.0,44959.0,703608350.0,703608350.0,KOSPI,-5.04
000540,흥국화재,3610.0,88896.0,88896.0,320914560.0,320914560.0,KOSPI,-2.3
363570,KODEX 장기종합채권(AA-이상)액티브,85740.0,4.0,4.0,342960.0,342960.0,KOSPI,-0.37
900140,엘브이엠씨홀딩스,1197.0,385707.0,385707.0,461691279.0,461691279.0,KOSPI,-2.76
448540,ACE 엔비디아채권혼합,26275.0,30050.0,30050.0,789563750.0,789563750.0,KOSPI,-0.57
329650,KODEX TRF3070,14010.0,18418.0,18418.0,258036180.0,258036180.0,KOSPI,-0.46
437080,KODEX 미국종합채권ESG액티브(H),96405.0,1174.0,1174.0,113179470.0,113179470.0,KOSPI,-0.14
000490,대동,7950.0,302707.0,302707.0,2406520650.0,2406520650.0,KOSPI,-3.64
388420,RISE 비메모리반도체액티브,25810.0,54761.0,54761.0,1413381410.0,1413381410.0,KOSPI,-2.33
002320,한진,14730.0,24448.0,27325.0,360119040.0,402497250.0,KOSPI,-2.84
0092C0,SOL 27-12 회사채(AA-이상)액티브,50270.0,5.0,5.0,251350.0,251350.0,KOSPI,0.01
0182S0,1Q K반도체TOP2채권혼합50,12085.0,154149.0,154149.0,1862890665.0,1862890665.0,KOSPI,-2.66
363580,KODEX 200IT TR,52805.0,47382.0,47382.0,2502006510.0,2502006510.0,KOSPI,-4.49
134380,미원화학,10310.0,31139.0,31139.0,321043090.0,321043090.0,KOSPI,0.0
0089D0,KODEX 금융고배당TOP10,13400.0,207840.0,207840.0,2785056000.0,2785056000.0,KOSPI,-1.51
034120,SBS,12180.0,1693.0,3833.0,20620740.0,46685940.0,KOSPI,-1.3
009680,모토닉,10390.0,5887.0,8914.0,61165930.0,92616460.0,KOSPI,0.0
458260,TIGER 미국투자등급회사채액티브(H),45995.0,2179.0,2179.0,100223105.0,100223105.0,KOSPI,-0.37
03473K,SK우,398000.0,2715.0,2715.0,1080570000.0,1080570000.0,KOSPI,-4.1
053690,한미글로벌,20550.0,206189.0,206189.0,4237183950.0,4237183950.0,KOSPI,-5.3
000050,경방,8200.0,15778.0,15778.0,129379600.0,129379600.0,KOSPI,-1.8
001340,PKC,4990.0,71574.0,71574.0,357154260.0,357154260.0,KOSPI,-3.85
044450,KSS해운,9920.0,44814.0,44814.0,444554880.0,444554880.0,KOSPI,-0.4
000320,노루홀딩스,16830.0,3596.0,7934.0,60520680.0,133529220.0,KOSPI,-2.09
051905,LG생활건강우,106200.0,5587.0,5587.0,593339400.0,593339400.0,KOSPI,-2.57
092200,디아이씨,5710.0,247594.0,247594.0,1413761740.0,1413761740.0,KOSPI,-6.09
033920,무학,7780.0,12516.0,12516.0,97374480.0,97374480.0,KOSPI,-1.52
157500,TIGER 증권,12085.0,162554.0,162554.0,1964465090.0,1964465090.0,KOSPI,-3.32
488980,SOL 26-12 회사채(AA-이상)액티브,52115.0,160.0,160.0,8338400.0,8338400.0,KOSPI,0.01
0094M0,RISE 코리아밸류업위클리고정커버드콜,17280.0,984082.0,984082.0,17004936960.0,17004936960.0,KOSPI,-3.08
432320,KB스타리츠,1452.0,286951.0,286951.0,416652852.0,416652852.0,KOSPI,0.21
442320,RISE 글로벌원자력,34515.0,7345.0,7345.0,253512675.0,253512675.0,KOSPI,-1.89
001250,GS글로벌,2605.0,262794.0,262794.0,684578370.0,684578370.0,KOSPI,-3.52
305080,TIGER 미국채10년선물,12100.0,103086.0,103086.0,1247340600.0,1247340600.0,KOSPI,-0.25
244580,KODEX 바이오,8230.0,412045.0,412045.0,3391130350.0,3391130350.0,KOSPI,-2.83
000480,CR홀딩스,4560.0,18241.0,18241.0,83178960.0,83178960.0,KOSPI,0.0
035150,백산,10810.0,7109.0,9051.0,76848290.0,97841310.0,KOSPI,-1.28
422420,RISE 2차전지액티브,6605.0,266912.0,266912.0,1762953760.0,1762953760.0,KOSPI,-5.17
000650,천일고속,148900.0,1434.0,1434.0,213522600.0,213522600.0,KOSPI,-0.73
298000,효성화학,56000.0,18509.0,18509.0,1036504000.0,1036504000.0,KOSPI,-1.93
005010,휴스틸,3775.0,109360.0,109360.0,412834000.0,412834000.0,KOSPI,0.67
003555,LG우,70400.0,4925.0,4925.0,346720000.0,346720000.0,KOSPI,-2.36
530145,삼성 레버리지 천연가스 선물 ETN D,12375.0,147134.0,147134.0,1820783250.0,1820783250.0,KOSPI,0.81
0104N0,TIGER 200타겟위클리커버드콜,20145.0,49129.0,49129.0,989703705.0,989703705.0,KOSPI,-3.36
414780,TIGER 차이나과창판STAR50(합성),13445.0,54778.0,54778.0,736490210.0,736490210.0,KOSPI,-1.5
463050,TIME K바이오액티브,12340.0,268164.0,268164.0,3309143760.0,3309143760.0,KOSPI,-2.53
500029,신한 레버리지 은 선물 ETN(H),20845.0,6581.0,6581.0,137180945.0,137180945.0,KOSPI,-7.79
486450,SOL 미국AI전력인프라,18660.0,28549.0,28549.0,532724340.0,532724340.0,KOSPI,-1.97
003720,삼영,6080.0,164480.0,164480.0,1000038400.0,1000038400.0,KOSPI,-2.88
011500,한농화성,13200.0,79563.0,79563.0,1050231600.0,1050231600.0,KOSPI,-6.65
490090,TIGER 미국AI빅테크10,15600.0,177231.0,177231.0,2764803600.0,2764803600.0,KOSPI,-1.02
003520,영진약품,1123.0,285859.0,285859.0,321019657.0,321019657.0,KOSPI,-2.18
498270,KIWOOM 미국양자컴퓨팅,13715.0,37588.0,37588.0,515519420.0,515519420.0,KOSPI,-3.89
520094,미래에셋 CD금리 플러스 ETN,102275.0,949.0,949.0,97058975.0,97058975.0,KOSPI,0.01
261260,KODEX 미국달러선물인버스2X,5440.0,285634.0,285634.0,1553848960.0,1553848960.0,KOSPI,0.37
004980,성신양회,8330.0,42734.0,96691.0,355974220.0,805436030.0,KOSPI,-2.46
088260,이리츠코크렙,3210.0,93635.0,93635.0,300568350.0,300568350.0,KOSPI,0.31
266160,RISE 고배당,31995.0,13086.0,13086.0,418686570.0,418686570.0,KOSPI,-3.19
017860,DS단석,11440.0,33281.0,33281.0,380734640.0,380734640.0,KOSPI,-4.67
0233J0,TIGER 삼성전자SK하이닉스미국채혼합50,10120.0,351111.0,351111.0,3553243320.0,3553243320.0,KOSPI,-2.32
100250,진양홀딩스,3165.0,43991.0,43991.0,139231515.0,139231515.0,KOSPI,-0.16
466930,SOL 자동차TOP3플러스,24410.0,151781.0,151781.0,3704974210.0,3704974210.0,KOSPI,-5.11
0005A0,KODEX 미국S&P500데일리커버드콜OTM,9230.0,220019.0,220019.0,2030775370.0,2030775370.0,KOSPI,-0.97
0204D0,KODEX 현대차로보틱스밸류체인TOP3플러스,5985.0,840120.0,840120.0,5028118200.0,5028118200.0,KOSPI,-5.38
001130,대한제분,11780.0,14928.0,19339.0,175851840.0,227813420.0,KOSPI,-0.34
037270,YG PLUS,3120.0,143079.0,143079.0,446406480.0,446406480.0,KOSPI,-2.95
0151S0,KODEX 미국AI반도체TOP3플러스,14210.0,208257.0,208257.0,2959331970.0,2959331970.0,KOSPI,-2.37
332930,HANARO 200TR,135940.0,660.0,660.0,89720400.0,89720400.0,KOSPI,-3.95
039570,HDC랩스,7560.0,6811.0,6811.0,51491160.0,51491160.0,KOSPI,-1.43
001630,종근당홀딩스,39100.0,1714.0,2311.0,67017400.0,90360100.0,KOSPI,-0.89
053210,스카이라이프,4120.0,29201.0,29201.0,120308120.0,120308120.0,KOSPI,-0.24
028100,동아지질,17440.0,11634.0,11634.0,202896960.0,202896960.0,KOSPI,-1.36
377190,디앤디플랫폼리츠,2210.0,165905.0,165905.0,366650050.0,366650050.0,KOSPI,-0.45
495060,TIME 코리아밸류업액티브,27240.0,58910.0,58910.0,1604708400.0,1604708400.0,KOSPI,-3.73
016580,환인제약,10440.0,62575.0,62575.0,653283000.0,653283000.0,KOSPI,1.46
433500,ACE 원자력TOP10,52400.0,43065.0,43065.0,2256606000.0,2256606000.0,KOSPI,-5.19
095570,AJ네트웍스,4280.0,82260.0,82260.0,352072800.0,352072800.0,KOSPI,-2.62
010580,에스엠벡셀,1738.0,835068.0,835068.0,1451348184.0,1451348184.0,KOSPI,-3.23
117700,KODEX 건설,6335.0,1130993.0,1130993.0,7164840655.0,7164840655.0,KOSPI,-4.81
0192Z0,TIGER 중기종합채권(A-이상)액티브,100900.0,8001.0,8001.0,807300900.0,807300900.0,KOSPI,-0.03
302190,TIGER 중장기국채,49890.0,4081.0,4081.0,203601090.0,203601090.0,KOSPI,-0.24
339770,교촌에프앤비,3840.0,22356.0,22356.0,85847040.0,85847040.0,KOSPI,-0.13
530134,삼성 블룸버그 인버스2X WTI원유선물 ETN B,2120.0,5022906.0,5022906.0,10648560720.0,10648560720.0,KOSPI,-10.17
0047A0,TIGER 차이나테크TOP10,12600.0,47204.0,47204.0,594770400.0,594770400.0,KOSPI,-1.64
013580,계룡건설,21250.0,40567.0,40567.0,862048750.0,862048750.0,KOSPI,-0.23
429000,TIGER 미국S&P500배당귀족,13315.0,37815.0,37815.0,503506725.0,503506725.0,KOSPI,-0.49
0091C0,KODEX 미국10년국채액티브(H),9520.0,22094.0,22094.0,210334880.0,210334880.0,KOSPI,-0.31
267770,TIGER 200선물레버리지,75770.0,69091.0,69091.0,5235025070.0,5235025070.0,KOSPI,-8.25
117580,대성에너지,6850.0,226138.0,226138.0,1549045300.0,1549045300.0,KOSPI,-0.72
433980,KODEX TDF2040액티브 적격,15650.0,39865.0,39865.0,623887250.0,623887250.0,KOSPI,-0.86
102260,동성케미컬,3700.0,57648.0,57648.0,213297600.0,213297600.0,KOSPI,-1.99
003547,대신증권2우B,19500.0,7183.0,7183.0,140068500.0,140068500.0,KOSPI,-1.32
394670,TIGER 글로벌리튬&2차전지SOLACTIVE(합성),11120.0,26863.0,26863.0,298716560.0,298716560.0,KOSPI,-2.97
486830,HANARO 머니마켓액티브,53290.0,1452.0,1452.0,77377080.0,77377080.0,KOSPI,0.01
000140,하이트진로홀딩스,8050.0,1792.0,1792.0,14425600.0,14425600.0,KOSPI,-1.71
0115D0,KODEX 조선TOP10,7240.0,1400285.0,1400285.0,10138063400.0,10138063400.0,KOSPI,-6.34
102460,이연제약,9950.0,38076.0,38076.0,378856200.0,378856200.0,KOSPI,0.0
033530,SJG세종,6830.0,43319.0,43319.0,295868770.0,295868770.0,KOSPI,-2.84
007860,서연,7860.0,24574.0,24574.0,193151640.0,193151640.0,KOSPI,-2.12
0082V0,KODEX TDF2060액티브 적격,11080.0,57667.0,57667.0,638950360.0,638950360.0,KOSPI,-0.98
128820,대성산업,4060.0,83747.0,83747.0,340012820.0,340012820.0,KOSPI,-1.46
016450,한세예스24홀딩스,4580.0,16904.0,16904.0,77420320.0,77420320.0,KOSPI,0.99
495550,SOL 코리아밸류업TR,31480.0,6419.0,6419.0,202070120.0,202070120.0,KOSPI,-4.0
0069M0,1Q 미국나스닥100,13135.0,92000.0,92000.0,1208420000.0,1208420000.0,KOSPI,-1.79
035510,신세계 I&C,13000.0,31241.0,31241.0,406133000.0,406133000.0,KOSPI,-1.29
003220,대원제약,8100.0,371679.0,1599475.0,3010599900.0,12955747500.0,KOSPI,1.63
480040,ACE 미국반도체데일리타겟커버드콜(합성),13755.0,213838.0,213838.0,2941341690.0,2941341690.0,KOSPI,-3.07
014710,사조씨푸드,10500.0,4630.0,4630.0,48615000.0,48615000.0,KOSPI,0.48
483290,KODEX 미국배당다우존스타겟커버드콜,10330.0,145891.0,145891.0,1507054030.0,1507054030.0,KOSPI,0.0
234080,JW생명과학,11390.0,15795.0,15795.0,179905050.0,179905050.0,KOSPI,0.0
002100,경농,9220.0,32224.0,32224.0,297105280.0,297105280.0,KOSPI,-0.22
487570,HS효성,48150.0,1864.0,1864.0,89751600.0,89751600.0,KOSPI,0.0
500099,신한 WTI원유 선물 ETN,17930.0,11798.0,11798.0,211538140.0,211538140.0,KOSPI,5.28
213500,한솔제지,7530.0,40030.0,40030.0,301425900.0,301425900.0,KOSPI,-0.66
241590,화승엔터프라이즈,2950.0,15898.0,15898.0,46899100.0,46899100.0,KOSPI,-1.5
002420,우양피앤엘,5720.0,10317.0,10317.0,59013240.0,59013240.0,KOSPI,-0.17
003610,방림,5540.0,38602.0,38602.0,213855080.0,213855080.0,KOSPI,0.73
494330,ACE 라이프자산주주가치액티브,32230.0,40134.0,40134.0,1293518820.0,1293518820.0,KOSPI,-1.89
000390,SP삼화,6510.0,109765.0,109765.0,714570150.0,714570150.0,KOSPI,-1.36
025560,미래산업,6350.0,298274.0,298274.0,1894039900.0,1894039900.0,KOSPI,-2.31
461950,KODEX 2차전지핵심소재10,4925.0,945728.0,945728.0,4657710400.0,4657710400.0,KOSPI,-5.74
0099L0,ACE 우량회사채(AA-이상)액티브,99610.0,2455.0,2455.0,244542550.0,244542550.0,KOSPI,-0.04
002150,도화엔지니어링,5210.0,21610.0,21610.0,112588100.0,112588100.0,KOSPI,-0.95
122090,PLUS 코스피50,78050.0,83461.0,83461.0,6514131050.0,6514131050.0,KOSPI,-3.75
412570,TIGER 2차전지TOP10레버리지,1230.0,11288339.0,11288339.0,13884656970.0,13884656970.0,KOSPI,-10.87
0040X0,SOL 팔란티어미국채커버드콜혼합,9385.0,84816.0,84816.0,795998160.0,795998160.0,KOSPI,-1.57
004560,현대비앤지스틸,11480.0,14902.0,14902.0,171074960.0,171074960.0,KOSPI,-1.2
473460,KODEX 미국서학개미,22755.0,13642.0,13642.0,310423710.0,310423710.0,KOSPI,-2.44
000700,유수홀딩스,6600.0,17926.0,17926.0,118311600.0,118311600.0,KOSPI,-0.15
003460,유화증권,3030.0,42409.0,42409.0,128499270.0,128499270.0,KOSPI,-2.1
0005G0,IBK K-AI반도체코어테크,49455.0,6140.0,6140.0,303653700.0,303653700.0,KOSPI,-1.65
490600,RISE 미국배당100데일리고정커버드콜,9115.0,235862.0,235862.0,2149882130.0,2149882130.0,KOSPI,-0.05
013890,지누스,7710.0,9952.0,15678.0,76729920.0,120877380.0,KOSPI,0.13
0093A0,RISE AI반도체TOP10,30615.0,71967.0,71967.0,2203269705.0,2203269705.0,KOSPI,-2.06
480020,ACE 미국빅테크7+데일리타겟커버드콜(합성),10245.0,242970.0,242970.0,2489227650.0,2489227650.0,KOSPI,-1.16
530104,삼성 레버리지 코스피200 선물 ETN,167630.0,1731.0,1731.0,290167530.0,290167530.0,KOSPI,-7.5
005960,동부건설,7300.0,40398.0,40398.0,294905400.0,294905400.0,KOSPI,-2.67
332500,ACE 200TR,69645.0,12463.0,12463.0,867985635.0,867985635.0,KOSPI,-4.08
200250,KIWOOM 인도Nifty50(합성),21140.0,13709.0,13709.0,289808260.0,289808260.0,KOSPI,-1.61
015230,대창단조,6130.0,24488.0,24488.0,150111440.0,150111440.0,KOSPI,-1.76
500069,신한 레버리지 코스피 200 선물 ETN,166100.0,6.0,6.0,996600.0,996600.0,KOSPI,-8.37
0190G0,KODEX 반도체타겟위클리커버드콜,8460.0,199833.0,199833.0,1690587180.0,1690587180.0,KOSPI,-2.48
004380,삼익THK,8000.0,14524.0,14524.0,116192000.0,116192000.0,KOSPI,-2.44
002170,SYTS,55000.0,6469.0,6469.0,355795000.0,355795000.0,KOSPI,-5.01
001210,금호전기,13300.0,7794229.0,7794229.0,103663245700.0,103663245700.0,KOSPI,1.76
472870,RISE 미국30년국채엔화노출(합성 H),6755.0,225705.0,225705.0,1524637275.0,1524637275.0,KOSPI,-0.07
000860,강남제비스코,12600.0,6214.0,6214.0,78296400.0,78296400.0,KOSPI,0.0
101530,해태제과식품,5620.0,12018.0,12018.0,67541160.0,67541160.0,KOSPI,0.36
077500,유니퀘스트,7570.0,118490.0,118490.0,896969300.0,896969300.0,KOSPI,-1.17
237370,KODEX 코리아배당성장채권혼합,15715.0,37222.0,37222.0,584943730.0,584943730.0,KOSPI,-0.6
160580,TIGER 구리실물,16005.0,34746.0,34746.0,556109730.0,556109730.0,KOSPI,-2.62
016880,웅진,2035.0,52063.0,52063.0,105948205.0,105948205.0,KOSPI,-2.86
0051G0,SOL 미국원자력SMR,13095.0,59811.0,59811.0,783225045.0,783225045.0,KOSPI,-1.58
007570,일양약품,8460.0,20997.0,20997.0,177634620.0,177634620.0,KOSPI,-1.51
097955,CJ제일제당 우,121600.0,2178.0,2178.0,264844800.0,264844800.0,KOSPI,-1.46
403790,MIDAS 코스피액티브,55000.0,1340.0,1340.0,73700000.0,73700000.0,KOSPI,-4.47
271980,제일약품,10890.0,228827.0,228827.0,2491926030.0,2491926030.0,KOSPI,-4.56
272560,RISE 단기국공채액티브,114835.0,2181.0,2181.0,250455135.0,250455135.0,KOSPI,-0.01
006805,미래에셋증권우,11810.0,35022.0,35022.0,413609820.0,413609820.0,KOSPI,-5.52
233160,TIGER 코스닥150 레버리지,7270.0,2428192.0,2428192.0,17652955840.0,17652955840.0,KOSPI,-4.4
090350,노루페인트,7930.0,32209.0,32209.0,255417370.0,255417370.0,KOSPI,-2.1
0064K0,KODEX 금액티브,12390.0,204907.0,204907.0,2538797730.0,2538797730.0,KOSPI,-2.71
480030,ACE 미국500데일리타겟커버드콜(합성),9825.0,119864.0,119864.0,1177663800.0,1177663800.0,KOSPI,-0.86
460850,동국씨엠,5240.0,13649.0,13649.0,71520760.0,71520760.0,KOSPI,-1.5
494220,UNICORN SK하이닉스밸류체인액티브,44640.0,74301.0,74301.0,3316796640.0,3316796640.0,KOSPI,-2.86
400760,NH올원리츠,2835.0,82277.0,82277.0,233255295.0,233255295.0,KOSPI,-1.22
337160,KODEX 200ESG,45770.0,4247.0,4247.0,194385190.0,194385190.0,KOSPI,-4.02
491610,1Q CD금리액티브(합성),104860.0,2621.0,2621.0,274838060.0,274838060.0,KOSPI,0.0
462520,조선내화,13070.0,2252.0,2252.0,29433640.0,29433640.0,KOSPI,-1.21
011785,금호석유화학우,51100.0,1719.0,1719.0,87840900.0,87840900.0,KOSPI,-0.78
00279K,아모레퍼시픽홀딩스3우C,21750.0,4263.0,4263.0,92720250.0,92720250.0,KOSPI,-2.68
001780,알루코,1592.0,267435.0,267435.0,425756520.0,425756520.0,KOSPI,-2.99
001045,CJ우,68000.0,4507.0,4507.0,306476000.0,306476000.0,KOSPI,-2.16
464240,KIWOOM 26-09회사채(AA-이상)액티브,52405.0,388.0,388.0,20333140.0,20333140.0,KOSPI,0.01
000970,한국주철관,6670.0,3857.0,3857.0,25726190.0,25726190.0,KOSPI,-0.6
293480,하나제약,8520.0,16336.0,16336.0,139182720.0,139182720.0,KOSPI,-0.12
003830,대한화섬,114000.0,213.0,213.0,24282000.0,24282000.0,KOSPI,-1.89
143860,TIGER 헬스케어,37600.0,27934.0,27934.0,1050318400.0,1050318400.0,KOSPI,-1.66
071840,롯데하이마트,6400.0,5724.0,5724.0,36633600.0,36633600.0,KOSPI,-0.47
491820,HANARO 전력설비투자,41125.0,50508.0,50508.0,2077141500.0,2077141500.0,KOSPI,-5.21
0153K0,KODEX 주주환원고배당주,12265.0,209744.0,209744.0,2572510160.0,2572510160.0,KOSPI,-1.09
570051,한투 나스닥100 ETN,29900.0,30.0,30.0,897000.0,897000.0,KOSPI,-1.58
107590,미원홀딩스,64400.0,389.0,389.0,25051600.0,25051600.0,KOSPI,0.78
458210,KIWOOM CD금리액티브(합성),110600.0,292.0,292.0,32295200.0,32295200.0,KOSPI,0.01
009470,삼화전기,22450.0,22751.0,22751.0,510759950.0,510759950.0,KOSPI,-2.39
004970,신라교역,9270.0,9043.0,9043.0,83828610.0,83828610.0,KOSPI,-0.75
219480,KODEX 미국S&P500선물(H),32855.0,6793.0,6793.0,223184015.0,223184015.0,KOSPI,-0.92
272550,삼양패키징,9800.0,12477.0,12477.0,122274600.0,122274600.0,KOSPI,-0.61
354500,ACE 코스닥150,13775.0,321996.0,321996.0,4435494900.0,4435494900.0,KOSPI,-2.1
152870,파워 200,104555.0,412.0,412.0,43076660.0,43076660.0,KOSPI,-4.0
138520,TIGER 삼성그룹,36085.0,17058.0,17058.0,615537930.0,615537930.0,KOSPI,-3.77
0005D0,SOL 전고체배터리&실리콘음극재,14375.0,925980.0,925980.0,13310962500.0,13310962500.0,KOSPI,-7.14
0048K0,KODEX 차이나휴머노이드로봇,8145.0,807550.0,807550.0,6577494750.0,6577494750.0,KOSPI,-1.45
000020,동화약품,5160.0,55812.0,55812.0,287989920.0,287989920.0,KOSPI,-1.34
0127M0,ACE 미국대형가치주액티브,12090.0,106306.0,106306.0,1285239540.0,1285239540.0,KOSPI,-1.1
451530,TIGER 국고채30년스트립액티브,34255.0,6561.0,6561.0,224747055.0,224747055.0,KOSPI,-0.38
004090,한국석유,11250.0,931081.0,931081.0,10474661250.0,10474661250.0,KOSPI,0.36
245340,TIGER 미국다우존스30,35140.0,8811.0,8811.0,309618540.0,309618540.0,KOSPI,-0.94
025820,이구산업,4260.0,138290.0,138290.0,589115400.0,589115400.0,KOSPI,-3.4
481180,SOL 미국AI소프트웨어,16080.0,116515.0,116515.0,1873561200.0,1873561200.0,KOSPI,-4.43
0180V0,ACE 미국우주테크액티브,7485.0,85371.0,85371.0,639001935.0,639001935.0,KOSPI,-3.54
015890,태경산업,4810.0,30609.0,30609.0,147229290.0,147229290.0,KOSPI,-0.41
0104H0,KoAct 미국나스닥채권혼합50액티브,11460.0,60567.0,60567.0,694097820.0,694097820.0,KOSPI,-1.67
001080,만호제강,3980.0,20494.0,20494.0,81566120.0,81566120.0,KOSPI,-1.85
094280,효성ITX,12060.0,3038.0,3038.0,36638280.0,36638280.0,KOSPI,-0.66
004150,한솔홀딩스,3395.0,43930.0,43930.0,149142350.0,149142350.0,KOSPI,-0.15
003480,한진중공업홀딩스,4700.0,32959.0,32959.0,154907300.0,154907300.0,KOSPI,-1.88
0199C0,ACE 고배당주Plus커버드콜액티브,9250.0,360545.0,360545.0,3335041250.0,3335041250.0,KOSPI,-1.12
0151P0,RISE 코리아전략산업액티브,13885.0,73882.0,73882.0,1025851570.0,1025851570.0,KOSPI,-4.01
0131W0,1Q 단기특수은행채액티브,102110.0,130.0,130.0,13274300.0,13274300.0,KOSPI,0.0
500037,신한 레버리지 금 선물 ETN,68735.0,918.0,918.0,63098730.0,63098730.0,KOSPI,-4.47
530136,삼성 인버스 2X 천연가스 선물 ETN D,13705.0,47929.0,47929.0,656866945.0,656866945.0,KOSPI,-1.23
006060,화승인더,2475.0,51388.0,51388.0,127185300.0,127185300.0,KOSPI,-1.98
002210,동성제약,1417.0,85764.0,85764.0,121527588.0,121527588.0,KOSPI,-4.26
520098,미래에셋 레버리지 반도체 ETN,22810.0,34562.0,34562.0,788359220.0,788359220.0,KOSPI,-5.86
457990,PLUS 태양광&ESS,35690.0,306419.0,306419.0,10936094110.0,10936094110.0,KOSPI,-6.63
008350,남선알미늄,1045.0,1073735.0,1073735.0,1122053075.0,1122053075.0,KOSPI,-0.29
081000,일진다이아,9490.0,8964.0,8964.0,85068360.0,85068360.0,KOSPI,-1.35
0041E0,KODEX 미국S&P500액티브,15650.0,52363.0,52363.0,819480950.0,819480950.0,KOSPI,-1.82
004960,한신공영,11570.0,15400.0,15400.0,178178000.0,178178000.0,KOSPI,-1.95
476450,KIWOOM 머니마켓액티브,52770.0,3098.0,3098.0,163481460.0,163481460.0,KOSPI,0.0
0193G0,KoAct 코스피액티브,8060.0,273361.0,273361.0,2203289660.0,2203289660.0,KOSPI,-3.76
009270,신원,1164.0,2318663.0,2318663.0,2698923732.0,2698923732.0,KOSPI,2.37
214390,경보제약,5580.0,153019.0,153019.0,853846020.0,853846020.0,KOSPI,1.09
0184L0,PLUS 중기종합채권(A-이상)액티브,100520.0,42.0,42.0,4221840.0,4221840.0,KOSPI,-0.02
000520,삼일제약,6130.0,34678.0,34678.0,212576140.0,212576140.0,KOSPI,-1.13
520066,미래에셋 KRX금현물 Auto-KO-C 2810-01 ETN,22135.0,49849.0,49849.0,1103407615.0,1103407615.0,KOSPI,-2.92
002390,한독,9630.0,10194.0,10194.0,98168220.0,98168220.0,KOSPI,0.31
013520,화승코퍼레이션,2640.0,82301.0,82301.0,217274640.0,217274640.0,KOSPI,-0.38
012610,경인양행,3165.0,70304.0,70304.0,222512160.0,222512160.0,KOSPI,-1.71
304660,KODEX 미국30년국채울트라선물(H),7195.0,79301.0,79301.0,570570695.0,570570695.0,KOSPI,-0.42
024090,디씨엠,11520.0,17294.0,17294.0,199226880.0,199226880.0,KOSPI,1.95
570050,한투 S&P500선물 ETN,26240.0,3.0,3.0,78720.0,78720.0,KOSPI,-1.0
495330,1Q 코리아밸류업,30485.0,4415.0,4415.0,134591275.0,134591275.0,KOSPI,-3.85
004080,신흥,14090.0,5220.0,5220.0,73549800.0,73549800.0,KOSPI,0.0
476030,SOL 미국나스닥100,16625.0,77116.0,77116.0,1282053500.0,1282053500.0,KOSPI,-1.83
271050,KODEX WTI원유선물인버스(H),1858.0,9064091.0,9064091.0,16841081078.0,16841081078.0,KOSPI,-5.01
182480,TIGER 미국MSCI리츠(합성 H),13565.0,21635.0,21635.0,293478775.0,293478775.0,KOSPI,0.3
192090,TIGER 차이나CSI300,12210.0,46445.0,46445.0,567093450.0,567093450.0,KOSPI,-1.57
267290,경동도시가스,21850.0,9848.0,9848.0,215178800.0,215178800.0,KOSPI,-0.23
0168K0,TIGER 기술이전바이오액티브,6100.0,1669791.0,1669791.0,10185725100.0,10185725100.0,KOSPI,-2.32
463290,1Q 단기금융채액티브,109265.0,948.0,948.0,103583220.0,103583220.0,KOSPI,0.01
471760,TIGER AI반도체핵심공정,14100.0,645034.0,645034.0,9094979400.0,9094979400.0,KOSPI,-1.64
461500,HANARO 종합채권(AA-이상)액티브,104750.0,4.0,4.0,419000.0,419000.0,KOSPI,-0.21
550089,N2 월간 레버리지 코스피 200 선물 ETN,127565.0,4.0,4.0,510260.0,510260.0,KOSPI,-8.27
214420,토니모리,5290.0,63284.0,63284.0,334772360.0,334772360.0,KOSPI,-4.68
760011,키움 레버리지 2차전지산업 ETN,8190.0,3147.0,3147.0,25773930.0,25773930.0,KOSPI,-10.39
760007,키움 코스피 200 TR ETN,31605.0,2052.0,2052.0,64853460.0,64853460.0,KOSPI,-4.76
037560,LG헬로비전,1630.0,154362.0,154362.0,251610060.0,251610060.0,KOSPI,-1.09
089470,HDC현대EP,3950.0,53179.0,53179.0,210057050.0,210057050.0,KOSPI,0.0
139220,TIGER 200 건설,7375.0,345239.0,345239.0,2546137625.0,2546137625.0,KOSPI,-4.35
350520,이지스레지던스리츠,3415.0,31360.0,31360.0,107094400.0,107094400.0,KOSPI,0.15
014280,금강공업,4290.0,25925.0,25925.0,111218250.0,111218250.0,KOSPI,0.0
210540,디와이파워,11380.0,30260.0,30260.0,344358800.0,344358800.0,KOSPI,-1.3
0074K0,KoAct K수출핵심기업TOP30액티브,16600.0,23668.0,23668.0,392888800.0,392888800.0,KOSPI,-3.82
001360,삼성제약,1331.0,172532.0,172532.0,229640092.0,229640092.0,KOSPI,-2.28
0123G0,TIGER 미국AI전력SMR,6210.0,44455.0,44455.0,276065550.0,276065550.0,KOSPI,-1.11
007540,샘표,43350.0,1794.0,1794.0,77769900.0,77769900.0,KOSPI,-1.92
078000,텔코웨어,13470.0,925.0,925.0,12459750.0,12459750.0,KOSPI,-0.15
463680,KODEX 미국S&P500테크놀로지,21645.0,78992.0,78992.0,1709781840.0,1709781840.0,KOSPI,-2.63
447620,SOL 미국TOP5채권혼합50,15740.0,19968.0,19968.0,314296320.0,314296320.0,KOSPI,-0.66
114820,TIGER 국채3년,104945.0,5060.0,5060.0,531021700.0,531021700.0,KOSPI,-0.15
491230,PLUS 국공채머니마켓액티브,52505.0,9104.0,9104.0,478005520.0,478005520.0,KOSPI,0.0
005800,신영와코루,13450.0,1806.0,1806.0,24290700.0,24290700.0,KOSPI,-0.22
003010,혜인,9520.0,869246.0,869246.0,8275221920.0,8275221920.0,KOSPI,-11.61
079430,현대리바트,6010.0,36283.0,36283.0,218060830.0,218060830.0,KOSPI,-0.5
002620,제일파마홀딩스,7560.0,2809.0,2809.0,21236040.0,21236040.0,KOSPI,-0.53
0092B0,SOL 한국원자력SMR,14805.0,83721.0,83721.0,1239489405.0,1239489405.0,KOSPI,-3.99
411420,KODEX 미국나스닥AI테크액티브,25390.0,3658.0,3658.0,92876620.0,92876620.0,KOSPI,-1.8
009070,KCTC,4020.0,81816.0,81816.0,328900320.0,328900320.0,KOSPI,-2.19
570106,한투 레버리지일본니케이225선물 ETN(H),48100.0,1.0,1.0,48100.0,48100.0,KOSPI,-5.28
011690,와이투솔루션,3275.0,75419.0,75419.0,246997225.0,246997225.0,KOSPI,-2.82
448100,WON 200,106555.0,8720.0,8720.0,929159600.0,929159600.0,KOSPI,-4.03
227840,현대코퍼레이션홀딩스,13150.0,23548.0,23548.0,309656200.0,309656200.0,KOSPI,0.61
325010,KODEX 성장주,41065.0,1143.0,1143.0,46937295.0,46937295.0,KOSPI,-3.96
469170,ACE 포스코그룹포커스,5795.0,536734.0,536734.0,3110373530.0,3110373530.0,KOSPI,-4.77
438570,SOL 국고채10년,97625.0,295.0,295.0,28799375.0,28799375.0,KOSPI,-0.19
0008T0,SOL 화장품TOP3플러스,19400.0,2312572.0,2312572.0,44863896800.0,44863896800.0,KOSPI,-1.82
034590,인천도시가스,26750.0,1589.0,1589.0,42505750.0,42505750.0,KOSPI,0.0
377990,TIGER Fn신재생에너지,23135.0,81852.0,81852.0,1893646020.0,1893646020.0,KOSPI,-6.71
011280,태림포장,1647.0,8598.0,8598.0,14160906.0,14160906.0,KOSPI,-0.18
083420,그린케미칼,4840.0,25869.0,25869.0,125205960.0,125205960.0,KOSPI,-1.43
399110,SOL 미국S&P500ESG,20605.0,19228.0,19228.0,396192940.0,396192940.0,KOSPI,-1.25
251340,KODEX 코스닥150선물인버스,2495.0,62150174.0,62150174.0,155064684130.0,155064684130.0,KOSPI,1.84
328370,PLUS 코스피TR,36875.0,279.0,279.0,10288125.0,10288125.0,KOSPI,-4.06
530107,삼성 인버스 2X 코스닥150 선물 ETN,1900.0,43244845.0,43244845.0,82165205500.0,82165205500.0,KOSPI,4.91
309230,ACE 미국WideMoat동일가중,30975.0,5553.0,5553.0,172004175.0,172004175.0,KOSPI,-1.74
0122W0,RISE 26-11 회사채(AA-이상)액티브,50985.0,265.0,265.0,13511025.0,13511025.0,KOSPI,-0.02
017550,수산세보틱스,1817.0,133602.0,133602.0,242754834.0,242754834.0,KOSPI,-1.03
319640,TIGER 골드선물(H),25430.0,22607.0,22607.0,574896010.0,574896010.0,KOSPI,-2.32
013570,디와이,4290.0,59476.0,59476.0,255152040.0,255152040.0,KOSPI,-0.92
014530,극동유화,3230.0,215562.0,215562.0,696265260.0,696265260.0,KOSPI,0.0
367770,RISE 수소경제테마,21655.0,20924.0,20924.0,453109220.0,453109220.0,KOSPI,-4.65
488500,TIGER 미국S&P500동일가중,12510.0,23525.0,23525.0,294297750.0,294297750.0,KOSPI,-1.03
0181B0,HANARO 미국AI메모리반도체TOP4+,9145.0,79180.0,79180.0,724101100.0,724101100.0,KOSPI,-3.33
016710,대성홀딩스,6990.0,4187.0,4187.0,29267130.0,29267130.0,KOSPI,-0.71
001520,동양,1047.0,93310.0,93310.0,97695570.0,97695570.0,KOSPI,-4.21
372330,KODEX 차이나항셍테크,6740.0,271820.0,271820.0,1832066800.0,1832066800.0,KOSPI,-1.61
0209D0,KODEX 전고체배터리ESS TOP2플러스,8010.0,907533.0,907533.0,7269339330.0,7269339330.0,KOSPI,-6.04
0135Y0,IBK 중기종합채권(AA-이상)액티브,100320.0,61.0,61.0,6119520.0,6119520.0,KOSPI,-0.06
332940,HANARO MSCI Korea TR,46265.0,318.0,318.0,14712270.0,14712270.0,KOSPI,-3.09
266370,KODEX IT,65085.0,44932.0,44932.0,2924399220.0,2924399220.0,KOSPI,-3.27
002460,HS화성,10890.0,3057.0,3057.0,33290730.0,33290730.0,KOSPI,-0.09
004250,NPC,3010.0,26706.0,26706.0,80385060.0,80385060.0,KOSPI,-0.66
0085P0,ACE 미국10년국채액티브,9660.0,117109.0,117109.0,1131272940.0,1131272940.0,KOSPI,-0.46
023450,동남합성,31450.0,674.0,674.0,21197300.0,21197300.0,KOSPI,-0.47
012320,경동인베스트,46500.0,2343.0,2343.0,108949500.0,108949500.0,KOSPI,-2.72
464310,TIGER 글로벌AI&로보틱스 INDXX,13310.0,33303.0,33303.0,443262930.0,443262930.0,KOSPI,-2.56
008040,사조동아원,7770.0,579999.0,579999.0,4506592230.0,4506592230.0,KOSPI,18.81
078935,GS우,61600.0,6610.0,6610.0,407176000.0,407176000.0,KOSPI,-4.94
008970,KBI동양철관,1053.0,212226.0,212226.0,223473978.0,223473978.0,KOSPI,-2.32
0000J0,PLUS 한화그룹주,27225.0,40437.0,40437.0,1100897325.0,1100897325.0,KOSPI,-4.86
092220,KEC,2710.0,276453.0,276453.0,749187630.0,749187630.0,KOSPI,-4.24
464930,TIGER 글로벌혁신블루칩TOP10,20680.0,4461.0,4461.0,92253480.0,92253480.0,KOSPI,-0.91
530055,삼성 레버리지 금 선물 ETN(H),107865.0,1175.0,1175.0,126741375.0,126741375.0,KOSPI,-4.87
326240,RISE IT플러스,41800.0,5113.0,5113.0,213723400.0,213723400.0,KOSPI,-3.75
010100,한국무브넥스,3530.0,55644.0,55644.0,196423320.0,196423320.0,KOSPI,-3.29
0221V0,IBK 초단기채권액티브,100445.0,599.0,599.0,60166555.0,60166555.0,KOSPI,0.03
455860,SOL 2차전지소부장Fn,4455.0,444461.0,444461.0,1980073755.0,1980073755.0,KOSPI,-5.61
304940,KODEX 미국나스닥100선물(H),31855.0,1645.0,1645.0,52401475.0,52401475.0,KOSPI,-1.79
203780,TIGER 미국나스닥바이오,35790.0,24867.0,24867.0,889989930.0,889989930.0,KOSPI,1.06
0193M0,BNK 27-12 특수채(AAA이상)액티브,50390.0,340.0,340.0,17132600.0,17132600.0,KOSPI,0.0
016740,두올,3715.0,27429.0,27429.0,101898735.0,101898735.0,KOSPI,0.27
0132K0,PLUS 테슬라위클리커버드콜채권혼합,8055.0,114569.0,114569.0,922853295.0,922853295.0,KOSPI,-0.31
014580,태경비케이,3845.0,44895.0,44895.0,172621275.0,172621275.0,KOSPI,-1.41
0091M0,HANARO 27-06 회사채(AA-이상)액티브,10165.0,1064.0,1064.0,10815560.0,10815560.0,KOSPI,0.0
021820,세원정공,10580.0,62131.0,62131.0,657345980.0,657345980.0,KOSPI,4.75
012800,대창,1160.0,310914.0,310914.0,360660240.0,360660240.0,KOSPI,-2.52
248170,샘표식품,23100.0,4327.0,4327.0,99953700.0,99953700.0,KOSPI,-1.7
035000,HS애드,6490.0,21458.0,21458.0,139262420.0,139262420.0,KOSPI,-0.46
120030,조선선재,83500.0,73.0,73.0,6095500.0,6095500.0,KOSPI,-0.48
168580,ACE 중국본토CSI300,33640.0,9659.0,9659.0,324928760.0,324928760.0,KOSPI,-1.84
0138Y0,PLUS 금채권혼합,9695.0,287949.0,287949.0,2791665555.0,2791665555.0,KOSPI,-1.47
550092,N2 월간 레버리지 방위산업 Top5 ETN,104370.0,61.0,61.0,6366570.0,6366570.0,KOSPI,-10.37
027970,한국제지,2740.0,12243.0,12243.0,33545820.0,33545820.0,KOSPI,0.0
002450,삼익악기,1142.0,105703.0,105703.0,120712826.0,120712826.0,KOSPI,-1.72
013700,까뮤이앤씨,1730.0,1095187.0,1095187.0,1894673510.0,1894673510.0,KOSPI,2.19
530061,삼성 레버리지 은 선물 ETN(H),34305.0,17027.0,17027.0,584111235.0,584111235.0,KOSPI,-8.21
267850,아시아나IDT,9270.0,4332.0,4332.0,40157640.0,40157640.0,KOSPI,-0.75
500050,신한 레버리지 S&P500 선물 ETN,51435.0,354.0,354.0,18207990.0,18207990.0,KOSPI,-1.79
0174B0,KoAct 글로벌AI메모리반도체액티브,13530.0,47971.0,47971.0,649047630.0,649047630.0,KOSPI,-3.43
264900,크라운제과,8160.0,1914.0,1914.0,15618240.0,15618240.0,KOSPI,0.12
009580,무림P&P,1635.0,22098.0,22098.0,36130230.0,36130230.0,KOSPI,-0.37
0036R0,RISE 미국휴머노이드로봇,18200.0,20244.0,20244.0,368440800.0,368440800.0,KOSPI,-2.83
610037,메리츠 미국채30년 ETN(H),7250.0,140.0,140.0,1015000.0,1015000.0,KOSPI,-0.21
123690,한국화장품,6310.0,46730.0,46730.0,294866300.0,294866300.0,KOSPI,-3.52
475280,ACE 8월만기자동연장회사채AA-이상액티브,10730.0,1979.0,1979.0,21234670.0,21234670.0,KOSPI,-0.14
0137V0,KIWOOM 미국S&P500모멘텀,11095.0,71428.0,71428.0,792493660.0,792493660.0,KOSPI,-1.07
394660,TIGER 글로벌자율주행&전기차SOLACTIVE,15320.0,6330.0,6330.0,96975600.0,96975600.0,KOSPI,-3.04
006660,삼성공조,12320.0,128003.0,128003.0,1576996960.0,1576996960.0,KOSPI,-3.22
006840,AK홀딩스,7550.0,7958.0,7958.0,60082900.0,60082900.0,KOSPI,0.67
570116,한투 레버리지WTI원유선물 ETN B,49925.0,7617.0,7617.0,380278725.0,380278725.0,KOSPI,9.82
0080Y0,SOL 조선TOP3플러스레버리지,7785.0,797257.0,797257.0,6206645745.0,6206645745.0,KOSPI,-12.33
496090,KIWOOM 코리아밸류업,30630.0,360.0,360.0,11026800.0,11026800.0,KOSPI,-3.79
070960,모나용평,2065.0,52850.0,52850.0,109135250.0,109135250.0,KOSPI,-1.67
261270,KODEX 미국달러선물인버스,8180.0,22112.0,22112.0,180876160.0,180876160.0,KOSPI,0.31
465610,ACE 미국빅테크TOP7 Plus레버리지(합성),41335.0,7069.0,7069.0,292197115.0,292197115.0,KOSPI,-2.51
476850,KoAct 배당성장액티브,20700.0,68625.0,68625.0,1420537500.0,1420537500.0,KOSPI,-3.0
475050,ACE KPOP포커스,6705.0,659946.0,659946.0,4424937930.0,4424937930.0,KOSPI,-1.61
008260,NI스틸,3420.0,110894.0,110894.0,379257480.0,379257480.0,KOSPI,-4.47
014790,HL D&I,2580.0,64845.0,64845.0,167300100.0,167300100.0,KOSPI,0.39
067830,세이브존I&C,2365.0,69174.0,69174.0,163596510.0,163596510.0,KOSPI,-3.27
37550L,DL이앤씨2우(전환),45650.0,15305.0,15305.0,698673250.0,698673250.0,KOSPI,-3.39
114100,RISE 국고채3년,106455.0,3325.0,3325.0,353962875.0,353962875.0,KOSPI,-0.17
012200,계양전기,3535.0,165950.0,165950.0,586633250.0,586633250.0,KOSPI,-2.35
008700,아남전자,1242.0,446020.0,446020.0,553956840.0,553956840.0,KOSPI,1.31
481430,RISE 국고채10년액티브,97535.0,1672.0,1672.0,163078520.0,163078520.0,KOSPI,-0.39
417310,코람코더원리츠,2360.0,385601.0,385601.0,910018360.0,910018360.0,KOSPI,-0.42
001020,페이퍼코리아,2675.0,42624.0,42624.0,114019200.0,114019200.0,KOSPI,8.3
032560,황금에스티,5600.0,31785.0,31785.0,177996000.0,177996000.0,KOSPI,-1.23
004100,태양금속,2575.0,205640.0,205640.0,529523000.0,529523000.0,KOSPI,-0.96
473440,ACE 11월만기자동연장회사채AA-이상액티브,10850.0,2376.0,2376.0,25779600.0,25779600.0,KOSPI,0.05
014440,영보화학,4700.0,16200.0,16200.0,76140000.0,76140000.0,KOSPI,0.0
0007N0,아이엠에셋 200,104080.0,50509.0,50509.0,5256976720.0,5256976720.0,KOSPI,-4.11
195980,PLUS 신흥국MSCI(합성 H),15055.0,74149.0,74149.0,1116313195.0,1116313195.0,KOSPI,-1.34
0176E0,RISE 미국AI전력인프라액티브,8975.0,44969.0,44969.0,403596775.0,403596775.0,KOSPI,-3.34
007210,벽산,1425.0,110761.0,110761.0,157834425.0,157834425.0,KOSPI,-1.66
308620,KODEX 미국10년국채선물,11355.0,20123.0,20123.0,228496665.0,228496665.0,KOSPI,-0.44
0052T0,1Q 중단기회사채(A-이상)액티브,50715.0,247.0,247.0,12526605.0,12526605.0,KOSPI,-0.02
211900,KODEX 코리아배당성장,28185.0,11411.0,11411.0,321619035.0,321619035.0,KOSPI,-1.88
433970,KODEX TDF2030액티브 적격,13840.0,22921.0,22921.0,317226640.0,317226640.0,KOSPI,-0.65
019180,티에이치엔,5100.0,74564.0,74564.0,380276400.0,380276400.0,KOSPI,-2.86
036580,팜스코,2485.0,16600.0,16600.0,41251000.0,41251000.0,KOSPI,-1.58
002200,한국수출포장,2710.0,42210.0,42210.0,114389100.0,114389100.0,KOSPI,0.0
0177X0,ACE K휴머노이드로봇산업TOP2+,8845.0,181895.0,181895.0,1608861275.0,1608861275.0,KOSPI,-4.74
001275,부국증권우,30150.0,407.0,407.0,12271050.0,12271050.0,KOSPI,-0.5
058850,KTcs,2175.0,82931.0,82931.0,180374925.0,180374925.0,KOSPI,-1.58
468380,KODEX iShares미국하이일드액티브,10795.0,37715.0,37715.0,407133425.0,407133425.0,KOSPI,-0.55
058860,KTis,2580.0,27779.0,27779.0,71669820.0,71669820.0,KOSPI,0.0
325020,KODEX 배당가치,28915.0,3119.0,3119.0,90185885.0,90185885.0,KOSPI,-2.71
363280,티와이홀딩스,1967.0,2182.0,2182.0,4291994.0,4291994.0,KOSPI,-0.05
269540,PLUS 미국S&P500(H),29770.0,8215.0,8215.0,244560550.0,244560550.0,KOSPI,-0.85
0035T0,PLUS 글로벌휴머노이드로봇액티브,18355.0,22193.0,22193.0,407352515.0,407352515.0,KOSPI,-3.55
143850,TIGER 미국S&P500선물(H),76775.0,2657.0,2657.0,203991175.0,203991175.0,KOSPI,-0.83
0066W0,SOL 국제금,12505.0,112291.0,112291.0,1404198955.0,1404198955.0,KOSPI,-2.68
023000,삼원강재,2210.0,23237.0,23237.0,51353770.0,51353770.0,KOSPI,0.0
453080,KIWOOM 미국나스닥100(H),22480.0,4287.0,4287.0,96371760.0,96371760.0,KOSPI,-1.68
298770,KODEX 한국대만IT프리미어,79510.0,7218.0,7218.0,573903180.0,573903180.0,KOSPI,-2.87
004890,동일산업,36050.0,13244.0,13244.0,477446200.0,477446200.0,KOSPI,-2.04
444490,WON 미국S&P500,19840.0,8013.0,8013.0,158977920.0,158977920.0,KOSPI,-1.0
204480,TIGER 차이나CSI300레버리지(합성),23430.0,3111.0,3111.0,72890730.0,72890730.0,KOSPI,-3.74
025620,차AI헬스케어,4780.0,12352.0,12352.0,59042560.0,59042560.0,KOSPI,-4.78
329670,KODEX TRF7030,21745.0,5670.0,5670.0,123294150.0,123294150.0,KOSPI,-0.73
0142D0,TIGER 미국AI데이터센터TOP4Plus,9445.0,101470.0,101470.0,958384150.0,958384150.0,KOSPI,-5.31
139990,아주스틸,2240.0,30509.0,30509.0,68340160.0,68340160.0,KOSPI,-1.75
460960,ACE 글로벌인컴TOP10,10895.0,171550.0,171550.0,1869037250.0,1869037250.0,KOSPI,-0.86
454320,HANARO CAPEX설비투자iSelect,39960.0,2807.0,2807.0,112167720.0,112167720.0,KOSPI,-4.94
004140,동방,1787.0,123497.0,123497.0,220689139.0,220689139.0,KOSPI,-1.92
108450,ACE 삼성그룹섹터가중,38960.0,15865.0,15865.0,618100400.0,618100400.0,KOSPI,-3.31
486240,DAISHIN AI반도체&인프라액티브,27580.0,408.0,408.0,11252640.0,11252640.0,KOSPI,-2.7
023800,인지컨트롤스,5400.0,33607.0,33607.0,181477800.0,181477800.0,KOSPI,-1.1
006090,사조오양,9040.0,1636.0,1636.0,14789440.0,14789440.0,KOSPI,-2.38
0232A0,MIDAS 머니마켓액티브,100050.0,201.0,201.0,20110050.0,20110050.0,KOSPI,0.0
495040,PLUS 코리아밸류업,30545.0,2524.0,2524.0,77095580.0,77095580.0,KOSPI,-3.46
005740,크라운해태홀딩스,5650.0,42592.0,42592.0,240644800.0,240644800.0,KOSPI,-0.53
084680,이월드,589.0,1024102.0,1024102.0,603196078.0,603196078.0,KOSPI,5.56
111380,동인기연,13580.0,3570.0,3570.0,48480600.0,48480600.0,KOSPI,-0.15
329660,KODEX TRF5050,17700.0,14608.0,14608.0,258561600.0,258561600.0,KOSPI,-0.56
096775,SK이노베이션우,66600.0,4426.0,4426.0,294771600.0,294771600.0,KOSPI,-1.48
453330,RISE 미국S&P500(H),18025.0,25978.0,25978.0,468253450.0,468253450.0,KOSPI,-0.91
580039,KB 레버리지 KOSPI 200 선물 ETN,165775.0,468.0,468.0,77582700.0,77582700.0,KOSPI,-7.62
002600,조흥,137900.0,6.0,6.0,827400.0,827400.0,KOSPI,0.0
461460,PLUS 국고채10년액티브,51000.0,35.0,35.0,1785000.0,1785000.0,KOSPI,-0.41
0162L0,KODEX 차이나AI반도체TOP10,13100.0,545506.0,545506.0,7146128600.0,7146128600.0,KOSPI,-1.76
003580,HLB글로벌,1628.0,178515.0,178515.0,290622420.0,290622420.0,KOSPI,3.23
130730,KIWOOM 단기자금,103025.0,1654.0,1654.0,170403350.0,170403350.0,KOSPI,0.01
438560,SOL 국고채3년,100215.0,313.0,313.0,31367295.0,31367295.0,KOSPI,-0.15
0017Y0,1Q 종합채권(AA-이상)액티브,93675.0,1365.0,1365.0,127866375.0,127866375.0,KOSPI,-0.29
0197X0,SOL SK하이닉스선물단일종목인버스2X,7640.0,11993084.0,11993084.0,91627161760.0,91627161760.0,KOSPI,9.61
007980,TP,1739.0,86295.0,86295.0,150067005.0,150067005.0,KOSPI,0.0
069730,DSR제강,5640.0,16445.0,16445.0,92749800.0,92749800.0,KOSPI,0.36
479620,SOL 미국AI반도체칩메이커,23400.0,7786.0,7786.0,182192400.0,182192400.0,KOSPI,-2.5
0018C0,PLUS 고배당주위클리고정커버드콜,10835.0,57960.0,57960.0,627996600.0,627996600.0,KOSPI,-0.91
485690,RISE 미국AI밸류체인TOP3Plus,20945.0,4662.0,4662.0,97645590.0,97645590.0,KOSPI,-2.58
013360,일성건설,1490.0,561167.0,561167.0,836138830.0,836138830.0,KOSPI,-0.27
138530,TIGER LG그룹플러스,12255.0,52718.0,52718.0,646059090.0,646059090.0,KOSPI,-3.35
055490,테이팩스,16700.0,31141.0,31141.0,520054700.0,520054700.0,KOSPI,-0.89
002220,한일철강,2990.0,71811.0,71811.0,214714890.0,214714890.0,KOSPI,-0.99
058730,다스코,3940.0,14501599.0,14501599.0,57136300060.0,57136300060.0,KOSPI,10.52
000105,유한양행우,69300.0,841.0,841.0,58281300.0,58281300.0,KOSPI,-1.98
001260,남광토건,8030.0,236323.0,236323.0,1897673690.0,1897673690.0,KOSPI,5.24
33626K,두산퓨얼셀1우,5900.0,28743.0,28743.0,169583700.0,169583700.0,KOSPI,-0.51
004840,DRB동일,4085.0,92232.0,92232.0,376767720.0,376767720.0,KOSPI,-4.44
449770,KIWOOM 미국S&P500,20705.0,5050.0,5050.0,104560250.0,104560250.0,KOSPI,-1.0
210980,SK디앤디,4220.0,6242339.0,6242339.0,26342670580.0,26342670580.0,KOSPI,15.62
009180,한솔로지스틱스,2790.0,42988.0,42988.0,119936520.0,119936520.0,KOSPI,-1.24
000850,화천기공,35700.0,28231.0,28231.0,1007846700.0,1007846700.0,KOSPI,0.0
359210,KODEX 코스피TR,34085.0,5244.0,5244.0,178741740.0,178741740.0,KOSPI,-3.67
0098N0,PLUS 자사주매입고배당주,13065.0,67153.0,67153.0,877353945.0,877353945.0,KOSPI,-1.1
0057H0,PLUS 미국S&P500미국채혼합50액티브,11505.0,58839.0,58839.0,676942695.0,676942695.0,KOSPI,-0.48
492500,1Q 현대차그룹채권(A+이상)&국고통안,51310.0,368.0,368.0,18882080.0,18882080.0,KOSPI,-0.03
458030,WON 국공채머니마켓액티브,55060.0,93.0,93.0,5120580.0,5120580.0,KOSPI,0.05
163560,동일고무벨트,5600.0,23881.0,23881.0,133733600.0,133733600.0,KOSPI,-1.93
0049M0,ACE 미국배당퀄리티+커버드콜액티브,11040.0,38927.0,38927.0,429754080.0,429754080.0,KOSPI,-1.03
157490,TIGER 소프트웨어,8315.0,119543.0,119543.0,994000045.0,994000045.0,KOSPI,-3.03
570120,한투 레버리지천연가스선물 ETN C,15535.0,9830.0,9830.0,152709050.0,152709050.0,KOSPI,0.26
005750,대림바스,4665.0,49244.0,49244.0,229723260.0,229723260.0,KOSPI,-1.79
364960,TIGER BBIG,6465.0,2677.0,2677.0,17306805.0,17306805.0,KOSPI,-3.72
210780,TIGER 코스피고배당,23405.0,6025.0,6025.0,141015125.0,141015125.0,KOSPI,-1.62
000590,CS홀딩스,66400.0,132.0,132.0,8764800.0,8764800.0,KOSPI,-0.3
337140,KODEX 코스피대형주,34800.0,12911.0,12911.0,449302800.0,449302800.0,KOSPI,-3.99
007590,동방아그로,5600.0,3119.0,3119.0,17466400.0,17466400.0,KOSPI,0.0
010960,삼호개발,3155.0,541903.0,541903.0,1709703965.0,1709703965.0,KOSPI,2.1
500096,신한 인버스2X 천연가스 선물 ETN B,15155.0,519.0,519.0,7865445.0,7865445.0,KOSPI,-1.94
000230,일동홀딩스,6550.0,524752.0,524752.0,3437125600.0,3437125600.0,KOSPI,0.77
495750,HANARO 코리아밸류업,30805.0,1653.0,1653.0,50920665.0,50920665.0,KOSPI,-3.27
063160,종근당바이오,13730.0,5869.0,5869.0,80581370.0,80581370.0,KOSPI,-2.62
011700,한신기계,2320.0,66483.0,66483.0,154240560.0,154240560.0,KOSPI,-3.13
014160,대영포장,688.0,101040.0,101040.0,69515520.0,69515520.0,KOSPI,0.15
0080X0,SOL 미국S&P500미국채혼합50,10800.0,24801.0,24801.0,267850800.0,267850800.0,KOSPI,-0.83
228810,TIGER 미디어컨텐츠,3060.0,214125.0,214125.0,655222500.0,655222500.0,KOSPI,-3.01
490480,SOL K방산,27000.0,43320.0,43320.0,1169640000.0,1169640000.0,KOSPI,-4.49
550093,N2 전력인프라 Top5 ETN,37000.0,10491.0,10491.0,388167000.0,388167000.0,KOSPI,-4.74
013870,지엠비코리아,3860.0,19312.0,19312.0,74544320.0,74544320.0,KOSPI,-3.26
469060,RISE 미국반도체NYSE,32550.0,8384.0,8384.0,272899200.0,272899200.0,KOSPI,-3.41
015590,DKME,1371.0,109195.0,109195.0,149706345.0,149706345.0,KOSPI,-6.73
434960,DAISHIN K200,104250.0,4910.0,4910.0,511867500.0,511867500.0,KOSPI,-4.11
473640,HANARO 글로벌금채굴기업,33865.0,51459.0,51459.0,1742659035.0,1742659035.0,KOSPI,-3.45
365040,TIGER AI코리아그로스액티브,34635.0,17208.0,17208.0,595999080.0,595999080.0,KOSPI,-4.48
0102A0,TIGER 미국AI소프트웨어TOP4Plus,8780.0,52211.0,52211.0,458412580.0,458412580.0,KOSPI,-3.04
002720,국제약품,3415.0,76370.0,76370.0,260803550.0,260803550.0,KOSPI,-0.58
292770,KODEX 국채선물3년인버스,57845.0,15.0,15.0,867675.0,867675.0,KOSPI,0.22
095720,웅진씽크빅,1269.0,38834.0,38834.0,49280346.0,49280346.0,KOSPI,-0.78
0233A0,ACE 삼성전자SK하이닉스플러스채권혼합50,10150.0,449237.0,449237.0,4559755550.0,4559755550.0,KOSPI,-2.12
155660,DSR,4500.0,14673.0,14673.0,66028500.0,66028500.0,KOSPI,1.47
338100,NH프라임리츠,3855.0,32514.0,32514.0,125341470.0,125341470.0,KOSPI,-0.26
272910,ACE 중장기국공채액티브,105885.0,1.0,1.0,105885.0,105885.0,KOSPI,-0.17
011150,CJ씨푸드,2000.0,49586.0,49586.0,99172000.0,99172000.0,KOSPI,-2.44
000180,성창기업지주,5150.0,10426.0,10426.0,53693900.0,53693900.0,KOSPI,-1.15
007610,선도전기,3990.0,63885.0,63885.0,254901150.0,254901150.0,KOSPI,-0.75
004720,팜젠사이언스,3160.0,8174.0,8174.0,25829840.0,25829840.0,KOSPI,-2.77
002795,아모레퍼시픽홀딩스우,11190.0,4049.0,4049.0,45308310.0,45308310.0,KOSPI,-0.36
475310,SOL 반도체후공정,25940.0,137196.0,137196.0,3558864240.0,3558864240.0,KOSPI,-0.48
211560,TIGER 배당성장,35470.0,9867.0,9867.0,349982490.0,349982490.0,KOSPI,-1.47
412770,TIGER 글로벌AI플랫폼액티브,11900.0,12487.0,12487.0,148595300.0,148595300.0,KOSPI,-3.92
031820,아이티센씨티에스,5840.0,15993.0,15993.0,93399120.0,93399120.0,KOSPI,-1.35
0022T0,SOL 국제금커버드콜액티브,12830.0,73050.0,73050.0,937231500.0,937231500.0,KOSPI,-2.84
0220WL,한화머시너리앤서비스홀딩스3우B,2970.0,1186805.0,1186805.0,3524810850.0,3524810850.0,KOSPI,-2.3
228800,TIGER 여행레저,2705.0,146441.0,146441.0,396122905.0,396122905.0,KOSPI,-1.46
120115,코오롱인더우,25200.0,5070.0,5070.0,127764000.0,127764000.0,KOSPI,-0.59
009770,삼정펄프,27900.0,341.0,341.0,9513900.0,9513900.0,KOSPI,0.54
475350,RISE 버크셔포트폴리오TOP10,14485.0,79569.0,79569.0,1152556965.0,1152556965.0,KOSPI,0.03
298340,PLUS 국채선물3년,56435.0,9030.0,9030.0,509608050.0,509608050.0,KOSPI,-0.14
0113D0,TIME 글로벌탑픽액티브,11775.0,12170.0,12170.0,143301750.0,143301750.0,KOSPI,-1.09
001560,제일연마,9080.0,40591.0,40591.0,368566280.0,368566280.0,KOSPI,-0.98
292190,KODEX KRX300,45865.0,12492.0,12492.0,572945580.0,572945580.0,KOSPI,-3.84
079980,휴비스,1993.0,36136.0,36136.0,72019048.0,72019048.0,KOSPI,-0.6
441540,HANARO Fn조선해운,25425.0,12336.0,12336.0,313642800.0,313642800.0,KOSPI,-4.97
084670,동양고속,23700.0,7301.0,7301.0,173033700.0,173033700.0,KOSPI,-4.44
007280,한국특강,2395.0,10777.0,10777.0,25810915.0,25810915.0,KOSPI,1.48
085310,엔케이,9220.0,25628.0,25628.0,236290160.0,236290160.0,KOSPI,-2.54
002700,신일전자,994.0,300834.0,300834.0,299028996.0,299028996.0,KOSPI,-0.7
266420,KODEX 헬스케어,17030.0,11965.0,11965.0,203763950.0,203763950.0,KOSPI,-2.18
440640,ACE 단기채권알파액티브,112685.0,850.0,850.0,95782250.0,95782250.0,KOSPI,0.0
018500,동원모빌리티,1447.0,46855.0,46855.0,67799185.0,67799185.0,KOSPI,-0.69
458750,TIGER 미국배당다우존스타겟커버드콜1호,13070.0,16320.0,16320.0,213302400.0,213302400.0,KOSPI,-0.34
0190Y0,TIGER 구글밸류체인,8295.0,180373.0,180373.0,1496194035.0,1496194035.0,KOSPI,-1.95
550091,N2 방위산업 Top5 ETN,33510.0,5892.0,5892.0,197440920.0,197440920.0,KOSPI,-4.6
465330,RISE 2차전지TOP10,11135.0,256362.0,256362.0,2854590870.0,2854590870.0,KOSPI,-5.87
278620,PLUS 단기채권액티브,119070.0,33.0,33.0,3929310.0,3929310.0,KOSPI,0.0
010040,한국내화,1620.0,52528.0,52528.0,85095360.0,85095360.0,KOSPI,1.38
0098Z0,FOCUS 200,88595.0,28.0,28.0,2480660.0,2480660.0,KOSPI,-4.3
004770,써니전자,1865.0,6379514.0,6379514.0,11897793610.0,11897793610.0,KOSPI,-21.47
530131,삼성 인버스0.5X S&P500 VIX S/T선물 ETN B,22055.0,30.0,30.0,661650.0,661650.0,KOSPI,-1.65
017370,우신시스템,3605.0,12333.0,12333.0,44460465.0,44460465.0,KOSPI,-1.77
0225V0,KODEX 미국CPU반도체TOP10,9380.0,94063.0,94063.0,882310940.0,882310940.0,KOSPI,-3.2
433880,PLUS TDF2060액티브 적격,18225.0,12161.0,12161.0,221634225.0,221634225.0,KOSPI,-1.38
004440,삼일씨엔에스,5130.0,30531.0,30531.0,156624030.0,156624030.0,KOSPI,-4.29
530067,삼성 KRX 금현물 ETN,32540.0,5150.0,5150.0,167581000.0,167581000.0,KOSPI,-2.79
016090,대현,1467.0,119780.0,119780.0,175717260.0,175717260.0,KOSPI,-0.2
530126,삼성 코리아 밸류업 TR ETN,32340.0,2.0,2.0,64680.0,64680.0,KOSPI,-2.03
0198A0,KIWOOM 코스닥150커버드콜액티브,8505.0,729571.0,729571.0,6205001355.0,6205001355.0,KOSPI,-2.07
100220,비상교육,4955.0,20289.0,20289.0,100531995.0,100531995.0,KOSPI,-0.2
570100,한투 일본종합상사TOP5 ETN,21460.0,717.0,717.0,15386820.0,15386820.0,KOSPI,-1.54
530115,삼성 레버리지 나스닥 100 TR ETN,63610.0,14.0,14.0,890540.0,890540.0,KOSPI,-3.37
100910,KIWOOM KRX100,16300.0,6702.0,6702.0,109242600.0,109242600.0,KOSPI,-4.23
009200,무림페이퍼,1526.0,14181.0,14181.0,21640206.0,21640206.0,KOSPI,-1.04
550084,N2 코스피 200 TR ETN,31730.0,3142.0,3142.0,99695660.0,99695660.0,KOSPI,-3.7
068290,삼성출판사,6340.0,10720.0,10720.0,67964800.0,67964800.0,KOSPI,-1.86
520081,미래에셋 2X 미국 테크&반도체 TOP3 ETN,63255.0,2.0,2.0,126510.0,126510.0,KOSPI,0.74
0123S0,HANARO 26-12 은행채(AA+이상)액티브,10195.0,158.0,158.0,1610810.0,1610810.0,KOSPI,0.05
010660,화천기계,2870.0,55885.0,55885.0,160389950.0,160389950.0,KOSPI,-0.69
214330,금호에이치티,6030.0,167825.0,167825.0,1011984750.0,1011984750.0,KOSPI,-3.67
0115E0,KODEX 코리아소버린AI,14275.0,40234.0,40234.0,574340350.0,574340350.0,KOSPI,-3.45
277640,TIGER 코스피대형주,35870.0,15252.0,15252.0,547089240.0,547089240.0,KOSPI,-3.85
520080,미래에셋 미국 테크&반도체 TOP3 ETN,20915.0,1.0,1.0,20915.0,20915.0,KOSPI,0.48
0210E0,PLUS 200커버드콜액티브,7045.0,277520.0,277520.0,1955128400.0,1955128400.0,KOSPI,-3.56
014990,인디에프,4170.0,6066506.0,6066506.0,25297330020.0,25297330020.0,KOSPI,3.99
491700,HK 200,104370.0,413.0,413.0,43104810.0,43104810.0,KOSPI,-4.15
419890,KIWOOM 단기채권ESG액티브,107540.0,23.0,23.0,2473420.0,2473420.0,KOSPI,-0.01
005870,휴니드,4405.0,45733.0,45733.0,201453865.0,201453865.0,KOSPI,-3.29
455660,ACE 미국하이일드액티브(H),9410.0,17477.0,17477.0,164458570.0,164458570.0,KOSPI,-0.37
520087,미래에셋 레버리지 KRX 금현물 ETN,30980.0,87421.0,87421.0,2708302580.0,2708302580.0,KOSPI,-5.52
071090,하이스틸,3060.0,45979.0,45979.0,140695740.0,140695740.0,KOSPI,-0.33
453950,TIGER TSMC파운드리밸류체인,31480.0,18922.0,18922.0,595664560.0,595664560.0,KOSPI,-2.45
0000D0,TIGER 엔비디아미국채커버드콜밸런스(합성),8885.0,23378.0,23378.0,207713530.0,207713530.0,KOSPI,-0.5
000220,유유제약,3880.0,50266.0,50266.0,195032080.0,195032080.0,KOSPI,-1.52
002760,보락,1017.0,54600.0,54600.0,55528200.0,55528200.0,KOSPI,-0.88
453640,KODEX 미국S&P500헬스케어,14160.0,27595.0,27595.0,390745200.0,390745200.0,KOSPI,0.39
072130,유엔젤,4795.0,15733.0,15733.0,75439735.0,75439735.0,KOSPI,0.21
396690,미래에셋글로벌리츠,1529.0,13541.0,13541.0,20704189.0,20704189.0,KOSPI,0.46
760018,키움 미국달러선물 ETN B,10060.0,101.0,101.0,1016060.0,1016060.0,KOSPI,-0.2
520095,미래에셋 레버리지 WTI원유 선물 ETN,24015.0,429.0,429.0,10302435.0,10302435.0,KOSPI,9.96
520057,미래에셋 인버스 2X 코스닥150 선물 ETN,1903.0,9598705.0,9598705.0,18266335615.0,18266335615.0,KOSPI,4.45
006890,태경케미컬,5150.0,17189.0,17189.0,88523350.0,88523350.0,KOSPI,-1.72
150460,TIGER 중국소비테마,7900.0,33139.0,33139.0,261798100.0,261798100.0,KOSPI,-2.17
261240,KODEX 미국달러선물,14135.0,53005.0,53005.0,749225675.0,749225675.0,KOSPI,-0.18
520086,미래에셋-0.5X S&P500 VIX S/T선물 ETN(H)B,23835.0,5.0,5.0,119175.0,119175.0,KOSPI,-1.55
275980,TIGER 글로벌4차산업혁신기술(합성 H),23340.0,4097.0,4097.0,95623980.0,95623980.0,KOSPI,-2.4
520092,미래에셋 레버리지 은 선물 ETN B,29640.0,93819.0,93819.0,2780795160.0,2780795160.0,KOSPI,-7.79
0040S0,HANARO 글로벌피지컬AI액티브,23220.0,11770.0,11770.0,273299400.0,273299400.0,KOSPI,-2.4
580010,KB Wise 분할매매 ETN,9825.0,13.0,13.0,127725.0,127725.0,KOSPI,-3.3
476750,ACE 미국30년국채엔화노출액티브(H),7275.0,95684.0,95684.0,696101100.0,696101100.0,KOSPI,-0.14
001550,조비,11310.0,368273.0,368273.0,4165167630.0,4165167630.0,KOSPI,1.8
092440,기신정기,2005.0,13802.0,13802.0,27673010.0,27673010.0,KOSPI,0.25
001465,BYC우,27050.0,1958.0,1958.0,52963900.0,52963900.0,KOSPI,-0.37
111110,호전실업,6420.0,3722.0,3722.0,23895240.0,23895240.0,KOSPI,-0.47
004450,삼화왕관,26950.0,19406.0,19406.0,522991700.0,522991700.0,KOSPI,0.75
009190,대양금속,1315.0,315840.0,315840.0,415329600.0,415329600.0,KOSPI,-4.01
306950,KODEX KRX300레버리지,72300.0,4484.0,4484.0,324193200.0,324193200.0,KOSPI,-4.62
479730,TIGER 인도빌리언컨슈머,9790.0,17862.0,17862.0,174868980.0,174868980.0,KOSPI,-2.39
0172V0,1Q 은액티브,8265.0,89517.0,89517.0,739858005.0,739858005.0,KOSPI,-4.12
261070,TIGER 코스닥150바이오테크,12340.0,383818.0,383818.0,4736314120.0,4736314120.0,KOSPI,-2.3
495940,RISE 미국AI테크액티브,18590.0,11903.0,11903.0,221276770.0,221276770.0,KOSPI,-2.11
003465,유화증권우,3240.0,708.0,708.0,2293920.0,2293920.0,KOSPI,6.4
075180,새론오토모티브,2945.0,8002.0,8002.0,23565890.0,23565890.0,KOSPI,-0.34
129260,인터지스,1900.0,44090.0,44090.0,83771000.0,83771000.0,KOSPI,-1.4
101140,인바이오젠,5600.0,1841.0,1841.0,10309600.0,10309600.0,KOSPI,0.54
0166S0,PLUS K제조업핵심기업액티브,10485.0,19399.0,19399.0,203398515.0,203398515.0,KOSPI,-4.51
378850,화승알앤에이,2945.0,59549.0,59549.0,175371805.0,175371805.0,KOSPI,-3.12
225040,TIGER 미국S&P500레버리지(합성 H),66580.0,5125.0,5125.0,341222500.0,341222500.0,KOSPI,-1.69
003925,남양유업우,29550.0,221.0,221.0,6530550.0,6530550.0,KOSPI,-1.01
011390,부산산업,52900.0,33259.0,33259.0,1759401100.0,1759401100.0,KOSPI,4.34
500071,신한 레버리지 코스닥 150 선물 ETN,22335.0,1009.0,1009.0,22536015.0,22536015.0,KOSPI,-5.46
401470,KODEX 메타버스액티브,9525.0,2103.0,2103.0,20031075.0,20031075.0,KOSPI,-2.61
140700,KODEX 보험,21370.0,167217.0,167217.0,3573427290.0,3573427290.0,KOSPI,-2.13
491220,PLUS 200TR,123205.0,2768.0,2768.0,341031440.0,341031440.0,KOSPI,-3.94
0111J0,HANARO 증권고배당TOP3플러스,12175.0,66300.0,66300.0,807202500.0,807202500.0,KOSPI,-3.68
024900,디와이덕양,1698.0,26997.0,26997.0,45840906.0,45840906.0,KOSPI,-0.93
252400,RISE 200선물레버리지,91960.0,16915.0,16915.0,1555503400.0,1555503400.0,KOSPI,-8.09
007815,코리아써우,18610.0,286.0,286.0,5322460.0,5322460.0,KOSPI,-2.57
455960,RISE 미국달러SOFR금리액티브(합성),12030.0,1050.0,1050.0,12631500.0,12631500.0,KOSPI,0.29
003475,유안타증권우,4285.0,9715.0,9715.0,41628775.0,41628775.0,KOSPI,-1.27
760016,키움 레버리지 조선TOP10 ETN,54725.0,1673.0,1673.0,91554925.0,91554925.0,KOSPI,-12.14
000725,현대건설우,51700.0,1006.0,1006.0,52010200.0,52010200.0,KOSPI,-2.82
025530,SJM홀딩스,3640.0,4806.0,4806.0,17493840.0,17493840.0,KOSPI,0.55
012690,모나리자,1483.0,242382.0,242382.0,359452506.0,359452506.0,KOSPI,-3.51
002630,오리엔트바이오,913.0,756597.0,756597.0,690773061.0,690773061.0,KOSPI,8.69
0141S0,SOL 조선기자재,8135.0,75335.0,75335.0,612850225.0,612850225.0,KOSPI,-5.3
000950,전방,32150.0,792.0,792.0,25462800.0,25462800.0,KOSPI,-6.13
0181L0,SOL 미국우주항공TOP10,6640.0,59653.0,59653.0,396095920.0,396095920.0,KOSPI,-3.77
278240,RISE 코스닥150선물레버리지,7360.0,56016.0,56016.0,412277760.0,412277760.0,KOSPI,-5.09
090080,평화산업,975.0,29506.0,29506.0,28768350.0,28768350.0,KOSPI,-0.91
520102,미래에셋 인버스 2X 코스피200 선물 ETN B,26670.0,633420.0,633420.0,16893311400.0,16893311400.0,KOSPI,8.13
123700,SJM,3400.0,3617.0,3617.0,12297800.0,12297800.0,KOSPI,0.29
0113P0,HK 머니마켓액티브,102420.0,5.0,5.0,512100.0,512100.0,KOSPI,0.01
261220,KODEX WTI원유선물(H),25555.0,175519.0,175519.0,4485388045.0,4485388045.0,KOSPI,4.95
021050,서원,1115.0,115963.0,115963.0,129298745.0,129298745.0,KOSPI,-1.68
385590,ACE ESG액티브,22925.0,396.0,396.0,9078300.0,9078300.0,KOSPI,-3.64
010770,평화홀딩스,3605.0,14416.0,14416.0,51969680.0,51969680.0,KOSPI,-0.55
0226A0,PLUS SK하이닉스샌디스크채권혼합50,10530.0,81207.0,81207.0,855109710.0,855109710.0,KOSPI,-1.54
0046Y0,ACE 미국배당퀄리티,12370.0,9680.0,9680.0,119741600.0,119741600.0,KOSPI,-0.84
442560,RISE TDF2040액티브 적격,16160.0,15292.0,15292.0,247118720.0,247118720.0,KOSPI,-1.13
530113,삼성 레버리지 S&P500 선물 ETN,52150.0,5.0,5.0,260750.0,260750.0,KOSPI,-1.59
440910,WON 미국우주항공방산,23685.0,3742.0,3742.0,88629270.0,88629270.0,KOSPI,-1.74
0000Z0,RISE 바이오TOP10액티브,8805.0,179701.0,179701.0,1582267305.0,1582267305.0,KOSPI,-2.71
005305,롯데칠성우,67000.0,508.0,508.0,34036000.0,34036000.0,KOSPI,-0.89
004830,덕성,3310.0,43134.0,43134.0,142773540.0,142773540.0,KOSPI,-2.65
520100,미래에셋 레버리지 삼성전자 단일종목 ETN,10370.0,315177.0,315177.0,3268385490.0,3268385490.0,KOSPI,-7.41
006880,신송홀딩스,4370.0,19533.0,19533.0,85359210.0,85359210.0,KOSPI,-1.8
520037,미래에셋 코스피200 선물 ETN,25835.0,104.0,104.0,2686840.0,2686840.0,KOSPI,-3.98
101280,KODEX 일본TOPIX100,30030.0,9102.0,9102.0,273333060.0,273333060.0,KOSPI,-2.36
002140,고려산업,2070.0,1384574.0,1384574.0,2866068180.0,2866068180.0,KOSPI,-3.5
37550K,DL이앤씨우,24400.0,3914.0,3914.0,95501600.0,95501600.0,KOSPI,-0.81
023810,인팩,5130.0,13155.0,13155.0,67485150.0,67485150.0,KOSPI,-0.39
007460,에이프로젠,2060.0,212007.0,212007.0,436734420.0,436734420.0,KOSPI,-4.63
006125,SK디스커버리우,41500.0,4684.0,4684.0,194386000.0,194386000.0,KOSPI,0.97
610088,메리츠 레버리지 WTI원유 선물 ETN(H),50880.0,15879.0,15879.0,807923520.0,807923520.0,KOSPI,9.63
0118Z0,ACE 미국AI테크핵심산업액티브,8470.0,10336.0,10336.0,87545920.0,87545920.0,KOSPI,-2.7
218420,KODEX 미국S&P500에너지(합성),20680.0,23956.0,23956.0,495410080.0,495410080.0,KOSPI,1.1
114470,KIWOOM 국고채3년,107860.0,268.0,268.0,28906480.0,28906480.0,KOSPI,-0.14
570104,한투 일본니케이225선물 ETN(H),16880.0,1.0,1.0,16880.0,16880.0,KOSPI,-3.52
475260,ACE 2월만기자동연장회사채AA-이상액티브,10750.0,72.0,72.0,774000.0,774000.0,KOSPI,0.05
372910,한컴라이프케어,1827.0,52955.0,52955.0,96748785.0,96748785.0,KOSPI,-1.62
003780,진양산업,3885.0,34178.0,34178.0,132781530.0,132781530.0,KOSPI,-0.77
28513K,SK케미칼우,23850.0,2855.0,2855.0,68091750.0,68091750.0,KOSPI,0.0
304780,HANARO 200선물레버리지,112035.0,4148.0,4148.0,464721180.0,464721180.0,KOSPI,-8.13
0139P0,ACE 고배당주,13610.0,37639.0,37639.0,512266790.0,512266790.0,KOSPI,-1.56
0041D0,KODEX 미국AI소프트웨어TOP10,13025.0,62765.0,62765.0,817514125.0,817514125.0,KOSPI,-4.75
004410,서울식품,1270.0,130716.0,130716.0,166009320.0,166009320.0,KOSPI,0.87
580068,KB S&P 레버리지 WTI원유 선물 ETN B,50030.0,38112.0,38112.0,1906743360.0,1906743360.0,KOSPI,9.73
445150,KODEX 친환경조선해운액티브,27030.0,5481.0,5481.0,148151430.0,148151430.0,KOSPI,-4.4
336160,RISE 금융채액티브,100070.0,20.0,20.0,2001400.0,2001400.0,KOSPI,-0.07
580076,KB 레버리지 미국 나스닥 100 TR ETN B,24950.0,1.0,1.0,24950.0,24950.0,KOSPI,-2.8
418670,TIGER 글로벌AI사이버보안,17075.0,71589.0,71589.0,1222382175.0,1222382175.0,KOSPI,-5.92
123310,TIGER 인버스,1180.0,2161100.0,2161100.0,2550098000.0,2550098000.0,KOSPI,3.96
580034,KB 레버리지 FANG 플러스 ETN(H),99525.0,165.0,165.0,16421625.0,16421625.0,KOSPI,-4.04
0185L0,TIME 글로벌휴머노이드로봇산업액티브,7080.0,30943.0,30943.0,219076440.0,219076440.0,KOSPI,-3.15
011230,삼화전자,2585.0,177439.0,177439.0,458679815.0,458679815.0,KOSPI,0.0
530133,삼성 블룸버그 레버리지 WTI원유선물 ETN B,49475.0,1943.0,1943.0,96129925.0,96129925.0,KOSPI,9.85
520072,미래에셋 미국 AI TOP3 ETN,16465.0,27.0,27.0,444555.0,444555.0,KOSPI,-2.11
700029,하나 S&P 레버리지 WTI원유 선물 ETN B,49235.0,7991.0,7991.0,393436885.0,393436885.0,KOSPI,8.52
500093,신한 블룸버그 레버리지 WTI원유선물 ETN B,49195.0,4306.0,4306.0,211833670.0,211833670.0,KOSPI,9.38
530124,삼성 레버리지 일본니케이225선물 ETN(H),49180.0,55.0,55.0,2704900.0,2704900.0,KOSPI,-5.57
275300,KODEX 우량주,28825.0,2158.0,2158.0,62204350.0,62204350.0,KOSPI,-3.63
001620,케이비아이동국실업,2200.0,24754.0,24754.0,54458800.0,54458800.0,KOSPI,1.85
480310,TIGER 글로벌온디바이스AI,18450.0,44729.0,44729.0,825250050.0,825250050.0,KOSPI,-2.97
360140,KODEX 200롱코스닥150숏선물,22190.0,14886.0,14886.0,330320340.0,330320340.0,KOSPI,-1.77
006980,우성,15790.0,425.0,425.0,6710750.0,6710750.0,KOSPI,0.0
447430,ACE 주주환원가치주액티브,16300.0,40727.0,40727.0,663850100.0,663850100.0,KOSPI,-0.52
004920,씨아이테크,919.0,128824.0,128824.0,118389256.0,118389256.0,KOSPI,-0.65
041650,상신브레이크,2225.0,7758.0,7758.0,17261550.0,17261550.0,KOSPI,-1.11
027740,마니커,1504.0,101478.0,101478.0,152622912.0,152622912.0,KOSPI,-3.96
009320,아진전자부품,968.0,99772.0,99772.0,96579296.0,96579296.0,KOSPI,-0.1
570061,한투 레버리지은선물 ETN,47670.0,806.0,806.0,38422020.0,38422020.0,KOSPI,-9.38
35320K,대덕전자1우,22700.0,2263.0,2263.0,51370100.0,51370100.0,KOSPI,-2.78
014910,성문전자,2170.0,457244.0,457244.0,992219480.0,992219480.0,KOSPI,4.33
357250,미래에셋맵스리츠,1886.0,35210.0,35210.0,66406060.0,66406060.0,KOSPI,-0.74
580082,KB 레버리지 반도체 TOP10 TR ETN,18840.0,3074.0,3074.0,57914160.0,57914160.0,KOSPI,-7.53
570117,한투 인버스2XWTI원유선물 ETN B,2140.0,625984.0,625984.0,1339605760.0,1339605760.0,KOSPI,-9.51
002920,유성기업,1807.0,4484.0,4484.0,8102588.0,8102588.0,KOSPI,0.67
084870,TBH글로벌,2285.0,23168.0,23168.0,52938880.0,52938880.0,KOSPI,0.22
007110,일신석재,603.0,7176784.0,7176784.0,4327600752.0,4327600752.0,KOSPI,0.17
0194T0,ACE SK하이닉스단일종목레버리지,7790.0,82298.0,82298.0,641101420.0,641101420.0,KOSPI,-9.0
0086B0,TIGER 리츠부동산인프라TOP10액티브,9490.0,26190.0,26190.0,248543100.0,248543100.0,KOSPI,-0.47
0132H0,KODEX 미국원자력SMR,8000.0,23389.0,23389.0,187112000.0,187112000.0,KOSPI,-1.78
580056,KB 일본 로보틱스 TOP 10 ETN,23160.0,1696.0,1696.0,39279360.0,39279360.0,KOSPI,-4.38
004060,SG세계물산,2280.0,86344.0,86344.0,196864320.0,196864320.0,KOSPI,1.56
480370,씨케이솔루션,1420.0,58895.0,58895.0,83630900.0,83630900.0,KOSPI,-1.05
316670,KIWOOM 코스닥150,6820.0,154675.0,154675.0,1054883500.0,1054883500.0,KOSPI,-2.15
253150,PLUS 200선물레버리지,183490.0,6604.0,6604.0,1211767960.0,1211767960.0,KOSPI,-8.31
000910,유니온,2930.0,20954.0,20954.0,61395220.0,61395220.0,KOSPI,-2.33
0178H0,IBK 미국AI TOP10국채혼합50,9730.0,3320.0,3320.0,32303600.0,32303600.0,KOSPI,-1.02
0118S0,SOL 미국넥스트테크TOP10액티브,9940.0,62670.0,62670.0,622939800.0,622939800.0,KOSPI,-3.87
200030,KODEX 미국S&P500산업재(합성),40525.0,7659.0,7659.0,310380975.0,310380975.0,KOSPI,-1.78
610061,메리츠 3X 레버리지 국채30년 ETN,22790.0,873.0,873.0,19895670.0,19895670.0,KOSPI,-1.38
140950,파워 코스피100,81365.0,274.0,274.0,22294010.0,22294010.0,KOSPI,-4.01
520101,미래에셋 레버리지 SK하이닉스 단일종목ETN,9095.0,76373.0,76373.0,694612435.0,694612435.0,KOSPI,-9.77
004910,조광페인트,3550.0,4814.0,4814.0,17089700.0,17089700.0,KOSPI,-1.66
371470,TIGER 차이나바이오테크SOLACTIVE,8345.0,34093.0,34093.0,284506085.0,284506085.0,KOSPI,-0.83
256750,KODEX 차이나심천ChiNext(합성),14830.0,3126.0,3126.0,46358580.0,46358580.0,KOSPI,-2.4
261120,TIGER 미국달러선물인버스2X,5390.0,1524560.0,1524560.0,8217378400.0,8217378400.0,KOSPI,0.28
287180,PLUS 미국나스닥테크,53210.0,19124.0,19124.0,1017588040.0,1017588040.0,KOSPI,-3.25
0197W0,SOL SK하이닉스단일종목레버리지,7650.0,138114.0,138114.0,1056572100.0,1056572100.0,KOSPI,-9.41
004540,깨끗한나라,1210.0,35326.0,35326.0,42744460.0,42744460.0,KOSPI,-2.34
442260,마이티 다이나믹퀀트액티브,36160.0,3310.0,3310.0,119689600.0,119689600.0,KOSPI,-4.05
475270,ACE 5월만기자동연장회사채AA-이상액티브,10735.0,1013.0,1013.0,10874555.0,10874555.0,KOSPI,0.0
003080,SB성보,2235.0,2949.0,2949.0,6591015.0,6591015.0,KOSPI,0.0
196030,ACE 일본TOPIX레버리지(H),89400.0,292.0,292.0,26104800.0,26104800.0,KOSPI,-4.8
152500,ACE 레버리지,40530.0,41789.0,41789.0,1693708170.0,1693708170.0,KOSPI,-8.32
520056,미래에셋 레버리지 코스닥150 선물 ETN,22265.0,5823.0,5823.0,129649095.0,129649095.0,KOSPI,-4.65
009835,한화솔루션우,17500.0,1942.0,1942.0,33985000.0,33985000.0,KOSPI,-0.57
500094,신한 블룸버그 인버스2X WTI원유선물 ETN B,2120.0,1369150.0,1369150.0,2902598000.0,2902598000.0,KOSPI,-10.17
305050,ACE 코스피,68320.0,1085.0,1085.0,74127200.0,74127200.0,KOSPI,-3.54
520078,미래에셋 미국 제약 TOP3 ETN,14780.0,451.0,451.0,6665780.0,6665780.0,KOSPI,1.34
461340,HANARO 글로벌생성형AI액티브,40290.0,973.0,973.0,39202170.0,39202170.0,KOSPI,-2.7
429760,PLUS 미국S&P500,19255.0,2721.0,2721.0,52392855.0,52392855.0,KOSPI,-1.0
276990,KODEX 글로벌로봇(합성),25010.0,2252.0,2252.0,56322520.0,56322520.0,KOSPI,-1.84
008420,문배철강,2155.0,35618.0,35618.0,76756790.0,76756790.0,KOSPI,-1.15
520074,미래에셋 미국 방위산업 TOP3 ETN,14700.0,1.0,1.0,14700.0,14700.0,KOSPI,-1.61
473590,ACE 미국주식베스트셀러,17920.0,36277.0,36277.0,650083840.0,650083840.0,KOSPI,-2.79
610101,메리츠 인버스 2X 은 선물 ETN(H),43880.0,36520.0,36520.0,1602497600.0,1602497600.0,KOSPI,6.93
026940,부국철강,2190.0,891930.0,891930.0,1953326700.0,1953326700.0,KOSPI,1.62
011330,유니켐,4360.0,72610.0,72610.0,316579600.0,316579600.0,KOSPI,-1.58
0020H0,KoAct 글로벌양자컴퓨팅액티브,20230.0,9301.0,9301.0,188159230.0,188159230.0,KOSPI,-3.55
023350,한국종합기술,3970.0,5734.0,5734.0,22763980.0,22763980.0,KOSPI,-1.73
610078,메리츠 3X 레버리지 미국채30년 ETN,36145.0,5492.0,5492.0,198508340.0,198508340.0,KOSPI,-1.04
011300,우성머티리얼스,2515.0,122496.0,122496.0,308077440.0,308077440.0,KOSPI,7.71
473490,KIWOOM 글로벌AI반도체,28855.0,1881.0,1881.0,54276255.0,54276255.0,KOSPI,-3.83
453650,KODEX 미국S&P500금융,19235.0,327741.0,327741.0,6304098135.0,6304098135.0,KOSPI,-0.49
472830,RISE 미국30년국채커버드콜(합성),7765.0,36148.0,36148.0,280689220.0,280689220.0,KOSPI,-0.58
017180,명문제약,1268.0,197983.0,197983.0,251042444.0,251042444.0,KOSPI,-1.4
442090,에셋플러스 코리아대장장이액티브,28600.0,73.0,73.0,2087800.0,2087800.0,KOSPI,-2.82
0186S0,1Q 코스닥150채권혼합50액티브,8240.0,275023.0,275023.0,2266189520.0,2266189520.0,KOSPI,-1.61
481850,신한글로벌액티브리츠,984.0,14098.0,14098.0,13872432.0,13872432.0,KOSPI,-0.1
401170,RISE 메타버스,10775.0,804.0,804.0,8663100.0,8663100.0,KOSPI,-2.53
0089C0,KODEX 미국S&P500변동성확대시커버드콜,11220.0,407.0,407.0,4566540.0,4566540.0,KOSPI,-0.84
440650,ACE 미국달러단기채권액티브,11475.0,69225.0,69225.0,794356875.0,794356875.0,KOSPI,-0.22
500095,신한 S&P500 VIX S/T 선물 ETN E,7075.0,113.0,113.0,799475.0,799475.0,KOSPI,2.98
375770,KODEX 탄소효율그린뉴딜,23495.0,102.0,102.0,2396490.0,2396490.0,KOSPI,-4.36
580081,KB 인버스 2X 은 선물 ETN,42260.0,3038.0,3038.0,128385880.0,128385880.0,KOSPI,7.48
446070,유니드비티플러스,3975.0,59465.0,59465.0,236373375.0,236373375.0,KOSPI,0.76
530143,삼성 인버스 2X 은 선물 ETN,42140.0,15010.0,15010.0,632521400.0,632521400.0,KOSPI,8.45
570119,한투 인버스2X은선물 ETN,42060.0,220.0,220.0,9253200.0,9253200.0,KOSPI,8.01
238720,ACE 일본Nikkei225(H),46700.0,1787.0,1787.0,83452900.0,83452900.0,KOSPI,-3.16
092780,DYP,3190.0,30613.0,30613.0,97655470.0,97655470.0,KOSPI,-1.54
139280,TIGER 경기방어,12855.0,3796.0,3796.0,48797580.0,48797580.0,KOSPI,-1.46
520091,미래에셋 인버스 천연가스 선물 ETN B,10465.0,114.0,114.0,1193010.0,1193010.0,KOSPI,-0.66
487130,KoAct AI인프라액티브,27000.0,7321.0,7321.0,197667000.0,197667000.0,KOSPI,-2.72
610038,메리츠 레버리지 미국채30년 ETN(H),4165.0,1531.0,1531.0,6376615.0,6376615.0,KOSPI,-0.48
494840,TIGER 미국방산TOP10,12555.0,10083.0,10083.0,126592065.0,126592065.0,KOSPI,-1.41
292560,TIGER 일본엔선물,7940.0,169417.0,169417.0,1345170980.0,1345170980.0,KOSPI,0.06
570103,한투 인버스2X나스닥100 ETN B,4115.0,1685.0,1685.0,6933775.0,6933775.0,KOSPI,2.49
520073,미래에셋 레버리지 미국 AI TOP3 ETN,40795.0,3.0,3.0,122385.0,122385.0,KOSPI,-4.17
0220B0,DS 코스닥액티브,9565.0,255804.0,255804.0,2446765260.0,2446765260.0,KOSPI,0.74
011420,갤럭시아에스엠,1475.0,8336.0,8336.0,12295600.0,12295600.0,KOSPI,-2.32
139320,TIGER 금은선물(H),18015.0,23398.0,23398.0,421514970.0,421514970.0,KOSPI,-2.57
550064,N2 레버리지 은 선물 ETN(H),40505.0,67.0,67.0,2713835.0,2713835.0,KOSPI,-7.86
008870,금비,40400.0,46.0,46.0,1858400.0,1858400.0,KOSPI,1.89
0007G0,PLUS 글로벌원자력밸류체인,13465.0,6361.0,6361.0,85650865.0,85650865.0,KOSPI,-0.92
476260,HANARO 반도체핵심공정주도주,12200.0,166815.0,166815.0,2035143000.0,2035143000.0,KOSPI,1.33
000215,DL우,23850.0,1945.0,1945.0,46388250.0,46388250.0,KOSPI,1.27
006370,대구백화점,3715.0,109465.0,109465.0,406662475.0,406662475.0,KOSPI,-5.71
0189B0,TIGER 은액티브,7880.0,68081.0,68081.0,536478280.0,536478280.0,KOSPI,-4.89
570118,한투 인버스2X천연가스선물 ETN B,10030.0,2027.0,2027.0,20330810.0,20330810.0,KOSPI,-1.28
580069,KB S&P 인버스 2X WTI원유 선물 ETN B,2165.0,550447.0,550447.0,1191717755.0,1191717755.0,KOSPI,-9.79
012280,영화금속,4025.0,6725.0,6725.0,27068125.0,27068125.0,KOSPI,-1.83
134790,시디즈,19880.0,1185.0,1185.0,23557800.0,23557800.0,KOSPI,-2.31
183700,RISE 200채권혼합50,94370.0,695.0,695.0,65587150.0,65587150.0,KOSPI,-1.72
428510,KODEX 차이나AI테크액티브,23305.0,7730.0,7730.0,180147650.0,180147650.0,KOSPI,-2.37
322410,HANARO K고배당,23175.0,7257.0,7257.0,168180975.0,168180975.0,KOSPI,-0.79
023960,에쓰씨엔지니어링,1034.0,22636.0,22636.0,23405624.0,23405624.0,KOSPI,-0.1
047400,유니온머티리얼,934.0,38928.0,38928.0,36358752.0,36358752.0,KOSPI,-1.79
005320,온타이드,1146.0,3035638.0,3035638.0,3478841148.0,3478841148.0,KOSPI,10.19
700027,하나 반도체 ETN,39145.0,5213.0,5213.0,204062885.0,204062885.0,KOSPI,-1.56
448570,FOCUS AI코리아액티브,28960.0,109.0,109.0,3156640.0,3156640.0,KOSPI,-3.45
0112X0,마이티 200TR,39075.0,394.0,394.0,15395550.0,15395550.0,KOSPI,-4.04
012160,영흥,2495.0,20023.0,20023.0,49957385.0,49957385.0,KOSPI,-0.4
760024,키움 인버스 2X K방산 TOP5 ETN,8645.0,10492.0,10492.0,90703340.0,90703340.0,KOSPI,9.5
0207G0,SOL 우주항공밸류체인,6205.0,345136.0,345136.0,2141568880.0,2141568880.0,KOSPI,-3.42
0085N0,ACE 미국10년국채액티브(H),9685.0,19737.0,19737.0,191152845.0,191152845.0,KOSPI,-0.1
472840,IBK 200,103170.0,1138.0,1138.0,117407460.0,117407460.0,KOSPI,-3.83
000760,이화산업,13790.0,1480.0,1480.0,20409200.0,20409200.0,KOSPI,-0.72
570082,한투 인버스2X코스닥150선물 ETN,1921.0,137528.0,137528.0,264191288.0,264191288.0,KOSPI,3.89
145270,케이탑리츠,799.0,16357.0,16357.0,13069243.0,13069243.0,KOSPI,0.5
352540,KODEX 일본부동산리츠(H),11275.0,6880.0,6880.0,77572000.0,77572000.0,KOSPI,0.67
520082,미래에셋 미국 자율주행대표기업 ETN,12725.0,323.0,323.0,4110175.0,4110175.0,KOSPI,-2.08
0194M0,ACE 삼성전자단일종목레버리지,9960.0,54519.0,54519.0,543009240.0,543009240.0,KOSPI,-7.74
580077,KB 인버스 2X 미국 나스닥 100 TR ETN B,12610.0,382.0,382.0,4817020.0,4817020.0,KOSPI,3.28
520096,미래에셋 인버스 2X WTI원유 선물 ETN,15050.0,67419.0,67419.0,1014655950.0,1014655950.0,KOSPI,-10.44
276970,KODEX 미국S&P500배당귀족커버드콜(합성 H),7935.0,9906.0,9906.0,78604110.0,78604110.0,KOSPI,-0.25
400970,TIGER Fn메타버스,7380.0,5658.0,5658.0,41756040.0,41756040.0,KOSPI,-3.09
147970,TIGER 모멘텀,77630.0,882.0,882.0,68469660.0,68469660.0,KOSPI,-4.16
195930,TIGER 유로스탁스50(합성 H),23230.0,25436.0,25436.0,590878280.0,590878280.0,KOSPI,-1.61
049800,우진플라임,1855.0,41784.0,41784.0,77509320.0,77509320.0,KOSPI,3.92
000890,보해양조,1340.0,902815.0,902815.0,1209772100.0,1209772100.0,KOSPI,1.44
570127,한투 인버스2X코스피200선물 ETN,36775.0,730.0,730.0,26845750.0,26845750.0,KOSPI,7.18
491830,TIGER 미국AI반도체팹리스,20340.0,15536.0,15536.0,316002240.0,316002240.0,KOSPI,-2.91
010640,진양폴리,2190.0,120325.0,120325.0,263511750.0,263511750.0,KOSPI,4.04
275280,KODEX 모멘텀주,40620.0,9787.0,9787.0,397547940.0,397547940.0,KOSPI,-3.86
104530,KIWOOM 코리아고배당,17600.0,8913.0,8913.0,156868800.0,156868800.0,KOSPI,-1.01
0192L0,RISE SK하이닉스단일종목레버리지,7925.0,22827.0,22827.0,180903975.0,180903975.0,KOSPI,-9.06
464470,PLUS 미국채30년액티브,47120.0,7199.0,7199.0,339216880.0,339216880.0,KOSPI,-0.38
452250,ACE 미국30년국채선물레버리지(합성 H),4645.0,2130.0,2130.0,9893850.0,9893850.0,KOSPI,-1.17
0209Z0,ACE 코리아AI전력TOP10,6715.0,184921.0,184921.0,1241744515.0,1241744515.0,KOSPI,-6.35
520079,미래에셋 레버리지 미국 제약 TOP3 ETN,35810.0,35.0,35.0,1253350.0,1253350.0,KOSPI,2.78
365000,TIGER 인터넷TOP10,3505.0,134165.0,134165.0,470248325.0,470248325.0,KOSPI,-4.1
0154F0,WON 초대형IB&금융지주,12210.0,18532.0,18532.0,226275720.0,226275720.0,KOSPI,-1.37
002870,신풍,1012.0,79465.0,79465.0,80418580.0,80418580.0,KOSPI,1.4
0184E0,1Q 200채권혼합50액티브,10715.0,99290.0,99290.0,1063892350.0,1063892350.0,KOSPI,-2.37
005820,원림,15360.0,2417.0,2417.0,37125120.0,37125120.0,KOSPI,-1.16
009140,경인전자,22450.0,1148.0,1148.0,25772600.0,25772600.0,KOSPI,-0.88
449690,TIGER 한중반도체(합성),46915.0,17.0,17.0,797555.0,797555.0,KOSPI,-2.52
133820,화인베스틸,948.0,27209.0,27209.0,25794132.0,25794132.0,KOSPI,-0.94
013000,세우글로벌,1209.0,29534.0,29534.0,35706606.0,35706606.0,KOSPI,0.0
352560,KODEX 미국부동산리츠(H),12130.0,15268.0,15268.0,185200840.0,185200840.0,KOSPI,-0.29
004365,세방우,9360.0,265.0,265.0,2480400.0,2480400.0,KOSPI,0.0
010400,우진아이엔에스,4530.0,23524.0,23524.0,106563720.0,106563720.0,KOSPI,-2.48
381560,HANARO Fn전기&수소차,17260.0,1284.0,1284.0,22161840.0,22161840.0,KOSPI,-4.75
241390,RISE V&S셀렉트밸류채권혼합,15650.0,2102.0,2102.0,32896300.0,32896300.0,KOSPI,-1.14
570102,한투 레버리지나스닥100 ETN B,17185.0,121.0,121.0,2079385.0,2079385.0,KOSPI,-3.59
491090,KODEX 미국테크TOP3플러스,17610.0,14923.0,14923.0,262794030.0,262794030.0,KOSPI,-0.73
450910,SOL 코스닥150,13405.0,34379.0,34379.0,460850495.0,460850495.0,KOSPI,-1.87
276650,RISE 글로벌테크놀로지(합성 H),45630.0,2372.0,2372.0,108234360.0,108234360.0,KOSPI,-0.57
570065,한투 레버리지베트남VN30선물 ETN(H),34210.0,2.0,2.0,68420.0,68420.0,KOSPI,0.01
322400,HANARO e커머스,10185.0,4251.0,4251.0,43296435.0,43296435.0,KOSPI,-3.82
760005,키움 INDXX 미국테크탑10 ETN,34070.0,2.0,2.0,68140.0,68140.0,KOSPI,-1.15
008250,이건산업,3075.0,94504.0,94504.0,290599800.0,290599800.0,KOSPI,-0.97
570029,한투 코스피양매도3%OTM ETN,6710.0,100.0,100.0,671000.0,671000.0,KOSPI,0.15
520099,미래에셋 인버스 2X 반도체 ETN,4190.0,3361436.0,3361436.0,14084416840.0,14084416840.0,KOSPI,6.08
498860,RISE 코리아금융고배당,16750.0,6760.0,6760.0,113230000.0,113230000.0,KOSPI,-1.7
138910,KODEX 구리선물(H),9850.0,56829.0,56829.0,559765650.0,559765650.0,KOSPI,-2.76
153270,KIWOOM 코스피100,79585.0,2236.0,2236.0,177952060.0,177952060.0,KOSPI,-4.55
520077,미래에셋 -1.5X 천연가스 선물 ETN,13365.0,15075.0,15075.0,201477375.0,201477375.0,KOSPI,-1.37
610007,메리츠 국채30년 ETN,6680.0,1.0,1.0,6680.0,6680.0,KOSPI,-0.82
122260,KIWOOM 통안채1년,104165.0,755.0,755.0,78644575.0,78644575.0,KOSPI,0.0
449780,KIWOOM 미국S&P500(H),18485.0,2709.0,2709.0,50075865.0,50075865.0,KOSPI,-0.91
407830,에셋플러스 글로벌플랫폼액티브,13855.0,1220.0,1220.0,16903100.0,16903100.0,KOSPI,-1.95
415920,PLUS 글로벌희토류&전략자원생산기업,7060.0,45379.0,45379.0,320375740.0,320375740.0,KOSPI,-3.68
385520,KODEX 자율주행액티브,15350.0,4613.0,4613.0,70809550.0,70809550.0,KOSPI,-5.16
465350,RISE 2차전지TOP10인버스(합성),16455.0,149696.0,149696.0,2463247680.0,2463247680.0,KOSPI,3.82
380340,ACE 코리아AI테크핵심산업,27410.0,8987.0,8987.0,246333670.0,246333670.0,KOSPI,-3.28
009460,한창제지,2755.0,8002.0,8002.0,22045510.0,22045510.0,KOSPI,-0.9
099140,KODEX 차이나H,21150.0,3288.0,3288.0,69541200.0,69541200.0,KOSPI,-0.35
474800,KIWOOM 미국원유에너지기업,16225.0,85771.0,85771.0,1391634475.0,1391634475.0,KOSPI,1.66
500085,신한 코스피 200 TR ETN,32360.0,9.0,9.0,291240.0,291240.0,KOSPI,-3.52
475070,KoAct 글로벌친환경전력인프라액티브,28095.0,3632.0,3632.0,102041040.0,102041040.0,KOSPI,-2.41
105780,RISE 5대그룹주,16130.0,1753.0,1753.0,28275890.0,28275890.0,KOSPI,-4.5
261140,TIGER 우선주,24000.0,9389.0,9389.0,225336000.0,225336000.0,KOSPI,-3.21
0023B0,PLUS 미국양자컴퓨팅TOP10,15305.0,8976.0,8976.0,137377680.0,137377680.0,KOSPI,-2.92
530117,삼성 코스피 200 TR ETN,32065.0,598.0,598.0,19174870.0,19174870.0,KOSPI,-4.15
007120,미래아이앤지,1172.0,47469.0,47469.0,55633668.0,55633668.0,KOSPI,-2.66
001070,대한방직,6030.0,3594.0,3594.0,21671820.0,21671820.0,KOSPI,-0.82
174360,RISE 중국본토대형주CSI100,22800.0,757.0,757.0,17259600.0,17259600.0,KOSPI,-1.91
0089B0,PLUS 미국나스닥100미국채혼합50,11005.0,6076.0,6076.0,66866380.0,66866380.0,KOSPI,-1.03
227540,TIGER 200 헬스케어,19445.0,10132.0,10132.0,197016740.0,197016740.0,KOSPI,-0.92
003535,한화투자증권우,6640.0,12670.0,12670.0,84128800.0,84128800.0,KOSPI,-3.35
256440,ACE MSCI인도네시아(합성),5225.0,32380.0,32380.0,169185500.0,169185500.0,KOSPI,-0.76
0138T0,RISE 미국S&P500데일리고정커버드콜,9360.0,23597.0,23597.0,220867920.0,220867920.0,KOSPI,-0.95
500040,신한 레버리지 구리 선물 ETN,31820.0,133.0,133.0,4232060.0,4232060.0,KOSPI,-5.61
090370,메타랩스,1160.0,444725.0,444725.0,515881000.0,515881000.0,KOSPI,-4.92
459560,KODEX 테슬라밸류체인FactSet,21110.0,5916.0,5916.0,124886760.0,124886760.0,KOSPI,-1.91
139270,TIGER 200 금융,17010.0,21990.0,21990.0,374049900.0,374049900.0,KOSPI,-1.85
069640,한세엠케이,1455.0,35790.0,35790.0,52074450.0,52074450.0,KOSPI,0.34
476690,TIGER 글로벌비만치료제TOP2Plus,10520.0,2435.0,2435.0,25616200.0,25616200.0,KOSPI,0.48
0100K0,KODEX 방산TOP10레버리지,5600.0,494136.0,494136.0,2767161600.0,2767161600.0,KOSPI,-8.05
469050,RISE 미국반도체NYSE(H),29865.0,3098.0,3098.0,92521770.0,92521770.0,KOSPI,-3.41
308170,씨티알모빌리티,3640.0,1254.0,1254.0,4564560.0,4564560.0,KOSPI,0.0
530118,삼성 코스닥 150 TR ETN,10415.0,47.0,47.0,489505.0,489505.0,KOSPI,-1.98
245350,TIGER 유로스탁스배당30,19505.0,1108.0,1108.0,21611540.0,21611540.0,KOSPI,-0.61
500102,신한 블룸버그 2X 천연가스 선물 ETN B,15590.0,20599.0,20599.0,321138410.0,321138410.0,KOSPI,0.94
019175,신풍제약우,15650.0,19573.0,19573.0,306317450.0,306317450.0,KOSPI,-0.32
266360,KODEX K콘텐츠,9730.0,17058.0,17058.0,165974340.0,165974340.0,KOSPI,-3.28
006740,블루산업개발,5200.0,9603.0,9603.0,49935600.0,49935600.0,KOSPI,-1.33
496770,PLUS 글로벌방산,17105.0,6689.0,6689.0,114415345.0,114415345.0,KOSPI,-2.17
025750,한솔홈데코,1910.0,10719.0,10719.0,20473290.0,20473290.0,KOSPI,-0.26
271060,KODEX 3대농산물선물(H),9220.0,112009.0,112009.0,1032722980.0,1032722980.0,KOSPI,0.0
494410,PLUS 미국S&P500성장주,13940.0,1080.0,1080.0,15055200.0,15055200.0,KOSPI,-1.31
570069,한투 레버리지플래티넘선물 ETN,30650.0,542.0,542.0,16612300.0,16612300.0,KOSPI,-6.01
248270,TIGER S&P글로벌헬스케어(합성),26410.0,3614.0,3614.0,95445740.0,95445740.0,KOSPI,1.07
426150,WON 대한민국국고채액티브,50885.0,100.0,100.0,5088500.0,5088500.0,KOSPI,-0.2
459750,RISE 글로벌주식분산액티브,17470.0,3989.0,3989.0,69687830.0,69687830.0,KOSPI,-1.94
395290,HANARO Fn K-POP&미디어,4840.0,69702.0,69702.0,337357680.0,337357680.0,KOSPI,-2.22
117460,KODEX 에너지화학,13600.0,75489.0,75489.0,1026650400.0,1026650400.0,KOSPI,-4.33
036420,콘텐트리중앙,1578.0,25842.0,25842.0,40778676.0,40778676.0,KOSPI,-1.19
252710,TIGER 200선물인버스2X,90.0,125696973.0,125696973.0,11312727570.0,11312727570.0,KOSPI,8.43
0192T0,SOL 코스닥TOP10,7040.0,460558.0,460558.0,3242328320.0,3242328320.0,KOSPI,-2.43
117680,KODEX 철강,12310.0,78690.0,78690.0,968673900.0,968673900.0,KOSPI,-3.56
023150,MH에탄올,4085.0,1761.0,1761.0,7193685.0,7193685.0,KOSPI,-1.68
009810,MDS스피어,1910.0,1054.0,1054.0,2013140.0,2013140.0,KOSPI,-0.98
051630,진양화학,1417.0,674815.0,674815.0,956212855.0,956212855.0,KOSPI,0.14
192720,파워 고배당저변동성,58890.0,787.0,787.0,46346430.0,46346430.0,KOSPI,-1.85
024070,WISCOM,1958.0,10177.0,10177.0,19926566.0,19926566.0,KOSPI,-0.41
088790,진도,2410.0,266198.0,266198.0,641537180.0,641537180.0,KOSPI,2.77
468630,KODEX iShares미국투자등급회사채액티브,10660.0,22134.0,22134.0,235948440.0,235948440.0,KOSPI,-0.56
002690,동일제강,1475.0,39021.0,39021.0,57555975.0,57555975.0,KOSPI,0.14
610075,메리츠 3X 레버리지 미국채10년 ETN,49825.0,295.0,295.0,14698375.0,14698375.0,KOSPI,-0.61
395170,KODEX Top10동일가중,14935.0,10187.0,10187.0,152142845.0,152142845.0,KOSPI,-4.84
261250,KODEX 미국달러선물레버리지,15610.0,34815.0,34815.0,543462150.0,543462150.0,KOSPI,-0.32
476070,KODEX 글로벌비만치료제TOP2 Plus,11015.0,5852.0,5852.0,64459780.0,64459780.0,KOSPI,0.5
0204S0,TIGER 코스닥액티브,6555.0,249946.0,249946.0,1638396030.0,1638396030.0,KOSPI,-1.43
465660,TIGER 일본반도체FACTSET,22815.0,9242.0,9242.0,210856230.0,210856230.0,KOSPI,-3.45
001380,SG글로벌,1314.0,10236.0,10236.0,13450104.0,13450104.0,KOSPI,-0.08
156080,KODEX MSCI Korea,49200.0,1296.0,1296.0,63763200.0,63763200.0,KOSPI,-3.73
275290,KODEX 가치주,32790.0,705.0,705.0,23116950.0,23116950.0,KOSPI,-3.95
0150K0,KoAct 수소전력ESS인프라액티브,10330.0,37564.0,37564.0,388036120.0,388036120.0,KOSPI,-4.66
033250,체시스,4600.0,60639.0,60639.0,278939400.0,278939400.0,KOSPI,-1.5
003680,한성기업,4730.0,90733.0,90733.0,429167090.0,429167090.0,KOSPI,-3.86
500035,신한 레버리지 미국달러 선물 ETN,14680.0,42.0,42.0,616560.0,616560.0,KOSPI,0.31
520065,미래에셋 -2X 미국채울트라30년 선물 ETN,14645.0,10.0,10.0,146450.0,146450.0,KOSPI,0.45
014130,한익스프레스,2460.0,3874.0,3874.0,9530040.0,9530040.0,KOSPI,-0.2
0083S0,1Q 미국메디컬AI,10380.0,15196.0,15196.0,157734480.0,157734480.0,KOSPI,-1.61
500023,신한 콩 선물 ETN(H),14525.0,7.0,7.0,101675.0,101675.0,KOSPI,0.21
570072,한투 레버리지구리선물 ETN,29000.0,7.0,7.0,203000.0,203000.0,KOSPI,-4.7
357430,마스턴프리미어리츠,950.0,34771.0,34771.0,33032450.0,33032450.0,KOSPI,2.15
469790,KIWOOM 코리아테크TOP10,41345.0,508.0,508.0,21003260.0,21003260.0,KOSPI,-3.64
118000,메타케어,1312.0,13875.0,13875.0,18204000.0,18204000.0,KOSPI,-2.38
520090,미래에셋 천연가스 선물 ETN B,7230.0,18006.0,18006.0,130183380.0,130183380.0,KOSPI,0.21
145850,TREX 펀더멘탈 200,115225.0,11.0,11.0,1267475.0,1267475.0,KOSPI,-3.47
006570,대림통상,1886.0,23754.0,23754.0,44800044.0,44800044.0,KOSPI,-0.11
415340,KODEX 차이나과창판STAR50(합성),13865.0,42975.0,42975.0,595848375.0,595848375.0,KOSPI,-1.67
289480,TIGER 200커버드콜,12465.0,48097.0,48097.0,599529105.0,599529105.0,KOSPI,-1.58
446690,KODEX 아시아AI반도체exChina액티브,57200.0,5042.0,5042.0,288402400.0,288402400.0,KOSPI,-2.14
760028,키움 인버스 2X 반도체TOP10 ETN,3575.0,985039.0,985039.0,3521514425.0,3521514425.0,KOSPI,7.84
025890,한국주강,2565.0,18393.0,18393.0,47178045.0,47178045.0,KOSPI,1.38
0218J0,RISE 미국우주&로봇TOP2미국채혼합50,8905.0,85142.0,85142.0,758189510.0,758189510.0,KOSPI,-1.55
0203S0,WON 삼성전자현대차채권혼합50,8500.0,36510.0,36510.0,310335000.0,310335000.0,KOSPI,-2.41
0107F0,KIWOOM 미국고배당&AI테크,11150.0,8086.0,8086.0,90158900.0,90158900.0,KOSPI,-1.15
464920,PLUS 일본반도체소부장,22735.0,9463.0,9463.0,215141305.0,215141305.0,KOSPI,-3.21
465770,STX그린로지스,3925.0,8955575.0,8955575.0,35150631875.0,35150631875.0,KOSPI,29.97
450190,KODEX 한중반도체(합성),47100.0,18.0,18.0,847800.0,847800.0,KOSPI,-2.26
610089,메리츠 인버스 2X WTI원유 선물 ETN(H),2345.0,676172.0,676172.0,1585623340.0,1585623340.0,KOSPI,-9.28
0155M0,ACE 미국SMR원자력TOP10,6640.0,19287.0,19287.0,128065680.0,128065680.0,KOSPI,-1.78
003060,에이프로젠바이오로직스,1742.0,98660.0,98660.0,171865720.0,171865720.0,KOSPI,0.23
700013,하나 레버리지 콩 선물 ETN(H),27840.0,12.0,12.0,334080.0,334080.0,KOSPI,2.35
0155N0,HANARO K휴머노이드테마TOP10,7120.0,47431.0,47431.0,337708720.0,337708720.0,KOSPI,-4.94
0013R0,RISE 테슬라미국채타겟커버드콜혼합(합성),7705.0,11030.0,11030.0,84986150.0,84986150.0,KOSPI,-1.6
223190,KODEX 200가치저변동,27465.0,1834.0,1834.0,50370810.0,50370810.0,KOSPI,-3.28
0192M0,RISE 삼성전자단일종목레버리지,10170.0,11787.0,11787.0,119873790.0,119873790.0,KOSPI,-7.12
479850,HANARO K-뷰티,19525.0,100754.0,100754.0,1967221850.0,1967221850.0,KOSPI,-2.2
387270,TIGER 글로벌이노베이션액티브,23520.0,6135.0,6135.0,144295200.0,144295200.0,KOSPI,-2.53
570047,한투 FTSE100 ETN,27260.0,2.0,2.0,54520.0,54520.0,KOSPI,-1.66
475380,RISE 글로벌리얼티인컴,10285.0,5346.0,5346.0,54983610.0,54983610.0,KOSPI,-0.68
0049K0,ACE 미국배당퀄리티채권혼합50,11010.0,6383.0,6383.0,70276830.0,70276830.0,KOSPI,-0.63
489290,WON 미국빌리어네어,14555.0,673.0,673.0,9795515.0,9795515.0,KOSPI,-1.99
493420,SOL 미국배당다우존스2호,12815.0,3117.0,3117.0,39944355.0,39944355.0,KOSPI,-0.12
494340,ACE 글로벌AI맞춤형반도체,17790.0,5696.0,5696.0,101331840.0,101331840.0,KOSPI,-4.2
760004,키움 인버스 미국달러선물 ETN,9840.0,37.0,37.0,364080.0,364080.0,KOSPI,0.2
440340,TIGER 글로벌멀티에셋TIF액티브,11800.0,10834.0,10834.0,127841200.0,127841200.0,KOSPI,-0.76
0137W0,KIWOOM 미국S&P500&GOLD,10190.0,12532.0,12532.0,127701080.0,127701080.0,KOSPI,-1.16
437350,RISE 미국단기투자등급회사채액티브,12040.0,7466.0,7466.0,89890640.0,89890640.0,KOSPI,-0.33
167860,KIWOOM 국고채10년레버리지,90995.0,5.0,5.0,454975.0,454975.0,KOSPI,-0.46
0166N0,PLUS 코스닥150액티브,7520.0,33713.0,33713.0,253521760.0,253521760.0,KOSPI,-1.83
0152E0,SOL 배당성향탑픽액티브,10725.0,14670.0,14670.0,157335750.0,157335750.0,KOSPI,-2.05
261060,TIGER 코스닥150IT,22580.0,17607.0,17607.0,397566060.0,397566060.0,KOSPI,-1.74
459790,KIWOOM 미국성장기업30액티브,19400.0,5256.0,5256.0,101966400.0,101966400.0,KOSPI,-1.05
253250,KIWOOM 200선물레버리지,90310.0,12241.0,12241.0,1105484710.0,1105484710.0,KOSPI,-8.3
520083,미래에셋 2X 미국 자율주행대표기업 ETN,26010.0,4.0,4.0,104040.0,104040.0,KOSPI,-4.13
004870,티웨이홀딩스,1149.0,40975.0,40975.0,47080275.0,47080275.0,KOSPI,0.26
006345,대원전선우,9850.0,92905.0,92905.0,915114250.0,915114250.0,KOSPI,0.61
0224X0,1Q 엔비디아알파벳미국채혼합50,9540.0,47373.0,47373.0,451938420.0,451938420.0,KOSPI,-1.65
030720,동원수산,5530.0,54344.0,54344.0,300522320.0,300522320.0,KOSPI,0.36
0164G0,RISE 차이나AI반도체TOP4Plus,12245.0,16963.0,16963.0,207711935.0,207711935.0,KOSPI,-2.12
580057,KB 일본 컨슈머 TOP 10 ETN,12820.0,1500.0,1500.0,19230000.0,19230000.0,KOSPI,-1.95
0223R0,TIGER 미국테크NYSE100액티브,8800.0,42225.0,42225.0,371580000.0,371580000.0,KOSPI,-3.93
0115C0,RISE 미국고배당다우존스TOP10,11115.0,8546.0,8546.0,94988790.0,94988790.0,KOSPI,0.0
520093,미래에셋 인버스 2X 은 선물 ETN B,2130.0,212974.0,212974.0,453634620.0,453634620.0,KOSPI,8.01
245360,TIGER 차이나HSCEI,12170.0,892.0,892.0,10855640.0,10855640.0,KOSPI,-0.9
0047R0,RISE 팔란티어고정테크100,14985.0,9803.0,9803.0,146897955.0,146897955.0,KOSPI,-2.57
002355,넥센타이어1우B,3915.0,1593.0,1593.0,6236595.0,6236595.0,KOSPI,-0.13
071950,코아스,1759.0,58823.0,58823.0,103469657.0,103469657.0,KOSPI,-2.49
0103T0,1Q K소버린AI,8605.0,33923.0,33923.0,291907415.0,291907415.0,KOSPI,-3.91
580048,KB 차이나 대형주 CSI 300 ETN,12680.0,1.0,1.0,12680.0,12680.0,KOSPI,-1.74
185680,KODEX 미국S&P바이오(합성),47495.0,1661.0,1661.0,78889195.0,78889195.0,KOSPI,-0.16
005360,모나미,1333.0,315873.0,315873.0,421058709.0,421058709.0,KOSPI,-2.34
530128,삼성 레버리지 미국다우존스 선물 ETN,25175.0,312.0,312.0,7854600.0,7854600.0,KOSPI,-1.62
139250,TIGER 200 에너지화학,17470.0,26487.0,26487.0,462727890.0,462727890.0,KOSPI,-4.4
610022,메리츠 미국채10년 ETN(H),8385.0,115.0,115.0,964275.0,964275.0,KOSPI,-0.12
368190,HANARO Fn K-뉴딜디지털플러스,7855.0,792.0,792.0,6221160.0,6221160.0,KOSPI,-4.15
610028,메리츠 레버리지 구리 선물 ETN(H),25050.0,43.0,43.0,1077150.0,1077150.0,KOSPI,-5.61
277540,ACE 아시아TOP50,31295.0,215.0,215.0,6728425.0,6728425.0,KOSPI,-2.16
0097L0,KIWOOM 한국고배당&미국AI테크,12505.0,4636.0,4636.0,57973180.0,57973180.0,KOSPI,-1.46
419430,KODEX 차이나2차전지MSCI(합성),8890.0,2084.0,2084.0,18526760.0,18526760.0,KOSPI,-3.47
530063,삼성 레버리지 구리 선물 ETN(H),24850.0,3208.0,3208.0,79718800.0,79718800.0,KOSPI,-5.08
550069,N2 레버리지 구리 선물 ETN(H),24845.0,4.0,4.0,99380.0,99380.0,KOSPI,-5.84
570124,한투 인버스은선물 ETN,12400.0,347.0,347.0,4302800.0,4302800.0,KOSPI,5.35
483570,KCGI 미국S&P500 TOP10,15490.0,604.0,604.0,9355960.0,9355960.0,KOSPI,-0.96
000040,KR모터스,1430.0,40506.0,40506.0,57923580.0,57923580.0,KOSPI,-1.99
414270,ACE 글로벌자율주행액티브,11430.0,84207.0,84207.0,962486010.0,962486010.0,KOSPI,-2.56
610069,메리츠 KAP 레버리지 일본 엔화 ETN,16320.0,59926.0,59926.0,977992320.0,977992320.0,KOSPI,0.09
33637K,솔루스첨단소재1우,1445.0,6289.0,6289.0,9087605.0,9087605.0,KOSPI,-0.07
530089,삼성 은 선물 ETN(H),24290.0,8143.0,8143.0,197793470.0,197793470.0,KOSPI,-3.97
295020,RISE 국채선물10년인버스,61100.0,139.0,139.0,8492900.0,8492900.0,KOSPI,0.45
003495,대한항공우,21700.0,1290.0,1290.0,27993000.0,27993000.0,KOSPI,-0.46
610001,메리츠 인플레이션 국채 ETN,12040.0,6.0,6.0,72240.0,72240.0,KOSPI,-0.29
496120,ACE 코리아밸류업,31870.0,1970.0,1970.0,62783900.0,62783900.0,KOSPI,-3.85
760026,키움 레버리지 전력 TOP5 ETN,15915.0,80445.0,80445.0,1280282175.0,1280282175.0,KOSPI,-10.34
093240,형지엘리트,387.0,1024721.0,1024721.0,396567027.0,396567027.0,KOSPI,-0.77
195970,PLUS 선진국MSCI(합성 H),16265.0,60173.0,60173.0,978713845.0,978713845.0,KOSPI,-1.39
0093D0,KoAct 팔란티어밸류체인액티브,16960.0,5424.0,5424.0,91991040.0,91991040.0,KOSPI,-4.23
0206G0,1Q 현대차기아채권혼합50,8035.0,233159.0,233159.0,1873432565.0,1873432565.0,KOSPI,-2.61
456680,TIGER 차이나전기차레버리지(합성),5800.0,12579.0,12579.0,72958200.0,72958200.0,KOSPI,-5.69
388280,RISE K엔터&여행레저,7095.0,22118.0,22118.0,156927210.0,156927210.0,KOSPI,-2.27
225130,ACE 골드선물 레버리지(합성 H),46955.0,7651.0,7651.0,359252705.0,359252705.0,KOSPI,-5.71
700017,하나 레버리지 코스닥150 선물 ETN,23405.0,2080.0,2080.0,48682400.0,48682400.0,KOSPI,-3.0
530116,삼성 인버스 2X 나스닥 100 TR ETN,4680.0,46173.0,46173.0,216089640.0,216089640.0,KOSPI,3.54
292500,SOL KRX300,46655.0,69.0,69.0,3219195.0,3219195.0,KOSPI,-4.32
0153X0,PLUS 미국고배당주액티브,11360.0,31953.0,31953.0,362986080.0,362986080.0,KOSPI,-0.35
481340,RISE 미국30년국채액티브,8445.0,55148.0,55148.0,465724860.0,465724860.0,KOSPI,-0.41
520047,미래에셋 인버스 2X 옥수수 선물 ETN,23220.0,100.0,100.0,2322000.0,2322000.0,KOSPI,-0.02
138230,KIWOOM 미국달러선물,16000.0,3293.0,3293.0,52688000.0,52688000.0,KOSPI,-0.22
442550,RISE TDF2030액티브 적격,14445.0,8341.0,8341.0,120485745.0,120485745.0,KOSPI,-1.53
292160,TIGER KRX300,46155.0,5350.0,5350.0,246929250.0,246929250.0,KOSPI,-3.57
280930,KODEX 미국러셀2000(H),16475.0,13162.0,13162.0,216843950.0,216843950.0,KOSPI,-1.32
367740,HANARO Fn5G산업,41910.0,334.0,334.0,13997940.0,13997940.0,KOSPI,-2.24
500100,신한 금 선물 ETN,11520.0,10193.0,10193.0,117423360.0,117423360.0,KOSPI,-3.11
289250,TIGER MSCI KOREA ESG유니버설,33390.0,73.0,73.0,2437470.0,2437470.0,KOSPI,-4.09
159800,마이티 코스피100,82200.0,20.0,20.0,1644000.0,1644000.0,KOSPI,-4.11
465670,TIGER 미국캐시카우100,17035.0,19386.0,19386.0,330240510.0,330240510.0,KOSPI,-0.58
461450,KODEX 코스닥글로벌,15325.0,13477.0,13477.0,206535025.0,206535025.0,KOSPI,-2.48
300950,KODEX 게임산업,5460.0,47373.0,47373.0,258656580.0,258656580.0,KOSPI,-3.02
411540,SOL 200 Top10,16350.0,5740.0,5740.0,93849000.0,93849000.0,KOSPI,-4.53
269420,KODEX S&P글로벌인프라(합성),21830.0,4329.0,4329.0,94502070.0,94502070.0,KOSPI,-0.73
012170,아센디오,3120.0,60542.0,60542.0,188891040.0,188891040.0,KOSPI,2.46
530119,삼성 레버리지 항셍테크 TR ETN(H) B,22730.0,509.0,509.0,11569570.0,11569570.0,KOSPI,-3.15
570115,한투 인버스0.5X S&P500 VIX S/T선물 ETN B,22705.0,1.0,1.0,22705.0,22705.0,KOSPI,-1.69
002070,비비안,4720.0,54132.0,54132.0,255503040.0,255503040.0,KOSPI,-1.97
004270,남성,4970.0,7117.0,7117.0,35371490.0,35371490.0,KOSPI,0.4
570081,한투 레버리지코스닥150선물 ETN,22650.0,2280.0,2280.0,51642000.0,51642000.0,KOSPI,-3.08
204450,KODEX 차이나H레버리지(H),2310.0,28761.0,28761.0,66437910.0,66437910.0,KOSPI,-1.07
530138,삼성 KRX 레버리지 2차전지 TOP10 TR ETN,22570.0,1981.0,1981.0,44711170.0,44711170.0,KOSPI,-11.25
580070,KB 레버리지 2차전지 TOP 10 TR ETN,22560.0,11461.0,11461.0,258560160.0,258560160.0,KOSPI,-11.84
610103,메리츠 솔랙티브 레버리지 금 선물 ETN(H),22465.0,132.0,132.0,2965380.0,2965380.0,KOSPI,-5.37
471460,KIWOOM 국고채30년액티브,44920.0,976.0,976.0,43841920.0,43841920.0,KOSPI,-0.4
0198D0,1Q SK하이닉스선물단일종목레버리지,8050.0,28478.0,28478.0,229247900.0,229247900.0,KOSPI,-9.3
530106,삼성 레버리지 코스닥150 선물 ETN,22290.0,3968.0,3968.0,88446720.0,88446720.0,KOSPI,-4.87
364690,KODEX 혁신기술테마액티브,37140.0,814.0,814.0,30231960.0,30231960.0,KOSPI,-4.04
477730,KODEX 인도타타그룹,7385.0,3741.0,3741.0,27627285.0,27627285.0,KOSPI,-1.53
580072,KB 화웨이 밸류체인 ETN,11075.0,24.0,24.0,265800.0,265800.0,KOSPI,-1.95
530130,삼성 S&P500 VIX S/T 선물 ETN B,7360.0,47241.0,47241.0,347693760.0,347693760.0,KOSPI,2.87
0047P0,RISE 테슬라고정테크100,14215.0,2662.0,2662.0,37840330.0,37840330.0,KOSPI,-2.2
001420,태원물산,2890.0,114739.0,114739.0,331595710.0,331595710.0,KOSPI,14.23
461600,SOL 미국30년국채액티브(H),8275.0,2046.0,2046.0,16930650.0,16930650.0,KOSPI,-0.24
239660,PLUS 우량회사채50,121685.0,11389.0,11389.0,1385870465.0,1385870465.0,KOSPI,-0.01
008775,호텔신라우,29050.0,319.0,319.0,9266950.0,9266950.0,KOSPI,-0.51
33626L,두산퓨얼셀2우B,7290.0,689.0,689.0,5022810.0,5022810.0,KOSPI,-2.67
0065G0,KODEX 차이나테크TOP10,8515.0,13703.0,13703.0,116681045.0,116681045.0,KOSPI,-0.87
580073,KB 레버리지 화웨이 밸류체인 ETN,21685.0,2.0,2.0,43370.0,43370.0,KOSPI,-1.99
550088,N2 월간 레버리지 선진국 1등주 ETN,21675.0,2.0,2.0,43350.0,43350.0,KOSPI,-4.3
438320,TIGER 차이나항셍테크레버리지(합성 H),5000.0,12470.0,12470.0,62350000.0,62350000.0,KOSPI,-2.63
580067,KB 인도 디지털 Select 5 ETN,10765.0,1.0,1.0,10765.0,10765.0,KOSPI,-1.01
610047,메리츠 인버스 국채3년 ETN,10720.0,3.0,3.0,32160.0,32160.0,KOSPI,0.0
0026E0,KODEX 미국S&P500버퍼3월액티브,11580.0,424.0,424.0,4909920.0,4909920.0,KOSPI,-0.09
447660,PLUS 애플채권혼합,13745.0,33027.0,33027.0,453956115.0,453956115.0,KOSPI,0.59
0067V0,TIGER 차이나글로벌리더스TOP3+,9670.0,3255.0,3255.0,31475850.0,31475850.0,KOSPI,-1.88
464600,SOL 자동차소부장Fn,22360.0,12432.0,12432.0,277979520.0,277979520.0,KOSPI,-4.42
376410,TIGER 탄소효율그린뉴딜,23480.0,2631.0,2631.0,61775880.0,61775880.0,KOSPI,-3.83
433220,에셋플러스 글로벌대장장이액티브,28500.0,197.0,197.0,5614500.0,5614500.0,KOSPI,-2.2
469160,ACE 일본반도체,23420.0,6561.0,6561.0,153658620.0,153658620.0,KOSPI,-4.08
375760,HANARO 탄소효율그린뉴딜,23410.0,70.0,70.0,1638700.0,1638700.0,KOSPI,-2.88
253290,RISE 헬스케어채권혼합,11705.0,19728.0,19728.0,230916240.0,230916240.0,KOSPI,-0.51
371450,TIGER 글로벌클라우드컴퓨팅INDXX,13495.0,4400.0,4400.0,59378000.0,59378000.0,KOSPI,-3.3
300640,RISE 게임테마,6475.0,8095.0,8095.0,52415125.0,52415125.0,KOSPI,-2.85
0177A0,WON 두산그룹포커스,8365.0,29358.0,29358.0,245579670.0,245579670.0,KOSPI,-5.32
463300,RISE 중국본토CSI300,13035.0,3652.0,3652.0,47603820.0,47603820.0,KOSPI,-1.25
091220,TIGER 은행,17065.0,94118.0,94118.0,1606123670.0,1606123670.0,KOSPI,-0.93
364990,TIGER 게임TOP10,4720.0,44650.0,44650.0,210748000.0,210748000.0,KOSPI,-2.68
108590,TREX 200,103175.0,24.0,24.0,2476200.0,2476200.0,KOSPI,-4.06
152380,KODEX 국채선물10년,64455.0,5678.0,5678.0,365975490.0,365975490.0,KOSPI,-0.34
002820,SUN&L,1697.0,27054.0,27054.0,45910638.0,45910638.0,KOSPI,-2.08
0186L0,KoAct 미국로봇피지컬AI액티브,8900.0,8355.0,8355.0,74359500.0,74359500.0,KOSPI,-3.58
417630,TIGER KEDI혁신기업ESG30,19425.0,518.0,518.0,10062150.0,10062150.0,KOSPI,-2.75
226980,KODEX 200 중소형,22630.0,39564.0,39564.0,895333320.0,895333320.0,KOSPI,-2.5
580026,KB S&P 레버리지 은 선물 ETN(H),40720.0,10276.0,10276.0,418438720.0,418438720.0,KOSPI,-8.05
0127R0,RISE 미국AI클라우드인프라,15065.0,27514.0,27514.0,414498410.0,414498410.0,KOSPI,-5.28
570122,한투 인버스금선물 ETN,10160.0,13.0,13.0,132080.0,132080.0,KOSPI,3.15
217770,TIGER 원유선물인버스(H),1173.0,1817065.0,1817065.0,2131417245.0,2131417245.0,KOSPI,-4.79
0198B0,1Q 삼성전자선물단일종목레버리지,10420.0,18301.0,18301.0,190696420.0,190696420.0,KOSPI,-7.42
169950,KODEX 차이나A50,25230.0,834.0,834.0,21041820.0,21041820.0,KOSPI,-0.04
437070,KODEX 아시아달러채권ESG플러스액티브,58255.0,232.0,232.0,13515160.0,13515160.0,KOSPI,-0.38
001685,대상우,14680.0,802.0,802.0,11773360.0,11773360.0,KOSPI,0.0
760008,키움 코스닥 150 TR ETN,10045.0,56.0,56.0,562520.0,562520.0,KOSPI,-2.0
550085,N2 코스닥 150 TR ETN,10040.0,8122.0,8122.0,81544880.0,81544880.0,KOSPI,-2.19
520039,미래에셋 코스닥150 선물 ETN,10015.0,3.0,3.0,30045.0,30045.0,KOSPI,-0.45
580089,KB 솔랙티브 레버리지 금 선물 ETN,20010.0,998.0,998.0,19969980.0,19969980.0,KOSPI,-4.76
580071,KB 인버스 2X 천연가스 선물 ETN B,9990.0,155.0,155.0,1548450.0,1548450.0,KOSPI,-1.19
489000,PLUS 일본엔화초단기국채(합성),9080.0,47343.0,47343.0,429874440.0,429874440.0,KOSPI,0.06
416090,ACE 중국과창판STAR50,12460.0,9451.0,9451.0,117759460.0,117759460.0,KOSPI,-2.58
337120,KODEX 멀티팩터,33150.0,15.0,15.0,497250.0,497250.0,KOSPI,-3.48
0106J0,대신 KOSPI200인덱스 X클래스,18920.0,107.0,107.0,2024440.0,2024440.0,KOSPI,-4.01
00499K,롯데지주우,24550.0,197.0,197.0,4836350.0,4836350.0,KOSPI,0.41
580074,KB BYD 밸류체인 ETN,9870.0,155.0,155.0,1529850.0,1529850.0,KOSPI,-2.52
570125,한투 솔랙티브레버리지금선물 ETN,19715.0,92.0,92.0,1813780.0,1813780.0,KOSPI,-6.74
497780,KoAct 미국천연가스인프라액티브,10640.0,14596.0,14596.0,155301440.0,155301440.0,KOSPI,0.42
0231Z0,KODEX 코리아TDF2065액티브 적격,9840.0,32491.0,32491.0,319711440.0,319711440.0,KOSPI,-3.01
284980,RISE 200금융,22660.0,7792.0,7792.0,176566720.0,176566720.0,KOSPI,-1.69
108675,LX하우시스우,18850.0,2008.0,2008.0,37850800.0,37850800.0,KOSPI,-0.48
0192S0,SOL 코스피200채권혼합50,9230.0,105124.0,105124.0,970294520.0,970294520.0,KOSPI,-1.81
304770,HANARO 코스닥150,13640.0,14044.0,14044.0,191560160.0,191560160.0,KOSPI,-2.29
610085,메리츠 레버리지 미국채30년 스트립 ETN(H),32275.0,1876.0,1876.0,60547900.0,60547900.0,KOSPI,-1.13
0234N0,KIWOOM 삼성SK그룹TOP4+,9675.0,455661.0,455661.0,4408520175.0,4408520175.0,KOSPI,-4.59
289040,KODEX MSCI KOREA ESG유니버설,32015.0,59.0,59.0,1888885.0,1888885.0,KOSPI,-4.39
500072,신한 인버스 2X 코스닥 150 선물 ETN,1920.0,80274.0,80274.0,154126080.0,154126080.0,KOSPI,4.07
213630,PLUS 미국다우존스고배당주(합성 H),20865.0,5533.0,5533.0,115446045.0,115446045.0,KOSPI,-0.14
700012,하나 인버스 2X 옥수수 선물 ETN(H),19175.0,2.0,2.0,38350.0,38350.0,KOSPI,-3.81
530112,삼성 S&P500 TR ETN,19160.0,66.0,66.0,1264560.0,1264560.0,KOSPI,-1.03
760012,키움 반도체TOP10 ETN,27350.0,12.0,12.0,328200.0,328200.0,KOSPI,-4.0
610087,메리츠 WTI원유 선물 ETN(H),19145.0,41340.0,41340.0,791454300.0,791454300.0,KOSPI,4.53
487950,KODEX 대만테크고배당다우존스,13190.0,10561.0,10561.0,139299590.0,139299590.0,KOSPI,-0.49
760022,키움 K방산 TOP5 ETN,9475.0,1405.0,1405.0,13312375.0,13312375.0,KOSPI,-4.68
404120,TIME K신재생에너지액티브,23685.0,5877.0,5877.0,139196745.0,139196745.0,KOSPI,-5.45
379790,RISE 유로스탁스50(H),17190.0,16993.0,16993.0,292109670.0,292109670.0,KOSPI,-1.83
580075,KB 레버리지 BYD 밸류체인 ETN,18865.0,4.0,4.0,75460.0,75460.0,KOSPI,-4.75
0190M0,KIWOOM 미국AI테크하이베타,7525.0,28380.0,28380.0,213559500.0,213559500.0,KOSPI,-4.51
0223A0,RISE 코스닥커버드콜액티브,10135.0,160765.0,160765.0,1629353275.0,1629353275.0,KOSPI,-1.51
0104P0,TIGER 코리아배당다우존스위클리커버드콜,10945.0,22225.0,22225.0,243252625.0,243252625.0,KOSPI,-2.23
445910,TIGER MKF배당귀족,20650.0,4119.0,4119.0,85057350.0,85057350.0,KOSPI,-2.16
407310,HANARO 200 TOP10,16005.0,304.0,304.0,4865520.0,4865520.0,KOSPI,-4.16
404260,KODEX 기후변화솔루션,23000.0,1134.0,1134.0,26082000.0,26082000.0,KOSPI,-5.56
760021,키움 코스피200 선물 달러노출 ETN,26280.0,3.0,3.0,78840.0,78840.0,KOSPI,-4.24
530132,삼성 블룸버그 WTI원유 선물 ETN B,18390.0,5686.0,5686.0,104565540.0,104565540.0,KOSPI,4.46
0144M0,KODEX 미국드론UAM TOP10,6685.0,57554.0,57554.0,384748490.0,384748490.0,KOSPI,-3.6
580066,KB 인도 대형 성장주 Select 5 ETN,9090.0,22.0,22.0,199980.0,199980.0,KOSPI,-2.36
228820,TIGER KTOP30,18170.0,15594.0,15594.0,283342980.0,283342980.0,KOSPI,-4.01
304760,HANARO KRX300,45280.0,104.0,104.0,4709120.0,4709120.0,KOSPI,-2.96
229720,KODEX KTOP30,36180.0,1461.0,1461.0,52858980.0,52858980.0,KOSPI,-2.87
0105D0,SOL 한국AI소프트웨어,9500.0,37895.0,37895.0,360002500.0,360002500.0,KOSPI,-4.47
610036,메리츠 인버스 2X 대표 농산물 선물 ETN(H),18030.0,6598.0,6598.0,118961940.0,118961940.0,KOSPI,0.08
183710,RISE 주식혼합,90135.0,84.0,84.0,7571340.0,7571340.0,KOSPI,-2.88
006200,한국전자홀딩스,1919.0,27912.0,27912.0,53563128.0,53563128.0,KOSPI,-1.44
276000,TIGER 글로벌자원생산기업(합성 H),21115.0,2029.0,2029.0,42842335.0,42842335.0,KOSPI,-3.19
001770,SHD,14750.0,63649.0,63649.0,938822750.0,938822750.0,KOSPI,5.66
002360,SH에너지화학,1612.0,17207.0,17207.0,27737684.0,27737684.0,KOSPI,-1.83
0018Z0,RISE 미국양자컴퓨팅,16960.0,24272.0,24272.0,411653120.0,411653120.0,KOSPI,-3.58
445690,BNK 주주가치액티브,29590.0,26.0,26.0,769340.0,769340.0,KOSPI,-2.47
449580,RISE 테슬라애플아마존채권혼합,16080.0,26283.0,26283.0,422630640.0,422630640.0,KOSPI,-0.43
460660,RISE 미국S&P배당킹,11780.0,2215.0,2215.0,26092700.0,26092700.0,KOSPI,-0.97
195920,TIGER 일본TOPIX(합성 H),35280.0,494.0,494.0,17428320.0,17428320.0,KOSPI,-1.82
461900,PLUS 미국테크TOP10,21965.0,733.0,733.0,16100345.0,16100345.0,KOSPI,-1.06
468370,KODEX iShares미국인플레이션국채액티브,10505.0,15795.0,15795.0,165926475.0,165926475.0,KOSPI,-0.19
385600,ACE 2차전지&친환경차액티브,11680.0,5150.0,5150.0,60152000.0,60152000.0,KOSPI,-5.0
461910,PLUS 미국테크TOP10레버리지(합성),34950.0,356.0,356.0,12442200.0,12442200.0,KOSPI,-2.46
415760,SOL 차이나육성산업액티브(합성),12810.0,52061.0,52061.0,666901410.0,666901410.0,KOSPI,-1.46
0086C0,TIGER 리츠부동산인프라10채권혼합액티브,9820.0,13730.0,13730.0,134828600.0,134828600.0,KOSPI,-0.25
225060,TIGER 이머징마켓MSCI레버리지(합성 H),16185.0,476.0,476.0,7704060.0,7704060.0,KOSPI,-3.26
570071,한투 구리선물 ETN,17120.0,231.0,231.0,3954720.0,3954720.0,KOSPI,-2.64
610104,메리츠 솔랙티브 인버스 2X 금 선물 ETN(H),17120.0,17415.0,17415.0,298144800.0,298144800.0,KOSPI,5.71
457690,KODEX 33-06 국고채액티브,10435.0,2383.0,2383.0,24866605.0,24866605.0,KOSPI,-0.38
530123,삼성 일본니케이225선물 ETN(H),16900.0,4.0,4.0,67600.0,67600.0,KOSPI,-2.71
227830,PLUS 코스피,67535.0,153.0,153.0,10332855.0,10332855.0,KOSPI,-4.27
474920,에셋플러스 차이나일등기업포커스10액티브,17920.0,378.0,378.0,6773760.0,6773760.0,KOSPI,-1.38
219390,RISE 미국S&P원유생산기업(합성 H),8420.0,61699.0,61699.0,519505580.0,519505580.0,KOSPI,1.69
483330,ACE 마이크로소프트밸류체인액티브,14510.0,11392.0,11392.0,165297920.0,165297920.0,KOSPI,-3.56
250730,RISE 차이나HSCEI(H),9815.0,1402.0,1402.0,13760630.0,13760630.0,KOSPI,-1.75
570121,한투 금선물 ETN,8320.0,144.0,144.0,1198080.0,1198080.0,KOSPI,-4.91
289260,TIGER MSCI KOREA ESG리더스,27710.0,2173.0,2173.0,60213830.0,60213830.0,KOSPI,-4.97
477490,에셋플러스 글로벌일등기업포커스10액티브,18455.0,97.0,97.0,1790135.0,1790135.0,KOSPI,-2.02
236350,TIGER 인도니프티50레버리지(합성),26725.0,1642.0,1642.0,43882450.0,43882450.0,KOSPI,-3.05
530140,삼성 iSelect 레버리지 조선 TOP10 TR ETN,16525.0,762.0,762.0,12592050.0,12592050.0,KOSPI,-9.95
18064K,한진칼우,30650.0,3960.0,3960.0,121374000.0,121374000.0,KOSPI,3.03
292050,RISE KRX300,46825.0,1724.0,1724.0,80726300.0,80726300.0,KOSPI,-4.27
332620,PLUS 미국장기우량회사채,86830.0,270.0,270.0,23444100.0,23444100.0,KOSPI,-0.58
494420,PLUS 미국배당증가성장주데일리커버드콜,9020.0,11286.0,11286.0,101799720.0,101799720.0,KOSPI,-0.88
550097,N2 레버리지 코스닥150 선물 ETN,16205.0,15723.0,15723.0,254791215.0,254791215.0,KOSPI,-4.54
438900,HANARO Fn K-푸드,11985.0,40880.0,40880.0,489946800.0,489946800.0,KOSPI,-0.91
419650,PLUS 글로벌수소&차세대연료전지,4975.0,5310.0,5310.0,26417250.0,26417250.0,KOSPI,-1.58
391670,HK 베스트일레븐액티브,26900.0,9.0,9.0,242100.0,242100.0,KOSPI,-3.84
131890,ACE 삼성그룹동일가중,40000.0,111.0,111.0,4440000.0,4440000.0,KOSPI,-3.32
291130,ACE MSCI멕시코(합성),17610.0,346.0,346.0,6093060.0,6093060.0,KOSPI,-1.65
0193K0,PLUS 삼성전자단일종목레버리지,11120.0,12842.0,12842.0,142803040.0,142803040.0,KOSPI,-5.96
005725,넥센우,4340.0,50.0,50.0,217000.0,217000.0,KOSPI,0.0
580086,KB 솔랙티브 레버리지 천연가스 선물 ETN,15585.0,78036.0,78036.0,1216191060.0,1216191060.0,KOSPI,0.58
432840,HANARO 미국S&P500,19430.0,558.0,558.0,10841940.0,10841940.0,KOSPI,-0.74
002025,코오롱우,13380.0,11804.0,11804.0,157937520.0,157937520.0,KOSPI,-0.45
580050,KB 차이나 과창판 STAR 50 ETN,15510.0,8.0,8.0,124080.0,124080.0,KOSPI,-2.24
700034,하나 레버리지 K방산TOP10 ETN,10275.0,9192.0,9192.0,94447800.0,94447800.0,KOSPI,-8.42
530120,삼성 나스닥 100 TR ETN,15410.0,102.0,102.0,1571820.0,1571820.0,KOSPI,-2.03
130680,TIGER 원유선물Enhanced(H),7490.0,120009.0,120009.0,898867410.0,898867410.0,KOSPI,4.76
453630,KODEX 미국S&P500필수소비재,12270.0,2786.0,2786.0,34184220.0,34184220.0,KOSPI,0.08
580051,KB 레버리지 밀 선물 ETN,10205.0,1508.0,1508.0,15389140.0,15389140.0,KOSPI,-1.78
570063,한투 베트남VN30선물 ETN(H),15225.0,141.0,141.0,2146725.0,2146725.0,KOSPI,-1.23
760015,키움 레버리지 바이오TOP10 ETN,7610.0,17131.0,17131.0,130366910.0,130366910.0,KOSPI,-5.11
491510,파워 K-주주가치액티브,17840.0,614.0,614.0,10953760.0,10953760.0,KOSPI,-1.49
580090,KB 솔랙티브 인버스 2X 금 선물 ETN,15135.0,6780.0,6780.0,102615300.0,102615300.0,KOSPI,4.96
570099,한투 인버스2X엔달러 선물 ETN(H),15115.0,4.0,4.0,60460.0,60460.0,KOSPI,0.3
114460,ACE 국고채3년,100570.0,123.0,123.0,12370110.0,12370110.0,KOSPI,-0.1
044380,주연테크,1081.0,219813.0,219813.0,237617853.0,237617853.0,KOSPI,-0.28
005257,녹십자홀딩스2우,17680.0,57.0,57.0,1007760.0,1007760.0,KOSPI,0.86
272570,RISE 중장기국공채액티브,107670.0,10.0,10.0,1076700.0,1076700.0,KOSPI,-0.16
520076,미래에셋 1.5X 천연가스 선물 ETN,5935.0,21590.0,21590.0,128136650.0,128136650.0,KOSPI,0.42
760017,키움 조선TOP10 ETN,21155.0,15.0,15.0,317325.0,317325.0,KOSPI,-5.92
337150,KODEX 200exTOP,24680.0,19.0,19.0,468920.0,468920.0,KOSPI,-4.56
530095,삼성 구리 선물 ETN(H),14770.0,3.0,3.0,44310.0,44310.0,KOSPI,-2.51
453010,PLUS KOFR금리,109870.0,1970.0,1970.0,216443900.0,216443900.0,KOSPI,0.01
104520,KIWOOM 블루칩,14635.0,70.0,70.0,1024450.0,1024450.0,KOSPI,-3.59
0207Z0,KIWOOM 미국우주데이터센터인프라,6650.0,19404.0,19404.0,129036600.0,129036600.0,KOSPI,-2.99
570105,한투 인버스일본니케이225선물 ETN(H),4870.0,3133.0,3133.0,15257710.0,15257710.0,KOSPI,2.63
413930,WON AI ESG액티브,26505.0,58.0,58.0,1537290.0,1537290.0,KOSPI,-4.07
453820,KODEX 인도Nifty50레버리지(합성),11165.0,2584.0,2584.0,28850360.0,28850360.0,KOSPI,-2.62
488290,MIDAS 일본테크액티브,41120.0,688.0,688.0,28290560.0,28290560.0,KOSPI,-3.76
0222F0,마이티 AI데이터센터밸류체인,12465.0,3084.0,3084.0,38442060.0,38442060.0,KOSPI,-4.7
387280,TIGER 퓨처모빌리티액티브,11225.0,2584.0,2584.0,29005400.0,29005400.0,KOSPI,-5.15
024890,대원화성,1728.0,22496.0,22496.0,38873088.0,38873088.0,KOSPI,-0.75
266410,KODEX 필수소비재,10145.0,31889.0,31889.0,323513905.0,323513905.0,KOSPI,-1.7
011090,에넥스,1190.0,1046085.0,1046085.0,1244841150.0,1244841150.0,KOSPI,-20.67
001795,대한제당우,2170.0,3600.0,3600.0,7812000.0,7812000.0,KOSPI,-1.59
610035,메리츠 레버리지 대표 농산물 선물 ETN(H),13995.0,8234.0,8234.0,115234830.0,115234830.0,KOSPI,-0.11
0090B0,PLUS K방산소부장,6500.0,36421.0,36421.0,236736500.0,236736500.0,KOSPI,-3.77
0013P0,RISE 미국은행TOP10,12700.0,6875.0,6875.0,87312500.0,87312500.0,KOSPI,0.12
000087,하이트진로2우B,12320.0,706.0,706.0,8697920.0,8697920.0,KOSPI,-0.48
610062,메리츠 인버스 3X 국채30년 ETN,69275.0,220.0,220.0,15240500.0,15240500.0,KOSPI,1.35
137610,TIGER 농산물선물Enhanced(H),6010.0,37135.0,37135.0,223181350.0,223181350.0,KOSPI,0.0
234310,RISE V&S셀렉트밸류,27565.0,28.0,28.0,771820.0,771820.0,KOSPI,-3.64
102960,KODEX 기계장비,13000.0,4457.0,4457.0,57941000.0,57941000.0,KOSPI,-4.97
404650,SOL KRX기후변화솔루션,22900.0,22.0,22.0,503800.0,503800.0,KOSPI,-5.18
244620,KODEX 모멘텀Plus,19590.0,81.0,81.0,1586790.0,1586790.0,KOSPI,-2.54
0153P0,ACE 리츠부동산인프라액티브,9450.0,1029.0,1029.0,9724050.0,9724050.0,KOSPI,-0.21
0220A0,KIWOOM 현대차그룹TOP3채권혼합50,9125.0,18394.0,18394.0,167845250.0,167845250.0,KOSPI,-2.61
500097,신한 레버리지 Russell 2000 ETN B,13640.0,19.0,19.0,259160.0,259160.0,KOSPI,-3.09
266390,KODEX 경기소비재,15135.0,4849.0,4849.0,73389615.0,73389615.0,KOSPI,-0.88
530129,삼성 인버스 2X 미국다우존스 선물 ETN,13620.0,1773.0,1773.0,24148260.0,24148260.0,KOSPI,1.72
700036,하나 인버스 2X 반도체 ETN,2715.0,658871.0,658871.0,1788834765.0,1788834765.0,KOSPI,6.05
484890,SOL 머니마켓액티브,52530.0,7046.0,7046.0,370126380.0,370126380.0,KOSPI,-0.01
530092,삼성 인버스 코스피 200 선물 ETN,2705.0,42744.0,42744.0,115622520.0,115622520.0,KOSPI,4.64
0216Z0,ACE K방산TOP5+,8195.0,22814.0,22814.0,186960730.0,186960730.0,KOSPI,-3.59
500024,신한 인버스 콩 선물 ETN(H),6760.0,1.0,1.0,6760.0,6760.0,KOSPI,-0.73
520088,미래에셋 S&P500 VIX S/T 선물 ETN(H),6755.0,732.0,732.0,4944660.0,4944660.0,KOSPI,2.89
0088N0,WON K-글로벌수급상위,10805.0,3044.0,3044.0,32890420.0,32890420.0,KOSPI,0.93
0004G0,1Q 미국배당TOP30,8985.0,6756.0,6756.0,60702660.0,60702660.0,KOSPI,-0.83
015260,에이엔피,285.0,687549.0,687549.0,195951465.0,195951465.0,KOSPI,-7.47
0051A0,KoAct 브로드컴밸류체인액티브,22365.0,3063.0,3063.0,68503995.0,68503995.0,KOSPI,-2.59
373490,KODEX 코리아혁신성장액티브,24390.0,352.0,352.0,8585280.0,8585280.0,KOSPI,-4.3
580088,KB 인버스 2X KOSPI 200 선물 ETN B,26770.0,6982.0,6982.0,186908140.0,186908140.0,KOSPI,8.29
610072,메리츠 KAP 레버리지 중국 위안화 ETN,26645.0,53.0,53.0,1412185.0,1412185.0,KOSPI,-0.56
0028X0,KODEX 미국금융테크액티브,11550.0,14051.0,14051.0,162289050.0,162289050.0,KOSPI,-3.1
00806K,대덕1우,10950.0,7756.0,7756.0,84928200.0,84928200.0,KOSPI,-0.9
0127V0,KIWOOM 미국S&P500 TOP10&배당다우비중전환,10570.0,2302.0,2302.0,24332140.0,24332140.0,KOSPI,-0.66
496130,TRUSTON 코리아밸류업액티브,24465.0,5.0,5.0,122325.0,122325.0,KOSPI,-3.49
290080,RISE 200고배당커버드콜ATM,7535.0,17491.0,17491.0,131794685.0,131794685.0,KOSPI,-0.2
485810,TIME 글로벌바이오액티브,11450.0,49449.0,49449.0,566191050.0,566191050.0,KOSPI,1.46
0127T0,KIWOOM 미국S&P500&배당다우존스비중전환,10930.0,2930.0,2930.0,32024900.0,32024900.0,KOSPI,-0.64
300610,TIGER K게임,5455.0,18596.0,18596.0,101441180.0,101441180.0,KOSPI,-3.11
570123,한투 은선물 ETN,6545.0,885.0,885.0,5792325.0,5792325.0,KOSPI,-6.23
417450,RISE 글로벌수소경제,15400.0,2470.0,2470.0,38038000.0,38038000.0,KOSPI,-2.32
189400,PLUS 글로벌MSCI(합성 H),25615.0,115.0,115.0,2945725.0,2945725.0,KOSPI,-1.29
252650,KODEX 200동일가중,18525.0,3036.0,3036.0,56241900.0,56241900.0,KOSPI,-2.78
472720,TRUSTON 주주가치액티브,24905.0,1538.0,1538.0,38303890.0,38303890.0,KOSPI,-3.49
428560,KODEX 미국ETF산업Top10 Indxx,16160.0,630.0,630.0,10180800.0,10180800.0,KOSPI,-1.37
360150,KODEX 코스닥150롱코스피200숏선물,3150.0,54407.0,54407.0,171382050.0,171382050.0,KOSPI,1.78
530137,삼성 KRX 2차전지 TOP10 TR ETN,12820.0,12.0,12.0,153840.0,153840.0,KOSPI,-6.05
0104G0,PLUS K방산레버리지,5330.0,55267.0,55267.0,294573110.0,294573110.0,KOSPI,-8.1
580083,KB 레버리지 미국 S&P500 선물 ETN B,25380.0,2.0,2.0,50760.0,50760.0,KOSPI,-1.42
410870,TIME K컬처액티브,9745.0,19086.0,19086.0,185993070.0,185993070.0,KOSPI,-2.55
0015F0,KIWOOM 팔란티어미국30년국채혼합액티브(H),10545.0,23153.0,23153.0,244148385.0,244148385.0,KOSPI,-1.36
0084E0,KIWOOM 미국대형주500월간목표헤지액티브,10085.0,34.0,34.0,342890.0,342890.0,KOSPI,-0.35
760023,키움 레버리지 K방산 TOP5 ETN,12600.0,1747.0,1747.0,22012200.0,22012200.0,KOSPI,-9.25
580032,KB 레버리지 구리 선물 ETN(H),25100.0,695.0,695.0,17444500.0,17444500.0,KOSPI,-4.83
0222D0,KoAct 고배당액티브,10430.0,168484.0,168484.0,1757288120.0,1757288120.0,KOSPI,-1.6
610070,메리츠 KAP 인버스 2X 일본 엔화 ETN,24975.0,935.0,935.0,23351625.0,23351625.0,KOSPI,0.36
435040,ACE 글로벌브랜드TOP10,19195.0,145.0,145.0,2783275.0,2783275.0,KOSPI,-0.72
396510,TIGER 차이나클린에너지SOLACTIVE,6930.0,12975.0,12975.0,89916750.0,89916750.0,KOSPI,-0.65
363510,SOL KIS단기통안채,112170.0,4.0,4.0,448680.0,448680.0,KOSPI,0.02
580080,KB 인버스 은 선물 ETN,12450.0,1027.0,1027.0,12786150.0,12786150.0,KOSPI,3.84
279540,KODEX 최소변동성,20725.0,4222.0,4222.0,87500950.0,87500950.0,KOSPI,-3.33
489860,KIWOOM 글로벌전력GRID인프라,14460.0,2322.0,2322.0,33576120.0,33576120.0,KOSPI,-1.33
395760,PLUS ESG성장주액티브,20460.0,502.0,502.0,10270920.0,10270920.0,KOSPI,-3.56
435550,KIWOOM TDF2050액티브 적격,17535.0,2113.0,2113.0,37051455.0,37051455.0,KOSPI,-0.96
520046,미래에셋 레버리지 옥수수 선물 ETN,12270.0,7628.0,7628.0,93595560.0,93595560.0,KOSPI,0.0
453060,HANARO KOFR금리액티브(합성),111420.0,2592.0,2592.0,288800640.0,288800640.0,KOSPI,0.02
145995,삼양사우,33050.0,32.0,32.0,1057600.0,1057600.0,KOSPI,0.15
610071,메리츠 KAP 중국 위안화 ETN,12215.0,11.0,11.0,134365.0,134365.0,KOSPI,-0.29
530121,삼성 항셍테크 TR ETN(H) B,12190.0,1.0,1.0,12190.0,12190.0,KOSPI,-1.57
251590,PLUS 고배당저변동50,17330.0,2929.0,2929.0,50759570.0,50759570.0,KOSPI,-2.09
400570,KODEX 유럽탄소배출권선물ICE(H),11520.0,10258.0,10258.0,118172160.0,118172160.0,KOSPI,1.5
610086,메리츠 인버스2X 미국채30년 스트립 ETN(H),60220.0,7.0,7.0,421540.0,421540.0,KOSPI,1.49
448490,HANARO 32-10 국고채액티브,52550.0,15.0,15.0,788250.0,788250.0,KOSPI,-0.11
520064,미래에셋 2X 미국채울트라30년 선물 ETN,5980.0,61.0,61.0,364780.0,364780.0,KOSPI,-0.5
457700,KODEX 53-09 국고채액티브,9060.0,320.0,320.0,2899200.0,2899200.0,KOSPI,0.22
269370,TIGER S&P글로벌인프라(합성),17052.0,724.0,724.0,12345648.0,12345648.0,KOSPI,0.31
140580,RISE 우량업종대표주,23870.0,142.0,142.0,3389540.0,3389540.0,KOSPI,-4.21
332610,PLUS 미국단기회사채(AAA~A),124325.0,239.0,239.0,29713675.0,29713675.0,KOSPI,-0.38
0208N0,IBK 코스피액티브,7205.0,319.0,319.0,2298395.0,2298395.0,KOSPI,-3.93
580047,KB 레버리지 항셍테크 선물 ETN(H) B,11850.0,10.0,10.0,118500.0,118500.0,KOSPI,-3.54
0000H0,KODEX 인도Nifty미드캡100,10285.0,512.0,512.0,5265920.0,5265920.0,KOSPI,-1.95
487750,BNK 온디바이스AI,29450.0,1213.0,1213.0,35722850.0,35722850.0,KOSPI,-2.18
453660,KODEX 미국S&P500경기소비재,16825.0,316.0,316.0,5316700.0,5316700.0,KOSPI,-2.41
530127,삼성 미국다우존스 TR ETN,11775.0,8.0,8.0,94200.0,94200.0,KOSPI,-1.05
269530,PLUS S&P글로벌인프라,19590.0,1017.0,1017.0,19923030.0,19923030.0,KOSPI,-0.43
282000,RISE 국고채3년선물인버스,114965.0,9.0,9.0,1034685.0,1034685.0,KOSPI,0.2
45226K,한화갤러리아우,4030.0,2510.0,2510.0,10115300.0,10115300.0,KOSPI,-1.1
610096,메리츠 인버스 2X 천연가스 선물 ETN(H),11620.0,2322.0,2322.0,26981640.0,26981640.0,KOSPI,-1.11
610093,메리츠 인버스 3X 일본 국채 10년 ETN,23230.0,43.0,43.0,998890.0,998890.0,KOSPI,0.02
404540,TIGER KRX기후변화솔루션,23165.0,227.0,227.0,5258455.0,5258455.0,KOSPI,-4.91
580043,KB 레버리지 KOSDAQ 150 선물 ETN,23120.0,3853.0,3853.0,89081360.0,89081360.0,KOSPI,-0.94
0194R0,KIWOOM SK하이닉스선물단일종목레버리지,7575.0,31060.0,31060.0,235279500.0,235279500.0,KOSPI,-9.55
409810,KODEX 미국나스닥100선물인버스(H),5635.0,250529.0,250529.0,1411730915.0,1411730915.0,KOSPI,1.71
166400,TIGER 200커버드콜OTM,23065.0,408.0,408.0,9410520.0,9410520.0,KOSPI,-3.37
700032,하나 인버스 2X 천연가스 선물 ETN(H),11530.0,194.0,194.0,2236820.0,2236820.0,KOSPI,-1.45
0193L0,PLUS 삼성전자선물단일종목인버스2X,10020.0,377713.0,377713.0,3784684260.0,3784684260.0,KOSPI,7.92
451600,PLUS 국고채30년액티브,83265.0,31.0,31.0,2581215.0,2581215.0,KOSPI,-0.49
500063,신한 인버스 코스닥 150 선물 ETN,5695.0,3.0,3.0,17085.0,17085.0,KOSPI,1.7
354240,RISE 미국고정배당우선증권,10325.0,2022.0,2022.0,20877150.0,20877150.0,KOSPI,-1.15
0221Z0,ACE K바이오코스닥액티브,10250.0,7587.0,7587.0,77766750.0,77766750.0,KOSPI,-2.75
520040,미래에셋 인버스 코스닥150 선물 ETN,5635.0,5759.0,5759.0,32451965.0,32451965.0,KOSPI,2.18
610060,메리츠 인버스 3X 국채10년 ETN,22500.0,1.0,1.0,22500.0,22500.0,KOSPI,0.87
430500,KIWOOM 물가채KIS,111935.0,29.0,29.0,3246115.0,3246115.0,KOSPI,-0.3
464610,SOL 의료기기소부장Fn,7410.0,2570.0,2570.0,19043700.0,19043700.0,KOSPI,-2.56
00781K,코리아써키트2우B,14180.0,86.0,86.0,1219480.0,1219480.0,KOSPI,0.57
0113G0,KoAct 미국바이오헬스케어액티브,11630.0,8605.0,8605.0,100076150.0,100076150.0,KOSPI,0.65
140710,KODEX 운송,6445.0,122239.0,122239.0,787830355.0,787830355.0,KOSPI,-3.01
0008E0,ACE 미국중심중소형제조업,11530.0,880.0,880.0,10146400.0,10146400.0,KOSPI,-2.66
084695,대상홀딩스우,11960.0,962.0,962.0,11505520.0,11505520.0,KOSPI,1.18
530139,삼성 iSelect 조선 TOP10 TR ETN,10900.0,33.0,33.0,359700.0,359700.0,KOSPI,-3.88
610074,메리츠 미국채10년 ETN,10880.0,571.0,571.0,6212480.0,6212480.0,KOSPI,-0.41
407820,에셋플러스 코리아플랫폼액티브,6025.0,195.0,195.0,1174875.0,1174875.0,KOSPI,-1.79
520038,미래에셋 인버스 코스피200 선물 ETN,2710.0,79749.0,79749.0,216119790.0,216119790.0,KOSPI,3.83
463640,KODEX 미국S&P500유틸리티,13540.0,3160.0,3160.0,42786400.0,42786400.0,KOSPI,0.59
38380K,LX홀딩스1우,7360.0,4243.0,4243.0,31228480.0,31228480.0,KOSPI,-4.79
446700,RISE 배터리 리사이클링,10370.0,3149.0,3149.0,32655130.0,32655130.0,KOSPI,-4.03
0002C0,에셋플러스 인도일등기업포커스20액티브,9960.0,224.0,224.0,2231040.0,2231040.0,KOSPI,-1.97
498050,HANARO 바이오코리아액티브,10745.0,3450.0,3450.0,37070250.0,37070250.0,KOSPI,-2.01
580065,KB 코스닥 150 TR ETN,10740.0,27644.0,27644.0,296896560.0,296896560.0,KOSPI,-0.97
500086,신한 코스닥 150 TR ETN,10730.0,532.0,532.0,5708360.0,5708360.0,KOSPI,-2.54
385710,TIME K이노베이션액티브,10725.0,12921.0,12921.0,138577725.0,138577725.0,KOSPI,-2.77
451150,에셋플러스 글로벌영에이지액티브,17260.0,10.0,10.0,172600.0,172600.0,KOSPI,-1.23
610102,메리츠 솔랙티브 금 선물 ETN(H),10665.0,249.0,249.0,2655585.0,2655585.0,KOSPI,-3.0
550100,N2 인버스 2X 천연가스 선물 ETN,10665.0,3.0,3.0,31995.0,31995.0,KOSPI,-1.98
139240,TIGER 200 철강소재,10875.0,12512.0,12512.0,136068000.0,136068000.0,KOSPI,-3.5
760027,키움 인버스 2X 전력 TOP5 ETN,5310.0,116372.0,116372.0,617935320.0,617935320.0,KOSPI,10.86
310080,RISE 중국MSCI China(H),9195.0,1319.0,1319.0,12128205.0,12128205.0,KOSPI,-1.34
0203D0,PLUS 200위클리커버드콜채권혼합,8790.0,17601.0,17601.0,154712790.0,154712790.0,KOSPI,-1.95
0093B0,RISE 엔비디아고정테크100,12400.0,1621.0,1621.0,20100400.0,20100400.0,KOSPI,-1.86
371870,ACE 차이나항셍테크,6585.0,2156.0,2156.0,14197260.0,14197260.0,KOSPI,-1.86
580054,KB 인버스 2X 콩 선물 ETN,21035.0,40.0,40.0,841400.0,841400.0,KOSPI,-0.71
570085,한투 인도네시아대표원자재 ETN,10495.0,11.0,11.0,115445.0,115445.0,KOSPI,-2.64
700011,하나 레버리지 옥수수 선물 ETN(H),10490.0,3461.0,3461.0,36305890.0,36305890.0,KOSPI,-0.14
0068M0,KODEX 미국S&P500버퍼6월액티브,11650.0,15.0,15.0,174750.0,174750.0,KOSPI,-0.51
004105,태양금속우,3170.0,7596.0,7596.0,24079320.0,24079320.0,KOSPI,-1.4
580059,KB 미국채 10년 ETN,10440.0,5.0,5.0,52200.0,52200.0,KOSPI,-0.33
0189Z0,DAISHIN 금융&지주고배당,10380.0,3183.0,3183.0,33039540.0,33039540.0,KOSPI,-0.1
419420,KODEX 미국클린에너지나스닥,8600.0,1061.0,1061.0,9124600.0,9124600.0,KOSPI,-2.33
0191S0,IBK 코스닥150,13945.0,2102.0,2102.0,29312390.0,29312390.0,KOSPI,-1.62
530064,삼성 인버스 2X 구리 선물 ETN(H),687.0,54571.0,54571.0,37490277.0,37490277.0,KOSPI,5.21
0094L0,RISE 차이나테크TOP10위클리타겟커버드콜,7350.0,4821.0,4821.0,35434350.0,35434350.0,KOSPI,-1.8
237440,TIGER 경기방어채권혼합,10270.0,3262.0,3262.0,33500740.0,33500740.0,KOSPI,-0.58
001067,JW중외제약2우B,48800.0,39.0,39.0,1903200.0,1903200.0,KOSPI,0.0
0001P0,마이티 바이오시밀러&CDMO액티브,9110.0,870.0,870.0,7925700.0,7925700.0,KOSPI,-2.31
580052,KB 인버스 2X 밀 선물 ETN,20390.0,499.0,499.0,10174610.0,10174610.0,KOSPI,1.39
461580,TIGER 코스닥글로벌,15670.0,17347.0,17347.0,271827490.0,271827490.0,KOSPI,-1.42
280920,PLUS 주도업종,22570.0,95.0,95.0,2144150.0,2144150.0,KOSPI,-4.63
460270,KIWOOM 미국달러SOFR금리액티브(합성),12450.0,504.0,504.0,6274800.0,6274800.0,KOSPI,-0.32
181480,ACE 미국부동산리츠(합성 H),83935.0,174.0,174.0,14604690.0,14604690.0,KOSPI,-0.66
140570,RISE 수출주,25115.0,228.0,228.0,5726220.0,5726220.0,KOSPI,-3.94
456250,KODEX 유럽명품TOP10 STOXX,8720.0,6098.0,6098.0,53174560.0,53174560.0,KOSPI,-2.68
610034,메리츠 대표 농산물 선물 ETN(H),10025.0,108.0,108.0,1082700.0,1082700.0,KOSPI,-0.15
0067Y0,TIGER 차이나AI소프트웨어,10535.0,3777.0,3777.0,39790695.0,39790695.0,KOSPI,-3.97
760032,키움 모험자본창업투자 ETN,9995.0,4.0,4.0,39980.0,39980.0,KOSPI,-3.48
570107,한투 인버스2X일본니케이225선물 ETN(H),3990.0,1261.0,1261.0,5031390.0,5031390.0,KOSPI,4.59
610092,메리츠 인버스 일본 국채 10년 ETN,9955.0,23.0,23.0,228965.0,228965.0,KOSPI,0.4
004255,NPC우,1884.0,5618.0,5618.0,10584312.0,10584312.0,KOSPI,0.53
0233N0,RISE 글로벌AI낸드메모리반도체,9900.0,43429.0,43429.0,429947100.0,429947100.0,KOSPI,-2.75
0120J0,BNK 카카오그룹포커스,7890.0,14037.0,14037.0,110751930.0,110751930.0,KOSPI,-2.77
487910,ACE 인도컨슈머파워액티브,8210.0,514.0,514.0,4219940.0,4219940.0,KOSPI,-3.3
610082,메리츠 인도 루피화 ETN,9850.0,1.0,1.0,9850.0,9850.0,KOSPI,-0.45
520097,미래에셋 1.5X S&P500 VIX S/T선물 ETN,9835.0,13950.0,13950.0,137198250.0,137198250.0,KOSPI,4.24
281990,RISE 중소형고배당,17820.0,242.0,242.0,4312440.0,4312440.0,KOSPI,-0.78
395750,PLUS ESG가치주액티브,19585.0,18.0,18.0,352530.0,352530.0,KOSPI,-4.18
174350,TIGER 로우볼,21245.0,564.0,564.0,11982180.0,11982180.0,KOSPI,-1.0
003075,코오롱글로벌우,13160.0,41.0,41.0,539560.0,539560.0,KOSPI,2.49
354350,HANARO 글로벌럭셔리S&P(합성),18690.0,476.0,476.0,8896440.0,8896440.0,KOSPI,-3.59
117690,TIGER 차이나항셍30,19340.0,378.0,378.0,7310520.0,7310520.0,KOSPI,-0.72
252000,TIGER 200동일가중,19285.0,315.0,315.0,6074775.0,6074775.0,KOSPI,-3.09
429010,TIGER 미국나스닥넥스트100,19275.0,96.0,96.0,1850400.0,1850400.0,KOSPI,-1.41
700014,하나 인버스 2X 콩 선물 ETN(H),9635.0,1.0,1.0,9635.0,9635.0,KOSPI,-1.78
227570,TIGER 우량가치,21310.0,11402.0,11402.0,242976620.0,242976620.0,KOSPI,-0.63
610068,메리츠 KAP 일본 엔화 ETN,9585.0,5826.0,5826.0,55842210.0,55842210.0,KOSPI,-0.16
463690,KODEX 미국S&P500커뮤니케이션,17380.0,3371.0,3371.0,58587980.0,58587980.0,KOSPI,-1.08
230480,KIWOOM 미국달러선물인버스2X,4730.0,1436.0,1436.0,6792280.0,6792280.0,KOSPI,0.53
580087,KB 솔랙티브 인버스 천연가스 선물 ETN,9480.0,4.0,4.0,37920.0,37920.0,KOSPI,-0.78
550099,N2 레버리지 천연가스 선물 ETN,9475.0,2291.0,2291.0,21707225.0,21707225.0,KOSPI,0.96
0174R0,KIWOOM 미국성장다우존스,11110.0,10214.0,10214.0,113477540.0,113477540.0,KOSPI,-1.64
580061,KB 미국채 30년 ETN,9430.0,1003.0,1003.0,9458290.0,9458290.0,KOSPI,0.43
266550,PLUS 중형주저변동50,18755.0,2.0,2.0,37510.0,37510.0,KOSPI,-1.99
0226G0,WON 피지컬AI TOP2플러스액티브,11705.0,16720.0,16720.0,195707600.0,195707600.0,KOSPI,-3.94
482030,KoAct 반도체&2차전지핵심소재액티브,8870.0,4053.0,4053.0,35950110.0,35950110.0,KOSPI,-3.95
700035,하나 인버스 2X K방산TOP10 ETN,9270.0,24417.0,24417.0,226345590.0,226345590.0,KOSPI,8.48
494180,TIME 글로벌소비트렌드액티브,13115.0,17.0,17.0,222955.0,222955.0,KOSPI,-1.35
001755,한양증권우,19290.0,1723.0,1723.0,33236670.0,33236670.0,KOSPI,-2.38
341850,TIGER 리츠부동산인프라채권,4560.0,13648.0,13648.0,62234880.0,62234880.0,KOSPI,-0.87
610097,메리츠 미국채30년스트립 커버드콜 ETN(H),9105.0,4.0,4.0,36420.0,36420.0,KOSPI,-0.27
497510,ACE 글로벌빅파마,13005.0,1216.0,1216.0,15814080.0,15814080.0,KOSPI,1.05
0133E0,TIGER 차이나증권,8640.0,1734.0,1734.0,14981760.0,14981760.0,KOSPI,-3.95
301400,PLUS 코스닥150,13775.0,11792.0,11792.0,162434800.0,162434800.0,KOSPI,-2.2
0084D0,KIWOOM 미국테크100월간목표헤지액티브,11190.0,52.0,52.0,581880.0,581880.0,KOSPI,-0.58
610095,메리츠 레버리지 천연가스 선물 ETN(H),8935.0,51247.0,51247.0,457891945.0,457891945.0,KOSPI,0.96
580053,KB 레버리지 콩 선물 ETN,17845.0,558.0,558.0,9957510.0,9957510.0,KOSPI,-0.2
399580,RISE 글로벌클린에너지,8900.0,3232.0,3232.0,28764800.0,28764800.0,KOSPI,-1.06
0214M0,MIDAS 바이오헬스케어액티브,10460.0,842.0,842.0,8807320.0,8807320.0,KOSPI,-1.78
0224D0,KIWOOM 미국CPU반도체TOP4+,8890.0,3479.0,3479.0,30928310.0,30928310.0,KOSPI,-2.31
215620,HK S&P코리아로우볼,16445.0,949.0,949.0,15606305.0,15606305.0,KOSPI,-0.15
700031,하나 레버리지 천연가스 선물 ETN(H),8880.0,7926.0,7926.0,70382880.0,70382880.0,KOSPI,0.79
449680,TIGER 한중전기차(합성),10425.0,405.0,405.0,4222125.0,4222125.0,KOSPI,-5.1
105010,TIGER 라틴35,6315.0,8797.0,8797.0,55553055.0,55553055.0,KOSPI,1.04
395150,KODEX 웹툰&드라마,1832.0,45212.0,45212.0,82828384.0,82828384.0,KOSPI,-3.38
500101,신한 블룸버그 천연가스 선물 ETN,8755.0,143.0,143.0,1251965.0,1251965.0,KOSPI,0.86
466810,BNK 2차전지양극재,5830.0,16416.0,16416.0,95705280.0,95705280.0,KOSPI,-4.43
700033,하나 K방산TOP10 ETN,8740.0,43.0,43.0,375820.0,375820.0,KOSPI,-3.43
580085,KB 솔랙티브 천연가스 선물 ETN,8730.0,10147.0,10147.0,88583310.0,88583310.0,KOSPI,0.17
0227K0,RISE 미국우주위성통신,8715.0,39207.0,39207.0,341689005.0,341689005.0,KOSPI,-3.38
610084,메리츠 미국채30년 스트립 ETN(H),8690.0,1.0,1.0,8690.0,8690.0,KOSPI,-0.4
0184N0,PLUS 은채권혼합,8675.0,22902.0,22902.0,198674850.0,198674850.0,KOSPI,-2.25
500068,신한 인버스 2X 10년 국채선물 ETN,12360.0,37.0,37.0,457320.0,457320.0,KOSPI,0.73
217780,TIGER 차이나CSI300인버스(합성),5550.0,2285.0,2285.0,12681750.0,12681750.0,KOSPI,1.74
33637L,솔루스첨단소재2우B,2270.0,2013.0,2013.0,4569510.0,4569510.0,KOSPI,-4.62
550095,N2 레버리지 국채10년 ETN,17135.0,8.0,8.0,137080.0,137080.0,KOSPI,-0.64
375270,RISE 글로벌데이터센터리츠(합성),13175.0,1592.0,1592.0,20974600.0,20974600.0,KOSPI,-1.83
371150,RISE 차이나항셍테크,6580.0,2404.0,2404.0,15818320.0,15818320.0,KOSPI,-1.35
610059,메리츠 3X 레버리지 국채10년 ETN,17065.0,33.0,33.0,563145.0,563145.0,KOSPI,-1.27
435540,KIWOOM TDF2040액티브 적격,17055.0,561.0,561.0,9567855.0,9567855.0,KOSPI,-0.76
000225,유유제약1우,3755.0,4142.0,4142.0,15553210.0,15553210.0,KOSPI,-0.13
570094,한투 일본엔선물 ETN C,8510.0,64.0,64.0,544640.0,544640.0,KOSPI,-0.06
520085,미래에셋 -2X 미국 AI TOP3 ETN,8505.0,14.0,14.0,119070.0,119070.0,KOSPI,3.47
381570,HANARO Fn친환경에너지,9995.0,5430.0,5430.0,54272850.0,54272850.0,KOSPI,-5.26
001515,SK증권우,4300.0,1648.0,1648.0,7086400.0,7086400.0,KOSPI,-0.81
497520,ACE 일라이릴리밸류체인,12930.0,2251.0,2251.0,29105430.0,29105430.0,KOSPI,-0.23
700030,하나 S&P 인버스 2X WTI원유 선물 ETN B,2100.0,112459.0,112459.0,236163900.0,236163900.0,KOSPI,-9.87
530141,삼성 중국 자동차 TOP5 TR ETN(H),8380.0,1734.0,1734.0,14530920.0,14530920.0,KOSPI,-4.5
530135,삼성 인버스 China A50 선물 ETN(H) B,8380.0,1.0,1.0,8380.0,8380.0,KOSPI,0.06
610090,메리츠 일본 국채 10년 ETN,8360.0,87.0,87.0,727320.0,727320.0,KOSPI,-0.36
610100,메리츠 레버리지 은 선물 ETN(H),8355.0,46439.0,46439.0,387997845.0,387997845.0,KOSPI,-7.88
0194N0,KIWOOM 삼성전자선물단일종목레버리지,10120.0,2808.0,2808.0,28416960.0,28416960.0,KOSPI,-7.45
0216K0,KIWOOM 미국우주테크TOP2채권혼합50,8320.0,46122.0,46122.0,383735040.0,383735040.0,KOSPI,-2.18
530114,삼성 인버스 2X S&P500 선물 ETN,8315.0,949.0,949.0,7890935.0,7890935.0,KOSPI,1.46
182490,TIGER 단기선진하이일드(합성 H),13835.0,196.0,196.0,2711660.0,2711660.0,KOSPI,-0.68
270800,RISE KQ고배당,15030.0,175.0,175.0,2630250.0,2630250.0,KOSPI,-2.91
277650,TIGER 코스피중형주,20645.0,167.0,167.0,3447715.0,3447715.0,KOSPI,-3.35
395280,HANARO Fn K-게임,3510.0,10904.0,10904.0,38273040.0,38273040.0,KOSPI,-3.84
429980,SOL 한국형글로벌전기차&2차전지액티브,16420.0,219.0,219.0,3595980.0,3595980.0,KOSPI,-3.27
610094,메리츠 천연가스 선물 ETN(H),8190.0,26699.0,26699.0,218664810.0,218664810.0,KOSPI,0.55
0219B0,KoAct 광통신&위성네트워크액티브,10210.0,20077.0,20077.0,204986170.0,204986170.0,KOSPI,-2.72
500036,신한 인버스 2X 미국달러 선물 ETN,4075.0,45.0,45.0,183375.0,183375.0,KOSPI,-0.12
462340,에셋플러스 글로벌다이나믹시니어액티브,16265.0,45.0,45.0,731925.0,731925.0,KOSPI,-0.46
490330,KoAct 미국치매&뇌질환치료제액티브,14765.0,479.0,479.0,7072435.0,7072435.0,KOSPI,-0.24
225050,TIGER 유로스탁스레버리지(합성 H),16200.0,685.0,685.0,11097000.0,11097000.0,KOSPI,-2.23
0219Z0,HANARO 미국S&P500액티브,10090.0,251.0,251.0,2532590.0,2532590.0,KOSPI,-2.18
610073,메리츠 KAP 인버스 2X 중국 위안화 ETN,16040.0,14.0,14.0,224560.0,224560.0,KOSPI,0.6
570114,한투 S&P500 VIX S/T선물 ETN(H) B,8020.0,1112.0,1112.0,8918240.0,8918240.0,KOSPI,2.69
480460,WON 한국부동산TOP3플러스,9430.0,1751.0,1751.0,16511930.0,16511930.0,KOSPI,0.43
457930,BNK 미래전략기술액티브,26585.0,123.0,123.0,3269955.0,3269955.0,KOSPI,-3.61
580079,KB 레버리지 은 선물 ETN,7970.0,15235.0,15235.0,121422950.0,121422950.0,KOSPI,-8.86
0226D0,FOCUS 금융반도체지주채권혼합50액티브,9855.0,3435.0,3435.0,33851925.0,33851925.0,KOSPI,-1.74
261110,TIGER 미국달러선물레버리지,15675.0,1875.0,1875.0,29390625.0,29390625.0,KOSPI,-0.35
0172Y0,ACE K수출핵심TOP10산업액티브,9205.0,5842.0,5842.0,53775610.0,53775610.0,KOSPI,-4.46
530090,삼성 인버스 은 선물 ETN(H),2605.0,29485.0,29485.0,76808425.0,76808425.0,KOSPI,4.2
253280,RISE 헬스케어,12980.0,314.0,314.0,4075720.0,4075720.0,KOSPI,-1.7
487920,ACE 인도시장대표BIG5그룹액티브,7785.0,2576.0,2576.0,20054160.0,20054160.0,KOSPI,-1.7
580062,KB 레버리지 미국채 30년 ETN,15565.0,579.0,579.0,9012135.0,9012135.0,KOSPI,-0.48
570097,한투 엔달러선물 ETN(H),7775.0,56.0,56.0,435400.0,435400.0,KOSPI,0.06
227550,TIGER 200 산업재,11745.0,4370.0,4370.0,51325650.0,51325650.0,KOSPI,-4.12
001065,JW중외제약우,22650.0,126.0,126.0,2853900.0,2853900.0,KOSPI,0.44
437370,RISE 글로벌농업경제,10955.0,8909.0,8909.0,97598095.0,97598095.0,KOSPI,1.44
760025,키움 전력 TOP5 ETN,10850.0,146.0,146.0,1584100.0,1584100.0,KOSPI,-5.24
435530,KIWOOM TDF2030액티브 적격,15160.0,345.0,345.0,5230200.0,5230200.0,KOSPI,-0.56
225800,KIWOOM 미국달러선물레버리지,14700.0,348.0,348.0,5115600.0,5115600.0,KOSPI,-0.68
520084,미래에셋 -2X 미국 자율주행대표기업 ETN,7475.0,24.0,24.0,179400.0,179400.0,KOSPI,3.75
304670,KODEX 미국30년국채울트라선물인버스(H),12430.0,665.0,665.0,8265950.0,8265950.0,KOSPI,0.08
494210,SOL 미국500타겟데일리커버드콜액티브,10635.0,4589.0,4589.0,48804015.0,48804015.0,KOSPI,-0.89
0094X0,1Q 샤오미밸류체인액티브,8230.0,3062.0,3062.0,25200260.0,25200260.0,KOSPI,-0.9
438740,MIDAS 중소형액티브,32875.0,11.0,11.0,361625.0,361625.0,KOSPI,-3.29
285690,FOCUS ESG리더스,21090.0,5.0,5.0,105450.0,105450.0,KOSPI,-4.38
139660,KIWOOM 미국달러선물인버스,8480.0,579.0,579.0,4909920.0,4909920.0,KOSPI,0.12
0229F0,마이티 신약포커스바이오액티브,9205.0,206154.0,206154.0,1897647570.0,1897647570.0,KOSPI,-2.02
176950,KODEX 국채선물10년인버스,60770.0,1628.0,1628.0,98933560.0,98933560.0,KOSPI,0.22
402460,HANARO Fn K-메타버스MZ,14535.0,92.0,92.0,1337220.0,1337220.0,KOSPI,-3.39
530142,삼성 중국 AI 테크 TOP5 TR ETN(H),7265.0,687.0,687.0,4991055.0,4991055.0,KOSPI,-1.09
326230,RISE 내수주플러스,11325.0,19.0,19.0,215175.0,215175.0,KOSPI,-2.33
0082F0,HANARO 유럽방산,10290.0,202.0,202.0,2078580.0,2078580.0,KOSPI,-2.65
0215T0,HANARO 미국AI광통신TOP10,7970.0,9993.0,9993.0,79644210.0,79644210.0,KOSPI,-4.78
256450,PLUS 심천차이넥스트(합성),14330.0,284.0,284.0,4069720.0,4069720.0,KOSPI,-2.15
0005C0,RISE 미국S&P500엔화노출(합성 H),11010.0,1421.0,1421.0,15645210.0,15645210.0,KOSPI,-1.65
488480,RISE 일본섹터TOP4Plus,13010.0,859.0,859.0,11175590.0,11175590.0,KOSPI,-2.11
0218K0,BNK 스마트카,10215.0,110.0,110.0,1123650.0,1123650.0,KOSPI,-4.13
368680,KODEX K-뉴딜디지털플러스,7910.0,378.0,378.0,2989980.0,2989980.0,KOSPI,-3.77
315270,TIGER 200커뮤니케이션서비스,19645.0,2278.0,2278.0,44751310.0,44751310.0,KOSPI,-2.84
530056,삼성 인버스 2X 금 선물 ETN(H),1765.0,71082.0,71082.0,125459730.0,125459730.0,KOSPI,5.69
400590,SOL 글로벌탄소배출권선물ICE(합성),14040.0,22.0,22.0,308880.0,308880.0,KOSPI,-0.04
0036Z0,RISE 미국천연가스밸류체인,12740.0,15722.0,15722.0,200298280.0,200298280.0,KOSPI,1.64
429740,PLUS K리츠,6080.0,7434.0,7434.0,45198720.0,45198720.0,KOSPI,-1.06
244670,KODEX 밸류Plus,11625.0,262.0,262.0,3045750.0,3045750.0,KOSPI,-2.47
570101,한투 인버스나스닥100 ETN B,6975.0,10.0,10.0,69750.0,69750.0,KOSPI,1.82
760006,키움 KPOP ETN,6945.0,6.0,6.0,41670.0,41670.0,KOSPI,-1.84
570111,한투 3X레버리지미국채30년 ETN,34695.0,2.0,2.0,69390.0,69390.0,KOSPI,-0.93
510043,대신 인버스 천연가스 선물 ETN(H) B,6930.0,9.0,9.0,62370.0,62370.0,KOSPI,0.07
610099,메리츠 은 선물 ETN(H),6915.0,519.0,519.0,3588885.0,3588885.0,KOSPI,-4.36
550098,N2 인버스 2X 코스닥150 선물 ETN,6910.0,16167.0,16167.0,111713970.0,111713970.0,KOSPI,5.42
139290,TIGER 200 경기소비재,24555.0,695.0,695.0,17065725.0,17065725.0,KOSPI,-4.23
0176P0,FOCUS AI반도체위클리고정커버드콜,12390.0,3496.0,3496.0,43315440.0,43315440.0,KOSPI,-0.52
238670,PLUS 스마트베타Quality채권혼합,13545.0,2617.0,2617.0,35447265.0,35447265.0,KOSPI,-0.15
530060,삼성 코스피 양매도 5% OTM ETN,6765.0,49.0,49.0,331485.0,331485.0,KOSPI,1.12
000325,노루홀딩스우,27750.0,10.0,10.0,277500.0,277500.0,KOSPI,-0.18
0166T0,PLUS 글로벌저작권핵심기업액티브,9595.0,22.0,22.0,211090.0,211090.0,KOSPI,-1.59
580078,KB 은 선물 ETN,6675.0,726.0,726.0,4846050.0,4846050.0,KOSPI,-4.91
0047N0,PLUS 차이나AI테크TOP10,9535.0,2181.0,2181.0,20795835.0,20795835.0,KOSPI,-2.36
250780,TIGER 코스닥150선물인버스,2515.0,801076.0,801076.0,2014706140.0,2014706140.0,KOSPI,2.44
570092,한투 인버스2X유로스탁스50 ETN(H) B,6655.0,161.0,161.0,1071455.0,1071455.0,KOSPI,2.31
500067,신한 레버리지 10년 국채선물 ETN,9495.0,2.0,2.0,18990.0,18990.0,KOSPI,-0.42
530122,삼성 인버스 2X 항셍테크 TR ETN(H) B,6615.0,14364.0,14364.0,95017860.0,95017860.0,KOSPI,2.96
500098,신한 인버스 2X Russell 2000 ETN B,6595.0,3.0,3.0,19785.0,19785.0,KOSPI,3.78
456200,PLUS 미국달러SOFR금리액티브(합성),59330.0,341.0,341.0,20231530.0,20231530.0,KOSPI,-0.08
0138D0,RISE 동학개미,11840.0,997.0,997.0,11804480.0,11804480.0,KOSPI,-3.97
530096,삼성 인버스 구리 선물 ETN(H),6475.0,44.0,44.0,284900.0,284900.0,KOSPI,2.94
138920,KODEX 콩선물(H),12860.0,1448.0,1448.0,18621280.0,18621280.0,KOSPI,0.19
570095,한투 레버리지일본엔선물 ETN C,6375.0,13049.0,13049.0,83187375.0,83187375.0,KOSPI,-0.62
316300,ACE 싱가포르리츠,12745.0,723.0,723.0,9214635.0,9214635.0,KOSPI,-0.97
580084,KB 인버스 2X 미국 S&P500 선물 ETN B,12590.0,2.0,2.0,25180.0,25180.0,KOSPI,1.82
570091,한투 인버스유로스탁스50 ETN(H) C,6255.0,4.0,4.0,25020.0,25020.0,KOSPI,1.21
012205,계양전기우,5300.0,19838.0,19838.0,105141400.0,105141400.0,KOSPI,-3.81
474390,SOL 국고채30년액티브,40130.0,185.0,185.0,7424050.0,7424050.0,KOSPI,-0.15
002995,금호건설우,21050.0,23865.0,23865.0,502358250.0,502358250.0,KOSPI,0.0
307510,TIGER 의료기기,12300.0,3859.0,3859.0,47465700.0,47465700.0,KOSPI,-2.3
291890,KODEX MSCI EM선물(H),12265.0,63.0,63.0,772695.0,772695.0,KOSPI,-1.45
760010,키움 2차전지산업 ETN,8705.0,3.0,3.0,26115.0,26115.0,KOSPI,-5.23
469530,RISE 미국달러선물인버스,9500.0,2160.0,2160.0,20520000.0,20520000.0,KOSPI,0.42
004985,성신양회우,8260.0,1177.0,1177.0,9722020.0,9722020.0,KOSPI,-2.13
0184V0,UNICORN K바이오액티브,5730.0,17923.0,17923.0,102698790.0,102698790.0,KOSPI,-2.55
289670,PLUS 국채선물10년,51755.0,2786.0,2786.0,144189430.0,144189430.0,KOSPI,-0.15
26490K,크라운제과우,7760.0,207.0,207.0,1606320.0,1606320.0,KOSPI,-0.39
0087F0,ACE 차이나AI빅테크TOP2+액티브,11930.0,3484.0,3484.0,41564120.0,41564120.0,KOSPI,-1.16
0114X0,RISE 글로벌게임테크TOP3Plus,8500.0,64193.0,64193.0,545640500.0,545640500.0,KOSPI,-1.85
451670,RISE 국채30년레버리지(합성),11835.0,116.0,116.0,1372860.0,1372860.0,KOSPI,-1.09
400580,SOL 유럽탄소배출권선물S&P(H),11800.0,2810.0,2810.0,33158000.0,33158000.0,KOSPI,1.2
610023,메리츠 레버리지 미국채10년 ETN(H),5890.0,162.0,162.0,954180.0,954180.0,KOSPI,-0.51
004835,덕성우,4220.0,6378.0,6378.0,26915160.0,26915160.0,KOSPI,-0.12
570098,한투 레버리지엔달러선물 ETN(H),5860.0,1612.0,1612.0,9446320.0,9446320.0,KOSPI,-0.34
314700,HANARO 농업융복합산업,10645.0,325.0,325.0,3459625.0,3459625.0,KOSPI,-2.38
510027,대신 인버스 2X 코스닥 150 선물 ETN,1931.0,56849.0,56849.0,109775419.0,109775419.0,KOSPI,5.92
570073,한투 인버스2X구리선물 ETN,5785.0,1.0,1.0,5785.0,5785.0,KOSPI,4.71
407300,HANARO Fn골프테마,10455.0,1.0,1.0,10455.0,10455.0,KOSPI,-1.13
580044,KB 인버스 2X KOSDAQ 150 선물 ETN,1909.0,57883.0,57883.0,110498647.0,110498647.0,KOSPI,4.49
0053M0,더제이 중소형포커스액티브,12625.0,2260.0,2260.0,28532500.0,28532500.0,KOSPI,-4.61
530094,삼성 인버스 코스닥 150 선물 ETN,5660.0,2036.0,2036.0,11523760.0,11523760.0,KOSPI,1.62
401590,HANARO 글로벌탄소배출권선물ICE(합성),11085.0,2143.0,2143.0,23755155.0,23755155.0,KOSPI,-0.23
433250,UNICORN R&D 액티브,22605.0,20.0,20.0,452100.0,452100.0,KOSPI,-3.77
0191B0,MIDAS 코스닥액티브,28220.0,436.0,436.0,12303920.0,12303920.0,KOSPI,-1.48
219900,ACE 중국본토CSI300레버리지(합성),4030.0,1709.0,1709.0,6887270.0,6887270.0,KOSPI,-2.77
488200,KIWOOM K-2차전지북미공급망,12430.0,5571.0,5571.0,69247530.0,69247530.0,KOSPI,-4.68
530062,삼성 인버스 2X 은 선물 ETN(H),43.0,1905442.0,1905442.0,81934006.0,81934006.0,KOSPI,10.26
267450,RISE 미국장기국채선물인버스(H),11130.0,58.0,58.0,645540.0,645540.0,KOSPI,0.13
483020,KIWOOM 의료AI,9235.0,1272.0,1272.0,11746920.0,11746920.0,KOSPI,-2.74
432600,RISE 국채선물3년,55235.0,4.0,4.0,220940.0,220940.0,KOSPI,-0.08
0102X0,ACE 유럽방산TOP10,9200.0,699.0,699.0,6430800.0,6430800.0,KOSPI,-2.28
090355,노루페인트우,11870.0,11.0,11.0,130570.0,130570.0,KOSPI,0.0
390400,KODEX 미국스마트모빌리티S&P,6850.0,390.0,390.0,2671500.0,2671500.0,KOSPI,-2.0
470310,UNICORN 생성형AI강소기업액티브,18080.0,567.0,567.0,10251360.0,10251360.0,KOSPI,-3.93
220130,SOL 차이나강소기업CSI500(합성 H),6775.0,10274.0,10274.0,69606350.0,69606350.0,KOSPI,-1.38
476310,RISE 글로벌비만산업TOP2+,9825.0,168.0,168.0,1650600.0,1650600.0,KOSPI,0.98
500061,신한 인버스 코스피 200 선물 ETN,2700.0,1486.0,1486.0,4012200.0,4012200.0,KOSPI,3.05
0132D0,KoAct 글로벌K컬처밸류체인액티브,9800.0,1470.0,1470.0,14406000.0,14406000.0,KOSPI,-0.96
483030,KIWOOM 미국블록버스터바이오테크의약품+,11945.0,2392.0,2392.0,28572440.0,28572440.0,KOSPI,0.25
499150,SOL 미국S&P500엔화노출(H),10710.0,6358.0,6358.0,68094180.0,68094180.0,KOSPI,-0.79
321410,KODEX 멀티에셋하이인컴(H),10625.0,3.0,3.0,31875.0,31875.0,KOSPI,-0.33
760014,키움 바이오TOP10 ETN,7515.0,197.0,197.0,1480455.0,1480455.0,KOSPI,-2.34
413220,SOL 차이나태양광CSI(합성),4355.0,801.0,801.0,3488355.0,3488355.0,KOSPI,-2.02
0015E0,KIWOOM 엔비디아미국30년국채혼합액티브(H),10440.0,1068.0,1068.0,11149920.0,11149920.0,KOSPI,-0.76
0174J0,DAISHIN 오피스리츠플러스,8680.0,22.0,22.0,190960.0,190960.0,KOSPI,-0.57
295000,RISE 국채선물10년,51010.0,31.0,31.0,1581310.0,1581310.0,KOSPI,-0.29
411860,KIWOOM 독일DAX,16770.0,893.0,893.0,14975610.0,14975610.0,KOSPI,-1.41
610029,메리츠 인버스 2X 구리 선물 ETN(H),4995.0,2.0,2.0,9990.0,9990.0,KOSPI,4.94
570066,한투 인버스2X베트남VN30 선물 ETN(H),4990.0,1001.0,1001.0,4994990.0,4994990.0,KOSPI,-0.89
550070,N2 인버스 레버리지 구리 선물 ETN(H),4985.0,2002.0,2002.0,9979970.0,9979970.0,KOSPI,5.5
498610,RISE 인도디지털성장,8255.0,47.0,47.0,387985.0,387985.0,KOSPI,-1.32
0073X0,FOCUS 알리바바미국채커버드콜혼합,8800.0,137.0,137.0,1205600.0,1205600.0,KOSPI,-0.11
0154H0,KoAct 차이나바이오헬스케어액티브,8785.0,6595.0,6595.0,57937075.0,57937075.0,KOSPI,-0.06
267440,RISE 미국장기국채선물(H),8000.0,31.0,31.0,248000.0,248000.0,KOSPI,0.06
291630,KIWOOM 코스닥150선물레버리지,3310.0,52789.0,52789.0,174731590.0,174731590.0,KOSPI,-4.34
227560,TIGER 200 생활소비재,13140.0,7696.0,7696.0,101125440.0,101125440.0,KOSPI,-2.01
244660,KODEX 퀄리티Plus,9450.0,13.0,13.0,122850.0,122850.0,KOSPI,-1.97
0015K0,TIGER 미국소비트렌드액티브,6945.0,433.0,433.0,3007185.0,3007185.0,KOSPI,-1.35
0128D0,PLUS 차이나항셍테크위클리타겟커버드콜,6740.0,1815.0,1815.0,12233100.0,12233100.0,KOSPI,-0.88
0078V0,PLUS 미국로보택시,9250.0,2825.0,2825.0,26131250.0,26131250.0,KOSPI,-2.01
391600,ACE 미국친환경그린테마,10135.0,115.0,115.0,1165525.0,1165525.0,KOSPI,-0.3
530125,삼성 인버스 2X 일본니케이225선물 ETN(H),4515.0,15078.0,15078.0,68077170.0,68077170.0,KOSPI,6.11
252420,RISE 200선물인버스2X,88.0,3017191.0,3017191.0,265512808.0,265512808.0,KOSPI,7.32
488210,KIWOOM K-반도체북미공급망,21980.0,1845.0,1845.0,40553100.0,40553100.0,KOSPI,-0.2
205720,ACE 일본TOPIX인버스(합성 H),1460.0,3249.0,3249.0,4743540.0,4743540.0,KOSPI,1.53
373790,KIWOOM 미국방어배당성장나스닥,15600.0,260.0,260.0,4056000.0,4056000.0,KOSPI,-0.54
000145,하이트진로홀딩스우,9150.0,7.0,7.0,64050.0,64050.0,KOSPI,-0.33
243890,TIGER 200에너지화학레버리지,8090.0,18981.0,18981.0,153556290.0,153556290.0,KOSPI,-10.11
0050E0,PLUS 미국AI에이전트,8465.0,8346.0,8346.0,70648890.0,70648890.0,KOSPI,-3.26
000545,흥국화재우,5510.0,3750.0,3750.0,20662500.0,20662500.0,KOSPI,-4.17
0131A0,SOL 차이나소비트렌드,7685.0,11837.0,11837.0,90967345.0,90967345.0,KOSPI,-1.35
226380,ACE Fn성장소비주도주,6015.0,1359.0,1359.0,8174385.0,8174385.0,KOSPI,-2.12
009415,태영건설우,6300.0,3706.0,3706.0,23347800.0,23347800.0,KOSPI,-2.78
291680,RISE 차이나H선물인버스(H),7805.0,27.0,27.0,210735.0,210735.0,KOSPI,1.89
500041,신한 인버스 2X 구리 선물 ETN,774.0,3832.0,3832.0,2965968.0,2965968.0,KOSPI,5.31
005965,동부건설우,17100.0,62.0,62.0,1060200.0,1060200.0,KOSPI,-1.27
334690,RISE 팔라듐선물(H),5885.0,4433.0,4433.0,26088205.0,26088205.0,KOSPI,-4.23
014825,동원시스템즈우,14230.0,151.0,151.0,2148730.0,2148730.0,KOSPI,2.3
225030,TIGER 미국S&P500선물인버스(H),2275.0,21387.0,21387.0,48655425.0,48655425.0,KOSPI,0.89
007575,일양약품우,8010.0,225.0,225.0,1802250.0,1802250.0,KOSPI,-3.38
427120,RISE AI플랫폼,5200.0,8759.0,8759.0,45546800.0,45546800.0,KOSPI,-3.88
267490,RISE 미국장기국채선물레버리지(합성 H),4960.0,35.0,35.0,173600.0,173600.0,KOSPI,-0.5
0079X0,ACE BYD밸류체인액티브,9870.0,2918.0,2918.0,28800660.0,28800660.0,KOSPI,-3.0
570023,한투 인버스2XS&P500선물 ETN(H),684.0,1069.0,1069.0,731196.0,731196.0,KOSPI,1.33
014285,금강공업우,5670.0,24.0,24.0,136080.0,136080.0,KOSPI,-0.7
36328K,티와이홀딩스우,2680.0,427.0,427.0,1144360.0,1144360.0,KOSPI,1.32
005745,크라운해태홀딩스우,5200.0,499.0,499.0,2594800.0,2594800.0,KOSPI,-2.8
454180,KIWOOM 차이나내수소비TOP CSI,7530.0,258.0,258.0,1942740.0,1942740.0,KOSPI,-0.99
145670,ACE 인버스,1350.0,66159.0,66159.0,89314650.0,89314650.0,KOSPI,4.01
306530,HANARO 코스닥150선물레버리지,6600.0,6428.0,6428.0,42424800.0,42424800.0,KOSPI,-4.42
014915,성문전자우,4725.0,3766.0,3766.0,17794350.0,17794350.0,KOSPI,-12.17
280940,KODEX 골드선물인버스(H),3480.0,4519.0,4519.0,15726120.0,15726120.0,KOSPI,2.96
476000,UNICORN 포스트IPO액티브,5005.0,10230.0,10230.0,51201150.0,51201150.0,KOSPI,-1.96
252410,RISE 200선물인버스,1369.0,13991.0,13991.0,19153679.0,19153679.0,KOSPI,3.56
491630,RISE 미국반도체인버스(합성 H),5695.0,38306.0,38306.0,218152670.0,218152670.0,KOSPI,3.45
253230,KIWOOM 200선물인버스2X,84.0,2191181.0,2191181.0,184059204.0,184059204.0,KOSPI,9.09
291620,KIWOOM 코스닥150선물인버스,4450.0,17295.0,17295.0,76962750.0,76962750.0,KOSPI,2.3
580033,KB 인버스 2X 구리 선물 ETN(H),4985.0,9.0,9.0,44865.0,44865.0,KOSPI,4.62
275750,RISE 코스닥150선물인버스,2540.0,138117.0,138117.0,350817180.0,350817180.0,KOSPI,2.21
000227,유유제약2우B,7390.0,1419.0,1419.0,10486410.0,10486410.0,KOSPI,-3.02
500051,신한 인버스 2X S&P500 선물 ETN,1182.0,648.0,648.0,765936.0,765936.0,KOSPI,2.52
008355,남선알미우,7500.0,540.0,540.0,4050000.0,4050000.0,KOSPI,-2.6
001525,동양우,8670.0,684.0,684.0,5930280.0,5930280.0,KOSPI,-3.13
334700,RISE 팔라듐선물인버스(H),3345.0,1035.0,1035.0,3462075.0,3462075.0,KOSPI,3.72
280320,ACE 미국IT인터넷(합성 H),21320.0,82.0,82.0,1748240.0,1748240.0,KOSPI,-1.8
500030,신한 인버스 2X 은 선물 ETN(H),60.0,255754.0,255754.0,15345240.0,15345240.0,KOSPI,7.14
700018,하나 인버스 2X 코스닥150 선물 ETN,1900.0,25168.0,25168.0,47819200.0,47819200.0,KOSPI,3.2
570070,한투 인버스2X플래티넘선물 ETN,1785.0,805.0,805.0,1436925.0,1436925.0,KOSPI,7.66
253240,KIWOOM 200선물인버스,1374.0,35517.0,35517.0,48800358.0,48800358.0,KOSPI,4.17
004545,깨끗한나라우,4490.0,887.0,887.0,3982630.0,3982630.0,KOSPI,-1.21
306520,HANARO 200선물인버스,2510.0,1600.0,1600.0,4016000.0,4016000.0,KOSPI,3.93
253160,PLUS 200선물인버스2X,170.0,697897.0,697897.0,118642490.0,118642490.0,KOSPI,8.97
001527,동양2우B,6160.0,444.0,444.0,2735040.0,2735040.0,KOSPI,-5.08
011155,CJ씨푸드1우,6250.0,1694.0,1694.0,10587500.0,10587500.0,KOSPI,-7.27
412560,TIGER BBIG레버리지,1746.0,8432.0,8432.0,14722272.0,14722272.0,KOSPI,-6.03
261920,ACE MSCI필리핀(합성),12125.0,75.0,75.0,909375.0,909375.0,KOSPI,-0.21
004415,서울식품우,5110.0,2467.0,2467.0,12606370.0,12606370.0,KOSPI,-4.49
500038,신한 인버스 2X 금 선물 ETN,1119.0,5631.0,5631.0,6301089.0,6301089.0,KOSPI,4.78
465620,ACE 미국빅테크TOP7 Plus인버스(합성),6585.0,225.0,225.0,1481625.0,1481625.0,KOSPI,1.7
196170,알테오젠,298500.0,2219578.0,4370701.0,662544033000.0,1304654248500.0,KOSDAQ,-0.83
086520,에코프로,82000.0,672424.0,1214730.0,55138768000.0,99607860000.0,KOSDAQ,-5.96
247540,에코프로비엠,108000.0,581289.0,821563.0,62779212000.0,88728804000.0,KOSDAQ,-7.06
277810,레인보우로보틱스,436500.0,47873.0,82254.0,20896564500.0,35903871000.0,KOSDAQ,-2.89
036930,주성엔지니어링,173700.0,1013792.0,1013792.0,176095670400.0,176095670400.0,KOSDAQ,0.4
240810,원익IPS,109700.0,543695.0,543695.0,59643341500.0,59643341500.0,KOSDAQ,-0.27
039030,이오테크닉스,402000.0,96019.0,116693.0,38599638000.0,46910586000.0,KOSDAQ,2.03
058470,리노공업,64400.0,389575.0,511912.0,25088630000.0,32967132800.0,KOSDAQ,-1.68
222800,심텍,123400.0,554253.0,1009384.0,68394820200.0,124557985600.0,KOSDAQ,-1.75
028300,HLB,33350.0,637898.0,1048943.0,21273898300.0,34982249050.0,KOSDAQ,-2.06
403870,HPSP,50400.0,1443020.0,1443020.0,72728208000.0,72728208000.0,KOSDAQ,-1.18
214450,파마리서치,392500.0,108989.0,186493.0,42778182500.0,73198502500.0,KOSDAQ,-5.19
298380,에이비엘바이오,69300.0,258963.0,432315.0,17946135900.0,29959429500.0,KOSDAQ,-2.39
000250,삼천당제약,159000.0,92107.0,151668.0,14645013000.0,24115212000.0,KOSDAQ,-3.81
087010,펩트론,157500.0,166265.0,281151.0,26186737500.0,44281282500.0,KOSDAQ,-4.83
108490,로보티즈,247000.0,132547.0,289927.0,32739109000.0,71611969000.0,KOSDAQ,-2.76
095340,ISC,170500.0,209757.0,283712.0,35763568500.0,48372896000.0,KOSDAQ,8.53
319660,피에스케이,124000.0,199593.0,289574.0,24749532000.0,35907176000.0,KOSDAQ,-1.35
141080,리가켐바이오,90800.0,223735.0,370334.0,20315138000.0,33626327200.0,KOSDAQ,-4.32
257720,실리콘투,50900.0,870206.0,1468638.0,44293485400.0,74753674200.0,KOSDAQ,-1.93
440110,파두,62800.0,326764.0,326764.0,20520779200.0,20520779200.0,KOSDAQ,-0.48
310210,보로노이,169500.0,155545.0,228842.0,26364877500.0,38788719000.0,KOSDAQ,2.11
145020,휴젤,245500.0,35698.0,47578.0,8763859000.0,11680399000.0,KOSDAQ,0.2
084370,유진테크,133500.0,84248.0,104918.0,11247108000.0,14006553000.0,KOSDAQ,1.06
064760,티씨케이,247000.0,57917.0,71298.0,14305499000.0,17610606000.0,KOSDAQ,2.49
095610,테스,136000.0,335069.0,499414.0,45569384000.0,67920304000.0,KOSDAQ,0.37
031980,피에스케이홀딩스,122000.0,135930.0,180054.0,16583460000.0,21966588000.0,KOSDAQ,-0.97
131290,티에스이,234000.0,165311.0,227622.0,38682774000.0,53263548000.0,KOSDAQ,4.93
357780,솔브레인,329500.0,38184.0,42247.0,12581628000.0,13920386500.0,KOSDAQ,-3.09
214370,케어젠,47300.0,81662.0,142166.0,3862612600.0,6724451800.0,KOSDAQ,-6.52
080220,제주반도체,72600.0,967438.0,967438.0,70235998800.0,70235998800.0,KOSDAQ,-6.2
319400,현대무벡스,21700.0,674700.0,674700.0,14640990000.0,14640990000.0,KOSDAQ,-5.03
067310,하나마이크론,35350.0,1205325.0,1205325.0,42608238750.0,42608238750.0,KOSDAQ,1.14
347850,디앤디파마텍,49050.0,728546.0,728546.0,35735181300.0,35735181300.0,KOSDAQ,-5.31
178320,서진시스템,33400.0,1322907.0,1322907.0,44185093800.0,44185093800.0,KOSDAQ,-9.24
237690,에스티팜,101200.0,85218.0,177034.0,8624061600.0,17915840800.0,KOSDAQ,-1.75
226950,올릭스,100200.0,278092.0,406078.0,27864818400.0,40689015600.0,KOSDAQ,-5.02
010170,대한광통신,13570.0,6700232.0,6700232.0,90922148240.0,90922148240.0,KOSDAQ,1.95
214150,클래시스,32300.0,166312.0,244309.0,5371877600.0,7891180700.0,KOSDAQ,-1.67
005290,동진쎄미켐,40400.0,235654.0,386403.0,9520421600.0,15610681200.0,KOSDAQ,-3.58
140410,메지온,66100.0,55607.0,55607.0,3675622700.0,3675622700.0,KOSDAQ,-0.6
263750,펄어비스,30650.0,159081.0,285223.0,4875832650.0,8742084950.0,KOSDAQ,-2.23
098460,고영,28050.0,614977.0,614977.0,17250104850.0,17250104850.0,KOSDAQ,0.0
058610,에스피지,85300.0,165145.0,383827.0,14086868500.0,32740443100.0,KOSDAQ,-5.54
083650,비에이치아이,59600.0,256982.0,494883.0,15316127200.0,29495026800.0,KOSDAQ,-2.61
032820,우리기술,10620.0,1770525.0,1770525.0,18802975500.0,18802975500.0,KOSDAQ,-1.21
068760,셀트리온제약,41150.0,77116.0,110366.0,3173323400.0,4541560900.0,KOSDAQ,-0.96
089030,테크윙,47350.0,392634.0,392634.0,18591219900.0,18591219900.0,KOSDAQ,-1.46
140860,파크시스템스,250500.0,26555.0,31395.0,6652027500.0,7864447500.0,KOSDAQ,0.2
041510,에스엠,74300.0,122132.0,163843.0,9074407600.0,12173534900.0,KOSDAQ,0.54
096530,씨젠,32100.0,303627.0,579327.0,9746426700.0,18596396700.0,KOSDAQ,-2.73
060370,LS마린솔루션,30550.0,60327.0,102240.0,1842989850.0,3123432000.0,KOSDAQ,-4.08
007390,네이처셀,23650.0,323893.0,654213.0,7660069450.0,15472137450.0,KOSDAQ,-8.33
950160,코오롱티슈진,17900.0,1065153.0,1065153.0,19066238700.0,19066238700.0,KOSDAQ,-0.22
131970,두산테스나,78200.0,158573.0,262387.0,12400408600.0,20518663400.0,KOSDAQ,-0.26
0009K0,에임드바이오,23200.0,114869.0,188869.0,2664960800.0,4381760800.0,KOSDAQ,-2.32
241710,코스메카코리아,139400.0,133888.0,176638.0,18663987200.0,24623337200.0,KOSDAQ,-1.27
089970,브이엠,55800.0,559037.0,775999.0,31194264600.0,43300744200.0,KOSDAQ,3.14
290650,엘앤씨바이오,54000.0,179855.0,287874.0,9712170000.0,15545196000.0,KOSDAQ,0.56
039200,오스코텍,36600.0,133075.0,192035.0,4870545000.0,7028481000.0,KOSDAQ,-1.08
323280,태성,45500.0,167745.0,354046.0,7632397500.0,16109093000.0,KOSDAQ,-5.21
035900,JYP Ent.,38650.0,352644.0,519688.0,13629690600.0,20085941200.0,KOSDAQ,-2.64
183300,코미코,26350.0,456962.0,666807.0,12040948700.0,17570364450.0,KOSDAQ,3.13
030530,원익홀딩스,17440.0,585167.0,585167.0,10205312480.0,10205312480.0,KOSDAQ,-1.64
078600,대주전자재료,84000.0,175819.0,332173.0,14768796000.0,27902532000.0,KOSDAQ,-8.0
420770,기가비스,102300.0,111209.0,130187.0,11376680700.0,13318130100.0,KOSDAQ,-2.39
218410,RFHIC,47500.0,737328.0,1343648.0,35023080000.0,63823280000.0,KOSDAQ,5.56
195940,HK이노엔,43450.0,203137.0,245187.0,8826302650.0,10653375150.0,KOSDAQ,-0.23
475830,오름테라퓨틱,56300.0,175157.0,240208.0,9861339100.0,13523710400.0,KOSDAQ,-4.9
043260,성호전자,16580.0,946570.0,946570.0,15694130600.0,15694130600.0,KOSDAQ,0.55
082920,비츠로셀,26800.0,439862.0,596369.0,11788301600.0,15982689200.0,KOSDAQ,-0.74
003380,하림지주,10700.0,423367.0,423367.0,4530026900.0,4530026900.0,KOSDAQ,0.38
127120,제이에스링크,30700.0,112460.0,175442.0,3452522000.0,5386069400.0,KOSDAQ,-4.06
204270,제이앤티씨,18790.0,509718.0,509718.0,9577601220.0,9577601220.0,KOSDAQ,-5.29
347700,스피어,19310.0,403036.0,403036.0,7782625160.0,7782625160.0,KOSDAQ,-3.93
166090,하나머티리얼즈,50100.0,99202.0,138648.0,4970020200.0,6946264800.0,KOSDAQ,-0.79
232140,와이씨,12050.0,5077289.0,5077289.0,61181332450.0,61181332450.0,KOSDAQ,7.88
086450,동국제약,21850.0,706523.0,1066757.0,15437527550.0,23308640450.0,KOSDAQ,-0.23
293490,카카오게임즈,9020.0,852948.0,852948.0,7693590960.0,7693590960.0,KOSDAQ,-8.7
036540,SFA반도체,5800.0,1556522.0,1556522.0,9027827600.0,9027827600.0,KOSDAQ,-1.02
356860,티엘비,39600.0,369684.0,756287.0,14639486400.0,29948965200.0,KOSDAQ,-3.88
437730,삼현,29600.0,76924.0,143767.0,2276950400.0,4255503200.0,KOSDAQ,-4.67
036830,솔브레인홀딩스,42800.0,73467.0,106331.0,3144387600.0,4550966800.0,KOSDAQ,-2.73
101490,에스앤에스텍,40300.0,102764.0,173054.0,4141389200.0,6974076200.0,KOSDAQ,-4.05
950260,인제니아테라퓨틱스(Reg.S),17250.0,10343936.0,10343936.0,178432896000.0,178432896000.0,KOSDAQ,-10.58
445680,큐리옥스바이오시스템즈,49350.0,74258.0,148748.0,3664632300.0,7340713800.0,KOSDAQ,-3.61
056190,SFA,23600.0,75901.0,92205.0,1791263600.0,2176038000.0,KOSDAQ,-3.87
083450,GST,44450.0,123286.0,199123.0,5480062700.0,8851017350.0,KOSDAQ,2.54
252990,샘씨엔에스,13530.0,661129.0,661129.0,8945075370.0,8945075370.0,KOSDAQ,4.97
213420,덕산네오룩스,32800.0,100074.0,163709.0,3282427200.0,5369655200.0,KOSDAQ,-3.24
491000,리브스메드,32100.0,161639.0,161639.0,5188611900.0,5188611900.0,KOSDAQ,-3.75
065350,신성델타테크,29000.0,103250.0,184897.0,2994250000.0,5362013000.0,KOSDAQ,-4.29
458870,씨어스,20750.0,81316.0,152907.0,1687307000.0,3172820250.0,KOSDAQ,-1.19
041830,인바디,58900.0,42873.0,60713.0,2525219700.0,3575995700.0,KOSDAQ,-3.6
014620,성광벤드,29750.0,101856.0,206720.0,3030216000.0,6149920000.0,KOSDAQ,-2.46
031330,에스에이엠티,7890.0,314753.0,314753.0,2483401170.0,2483401170.0,KOSDAQ,-2.59
038500,삼표시멘트,7300.0,316220.0,316220.0,2308406000.0,2308406000.0,KOSDAQ,-3.44
124500,아이티센글로벌,33750.0,608089.0,1330164.0,20523003750.0,44893035000.0,KOSDAQ,0.6
100790,미래에셋벤처투자,14740.0,278064.0,278064.0,4098663360.0,4098663360.0,KOSDAQ,-3.09
476830,알지노믹스,27750.0,180305.0,395684.0,5003463750.0,10980231000.0,KOSDAQ,-3.48
032190,다우데이타,20200.0,60434.0,85724.0,1220766800.0,1731624800.0,KOSDAQ,0.0
115180,큐리언트,20500.0,196556.0,268075.0,4029398000.0,5495537500.0,KOSDAQ,-3.98
476060,온코닉테라퓨틱스,16800.0,673839.0,3104022.0,11320495200.0,52147569600.0,KOSDAQ,-6.61
099320,쎄트렉아이,69600.0,34165.0,50423.0,2377884000.0,3509440800.0,KOSDAQ,-2.52
225570,넥슨게임즈,11480.0,207455.0,680119.0,2381583400.0,7807766120.0,KOSDAQ,-0.17
122870,와이지엔터테인먼트,40000.0,105843.0,149729.0,4233720000.0,5989160000.0,KOSDAQ,-2.44
044490,태웅,37250.0,1405635.0,2948765.0,52359903750.0,109841496250.0,KOSDAQ,11.69
388720,유일로보틱스,63200.0,14688.0,24027.0,928281600.0,1518506400.0,KOSDAQ,-3.22
085660,차바이오텍,8000.0,244549.0,381843.0,1956392000.0,3054744000.0,KOSDAQ,-4.31
090710,휴림로봇,6140.0,541348.0,541348.0,3323876720.0,3323876720.0,KOSDAQ,-2.38
006730,서부T&D,11420.0,706814.0,706814.0,8071815880.0,8071815880.0,KOSDAQ,4.01
417200,LS머트리얼즈,10750.0,403311.0,403311.0,4335593250.0,4335593250.0,KOSDAQ,-4.87
281740,레이크머티리얼즈,11030.0,605992.0,605992.0,6684091760.0,6684091760.0,KOSDAQ,-6.92
171090,선익시스템,70600.0,53477.0,77908.0,3775476200.0,5500304800.0,KOSDAQ,-3.16
033100,제룡전기,44250.0,80220.0,149845.0,3549735000.0,6630641250.0,KOSDAQ,-4.43
251970,펌텍코리아,56900.0,68112.0,85965.0,3875572800.0,4891408500.0,KOSDAQ,-2.23
035760,CJ ENM,32150.0,102734.0,121113.0,3302898100.0,3893782950.0,KOSDAQ,-5.3
090360,로보스타,72300.0,52088.0,114349.0,3765962400.0,8267432700.0,KOSDAQ,-4.74
119850,지엔씨에너지,41850.0,537333.0,1020589.0,22487386050.0,42711649650.0,KOSDAQ,-4.34
189300,인텔리안테크,63000.0,43530.0,57791.0,2742390000.0,3640833000.0,KOSDAQ,0.16
388210,씨엠티엑스,69600.0,21633.0,34496.0,1505656800.0,2400921600.0,KOSDAQ,-3.06
137400,피엔티,28350.0,133589.0,211376.0,3787248150.0,5992509600.0,KOSDAQ,-5.5
074600,원익QnC,25400.0,175261.0,224265.0,4451629400.0,5696331000.0,KOSDAQ,-1.36
093320,케이아이엔엑스,135700.0,5966.0,7930.0,809586200.0,1076101000.0,KOSDAQ,0.82
033790,피노,7850.0,2870817.0,2870817.0,22535913450.0,22535913450.0,KOSDAQ,-5.19
094170,동운아나텍,31000.0,262692.0,482536.0,8143452000.0,14958616000.0,KOSDAQ,-13.29
053800,안랩,58100.0,18796.0,28492.0,1092047600.0,1655385200.0,KOSDAQ,-1.69
328130,루닛,8640.0,323224.0,510626.0,2792655360.0,4411808640.0,KOSDAQ,-4.95
253450,스튜디오드래곤,21350.0,53103.0,74032.0,1133749050.0,1580583200.0,KOSDAQ,-3.83
041960,코미팜,8680.0,917922.0,917922.0,7967562960.0,7967562960.0,KOSDAQ,-6.77
023160,태광,24700.0,115749.0,212134.0,2859000300.0,5239709800.0,KOSDAQ,-2.37
327260,RF머트리얼즈,35350.0,372733.0,372733.0,13176111550.0,13176111550.0,KOSDAQ,1.14
456160,지투지바이오,37050.0,117055.0,195001.0,4336887750.0,7224787050.0,KOSDAQ,-4.02
161580,필옵틱스,26000.0,61546.0,101870.0,1600196000.0,2648620000.0,KOSDAQ,-3.35
059090,미코,18180.0,75258.0,144522.0,1368190440.0,2627409960.0,KOSDAQ,-3.3
032500,케이엠더블유,14390.0,171916.0,267532.0,2473871240.0,3849785480.0,KOSDAQ,-1.57
466100,클로봇,23550.0,213080.0,459825.0,5018034000.0,10828878750.0,KOSDAQ,-7.1
079940,가비아,44650.0,12627.0,15156.0,563795550.0,676715400.0,KOSDAQ,-0.33
425420,티에프이,48500.0,152385.0,257132.0,7390672500.0,12470902000.0,KOSDAQ,8.5
102710,이엔에프테크놀로지,41850.0,76499.0,93714.0,3201483150.0,3921930900.0,KOSDAQ,-3.24
036810,에프에스티,27400.0,223348.0,378762.0,6119735200.0,10378078800.0,KOSDAQ,-2.49
222080,SFA넥셀,7610.0,501712.0,501712.0,3818028320.0,3818028320.0,KOSDAQ,-4.28
060250,NHN KCP,14660.0,257156.0,257156.0,3769906960.0,3769906960.0,KOSDAQ,-2.72
048410,현대바이오,6080.0,632141.0,632141.0,3843417280.0,3843417280.0,KOSDAQ,-4.85
122640,예스티,27000.0,551507.0,551507.0,14890689000.0,14890689000.0,KOSDAQ,-5.92
121600,나노신소재,46650.0,58815.0,87054.0,2743719750.0,4061069100.0,KOSDAQ,-6.04
046890,서울반도체,9790.0,151391.0,218425.0,1482117890.0,2138380750.0,KOSDAQ,0.51
052400,코나아이,37600.0,53619.0,91358.0,2016074400.0,3435060800.0,KOSDAQ,-4.93
052020,에스티큐브,7960.0,124263.0,124263.0,989133480.0,989133480.0,KOSDAQ,-4.33
211050,인카금융서비스,10970.0,91324.0,116676.0,1001824280.0,1279935720.0,KOSDAQ,-3.01
160190,하이젠알앤엠,17330.0,44777.0,44777.0,775985410.0,775985410.0,KOSDAQ,-5.09
295310,에이치브이엠,43300.0,39611.0,66566.0,1715156300.0,2882307800.0,KOSDAQ,-4.2
050890,쏠리드,8670.0,344948.0,344948.0,2990699160.0,2990699160.0,KOSDAQ,-2.14
053610,프로텍,58500.0,24297.0,32167.0,1421374500.0,1881769500.0,KOSDAQ,-0.34
358570,지아이이노베이션,8100.0,562436.0,844669.0,4555731600.0,6841818900.0,KOSDAQ,2.66
045100,한양이엔지,29800.0,66069.0,115851.0,1968856200.0,3452359800.0,KOSDAQ,-1.16
086900,메디톡스,71200.0,20185.0,346891.0,1437172000.0,24698639200.0,KOSDAQ,-2.47
033640,네패스,22450.0,82117.0,153716.0,1843526650.0,3450924200.0,KOSDAQ,-0.88
009520,포스코엠텍,12430.0,135785.0,249190.0,1687807550.0,3097431700.0,KOSDAQ,-4.02
025980,아난티,5310.0,8764648.0,8764648.0,46540280880.0,46540280880.0,KOSDAQ,-0.56
253590,네오셈,11550.0,1175331.0,1175331.0,13575073050.0,13575073050.0,KOSDAQ,7.44
112040,위메이드,14860.0,105336.0,155292.0,1565292960.0,2307639120.0,KOSDAQ,-3.69
490470,세미파이브,14810.0,136760.0,136760.0,2025415600.0,2025415600.0,KOSDAQ,-3.77
024850,HLB이노베이션,15690.0,550515.0,550515.0,8637580350.0,8637580350.0,KOSDAQ,13.61
033500,동성화인텍,16540.0,107587.0,168053.0,1779488980.0,2779596620.0,KOSDAQ,-6.82
037460,삼지전자,30300.0,60025.0,60025.0,1818757500.0,1818757500.0,KOSDAQ,-1.62
278280,천보,40350.0,39910.0,53497.0,1610368500.0,2158603950.0,KOSDAQ,-2.18
399720,가온칩스,41400.0,47853.0,99772.0,1981114200.0,4130560800.0,KOSDAQ,-4.94
041190,우리기술투자,5840.0,2094552.0,2094552.0,12232183680.0,12232183680.0,KOSDAQ,-5.65
101160,월덱스,29700.0,57727.0,82492.0,1714491900.0,2450012400.0,KOSDAQ,1.37
099190,아이센스,16930.0,77045.0,106887.0,1304371850.0,1809596910.0,KOSDAQ,-2.31
340570,티앤엘,29900.0,87503.0,122904.0,2616339700.0,3674829600.0,KOSDAQ,-2.45
365340,성일하이텍,37100.0,58024.0,113868.0,2152690400.0,4224502800.0,KOSDAQ,-0.13
383310,에코프로에이치엔,22800.0,159469.0,159469.0,3635893200.0,3635893200.0,KOSDAQ,-5.2
019210,와이지-원,12840.0,810202.0,810202.0,10402993680.0,10402993680.0,KOSDAQ,-6.41
034950,한국기업평가,104800.0,1195.0,1679.0,125236000.0,175959200.0,KOSDAQ,-0.19
397030,에이프릴바이오,17120.0,167762.0,341023.0,2872085440.0,5838313760.0,KOSDAQ,-4.99
015750,성우하이텍,5830.0,189945.0,341259.0,1107379350.0,1989539970.0,KOSDAQ,-3.64
082270,젬백스,10530.0,107343.0,159143.0,1130321790.0,1675775790.0,KOSDAQ,-1.96
460930,현대힘스,12980.0,109861.0,279378.0,1425995780.0,3626326440.0,KOSDAQ,-5.53
035890,서희건설,2200.0,177071.0,177071.0,389556200.0,389556200.0,KOSDAQ,-2.65
077360,덕산하이메탈,9950.0,659373.0,659373.0,6560761350.0,6560761350.0,KOSDAQ,-0.7
174900,앱클론,22300.0,130097.0,130097.0,2901163100.0,2901163100.0,KOSDAQ,-5.91
064290,인텍플러스,33800.0,391857.0,391857.0,13244766600.0,13244766600.0,KOSDAQ,5.96
477850,마키나락스,24550.0,960564.0,960564.0,23581846200.0,23581846200.0,KOSDAQ,2.29
056080,유진로봇,11380.0,154092.0,154092.0,1753566960.0,1753566960.0,KOSDAQ,-2.82
067160,SOOP,37850.0,25941.0,32525.0,981866850.0,1231071250.0,KOSDAQ,-2.07
336570,원텍,4850.0,375562.0,375562.0,1821475700.0,1821475700.0,KOSDAQ,-4.15
018290,브이티,12350.0,182902.0,314415.0,2258839700.0,3883025250.0,KOSDAQ,-2.83
376900,로킷헬스케어,24600.0,81910.0,198969.0,2014986000.0,4894637400.0,KOSDAQ,-5.38
348370,엔켐,19410.0,167119.0,320458.0,3243779790.0,6220089780.0,KOSDAQ,-4.85
214430,아이쓰리시스템,58100.0,20724.0,28775.0,1204064400.0,1671827500.0,KOSDAQ,-3.01
126340,비나텍,58900.0,34997.0,69136.0,2061323300.0,4072110400.0,KOSDAQ,-2.81
030520,한컴,17450.0,123335.0,147135.0,2152195750.0,2567505750.0,KOSDAQ,-3.0
376300,디어유,17770.0,78107.0,103803.0,1387961390.0,1844579310.0,KOSDAQ,-4.72
272290,이녹스첨단소재,20650.0,75860.0,104345.0,1566509000.0,2154724250.0,KOSDAQ,-2.82
078340,컴투스,34050.0,465204.0,761614.0,15840196200.0,25932956700.0,KOSDAQ,-1.3
080580,오킨스전자,19460.0,199124.0,199124.0,3874953040.0,3874953040.0,KOSDAQ,0.88
204620,글로벌텍스프리,5800.0,1483145.0,1483145.0,8602241000.0,8602241000.0,KOSDAQ,-1.02
092870,엑시콘,31050.0,1018361.0,1018361.0,31620109050.0,31620109050.0,KOSDAQ,11.69
078130,국일제지,3560.0,36567.0,36567.0,130178520.0,130178520.0,KOSDAQ,-0.7
104830,원익머트리얼즈,31800.0,28940.0,52434.0,920292000.0,1667401200.0,KOSDAQ,-2.45
439960,코스모로보틱스,12160.0,1006874.0,1006874.0,12243587840.0,12243587840.0,KOSDAQ,-2.25
241770,메카로,38500.0,5992.0,9931.0,230692000.0,382343500.0,KOSDAQ,-0.39
219130,타이거일렉,61900.0,70847.0,70847.0,4385429300.0,4385429300.0,KOSDAQ,-1.43
013030,하이록코리아,33200.0,32680.0,42454.0,1084976000.0,1409472800.0,KOSDAQ,-2.35
125490,한라캐스트,10690.0,652204.0,652204.0,6972060760.0,6972060760.0,KOSDAQ,-2.91
042000,카페24,16040.0,52446.0,64850.0,841233840.0,1040194000.0,KOSDAQ,-4.18
368770,파이버프로,11800.0,61768.0,61768.0,728862400.0,728862400.0,KOSDAQ,-1.58
475960,토모큐브,28600.0,21240.0,38596.0,607464000.0,1103845600.0,KOSDAQ,-2.89
092190,서울바이오시스,8400.0,152241.0,152241.0,1278824400.0,1278824400.0,KOSDAQ,1.69
095660,네오위즈,17770.0,50858.0,56527.0,903746660.0,1004484790.0,KOSDAQ,-1.61
144960,뉴파워프라즈마,8770.0,509508.0,509508.0,4468385160.0,4468385160.0,KOSDAQ,-1.02
092730,네오팜,23850.0,80985.0,100666.0,1931492250.0,2400884100.0,KOSDAQ,-1.85
236200,슈프리마,54700.0,12236.0,14928.0,669309200.0,816561600.0,KOSDAQ,-1.44
348340,뉴로메카,16210.0,394387.0,394387.0,6393013270.0,6393013270.0,KOSDAQ,-8.73
064260,다날,5000.0,1071566.0,1071566.0,5357830000.0,5357830000.0,KOSDAQ,-3.85
486990,노타,17630.0,51058.0,120106.0,900152540.0,2117468780.0,KOSDAQ,-4.7
027360,아주IB투자,3095.0,1200492.0,1200492.0,3715522740.0,3715522740.0,KOSDAQ,-5.06
332570,PS일렉트로닉스,7960.0,2777176.0,2777176.0,22106320960.0,22106320960.0,KOSDAQ,1.79
114810,한솔아이원스,13140.0,358405.0,449192.0,4709441700.0,5902382880.0,KOSDAQ,3.79
372320,큐로셀,24100.0,13359.0,26703.0,321951900.0,643542300.0,KOSDAQ,0.63
215200,메가스터디교육,35350.0,31177.0,40168.0,1102106950.0,1419938800.0,KOSDAQ,-1.26
078020,LS증권,6600.0,48857.0,48857.0,322456200.0,322456200.0,KOSDAQ,-1.93
389470,인벤티지랩,27500.0,68216.0,168441.0,1875940000.0,4632127500.0,KOSDAQ,-6.78
003800,에이스침대,32950.0,3386.0,3386.0,111568700.0,111568700.0,KOSDAQ,-0.15
089890,코세스,21800.0,79389.0,154812.0,1730680200.0,3374901600.0,KOSDAQ,-3.96
089010,켐트로닉스,21550.0,61481.0,100166.0,1324915550.0,2158577300.0,KOSDAQ,-4.65
107640,한중엔시에스,39600.0,175744.0,294571.0,6959462400.0,11665011600.0,KOSDAQ,-2.34
025900,동화기업,7090.0,69375.0,151896.0,491868750.0,1076942640.0,KOSDAQ,-4.83
170920,엘티씨,33700.0,179259.0,179259.0,6041028300.0,6041028300.0,KOSDAQ,-1.89
069080,웹젠,11450.0,118901.0,131412.0,1361416450.0,1504667400.0,KOSDAQ,0.79
033160,엠케이전자,14430.0,1542033.0,1542033.0,22251536190.0,22251536190.0,KOSDAQ,2.34
025320,시노펙스,3825.0,351092.0,754304.0,1342926900.0,2885212800.0,KOSDAQ,-4.37
393890,더블유씨피,10400.0,335844.0,335844.0,3492777600.0,3492777600.0,KOSDAQ,-5.11
900290,GRT,4200.0,359460.0,359460.0,1509732000.0,1509732000.0,KOSDAQ,0.0
036800,나이스정보통신,7700.0,406998.0,542386.0,3133884600.0,4176372200.0,KOSDAQ,-3.27
417840,저스템,15030.0,1528670.0,1528670.0,22975910100.0,22975910100.0,KOSDAQ,6.52
060280,큐렉소,8330.0,94071.0,94071.0,783611430.0,783611430.0,KOSDAQ,-2.12
101730,위메이드맥스,4100.0,131978.0,393858.0,541109800.0,1614817800.0,KOSDAQ,-4.21
098120,마이크로컨텍솔,41100.0,84833.0,84833.0,3486636300.0,3486636300.0,KOSDAQ,0.86
215600,신라젠,2465.0,1261325.0,1261325.0,3109166125.0,3109166125.0,KOSDAQ,-0.6
078160,메디포스트,8710.0,58562.0,88595.0,510075020.0,771662450.0,KOSDAQ,-0.91
468530,프로티나,30700.0,76674.0,154200.0,2353891800.0,4733940000.0,KOSDAQ,-10.76
036620,감성코퍼레이션,3755.0,325196.0,409410.0,1221110980.0,1537334550.0,KOSDAQ,-0.53
006910,보성파워텍,6830.0,447586.0,447586.0,3057012380.0,3057012380.0,KOSDAQ,-4.34
206650,유바이오로직스,8940.0,128812.0,128812.0,1151579280.0,1151579280.0,KOSDAQ,-3.77
018000,유니슨,1265.0,3446710.0,3446710.0,4360088150.0,4360088150.0,KOSDAQ,1.69
441270,파인엠텍,7760.0,355196.0,2173350.0,2756320960.0,16865196000.0,KOSDAQ,-7.29
121440,골프존홀딩스,7610.0,32760.0,32760.0,249303600.0,249303600.0,KOSDAQ,-1.93
067630,HLB생명과학,2660.0,107760.0,107760.0,286641600.0,286641600.0,KOSDAQ,-2.92
348210,넥스틴,30800.0,48490.0,61682.0,1493492000.0,1899805600.0,KOSDAQ,-1.91
159010,아스플로,24100.0,779414.0,779414.0,18783877400.0,18783877400.0,KOSDAQ,12.62
234340,헥토파이낸셜,23000.0,763289.0,763289.0,17555647000.0,17555647000.0,KOSDAQ,-2.95
356680,엑스게이트,11150.0,227242.0,227242.0,2533748300.0,2533748300.0,KOSDAQ,-3.55
200710,에이디테크놀로지,23350.0,98219.0,176496.0,2293413650.0,4121181600.0,KOSDAQ,-5.27
069540,빛과전자,2765.0,2618870.0,2618870.0,7241175550.0,7241175550.0,KOSDAQ,-2.64
290550,디케이티,15550.0,302749.0,302749.0,4707746950.0,4707746950.0,KOSDAQ,-7.66
084110,휴온스글로벌,24500.0,83990.0,149632.0,2057755000.0,3665984000.0,KOSDAQ,-6.49
199800,툴젠,34450.0,13624.0,23520.0,469346800.0,810264000.0,KOSDAQ,0.0
079370,제우스,9960.0,62666.0,62666.0,624153360.0,624153360.0,KOSDAQ,-0.9
093520,매커스,25800.0,9181.0,14468.0,236869800.0,373274400.0,KOSDAQ,-3.01
455900,엔젤로보틱스,19810.0,20270.0,41596.0,401548700.0,824016760.0,KOSDAQ,-2.17
187660,페니트리움바이오,4760.0,1029111.0,1029111.0,4898568360.0,4898568360.0,KOSDAQ,-3.45
039440,에스티아이,19530.0,48638.0,81622.0,949900140.0,1594077660.0,KOSDAQ,-2.25
035810,이지홀딩스,4650.0,125663.0,125663.0,584332950.0,584332950.0,KOSDAQ,-0.64
078350,한양디지텍,19590.0,78412.0,132330.0,1536091080.0,2592344700.0,KOSDAQ,-3.26
025770,한국정보통신,7910.0,19687.0,19687.0,155724170.0,155724170.0,KOSDAQ,-1.74
330860,네패스아크,24300.0,315261.0,315261.0,7660842300.0,7660842300.0,KOSDAQ,-2.21
101930,인화정공,6460.0,9501.0,27918.0,61376460.0,180350280.0,KOSDAQ,-4.86
110990,디아이티,15610.0,49563.0,94091.0,773678430.0,1468760510.0,KOSDAQ,-0.89
352480,씨앤씨인터내셔널,21450.0,15446.0,26148.0,331316700.0,560874600.0,KOSDAQ,-4.24
472850,폰드그룹,5060.0,37083.0,58587.0,187639980.0,296450220.0,KOSDAQ,-2.69
377450,리파인,16800.0,262716.0,262716.0,4413628800.0,4413628800.0,KOSDAQ,0.54
092460,한라IMS,16940.0,11778.0,29339.0,199519320.0,497002660.0,KOSDAQ,-3.37
168360,펨트론,12920.0,62965.0,108195.0,813507800.0,1397879400.0,KOSDAQ,-4.01
017890,한국알콜,13990.0,44502.0,44502.0,622582980.0,622582980.0,KOSDAQ,-2.03
200670,휴메딕스,25750.0,19624.0,33831.0,505318000.0,871148250.0,KOSDAQ,-3.2
054950,제이브이엠,23800.0,10379.0,14698.0,247020200.0,349812400.0,KOSDAQ,-1.04
117730,티로보틱스,12700.0,47607.0,103614.0,604608900.0,1315897800.0,KOSDAQ,-4.65
035600,KG이니시스,10350.0,51552.0,82425.0,533563200.0,853098750.0,KOSDAQ,-2.45
051500,CJ프레시웨이,23950.0,2384.0,3760.0,57096800.0,90052000.0,KOSDAQ,-1.44
042520,한스바이오메드,19900.0,96048.0,117615.0,1911355200.0,2340538500.0,KOSDAQ,-1.49
265520,AP시스템,18740.0,32988.0,46366.0,618195120.0,868898840.0,KOSDAQ,-2.55
448280,에코아이,9500.0,7710.0,15178.0,73245000.0,144191000.0,KOSDAQ,0.53
136480,하림,2640.0,153411.0,153411.0,405005040.0,405005040.0,KOSDAQ,-1.31
448900,한국피아이엠,46150.0,86866.0,141289.0,4008865900.0,6520487350.0,KOSDAQ,-7.52
091580,상신이디피,20900.0,287006.0,287006.0,5998425400.0,5998425400.0,KOSDAQ,-5.86
294570,쿠콘,27600.0,89129.0,268958.0,2459960400.0,7423240800.0,KOSDAQ,-6.76
036890,진성티이씨,12600.0,70145.0,86003.0,883827000.0,1083637800.0,KOSDAQ,-2.63
123330,제닉,34800.0,258968.0,258968.0,9012086400.0,9012086400.0,KOSDAQ,-1.0
482630,삼양엔씨켐,12600.0,51969.0,51969.0,654809400.0,654809400.0,KOSDAQ,-2.93
043150,바텍,18520.0,18661.0,25344.0,345601720.0,469370880.0,KOSDAQ,-3.24
287840,인투셀,18190.0,68550.0,99809.0,1246924500.0,1815525710.0,KOSDAQ,-3.19
376270,HEM파마,37750.0,11763.0,17922.0,444053250.0,676555500.0,KOSDAQ,-4.31
049070,인탑스,17300.0,30947.0,52048.0,535383100.0,900430400.0,KOSDAQ,-3.57
036200,유니셈,8820.0,128164.0,192083.0,1130406480.0,1694172060.0,KOSDAQ,-1.56
061970,LB세미콘,3855.0,964066.0,964066.0,3716474430.0,3716474430.0,KOSDAQ,-4.1
091700,파트론,5380.0,121997.0,121997.0,656343860.0,656343860.0,KOSDAQ,-2.18
484590,삼양컴텍,6490.0,72742.0,72742.0,472095580.0,472095580.0,KOSDAQ,-3.13
160980,싸이맥스,24450.0,160721.0,160721.0,3929628450.0,3929628450.0,KOSDAQ,0.62
138080,오이솔루션,21500.0,188792.0,188792.0,4059028000.0,4059028000.0,KOSDAQ,-4.44
439090,마녀공장,16230.0,98391.0,241070.0,1596885930.0,3912566100.0,KOSDAQ,-5.03
200470,에이팩트,6070.0,373783.0,373783.0,2268862810.0,2268862810.0,KOSDAQ,2.19
481070,에이유브랜즈,18560.0,27431.0,49721.0,509119360.0,922821760.0,KOSDAQ,-6.97
045390,대아티아이,3770.0,10232428.0,10232428.0,38576253560.0,38576253560.0,KOSDAQ,6.35
389650,넥스트바이오메디컬,32000.0,25897.0,39544.0,828704000.0,1265408000.0,KOSDAQ,-4.05
200130,콜마비앤에이치,9000.0,53294.0,72430.0,479646000.0,651870000.0,KOSDAQ,-0.88
228760,지노믹트리,10630.0,375186.0,488515.0,3988227180.0,5192914450.0,KOSDAQ,-4.92
267980,매일유업,34200.0,1499.0,3309.0,51265800.0,113167800.0,KOSDAQ,-1.87
424870,이뮨온시아,2865.0,142097.0,391984.0,407107905.0,1123034160.0,KOSDAQ,-2.88
488900,비츠로넥스텍,9010.0,25293.0,47001.0,227889930.0,423479010.0,KOSDAQ,-4.05
099440,스맥,3815.0,147165.0,147165.0,561434475.0,561434475.0,KOSDAQ,-1.04
151860,KG에코솔루션,5410.0,68977.0,68977.0,373165570.0,373165570.0,KOSDAQ,-3.91
461300,아이스크림미디어,19310.0,24689.0,24689.0,476744590.0,476744590.0,KOSDAQ,-0.82
064550,바이오니아,9970.0,1187842.0,1187842.0,11842784740.0,11842784740.0,KOSDAQ,-9.36
098070,한텍,22850.0,53111.0,96239.0,1213586350.0,2199061150.0,KOSDAQ,-5.38
243070,휴온스,20900.0,72598.0,130001.0,1517298200.0,2717020900.0,KOSDAQ,-3.02
060720,KH바텍,10540.0,112574.0,112574.0,1186529960.0,1186529960.0,KOSDAQ,-5.13
011560,세보엠이씨,24550.0,35692.0,35692.0,876238600.0,876238600.0,KOSDAQ,-2.19
023410,유진기업,3175.0,567321.0,567321.0,1801244175.0,1801244175.0,KOSDAQ,-1.7
047920,HLB제약,7370.0,177997.0,448974.0,1311837890.0,3308938380.0,KOSDAQ,-5.15
180400,DXVX,2450.0,97294.0,97294.0,238370300.0,238370300.0,KOSDAQ,-3.54
452430,사피엔반도체,29200.0,18933.0,44241.0,552843600.0,1291837200.0,KOSDAQ,-0.34
108860,셀바스AI,8940.0,118403.0,338243.0,1058522820.0,3023892420.0,KOSDAQ,-3.25
378340,필에너지,11110.0,70131.0,148971.0,779155410.0,1655067810.0,KOSDAQ,-5.93
100120,뷰웍스,26750.0,9416.0,9416.0,251878000.0,251878000.0,KOSDAQ,-2.37
317330,덕산테코피아,11690.0,352669.0,511670.0,4122700610.0,5981422300.0,KOSDAQ,-12.24
068930,디지털대성,8600.0,11770.0,11770.0,101222000.0,101222000.0,KOSDAQ,-0.46
0001A0,덕양에너젠,9270.0,84599.0,84599.0,784232730.0,784232730.0,KOSDAQ,-1.7
304360,에스바이오메딕스,19000.0,18845.0,32212.0,358055000.0,612028000.0,KOSDAQ,-3.55
024840,KBI메탈,5430.0,2712081.0,2712081.0,14726599830.0,14726599830.0,KOSDAQ,-11.85
089980,상아프론테크,14700.0,11012.0,19217.0,161876400.0,282489900.0,KOSDAQ,-3.54
065680,우주일렉트로,25400.0,19858.0,24398.0,504393200.0,619709200.0,KOSDAQ,-4.15
043370,피에이치에이,11160.0,11800.0,14777.0,131688000.0,164911320.0,KOSDAQ,0.09
462860,더즌,3265.0,2616479.0,2616479.0,8542803935.0,8542803935.0,KOSDAQ,0.15
389500,에스비비테크,35050.0,57693.0,57693.0,2022139650.0,2022139650.0,KOSDAQ,-5.78
237880,클리오,12850.0,52110.0,94861.0,669613500.0,1218963850.0,KOSDAQ,-2.95
065710,서호전기,44950.0,9095.0,9095.0,408820250.0,408820250.0,KOSDAQ,-2.39
216080,제테마,6180.0,1723538.0,1723538.0,10651464840.0,10651464840.0,KOSDAQ,21.65
036030,케이티알파,4695.0,14321.0,14321.0,67237095.0,67237095.0,KOSDAQ,-0.11
086390,유니테스트,10850.0,149860.0,278114.0,1625981000.0,3017536900.0,KOSDAQ,-2.08
394280,오픈엣지테크놀로지,8670.0,47294.0,76411.0,410038980.0,662483370.0,KOSDAQ,-3.77
389260,대명에너지,12700.0,62519.0,62519.0,793991300.0,793991300.0,KOSDAQ,-3.64
071200,인피니트헬스케어,9320.0,18406.0,18406.0,171543920.0,171543920.0,KOSDAQ,-3.02
215000,골프존,36000.0,39438.0,47372.0,1419768000.0,1705392000.0,KOSDAQ,-0.55
053030,바이넥스,6910.0,41476.0,83711.0,286599160.0,578443010.0,KOSDAQ,-3.22
064820,케이프,7310.0,97547.0,161255.0,713068570.0,1178774050.0,KOSDAQ,-5.19
298830,슈어소프트테크,4205.0,142824.0,142824.0,600574920.0,600574920.0,KOSDAQ,-4.1
094480,갤럭시아머니트리,5680.0,430409.0,430409.0,2444723120.0,2444723120.0,KOSDAQ,-5.18
073490,LIG아큐버,29300.0,19141.0,19141.0,560831300.0,560831300.0,KOSDAQ,-1.84
023760,한국캐피탈,1410.0,49765.0,49765.0,70168650.0,70168650.0,KOSDAQ,-0.7
0008Z0,에스엔시스,23550.0,15590.0,29926.0,367144500.0,704757300.0,KOSDAQ,-2.69
114190,강원에너지,8490.0,96773.0,203045.0,821602770.0,1723852050.0,KOSDAQ,-5.77
094360,칩스앤미디어,10350.0,36148.0,56743.0,374131800.0,587290050.0,KOSDAQ,-2.54
243840,신흥에스이씨,5730.0,330071.0,330071.0,1891306830.0,1891306830.0,KOSDAQ,-6.07
365270,큐라클,9950.0,78714.0,78714.0,783204300.0,783204300.0,KOSDAQ,-3.68
254490,미래반도체,15250.0,22828.0,22828.0,348127000.0,348127000.0,KOSDAQ,-2.56
493280,아이엠바이오로직스,14790.0,50759.0,50759.0,750725610.0,750725610.0,KOSDAQ,-3.33
067390,아스트,5200.0,85237.0,85237.0,443232400.0,443232400.0,KOSDAQ,0.58
019010,베뉴지,4535.0,222042.0,222042.0,1006960470.0,1006960470.0,KOSDAQ,-0.87
456010,아이씨티케이,15060.0,92300.0,92300.0,1390038000.0,1390038000.0,KOSDAQ,-2.4
046970,우리로,4950.0,555760.0,555760.0,2751012000.0,2751012000.0,KOSDAQ,-3.7
0011T0,채비,4620.0,81851.0,81851.0,378151620.0,378151620.0,KOSDAQ,-3.35
144510,지씨셀,13700.0,46189.0,52774.0,632789300.0,723003800.0,KOSDAQ,0.74
445090,에이직랜드,19800.0,20066.0,38809.0,397306800.0,768418200.0,KOSDAQ,-3.88
125020,티씨머티리얼즈,6170.0,1851088.0,1851088.0,11421212960.0,11421212960.0,KOSDAQ,2.15
206640,바디텍메드,9860.0,29633.0,62792.0,292181380.0,619129120.0,KOSDAQ,-2.18
314930,바이오다인,7210.0,33317.0,54603.0,240215570.0,393687630.0,KOSDAQ,-1.64
416180,신성에스티,23700.0,37770.0,58311.0,895149000.0,1381970700.0,KOSDAQ,-5.01
950170,JTC,4390.0,18425.0,18425.0,80885750.0,80885750.0,KOSDAQ,0.46
005710,대원산업,10660.0,9722.0,24783.0,103636520.0,264186780.0,KOSDAQ,-2.65
446540,메가터치,7340.0,181561.0,181561.0,1332657740.0,1332657740.0,KOSDAQ,1.1
353810,이지바이오,6440.0,68000.0,68000.0,437920000.0,437920000.0,KOSDAQ,-2.57
217730,강스템바이오텍,2265.0,160081.0,160081.0,362583465.0,362583465.0,KOSDAQ,-0.88
290690,아리바이오홀딩스,4005.0,227130.0,227130.0,909655650.0,909655650.0,KOSDAQ,-2.55
061090,세나테크놀로지,38700.0,20457.0,33670.0,791685900.0,1303029000.0,KOSDAQ,-4.09
095500,미래나노텍,6800.0,80842.0,153156.0,549725600.0,1041460800.0,KOSDAQ,-4.49
036710,심텍홀딩스,3985.0,147341.0,147341.0,587153885.0,587153885.0,KOSDAQ,-2.57
0082N0,카나프테라퓨틱스,15780.0,64406.0,64406.0,1016326680.0,1016326680.0,KOSDAQ,-3.25
052330,코텍,11810.0,10413.0,10413.0,122977530.0,122977530.0,KOSDAQ,-1.01
241520,DSC인베스트먼트,7880.0,88132.0,88132.0,694480160.0,694480160.0,KOSDAQ,-2.6
042370,비츠로테크,7950.0,107687.0,107687.0,856111650.0,856111650.0,KOSDAQ,-4.79
014940,오리엔탈정공,4560.0,106528.0,106528.0,485767680.0,485767680.0,KOSDAQ,-3.9
203650,드림시큐리티,2035.0,392345.0,392345.0,798422075.0,798422075.0,KOSDAQ,-1.69
307180,아이엘,5590.0,231532.0,231532.0,1294263880.0,1294263880.0,KOSDAQ,-2.95
085910,네오티스,14890.0,105475.0,105475.0,1570522750.0,1570522750.0,KOSDAQ,-0.07
099430,바이오플러스,3330.0,132137.0,132137.0,440016210.0,440016210.0,KOSDAQ,-2.92
484810,티엑스알로보틱스,13250.0,1761131.0,1761131.0,23334985750.0,23334985750.0,KOSDAQ,-1.34
484120,도우인시스,18660.0,20574.0,1172401.0,383910840.0,21877002660.0,KOSDAQ,1.97
053300,한국정보인증,5010.0,62033.0,62033.0,310785330.0,310785330.0,KOSDAQ,-0.2
067080,대화제약,10870.0,291901.0,1782857.0,3172963870.0,19379655590.0,KOSDAQ,-3.46
036190,금화피에스시,33700.0,3381.0,3381.0,113939700.0,113939700.0,KOSDAQ,-2.74
475400,씨메스로보틱스,17110.0,21873.0,42762.0,374247030.0,731657820.0,KOSDAQ,-4.79
018310,삼목에스폼,13700.0,10029.0,12470.0,137397300.0,170839000.0,KOSDAQ,-0.65
403850,더핑크퐁컴퍼니,13960.0,347001.0,1475944.0,4844133960.0,20604178240.0,KOSDAQ,2.12
194480,데브시스터즈,16330.0,130584.0,189606.0,2132436720.0,3096265980.0,KOSDAQ,-6.58
318060,그래피,17680.0,62499.0,62499.0,1104982320.0,1104982320.0,KOSDAQ,-6.06
419530,SAMG엔터,19360.0,54429.0,102360.0,1053745440.0,1981689600.0,KOSDAQ,-4.4
013120,동원개발,2170.0,25051.0,25051.0,54360670.0,54360670.0,KOSDAQ,-0.91
084850,아이티엠반도체,8670.0,10874.0,13989.0,94277580.0,121284630.0,KOSDAQ,-2.36
042420,네오위즈홀딩스,24150.0,7684.0,7684.0,185568600.0,185568600.0,KOSDAQ,-0.62
194700,노바렉스,10760.0,58263.0,111563.0,626909880.0,1200417880.0,KOSDAQ,-4.19
058970,엠로,15810.0,37723.0,77463.0,596400630.0,1224690030.0,KOSDAQ,-4.93
304100,솔트룩스,15500.0,73971.0,204123.0,1146550500.0,3163906500.0,KOSDAQ,-5.43
066620,국보디자인,26000.0,20130.0,20130.0,523380000.0,523380000.0,KOSDAQ,-1.89
272110,케이엔제이,24250.0,68052.0,68052.0,1650261000.0,1650261000.0,KOSDAQ,2.11
450950,아스테라시스,5130.0,12104.0,19976.0,62093520.0,102476880.0,KOSDAQ,-4.29
102940,코오롱생명과학,14700.0,67171.0,113734.0,987413700.0,1671889800.0,KOSDAQ,-3.03
190510,나무가,13650.0,23478.0,45838.0,320474700.0,625688700.0,KOSDAQ,-1.59
452280,한선엔지니어링,9960.0,114069.0,114069.0,1136127240.0,1136127240.0,KOSDAQ,-3.21
036560,KZ정밀,12170.0,1572.0,1572.0,19131240.0,19131240.0,KOSDAQ,-0.9
112290,와이씨켐,9450.0,126533.0,126533.0,1195736850.0,1195736850.0,KOSDAQ,-3.77
012210,삼미금속,8260.0,111414.0,111414.0,920279640.0,920279640.0,KOSDAQ,-2.36
462350,이노스페이스,5590.0,139206.0,139206.0,778161540.0,778161540.0,KOSDAQ,-4.61
134580,탑코미디어,3840.0,781154.0,781154.0,2999631360.0,2999631360.0,KOSDAQ,-9.43
126600,BGF에코머티리얼즈,3010.0,63030.0,63030.0,189720300.0,189720300.0,KOSDAQ,0.33
214180,헥토이노베이션,14510.0,42162.0,42162.0,611770620.0,611770620.0,KOSDAQ,-2.75
034810,해성산업,5960.0,16664.0,16664.0,99317440.0,99317440.0,KOSDAQ,-3.25
126730,코칩,21400.0,1489025.0,1489025.0,31865135000.0,31865135000.0,KOSDAQ,2.88
082800,비보존 제약,3085.0,272734.0,272734.0,841384390.0,841384390.0,KOSDAQ,-5.95
049430,코메론,20700.0,12273.0,12273.0,254051100.0,254051100.0,KOSDAQ,-0.48
199430,케이엔알시스템,16570.0,159885.0,477024.0,2649294450.0,7904287680.0,KOSDAQ,-7.43
143240,사람인,17250.0,28377.0,28377.0,489503250.0,489503250.0,KOSDAQ,-1.03
425040,티이엠씨,8430.0,60490.0,60490.0,509930700.0,509930700.0,KOSDAQ,-2.43
115450,HLB테라퓨틱스,2075.0,126176.0,126176.0,261815200.0,261815200.0,KOSDAQ,-1.43
192440,슈피겐코리아,29400.0,2028.0,2028.0,59623200.0,59623200.0,KOSDAQ,1.55
052710,아모텍,10760.0,397610.0,397610.0,4278283600.0,4278283600.0,KOSDAQ,0.56
204610,티쓰리,3275.0,34381.0,34381.0,112597775.0,112597775.0,KOSDAQ,-0.61
138610,나이벡,16050.0,357504.0,2268593.0,5737939200.0,36410917650.0,KOSDAQ,4.56
314130,지놈앤컴퍼니,3480.0,230148.0,230148.0,800915040.0,800915040.0,KOSDAQ,-8.66
256840,한국비엔씨,2660.0,4208230.0,4208230.0,11193891800.0,11193891800.0,KOSDAQ,-4.49
459510,나우로보틱스,13990.0,22240.0,57613.0,311137600.0,806005870.0,KOSDAQ,-4.51
357550,석경에이티,33150.0,2704.0,4447.0,89637600.0,147418050.0,KOSDAQ,-3.77
126700,하이비젼시스템,12080.0,49253.0,49253.0,594976240.0,594976240.0,KOSDAQ,-2.58
064850,에프앤가이드,15750.0,5912.0,5912.0,93114000.0,93114000.0,KOSDAQ,-2.36
220100,퓨쳐켐,7970.0,85109.0,128447.0,678318730.0,1023722590.0,KOSDAQ,-3.28
222040,코스맥스엔비티,8650.0,172951.0,172951.0,1496026150.0,1496026150.0,KOSDAQ,0.35
039830,오로라,16570.0,73671.0,73671.0,1220728470.0,1220728470.0,KOSDAQ,-5.26
078150,HB테크놀러지,1871.0,318468.0,318468.0,595853628.0,595853628.0,KOSDAQ,-1.63
293780,압타바이오,6310.0,86257.0,86257.0,544281670.0,544281670.0,KOSDAQ,0.8
119830,아이텍,6670.0,393460.0,393460.0,2624378200.0,2624378200.0,KOSDAQ,-3.61
176750,듀켐바이오,6210.0,205762.0,490620.0,1277782020.0,3046750200.0,KOSDAQ,-0.16
354320,알멕,27600.0,21170.0,21170.0,584292000.0,584292000.0,KOSDAQ,-3.5
0039P0,매드업,9260.0,2124228.0,2124228.0,19670351280.0,19670351280.0,KOSDAQ,0.87
464080,에스오에스랩,9650.0,52957.0,52957.0,511035050.0,511035050.0,KOSDAQ,-4.55
067290,JW신약,3100.0,55397947.0,55397947.0,171733635700.0,171733635700.0,KOSDAQ,3.68
092130,이크레더블,14420.0,1623.0,1623.0,23403660.0,23403660.0,KOSDAQ,-0.55
024060,흥구석유,11570.0,9080913.0,9080913.0,105066163410.0,105066163410.0,KOSDAQ,13.32
950140,잉글우드랩,8730.0,17740.0,17740.0,154870200.0,154870200.0,KOSDAQ,-1.24
270660,에브리봇,13610.0,28276.0,71474.0,384836360.0,972761140.0,KOSDAQ,-4.09
054210,이랜텍,6820.0,39394.0,39394.0,268667080.0,268667080.0,KOSDAQ,-2.85
143160,아이디스,16090.0,970.0,970.0,15607300.0,15607300.0,KOSDAQ,-1.23
388050,지투파워,9160.0,405657.0,405657.0,3715818120.0,3715818120.0,KOSDAQ,-4.58
080160,모두투어,8990.0,43704.0,43704.0,392898960.0,392898960.0,KOSDAQ,-0.66
489460,바이오비쥬,11500.0,118501.0,118501.0,1362761500.0,1362761500.0,KOSDAQ,-4.41
402030,코난테크놀로지,13510.0,13723.0,38802.0,185397730.0,524215020.0,KOSDAQ,-4.66
083310,엘오티베큠,9420.0,30800.0,30800.0,290136000.0,290136000.0,KOSDAQ,-4.17
094820,일진파워,11120.0,52111.0,52111.0,579474320.0,579474320.0,KOSDAQ,-3.64
126640,화신정공,4780.0,1656025.0,1656025.0,7915799500.0,7915799500.0,KOSDAQ,2.8
083930,아바코,11410.0,22250.0,22250.0,253872500.0,253872500.0,KOSDAQ,-2.06
038390,레드캡투어,9980.0,14476.0,14476.0,144470480.0,144470480.0,KOSDAQ,-0.8
049630,재영솔루텍,7140.0,400450.0,400450.0,2859213000.0,2859213000.0,KOSDAQ,-0.97
179290,엠아이텍,5130.0,42984.0,42984.0,220507920.0,220507920.0,KOSDAQ,0.59
234690,녹십자웰빙,9230.0,45147.0,45147.0,416706810.0,416706810.0,KOSDAQ,-0.11
372170,윤성에프앤씨,20700.0,12647.0,22971.0,261792900.0,475499700.0,KOSDAQ,-6.12
264850,이랜시스,5440.0,157829.0,157829.0,858589760.0,858589760.0,KOSDAQ,-4.56
417030,니어스랩,28500.0,685214.0,685214.0,19528599000.0,19528599000.0,KOSDAQ,-11.49
118990,모트렉스,6710.0,119316.0,119316.0,800610360.0,800610360.0,KOSDAQ,-0.74
122990,와이솔,6160.0,19760.0,19760.0,121721600.0,121721600.0,KOSDAQ,-1.44
086670,비엠티,16520.0,23929.0,23929.0,395307080.0,395307080.0,KOSDAQ,-2.48
0015G0,그린광학,14000.0,33420.0,33420.0,467880000.0,467880000.0,KOSDAQ,-4.76
108380,대양전기공업,17090.0,41910.0,50061.0,716241900.0,855542490.0,KOSDAQ,-5.79
093190,빅솔론,8440.0,14905.0,14905.0,125798200.0,125798200.0,KOSDAQ,-2.2
114840,아이패밀리에스씨,9730.0,57075.0,122489.0,555339750.0,1191817970.0,KOSDAQ,-5.07
123860,아나패스,13350.0,12909.0,12909.0,172335150.0,172335150.0,KOSDAQ,0.0
308430,셀비온,12520.0,9266.0,17911.0,116010320.0,224245720.0,KOSDAQ,-0.71
086820,바이오솔루션,6230.0,65066.0,65066.0,405361180.0,405361180.0,KOSDAQ,-4.01
123410,코리아에프티,5800.0,89305.0,89305.0,517969000.0,517969000.0,KOSDAQ,-3.01
230240,에치에프알,12130.0,117060.0,117060.0,1419937800.0,1419937800.0,KOSDAQ,-2.02
260970,에스앤디,55800.0,15819.0,15819.0,882700200.0,882700200.0,KOSDAQ,0.0
032620,GC메디아이,3090.0,65305.0,65305.0,201792450.0,201792450.0,KOSDAQ,-0.64
023910,대한약품,26850.0,2576.0,2576.0,69165600.0,69165600.0,KOSDAQ,-1.1
199820,제일일렉트릭,7230.0,619158.0,619158.0,4476512340.0,4476512340.0,KOSDAQ,-2.43
331920,셀레믹스,14350.0,67345.0,67345.0,966400750.0,966400750.0,KOSDAQ,-0.07
072870,메가스터디,13430.0,11021.0,11021.0,148012030.0,148012030.0,KOSDAQ,-1.25
054800,아이디스홀딩스,15300.0,1970.0,1970.0,30141000.0,30141000.0,KOSDAQ,-0.07
382800,지앤비에스 에코,4965.0,498732.0,498732.0,2476204380.0,2476204380.0,KOSDAQ,-2.46
024800,유성티엔에스,4485.0,11865.0,11865.0,53214525.0,53214525.0,KOSDAQ,-0.33
039860,나노엔텍,4140.0,315364.0,315364.0,1305606960.0,1305606960.0,KOSDAQ,-0.72
119610,인터로조,13780.0,23390.0,23390.0,322314200.0,322314200.0,KOSDAQ,-2.27
475040,스트라드비젼,2920.0,357246.0,357246.0,1043158320.0,1043158320.0,KOSDAQ,-5.04
041920,메디아나,8450.0,43683.0,43683.0,369121350.0,369121350.0,KOSDAQ,-2.54
011040,경동제약,5060.0,2771174.0,2771174.0,14022140440.0,14022140440.0,KOSDAQ,-0.39
089600,KT나스미디어,13450.0,44226.0,44226.0,594839700.0,594839700.0,KOSDAQ,-0.74
405100,큐알티,12650.0,28769.0,28769.0,363927850.0,363927850.0,KOSDAQ,0.16
104480,티케이케미칼,1706.0,153075.0,153075.0,261145950.0,261145950.0,KOSDAQ,-2.29
012860,모베이스전자,2115.0,286504.0,286504.0,605955960.0,605955960.0,KOSDAQ,-5.37
042600,새로닉스,12380.0,18621.0,18621.0,230527980.0,230527980.0,KOSDAQ,-5.35
263860,지니언스,16930.0,79305.0,79305.0,1342633650.0,1342633650.0,KOSDAQ,-3.81
394800,쓰리빌리언,4805.0,147531.0,204305.0,708886455.0,981685525.0,KOSDAQ,-5.04
032580,피델릭스,4595.0,320827.0,320827.0,1474200065.0,1474200065.0,KOSDAQ,-2.44
264450,유비쿼스,10350.0,21563.0,21563.0,223177050.0,223177050.0,KOSDAQ,-0.96
013990,아가방컴퍼니,4610.0,33367.0,33367.0,153821870.0,153821870.0,KOSDAQ,-1.28
396300,세아메카닉스,5720.0,7615911.0,7615911.0,43563010920.0,43563010920.0,KOSDAQ,10.0
413630,씨피시스템,4155.0,2779210.0,2779210.0,11547617550.0,11547617550.0,KOSDAQ,-5.14
046440,KG파이낸셜,4165.0,36991.0,36991.0,154067515.0,154067515.0,KOSDAQ,-2.12
007330,푸른저축은행,10000.0,24764.0,24764.0,247640000.0,247640000.0,KOSDAQ,-1.48
205500,넥써쓰,1849.0,52598.0,52598.0,97253702.0,97253702.0,KOSDAQ,0.6
047770,코데즈컴바인,3950.0,11518665.0,11518665.0,45498726750.0,45498726750.0,KOSDAQ,0.0
023600,삼보판지,9330.0,13194.0,13194.0,123100020.0,123100020.0,KOSDAQ,-1.37
065660,안트로젠,14890.0,26179.0,35836.0,389805310.0,533598040.0,KOSDAQ,-3.37
101970,우양에이치씨,10060.0,16524.0,16524.0,166231440.0,166231440.0,KOSDAQ,-7.11
138360,앤로보틱스,1688.0,232083.0,232083.0,391756104.0,391756104.0,KOSDAQ,-2.54
382900,범한퓨얼셀,16940.0,99743.0,631674.0,1689646420.0,10700557560.0,KOSDAQ,0.53
049960,쎌바이오텍,15780.0,3799.0,3799.0,59948220.0,59948220.0,KOSDAQ,-1.25
068790,DMS,6550.0,69756.0,69756.0,456901800.0,456901800.0,KOSDAQ,-8.65
039840,디오,10990.0,18194.0,30811.0,199952060.0,338612890.0,KOSDAQ,-0.72
051370,인터플렉스,6310.0,127274.0,127274.0,803098940.0,803098940.0,KOSDAQ,-6.66
389020,자람테크놀로지,21300.0,17577.0,17577.0,374390100.0,374390100.0,KOSDAQ,-3.84
355150,코스텍시스,18820.0,80489.0,80489.0,1514802980.0,1514802980.0,KOSDAQ,-6.13
046120,오르비텍,4310.0,131124.0,131124.0,565144440.0,565144440.0,KOSDAQ,-3.15
086890,이수앱지스,3570.0,222841.0,222841.0,795542370.0,795542370.0,KOSDAQ,6.25
187870,디바이스,10440.0,45383.0,45383.0,473798520.0,473798520.0,KOSDAQ,-5.43
418550,제이오,4500.0,72060.0,72060.0,324270000.0,324270000.0,KOSDAQ,-5.66
078070,유비쿼스홀딩스,8440.0,24297.0,24297.0,205066680.0,205066680.0,KOSDAQ,-2.43
300080,플리토,8710.0,30179.0,75654.0,262859090.0,658946340.0,KOSDAQ,-3.76
101360,에코앤드림,8080.0,118775.0,239940.0,959702000.0,1938715200.0,KOSDAQ,-9.01
054450,텔레칩스,9480.0,27760.0,27760.0,263164800.0,263164800.0,KOSDAQ,-3.46
041020,폴라리스오피스,2885.0,85389.0,85389.0,246347265.0,246347265.0,KOSDAQ,-3.51
001540,안국약품,10980.0,25229.0,25229.0,277014420.0,277014420.0,KOSDAQ,-0.27
005990,매일홀딩스,10680.0,1988.0,1988.0,21231840.0,21231840.0,KOSDAQ,-1.11
048870,시너지이노베이션,1604.0,171147.0,171147.0,274519788.0,274519788.0,KOSDAQ,-2.2
148150,세경하이테크,3970.0,99494.0,99494.0,394991180.0,394991180.0,KOSDAQ,-3.52
093640,케이알엠,4295.0,18359.0,18359.0,78851905.0,78851905.0,KOSDAQ,-0.23
051160,지어소프트,9110.0,35056.0,35056.0,319360160.0,319360160.0,KOSDAQ,-3.8
445180,퓨릿,8150.0,22021.0,22021.0,179471150.0,179471150.0,KOSDAQ,-4.34
067280,멀티캠퍼스,23600.0,1744.0,1744.0,41158400.0,41158400.0,KOSDAQ,-0.63
092070,디엔에프,12040.0,9172.0,9172.0,110430880.0,110430880.0,KOSDAQ,-0.74
041520,이엘씨,11400.0,6826.0,6826.0,77816400.0,77816400.0,KOSDAQ,1.42
289080,SV인베스트먼트,2310.0,669718.0,669718.0,1547048580.0,1547048580.0,KOSDAQ,1.99
293580,나우IB,1462.0,141570.0,141570.0,206975340.0,206975340.0,KOSDAQ,-1.55
060150,인선이엔티,3040.0,21413.0,21413.0,65095520.0,65095520.0,KOSDAQ,-1.62
408920,메쎄이상,3200.0,4991.0,4991.0,15971200.0,15971200.0,KOSDAQ,-1.69
079960,동양이엔피,18200.0,23940.0,23940.0,435708000.0,435708000.0,KOSDAQ,-1.36
069510,에스텍,12510.0,1804.0,1804.0,22568040.0,22568040.0,KOSDAQ,-0.56
005160,동국산업,2515.0,31071.0,31071.0,78143565.0,78143565.0,KOSDAQ,-2.14
036170,에이치엠넥스,2220.0,104200.0,104200.0,231324000.0,231324000.0,KOSDAQ,-2.42
334970,프레스티지바이오로직스,1749.0,384652.0,384652.0,672756348.0,672756348.0,KOSDAQ,-2.13
079650,서산,6790.0,8788542.0,8788542.0,59674200180.0,59674200180.0,KOSDAQ,29.83
084990,헬릭스미스,2945.0,55418.0,55418.0,163206010.0,163206010.0,KOSDAQ,-3.76
035610,솔본,4950.0,17109.0,17109.0,84689550.0,84689550.0,KOSDAQ,-0.6
003100,선광,20500.0,7578.0,7578.0,155349000.0,155349000.0,KOSDAQ,-2.38
147830,제룡산업,6760.0,87465.0,87465.0,591263400.0,591263400.0,KOSDAQ,-3.84
115310,인포바인,9110.0,8289.0,8289.0,75512790.0,75512790.0,KOSDAQ,-0.44
088800,에이스테크,1776.0,162737.0,162737.0,289020912.0,289020912.0,KOSDAQ,-2.79
038290,마크로젠,12360.0,18926.0,18926.0,233925360.0,233925360.0,KOSDAQ,-2.68
417010,나노팀,6620.0,325285.0,325285.0,2153386700.0,2153386700.0,KOSDAQ,-3.5
469610,이노테크,14900.0,68577.0,130511.0,1021797300.0,1944613900.0,KOSDAQ,-5.28
340450,지씨지놈,5630.0,45371.0,45371.0,255438730.0,255438730.0,KOSDAQ,-4.41
418420,라온텍,4315.0,372707.0,372707.0,1608230705.0,1608230705.0,KOSDAQ,-2.27
338840,와이바이오로직스,8620.0,34715.0,49693.0,299243300.0,428353660.0,KOSDAQ,-0.81
035080,그래디언트,11830.0,20822.0,20822.0,246324260.0,246324260.0,KOSDAQ,-0.5
0007C0,아크릴,16440.0,142026.0,142026.0,2334907440.0,2334907440.0,KOSDAQ,-4.36
136540,윈스테크넷,10740.0,10095.0,10095.0,108420300.0,108420300.0,KOSDAQ,-0.09
226590,엠디바이스,12290.0,24784.0,24784.0,304595360.0,304595360.0,KOSDAQ,-1.6
032940,원익,7220.0,768908.0,768908.0,5551515760.0,5551515760.0,KOSDAQ,-5.0
080420,모다이노칩,1645.0,57.0,57.0,93765.0,93765.0,KOSDAQ,-0.24
274090,켄코아에어로스페이스,9520.0,53832.0,53832.0,512480640.0,512480640.0,KOSDAQ,-3.55
474650,링크솔루션,22700.0,20264.0,20264.0,459992800.0,459992800.0,KOSDAQ,-6.2
049720,고려신용정보,9130.0,24369.0,24369.0,222488970.0,222488970.0,KOSDAQ,-0.65
251370,와이엠티,7240.0,128984.0,128984.0,933844160.0,933844160.0,KOSDAQ,-7.18
321550,티움바이오,4340.0,55870.0,55870.0,242475800.0,242475800.0,KOSDAQ,-1.14
198440,강동씨앤엘,2135.0,11762469.0,11762469.0,25112871315.0,25112871315.0,KOSDAQ,0.0
494120,큐리오시스,8520.0,81316.0,136083.0,692812320.0,1159427160.0,KOSDAQ,-2.52
094840,슈프리마에이치큐,13090.0,12840.0,12840.0,168075600.0,168075600.0,KOSDAQ,-0.46
095700,제넥신,2815.0,348798.0,348798.0,981866370.0,981866370.0,KOSDAQ,-6.48
387690,레메디,16780.0,8087737.0,8087737.0,135712226860.0,135712226860.0,KOSDAQ,15.8
192410,오늘이엔엠,5080.0,132786.0,132786.0,674552880.0,674552880.0,KOSDAQ,-2.12
140670,알에스오토메이션,9950.0,55102.0,55102.0,548264900.0,548264900.0,KOSDAQ,-1.49
489500,엘케이켐,19950.0,6109.0,6109.0,121874550.0,121874550.0,KOSDAQ,-3.39
153890,져스텍,10550.0,167005.0,167005.0,1761902750.0,1761902750.0,KOSDAQ,-8.74
308080,바이젠셀,6180.0,586575.0,586575.0,3625033500.0,3625033500.0,KOSDAQ,-15.11
264660,씨앤지하이테크,13020.0,21895.0,21895.0,285072900.0,285072900.0,KOSDAQ,-2.62
265740,엔에프씨,7080.0,249292.0,249292.0,1764987360.0,1764987360.0,KOSDAQ,-2.48
0015N0,아로마티카,10030.0,393945.0,393945.0,3951268350.0,3951268350.0,KOSDAQ,-4.02
452450,피아이이,3495.0,85074.0,85074.0,297333630.0,297333630.0,KOSDAQ,2.04
009780,엠에스씨,7150.0,11362.0,11362.0,81238300.0,81238300.0,KOSDAQ,-2.59
267320,나인테크,2185.0,216545.0,216545.0,473150825.0,473150825.0,KOSDAQ,-2.67
950190,고스트스튜디오,9630.0,14535.0,14535.0,139972050.0,139972050.0,KOSDAQ,-2.73
307750,국전,2320.0,409774.0,409774.0,950675680.0,950675680.0,KOSDAQ,-2.52
0088M0,메쥬,12650.0,32663.0,32663.0,413186950.0,413186950.0,KOSDAQ,-1.63
240550,동방메디컬,5940.0,927764.0,927764.0,5510918160.0,5510918160.0,KOSDAQ,0.51
122450,KX,2770.0,57976.0,57976.0,160593520.0,160593520.0,KOSDAQ,2.97
290740,액트로,12330.0,82510.0,82510.0,1017348300.0,1017348300.0,KOSDAQ,4.49
102120,어보브반도체,6970.0,37717.0,37717.0,262887490.0,262887490.0,KOSDAQ,-1.83
232680,라온로보틱스,9330.0,73716.0,73716.0,687770280.0,687770280.0,KOSDAQ,0.11
220260,켐트로스,3855.0,30191.0,30191.0,116386305.0,116386305.0,KOSDAQ,-1.91
142210,유니트론텍,5950.0,78203.0,78203.0,465307850.0,465307850.0,KOSDAQ,-1.49
388790,라이콤,4030.0,222736.0,222736.0,897626080.0,897626080.0,KOSDAQ,-4.39
285490,노바텍,11630.0,16869.0,16869.0,196186470.0,196186470.0,KOSDAQ,-2.84
056090,시지메드텍,1189.0,728468.0,728468.0,866148452.0,866148452.0,KOSDAQ,3.39
027710,팜스토리,1100.0,530741.0,530741.0,583815100.0,583815100.0,KOSDAQ,1.48
473980,노머스,11260.0,21955.0,30389.0,247213300.0,342180140.0,KOSDAQ,-1.75
297890,HB솔루션,1675.0,145078.0,145078.0,243005650.0,243005650.0,KOSDAQ,-2.05
149950,아바텍,8950.0,58601.0,58601.0,524478950.0,524478950.0,KOSDAQ,-1.21
037070,파세코,6100.0,155061.0,155061.0,945872100.0,945872100.0,KOSDAQ,0.33
432720,퀄리타스반도체,8530.0,33460.0,33460.0,285413800.0,285413800.0,KOSDAQ,-4.05
086980,쇼박스,1935.0,106859.0,106859.0,206772165.0,206772165.0,KOSDAQ,-3.06
146320,비씨엔씨,9430.0,11673.0,11673.0,110076390.0,110076390.0,KOSDAQ,-1.57
322510,제이엘케이,4675.0,38572.0,38572.0,180324100.0,180324100.0,KOSDAQ,-3.81
095190,신화프리텍,1827.0,75547.0,75547.0,138024369.0,138024369.0,KOSDAQ,-2.82
052260,현대바이오랜드,3970.0,34236.0,34236.0,135916920.0,135916920.0,KOSDAQ,-1.61
049520,유아이엘,3860.0,88865.0,88865.0,343018900.0,343018900.0,KOSDAQ,-2.15
008830,대동기어,6200.0,271137.0,271137.0,1681049400.0,1681049400.0,KOSDAQ,-3.88
458650,성우,7900.0,7676.0,7676.0,60640400.0,60640400.0,KOSDAQ,-2.59
255220,SG,1084.0,3329490.0,3329490.0,3609167160.0,3609167160.0,KOSDAQ,0.74
457550,우진엔텍,12730.0,83779.0,83779.0,1066506670.0,1066506670.0,KOSDAQ,-4.64
211270,AP위성,7860.0,34671.0,34671.0,272514060.0,272514060.0,KOSDAQ,-2.84
108230,톱텍,3115.0,375364.0,375364.0,1169258860.0,1169258860.0,KOSDAQ,-2.81
063570,NICE인프라,3450.0,14207.0,14207.0,49014150.0,49014150.0,KOSDAQ,-1.15
228850,레이언스,7100.0,44124.0,44124.0,313280400.0,313280400.0,KOSDAQ,-0.84
036630,세종텔레콤,8410.0,13584.0,13584.0,114241440.0,114241440.0,KOSDAQ,0.96
212560,네오오토,8720.0,54645.0,54645.0,476504400.0,476504400.0,KOSDAQ,-2.68
282880,코윈테크,10040.0,34317.0,34317.0,344542680.0,344542680.0,KOSDAQ,-4.38
021320,KCC건설,5470.0,2220.0,2220.0,12143400.0,12143400.0,KOSDAQ,-1.62
322310,오로스테크놀로지,12480.0,85506.0,85506.0,1067114880.0,1067114880.0,KOSDAQ,-4.44
339950,아이비김영,2600.0,27400.0,27400.0,71240000.0,71240000.0,KOSDAQ,0.0
166480,코아스템켐온,2210.0,286606.0,286606.0,633399260.0,633399260.0,KOSDAQ,0.45
323990,박셀바이오,5020.0,1319503.0,1319503.0,6623905060.0,6623905060.0,KOSDAQ,-0.99
361390,제노코,11940.0,12910.0,12910.0,154145400.0,154145400.0,KOSDAQ,-3.86
048550,SM C&C,1195.0,381949.0,381949.0,456429055.0,456429055.0,KOSDAQ,-4.63
417500,제이아이테크,3525.0,43825.0,43825.0,154483125.0,154483125.0,KOSDAQ,0.14
163730,핑거,9570.0,73423.0,73423.0,702658110.0,702658110.0,KOSDAQ,-6.08
451760,컨텍,6940.0,27798.0,27798.0,192918120.0,192918120.0,KOSDAQ,-2.8
041440,현대에버다임,6420.0,37173.0,37173.0,238650660.0,238650660.0,KOSDAQ,-1.98
217270,넵튠,2440.0,22255.0,22255.0,54302200.0,54302200.0,KOSDAQ,-1.41
038540,상상인,2050.0,38854.0,38854.0,79650700.0,79650700.0,KOSDAQ,1.74
394420,리센스메디컬,10280.0,42186.0,42186.0,433672080.0,433672080.0,KOSDAQ,-1.15
059120,아진엑스텍,6160.0,165346.0,165346.0,1018531360.0,1018531360.0,KOSDAQ,-3.14
051980,중앙첨단소재,1014.0,7130259.0,7130259.0,7230082626.0,7230082626.0,KOSDAQ,0.6
053080,케이엔솔,8640.0,28688.0,28688.0,247864320.0,247864320.0,KOSDAQ,-3.57
299030,하나기술,14000.0,21398.0,28467.0,299572000.0,398538000.0,KOSDAQ,-5.91
259630,엠플러스,9150.0,44215.0,44215.0,404567250.0,404567250.0,KOSDAQ,-3.28
478340,나라스페이스테크놀로지,9660.0,42860.0,42860.0,414027600.0,414027600.0,KOSDAQ,-5.48
366030,나인앤컴퍼니,4925.0,45883.0,45883.0,225973775.0,225973775.0,KOSDAQ,-2.67
090850,현대이지웰,4950.0,50076.0,50076.0,247876200.0,247876200.0,KOSDAQ,-0.9
256940,킵스파마,5540.0,20113.0,20113.0,111426020.0,111426020.0,KOSDAQ,0.0
493330,지에프아이,13810.0,365552.0,365552.0,5048273120.0,5048273120.0,KOSDAQ,1.54
106190,하이텍팜,10440.0,34076.0,34076.0,355753440.0,355753440.0,KOSDAQ,-2.06
333430,일승,3610.0,48767.0,48767.0,176048870.0,176048870.0,KOSDAQ,-2.83
054050,NH농우바이오,6900.0,30349.0,30349.0,209408100.0,209408100.0,KOSDAQ,-0.72
158430,아톤,4475.0,166170.0,166170.0,743610750.0,743610750.0,KOSDAQ,-3.97
063170,서울옥션,6160.0,57807.0,57807.0,356091120.0,356091120.0,KOSDAQ,-2.22
018120,진로발효,16530.0,732.0,732.0,12099960.0,12099960.0,KOSDAQ,-0.12
109740,디에스케이,4255.0,10336.0,10336.0,43979680.0,43979680.0,KOSDAQ,3.65
067900,와이엔텍,6010.0,12965.0,12965.0,77919650.0,77919650.0,KOSDAQ,-1.8
052860,아이앤씨,6120.0,89938.0,89938.0,550420560.0,550420560.0,KOSDAQ,-2.86
474170,루미르,6130.0,29732.0,29732.0,182257160.0,182257160.0,KOSDAQ,-3.01
067990,도이치모터스,3740.0,40015.0,40015.0,149656100.0,149656100.0,KOSDAQ,-0.27
073010,케이에스피,2710.0,115166.0,115166.0,312099860.0,312099860.0,KOSDAQ,-5.41
475230,엔알비,9980.0,41937.0,41937.0,418531260.0,418531260.0,KOSDAQ,-1.19
402490,그린리소스,6410.0,32650.0,32650.0,209286500.0,209286500.0,KOSDAQ,-2.14
047310,파워로직스,2960.0,45095.0,45095.0,133481200.0,133481200.0,KOSDAQ,-2.95
290720,푸드나무,2835.0,93429.0,93429.0,264871215.0,264871215.0,KOSDAQ,6.98
297090,씨에스베어링,3965.0,53744.0,53744.0,213094960.0,213094960.0,KOSDAQ,-0.38
017510,세명전기,7090.0,123528.0,123528.0,875813520.0,875813520.0,KOSDAQ,-3.93
051360,토비스,11210.0,13179.0,20784.0,147736590.0,232988640.0,KOSDAQ,-0.71
100700,세운메디칼,2460.0,242405.0,242405.0,596316300.0,596316300.0,KOSDAQ,1.23
037350,성도이엔지,7080.0,73154.0,73154.0,517930320.0,517930320.0,KOSDAQ,-3.01
039340,한국경제TV,4890.0,13820.0,13820.0,67579800.0,67579800.0,KOSDAQ,0.2
141000,비아트론,8870.0,9533.0,9533.0,84557710.0,84557710.0,KOSDAQ,-2.74
310200,애니플러스,2060.0,225073.0,225073.0,463650380.0,463650380.0,KOSDAQ,-2.14
311320,지오엘리먼트,8510.0,79979.0,79979.0,680621290.0,680621290.0,KOSDAQ,-2.41
242040,나무에이엑스,3095.0,193683.0,193683.0,599448885.0,599448885.0,KOSDAQ,-1.12
336680,탑런토탈솔루션,2735.0,30311.0,30311.0,82900585.0,82900585.0,KOSDAQ,1.3
120240,대정화금,14850.0,7827.0,7827.0,116230950.0,116230950.0,KOSDAQ,-1.0
105330,케이엔더블유,6610.0,25067.0,25067.0,165692870.0,165692870.0,KOSDAQ,-4.62
059210,메타바이오메드,3895.0,23868.0,23868.0,92965860.0,92965860.0,KOSDAQ,-1.39
123040,엠에스오토텍,1688.0,137468.0,137468.0,232045984.0,232045984.0,KOSDAQ,-3.49
488280,에스투더블유,9760.0,53231.0,141844.0,519534560.0,1384397440.0,KOSDAQ,-4.41
246710,티앤알바이오팹,2215.0,95062.0,95062.0,210562330.0,210562330.0,KOSDAQ,-2.64
073560,우리손에프앤지,1518.0,45022.0,45022.0,68343396.0,68343396.0,KOSDAQ,-0.07
053700,삼보모터스,3920.0,95175.0,95175.0,373086000.0,373086000.0,KOSDAQ,-2.61
054920,한컴위드,3710.0,87556.0,87556.0,324832760.0,324832760.0,KOSDAQ,-1.59
021080,에이티넘인베스트,2180.0,187257.0,187257.0,408220260.0,408220260.0,KOSDAQ,-4.6
443670,에스피소프트,4350.0,15624403.0,15624403.0,67966153050.0,67966153050.0,KOSDAQ,13.87
453450,그리드위즈,13100.0,32320.0,32320.0,423392000.0,423392000.0,KOSDAQ,-3.18
074430,아미노로직스,1180.0,245354.0,245354.0,289517720.0,289517720.0,KOSDAQ,2.7
115500,케이씨에스,8650.0,25278.0,25278.0,218654700.0,218654700.0,KOSDAQ,-3.57
006620,동구바이오제약,3590.0,63428.0,63428.0,227706520.0,227706520.0,KOSDAQ,-0.97
101170,우림피티에스,7560.0,40742.0,40742.0,308009520.0,308009520.0,KOSDAQ,-5.26
053260,금강철강,5430.0,135436.0,135436.0,735417480.0,735417480.0,KOSDAQ,0.0
131030,옵투스제약,5760.0,60481.0,60481.0,348370560.0,348370560.0,KOSDAQ,-1.03
474610,RF시스템즈,7040.0,29902.0,29902.0,210510080.0,210510080.0,KOSDAQ,-0.85
071280,로체시스템즈,6620.0,69583.0,69583.0,460639460.0,460639460.0,KOSDAQ,-1.05
039560,다산네트웍스,2360.0,81286.0,81286.0,191834960.0,191834960.0,KOSDAQ,-2.48
396470,워트,6260.0,71876.0,71876.0,449943760.0,449943760.0,KOSDAQ,-0.63
189330,씨이랩,10660.0,293692.0,293692.0,3130756720.0,3130756720.0,KOSDAQ,-7.71
307870,비투엔,1339.0,1651815.0,1651815.0,2211780285.0,2211780285.0,KOSDAQ,5.1
352090,스톰테크,3680.0,14746.0,14746.0,54265280.0,54265280.0,KOSDAQ,0.14
053350,이니텍,4480.0,237657.0,237657.0,1064703360.0,1064703360.0,KOSDAQ,7.18
330350,위더스제약,7470.0,1164256.0,1164256.0,8696992320.0,8696992320.0,KOSDAQ,-10.22
309960,LB인베스트먼트,4210.0,55731.0,55731.0,234627510.0,234627510.0,KOSDAQ,-0.82
475580,에이럭스,7160.0,61504.0,61504.0,440368640.0,440368640.0,KOSDAQ,-3.5
042500,링네트,4370.0,87408.0,87408.0,381972960.0,381972960.0,KOSDAQ,-1.91
298540,더네이쳐홀딩스,6720.0,7101.0,7101.0,47718720.0,47718720.0,KOSDAQ,-2.61
235980,메드팩토,2820.0,80585.0,80585.0,227249700.0,227249700.0,KOSDAQ,-1.05
042510,라온시큐어,8670.0,206303.0,206303.0,1788647010.0,1788647010.0,KOSDAQ,-2.03
066590,스모트로닉,2470.0,53937.0,53937.0,133224390.0,133224390.0,KOSDAQ,-3.52
040350,크레오에스지,4810.0,180464.0,180464.0,868031840.0,868031840.0,KOSDAQ,-1.33
017650,대림제지,10840.0,7451.0,7451.0,80768840.0,80768840.0,KOSDAQ,0.09
088130,동아엘텍,5440.0,31244.0,31244.0,169967360.0,169967360.0,KOSDAQ,-2.86
083500,에프엔에스테크,11450.0,21671.0,21671.0,248132950.0,248132950.0,KOSDAQ,-1.29
052420,오성첨단소재,9760.0,51707.0,51707.0,504660320.0,504660320.0,KOSDAQ,-5.15
357880,SKAI,1754.0,280369.0,280369.0,491767226.0,491767226.0,KOSDAQ,-3.68
362320,청담글로벌,4590.0,33374.0,33374.0,153186660.0,153186660.0,KOSDAQ,-4.28
005860,한일사료,2410.0,904795.0,904795.0,2180555950.0,2180555950.0,KOSDAQ,-1.63
040300,YTN,1989.0,8957.0,8957.0,17815473.0,17815473.0,KOSDAQ,0.15
002230,피에스텍,5140.0,29726.0,29726.0,152791640.0,152791640.0,KOSDAQ,-1.72
307930,컴퍼니케이,6040.0,25035.0,25035.0,151211400.0,151211400.0,KOSDAQ,-1.31
091590,남화토건,8030.0,5608818.0,5608818.0,45038808540.0,45038808540.0,KOSDAQ,20.93
250060,모비스,2930.0,116133.0,116133.0,340269690.0,340269690.0,KOSDAQ,-2.01
091440,한울소재과학,2700.0,148478.0,148478.0,400890600.0,400890600.0,KOSDAQ,-5.26
086710,선진뷰티사이언스,7610.0,10454.0,10454.0,79554940.0,79554940.0,KOSDAQ,-3.55
036220,오상헬스케어,6470.0,9547.0,9547.0,61769090.0,61769090.0,KOSDAQ,-4.57
036010,아비코전자,6960.0,631582.0,631582.0,4395810720.0,4395810720.0,KOSDAQ,0.72
205100,엑셈,1362.0,127298.0,127298.0,173379876.0,173379876.0,KOSDAQ,-1.3
109610,에스와이,1880.0,86046.0,86046.0,161766480.0,161766480.0,KOSDAQ,-1.52
255440,야스,7040.0,94694.0,94694.0,666645760.0,666645760.0,KOSDAQ,-4.22
348350,위드텍,9380.0,11849.0,11849.0,111143620.0,111143620.0,KOSDAQ,-2.6
013310,아진산업,2355.0,104807.0,104807.0,246820485.0,246820485.0,KOSDAQ,-1.46
452190,한빛레이저,3820.0,211171.0,211171.0,806673220.0,806673220.0,KOSDAQ,-4.26
380550,뉴로핏,7490.0,21857.0,21857.0,163708930.0,163708930.0,KOSDAQ,-3.6
419050,삼기에너지솔루션즈,1596.0,510504.0,510504.0,814764384.0,814764384.0,KOSDAQ,-2.33
023900,풍국주정,7240.0,4404.0,4404.0,31884960.0,31884960.0,KOSDAQ,-0.82
049950,미래컴퍼니,10340.0,17634.0,17634.0,182335560.0,182335560.0,KOSDAQ,-3.99
040420,정상제이엘에스,5810.0,11661.0,11661.0,67750410.0,67750410.0,KOSDAQ,-0.34
053580,웹케시,7020.0,13041.0,13041.0,91547820.0,91547820.0,KOSDAQ,-0.14
125210,아모그린텍,5500.0,53029.0,53029.0,291659500.0,291659500.0,KOSDAQ,-4.35
217820,원익피앤이,1910.0,161455.0,161455.0,308379050.0,308379050.0,KOSDAQ,-5.45
093920,서원인텍,4845.0,5422.0,5422.0,26269590.0,26269590.0,KOSDAQ,-0.31
187790,나노,2900.0,88277.0,88277.0,256003300.0,256003300.0,KOSDAQ,-2.68
351320,넥사다이내믹스,3010.0,698765.0,698765.0,2103282650.0,2103282650.0,KOSDAQ,-3.53
226400,오스테오닉,4325.0,30603.0,30603.0,132357975.0,132357975.0,KOSDAQ,-0.57
009300,삼아제약,13950.0,399.0,399.0,5566050.0,5566050.0,KOSDAQ,-0.07
282720,금양그린파워,7330.0,13211.0,13211.0,96836630.0,96836630.0,KOSDAQ,-2.4
263720,디앤씨미디어,7120.0,4709.0,4709.0,33528080.0,33528080.0,KOSDAQ,-0.42
099750,이지케어텍,6470.0,24145.0,24145.0,156218150.0,156218150.0,KOSDAQ,-0.92
950130,엑세스바이오,2510.0,99209.0,99209.0,249014590.0,249014590.0,KOSDAQ,-2.33
096240,크레버스,8600.0,7382.0,7382.0,63485200.0,63485200.0,KOSDAQ,-1.04
063080,컴투스홀딩스,13300.0,58121.0,58121.0,773009300.0,773009300.0,KOSDAQ,-2.56
078140,대봉엘에스,7910.0,33427.0,33427.0,264407570.0,264407570.0,KOSDAQ,-4.24
234300,에스트래픽,3220.0,455090.0,455090.0,1465389800.0,1465389800.0,KOSDAQ,7.33
306620,지아이에스,1826.0,206340.0,206340.0,376776840.0,376776840.0,KOSDAQ,-3.39
357230,에이치피오,2120.0,61894.0,61894.0,131215280.0,131215280.0,KOSDAQ,-2.75
330730,스톤브릿지벤처스,4790.0,6227.0,6227.0,29827330.0,29827330.0,KOSDAQ,-1.44
317770,엑스페릭스,2380.0,74610.0,74610.0,177571800.0,177571800.0,KOSDAQ,-2.86
107600,새빗켐,15420.0,10329.0,10329.0,159273180.0,159273180.0,KOSDAQ,-4.46
182360,큐브엔터,5600.0,13078.0,13078.0,73236800.0,73236800.0,KOSDAQ,-5.08
432470,케이엔에스,9920.0,147167.0,147167.0,1459896640.0,1459896640.0,KOSDAQ,-7.55
413390,엠오티,7500.0,23996.0,23996.0,179970000.0,179970000.0,KOSDAQ,-2.6
322180,LS티라유텍,4040.0,58044.0,58044.0,234497760.0,234497760.0,KOSDAQ,-1.22
048530,인트론바이오,2810.0,40748.0,40748.0,114501880.0,114501880.0,KOSDAQ,-1.4
090470,제이스로보틱스,4950.0,1634525.0,1634525.0,8090898750.0,8090898750.0,KOSDAQ,7.38
047560,이스트소프트,7360.0,18072.0,18072.0,133009920.0,133009920.0,KOSDAQ,-3.92
004650,창해에탄올,9400.0,11550.0,11550.0,108570000.0,108570000.0,KOSDAQ,-0.53
156100,엘앤케이바이오,3860.0,34352.0,34352.0,132598720.0,132598720.0,KOSDAQ,-2.77
058820,CMG제약,582.0,1802735.0,1802735.0,1049191770.0,1049191770.0,KOSDAQ,-6.13
209640,와이제이링크,3030.0,70554.0,70554.0,213778620.0,213778620.0,KOSDAQ,-2.88
029480,광무,1441.0,35393.0,35393.0,51001313.0,51001313.0,KOSDAQ,-2.9
072020,중앙백신,9290.0,5860.0,5860.0,54439400.0,54439400.0,KOSDAQ,-0.43
130580,나이스디앤비,5580.0,3113.0,3113.0,17370540.0,17370540.0,KOSDAQ,-0.53
149980,하이로닉,4995.0,17872.0,17872.0,89270640.0,89270640.0,KOSDAQ,-0.5
032300,한국파마,7870.0,10843.0,10843.0,85334410.0,85334410.0,KOSDAQ,-1.5
172670,에이엘티,9560.0,28605.0,28605.0,273463800.0,273463800.0,KOSDAQ,-3.24
289930,웨이비스,6480.0,26728.0,26728.0,173197440.0,173197440.0,KOSDAQ,-2.85
025950,동신건설,10120.0,14784.0,14784.0,149614080.0,149614080.0,KOSDAQ,-2.5
033290,로젠,1506.0,27403.0,27403.0,41268918.0,41268918.0,KOSDAQ,-0.99
044990,에이치엔에스하이텍,10990.0,10537.0,10537.0,115801630.0,115801630.0,KOSDAQ,-1.7
067000,조이시티,1207.0,103333.0,103333.0,124722931.0,124722931.0,KOSDAQ,1.0
478560,블랙야크아이앤씨,3260.0,37883.0,37883.0,123498580.0,123498580.0,KOSDAQ,-2.83
129920,대성하이텍,5180.0,167491.0,167491.0,867603380.0,867603380.0,KOSDAQ,-6.67
102370,케이옥션,3240.0,31288.0,31288.0,101373120.0,101373120.0,KOSDAQ,-3.28
418470,KT밀리의서재,9790.0,27871.0,27871.0,272857090.0,272857090.0,KOSDAQ,-0.31
900300,오가닉티코스메틱,4060.0,385127.0,385127.0,1563615620.0,1563615620.0,KOSDAQ,-0.37
185490,아이진,1926.0,145374.0,145374.0,279990324.0,279990324.0,KOSDAQ,1.16
302550,리메드,2690.0,13916.0,13916.0,37434040.0,37434040.0,KOSDAQ,-1.1
137950,제이씨케미칼,3725.0,52423.0,52423.0,195275675.0,195275675.0,KOSDAQ,0.13
066980,한성크린텍,1538.0,354971.0,354971.0,545945398.0,545945398.0,KOSDAQ,-2.1
045970,코아시아,3140.0,58293.0,58293.0,183040020.0,183040020.0,KOSDAQ,-2.33
086960,MDS테크,1935.0,89459.0,89459.0,173103165.0,173103165.0,KOSDAQ,-2.22
217190,제너셈,6250.0,58833.0,58833.0,367706250.0,367706250.0,KOSDAQ,-0.95
223250,드림씨아이에스,3335.0,27932.0,27932.0,93153220.0,93153220.0,KOSDAQ,-2.2
054540,삼영엠텍,6310.0,29980.0,29980.0,189173800.0,189173800.0,KOSDAQ,-3.37
019550,SBI인베스트먼트,1012.0,219677.0,219677.0,222313124.0,222313124.0,KOSDAQ,-1.56
040910,아이씨디,4510.0,7781.0,7781.0,35092310.0,35092310.0,KOSDAQ,-0.88
038110,에코플라스틱,1990.0,229924.0,229924.0,457548760.0,457548760.0,KOSDAQ,-1.49
950250,테라뷰,2305.0,88654.0,88654.0,204347470.0,204347470.0,KOSDAQ,-2.12
079810,APS이노베이션,3795.0,69996.0,69996.0,265634820.0,265634820.0,KOSDAQ,-3.8
054670,대한뉴팜,5690.0,14230.0,14230.0,80968700.0,80968700.0,KOSDAQ,-0.7
089230,THE E&M,2065.0,194599.0,194599.0,401846935.0,401846935.0,KOSDAQ,-4.62
131370,알서포트,1528.0,53845.0,53845.0,82275160.0,82275160.0,KOSDAQ,-1.36
091120,이엠텍,4735.0,21288.0,21288.0,100798680.0,100798680.0,KOSDAQ,-3.56
066430,아이로보틱스,2070.0,268385.0,268385.0,555556950.0,555556950.0,KOSDAQ,-2.82
215100,로보로보,3980.0,34606.0,34606.0,137731880.0,137731880.0,KOSDAQ,-2.81
104460,디와이피엔에프,7690.0,2933.0,2933.0,22554770.0,22554770.0,KOSDAQ,-2.53
101330,모베이스,3490.0,61505.0,61505.0,214652450.0,214652450.0,KOSDAQ,-1.69
048910,대원미디어,6410.0,125080.0,125080.0,801762800.0,801762800.0,KOSDAQ,2.4
282620,기도산업,13740.0,302460.0,302460.0,4155800400.0,4155800400.0,KOSDAQ,-4.65
036640,HRS,4900.0,20313.0,20313.0,99533700.0,99533700.0,KOSDAQ,-0.81
201490,미투온,2445.0,373039.0,373039.0,912080355.0,912080355.0,KOSDAQ,-2.59
105740,디케이락,7860.0,38583.0,38583.0,303262380.0,303262380.0,KOSDAQ,-1.5
0017J0,세미티에스,2650.0,124955.0,124955.0,331130750.0,331130750.0,KOSDAQ,-1.67
950220,네오이뮨텍,2335.0,780648.0,780648.0,1822813080.0,1822813080.0,KOSDAQ,-9.85
066700,테라젠이텍스,2150.0,52478.0,52478.0,112827700.0,112827700.0,KOSDAQ,0.7
033560,블루콤,4665.0,12684.0,12684.0,59170860.0,59170860.0,KOSDAQ,0.11
037030,파워넷,3125.0,133817.0,133817.0,418178125.0,418178125.0,KOSDAQ,-3.55
037760,쎄니트,2355.0,4973.0,4973.0,11711415.0,11711415.0,KOSDAQ,-1.46
900260,로스웰,1729.0,19961.0,19961.0,34512569.0,34512569.0,KOSDAQ,2.01
0117P0,피스피스스튜디오,5610.0,549371.0,549371.0,3081971310.0,3081971310.0,KOSDAQ,2.0
058400,KNN,5990.0,3084.0,3084.0,18473160.0,18473160.0,KOSDAQ,0.34
487580,폴레드,3135.0,152499.0,152499.0,478084365.0,478084365.0,KOSDAQ,-3.09
053280,예스24,3155.0,12154.0,12154.0,38345870.0,38345870.0,KOSDAQ,-0.47
204840,지엘팜텍,5050.0,91801.0,91801.0,463595050.0,463595050.0,KOSDAQ,5.21
124560,태웅로직스,2015.0,22553.0,22553.0,45444295.0,45444295.0,KOSDAQ,-1.23
038680,에스넷,3910.0,126935.0,126935.0,496315850.0,496315850.0,KOSDAQ,-2.25
012700,리드코프,2970.0,14666.0,14666.0,43558020.0,43558020.0,KOSDAQ,-1.33
451250,삐아,7600.0,17479.0,17479.0,132840400.0,132840400.0,KOSDAQ,-3.31
228340,동양파일,3885.0,2698647.0,2698647.0,10484243595.0,10484243595.0,KOSDAQ,29.93
347890,엠엑스온,4565.0,10214.0,10214.0,46626910.0,46626910.0,KOSDAQ,-0.54
100130,동국S&C,1357.0,195299.0,195299.0,265020743.0,265020743.0,KOSDAQ,-2.65
040160,누리플렉스,6430.0,11388.0,11388.0,73224840.0,73224840.0,KOSDAQ,-4.03
337930,젝시믹스,2610.0,178595.0,178595.0,466132950.0,466132950.0,KOSDAQ,-4.22
011370,서한,3835.0,19032.0,19032.0,72987720.0,72987720.0,KOSDAQ,0.0
225530,HC보광산업,2125.0,27909.0,27909.0,59306625.0,59306625.0,KOSDAQ,2.41
065450,빅텍,2615.0,376904.0,376904.0,985603960.0,985603960.0,KOSDAQ,-4.39
371950,풍원정밀,3370.0,12820.0,12820.0,43203400.0,43203400.0,KOSDAQ,-2.46
251120,바이오에프디엔씨,8820.0,6474.0,6474.0,57100680.0,57100680.0,KOSDAQ,-2.54
088390,이녹스,8160.0,5899.0,5899.0,48135840.0,48135840.0,KOSDAQ,-1.92
382840,원준,5010.0,52296.0,52296.0,262002960.0,262002960.0,KOSDAQ,-2.91
205470,휴마시스,3100.0,59361.0,59361.0,184019100.0,184019100.0,KOSDAQ,0.0
115440,우리넷,7080.0,40243.0,40243.0,284920440.0,284920440.0,KOSDAQ,-3.01
045660,에이텍,9250.0,7622.0,7622.0,70503500.0,70503500.0,KOSDAQ,-0.32
246960,SCL사이언스,2245.0,61142.0,61142.0,137263790.0,137263790.0,KOSDAQ,-4.87
381620,제닉스로보틱스,5810.0,30529.0,30529.0,177373490.0,177373490.0,KOSDAQ,-3.97
047820,초록뱀미디어,3115.0,7200.0,7200.0,22428000.0,22428000.0,KOSDAQ,0.65
078890,가온그룹,4130.0,67225.0,67225.0,277639250.0,277639250.0,KOSDAQ,-3.5
058630,엠게임,4050.0,14614.0,14614.0,59186700.0,59186700.0,KOSDAQ,-1.46
094860,네오리진,1431.0,47498.0,47498.0,67969638.0,67969638.0,KOSDAQ,-0.62
067370,선바이오,6210.0,4190.0,4190.0,26019900.0,26019900.0,KOSDAQ,0.32
004590,한국가구,5050.0,35279.0,35279.0,178158950.0,178158950.0,KOSDAQ,0.2
065510,휴비츠,6940.0,22423.0,22423.0,155615620.0,155615620.0,KOSDAQ,-3.34
263800,데이타솔루션,4650.0,83470.0,83470.0,388135500.0,388135500.0,KOSDAQ,-2.0
060590,씨티씨바이오,3115.0,24069.0,24069.0,74974935.0,74974935.0,KOSDAQ,0.16
228670,레이,4815.0,33633.0,33633.0,161942895.0,161942895.0,KOSDAQ,-1.23
007820,엠엑스로보틱스,3755.0,191656.0,191656.0,719668280.0,719668280.0,KOSDAQ,-4.09
208140,정다운,2300.0,13745.0,13745.0,31613500.0,31613500.0,KOSDAQ,0.0
041930,SY동아,4940.0,2704544.0,2704544.0,13360447360.0,13360447360.0,KOSDAQ,-0.4
000440,중앙에너비스,12050.0,295673.0,295673.0,3562859650.0,3562859650.0,KOSDAQ,3.08
487400,케이앤에스아이앤씨,7310.0,330197.0,330197.0,2413740070.0,2413740070.0,KOSDAQ,-8.97
024880,케이피에프,3760.0,42346.0,42346.0,159220960.0,159220960.0,KOSDAQ,-0.92
457600,벡트,5470.0,103183.0,103183.0,564411010.0,564411010.0,KOSDAQ,0.0
140070,서플러스글로벌,2020.0,51935.0,51935.0,104908700.0,104908700.0,KOSDAQ,-0.49
417790,트루엔,7120.0,15781.0,15781.0,112360720.0,112360720.0,KOSDAQ,0.28
0011A0,액스비스,7950.0,49037.0,49037.0,389844150.0,389844150.0,KOSDAQ,-5.69
294630,서남,2800.0,94913.0,94913.0,265756400.0,265756400.0,KOSDAQ,0.18
052900,KX하이텍,966.0,680900.0,680900.0,657749400.0,657749400.0,KOSDAQ,1.9
463020,뉴엔AI,8240.0,66306.0,66306.0,546361440.0,546361440.0,KOSDAQ,-5.83
061250,화일약품,8770.0,12106.0,12106.0,106169620.0,106169620.0,KOSDAQ,0.69
084730,팅크웨어,6630.0,4027.0,4027.0,26699010.0,26699010.0,KOSDAQ,-0.15
475430,키스트론,4125.0,77070.0,77070.0,317913750.0,317913750.0,KOSDAQ,-2.94
173130,오파스넷,5640.0,20450.0,20450.0,115338000.0,115338000.0,KOSDAQ,-0.7
030960,양지사,4600.0,258210.0,258210.0,1187766000.0,1187766000.0,KOSDAQ,1.77
128660,피제이메탈,2960.0,35319.0,35319.0,104544240.0,104544240.0,KOSDAQ,-1.33
170030,현대공업,4785.0,14611.0,14611.0,69913635.0,69913635.0,KOSDAQ,-1.34
265560,영화테크,6840.0,16657.0,16657.0,113933880.0,113933880.0,KOSDAQ,-2.98
338220,뷰노,5210.0,74437.0,148713.0,387816770.0,774794730.0,KOSDAQ,-6.29
365330,에스와이스틸텍,1454.0,220523.0,220523.0,320640442.0,320640442.0,KOSDAQ,-3.52
303810,동국생명과학,2280.0,31774.0,31774.0,72444720.0,72444720.0,KOSDAQ,-0.44
017480,삼현철강,4720.0,6061.0,6061.0,28607920.0,28607920.0,KOSDAQ,-0.42
332370,아이디피,5490.0,3337.0,3337.0,18320130.0,18320130.0,KOSDAQ,1.67
302430,이노메트리,7410.0,235679.0,235679.0,1746381390.0,1746381390.0,KOSDAQ,-7.26
020710,시공테크,3630.0,48975.0,48975.0,177779250.0,177779250.0,KOSDAQ,-0.95
085670,뉴프렉스,2970.0,16576.0,16576.0,49230720.0,49230720.0,KOSDAQ,-1.33
080010,이상네트웍스,7390.0,6923.0,6923.0,51160970.0,51160970.0,KOSDAQ,-2.76
320000,한울반도체,10510.0,2344745.0,2344745.0,24643269950.0,24643269950.0,KOSDAQ,-8.61
012790,신일제약,6050.0,7107.0,7107.0,42997350.0,42997350.0,KOSDAQ,-0.49
290660,다이나믹솔루션,1691.0,662266.0,662266.0,1119891806.0,1119891806.0,KOSDAQ,-4.52
019540,일지테크,5360.0,33489.0,33489.0,179501040.0,179501040.0,KOSDAQ,-1.11
054040,한국컴퓨터,4505.0,13280.0,13280.0,59826400.0,59826400.0,KOSDAQ,-1.31
011320,유니크,3745.0,9937.0,9937.0,37214065.0,37214065.0,KOSDAQ,-1.96
171120,라이온켐텍,2015.0,41937.0,41937.0,84503055.0,84503055.0,KOSDAQ,0.25
0155E0,해치텍,13110.0,697053.0,697053.0,9138364830.0,9138364830.0,KOSDAQ,-7.02
039980,폴라리스AI,5000.0,91748.0,91748.0,458740000.0,458740000.0,KOSDAQ,-5.12
299660,셀리드,2430.0,1673097.0,1673097.0,4065625710.0,4065625710.0,KOSDAQ,-9.83
253840,수젠텍,4280.0,296307.0,296307.0,1268193960.0,1268193960.0,KOSDAQ,-1.61
024830,세원물산,8580.0,1605.0,1605.0,13770900.0,13770900.0,KOSDAQ,0.7
389140,포바이포,5020.0,32751.0,32751.0,164410020.0,164410020.0,KOSDAQ,-2.71
076610,해성옵틱스,1208.0,541537.0,541537.0,654176696.0,654176696.0,KOSDAQ,-2.89
142280,녹십자엠에스,2985.0,640739.0,640739.0,1912605915.0,1912605915.0,KOSDAQ,-3.08
277880,티에스아이,3600.0,46832.0,46832.0,168595200.0,168595200.0,KOSDAQ,-4.64
261780,아리바이오랩,2465.0,108073.0,108073.0,266399945.0,266399945.0,KOSDAQ,-2.18
0156T0,에이치엘지노믹스,9160.0,299741.0,299741.0,2745627560.0,2745627560.0,KOSDAQ,-1.29
153710,옵티팜,4850.0,7413.0,7413.0,35953050.0,35953050.0,KOSDAQ,0.1
347000,센코,1880.0,62334.0,62334.0,117187920.0,117187920.0,KOSDAQ,-0.16
002800,신신제약,4685.0,103340.0,103340.0,484147900.0,484147900.0,KOSDAQ,-0.32
212710,아이에스티이,7300.0,62435.0,62435.0,455775500.0,455775500.0,KOSDAQ,-3.95
041910,폴라리스AI파마,5320.0,19084.0,19084.0,101526880.0,101526880.0,KOSDAQ,-2.21
412350,레이저쎌,4835.0,381733.0,381733.0,1845679055.0,1845679055.0,KOSDAQ,5.11
214260,라파스,7900.0,30075.0,30075.0,237592500.0,237592500.0,KOSDAQ,-4.24
217330,싸이토젠,3040.0,47667.0,47667.0,144907680.0,144907680.0,KOSDAQ,-3.34
067570,엔브이에이치코리아,1662.0,40092.0,40092.0,66632904.0,66632904.0,KOSDAQ,-1.95
111710,남화산업,3400.0,2004079.0,2004079.0,6813868600.0,6813868600.0,KOSDAQ,6.75
234030,싸이닉솔루션,2955.0,40855.0,40855.0,120726525.0,120726525.0,KOSDAQ,-2.8
010280,아이티센엔텍,5350.0,10171.0,10171.0,54414850.0,54414850.0,KOSDAQ,-0.93
033130,디지틀조선,1877.0,95765.0,95765.0,179750905.0,179750905.0,KOSDAQ,-3.55
054620,APS,3780.0,26150.0,26150.0,98847000.0,98847000.0,KOSDAQ,-0.79
331380,포커스에이아이,1900.0,98486.0,98486.0,187123400.0,187123400.0,KOSDAQ,-2.56
064800,포니링크,2715.0,73583.0,73583.0,199777845.0,199777845.0,KOSDAQ,-4.4
006140,피제이전자,4665.0,13374.0,13374.0,62389710.0,62389710.0,KOSDAQ,-0.96
389030,지니너스,1758.0,347037.0,347037.0,610091046.0,610091046.0,KOSDAQ,-6.24
110790,크리스에프앤씨,2955.0,8067.0,8067.0,23837985.0,23837985.0,KOSDAQ,1.03
377480,마음AI,9720.0,36787.0,36787.0,357569640.0,357569640.0,KOSDAQ,-4.33
179530,애드바이오텍,2545.0,161254.0,161254.0,410391430.0,410391430.0,KOSDAQ,0.2
048430,유라테크,5990.0,1453.0,1453.0,8703470.0,8703470.0,KOSDAQ,0.34
032540,TJ미디어,3290.0,47833.0,47833.0,157370570.0,157370570.0,KOSDAQ,5.79
036000,예림당,2975.0,8885.0,8885.0,26432875.0,26432875.0,KOSDAQ,-0.67
067170,오텍,2495.0,376607.0,376607.0,939634465.0,939634465.0,KOSDAQ,-5.85
0015S0,페스카로,6940.0,10020.0,10020.0,69538800.0,69538800.0,KOSDAQ,-4.41
104040,디에스엠,2550.0,10624.0,10624.0,27091200.0,27091200.0,KOSDAQ,0.2
0218L0,네오뷰,12940.0,52211.0,52211.0,675610340.0,675610340.0,KOSDAQ,-6.64
168330,내츄럴엔도텍,2150.0,11084.0,11084.0,23830600.0,23830600.0,KOSDAQ,0.0
049550,잉크테크,3480.0,12251.0,12251.0,42633480.0,42633480.0,KOSDAQ,-0.14
092040,아미코젠,965.0,421917.0,421917.0,407149905.0,407149905.0,KOSDAQ,-4.55
096350,대창솔루션,1850.0,149176.0,149176.0,275975600.0,275975600.0,KOSDAQ,-2.48
043610,KT지니뮤직,1172.0,42428.0,42428.0,49725616.0,49725616.0,KOSDAQ,-1.76
072950,빛샘전자,8440.0,71202.0,71202.0,600944880.0,600944880.0,KOSDAQ,-0.35
052460,아이크래프트,4650.0,1258084.0,1258084.0,5850090600.0,5850090600.0,KOSDAQ,-11.09
303360,프로티아,5270.0,14424.0,14424.0,76014480.0,76014480.0,KOSDAQ,0.0
360070,탑머티리얼,8280.0,19889.0,19889.0,164680920.0,164680920.0,KOSDAQ,-6.86
460940,피앤에스로보틱스,5020.0,18272.0,18272.0,91725440.0,91725440.0,KOSDAQ,-1.38
222110,팬젠,4985.0,1839.0,1839.0,9167415.0,9167415.0,KOSDAQ,-0.2
038460,바이오스마트,2665.0,114064.0,114064.0,303980560.0,303980560.0,KOSDAQ,-1.84
950200,소마젠,3500.0,1612653.0,1612653.0,5644285500.0,5644285500.0,KOSDAQ,-2.64
162300,신스틸,1621.0,43428.0,43428.0,70396788.0,70396788.0,KOSDAQ,-0.73
137080,나래나노텍,6260.0,5239.0,5239.0,32796140.0,32796140.0,KOSDAQ,-3.4
457370,한켐,8310.0,588623.0,588623.0,4891457130.0,4891457130.0,KOSDAQ,-4.37
451220,아이엠티,8510.0,13701.0,13701.0,116595510.0,116595510.0,KOSDAQ,-3.84
041460,한국전자인증,3525.0,9781.0,9781.0,34478025.0,34478025.0,KOSDAQ,-1.67
109860,동일금속,7350.0,1248.0,1248.0,9172800.0,9172800.0,KOSDAQ,0.0
439580,블루엠텍,1976.0,115855.0,115855.0,228929480.0,228929480.0,KOSDAQ,2.7
026150,특수건설,3805.0,12733.0,12733.0,48449065.0,48449065.0,KOSDAQ,-1.17
049080,기가레인,7830.0,170220.0,170220.0,1332822600.0,1332822600.0,KOSDAQ,0.0
066310,큐에스아이,7160.0,37679.0,37679.0,269781640.0,269781640.0,KOSDAQ,-3.76
039010,현대에이치티,7680.0,10990.0,10990.0,84403200.0,84403200.0,KOSDAQ,1.19
100030,인지소프트,20150.0,6797.0,6797.0,136959550.0,136959550.0,KOSDAQ,-2.42
096250,와이즈넛,5600.0,20102.0,20102.0,112571200.0,112571200.0,KOSDAQ,-5.25
024740,한일단조,2010.0,166243.0,166243.0,334148430.0,334148430.0,KOSDAQ,-3.13
061040,알에프텍,7300.0,2031.0,2031.0,14826300.0,14826300.0,KOSDAQ,0.0
004780,대륙제관,4150.0,25217.0,25217.0,104650550.0,104650550.0,KOSDAQ,-0.24
388870,파로스아이바이오,5090.0,42827.0,42827.0,217989430.0,217989430.0,KOSDAQ,-5.74
417970,모델솔루션,10300.0,5473.0,5473.0,56371900.0,56371900.0,KOSDAQ,-2.28
424960,스마트레이더시스템,3995.0,28626.0,28626.0,114360870.0,114360870.0,KOSDAQ,1.14
396270,넥스트칩,1999.0,105202.0,105202.0,210298798.0,210298798.0,KOSDAQ,-1.77
054300,팬스타엔터프라이즈,1136.0,743643.0,743643.0,844778448.0,844778448.0,KOSDAQ,6.87
221800,지구홀딩스,4025.0,144317.0,144317.0,580875925.0,580875925.0,KOSDAQ,-4.96
123420,위메이드플레이,6270.0,3993.0,3993.0,25036110.0,25036110.0,KOSDAQ,-2.03
483350,딜리셔스,2970.0,726445.0,726445.0,2157541650.0,2157541650.0,KOSDAQ,-1.49
014970,삼륭물산,4380.0,101059.0,101059.0,442638420.0,442638420.0,KOSDAQ,-1.79
083790,CG인바이츠,842.0,22175.0,22175.0,18671350.0,18671350.0,KOSDAQ,-0.82
081150,티플랙스,2665.0,65736.0,65736.0,175186440.0,175186440.0,KOSDAQ,-2.91
064240,홈캐스트,1860.0,60553.0,60553.0,112628580.0,112628580.0,KOSDAQ,-1.85
382480,지아이텍,1639.0,63064.0,63064.0,103361896.0,103361896.0,KOSDAQ,-0.36
032850,비트컴퓨터,3860.0,15144.0,15144.0,58455840.0,58455840.0,KOSDAQ,-2.15
175140,아고스,2570.0,23974.0,23974.0,61613180.0,61613180.0,KOSDAQ,-2.65
043650,국순당,3585.0,27791.0,27791.0,99630735.0,99630735.0,KOSDAQ,0.84
241690,유니테크노,2615.0,41484.0,41484.0,108480660.0,108480660.0,KOSDAQ,-3.86
005670,푸드웰,6390.0,31353.0,31353.0,200345670.0,200345670.0,KOSDAQ,0.31
365660,레몬헬스케어,4740.0,1322205.0,1322205.0,6267251700.0,6267251700.0,KOSDAQ,-8.67
331740,아우토크립트,6520.0,15263.0,15263.0,99514760.0,99514760.0,KOSDAQ,-7.65
216050,인크로스,5210.0,5156.0,5156.0,26862760.0,26862760.0,KOSDAQ,-0.95
0007J0,인벤테라,8000.0,10253.0,10253.0,82024000.0,82024000.0,KOSDAQ,-3.38
039420,케이엘넷,2740.0,8269.0,8269.0,22657060.0,22657060.0,KOSDAQ,-1.79
208370,셀바스헬스케어,2440.0,44559.0,44559.0,108723960.0,108723960.0,KOSDAQ,-4.5
122350,삼기,1637.0,437724.0,437724.0,716554188.0,716554188.0,KOSDAQ,-3.02
187420,HLB제넥스,1921.0,107568.0,107568.0,206638128.0,206638128.0,KOSDAQ,0.31
147760,피엠티,3135.0,22848.0,22848.0,71628480.0,71628480.0,KOSDAQ,-1.1
014470,부방,1044.0,642633.0,642633.0,670908852.0,670908852.0,KOSDAQ,4.5
411080,샌즈랩,4105.0,58759.0,58759.0,241205695.0,241205695.0,KOSDAQ,-4.31
010240,흥국,5340.0,24715.0,24715.0,131978100.0,131978100.0,KOSDAQ,-2.2
443250,레뷰코퍼레이션,5780.0,12609.0,12609.0,72880020.0,72880020.0,KOSDAQ,1.4
065170,비엘팜텍,2220.0,386772.0,386772.0,858633840.0,858633840.0,KOSDAQ,-4.31
270520,앱튼,2675.0,162028.0,162028.0,433424900.0,433424900.0,KOSDAQ,-8.08
456070,이엔셀,5610.0,17973.0,17973.0,100828530.0,100828530.0,KOSDAQ,-3.28
066670,디티씨,3300.0,15145.0,15145.0,49978500.0,49978500.0,KOSDAQ,2.96
191420,테고사이언스,7570.0,2922.0,2922.0,22119540.0,22119540.0,KOSDAQ,2.57
318160,셀바이오휴먼텍,6550.0,15043.0,15043.0,98531650.0,98531650.0,KOSDAQ,-1.21
291230,컴투스엔,2540.0,50631.0,50631.0,128602740.0,128602740.0,KOSDAQ,0.99
136150,원일티엔아이,7250.0,6610.0,6610.0,47922500.0,47922500.0,KOSDAQ,-4.98
033340,좋은사람들,625.0,32505078.0,32505078.0,20315673750.0,20315673750.0,KOSDAQ,29.94
008370,원풍,5040.0,8783.0,8783.0,44266320.0,44266320.0,KOSDAQ,-0.2
053620,태양,7000.0,13232.0,13232.0,92624000.0,92624000.0,KOSDAQ,0.57
014950,삼익제약,5970.0,1574012.0,1574012.0,9396851640.0,9396851640.0,KOSDAQ,-12.59
039020,이건홀딩스,2660.0,27883.0,27883.0,74168780.0,74168780.0,KOSDAQ,-1.66
094850,참좋은여행,4290.0,9831.0,9831.0,42174990.0,42174990.0,KOSDAQ,-1.72
241790,티이엠씨씨엔에스,6000.0,42136.0,42136.0,252816000.0,252816000.0,KOSDAQ,0.67
448710,코츠테크놀로지,11350.0,18338.0,18338.0,208136300.0,208136300.0,KOSDAQ,-4.3
059270,해성에어로보틱스,5370.0,38378.0,38378.0,206089860.0,206089860.0,KOSDAQ,-3.76
082210,옵트론텍,1712.0,17075.0,17075.0,29232400.0,29232400.0,KOSDAQ,-2.89
420570,제이투케이바이오,10210.0,53478.0,53478.0,546010380.0,546010380.0,KOSDAQ,-5.99
060310,3S,1123.0,40217.0,40217.0,45163691.0,45163691.0,KOSDAQ,-2.09
044340,위닉스,3325.0,86952.0,86952.0,289115400.0,289115400.0,KOSDAQ,-2.21
155650,와이엠씨,3125.0,9656.0,9656.0,30175000.0,30175000.0,KOSDAQ,-3.25
060570,드림어스컴퍼니,4000.0,5473.0,5473.0,21892000.0,21892000.0,KOSDAQ,-1.23
033320,제이씨현시스템,3100.0,74633.0,74633.0,231362300.0,231362300.0,KOSDAQ,-0.8
089850,유비벨록스,4020.0,9425.0,9425.0,37888500.0,37888500.0,KOSDAQ,-0.99
067920,이글루,5370.0,9854.0,9854.0,52915980.0,52915980.0,KOSDAQ,-0.92
033310,엠투엔,1477.0,76978.0,76978.0,113696506.0,113696506.0,KOSDAQ,2.21
016250,SGC E&C,11710.0,3068.0,3068.0,35926280.0,35926280.0,KOSDAQ,-2.42
214270,FSN,1300.0,67812.0,67812.0,88155600.0,88155600.0,KOSDAQ,-2.26
003310,대주산업,1657.0,262793.0,262793.0,435448001.0,435448001.0,KOSDAQ,-1.07
460870,에스엠씨지,2920.0,23762.0,23762.0,69385040.0,69385040.0,KOSDAQ,-0.34
215360,우리산업,6380.0,5269.0,5269.0,33616220.0,33616220.0,KOSDAQ,-1.85
323350,다원넥스뷰,7270.0,25670.0,25670.0,186620900.0,186620900.0,KOSDAQ,-3.58
094940,푸른로보틱스,6960.0,2454489.0,2454489.0,17083243440.0,17083243440.0,KOSDAQ,4.19
0004V0,엔비알모션,5280.0,67872.0,67872.0,358364160.0,358364160.0,KOSDAQ,-4.86
419080,엔젯,5340.0,24062.0,24062.0,128491080.0,128491080.0,KOSDAQ,-1.84
126880,제이엔케이글로벌,2505.0,41194.0,41194.0,103190970.0,103190970.0,KOSDAQ,-0.2
263600,덕우전자,3640.0,6821.0,6821.0,24828440.0,24828440.0,KOSDAQ,-1.22
053160,프리엠스,9660.0,1702.0,1702.0,16441320.0,16441320.0,KOSDAQ,-1.43
049470,비트플래닛,2460.0,66628.0,66628.0,163904880.0,163904880.0,KOSDAQ,-5.38
010470,오리콤,4835.0,2194.0,2194.0,10607990.0,10607990.0,KOSDAQ,0.73
225190,LK삼양,821.0,7948051.0,7948051.0,6525349871.0,6525349871.0,KOSDAQ,-16.22
100590,머큐리,3375.0,70298.0,70298.0,237255750.0,237255750.0,KOSDAQ,-2.6
049480,오픈베이스,1839.0,92364.0,92364.0,169857396.0,169857396.0,KOSDAQ,-1.82
348150,고바이오랩,2975.0,8973.0,8973.0,26694675.0,26694675.0,KOSDAQ,-0.17
263690,디알젬,5100.0,10363.0,10363.0,52851300.0,52851300.0,KOSDAQ,-0.2
036120,서울평가정보,1641.0,184999.0,184999.0,303583359.0,303583359.0,KOSDAQ,1.05
333620,엔시스,5240.0,5993.0,5993.0,31403320.0,31403320.0,KOSDAQ,-0.95
370090,퓨런티어,6720.0,22447.0,22447.0,150843840.0,150843840.0,KOSDAQ,-3.86
095270,웨이브일렉트로,3990.0,23637.0,23637.0,94311630.0,94311630.0,KOSDAQ,-2.21
045340,토탈소프트,6700.0,14805.0,14805.0,99193500.0,99193500.0,KOSDAQ,-1.9
050960,수산아이앤티,8490.0,2476.0,2476.0,21021240.0,21021240.0,KOSDAQ,-0.24
357580,아모센스,4860.0,61828.0,61828.0,300484080.0,300484080.0,KOSDAQ,-4.89
024950,삼천리자전거,4605.0,42474.0,42474.0,195592770.0,195592770.0,KOSDAQ,-1.07
321370,센서뷰,1105.0,1592640.0,1592640.0,1759867200.0,1759867200.0,KOSDAQ,-2.56
037440,희림,4100.0,164921.0,164921.0,676176100.0,676176100.0,KOSDAQ,-1.91
039610,화성밸브,5470.0,38618.0,38618.0,211240460.0,211240460.0,KOSDAQ,-3.53
007370,진양제약,4025.0,5085.0,5085.0,20467125.0,20467125.0,KOSDAQ,-0.62
352910,오비고,4500.0,4755.0,4755.0,21397500.0,21397500.0,KOSDAQ,-3.23
065530,와이어블,1183.0,50745.0,50745.0,60031335.0,60031335.0,KOSDAQ,-1.0
024910,경창산업,1577.0,47499.0,47499.0,74905923.0,74905923.0,KOSDAQ,-2.35
043710,코스리거글로벌,3260.0,2879.0,2879.0,9385540.0,9385540.0,KOSDAQ,0.15
251630,브이원텍,3510.0,16213.0,16213.0,56907630.0,56907630.0,KOSDAQ,-1.68
464490,쿼드메디슨,4870.0,12063.0,12063.0,58746810.0,58746810.0,KOSDAQ,-3.75
459100,위츠,4150.0,4424.0,4424.0,18359600.0,18359600.0,KOSDAQ,-2.24
273640,와이엠텍,5080.0,7712.0,7712.0,39176960.0,39176960.0,KOSDAQ,-3.79
053050,지에스이,1856.0,509097.0,509097.0,944884032.0,944884032.0,KOSDAQ,-0.22
053270,구영테크,2030.0,23288.0,23288.0,47274640.0,47274640.0,KOSDAQ,-1.22
054930,유신,18490.0,8013.0,8013.0,148160370.0,148160370.0,KOSDAQ,-0.75
294140,레몬,2215.0,8638.0,8638.0,19133170.0,19133170.0,KOSDAQ,-2.42
408470,한패스,5220.0,63522.0,63522.0,331584840.0,331584840.0,KOSDAQ,-6.12
036670,삼양케이씨아이,5120.0,11747.0,11747.0,60144640.0,60144640.0,KOSDAQ,-0.19
347740,피엔케이피부임상연구센타,1821.0,15923.0,15923.0,28995783.0,28995783.0,KOSDAQ,-0.33
062970,한국첨단소재,1914.0,587289.0,587289.0,1124071146.0,1124071146.0,KOSDAQ,-4.25
033230,인성정보,1080.0,364882.0,364882.0,394072560.0,394072560.0,KOSDAQ,-4.85
027050,코리아나,1363.0,105644.0,105644.0,143992772.0,143992772.0,KOSDAQ,-3.2
453860,에이에스텍,8460.0,5159.0,5159.0,43645140.0,43645140.0,KOSDAQ,-0.12
340810,시선AI,3900.0,210386.0,210386.0,820505400.0,820505400.0,KOSDAQ,2.5
452400,이닉스,5990.0,5164.0,5164.0,30932360.0,30932360.0,KOSDAQ,-0.99
238090,앤디포스,1782.0,13363.0,13363.0,23812866.0,23812866.0,KOSDAQ,0.0
036090,위지트,1276.0,183879.0,183879.0,234629604.0,234629604.0,KOSDAQ,-3.55
025550,한국선재,2115.0,63279.0,63279.0,133835085.0,133835085.0,KOSDAQ,-2.76
070300,퀀텀레일,1515.0,379484.0,379484.0,574918260.0,574918260.0,KOSDAQ,-4.6
104540,코렌텍,4010.0,8170.0,8170.0,32761700.0,32761700.0,KOSDAQ,0.38
170790,파이오링크,8390.0,8050.0,8050.0,67539500.0,67539500.0,KOSDAQ,-0.12
089790,제이티,5200.0,584517.0,584517.0,3039488400.0,3039488400.0,KOSDAQ,6.78
117670,알파칩스,8050.0,4824.0,4824.0,38833200.0,38833200.0,KOSDAQ,-3.82
311690,CJ 바이오사이언스,4100.0,11390.0,11390.0,46699000.0,46699000.0,KOSDAQ,0.37
291650,츌립앤사이언스,1755.0,27274.0,27274.0,47865870.0,47865870.0,KOSDAQ,-2.12
105760,포스뱅크,5200.0,43354.0,43354.0,225440800.0,225440800.0,KOSDAQ,-2.26
088910,동우팜투테이블,2060.0,31440.0,31440.0,64766400.0,64766400.0,KOSDAQ,-0.96
104620,노랑풍선,3150.0,20567.0,20567.0,64786050.0,64786050.0,KOSDAQ,-1.56
040610,SG&G,3105.0,30988.0,30988.0,96217740.0,96217740.0,KOSDAQ,-3.12
097800,윈팩,1934.0,45723.0,45723.0,88428282.0,88428282.0,KOSDAQ,-2.86
046940,우원개발,2920.0,71675.0,71675.0,209291000.0,209291000.0,KOSDAQ,-2.01
435570,에르코스,6890.0,1957.0,1957.0,13483730.0,13483730.0,KOSDAQ,-4.83
060560,HC홈센타,2065.0,12171.0,12171.0,25133115.0,25133115.0,KOSDAQ,5.04
288180,케이피항공산업,7080.0,19556.0,19556.0,138456480.0,138456480.0,KOSDAQ,-3.41
092300,현우산업,2590.0,39232.0,39232.0,101610880.0,101610880.0,KOSDAQ,-0.77
314140,알피바이오,6020.0,23644.0,23644.0,142336880.0,142336880.0,KOSDAQ,-3.53
262260,에이프로,3460.0,36621.0,36621.0,126708660.0,126708660.0,KOSDAQ,-5.98
015710,코콤,2975.0,13574.0,13574.0,40382650.0,40382650.0,KOSDAQ,0.68
039240,경남스틸,1917.0,16783.0,16783.0,32173011.0,32173011.0,KOSDAQ,-0.83
042110,에스씨디,1070.0,179915.0,179915.0,192509050.0,192509050.0,KOSDAQ,-3.52
347860,알체라,1226.0,625056.0,625056.0,766318656.0,766318656.0,KOSDAQ,-7.82
046210,HLB파나진,1132.0,28647.0,28647.0,32428404.0,32428404.0,KOSDAQ,0.18
192250,케이사인,7270.0,5065.0,5065.0,36822550.0,36822550.0,KOSDAQ,-3.71
299170,더블유에스아이,1229.0,67767.0,67767.0,83285643.0,83285643.0,KOSDAQ,-1.6
226340,본느,6080.0,863140.0,863140.0,5247891200.0,5247891200.0,KOSDAQ,-8.98
317530,에피소드컴퍼니,2915.0,4064.0,4064.0,11846560.0,11846560.0,KOSDAQ,2.1
219550,디와이디,1227.0,23801.0,23801.0,29203827.0,29203827.0,KOSDAQ,1.24
260930,씨티케이,2625.0,11974.0,11974.0,31431750.0,31431750.0,KOSDAQ,-3.49
056360,코위버,5170.0,17600.0,17600.0,90992000.0,90992000.0,KOSDAQ,-2.82
256630,포인트엔지니어링,4340.0,1129.0,1129.0,4899860.0,4899860.0,KOSDAQ,-0.91
0013V0,삼진식품,5070.0,722963.0,722963.0,3665422410.0,3665422410.0,KOSDAQ,1.71
340360,다보링크,965.0,212712.0,212712.0,205267080.0,205267080.0,KOSDAQ,1.47
048770,TPC로보틱스,3200.0,2731810.0,2731810.0,8741792000.0,8741792000.0,KOSDAQ,11.3
376290,씨유테크,2840.0,6655.0,6655.0,18900200.0,18900200.0,KOSDAQ,-0.7
122310,제노레이,3445.0,11841.0,11841.0,40792245.0,40792245.0,KOSDAQ,0.15
459550,알트,1979.0,1263837.0,1263837.0,2501133423.0,2501133423.0,KOSDAQ,-11.06
391710,코닉오토메이션,1171.0,18865.0,18865.0,22090915.0,22090915.0,KOSDAQ,-0.93
027830,대성창투,916.0,34549.0,34549.0,31646884.0,31646884.0,KOSDAQ,-1.51
315640,딥노이드,1684.0,36994.0,36994.0,62297896.0,62297896.0,KOSDAQ,-2.15
071670,에이테크솔루션,4930.0,17140.0,17140.0,84500200.0,84500200.0,KOSDAQ,-2.95
317830,에스피시스템스,4575.0,42184.0,42184.0,192991800.0,192991800.0,KOSDAQ,-0.44
059100,아이컴포넌트,6970.0,54095.0,54095.0,377042150.0,377042150.0,KOSDAQ,3.26
038010,제일테크노스,5470.0,925.0,925.0,5059750.0,5059750.0,KOSDAQ,-1.08
217500,러셀,1545.0,38496.0,38496.0,59476320.0,59476320.0,KOSDAQ,-2.22
246690,TS인베스트먼트,2055.0,90250.0,90250.0,185463750.0,185463750.0,KOSDAQ,-7.22
037950,엘컴텍,2880.0,17572.0,17572.0,50607360.0,50607360.0,KOSDAQ,-0.35
068330,일신바이오,1095.0,134589.0,134589.0,147374955.0,147374955.0,KOSDAQ,0.18
440290,HB인베스트먼트,1750.0,29044.0,29044.0,50827000.0,50827000.0,KOSDAQ,0.0
199550,레이저옵텍,3230.0,35653.0,35653.0,115159190.0,115159190.0,KOSDAQ,-0.15
463480,모티브링크,3870.0,3902.0,3902.0,15100740.0,15100740.0,KOSDAQ,-3.85
317690,퀀타매트릭스,2380.0,50217.0,50217.0,119516460.0,119516460.0,KOSDAQ,-4.61
145170,노브랜드,2795.0,7885.0,7885.0,22038575.0,22038575.0,KOSDAQ,0.0
019990,에너토크,4840.0,41777.0,41777.0,202200680.0,202200680.0,KOSDAQ,-3.97
163280,에어레인,3465.0,13803.0,13803.0,47827395.0,47827395.0,KOSDAQ,-2.26
063440,SM Life Design,1038.0,33670.0,33670.0,34949460.0,34949460.0,KOSDAQ,-2.26
109080,옵티시스,8340.0,3948.0,3948.0,32926320.0,32926320.0,KOSDAQ,-1.18
189980,흥국에프엔비,1170.0,15420.0,15420.0,18041400.0,18041400.0,KOSDAQ,-0.09
198080,캐프,2175.0,28369.0,28369.0,61702575.0,61702575.0,KOSDAQ,-0.91
317850,대모,5600.0,18494.0,18494.0,103566400.0,103566400.0,KOSDAQ,-1.23
065130,탑엔지니어링,2905.0,11889.0,11889.0,34537545.0,34537545.0,KOSDAQ,-0.34
053980,오상자이엘,2445.0,104190.0,104190.0,254744550.0,254744550.0,KOSDAQ,-4.12
286750,나노실리칸첨단소재,2895.0,135344.0,135344.0,391820880.0,391820880.0,KOSDAQ,-2.2
022220,티케이지애강,893.0,1214584.0,1214584.0,1084623512.0,1084623512.0,KOSDAQ,0.0
382150,온코크로스,3545.0,96237.0,96237.0,341160165.0,341160165.0,KOSDAQ,-6.59
053450,세코닉스,3125.0,19015.0,19015.0,59421875.0,59421875.0,KOSDAQ,-0.95
094970,제이엠티,2760.0,21104.0,21104.0,58247040.0,58247040.0,KOSDAQ,-2.3
471820,셀로맥스사이언스,4075.0,1590.0,1590.0,6479250.0,6479250.0,KOSDAQ,0.25
131400,이브이첨단소재,772.0,549842.0,549842.0,424478024.0,424478024.0,KOSDAQ,-1.91
321260,프로이천,1628.0,103458.0,103458.0,168429624.0,168429624.0,KOSDAQ,-1.33
317870,엔바이오니아,5190.0,6333.0,6333.0,32868270.0,32868270.0,KOSDAQ,-1.89
007680,대원,3450.0,13572.0,13572.0,46823400.0,46823400.0,KOSDAQ,0.58
290670,대보마그네틱,5800.0,24617.0,24617.0,142778600.0,142778600.0,KOSDAQ,-1.36
099410,동방선기,3255.0,40901.0,40901.0,133132755.0,133132755.0,KOSDAQ,-1.51
129890,앱코,1000.0,76532.0,76532.0,76532000.0,76532000.0,KOSDAQ,-1.19
072470,우리산업홀딩스,2410.0,6843.0,6843.0,16491630.0,16491630.0,KOSDAQ,-1.23
384470,코어라인소프트,2535.0,33118.0,33118.0,83954130.0,83954130.0,KOSDAQ,-1.93
136410,아셈스,4120.0,12546.0,12546.0,51689520.0,51689520.0,KOSDAQ,-0.96
261520,이지스,4400.0,112937.0,112937.0,496922800.0,496922800.0,KOSDAQ,-3.3
114450,그린생명과학,2260.0,192169.0,192169.0,434301940.0,434301940.0,KOSDAQ,-1.31
277070,린드먼아시아,3300.0,950.0,950.0,3135000.0,3135000.0,KOSDAQ,-0.9
361570,알비더블유,1563.0,20454.0,20454.0,31969602.0,31969602.0,KOSDAQ,-3.28
073110,엘엠에스,5050.0,8062.0,8062.0,40713100.0,40713100.0,KOSDAQ,4.99
052790,액토즈소프트,4100.0,4997.0,4997.0,20487700.0,20487700.0,KOSDAQ,-1.68
143540,영우디에스피,1002.0,78379.0,78379.0,78535758.0,78535758.0,KOSDAQ,-4.02
072990,에이치시티,3080.0,8454.0,8454.0,26038320.0,26038320.0,KOSDAQ,0.49
0010V0,제이피아이헬스케어,8730.0,2844.0,2844.0,24828120.0,24828120.0,KOSDAQ,-1.02
083550,케이엠,3280.0,35818.0,35818.0,117483040.0,117483040.0,KOSDAQ,0.0
066130,하츠,3470.0,5626.0,5626.0,19522220.0,19522220.0,KOSDAQ,-0.57
050120,ES큐브,3270.0,5227.0,5227.0,17092290.0,17092290.0,KOSDAQ,-5.76
466410,사이냅소프트,8790.0,4053.0,4053.0,35625870.0,35625870.0,KOSDAQ,-0.11
218150,미래생명자원,2165.0,945452.0,945452.0,2046903580.0,2046903580.0,KOSDAQ,2.12
127710,아시아경제,1002.0,8318.0,8318.0,8334636.0,8334636.0,KOSDAQ,-1.18
123010,MSDI,2180.0,54543.0,54543.0,118903740.0,118903740.0,KOSDAQ,-1.13
227950,엔투텍,1276.0,134230.0,134230.0,171277480.0,171277480.0,KOSDAQ,-2.45
159580,제로투세븐,2190.0,49874.0,49874.0,109224060.0,109224060.0,KOSDAQ,-1.57
424980,마이크로투나노,7400.0,23145.0,23145.0,171273000.0,171273000.0,KOSDAQ,5.56
014190,원익큐브,1237.0,31978.0,31978.0,39556786.0,39556786.0,KOSDAQ,0.32
307280,원바이오젠,6150.0,11927.0,11927.0,73351050.0,73351050.0,KOSDAQ,-0.65
224110,에이텍모빌리티,8570.0,12537.0,12537.0,107442090.0,107442090.0,KOSDAQ,-3.27
178780,일월지엠엘,2335.0,11665.0,11665.0,27237775.0,27237775.0,KOSDAQ,0.65
051390,YW,3830.0,10974.0,10974.0,42030420.0,42030420.0,KOSDAQ,-1.16
355690,에이텀,4535.0,42931.0,42931.0,194692085.0,194692085.0,KOSDAQ,1.68
190650,코리아에셋투자증권,6790.0,1457.0,1457.0,9893030.0,9893030.0,KOSDAQ,-0.88
053950,경남제약,2210.0,2135105.0,2135105.0,4718582050.0,4718582050.0,KOSDAQ,29.77
229000,젠큐릭스,1850.0,47865.0,47865.0,88550250.0,88550250.0,KOSDAQ,-2.63
263020,디케이앤디,3130.0,31497.0,31497.0,98585610.0,98585610.0,KOSDAQ,-1.42
081180,쎄크,4905.0,13740.0,13740.0,67394700.0,67394700.0,KOSDAQ,-3.25
026040,제이에스티나,2615.0,4396438.0,4396438.0,11496685370.0,11496685370.0,KOSDAQ,17.53
258610,케일럼,1181.0,21729.0,21729.0,25661949.0,25661949.0,KOSDAQ,-0.08
373200,엑스플러스,1720.0,52129.0,52129.0,89661880.0,89661880.0,KOSDAQ,-1.43
179900,유티아이,2175.0,1681937.0,1681937.0,3658212975.0,3658212975.0,KOSDAQ,-25.26
476040,오가노이드사이언스,6520.0,26643.0,26643.0,173712360.0,173712360.0,KOSDAQ,-5.78
460470,아이빔테크놀로지,2840.0,14795.0,14795.0,42017800.0,42017800.0,KOSDAQ,-1.9
140520,대창스틸,2030.0,5906.0,5906.0,11989180.0,11989180.0,KOSDAQ,1.25
479960,위너스일렉,6000.0,2883.0,2883.0,17298000.0,17298000.0,KOSDAQ,-1.32
475460,미트박스,7550.0,502892.0,502892.0,3796834600.0,3796834600.0,KOSDAQ,11.03
461030,아이엠비디엑스,2960.0,10974.0,10974.0,32483040.0,32483040.0,KOSDAQ,-1.5
150900,파수AI,3610.0,45834.0,45834.0,165460740.0,165460740.0,KOSDAQ,-2.43
278650,HLB바이오스텝,2420.0,45905.0,45905.0,111090100.0,111090100.0,KOSDAQ,-0.62
900250,크리스탈신소재,1173.0,76063.0,76063.0,89221899.0,89221899.0,KOSDAQ,-0.42
189690,포시에스,1537.0,24065.0,24065.0,36987905.0,36987905.0,KOSDAQ,-0.07
373160,데이원컴퍼니,3030.0,962.0,962.0,2914860.0,2914860.0,KOSDAQ,-1.62
037230,한국팩키지,1402.0,89317.0,89317.0,125222434.0,125222434.0,KOSDAQ,0.29
002290,삼일기업공사,3360.0,96343.0,96343.0,323712480.0,323712480.0,KOSDAQ,0.15
238120,얼라인드,2920.0,7612.0,7612.0,22227040.0,22227040.0,KOSDAQ,-1.52
207760,미스터블루,2495.0,201842.0,201842.0,503595790.0,503595790.0,KOSDAQ,29.95
052220,iMBC,1800.0,16082.0,16082.0,28947600.0,28947600.0,KOSDAQ,0.06
056700,신화인터텍,1420.0,18121.0,18121.0,25731820.0,25731820.0,KOSDAQ,-0.35
088280,쏘닉스,2385.0,36793.0,36793.0,87751305.0,87751305.0,KOSDAQ,2.36
065500,오리엔트정공,1153.0,31347.0,31347.0,36143091.0,36143091.0,KOSDAQ,-3.11
222420,쎄노텍,850.0,194930.0,194930.0,165690500.0,165690500.0,KOSDAQ,0.71
042940,상지건설,6010.0,50934.0,50934.0,306113340.0,306113340.0,KOSDAQ,-5.35
101240,씨큐브,3605.0,5304.0,5304.0,19120920.0,19120920.0,KOSDAQ,-0.55
450330,하스,4995.0,1149.0,1149.0,5739255.0,5739255.0,KOSDAQ,-1.48
234100,폴라리스세원,2795.0,3312.0,3312.0,9257040.0,9257040.0,KOSDAQ,-2.27
199480,뱅크웨어글로벌,3995.0,42118.0,42118.0,168261410.0,168261410.0,KOSDAQ,-3.73
408900,스튜디오미르,1241.0,184171.0,184171.0,228556211.0,228556211.0,KOSDAQ,1.8
256150,한독크린텍,4835.0,857.0,857.0,4143595.0,4143595.0,KOSDAQ,-0.31
261200,덴티스,2565.0,27270.0,27270.0,69947550.0,69947550.0,KOSDAQ,0.2
038060,루멘스,843.0,85776.0,85776.0,72309168.0,72309168.0,KOSDAQ,-0.71
196300,HLB펩,4260.0,1959.0,1959.0,8345340.0,8345340.0,KOSDAQ,-1.96
263810,상신전자,2535.0,5252.0,5252.0,13313820.0,13313820.0,KOSDAQ,0.0
413640,비아이매트릭스,5590.0,10018.0,10018.0,56000620.0,56000620.0,KOSDAQ,-1.06
086060,진바이오텍,4675.0,14305.0,14305.0,66875875.0,66875875.0,KOSDAQ,-0.74
189860,서전기전,4120.0,57439.0,57439.0,236648680.0,236648680.0,KOSDAQ,-4.3
043910,자연과환경,3510.0,107331.0,107331.0,376731810.0,376731810.0,KOSDAQ,-3.57
025880,케이씨피드,2380.0,28702.0,28702.0,68310760.0,68310760.0,KOSDAQ,-0.42
038070,서린바이오,4265.0,14367.0,14367.0,61275255.0,61275255.0,KOSDAQ,-2.07
043340,에쎈테크,835.0,53731.0,53731.0,44865385.0,44865385.0,KOSDAQ,0.97
086040,바이오톡스텍,2480.0,5127.0,5127.0,12714960.0,12714960.0,KOSDAQ,-0.8
097870,효성오앤비,4655.0,16721.0,16721.0,77836255.0,77836255.0,KOSDAQ,0.87
044960,이글벳,3115.0,13201.0,13201.0,41121115.0,41121115.0,KOSDAQ,0.0
066900,디에이피,1730.0,13367.0,13367.0,23124910.0,23124910.0,KOSDAQ,-1.09
049830,승일,6390.0,1246.0,1246.0,7961940.0,7961940.0,KOSDAQ,1.27
104200,NHN벅스,2635.0,9437.0,9437.0,24866495.0,24866495.0,KOSDAQ,-2.41
250000,보라티알,5760.0,1898.0,1898.0,10932480.0,10932480.0,KOSDAQ,-2.37
072770,멤레이비티,936.0,75534.0,75534.0,70699824.0,70699824.0,KOSDAQ,-4.39
014570,고려제약,3520.0,7589.0,7589.0,26713280.0,26713280.0,KOSDAQ,0.57
042040,케이피엠테크,4450.0,8190.0,8190.0,36445500.0,36445500.0,KOSDAQ,-0.56
186230,그린플러스,3530.0,11361.0,11361.0,40104330.0,40104330.0,KOSDAQ,0.43
153460,네이블,5900.0,6982.0,6982.0,41193800.0,41193800.0,KOSDAQ,-0.84
122690,서진오토모티브,1667.0,36861.0,36861.0,61447287.0,61447287.0,KOSDAQ,-1.65
263770,유에스티,1622.0,252.0,252.0,408744.0,408744.0,KOSDAQ,-0.55
446840,지슨,3480.0,5134.0,5134.0,17866320.0,17866320.0,KOSDAQ,0.14
019770,서연탑메탈,3290.0,4853.0,4853.0,15966370.0,15966370.0,KOSDAQ,0.77
452200,민테크,1570.0,42858.0,42858.0,67287060.0,67287060.0,KOSDAQ,-5.42
100660,서암기계공업,3030.0,10885.0,10885.0,32981550.0,32981550.0,KOSDAQ,-1.62
260660,알리코제약,2485.0,68234.0,68234.0,169561490.0,169561490.0,KOSDAQ,-0.6
050860,아세아텍,1692.0,6553.0,6553.0,11087676.0,11087676.0,KOSDAQ,-0.35
352700,씨앤투스,1448.0,32172.0,32172.0,46585056.0,46585056.0,KOSDAQ,1.33
171010,램테크놀러지,2650.0,8710.0,8710.0,23081500.0,23081500.0,KOSDAQ,-3.11
221840,하이즈항공,2020.0,2543.0,2543.0,5136860.0,5136860.0,KOSDAQ,-0.49
051490,나라엠앤디,2660.0,19291.0,19291.0,51314060.0,51314060.0,KOSDAQ,-0.19
060850,영림원소프트랩,4645.0,5637.0,5637.0,26183865.0,26183865.0,KOSDAQ,-0.85
321820,아티스트컴퍼니,2415.0,8315.0,8315.0,20080725.0,20080725.0,KOSDAQ,-2.62
219420,링크제니시스,3280.0,13377.0,13377.0,43876560.0,43876560.0,KOSDAQ,-1.8
221980,케이디켐,9270.0,438.0,438.0,4060260.0,4060260.0,KOSDAQ,0.22
204020,그리티,1919.0,31731.0,31731.0,60891789.0,60891789.0,KOSDAQ,2.62
065440,이루온,1364.0,78894.0,78894.0,107611416.0,107611416.0,KOSDAQ,0.22
046310,백금T&A,2265.0,4391.0,4391.0,9945615.0,9945615.0,KOSDAQ,-1.52
263700,케어랩스,1913.0,5910.0,5910.0,11305830.0,11305830.0,KOSDAQ,-1.49
045060,오공,2185.0,18978.0,18978.0,41466930.0,41466930.0,KOSDAQ,-0.23
177900,쓰리에이로직스,3825.0,16090.0,16090.0,61544250.0,61544250.0,KOSDAQ,-1.16
369370,블리츠웨이엔터테인먼트,3685.0,3429.0,3429.0,12635865.0,12635865.0,KOSDAQ,-1.34
123570,이엠넷,1643.0,2099.0,2099.0,3448657.0,3448657.0,KOSDAQ,-0.24
387570,파인메딕스,6500.0,5487.0,5487.0,35665500.0,35665500.0,KOSDAQ,0.0
393210,토마토시스템,2340.0,10906.0,10906.0,25520040.0,25520040.0,KOSDAQ,-1.27
006920,모헨즈,3335.0,120685.0,120685.0,402484475.0,402484475.0,KOSDAQ,0.3
318410,비비씨,6540.0,1832.0,1832.0,11981280.0,11981280.0,KOSDAQ,-0.15
215380,콜마바이오텍,2140.0,13815.0,13815.0,29564100.0,29564100.0,KOSDAQ,-2.28
397810,애드포러스,6970.0,4471.0,4471.0,31162870.0,31162870.0,KOSDAQ,-0.14
046390,삼화네트웍스,2080.0,10451.0,10451.0,21738080.0,21738080.0,KOSDAQ,0.0
090410,덕신이피씨,3890.0,19260.0,19260.0,74921400.0,74921400.0,KOSDAQ,-1.14
121890,에스디시스템,2690.0,43184.0,43184.0,116164960.0,116164960.0,KOSDAQ,-0.92
290120,DH오토리드,2255.0,18180.0,18180.0,40995900.0,40995900.0,KOSDAQ,-0.66
032960,동일기연,2025.0,2144.0,2144.0,4341600.0,4341600.0,KOSDAQ,-1.22
348080,큐라티스,2775.0,14655.0,14655.0,40667625.0,40667625.0,KOSDAQ,-0.72
465480,인스피언,3495.0,3471.0,3471.0,12131145.0,12131145.0,KOSDAQ,1.01
203450,유니온바이오메트릭스,2515.0,581.0,581.0,1461215.0,1461215.0,KOSDAQ,0.0
081580,성우전자,2270.0,49825.0,49825.0,113102750.0,113102750.0,KOSDAQ,-1.52
024120,KB오토시스,3060.0,12746.0,12746.0,39002760.0,39002760.0,KOSDAQ,-0.65
432430,와이랩,2120.0,5745.0,5745.0,12179400.0,12179400.0,KOSDAQ,-1.17
133750,메가엠디,1493.0,4353.0,4353.0,6499029.0,6499029.0,KOSDAQ,-0.07
045510,정원엔시스,1110.0,44735.0,44735.0,49655850.0,49655850.0,KOSDAQ,-0.45
270870,뉴트리,3880.0,6723.0,6723.0,26085240.0,26085240.0,KOSDAQ,-3.0
057540,옴니시스템,587.0,99993.0,99993.0,58695891.0,58695891.0,KOSDAQ,-3.29
184230,SGA솔루션즈,1850.0,18698.0,18698.0,34591300.0,34591300.0,KOSDAQ,-2.17
052600,한네트,3005.0,14645.0,14645.0,44008225.0,44008225.0,KOSDAQ,-0.83
220180,폴라리스AI핸디,1450.0,5891.0,5891.0,8541950.0,8541950.0,KOSDAQ,1.97
007530,와이엠,1558.0,8248.0,8248.0,12850384.0,12850384.0,KOSDAQ,1.3
057030,YBM넷,2120.0,12626.0,12626.0,26767120.0,26767120.0,KOSDAQ,-1.17
097780,에코볼트,1701.0,37696.0,37696.0,64120896.0,64120896.0,KOSDAQ,3.53
033540,파라텍,3300.0,11077.0,11077.0,36554100.0,36554100.0,KOSDAQ,-2.08
064520,테크엘,1539.0,17577.0,17577.0,27051003.0,27051003.0,KOSDAQ,0.92
363250,진시스템,4040.0,5065.0,5065.0,20462600.0,20462600.0,KOSDAQ,0.0
208710,포톤,2605.0,38550.0,38550.0,100422750.0,100422750.0,KOSDAQ,-0.57
035460,기산텔레콤,2300.0,31410.0,31410.0,72243000.0,72243000.0,KOSDAQ,-3.97
016600,큐캐피탈,2450.0,41680.0,41680.0,102116000.0,102116000.0,KOSDAQ,-4.85
469750,아이비젼웍스,988.0,33742.0,33742.0,33337096.0,33337096.0,KOSDAQ,0.1
335810,프리시젼바이오,1540.0,8035.0,8035.0,12373900.0,12373900.0,KOSDAQ,-2.28
060540,에스에이티,1291.0,15224.0,15224.0,19654184.0,19654184.0,KOSDAQ,-2.2
419120,산돌,2350.0,12982.0,12982.0,30507700.0,30507700.0,KOSDAQ,-0.63
173940,에프엔씨엔터,2170.0,13872.0,13872.0,30102240.0,30102240.0,KOSDAQ,-2.25
373170,엠아이큐브솔루션,2210.0,102915.0,102915.0,227442150.0,227442150.0,KOSDAQ,30.0
109820,진매트릭스,1637.0,342109.0,342109.0,560032433.0,560032433.0,KOSDAQ,-0.73
075130,플랜티넷,2065.0,13922.0,13922.0,28748930.0,28748930.0,KOSDAQ,-0.96
159910,에코글로우,3180.0,26836.0,26836.0,85338480.0,85338480.0,KOSDAQ,-0.62
025440,DH오토웨어,3410.0,2707.0,2707.0,9230870.0,9230870.0,KOSDAQ,-0.44
239890,피엔에이치테크,3345.0,3408.0,3408.0,11399760.0,11399760.0,KOSDAQ,-1.62
317240,TS트릴리온,1139.0,208856.0,208856.0,237886984.0,237886984.0,KOSDAQ,-5.08
066360,체리부로,1386.0,38778.0,38778.0,53746308.0,53746308.0,KOSDAQ,-5.71
065950,웰크론,1177.0,47793.0,47793.0,56252361.0,56252361.0,KOSDAQ,1.9
148930,에이치와이티씨,3265.0,991.0,991.0,3235615.0,3235615.0,KOSDAQ,0.31
039290,인포뱅크,3820.0,1181.0,1181.0,4511420.0,4511420.0,KOSDAQ,-0.39
452300,캡스톤파트너스,2335.0,63752.0,63752.0,148860920.0,148860920.0,KOSDAQ,1.74
064480,브리지텍,2760.0,15458.0,15458.0,42664080.0,42664080.0,KOSDAQ,-0.9
318020,포인트모바일,2680.0,7049.0,7049.0,18891320.0,18891320.0,KOSDAQ,-1.29
021650,한국큐빅,2015.0,5554.0,5554.0,11191310.0,11191310.0,KOSDAQ,-0.49
068050,팬엔터테인먼트,1186.0,48864.0,48864.0,57952704.0,57952704.0,KOSDAQ,2.24
263920,휴엠앤씨,3340.0,897.0,897.0,2995980.0,2995980.0,KOSDAQ,-0.45
417860,오브젠,6960.0,6798.0,6798.0,47314080.0,47314080.0,KOSDAQ,-1.69
226330,신테카바이오,1348.0,327734.0,327734.0,441785432.0,441785432.0,KOSDAQ,9.24
200780,비씨월드제약,3065.0,8902.0,8902.0,27284630.0,27284630.0,KOSDAQ,-1.45
276730,한울앤제주,1380.0,77437.0,77437.0,106863060.0,106863060.0,KOSDAQ,-3.02
464280,티디에스팜,5880.0,26700.0,26700.0,156996000.0,156996000.0,KOSDAQ,-5.01
254120,자비스,1056.0,91012.0,91012.0,96108672.0,96108672.0,KOSDAQ,0.28
089140,넥스턴앤롤코리아,2120.0,29961.0,29961.0,63517320.0,63517320.0,KOSDAQ,-2.53
087600,픽셀플러스,3975.0,1053.0,1053.0,4185675.0,4185675.0,KOSDAQ,1.66
131090,시큐브,4220.0,2313.0,2313.0,9760860.0,9760860.0,KOSDAQ,0.0
296640,이노에이엑스,6230.0,4952.0,4952.0,30850960.0,30850960.0,KOSDAQ,-1.11
089150,케이씨티,1881.0,15633.0,15633.0,29405673.0,29405673.0,KOSDAQ,-0.79
127980,화인써키트,2715.0,6471.0,6471.0,17568765.0,17568765.0,KOSDAQ,-3.72
434480,모니터랩,2610.0,23556.0,23556.0,61481160.0,61481160.0,KOSDAQ,-2.43
038950,파인디지털,3140.0,1963.0,1963.0,6163820.0,6163820.0,KOSDAQ,0.32
033170,시그네틱스,1862.0,110020.0,110020.0,204857240.0,204857240.0,KOSDAQ,-6.24
071850,캐스텍코리아,1309.0,5097.0,5097.0,6671973.0,6671973.0,KOSDAQ,0.15
049120,파인디앤씨,2995.0,15010.0,15010.0,44954950.0,44954950.0,KOSDAQ,-7.13
476080,M83,3920.0,22297.0,22297.0,87404240.0,87404240.0,KOSDAQ,-2.85
050110,캠시스,1083.0,116918.0,116918.0,126622194.0,126622194.0,KOSDAQ,0.0
033830,티비씨,1674.0,10394.0,10394.0,17399556.0,17399556.0,KOSDAQ,0.24
099390,브레인즈컴퍼니,3855.0,8519.0,8519.0,32840745.0,32840745.0,KOSDAQ,-1.53
037330,인지디스플레,721.0,61669.0,61669.0,44463349.0,44463349.0,KOSDAQ,0.28
407400,꿈비,2160.0,14644.0,14644.0,31631040.0,31631040.0,KOSDAQ,0.7
037370,EG,3660.0,4656.0,4656.0,17040960.0,17040960.0,KOSDAQ,-1.08
128540,에코캡,1182.0,13424.0,13424.0,15867168.0,15867168.0,KOSDAQ,-2.31
197140,디지캡,2420.0,13712.0,13712.0,33183040.0,33183040.0,KOSDAQ,0.0
290090,트윔,4215.0,959.0,959.0,4042185.0,4042185.0,KOSDAQ,-1.75
187270,신화콘텍,3090.0,7763.0,7763.0,23987670.0,23987670.0,KOSDAQ,0.49
376980,원티드랩,3205.0,5012.0,5012.0,16063460.0,16063460.0,KOSDAQ,-5.32
031510,오스템,1105.0,59800.0,59800.0,66079000.0,66079000.0,KOSDAQ,0.82
020180,대신정보통신,4025.0,15518.0,15518.0,62459950.0,62459950.0,KOSDAQ,0.63
012620,원일특강,7010.0,1054.0,1054.0,7388540.0,7388540.0,KOSDAQ,-0.14
311390,네오크레마,2435.0,7700.0,7700.0,18749500.0,18749500.0,KOSDAQ,-2.4
452160,제이엔비,3200.0,3599.0,3599.0,11516800.0,11516800.0,KOSDAQ,-0.31
080520,오디텍,2715.0,4233.0,4233.0,11492595.0,11492595.0,KOSDAQ,-1.27
462310,뉴키즈온,3890.0,10326.0,10326.0,40168140.0,40168140.0,KOSDAQ,-0.51
078590,휴림에이텍,3075.0,152183.0,152183.0,467962725.0,467962725.0,KOSDAQ,-2.07
105550,엣지파운드리,1960.0,35792.0,35792.0,70152320.0,70152320.0,KOSDAQ,-1.36
066910,손오공,1995.0,25677.0,25677.0,51225615.0,51225615.0,KOSDAQ,0.4
093380,풍강,3105.0,15506.0,15506.0,48146130.0,48146130.0,KOSDAQ,1.14
153490,우리이앤엘하루틴,2975.0,50042.0,50042.0,148874950.0,148874950.0,KOSDAQ,0.0
237820,플레이디,2355.0,7516.0,7516.0,17700180.0,17700180.0,KOSDAQ,-0.84
464580,닷밀,1638.0,5368.0,5368.0,8792784.0,8792784.0,KOSDAQ,-0.24
271830,팸텍,1022.0,79295.0,79295.0,81039490.0,81039490.0,KOSDAQ,-0.1
458350,에스팀,3470.0,10484.0,10484.0,36379480.0,36379480.0,KOSDAQ,1.91
215090,솔디펜스,1299.0,51562.0,51562.0,66979038.0,66979038.0,KOSDAQ,-1.22
031310,아이즈비전,1009.0,131385.0,131385.0,132567465.0,132567465.0,KOSDAQ,3.91
075970,동국알앤에스,1628.0,8413.0,8413.0,13696364.0,13696364.0,KOSDAQ,-0.79
193250,링크드,2240.0,10538.0,10538.0,23605120.0,23605120.0,KOSDAQ,0.0
088340,유라클,6860.0,5596.0,5596.0,38388560.0,38388560.0,KOSDAQ,0.29
079170,한창산업,5740.0,5968.0,5968.0,34256320.0,34256320.0,KOSDAQ,-0.17
106240,파인테크닉스,1120.0,21365.0,21365.0,23928800.0,23928800.0,KOSDAQ,-0.53
328380,솔트웨어,4340.0,1118727.0,1118727.0,4855275180.0,4855275180.0,KOSDAQ,2.72
032790,엠젠솔루션,1158.0,34773.0,34773.0,40267134.0,40267134.0,KOSDAQ,-1.7
038620,위즈코프,1961.0,12120.0,12120.0,23767320.0,23767320.0,KOSDAQ,-0.96
318010,팜스빌,3720.0,576.0,576.0,2142720.0,2142720.0,KOSDAQ,-0.4
091970,LSK아이로봇,3910.0,20484.0,20484.0,80092440.0,80092440.0,KOSDAQ,-3.69
444530,심플랫폼,4575.0,2672.0,2672.0,12224400.0,12224400.0,KOSDAQ,-1.4
310870,디와이씨,1342.0,71569.0,71569.0,96045598.0,96045598.0,KOSDAQ,-1.83
348030,모비릭스,3055.0,39119.0,39119.0,119508545.0,119508545.0,KOSDAQ,-10.93
232830,아이티센피엔에스,1771.0,16691.0,16691.0,29559761.0,29559761.0,KOSDAQ,-3.33
262840,아이퀘스트,2760.0,21171.0,21171.0,58431960.0,58431960.0,KOSDAQ,0.0
351330,이삭엔지니어링,3510.0,5075.0,5075.0,17813250.0,17813250.0,KOSDAQ,-1.27
336060,웨이버스,3010.0,6106.0,6106.0,18379060.0,18379060.0,KOSDAQ,-2.59
462980,아이지넷,1588.0,4313.0,4313.0,6849044.0,6849044.0,KOSDAQ,1.6
079000,와토스코리아,4010.0,17094.0,17094.0,68546940.0,68546940.0,KOSDAQ,-0.99
115480,씨유메디칼,2380.0,20799.0,20799.0,49501620.0,49501620.0,KOSDAQ,1.28
368970,오에스피,2565.0,47194.0,47194.0,121052610.0,121052610.0,KOSDAQ,0.98
096630,에스코넥,1812.0,11693.0,11693.0,21187716.0,21187716.0,KOSDAQ,0.33
900310,컬러레이,2240.0,3598.0,3598.0,8059520.0,8059520.0,KOSDAQ,0.0
360350,코셈,5270.0,7698.0,7698.0,40568460.0,40568460.0,KOSDAQ,-2.59
119500,포메탈,2415.0,23823.0,23823.0,57532545.0,57532545.0,KOSDAQ,-2.42
367000,플래티어,3400.0,1350.0,1350.0,4590000.0,4590000.0,KOSDAQ,-0.29
007770,한일화학,8120.0,7053.0,7053.0,57270360.0,57270360.0,KOSDAQ,0.74
290560,파라택시스이더리움,1273.0,176449.0,176449.0,224619577.0,224619577.0,KOSDAQ,-10.23
139670,키네마스터,2015.0,14458.0,14458.0,29132870.0,29132870.0,KOSDAQ,-2.18
045300,성우테크론,2695.0,23192.0,23192.0,62502440.0,62502440.0,KOSDAQ,-1.64
195500,마니커에프앤지,1778.0,52819.0,52819.0,93912182.0,93912182.0,KOSDAQ,-1.33
008470,부스타,1685.0,36743.0,36743.0,61911955.0,61911955.0,KOSDAQ,-0.94
096690,에이루트,7000.0,3619.0,3619.0,25333000.0,25333000.0,KOSDAQ,3.55
188260,세니젠,2025.0,7021.0,7021.0,14217525.0,14217525.0,KOSDAQ,0.0
239610,에이치엘사이언스,5220.0,1270.0,1270.0,6629400.0,6629400.0,KOSDAQ,-1.88
057680,티사이언티픽,1777.0,57306.0,57306.0,101832762.0,101832762.0,KOSDAQ,0.68
101670,하이드로리튬,494.0,464602.0,464602.0,229513388.0,229513388.0,KOSDAQ,-3.14
322780,코퍼스코리아,1868.0,44577.0,44577.0,83269836.0,83269836.0,KOSDAQ,-0.8
364950,에이아이코리아,3375.0,5258.0,5258.0,17745750.0,17745750.0,KOSDAQ,-1.46
091340,S&K폴리텍,2390.0,41056.0,41056.0,98123840.0,98123840.0,KOSDAQ,2.36
053290,NE능률,1690.0,13774.0,13774.0,23278060.0,23278060.0,KOSDAQ,-1.23
016920,카스,1086.0,246794.0,246794.0,268018284.0,268018284.0,KOSDAQ,2.65
069140,누리플랜,1848.0,26027.0,26027.0,48097896.0,48097896.0,KOSDAQ,-0.11
017000,신원종합개발,2390.0,31600.0,31600.0,75524000.0,75524000.0,KOSDAQ,-4.4
013720,청보,2290.0,1242.0,1242.0,2844180.0,2844180.0,KOSDAQ,-0.87
388610,지에프씨생명과학,5230.0,4173.0,4173.0,21824790.0,21824790.0,KOSDAQ,-2.24
048470,대동스틸,2880.0,12963.0,12963.0,37333440.0,37333440.0,KOSDAQ,-0.17
068100,케이웨더,2330.0,6884.0,6884.0,16039720.0,16039720.0,KOSDAQ,0.0
026910,광진실업,3505.0,52601.0,52601.0,184366505.0,184366505.0,KOSDAQ,-2.09
368600,아이씨에이치,1077.0,11912533.0,11912533.0,12829798041.0,12829798041.0,KOSDAQ,12.07
236810,엔비티,1634.0,11583.0,11583.0,18926622.0,18926622.0,KOSDAQ,-0.06
160550,NEW,993.0,51257.0,51257.0,50898201.0,50898201.0,KOSDAQ,-1.97
131220,대한과학,3710.0,1277.0,1277.0,4737670.0,4737670.0,KOSDAQ,-0.4
054780,키이스트,1406.0,27803.0,27803.0,39091018.0,39091018.0,KOSDAQ,0.29
356890,싸이버원,2310.0,14013.0,14013.0,32370030.0,32370030.0,KOSDAQ,-1.91
267790,배럴,3590.0,5970.0,5970.0,21432300.0,21432300.0,KOSDAQ,3.76
115530,씨엔플러스,3215.0,109418.0,109418.0,351778870.0,351778870.0,KOSDAQ,4.05
021880,메이슨캐피탈,1300.0,31929.0,31929.0,41507700.0,41507700.0,KOSDAQ,-2.11
206400,베노티앤알,735.0,316294.0,316294.0,232476090.0,232476090.0,KOSDAQ,-21.64
069410,엔텔스,2690.0,8727.0,8727.0,23475630.0,23475630.0,KOSDAQ,-2.36
032750,삼진,3050.0,10134.0,10134.0,30908700.0,30908700.0,KOSDAQ,2.52
130500,GH신소재,1889.0,3503.0,3503.0,6617167.0,6617167.0,KOSDAQ,-1.67
019570,GMI벤처,2865.0,10414.0,10414.0,29836110.0,29836110.0,KOSDAQ,1.24
351870,차이커뮤니케이션,2450.0,16307.0,16307.0,39952150.0,39952150.0,KOSDAQ,-4.67
109960,앱토크롬,1806.0,10284.0,10284.0,18572904.0,18572904.0,KOSDAQ,-2.54
103840,우양,1669.0,18297.0,18297.0,30537693.0,30537693.0,KOSDAQ,-1.18
406820,뷰티스킨,1931.0,95864.0,95864.0,185113384.0,185113384.0,KOSDAQ,-4.17
080530,코디,2465.0,6276.0,6276.0,15470340.0,15470340.0,KOSDAQ,2.92
067010,이씨에스,2505.0,59107.0,59107.0,148063035.0,148063035.0,KOSDAQ,0.6
290270,휴네시온,2830.0,3578.0,3578.0,10125740.0,10125740.0,KOSDAQ,-1.39
900070,글로벌에스엠,1011.0,8838.0,8838.0,8935218.0,8935218.0,KOSDAQ,-1.37
376180,피코그램,1460.0,37549.0,37549.0,54821540.0,54821540.0,KOSDAQ,-3.63
047080,한빛소프트,1091.0,157645.0,157645.0,171990695.0,171990695.0,KOSDAQ,-1.45
054940,엑사이엔씨,4070.0,511986.0,511986.0,2083783020.0,2083783020.0,KOSDAQ,-1.93
450520,인스웨이브,1832.0,7257.0,7257.0,13294824.0,13294824.0,KOSDAQ,-0.7
430690,한싹,2465.0,22494.0,22494.0,55447710.0,55447710.0,KOSDAQ,-3.33
039310,세중,1465.0,30581.0,30581.0,44801165.0,44801165.0,KOSDAQ,3.68
225220,제놀루션,1380.0,29202.0,29202.0,40298760.0,40298760.0,KOSDAQ,-0.22
058110,멕아이씨에스,1646.0,13961.0,13961.0,22979806.0,22979806.0,KOSDAQ,-2.72
238490,힘스,2330.0,20296.0,20296.0,47289680.0,47289680.0,KOSDAQ,-0.64
258790,소프트캠프,5270.0,71845.0,71845.0,378623150.0,378623150.0,KOSDAQ,3.33
070590,인티큐브,1894.0,3203.0,3203.0,6066482.0,6066482.0,KOSDAQ,0.74
138070,신진에스엠,1499.0,623.0,623.0,933877.0,933877.0,KOSDAQ,-0.27
215790,이노인스트루먼트,650.0,545268.0,545268.0,354424200.0,354424200.0,KOSDAQ,-1.52
177830,파버나인,2310.0,13788.0,13788.0,31850280.0,31850280.0,KOSDAQ,-1.49
033050,제이엠아이,820.0,21005.0,21005.0,17224100.0,17224100.0,KOSDAQ,-1.91
198940,한주라이트메탈,1311.0,20828.0,20828.0,27305508.0,27305508.0,KOSDAQ,-0.3
134060,이퓨쳐,5470.0,4240.0,4240.0,23192800.0,23192800.0,KOSDAQ,1.11
043360,디지아이,2890.0,181577.0,181577.0,524757530.0,524757530.0,KOSDAQ,29.89
001810,무림SP,1173.0,24259.0,24259.0,28455807.0,28455807.0,KOSDAQ,-2.25
424760,벨로크,2580.0,78541.0,78541.0,202635780.0,202635780.0,KOSDAQ,-4.09
288620,에스프리즘,3705.0,8896.0,8896.0,32959680.0,32959680.0,KOSDAQ,0.14
038870,에코심플렉스,1842.0,7452.0,7452.0,13726584.0,13726584.0,KOSDAQ,0.0
090150,아이윈,6150.0,11575.0,11575.0,71186250.0,71186250.0,KOSDAQ,0.49
109670,씨싸이트,4395.0,31583.0,31583.0,138807285.0,138807285.0,KOSDAQ,11.83
027040,서울전자통신,1842.0,28641.0,28641.0,52756722.0,52756722.0,KOSDAQ,-4.81
475660,에스켐,3230.0,2296.0,2296.0,7416080.0,7416080.0,KOSDAQ,-5.28
007720,소노스퀘어,1270.0,12845.0,12845.0,16313150.0,16313150.0,KOSDAQ,-2.08
073540,에프알텍,2230.0,9829.0,9829.0,21918670.0,21918670.0,KOSDAQ,-0.67
114630,폴라리스우노,1475.0,30845.0,30845.0,45496375.0,45496375.0,KOSDAQ,-0.41
035200,프럼파스트,2755.0,18779.0,18779.0,51736145.0,51736145.0,KOSDAQ,-0.18
146060,율촌,1057.0,10113.0,10113.0,10689441.0,10689441.0,KOSDAQ,-2.13
054090,삼진엘앤디,1017.0,145526.0,145526.0,147999942.0,147999942.0,KOSDAQ,1.7
060380,동양에스텍,1277.0,25981.0,25981.0,33177737.0,33177737.0,KOSDAQ,-3.11
377030,비트맥스,1750.0,32042.0,32042.0,56073500.0,56073500.0,KOSDAQ,-2.56
052300,오션인더블유,1537.0,176124.0,176124.0,270702588.0,270702588.0,KOSDAQ,2.67
222980,한국맥널티,2255.0,32365.0,32365.0,72983075.0,72983075.0,KOSDAQ,1.58
043200,파루,1188.0,376148.0,376148.0,446863824.0,446863824.0,KOSDAQ,-5.71
333050,이노테나,5030.0,1953.0,1953.0,9823590.0,9823590.0,KOSDAQ,-0.98
464500,아이언디바이스,1770.0,20541.0,20541.0,36357570.0,36357570.0,KOSDAQ,-0.17
208350,지란지교시큐리티,3050.0,2843.0,2843.0,8671150.0,8671150.0,KOSDAQ,0.99
318000,KBG,2825.0,1742.0,1742.0,4921150.0,4921150.0,KOSDAQ,0.0
123840,뉴온,1585.0,35277.0,35277.0,55914045.0,55914045.0,KOSDAQ,-2.46
044780,에이치케이,1331.0,16600.0,16600.0,22094600.0,22094600.0,KOSDAQ,0.0
200350,아티스트스튜디오,2460.0,5595.0,5595.0,13763700.0,13763700.0,KOSDAQ,0.61
060900,에이전트AI,3755.0,71105.0,71105.0,266999275.0,266999275.0,KOSDAQ,2.88
300120,라온피플,2480.0,97193.0,97193.0,241038640.0,241038640.0,KOSDAQ,0.81
016670,디모아,2400.0,11742.0,11742.0,28180800.0,28180800.0,KOSDAQ,0.0
169330,엠브레인,1335.0,587.0,587.0,783645.0,783645.0,KOSDAQ,-1.98
076080,웰크론한텍,1081.0,14389.0,14389.0,15554509.0,15554509.0,KOSDAQ,-3.74
039740,한국정보공학,3035.0,12032.0,12032.0,36517120.0,36517120.0,KOSDAQ,-1.94
301300,바이브컴퍼니,1849.0,20882.0,20882.0,38610818.0,38610818.0,KOSDAQ,0.6
462510,라메디텍,2755.0,9498.0,9498.0,26166990.0,26166990.0,KOSDAQ,-2.99
148250,알엔투테크놀로지,1774.0,50834.0,50834.0,90179516.0,90179516.0,KOSDAQ,-1.39
101680,한국정밀기계,2865.0,25152.0,25152.0,72060480.0,72060480.0,KOSDAQ,2.69
131180,딜리,4085.0,4822.0,4822.0,19697870.0,19697870.0,KOSDAQ,-1.09
067770,세진티에스,2855.0,68898.0,68898.0,196703790.0,196703790.0,KOSDAQ,2.88
051380,피씨디렉트,1557.0,12408.0,12408.0,19319256.0,19319256.0,KOSDAQ,-0.32
331520,밸로프,2435.0,21493.0,21493.0,52335455.0,52335455.0,KOSDAQ,-1.22
440320,오픈놀,2380.0,5308.0,5308.0,12633040.0,12633040.0,KOSDAQ,0.21
241840,에이스토리,2485.0,36864.0,36864.0,91607040.0,91607040.0,KOSDAQ,0.4
298060,풍전약품,2455.0,5055.0,5055.0,12410025.0,12410025.0,KOSDAQ,-2.39
123750,알톤,1712.0,990.0,990.0,1694880.0,1694880.0,KOSDAQ,-0.17
431190,케이쓰리아이,3155.0,93431.0,93431.0,294774805.0,294774805.0,KOSDAQ,3.61
023770,플레이위드,2640.0,85703.0,85703.0,226255920.0,226255920.0,KOSDAQ,1.93
405920,나라셀라,1832.0,27961.0,27961.0,51224552.0,51224552.0,KOSDAQ,3.62
290520,신도기연,1497.0,5920.0,5920.0,8862240.0,8862240.0,KOSDAQ,-1.32
083660,CSA 코스믹,1650.0,85788.0,85788.0,141550200.0,141550200.0,KOSDAQ,-5.17
036480,대성미생물,6170.0,3279.0,3279.0,20231430.0,20231430.0,KOSDAQ,-0.8
060230,제이케이시냅스,1197.0,88940.0,88940.0,106461180.0,106461180.0,KOSDAQ,-1.72
033200,모아텍,2540.0,1924.0,1924.0,4886960.0,4886960.0,KOSDAQ,0.2
130740,티피씨글로벌,2070.0,63856.0,63856.0,132181920.0,132181920.0,KOSDAQ,-2.82
188040,바이오포트,4975.0,8826.0,8826.0,43909350.0,43909350.0,KOSDAQ,-2.45
032860,더라미,2880.0,28470.0,28470.0,81993600.0,81993600.0,KOSDAQ,3.97
115160,휴맥스,5390.0,13138.0,13138.0,70813820.0,70813820.0,KOSDAQ,-0.92
018700,졸스,1387.0,10212.0,10212.0,14164044.0,14164044.0,KOSDAQ,0.87
237750,피앤씨테크,3560.0,2732.0,2732.0,9725920.0,9725920.0,KOSDAQ,-0.14
065150,대산F&B,1450.0,10955.0,10955.0,15884750.0,15884750.0,KOSDAQ,-2.03
032080,아즈텍WB,1075.0,2236.0,2236.0,2403700.0,2403700.0,KOSDAQ,0.19
257370,피엔티엠에스,1846.0,8499.0,8499.0,15689154.0,15689154.0,KOSDAQ,0.0
013810,스페코,1573.0,46089.0,46089.0,72497997.0,72497997.0,KOSDAQ,-0.19
018680,서울제약,1969.0,9100.0,9100.0,17917900.0,17917900.0,KOSDAQ,0.97
101400,엔시트론,1954.0,176830.0,176830.0,345525820.0,345525820.0,KOSDAQ,2.84
206560,덱스터,902.0,57086.0,57086.0,51491572.0,51491572.0,KOSDAQ,-3.01
187220,디티앤씨,1983.0,29108.0,29108.0,57721164.0,57721164.0,KOSDAQ,1.64
0010F0,보원케미칼,2050.0,24823.0,24823.0,50887150.0,50887150.0,KOSDAQ,-2.84
065690,파커스,1900.0,65628.0,65628.0,124693200.0,124693200.0,KOSDAQ,1.01
378800,샤페론,493.0,438017.0,438017.0,215942381.0,215942381.0,KOSDAQ,-1.79
415380,스튜디오삼익,1991.0,20993.0,20993.0,41797063.0,41797063.0,KOSDAQ,-1.44
085810,알티캐스트,1609.0,54299.0,54299.0,87367091.0,87367091.0,KOSDAQ,-1.29
359090,씨엔알리서치,1979.0,6052.0,6052.0,11976908.0,11976908.0,KOSDAQ,-0.2
238200,비피도,2780.0,4897.0,4897.0,13613660.0,13613660.0,KOSDAQ,-0.36
063760,이엘피,2435.0,13075.0,13075.0,31837625.0,31837625.0,KOSDAQ,-3.75
429270,시지트로닉스,3520.0,20461.0,20461.0,72022720.0,72022720.0,KOSDAQ,-3.69
038880,아이에이,3015.0,5521.0,5521.0,16645815.0,16645815.0,KOSDAQ,-1.15
148780,비큐AI,3595.0,143376.0,143376.0,515436720.0,515436720.0,KOSDAQ,0.42
016100,리더스코스메틱,1181.0,252683.0,252683.0,298418623.0,298418623.0,KOSDAQ,2.34
095910,에스에너지,614.0,127664.0,127664.0,78385696.0,78385696.0,KOSDAQ,-2.85
032280,삼일,1378.0,77674.0,77674.0,107034772.0,107034772.0,KOSDAQ,1.17
289220,자이언트스텝,1000.0,48748.0,48748.0,48748000.0,48748000.0,KOSDAQ,-1.19
053060,세동,1263.0,41483.0,41483.0,52393029.0,52393029.0,KOSDAQ,0.64
317120,라닉스,1460.0,18877.0,18877.0,27560420.0,27560420.0,KOSDAQ,0.34
377330,이지트로닉스,2735.0,4844.0,4844.0,13248340.0,13248340.0,KOSDAQ,2.05
352940,인바이오,2045.0,9300.0,9300.0,19018500.0,19018500.0,KOSDAQ,2.25
032800,판타지오,1465.0,25534.0,25534.0,37407310.0,37407310.0,KOSDAQ,-4.25
353590,오토앤,1698.0,6828.0,6828.0,11593944.0,11593944.0,KOSDAQ,0.0
303530,이노뎁,2975.0,24593.0,24593.0,73164175.0,73164175.0,KOSDAQ,0.85
403490,우듬지팜,2375.0,9229.0,9229.0,21918875.0,21918875.0,KOSDAQ,-4.62
277410,인산가,5680.0,990.0,990.0,5623200.0,5623200.0,KOSDAQ,-1.39
275630,에스에스알,4140.0,25259.0,25259.0,104572260.0,104572260.0,KOSDAQ,3.5
340440,세림B&G,765.0,577165.0,577165.0,441531225.0,441531225.0,KOSDAQ,1.86
080470,성창오토텍,2970.0,9450.0,9450.0,28066500.0,28066500.0,KOSDAQ,5.51
192390,윈하이텍,1810.0,15078.0,15078.0,27291180.0,27291180.0,KOSDAQ,-0.88
432980,엠에프씨,2515.0,5421.0,5421.0,13633815.0,13633815.0,KOSDAQ,-0.4
067730,로지시스,2230.0,14006.0,14006.0,31233380.0,31233380.0,KOSDAQ,0.45
219750,한국비티비,1645.0,4675.0,4675.0,7690375.0,7690375.0,KOSDAQ,0.0
195990,루트K,1319.0,13281.0,13281.0,17517639.0,17517639.0,KOSDAQ,-1.64
353190,휴럼,2720.0,5766.0,5766.0,15683520.0,15683520.0,KOSDAQ,0.0
019660,글로본,1525.0,18225.0,18225.0,27793125.0,27793125.0,KOSDAQ,0.0
115570,스타플렉스,2660.0,24148.0,24148.0,64233680.0,64233680.0,KOSDAQ,-10.74
355390,크라우드웍스,1332.0,158655.0,158655.0,211328460.0,211328460.0,KOSDAQ,0.91
372800,아이티아이즈,3000.0,10233.0,10233.0,30699000.0,30699000.0,KOSDAQ,0.17
227610,아우딘퓨쳐스,1087.0,56096.0,56096.0,60976352.0,60976352.0,KOSDAQ,-6.29
021040,대호특수강,970.0,20260.0,20260.0,19652200.0,19652200.0,KOSDAQ,4.3
200230,텔콘RF제약,2220.0,17051.0,17051.0,37853220.0,37853220.0,KOSDAQ,-2.2
017250,인터엠,999.0,34511.0,34511.0,34476489.0,34476489.0,KOSDAQ,-3.94
398120,에스지헬스케어,1770.0,11230.0,11230.0,19877100.0,19877100.0,KOSDAQ,-0.39
065370,위세아이텍,2835.0,4366.0,4366.0,12377610.0,12377610.0,KOSDAQ,-0.87
215480,토박스코리아,1948.0,14255.0,14255.0,27768740.0,27768740.0,KOSDAQ,0.98
098660,에스티오,1673.0,12860.0,12860.0,21514780.0,21514780.0,KOSDAQ,-1.01
274400,이노시뮬레이션,2275.0,5337.0,5337.0,12141675.0,12141675.0,KOSDAQ,0.22
069330,유아이디,1219.0,30069.0,30069.0,36654111.0,36654111.0,KOSDAQ,1.67
361670,삼영에스앤씨,3635.0,1486.0,1486.0,5401610.0,5401610.0,KOSDAQ,-0.41
191410,육일씨엔에쓰,1828.0,104995.0,104995.0,191930860.0,191930860.0,KOSDAQ,0.05
065650,하이퍼코퍼레이션,1864.0,49796.0,49796.0,92819744.0,92819744.0,KOSDAQ,2.59
362990,드림인사이트,1212.0,19906.0,19906.0,24126072.0,24126072.0,KOSDAQ,-1.62
154030,아시아종묘,1685.0,32347.0,32347.0,54504695.0,54504695.0,KOSDAQ,1.2
383930,디티앤씨알오,1577.0,39163.0,39163.0,61760051.0,61760051.0,KOSDAQ,1.74
113810,디젠스,3080.0,71886.0,71886.0,221408880.0,221408880.0,KOSDAQ,0.65
088290,이원컴포텍,2515.0,5014.0,5014.0,12610210.0,12610210.0,KOSDAQ,2.65
115610,이미지스,1697.0,121495.0,121495.0,206177015.0,206177015.0,KOSDAQ,8.85
347770,핌스,884.0,137132.0,137132.0,121224688.0,121224688.0,KOSDAQ,-7.05
073570,리튬포어스,1664.0,19565.0,19565.0,32556160.0,32556160.0,KOSDAQ,-3.54
043590,웰킵스하이텍,1476.0,24017.0,24017.0,35449092.0,35449092.0,KOSDAQ,1.1
069920,엑시온그룹,1389.0,301571.0,301571.0,418882119.0,418882119.0,KOSDAQ,3.19
417180,핑거스토리,4635.0,5043.0,5043.0,23374305.0,23374305.0,KOSDAQ,3.34
344860,이노진,1379.0,46609.0,46609.0,64273811.0,64273811.0,KOSDAQ,1.03
373110,엑셀세라퓨틱스,1148.0,174604.0,174604.0,200445392.0,200445392.0,KOSDAQ,-2.55
419540,비스토스,3315.0,18374.0,18374.0,60909810.0,60909810.0,KOSDAQ,-0.9
014100,메디앙스,1671.0,17522.0,17522.0,29279262.0,29279262.0,KOSDAQ,-0.83
196700,웹스,1367.0,34833.0,34833.0,47616711.0,47616711.0,KOSDAQ,0.0
438700,버넥트,1758.0,87478.0,87478.0,153786324.0,153786324.0,KOSDAQ,-6.24
054220,비츠로시스,1556.0,39048.0,39048.0,60758688.0,60758688.0,KOSDAQ,1.83
050760,에스폴리텍,1198.0,151642.0,151642.0,181667116.0,181667116.0,KOSDAQ,1.7
455180,케이지에이,1323.0,20051.0,20051.0,26527473.0,26527473.0,KOSDAQ,-0.82
137940,넥스트아이,1981.0,19882.0,19882.0,39386242.0,39386242.0,KOSDAQ,-0.35
342870,오아,3560.0,3190.0,3190.0,11356400.0,11356400.0,KOSDAQ,-1.66
018620,우진비앤지,2795.0,13953.0,13953.0,38998635.0,38998635.0,KOSDAQ,-1.58
032680,소프트센,928.0,33593.0,33593.0,31174304.0,31174304.0,KOSDAQ,-2.62
024940,PN풍년,1935.0,17952.0,17952.0,34737120.0,34737120.0,KOSDAQ,-0.26
083470,이엠앤아이,905.0,93957.0,93957.0,85031085.0,85031085.0,KOSDAQ,-2.06
224060,더코디,3740.0,13827.0,13827.0,51712980.0,51712980.0,KOSDAQ,-5.08
027580,상보,1626.0,21781.0,21781.0,35415906.0,35415906.0,KOSDAQ,-0.25
051780,큐로홀딩스,2530.0,17116.0,17116.0,43303480.0,43303480.0,KOSDAQ,-7.33
900270,헝셩그룹,3760.0,1675254.0,1675254.0,6298955040.0,6298955040.0,KOSDAQ,7.43
065060,지엔코,3205.0,6747.0,6747.0,21624135.0,21624135.0,KOSDAQ,1.58
048830,엔피케이,1025.0,19435.0,19435.0,19920875.0,19920875.0,KOSDAQ,0.29
054410,케이피티유,3315.0,9637.0,9637.0,31946655.0,31946655.0,KOSDAQ,-3.63
900340,윙입푸드,1507.0,30246.0,30246.0,45580722.0,45580722.0,KOSDAQ,-0.2
252500,세화피앤씨,2270.0,53742.0,53742.0,121994340.0,121994340.0,KOSDAQ,-2.99
096870,엘디티,2250.0,22885.0,22885.0,51491250.0,51491250.0,KOSDAQ,-1.75
405000,플라즈맵,3470.0,2764.0,2764.0,9591080.0,9591080.0,KOSDAQ,-1.42
279600,미디어젠,3950.0,25276.0,25276.0,99840200.0,99840200.0,KOSDAQ,-8.14
177350,베셀,1860.0,88432.0,88432.0,164483520.0,164483520.0,KOSDAQ,-8.37
056730,CNT85,1226.0,14922.0,14922.0,18294372.0,18294372.0,KOSDAQ,-3.16
365900,브이씨,2480.0,17319.0,17319.0,42951120.0,42951120.0,KOSDAQ,2.06
034940,조아제약,2900.0,322994.0,322994.0,936682600.0,936682600.0,KOSDAQ,-1.53
110020,전진바이오팜,1982.0,1356.0,1356.0,2687592.0,2687592.0,KOSDAQ,-1.88
140430,카티스,1664.0,11320.0,11320.0,18836480.0,18836480.0,KOSDAQ,-3.65
306040,에스제이그룹,1899.0,36308.0,36308.0,68948892.0,68948892.0,KOSDAQ,-3.26
309930,조이웍스앤코,907.0,64551.0,64551.0,58547757.0,58547757.0,KOSDAQ,-2.47
210120,캔버스엔,1781.0,548481.0,548481.0,976844661.0,976844661.0,KOSDAQ,-2.36
079950,인베니아,1251.0,776319.0,776319.0,971175069.0,971175069.0,KOSDAQ,20.29
020400,대동금속,2825.0,8267.0,8267.0,23354275.0,23354275.0,KOSDAQ,-3.25
335870,윙스풋,5070.0,2862.0,2862.0,14510340.0,14510340.0,KOSDAQ,1.0
247660,나노씨엠에스,3900.0,39152.0,39152.0,152692800.0,152692800.0,KOSDAQ,3.59
477380,미래에셋비전스팩4호,2090.0,1278.0,1278.0,2671020.0,2671020.0,KOSDAQ,0.0
002680,한탑,2615.0,133949.0,133949.0,350276635.0,350276635.0,KOSDAQ,2.15
103230,에스앤더블류,2330.0,24912.0,24912.0,58044960.0,58044960.0,KOSDAQ,-5.67
006050,국영지앤엠,4805.0,11512.0,11512.0,55315160.0,55315160.0,KOSDAQ,-1.54
023790,동일스틸럭스,1280.0,61843.0,61843.0,79159040.0,79159040.0,KOSDAQ,-3.32
225590,패션플랫폼,3250.0,25199.0,25199.0,81896750.0,81896750.0,KOSDAQ,-0.15
050090,비케이홀딩스,703.0,197038.0,197038.0,138517714.0,138517714.0,KOSDAQ,-8.82
060480,국일신동,1486.0,256801.0,256801.0,381606286.0,381606286.0,KOSDAQ,8.15
223310,사토시홀딩스,3160.0,90642.0,90642.0,286428720.0,286428720.0,KOSDAQ,-9.97
377220,프롬바이오,2890.0,20183.0,20183.0,58328870.0,58328870.0,KOSDAQ,-3.67
078860,아이오케이이엔엠,2600.0,10405.0,10405.0,27053000.0,27053000.0,KOSDAQ,-3.17
009730,이렘,1991.0,17916.0,17916.0,35670756.0,35670756.0,KOSDAQ,-0.1
131760,파인텍,1808.0,136549.0,136549.0,246880592.0,246880592.0,KOSDAQ,-1.47
0072Z0,KB제33호스팩,1979.0,351.0,351.0,694629.0,694629.0,KOSDAQ,-0.1
477340,에이치엠씨제7호스팩,2060.0,8189.0,8189.0,16869340.0,16869340.0,KOSDAQ,0.0
0130H0,엔에이치스팩33호,2005.0,2711.0,2711.0,5435555.0,5435555.0,KOSDAQ,0.0
354200,엔젠바이오,1720.0,45177.0,45177.0,77704440.0,77704440.0,KOSDAQ,-2.71
0101C0,하나36호스팩,1981.0,439.0,439.0,869659.0,869659.0,KOSDAQ,-0.3
045520,크린앤사이언스,2350.0,14851.0,14851.0,34899850.0,34899850.0,KOSDAQ,-1.47
0044K0,삼성스팩10호,1993.0,624.0,624.0,1243632.0,1243632.0,KOSDAQ,0.0
389680,유디엠텍,1797.0,63333.0,63333.0,113809401.0,113809401.0,KOSDAQ,-2.86
473050,유안타제15호스팩,2100.0,7400.0,7400.0,15540000.0,15540000.0,KOSDAQ,-0.24
240600,유진테크놀로지,1773.0,27176.0,27176.0,48183048.0,48183048.0,KOSDAQ,0.0
0115H0,삼성스팩13호,2000.0,8436.0,8436.0,16872000.0,16872000.0,KOSDAQ,-0.25
060260,뉴보텍,1090.0,37095.0,37095.0,40433550.0,40433550.0,KOSDAQ,0.0
305090,마이크로디지탈,768.0,2430269.0,2430269.0,1866446592.0,1866446592.0,KOSDAQ,-29.99
478440,미래에셋비전스팩6호,2070.0,533.0,533.0,1103310.0,1103310.0,KOSDAQ,0.0
142760,모아라이프플러스,679.0,1950543.0,1950543.0,1324418697.0,1324418697.0,KOSDAQ,-30.0
479880,한국제15호스팩,2075.0,23375.0,23375.0,48503125.0,48503125.0,KOSDAQ,0.48
131100,티엔엔터테인먼트,2210.0,9950.0,9950.0,21989500.0,21989500.0,KOSDAQ,-4.74
303030,지니틱스,1556.0,211062.0,211062.0,328412472.0,328412472.0,KOSDAQ,-13.6
489480,키움제11호스팩,2140.0,17240.0,17240.0,36893600.0,36893600.0,KOSDAQ,-1.83
0165X0,메리츠제2호스팩,1950.0,52767.0,52767.0,102895650.0,102895650.0,KOSDAQ,0.0
291810,핀텔,1227.0,179452.0,179452.0,220187604.0,220187604.0,KOSDAQ,-6.12
0099W0,미래에셋비전스팩11호,1987.0,239.0,239.0,474893.0,474893.0,KOSDAQ,-0.55
008290,원풍물산,663.0,1332951.0,1332951.0,883746513.0,883746513.0,KOSDAQ,-12.53
0134X0,대신밸런스제20호스팩,1985.0,2717.0,2717.0,5393245.0,5393245.0,KOSDAQ,0.35
0164H0,한국제16호스팩,1958.0,42376.0,42376.0,82972208.0,82972208.0,KOSDAQ,0.0
481890,엔에이치스팩31호,2070.0,8847.0,8847.0,18313290.0,18313290.0,KOSDAQ,0.0
0096B0,삼성스팩12호,1982.0,6609.0,6609.0,13099038.0,13099038.0,KOSDAQ,0.05
489730,디비금융제13호스팩,2050.0,1236.0,1236.0,2533800.0,2533800.0,KOSDAQ,-0.24
0097F0,미래에셋비전스팩10호,1987.0,447.0,447.0,888189.0,888189.0,KOSDAQ,0.0
478390,KB제29호스팩,2075.0,2599.0,2599.0,5392925.0,5392925.0,KOSDAQ,0.24
035620,바른손이앤에이,693.0,83271.0,83271.0,57706803.0,57706803.0,KOSDAQ,-1.98
065770,CS,1218.0,112888.0,112888.0,137497584.0,137497584.0,KOSDAQ,-2.33
0093G0,미래에셋비전스팩8호,1982.0,2280.0,2280.0,4518960.0,4518960.0,KOSDAQ,-0.35
492220,KB제31호스팩,2040.0,7545.0,7545.0,15391800.0,15391800.0,KOSDAQ,0.25
0037T0,KB제32호스팩,1998.0,165.0,165.0,329670.0,329670.0,KOSDAQ,-0.05
028080,휴맥스홀딩스,4980.0,1544.0,1544.0,7689120.0,7689120.0,KOSDAQ,-1.97
482520,교보16호스팩,2060.0,54547.0,54547.0,112366820.0,112366820.0,KOSDAQ,0.24
289010,아이스크림에듀,901.0,74876.0,74876.0,67463276.0,67463276.0,KOSDAQ,-5.85
0054V0,엔에이치스팩32호,2020.0,40086.0,40086.0,80973720.0,80973720.0,KOSDAQ,0.5
012340,뉴인텍,564.0,135900.0,135900.0,76647600.0,76647600.0,KOSDAQ,-2.42
0131D0,키움히어로제2호스팩,1969.0,3499.0,3499.0,6889531.0,6889531.0,KOSDAQ,0.0
0091W0,신영스팩11호,2015.0,8853.0,8853.0,17838795.0,17838795.0,KOSDAQ,0.0
477760,DB금융스팩12호,2075.0,2689.0,2689.0,5579675.0,5579675.0,KOSDAQ,0.48
0088D0,메리츠제1호스팩,2080.0,218.0,218.0,453440.0,453440.0,KOSDAQ,0.24
0041L0,하나35호스팩,1997.0,146.0,146.0,291562.0,291562.0,KOSDAQ,0.0
250930,예선테크,1806.0,5889.0,5889.0,10635534.0,10635534.0,KOSDAQ,-3.37
0132G0,교보20호스팩,1992.0,1124.0,1124.0,2239008.0,2239008.0,KOSDAQ,-0.05
469900,하나31호스팩,2095.0,30638.0,30638.0,64186610.0,64186610.0,KOSDAQ,-0.24
482690,대신밸런스제19호스팩,2080.0,881.0,881.0,1832480.0,1832480.0,KOSDAQ,0.48
474660,신한제12호스팩,2090.0,18809.0,18809.0,39310810.0,39310810.0,KOSDAQ,0.24
487360,신한제14호스팩,2030.0,19690.0,19690.0,39970700.0,39970700.0,KOSDAQ,0.0
474490,유안타제16호스팩,2075.0,15771.0,15771.0,32724825.0,32724825.0,KOSDAQ,0.0
477470,미래에셋비전스팩5호,2085.0,1515.0,1515.0,3158775.0,3158775.0,KOSDAQ,-0.48
0071M0,삼성스팩11호,1983.0,59893.0,59893.0,118767819.0,118767819.0,KOSDAQ,0.0
0105P0,유진스팩12호,2005.0,3007.0,3007.0,6029035.0,6029035.0,KOSDAQ,0.0
496070,신한제16호스팩,2005.0,3999.0,3999.0,8017995.0,8017995.0,KOSDAQ,-0.25
0129K0,신한제18호스팩,1974.0,1668.0,1668.0,3292632.0,3292632.0,KOSDAQ,0.0
288980,모아데이타,300.0,5236688.0,5236688.0,1571006400.0,1571006400.0,KOSDAQ,-9.64
486630,KB제30호스팩,2055.0,3310.0,3310.0,6802050.0,6802050.0,KOSDAQ,0.24
0096D0,미래에셋비전스팩9호,1983.0,1018.0,1018.0,2018694.0,2018694.0,KOSDAQ,0.15
0098T0,교보19호스팩,1998.0,69.0,69.0,137862.0,137862.0,KOSDAQ,0.3
493790,유안타제17호스팩,2022.0,1589.0,1589.0,3212958.0,3212958.0,KOSDAQ,0.1
489210,교보17호스팩,2060.0,7528.0,7528.0,15507680.0,15507680.0,KOSDAQ,0.0
079190,케스피온,1109.0,54888.0,54888.0,60870792.0,60870792.0,KOSDAQ,0.18
0004Y0,디비금융제14호스팩,1999.0,63688.0,63688.0,127312312.0,127312312.0,KOSDAQ,0.0
900100,파이온엑스,2005.0,297854.0,297854.0,597197270.0,597197270.0,KOSDAQ,-14.68
0130D0,신한제17호스팩,1972.0,277.0,277.0,546244.0,546244.0,KOSDAQ,-0.3
478110,이베스트스팩6호,2060.0,4709.0,4709.0,9700540.0,9700540.0,KOSDAQ,0.24
466690,키움히어로제1호스팩,2010.0,4048.0,4048.0,8136480.0,8136480.0,KOSDAQ,0.0
092600,앤씨앤,2030.0,33608.0,33608.0,68224240.0,68224240.0,KOSDAQ,-5.14
0041B0,교보18호스팩,2015.0,29512.0,29512.0,59466680.0,59466680.0,KOSDAQ,0.25
472220,신영스팩10호,2110.0,322490.0,322490.0,680453900.0,680453900.0,KOSDAQ,0.0
084180,수성웹툰,540.0,130185.0,130185.0,70299900.0,70299900.0,KOSDAQ,-12.34
488060,유진스팩11호,2040.0,2819.0,2819.0,5750760.0,5750760.0,KOSDAQ,0.49
418620,E8,483.0,164203.0,164203.0,79310049.0,79310049.0,KOSDAQ,-6.03
308100,형지글로벌,360.0,460551.0,460551.0,165798360.0,165798360.0,KOSDAQ,-6.74
208640,썸에이지,666.0,129421.0,129421.0,86194386.0,86194386.0,KOSDAQ,-0.3
484130,하나34호스팩,2035.0,801.0,801.0,1630035.0,1630035.0,KOSDAQ,0.0
473950,에스케이증권제13호스팩,2055.0,3335.0,3335.0,6853425.0,6853425.0,KOSDAQ,-0.24
035290,골드앤에스,1895.0,247384.0,247384.0,468792680.0,468792680.0,KOSDAQ,-29.94
487830,신한제15호스팩,2055.0,89.0,89.0,182895.0,182895.0,KOSDAQ,-0.24
058450,한주에이알티,1645.0,272272.0,272272.0,447887440.0,447887440.0,KOSDAQ,-4.58
472230,에스케이증권제11호스팩,2100.0,86098.0,86098.0,180805800.0,180805800.0,KOSDAQ,-0.24
487720,키움제10호스팩,2045.0,66006.0,66006.0,134982270.0,134982270.0,KOSDAQ,0.25
0068Y0,비엔케이제3호스팩,1983.0,5179.0,5179.0,10269957.0,10269957.0,KOSDAQ,-0.1
03481K,해성산업1우,6150.0,3.0,3.0,18450.0,18450.0,KOSDAQ,0.0
0041J0,엘에스스팩1호,1997.0,5144.0,5144.0,10272568.0,10272568.0,KOSDAQ,0.0
465320,교보15호스팩,2140.0,2366.0,2366.0,5063240.0,5063240.0,KOSDAQ,0.23
475250,하나33호스팩,2090.0,6088.0,6088.0,12723920.0,12723920.0,KOSDAQ,0.24
101000,KS인더스트리,776.0,32933.0,32933.0,25556008.0,25556008.0,KOSDAQ,-0.89
474930,신한제13호스팩,2110.0,2.0,2.0,4220.0,4220.0,KOSDAQ,0.24
199730,바이오인프라,1531.0,39788.0,39788.0,60915428.0,60915428.0,KOSDAQ,-5.49
473000,에스케이증권제12호스팩,2075.0,2553.0,2553.0,5297475.0,5297475.0,KOSDAQ,-0.48
475240,하나32호스팩,2100.0,1137.0,1137.0,2387700.0,2387700.0,KOSDAQ,0.24
011080,형지I&C,904.0,197982.0,197982.0,178975728.0,178975728.0,KOSDAQ,2.15
225430,케이엠제약,931.0,411767.0,411767.0,383355077.0,383355077.0,KOSDAQ,-30.0
312610,에이에프더블류,291.0,569996.0,569996.0,165868836.0,165868836.0,KOSDAQ,-10.19
025870,신라에스지,1460.0,414820.0,414820.0,605637200.0,605637200.0,KOSDAQ,-26.74
096610,알에프세미,195.0,4337673.0,4337673.0,845846235.0,845846235.0,KOSDAQ,75.68
021045,대호특수강우,2570.0,346.0,346.0,889220.0,889220.0,KOSDAQ,-0.39
032685,소프트센우,8680.0,2554.0,2554.0,22168720.0,22168720.0,KOSDAQ,-0.23
