Code,Name,Close,Volume,VolumeTotal,Amount,AmountTotal,Market,ChangesRatio
005930,삼성전자,269500.0,15700594.0,21872636.0,4231310083000.0,5894675402000.0,KOSPI,-1.1
000660,SK하이닉스,1783000.0,2973067.0,3903544.0,5300978461000.0,6960018952000.0,KOSPI,1.02
005935,삼성전자우,196400.0,4926014.0,4926014.0,967469149600.0,967469149600.0,KOSPI,-3.73
402340,SK스퀘어,1132000.0,439964.0,580011.0,498039248000.0,656572452000.0,KOSPI,1.25
009150,삼성전기,1514000.0,479543.0,823193.0,726028102000.0,1246314202000.0,KOSPI,-0.92
373220,LG에너지솔루션,355500.0,187147.0,236151.0,66530758500.0,83951680500.0,KOSPI,0.85
005380,현대차,347000.0,455070.0,720821.0,157909290000.0,250124887000.0,KOSPI,-0.86
207940,삼성바이오로직스,1394000.0,48525.0,54093.0,67643850000.0,75405642000.0,KOSPI,0.65
105560,KB금융,169800.0,1047127.0,1150937.0,177802164600.0,195429102600.0,KOSPI,-2.13
032830,삼성생명,283000.0,260795.0,310210.0,73804985000.0,87789430000.0,KOSPI,-2.58
028260,삼성물산,342500.0,257492.0,306951.0,88191010000.0,105130717500.0,KOSPI,-0.72
034020,두산에너빌리티,81900.0,1498289.0,3168185.0,122709869100.0,259474351500.0,KOSPI,2.76
012450,한화에어로스페이스,1009000.0,82259.0,98937.0,82999331000.0,99827433000.0,KOSPI,-0.3
055550,신한지주,106500.0,1545439.0,1668815.0,164589253500.0,177728797500.0,KOSPI,-3.62
329180,HD현대중공업,434500.0,163435.0,224870.0,71012507500.0,97706015000.0,KOSPI,1.28
000270,기아,113600.0,881817.0,1080520.0,100174411200.0,122747072000.0,KOSPI,-2.07
034730,SK,588000.0,153790.0,174872.0,90428520000.0,102824736000.0,KOSPI,0.34
068270,셀트리온,177800.0,340772.0,411811.0,60589261600.0,73219995800.0,KOSPI,-0.61
006400,삼성SDI,513000.0,235909.0,379540.0,121021317000.0,194704020000.0,KOSPI,0.39
086790,하나금융지주,130700.0,1009883.0,1139264.0,131991708100.0,148901804800.0,KOSPI,-3.4
066570,LG전자,213500.0,677341.0,1176429.0,144612303500.0,251167591500.0,KOSPI,0.0
012330,현대모비스,384500.0,409188.0,699259.0,157332786000.0,268865085500.0,KOSPI,4.77
010120,LS ELECTRIC,205500.0,244899.0,444466.0,50326744500.0,91337763000.0,KOSPI,0.24
035420,NAVER,193500.0,487473.0,729341.0,94326025500.0,141127483500.0,KOSPI,-0.67
000810,삼성화재,634000.0,68703.0,77035.0,43557702000.0,48840190000.0,KOSPI,-2.91
298040,효성중공업,2787000.0,28186.0,36251.0,78554382000.0,101031537000.0,KOSPI,-0.61
316140,우리금융지주,34850.0,2861478.0,3320654.0,99722508300.0,115724791900.0,KOSPI,-4.26
096770,SK이노베이션,149200.0,520250.0,779326.0,77621300000.0,116275439200.0,KOSPI,2.26
069500,KODEX 200,109545.0,19788194.0,19788194.0,2167697711730.0,2167697711730.0,KOSPI,-0.4
042700,한미반도체,258000.0,453342.0,915588.0,116962236000.0,236221704000.0,KOSPI,2.38
005490,POSCO홀딩스,306500.0,167324.0,224270.0,51284806000.0,68738755000.0,KOSPI,0.82
042660,한화오션,78800.0,683372.0,1123944.0,53849713600.0,88566787200.0,KOSPI,0.25
267260,HD현대일렉트릭,667000.0,374344.0,438023.0,249687448000.0,292161341000.0,KOSPI,-2.06
009540,HD한국조선해양,326500.0,188560.0,212178.0,61564840000.0,69276117000.0,KOSPI,0.93
010130,고려아연,1069000.0,15772.0,20355.0,16860268000.0,21759495000.0,KOSPI,0.47
000150,두산,1370000.0,47005.0,68583.0,64396850000.0,93958710000.0,KOSPI,-0.8
138040,메리츠금융지주,126900.0,174801.0,196071.0,22182246900.0,24881409900.0,KOSPI,-4.37
360750,TIGER 미국S&P500,25825.0,40291792.0,40291792.0,1040535528400.0,1040535528400.0,KOSPI,-0.12
011200,HMM,20900.0,792896.0,1036970.0,16571526400.0,21672673000.0,KOSPI,-0.48
015760,한국전력,30050.0,829531.0,1264865.0,24927406550.0,38009193250.0,KOSPI,-0.17
017670,SK텔레콤,85700.0,468692.0,697073.0,40166904400.0,59739156100.0,KOSPI,-0.58
033780,KT&G,176500.0,260367.0,279639.0,45954775500.0,49356283500.0,KOSPI,-0.4
010950,S-Oil,162000.0,261519.0,309958.0,42366078000.0,50213196000.0,KOSPI,2.66
051910,LG화학,251000.0,178403.0,213616.0,44779153000.0,53617616000.0,KOSPI,0.4
010140,삼성중공업,19840.0,3404556.0,5980356.0,67546391040.0,118650263040.0,KOSPI,2.64
018260,삼성에스디에스,218500.0,121262.0,164054.0,26495747000.0,35845799000.0,KOSPI,0.92
006800,미래에셋증권,30850.0,742768.0,1071772.0,22914392800.0,33064166200.0,KOSPI,-0.96
003550,LG,110800.0,193317.0,224386.0,21419523600.0,24861968800.0,KOSPI,-0.54
024110,기업은행,20250.0,1049588.0,1396340.0,21254157000.0,28275885000.0,KOSPI,-2.17
267250,HD현대,203500.0,127200.0,150817.0,25885200000.0,30691259500.0,KOSPI,0.99
003670,포스코퓨처엠,179300.0,196534.0,300052.0,35238546200.0,53799323600.0,KOSPI,2.22
079550,LIG디펜스앤에어로스페이스,682000.0,40980.0,58569.0,27948360000.0,39944058000.0,KOSPI,0.59
035720,카카오,33600.0,861687.0,861687.0,28952683200.0,28952683200.0,KOSPI,-0.3
086280,현대글로비스,197900.0,137191.0,157588.0,27150098900.0,31186665200.0,KOSPI,0.2
272210,한화시스템,75200.0,685648.0,1085563.0,51560729600.0,81634337600.0,KOSPI,4.59
278470,에이피알,365000.0,181702.0,258783.0,66321230000.0,94455795000.0,KOSPI,0.69
011070,LG이노텍,564000.0,282214.0,461823.0,159168696000.0,260468172000.0,KOSPI,-3.59
030200,KT,52200.0,257699.0,326411.0,13451887800.0,17038654200.0,KOSPI,-1.32
000720,현대건설,118100.0,304201.0,536526.0,35926138100.0,63363720600.0,KOSPI,0.94
064350,현대로템,113200.0,552364.0,665533.0,62527604800.0,75338335600.0,KOSPI,0.8
047810,한국항공우주,126700.0,169462.0,211370.0,21470835400.0,26780579000.0,KOSPI,-0.55
005830,DB손해보험,185400.0,229877.0,240001.0,42619195800.0,44496185400.0,KOSPI,-3.24
133690,TIGER 미국나스닥100,181810.0,5679619.0,5679619.0,1032611530390.0,1032611530390.0,KOSPI,0.06
003490,대한항공,32000.0,2638922.0,2638922.0,84445504000.0,84445504000.0,KOSPI,1.91
443060,HD현대마린솔루션,237500.0,50916.0,56534.0,12092550000.0,13426825000.0,KOSPI,0.0
379800,KODEX 미국S&P500,23470.0,29918820.0,29918820.0,702194705400.0,702194705400.0,KOSPI,-0.17
488770,KODEX 머니마켓액티브,105670.0,512559.0,512559.0,54162109530.0,54162109530.0,KOSPI,0.0
047050,포스코인터내셔널,58300.0,598731.0,1229651.0,34906017300.0,71688653300.0,KOSPI,7.17
307950,현대오토에버,373000.0,24717.0,47545.0,9219441000.0,17734285000.0,KOSPI,0.81
396500,TIGER 반도체TOP10,38670.0,8162593.0,8162593.0,315647471310.0,315647471310.0,KOSPI,0.94
102110,TIGER 200,109900.0,12428553.0,12428553.0,1365897974700.0,1365897974700.0,KOSPI,-0.33
078930,GS,106600.0,326326.0,360675.0,34786351600.0,38447955000.0,KOSPI,-1.93
071050,한국금융지주,177100.0,228670.0,257723.0,40497457000.0,45642743300.0,KOSPI,-1.06
379810,KODEX 미국나스닥100,27180.0,27408056.0,27408056.0,744950962080.0,744950962080.0,KOSPI,0.04
006260,LS,310000.0,93842.0,139273.0,29091020000.0,43174630000.0,KOSPI,-1.74
005940,NH투자증권,26050.0,490085.0,553629.0,12766714250.0,14422035450.0,KOSPI,-0.76
323410,카카오뱅크,19950.0,936366.0,1178942.0,18680501700.0,23519892900.0,KOSPI,-1.48
000500,가온전선,316000.0,103296.0,320335.0,32641536000.0,101225860000.0,KOSPI,0.48
028050,삼성E&A,47900.0,1006847.0,1006847.0,48227971300.0,48227971300.0,KOSPI,1.59
003230,삼양식품,1211000.0,23593.0,32492.0,28571123000.0,39347812000.0,KOSPI,-1.14
259960,크래프톤,195500.0,113388.0,125286.0,22167354000.0,24493413000.0,KOSPI,-1.61
180640,한진칼,132100.0,77405.0,103288.0,10225200500.0,13644344800.0,KOSPI,-3.01
0126Z0,삼성에피스홀딩스,348500.0,46596.0,73193.0,16238706000.0,25507760500.0,KOSPI,2.65
007660,이수페타시스,115400.0,579656.0,908860.0,66892302400.0,104882444000.0,KOSPI,-2.2
090430,아모레퍼시픽,138600.0,274528.0,314459.0,38049580800.0,43584017400.0,KOSPI,-2.87
016360,삼성증권,88700.0,334824.0,403735.0,29698888800.0,35811294500.0,KOSPI,0.23
278530,KODEX 200TR,39700.0,509736.0,509736.0,20236519200.0,20236519200.0,KOSPI,-0.41
009830,한화솔루션,33100.0,6707850.0,6707850.0,222029835000.0,222029835000.0,KOSPI,1.85
161390,한국타이어앤테크놀로지,59200.0,362289.0,387495.0,21447508800.0,22939704000.0,KOSPI,-1.0
047040,대우건설,17730.0,6006801.0,6006801.0,106500581730.0,106500581730.0,KOSPI,2.07
021240,코웨이,99400.0,180763.0,186083.0,17967842200.0,18496650200.0,KOSPI,-2.07
459580,KODEX CD금리액티브(합성),1073300.0,862398.0,862398.0,925611773400.0,925611773400.0,KOSPI,0.01
352820,하이브,156900.0,124464.0,178705.0,19528401600.0,28038814500.0,KOSPI,-1.13
064400,LG씨엔에스,69000.0,322935.0,322935.0,22282515000.0,22282515000.0,KOSPI,-0.43
000880,한화,125100.0,98940.0,127849.0,12377394000.0,15993909900.0,KOSPI,-1.65
039490,키움증권,251500.0,56030.0,68724.0,14091545000.0,17284086000.0,KOSPI,-1.57
353200,대덕전자,132300.0,885776.0,885776.0,117188164800.0,117188164800.0,KOSPI,1.61
062040,산일전기,212000.0,247515.0,445526.0,52473180000.0,94451512000.0,KOSPI,2.91
128940,한미약품,498500.0,71699.0,112457.0,35741951500.0,56059814500.0,KOSPI,-1.68
032640,LG유플러스,14570.0,920590.0,1015868.0,13412996300.0,14801196760.0,KOSPI,-1.55
091160,KODEX 반도체,142700.0,1404283.0,1404283.0,200391184100.0,200391184100.0,KOSPI,1.09
381180,TIGER 미국필라델피아반도체나스닥,44310.0,1591095.0,1591095.0,70501419450.0,70501419450.0,KOSPI,0.68
005387,현대차2우B,176500.0,78859.0,78859.0,13918613500.0,13918613500.0,KOSPI,-0.45
000990,DB하이텍,137700.0,529292.0,925073.0,72883508400.0,127382552100.0,KOSPI,-1.5
498400,KODEX 200타겟위클리커버드콜,20415.0,4176499.0,4176499.0,85263227085.0,85263227085.0,KOSPI,-0.17
267270,HD건설기계,124100.0,152311.0,212398.0,18901795100.0,26358591800.0,KOSPI,-0.56
001440,대한전선,29850.0,2271756.0,2271756.0,67811916600.0,67811916600.0,KOSPI,1.19
326030,SK바이오팜,74600.0,76829.0,113218.0,5731443400.0,8446062800.0,KOSPI,-0.4
0167A0,SOL AI반도체TOP2플러스,18750.0,9407819.0,9407819.0,176396606250.0,176396606250.0,KOSPI,-0.03
122630,KODEX 레버리지,109470.0,13730591.0,13730591.0,1503087796770.0,1503087796770.0,KOSPI,-0.74
175330,JB금융지주,29050.0,688820.0,830553.0,20010221000.0,24127564650.0,KOSPI,-5.99
377300,카카오페이,39900.0,95104.0,161581.0,3794649600.0,6447081900.0,KOSPI,-0.5
000100,유한양행,72700.0,178802.0,217391.0,12998905400.0,15804325700.0,KOSPI,-0.41
241560,두산밥캣,54700.0,218888.0,261106.0,11973173600.0,14282498200.0,KOSPI,-0.91
029780,삼성카드,42400.0,101082.0,115487.0,4285876800.0,4896648800.0,KOSPI,-0.24
011790,SKC,98900.0,385872.0,793584.0,38162740800.0,78485457600.0,KOSPI,7.5
138930,BNK금융지주,15870.0,1348911.0,1508704.0,21407217570.0,23943132480.0,KOSPI,-3.47
229200,KODEX 코스닥150,14455.0,28820903.0,28820903.0,416606152865.0,416606152865.0,KOSPI,1.08
052690,한전기술,124300.0,186722.0,468539.0,23209544600.0,58239397700.0,KOSPI,2.64
088980,맥쿼리인프라,9810.0,547032.0,547032.0,5366383920.0,5366383920.0,KOSPI,-0.3
088350,한화생명,5380.0,5958938.0,5958938.0,32059086440.0,32059086440.0,KOSPI,-7.72
036570,NC,214000.0,86975.0,105005.0,18612650000.0,22471070000.0,KOSPI,1.42
066970,엘앤에프,112000.0,294069.0,468562.0,32935728000.0,52478944000.0,KOSPI,2.75
310970,TIGER MSCI Korea TR,49095.0,6558.0,6558.0,321965010.0,321965010.0,KOSPI,-0.71
148020,RISE 200,110440.0,1438846.0,1438846.0,158906152240.0,158906152240.0,KOSPI,-0.37
454910,두산로보틱스,68500.0,153568.0,153568.0,10519408000.0,10519408000.0,KOSPI,0.0
271560,오리온,107000.0,114488.0,135046.0,12250216000.0,14449922000.0,KOSPI,-4.04
458730,TIGER 미국배당다우존스,14155.0,1417658.0,1417658.0,20066948990.0,20066948990.0,KOSPI,-0.49
034220,LG디스플레이,8340.0,2368402.0,2368402.0,19752472680.0,19752472680.0,KOSPI,0.0
010060,OCI홀딩스,221500.0,231971.0,488656.0,51381576500.0,108237304000.0,KOSPI,2.31
0162Z0,RISE 삼성전자SK하이닉스채권혼합50,13755.0,3674860.0,3674860.0,50547699300.0,50547699300.0,KOSPI,-0.25
082740,한화엔진,49350.0,906248.0,1552419.0,44723338800.0,76611877650.0,KOSPI,6.02
395160,KODEX AI반도체TOP2플러스,42050.0,3142285.0,3142285.0,132133084250.0,132133084250.0,KOSPI,0.24
001450,현대해상,47900.0,516927.0,577508.0,24760803300.0,27662633200.0,KOSPI,-4.2
004020,현대제철,30400.0,497631.0,794393.0,15127982400.0,24149547200.0,KOSPI,1.33
051900,LG생활건강,270500.0,94435.0,114457.0,25544667500.0,30960618500.0,KOSPI,-3.39
002380,KCC,470500.0,22435.0,24334.0,10555667500.0,11449147000.0,KOSPI,-0.21
005385,현대차우,175800.0,47202.0,47202.0,8298111600.0,8298111600.0,KOSPI,-0.79
357870,TIGER CD금리투자KIS(합성),58130.0,197253.0,197253.0,11466316890.0,11466316890.0,KOSPI,0.0
360200,ACE 미국S&P500,26090.0,408799.0,408799.0,10665565910.0,10665565910.0,KOSPI,-0.15
103590,일진전기,82600.0,318849.0,662112.0,26336927400.0,54690451200.0,KOSPI,2.1
001040,CJ,134400.0,79874.0,89805.0,10735065600.0,12069792000.0,KOSPI,-1.75
381170,TIGER 미국테크TOP10 INDXX,31235.0,1149348.0,1149348.0,35899884780.0,35899884780.0,KOSPI,-0.48
411060,ACE KRX금현물,25570.0,503402.0,503402.0,12871989140.0,12871989140.0,KOSPI,0.91
395270,HANARO Fn K-반도체,60025.0,1429379.0,1429379.0,85798474475.0,85798474475.0,KOSPI,0.18
423160,KODEX KOFR금리액티브(합성),110675.0,54657.0,54657.0,6049163475.0,6049163475.0,KOSPI,0.0
008930,한미사이언스,53000.0,126865.0,168159.0,6723845000.0,8912427000.0,KOSPI,1.53
018880,한온시스템,3530.0,23424583.0,23424583.0,82688777990.0,82688777990.0,KOSPI,10.31
273130,KODEX 종합채권(AA-이상)액티브,110095.0,3772.0,3772.0,415278340.0,415278340.0,KOSPI,0.39
367380,ACE 미국나스닥100,31245.0,366836.0,366836.0,11461790820.0,11461790820.0,KOSPI,0.03
233740,KODEX 코스닥150레버리지,7295.0,52875102.0,52875102.0,385723869090.0,385723869090.0,KOSPI,2.31
161890,한국콜마,145600.0,271204.0,355675.0,39487302400.0,51786280000.0,KOSPI,-2.93
102780,KODEX 삼성그룹,26210.0,202298.0,202298.0,5302230580.0,5302230580.0,KOSPI,-0.36
036460,한국가스공사,34950.0,129236.0,189173.0,4516798200.0,6611596350.0,KOSPI,-1.55
0043B0,TIGER 머니마켓액티브,103810.0,76801.0,76801.0,7972711810.0,7972711810.0,KOSPI,0.01
004170,신세계,337000.0,42960.0,49498.0,14477520000.0,16680826000.0,KOSPI,-0.88
487240,KODEX AI전력핵심설비,36210.0,2208268.0,2208268.0,79961384280.0,79961384280.0,KOSPI,-0.23
012750,에스원,82100.0,48870.0,51383.0,4012227000.0,4218544300.0,KOSPI,-1.68
028670,팬오션,5750.0,1580437.0,1580437.0,9087512750.0,9087512750.0,KOSPI,0.88
111770,영원무역,69200.0,67831.0,76156.0,4693905200.0,5269995200.0,KOSPI,-2.67
035250,강원랜드,14300.0,275449.0,362244.0,3938920700.0,5180089200.0,KOSPI,-0.9
192820,코스맥스,269000.0,88996.0,122857.0,23939924000.0,33048533000.0,KOSPI,-3.06
022100,포스코DX,19950.0,192362.0,280476.0,3837621900.0,5595496200.0,KOSPI,0.45
375500,DL이앤씨,77800.0,272358.0,272358.0,21189452400.0,21189452400.0,KOSPI,-1.02
336260,두산퓨얼셀,45800.0,708739.0,1549888.0,32460246200.0,70984870400.0,KOSPI,4.57
455890,RISE 머니마켓액티브,55615.0,352144.0,352144.0,19584488560.0,19584488560.0,KOSPI,0.01
031210,서울보증보험,42450.0,46913.0,65446.0,1991456850.0,2778182700.0,KOSPI,-1.74
006360,GS건설,34100.0,756331.0,756331.0,25790887100.0,25790887100.0,KOSPI,0.29
011780,금호석유화학,115100.0,65054.0,75875.0,7487715400.0,8733212500.0,KOSPI,-0.95
139130,iM금융지주,18240.0,725764.0,772525.0,13237935360.0,14090856000.0,KOSPI,-3.29
023530,롯데쇼핑,101500.0,115104.0,131909.0,11683056000.0,13388763500.0,KOSPI,-0.49
017800,현대엘리베이터,73300.0,52894.0,68923.0,3877130200.0,5052055900.0,KOSPI,-0.54
251270,넷마블,34400.0,122339.0,134207.0,4208461600.0,4616720800.0,KOSPI,-0.43
007340,DN오토모티브,48700.0,143110.0,199030.0,6969457000.0,9692761000.0,KOSPI,-0.81
014680,한솔케미칼,262000.0,83617.0,98370.0,21907654000.0,25772940000.0,KOSPI,6.07
302440,SK바이오사이언스,36000.0,48212.0,62782.0,1735632000.0,2260152000.0,KOSPI,0.28
472150,TIGER 배당커버드콜액티브,20080.0,2513567.0,2513567.0,50472425360.0,50472425360.0,KOSPI,-0.74
139260,TIGER 200 IT,141630.0,283461.0,283461.0,40146581430.0,40146581430.0,KOSPI,-0.33
097950,CJ제일제당,178800.0,40443.0,46052.0,7231208400.0,8234097600.0,KOSPI,-0.28
004800,효성,157600.0,12016.0,13919.0,1893721600.0,2193634400.0,KOSPI,-0.76
383220,F&F,68500.0,33641.0,39807.0,2304408500.0,2726779500.0,KOSPI,-1.86
486290,TIGER 미국나스닥100타겟데일리커버드콜,10415.0,857400.0,857400.0,8929821000.0,8929821000.0,KOSPI,0.1
481050,KODEX CD1년금리플러스액티브(합성),1021510.0,37484.0,37484.0,38290280840.0,38290280840.0,KOSPI,0.01
426030,TIME 미국나스닥100액티브,47490.0,832652.0,832652.0,39542643480.0,39542643480.0,KOSPI,0.75
003690,코리안리,14650.0,319209.0,363169.0,4676411850.0,5320425850.0,KOSPI,-3.17
011170,롯데케미칼,60300.0,57375.0,78645.0,3459712500.0,4742293500.0,KOSPI,0.84
489790,한화비전,50700.0,206662.0,362617.0,10477763400.0,18384681900.0,KOSPI,3.36
085620,미래에셋생명,18860.0,52758.0,52758.0,995015880.0,995015880.0,KOSPI,-1.0
026960,동서,25450.0,46435.0,59525.0,1181770750.0,1514911250.0,KOSPI,-1.93
450080,에코프로머티,34950.0,324853.0,324853.0,11353612350.0,11353612350.0,KOSPI,1.75
004370,농심,404000.0,15446.0,18490.0,6240184000.0,7469960000.0,KOSPI,-1.58
278540,KODEX MSCI Korea TR,39110.0,35902.0,35902.0,1404127220.0,1404127220.0,KOSPI,-0.06
004990,롯데지주,24000.0,76535.0,87938.0,1836840000.0,2110512000.0,KOSPI,-0.21
449170,TIGER KOFR금리액티브(합성),112015.0,53407.0,53407.0,5982385105.0,5982385105.0,KOSPI,0.01
000240,한국앤컴퍼니,25050.0,54861.0,64010.0,1374268050.0,1603450500.0,KOSPI,0.2
161510,PLUS 고배당주,24515.0,999004.0,999004.0,24490583060.0,24490583060.0,KOSPI,-1.31
457190,이수스페셜티케미컬,78000.0,1183009.0,2701424.0,92274702000.0,210711072000.0,KOSPI,14.71
005440,현대지에프홀딩스,12800.0,415617.0,444447.0,5319897600.0,5688921600.0,KOSPI,0.79
483650,달바글로벌,186600.0,74311.0,107911.0,13866432600.0,20136192600.0,KOSPI,-1.22
009420,한올바이오파마,44150.0,231689.0,316844.0,10229069350.0,13988662600.0,KOSPI,2.08
005850,에스엘,49650.0,49963.0,65180.0,2480662950.0,3236187000.0,KOSPI,-0.1
001720,신영증권,139300.0,11064.0,12744.0,1541215200.0,1775239200.0,KOSPI,-1.35
282330,BGF리테일,130000.0,40620.0,46743.0,5280600000.0,6076590000.0,KOSPI,-1.96
018670,SK가스,241000.0,4597.0,5698.0,1107877000.0,1373218000.0,KOSPI,-0.21
020150,롯데에너지머티리얼즈,42100.0,164695.0,268466.0,6933659500.0,11302418600.0,KOSPI,-1.06
385540,RISE 종합채권(A-이상)액티브,103255.0,424.0,424.0,43780120.0,43780120.0,KOSPI,0.48
279570,케이뱅크,5400.0,432825.0,432825.0,2337255000.0,2337255000.0,KOSPI,-0.92
103140,풍산,77900.0,57018.0,79305.0,4441702200.0,6177859500.0,KOSPI,0.0
112610,씨에스윈드,51400.0,286123.0,286123.0,14706722200.0,14706722200.0,KOSPI,1.98
030000,제일기획,18780.0,1153853.0,1422728.0,21669359340.0,26718831840.0,KOSPI,5.03
0193T0,KODEX SK하이닉스단일종목레버리지,10810.0,17749231.0,17749231.0,191869187110.0,191869187110.0,KOSPI,1.36
204320,HL만도,45800.0,156159.0,156159.0,7152082200.0,7152082200.0,KOSPI,-0.22
009970,영원무역홀딩스,162400.0,10976.0,12681.0,1782502400.0,2059394400.0,KOSPI,-2.52
456600,TIME 글로벌AI인공지능액티브,58105.0,129139.0,129139.0,7503621595.0,7503621595.0,KOSPI,0.23
081660,미스토홀딩스,37700.0,117244.0,129037.0,4420098800.0,4864694900.0,KOSPI,-2.08
002790,아모레퍼시픽홀딩스,25900.0,127718.0,157187.0,3307896200.0,4071143300.0,KOSPI,-3.54
051600,한전KPS,44000.0,208582.0,266724.0,9177608000.0,11735856000.0,KOSPI,-2.55
139480,이마트,71700.0,90645.0,106287.0,6499246500.0,7620777900.0,KOSPI,-0.42
284430,KODEX 200미국채혼합50,20520.0,236882.0,236882.0,4860818640.0,4860818640.0,KOSPI,-0.05
214980,KODEX 단기채권PLUS,114480.0,63323.0,63323.0,7249217040.0,7249217040.0,KOSPI,0.0
069960,현대백화점,89400.0,84467.0,105545.0,7551349800.0,9435723000.0,KOSPI,-0.11
073240,금호타이어,6710.0,1083793.0,1671887.0,7272251030.0,11218361770.0,KOSPI,-1.9
229640,LS에코에너지,62400.0,182526.0,392797.0,11389622400.0,24510532800.0,KOSPI,0.48
292150,TIGER 코리아TOP10,38300.0,537712.0,537712.0,20594369600.0,20594369600.0,KOSPI,-0.45
007070,GS리테일,22500.0,124123.0,144018.0,2792767500.0,3240405000.0,KOSPI,-1.96
000155,두산우,465000.0,6541.0,6541.0,3041565000.0,3041565000.0,KOSPI,-0.85
305720,KODEX 2차전지산업,14370.0,2611708.0,2611708.0,37530243960.0,37530243960.0,KOSPI,0.67
089860,롯데렌탈,50200.0,78706.0,109758.0,3951041200.0,5509851600.0,KOSPI,0.9
462870,시프트업,30750.0,37972.0,45859.0,1167639000.0,1410164250.0,KOSPI,-1.44
007810,코리아써키트,74500.0,396774.0,1045818.0,29559663000.0,77913441000.0,KOSPI,0.54
294400,KIWOOM 200TR,144000.0,151861.0,151861.0,21867984000.0,21867984000.0,KOSPI,-0.36
181710,NHN,55100.0,151961.0,191342.0,8373051100.0,10542944200.0,KOSPI,0.36
442580,PLUS 글로벌HBM반도체,106140.0,293806.0,293806.0,31184568840.0,31184568840.0,KOSPI,0.95
281820,케이씨텍,88500.0,143828.0,269253.0,12728778000.0,23828890500.0,KOSPI,0.45
020560,아시아나항공,8490.0,155430.0,197496.0,1319600700.0,1676741040.0,KOSPI,1.92
439260,대한조선,45700.0,18307.0,36956.0,836629900.0,1688889200.0,KOSPI,1.56
475150,SK이터닉스,49800.0,528822.0,528822.0,26335335600.0,26335335600.0,KOSPI,-0.2
441640,KODEX 미국배당커버드콜액티브,12190.0,652493.0,652493.0,7953889670.0,7953889670.0,KOSPI,-0.08
001120,LX인터내셔널,43400.0,169750.0,243344.0,7367150000.0,10561129600.0,KOSPI,7.43
071970,HD현대마린엔진,48700.0,215663.0,344863.0,10502788100.0,16794828100.0,KOSPI,3.18
120110,코오롱인더,55000.0,70903.0,107983.0,3899665000.0,5939065000.0,KOSPI,0.55
105190,ACE 200,110010.0,278920.0,278920.0,30683989200.0,30683989200.0,KOSPI,-0.16
023590,다우기술,37750.0,34422.0,43463.0,1299430500.0,1640728250.0,KOSPI,-1.05
001430,세아베스틸지주,45200.0,107223.0,144637.0,4846479600.0,6537592400.0,KOSPI,-0.22
446770,ACE 글로벌반도체TOP4 Plus,80660.0,82703.0,82703.0,6670823980.0,6670823980.0,KOSPI,0.88
368590,RISE 미국나스닥100,30285.0,320145.0,320145.0,9695591325.0,9695591325.0,KOSPI,0.08
093370,후성,15070.0,9664465.0,9664465.0,145643487550.0,145643487550.0,KOSPI,6.73
000120,CJ대한통운,70300.0,21870.0,28063.0,1537461000.0,1972828900.0,KOSPI,-0.42
395400,SK리츠,5230.0,159911.0,159911.0,836334530.0,836334530.0,KOSPI,0.0
329200,TIGER 리츠부동산인프라,4035.0,1502795.0,1502795.0,6063777825.0,6063777825.0,KOSPI,-0.12
001820,삼화콘덴서,150800.0,907879.0,907879.0,136908153200.0,136908153200.0,KOSPI,-4.25
006040,동원산업,35450.0,17433.0,22919.0,617999850.0,812478550.0,KOSPI,-0.42
008770,호텔신라,39500.0,295305.0,402666.0,11664547500.0,15905307000.0,KOSPI,-1.74
610063,메리츠 KIS CD금리투자 ETN,55880.0,55.0,55.0,3073400.0,3073400.0,KOSPI,0.01
0177N0,KODEX 삼성전자SK하이닉스채권혼합50,14450.0,2971047.0,2971047.0,42931629150.0,42931629150.0,KOSPI,-0.31
0193W0,KODEX 삼성전자단일종목레버리지,12830.0,6830565.0,6830565.0,87636148950.0,87636148950.0,KOSPI,-2.28
009155,삼성전기우,526000.0,9870.0,9870.0,5191620000.0,5191620000.0,KOSPI,-0.75
294870,IPARK현대산업개발,23150.0,128050.0,141819.0,2964357500.0,3283109850.0,KOSPI,0.0
012630,HDC,25400.0,42363.0,50449.0,1076020200.0,1281404600.0,KOSPI,0.4
477080,RISE CD금리액티브(합성),107725.0,6804.0,6804.0,732960900.0,732960900.0,KOSPI,0.01
152100,PLUS 200,111410.0,316559.0,316559.0,35267838190.0,35267838190.0,KOSPI,-0.26
487230,KODEX 미국AI전력핵심인프라,19730.0,366517.0,366517.0,7231380410.0,7231380410.0,KOSPI,3.03
379780,RISE 미국S&P500,22505.0,139127.0,139127.0,3131053135.0,3131053135.0,KOSPI,-0.18
091230,TIGER 반도체,150995.0,146802.0,146802.0,22166367990.0,22166367990.0,KOSPI,1.27
005070,코스모신소재,43500.0,131342.0,232542.0,5713377000.0,10115577000.0,KOSPI,1.05
232080,TIGER 코스닥150,14745.0,9876079.0,9876079.0,145622784855.0,145622784855.0,KOSPI,1.24
322000,HD현대에너지솔루션,128700.0,340593.0,340593.0,43834319100.0,43834319100.0,KOSPI,6.1
006280,녹십자,123100.0,21185.0,26444.0,2607873500.0,3255256400.0,KOSPI,-0.08
011210,현대위아,52500.0,52882.0,68154.0,2776305000.0,3578085000.0,KOSPI,-1.13
453850,ACE 미국30년국채액티브(H),6845.0,844330.0,844330.0,5779438850.0,5779438850.0,KOSPI,-0.22
0195S0,TIGER SK하이닉스단일종목레버리지,9200.0,7914398.0,7914398.0,72812461600.0,72812461600.0,KOSPI,1.6
226490,KODEX 코스피,70890.0,139262.0,139262.0,9872283180.0,9872283180.0,KOSPI,0.11
361610,SK아이이테크놀로지,17290.0,156890.0,255454.0,2712628100.0,4416799660.0,KOSPI,2.73
001800,오리온홀딩스,23400.0,130081.0,177082.0,3043895400.0,4143718800.0,KOSPI,-3.51
466920,SOL 조선TOP3플러스,26260.0,1255769.0,1255769.0,32976493940.0,32976493940.0,KOSPI,0.94
390390,KODEX 미국반도체,55685.0,495679.0,495679.0,27601885115.0,27601885115.0,KOSPI,0.78
097230,HJ중공업,14710.0,206062.0,206062.0,3031172020.0,3031172020.0,KOSPI,1.1
475630,TIGER CD1년금리액티브(합성),1078690.0,28564.0,28564.0,30811701160.0,30811701160.0,KOSPI,0.01
00680K,미래에셋증권2우B,10280.0,233918.0,233918.0,2404677040.0,2404677040.0,KOSPI,0.49
448330,KODEX 삼성전자채권혼합,17580.0,426928.0,426928.0,7505394240.0,7505394240.0,KOSPI,-0.23
700026,하나 CD금리투자 ETN,107905.0,1.0,1.0,107905.0,107905.0,KOSPI,0.01
157450,TIGER 단기통안채,112715.0,11877.0,11877.0,1338716055.0,1338716055.0,KOSPI,0.01
436140,SOL 종합채권(AA-이상)액티브,106475.0,45.0,45.0,4791375.0,4791375.0,KOSPI,0.43
066575,LG전자우,73600.0,42931.0,42931.0,3159721600.0,3159721600.0,KOSPI,0.41
007310,오뚜기,315500.0,2251.0,3068.0,710190500.0,967954000.0,KOSPI,0.0
469150,ACE AI반도체TOP3+,63845.0,278306.0,278306.0,17768446570.0,17768446570.0,KOSPI,0.72
001740,SK네트웍스,6200.0,776240.0,776240.0,4812688000.0,4812688000.0,KOSPI,0.0
069620,대웅제약,106800.0,12634.0,14765.0,1349311200.0,1576902000.0,KOSPI,-0.47
438080,ACE 미국S&P500미국채혼합50액티브,13785.0,240719.0,240719.0,3318311415.0,3318311415.0,KOSPI,-0.18
415640,KB발해인프라,10060.0,98142.0,98142.0,987308520.0,987308520.0,KOSPI,-0.69
192080,더블유게임즈,57800.0,49438.0,51546.0,2857516400.0,2979358800.0,KOSPI,-1.87
455850,SOL AI반도체소부장,28935.0,3479515.0,3479515.0,100679766525.0,100679766525.0,KOSPI,1.83
494310,KODEX 반도체레버리지,95620.0,3212891.0,3212891.0,307216637420.0,307216637420.0,KOSPI,1.72
003540,대신증권,25350.0,66347.0,88262.0,1681896450.0,2237441700.0,KOSPI,-1.36
298020,효성티앤씨,278500.0,21070.0,28928.0,5867995000.0,8056448000.0,KOSPI,-2.96
000815,삼성화재우,399000.0,10821.0,10821.0,4317579000.0,4317579000.0,KOSPI,-0.99
356540,ACE 종합채권(AA-이상)액티브,101390.0,13364.0,13364.0,1354975960.0,1354975960.0,KOSPI,0.29
300720,한일시멘트,16130.0,57433.0,73314.0,926394290.0,1182554820.0,KOSPI,-0.68
330590,롯데리츠,4100.0,105973.0,105973.0,434489300.0,434489300.0,KOSPI,-1.32
530031,삼성 레버리지 WTI원유 선물 ETN,2915.0,571569.0,571569.0,1666123635.0,1666123635.0,KOSPI,-9.05
0072R0,TIGER KRX금현물,12215.0,581726.0,581726.0,7105783090.0,7105783090.0,KOSPI,0.78
487340,ACE 머니마켓액티브,106145.0,8754.0,8754.0,929193330.0,929193330.0,KOSPI,0.01
006120,SK디스커버리,65300.0,36377.0,49801.0,2375418100.0,3252005300.0,KOSPI,2.19
030610,교보증권,9900.0,19221.0,30935.0,190287900.0,306256500.0,KOSPI,-0.6
280360,롯데웰푸드,122000.0,14879.0,17642.0,1815238000.0,2152324000.0,KOSPI,-2.56
004000,롯데정밀화학,43400.0,31424.0,37308.0,1363801600.0,1619167200.0,KOSPI,0.12
497570,TIGER 미국필라델피아AI반도체나스닥,22455.0,462036.0,462036.0,10375018380.0,10375018380.0,KOSPI,1.1
0183J0,TIGER 미국우주테크,7455.0,871950.0,871950.0,6500387250.0,6500387250.0,KOSPI,-1.58
0139F0,TIGER 12월자동연장금융채(AA-이상)액티브,102325.0,101.0,101.0,10334825.0,10334825.0,KOSPI,0.01
469830,SOL 초단기채권액티브,54515.0,153041.0,153041.0,8343030115.0,8343030115.0,KOSPI,0.0
465580,ACE 미국빅테크TOP7 Plus,24160.0,848681.0,848681.0,20504132960.0,20504132960.0,KOSPI,-0.14
195870,해성디에스,62200.0,135331.0,270044.0,8417588200.0,16796736800.0,KOSPI,-1.27
494890,KODEX 200액티브,31580.0,127158.0,127158.0,4015649640.0,4015649640.0,KOSPI,-0.41
445290,KODEX 로봇액티브,30350.0,233323.0,233323.0,7081353050.0,7081353050.0,KOSPI,-0.44
003160,디아이,37150.0,325130.0,613248.0,12078579500.0,22782163200.0,KOSPI,1.23
451540,TIGER 종합채권(AA-이상)액티브,52940.0,1098.0,1098.0,58128120.0,58128120.0,KOSPI,0.38
494300,KODEX 미국나스닥100데일리커버드콜OTM,8770.0,757772.0,757772.0,6645660440.0,6645660440.0,KOSPI,-0.06
000080,하이트진로,14840.0,125210.0,180752.0,1858116400.0,2682359680.0,KOSPI,-1.79
000210,DL,49650.0,50793.0,59947.0,2521872450.0,2976368550.0,KOSPI,-1.29
017960,한국카본,20100.0,164254.0,279007.0,3301505400.0,5608040700.0,KOSPI,1.21
003570,SNT다이내믹스,31000.0,187656.0,274278.0,5817336000.0,8502618000.0,KOSPI,0.0
449180,KODEX 미국S&P500(H),17165.0,262870.0,262870.0,4512163550.0,4512163550.0,KOSPI,0.09
006340,대원전선,12980.0,1413352.0,1413352.0,18345308960.0,18345308960.0,KOSPI,-0.15
295040,SOL 200TR,41115.0,130630.0,130630.0,5370852450.0,5370852450.0,KOSPI,-0.34
003240,태광산업,911000.0,1395.0,1675.0,1270845000.0,1525925000.0,KOSPI,0.77
479520,RISE KOFR금리액티브(합성),106625.0,4010.0,4010.0,427566250.0,427566250.0,KOSPI,0.01
0117V0,TIGER 코리아AI전력기기TOP3플러스,18945.0,751379.0,751379.0,14234875155.0,14234875155.0,KOSPI,-0.34
446720,SOL 미국배당다우존스,12980.0,199546.0,199546.0,2590107080.0,2590107080.0,KOSPI,-0.46
003530,한화투자증권,4630.0,2401255.0,2401255.0,11117810650.0,11117810650.0,KOSPI,1.76
192400,쿠쿠홀딩스,26900.0,11352.0,13839.0,305368800.0,372269100.0,KOSPI,-2.0
449450,PLUS K방산,49565.0,273945.0,273945.0,13578083925.0,13578083925.0,KOSPI,-0.06
451800,한화리츠,5320.0,62853.0,62853.0,334377960.0,334377960.0,KOSPI,-0.37
495050,RISE 코리아밸류업,32130.0,36071.0,36071.0,1158961230.0,1158961230.0,KOSPI,-0.68
315930,KODEX Top5PlusTR,78705.0,6824.0,6824.0,537082920.0,537082920.0,KOSPI,-1.21
438100,ACE 미국나스닥100미국채혼합50액티브,15110.0,151155.0,151155.0,2283952050.0,2283952050.0,KOSPI,-0.17
479080,1Q 머니마켓액티브,53905.0,127193.0,127193.0,6856338665.0,6856338665.0,KOSPI,0.01
030190,NICE평가정보,16000.0,91531.0,93682.0,1464496000.0,1498912000.0,KOSPI,-2.2
402970,ACE 미국배당다우존스,14425.0,134143.0,134143.0,1935012775.0,1935012775.0,KOSPI,-0.38
237350,KODEX 코스피100,87320.0,184320.0,184320.0,16094822400.0,16094822400.0,KOSPI,-0.32
032350,롯데관광개발,11550.0,233987.0,268884.0,2702549850.0,3105610200.0,KOSPI,-0.43
006110,삼아알미늄,60800.0,129487.0,250567.0,7872809600.0,15234473600.0,KOSPI,4.65
071320,지역난방공사,79300.0,17926.0,26406.0,1421531800.0,2093995800.0,KOSPI,0.0
0219E0,KODEX 200커버드콜액티브,8270.0,3455226.0,3455226.0,28574719020.0,28574719020.0,KOSPI,-0.3
0048J0,KODEX 미국머니마켓액티브,13470.0,372777.0,372777.0,5021306190.0,5021306190.0,KOSPI,-0.22
0195R0,TIGER 삼성전자단일종목레버리지,11645.0,4110698.0,4110698.0,47869078210.0,47869078210.0,KOSPI,-2.47
305540,TIGER 2차전지테마,18400.0,183173.0,183173.0,3370383200.0,3370383200.0,KOSPI,1.69
009240,한샘,38850.0,28339.0,33558.0,1100970150.0,1303728300.0,KOSPI,-3.24
077970,STX엔진,22200.0,100648.0,188434.0,2234385600.0,4183234800.0,KOSPI,3.98
009450,경동나비엔,61100.0,23425.0,33553.0,1431267500.0,2050088300.0,KOSPI,0.0
185750,종근당,64300.0,20162.0,24049.0,1296416600.0,1546350700.0,KOSPI,-0.16
285130,SK케미칼,51100.0,24865.0,28800.0,1270601500.0,1471680000.0,KOSPI,-0.78
005300,롯데칠성,95100.0,13530.0,14365.0,1286703000.0,1366111500.0,KOSPI,-0.11
003090,대웅,15170.0,99327.0,121970.0,1506790590.0,1850284900.0,KOSPI,-3.01
0117L0,KODEX 26-12 금융채(AA-이상)액티브,10185.0,24968.0,24968.0,254299080.0,254299080.0,KOSPI,0.05
051915,LG화학우,113200.0,8712.0,8712.0,986198400.0,986198400.0,KOSPI,0.35
034230,파라다이스,9390.0,327489.0,445837.0,3075121710.0,4186409430.0,KOSPI,-0.84
475720,RISE 200위클리커버드콜,12490.0,348892.0,348892.0,4357661080.0,4357661080.0,KOSPI,0.0
000370,한화손해보험,7360.0,753577.0,753577.0,5546326720.0,5546326720.0,KOSPI,-6.6
498410,KODEX 금융고배당TOP10타겟위클리커버드콜,11375.0,3162771.0,3162771.0,35976520125.0,35976520125.0,KOSPI,-2.82
079160,CJ CGV,5080.0,229902.0,229902.0,1167902160.0,1167902160.0,KOSPI,-1.17
466940,TIGER 은행고배당플러스TOP10,26150.0,840820.0,840820.0,21987443000.0,21987443000.0,KOSPI,-3.52
0177R0,TIGER 반도체TOP10커버드콜액티브,11825.0,1031103.0,1031103.0,12192792975.0,12192792975.0,KOSPI,0.47
003470,유안타증권,4350.0,173022.0,173022.0,752645700.0,752645700.0,KOSPI,-0.34
071055,한국금융지주우,142500.0,4977.0,4977.0,709222500.0,709222500.0,KOSPI,-0.28
004490,세방전지,59700.0,23505.0,40801.0,1403248500.0,2435819700.0,KOSPI,0.0
069660,KIWOOM 200,109585.0,151174.0,151174.0,16566402790.0,16566402790.0,KOSPI,-0.34
490590,RISE 미국AI밸류체인데일리고정커버드콜,14250.0,483001.0,483001.0,6882764250.0,6882764250.0,KOSPI,0.92
252670,KODEX 200선물인버스2X,72.0,6792114954.0,6792114954.0,489032276688.0,489032276688.0,KOSPI,0.0
441800,TIME Korea플러스배당액티브,28350.0,154205.0,154205.0,4371711750.0,4371711750.0,KOSPI,-1.32
272580,TIGER 단기채권액티브,57205.0,9594.0,9594.0,548824770.0,548824770.0,KOSPI,0.01
700028,하나 레버리지 반도체 ETN,224265.0,1860.0,1860.0,417132900.0,417132900.0,KOSPI,1.77
100840,SNT에너지,37650.0,127426.0,365896.0,4797588900.0,13775984400.0,KOSPI,3.72
0025N0,TIGER TDF2045 적격,11795.0,142874.0,142874.0,1685198830.0,1685198830.0,KOSPI,-0.25
153130,KODEX 단기채권,113215.0,9149.0,9149.0,1035804035.0,1035804035.0,KOSPI,0.02
114800,KODEX 인버스,998.0,558323743.0,558323743.0,557207095514.0,557207095514.0,KOSPI,0.5
499790,GS피앤엘,38650.0,31081.0,45673.0,1201280650.0,1765261450.0,KOSPI,-1.78
365550,ESR켄달스퀘어리츠,3100.0,214458.0,214458.0,664819800.0,664819800.0,KOSPI,-0.8
000670,영풍,41200.0,31472.0,48814.0,1296646400.0,2011136800.0,KOSPI,-2.14
036530,SNT홀딩스,46500.0,7566.0,9944.0,351819000.0,462396000.0,KOSPI,0.32
005180,빙그레,85700.0,57430.0,64745.0,4921751000.0,5548646500.0,KOSPI,-1.27
476550,TIGER 미국30년국채커버드콜액티브(H),6445.0,580681.0,580681.0,3742489045.0,3742489045.0,KOSPI,-0.23
462330,KODEX 2차전지산업레버리지,983.0,68026985.0,68026985.0,66870526255.0,66870526255.0,KOSPI,1.87
137310,에스디바이오센서,6130.0,81612.0,105459.0,500281560.0,646463670.0,KOSPI,0.49
456610,TIGER 미국달러SOFR금리액티브(합성),58940.0,15817.0,15817.0,932253980.0,932253980.0,KOSPI,-0.26
100090,SK오션플랜트,11820.0,295929.0,295929.0,3497880780.0,3497880780.0,KOSPI,2.43
418660,TIGER 미국나스닥100레버리지(합성),40525.0,110198.0,110198.0,4465773950.0,4465773950.0,KOSPI,0.04
094800,맵스리얼티,7870.0,33888.0,33888.0,266698560.0,266698560.0,KOSPI,-1.62
214320,이노션,18240.0,47821.0,57065.0,872255040.0,1040865600.0,KOSPI,0.39
457480,ACE 테슬라밸류체인액티브,17665.0,154851.0,154851.0,2735442915.0,2735442915.0,KOSPI,-0.45
005690,파미셀,12080.0,446790.0,446790.0,5397223200.0,5397223200.0,KOSPI,0.0
298050,HS효성첨단소재,161400.0,5932.0,7571.0,957424800.0,1221959400.0,KOSPI,0.5
144600,KODEX 은선물(H),9890.0,321695.0,321695.0,3181563550.0,3181563550.0,KOSPI,0.3
481060,KODEX 미국30년국채타겟커버드콜(합성 H),7080.0,450145.0,450145.0,3187026600.0,3187026600.0,KOSPI,-0.14
495850,KODEX 코리아밸류업,31710.0,44795.0,44795.0,1420449450.0,1420449450.0,KOSPI,-1.29
003850,보령,8330.0,30584.0,41472.0,254764720.0,345461760.0,KOSPI,0.73
329750,TIGER 미국달러단기채권액티브,12805.0,116343.0,116343.0,1489772115.0,1489772115.0,KOSPI,-0.23
367760,RISE 네트워크인프라,61195.0,177358.0,177358.0,10853422810.0,10853422810.0,KOSPI,-0.4
064960,SNT모티브,26450.0,57646.0,81960.0,1524736700.0,2167842000.0,KOSPI,-1.49
580058,KB KIS CD금리투자 ETN,53950.0,6.0,6.0,323700.0,323700.0,KOSPI,0.01
005090,SGC에너지,48400.0,39570.0,63728.0,1915188000.0,3084435200.0,KOSPI,1.26
0127P0,ACE 미국대형성장주액티브,10485.0,170981.0,170981.0,1792735785.0,1792735785.0,KOSPI,0.0
090460,비에이치,20450.0,466435.0,1061332.0,9538595750.0,21704239400.0,KOSPI,-0.24
290130,RISE ESG사회책임투자,48115.0,75692.0,75692.0,3641920580.0,3641920580.0,KOSPI,0.11
456040,OCI,75600.0,15834.0,26229.0,1197050400.0,1982912400.0,KOSPI,1.48
364980,TIGER 2차전지TOP10,9965.0,2784915.0,2784915.0,27751677975.0,27751677975.0,KOSPI,0.86
0101N0,RISE AI전력인프라,21480.0,248185.0,248185.0,5331013800.0,5331013800.0,KOSPI,1.51
002960,한국쉘석유,519000.0,693.0,968.0,359667000.0,502392000.0,KOSPI,-1.14
293940,신한알파리츠,5570.0,80726.0,80726.0,449643820.0,449643820.0,KOSPI,-0.36
093050,LF,22900.0,23043.0,39216.0,527684700.0,898046400.0,KOSPI,5.05
314250,KODEX 미국빅테크10(H),64135.0,17415.0,17415.0,1116911025.0,1116911025.0,KOSPI,0.49
005880,대한해운,2065.0,812327.0,812327.0,1677455255.0,1677455255.0,KOSPI,1.47
482730,TIGER 미국S&P500타겟데일리커버드콜,11455.0,305278.0,305278.0,3496959490.0,3496959490.0,KOSPI,-0.22
434730,HANARO 원자력iSelect,57115.0,184183.0,184183.0,10519612045.0,10519612045.0,KOSPI,0.4
458760,TIGER 미국배당다우존스타겟커버드콜2호,10325.0,160307.0,160307.0,1655169775.0,1655169775.0,KOSPI,-0.58
0167B0,SOL 200타겟위클리커버드콜,11700.0,401990.0,401990.0,4703283000.0,4703283000.0,KOSPI,-0.17
488080,TIGER 반도체TOP10레버리지,38190.0,5024219.0,5024219.0,191874923610.0,191874923610.0,KOSPI,1.29
0007F0,KODEX 27-12 회사채(AA-이상)액티브,10185.0,12922.0,12922.0,131610570.0,131610570.0,KOSPI,0.05
371460,TIGER 차이나전기차SOLACTIVE,9075.0,85837.0,85837.0,778970775.0,778970775.0,KOSPI,0.61
069260,TKG휴켐스,15750.0,89076.0,139997.0,1402947000.0,2204952750.0,KOSPI,-3.61
268280,미원에스씨,128600.0,636.0,773.0,81789600.0,99407800.0,KOSPI,-3.02
102970,KODEX 증권,17240.0,296012.0,296012.0,5103246880.0,5103246880.0,KOSPI,-0.72
248070,솔루엠,13400.0,197451.0,285677.0,2645843400.0,3828071800.0,KOSPI,2.76
000400,롯데손해보험,2060.0,294537.0,294537.0,606746220.0,606746220.0,KOSPI,0.24
0148J0,TIGER 코리아휴머노이드로봇산업,9365.0,1597694.0,1597694.0,14962404310.0,14962404310.0,KOSPI,-0.21
017940,E1,92000.0,6903.0,7696.0,635076000.0,708032000.0,KOSPI,-0.22
434060,KODEX TDF2050액티브 적격,16670.0,53605.0,53605.0,893595350.0,893595350.0,KOSPI,0.15
491010,TIGER 글로벌AI전력인프라액티브,24865.0,52542.0,52542.0,1306456830.0,1306456830.0,KOSPI,2.2
0061Z0,RISE 단기특수은행채액티브,51105.0,5024.0,5024.0,256751520.0,256751520.0,KOSPI,0.01
453340,현대그린푸드,19280.0,49401.0,60276.0,952451280.0,1162121280.0,KOSPI,2.17
000640,동아쏘시오홀딩스,92700.0,8880.0,10903.0,823176000.0,1010708100.0,KOSPI,-1.9
0015B0,KoAct 미국나스닥성장기업액티브,19320.0,515433.0,515433.0,9958165560.0,9958165560.0,KOSPI,0.76
001680,대상,17980.0,48867.0,56013.0,878628660.0,1007113740.0,KOSPI,-0.55
383800,LX홀딩스,8100.0,43128.0,65705.0,349336800.0,532210500.0,KOSPI,-0.37
001060,JW중외제약,26450.0,25345.0,44052.0,670375250.0,1165175400.0,KOSPI,-0.19
423920,TIGER 미국필라델피아반도체레버리지(합성),88715.0,205941.0,205941.0,18270055815.0,18270055815.0,KOSPI,1.24
317450,명인제약,42100.0,5796.0,8075.0,244011600.0,339957500.0,KOSPI,-0.12
0091P0,TIGER 코리아원자력,17030.0,1232528.0,1232528.0,20989951840.0,20989951840.0,KOSPI,1.37
014820,동원시스템즈,20950.0,18124.0,21283.0,379697800.0,445878850.0,KOSPI,0.24
002840,미원상사,134700.0,2829.0,2970.0,381066300.0,400059000.0,KOSPI,-1.68
108320,LX세미콘,36800.0,126825.0,203851.0,4667160000.0,7501716800.0,KOSPI,0.14
138540,TIGER 현대차그룹플러스,45730.0,83690.0,83690.0,3827143700.0,3827143700.0,KOSPI,-0.69
251600,PLUS 고배당주채권혼합,15225.0,142951.0,142951.0,2176428975.0,2176428975.0,KOSPI,-0.29
491620,RISE 미국테크100데일리고정커버드콜,10330.0,294694.0,294694.0,3044189020.0,3044189020.0,KOSPI,-0.19
004710,한솔테크닉스,11070.0,842728.0,842728.0,9328998960.0,9328998960.0,KOSPI,-1.42
489250,KODEX 미국배당다우존스,12210.0,280645.0,280645.0,3426675450.0,3426675450.0,KOSPI,-0.53
466950,TIGER 글로벌AI액티브,31075.0,32572.0,32572.0,1012174900.0,1012174900.0,KOSPI,0.4
079900,전진건설로봇,40000.0,35082.0,75726.0,1403280000.0,3029040000.0,KOSPI,-1.72
0019K0,TIME 미국나스닥100채권혼합50액티브,13415.0,293462.0,293462.0,3936792730.0,3936792730.0,KOSPI,0.45
006650,대한유화,89200.0,24226.0,35778.0,2160959200.0,3191397600.0,KOSPI,0.79
00088K,한화3우B,39500.0,22812.0,22812.0,901074000.0,901074000.0,KOSPI,0.89
484790,KODEX 미국30년국채액티브(H),7870.0,772607.0,772607.0,6080417090.0,6080417090.0,KOSPI,0.0
033240,자화전자,26350.0,39946.0,64394.0,1052577100.0,1696781900.0,KOSPI,-1.13
451000,PLUS 종합채권(AA-이상)액티브,107505.0,100.0,100.0,10750500.0,10750500.0,KOSPI,0.44
277630,TIGER 코스피,71950.0,42709.0,42709.0,3072912550.0,3072912550.0,KOSPI,-0.03
449190,KODEX 미국나스닥100(H),22820.0,158875.0,158875.0,3625527500.0,3625527500.0,KOSPI,0.26
178920,PI첨단소재,19230.0,54460.0,77134.0,1047265800.0,1483286820.0,KOSPI,3.55
452260,한화갤러리아,2900.0,1566637.0,1566637.0,4543247300.0,4543247300.0,KOSPI,1.58
016380,KG스틸,5610.0,130912.0,130912.0,734416320.0,734416320.0,KOSPI,0.0
336370,솔루스첨단소재,7950.0,104733.0,155642.0,832627350.0,1237353900.0,KOSPI,3.65
025540,한국단자,55100.0,21884.0,27762.0,1205808400.0,1529686200.0,KOSPI,-1.25
075580,세진중공업,9770.0,96498.0,155621.0,942785460.0,1520417170.0,KOSPI,1.77
017900,광전자,9560.0,1103704.0,1103704.0,10551410240.0,10551410240.0,KOSPI,1.16
00104K,CJ4우(전환),130900.0,2445.0,2445.0,320050500.0,320050500.0,KOSPI,-2.17
477050,PLUS 머니마켓액티브,53630.0,8711.0,8711.0,467170930.0,467170930.0,KOSPI,0.02
002350,넥센타이어,5640.0,125967.0,125967.0,710453880.0,710453880.0,KOSPI,0.0
003300,한일홀딩스,17770.0,14484.0,16821.0,257380680.0,298909170.0,KOSPI,0.91
114090,GKL,8810.0,112757.0,154877.0,993389170.0,1364466370.0,KOSPI,-1.78
284740,쿠쿠홈시스,23900.0,6122.0,8043.0,146315800.0,192227700.0,KOSPI,0.42
455030,KODEX 미국달러SOFR금리액티브(합성),11585.0,82863.0,82863.0,959967855.0,959967855.0,KOSPI,-0.47
009410,태영건설,1671.0,1633698.0,1633698.0,2729909358.0,2729909358.0,KOSPI,4.44
494670,TIGER 조선TOP10,20890.0,375638.0,375638.0,7847077820.0,7847077820.0,KOSPI,1.36
001270,부국증권,51000.0,1879.0,2595.0,95829000.0,132345000.0,KOSPI,0.99
005810,풍산홀딩스,36650.0,7024.0,9781.0,257429600.0,358473650.0,KOSPI,0.0
365780,ACE 국고채10년,82360.0,3271.0,3271.0,269399560.0,269399560.0,KOSPI,0.48
0105E0,SOL 코리아고배당,12670.0,206762.0,206762.0,2619674540.0,2619674540.0,KOSPI,-1.17
001530,DI동일,25350.0,10725.0,18198.0,271878750.0,461319300.0,KOSPI,-0.39
001510,SK증권,2270.0,1248526.0,1248526.0,2834154020.0,2834154020.0,KOSPI,0.22
007700,F&F홀딩스,13400.0,1789.0,3052.0,23972600.0,40896800.0,KOSPI,-0.3
058650,세아홀딩스,129000.0,611.0,611.0,78819000.0,78819000.0,KOSPI,2.22
192650,드림텍,7930.0,663343.0,663343.0,5260309990.0,5260309990.0,KOSPI,-3.88
462010,TIGER 2차전지소재Fn,4725.0,1957911.0,1957911.0,9251129475.0,9251129475.0,KOSPI,1.83
496020,WON 전단채플러스액티브,52610.0,2135.0,2135.0,112322350.0,112322350.0,KOSPI,0.02
435420,TIGER 미국나스닥100채권혼합50,14080.0,169363.0,169363.0,2384631040.0,2384631040.0,KOSPI,0.21
371160,TIGER 차이나항셍테크,6270.0,233805.0,233805.0,1465957350.0,1465957350.0,KOSPI,-0.63
315960,RISE 대형고배당10TR,77150.0,82710.0,82710.0,6381076500.0,6381076500.0,KOSPI,-1.36
003620,KG모빌리티,2495.0,214683.0,214683.0,535634085.0,535634085.0,KOSPI,0.4
0163Y0,KoAct 코스닥액티브,10250.0,402531.0,402531.0,4125942750.0,4125942750.0,KOSPI,1.59
396520,TIGER 차이나반도체FACTSET,12210.0,262883.0,262883.0,3209801430.0,3209801430.0,KOSPI,-2.98
496080,TIGER 코리아밸류업,31895.0,64476.0,64476.0,2056462020.0,2056462020.0,KOSPI,-1.01
361580,RISE 200TR,62335.0,184453.0,184453.0,11497877755.0,11497877755.0,KOSPI,-0.34
438330,TIGER 우량회사채액티브,115505.0,10440.0,10440.0,1205872200.0,1205872200.0,KOSPI,0.15
471990,KODEX AI반도체핵심장비,28550.0,1678791.0,1678791.0,47929483050.0,47929483050.0,KOSPI,1.57
114260,KODEX 국고채3년,61735.0,12919.0,12919.0,797554465.0,797554465.0,KOSPI,0.14
003030,세아제강지주,120000.0,44887.0,68816.0,5386440000.0,8257920000.0,KOSPI,7.91
161000,애경케미칼,10180.0,149095.0,429690.0,1517787100.0,4374244200.0,KOSPI,0.69
444200,SOL 코리아메가테크액티브,44840.0,18831.0,18831.0,844382040.0,844382040.0,KOSPI,0.17
003545,대신증권우,20100.0,48023.0,48023.0,965262300.0,965262300.0,KOSPI,0.0
484870,엠앤씨솔루션,17810.0,112756.0,149267.0,2008184360.0,2658445270.0,KOSPI,-1.0
029460,케이씨,44250.0,40489.0,63897.0,1791638250.0,2827442250.0,KOSPI,-4.32
251350,KODEX MSCI선진국,38040.0,38602.0,38602.0,1468420080.0,1468420080.0,KOSPI,-0.09
476800,KODEX 한국부동산리츠인프라,4190.0,395039.0,395039.0,1655213410.0,1655213410.0,KOSPI,0.12
448290,TIGER 미국S&P500(H),17775.0,86047.0,86047.0,1529485425.0,1529485425.0,KOSPI,0.03
463250,TIGER K방산&우주,32400.0,184095.0,184095.0,5964678000.0,5964678000.0,KOSPI,0.29
001500,현대차증권,7760.0,31168.0,74099.0,241863680.0,575008240.0,KOSPI,-0.77
0220W0,한화머시너리앤서비스홀딩스,5660.0,2132427.0,2132427.0,12069536820.0,12069536820.0,KOSPI,-3.08
377740,바이오노트,4690.0,39389.0,39389.0,184734410.0,184734410.0,KOSPI,0.97
019170,신풍제약,9040.0,101373.0,188131.0,916411920.0,1700704240.0,KOSPI,0.67
008060,대덕,15090.0,66242.0,88684.0,999591780.0,1338241560.0,KOSPI,-0.92
145990,삼양사,45700.0,2329.0,3325.0,106435300.0,151952500.0,KOSPI,-0.65
460860,동국제강,9470.0,84290.0,233768.0,798226300.0,2213782960.0,KOSPI,0.53
039130,하나투어,30200.0,10618.0,18453.0,320663600.0,557280600.0,KOSPI,-0.33
499660,TIGER CD금리플러스액티브(합성),1000000.0,10972.0,10972.0,10972000000.0,10972000000.0,KOSPI,0.01
004690,삼천리,128500.0,4847.0,5575.0,622839500.0,716387500.0,KOSPI,-1.91
483280,KODEX 미국AI테크TOP10타겟커버드콜,11690.0,179366.0,179366.0,2096788540.0,2096788540.0,KOSPI,0.21
002990,금호건설,12330.0,989518.0,989518.0,12200756940.0,12200756940.0,KOSPI,-3.07
020000,한섬,21200.0,233546.0,293255.0,4951175200.0,6217006000.0,KOSPI,4.18
490490,SOL 미국배당미국채혼합50,10500.0,116134.0,116134.0,1219407000.0,1219407000.0,KOSPI,-0.24
471230,KODEX 국고채10년액티브,103630.0,58795.0,58795.0,6092925850.0,6092925850.0,KOSPI,0.45
0190C0,RISE 현대차고정피지컬AI,7510.0,355272.0,355272.0,2668092720.0,2668092720.0,KOSPI,-1.18
000070,삼양홀딩스,58300.0,3894.0,4490.0,227020200.0,261767000.0,KOSPI,0.87
243880,TIGER 200IT레버리지,346560.0,63662.0,63662.0,22062702720.0,22062702720.0,KOSPI,-0.46
448730,삼성FN리츠,4940.0,35605.0,35605.0,175888700.0,175888700.0,KOSPI,-1.0
005250,녹십자홀딩스,9520.0,27009.0,42752.0,257125680.0,406999040.0,KOSPI,0.0
002240,고려제강,16560.0,9844.0,12092.0,163016640.0,200243520.0,KOSPI,0.06
306200,세아제강,156000.0,41518.0,67758.0,6476808000.0,10570248000.0,KOSPI,6.7
090435,아모레퍼시픽우,41900.0,23718.0,23718.0,993784200.0,993784200.0,KOSPI,-2.56
034310,NICE,12030.0,17792.0,18643.0,214037760.0,224275290.0,KOSPI,1.52
249420,일동제약,13920.0,96434.0,169255.0,1342361280.0,2356029600.0,KOSPI,1.09
760013,키움 레버리지 반도체TOP10 ETN,88070.0,4269.0,4269.0,375970830.0,375970830.0,KOSPI,1.18
016610,DB증권,10350.0,88158.0,97738.0,912435300.0,1011588300.0,KOSPI,0.49
451060,1Q 200액티브,35140.0,51401.0,51401.0,1806231140.0,1806231140.0,KOSPI,-0.28
010780,아이에스동서,14690.0,39033.0,45981.0,573394770.0,675460890.0,KOSPI,0.41
003280,흥아해운,1814.0,1554493.0,1554493.0,2819850302.0,2819850302.0,KOSPI,1.0
004700,조광피혁,65500.0,444.0,477.0,29082000.0,31243500.0,KOSPI,-2.09
009900,명신산업,8280.0,105411.0,182177.0,872803080.0,1508425560.0,KOSPI,2.35
447770,TIGER 테슬라채권혼합Fn,13670.0,181128.0,181128.0,2476019760.0,2476019760.0,KOSPI,-0.22
293180,HANARO 200,109930.0,41775.0,41775.0,4592325750.0,4592325750.0,KOSPI,-0.29
385560,RISE KIS국고채30년Enhanced,51245.0,23869.0,23869.0,1223166905.0,1223166905.0,KOSPI,1.76
005945,NH투자증권우,22400.0,40405.0,40405.0,905072000.0,905072000.0,KOSPI,-0.88
0016X0,SOL 중단기회사채(A-이상)액티브,51515.0,483.0,483.0,24881745.0,24881745.0,KOSPI,0.05
448300,TIGER 미국나스닥100(H),23540.0,101224.0,101224.0,2382812960.0,2382812960.0,KOSPI,0.3
474220,TIGER 미국테크TOP10타겟커버드콜,14890.0,99696.0,99696.0,1484473440.0,1484473440.0,KOSPI,-0.53
0023A0,SOL 미국양자컴퓨팅TOP10,23690.0,118465.0,118465.0,2806435850.0,2806435850.0,KOSPI,-0.19
0210A0,ACE K반도체TOP2+,7685.0,2231468.0,2231468.0,17148831580.0,17148831580.0,KOSPI,0.07
072710,농심홀딩스,88900.0,1219.0,1624.0,108369100.0,144373600.0,KOSPI,-0.34
357120,코람코라이프인프라리츠,4215.0,90293.0,90293.0,380584995.0,380584995.0,KOSPI,-1.52
002030,아세아,198800.0,1807.0,2077.0,359231600.0,412907600.0,KOSPI,-3.5
014830,유니드,60300.0,7835.0,9913.0,472450500.0,597753900.0,KOSPI,0.17
0173Y0,KODEX 미국AI광통신네트워크,10980.0,908580.0,908580.0,9976208400.0,9976208400.0,KOSPI,3.49
271940,일진하이솔루스,11180.0,53402.0,458230.0,597034360.0,5123011400.0,KOSPI,4.68
403550,쏘카,10700.0,2675.0,4442.0,28622500.0,47529400.0,KOSPI,-0.37
005389,현대차3우B,174100.0,6299.0,6299.0,1096655900.0,1096655900.0,KOSPI,-0.23
426020,TIME 미국S&P500액티브,31700.0,56537.0,56537.0,1792222900.0,1792222900.0,KOSPI,0.02
002810,삼영무역,21750.0,4316.0,5148.0,93873000.0,111969000.0,KOSPI,0.46
130660,한전산업,12280.0,121873.0,121873.0,1496600440.0,1496600440.0,KOSPI,1.57
003000,부광약품,4035.0,146673.0,146673.0,591825555.0,591825555.0,KOSPI,1.64
005420,코스모화학,10360.0,82452.0,114717.0,854202720.0,1188468120.0,KOSPI,1.77
302450,RISE 코스피,71255.0,1189.0,1189.0,84722195.0,84722195.0,KOSPI,-0.47
001200,유진투자증권,4050.0,288675.0,288675.0,1169133750.0,1169133750.0,KOSPI,-0.98
0046A0,TIGER 미국초단기(3개월이하)국채,9360.0,382684.0,382684.0,3581922240.0,3581922240.0,KOSPI,-0.21
148070,KIWOOM 국고채10년,104335.0,5778.0,5778.0,602847630.0,602847630.0,KOSPI,0.47
0060H0,TIGER 토탈월드스탁액티브,12410.0,181042.0,181042.0,2246731220.0,2246731220.0,KOSPI,0.24
241180,TIGER 일본니케이225,34680.0,10813.0,10813.0,374994840.0,374994840.0,KOSPI,1.54
480260,TIGER 27-04회사채(A+이상)액티브,53890.0,5391.0,5391.0,290520990.0,290520990.0,KOSPI,0.02
385720,TIME 코스피액티브,25480.0,40446.0,40446.0,1030564080.0,1030564080.0,KOSPI,-0.37
015360,INVENI,14750.0,5572.0,8557.0,82187000.0,126215750.0,KOSPI,0.61
002710,TCC스틸,14610.0,3609466.0,9630736.0,52734298260.0,140705052960.0,KOSPI,29.98
092790,넥스틸,14680.0,2637823.0,2637823.0,38723241640.0,38723241640.0,KOSPI,11.21
317400,자이에스앤디,9840.0,538398.0,538398.0,5297836320.0,5297836320.0,KOSPI,2.29
092230,KPX홀딩스,96400.0,904.0,1183.0,87145600.0,114041200.0,KOSPI,0.31
012030,DB,1884.0,1698232.0,1698232.0,3199469088.0,3199469088.0,KOSPI,8.9
474590,WON 반도체밸류체인액티브,49060.0,87027.0,87027.0,4269544620.0,4269544620.0,KOSPI,-0.57
344820,KCC글라스,23650.0,3355.0,4502.0,79345750.0,106472300.0,KOSPI,-0.21
089590,제주항공,4670.0,154790.0,154790.0,722869300.0,722869300.0,KOSPI,0.97
476760,ACE 미국30년국채액티브,8355.0,765802.0,765802.0,6398275710.0,6398275710.0,KOSPI,-0.48
016590,신대양제지,9290.0,12286.0,20962.0,114136940.0,194736980.0,KOSPI,0.11
029530,신도리코,38400.0,2240.0,2774.0,86016000.0,106521600.0,KOSPI,-1.92
183190,아세아시멘트,10340.0,14717.0,19624.0,152173780.0,202912160.0,KOSPI,0.19
439860,KODEX ESG종합채권(A-이상)액티브,113590.0,45.0,45.0,5111550.0,5111550.0,KOSPI,0.19
126560,현대퓨처넷,3390.0,70899.0,70899.0,240347610.0,240347610.0,KOSPI,-0.44
031430,신세계인터내셔날,10480.0,38263.0,45593.0,400996240.0,477814640.0,KOSPI,-0.38
520054,미래에셋 레버리지 코스피200 선물 ETN,183180.0,957.0,957.0,175303260.0,175303260.0,KOSPI,-0.35
001940,KISCO홀딩스,25800.0,3205.0,3386.0,82689000.0,87358800.0,KOSPI,-0.19
194370,제이에스코퍼레이션,12530.0,21841.0,28625.0,273667730.0,358671250.0,KOSPI,-1.49
011930,신성이엔지,17860.0,169197.0,169197.0,3021858420.0,3021858420.0,KOSPI,2.12
0040Y0,SOL 팔란티어커버드콜OTM채권혼합,7850.0,241962.0,241962.0,1899401700.0,1899401700.0,KOSPI,-0.44
469070,RISE AI&로봇,10735.0,129790.0,129790.0,1393295650.0,1393295650.0,KOSPI,-0.42
008730,율촌화학,14520.0,41330.0,58643.0,600111600.0,851496360.0,KOSPI,-0.34
950210,프레스티지바이오파마,5980.0,23852.0,23852.0,142634960.0,142634960.0,KOSPI,-0.99
006220,제주은행,9500.0,68637.0,68637.0,652051500.0,652051500.0,KOSPI,-1.45
310960,TIGER 200TR,64040.0,50203.0,50203.0,3215000120.0,3215000120.0,KOSPI,-0.39
484880,SOL 금융지주플러스고배당,22250.0,548177.0,548177.0,12196938250.0,12196938250.0,KOSPI,-3.62
245710,ACE 베트남VN30(합성),27760.0,26439.0,26439.0,733946640.0,733946640.0,KOSPI,-0.41
027410,BGF,3720.0,26477.0,26477.0,98494440.0,98494440.0,KOSPI,0.13
458250,TIGER 미국30년국채스트립액티브(합성 H),32230.0,129440.0,129440.0,4171851200.0,4171851200.0,KOSPI,-0.36
132030,KODEX 골드선물(H),23420.0,30472.0,30472.0,713654240.0,713654240.0,KOSPI,0.88
091180,KODEX 자동차,24985.0,58691.0,58691.0,1466394635.0,1466394635.0,KOSPI,-0.99
007690,국도화학,38050.0,6830.0,8250.0,259881500.0,313912500.0,KOSPI,0.4
0131V0,1Q 미국우주항공테크,10770.0,35442.0,35442.0,381710340.0,381710340.0,KOSPI,-0.46
005610,삼립,40800.0,5783.0,8505.0,235946400.0,347004000.0,KOSPI,4.62
010955,S-Oil우,87500.0,20075.0,20075.0,1756562500.0,1756562500.0,KOSPI,1.51
442570,RISE TDF2050액티브 적격,17290.0,91825.0,91825.0,1587654250.0,1587654250.0,KOSPI,-0.17
015860,일진홀딩스,7060.0,105767.0,105767.0,746715020.0,746715020.0,KOSPI,2.77
279530,KODEX 고배당주,17330.0,156049.0,156049.0,2704329170.0,2704329170.0,KOSPI,-0.66
105630,한세실업,8610.0,22130.0,27518.0,190539300.0,236929980.0,KOSPI,0.82
060980,HL홀딩스,38450.0,14852.0,17712.0,571059400.0,681026400.0,KOSPI,-1.91
0094M0,RISE 코리아밸류업위클리고정커버드콜,17150.0,870057.0,870057.0,14921477550.0,14921477550.0,KOSPI,-0.38
0144L0,KODEX 미국성장커버드콜액티브,9405.0,72697.0,72697.0,683715285.0,683715285.0,KOSPI,-0.37
0120G0,삼양바이오팜,46150.0,22960.0,39119.0,1059604000.0,1805341850.0,KOSPI,1.65
0182R0,1Q K반도체TOP2+,11055.0,1306109.0,1306109.0,14439034995.0,14439034995.0,KOSPI,-0.09
385510,KODEX 신재생에너지액티브,39350.0,54348.0,54348.0,2138593800.0,2138593800.0,KOSPI,1.92
475300,SOL 반도체전공정,26200.0,3371461.0,3371461.0,88332278200.0,88332278200.0,KOSPI,2.56
0167Z0,KODEX 미국우주항공,7425.0,587077.0,587077.0,4359046725.0,4359046725.0,KOSPI,-1.79
104700,한국철강,9330.0,17087.0,20011.0,159421710.0,186702630.0,KOSPI,0.11
003350,한국화장품제조,15000.0,281882.0,281882.0,4228230000.0,4228230000.0,KOSPI,-1.83
472170,TIGER 미국테크TOP10채권혼합,13985.0,124873.0,124873.0,1746348905.0,1746348905.0,KOSPI,-0.18
0026S0,1Q 미국S&P500,12600.0,79904.0,79904.0,1006790400.0,1006790400.0,KOSPI,-0.12
0080G0,KODEX 방산TOP10,9795.0,1452272.0,1452272.0,14225004240.0,14225004240.0,KOSPI,0.46
270810,RISE 코스닥150,14400.0,78843.0,78843.0,1135339200.0,1135339200.0,KOSPI,1.19
170900,동아에스티,34650.0,4155.0,4512.0,143970750.0,156340800.0,KOSPI,-0.14
006405,삼성SDI우,207000.0,3265.0,3265.0,675855000.0,675855000.0,KOSPI,0.49
0052D0,TIGER 코리아배당다우존스,15190.0,79537.0,79537.0,1208167030.0,1208167030.0,KOSPI,-1.04
097520,엠씨넥스,19130.0,21716.0,27052.0,415427080.0,517504760.0,KOSPI,-0.36
017810,풀무원,8730.0,18444.0,25306.0,161016120.0,220921380.0,KOSPI,0.34
456880,ACE 미국달러SOFR금리(합성),11935.0,73841.0,73841.0,881292335.0,881292335.0,KOSPI,-0.13
02826K,삼성물산우B,223500.0,4857.0,4857.0,1085539500.0,1085539500.0,KOSPI,-4.49
000157,두산2우B,367000.0,163.0,163.0,59821000.0,59821000.0,KOSPI,-0.68
011760,현대코퍼레이션,24750.0,15520.0,20752.0,384120000.0,513612000.0,KOSPI,0.41
448630,RISE 삼성그룹Top3채권혼합,15215.0,53716.0,53716.0,817288940.0,817288940.0,KOSPI,-0.03
217590,티엠씨,13570.0,407430.0,407430.0,5528825100.0,5528825100.0,KOSPI,-1.74
462900,KoAct 바이오헬스케어액티브,12445.0,535418.0,535418.0,6663277010.0,6663277010.0,KOSPI,0.04
0043Y0,TIME 차이나AI테크액티브,19005.0,99042.0,99042.0,1882293210.0,1882293210.0,KOSPI,1.79
473290,KODEX 26-12 회사채(AA-이상)액티브,10900.0,61330.0,61330.0,668497000.0,668497000.0,KOSPI,0.05
009160,SIMPAC,4930.0,71957.0,71957.0,354748010.0,354748010.0,KOSPI,2.49
009290,광동제약,6430.0,99014.0,99014.0,636660020.0,636660020.0,KOSPI,1.58
0052S0,1Q 미국S&P500미국채혼합50액티브,11355.0,78538.0,78538.0,891798990.0,891798990.0,KOSPI,-0.09
0162M0,KODEX 금융채1~2년(AA-이상)PLUS액티브,10040.0,2997.0,2997.0,30089880.0,30089880.0,KOSPI,0.0
024720,콜마홀딩스,9260.0,12355.0,16599.0,114407300.0,153706740.0,KOSPI,0.0
001230,동국홀딩스,2035.0,221024.0,221024.0,449783840.0,449783840.0,KOSPI,-0.73
005720,넥센,6020.0,347467.0,347467.0,2091751340.0,2091751340.0,KOSPI,11.28
096760,JW홀딩스,4270.0,47141.0,47141.0,201292070.0,201292070.0,KOSPI,-0.7
145720,덴티움,36600.0,7108.0,10337.0,260152800.0,378334200.0,KOSPI,-0.14
020120,키다리스튜디오,8500.0,621760.0,621760.0,5284960000.0,5284960000.0,KOSPI,6.12
272450,진에어,6020.0,46320.0,46320.0,278846400.0,278846400.0,KOSPI,1.35
002310,아세아제지,7930.0,157878.0,157878.0,1251972540.0,1251972540.0,KOSPI,-0.38
453810,KODEX 인도Nifty50,10775.0,44440.0,44440.0,478841000.0,478841000.0,KOSPI,-0.19
0094K0,TIGER 28-04 회사채(A+이상)액티브,99555.0,5451.0,5451.0,542674305.0,542674305.0,KOSPI,0.06
381970,KG모빌리티플랫폼,6370.0,34292.0,41699.0,218440040.0,265622630.0,KOSPI,0.0
485540,KODEX 미국AI테크TOP10,15435.0,587288.0,587288.0,9064790280.0,9064790280.0,KOSPI,0.23
0111P0,1Q 미국나스닥100미국채혼합50액티브,10795.0,77358.0,77358.0,835079610.0,835079610.0,KOSPI,0.33
010820,퍼스텍,6320.0,482164.0,482164.0,3047276480.0,3047276480.0,KOSPI,2.43
026890,스틱인베스트먼트,7910.0,24756.0,26608.0,195819960.0,210469280.0,KOSPI,-1.0
489030,PLUS 고배당주위클리커버드콜,6180.0,409424.0,409424.0,2530240320.0,2530240320.0,KOSPI,-0.64
126720,수산인더스트리,21250.0,7621.0,14570.0,161946250.0,309612500.0,KOSPI,0.24
025860,남해화학,6080.0,181596.0,181596.0,1104103680.0,1104103680.0,KOSPI,-0.33
454780,KIWOOM 종합채권(AA-이상)액티브,99645.0,21.0,21.0,2092545.0,2092545.0,KOSPI,0.28
002020,코오롱,23350.0,13801.0,20370.0,322253350.0,475639500.0,KOSPI,-0.64
471780,TIGER 코리아테크액티브,39045.0,80739.0,80739.0,3152454255.0,3152454255.0,KOSPI,-0.46
497880,SOL CD금리&머니마켓액티브,50015.0,77100.0,77100.0,3856156500.0,3856156500.0,KOSPI,0.01
108670,LX하우시스,33200.0,16520.0,21755.0,548464000.0,722266000.0,KOSPI,1.22
483320,ACE 엔비디아밸류체인액티브,25540.0,55745.0,55745.0,1423727300.0,1423727300.0,KOSPI,0.69
433330,SOL 미국S&P500,21525.0,46770.0,46770.0,1006724250.0,1006724250.0,KOSPI,-0.19
190620,ACE 단기통안채,102125.0,3532.0,3532.0,360705500.0,360705500.0,KOSPI,0.02
123890,한국자산신탁,2420.0,80139.0,80139.0,193936380.0,193936380.0,KOSPI,-0.21
018250,애경산업,11190.0,8467.0,8467.0,94745730.0,94745730.0,KOSPI,0.0
481190,SOL 미국테크TOP10,16960.0,381739.0,381739.0,6474293440.0,6474293440.0,KOSPI,-0.44
005950,이수화학,11140.0,550726.0,550726.0,6135087640.0,6135087640.0,KOSPI,6.2
200880,서연이화,10800.0,24187.0,35653.0,261219600.0,385052400.0,KOSPI,0.0
570022,한투 레버리지S&P500선물 ETN(H),58140.0,30.0,30.0,1744200.0,1744200.0,KOSPI,0.28
0008S0,TIGER 미국배당다우존스타겟데일리커버드콜,9335.0,247735.0,247735.0,2312606225.0,2312606225.0,KOSPI,-0.53
001750,한양증권,19210.0,1731.0,2897.0,33252510.0,55651370.0,KOSPI,0.26
0038A0,KODEX 미국휴머노이드로봇,15205.0,41637.0,41637.0,633090585.0,633090585.0,KOSPI,-0.59
000430,대원강업,4640.0,51186.0,51186.0,237503040.0,237503040.0,KOSPI,1.31
091170,KODEX 은행,16025.0,965830.0,965830.0,15477425750.0,15477425750.0,KOSPI,-3.11
136340,RISE 중기우량회사채,103880.0,11108.0,11108.0,1153899040.0,1153899040.0,KOSPI,0.16
003120,일성아이에스,21600.0,2307.0,2766.0,49831200.0,59745600.0,KOSPI,-0.46
034830,한국토지신탁,1123.0,263794.0,263794.0,296240662.0,296240662.0,KOSPI,-1.14
044450,KSS해운,12520.0,70898.0,70898.0,887642960.0,887642960.0,KOSPI,0.72
084690,대상홀딩스,7800.0,8275.0,13590.0,64545000.0,106002000.0,KOSPI,0.0
005430,한국공항,89100.0,10567.0,10567.0,941519700.0,941519700.0,KOSPI,1.95
441680,TIGER 미국나스닥100커버드콜(합성),10705.0,77873.0,77873.0,833630465.0,833630465.0,KOSPI,0.38
033270,유나이티드제약,17720.0,25815.0,34292.0,457441800.0,607654240.0,KOSPI,0.17
001390,KG케미칼,4245.0,113740.0,113740.0,482826300.0,482826300.0,KOSPI,0.83
475080,KODEX 테슬라커버드콜채권혼합액티브,7765.0,66194.0,66194.0,513996410.0,513996410.0,KOSPI,-0.51
0098F0,KODEX 원자력SMR,15635.0,720978.0,720978.0,11272491030.0,11272491030.0,KOSPI,0.68
273140,KODEX 단기변동금리부채권액티브,114640.0,1990.0,1990.0,228133600.0,228133600.0,KOSPI,0.0
058430,포스코스틸리온,4650.0,413012.0,413012.0,1920505800.0,1920505800.0,KOSPI,4.38
461490,RISE 글로벌자산배분액티브,14485.0,19552.0,19552.0,283210720.0,283210720.0,KOSPI,0.24
244920,에이플러스에셋,12300.0,17875.0,17875.0,219862500.0,219862500.0,KOSPI,-3.98
016800,퍼시스,24050.0,297.0,325.0,7142850.0,7816250.0,KOSPI,0.42
105840,우진,13590.0,195059.0,195059.0,2650851810.0,2650851810.0,KOSPI,2.18
439870,KODEX 국고채30년액티브,88320.0,10039.0,10039.0,886644480.0,886644480.0,KOSPI,1.34
122900,아이마켓코리아,8200.0,48820.0,48820.0,400324000.0,400324000.0,KOSPI,-1.56
0162Y0,TIME 코스닥액티브,8100.0,354477.0,354477.0,2871263700.0,2871263700.0,KOSPI,1.25
084010,대한제강,7900.0,17332.0,22906.0,136922800.0,180957400.0,KOSPI,-0.5
004430,송원산업,11270.0,44445.0,44445.0,500895150.0,500895150.0,KOSPI,0.18
473330,SOL 미국30년국채커버드콜(합성),7485.0,193176.0,193176.0,1445922360.0,1445922360.0,KOSPI,-0.27
004310,현대약품,8420.0,820390.0,820390.0,6907683800.0,6907683800.0,KOSPI,-1.29
017390,서울가스,54400.0,647.0,1295.0,35196800.0,70448000.0,KOSPI,0.18
423170,SOL 글로벌AI반도체탑픽액티브,59810.0,39341.0,39341.0,2352985210.0,2352985210.0,KOSPI,0.29
0228G0,ACE 반도체Plus전략산업,10055.0,497763.0,497763.0,5005006965.0,5005006965.0,KOSPI,-0.49
196230,RISE 단기통안채,117080.0,1457.0,1457.0,170585560.0,170585560.0,KOSPI,0.01
0183V0,KIWOOM 삼성전자&SK하이닉스채권혼합50,11920.0,543676.0,543676.0,6480617920.0,6480617920.0,KOSPI,-0.25
078520,에이블씨엔씨,10720.0,61650.0,83022.0,660888000.0,889995840.0,KOSPI,-1.47
002900,TYM,6430.0,231622.0,231622.0,1489329460.0,1489329460.0,KOSPI,-0.46
471040,KoAct 글로벌AI&로봇액티브,29565.0,16305.0,16305.0,482057325.0,482057325.0,KOSPI,0.99
091810,트리니티항공,2590.0,48148.0,48148.0,124703320.0,124703320.0,KOSPI,-0.58
453870,TIGER 인도니프티50,10545.0,45010.0,45010.0,474630450.0,474630450.0,KOSPI,-0.14
421320,PLUS 우주항공,27500.0,19248.0,19248.0,529320000.0,529320000.0,KOSPI,0.2
388420,RISE 비메모리반도체액티브,30030.0,37660.0,37660.0,1130929800.0,1130929800.0,KOSPI,0.28
213610,KODEX 삼성그룹밸류,22090.0,12393.0,12393.0,273761370.0,273761370.0,KOSPI,-0.99
307520,TIGER 지주회사,21615.0,103974.0,103974.0,2247398010.0,2247398010.0,KOSPI,-0.73
409820,KODEX 미국나스닥100레버리지(합성 H),21000.0,56989.0,56989.0,1196769000.0,1196769000.0,KOSPI,0.31
010580,에스엠벡셀,2345.0,694808.0,694808.0,1629324760.0,1629324760.0,KOSPI,-3.89
286940,롯데이노베이트,17230.0,6341.0,9865.0,109255430.0,169973950.0,KOSPI,0.58
385550,RISE 단기채권알파액티브,114335.0,1459.0,1459.0,166814765.0,166814765.0,KOSPI,0.03
037710,광주신세계,34100.0,10607.0,19105.0,361698700.0,651480500.0,KOSPI,-0.58
0232A0,MIDAS 머니마켓액티브,100335.0,2.0,2.0,200670.0,200670.0,KOSPI,0.0
010690,화신,7420.0,70059.0,70059.0,519837780.0,519837780.0,KOSPI,1.23
004360,세방,13320.0,22238.0,25290.0,296210160.0,336862800.0,KOSPI,-0.45
486830,HANARO 머니마켓액티브,53420.0,3017.0,3017.0,161168140.0,161168140.0,KOSPI,0.01
334890,이지스밸류플러스리츠,3665.0,32074.0,32074.0,117551210.0,117551210.0,KOSPI,-0.14
123320,TIGER 레버리지,110425.0,80886.0,80886.0,8931836550.0,8931836550.0,KOSPI,-0.8
003960,사조대림,27700.0,4407.0,5966.0,122073900.0,165258200.0,KOSPI,2.4
472920,HK 종합채권(AA-이상)액티브,98095.0,27.0,27.0,2648565.0,2648565.0,KOSPI,0.33
005500,삼진제약,19040.0,17869.0,31165.0,340225760.0,593381600.0,KOSPI,1.66
364970,TIGER 바이오TOP10,6740.0,528348.0,528348.0,3561065520.0,3561065520.0,KOSPI,0.37
483340,ACE 구글밸류체인액티브,22335.0,101955.0,101955.0,2277164925.0,2277164925.0,KOSPI,0.86
005680,삼영전자,12450.0,19508.0,19508.0,242874600.0,242874600.0,KOSPI,-1.97
432320,KB스타리츠,1642.0,151220.0,151220.0,248303240.0,248303240.0,KOSPI,-0.18
298690,에어부산,1510.0,33629.0,33629.0,50779790.0,50779790.0,KOSPI,0.07
003200,일신방직,10700.0,56672.0,77297.0,606390400.0,827077900.0,KOSPI,-1.56
495230,KoAct 코리아밸류업액티브,31220.0,23112.0,23112.0,721556640.0,721556640.0,KOSPI,-0.51
139230,TIGER 200 중공업,12455.0,75119.0,75119.0,935607145.0,935607145.0,KOSPI,0.57
001790,대한제당,2810.0,131290.0,131290.0,368924900.0,368924900.0,KOSPI,-1.4
003070,코오롱글로벌,9520.0,4018.0,4018.0,38251360.0,38251360.0,KOSPI,4.04
117700,KODEX 건설,6790.0,1382988.0,1382988.0,9390488520.0,9390488520.0,KOSPI,0.82
001250,GS글로벌,2915.0,1880489.0,1880489.0,5481625435.0,5481625435.0,KOSPI,8.57
404990,신한서부티엔디리츠,3900.0,60457.0,60457.0,235782300.0,235782300.0,KOSPI,-1.27
005010,휴스틸,4270.0,5956955.0,5956955.0,25436197850.0,25436197850.0,KOSPI,11.2
363580,KODEX 200IT TR,57575.0,73759.0,73759.0,4246674425.0,4246674425.0,KOSPI,0.0
044820,코스맥스비티아이,24850.0,20354.0,20354.0,505796900.0,505796900.0,KOSPI,-3.68
003920,남양유업,42050.0,1021.0,1501.0,42933050.0,63117050.0,KOSPI,-0.36
228790,TIGER 화장품,4180.0,3497787.0,3497787.0,14620749660.0,14620749660.0,KOSPI,-2.45
493810,TIGER 미국AI빅테크10타겟데일리커버드콜,11280.0,85851.0,85851.0,968399280.0,968399280.0,KOSPI,-0.4
002320,한진,15300.0,20930.0,24486.0,320229000.0,374635800.0,KOSPI,0.26
136490,선진,9960.0,88489.0,88489.0,881350440.0,881350440.0,KOSPI,-1.48
0182S0,1Q K반도체TOP2채권혼합50,12755.0,146109.0,146109.0,1863620295.0,1863620295.0,KOSPI,-0.12
030210,다올투자증권,3880.0,112696.0,112696.0,437260480.0,437260480.0,KOSPI,-1.4
025000,KPX케미칼,56900.0,3519.0,3519.0,200231100.0,200231100.0,KOSPI,-1.39
283580,KODEX 차이나CSI300,14275.0,94667.0,94667.0,1351371425.0,1351371425.0,KOSPI,0.04
007160,사조산업,46750.0,2643.0,5608.0,123560250.0,262174000.0,KOSPI,-3.11
0053L0,TIGER 차이나휴머노이드로봇,8690.0,234278.0,234278.0,2035875820.0,2035875820.0,KOSPI,-0.06
900140,엘브이엠씨홀딩스,1205.0,298630.0,298630.0,359849150.0,359849150.0,KOSPI,0.5
053690,한미글로벌,21150.0,65949.0,65949.0,1394821350.0,1394821350.0,KOSPI,1.44
000680,LS네트웍스,2940.0,20240.0,20240.0,59505600.0,59505600.0,KOSPI,1.03
008490,서흥,19970.0,11171.0,14144.0,223084870.0,282455680.0,KOSPI,-0.4
0092C0,SOL 27-12 회사채(AA-이상)액티브,50285.0,1402.0,1402.0,70499570.0,70499570.0,KOSPI,0.01
226320,잇츠한불,10490.0,16865.0,21061.0,176913850.0,220929890.0,KOSPI,-0.19
329650,KODEX TRF3070,13935.0,22582.0,22582.0,314680170.0,314680170.0,KOSPI,0.11
363570,KODEX 장기종합채권(AA-이상)액티브,86760.0,3368.0,3368.0,292207680.0,292207680.0,KOSPI,0.83
025560,미래산업,8220.0,858991.0,858991.0,7060906020.0,7060906020.0,KOSPI,8.87
472160,TIGER 미국테크TOP10 INDXX(H),19390.0,90472.0,90472.0,1754252080.0,1754252080.0,KOSPI,-0.21
001340,PKC,5040.0,54968.0,54968.0,277038720.0,277038720.0,KOSPI,1.2
011500,한농화성,14390.0,346349.0,346349.0,4983962110.0,4983962110.0,KOSPI,7.23
498270,KIWOOM 미국양자컴퓨팅,14820.0,42836.0,42836.0,634829520.0,634829520.0,KOSPI,0.78
001460,BYC,35900.0,1708.0,2051.0,61317200.0,73630900.0,KOSPI,0.42
0030R0,대신밸류리츠,3750.0,16882.0,16882.0,63307500.0,63307500.0,KOSPI,0.13
134380,미원화학,10180.0,703.0,703.0,7156540.0,7156540.0,KOSPI,0.3
0089D0,KODEX 금융고배당TOP10,13160.0,313922.0,313922.0,4131213520.0,4131213520.0,KOSPI,-2.63
017860,DS단석,12630.0,62497.0,62497.0,789337110.0,789337110.0,KOSPI,-0.32
028100,동아지질,19840.0,20469.0,20469.0,406104960.0,406104960.0,KOSPI,0.66
422420,RISE 2차전지액티브,6765.0,84917.0,84917.0,574463505.0,574463505.0,KOSPI,2.19
009680,모토닉,10160.0,10352.0,12984.0,105176320.0,131917440.0,KOSPI,0.2
433500,ACE 원자력TOP10,56610.0,31499.0,31499.0,1783158390.0,1783158390.0,KOSPI,1.05
003650,미창석유,126900.0,1570.0,1570.0,199233000.0,199233000.0,KOSPI,2.17
000540,흥국화재,3415.0,35844.0,35844.0,122407260.0,122407260.0,KOSPI,-1.87
0151S0,KODEX 미국AI반도체TOP3플러스,15820.0,99514.0,99514.0,1574311480.0,1574311480.0,KOSPI,-0.06
437080,KODEX 미국종합채권ESG액티브(H),94180.0,1649.0,1649.0,155302820.0,155302820.0,KOSPI,0.18
488980,SOL 26-12 회사채(AA-이상)액티브,52230.0,124.0,124.0,6476520.0,6476520.0,KOSPI,0.0
077500,유니퀘스트,10090.0,312035.0,312035.0,3148433150.0,3148433150.0,KOSPI,0.9
000490,대동,7560.0,88749.0,88749.0,670942440.0,670942440.0,KOSPI,0.0
452360,SOL 미국배당다우존스(H),12935.0,125106.0,125106.0,1618246110.0,1618246110.0,KOSPI,-0.08
458260,TIGER 미국투자등급회사채액티브(H),44680.0,11031.0,11031.0,492865080.0,492865080.0,KOSPI,0.11
034120,SBS,11680.0,2875.0,6306.0,33580000.0,73654080.0,KOSPI,-0.17
271050,KODEX WTI원유선물인버스(H),1787.0,6213787.0,6213787.0,11104037369.0,11104037369.0,KOSPI,4.08
000050,경방,7900.0,23946.0,23946.0,189173400.0,189173400.0,KOSPI,-0.25
0104N0,TIGER 200타겟위클리커버드콜,21015.0,52052.0,52052.0,1093872780.0,1093872780.0,KOSPI,-0.57
442320,RISE 글로벌원자력,34055.0,8191.0,8191.0,278944505.0,278944505.0,KOSPI,1.51
035510,신세계 I&C,15280.0,58783.0,58783.0,898204240.0,898204240.0,KOSPI,0.13
0119H0,KODEX 28-12 회사채(AA-이상)액티브,9910.0,26468.0,26468.0,262297880.0,262297880.0,KOSPI,0.1
475560,더본코리아,14360.0,12168.0,12168.0,174732480.0,174732480.0,KOSPI,0.14
478150,TIME 글로벌우주테크&방산액티브,17655.0,94893.0,94893.0,1675335915.0,1675335915.0,KOSPI,-0.37
033920,무학,7460.0,15160.0,15160.0,113093600.0,113093600.0,KOSPI,0.81
003720,삼영,6240.0,143602.0,143602.0,896076480.0,896076480.0,KOSPI,-1.42
092200,디아이씨,5440.0,175309.0,175309.0,953680960.0,953680960.0,KOSPI,0.93
0233J0,TIGER 삼성전자SK하이닉스미국채혼합50,10565.0,306330.0,306330.0,3236376450.0,3236376450.0,KOSPI,0.43
448540,ACE 엔비디아채권혼합,26630.0,21474.0,21474.0,571852620.0,571852620.0,KOSPI,-0.19
000320,노루홀딩스,15800.0,3092.0,4936.0,48853600.0,77988800.0,KOSPI,0.64
305080,TIGER 미국채10년선물,11665.0,61947.0,61947.0,722611755.0,722611755.0,KOSPI,-0.13
266160,RISE 고배당,33060.0,7497.0,7497.0,247850820.0,247850820.0,KOSPI,-1.27
03473K,SK우,370500.0,311.0,311.0,115225500.0,115225500.0,KOSPI,-0.67
244580,KODEX 바이오,7980.0,276383.0,276383.0,2205536340.0,2205536340.0,KOSPI,1.01
332930,HANARO 200TR,143930.0,69.0,69.0,9931170.0,9931170.0,KOSPI,-0.23
157500,TIGER 증권,11700.0,151102.0,151102.0,1767893400.0,1767893400.0,KOSPI,-0.76
088260,이리츠코크렙,3280.0,91609.0,91609.0,300477520.0,300477520.0,KOSPI,-0.15
490090,TIGER 미국AI빅테크10,15960.0,179359.0,179359.0,2862569640.0,2862569640.0,KOSPI,-0.34
035150,백산,10470.0,13399.0,14235.0,140287530.0,149040450.0,KOSPI,1.16
298000,효성화학,54300.0,12800.0,12800.0,695040000.0,695040000.0,KOSPI,1.12
520094,미래에셋 CD금리 플러스 ETN,102530.0,18864.0,18864.0,1934125920.0,1934125920.0,KOSPI,0.01
486450,SOL 미국AI전력인프라,18710.0,40513.0,40513.0,757998230.0,757998230.0,KOSPI,1.88
000650,천일고속,141600.0,755.0,755.0,106908000.0,106908000.0,KOSPI,-0.7
003555,LG우,67200.0,5980.0,5980.0,401856000.0,401856000.0,KOSPI,-1.47
004980,성신양회,8210.0,25979.0,41396.0,213287590.0,339861160.0,KOSPI,-0.97
480040,ACE 미국반도체데일리타겟커버드콜(합성),14775.0,144988.0,144988.0,2142197700.0,2142197700.0,KOSPI,1.83
267770,TIGER 200선물레버리지,83720.0,67779.0,67779.0,5674457880.0,5674457880.0,KOSPI,-0.88
000480,CR홀딩스,4285.0,27654.0,27654.0,118497390.0,118497390.0,KOSPI,0.0
0093A0,RISE AI반도체TOP10,36770.0,98103.0,98103.0,3607247310.0,3607247310.0,KOSPI,1.16
0005A0,KODEX 미국S&P500데일리커버드콜OTM,9070.0,166601.0,166601.0,1511071070.0,1511071070.0,KOSPI,-0.22
100250,진양홀딩스,3100.0,7953.0,7953.0,24654300.0,24654300.0,KOSPI,0.16
463050,TIME K바이오액티브,10960.0,147442.0,147442.0,1615964320.0,1615964320.0,KOSPI,-0.09
037270,YG PLUS,3100.0,85317.0,85317.0,264482700.0,264482700.0,KOSPI,0.0
530145,삼성 레버리지 천연가스 선물 ETN D,11600.0,148462.0,148462.0,1722159200.0,1722159200.0,KOSPI,-6.41
0069M0,1Q 미국나스닥100,13585.0,52269.0,52269.0,710074365.0,710074365.0,KOSPI,0.04
095570,AJ네트웍스,4320.0,46712.0,46712.0,201795840.0,201795840.0,KOSPI,0.7
039570,HDC랩스,7520.0,1240.0,1240.0,9324800.0,9324800.0,KOSPI,0.0
051905,LG생활건강우,93000.0,14776.0,14776.0,1374168000.0,1374168000.0,KOSPI,-2.41
013580,계룡건설,21800.0,28632.0,28632.0,624177600.0,624177600.0,KOSPI,-0.23
487570,HS효성,52200.0,7466.0,7466.0,389725200.0,389725200.0,KOSPI,1.56
302190,TIGER 중장기국채,50020.0,4914.0,4914.0,245798280.0,245798280.0,KOSPI,0.36
117580,대성에너지,7040.0,83212.0,83212.0,585812480.0,585812480.0,KOSPI,-0.28
433980,KODEX TDF2040액티브 적격,15670.0,25543.0,25543.0,400258810.0,400258810.0,KOSPI,0.0
339770,교촌에프앤비,3825.0,19092.0,19092.0,73026900.0,73026900.0,KOSPI,-0.13
0153K0,KODEX 주주환원고배당주,12005.0,83712.0,83712.0,1004962560.0,1004962560.0,KOSPI,-2.0
002420,우양피앤엘,6120.0,7976.0,7976.0,48813120.0,48813120.0,KOSPI,0.82
000390,SP삼화,7010.0,90072.0,90072.0,631404720.0,631404720.0,KOSPI,-1.68
005960,동부건설,8310.0,21599.0,21599.0,179487690.0,179487690.0,KOSPI,1.59
0005G0,IBK K-AI반도체코어테크,55010.0,15750.0,15750.0,866407500.0,866407500.0,KOSPI,-0.16
053210,스카이라이프,3985.0,14321.0,14321.0,57069185.0,57069185.0,KOSPI,-0.5
003520,영진약품,1034.0,194371.0,194371.0,200979614.0,200979614.0,KOSPI,0.68
0204D0,KODEX 현대차로보틱스밸류체인TOP3플러스,5510.0,476116.0,476116.0,2623399160.0,2623399160.0,KOSPI,-1.25
495060,TIME 코리아밸류업액티브,28115.0,33398.0,33398.0,938984770.0,938984770.0,KOSPI,-0.39
004560,현대비앤지스틸,12480.0,24591.0,24591.0,306895680.0,306895680.0,KOSPI,1.71
0115D0,KODEX 조선TOP10,7245.0,1054742.0,1054742.0,7641605790.0,7641605790.0,KOSPI,1.61
500029,신한 레버리지 은 선물 ETN(H),18795.0,3929.0,3929.0,73845555.0,73845555.0,KOSPI,0.72
495550,SOL 코리아밸류업TR,32675.0,5283.0,5283.0,172622025.0,172622025.0,KOSPI,-0.79
0082V0,KODEX TDF2060액티브 적격,11170.0,37736.0,37736.0,421511120.0,421511120.0,KOSPI,-0.09
520098,미래에셋 레버리지 반도체 ETN,31200.0,11322.0,11322.0,353246400.0,353246400.0,KOSPI,1.65
001630,종근당홀딩스,37350.0,1065.0,1647.0,39777750.0,61515450.0,KOSPI,0.27
016580,환인제약,10050.0,16572.0,16572.0,166548600.0,166548600.0,KOSPI,-0.3
102460,이연제약,10050.0,17950.0,17950.0,180397500.0,180397500.0,KOSPI,0.8
102260,동성케미컬,3680.0,37887.0,37887.0,139424160.0,139424160.0,KOSPI,0.27
261260,KODEX 미국달러선물인버스2X,5555.0,2097954.0,2097954.0,11654134470.0,11654134470.0,KOSPI,0.63
494330,ACE 라이프자산주주가치액티브,32660.0,5567.0,5567.0,181818220.0,181818220.0,KOSPI,-1.14
003547,대신증권2우B,19320.0,16028.0,16028.0,309660960.0,309660960.0,KOSPI,-0.1
001130,대한제분,10950.0,3210.0,4480.0,35149500.0,49056000.0,KOSPI,0.09
0091C0,KODEX 미국10년국채액티브(H),9245.0,132575.0,132575.0,1225655875.0,1225655875.0,KOSPI,0.11
494220,UNICORN SK하이닉스밸류체인액티브,52685.0,35417.0,35417.0,1865944645.0,1865944645.0,KOSPI,0.87
530104,삼성 레버리지 코스피200 선물 ETN,184300.0,722.0,722.0,133064600.0,133064600.0,KOSPI,-0.64
500069,신한 레버리지 코스피 200 선물 ETN,184165.0,13.0,13.0,2394145.0,2394145.0,KOSPI,-0.65
0190G0,KODEX 반도체타겟위클리커버드콜,9795.0,300857.0,300857.0,2946894315.0,2946894315.0,KOSPI,1.24
033530,SJG세종,6780.0,23348.0,23348.0,158299440.0,158299440.0,KOSPI,0.0
128820,대성산업,4045.0,49953.0,49953.0,202059885.0,202059885.0,KOSPI,0.25
500099,신한 WTI원유 선물 ETN,18170.0,443.0,443.0,8049310.0,8049310.0,KOSPI,-5.19
466930,SOL 자동차TOP3플러스,22980.0,43866.0,43866.0,1008040680.0,1008040680.0,KOSPI,-1.23
007860,서연,7710.0,24150.0,24150.0,186196500.0,186196500.0,KOSPI,1.85
000140,하이트진로홀딩스,7800.0,3848.0,3848.0,30014400.0,30014400.0,KOSPI,-0.38
473460,KODEX 미국서학개미,23805.0,69404.0,69404.0,1652162220.0,1652162220.0,KOSPI,-0.52
429000,TIGER 미국S&P500배당귀족,12535.0,42586.0,42586.0,533815510.0,533815510.0,KOSPI,-0.56
233160,TIGER 코스닥150 레버리지,8065.0,1334294.0,1334294.0,10761081110.0,10761081110.0,KOSPI,2.28
332500,ACE 200TR,73745.0,15490.0,15490.0,1142310050.0,1142310050.0,KOSPI,-0.29
377190,디앤디플랫폼리츠,1997.0,188040.0,188040.0,375515880.0,375515880.0,KOSPI,-0.89
002100,경농,9040.0,6823.0,6823.0,61679920.0,61679920.0,KOSPI,0.33
480020,ACE 미국빅테크7+데일리타겟커버드콜(합성),9840.0,214675.0,214675.0,2112402000.0,2112402000.0,KOSPI,-0.81
122090,PLUS 코스피50,82590.0,27014.0,27014.0,2231086260.0,2231086260.0,KOSPI,0.03
000520,삼일제약,8100.0,48789.0,48789.0,395190900.0,395190900.0,KOSPI,0.0
015230,대창단조,6470.0,42001.0,42001.0,271746470.0,271746470.0,KOSPI,2.54
0047A0,TIGER 차이나테크TOP10,11615.0,74233.0,74233.0,862216295.0,862216295.0,KOSPI,-0.94
003610,방림,5440.0,24162.0,24162.0,131441280.0,131441280.0,KOSPI,0.18
0099L0,ACE 우량회사채(AA-이상)액티브,99580.0,27.0,27.0,2688660.0,2688660.0,KOSPI,0.11
234080,JW생명과학,11000.0,5913.0,5913.0,65043000.0,65043000.0,KOSPI,0.36
016450,한세예스24홀딩스,4350.0,2284.0,2284.0,9935400.0,9935400.0,KOSPI,1.28
009470,삼화전기,26300.0,35027.0,35027.0,921210100.0,921210100.0,KOSPI,-2.41
414780,TIGER 차이나과창판STAR50(합성),12695.0,94388.0,94388.0,1198255660.0,1198255660.0,KOSPI,-2.61
213500,한솔제지,7290.0,33920.0,33920.0,247276800.0,247276800.0,KOSPI,-0.68
000700,유수홀딩스,6660.0,7110.0,7110.0,47352600.0,47352600.0,KOSPI,-0.45
003220,대원제약,7710.0,17879.0,56093.0,137847090.0,432477030.0,KOSPI,-0.64
530134,삼성 블룸버그 인버스2X WTI원유선물 ETN B,1907.0,4970229.0,4970229.0,9478226703.0,9478226703.0,KOSPI,8.78
461950,KODEX 2차전지핵심소재10,4835.0,561426.0,561426.0,2714494710.0,2714494710.0,KOSPI,2.22
412570,TIGER 2차전지TOP10레버리지,1138.0,4858768.0,4858768.0,5529277984.0,5529277984.0,KOSPI,1.34
476450,KIWOOM 머니마켓액티브,52890.0,229.0,229.0,12111810.0,12111810.0,KOSPI,0.02
002150,도화엔지니어링,5060.0,21525.0,21525.0,108916500.0,108916500.0,KOSPI,0.2
014710,사조씨푸드,9900.0,4266.0,4266.0,42233400.0,42233400.0,KOSPI,-0.7
483290,KODEX 미국배당다우존스타겟커버드콜,9680.0,143509.0,143509.0,1389167120.0,1389167120.0,KOSPI,-0.62
0040X0,SOL 팔란티어미국채커버드콜혼합,9005.0,114285.0,114285.0,1029136425.0,1029136425.0,KOSPI,-0.83
403790,MIDAS 코스피액티브,57850.0,4347.0,4347.0,251473950.0,251473950.0,KOSPI,0.0
003460,유화증권,2980.0,30251.0,30251.0,90147980.0,90147980.0,KOSPI,0.0
272560,RISE 단기국공채액티브,114890.0,4482.0,4482.0,514936980.0,514936980.0,KOSPI,0.01
0192Z0,TIGER 중기종합채권(A-이상)액티브,100870.0,10049.0,10049.0,1013642630.0,1013642630.0,KOSPI,0.05
337160,KODEX 200ESG,48030.0,13248.0,13248.0,636301440.0,636301440.0,KOSPI,-0.92
241590,화승엔터프라이즈,2680.0,33118.0,33118.0,88756240.0,88756240.0,KOSPI,-0.37
490600,RISE 미국배당100데일리고정커버드콜,8470.0,113288.0,113288.0,959549360.0,959549360.0,KOSPI,-0.41
237370,KODEX 코리아배당성장채권혼합,15495.0,28547.0,28547.0,442335765.0,442335765.0,KOSPI,-0.26
480030,ACE 미국500데일리타겟커버드콜(합성),9520.0,62817.0,62817.0,598017840.0,598017840.0,KOSPI,-0.21
460850,동국씨엠,5330.0,16843.0,16843.0,89773190.0,89773190.0,KOSPI,0.57
0005D0,SOL 전고체배터리&실리콘음극재,15165.0,620190.0,620190.0,9405181350.0,9405181350.0,KOSPI,3.16
0193G0,KoAct 코스피액티브,8450.0,138914.0,138914.0,1173823300.0,1173823300.0,KOSPI,0.12
491820,HANARO 전력설비투자,43390.0,43044.0,43044.0,1867679160.0,1867679160.0,KOSPI,-0.28
090350,노루페인트,7910.0,26372.0,26372.0,208602520.0,208602520.0,KOSPI,0.89
472870,RISE 미국30년국채엔화노출(합성 H),6505.0,147249.0,147249.0,957854745.0,957854745.0,KOSPI,0.0
000860,강남제비스코,12130.0,4797.0,4797.0,58187610.0,58187610.0,KOSPI,-0.49
200250,KIWOOM 인도Nifty50(합성),19790.0,3789.0,3789.0,74984310.0,74984310.0,KOSPI,0.15
160580,TIGER 구리실물,16105.0,35149.0,35149.0,566074645.0,566074645.0,KOSPI,-0.46
570051,한투 나스닥100 ETN,31000.0,68.0,68.0,2108000.0,2108000.0,KOSPI,0.26
354500,ACE 코스닥150,14620.0,77020.0,77020.0,1126032400.0,1126032400.0,KOSPI,1.18
152870,파워 200,110635.0,1438.0,1438.0,159093130.0,159093130.0,KOSPI,-0.27
002170,SYTS,51600.0,1039.0,1039.0,53612400.0,53612400.0,KOSPI,-1.15
400760,NH올원리츠,2805.0,92894.0,92894.0,260567670.0,260567670.0,KOSPI,0.18
008970,KBI동양철관,1483.0,17613589.0,17613589.0,26120952487.0,26120952487.0,KOSPI,29.97
004380,삼익THK,7430.0,13892.0,13892.0,103217560.0,103217560.0,KOSPI,-0.54
0064K0,KODEX 금액티브,11880.0,40979.0,40979.0,486830520.0,486830520.0,KOSPI,1.5
00279K,아모레퍼시픽홀딩스3우C,21550.0,1433.0,1433.0,30881150.0,30881150.0,KOSPI,-1.15
001780,알루코,1574.0,188814.0,188814.0,297193236.0,297193236.0,KOSPI,1.81
007570,일양약품,7970.0,11610.0,11610.0,92531700.0,92531700.0,KOSPI,-0.5
013890,지누스,6920.0,11962.0,17216.0,82777040.0,119134720.0,KOSPI,-1.0
006805,미래에셋증권우,11260.0,6884.0,6884.0,77513840.0,77513840.0,KOSPI,0.0
011785,금호석유화학우,49800.0,2475.0,2475.0,123255000.0,123255000.0,KOSPI,-0.4
000970,한국주철관,6600.0,16337.0,16337.0,107824200.0,107824200.0,KOSPI,0.61
001045,CJ우,66500.0,1367.0,1367.0,90905500.0,90905500.0,KOSPI,-1.48
462520,조선내화,12650.0,2503.0,2503.0,31662950.0,31662950.0,KOSPI,-0.16
471760,TIGER AI반도체핵심공정,15855.0,744937.0,744937.0,11810976135.0,11810976135.0,KOSPI,-0.16
458210,KIWOOM CD금리액티브(합성),110865.0,1112.0,1112.0,123281880.0,123281880.0,KOSPI,0.0
394670,TIGER 글로벌리튬&2차전지SOLACTIVE(합성),10190.0,24364.0,24364.0,248269160.0,248269160.0,KOSPI,0.15
0180V0,ACE 미국우주테크액티브,7745.0,146418.0,146418.0,1134007410.0,1134007410.0,KOSPI,-1.65
272550,삼양패키징,9840.0,11973.0,11973.0,117814320.0,117814320.0,KOSPI,0.0
219480,KODEX 미국S&P500선물(H),33095.0,18047.0,18047.0,597265465.0,597265465.0,KOSPI,-0.02
097955,CJ제일제당 우,110800.0,5703.0,5703.0,631892400.0,631892400.0,KOSPI,0.45
004150,한솔홀딩스,3580.0,47764.0,47764.0,170995120.0,170995120.0,KOSPI,-0.14
438560,SOL 국고채3년,100390.0,431.0,431.0,43268090.0,43268090.0,KOSPI,0.2
271980,제일약품,9970.0,7457.0,7457.0,74346290.0,74346290.0,KOSPI,0.3
293480,하나제약,8240.0,4854.0,4854.0,39996960.0,39996960.0,KOSPI,0.0
004090,한국석유,11530.0,62803.0,62803.0,724118590.0,724118590.0,KOSPI,-0.69
0151P0,RISE 코리아전략산업액티브,14975.0,97677.0,97677.0,1462713075.0,1462713075.0,KOSPI,-0.17
0104H0,KoAct 미국나스닥채권혼합50액티브,11885.0,23022.0,23022.0,273616470.0,273616470.0,KOSPI,0.59
491610,1Q CD금리액티브(합성),105110.0,10885.0,10885.0,1144122350.0,1144122350.0,KOSPI,0.0
138520,TIGER 삼성그룹,35925.0,9158.0,9158.0,329001150.0,329001150.0,KOSPI,-0.32
004970,신라교역,9000.0,1825.0,1825.0,16425000.0,16425000.0,KOSPI,0.0
0051G0,SOL 미국원자력SMR,11635.0,22742.0,22742.0,264603170.0,264603170.0,KOSPI,0.34
003830,대한화섬,108200.0,144.0,144.0,15580800.0,15580800.0,KOSPI,-0.37
550089,N2 월간 레버리지 코스피 200 선물 ETN,142910.0,15.0,15.0,2143650.0,2143650.0,KOSPI,-0.68
0199C0,ACE 고배당주Plus커버드콜액티브,8920.0,757922.0,757922.0,6760664240.0,6760664240.0,KOSPI,-1.82
014280,금강공업,4850.0,2367654.0,2367654.0,11483121900.0,11483121900.0,KOSPI,2.43
0127M0,ACE 미국대형가치주액티브,11845.0,60278.0,60278.0,713992910.0,713992910.0,KOSPI,-0.92
016880,웅진,1778.0,114807.0,114807.0,204126846.0,204126846.0,KOSPI,-1.17
001080,만호제강,4045.0,70301.0,70301.0,284367545.0,284367545.0,KOSPI,3.98
481180,SOL 미국AI소프트웨어,16515.0,63000.0,63000.0,1040445000.0,1040445000.0,KOSPI,0.43
071840,롯데하이마트,6010.0,7786.0,7786.0,46793860.0,46793860.0,KOSPI,-0.5
457990,PLUS 태양광&ESS,36375.0,315451.0,315451.0,11474530125.0,11474530125.0,KOSPI,2.61
107590,미원홀딩스,60900.0,23.0,23.0,1400700.0,1400700.0,KOSPI,-0.16
451530,TIGER 국고채30년스트립액티브,35700.0,26024.0,26024.0,929056800.0,929056800.0,KOSPI,2.35
000020,동화약품,5040.0,26951.0,26951.0,135833040.0,135833040.0,KOSPI,-0.59
025820,이구산업,4175.0,79642.0,79642.0,332505350.0,332505350.0,KOSPI,-0.36
003480,한진중공업홀딩스,4705.0,35580.0,35580.0,167403900.0,167403900.0,KOSPI,-0.42
015890,태경산업,4745.0,18516.0,18516.0,87858420.0,87858420.0,KOSPI,-0.42
0041E0,KODEX 미국S&P500액티브,16070.0,38629.0,38629.0,620768030.0,620768030.0,KOSPI,0.0
0048K0,KODEX 차이나휴머노이드로봇,7695.0,98659.0,98659.0,759181005.0,759181005.0,KOSPI,-0.9
143860,TIGER 헬스케어,34690.0,14334.0,14334.0,497246460.0,497246460.0,KOSPI,-0.13
0131W0,1Q 단기특수은행채액티브,102325.0,53.0,53.0,5423225.0,5423225.0,KOSPI,0.01
008350,남선알미늄,1068.0,267894.0,267894.0,286110792.0,286110792.0,KOSPI,-0.19
094280,효성ITX,11890.0,10084.0,10084.0,119898760.0,119898760.0,KOSPI,-0.42
245340,TIGER 미국다우존스30,33920.0,8043.0,8043.0,272818560.0,272818560.0,KOSPI,-0.15
004080,신흥,14720.0,5386.0,5386.0,79281920.0,79281920.0,KOSPI,1.52
495330,1Q 코리아밸류업,31740.0,1212.0,1212.0,38468880.0,38468880.0,KOSPI,-0.72
530136,삼성 인버스 2X 천연가스 선물 ETN D,13635.0,114174.0,114174.0,1556762490.0,1556762490.0,KOSPI,6.07
012610,경인양행,3260.0,123065.0,123065.0,401191900.0,401191900.0,KOSPI,1.09
476030,SOL 미국나스닥100,17220.0,72450.0,72450.0,1247589000.0,1247589000.0,KOSPI,0.0
024090,디씨엠,11670.0,1717.0,1717.0,20037390.0,20037390.0,KOSPI,2.46
760007,키움 코스피 200 TR ETN,33250.0,86.0,86.0,2859500.0,2859500.0,KOSPI,-1.14
018470,조일알미늄,5220.0,66503.0,66503.0,347145660.0,347145660.0,KOSPI,0.19
463680,KODEX 미국S&P500테크놀로지,22865.0,11364.0,11364.0,259837860.0,259837860.0,KOSPI,0.46
081000,일진다이아,9250.0,12908.0,12908.0,119399000.0,119399000.0,KOSPI,0.33
570050,한투 S&P500선물 ETN,26155.0,2.0,2.0,52310.0,52310.0,KOSPI,-0.4
0091M0,HANARO 27-06 회사채(AA-이상)액티브,10165.0,14916.0,14916.0,151621140.0,151621140.0,KOSPI,0.05
214390,경보제약,5450.0,16977.0,16977.0,92524650.0,92524650.0,KOSPI,2.06
0092B0,SOL 한국원자력SMR,15550.0,70914.0,70914.0,1102712700.0,1102712700.0,KOSPI,1.01
139220,TIGER 200 건설,7610.0,156572.0,156572.0,1191512920.0,1191512920.0,KOSPI,0.2
0181B0,HANARO 미국AI메모리반도체TOP4+,10180.0,228137.0,228137.0,2322434660.0,2322434660.0,KOSPI,0.64
411420,KODEX 미국나스닥AI테크액티브,27060.0,25483.0,25483.0,689569980.0,689569980.0,KOSPI,0.69
520066,미래에셋 KRX금현물 Auto-KO-C 2810-01 ETN,21230.0,35354.0,35354.0,750565420.0,750565420.0,KOSPI,0.86
461500,HANARO 종합채권(AA-이상)액티브,105295.0,11.0,11.0,1158245.0,1158245.0,KOSPI,0.41
0209D0,KODEX 전고체배터리ESS TOP2플러스,8220.0,814909.0,814909.0,6698551980.0,6698551980.0,KOSPI,3.2
267290,경동도시가스,21450.0,3502.0,3502.0,75117900.0,75117900.0,KOSPI,-0.69
463290,1Q 단기금융채액티브,109485.0,1371.0,1371.0,150103935.0,150103935.0,KOSPI,0.01
325010,KODEX 성장주,43525.0,2415.0,2415.0,105112875.0,105112875.0,KOSPI,0.02
500037,신한 레버리지 금 선물 ETN,63050.0,320.0,320.0,20176000.0,20176000.0,KOSPI,1.43
0074K0,KoAct K수출핵심기업TOP30액티브,17070.0,16659.0,16659.0,284369130.0,284369130.0,KOSPI,1.07
013520,화승코퍼레이션,2505.0,86831.0,86831.0,217511655.0,217511655.0,KOSPI,-0.6
004960,한신공영,10820.0,24883.0,24883.0,269234060.0,269234060.0,KOSPI,0.65
760011,키움 레버리지 2차전지산업 ETN,8040.0,3467.0,3467.0,27874680.0,27874680.0,KOSPI,3.28
011690,와이투솔루션,3395.0,97117.0,97117.0,329712215.0,329712215.0,KOSPI,-0.44
003010,혜인,9800.0,668007.0,668007.0,6546468600.0,6546468600.0,KOSPI,4.48
447620,SOL 미국TOP5채권혼합50,15765.0,58312.0,58312.0,919288680.0,919288680.0,KOSPI,-0.35
092220,KEC,3100.0,435658.0,435658.0,1350539800.0,1350539800.0,KOSPI,0.0
009270,신원,1083.0,77704.0,77704.0,84153432.0,84153432.0,KOSPI,1.03
078000,텔코웨어,13450.0,1579.0,1579.0,21237550.0,21237550.0,KOSPI,0.82
0000Y0,HK 26-12 회사채(AA-이상)액티브,102070.0,2.0,2.0,204140.0,204140.0,KOSPI,0.0
448100,WON 200,112195.0,6432.0,6432.0,721638240.0,721638240.0,KOSPI,-0.41
005800,신영와코루,13710.0,1427.0,1427.0,19564170.0,19564170.0,KOSPI,1.56
002210,동성제약,1276.0,51099.0,51099.0,65202324.0,65202324.0,KOSPI,2.0
210540,디와이파워,11140.0,13331.0,13331.0,148507340.0,148507340.0,KOSPI,0.54
001360,삼성제약,1304.0,203739.0,203739.0,265675656.0,265675656.0,KOSPI,1.09
006060,화승인더,2210.0,44981.0,44981.0,99408010.0,99408010.0,KOSPI,0.0
304660,KODEX 미국30년국채울트라선물(H),6945.0,19552.0,19552.0,135788640.0,135788640.0,KOSPI,0.0
001520,동양,1140.0,296331.0,296331.0,337817340.0,337817340.0,KOSPI,1.6
002390,한독,8810.0,3476.0,3476.0,30623560.0,30623560.0,KOSPI,3.65
0123G0,TIGER 미국AI전력SMR,5860.0,87347.0,87347.0,511853420.0,511853420.0,KOSPI,1.56
438570,SOL 국고채10년,98105.0,145.0,145.0,14225225.0,14225225.0,KOSPI,0.56
350520,이지스레지던스리츠,3275.0,25491.0,25491.0,83483025.0,83483025.0,KOSPI,-0.61
009070,KCTC,4015.0,50539.0,50539.0,202914085.0,202914085.0,KOSPI,1.39
015590,DKME,2255.0,74837.0,74837.0,168757435.0,168757435.0,KOSPI,5.62
0197X0,SOL SK하이닉스선물단일종목인버스2X,5885.0,16292896.0,16292896.0,95883692960.0,95883692960.0,KOSPI,-1.83
377990,TIGER Fn신재생에너지,24530.0,44953.0,44953.0,1102697090.0,1102697090.0,KOSPI,1.64
214420,토니모리,4995.0,29185.0,29185.0,145779075.0,145779075.0,KOSPI,0.0
328370,PLUS 코스피TR,38695.0,32.0,32.0,1238240.0,1238240.0,KOSPI,0.58
192090,TIGER 차이나CSI300,11670.0,22146.0,22146.0,258443820.0,258443820.0,KOSPI,0.34
089470,HDC현대EP,3745.0,69055.0,69055.0,258610975.0,258610975.0,KOSPI,-1.71
0085P0,ACE 미국10년국채액티브,9310.0,298433.0,298433.0,2778411230.0,2778411230.0,KOSPI,-0.16
037560,LG헬로비전,1527.0,69090.0,69090.0,105500430.0,105500430.0,KOSPI,-1.1
002620,제일파마홀딩스,7390.0,2170.0,2170.0,16036300.0,16036300.0,KOSPI,-2.76
001210,금호전기,9330.0,835817.0,835817.0,7798172610.0,7798172610.0,KOSPI,-3.32
469170,ACE 포스코그룹포커스,5795.0,360273.0,360273.0,2087782035.0,2087782035.0,KOSPI,2.11
0184L0,PLUS 중기종합채권(A-이상)액티브,100715.0,110.0,110.0,11078650.0,11078650.0,KOSPI,0.21
332940,HANARO MSCI Korea TR,48995.0,94.0,94.0,4605530.0,4605530.0,KOSPI,0.25
227840,현대코퍼레이션홀딩스,12880.0,5721.0,5721.0,73686480.0,73686480.0,KOSPI,-0.54
014530,극동유화,3350.0,40942.0,40942.0,137155700.0,137155700.0,KOSPI,-0.15
034590,인천도시가스,26600.0,173.0,173.0,4601800.0,4601800.0,KOSPI,0.76
399110,SOL 미국S&P500ESG,20370.0,10483.0,10483.0,213538710.0,213538710.0,KOSPI,-0.66
491230,PLUS 국공채머니마켓액티브,52620.0,193.0,193.0,10155660.0,10155660.0,KOSPI,0.01
079430,현대리바트,5730.0,23938.0,23938.0,137164740.0,137164740.0,KOSPI,2.32
017550,수산세보틱스,1838.0,131293.0,131293.0,241316534.0,241316534.0,KOSPI,1.55
114820,TIGER 국채3년,105015.0,17890.0,17890.0,1878718350.0,1878718350.0,KOSPI,0.18
0168K0,TIGER 기술이전바이오액티브,5465.0,792187.0,792187.0,4329301955.0,4329301955.0,KOSPI,0.37
016740,두올,3975.0,26954.0,26954.0,107142150.0,107142150.0,KOSPI,-0.38
182480,TIGER 미국MSCI리츠(합성 H),12890.0,8476.0,8476.0,109255640.0,109255640.0,KOSPI,-0.39
304940,KODEX 미국나스닥100선물(H),33325.0,3739.0,3739.0,124602175.0,124602175.0,KOSPI,0.32
326240,RISE IT플러스,45275.0,3038.0,3038.0,137545450.0,137545450.0,KOSPI,0.66
319640,TIGER 골드선물(H),24535.0,7263.0,7263.0,178197705.0,178197705.0,KOSPI,0.9
002460,HS화성,11080.0,2299.0,2299.0,25472920.0,25472920.0,KOSPI,-0.09
083420,그린케미칼,4675.0,16198.0,16198.0,75725650.0,75725650.0,KOSPI,0.75
023450,동남합성,31950.0,490.0,490.0,15655500.0,15655500.0,KOSPI,-0.93
004100,태양금속,3045.0,273056.0,273056.0,831455520.0,831455520.0,KOSPI,-0.81
0174B0,KoAct 글로벌AI메모리반도체액티브,15180.0,119898.0,119898.0,1820051640.0,1820051640.0,KOSPI,0.83
0000J0,PLUS 한화그룹주,27880.0,75691.0,75691.0,2110265080.0,2110265080.0,KOSPI,0.67
016710,대성홀딩스,6920.0,4823.0,4823.0,33375160.0,33375160.0,KOSPI,-0.86
266370,KODEX IT,71415.0,10263.0,10263.0,732932145.0,732932145.0,KOSPI,-0.12
008040,사조동아원,7840.0,6618.0,6618.0,51885120.0,51885120.0,KOSPI,-0.51
367770,RISE 수소경제테마,21450.0,16771.0,16771.0,359737950.0,359737950.0,KOSPI,0.28
0036R0,RISE 미국휴머노이드로봇,19685.0,11967.0,11967.0,235570395.0,235570395.0,KOSPI,-0.13
550092,N2 월간 레버리지 방위산업 Top5 ETN,109245.0,11.0,11.0,1201695.0,1201695.0,KOSPI,0.17
488500,TIGER 미국S&P500동일가중,12010.0,16804.0,16804.0,201816040.0,201816040.0,KOSPI,0.08
013570,디와이,4125.0,16340.0,16340.0,67402500.0,67402500.0,KOSPI,-0.84
012800,대창,1186.0,155680.0,155680.0,184636480.0,184636480.0,KOSPI,1.45
0221V0,IBK 초단기채권액티브,100715.0,298.0,298.0,30013070.0,30013070.0,KOSPI,0.01
009580,무림P&P,1726.0,267080.0,267080.0,460980080.0,460980080.0,KOSPI,1.11
570019,한투 코스피양매도5%OTM ETN,7165.0,38.0,38.0,272270.0,272270.0,KOSPI,0.63
309230,ACE 미국WideMoat동일가중,29050.0,4175.0,4175.0,121283750.0,121283750.0,KOSPI,-0.6
012200,계양전기,3015.0,463123.0,463123.0,1396315845.0,1396315845.0,KOSPI,-1.47
0193M0,BNK 27-12 특수채(AAA이상)액티브,50345.0,2.0,2.0,100690.0,100690.0,KOSPI,0.01
203780,TIGER 미국나스닥바이오,34950.0,8178.0,8178.0,285821100.0,285821100.0,KOSPI,-0.13
455860,SOL 2차전지소부장Fn,4395.0,315597.0,315597.0,1387048815.0,1387048815.0,KOSPI,1.38
021820,세원정공,10600.0,2240.0,2240.0,23744000.0,23744000.0,KOSPI,0.28
476850,KoAct 배당성장액티브,21615.0,45394.0,45394.0,981191310.0,981191310.0,KOSPI,-0.69
496090,KIWOOM 코리아밸류업,32055.0,506.0,506.0,16219830.0,16219830.0,KOSPI,-0.34
0132K0,PLUS 테슬라위클리커버드콜채권혼합,7915.0,90894.0,90894.0,719426010.0,719426010.0,KOSPI,0.06
078935,GS우,59200.0,3157.0,3157.0,186894400.0,186894400.0,KOSPI,0.17
0137V0,KIWOOM 미국S&P500모멘텀,11470.0,55784.0,55784.0,639842480.0,639842480.0,KOSPI,-0.04
004250,NPC,2845.0,7093.0,7093.0,20179585.0,20179585.0,KOSPI,0.35
010100,한국무브넥스,3425.0,37330.0,37330.0,127855250.0,127855250.0,KOSPI,0.88
014580,태경비케이,3775.0,33418.0,33418.0,126152950.0,126152950.0,KOSPI,0.13
0138Y0,PLUS 금채권혼합,9465.0,65554.0,65554.0,620468610.0,620468610.0,KOSPI,0.26
027970,한국제지,2735.0,7484.0,7484.0,20468740.0,20468740.0,KOSPI,0.37
464310,TIGER 글로벌AI&로보틱스 INDXX,13305.0,9737.0,9737.0,129550785.0,129550785.0,KOSPI,1.06
372330,KODEX 차이나항셍테크,6270.0,86779.0,86779.0,544104330.0,544104330.0,KOSPI,-0.4
120030,조선선재,82500.0,284.0,284.0,23430000.0,23430000.0,KOSPI,-0.12
37550L,DL이앤씨2우(전환),49050.0,595.0,595.0,29184750.0,29184750.0,KOSPI,0.72
475310,SOL 반도체후공정,30785.0,473979.0,473979.0,14591443515.0,14591443515.0,KOSPI,1.33
012320,경동인베스트,43550.0,4051.0,4051.0,176421050.0,176421050.0,KOSPI,1.16
500050,신한 레버리지 S&P500 선물 ETN,51435.0,15.0,15.0,771525.0,771525.0,KOSPI,-0.56
464930,TIGER 글로벌혁신블루칩TOP10,20460.0,2584.0,2584.0,52868640.0,52868640.0,KOSPI,0.07
0191W0,HANARO 중기종합채권(A-이상)액티브,100975.0,52.0,52.0,5250700.0,5250700.0,KOSPI,0.27
570116,한투 레버리지WTI원유선물 ETN B,51100.0,454.0,454.0,23199400.0,23199400.0,KOSPI,-8.5
267850,아시아나IDT,9180.0,4910.0,4910.0,45073800.0,45073800.0,KOSPI,0.44
0122W0,RISE 26-11 회사채(AA-이상)액티브,51095.0,369.0,369.0,18854055.0,18854055.0,KOSPI,0.01
006660,삼성공조,12480.0,90949.0,90949.0,1135043520.0,1135043520.0,KOSPI,-2.35
475050,ACE KPOP포커스,6785.0,193346.0,193346.0,1311852610.0,1311852610.0,KOSPI,-1.38
251340,KODEX 코스닥150선물인버스,2340.0,38516747.0,38516747.0,90129187980.0,90129187980.0,KOSPI,-0.85
0135Y0,IBK 중기종합채권(AA-이상)액티브,100290.0,10.0,10.0,1002900.0,1002900.0,KOSPI,0.16
168580,ACE 중국본토CSI300,32260.0,1793.0,1793.0,57842180.0,57842180.0,KOSPI,0.55
530055,삼성 레버리지 금 선물 ETN(H),100325.0,240.0,240.0,24078000.0,24078000.0,KOSPI,2.09
123690,한국화장품,6240.0,27377.0,27377.0,170832480.0,170832480.0,KOSPI,-0.32
465610,ACE 미국빅테크TOP7 Plus레버리지(합성),41730.0,8380.0,8380.0,349697400.0,349697400.0,KOSPI,-0.42
248170,샘표식품,21850.0,29664.0,29664.0,648158400.0,648158400.0,KOSPI,-1.13
003580,HLB글로벌,1970.0,1312976.0,1312976.0,2586562720.0,2586562720.0,KOSPI,-2.96
458030,WON 국공채머니마켓액티브,55165.0,153.0,153.0,8440245.0,8440245.0,KOSPI,0.01
0080Y0,SOL 조선TOP3플러스레버리지,7625.0,519228.0,519228.0,3959113500.0,3959113500.0,KOSPI,1.4
070960,모나용평,2055.0,28394.0,28394.0,58349670.0,58349670.0,KOSPI,0.98
530107,삼성 인버스 2X 코스닥150 선물 ETN,1644.0,20467037.0,20467037.0,33647808828.0,33647808828.0,KOSPI,-1.67
0162L0,KODEX 차이나AI반도체TOP10,12325.0,279872.0,279872.0,3449422400.0,3449422400.0,KOSPI,-2.76
0008T0,SOL 화장품TOP3플러스,16975.0,964161.0,964161.0,16366632975.0,16366632975.0,KOSPI,-2.41
002450,삼익악기,1087.0,80396.0,80396.0,87390452.0,87390452.0,KOSPI,-0.09
394660,TIGER 글로벌자율주행&전기차SOLACTIVE,14910.0,2357.0,2357.0,35142870.0,35142870.0,KOSPI,0.78
610037,메리츠 미국채30년 ETN(H),6985.0,109.0,109.0,761365.0,761365.0,KOSPI,0.07
035000,HS애드,6030.0,227751.0,227751.0,1373338530.0,1373338530.0,KOSPI,0.33
0142D0,TIGER 미국AI데이터센터TOP4Plus,10395.0,92002.0,92002.0,956360790.0,956360790.0,KOSPI,2.46
011280,태림포장,1380.0,26627.0,26627.0,36745260.0,36745260.0,KOSPI,0.0
0177X0,ACE K휴머노이드로봇산업TOP2+,9465.0,206201.0,206201.0,1951692465.0,1951692465.0,KOSPI,-0.05
008700,아남전자,1259.0,271570.0,271570.0,341906630.0,341906630.0,KOSPI,-1.64
008260,NI스틸,3390.0,88826.0,88826.0,301120140.0,301120140.0,KOSPI,2.73
264900,크라운제과,7700.0,6673.0,6673.0,51382100.0,51382100.0,KOSPI,0.0
461460,PLUS 국고채10년액티브,51270.0,116.0,116.0,5947320.0,5947320.0,KOSPI,0.55
014790,HL D&I,2525.0,39217.0,39217.0,99022925.0,99022925.0,KOSPI,0.4
417310,코람코더원리츠,2365.0,167076.0,167076.0,395134740.0,395134740.0,KOSPI,-0.84
002780,진흥기업,6540.0,29839.0,29839.0,195147060.0,195147060.0,KOSPI,0.0
486240,DAISHIN AI반도체&인프라액티브,30545.0,316.0,316.0,9652220.0,9652220.0,KOSPI,-0.07
473440,ACE 11월만기자동연장회사채AA-이상액티브,10865.0,529.0,529.0,5747585.0,5747585.0,KOSPI,-0.05
433970,KODEX TDF2030액티브 적격,13855.0,20853.0,20853.0,288918315.0,288918315.0,KOSPI,0.25
067830,세이브존I&C,2290.0,8988.0,8988.0,20582520.0,20582520.0,KOSPI,0.22
013700,까뮤이앤씨,1566.0,90010.0,90010.0,140955660.0,140955660.0,KOSPI,-1.39
002200,한국수출포장,2790.0,9901.0,9901.0,27623790.0,27623790.0,KOSPI,0.0
007540,샘표,46350.0,11330.0,11330.0,525145500.0,525145500.0,KOSPI,-1.07
014440,영보화학,4670.0,6782.0,6782.0,31671940.0,31671940.0,KOSPI,-0.32
114100,RISE 국고채3년,105965.0,143.0,143.0,15152995.0,15152995.0,KOSPI,0.16
195980,PLUS 신흥국MSCI(합성 H),15170.0,22505.0,22505.0,341400850.0,341400850.0,KOSPI,0.07
530061,삼성 레버리지 은 선물 ETN(H),31040.0,6727.0,6727.0,208806080.0,208806080.0,KOSPI,1.27
007210,벽산,1421.0,33545.0,33545.0,47667445.0,47667445.0,KOSPI,-0.7
032560,황금에스티,5460.0,20810.0,20810.0,113622600.0,113622600.0,KOSPI,-0.91
0176E0,RISE 미국AI전력인프라액티브,9755.0,9413.0,9413.0,91823815.0,91823815.0,KOSPI,3.23
036580,팜스코,2510.0,14146.0,14146.0,35506460.0,35506460.0,KOSPI,1.01
479620,SOL 미국AI반도체칩메이커,26705.0,29528.0,29528.0,788545240.0,788545240.0,KOSPI,0.47
025620,차AI헬스케어,5050.0,2936.0,2936.0,14826800.0,14826800.0,KOSPI,-2.13
363280,티와이홀딩스,2020.0,7046.0,7046.0,14232920.0,14232920.0,KOSPI,0.5
453080,KIWOOM 미국나스닥100(H),23520.0,19852.0,19852.0,466919040.0,466919040.0,KOSPI,0.19
0035T0,PLUS 글로벌휴머노이드로봇액티브,19100.0,14528.0,14528.0,277484800.0,277484800.0,KOSPI,0.08
580039,KB 레버리지 KOSPI 200 선물 ETN,183030.0,185.0,185.0,33860550.0,33860550.0,KOSPI,-0.82
058850,KTcs,2210.0,88032.0,88032.0,194550720.0,194550720.0,KOSPI,1.61
308620,KODEX 미국10년국채선물,10975.0,21876.0,21876.0,240089100.0,240089100.0,KOSPI,-0.05
096775,SK이노베이션우,72800.0,2735.0,2735.0,199108000.0,199108000.0,KOSPI,2.1
001275,부국증권우,30250.0,517.0,517.0,15639250.0,15639250.0,KOSPI,0.33
143850,TIGER 미국S&P500선물(H),77190.0,604.0,604.0,46622760.0,46622760.0,KOSPI,0.03
006840,AK홀딩스,6830.0,1528.0,1528.0,10436240.0,10436240.0,KOSPI,1.49
001290,상상인증권,4175.0,34034.0,34034.0,142091950.0,142091950.0,KOSPI,1.33
269540,PLUS 미국S&P500(H),29990.0,3262.0,3262.0,97827380.0,97827380.0,KOSPI,-0.05
0052T0,1Q 중단기회사채(A-이상)액티브,50775.0,207.0,207.0,10510425.0,10510425.0,KOSPI,0.05
019180,티에이치엔,4990.0,39781.0,39781.0,198507190.0,198507190.0,KOSPI,0.2
058860,KTis,2580.0,103547.0,103547.0,267151260.0,267151260.0,KOSPI,-0.19
475280,ACE 8월만기자동연장회사채AA-이상액티브,10745.0,30126.0,30126.0,323703870.0,323703870.0,KOSPI,0.09
325020,KODEX 배당가치,28790.0,5284.0,5284.0,152126360.0,152126360.0,KOSPI,-1.67
298770,KODEX 한국대만IT프리미어,83225.0,17592.0,17592.0,1464094200.0,1464094200.0,KOSPI,0.3
454320,HANARO CAPEX설비투자iSelect,41305.0,1591.0,1591.0,65716255.0,65716255.0,KOSPI,-0.25
261270,KODEX 미국달러선물인버스,8265.0,10006.0,10006.0,82699590.0,82699590.0,KOSPI,0.12
139990,아주스틸,2285.0,36653.0,36653.0,83752105.0,83752105.0,KOSPI,2.01
023000,삼원강재,2225.0,13692.0,13692.0,30464700.0,30464700.0,KOSPI,1.14
0007N0,아이엠에셋 200,110260.0,408.0,408.0,44986080.0,44986080.0,KOSPI,-0.42
444490,WON 미국S&P500,19805.0,7661.0,7661.0,151726105.0,151726105.0,KOSPI,-0.2
468380,KODEX iShares미국하이일드액티브,10400.0,31086.0,31086.0,323294400.0,323294400.0,KOSPI,-0.43
0198A0,KIWOOM 코스닥150커버드콜액티브,8645.0,769841.0,769841.0,6655275445.0,6655275445.0,KOSPI,0.58
0066W0,SOL 국제금,11985.0,44768.0,44768.0,536544480.0,536544480.0,KOSPI,0.71
329670,KODEX TRF7030,21580.0,7196.0,7196.0,155289680.0,155289680.0,KOSPI,-0.14
004140,동방,1795.0,110954.0,110954.0,199162430.0,199162430.0,KOSPI,1.53
211900,KODEX 코리아배당성장,27325.0,2814.0,2814.0,76892550.0,76892550.0,KOSPI,-1.3
453330,RISE 미국S&P500(H),18150.0,18435.0,18435.0,334595250.0,334595250.0,KOSPI,0.08
006090,사조오양,9030.0,1498.0,1498.0,13526940.0,13526940.0,KOSPI,1.69
495040,PLUS 코리아밸류업,31500.0,164.0,164.0,5166000.0,5166000.0,KOSPI,-0.76
004890,동일산업,34750.0,933.0,933.0,32421750.0,32421750.0,KOSPI,0.0
007980,TP,1784.0,286298.0,286298.0,510755632.0,510755632.0,KOSPI,0.11
33626K,두산퓨얼셀1우,6200.0,5659.0,5659.0,35085800.0,35085800.0,KOSPI,1.31
485690,RISE 미국AI밸류체인TOP3Plus,22665.0,10003.0,10003.0,226717995.0,226717995.0,KOSPI,1.32
329660,KODEX TRF5050,17590.0,5488.0,5488.0,96533920.0,96533920.0,KOSPI,0.11
460960,ACE 글로벌인컴TOP10,10455.0,218358.0,218358.0,2282932890.0,2282932890.0,KOSPI,-0.05
002600,조흥,137000.0,20.0,20.0,2740000.0,2740000.0,KOSPI,-0.36
359210,KODEX 코스피TR,35680.0,66312.0,66312.0,2366012160.0,2366012160.0,KOSPI,-0.36
000850,화천기공,37300.0,4400.0,4400.0,164120000.0,164120000.0,KOSPI,-1.06
0017Y0,1Q 종합채권(AA-이상)액티브,94220.0,9.0,9.0,847980.0,847980.0,KOSPI,0.36
071090,하이스틸,4050.0,10140631.0,10140631.0,41069555550.0,41069555550.0,KOSPI,22.91
429760,PLUS 미국S&P500,19185.0,5773.0,5773.0,110755005.0,110755005.0,KOSPI,-0.21
449770,KIWOOM 미국S&P500,20635.0,3624.0,3624.0,74781240.0,74781240.0,KOSPI,-0.27
023800,인지컨트롤스,5080.0,20800.0,20800.0,105664000.0,105664000.0,KOSPI,1.6
337140,KODEX 코스피대형주,36430.0,6719.0,6719.0,244773170.0,244773170.0,KOSPI,-0.19
000590,CS홀딩스,69300.0,114.0,114.0,7900200.0,7900200.0,KOSPI,-1.28
0057H0,PLUS 미국S&P500미국채혼합50액티브,11420.0,139638.0,139638.0,1594665960.0,1594665960.0,KOSPI,-0.17
111380,동인기연,13000.0,2427.0,2427.0,31551000.0,31551000.0,KOSPI,0.46
011700,한신기계,2455.0,114186.0,114186.0,280326630.0,280326630.0,KOSPI,2.29
108450,ACE 삼성그룹섹터가중,39800.0,7306.0,7306.0,290778800.0,290778800.0,KOSPI,-0.24
0018C0,PLUS 고배당주위클리고정커버드콜,10345.0,71325.0,71325.0,737857125.0,737857125.0,KOSPI,-1.48
009180,한솔로지스틱스,2790.0,26434.0,26434.0,73750860.0,73750860.0,KOSPI,1.27
069730,DSR제강,5450.0,23781.0,23781.0,129606450.0,129606450.0,KOSPI,0.37
495750,HANARO 코리아밸류업,31920.0,1969.0,1969.0,62850480.0,62850480.0,KOSPI,-0.22
001260,남광토건,7950.0,100330.0,100330.0,797623500.0,797623500.0,KOSPI,-3.64
0098N0,PLUS 자사주매입고배당주,12830.0,37581.0,37581.0,482164230.0,482164230.0,KOSPI,-1.69
0049M0,ACE 미국배당퀄리티+커버드콜액티브,11005.0,20445.0,20445.0,224997225.0,224997225.0,KOSPI,0.0
007610,선도전기,4290.0,179249.0,179249.0,768978210.0,768978210.0,KOSPI,-1.15
138530,TIGER LG그룹플러스,11915.0,35530.0,35530.0,423339950.0,423339950.0,KOSPI,-1.33
272910,ACE 중장기국공채액티브,105990.0,2.0,2.0,211980.0,211980.0,KOSPI,0.28
469060,RISE 미국반도체NYSE,36720.0,12331.0,12331.0,452794320.0,452794320.0,KOSPI,0.74
004840,DRB동일,3985.0,6143.0,6143.0,24479855.0,24479855.0,KOSPI,0.38
005740,크라운해태홀딩스,5160.0,10624.0,10624.0,54819840.0,54819840.0,KOSPI,0.39
365040,TIGER AI코리아그로스액티브,36415.0,3045.0,3045.0,110883675.0,110883675.0,KOSPI,-0.19
0225V0,KODEX 미국CPU반도체TOP10,11755.0,315793.0,315793.0,3712146715.0,3712146715.0,KOSPI,0.26
210780,TIGER 코스피고배당,23130.0,6891.0,6891.0,159388830.0,159388830.0,KOSPI,-1.07
007590,동방아그로,5600.0,6937.0,6937.0,38847200.0,38847200.0,KOSPI,1.08
163560,동일고무벨트,5470.0,9855.0,9855.0,53906850.0,53906850.0,KOSPI,0.18
500096,신한 인버스2X 천연가스 선물 ETN B,15150.0,6736.0,6736.0,102050400.0,102050400.0,KOSPI,6.73
550093,N2 전력인프라 Top5 ETN,37820.0,12.0,12.0,453840.0,453840.0,KOSPI,-0.15
002220,한일철강,2830.0,102117.0,102117.0,288991110.0,288991110.0,KOSPI,3.66
228810,TIGER 미디어컨텐츠,3035.0,209358.0,209358.0,635401530.0,635401530.0,KOSPI,-1.14
0238F0,KODEX 미국AI메모리TOP2플러스,10710.0,268435.0,268435.0,2874938850.0,2874938850.0,KOSPI,-0.37
055490,테이팩스,15490.0,7428.0,7428.0,115059720.0,115059720.0,KOSPI,2.51
214330,금호에이치티,7090.0,67024.0,67024.0,475200160.0,475200160.0,KOSPI,4.73
010960,삼호개발,3070.0,62667.0,62667.0,192387690.0,192387690.0,KOSPI,-0.16
0080X0,SOL 미국S&P500미국채혼합50,10555.0,33018.0,33018.0,348504990.0,348504990.0,KOSPI,-0.14
109070,주성코퍼레이션,6980.0,28479.0,28479.0,198783420.0,198783420.0,KOSPI,0.43
000105,유한양행우,64100.0,292.0,292.0,18717200.0,18717200.0,KOSPI,-0.77
490480,SOL K방산,27235.0,10197.0,10197.0,277715295.0,277715295.0,KOSPI,-0.26
298340,PLUS 국채선물3년,56510.0,100.0,100.0,5651000.0,5651000.0,KOSPI,0.34
364960,TIGER BBIG,6165.0,9489.0,9489.0,58499685.0,58499685.0,KOSPI,0.82
0240J0,RISE 삼성SK그룹,10460.0,376782.0,376782.0,3941139720.0,3941139720.0,KOSPI,-0.24
013360,일성건설,1354.0,112746.0,112746.0,152658084.0,152658084.0,KOSPI,0.22
570120,한투 레버리지천연가스선물 ETN C,14625.0,15794.0,15794.0,230987250.0,230987250.0,KOSPI,-6.34
024900,디와이덕양,2235.0,92470.0,92470.0,206670450.0,206670450.0,KOSPI,1.59
292190,KODEX KRX300,48345.0,4332.0,4332.0,209430540.0,209430540.0,KOSPI,-0.18
157490,TIGER 소프트웨어,7795.0,42379.0,42379.0,330344305.0,330344305.0,KOSPI,-0.57
002795,아모레퍼시픽홀딩스우,11300.0,3199.0,3199.0,36148700.0,36148700.0,KOSPI,-0.7
412770,TIGER 글로벌AI플랫폼액티브,12570.0,3403.0,3403.0,42775710.0,42775710.0,KOSPI,1.21
013870,지엠비코리아,3775.0,8116.0,8116.0,30637900.0,30637900.0,KOSPI,-0.13
475350,RISE 버크셔포트폴리오TOP10,14050.0,16923.0,16923.0,237768150.0,237768150.0,KOSPI,-0.78
063160,종근당바이오,13050.0,5165.0,5165.0,67403250.0,67403250.0,KOSPI,0.85
338100,NH프라임리츠,3825.0,38210.0,38210.0,146153250.0,146153250.0,KOSPI,0.79
0210E0,PLUS 200커버드콜액티브,7200.0,193795.0,193795.0,1395324000.0,1395324000.0,KOSPI,-0.28
0098Z0,FOCUS 200,93550.0,6.0,6.0,561300.0,561300.0,KOSPI,-0.34
005750,대림바스,4225.0,25619.0,25619.0,108240275.0,108240275.0,KOSPI,0.0
120115,코오롱인더우,25300.0,953.0,953.0,24110900.0,24110900.0,KOSPI,0.4
0022T0,SOL 국제금커버드콜액티브,12275.0,39755.0,39755.0,487992625.0,487992625.0,KOSPI,1.15
0102A0,TIGER 미국AI소프트웨어TOP4Plus,8630.0,48267.0,48267.0,416544210.0,416544210.0,KOSPI,0.23
441540,HANARO Fn조선해운,25835.0,8051.0,8051.0,207997585.0,207997585.0,KOSPI,0.49
004770,써니전자,1964.0,400720.0,400720.0,787014080.0,787014080.0,KOSPI,-3.25
001020,페이퍼코리아,1959.0,3612.0,3612.0,7075908.0,7075908.0,KOSPI,1.14
001560,제일연마,9120.0,94.0,94.0,857280.0,857280.0,KOSPI,0.11
155660,DSR,4330.0,3012.0,3012.0,13041960.0,13041960.0,KOSPI,1.52
0190Y0,TIGER 구글밸류체인,8550.0,16472.0,16472.0,140835600.0,140835600.0,KOSPI,0.88
009770,삼정펄프,27700.0,1388.0,1388.0,38447600.0,38447600.0,KOSPI,-1.07
010040,한국내화,1684.0,5730.0,5730.0,9649320.0,9649320.0,KOSPI,0.54
004440,삼일씨엔에스,5430.0,39089.0,39089.0,212253270.0,212253270.0,KOSPI,0.74
211560,TIGER 배당성장,34285.0,3301.0,3301.0,113174785.0,113174785.0,KOSPI,-2.2
095720,웅진씽크빅,1212.0,25841.0,25841.0,31319292.0,31319292.0,KOSPI,-1.46
011150,CJ씨푸드,1915.0,20225.0,20225.0,38730875.0,38730875.0,KOSPI,0.79
002700,신일전자,999.0,855726.0,855726.0,854870274.0,854870274.0,KOSPI,1.94
530115,삼성 레버리지 나스닥 100 TR ETN,68425.0,1471.0,1471.0,100653175.0,100653175.0,KOSPI,0.04
031820,아이티센씨티에스,5650.0,11186.0,11186.0,63200900.0,63200900.0,KOSPI,0.0
0233A0,ACE 삼성전자SK하이닉스플러스채권혼합50,10680.0,203025.0,203025.0,2168307000.0,2168307000.0,KOSPI,-0.23
550091,N2 방위산업 Top5 ETN,34165.0,2893.0,2893.0,98839345.0,98839345.0,KOSPI,0.77
079980,휴비스,1980.0,12968.0,12968.0,25676640.0,25676640.0,KOSPI,2.75
000180,성창기업지주,4895.0,2706.0,2706.0,13245870.0,13245870.0,KOSPI,0.82
002720,국제약품,3220.0,12352.0,12352.0,39773440.0,39773440.0,KOSPI,-0.77
000230,일동홀딩스,5900.0,7377.0,7377.0,43524300.0,43524300.0,KOSPI,-0.34
130730,KIWOOM 단기자금,103155.0,171.0,171.0,17639505.0,17639505.0,KOSPI,0.01
266420,KODEX 헬스케어,15820.0,14113.0,14113.0,223267660.0,223267660.0,KOSPI,0.32
084670,동양고속,23450.0,5285.0,5285.0,123933250.0,123933250.0,KOSPI,-1.68
492500,1Q 현대차그룹채권(A+이상)&국고통안,51340.0,350.0,350.0,17969000.0,17969000.0,KOSPI,0.07
228800,TIGER 여행레저,2635.0,24244.0,24244.0,63882940.0,63882940.0,KOSPI,0.76
530131,삼성 인버스0.5X S&P500 VIX S/T선물 ETN B,22590.0,1139.0,1139.0,25730010.0,25730010.0,KOSPI,0.04
530126,삼성 코리아 밸류업 TR ETN,33585.0,2.0,2.0,67170.0,67170.0,KOSPI,1.47
010660,화천기계,3050.0,50727.0,50727.0,154717350.0,154717350.0,KOSPI,0.66
433880,PLUS TDF2060액티브 적격,18265.0,7824.0,7824.0,142905360.0,142905360.0,KOSPI,-0.22
491700,HK 200,111010.0,1.0,1.0,111010.0,111010.0,KOSPI,0.39
550084,N2 코스피 200 TR ETN,33280.0,12.0,12.0,399360.0,399360.0,KOSPI,-0.24
453950,TIGER TSMC파운드리밸류체인,34100.0,9342.0,9342.0,318562200.0,318562200.0,KOSPI,3.02
278620,PLUS 단기채권액티브,119125.0,424.0,424.0,50509000.0,50509000.0,KOSPI,0.03
0113D0,TIME 글로벌탑픽액티브,11660.0,32984.0,32984.0,384593440.0,384593440.0,KOSPI,-0.17
465330,RISE 2차전지TOP10,11285.0,43622.0,43622.0,492274270.0,492274270.0,KOSPI,2.17
473640,HANARO 글로벌금채굴기업,31560.0,9773.0,9773.0,308435880.0,308435880.0,KOSPI,0.64
085310,엔케이,8930.0,10302.0,10302.0,91996860.0,91996860.0,KOSPI,1.59
210980,SK디앤디,3550.0,63909.0,63909.0,226876950.0,226876950.0,KOSPI,-2.2
019680,대교,1635.0,16263.0,16263.0,26590005.0,26590005.0,KOSPI,1.18
007280,한국특강,2265.0,18290.0,18290.0,41426850.0,41426850.0,KOSPI,0.22
100220,비상교육,4975.0,4849.0,4849.0,24123775.0,24123775.0,KOSPI,-0.5
570100,한투 일본종합상사TOP5 ETN,21525.0,820.0,820.0,17650500.0,17650500.0,KOSPI,2.77
418670,TIGER 글로벌AI사이버보안,18705.0,68065.0,68065.0,1273155825.0,1273155825.0,KOSPI,0.19
0222D0,KoAct 고배당액티브,10040.0,126056.0,126056.0,1265602240.0,1265602240.0,KOSPI,-1.67
004720,팜젠사이언스,2835.0,4838.0,4838.0,13715730.0,13715730.0,KOSPI,-0.7
277640,TIGER 코스피대형주,37675.0,11891.0,11891.0,447993425.0,447993425.0,KOSPI,-0.72
458750,TIGER 미국배당다우존스타겟커버드콜1호,12270.0,10446.0,10446.0,128172420.0,128172420.0,KOSPI,-0.57
018500,동원모빌리티,1359.0,17731.0,17731.0,24096429.0,24096429.0,KOSPI,2.33
0123S0,HANARO 26-12 은행채(AA+이상)액티브,10200.0,970.0,970.0,9894000.0,9894000.0,KOSPI,0.0
500071,신한 레버리지 코스닥 150 선물 ETN,25275.0,4.0,4.0,101100.0,101100.0,KOSPI,2.35
017370,우신시스템,3450.0,7946.0,7946.0,27413700.0,27413700.0,KOSPI,-1.99
058730,다스코,3120.0,196056.0,196056.0,611694720.0,611694720.0,KOSPI,-0.64
005870,휴니드,4475.0,72872.0,72872.0,326102200.0,326102200.0,KOSPI,0.22
009200,무림페이퍼,1518.0,16568.0,16568.0,25150224.0,25150224.0,KOSPI,0.8
520081,미래에셋 2X 미국 테크&반도체 TOP3 ETN,63035.0,28.0,28.0,1764980.0,1764980.0,KOSPI,-1.1
520080,미래에셋 미국 테크&반도체 TOP3 ETN,20890.0,2.0,2.0,41780.0,41780.0,KOSPI,-0.36
261240,KODEX 미국달러선물,14005.0,40635.0,40635.0,569093175.0,569093175.0,KOSPI,-0.25
292770,KODEX 국채선물3년인버스,58055.0,1.0,1.0,58055.0,58055.0,KOSPI,-0.21
419890,KIWOOM 단기채권ESG액티브,107490.0,1389.0,1389.0,149303610.0,149303610.0,KOSPI,0.03
530067,삼성 KRX 금현물 ETN,31070.0,660.0,660.0,20506200.0,20506200.0,KOSPI,0.45
520095,미래에셋 레버리지 WTI원유 선물 ETN,24825.0,166942.0,166942.0,4144335150.0,4144335150.0,KOSPI,-8.95
016090,대현,1401.0,7977.0,7977.0,11175777.0,11175777.0,KOSPI,-0.14
306950,KODEX KRX300레버리지,77250.0,672.0,672.0,51912000.0,51912000.0,KOSPI,-0.45
580010,KB Wise 분할매매 ETN,10270.0,7.0,7.0,71890.0,71890.0,KOSPI,-0.53
068290,삼성출판사,6160.0,3347.0,3347.0,20617520.0,20617520.0,KOSPI,0.16
072130,유엔젤,4850.0,10474.0,10474.0,50798900.0,50798900.0,KOSPI,2.0
520086,미래에셋-0.5X S&P500 VIX S/T선물 ETN(H)B,24625.0,63.0,63.0,1551375.0,1551375.0,KOSPI,0.47
455660,ACE 미국하이일드액티브(H),9160.0,11270.0,11270.0,103233200.0,103233200.0,KOSPI,0.0
495940,RISE 미국AI테크액티브,19450.0,1572.0,1572.0,30575400.0,30575400.0,KOSPI,0.8
0115E0,KODEX 코리아소버린AI,14020.0,16893.0,16893.0,236839860.0,236839860.0,KOSPI,-0.11
252400,RISE 200선물레버리지,101485.0,839.0,839.0,85145915.0,85145915.0,KOSPI,-0.79
140700,KODEX 보험,20265.0,107292.0,107292.0,2174272380.0,2174272380.0,KOSPI,-3.96
004450,삼화왕관,28200.0,1825.0,1825.0,51465000.0,51465000.0,KOSPI,-1.05
453640,KODEX 미국S&P500헬스케어,14070.0,11803.0,11803.0,166068210.0,166068210.0,KOSPI,0.0
372910,한컴라이프케어,2175.0,148657.0,148657.0,323328975.0,323328975.0,KOSPI,2.11
580082,KB 레버리지 반도체 TOP10 TR ETN,24000.0,234.0,234.0,5616000.0,5616000.0,KOSPI,2.32
002760,보락,1001.0,57842.0,57842.0,57899842.0,57899842.0,KOSPI,-0.3
007815,코리아써우,20200.0,356.0,356.0,7191200.0,7191200.0,KOSPI,2.18
760018,키움 미국달러선물 ETN B,9970.0,2.0,2.0,19940.0,19940.0,KOSPI,0.0
440640,ACE 단기채권알파액티브,112895.0,737.0,737.0,83203615.0,83203615.0,KOSPI,0.02
204480,TIGER 차이나CSI300레버리지(합성),20930.0,871.0,871.0,18230030.0,18230030.0,KOSPI,0.19
275980,TIGER 글로벌4차산업혁신기술(합성 H),23770.0,665.0,665.0,15807050.0,15807050.0,KOSPI,0.36
480370,씨케이솔루션,1819.0,128449.0,128449.0,233648731.0,233648731.0,KOSPI,2.42
491220,PLUS 200TR,130480.0,432.0,432.0,56367360.0,56367360.0,KOSPI,-0.11
520100,미래에셋 레버리지 삼성전자 단일종목 ETN,11720.0,163185.0,163185.0,1912528200.0,1912528200.0,KOSPI,-2.62
111110,호전실업,6460.0,1472.0,1472.0,9509120.0,9509120.0,KOSPI,1.25
278240,RISE 코스닥150선물레버리지,8255.0,119167.0,119167.0,983723585.0,983723585.0,KOSPI,2.36
0166S0,PLUS K제조업핵심기업액티브,11250.0,15120.0,15120.0,170100000.0,170100000.0,KOSPI,-1.1
0040S0,HANARO 글로벌피지컬AI액티브,23290.0,12933.0,12933.0,301209570.0,301209570.0,KOSPI,0.17
000220,유유제약,3690.0,26412.0,26412.0,97460280.0,97460280.0,KOSPI,-0.27
0181L0,SOL 미국우주항공TOP10,6960.0,66287.0,66287.0,461357520.0,461357520.0,KOSPI,-1.76
480310,TIGER 글로벌온디바이스AI,21365.0,19249.0,19249.0,411254885.0,411254885.0,KOSPI,-0.3
003925,남양유업우,30500.0,444.0,444.0,13542000.0,13542000.0,KOSPI,1.5
090080,평화산업,1043.0,100553.0,100553.0,104876779.0,104876779.0,KOSPI,1.66
014990,인디에프,3800.0,520782.0,520782.0,1978971600.0,1978971600.0,KOSPI,11.27
476750,ACE 미국30년국채엔화노출액티브(H),7035.0,176565.0,176565.0,1242134775.0,1242134775.0,KOSPI,0.0
003780,진양산업,4370.0,40321.0,40321.0,176202770.0,176202770.0,KOSPI,-1.35
129260,인터지스,1907.0,9677.0,9677.0,18454039.0,18454039.0,KOSPI,0.85
225040,TIGER 미국S&P500레버리지(합성 H),67390.0,4249.0,4249.0,286340110.0,286340110.0,KOSPI,0.0
520087,미래에셋 레버리지 KRX 금현물 ETN,28280.0,53119.0,53119.0,1502205320.0,1502205320.0,KOSPI,1.62
075180,새론오토모티브,2940.0,30717.0,30717.0,90307980.0,90307980.0,KOSPI,0.34
0172V0,1Q 은액티브,7785.0,63919.0,63919.0,497609415.0,497609415.0,KOSPI,0.19
442560,RISE TDF2040액티브 적격,16330.0,13159.0,13159.0,214886470.0,214886470.0,KOSPI,0.09
37550K,DL이앤씨우,26550.0,3114.0,3114.0,82676700.0,82676700.0,KOSPI,-0.56
001465,BYC우,26000.0,1493.0,1493.0,38818000.0,38818000.0,KOSPI,-2.26
006890,태경케미컬,4815.0,8771.0,8771.0,42232365.0,42232365.0,KOSPI,-0.1
0226A0,PLUS SK하이닉스샌디스크채권혼합50,11160.0,52056.0,52056.0,580944960.0,580944960.0,KOSPI,0.22
000725,현대건설우,52800.0,1617.0,1617.0,85377600.0,85377600.0,KOSPI,1.15
304780,HANARO 200선물레버리지,123690.0,76.0,76.0,9400440.0,9400440.0,KOSPI,-0.75
434960,DAISHIN K200,110505.0,2.0,2.0,221010.0,221010.0,KOSPI,-0.26
0141S0,SOL 조선기자재,8495.0,169281.0,169281.0,1438042095.0,1438042095.0,KOSPI,1.92
0220WL,한화머시너리앤서비스홀딩스3우B,2335.0,655731.0,655731.0,1531131885.0,1531131885.0,KOSPI,-1.89
385590,ACE ESG액티브,23950.0,194.0,194.0,4646300.0,4646300.0,KOSPI,-0.56
760016,키움 레버리지 조선TOP10 ETN,54910.0,3012.0,3012.0,165388920.0,165388920.0,KOSPI,1.61
28513K,SK케미칼우,25800.0,3563.0,3563.0,91925400.0,91925400.0,KOSPI,0.19
003465,유화증권우,3120.0,360.0,360.0,1123200.0,1123200.0,KOSPI,5.58
455960,RISE 미국달러SOFR금리액티브(합성),11895.0,354.0,354.0,4210830.0,4210830.0,KOSPI,-0.54
092440,기신정기,1860.0,100449.0,100449.0,186835140.0,186835140.0,KOSPI,-0.16
479730,TIGER 인도빌리언컨슈머,9185.0,5031.0,5031.0,46209735.0,46209735.0,KOSPI,-0.54
0000D0,TIGER 엔비디아미국채커버드콜밸런스(합성),8600.0,19799.0,19799.0,170271400.0,170271400.0,KOSPI,-0.23
520101,미래에셋 레버리지 SK하이닉스 단일종목ETN,10825.0,38982.0,38982.0,421980150.0,421980150.0,KOSPI,1.88
025530,SJM홀딩스,3605.0,1398.0,1398.0,5039790.0,5039790.0,KOSPI,0.28
35320K,대덕전자1우,25650.0,5013.0,5013.0,128583450.0,128583450.0,KOSPI,0.79
580034,KB 레버리지 FANG 플러스 ETN(H),107395.0,57.0,57.0,6121515.0,6121515.0,KOSPI,1.76
580076,KB 레버리지 미국 나스닥 100 TR ETN B,26840.0,4.0,4.0,107360.0,107360.0,KOSPI,0.51
530124,삼성 레버리지 일본니케이225선물 ETN(H),53645.0,29.0,29.0,1555705.0,1555705.0,KOSPI,5.93
0238P0,TIGER 미국S&P500미국채혼합50,10100.0,60579.0,60579.0,611847900.0,611847900.0,KOSPI,0.55
378850,화승알앤에이,2815.0,18585.0,18585.0,52316775.0,52316775.0,KOSPI,-0.18
150460,TIGER 중국소비테마,7260.0,6546.0,6546.0,47523960.0,47523960.0,KOSPI,-1.69
003475,유안타증권우,4160.0,7878.0,7878.0,32772480.0,32772480.0,KOSPI,-0.6
396690,미래에셋글로벌리츠,1344.0,29229.0,29229.0,39283776.0,39283776.0,KOSPI,-0.22
006980,우성,17160.0,674.0,674.0,11565840.0,11565840.0,KOSPI,-0.69
610088,메리츠 레버리지 WTI원유 선물 ETN(H),52985.0,3521.0,3521.0,186560185.0,186560185.0,KOSPI,-8.9
401470,KODEX 메타버스액티브,9200.0,2719.0,2719.0,25014800.0,25014800.0,KOSPI,-1.23
520092,미래에셋 레버리지 은 선물 ETN B,26340.0,14925.0,14925.0,393124500.0,393124500.0,KOSPI,0.36
0220B0,DS 코스닥액티브,11950.0,595804.0,595804.0,7119857800.0,7119857800.0,KOSPI,0.97
476260,HANARO 반도체핵심공정주도주,14810.0,356002.0,356002.0,5272389620.0,5272389620.0,KOSPI,1.51
0046Y0,ACE 미국배당퀄리티,12210.0,6552.0,6552.0,79999920.0,79999920.0,KOSPI,-0.29
006125,SK디스커버리우,42550.0,1100.0,1100.0,46805000.0,46805000.0,KOSPI,1.07
0041D0,KODEX 미국AI소프트웨어TOP10,13965.0,40592.0,40592.0,566867280.0,566867280.0,KOSPI,-0.21
101280,KODEX 일본TOPIX100,30330.0,5086.0,5086.0,154258380.0,154258380.0,KOSPI,0.33
530113,삼성 레버리지 S&P500 선물 ETN,52150.0,9.0,9.0,469350.0,469350.0,KOSPI,0.17
010770,평화홀딩스,3560.0,17514.0,17514.0,62349840.0,62349840.0,KOSPI,1.42
520057,미래에셋 인버스 2X 코스닥150 선물 ETN,1646.0,14084673.0,14084673.0,23183371758.0,23183371758.0,KOSPI,-2.14
001550,조비,9980.0,23381.0,23381.0,233342380.0,233342380.0,KOSPI,-2.35
261070,TIGER 코스닥150바이오테크,11100.0,180002.0,180002.0,1998022200.0,1998022200.0,KOSPI,0.36
275300,KODEX 우량주,30400.0,1719.0,1719.0,52257600.0,52257600.0,KOSPI,-0.03
012690,모나리자,1413.0,55817.0,55817.0,78869421.0,78869421.0,KOSPI,0.78
0111J0,HANARO 증권고배당TOP3플러스,11710.0,45158.0,45158.0,528800180.0,528800180.0,KOSPI,-1.18
580068,KB S&P 레버리지 WTI원유 선물 ETN B,51450.0,8908.0,8908.0,458316600.0,458316600.0,KOSPI,-9.03
004830,덕성,3265.0,13809.0,13809.0,45086385.0,45086385.0,KOSPI,1.24
011230,삼화전자,2670.0,121617.0,121617.0,324717390.0,324717390.0,KOSPI,-0.19
005305,롯데칠성우,66000.0,245.0,245.0,16170000.0,16170000.0,KOSPI,0.0
0118Z0,ACE 미국AI테크핵심산업액티브,8600.0,12957.0,12957.0,111430200.0,111430200.0,KOSPI,0.17
700029,하나 S&P 레버리지 WTI원유 선물 ETN B,51150.0,12.0,12.0,613800.0,613800.0,KOSPI,-8.66
0113P0,HK 머니마켓액티브,102655.0,2581.0,2581.0,264952555.0,264952555.0,KOSPI,0.01
123700,SJM,3275.0,7697.0,7697.0,25207675.0,25207675.0,KOSPI,-0.61
021050,서원,1075.0,123534.0,123534.0,132799050.0,132799050.0,KOSPI,0.84
336160,RISE 금융채액티브,99865.0,10.0,10.0,998650.0,998650.0,KOSPI,0.25
287180,PLUS 미국나스닥테크,56340.0,472.0,472.0,26592480.0,26592480.0,KOSPI,0.52
023810,인팩,5070.0,8084.0,8084.0,40985880.0,40985880.0,KOSPI,0.6
253150,PLUS 200선물레버리지,202515.0,5205.0,5205.0,1054090575.0,1054090575.0,KOSPI,-0.76
481430,RISE 국고채10년액티브,97885.0,346.0,346.0,33868210.0,33868210.0,KOSPI,0.45
530133,삼성 블룸버그 레버리지 WTI원유선물 ETN B,50550.0,6776.0,6776.0,342526800.0,342526800.0,KOSPI,-9.72
500093,신한 블룸버그 레버리지 WTI원유선물 ETN B,50435.0,423.0,423.0,21334005.0,21334005.0,KOSPI,-9.5
445150,KODEX 친환경조선해운액티브,27120.0,2947.0,2947.0,79922640.0,79922640.0,KOSPI,0.48
006880,신송홀딩스,4235.0,12699.0,12699.0,53780265.0,53780265.0,KOSPI,-1.17
0139P0,ACE 고배당주,13170.0,28086.0,28086.0,369892620.0,369892620.0,KOSPI,-1.72
520072,미래에셋 미국 AI TOP3 ETN,16615.0,3.0,3.0,49845.0,49845.0,KOSPI,0.06
0194T0,ACE SK하이닉스단일종목레버리지,9225.0,75812.0,75812.0,699365700.0,699365700.0,KOSPI,1.6
000950,전방,29550.0,41.0,41.0,1211550.0,1211550.0,KOSPI,-2.48
475260,ACE 2월만기자동연장회사채AA-이상액티브,10765.0,23.0,23.0,247595.0,247595.0,KOSPI,0.0
520056,미래에셋 레버리지 코스닥150 선물 ETN,24805.0,263.0,263.0,6523715.0,6523715.0,KOSPI,2.5
007460,에이프로젠,1933.0,105116.0,105116.0,203189228.0,203189228.0,KOSPI,-1.18
292560,TIGER 일본엔선물,7985.0,41182.0,41182.0,328838270.0,328838270.0,KOSPI,0.19
152500,ACE 레버리지,45000.0,20894.0,20894.0,940230000.0,940230000.0,KOSPI,-0.66
011300,우성머티리얼스,2870.0,57930.0,57930.0,166259100.0,166259100.0,KOSPI,-3.2
316670,KIWOOM 코스닥150,7270.0,155989.0,155989.0,1134040030.0,1134040030.0,KOSPI,1.61
114470,KIWOOM 국고채3년,107380.0,41.0,41.0,4402580.0,4402580.0,KOSPI,0.21
0185L0,TIME 글로벌휴머노이드로봇산업액티브,7035.0,45065.0,45065.0,317032275.0,317032275.0,KOSPI,0.0
440910,WON 미국우주항공방산,21740.0,10408.0,10408.0,226269920.0,226269920.0,KOSPI,-0.39
0118S0,SOL 미국넥스트테크TOP10액티브,10745.0,9113.0,9113.0,97919185.0,97919185.0,KOSPI,0.47
473490,KIWOOM 글로벌AI반도체,32520.0,1301.0,1301.0,42308520.0,42308520.0,KOSPI,0.68
002140,고려산업,1955.0,66713.0,66713.0,130423915.0,130423915.0,KOSPI,0.26
002630,오리엔트바이오,1644.0,113919.0,113919.0,187282836.0,187282836.0,KOSPI,-3.35
001620,케이비아이동국실업,2180.0,14203.0,14203.0,30962540.0,30962540.0,KOSPI,0.23
011390,부산산업,45900.0,3105.0,3105.0,142519500.0,142519500.0,KOSPI,1.55
360140,KODEX 200롱코스닥150숏선물,21980.0,16663.0,16663.0,366252740.0,366252740.0,KOSPI,-1.59
610061,메리츠 3X 레버리지 국채30년 ETN,24170.0,3194.0,3194.0,77198980.0,77198980.0,KOSPI,4.27
461340,HANARO 글로벌생성형AI액티브,43900.0,726.0,726.0,31871400.0,31871400.0,KOSPI,0.85
580056,KB 일본 로보틱스 TOP 10 ETN,24120.0,63.0,63.0,1519560.0,1519560.0,KOSPI,1.37
140950,파워 코스피100,86000.0,224.0,224.0,19264000.0,19264000.0,KOSPI,-0.37
004410,서울식품,1218.0,87354.0,87354.0,106397172.0,106397172.0,KOSPI,-0.16
218420,KODEX 미국S&P500에너지(합성),19530.0,34470.0,34470.0,673199100.0,673199100.0,KOSPI,-1.19
0178H0,IBK 미국AI TOP10국채혼합50,10200.0,16958.0,16958.0,172971600.0,172971600.0,KOSPI,0.29
123310,TIGER 인버스,1112.0,2144269.0,2144269.0,2384427128.0,2384427128.0,KOSPI,0.36
009320,아진전자부품,971.0,55007.0,55007.0,53411797.0,53411797.0,KOSPI,0.1
442260,마이티 다이나믹퀀트액티브,38410.0,1759.0,1759.0,67563190.0,67563190.0,KOSPI,-0.54
041650,상신브레이크,2210.0,6879.0,6879.0,15202590.0,15202590.0,KOSPI,1.61
0000Z0,RISE 바이오TOP10액티브,8095.0,38880.0,38880.0,314733600.0,314733600.0,KOSPI,-0.06
261220,KODEX WTI원유선물(H),26225.0,47660.0,47660.0,1249883500.0,1249883500.0,KOSPI,-4.45
447430,ACE 주주환원가치주액티브,16550.0,12167.0,12167.0,201363850.0,201363850.0,KOSPI,-0.3
101140,인바이오젠,4675.0,2378.0,2378.0,11117150.0,11117150.0,KOSPI,4.12
0020H0,KoAct 글로벌양자컴퓨팅액티브,22280.0,4621.0,4621.0,102955880.0,102955880.0,KOSPI,0.45
002920,유성기업,1800.0,61003.0,61003.0,109805400.0,109805400.0,KOSPI,1.24
371470,TIGER 차이나바이오테크SOLACTIVE,8835.0,76334.0,76334.0,674410890.0,674410890.0,KOSPI,3.15
520102,미래에셋 인버스 2X 코스피200 선물 ETN B,23300.0,1881219.0,1881219.0,43832402700.0,43832402700.0,KOSPI,0.8
305050,ACE 코스피,71675.0,9637.0,9637.0,690731975.0,690731975.0,KOSPI,-0.42
610101,메리츠 인버스 2X 은 선물 ETN(H),46540.0,2.0,2.0,93080.0,93080.0,KOSPI,-1.84
009835,한화솔루션우,18230.0,18420.0,18420.0,335796600.0,335796600.0,KOSPI,0.0
357250,미래에셋맵스리츠,1855.0,59351.0,59351.0,110096105.0,110096105.0,KOSPI,0.32
0086B0,TIGER 리츠부동산인프라TOP10액티브,9460.0,5341.0,5341.0,50525860.0,50525860.0,KOSPI,-0.26
004540,깨끗한나라,1239.0,15719.0,15719.0,19475841.0,19475841.0,KOSPI,-0.32
000910,유니온,2955.0,17402.0,17402.0,51422910.0,51422910.0,KOSPI,1.03
442090,에셋플러스 코리아대장장이액티브,30610.0,545.0,545.0,16682450.0,16682450.0,KOSPI,0.05
473590,ACE 미국주식베스트셀러,19510.0,49240.0,49240.0,960672400.0,960672400.0,KOSPI,1.11
700027,하나 반도체 ETN,45785.0,8729.0,8729.0,399657265.0,399657265.0,KOSPI,1.06
530143,삼성 인버스 2X 은 선물 ETN,45150.0,171.0,171.0,7720650.0,7720650.0,KOSPI,-0.98
580081,KB 인버스 2X 은 선물 ETN,45120.0,471.0,471.0,21251520.0,21251520.0,KOSPI,-0.78
084870,TBH글로벌,2205.0,6863.0,6863.0,15132915.0,15132915.0,KOSPI,0.23
196030,ACE 일본TOPIX레버리지(H),90015.0,154.0,154.0,13862310.0,13862310.0,KOSPI,0.17
453650,KODEX 미국S&P500금융,17965.0,9608.0,9608.0,172607720.0,172607720.0,KOSPI,-0.08
003080,SB성보,2235.0,31551.0,31551.0,70516485.0,70516485.0,KOSPI,0.9
375770,KODEX 탄소효율그린뉴딜,24795.0,1149.0,1149.0,28489455.0,28489455.0,KOSPI,-0.8
200030,KODEX 미국S&P500산업재(합성),39575.0,1271.0,1271.0,50299825.0,50299825.0,KOSPI,0.19
487130,KoAct AI인프라액티브,30600.0,11981.0,11981.0,366618600.0,366618600.0,KOSPI,1.49
092780,DYP,3365.0,64842.0,64842.0,218193330.0,218193330.0,KOSPI,-2.46
570119,한투 인버스2X은선물 ETN,44285.0,2.0,2.0,88570.0,88570.0,KOSPI,-2.67
276990,KODEX 글로벌로봇(합성),24840.0,2616.0,2616.0,64981440.0,64981440.0,KOSPI,-0.38
026940,부국철강,2195.0,650432.0,650432.0,1427698240.0,1427698240.0,KOSPI,6.3
520078,미래에셋 미국 제약 TOP3 ETN,14630.0,4.0,4.0,58520.0,58520.0,KOSPI,-0.58
0141T0,SOL 중기종합채권(AA-이상)액티브,50295.0,2.0,2.0,100590.0,100590.0,KOSPI,0.2
238720,ACE 일본Nikkei225(H),48500.0,1361.0,1361.0,66008500.0,66008500.0,KOSPI,1.66
005320,온타이드,1270.0,67291.0,67291.0,85459570.0,85459570.0,KOSPI,-0.78
0186S0,1Q 코스닥150채권혼합50액티브,8505.0,206276.0,206276.0,1754377380.0,1754377380.0,KOSPI,0.47
004910,조광페인트,3375.0,8442.0,8442.0,28491750.0,28491750.0,KOSPI,-1.32
440650,ACE 미국달러단기채권액티브,11360.0,45068.0,45068.0,511972480.0,511972480.0,KOSPI,-0.18
008420,문배철강,2100.0,221737.0,221737.0,465647700.0,465647700.0,KOSPI,1.94
481850,신한글로벌액티브리츠,983.0,14419.0,14419.0,14173877.0,14173877.0,KOSPI,0.82
014910,성문전자,1950.0,212977.0,212977.0,415305150.0,415305150.0,KOSPI,0.15
0089C0,KODEX 미국S&P500변동성확대시커버드콜,11175.0,1738.0,1738.0,19422150.0,19422150.0,KOSPI,0.0
256750,KODEX 차이나심천ChiNext(합성),13870.0,2694.0,2694.0,37365780.0,37365780.0,KOSPI,-0.25
0207G0,SOL 우주항공밸류체인,7305.0,403133.0,403133.0,2944886565.0,2944886565.0,KOSPI,1.04
017180,명문제약,1241.0,49225.0,49225.0,61088225.0,61088225.0,KOSPI,-0.24
570117,한투 인버스2XWTI원유선물 ETN B,1909.0,579355.0,579355.0,1105988695.0,1105988695.0,KOSPI,8.65
520091,미래에셋 인버스 천연가스 선물 ETN B,10470.0,19460.0,19460.0,203746200.0,203746200.0,KOSPI,2.9
004060,SG세계물산,2065.0,37986.0,37986.0,78441090.0,78441090.0,KOSPI,-1.43
0194M0,ACE 삼성전자단일종목레버리지,11760.0,35498.0,35498.0,417456480.0,417456480.0,KOSPI,-1.84
0132H0,KODEX 미국원자력SMR,6960.0,34470.0,34470.0,239911200.0,239911200.0,KOSPI,0.07
446070,유니드비티플러스,3900.0,34197.0,34197.0,133368300.0,133368300.0,KOSPI,0.78
520073,미래에셋 레버리지 미국 AI TOP3 ETN,41370.0,5.0,5.0,206850.0,206850.0,KOSPI,0.05
491830,TIGER 미국AI반도체팹리스,22965.0,3895.0,3895.0,89448675.0,89448675.0,KOSPI,0.79
0112X0,마이티 200TR,41305.0,23097.0,23097.0,954021585.0,954021585.0,KOSPI,-0.35
023350,한국종합기술,3760.0,72997.0,72997.0,274468720.0,274468720.0,KOSPI,-0.27
100910,KIWOOM KRX100,17090.0,10329.0,10329.0,176522610.0,176522610.0,KOSPI,-0.98
000215,DL우,24300.0,2276.0,2276.0,55306800.0,55306800.0,KOSPI,-0.82
472840,IBK 200,109100.0,582.0,582.0,63496200.0,63496200.0,KOSPI,-0.29
472830,RISE 미국30년국채커버드콜(합성),7340.0,6700.0,6700.0,49178000.0,49178000.0,KOSPI,-0.34
183700,RISE 200채권혼합50,96750.0,1946.0,1946.0,188275500.0,188275500.0,KOSPI,0.21
520074,미래에셋 미국 방위산업 TOP3 ETN,13510.0,7.0,7.0,94570.0,94570.0,KOSPI,-1.49
448570,FOCUS AI코리아액티브,29945.0,53.0,53.0,1587085.0,1587085.0,KOSPI,-0.28
401170,RISE 메타버스,10340.0,2989.0,2989.0,30906260.0,30906260.0,KOSPI,-0.82
008870,금비,40200.0,121.0,121.0,4864200.0,4864200.0,KOSPI,1.77
0197W0,SOL SK하이닉스단일종목레버리지,9040.0,135727.0,135727.0,1226972080.0,1226972080.0,KOSPI,1.35
570118,한투 인버스2X천연가스선물 ETN B,9995.0,7633.0,7633.0,76291835.0,76291835.0,KOSPI,6.96
500094,신한 블룸버그 인버스2X WTI원유선물 ETN B,1893.0,922995.0,922995.0,1747229535.0,1747229535.0,KOSPI,7.86
011420,갤럭시아에스엠,1439.0,17405.0,17405.0,25045795.0,25045795.0,KOSPI,-0.42
009810,MDS스피어,1946.0,9080.0,9080.0,17669680.0,17669680.0,KOSPI,1.04
011330,유니켐,3945.0,54474.0,54474.0,214899930.0,214899930.0,KOSPI,-1.74
760024,키움 인버스 2X K방산 TOP5 ETN,8725.0,1906.0,1906.0,16629850.0,16629850.0,KOSPI,0.52
322410,HANARO K고배당,22375.0,8049.0,8049.0,180096375.0,180096375.0,KOSPI,-1.56
469050,RISE 미국반도체NYSE(H),33940.0,15251.0,15251.0,517618940.0,517618940.0,KOSPI,0.67
139320,TIGER 금은선물(H),17330.0,4719.0,4719.0,81780270.0,81780270.0,KOSPI,0.64
047400,유니온머티리얼,928.0,245522.0,245522.0,227844416.0,227844416.0,KOSPI,-1.9
275280,KODEX 모멘텀주,43280.0,2350.0,2350.0,101708000.0,101708000.0,KOSPI,-0.75
049800,우진플라임,1945.0,46492.0,46492.0,90426940.0,90426940.0,KOSPI,4.57
500095,신한 S&P500 VIX S/T 선물 ETN E,6480.0,5001.0,5001.0,32406480.0,32406480.0,KOSPI,-0.15
139280,TIGER 경기방어,12135.0,11477.0,11477.0,139273395.0,139273395.0,KOSPI,-0.25
0189B0,TIGER 은액티브,7500.0,17942.0,17942.0,134565000.0,134565000.0,KOSPI,-0.07
145270,케이탑리츠,803.0,4415.0,4415.0,3545245.0,3545245.0,KOSPI,1.13
610038,메리츠 레버리지 미국채30년 ETN(H),3855.0,4103.0,4103.0,15817065.0,15817065.0,KOSPI,-0.13
494840,TIGER 미국방산TOP10,11465.0,6267.0,6267.0,71851155.0,71851155.0,KOSPI,-0.61
002870,신풍,1097.0,50557.0,50557.0,55461029.0,55461029.0,KOSPI,-1.61
520082,미래에셋 미국 자율주행대표기업 ETN,12735.0,2.0,2.0,25470.0,25470.0,KOSPI,0.04
610078,메리츠 3X 레버리지 미국채30년 ETN,31690.0,4884.0,4884.0,154773960.0,154773960.0,KOSPI,-0.55
023960,에쓰씨엔지니어링,999.0,27665.0,27665.0,27637335.0,27637335.0,KOSPI,-1.87
002360,SH에너지화학,3400.0,208455.0,208455.0,708747000.0,708747000.0,KOSPI,3.03
428510,KODEX 차이나AI테크액티브,22115.0,30717.0,30717.0,679306455.0,679306455.0,KOSPI,-1.45
051630,진양화학,1770.0,59256.0,59256.0,104883120.0,104883120.0,KOSPI,0.28
570103,한투 인버스2X나스닥100 ETN B,3745.0,548.0,548.0,2052260.0,2052260.0,KOSPI,-0.66
133820,화인베스틸,1004.0,42203.0,42203.0,42371812.0,42371812.0,KOSPI,4.58
570102,한투 레버리지나스닥100 ETN B,18575.0,44.0,44.0,817300.0,817300.0,KOSPI,0.73
450910,SOL 코스닥150,14170.0,36806.0,36806.0,521541020.0,521541020.0,KOSPI,1.21
195930,TIGER 유로스탁스50(합성 H),23200.0,3696.0,3696.0,85747200.0,85747200.0,KOSPI,0.0
520099,미래에셋 인버스 2X 반도체 ETN,2855.0,3600295.0,3600295.0,10278842225.0,10278842225.0,KOSPI,-1.38
0234N0,KIWOOM 삼성SK그룹TOP4+,10440.0,322449.0,322449.0,3366367560.0,3366367560.0,KOSPI,0.1
134790,시디즈,18450.0,267.0,267.0,4926150.0,4926150.0,KOSPI,-0.54
0007G0,PLUS 글로벌원자력밸류체인,12085.0,5783.0,5783.0,69887555.0,69887555.0,KOSPI,0.29
352540,KODEX 일본부동산리츠(H),10805.0,65807.0,65807.0,711044635.0,711044635.0,KOSPI,0.93
0192L0,RISE SK하이닉스단일종목레버리지,9390.0,41315.0,41315.0,387947850.0,387947850.0,KOSPI,1.4
010640,진양폴리,2190.0,44972.0,44972.0,98488680.0,98488680.0,KOSPI,-0.45
365000,TIGER 인터넷TOP10,3615.0,138887.0,138887.0,502076505.0,502076505.0,KOSPI,1.54
147970,TIGER 모멘텀,79160.0,3542.0,3542.0,280384720.0,280384720.0,KOSPI,0.48
449690,TIGER 한중반도체(합성),48300.0,113.0,113.0,5457900.0,5457900.0,KOSPI,-1.61
000890,보해양조,1306.0,129960.0,129960.0,169727760.0,169727760.0,KOSPI,1.32
570029,한투 코스피양매도3%OTM ETN,7210.0,277.0,277.0,1997170.0,1997170.0,KOSPI,0.35
610089,메리츠 인버스 2X WTI원유 선물 ETN(H),2120.0,763157.0,763157.0,1617892840.0,1617892840.0,KOSPI,8.5
276650,RISE 글로벌테크놀로지(합성 H),48010.0,24.0,24.0,1152240.0,1152240.0,KOSPI,0.82
027740,마니커,1131.0,19250.0,19250.0,21771750.0,21771750.0,KOSPI,-0.62
580069,KB S&P 인버스 2X WTI원유 선물 ETN B,1940.0,419499.0,419499.0,813828060.0,813828060.0,KOSPI,8.81
0085N0,ACE 미국10년국채액티브(H),9435.0,26509.0,26509.0,250112415.0,250112415.0,KOSPI,0.11
494410,PLUS 미국S&P500성장주,14275.0,2251.0,2251.0,32133025.0,32133025.0,KOSPI,0.18
520079,미래에셋 레버리지 미국 제약 TOP3 ETN,35270.0,30.0,30.0,1058100.0,1058100.0,KOSPI,-0.62
400970,TIGER Fn메타버스,7050.0,4963.0,4963.0,34989150.0,34989150.0,KOSPI,-0.49
104530,KIWOOM 코리아고배당,17160.0,7326.0,7326.0,125714160.0,125714160.0,KOSPI,-0.2
276970,KODEX 미국S&P500배당귀족커버드콜(합성 H),7475.0,5331.0,5331.0,39849225.0,39849225.0,KOSPI,0.13
760005,키움 INDXX 미국테크탑10 ETN,34900.0,2.0,2.0,69800.0,69800.0,KOSPI,-0.48
241390,RISE V&S셀렉트밸류채권혼합,15840.0,4025.0,4025.0,63756000.0,63756000.0,KOSPI,0.8
009190,대양금속,773.0,1752141.0,1752141.0,1354404993.0,1354404993.0,KOSPI,8.72
407830,에셋플러스 글로벌플랫폼액티브,14395.0,72.0,72.0,1036440.0,1036440.0,KOSPI,0.07
0023B0,PLUS 미국양자컴퓨팅TOP10,16065.0,17951.0,17951.0,288382815.0,288382815.0,KOSPI,-0.4
013000,세우글로벌,1200.0,25012.0,25012.0,30014400.0,30014400.0,KOSPI,0.17
0204S0,TIGER 코스닥액티브,7775.0,176025.0,176025.0,1368594375.0,1368594375.0,KOSPI,0.39
0184E0,1Q 200채권혼합50액티브,11080.0,96306.0,96306.0,1067070480.0,1067070480.0,KOSPI,0.0
464470,PLUS 미국채30년액티브,44780.0,17524.0,17524.0,784724720.0,784724720.0,KOSPI,-0.28
580077,KB 인버스 2X 미국 나스닥 100 TR ETN B,11395.0,25.0,25.0,284875.0,284875.0,KOSPI,-1.51
012280,영화금속,3450.0,27921.0,27921.0,96327450.0,96327450.0,KOSPI,0.0
385520,KODEX 자율주행액티브,15885.0,1188.0,1188.0,18871380.0,18871380.0,KOSPI,-0.09
008250,이건산업,3110.0,16145.0,16145.0,50210950.0,50210950.0,KOSPI,0.48
500085,신한 코스피 200 TR ETN,34060.0,12.0,12.0,408720.0,408720.0,KOSPI,-0.04
520096,미래에셋 인버스 2X WTI원유 선물 ETN,13610.0,810958.0,810958.0,11037138380.0,11037138380.0,KOSPI,8.58
004365,세방우,9210.0,4593.0,4593.0,42301530.0,42301530.0,KOSPI,0.44
266360,KODEX K콘텐츠,9180.0,5877.0,5877.0,53950860.0,53950860.0,KOSPI,-0.76
0100K0,KODEX 방산TOP10레버리지,5660.0,537214.0,537214.0,3040631240.0,3040631240.0,KOSPI,0.89
475270,ACE 5월만기자동연장회사채AA-이상액티브,10735.0,10.0,10.0,107350.0,107350.0,KOSPI,0.0
009460,한창제지,2740.0,7158.0,7158.0,19612920.0,19612920.0,KOSPI,0.0
005820,원림,14700.0,1912.0,1912.0,28106400.0,28106400.0,KOSPI,0.2
530117,삼성 코스피 200 TR ETN,33700.0,1462.0,1462.0,49269400.0,49269400.0,KOSPI,-0.59
117460,KODEX 에너지화학,14150.0,26005.0,26005.0,367970750.0,367970750.0,KOSPI,2.02
000760,이화산업,11990.0,120.0,120.0,1438800.0,1438800.0,KOSPI,-0.33
380340,ACE 코리아AI테크핵심산업,27975.0,1315.0,1315.0,36787125.0,36787125.0,KOSPI,-0.12
449780,KIWOOM 미국S&P500(H),18645.0,4562.0,4562.0,85058490.0,85058490.0,KOSPI,-0.11
0089B0,PLUS 미국나스닥100미국채혼합50,11140.0,46163.0,46163.0,514255820.0,514255820.0,KOSPI,-0.09
520077,미래에셋 -1.5X 천연가스 선물 ETN,13365.0,27559.0,27559.0,368326035.0,368326035.0,KOSPI,4.74
570082,한투 인버스2X코스닥150선물 ETN,1666.0,9585.0,9585.0,15968610.0,15968610.0,KOSPI,-2.0
452250,ACE 미국30년국채선물레버리지(합성 H),4295.0,75262.0,75262.0,323250290.0,323250290.0,KOSPI,-0.69
012160,영흥,2120.0,7001.0,7001.0,14842120.0,14842120.0,KOSPI,4.69
138910,KODEX 구리선물(H),10030.0,10683.0,10683.0,107150490.0,107150490.0,KOSPI,-0.1
261250,KODEX 미국달러선물레버리지,15310.0,85866.0,85866.0,1314608460.0,1314608460.0,KOSPI,-0.52
530118,삼성 코스닥 150 TR ETN,10990.0,9149.0,9149.0,100547510.0,100547510.0,KOSPI,0.96
0154F0,WON 초대형IB&금융지주,11975.0,10612.0,10612.0,127078700.0,127078700.0,KOSPI,-2.6
252710,TIGER 200선물인버스2X,80.0,121469645.0,121469645.0,9717571600.0,9717571600.0,KOSPI,2.56
105780,RISE 5대그룹주,16400.0,1196.0,1196.0,19614400.0,19614400.0,KOSPI,0.09
002880,디와이에이,3500.0,30129.0,30129.0,105451500.0,105451500.0,KOSPI,4.01
474800,KIWOOM 미국원유에너지기업,15185.0,28058.0,28058.0,426060730.0,426060730.0,KOSPI,-1.27
491090,KODEX 미국테크TOP3플러스,18120.0,14164.0,14164.0,256651680.0,256651680.0,KOSPI,-0.88
475070,KoAct 글로벌친환경전력인프라액티브,29650.0,3806.0,3806.0,112847900.0,112847900.0,KOSPI,2.42
099140,KODEX 차이나H,20375.0,2034.0,2034.0,41442750.0,41442750.0,KOSPI,-0.27
465350,RISE 2차전지TOP10인버스(합성),16260.0,26840.0,26840.0,436418400.0,436418400.0,KOSPI,-1.84
500040,신한 레버리지 구리 선물 ETN,32515.0,5.0,5.0,162575.0,162575.0,KOSPI,0.45
090370,메타랩스,1189.0,23574.0,23574.0,28029486.0,28029486.0,KOSPI,1.54
459560,KODEX 테슬라밸류체인FactSet,21640.0,2815.0,2815.0,60916600.0,60916600.0,KOSPI,-0.96
498860,RISE 코리아금융고배당,16210.0,5987.0,5987.0,97049270.0,97049270.0,KOSPI,-1.58
217770,TIGER 원유선물인버스(H),1131.0,833686.0,833686.0,942898866.0,942898866.0,KOSPI,4.53
570127,한투 인버스2X코스피200선물 ETN,32380.0,253.0,253.0,8192140.0,8192140.0,KOSPI,0.65
122260,KIWOOM 통안채1년,104210.0,87.0,87.0,9066270.0,9066270.0,KOSPI,0.02
006370,대구백화점,2985.0,33252.0,33252.0,99257220.0,99257220.0,KOSPI,2.58
0138T0,RISE 미국S&P500데일리고정커버드콜,9225.0,10473.0,10473.0,96613425.0,96613425.0,KOSPI,-0.38
010400,우진아이엔에스,4200.0,9946.0,9946.0,41773200.0,41773200.0,KOSPI,3.7
088790,진도,2560.0,91553.0,91553.0,234375680.0,234375680.0,KOSPI,3.85
322400,HANARO e커머스,9565.0,2117.0,2117.0,20249105.0,20249105.0,KOSPI,-0.05
0083S0,1Q 미국메디컬AI,12135.0,54967.0,54967.0,667024545.0,667024545.0,KOSPI,0.08
156080,KODEX MSCI Korea,52405.0,2834.0,2834.0,148515770.0,148515770.0,KOSPI,-0.29
520065,미래에셋 -2X 미국채울트라30년 선물 ETN,15700.0,30.0,30.0,471000.0,471000.0,KOSPI,-0.66
003535,한화투자증권우,6530.0,11416.0,11416.0,74546480.0,74546480.0,KOSPI,2.03
465660,TIGER 일본반도체FACTSET,25060.0,4547.0,4547.0,113947820.0,113947820.0,KOSPI,1.87
446690,KODEX 아시아AI반도체exChina액티브,62640.0,4611.0,4611.0,288833040.0,288833040.0,KOSPI,0.73
009140,케이아이이,19870.0,8337.0,8337.0,165656190.0,165656190.0,KOSPI,0.66
275290,KODEX 가치주,34615.0,2714.0,2714.0,93945110.0,93945110.0,KOSPI,-1.0
261140,TIGER 우선주,24270.0,15310.0,15310.0,371573700.0,371573700.0,KOSPI,-0.84
014130,한익스프레스,2625.0,598.0,598.0,1569750.0,1569750.0,KOSPI,0.19
0150K0,KoAct 수소전력ESS인프라액티브,11050.0,33972.0,33972.0,375390600.0,375390600.0,KOSPI,2.22
468630,KODEX iShares미국투자등급회사채액티브,10275.0,48694.0,48694.0,500330850.0,500330850.0,KOSPI,0.1
494340,ACE 글로벌AI맞춤형반도체,20505.0,11687.0,11687.0,239641935.0,239641935.0,KOSPI,1.13
426150,WON 대한민국국고채액티브,51080.0,49.0,49.0,2502920.0,2502920.0,KOSPI,0.2
530148,삼성 인버스 2X 코스피200 선물 ETN B,30725.0,950055.0,950055.0,29190439875.0,29190439875.0,KOSPI,0.64
469790,KIWOOM 코리아테크TOP10,43880.0,228.0,228.0,10004640.0,10004640.0,KOSPI,-0.37
395290,HANARO Fn K-POP&미디어,4835.0,19996.0,19996.0,96680660.0,96680660.0,KOSPI,-1.33
0166N0,PLUS 코스닥150액티브,8770.0,33321.0,33321.0,292225170.0,292225170.0,KOSPI,0.75
001070,대한방직,5790.0,4696.0,4696.0,27189840.0,27189840.0,KOSPI,1.58
024070,WISCOM,1999.0,5744.0,5744.0,11482256.0,11482256.0,KOSPI,0.76
0218J0,RISE 미국우주&로봇TOP2미국채혼합50,9000.0,97367.0,97367.0,876303000.0,876303000.0,KOSPI,0.61
0192T0,SOL 코스닥TOP10,7115.0,460705.0,460705.0,3277916075.0,3277916075.0,KOSPI,2.3
139270,TIGER 200 금융,16625.0,11413.0,11413.0,189741125.0,189741125.0,KOSPI,-2.64
025750,한솔홈데코,1897.0,7786.0,7786.0,14770042.0,14770042.0,KOSPI,0.64
459750,RISE 글로벌주식분산액티브,17440.0,528.0,528.0,9208320.0,9208320.0,KOSPI,0.29
395170,KODEX Top10동일가중,15185.0,5825.0,5825.0,88452625.0,88452625.0,KOSPI,-1.11
261060,TIGER 코스닥150IT,27600.0,26419.0,26419.0,729164400.0,729164400.0,KOSPI,1.58
153270,KIWOOM 코스피100,84190.0,1410.0,1410.0,118707900.0,118707900.0,KOSPI,-0.63
174360,RISE 중국본토대형주CSI100,21645.0,927.0,927.0,20064915.0,20064915.0,KOSPI,0.16
520075,미래에셋 레버리지 미국 방위산업 TOP3 ETN,30185.0,19.0,19.0,573515.0,573515.0,KOSPI,-3.1
227540,TIGER 200 헬스케어,18170.0,20867.0,20867.0,379153390.0,379153390.0,KOSPI,-0.36
387270,TIGER 글로벌이노베이션액티브,25860.0,590.0,590.0,15257400.0,15257400.0,KOSPI,1.63
476690,TIGER 글로벌비만치료제TOP2Plus,9975.0,5202.0,5202.0,51889950.0,51889950.0,KOSPI,-0.15
248270,TIGER S&P글로벌헬스케어(합성),25770.0,2969.0,2969.0,76511130.0,76511130.0,KOSPI,-0.56
025890,한국주강,2680.0,77444.0,77444.0,207549920.0,207549920.0,KOSPI,1.13
069640,한세엠케이,1372.0,4932.0,4932.0,6766704.0,6766704.0,KOSPI,-0.44
036420,콘텐트리중앙,1548.0,26087.0,26087.0,40382676.0,40382676.0,KOSPI,-0.06
570072,한투 레버리지구리선물 ETN,29800.0,1.0,1.0,29800.0,29800.0,KOSPI,0.05
459790,KIWOOM 미국성장기업30액티브,20395.0,668.0,668.0,13623860.0,13623860.0,KOSPI,0.67
464920,PLUS 일본반도체소부장,24580.0,9520.0,9520.0,234001600.0,234001600.0,KOSPI,3.36
117680,KODEX 철강,12035.0,264810.0,264810.0,3186988350.0,3186988350.0,KOSPI,0.21
0192M0,RISE 삼성전자단일종목레버리지,11890.0,19121.0,19121.0,227348690.0,227348690.0,KOSPI,-1.98
308170,씨티알모빌리티,3405.0,1481.0,1481.0,5042805.0,5042805.0,KOSPI,1.19
0155N0,HANARO K휴머노이드테마TOP10,7510.0,30969.0,30969.0,232577190.0,232577190.0,KOSPI,0.0
450190,KODEX 한중반도체(합성),48800.0,63.0,63.0,3074400.0,3074400.0,KOSPI,-0.99
500102,신한 블룸버그 2X 천연가스 선물 ETN B,14635.0,10371.0,10371.0,151779585.0,151779585.0,KOSPI,-6.37
245350,TIGER 유로스탁스배당30,18290.0,2139.0,2139.0,39122310.0,39122310.0,KOSPI,-1.32
006570,대림통상,1921.0,3542.0,3542.0,6804182.0,6804182.0,KOSPI,-0.36
256440,ACE MSCI인도네시아(합성),4770.0,17342.0,17342.0,82721340.0,82721340.0,KOSPI,0.1
145850,TREX 펀더멘탈 200,116325.0,4.0,4.0,465300.0,465300.0,KOSPI,-1.27
192720,파워 고배당저변동성,56915.0,1390.0,1390.0,79111850.0,79111850.0,KOSPI,-1.2
253250,KIWOOM 200선물레버리지,99865.0,1023.0,1023.0,102161895.0,102161895.0,KOSPI,-0.91
002690,동일제강,1418.0,31337.0,31337.0,44435866.0,44435866.0,KOSPI,1.36
500035,신한 레버리지 미국달러 선물 ETN,14290.0,9.0,9.0,128610.0,128610.0,KOSPI,-0.9
570069,한투 레버리지플래티넘선물 ETN,28540.0,415.0,415.0,11844100.0,11844100.0,KOSPI,0.69
352560,KODEX 미국부동산리츠(H),11615.0,51578.0,51578.0,599078470.0,599078470.0,KOSPI,0.52
006740,블루산업개발,4775.0,7039.0,7039.0,33611225.0,33611225.0,KOSPI,0.32
003680,한성기업,4565.0,38364.0,38364.0,175131660.0,175131660.0,KOSPI,-0.98
496770,PLUS 글로벌방산,15680.0,5882.0,5882.0,92229760.0,92229760.0,KOSPI,-0.67
007120,미래아이앤지,1032.0,57657.0,57657.0,59502024.0,59502024.0,KOSPI,0.1
415920,PLUS 글로벌희토류&전략자원생산기업,5995.0,19436.0,19436.0,116518820.0,116518820.0,KOSPI,-0.25
520090,미래에셋 천연가스 선물 ETN B,7015.0,26956.0,26956.0,189096340.0,189096340.0,KOSPI,-3.37
489290,WON 미국빌리어네어,14660.0,1078.0,1078.0,15803480.0,15803480.0,KOSPI,0.27
019175,신풍제약우,13930.0,1510.0,1510.0,21034300.0,21034300.0,KOSPI,0.0
0223R0,TIGER 미국테크NYSE100액티브,9555.0,14633.0,14633.0,139818315.0,139818315.0,KOSPI,0.68
289480,TIGER 200커버드콜,13110.0,117437.0,117437.0,1539599070.0,1539599070.0,KOSPI,-0.3
0224X0,1Q 엔비디아알파벳미국채혼합50,9660.0,36002.0,36002.0,347779320.0,347779320.0,KOSPI,-0.21
223190,KODEX 200가치저변동,27420.0,515.0,515.0,14121300.0,14121300.0,KOSPI,-0.6
271060,KODEX 3대농산물선물(H),8865.0,17595.0,17595.0,155979675.0,155979675.0,KOSPI,0.17
520093,미래에셋 인버스 2X 은 선물 ETN B,2280.0,16903.0,16903.0,38538840.0,38538840.0,KOSPI,-1.08
476070,KODEX 글로벌비만치료제TOP2 Plus,10305.0,6540.0,6540.0,67394700.0,67394700.0,KOSPI,-0.63
0155M0,ACE 미국SMR원자력TOP10,6045.0,26492.0,26492.0,160144140.0,160144140.0,KOSPI,0.08
0107F0,KIWOOM 미국고배당&AI테크,10780.0,2827.0,2827.0,30475060.0,30475060.0,KOSPI,-0.28
610075,메리츠 3X 레버리지 미국채10년 ETN,44915.0,5847.0,5847.0,262618005.0,262618005.0,KOSPI,0.02
415340,KODEX 차이나과창판STAR50(합성),13000.0,24534.0,24534.0,318942000.0,318942000.0,KOSPI,-2.62
0049K0,ACE 미국배당퀄리티채권혼합50,10945.0,5292.0,5292.0,57920940.0,57920940.0,KOSPI,0.0
760004,키움 인버스 미국달러선물 ETN,9930.0,7.0,7.0,69510.0,69510.0,KOSPI,0.25
118000,메타케어,1211.0,23201.0,23201.0,28096411.0,28096411.0,KOSPI,-1.46
570047,한투 FTSE100 ETN,26505.0,1.0,1.0,26505.0,26505.0,KOSPI,-0.8
167860,KIWOOM 국고채10년레버리지,91350.0,3.0,3.0,274050.0,274050.0,KOSPI,1.41
0013R0,RISE 테슬라미국채타겟커버드콜혼합(합성),7345.0,9497.0,9497.0,69755465.0,69755465.0,KOSPI,-1.01
0137W0,KIWOOM 미국S&P500&GOLD,10165.0,2159.0,2159.0,21946235.0,21946235.0,KOSPI,-0.05
0239Z0,PLUS AI반도체소부장액티브,11705.0,323461.0,323461.0,3786111005.0,3786111005.0,KOSPI,-0.04
033250,체시스,4105.0,21324.0,21324.0,87535020.0,87535020.0,KOSPI,-1.91
0152E0,SOL 배당성향탑픽액티브,10650.0,8102.0,8102.0,86286300.0,86286300.0,KOSPI,-0.88
520083,미래에셋 2X 미국 자율주행대표기업 ETN,26000.0,21.0,21.0,546000.0,546000.0,KOSPI,-0.13
437350,RISE 미국단기투자등급회사채액티브,11795.0,27036.0,27036.0,318889620.0,318889620.0,KOSPI,-0.17
006345,대원전선우,9840.0,9444.0,9444.0,92928960.0,92928960.0,KOSPI,0.92
610028,메리츠 레버리지 구리 선물 ETN(H),25755.0,3855.0,3855.0,99285525.0,99285525.0,KOSPI,-0.27
440340,TIGER 글로벌멀티에셋TIF액티브,11440.0,5869.0,5869.0,67141360.0,67141360.0,KOSPI,-0.26
277540,ACE 아시아TOP50,32150.0,1125.0,1125.0,36168750.0,36168750.0,KOSPI,-0.22
139250,TIGER 200 에너지화학,18060.0,26212.0,26212.0,473388720.0,473388720.0,KOSPI,1.92
530063,삼성 레버리지 구리 선물 ETN(H),25560.0,2190.0,2190.0,55976400.0,55976400.0,KOSPI,-0.16
002355,넥센타이어1우B,3930.0,3291.0,3291.0,12933630.0,12933630.0,KOSPI,-0.25
475380,RISE 글로벌리얼티인컴,9635.0,15260.0,15260.0,147030100.0,147030100.0,KOSPI,-0.52
570124,한투 인버스은선물 ETN,12740.0,7.0,7.0,89180.0,89180.0,KOSPI,-0.7
0203S0,WON 삼성전자현대차채권혼합50,8470.0,11765.0,11765.0,99649550.0,99649550.0,KOSPI,-0.53
023150,MH에탄올,4095.0,4056.0,4056.0,16609320.0,16609320.0,KOSPI,1.87
0047R0,RISE 팔란티어고정테크100,15370.0,3148.0,3148.0,48384760.0,48384760.0,KOSPI,-0.1
33637K,솔루스첨단소재1우,1499.0,1745.0,1745.0,2615755.0,2615755.0,KOSPI,0.27
570081,한투 레버리지코스닥150선물 ETN,25290.0,5.0,5.0,126450.0,126450.0,KOSPI,6.19
483570,KCGI 미국S&P500 TOP10,15785.0,1776.0,1776.0,28034160.0,28034160.0,KOSPI,-0.63
493420,SOL 미국배당다우존스2호,12010.0,3284.0,3284.0,39440840.0,39440840.0,KOSPI,-0.5
004270,남성,5500.0,1616.0,1616.0,8888000.0,8888000.0,KOSPI,-0.54
357430,마스턴프리미어리츠,820.0,37407.0,37407.0,30673740.0,30673740.0,KOSPI,-4.76
481340,RISE 미국30년국채액티브,7935.0,47959.0,47959.0,380554665.0,380554665.0,KOSPI,-0.25
700017,하나 레버리지 코스닥150 선물 ETN,24970.0,2067.0,2067.0,51612990.0,51612990.0,KOSPI,1.48
496120,ACE 코리아밸류업,33210.0,2285.0,2285.0,75884850.0,75884850.0,KOSPI,-0.45
0115C0,RISE 미국고배당다우존스TOP10,10580.0,6216.0,6216.0,65765280.0,65765280.0,KOSPI,-0.38
0209Z0,ACE 코리아AI전력TOP10,7095.0,87329.0,87329.0,619599255.0,619599255.0,KOSPI,0.71
530106,삼성 레버리지 코스닥150 선물 ETN,24785.0,13264.0,13264.0,328748240.0,328748240.0,KOSPI,2.1
610069,메리츠 KAP 레버리지 일본 엔화 ETN,16500.0,24178.0,24178.0,398937000.0,398937000.0,KOSPI,0.03
292500,SOL KRX300,49450.0,45.0,45.0,2225250.0,2225250.0,KOSPI,0.46
245360,TIGER 차이나HSCEI,11745.0,5657.0,5657.0,66441465.0,66441465.0,KOSPI,0.09
003495,대한항공우,22100.0,873.0,873.0,19293300.0,19293300.0,KOSPI,0.23
610022,메리츠 미국채10년 ETN(H),8130.0,7.0,7.0,56910.0,56910.0,KOSPI,0.12
0238C0,IBK 한미대표기업TOP2+채권혼합50액티브,10155.0,3531.0,3531.0,35857305.0,35857305.0,KOSPI,-0.05
159800,마이티 코스피100,86710.0,531.0,531.0,46043010.0,46043010.0,KOSPI,-0.39
292160,TIGER KRX300,48545.0,3179.0,3179.0,154324555.0,154324555.0,KOSPI,0.46
520047,미래에셋 인버스 2X 옥수수 선물 ETN,24225.0,189.0,189.0,4578525.0,4578525.0,KOSPI,0.48
295020,RISE 국채선물10년인버스,60945.0,7.0,7.0,426615.0,426615.0,KOSPI,-0.48
610001,메리츠 인플레이션 국채 ETN,12060.0,1.0,1.0,12060.0,12060.0,KOSPI,0.29
006490,프리티,1359.0,71474.0,71474.0,97133166.0,97133166.0,KOSPI,4.06
367740,HANARO Fn5G산업,43810.0,429.0,429.0,18794490.0,18794490.0,KOSPI,-0.26
760026,키움 레버리지 전력 TOP5 ETN,16050.0,92535.0,92535.0,1485186750.0,1485186750.0,KOSPI,-2.13
0097L0,KIWOOM 한국고배당&미국AI테크,12345.0,1949.0,1949.0,24060405.0,24060405.0,KOSPI,-0.88
185680,KODEX 미국S&P바이오(합성),45245.0,5231.0,5231.0,236676595.0,236676595.0,KOSPI,0.54
003060,에이프로젠바이오로직스,1480.0,164231.0,164231.0,243061880.0,243061880.0,KOSPI,-1.79
0164G0,RISE 차이나AI반도체TOP4Plus,11440.0,8974.0,8974.0,102662560.0,102662560.0,KOSPI,-2.22
368190,HANARO Fn K-뉴딜디지털플러스,7495.0,569.0,569.0,4264655.0,4264655.0,KOSPI,0.2
0093D0,KoAct 팔란티어밸류체인액티브,18260.0,2210.0,2210.0,40354600.0,40354600.0,KOSPI,1.44
530128,삼성 레버리지 미국다우존스 선물 ETN,23645.0,35.0,35.0,827575.0,827575.0,KOSPI,0.13
001380,SG글로벌,1050.0,67926.0,67926.0,71322300.0,71322300.0,KOSPI,0.96
195970,PLUS 선진국MSCI(합성 H),16145.0,5921.0,5921.0,95594545.0,95594545.0,KOSPI,-0.03
0103T0,1Q K소버린AI,8105.0,61538.0,61538.0,498765490.0,498765490.0,KOSPI,0.0
0177A0,WON 두산그룹포커스,9200.0,45349.0,45349.0,417210800.0,417210800.0,KOSPI,0.55
414270,ACE 글로벌자율주행액티브,11160.0,1905.0,1905.0,21259800.0,21259800.0,KOSPI,-0.49
071950,코아스,1620.0,784863.0,784863.0,1271478060.0,1271478060.0,KOSPI,-15.71
442550,RISE TDF2030액티브 적격,14630.0,3561.0,3561.0,52097430.0,52097430.0,KOSPI,-0.1
364690,KODEX 혁신기술테마액티브,38940.0,103.0,103.0,4010820.0,4010820.0,KOSPI,-0.6
479850,HANARO K-뷰티,17260.0,26969.0,26969.0,465484940.0,465484940.0,KOSPI,-1.82
570115,한투 인버스0.5X S&P500 VIX S/T선물 ETN B,23225.0,4.0,4.0,92900.0,92900.0,KOSPI,0.04
138230,KIWOOM 미국달러선물,15890.0,950.0,950.0,15095500.0,15095500.0,KOSPI,-0.06
0198D0,1Q SK하이닉스선물단일종목레버리지,9620.0,13631.0,13631.0,131130220.0,131130220.0,KOSPI,2.07
0192S0,SOL 코스피200채권혼합50,9485.0,112186.0,112186.0,1064084210.0,1064084210.0,KOSPI,0.32
004870,티웨이홀딩스,1000.0,48026.0,48026.0,48026000.0,48026000.0,KOSPI,0.91
388280,RISE K엔터&여행레저,6930.0,4062.0,4062.0,28149660.0,28149660.0,KOSPI,-0.86
33626L,두산퓨얼셀2우B,7550.0,1378.0,1378.0,10403900.0,10403900.0,KOSPI,1.62
001420,태원물산,2965.0,32935.0,32935.0,97652275.0,97652275.0,KOSPI,-0.5
0127R0,RISE 미국AI클라우드인프라,16685.0,6959.0,6959.0,116110915.0,116110915.0,KOSPI,2.39
0047P0,RISE 테슬라고정테크100,14400.0,2898.0,2898.0,41731200.0,41731200.0,KOSPI,-0.55
0206G0,1Q 현대차기아채권혼합50,7690.0,251632.0,251632.0,1935050080.0,1935050080.0,KOSPI,-0.71
280930,KODEX 미국러셀2000(H),15900.0,12664.0,12664.0,201357600.0,201357600.0,KOSPI,-0.06
419430,KODEX 차이나2차전지MSCI(합성),7950.0,1919.0,1919.0,15256050.0,15256050.0,KOSPI,0.32
500100,신한 금 선물 ETN,11050.0,959.0,959.0,10596950.0,10596950.0,KOSPI,0.36
376410,TIGER 탄소효율그린뉴딜,24555.0,1562.0,1562.0,38354910.0,38354910.0,KOSPI,0.24
375760,HANARO 탄소효율그린뉴딜,24535.0,105.0,105.0,2576175.0,2576175.0,KOSPI,0.55
030720,동원수산,4735.0,37390.0,37390.0,177041650.0,177041650.0,KOSPI,2.27
261120,TIGER 미국달러선물인버스2X,5500.0,4412.0,4412.0,24266000.0,24266000.0,KOSPI,0.0
239660,PLUS 우량회사채50,121830.0,461.0,461.0,56163630.0,56163630.0,KOSPI,0.06
300950,KODEX 게임산업,5220.0,32016.0,32016.0,167123520.0,167123520.0,KOSPI,-1.51
580072,KB 화웨이 밸류체인 ETN,10945.0,2.0,2.0,21890.0,21890.0,KOSPI,0.37
108590,TREX 200,109255.0,20.0,20.0,2185100.0,2185100.0,KOSPI,-0.29
760012,키움 반도체TOP10 ETN,31115.0,37.0,37.0,1151255.0,1151255.0,KOSPI,0.6
225130,ACE 골드선물 레버리지(합성 H),43365.0,790.0,790.0,34258350.0,34258350.0,KOSPI,0.45
411540,SOL 200 Top10,16630.0,2040.0,2040.0,33925200.0,33925200.0,KOSPI,0.24
0186L0,KoAct 미국로봇피지컬AI액티브,9325.0,6667.0,6667.0,62169775.0,62169775.0,KOSPI,0.38
433220,에셋플러스 글로벌대장장이액티브,28905.0,678.0,678.0,19597590.0,19597590.0,KOSPI,1.17
469160,ACE 일본반도체,25160.0,19372.0,19372.0,487399520.0,487399520.0,KOSPI,2.4
580070,KB 레버리지 2차전지 TOP 10 TR ETN,21360.0,371.0,371.0,7924560.0,7924560.0,KOSPI,3.49
447660,PLUS 애플채권혼합,13780.0,18191.0,18191.0,250671980.0,250671980.0,KOSPI,-0.58
0026E0,KODEX 미국S&P500버퍼3월액티브,11520.0,16.0,16.0,184320.0,184320.0,KOSPI,-0.35
012170,아센디오,2920.0,39882.0,39882.0,116455440.0,116455440.0,KOSPI,2.28
005360,모나미,1127.0,337330.0,337330.0,380170910.0,380170910.0,KOSPI,-3.92
0239Y0,PLUS 코리아HBM반도체,10615.0,291977.0,291977.0,3099335855.0,3099335855.0,KOSPI,0.43
550085,N2 코스닥 150 TR ETN,10615.0,4.0,4.0,42460.0,42460.0,KOSPI,1.38
461600,SOL 미국30년국채액티브(H),8005.0,4559.0,4559.0,36494795.0,36494795.0,KOSPI,0.31
269420,KODEX S&P글로벌인프라(합성),20545.0,2933.0,2933.0,60258485.0,60258485.0,KOSPI,-0.34
530138,삼성 KRX 레버리지 2차전지 TOP10 TR ETN,21195.0,147.0,147.0,3115665.0,3115665.0,KOSPI,2.42
464600,SOL 자동차소부장Fn,23545.0,2267.0,2267.0,53376515.0,53376515.0,KOSPI,0.73
760008,키움 코스닥 150 TR ETN,10555.0,13.0,13.0,137215.0,137215.0,KOSPI,0.67
530116,삼성 인버스 2X 나스닥 100 TR ETN,4220.0,29785.0,29785.0,125692700.0,125692700.0,KOSPI,-0.82
0193L0,PLUS 삼성전자선물단일종목인버스2X,8035.0,886914.0,886914.0,7126353990.0,7126353990.0,KOSPI,1.97
471460,KIWOOM 국고채30년액티브,45685.0,1423.0,1423.0,65009755.0,65009755.0,KOSPI,1.34
700012,하나 인버스 2X 옥수수 선물 ETN(H),21000.0,5.0,5.0,105000.0,105000.0,KOSPI,0.41
610103,메리츠 솔랙티브 레버리지 금 선물 ETN(H),20985.0,3.0,3.0,62955.0,62955.0,KOSPI,2.77
008775,호텔신라우,27750.0,373.0,373.0,10350750.0,10350750.0,KOSPI,-0.18
204450,KODEX 차이나H레버리지(H),2170.0,8624.0,8624.0,18714080.0,18714080.0,KOSPI,0.46
570122,한투 인버스금선물 ETN,10395.0,2.0,2.0,20790.0,20790.0,KOSPI,-1.19
337120,KODEX 멀티팩터,34630.0,621.0,621.0,21505230.0,21505230.0,KOSPI,0.19
0223A0,RISE 코스닥커버드콜액티브,11460.0,133519.0,133519.0,1530127740.0,1530127740.0,KOSPI,0.26
580067,KB 인도 디지털 Select 5 ETN,10295.0,2.0,2.0,20590.0,20590.0,KOSPI,1.23
152380,KODEX 국채선물10년,64745.0,3750.0,3750.0,242793750.0,242793750.0,KOSPI,0.56
253290,RISE 헬스케어채권혼합,11435.0,4852.0,4852.0,55482620.0,55482620.0,KOSPI,0.26
0190M0,KIWOOM 미국AI테크하이베타,8570.0,23647.0,23647.0,202654790.0,202654790.0,KOSPI,1.12
226980,KODEX 200 중소형,22840.0,735.0,735.0,16787400.0,16787400.0,KOSPI,-0.83
304770,HANARO 코스닥150,14470.0,9458.0,9458.0,136857260.0,136857260.0,KOSPI,1.19
760028,키움 인버스 2X 반도체TOP10 ETN,2565.0,2875843.0,2875843.0,7376537295.0,7376537295.0,KOSPI,-1.72
0231Z0,KODEX 코리아TDF2065액티브 적격,10250.0,362605.0,362605.0,3716701250.0,3716701250.0,KOSPI,-0.44
461450,KODEX 코스닥글로벌,15740.0,5919.0,5919.0,93165060.0,93165060.0,KOSPI,2.14
371450,TIGER 글로벌클라우드컴퓨팅INDXX,13450.0,2648.0,2648.0,35615600.0,35615600.0,KOSPI,-0.07
520104,미래에셋 인버스 코스피200 선물 ETN B,10165.0,1541.0,1541.0,15664265.0,15664265.0,KOSPI,-0.34
300640,RISE 게임테마,6250.0,3817.0,3817.0,23856250.0,23856250.0,KOSPI,-1.19
289040,KODEX MSCI KOREA ESG유니버설,33820.0,143.0,143.0,4836260.0,4836260.0,KOSPI,-0.07
000040,KR모터스,1029.0,21551.0,21551.0,22175979.0,22175979.0,KOSPI,-0.68
477730,KODEX 인도타타그룹,6850.0,899.0,899.0,6158150.0,6158150.0,KOSPI,-0.44
001685,대상우,14740.0,219.0,219.0,3228060.0,3228060.0,KOSPI,0.82
530130,삼성 S&P500 VIX S/T 선물 ETN B,6725.0,59618.0,59618.0,400931050.0,400931050.0,KOSPI,-0.74
530119,삼성 레버리지 항셍테크 TR ETN(H) B,20130.0,220.0,220.0,4428600.0,4428600.0,KOSPI,-0.52
489000,PLUS 일본엔화초단기국채(합성),9135.0,68607.0,68607.0,626724945.0,626724945.0,KOSPI,0.11
580073,KB 레버리지 화웨이 밸류체인 ETN,20085.0,2.0,2.0,40170.0,40170.0,KOSPI,0.37
520106,미래에셋 인버스 코스닥150 선물 ETN B,10040.0,2.0,2.0,20080.0,20080.0,KOSPI,-2.1
463300,RISE 중국본토CSI300,12445.0,5061.0,5061.0,62984145.0,62984145.0,KOSPI,0.93
00499K,롯데지주우,24700.0,181.0,181.0,4470700.0,4470700.0,KOSPI,0.82
289250,TIGER MSCI KOREA ESG유니버설,34875.0,7833.0,7833.0,273175875.0,273175875.0,KOSPI,-0.41
520105,미래에셋 코스닥150 선물 ETN B,9930.0,2.0,2.0,19860.0,19860.0,KOSPI,1.69
456680,TIGER 차이나전기차레버리지(합성),4860.0,2563.0,2563.0,12456180.0,12456180.0,KOSPI,0.93
580071,KB 인버스 2X 천연가스 선물 ETN B,9885.0,9967.0,9967.0,98523795.0,98523795.0,KOSPI,5.44
379790,RISE 유로스탁스50(H),17190.0,12137.0,12137.0,208635030.0,208635030.0,KOSPI,0.23
364990,TIGER 게임TOP10,4390.0,24706.0,24706.0,108459340.0,108459340.0,KOSPI,-0.34
417630,TIGER KEDI혁신기업ESG30,18785.0,631.0,631.0,11853335.0,11853335.0,KOSPI,-1.39
610087,메리츠 WTI원유 선물 ETN(H),19720.0,5.0,5.0,98600.0,98600.0,KOSPI,-4.32
404120,TIME K신재생에너지액티브,24640.0,6531.0,6531.0,160923840.0,160923840.0,KOSPI,1.05
520103,미래에셋 코스피200 선물 ETN B,9850.0,14.0,14.0,137900.0,137900.0,KOSPI,0.51
091220,TIGER 은행,16670.0,34583.0,34583.0,576498610.0,576498610.0,KOSPI,-3.7
610036,메리츠 인버스 2X 대표 농산물 선물 ETN(H),19665.0,643.0,643.0,12644595.0,12644595.0,KOSPI,-0.73
0241R0,TIGER 현대차LG전자고정피지컬AI밸류체인,9800.0,367088.0,367088.0,3597462400.0,3597462400.0,KOSPI,-1.41
437070,KODEX 아시아달러채권ESG플러스액티브,56625.0,216.0,216.0,12231000.0,12231000.0,KOSPI,0.04
002070,비비안,4055.0,144850.0,144850.0,587366750.0,587366750.0,KOSPI,6.71
0067V0,TIGER 차이나글로벌리더스TOP3+,8840.0,45697.0,45697.0,403961480.0,403961480.0,KOSPI,0.23
610040,메리츠 인버스 2X 미국채30년 ETN(H),19360.0,33.0,33.0,638880.0,638880.0,KOSPI,-0.51
0153X0,PLUS 미국고배당주액티브,10430.0,7685.0,7685.0,80154550.0,80154550.0,KOSPI,-0.52
465670,TIGER 미국캐시카우100,15425.0,11844.0,11844.0,182693700.0,182693700.0,KOSPI,-0.13
438320,TIGER 차이나항셍테크레버리지(합성 H),4460.0,7854.0,7854.0,35028840.0,35028840.0,KOSPI,0.11
760021,키움 코스피200 선물 달러노출 ETN,27455.0,3.0,3.0,82365.0,82365.0,KOSPI,-0.58
530112,삼성 S&P500 TR ETN,19150.0,96.0,96.0,1838400.0,1838400.0,KOSPI,0.05
108675,LX하우시스우,18550.0,1004.0,1004.0,18624200.0,18624200.0,KOSPI,1.26
169950,KODEX 차이나A50,23915.0,1340.0,1340.0,32046100.0,32046100.0,KOSPI,0.06
304760,HANARO KRX300,47750.0,64.0,64.0,3056000.0,3056000.0,KOSPI,0.52
284980,RISE 200금융,22120.0,3445.0,3445.0,76203400.0,76203400.0,KOSPI,-2.62
580074,KB BYD 밸류체인 ETN,9510.0,6.0,6.0,57060.0,57060.0,KOSPI,-0.21
404260,KODEX 기후변화솔루션,23725.0,43.0,43.0,1020175.0,1020175.0,KOSPI,0.53
228820,TIGER KTOP30,18795.0,2391.0,2391.0,44938845.0,44938845.0,KOSPI,-0.71
530132,삼성 블룸버그 WTI원유 선물 ETN B,18780.0,275.0,275.0,5164500.0,5164500.0,KOSPI,-4.62
487950,KODEX 대만테크고배당다우존스,12950.0,7177.0,7177.0,92942150.0,92942150.0,KOSPI,-0.35
416090,ACE 중국과창판STAR50,11720.0,7952.0,7952.0,93197440.0,93197440.0,KOSPI,-2.25
183710,RISE 주식혼합,93700.0,110.0,110.0,10307000.0,10307000.0,KOSPI,0.15
461910,PLUS 미국테크TOP10레버리지(합성),37200.0,596.0,596.0,22171200.0,22171200.0,KOSPI,-1.17
229720,KODEX KTOP30,37095.0,381.0,381.0,14133195.0,14133195.0,KOSPI,-0.63
760022,키움 K방산 TOP5 ETN,9265.0,369.0,369.0,3418785.0,3418785.0,KOSPI,-0.27
497780,KoAct 미국천연가스인프라액티브,9730.0,9247.0,9247.0,89973310.0,89973310.0,KOSPI,-0.87
580089,KB 솔랙티브 레버리지 금 선물 ETN,18410.0,6852.0,6852.0,126145320.0,126145320.0,KOSPI,1.66
610104,메리츠 솔랙티브 인버스 2X 금 선물 ETN(H),18395.0,3.0,3.0,55185.0,55185.0,KOSPI,-1.55
570125,한투 솔랙티브레버리지금선물 ETN,18350.0,12.0,12.0,220200.0,220200.0,KOSPI,1.27
213630,PLUS 미국다우존스고배당주(합성 H),19915.0,4274.0,4274.0,85116710.0,85116710.0,KOSPI,0.1
445910,TIGER MKF배당귀족,20315.0,6209.0,6209.0,126135835.0,126135835.0,KOSPI,-0.71
276000,TIGER 글로벌자원생산기업(합성 H),20250.0,3856.0,3856.0,78084000.0,78084000.0,KOSPI,-0.05
0104P0,TIGER 코리아배당다우존스위클리커버드콜,10720.0,6073.0,6073.0,65102560.0,65102560.0,KOSPI,-1.38
445690,BNK 주주가치액티브,30265.0,41.0,41.0,1240865.0,1240865.0,KOSPI,-0.66
461900,PLUS 미국테크TOP10,22660.0,1726.0,1726.0,39111160.0,39111160.0,KOSPI,-0.15
550097,N2 레버리지 코스닥150 선물 ETN,18035.0,8002.0,8002.0,144316070.0,144316070.0,KOSPI,1.69
381560,HANARO Fn전기&수소차,17165.0,263.0,263.0,4514395.0,4514395.0,KOSPI,0.97
0018Z0,RISE 미국양자컴퓨팅,17920.0,1521.0,1521.0,27256320.0,27256320.0,KOSPI,0.0
407310,HANARO 200 TOP10,16280.0,292.0,292.0,4753760.0,4753760.0,KOSPI,0.77
227830,PLUS 코스피,71100.0,13.0,13.0,924300.0,924300.0,KOSPI,-0.25
195920,TIGER 일본TOPIX(합성 H),35345.0,403.0,403.0,14244035.0,14244035.0,KOSPI,0.76
449580,RISE 테슬라애플아마존채권혼합,16030.0,6329.0,6329.0,101453870.0,101453870.0,KOSPI,-0.16
530123,삼성 일본니케이225선물 ETN(H),17605.0,6.0,6.0,105630.0,105630.0,KOSPI,2.65
0144M0,KODEX 미국드론UAM TOP10,6390.0,18960.0,18960.0,121154400.0,121154400.0,KOSPI,-1.54
391670,HK 베스트일레븐액티브,29095.0,10.0,10.0,290950.0,290950.0,KOSPI,0.24
292050,RISE KRX300,49855.0,107.0,107.0,5334485.0,5334485.0,KOSPI,0.02
289260,TIGER MSCI KOREA ESG리더스,28990.0,17.0,17.0,492830.0,492830.0,KOSPI,0.19
385600,ACE 2차전지&친환경차액티브,11560.0,5489.0,5489.0,63452840.0,63452840.0,KOSPI,-0.43
570071,한투 구리선물 ETN,17280.0,2.0,2.0,34560.0,34560.0,KOSPI,0.0
0198B0,1Q 삼성전자선물단일종목레버리지,12070.0,45128.0,45128.0,544694960.0,544694960.0,KOSPI,-1.83
225060,TIGER 이머징마켓MSCI레버리지(합성 H),16235.0,9.0,9.0,146115.0,146115.0,KOSPI,0.03
0086C0,TIGER 리츠부동산인프라10채권혼합액티브,9820.0,9364.0,9364.0,91954480.0,91954480.0,KOSPI,0.0
580066,KB 인도 대형 성장주 Select 5 ETN,8590.0,235.0,235.0,2018650.0,2018650.0,KOSPI,0.7
0065G0,KODEX 차이나테크TOP10,7980.0,7834.0,7834.0,62515320.0,62515320.0,KOSPI,-0.44
610085,메리츠 레버리지 미국채30년 스트립 ETN(H),28585.0,4051.0,4051.0,115797835.0,115797835.0,KOSPI,-0.44
0203R0,WON 중단기종합채권(A-이상)액티브,50405.0,2.0,2.0,100810.0,100810.0,KOSPI,0.01
457690,KODEX 33-06 국고채액티브,10480.0,52436.0,52436.0,549529280.0,549529280.0,KOSPI,0.48
468370,KODEX iShares미국인플레이션국채액티브,10150.0,5228.0,5228.0,53064200.0,53064200.0,KOSPI,-0.05
0105D0,SOL 한국AI소프트웨어,8915.0,5526.0,5526.0,49264290.0,49264290.0,KOSPI,-0.72
011090,에넥스,1425.0,83020.0,83020.0,118303500.0,118303500.0,KOSPI,-4.87
006200,한국전자홀딩스,1795.0,16391.0,16391.0,29421845.0,29421845.0,KOSPI,-2.18
580075,KB 레버리지 BYD 밸류체인 ETN,16720.0,2.0,2.0,33440.0,33440.0,KOSPI,-0.62
460660,RISE 미국S&P배당킹,11145.0,5076.0,5076.0,56572020.0,56572020.0,KOSPI,-0.45
500072,신한 인버스 2X 코스닥 150 선물 ETN,1667.0,88710.0,88710.0,147879570.0,147879570.0,KOSPI,-2.23
483330,ACE 마이크로소프트밸류체인액티브,15095.0,24347.0,24347.0,367517965.0,367517965.0,KOSPI,0.57
477490,에셋플러스 글로벌일등기업포커스10액티브,18420.0,22.0,22.0,405240.0,405240.0,KOSPI,0.44
530140,삼성 iSelect 레버리지 조선 TOP10 TR ETN,16570.0,19855.0,19855.0,328997350.0,328997350.0,KOSPI,2.0
451600,PLUS 국고채30년액티브,85160.0,107.0,107.0,9112120.0,9112120.0,KOSPI,1.25
250730,RISE 차이나HSCEI(H),9705.0,265.0,265.0,2571825.0,2571825.0,KOSPI,0.36
465770,STX그린로지스,2285.0,131792.0,131792.0,301144720.0,301144720.0,KOSPI,-2.97
0233N0,RISE 글로벌AI낸드메모리반도체,10945.0,41644.0,41644.0,455793580.0,455793580.0,KOSPI,0.05
494420,PLUS 미국배당증가성장주데일리커버드콜,8640.0,3992.0,3992.0,34490880.0,34490880.0,KOSPI,0.23
474920,에셋플러스 차이나일등기업포커스10액티브,17390.0,499.0,499.0,8677610.0,8677610.0,KOSPI,0.35
415760,SOL 차이나육성산업액티브(합성),12015.0,2736.0,2736.0,32873040.0,32873040.0,KOSPI,-1.4
580090,KB 솔랙티브 인버스 2X 금 선물 ETN,16140.0,33.0,33.0,532620.0,532620.0,KOSPI,-1.16
570121,한투 금선물 ETN,8035.0,17.0,17.0,136595.0,136595.0,KOSPI,0.0
005725,넥센우,4450.0,3662.0,3662.0,16295900.0,16295900.0,KOSPI,4.83
530120,삼성 나스닥 100 TR ETN,16000.0,59.0,59.0,944000.0,944000.0,KOSPI,0.63
18064K,한진칼우,30050.0,1543.0,1543.0,46367150.0,46367150.0,KOSPI,-0.5
419650,PLUS 글로벌수소&차세대연료전지,4800.0,16848.0,16848.0,80870400.0,80870400.0,KOSPI,2.24
131890,ACE 삼성그룹동일가중,39400.0,721.0,721.0,28407400.0,28407400.0,KOSPI,-0.1
700034,하나 레버리지 K방산TOP10 ETN,10455.0,43430.0,43430.0,454060650.0,454060650.0,KOSPI,0.34
130680,TIGER 원유선물Enhanced(H),7640.0,20915.0,20915.0,159790600.0,159790600.0,KOSPI,-4.62
488290,MIDAS 일본테크액티브,44740.0,419.0,419.0,18746060.0,18746060.0,KOSPI,2.74
219390,RISE 미국S&P원유생산기업(합성 H),7810.0,18632.0,18632.0,145515920.0,145515920.0,KOSPI,-0.51
432840,HANARO 미국S&P500,19370.0,365.0,365.0,7070050.0,7070050.0,KOSPI,0.0
332620,PLUS 미국장기우량회사채,82820.0,627.0,627.0,51928140.0,51928140.0,KOSPI,-0.13
484890,SOL 머니마켓액티브,52660.0,7502.0,7502.0,395055320.0,395055320.0,KOSPI,0.02
610039,메리츠 인버스 미국채30년 ETN(H),15410.0,1.0,1.0,15410.0,15410.0,KOSPI,0.2
413930,WON AI ESG액티브,27585.0,4393.0,4393.0,121180905.0,121180905.0,KOSPI,0.04
005257,녹십자홀딩스2우,17870.0,106.0,106.0,1894220.0,1894220.0,KOSPI,-3.77
0106J0,대신 KOSPI200인덱스 X클래스,20035.0,17.0,17.0,340595.0,340595.0,KOSPI,-0.42
114460,ACE 국고채3년,100095.0,139.0,139.0,13913205.0,13913205.0,KOSPI,0.2
530095,삼성 구리 선물 ETN(H),15010.0,3.0,3.0,45030.0,45030.0,KOSPI,0.2
491510,파워 K-주주가치액티브,17620.0,65.0,65.0,1145300.0,1145300.0,KOSPI,-1.62
0193K0,PLUS 삼성전자단일종목레버리지,12970.0,9044.0,9044.0,117300680.0,117300680.0,KOSPI,-1.52
760017,키움 조선TOP10 ETN,21245.0,7.0,7.0,148715.0,148715.0,KOSPI,0.95
0222F0,마이티 AI데이터센터밸류체인,12910.0,10419.0,10419.0,134509290.0,134509290.0,KOSPI,-0.12
002025,코오롱우,12780.0,498.0,498.0,6364440.0,6364440.0,KOSPI,-0.54
0207Z0,KIWOOM 미국우주데이터센터인프라,7060.0,20578.0,20578.0,145280680.0,145280680.0,KOSPI,0.86
337150,KODEX 200exTOP,24705.0,131.0,131.0,3236355.0,3236355.0,KOSPI,-0.08
244620,KODEX 모멘텀Plus,21115.0,2268.0,2268.0,47888820.0,47888820.0,KOSPI,-0.85
453010,PLUS KOFR금리,110105.0,10883.0,10883.0,1198272715.0,1198272715.0,KOSPI,0.01
0051A0,KoAct 브로드컴밸류체인액티브,24590.0,1553.0,1553.0,38188270.0,38188270.0,KOSPI,1.55
387280,TIGER 퓨처모빌리티액티브,11575.0,847.0,847.0,9804025.0,9804025.0,KOSPI,0.56
580086,KB 솔랙티브 레버리지 천연가스 선물 ETN,14655.0,7727.0,7727.0,113239185.0,113239185.0,KOSPI,-6.06
580050,KB 차이나 과창판 STAR 50 ETN,14575.0,3.0,3.0,43725.0,43725.0,KOSPI,-2.38
570099,한투 인버스2X엔달러 선물 ETN(H),14535.0,1.0,1.0,14535.0,14535.0,KOSPI,-0.45
0084E0,KIWOOM 미국대형주500월간목표헤지액티브,9875.0,58.0,58.0,572750.0,572750.0,KOSPI,-1.2
0088N0,WON K-글로벌수급상위,11440.0,5251.0,5251.0,60071440.0,60071440.0,KOSPI,1.24
104520,KIWOOM 블루칩,14290.0,7812.0,7812.0,111633480.0,111633480.0,KOSPI,-1.24
530129,삼성 인버스 2X 미국다우존스 선물 ETN,14190.0,2.0,2.0,28380.0,28380.0,KOSPI,-0.8
520076,미래에셋 1.5X 천연가스 선물 ETN,5675.0,5086.0,5086.0,28863050.0,28863050.0,KOSPI,-4.78
234310,RISE V&S셀렉트밸류,28360.0,65.0,65.0,1843400.0,1843400.0,KOSPI,-0.02
610024,메리츠 인버스 미국채10년 ETN(H),14165.0,139.0,139.0,1968935.0,1968935.0,KOSPI,0.0
453630,KODEX 미국S&P500필수소비재,11785.0,6122.0,6122.0,72147770.0,72147770.0,KOSPI,0.13
236350,TIGER 인도니프티50레버리지(합성),22750.0,694.0,694.0,15788500.0,15788500.0,KOSPI,-0.15
404650,SOL KRX기후변화솔루션,23475.0,228.0,228.0,5352300.0,5352300.0,KOSPI,0.54
438900,HANARO Fn K-푸드,10810.0,10998.0,10998.0,118888380.0,118888380.0,KOSPI,-0.83
570105,한투 인버스일본니케이225선물 ETN(H),4655.0,2278.0,2278.0,10604090.0,10604090.0,KOSPI,-2.92
0090B0,PLUS K방산소부장,7150.0,179890.0,179890.0,1286213500.0,1286213500.0,KOSPI,0.42
000087,하이트진로2우B,12290.0,536.0,536.0,6587440.0,6587440.0,KOSPI,-0.32
485810,TIME 글로벌바이오액티브,12010.0,9949.0,9949.0,119487490.0,119487490.0,KOSPI,0.33
001795,대한제당우,2125.0,3333.0,3333.0,7082625.0,7082625.0,KOSPI,1.43
487750,BNK 온디바이스AI,34220.0,4711.0,4711.0,161210420.0,161210420.0,KOSPI,-0.78
024890,대원화성,1655.0,109552.0,109552.0,181308560.0,181308560.0,KOSPI,-4.45
004105,태양금속우,4130.0,57451.0,57451.0,237272630.0,237272630.0,KOSPI,1.6
0153P0,ACE 리츠부동산인프라액티브,9390.0,1712.0,1712.0,16075680.0,16075680.0,KOSPI,-0.42
373490,KODEX 코리아혁신성장액티브,24705.0,158.0,158.0,3903390.0,3903390.0,KOSPI,-0.66
496130,TRUSTON 코리아밸류업액티브,25150.0,57.0,57.0,1433550.0,1433550.0,KOSPI,-0.53
137610,TIGER 농산물선물Enhanced(H),5820.0,10759.0,10759.0,62617380.0,62617380.0,KOSPI,1.22
760015,키움 레버리지 바이오TOP10 ETN,6680.0,30148.0,30148.0,201388640.0,201388640.0,KOSPI,-0.37
45226K,한화갤러리아우,4600.0,7473.0,7473.0,34375800.0,34375800.0,KOSPI,2.22
0127V0,KIWOOM 미국S&P500 TOP10&배당다우비중전환,10605.0,543.0,543.0,5758515.0,5758515.0,KOSPI,-0.05
610072,메리츠 KAP 레버리지 중국 위안화 ETN,26375.0,2.0,2.0,52750.0,52750.0,KOSPI,-0.11
417450,RISE 글로벌수소경제,15510.0,14243.0,14243.0,220908930.0,220908930.0,KOSPI,1.81
472720,TRUSTON 주주가치액티브,25330.0,66.0,66.0,1671780.0,1671780.0,KOSPI,-0.92
102960,KODEX 기계장비,13090.0,4877.0,4877.0,63839930.0,63839930.0,KOSPI,-0.08
002820,SUN&L,1076.0,209784.0,209784.0,225727584.0,225727584.0,KOSPI,-10.63
360150,KODEX 코스닥150롱코스피200숏선물,3160.0,19251.0,19251.0,60833160.0,60833160.0,KOSPI,1.44
0127T0,KIWOOM 미국S&P500&배당다우존스비중전환,10775.0,1926.0,1926.0,20752650.0,20752650.0,KOSPI,-0.19
580032,KB 레버리지 구리 선물 ETN(H),25790.0,822.0,822.0,21199380.0,21199380.0,KOSPI,-0.17
610062,메리츠 인버스 3X 국채30년 ETN,64395.0,344.0,344.0,22151880.0,22151880.0,KOSPI,-4.81
00806K,대덕1우,10610.0,1304.0,1304.0,13835440.0,13835440.0,KOSPI,0.09
0004G0,1Q 미국배당TOP30,8570.0,4112.0,4112.0,35239840.0,35239840.0,KOSPI,-0.35
610035,메리츠 레버리지 대표 농산물 선물 ETN(H),12810.0,1018.0,1018.0,13040580.0,13040580.0,KOSPI,1.1
363510,SOL KIS단기통안채,112300.0,6.0,6.0,673800.0,673800.0,KOSPI,0.01
580080,KB 인버스 은 선물 ETN,12765.0,2.0,2.0,25530.0,25530.0,KOSPI,-1.54
279540,KODEX 최소변동성,21265.0,1085.0,1085.0,23072525.0,23072525.0,KOSPI,-0.51
453820,KODEX 인도Nifty50레버리지(합성),9800.0,1499.0,1499.0,14690200.0,14690200.0,KOSPI,0.15
0013P0,RISE 미국은행TOP10,11565.0,4952.0,4952.0,57269880.0,57269880.0,KOSPI,-0.81
290080,RISE 200고배당커버드콜ATM,7265.0,1996.0,1996.0,14500940.0,14500940.0,KOSPI,-0.89
409810,KODEX 미국나스닥100선물인버스(H),5390.0,21253.0,21253.0,114553670.0,114553670.0,KOSPI,-0.37
140710,KODEX 운송,6660.0,8925.0,8925.0,59440500.0,59440500.0,KOSPI,0.68
580083,KB 레버리지 미국 S&P500 선물 ETN B,25285.0,32.0,32.0,809120.0,809120.0,KOSPI,-0.35
530092,삼성 인버스 코스피 200 선물 ETN,2525.0,5422.0,5422.0,13690550.0,13690550.0,KOSPI,0.2
570123,한투 은선물 ETN,6310.0,8.0,8.0,50480.0,50480.0,KOSPI,2.35
0242S0,파워 SK그룹,10515.0,71053.0,71053.0,747122295.0,747122295.0,KOSPI,0.96
084695,대상홀딩스우,13810.0,1422.0,1422.0,19637820.0,19637820.0,KOSPI,-1.36
0208N0,IBK 코스피액티브,7645.0,7897.0,7897.0,60372565.0,60372565.0,KOSPI,0.39
0028X0,KODEX 미국금융테크액티브,10920.0,377.0,377.0,4116840.0,4116840.0,KOSPI,-0.14
520088,미래에셋 S&P500 VIX S/T 선물 ETN(H),6260.0,5711.0,5711.0,35750860.0,35750860.0,KOSPI,-1.42
500097,신한 레버리지 Russell 2000 ETN B,12505.0,119.0,119.0,1488095.0,1488095.0,KOSPI,-0.48
610080,메리츠 멕시코 페소화 ETN,12485.0,2.0,2.0,24970.0,24970.0,KOSPI,-0.6
580043,KB 레버리지 KOSDAQ 150 선물 ETN,24945.0,16382.0,16382.0,408648990.0,408648990.0,KOSPI,2.97
580051,KB 레버리지 밀 선물 ETN,8305.0,553.0,553.0,4592665.0,4592665.0,KOSPI,3.17
166400,TIGER 200커버드콜OTM,24890.0,1679.0,1679.0,41790310.0,41790310.0,KOSPI,0.81
0015F0,KIWOOM 팔란티어미국30년국채혼합액티브(H),10370.0,1534.0,1534.0,15907580.0,15907580.0,KOSPI,0.19
300610,TIGER K게임,5280.0,8000.0,8000.0,42240000.0,42240000.0,KOSPI,-2.4
530137,삼성 KRX 2차전지 TOP10 TR ETN,12375.0,9.0,9.0,111375.0,111375.0,KOSPI,0.24
610070,메리츠 KAP 인버스 2X 일본 엔화 ETN,24700.0,14.0,14.0,345800.0,345800.0,KOSPI,0.37
489860,KIWOOM 글로벌전력GRID인프라,14505.0,1090.0,1090.0,15810450.0,15810450.0,KOSPI,-0.48
410870,TIME K컬처액티브,8790.0,7416.0,7416.0,65186640.0,65186640.0,KOSPI,-2.06
453060,HANARO KOFR금리액티브(합성),111685.0,2.0,2.0,223370.0,223370.0,KOSPI,0.01
580052,KB 인버스 2X 밀 선물 ETN,24325.0,104.0,104.0,2529800.0,2529800.0,KOSPI,-2.82
457700,KODEX 53-09 국고채액티브,9210.0,686.0,686.0,6318060.0,6318060.0,KOSPI,1.1
610071,메리츠 KAP 중국 위안화 ETN,12155.0,29.0,29.0,352495.0,352495.0,KOSPI,-0.04
0220A0,KIWOOM 현대차그룹TOP3채권혼합50,8675.0,11929.0,11929.0,103484075.0,103484075.0,KOSPI,-0.63
145995,삼양사우,32800.0,47.0,47.0,1541600.0,1541600.0,KOSPI,-1.65
435550,KIWOOM TDF2050액티브 적격,17315.0,819.0,819.0,14180985.0,14180985.0,KOSPI,0.09
251590,PLUS 고배당저변동50,17250.0,271.0,271.0,4674750.0,4674750.0,KOSPI,-0.14
0194R0,KIWOOM SK하이닉스선물단일종목레버리지,8895.0,17076.0,17076.0,151891020.0,151891020.0,KOSPI,0.96
760023,키움 레버리지 K방산 TOP5 ETN,11995.0,610.0,610.0,7316950.0,7316950.0,KOSPI,-0.5
396510,TIGER 차이나클린에너지SOLACTIVE,6660.0,3215.0,3215.0,21411900.0,21411900.0,KOSPI,1.06
140580,RISE 우량업종대표주,23855.0,212.0,212.0,5057260.0,5057260.0,KOSPI,-0.6
0104G0,PLUS K방산레버리지,5180.0,26270.0,26270.0,136078600.0,136078600.0,KOSPI,0.39
610093,메리츠 인버스 3X 일본 국채 10년 ETN,23810.0,22.0,22.0,523820.0,523820.0,KOSPI,0.68
395760,PLUS ESG성장주액티브,21565.0,2.0,2.0,43130.0,43130.0,KOSPI,0.51
400570,KODEX 유럽탄소배출권선물ICE(H),11715.0,3907.0,3907.0,45770505.0,45770505.0,KOSPI,-0.47
404540,TIGER KRX기후변화솔루션,23595.0,422.0,422.0,9957090.0,9957090.0,KOSPI,0.79
015260,에이엔피,250.0,338364.0,338364.0,84591000.0,84591000.0,KOSPI,3.31
332610,PLUS 미국단기회사채(AAA~A),122560.0,345.0,345.0,42283200.0,42283200.0,KOSPI,0.07
282000,RISE 국고채3년선물인버스,115285.0,6.0,6.0,691710.0,691710.0,KOSPI,-0.16
700032,하나 인버스 2X 천연가스 선물 ETN(H),11695.0,735.0,735.0,8595825.0,8595825.0,KOSPI,7.39
610096,메리츠 인버스 2X 천연가스 선물 ETN(H),11670.0,18592.0,18592.0,216968640.0,216968640.0,KOSPI,6.33
610079,메리츠 인버스 3X 미국채30년 ETN,58340.0,19.0,19.0,1108460.0,1108460.0,KOSPI,-0.44
580088,KB 인버스 2X KOSPI 200 선물 ETN B,23320.0,2954.0,2954.0,68887280.0,68887280.0,KOSPI,0.76
0203D0,PLUS 200위클리커버드콜채권혼합,8945.0,6918.0,6918.0,61881510.0,61881510.0,KOSPI,0.0
00781K,코리아써키트2우B,14690.0,349.0,349.0,5126810.0,5126810.0,KOSPI,1.31
520046,미래에셋 레버리지 옥수수 선물 ETN,11455.0,114.0,114.0,1305870.0,1305870.0,KOSPI,-0.78
530127,삼성 미국다우존스 TR ETN,11435.0,2.0,2.0,22870.0,22870.0,KOSPI,0.22
500086,신한 코스닥 150 TR ETN,11385.0,3.0,3.0,34155.0,34155.0,KOSPI,0.75
266410,KODEX 필수소비재,9470.0,8021.0,8021.0,75958870.0,75958870.0,KOSPI,-0.79
430500,KIWOOM 물가채KIS,112580.0,94.0,94.0,10582520.0,10582520.0,KOSPI,0.53
453660,KODEX 미국S&P500경기소비재,16005.0,368.0,368.0,5889840.0,5889840.0,KOSPI,0.41
428560,KODEX 미국ETF산업Top10 Indxx,14880.0,2081.0,2081.0,30965280.0,30965280.0,KOSPI,-0.67
269370,TIGER S&P글로벌인프라(합성),15885.0,67.0,67.0,1064295.0,1064295.0,KOSPI,-0.5
580065,KB 코스닥 150 TR ETN,11110.0,4.0,4.0,44440.0,44440.0,KOSPI,1.93
448490,HANARO 32-10 국고채액티브,52835.0,25.0,25.0,1320875.0,1320875.0,KOSPI,0.7
269530,PLUS S&P글로벌인프라,18410.0,4507.0,4507.0,82973870.0,82973870.0,KOSPI,-0.51
38380K,LX홀딩스1우,7530.0,46.0,46.0,346380.0,346380.0,KOSPI,0.4
0000H0,KODEX 인도Nifty미드캡100,9585.0,233.0,233.0,2233305.0,2233305.0,KOSPI,0.1
252650,KODEX 200동일가중,18265.0,614.0,614.0,11214710.0,11214710.0,KOSPI,0.25
354240,RISE 미국고정배당우선증권,9960.0,691.0,691.0,6882360.0,6882360.0,KOSPI,-0.55
407820,에셋플러스 코리아플랫폼액티브,6080.0,124.0,124.0,753920.0,753920.0,KOSPI,-0.49
530139,삼성 iSelect 조선 TOP10 TR ETN,10905.0,4590.0,4590.0,50053950.0,50053950.0,KOSPI,0.79
610055,메리츠 3X 레버리지 국채3년 ETN,21745.0,1.0,1.0,21745.0,21745.0,KOSPI,0.09
520064,미래에셋 2X 미국채울트라30년 선물 ETN,5430.0,8.0,8.0,43440.0,43440.0,KOSPI,-0.18
0191S0,IBK 코스닥150,14640.0,3742.0,3742.0,54782880.0,54782880.0,KOSPI,0.86
0002C0,에셋플러스 인도일등기업포커스20액티브,9970.0,654.0,654.0,6520380.0,6520380.0,KOSPI,1.12
550100,N2 인버스 2X 천연가스 선물 ETN,10745.0,158.0,158.0,1697710.0,1697710.0,KOSPI,6.76
0120X0,유진 챔피언중단기크레딧 X클래스,10100.0,1.0,1.0,10100.0,10100.0,KOSPI,0.15
610076,메리츠 인버스 3X 미국채10년 ETN,53235.0,201.0,201.0,10700235.0,10700235.0,KOSPI,-0.44
446700,RISE 배터리 리사이클링,10225.0,2053.0,2053.0,20991925.0,20991925.0,KOSPI,1.19
272570,RISE 중장기국공채액티브,107820.0,8.0,8.0,862560.0,862560.0,KOSPI,0.33
252000,TIGER 200동일가중,19180.0,964.0,964.0,18489520.0,18489520.0,KOSPI,0.68
0227L0,HANARO 미국에이전틱AI TOP2+,10530.0,22489.0,22489.0,236809170.0,236809170.0,KOSPI,0.19
610074,메리츠 미국채10년 ETN,10485.0,123.0,123.0,1289655.0,1289655.0,KOSPI,-0.05
451150,에셋플러스 글로벌영에이지액티브,16905.0,49.0,49.0,828345.0,828345.0,KOSPI,0.48
464610,SOL 의료기기소부장Fn,6755.0,5503.0,5503.0,37172765.0,37172765.0,KOSPI,0.6
419420,KODEX 미국클린에너지나스닥,8725.0,2863.0,2863.0,24979675.0,24979675.0,KOSPI,2.65
001067,JW중외제약2우B,49850.0,9.0,9.0,448650.0,448650.0,KOSPI,1.84
580054,KB 인버스 2X 콩 선물 ETN,20830.0,1.0,1.0,20830.0,20830.0,KOSPI,-1.84
760032,키움 모험자본창업투자 ETN,10380.0,2621.0,2621.0,27205980.0,27205980.0,KOSPI,-0.95
0068M0,KODEX 미국S&P500버퍼6월액티브,11515.0,11.0,11.0,126665.0,126665.0,KOSPI,-0.86
0113G0,KoAct 미국바이오헬스케어액티브,11515.0,5066.0,5066.0,58334990.0,58334990.0,KOSPI,0.04
610102,메리츠 솔랙티브 금 선물 ETN(H),10350.0,4.0,4.0,41400.0,41400.0,KOSPI,1.42
310080,RISE 중국MSCI China(H),8960.0,122.0,122.0,1093120.0,1093120.0,KOSPI,0.45
280920,PLUS 주도업종,22880.0,36.0,36.0,823680.0,823680.0,KOSPI,-0.48
435040,ACE 글로벌브랜드TOP10,18710.0,627.0,627.0,11731170.0,11731170.0,KOSPI,-0.13
0216Z0,ACE K방산TOP5+,8565.0,12433.0,12433.0,106488645.0,106488645.0,KOSPI,0.47
610056,메리츠 인버스 3X 국채3년 ETN,20550.0,1.0,1.0,20550.0,20550.0,KOSPI,-0.24
140570,RISE 수출주,25535.0,358.0,358.0,9141530.0,9141530.0,KOSPI,0.43
0093B0,RISE 엔비디아고정테크100,12750.0,1150.0,1150.0,14662500.0,14662500.0,KOSPI,0.87
438740,MIDAS 중소형액티브,33990.0,2.0,2.0,67980.0,67980.0,KOSPI,0.67
385710,TIME K이노베이션액티브,10145.0,1397.0,1397.0,14172565.0,14172565.0,KOSPI,0.55
0189Z0,DAISHIN 금융&지주고배당,10135.0,314.0,314.0,3182390.0,3182390.0,KOSPI,-2.22
610092,메리츠 인버스 일본 국채 10년 ETN,10095.0,1.0,1.0,10095.0,10095.0,KOSPI,0.05
237440,TIGER 경기방어채권혼합,10080.0,4709.0,4709.0,47466720.0,47466720.0,KOSPI,0.2
463640,KODEX 미국S&P500유틸리티,12545.0,7104.0,7104.0,89119680.0,89119680.0,KOSPI,1.01
460270,KIWOOM 미국달러SOFR금리액티브(합성),12385.0,16.0,16.0,198160.0,198160.0,KOSPI,0.04
580059,KB 미국채 10년 ETN,10030.0,103.0,103.0,1033090.0,1033090.0,KOSPI,0.0
004255,NPC우,1899.0,34.0,34.0,64566.0,64566.0,KOSPI,0.48
291130,ACE MSCI멕시코(합성),16690.0,316.0,316.0,5274040.0,5274040.0,KOSPI,0.18
482030,KoAct 반도체&2차전지핵심소재액티브,9530.0,11994.0,11994.0,114302820.0,114302820.0,KOSPI,1.49
570085,한투 인도네시아대표원자재 ETN,10000.0,274.0,274.0,2740000.0,2740000.0,KOSPI,2.83
610111,메리츠 일본 국채 30년 ETN(H),9990.0,4.0,4.0,39960.0,39960.0,KOSPI,0.0
530064,삼성 인버스 2X 구리 선물 ETN(H),665.0,10073.0,10073.0,6698545.0,6698545.0,KOSPI,0.91
700011,하나 레버리지 옥수수 선물 ETN(H),9970.0,66.0,66.0,658020.0,658020.0,KOSPI,-0.35
760027,키움 인버스 2X 전력 TOP5 ETN,4970.0,26683.0,26683.0,132614510.0,132614510.0,KOSPI,2.16
610098,메리츠 미국채30년 풋라이트 ETN(H),9855.0,1500.0,1500.0,14782500.0,14782500.0,KOSPI,0.05
371870,ACE 차이나항셍테크,6135.0,4506.0,4506.0,27644310.0,27644310.0,KOSPI,-1.05
003075,코오롱글로벌우,13130.0,211.0,211.0,2770430.0,2770430.0,KOSPI,0.84
281990,RISE 중소형고배당,17655.0,94.0,94.0,1659570.0,1659570.0,KOSPI,-0.2
0001P0,마이티 바이오시밀러&CDMO액티브,8640.0,954.0,954.0,8242560.0,8242560.0,KOSPI,0.35
230480,KIWOOM 미국달러선물인버스2X,4810.0,2590.0,2590.0,12457900.0,12457900.0,KOSPI,0.42
610068,메리츠 KAP 일본 엔화 ETN,9660.0,896.0,896.0,8655360.0,8655360.0,KOSPI,-0.16
0219B0,KoAct 광통신&위성네트워크액티브,12030.0,62534.0,62534.0,752284020.0,752284020.0,KOSPI,0.29
610034,메리츠 대표 농산물 선물 ETN(H),9615.0,110.0,110.0,1057650.0,1057650.0,KOSPI,0.63
463690,KODEX 미국S&P500커뮤니케이션,17475.0,3229.0,3229.0,56426775.0,56426775.0,KOSPI,0.69
610077,메리츠 미국채30년 ETN,9610.0,545.0,545.0,5237450.0,5237450.0,KOSPI,0.05
700014,하나 인버스 2X 콩 선물 ETN(H),9605.0,244.0,244.0,2343620.0,2343620.0,KOSPI,-2.29
461580,TIGER 코스닥글로벌,15960.0,8241.0,8241.0,131526360.0,131526360.0,KOSPI,0.35
181480,ACE 미국부동산리츠(합성 H),79805.0,47.0,47.0,3750835.0,3750835.0,KOSPI,0.47
0224D0,KIWOOM 미국CPU반도체TOP4+,10615.0,57664.0,57664.0,612103360.0,612103360.0,KOSPI,-0.42
580087,KB 솔랙티브 인버스 천연가스 선물 ETN,9545.0,7995.0,7995.0,76312275.0,76312275.0,KOSPI,4.03
0120J0,BNK 카카오그룹포커스,7635.0,2308.0,2308.0,17621580.0,17621580.0,KOSPI,-0.72
301400,PLUS 코스닥150,14580.0,1004.0,1004.0,14638320.0,14638320.0,KOSPI,1.21
429010,TIGER 미국나스닥넥스트100,18855.0,139.0,139.0,2620845.0,2620845.0,KOSPI,0.05
019685,대교우B,969.0,6002.0,6002.0,5815938.0,5815938.0,KOSPI,1.15
0094L0,RISE 차이나테크TOP10위클리타겟커버드콜,6690.0,6903.0,6903.0,46181070.0,46181070.0,KOSPI,-0.74
117690,TIGER 차이나항셍30,18615.0,496.0,496.0,9233040.0,9233040.0,KOSPI,0.03
139240,TIGER 200 철강소재,10555.0,216492.0,216492.0,2285073060.0,2285073060.0,KOSPI,-0.42
487910,ACE 인도컨슈머파워액티브,7690.0,1860.0,1860.0,14303400.0,14303400.0,KOSPI,-1.98
261110,TIGER 미국달러선물레버리지,15365.0,423.0,423.0,6499395.0,6499395.0,KOSPI,-0.52
354350,HANARO 글로벌럭셔리S&P(합성),17695.0,254.0,254.0,4494530.0,4494530.0,KOSPI,0.2
0227K0,RISE 미국우주위성통신,9200.0,6394.0,6394.0,58824800.0,58824800.0,KOSPI,1.55
700036,하나 인버스 2X 반도체 ETN,1835.0,852849.0,852849.0,1564977915.0,1564977915.0,KOSPI,-1.56
580060,KB 레버리지 미국채 10년 ETN,18290.0,3.0,3.0,54870.0,54870.0,KOSPI,0.22
341850,TIGER 리츠부동산인프라채권,4570.0,1277.0,1277.0,5835890.0,5835890.0,KOSPI,0.33
001755,한양증권우,19270.0,389.0,389.0,7496030.0,7496030.0,KOSPI,-0.36
0194N0,KIWOOM 삼성전자선물단일종목레버리지,11755.0,4390.0,4390.0,51604450.0,51604450.0,KOSPI,-1.88
498050,HANARO 바이오코리아액티브,9545.0,7672.0,7672.0,73229240.0,73229240.0,KOSPI,-0.68
570107,한투 인버스2X일본니케이225선물 ETN(H),3625.0,8338.0,8338.0,30225250.0,30225250.0,KOSPI,-4.98
217780,TIGER 차이나CSI300인버스(합성),5825.0,1912.0,1912.0,11137400.0,11137400.0,KOSPI,0.0
456250,KODEX 유럽명품TOP10 STOXX,7850.0,4218.0,4218.0,33111300.0,33111300.0,KOSPI,-0.06
0174R0,KIWOOM 미국성장다우존스,11270.0,2764.0,2764.0,31150280.0,31150280.0,KOSPI,-0.18
550099,N2 레버리지 천연가스 선물 ETN,9005.0,3059.0,3059.0,27546295.0,27546295.0,KOSPI,-6.49
580061,KB 미국채 30년 ETN,8980.0,151.0,151.0,1355980.0,1355980.0,KOSPI,0.62
399580,RISE 글로벌클린에너지,8975.0,1887.0,1887.0,16935825.0,16935825.0,KOSPI,0.79
0084D0,KIWOOM 미국테크100월간목표헤지액티브,11160.0,144.0,144.0,1607040.0,1607040.0,KOSPI,-0.04
700033,하나 K방산TOP10 ETN,8870.0,5639.0,5639.0,50017930.0,50017930.0,KOSPI,1.9
497510,ACE 글로벌빅파마,12650.0,724.0,724.0,9158600.0,9158600.0,KOSPI,-1.02
494180,TIME 글로벌소비트렌드액티브,12635.0,10.0,10.0,126350.0,126350.0,KOSPI,-0.2
580053,KB 레버리지 콩 선물 ETN,17635.0,8.0,8.0,141080.0,141080.0,KOSPI,1.67
266390,KODEX 경기소비재,14680.0,493.0,493.0,7237240.0,7237240.0,KOSPI,-1.61
700035,하나 인버스 2X K방산TOP10 ETN,8800.0,86124.0,86124.0,757891200.0,757891200.0,KOSPI,-1.18
395150,KODEX 웹툰&드라마,1833.0,4722.0,4722.0,8655426.0,8655426.0,KOSPI,-1.03
0216K0,KIWOOM 미국우주테크TOP2채권혼합50,8770.0,9376.0,9376.0,82227520.0,82227520.0,KOSPI,0.8
270800,RISE KQ고배당,15915.0,353.0,353.0,5617995.0,5617995.0,KOSPI,0.32
381570,HANARO Fn친환경에너지,10290.0,7840.0,7840.0,80673600.0,80673600.0,KOSPI,1.93
530135,삼성 인버스 China A50 선물 ETN(H) B,8745.0,2.0,2.0,17490.0,17490.0,KOSPI,-0.68
466810,BNK 2차전지양극재,5795.0,13943.0,13943.0,80799685.0,80799685.0,KOSPI,0.43
610097,메리츠 미국채30년스트립 커버드콜 ETN(H),8675.0,6.0,6.0,52050.0,52050.0,KOSPI,-0.12
0221Z0,ACE K바이오코스닥액티브,9125.0,6301.0,6301.0,57496625.0,57496625.0,KOSPI,0.27
500068,신한 인버스 2X 10년 국채선물 ETN,12380.0,2.0,2.0,24760.0,24760.0,KOSPI,-1.43
520097,미래에셋 1.5X S&P500 VIX S/T선물 ETN,8635.0,7265.0,7265.0,62733275.0,62733275.0,KOSPI,-0.52
610059,메리츠 3X 레버리지 국채10년 ETN,17200.0,800.0,800.0,13760000.0,13760000.0,KOSPI,1.53
570094,한투 일본엔선물 ETN C,8580.0,2.0,2.0,17160.0,17160.0,KOSPI,0.29
174350,TIGER 로우볼,20420.0,5441.0,5441.0,111105220.0,111105220.0,KOSPI,-1.9
0226G0,WON 피지컬AI TOP2플러스액티브,12200.0,893.0,893.0,10894600.0,10894600.0,KOSPI,-0.41
33637L,솔루스첨단소재2우B,2260.0,3384.0,3384.0,7647840.0,7647840.0,KOSPI,-0.44
0133E0,TIGER 차이나증권,8115.0,1390.0,1390.0,11279850.0,11279850.0,KOSPI,0.06
105010,TIGER 라틴35,6080.0,1791.0,1791.0,10889280.0,10889280.0,KOSPI,-0.98
580085,KB 솔랙티브 천연가스 선물 ETN,8510.0,220.0,220.0,1872200.0,1872200.0,KOSPI,-3.3
500101,신한 블룸버그 천연가스 선물 ETN,8480.0,113.0,113.0,958240.0,958240.0,KOSPI,-3.42
610095,메리츠 레버리지 천연가스 선물 ETN(H),8455.0,19593.0,19593.0,165658815.0,165658815.0,KOSPI,-6.06
0184N0,PLUS 은채권혼합,8445.0,5181.0,5181.0,43753545.0,43753545.0,KOSPI,0.18
700031,하나 레버리지 천연가스 선물 ETN(H),8415.0,26592.0,26592.0,223771680.0,223771680.0,KOSPI,-6.24
0008E0,ACE 미국중심중소형제조업,11220.0,1334.0,1334.0,14967480.0,14967480.0,KOSPI,0.31
435540,KIWOOM TDF2040액티브 적격,16820.0,307.0,307.0,5163740.0,5163740.0,KOSPI,0.12
610090,메리츠 일본 국채 10년 ETN,8400.0,1.0,1.0,8400.0,8400.0,KOSPI,0.06
497520,ACE 일라이릴리밸류체인,12910.0,1122.0,1122.0,14485020.0,14485020.0,KOSPI,-0.92
375270,RISE 글로벌데이터센터리츠(합성),12850.0,219.0,219.0,2814150.0,2814150.0,KOSPI,0.47
500036,신한 인버스 2X 미국달러 선물 ETN,4165.0,10.0,10.0,41650.0,41650.0,KOSPI,0.6
429980,SOL 한국형글로벌전기차&2차전지액티브,16615.0,65.0,65.0,1079975.0,1079975.0,KOSPI,0.48
0219Z0,HANARO 미국S&P500액티브,10375.0,48516.0,48516.0,503353500.0,503353500.0,KOSPI,0.44
0067Y0,TIGER 차이나AI소프트웨어,9180.0,2027.0,2027.0,18607860.0,18607860.0,KOSPI,-0.38
449680,TIGER 한중전기차(합성),9720.0,79.0,79.0,767880.0,767880.0,KOSPI,1.41
457930,BNK 미래전략기술액티브,27475.0,86.0,86.0,2362850.0,2362850.0,KOSPI,-0.29
395750,PLUS ESG가치주액티브,20545.0,3.0,3.0,61635.0,61635.0,KOSPI,0.42
0226D0,FOCUS 금융반도체지주채권혼합50액티브,10250.0,6924.0,6924.0,70971000.0,70971000.0,KOSPI,0.34
0215T0,HANARO 미국AI광통신TOP10,9110.0,23405.0,23405.0,213219550.0,213219550.0,KOSPI,4.11
000225,유유제약1우,3615.0,5963.0,5963.0,21556245.0,21556245.0,KOSPI,-0.96
610084,메리츠 미국채30년 스트립 ETN(H),8190.0,5.0,5.0,40950.0,40950.0,KOSPI,-0.3
462340,에셋플러스 글로벌다이나믹시니어액티브,16375.0,6.0,6.0,98250.0,98250.0,KOSPI,0.21
182490,TIGER 단기선진하이일드(합성 H),13605.0,604.0,604.0,8217420.0,8217420.0,KOSPI,-0.29
610073,메리츠 KAP 인버스 2X 중국 위안화 ETN,16285.0,3.0,3.0,48855.0,48855.0,KOSPI,0.25
520085,미래에셋 -2X 미국 AI TOP3 ETN,8130.0,1000.0,1000.0,8130000.0,8130000.0,KOSPI,-1.22
530114,삼성 인버스 2X S&P500 선물 ETN,8130.0,2541.0,2541.0,20658330.0,20658330.0,KOSPI,-0.31
610094,메리츠 천연가스 선물 ETN(H),8045.0,1326.0,1326.0,10667670.0,10667670.0,KOSPI,-3.01
371150,RISE 차이나항셍테크,6105.0,573.0,573.0,3498165.0,3498165.0,KOSPI,-0.49
0214M0,MIDAS 바이오헬스케어액티브,9315.0,253.0,253.0,2356695.0,2356695.0,KOSPI,0.59
570097,한투 엔달러선물 ETN(H),7900.0,102.0,102.0,805800.0,805800.0,KOSPI,0.32
395280,HANARO Fn K-게임,3330.0,1465.0,1465.0,4878450.0,4878450.0,KOSPI,-0.45
001515,SK증권우,3995.0,2485.0,2485.0,9927575.0,9927575.0,KOSPI,-0.12
480460,WON 한국부동산TOP3플러스,9150.0,311.0,311.0,2845650.0,2845650.0,KOSPI,0.38
304670,KODEX 미국30년국채울트라선물인버스(H),12950.0,1852.0,1852.0,23983400.0,23983400.0,KOSPI,-0.15
227550,TIGER 200 산업재,12100.0,36236.0,36236.0,438455600.0,438455600.0,KOSPI,0.79
189400,PLUS 글로벌MSCI(합성 H),25815.0,247.0,247.0,6376305.0,6376305.0,KOSPI,0.92
0176P0,FOCUS AI반도체위클리고정커버드콜,13990.0,5933.0,5933.0,83002670.0,83002670.0,KOSPI,0.43
760025,키움 전력 TOP5 ETN,10920.0,50.0,50.0,546000.0,546000.0,KOSPI,-1.13
700030,하나 S&P 인버스 2X WTI원유 선물 ETN B,1905.0,123854.0,123854.0,235941870.0,235941870.0,KOSPI,9.36
001065,JW중외제약우,22200.0,2.0,2.0,44400.0,44400.0,KOSPI,0.0
610100,메리츠 레버리지 은 선물 ETN(H),7510.0,12180.0,12180.0,91471800.0,91471800.0,KOSPI,1.01
530056,삼성 인버스 2X 금 선물 ETN(H),1872.0,25328.0,25328.0,47414016.0,47414016.0,KOSPI,-1.78
227570,TIGER 우량가치,20800.0,55.0,55.0,1144000.0,1144000.0,KOSPI,-0.91
139660,KIWOOM 미국달러선물인버스,8580.0,854.0,854.0,7327320.0,7327320.0,KOSPI,0.47
435530,KIWOOM TDF2030액티브 적격,14925.0,103.0,103.0,1537275.0,1537275.0,KOSPI,0.27
570114,한투 S&P500 VIX S/T선물 ETN(H) B,7455.0,109.0,109.0,812595.0,812595.0,KOSPI,-1.84
285690,FOCUS ESG리더스,21290.0,28.0,28.0,596120.0,596120.0,KOSPI,-0.05
530122,삼성 인버스 2X 항셍테크 TR ETN(H) B,7430.0,20563.0,20563.0,152783090.0,152783090.0,KOSPI,-0.8
494210,SOL 미국500타겟데일리커버드콜액티브,10535.0,4065.0,4065.0,42824775.0,42824775.0,KOSPI,-0.33
225800,KIWOOM 미국달러선물레버리지,14445.0,425.0,425.0,6139125.0,6139125.0,KOSPI,-0.45
530141,삼성 중국 자동차 TOP5 TR ETN(H),7325.0,63.0,63.0,461475.0,461475.0,KOSPI,-0.07
490330,KoAct 미국치매&뇌질환치료제액티브,13315.0,4912.0,4912.0,65403280.0,65403280.0,KOSPI,-1.99
0218K0,BNK 스마트카,10415.0,4.0,4.0,41660.0,41660.0,KOSPI,-0.43
487920,ACE 인도시장대표BIG5그룹액티브,7290.0,234.0,234.0,1705860.0,1705860.0,KOSPI,-0.14
0172Y0,ACE K수출핵심TOP10산업액티브,9095.0,1942.0,1942.0,17662490.0,17662490.0,KOSPI,0.0
0005C0,RISE 미국S&P500엔화노출(합성 H),11185.0,320.0,320.0,3579200.0,3579200.0,KOSPI,0.4
402460,HANARO Fn K-메타버스MZ,14470.0,85.0,85.0,1229950.0,1229950.0,KOSPI,-0.41
253280,RISE 헬스케어,12055.0,4460.0,4460.0,53765300.0,53765300.0,KOSPI,0.63
225050,TIGER 유로스탁스레버리지(합성 H),15925.0,95.0,95.0,1512875.0,1512875.0,KOSPI,0.47
580062,KB 레버리지 미국채 30년 ETN,14270.0,220.0,220.0,3139400.0,3139400.0,KOSPI,0.07
0138D0,RISE 동학개미,12970.0,1291.0,1291.0,16744270.0,16744270.0,KOSPI,-0.35
488480,RISE 일본섹터TOP4Plus,12965.0,3209.0,3209.0,41604685.0,41604685.0,KOSPI,1.41
580079,KB 레버리지 은 선물 ETN,7125.0,29767.0,29767.0,212089875.0,212089875.0,KOSPI,0.07
437370,RISE 글로벌농업경제,10140.0,3766.0,3766.0,38187240.0,38187240.0,KOSPI,-1.36
530142,삼성 중국 AI 테크 TOP5 TR ETN(H),7080.0,249.0,249.0,1762920.0,1762920.0,KOSPI,-0.28
530060,삼성 코스피 양매도 5% OTM ETN,7050.0,16.0,16.0,112800.0,112800.0,KOSPI,0.36
500098,신한 인버스 2X Russell 2000 ETN B,7005.0,2.0,2.0,14010.0,14010.0,KOSPI,-0.57
315270,TIGER 200커뮤니케이션서비스,18415.0,612.0,612.0,11269980.0,11269980.0,KOSPI,-0.59
400590,SOL 글로벌탄소배출권선물ICE(합성),13910.0,470.0,470.0,6537700.0,6537700.0,KOSPI,1.05
0094X0,1Q 샤오미밸류체인액티브,7695.0,693.0,693.0,5332635.0,5332635.0,KOSPI,-1.35
244670,KODEX 밸류Plus,11530.0,283.0,283.0,3262990.0,3262990.0,KOSPI,0.22
760006,키움 KPOP ETN,6910.0,6.0,6.0,41460.0,41460.0,KOSPI,-1.22
570109,한투 레버리지미국채30년 ETN,13795.0,5.0,5.0,68975.0,68975.0,KOSPI,0.11
610091,메리츠 3X 레버리지 일본 국채 10년 ETN,13680.0,31.0,31.0,424080.0,424080.0,KOSPI,0.22
0082F0,HANARO 유럽방산,9740.0,170.0,170.0,1655800.0,1655800.0,KOSPI,-0.61
256450,PLUS 심천차이넥스트(합성),13575.0,1114.0,1114.0,15122550.0,15122550.0,KOSPI,0.07
500067,신한 레버리지 10년 국채선물 ETN,9470.0,2.0,2.0,18940.0,18940.0,KOSPI,1.45
004985,성신양회우,9000.0,1421.0,1421.0,12789000.0,12789000.0,KOSPI,-0.22
610099,메리츠 은 선물 ETN(H),6620.0,4.0,4.0,26480.0,26480.0,KOSPI,0.23
570092,한투 인버스2X유로스탁스50 ETN(H) B,6605.0,643.0,643.0,4247015.0,4247015.0,KOSPI,-0.97
0191B0,MIDAS 코스닥액티브,33020.0,1777.0,1777.0,58676540.0,58676540.0,KOSPI,0.03
000325,노루홀딩스우,27000.0,431.0,431.0,11637000.0,11637000.0,KOSPI,-4.26
570101,한투 인버스나스닥100 ETN B,6575.0,4.0,4.0,26300.0,26300.0,KOSPI,-0.6
176950,KODEX 국채선물10년인버스,60795.0,6363.0,6363.0,386838585.0,386838585.0,KOSPI,-0.66
456200,PLUS 미국달러SOFR금리액티브(합성),58945.0,701.0,701.0,41320445.0,41320445.0,KOSPI,-0.02
326230,RISE 내수주플러스,10780.0,236.0,236.0,2544080.0,2544080.0,KOSPI,-0.46
0036Z0,RISE 미국천연가스밸류체인,11745.0,4626.0,4626.0,54332370.0,54332370.0,KOSPI,-1.26
450180,KODEX 한중전기차(합성),9900.0,62.0,62.0,613800.0,613800.0,KOSPI,0.41
570095,한투 레버리지일본엔선물 ETN C,6430.0,355.0,355.0,2282650.0,2282650.0,KOSPI,0.16
138920,KODEX 콩선물(H),12830.0,207.0,207.0,2655810.0,2655810.0,KOSPI,1.02
139290,TIGER 200 경기소비재,22800.0,4322.0,4322.0,98541600.0,98541600.0,KOSPI,-1.41
530096,삼성 인버스 구리 선물 ETN(H),6355.0,12.0,12.0,76260.0,76260.0,KOSPI,0.08
004835,덕성우,4555.0,3715.0,3715.0,16921825.0,16921825.0,KOSPI,2.47
580078,KB 은 선물 ETN,6325.0,933.0,933.0,5901225.0,5901225.0,KOSPI,0.56
250780,TIGER 코스닥150선물인버스,2360.0,246156.0,246156.0,580928160.0,580928160.0,KOSPI,-1.05
289670,PLUS 국채선물10년,52020.0,304.0,304.0,15814080.0,15814080.0,KOSPI,0.75
570091,한투 인버스유로스탁스50 ETN(H) C,6235.0,14.0,14.0,87290.0,87290.0,KOSPI,-0.4
0047N0,PLUS 차이나AI테크TOP10,8870.0,609.0,609.0,5401830.0,5401830.0,KOSPI,-0.78
451670,RISE 국채30년레버리지(합성),12340.0,444.0,444.0,5478960.0,5478960.0,KOSPI,3.01
469530,RISE 미국달러선물인버스,9605.0,2051.0,2051.0,19699855.0,19699855.0,KOSPI,0.47
307510,TIGER 의료기기,12275.0,709.0,709.0,8702975.0,8702975.0,KOSPI,0.95
580084,KB 인버스 2X 미국 S&P500 선물 ETN B,12270.0,2.0,2.0,24540.0,24540.0,KOSPI,-1.25
429740,PLUS K리츠,6050.0,684.0,684.0,4138200.0,4138200.0,KOSPI,0.83
570098,한투 레버리지엔달러선물 ETN(H),6045.0,6327.0,6327.0,38246715.0,38246715.0,KOSPI,0.0
400580,SOL 유럽탄소배출권선물S&P(H),12090.0,3842.0,3842.0,46449780.0,46449780.0,KOSPI,3.33
760010,키움 2차전지산업 ETN,8635.0,4.0,4.0,34540.0,34540.0,KOSPI,1.53
316300,ACE 싱가포르리츠,12060.0,610.0,610.0,7356600.0,7356600.0,KOSPI,0.54
550098,N2 인버스 2X 코스닥150 선물 ETN,6015.0,14011.0,14011.0,84276165.0,84276165.0,KOSPI,-1.96
368680,KODEX K-뉴딜디지털플러스,7515.0,608.0,608.0,4569120.0,4569120.0,KOSPI,-0.27
530062,삼성 인버스 2X 은 선물 ETN(H),46.0,46007.0,46007.0,2116322.0,2116322.0,KOSPI,2.22
483020,KIWOOM 의료AI,9160.0,2718.0,2718.0,24896880.0,24896880.0,KOSPI,-0.6
267450,RISE 미국장기국채선물인버스(H),11685.0,5.0,5.0,58425.0,58425.0,KOSPI,0.21
0166T0,PLUS 글로벌저작권핵심기업액티브,8985.0,426.0,426.0,3827610.0,3827610.0,KOSPI,-0.22
433250,UNICORN R&D 액티브,23105.0,12.0,12.0,277260.0,277260.0,KOSPI,1.05
0053M0,더제이 중소형포커스액티브,12810.0,31.0,31.0,397110.0,397110.0,KOSPI,-0.93
314700,HANARO 농업융복합산업,10475.0,388.0,388.0,4064300.0,4064300.0,KOSPI,-0.99
012205,계양전기우,4900.0,5198.0,5198.0,25470200.0,25470200.0,KOSPI,-0.41
26490K,크라운제과우,7380.0,203.0,203.0,1498140.0,1498140.0,KOSPI,1.65
0114X0,RISE 글로벌게임테크TOP3Plus,8650.0,1580.0,1580.0,13667000.0,13667000.0,KOSPI,-0.92
401590,HANARO 글로벌탄소배출권선물ICE(합성),11025.0,6.0,6.0,66150.0,66150.0,KOSPI,0.32
0229F0,마이티 신약포커스바이오액티브,7950.0,428.0,428.0,3402600.0,3402600.0,KOSPI,0.63
407300,HANARO Fn골프테마,10115.0,4.0,4.0,40460.0,40460.0,KOSPI,-0.39
570073,한투 인버스2X구리선물 ETN,5550.0,50.0,50.0,277500.0,277500.0,KOSPI,-0.63
610023,메리츠 레버리지 미국채10년 ETN(H),5545.0,19.0,19.0,105355.0,105355.0,KOSPI,0.36
291890,KODEX MSCI EM선물(H),12305.0,11.0,11.0,135355.0,135355.0,KOSPI,0.53
432600,RISE 국채선물3년,55285.0,25.0,25.0,1382125.0,1382125.0,KOSPI,0.27
470310,UNICORN 생성형AI강소기업액티브,18240.0,29.0,29.0,528960.0,528960.0,KOSPI,-0.38
090355,노루페인트우,11770.0,114.0,114.0,1341780.0,1341780.0,KOSPI,1.55
0184V0,UNICORN K바이오액티브,5185.0,18706.0,18706.0,96990610.0,96990610.0,KOSPI,0.19
0087F0,ACE 차이나AI빅테크TOP2+액티브,10830.0,688.0,688.0,7451040.0,7451040.0,KOSPI,-0.82
238670,PLUS 스마트베타Quality채권혼합,13505.0,824.0,824.0,11128120.0,11128120.0,KOSPI,-0.04
499150,SOL 미국S&P500엔화노출(H),10750.0,181.0,181.0,1945750.0,1945750.0,KOSPI,0.75
291630,KIWOOM 코스닥150선물레버리지,3700.0,55285.0,55285.0,204554500.0,204554500.0,KOSPI,2.49
530094,삼성 인버스 코스닥 150 선물 ETN,5290.0,368.0,368.0,1946720.0,1946720.0,KOSPI,-1.86
220130,SOL 차이나강소기업CSI500(합성 H),6555.0,20426.0,20426.0,133892430.0,133892430.0,KOSPI,0.31
390400,KODEX 미국스마트모빌리티S&P,6520.0,74.0,74.0,482480.0,482480.0,KOSPI,-0.08
0174J0,DAISHIN 오피스리츠플러스,8660.0,6934.0,6934.0,60048440.0,60048440.0,KOSPI,-0.17
483030,KIWOOM 미국블록버스터바이오테크의약품+,11515.0,1383.0,1383.0,15925245.0,15925245.0,KOSPI,-0.48
0015E0,KIWOOM 엔비디아미국30년국채혼합액티브(H),10285.0,403.0,403.0,4144855.0,4144855.0,KOSPI,0.0
295000,RISE 국채선물10년,51250.0,4.0,4.0,205000.0,205000.0,KOSPI,0.56
0102X0,ACE 유럽방산TOP10,8540.0,1185.0,1185.0,10119900.0,10119900.0,KOSPI,-1.04
219900,ACE 중국본토CSI300레버리지(합성),3645.0,475.0,475.0,1731375.0,1731375.0,KOSPI,0.28
0154H0,KoAct 차이나바이오헬스케어액티브,9220.0,10063.0,10063.0,92780860.0,92780860.0,KOSPI,4.24
476310,RISE 글로벌비만산업TOP2+,9170.0,340.0,340.0,3117800.0,3117800.0,KOSPI,-0.49
510027,대신 인버스 2X 코스닥 150 선물 ETN,1656.0,1934.0,1934.0,3202704.0,3202704.0,KOSPI,-2.53
413220,SOL 차이나태양광CSI(합성),4135.0,22919.0,22919.0,94770065.0,94770065.0,KOSPI,1.22
580044,KB 인버스 2X KOSDAQ 150 선물 ETN,1647.0,54953.0,54953.0,90507591.0,90507591.0,KOSPI,-2.31
227560,TIGER 200 생활소비재,12320.0,314.0,314.0,3868480.0,3868480.0,KOSPI,-1.04
760014,키움 바이오TOP10 ETN,7020.0,5.0,5.0,35100.0,35100.0,KOSPI,0.0
0132D0,KoAct 글로벌K컬처밸류체인액티브,8885.0,252.0,252.0,2239020.0,2239020.0,KOSPI,-1.11
411860,KIWOOM 독일DAX,16065.0,201.0,201.0,3229065.0,3229065.0,KOSPI,0.0
610029,메리츠 인버스 2X 구리 선물 ETN(H),4810.0,3.0,3.0,14430.0,14430.0,KOSPI,-0.31
0015K0,TIGER 미국소비트렌드액티브,6785.0,261.0,261.0,1770885.0,1770885.0,KOSPI,0.3
474390,SOL 국고채30년액티브,40810.0,59.0,59.0,2407790.0,2407790.0,KOSPI,1.01
267440,RISE 미국장기국채선물(H),7715.0,67.0,67.0,516905.0,516905.0,KOSPI,0.0
0073X0,FOCUS 알리바바미국채커버드콜혼합,8305.0,236.0,236.0,1959980.0,1959980.0,KOSPI,-0.54
266550,PLUS 중형주저변동50,18045.0,3.0,3.0,54135.0,54135.0,KOSPI,0.0
498610,RISE 인도디지털성장,7380.0,283.0,283.0,2088540.0,2088540.0,KOSPI,-0.61
002995,금호건설우,15000.0,13320.0,13320.0,199800000.0,199800000.0,KOSPI,-5.66
391600,ACE 미국친환경그린테마,9740.0,92.0,92.0,896080.0,896080.0,KOSPI,0.83
0078V0,PLUS 미국로보택시,8730.0,490.0,490.0,4277700.0,4277700.0,KOSPI,-1.02
0128D0,PLUS 차이나항셍테크위클리타겟커버드콜,6210.0,1199.0,1199.0,7445790.0,7445790.0,KOSPI,-0.72
205720,ACE 일본TOPIX인버스(합성 H),1431.0,149.0,149.0,213219.0,213219.0,KOSPI,-0.62
000145,하이트진로홀딩스우,9110.0,14.0,14.0,127540.0,127540.0,KOSPI,0.0
000545,흥국화재우,5480.0,654.0,654.0,3583920.0,3583920.0,KOSPI,-2.14
277650,TIGER 코스피중형주,20960.0,120.0,120.0,2515200.0,2515200.0,KOSPI,0.22
530125,삼성 인버스 2X 일본니케이225선물 ETN(H),4100.0,9082.0,9082.0,37236200.0,37236200.0,KOSPI,-4.54
373790,KIWOOM 미국방어배당성장나스닥,14620.0,297.0,297.0,4342140.0,4342140.0,KOSPI,-0.27
005030,부산주공,44.0,26482549.0,26482549.0,1165232156.0,1165232156.0,KOSPI,18.92
252420,RISE 200선물인버스2X,77.0,476937.0,476937.0,36724149.0,36724149.0,KOSPI,1.32
0050E0,PLUS 미국AI에이전트,8065.0,1970.0,1970.0,15888050.0,15888050.0,KOSPI,0.44
291680,RISE 차이나H선물인버스(H),7975.0,116.0,116.0,925100.0,925100.0,KOSPI,1.33
226380,ACE Fn성장소비주도주,5690.0,10.0,10.0,56900.0,56900.0,KOSPI,-0.61
009415,태영건설우,6110.0,631.0,631.0,3855410.0,3855410.0,KOSPI,0.66
0131A0,SOL 차이나소비트렌드,7125.0,3523.0,3523.0,25101375.0,25101375.0,KOSPI,0.28
005965,동부건설우,17240.0,106.0,106.0,1827440.0,1827440.0,KOSPI,0.17
334690,RISE 팔라듐선물(H),5505.0,3512.0,3512.0,19333560.0,19333560.0,KOSPI,1.29
243890,TIGER 200에너지화학레버리지,8550.0,26735.0,26735.0,228584250.0,228584250.0,KOSPI,2.76
225030,TIGER 미국S&P500선물인버스(H),2265.0,3226.0,3226.0,7306890.0,7306890.0,KOSPI,0.22
244660,KODEX 퀄리티Plus,9165.0,9.0,9.0,82485.0,82485.0,KOSPI,-0.6
500041,신한 인버스 2X 구리 선물 ETN,732.0,2.0,2.0,1464.0,1464.0,KOSPI,-1.48
007575,일양약품우,7950.0,195.0,195.0,1550250.0,1550250.0,KOSPI,0.0
014825,동원시스템즈우,13090.0,102.0,102.0,1335180.0,1335180.0,KOSPI,-1.87
427120,RISE AI플랫폼,5190.0,649.0,649.0,3368310.0,3368310.0,KOSPI,-0.29
570023,한투 인버스2XS&P500선물 ETN(H),679.0,30095.0,30095.0,20434505.0,20434505.0,KOSPI,-0.29
36328K,티와이홀딩스우,2875.0,1394.0,1394.0,4007750.0,4007750.0,KOSPI,2.31
014285,금강공업우,5670.0,1451.0,1451.0,8227170.0,8227170.0,KOSPI,6.58
306530,HANARO 코스닥150선물레버리지,7360.0,44520.0,44520.0,327667200.0,327667200.0,KOSPI,2.36
267490,RISE 미국장기국채선물레버리지(합성 H),4550.0,181.0,181.0,823550.0,823550.0,KOSPI,-0.87
0079X0,ACE BYD밸류체인액티브,8965.0,546.0,546.0,4894890.0,4894890.0,KOSPI,-0.22
005745,크라운해태홀딩스우,5200.0,29.0,29.0,150800.0,150800.0,KOSPI,-1.52
321410,KODEX 멀티에셋하이인컴(H),10345.0,26.0,26.0,268970.0,268970.0,KOSPI,-0.81
014915,성문전자우,4810.0,555.0,555.0,2669550.0,2669550.0,KOSPI,-0.82
280940,KODEX 골드선물인버스(H),3600.0,6893.0,6893.0,24814800.0,24814800.0,KOSPI,-1.23
491630,RISE 미국반도체인버스(합성 H),4890.0,127.0,127.0,621030.0,621030.0,KOSPI,-1.01
145670,ACE 인버스,1269.0,32068.0,32068.0,40694292.0,40694292.0,KOSPI,0.16
252410,RISE 200선물인버스,1295.0,20189.0,20189.0,26144755.0,26144755.0,KOSPI,0.31
476000,UNICORN 포스트IPO액티브,4835.0,83033.0,83033.0,401464555.0,401464555.0,KOSPI,-3.59
000227,유유제약2우B,7680.0,166.0,166.0,1274880.0,1274880.0,KOSPI,-0.13
253230,KIWOOM 200선물인버스2X,73.0,4232032.0,4232032.0,308938336.0,308938336.0,KOSPI,1.39
580033,KB 인버스 2X 구리 선물 ETN(H),4810.0,204.0,204.0,981240.0,981240.0,KOSPI,0.0
334700,RISE 팔라듐선물인버스(H),3520.0,528.0,528.0,1858560.0,1858560.0,KOSPI,-1.54
500051,신한 인버스 2X S&P500 선물 ETN,1144.0,2.0,2.0,2288.0,2288.0,KOSPI,-0.69
275750,RISE 코스닥150선물인버스,2375.0,16000.0,16000.0,38000000.0,38000000.0,KOSPI,-1.04
500030,신한 인버스 2X 은 선물 ETN(H),64.0,102528.0,102528.0,6561792.0,6561792.0,KOSPI,-3.03
008355,남선알미우,7010.0,506.0,506.0,3547060.0,3547060.0,KOSPI,-0.14
280320,ACE 미국IT인터넷(합성 H),21470.0,1034.0,1034.0,22199980.0,22199980.0,KOSPI,0.82
001525,동양우,8000.0,962.0,962.0,7696000.0,7696000.0,KOSPI,4.85
570070,한투 인버스2X플래티넘선물 ETN,1799.0,174.0,174.0,313026.0,313026.0,KOSPI,-1.96
291620,KIWOOM 코스닥150선물인버스,4165.0,3735.0,3735.0,15556275.0,15556275.0,KOSPI,-1.3
700018,하나 인버스 2X 코스닥150 선물 ETN,1661.0,663.0,663.0,1101243.0,1101243.0,KOSPI,-2.64
253240,KIWOOM 200선물인버스,1287.0,21801.0,21801.0,28057887.0,28057887.0,KOSPI,0.23
253160,PLUS 200선물인버스2X,148.0,408923.0,408923.0,60520604.0,60520604.0,KOSPI,0.68
306520,HANARO 200선물인버스,2345.0,9642.0,9642.0,22610490.0,22610490.0,KOSPI,0.21
004545,깨끗한나라우,3520.0,1817.0,1817.0,6395840.0,6395840.0,KOSPI,5.86
500038,신한 인버스 2X 금 선물 ETN,1184.0,4573.0,4573.0,5414432.0,5414432.0,KOSPI,-1.99
011155,CJ씨푸드1우,5850.0,188.0,188.0,1099800.0,1099800.0,KOSPI,-1.68
261920,ACE MSCI필리핀(합성),11335.0,48.0,48.0,544080.0,544080.0,KOSPI,-1.9
001527,동양2우B,5010.0,465.0,465.0,2329650.0,2329650.0,KOSPI,-1.38
412560,TIGER BBIG레버리지,1555.0,5006.0,5006.0,7784330.0,7784330.0,KOSPI,1.11
004415,서울식품우,3855.0,2222.0,2222.0,8565810.0,8565810.0,KOSPI,-5.98
465620,ACE 미국빅테크TOP7 Plus인버스(합성),6465.0,4420.0,4420.0,28575300.0,28575300.0,KOSPI,-0.77
002785,진흥기업우B,7400.0,3732.0,3732.0,27616800.0,27616800.0,KOSPI,-14.94
002787,진흥기업2우B,11820.0,1386.0,1386.0,16382520.0,16382520.0,KOSPI,-6.34
196170,알테오젠,255500.0,227028.0,404744.0,58005654000.0,103412092000.0,KOSDAQ,0.79
086520,에코프로,80100.0,492398.0,786399.0,39441079800.0,62990559900.0,KOSDAQ,1.65
036930,주성엔지니어링,232500.0,1309821.0,1309821.0,304533382500.0,304533382500.0,KOSDAQ,4.73
247540,에코프로비엠,109000.0,264635.0,392146.0,28845215000.0,42743914000.0,KOSDAQ,2.73
277810,레인보우로보틱스,419500.0,38016.0,58672.0,15947712000.0,24612904000.0,KOSDAQ,0.72
240810,원익IPS,131700.0,968950.0,968950.0,127610715000.0,127610715000.0,KOSDAQ,1.07
039030,이오테크닉스,515000.0,95545.0,131087.0,49205675000.0,67509805000.0,KOSDAQ,3.94
222800,심텍,150400.0,373717.0,683543.0,56207036800.0,102804867200.0,KOSDAQ,-1.18
058470,리노공업,73700.0,535216.0,896912.0,39445419200.0,66102414400.0,KOSDAQ,0.27
028300,HLB,41350.0,2047254.0,4838981.0,84653952900.0,200091864350.0,KOSDAQ,2.99
403870,HPSP,63500.0,3460971.0,3460971.0,219771658500.0,219771658500.0,KOSDAQ,4.1
095340,ISC,213000.0,131170.0,170275.0,27939210000.0,36268575000.0,KOSDAQ,1.67
319660,피에스케이,148500.0,239722.0,239722.0,35598717000.0,35598717000.0,KOSDAQ,-0.2
108490,로보티즈,288500.0,128373.0,244324.0,37035610500.0,70487474000.0,KOSDAQ,1.23
440110,파두,82400.0,434241.0,434241.0,35781458400.0,35781458400.0,KOSDAQ,-1.44
000250,삼천당제약,172400.0,103217.0,177370.0,17794610800.0,30578588000.0,KOSDAQ,3.79
084370,유진테크,168700.0,168584.0,206723.0,28440120800.0,34874170100.0,KOSDAQ,0.96
031980,피에스케이홀딩스,178600.0,121366.0,121366.0,21675967600.0,21675967600.0,KOSDAQ,-1.22
064760,티씨케이,303000.0,51471.0,65276.0,15595713000.0,19778628000.0,KOSDAQ,1.0
095610,테스,168700.0,282301.0,426601.0,47624178700.0,71967588700.0,KOSDAQ,-1.23
214450,파마리서치,309500.0,102032.0,140752.0,31578904000.0,43562744000.0,KOSDAQ,-2.21
131290,티에스이,288500.0,60071.0,86163.0,17330483500.0,24858025500.0,KOSDAQ,-2.86
067310,하나마이크론,47600.0,1397100.0,1397100.0,66501960000.0,66501960000.0,KOSDAQ,2.37
357780,솔브레인,405000.0,88187.0,117259.0,35715735000.0,47489895000.0,KOSDAQ,4.79
087010,펩트론,131700.0,114863.0,202628.0,15127457100.0,26686107600.0,KOSDAQ,-0.15
141080,리가켐바이오,80200.0,130599.0,211706.0,10474039800.0,16978821200.0,KOSDAQ,0.88
298380,에이비엘바이오,48600.0,270560.0,437818.0,13149216000.0,21277954800.0,KOSDAQ,-1.42
080220,제주반도체,78500.0,1114376.0,1114376.0,87478516000.0,87478516000.0,KOSDAQ,1.95
010170,대한광통신,16740.0,5847858.0,5847858.0,97893142920.0,97893142920.0,KOSDAQ,0.84
257720,실리콘투,38300.0,470606.0,808405.0,18024209800.0,30961911500.0,KOSDAQ,0.39
310210,보로노이,133900.0,70705.0,108527.0,9467399500.0,14531765300.0,KOSDAQ,1.13
178320,서진시스템,38850.0,2472315.0,2472315.0,96049437750.0,96049437750.0,KOSDAQ,5.14
005290,동진쎄미켐,48200.0,794027.0,1489306.0,38272101400.0,71784549200.0,KOSDAQ,3.43
226950,올릭스,102600.0,123514.0,178882.0,12672536400.0,18353293200.0,KOSDAQ,-0.19
319400,현대무벡스,20550.0,815644.0,815644.0,16761484200.0,16761484200.0,KOSDAQ,0.74
145020,휴젤,179600.0,47092.0,61311.0,8457723200.0,11011455600.0,KOSDAQ,-2.02
140410,메지온,72900.0,78648.0,78648.0,5733439200.0,5733439200.0,KOSDAQ,-1.22
214370,케어젠,40850.0,72696.0,119965.0,2969631600.0,4900570250.0,KOSDAQ,-2.04
058610,에스피지,97100.0,93679.0,237956.0,9096230900.0,23105527600.0,KOSDAQ,-0.21
032820,우리기술,12350.0,1632323.0,1632323.0,20159189050.0,20159189050.0,KOSDAQ,1.31
098460,고영,30850.0,925668.0,925668.0,28556857800.0,28556857800.0,KOSDAQ,0.33
043260,성호전자,27350.0,6149323.0,6149323.0,168183984050.0,168183984050.0,KOSDAQ,15.64
030530,원익홀딩스,26450.0,659119.0,659119.0,17433697550.0,17433697550.0,KOSDAQ,-0.56
263750,펄어비스,32250.0,267725.0,341313.0,8634131250.0,11007344250.0,KOSDAQ,-1.23
214150,클래시스,30350.0,69444.0,99544.0,2107625400.0,3021160400.0,KOSDAQ,-1.3
089030,테크윙,52400.0,693859.0,693859.0,36358211600.0,36358211600.0,KOSDAQ,2.54
140860,파크시스템스,276500.0,29199.0,47744.0,8073523500.0,13201216000.0,KOSDAQ,2.41
347850,디앤디파마텍,41850.0,297363.0,297363.0,12444641550.0,12444641550.0,KOSDAQ,-0.24
237690,에스티팜,92000.0,44963.0,66347.0,4136596000.0,6103924000.0,KOSDAQ,-1.39
131970,두산테스나,97900.0,203103.0,463210.0,19883783700.0,45348259000.0,KOSDAQ,1.66
041510,에스엠,82200.0,79447.0,111365.0,6530543400.0,9154203000.0,KOSDAQ,-1.91
083650,비에이치아이,60700.0,187873.0,395072.0,11403891100.0,23980870400.0,KOSDAQ,4.48
036540,SFA반도체,10770.0,5135701.0,5135701.0,55311499770.0,55311499770.0,KOSDAQ,2.09
183300,코미코,34150.0,345448.0,556223.0,11797049200.0,18995015450.0,KOSDAQ,1.64
323280,태성,57100.0,739583.0,1840353.0,42230189300.0,105084156300.0,KOSDAQ,5.74
068760,셀트리온제약,38050.0,91304.0,121299.0,3474117200.0,4615426950.0,KOSDAQ,-1.42
060370,LS마린솔루션,32250.0,150615.0,233332.0,4857333750.0,7524957000.0,KOSDAQ,0.16
096530,씨젠,35450.0,512916.0,709792.0,18182872200.0,25162126400.0,KOSDAQ,5.19
089970,브이엠,62400.0,708929.0,1264272.0,44237169600.0,78890572800.0,KOSDAQ,2.3
420770,기가비스,127100.0,107417.0,107417.0,13652700700.0,13652700700.0,KOSDAQ,-1.47
437730,삼현,50100.0,217809.0,538190.0,10912230900.0,26963319000.0,KOSDAQ,3.3
007390,네이처셀,24250.0,141960.0,237207.0,3442530000.0,5752269750.0,KOSDAQ,-0.41
218410,RFHIC,58400.0,250045.0,639329.0,14602628000.0,37336813600.0,KOSDAQ,1.04
078600,대주전자재료,93800.0,171249.0,321562.0,16063156200.0,30162515600.0,KOSDAQ,4.45
0009K0,에임드바이오,22300.0,100076.0,154707.0,2231694800.0,3449966100.0,KOSDAQ,3.72
290650,엘앤씨바이오,51400.0,389792.0,612029.0,20035308800.0,31458290600.0,KOSDAQ,8.67
039200,오스코텍,35750.0,73453.0,99573.0,2625944750.0,3559734750.0,KOSDAQ,0.28
035900,JYP Ent.,37650.0,107980.0,155348.0,4065447000.0,5848852200.0,KOSDAQ,-0.92
950160,코오롱티슈진,15430.0,408099.0,408099.0,6296967570.0,6296967570.0,KOSDAQ,2.46
950260,인제니아테라퓨틱스(Reg.S),25900.0,1404829.0,1404829.0,36385071100.0,36385071100.0,KOSDAQ,2.37
204270,제이앤티씨,22100.0,1155468.0,1155468.0,25535842800.0,25535842800.0,KOSDAQ,-4.12
082920,비츠로셀,28200.0,124103.0,182758.0,3499704600.0,5153775600.0,KOSDAQ,0.36
241710,코스메카코리아,114100.0,238388.0,301423.0,27200070800.0,34392364300.0,KOSDAQ,-11.96
003380,하림지주,10800.0,210587.0,210587.0,2274339600.0,2274339600.0,KOSDAQ,-0.37
232140,와이씨,14690.0,2802209.0,2802209.0,41164450210.0,41164450210.0,KOSDAQ,3.23
252990,샘씨엔에스,19970.0,516670.0,516670.0,10317899900.0,10317899900.0,KOSDAQ,0.1
166090,하나머티리얼즈,59800.0,80485.0,139170.0,4813003000.0,8322366000.0,KOSDAQ,0.0
347700,스피어,21950.0,624903.0,624903.0,13716620850.0,13716620850.0,KOSDAQ,3.29
127120,제이에스링크,30350.0,119651.0,177523.0,3631407850.0,5387823050.0,KOSDAQ,2.19
195940,HK이노엔,39150.0,60335.0,75779.0,2362115250.0,2966747850.0,KOSDAQ,-1.26
356860,티엘비,45850.0,413666.0,790109.0,18966586100.0,36226497650.0,KOSDAQ,0.77
056190,SFA,28900.0,114145.0,187824.0,3298790500.0,5428113600.0,KOSDAQ,1.4
445680,큐리옥스바이오시스템즈,57600.0,123294.0,206971.0,7101734400.0,11921529600.0,KOSDAQ,7.46
293490,카카오게임즈,9290.0,367264.0,367264.0,3411882560.0,3411882560.0,KOSDAQ,-2.42
086450,동국제약,21600.0,423374.0,574808.0,9144878400.0,12415852800.0,KOSDAQ,0.93
458870,씨어스,25450.0,126246.0,221917.0,3212960700.0,5647787650.0,KOSDAQ,-0.59
101490,에스앤에스텍,45300.0,175728.0,385025.0,7960478400.0,17441632500.0,KOSDAQ,0.67
417200,LS머트리얼즈,14040.0,3910212.0,3910212.0,54899376480.0,54899376480.0,KOSDAQ,7.5
083450,GST,51200.0,171594.0,330170.0,8785612800.0,16904704000.0,KOSDAQ,-3.21
119850,지엔씨에너지,56400.0,416455.0,835666.0,23488062000.0,47131562400.0,KOSDAQ,1.62
161580,필옵틱스,39200.0,599612.0,2465741.0,23504790400.0,96657047200.0,KOSDAQ,1.82
100790,미래에셋벤처투자,16890.0,307063.0,307063.0,5186294070.0,5186294070.0,KOSDAQ,-2.54
327260,RF머트리얼즈,49300.0,994776.0,994776.0,49042456800.0,49042456800.0,KOSDAQ,1.02
160190,하이젠알앤엠,28650.0,78860.0,78860.0,2259339000.0,2259339000.0,KOSDAQ,0.7
036830,솔브레인홀딩스,42200.0,63938.0,92670.0,2698183600.0,3910674000.0,KOSDAQ,1.56
388210,씨엠티엑스,88800.0,54612.0,83217.0,4849545600.0,7389669600.0,KOSDAQ,0.0
065350,신성델타테크,30750.0,54590.0,115020.0,1678642500.0,3536865000.0,KOSDAQ,0.33
014620,성광벤드,31550.0,225028.0,469083.0,7099633400.0,14799568650.0,KOSDAQ,3.1
099320,쎄트렉아이,76400.0,62459.0,98821.0,4771867600.0,7549924400.0,KOSDAQ,-3.17
031330,에스에이엠티,8350.0,335268.0,335268.0,2799487800.0,2799487800.0,KOSDAQ,-0.6
053800,안랩,74800.0,93554.0,141210.0,6997839200.0,10562508000.0,KOSDAQ,-2.48
115180,큐리언트,22100.0,39583.0,56739.0,874784300.0,1253931900.0,KOSDAQ,2.79
035760,CJ ENM,37000.0,73978.0,90174.0,2737186000.0,3336438000.0,KOSDAQ,-5.13
122870,와이지엔터테인먼트,43200.0,75105.0,87643.0,3244536000.0,3786177600.0,KOSDAQ,0.47
328130,루닛,10800.0,1133787.0,2518148.0,12244899600.0,27195998400.0,KOSDAQ,-8.47
074600,원익QnC,30550.0,304924.0,478055.0,9315428200.0,14604580250.0,KOSDAQ,2.52
032500,케이엠더블유,18960.0,93665.0,194160.0,1775888400.0,3681273600.0,KOSDAQ,0.85
388720,유일로보틱스,67400.0,18011.0,29196.0,1213941400.0,1967810400.0,KOSDAQ,0.45
425420,티에프이,63300.0,109820.0,175815.0,6951606000.0,11129089500.0,KOSDAQ,0.0
059090,미코,23100.0,558426.0,1114297.0,12899640600.0,25740260700.0,KOSDAQ,5.96
251970,펌텍코리아,62000.0,46814.0,56965.0,2902468000.0,3531830000.0,KOSDAQ,-1.59
491000,리브스메드,30400.0,89430.0,89430.0,2718672000.0,2718672000.0,KOSDAQ,0.33
085660,차바이오텍,8240.0,130883.0,183447.0,1078475920.0,1511603280.0,KOSDAQ,0.73
033100,제룡전기,47650.0,50697.0,100362.0,2415712050.0,4782249300.0,KOSDAQ,1.17
044490,태웅,38150.0,90181.0,290736.0,3440405150.0,11091578400.0,KOSDAQ,1.87
281740,레이크머티리얼즈,11580.0,1006904.0,1006904.0,11659948320.0,11659948320.0,KOSDAQ,3.86
295310,에이치브이엠,59400.0,84278.0,178047.0,5006113200.0,10575991800.0,KOSDAQ,2.06
090360,로보스타,75300.0,40898.0,94257.0,3079619400.0,7097552100.0,KOSDAQ,-0.92
032190,다우데이타,19030.0,39093.0,54632.0,743939790.0,1039646960.0,KOSDAQ,-0.94
033790,피노,8740.0,2466406.0,2466406.0,21556388440.0,21556388440.0,KOSDAQ,6.46
023160,태광,28150.0,300530.0,766648.0,8459919500.0,21581141200.0,KOSDAQ,2.74
041960,코미팜,9740.0,136658.0,136658.0,1331048920.0,1331048920.0,KOSDAQ,0.41
122640,예스티,33550.0,407186.0,407186.0,13661090300.0,13661090300.0,KOSDAQ,3.07
213420,덕산네오룩스,29250.0,129759.0,182848.0,3795450750.0,5348304000.0,KOSDAQ,-0.51
090710,휴림로봇,6070.0,613567.0,613567.0,3724351690.0,3724351690.0,KOSDAQ,0.33
053610,프로텍,80500.0,62033.0,115256.0,4993656500.0,9278108000.0,KOSDAQ,2.55
189300,인텔리안테크,66500.0,26489.0,45778.0,1761518500.0,3044237000.0,KOSDAQ,-0.75
041830,인바디,52500.0,56419.0,73387.0,2961997500.0,3852817500.0,KOSDAQ,-2.42
137400,피엔티,29800.0,131444.0,252943.0,3917031200.0,7537701400.0,KOSDAQ,4.56
171090,선익시스템,69700.0,30840.0,53473.0,2149548000.0,3727068100.0,KOSDAQ,0.0
038500,삼표시멘트,6490.0,190427.0,190427.0,1235871230.0,1235871230.0,KOSDAQ,-0.31
476060,온코닉테라퓨틱스,15360.0,157428.0,433480.0,2418094080.0,6658252800.0,KOSDAQ,0.2
064290,인텍플러스,53800.0,328752.0,328752.0,17686857600.0,17686857600.0,KOSDAQ,-4.44
466100,클로봇,22400.0,104967.0,256271.0,2351260800.0,5740470400.0,KOSDAQ,0.22
006730,서부T&D,10670.0,201628.0,201628.0,2151370760.0,2151370760.0,KOSDAQ,-0.47
036810,에프에스티,31550.0,92346.0,173437.0,2913516300.0,5471937350.0,KOSDAQ,-1.71
121600,나노신소재,55700.0,62788.0,103622.0,3497291600.0,5771745400.0,KOSDAQ,2.96
225570,넥슨게임즈,10350.0,196307.0,249244.0,2031777450.0,2579675400.0,KOSDAQ,-5.82
102710,이엔에프테크놀로지,47400.0,80291.0,119182.0,3805793400.0,5649226800.0,KOSDAQ,0.64
033640,네패스,29350.0,184872.0,311355.0,5425993200.0,9138269250.0,KOSDAQ,-0.17
048410,현대바이오,6970.0,798463.0,798463.0,5565287110.0,5565287110.0,KOSDAQ,2.05
476830,알지노믹스,23850.0,218077.0,365540.0,5201136450.0,8718129000.0,KOSDAQ,0.0
124500,아이티센글로벌,28800.0,89248.0,170215.0,2570342400.0,4902192000.0,KOSDAQ,0.7
126340,비나텍,92300.0,291999.0,667823.0,26951507700.0,61640062900.0,KOSDAQ,9.49
092870,엑시콘,48800.0,279857.0,279857.0,13657021600.0,13657021600.0,KOSDAQ,1.67
490470,세미파이브,18480.0,3020386.0,3020386.0,55816733280.0,55816733280.0,KOSDAQ,-1.91
093320,케이아이엔엑스,128200.0,9302.0,12735.0,1192516400.0,1632627000.0,KOSDAQ,-3.54
222080,SFA넥셀,7970.0,1013654.0,1013654.0,8078822380.0,8078822380.0,KOSDAQ,6.27
077360,덕산하이메탈,13470.0,1739517.0,1739517.0,23431293990.0,23431293990.0,KOSDAQ,-4.4
253450,스튜디오드래곤,20250.0,35779.0,42727.0,724524750.0,865221750.0,KOSDAQ,-1.94
046890,서울반도체,10390.0,212474.0,417293.0,2207604860.0,4335674270.0,KOSDAQ,-0.57
456160,지투지바이오,35450.0,123562.0,228497.0,4380272900.0,8100218650.0,KOSDAQ,4.57
253590,네오셈,13380.0,452653.0,452653.0,6056497140.0,6056497140.0,KOSDAQ,-0.22
219130,타이거일렉,91800.0,30981.0,30981.0,2844055800.0,2844055800.0,KOSDAQ,0.88
050890,쏠리드,9540.0,725443.0,725443.0,6920726220.0,6920726220.0,KOSDAQ,0.53
468530,프로티나,51500.0,197600.0,340750.0,10176400000.0,17548625000.0,KOSDAQ,-3.92
045100,한양이엔지,32400.0,69388.0,122969.0,2248171200.0,3984195600.0,KOSDAQ,-0.46
144960,뉴파워프라즈마,12910.0,842331.0,842331.0,10874493210.0,10874493210.0,KOSDAQ,-0.92
397030,에이프릴바이오,20200.0,459564.0,695052.0,9283192800.0,14040050400.0,KOSDAQ,8.08
094170,동운아나텍,26450.0,66498.0,165532.0,1758872100.0,4378321400.0,KOSDAQ,-1.49
052400,코나아이,37800.0,26614.0,39735.0,1006009200.0,1501983000.0,KOSDAQ,-1.18
089890,코세스,32950.0,219032.0,448366.0,7217104400.0,14773659700.0,KOSDAQ,1.38
399720,가온칩스,45750.0,72586.0,173307.0,3320809500.0,7928795250.0,KOSDAQ,-1.08
079940,가비아,39950.0,11683.0,14715.0,466735850.0,587864250.0,KOSDAQ,-0.12
101160,월덱스,32200.0,58699.0,91093.0,1890107800.0,2933194600.0,KOSDAQ,-0.16
060250,NHN KCP,13190.0,91267.0,91267.0,1203811730.0,1203811730.0,KOSDAQ,-1.64
009520,포스코엠텍,12450.0,83754.0,147091.0,1042737300.0,1831282950.0,KOSDAQ,1.38
358570,지아이이노베이션,8030.0,189702.0,287859.0,1523307060.0,2311507770.0,KOSDAQ,0.75
080580,오킨스전자,24500.0,334010.0,334010.0,8183245000.0,8183245000.0,KOSDAQ,-2.58
024850,HLB이노베이션,16160.0,415752.0,415752.0,6718552320.0,6718552320.0,KOSDAQ,0.12
356680,엑스게이트,17890.0,1802919.0,1802919.0,32254220910.0,32254220910.0,KOSDAQ,0.51
104830,원익머트리얼즈,40250.0,200982.0,310794.0,8089525500.0,12509458500.0,KOSDAQ,5.92
112040,위메이드,14900.0,143069.0,210739.0,2131728100.0,3140011100.0,KOSDAQ,-2.1
037460,삼지전자,30900.0,25851.0,25851.0,798795900.0,798795900.0,KOSDAQ,-0.64
052020,에스티큐브,7340.0,117595.0,117595.0,863147300.0,863147300.0,KOSDAQ,-0.27
214430,아이쓰리시스템,68000.0,13779.0,23188.0,936972000.0,1576784000.0,KOSDAQ,-0.29
187660,페니트리움바이오,7700.0,861509.0,861509.0,6633619300.0,6633619300.0,KOSDAQ,2.8
086900,메디톡스,67100.0,13111.0,18202.0,879748100.0,1221354200.0,KOSDAQ,0.0
078350,한양디지텍,31950.0,612660.0,612660.0,19574487000.0,19574487000.0,KOSDAQ,12.3
475830,오름테라퓨틱,22150.0,371322.0,690333.0,8224782300.0,15290875950.0,KOSDAQ,-1.56
067630,HLB생명과학,3930.0,4478947.0,4478947.0,17602261710.0,17602261710.0,KOSDAQ,8.26
033500,동성화인텍,15900.0,88006.0,134242.0,1399295400.0,2134447800.0,KOSDAQ,1.6
025980,아난티,4875.0,1175533.0,1175533.0,5730723375.0,5730723375.0,KOSDAQ,4.28
034950,한국기업평가,104300.0,664.0,1367.0,69255200.0,142578100.0,KOSDAQ,0.68
099190,아이센스,15910.0,11114.0,14840.0,176823740.0,236104400.0,KOSDAQ,0.38
019210,와이지-원,12640.0,371122.0,371122.0,4690982080.0,4690982080.0,KOSDAQ,2.93
082270,젬백스,10320.0,82351.0,124841.0,849862320.0,1288359120.0,KOSDAQ,0.98
475960,토모큐브,34750.0,113951.0,188844.0,3959797250.0,6562329000.0,KOSDAQ,9.28
376900,로킷헬스케어,26800.0,89138.0,184510.0,2388898400.0,4944868000.0,KOSDAQ,-2.19
348340,뉴로메카,19950.0,147423.0,147423.0,2941088850.0,2941088850.0,KOSDAQ,-0.99
211050,인카금융서비스,9460.0,64651.0,83625.0,611598460.0,791092500.0,KOSDAQ,-3.07
383310,에코프로에이치엔,22200.0,68373.0,68373.0,1517880600.0,1517880600.0,KOSDAQ,1.37
098120,마이크로컨텍솔,55800.0,134525.0,134525.0,7506495000.0,7506495000.0,KOSDAQ,-3.29
069540,빛과전자,4115.0,3938131.0,3938131.0,16205409065.0,16205409065.0,KOSDAQ,2.24
365340,성일하이텍,35750.0,23638.0,41239.0,845058500.0,1474294250.0,KOSDAQ,4.38
015750,성우하이텍,5750.0,127137.0,231428.0,731037750.0,1330711000.0,KOSDAQ,-0.69
041190,우리기술투자,5740.0,718299.0,718299.0,4123036260.0,4123036260.0,KOSDAQ,-0.17
460930,현대힘스,12890.0,78285.0,169037.0,1009093650.0,2178886930.0,KOSDAQ,2.06
035890,서희건설,2190.0,177486.0,177486.0,388694340.0,388694340.0,KOSDAQ,0.69
042000,카페24,18760.0,171369.0,226628.0,3214882440.0,4251541280.0,KOSDAQ,0.05
027360,아주IB투자,3740.0,1067760.0,1067760.0,3993422400.0,3993422400.0,KOSDAQ,-2.35
348370,엔켐,20650.0,93928.0,177563.0,1939613200.0,3666675950.0,KOSDAQ,1.98
056080,유진로봇,11650.0,196860.0,196860.0,2293419000.0,2293419000.0,KOSDAQ,0.43
340570,티앤엘,27650.0,47198.0,73149.0,1305024700.0,2022569850.0,KOSDAQ,0.18
174900,앱클론,22250.0,235736.0,235736.0,5245126000.0,5245126000.0,KOSDAQ,2.3
078340,컴투스,36600.0,109662.0,135309.0,4013629200.0,4952309400.0,KOSDAQ,-2.14
089010,켐트로닉스,26150.0,195354.0,660792.0,5108507100.0,17279710800.0,KOSDAQ,1.16
376300,디어유,18450.0,128003.0,198495.0,2361655350.0,3662232750.0,KOSDAQ,1.43
290550,디케이티,21750.0,384796.0,384796.0,8369313000.0,8369313000.0,KOSDAQ,-3.76
278280,천보,35500.0,18179.0,24816.0,645354500.0,880968000.0,KOSDAQ,1.14
336570,원텍,4865.0,443337.0,443337.0,2156834505.0,2156834505.0,KOSDAQ,1.14
170920,엘티씨,41100.0,185089.0,185089.0,7607157900.0,7607157900.0,KOSDAQ,-2.03
013030,하이록코리아,36650.0,22465.0,33407.0,823342250.0,1224366550.0,KOSDAQ,0.41
272290,이녹스첨단소재,21400.0,66309.0,107608.0,1419012600.0,2302811200.0,KOSDAQ,-0.7
018290,브이티,12180.0,212448.0,313797.0,2587616640.0,3822047460.0,KOSDAQ,-1.38
125490,한라캐스트,11640.0,416810.0,416810.0,4851668400.0,4851668400.0,KOSDAQ,0.61
368770,파이버프로,12900.0,122412.0,122412.0,1579114800.0,1579114800.0,KOSDAQ,1.57
417840,저스템,18360.0,1792397.0,1792397.0,32908408920.0,32908408920.0,KOSDAQ,5.03
486990,노타,19610.0,240219.0,565758.0,4710694590.0,11094514380.0,KOSDAQ,-1.75
114810,한솔아이원스,14900.0,236900.0,299409.0,3529810000.0,4461194100.0,KOSDAQ,-1.39
030520,한컴,17100.0,62825.0,77197.0,1074307500.0,1320068700.0,KOSDAQ,-2.17
332570,PS일렉트로닉스,8990.0,1496556.0,1496556.0,13454038440.0,13454038440.0,KOSDAQ,0.9
033160,엠케이전자,16620.0,912459.0,912459.0,15165068580.0,15165068580.0,KOSDAQ,-1.25
241770,메카로,40000.0,11328.0,15471.0,453120000.0,618840000.0,KOSDAQ,-0.74
204620,글로벌텍스프리,5770.0,385083.0,385083.0,2221928910.0,2221928910.0,KOSDAQ,-3.83
067160,SOOP,36200.0,25035.0,30940.0,906267000.0,1120028000.0,KOSDAQ,-1.76
200470,에이팩트,9230.0,3004006.0,3004006.0,27726975380.0,27726975380.0,KOSDAQ,12.7
079370,제우스,13030.0,462441.0,462441.0,6025606230.0,6025606230.0,KOSDAQ,-2.03
0035S0,빅웨이브로보틱스,38850.0,14780326.0,14780326.0,574215665100.0,574215665100.0,KOSDAQ,29.93
236200,슈프리마,57100.0,20546.0,27926.0,1173176600.0,1594574600.0,KOSDAQ,2.33
441270,파인엠텍,9340.0,1904908.0,3137761.0,17791840720.0,29306687740.0,KOSDAQ,5.66
159010,아스플로,29450.0,161752.0,161752.0,4763596400.0,4763596400.0,KOSDAQ,0.68
078130,국일제지,3465.0,50844.0,50844.0,176174460.0,176174460.0,KOSDAQ,-1.0
095660,네오위즈,17740.0,36478.0,41382.0,647119720.0,734116680.0,KOSDAQ,-1.77
092190,서울바이오시스,8350.0,93846.0,93846.0,783614100.0,783614100.0,KOSDAQ,-0.95
215200,메가스터디교육,36900.0,40030.0,42214.0,1477107000.0,1557696600.0,KOSDAQ,0.27
047920,HLB제약,11630.0,4208500.0,9371074.0,48944855000.0,108985590620.0,KOSDAQ,-3.33
348210,넥스틴,36400.0,71316.0,119924.0,2595902400.0,4365233600.0,KOSDAQ,5.81
477850,마키나락스,21250.0,230358.0,230358.0,4895107500.0,4895107500.0,KOSDAQ,-1.39
330860,네패스아크,30800.0,176626.0,176626.0,5440080800.0,5440080800.0,KOSDAQ,-2.38
200710,에이디테크놀로지,27850.0,83400.0,182203.0,2322690000.0,5074353550.0,KOSDAQ,1.09
107640,한중엔시에스,41150.0,52888.0,116011.0,2176341200.0,4773852650.0,KOSDAQ,3.13
092730,네오팜,23250.0,65376.0,98540.0,1519992000.0,2291055000.0,KOSDAQ,-2.52
101730,위메이드맥스,4435.0,105142.0,199834.0,466304770.0,886263790.0,KOSDAQ,-0.56
003800,에이스침대,32800.0,1827.0,1827.0,59925600.0,59925600.0,KOSDAQ,0.92
078020,LS증권,6540.0,22741.0,22741.0,148726140.0,148726140.0,KOSDAQ,-1.06
069080,웹젠,11620.0,95858.0,100451.0,1113869960.0,1167240620.0,KOSDAQ,-0.34
039440,에스티아이,23200.0,145521.0,282565.0,3376087200.0,6555508000.0,KOSDAQ,1.98
486510,글로벌테크놀로지,18230.0,39889188.0,39889188.0,727179897240.0,727179897240.0,KOSDAQ,0.05
138080,오이솔루션,28700.0,198875.0,198875.0,5707712500.0,5707712500.0,KOSDAQ,2.14
006910,보성파워텍,7220.0,451369.0,451369.0,3258884180.0,3258884180.0,KOSDAQ,3.0
025900,동화기업,6990.0,50917.0,152730.0,355909830.0,1067582700.0,KOSDAQ,2.64
078160,메디포스트,9000.0,20746.0,32111.0,186714000.0,288999000.0,KOSDAQ,-0.55
036800,나이스정보통신,7700.0,134832.0,144430.0,1038206400.0,1112111000.0,KOSDAQ,-1.16
025320,시노펙스,3780.0,390910.0,592737.0,1477639800.0,2240545860.0,KOSDAQ,-1.05
093520,매커스,29250.0,19513.0,30452.0,570755250.0,890721000.0,KOSDAQ,0.86
052710,아모텍,18520.0,544142.0,544142.0,10077509840.0,10077509840.0,KOSDAQ,-2.22
117730,티로보틱스,15170.0,140426.0,382171.0,2130262420.0,5797534070.0,KOSDAQ,1.47
386380,스카이랩스,18210.0,4145964.0,4145964.0,75498004440.0,75498004440.0,KOSDAQ,2.88
393890,더블유씨피,10060.0,118512.0,118512.0,1192230720.0,1192230720.0,KOSDAQ,0.3
389470,인벤티지랩,25400.0,149288.0,254954.0,3791915200.0,6475831600.0,KOSDAQ,6.95
060280,큐렉소,8190.0,128465.0,128465.0,1052128350.0,1052128350.0,KOSDAQ,0.74
036620,감성코퍼레이션,3715.0,156632.0,190190.0,581887880.0,706555850.0,KOSDAQ,0.54
456010,아이씨티케이,22950.0,790839.0,790839.0,18149755050.0,18149755050.0,KOSDAQ,-4.18
110990,디아이티,17600.0,72606.0,124121.0,1277865600.0,2184529600.0,KOSDAQ,1.09
372320,큐로셀,21700.0,11252.0,21601.0,244168400.0,468741700.0,KOSDAQ,0.23
121440,골프존홀딩스,7710.0,30079.0,30079.0,231909090.0,231909090.0,KOSDAQ,1.18
455900,엔젤로보틱스,21400.0,18477.0,43393.0,395407800.0,928610200.0,KOSDAQ,0.0
215600,신라젠,2375.0,1077744.0,1077744.0,2559642000.0,2559642000.0,KOSDAQ,3.26
199800,툴젠,36550.0,57367.0,77061.0,2096763850.0,2816579550.0,KOSDAQ,5.79
018000,유니슨,1124.0,1210168.0,1210168.0,1360228832.0,1360228832.0,KOSDAQ,-1.14
064260,다날,4335.0,378408.0,378408.0,1640398680.0,1640398680.0,KOSDAQ,0.0
017890,한국알콜,15800.0,84962.0,84962.0,1342399600.0,1342399600.0,KOSDAQ,1.8
446540,메가터치,11220.0,653626.0,653626.0,7333683720.0,7333683720.0,KOSDAQ,5.85
046970,우리로,7430.0,1408374.0,1408374.0,10464218820.0,10464218820.0,KOSDAQ,2.34
452430,사피엔반도체,38750.0,31839.0,61937.0,1233761250.0,2400058750.0,KOSDAQ,-2.02
061970,LB세미콘,4545.0,335475.0,335475.0,1524733875.0,1524733875.0,KOSDAQ,0.78
266690,덕산넵코어스,16830.0,45996531.0,45996531.0,774121616730.0,774121616730.0,KOSDAQ,15.27
448900,한국피아이엠,52200.0,18754.0,44092.0,978958800.0,2301602400.0,KOSDAQ,0.38
036200,유니셈,10300.0,307050.0,578743.0,3162615000.0,5961052900.0,KOSDAQ,-1.34
234340,헥토파이낸셜,22400.0,125481.0,125481.0,2810774400.0,2810774400.0,KOSDAQ,0.9
168360,펨트론,13970.0,69934.0,132436.0,976977980.0,1850130920.0,KOSDAQ,0.43
425040,티이엠씨,14240.0,2815968.0,2815968.0,40099384320.0,40099384320.0,KOSDAQ,6.59
206650,유바이오로직스,8360.0,46810.0,46810.0,391331600.0,391331600.0,KOSDAQ,1.58
900290,GRT,3295.0,61466.0,61466.0,202530470.0,202530470.0,KOSDAQ,0.15
482630,삼양엔씨켐,13930.0,327594.0,327594.0,4563384420.0,4563384420.0,KOSDAQ,0.22
424870,이뮨온시아,3330.0,716034.0,1890544.0,2384393220.0,6295511520.0,KOSDAQ,-1.19
488900,비츠로넥스텍,10450.0,31645.0,62773.0,330690250.0,655977850.0,KOSDAQ,-0.85
228760,지노믹트리,12110.0,178175.0,297509.0,2157699250.0,3602833990.0,KOSDAQ,10.59
160980,싸이맥스,27350.0,89812.0,89812.0,2456358200.0,2456358200.0,KOSDAQ,2.05
042520,한스바이오메드,20900.0,97492.0,152166.0,2037582800.0,3180269400.0,KOSDAQ,-0.71
086390,유니테스트,14050.0,390523.0,751794.0,5486848150.0,10562705700.0,KOSDAQ,7.01
484590,삼양컴텍,7150.0,234493.0,234493.0,1676624950.0,1676624950.0,KOSDAQ,-1.79
025770,한국정보통신,7750.0,13670.0,13670.0,105942500.0,105942500.0,KOSDAQ,0.39
265520,AP시스템,19240.0,57641.0,73635.0,1109012840.0,1416737400.0,KOSDAQ,0.42
071200,인피니트헬스케어,11850.0,56504.0,56504.0,669572400.0,669572400.0,KOSDAQ,-0.84
054950,제이브이엠,23900.0,8260.0,11697.0,197414000.0,279558300.0,KOSDAQ,-0.21
035810,이지홀딩스,4465.0,185175.0,185175.0,826806375.0,826806375.0,KOSDAQ,-1.11
092460,한라IMS,16830.0,13219.0,21987.0,222475770.0,370041210.0,KOSDAQ,1.45
101930,인화정공,6210.0,10809.0,17275.0,67123890.0,107277750.0,KOSDAQ,1.31
136480,하림,2670.0,87401.0,87401.0,233360670.0,233360670.0,KOSDAQ,0.56
352480,씨앤씨인터내셔널,20800.0,10559.0,14365.0,219627200.0,298792000.0,KOSDAQ,-1.65
049070,인탑스,18000.0,43600.0,70718.0,784800000.0,1272924000.0,KOSDAQ,-1.53
012210,삼미금속,12270.0,4920820.0,4920820.0,60378461400.0,60378461400.0,KOSDAQ,6.88
448280,에코아이,9480.0,8444.0,18472.0,80049120.0,175114560.0,KOSDAQ,1.28
200670,휴메딕스,25000.0,13924.0,23498.0,348100000.0,587450000.0,KOSDAQ,-0.2
042370,비츠로테크,10690.0,494297.0,494297.0,5284034930.0,5284034930.0,KOSDAQ,2.49
203650,드림시큐리티,2720.0,1849949.0,1849949.0,5031861280.0,5031861280.0,KOSDAQ,0.55
472850,폰드그룹,4800.0,34649.0,44841.0,166315200.0,215236800.0,KOSDAQ,-0.21
389500,에스비비테크,41400.0,37725.0,37725.0,1561815000.0,1561815000.0,KOSDAQ,-0.12
084110,휴온스글로벌,21600.0,19030.0,28300.0,411048000.0,611280000.0,KOSDAQ,-1.59
098070,한텍,24550.0,90828.0,378173.0,2229827400.0,9284147150.0,KOSDAQ,6.51
091580,상신이디피,20400.0,174751.0,174751.0,3564920400.0,3564920400.0,KOSDAQ,0.25
024840,KBI메탈,6250.0,2037476.0,2037476.0,12734225000.0,12734225000.0,KOSDAQ,3.99
389650,넥스트바이오메디컬,32800.0,37254.0,66189.0,1221931200.0,2170999200.0,KOSDAQ,7.01
035600,KG이니시스,9790.0,38856.0,53550.0,380400240.0,524254500.0,KOSDAQ,-1.21
314130,지놈앤컴퍼니,5130.0,1099387.0,1099387.0,5639855310.0,5639855310.0,KOSDAQ,14.25
378340,필에너지,12310.0,50639.0,247237.0,623366090.0,3043487470.0,KOSDAQ,2.93
094360,칩스앤미디어,12420.0,175989.0,333868.0,2185783380.0,4146640560.0,KOSDAQ,0.08
099440,스맥,3885.0,244858.0,244858.0,951273330.0,951273330.0,KOSDAQ,-2.39
294570,쿠콘,26250.0,32225.0,85924.0,845906250.0,2255505000.0,KOSDAQ,-0.19
452280,한선엔지니어링,13730.0,2712495.0,2712495.0,37242556350.0,37242556350.0,KOSDAQ,10.46
394280,오픈엣지테크놀로지,10010.0,128064.0,230644.0,1281920640.0,2308746440.0,KOSDAQ,1.32
068930,디지털대성,9520.0,68063.0,68063.0,647959760.0,647959760.0,KOSDAQ,-3.15
484120,도우인시스,24000.0,42843.0,78999.0,1028232000.0,1895976000.0,KOSDAQ,-0.62
287840,인투셀,17490.0,24293.0,41238.0,424884570.0,721252620.0,KOSDAQ,5.11
032580,피델릭스,7910.0,1016473.0,1016473.0,8040301430.0,8040301430.0,KOSDAQ,3.13
043150,바텍,17500.0,18479.0,25167.0,323382500.0,440422500.0,KOSDAQ,0.17
060720,KH바텍,10960.0,57817.0,57817.0,633674320.0,633674320.0,KOSDAQ,-0.27
354320,알멕,40550.0,83272.0,83272.0,3376679600.0,3376679600.0,KOSDAQ,2.92
091700,파트론,5180.0,160462.0,160462.0,831193160.0,831193160.0,KOSDAQ,-0.77
304360,에스바이오메딕스,20700.0,11700.0,26499.0,242190000.0,548529300.0,KOSDAQ,0.49
051500,CJ프레시웨이,21700.0,2699.0,3937.0,58568300.0,85432900.0,KOSDAQ,0.7
317330,덕산테코피아,12530.0,83126.0,141588.0,1041568780.0,1774097640.0,KOSDAQ,2.79
089980,상아프론테크,16030.0,30679.0,90834.0,491784370.0,1456069020.0,KOSDAQ,2.62
036890,진성티이씨,11570.0,40140.0,58026.0,464419800.0,671360820.0,KOSDAQ,0.17
267980,매일유업,33200.0,4387.0,5489.0,145648400.0,182234800.0,KOSDAQ,0.61
112290,와이씨켐,12580.0,1202265.0,1202265.0,15124493700.0,15124493700.0,KOSDAQ,16.7
377450,리파인,14670.0,2621.0,2621.0,38450070.0,38450070.0,KOSDAQ,1.8
067390,아스트,5960.0,54647.0,54647.0,325696120.0,325696120.0,KOSDAQ,0.0
151860,KG에코솔루션,5250.0,252885.0,252885.0,1327646250.0,1327646250.0,KOSDAQ,-1.5
023410,유진기업,3225.0,88715.0,88715.0,286105875.0,286105875.0,KOSDAQ,0.31
0011T0,채비,5310.0,218372.0,218372.0,1159555320.0,1159555320.0,KOSDAQ,-0.38
254490,미래반도체,17240.0,129258.0,129258.0,2228407920.0,2228407920.0,KOSDAQ,0.0
493280,아이엠바이오로직스,16520.0,128487.0,128487.0,2122605240.0,2122605240.0,KOSDAQ,-4.34
073490,LIG아큐버,32200.0,40661.0,40661.0,1309284200.0,1309284200.0,KOSDAQ,0.0
272110,케이엔제이,30500.0,74379.0,74379.0,2268559500.0,2268559500.0,KOSDAQ,2.01
439960,코스모로보틱스,7520.0,655165.0,655165.0,4926840800.0,4926840800.0,KOSDAQ,-29.98
100120,뷰웍스,27150.0,16437.0,16437.0,446264550.0,446264550.0,KOSDAQ,0.74
439090,마녀공장,14780.0,66665.0,122006.0,985308700.0,1803248680.0,KOSDAQ,-0.87
461300,아이스크림미디어,18150.0,26303.0,26303.0,477399450.0,477399450.0,KOSDAQ,-2.0
036030,케이티알파,4925.0,36775.0,36775.0,181116875.0,181116875.0,KOSDAQ,-0.1
115450,HLB테라퓨틱스,2530.0,867002.0,867002.0,2193515060.0,2193515060.0,KOSDAQ,-0.78
445090,에이직랜드,21850.0,18149.0,35618.0,396555650.0,778253300.0,KOSDAQ,0.69
011560,세보엠이씨,23600.0,32431.0,32431.0,765371600.0,765371600.0,KOSDAQ,2.83
036710,심텍홀딩스,4505.0,198975.0,198975.0,896382375.0,896382375.0,KOSDAQ,-3.33
043370,피에이치에이,11320.0,9667.0,12360.0,109430440.0,139915200.0,KOSDAQ,-0.61
064820,케이프,7690.0,38533.0,62128.0,296318770.0,477764320.0,KOSDAQ,2.53
108860,셀바스AI,8760.0,84308.0,216644.0,738538080.0,1897801440.0,KOSDAQ,0.23
376270,HEM파마,32650.0,4634.0,7397.0,151300100.0,241512050.0,KOSDAQ,0.93
216080,제테마,6240.0,657256.0,657256.0,4101277440.0,4101277440.0,KOSDAQ,-7.28
389260,대명에너지,12980.0,48414.0,48414.0,628413720.0,628413720.0,KOSDAQ,1.09
065680,우주일렉트로,24750.0,10599.0,17115.0,262325250.0,423596250.0,KOSDAQ,-2.37
243070,휴온스,19090.0,13951.0,25792.0,266324590.0,492369280.0,KOSDAQ,0.85
064850,에프앤가이드,19930.0,37128.0,37128.0,739961040.0,739961040.0,KOSDAQ,-4.18
085910,네오티스,16430.0,197954.0,197954.0,3252384220.0,3252384220.0,KOSDAQ,-5.14
450950,아스테라시스,6010.0,332962.0,1680874.0,2001101620.0,10102052740.0,KOSDAQ,7.32
200130,콜마비앤에이치,7850.0,12480.0,25117.0,97968000.0,197168450.0,KOSDAQ,0.26
180400,DXVX,2290.0,80990.0,80990.0,185467100.0,185467100.0,KOSDAQ,0.44
215000,골프존,35900.0,11138.0,17140.0,399854200.0,615326000.0,KOSDAQ,-0.69
365270,큐라클,10160.0,71234.0,71234.0,723737440.0,723737440.0,KOSDAQ,3.25
065710,서호전기,43700.0,9043.0,9043.0,395179100.0,395179100.0,KOSDAQ,-2.46
023760,한국캐피탈,1420.0,38384.0,38384.0,54505280.0,54505280.0,KOSDAQ,0.0
094480,갤럭시아머니트리,5700.0,153211.0,153211.0,873302700.0,873302700.0,KOSDAQ,0.18
061090,세나테크놀로지,40800.0,36153.0,67016.0,1475042400.0,2734252800.0,KOSDAQ,12.4
416180,신성에스티,24650.0,22027.0,50776.0,542965550.0,1251628400.0,KOSDAQ,-0.8
256840,한국비엔씨,3250.0,8322623.0,8322623.0,27048524750.0,27048524750.0,KOSDAQ,-0.91
298830,슈어소프트테크,4150.0,105113.0,105113.0,436218950.0,436218950.0,KOSDAQ,1.22
144510,지씨셀,14030.0,27196.0,34671.0,381559880.0,486434130.0,KOSDAQ,-2.09
114190,강원에너지,8450.0,50862.0,195007.0,429783900.0,1647809150.0,KOSDAQ,3.94
382900,범한퓨얼셀,25050.0,249482.0,2188267.0,6249524100.0,54816088350.0,KOSDAQ,9.39
099430,바이오플러스,3560.0,401953.0,401953.0,1430952680.0,1430952680.0,KOSDAQ,7.23
190510,나무가,15510.0,35167.0,74954.0,545440170.0,1162536540.0,KOSDAQ,-0.83
0008Z0,에스엔시스,23150.0,12851.0,29105.0,297500650.0,673780750.0,KOSDAQ,1.54
019010,베뉴지,4525.0,180235.0,180235.0,815563375.0,815563375.0,KOSDAQ,-7.08
241520,DSC인베스트먼트,8170.0,95390.0,95390.0,779336300.0,779336300.0,KOSDAQ,0.49
018310,삼목에스폼,14780.0,9871.0,11213.0,145893380.0,165728140.0,KOSDAQ,0.54
064550,바이오니아,8330.0,133140.0,360055.0,1109056200.0,2999258150.0,KOSDAQ,-0.95
475400,씨메스로보틱스,18170.0,34235.0,67303.0,622049950.0,1222895510.0,KOSDAQ,-0.98
237880,클리오,11870.0,55384.0,81453.0,657408080.0,966847110.0,KOSDAQ,-1.25
005710,대원산업,10680.0,8108.0,18046.0,86593440.0,192731280.0,KOSDAQ,0.09
067080,대화제약,11430.0,22976.0,51076.0,262615680.0,583798680.0,KOSDAQ,-1.12
0001A0,덕양에너젠,8330.0,45888.0,45888.0,382247040.0,382247040.0,KOSDAQ,1.59
243840,신흥에스이씨,5500.0,105891.0,105891.0,582400500.0,582400500.0,KOSDAQ,0.36
125020,티씨머티리얼즈,6020.0,285889.0,285889.0,1721051780.0,1721051780.0,KOSDAQ,0.67
206640,바디텍메드,9620.0,13584.0,20183.0,130678080.0,194160460.0,KOSDAQ,2.01
950170,JTC,4315.0,13742.0,13742.0,59296730.0,59296730.0,KOSDAQ,1.53
481070,에이유브랜즈,14660.0,4241.0,8135.0,62173060.0,119259100.0,KOSDAQ,-1.15
307180,아이엘,5690.0,97828.0,97828.0,556641320.0,556641320.0,KOSDAQ,-0.18
045390,대아티아이,2980.0,676490.0,676490.0,2015940200.0,2015940200.0,KOSDAQ,2.76
078150,HB테크놀러지,2190.0,2546010.0,2546010.0,5575761900.0,5575761900.0,KOSDAQ,0.69
036190,금화피에스시,34500.0,1223.0,1223.0,42193500.0,42193500.0,KOSDAQ,1.47
0161M0,네오사피엔스,16850.0,3133258.0,3133258.0,52795397300.0,52795397300.0,KOSDAQ,-0.12
340450,지씨지놈,8700.0,718763.0,718763.0,6253238100.0,6253238100.0,KOSDAQ,-0.68
095500,미래나노텍,6620.0,59270.0,165302.0,392367400.0,1094299240.0,KOSDAQ,2.32
053030,바이넥스,6260.0,34044.0,47456.0,213115440.0,297074560.0,KOSDAQ,0.81
126730,코칩,23300.0,252579.0,252579.0,5885090700.0,5885090700.0,KOSDAQ,-0.85
394800,쓰리빌리언,6420.0,746683.0,3514319.0,4793704860.0,22561927980.0,KOSDAQ,-3.17
462860,더즌,2845.0,487356.0,487356.0,1386527820.0,1386527820.0,KOSDAQ,0.35
058970,엠로,16500.0,12183.0,23381.0,201019500.0,385786500.0,KOSDAQ,1.1
014940,오리엔탈정공,4450.0,82502.0,82502.0,367133900.0,367133900.0,KOSDAQ,1.6
053300,한국정보인증,5100.0,92423.0,92423.0,471357300.0,471357300.0,KOSDAQ,0.79
217730,강스템바이오텍,2145.0,162114.0,162114.0,347734530.0,347734530.0,KOSDAQ,2.14
459510,나우로보틱스,15530.0,24940.0,56224.0,387318200.0,873158720.0,KOSDAQ,-0.45
462350,이노스페이스,5930.0,499848.0,499848.0,2964098640.0,2964098640.0,KOSDAQ,-8.06
0010S0,와이즈플래닛컴퍼니,20050.0,2217450.0,2217450.0,44459872500.0,44459872500.0,KOSDAQ,-11.87
049430,코메론,22200.0,25724.0,25724.0,571072800.0,571072800.0,KOSDAQ,1.14
353810,이지바이오,6050.0,21394.0,21394.0,129433700.0,129433700.0,KOSDAQ,-1.14
083310,엘오티베큠,11150.0,86405.0,86405.0,963415750.0,963415750.0,KOSDAQ,1.27
314930,바이오다인,6630.0,19721.0,31872.0,130750230.0,211311360.0,KOSDAQ,0.61
293780,압타바이오,7020.0,47743.0,47743.0,335155860.0,335155860.0,KOSDAQ,1.74
199430,케이엔알시스템,17560.0,49568.0,123441.0,870414080.0,2167623960.0,KOSDAQ,-0.9
176750,듀켐바이오,6890.0,81817.0,259827.0,563719130.0,1790208030.0,KOSDAQ,-4.83
086670,비엠티,19100.0,34904.0,34904.0,666666400.0,666666400.0,KOSDAQ,-1.5
036560,KZ정밀,12020.0,5306.0,5306.0,63778120.0,63778120.0,KOSDAQ,0.08
382800,지앤비에스 에코,5940.0,3477227.0,3477227.0,20654728380.0,20654728380.0,KOSDAQ,11.24
452450,피아이이,5240.0,176186.0,176186.0,923214640.0,923214640.0,KOSDAQ,3.35
484810,티엑스알로보틱스,12200.0,63702.0,63702.0,777164400.0,777164400.0,KOSDAQ,3.21
143240,사람인,17550.0,11667.0,11667.0,204755850.0,204755850.0,KOSDAQ,0.57
126600,BGF에코머티리얼즈,3000.0,29386.0,29386.0,88158000.0,88158000.0,KOSDAQ,1.87
013120,동원개발,2070.0,50462.0,50462.0,104456340.0,104456340.0,KOSDAQ,0.98
034810,해성산업,5950.0,5056.0,5056.0,30083200.0,30083200.0,KOSDAQ,-0.67
388050,지투파워,10000.0,255603.0,255603.0,2556030000.0,2556030000.0,KOSDAQ,2.46
042420,네오위즈홀딩스,22950.0,9955.0,9955.0,228467250.0,228467250.0,KOSDAQ,-1.29
419530,SAMG엔터,18300.0,103977.0,182114.0,1902779100.0,3332686200.0,KOSDAQ,4.04
052330,코텍,10510.0,14836.0,14836.0,155926360.0,155926360.0,KOSDAQ,0.1
192440,슈피겐코리아,29950.0,5870.0,5870.0,175806500.0,175806500.0,KOSDAQ,1.53
066620,국보디자인,24750.0,3192.0,3192.0,79002000.0,79002000.0,KOSDAQ,0.41
464080,에스오에스랩,10290.0,117414.0,117414.0,1208190060.0,1208190060.0,KOSDAQ,-1.34
123330,제닉,23250.0,85312.0,85312.0,1983504000.0,1983504000.0,KOSDAQ,-0.64
102940,코오롱생명과학,14150.0,39364.0,54819.0,557000600.0,775688850.0,KOSDAQ,2.17
194700,노바렉스,10100.0,35542.0,50073.0,358974200.0,505737300.0,KOSDAQ,-0.49
084850,아이티엠반도체,8120.0,8705.0,13026.0,70684600.0,105771120.0,KOSDAQ,-0.85
005160,동국산업,3385.0,2823848.0,2823848.0,9558725480.0,9558725480.0,KOSDAQ,3.83
304100,솔트룩스,14560.0,42467.0,88710.0,618319520.0,1291617600.0,KOSDAQ,-0.48
083930,아바코,12420.0,84853.0,84853.0,1053874260.0,1053874260.0,KOSDAQ,0.57
041920,메디아나,9760.0,87461.0,87461.0,853619360.0,853619360.0,KOSDAQ,0.0
230240,에치에프알,13560.0,101293.0,101293.0,1373533080.0,1373533080.0,KOSDAQ,0.59
119830,아이텍,6800.0,339114.0,339114.0,2305975200.0,2305975200.0,KOSDAQ,9.85
024060,흥구석유,12030.0,679228.0,679228.0,8171112840.0,8171112840.0,KOSDAQ,-0.91
308430,셀비온,13980.0,73670.0,144035.0,1029906600.0,2013609300.0,KOSDAQ,-6.61
163730,핑거,14090.0,90254.0,90254.0,1271678860.0,1271678860.0,KOSDAQ,4.37
290690,아리바이오홀딩스,3385.0,4009696.0,4009696.0,13572820960.0,13572820960.0,KOSDAQ,-13.54
094820,일진파워,11860.0,51565.0,51565.0,611560900.0,611560900.0,KOSDAQ,2.86
417030,니어스랩,30950.0,131253.0,131253.0,4062280350.0,4062280350.0,KOSDAQ,-2.52
220100,퓨쳐켐,6920.0,50174.0,93521.0,347204080.0,647165320.0,KOSDAQ,3.28
068790,DMS,8020.0,56165.0,56165.0,450443300.0,450443300.0,KOSDAQ,0.0
138610,나이벡,15630.0,35555.0,76797.0,555724650.0,1200337110.0,KOSDAQ,1.96
234690,녹십자웰빙,9880.0,362569.0,362569.0,3582181720.0,3582181720.0,KOSDAQ,6.58
405100,큐알티,14440.0,21505.0,21505.0,310532200.0,310532200.0,KOSDAQ,1.98
108380,대양전기공업,18520.0,13606.0,18345.0,251983120.0,339749400.0,KOSDAQ,1.87
355150,코스텍시스,22700.0,203314.0,203314.0,4615227800.0,4615227800.0,KOSDAQ,7.84
403850,더핑크퐁컴퍼니,12330.0,31110.0,49430.0,383586300.0,609471900.0,KOSDAQ,-1.91
214180,헥토이노베이션,13610.0,72717.0,72717.0,989678370.0,989678370.0,KOSDAQ,-2.02
046120,오르비텍,5220.0,326061.0,326061.0,1702038420.0,1702038420.0,KOSDAQ,2.55
119610,인터로조,15410.0,45196.0,45196.0,696470360.0,696470360.0,KOSDAQ,5.62
263860,지니언스,19330.0,107255.0,107255.0,2073239150.0,2073239150.0,KOSDAQ,2.17
084990,헬릭스미스,3805.0,2204080.0,2204080.0,8386524400.0,8386524400.0,KOSDAQ,18.54
039860,나노엔텍,4580.0,418098.0,418098.0,1914888840.0,1914888840.0,KOSDAQ,2.12
086820,바이오솔루션,6710.0,60581.0,60581.0,406498510.0,406498510.0,KOSDAQ,1.82
092130,이크레더블,14430.0,1835.0,1835.0,26479050.0,26479050.0,KOSDAQ,1.55
318060,그래피,15510.0,27485.0,27485.0,426292350.0,426292350.0,KOSDAQ,0.0
082800,비보존 제약,2840.0,132998.0,132998.0,377714320.0,377714320.0,KOSDAQ,1.97
187870,디바이스,12420.0,151901.0,151901.0,1886610420.0,1886610420.0,KOSDAQ,5.61
274090,켄코아에어로스페이스,12430.0,358009.0,358009.0,4450051870.0,4450051870.0,KOSDAQ,-2.28
143160,아이디스,15970.0,1183.0,1183.0,18892510.0,18892510.0,KOSDAQ,0.19
122990,와이솔,6670.0,56087.0,56087.0,374100290.0,374100290.0,KOSDAQ,-0.74
194480,데브시스터즈,14020.0,36810.0,54931.0,516076200.0,770132620.0,KOSDAQ,-1.89
036170,에이치엠넥스,2780.0,181609.0,181609.0,504873020.0,504873020.0,KOSDAQ,4.12
260970,에스앤디,58800.0,4732.0,4732.0,278241600.0,278241600.0,KOSDAQ,-1.51
0015G0,그린광학,14510.0,43243.0,43243.0,627455930.0,627455930.0,KOSDAQ,-1.16
012860,모베이스전자,2310.0,316118.0,316118.0,730232580.0,730232580.0,KOSDAQ,0.87
270660,에브리봇,13330.0,36231.0,64711.0,482959230.0,862597630.0,KOSDAQ,-0.45
199820,제일일렉트릭,7600.0,76691.0,76691.0,582851600.0,582851600.0,KOSDAQ,1.47
264850,이랜시스,5560.0,127837.0,127837.0,710773720.0,710773720.0,KOSDAQ,1.46
067290,JW신약,2995.0,2329370.0,2329370.0,6976463150.0,6976463150.0,KOSDAQ,1.7
255220,SG,1114.0,1271412.0,1271412.0,1416352968.0,1416352968.0,KOSDAQ,-2.02
054210,이랜텍,6620.0,79215.0,79215.0,524403300.0,524403300.0,KOSDAQ,-0.75
013990,아가방컴퍼니,5090.0,269347.0,269347.0,1370976230.0,1370976230.0,KOSDAQ,4.62
489460,바이오비쥬,11330.0,22701.0,22701.0,257202330.0,257202330.0,KOSDAQ,-2.07
032620,GC메디아이,3200.0,57427.0,57427.0,183766400.0,183766400.0,KOSDAQ,0.63
039830,오로라,15500.0,24954.0,24954.0,386787000.0,386787000.0,KOSDAQ,-2.27
123410,코리아에프티,5970.0,38822.0,38822.0,231767340.0,231767340.0,KOSDAQ,1.19
038390,레드캡투어,9940.0,5111.0,5111.0,50803340.0,50803340.0,KOSDAQ,0.1
104480,티케이케미칼,1824.0,132232.0,132232.0,241191168.0,241191168.0,KOSDAQ,-0.92
357550,석경에이티,30300.0,1196.0,3010.0,36238800.0,91203000.0,KOSDAQ,-0.66
264450,유비쿼스,11240.0,42698.0,42698.0,479925520.0,479925520.0,KOSDAQ,-1.14
149950,아바텍,12040.0,173805.0,173805.0,2092612200.0,2092612200.0,KOSDAQ,-5.64
204610,티쓰리,2950.0,41862.0,41862.0,123492900.0,123492900.0,KOSDAQ,1.2
445180,퓨릿,9550.0,190343.0,190343.0,1817775650.0,1817775650.0,KOSDAQ,4.95
126700,하이비젼시스템,10950.0,53958.0,53958.0,590840100.0,590840100.0,KOSDAQ,-0.18
950140,잉글우드랩,8220.0,5431.0,5431.0,44642820.0,44642820.0,KOSDAQ,0.61
049630,재영솔루텍,6950.0,135532.0,135532.0,941947400.0,941947400.0,KOSDAQ,0.0
052260,현대바이오랜드,5410.0,11576973.0,11576973.0,62631423930.0,62631423930.0,KOSDAQ,-4.59
051370,인터플렉스,6950.0,147978.0,147978.0,1028447100.0,1028447100.0,KOSDAQ,0.87
032940,원익,8910.0,179664.0,179664.0,1600806240.0,1600806240.0,KOSDAQ,0.68
051160,지어소프트,12000.0,119795.0,119795.0,1437540000.0,1437540000.0,KOSDAQ,-3.85
088800,에이스테크,2140.0,119334.0,119334.0,255374760.0,255374760.0,KOSDAQ,1.42
372170,윤성에프앤씨,20250.0,8424.0,15884.0,170586000.0,321651000.0,KOSDAQ,3.58
475040,스트라드비젼,2975.0,297996.0,297996.0,886538100.0,886538100.0,KOSDAQ,-1.0
0082N0,카나프테라퓨틱스,12010.0,90543.0,90543.0,1087421430.0,1087421430.0,KOSDAQ,-2.28
0039P0,매드업,8490.0,1881177.0,1881177.0,15971192730.0,15971192730.0,KOSDAQ,2.04
072870,메가스터디,13370.0,7767.0,7767.0,103844790.0,103844790.0,KOSDAQ,0.0
418550,제이오,4970.0,91294.0,91294.0,453731180.0,453731180.0,KOSDAQ,4.08
289080,SV인베스트먼트,2645.0,466781.0,466781.0,1234635745.0,1234635745.0,KOSDAQ,-0.56
388790,라이콤,5190.0,445380.0,445380.0,2311522200.0,2311522200.0,KOSDAQ,0.97
267320,나인테크,2765.0,25286882.0,25286882.0,69918228730.0,69918228730.0,KOSDAQ,7.17
488280,에스투더블유,14660.0,504913.0,504913.0,7402024580.0,7402024580.0,KOSDAQ,-5.42
093190,빅솔론,8240.0,7112.0,7112.0,58602880.0,58602880.0,KOSDAQ,-0.72
478340,나라스페이스테크놀로지,13640.0,448602.0,448602.0,6118931280.0,6118931280.0,KOSDAQ,-1.16
024800,유성티엔에스,4490.0,16578.0,16578.0,74435220.0,74435220.0,KOSDAQ,1.13
123860,아나패스,13040.0,9201.0,9201.0,119981040.0,119981040.0,KOSDAQ,-0.91
118990,모트렉스,6440.0,23638.0,23638.0,152228720.0,152228720.0,KOSDAQ,0.78
432720,퀄리타스반도체,11130.0,141459.0,141459.0,1574438670.0,1574438670.0,KOSDAQ,3.44
080160,모두투어,8320.0,41459.0,41459.0,344938880.0,344938880.0,KOSDAQ,0.24
086890,이수앱지스,3850.0,107896.0,107896.0,415399600.0,415399600.0,KOSDAQ,0.0
023910,대한약품,26100.0,2830.0,2830.0,73863000.0,73863000.0,KOSDAQ,-0.76
402030,코난테크놀로지,12500.0,13976.0,24264.0,174700000.0,303300000.0,KOSDAQ,-0.87
092070,디엔에프,13500.0,49100.0,49100.0,662850000.0,662850000.0,KOSDAQ,0.07
251370,와이엠티,8650.0,403427.0,403427.0,3489643550.0,3489643550.0,KOSDAQ,2.98
067280,멀티캠퍼스,26250.0,5926.0,5926.0,155557500.0,155557500.0,KOSDAQ,0.38
054800,아이디스홀딩스,15020.0,10575.0,10575.0,158836500.0,158836500.0,KOSDAQ,2.32
011040,경동제약,5030.0,6175.0,6175.0,31060250.0,31060250.0,KOSDAQ,-0.2
474650,링크솔루션,26850.0,26205.0,26205.0,703604250.0,703604250.0,KOSDAQ,0.19
226590,엠디바이스,14390.0,41398.0,41398.0,595717220.0,595717220.0,KOSDAQ,0.21
041020,폴라리스오피스,3100.0,111466.0,111466.0,345544600.0,345544600.0,KOSDAQ,0.32
041520,이엘씨,12630.0,10663.0,10663.0,134673690.0,134673690.0,KOSDAQ,0.32
387690,레메디,20150.0,794419.0,794419.0,16007542850.0,16007542850.0,KOSDAQ,1.1
093640,케이알엠,4660.0,39930.0,39930.0,186073800.0,186073800.0,KOSDAQ,1.64
054450,텔레칩스,10100.0,39426.0,39426.0,398202600.0,398202600.0,KOSDAQ,-0.69
053260,금강철강,8170.0,9192278.0,9192278.0,75100911260.0,75100911260.0,KOSDAQ,23.6
222040,코스맥스엔비티,7390.0,77777.0,77777.0,574772030.0,574772030.0,KOSDAQ,1.65
007330,푸른저축은행,10040.0,547.0,547.0,5491880.0,5491880.0,KOSDAQ,0.4
078070,유비쿼스홀딩스,8860.0,7561.0,7561.0,66990460.0,66990460.0,KOSDAQ,0.11
179290,엠아이텍,4655.0,15984.0,15984.0,74405520.0,74405520.0,KOSDAQ,1.42
042600,새로닉스,12110.0,7898.0,7898.0,95644780.0,95644780.0,KOSDAQ,3.33
494120,큐리오시스,9820.0,225636.0,345225.0,2215745520.0,3390109500.0,KOSDAQ,10.34
950250,테라뷰,4190.0,4090492.0,4090492.0,17139161480.0,17139161480.0,KOSDAQ,-3.79
413630,씨피시스템,4090.0,459410.0,459410.0,1878986900.0,1878986900.0,KOSDAQ,0.99
300080,플리토,8990.0,26663.0,59433.0,239700370.0,534302670.0,KOSDAQ,0.67
489500,엘케이켐,23250.0,13922.0,13922.0,323686500.0,323686500.0,KOSDAQ,0.0
134580,탑코미디어,2990.0,398909.0,398909.0,1192737910.0,1192737910.0,KOSDAQ,-7.14
452190,한빛레이저,6160.0,3419182.0,3419182.0,21062161120.0,21062161120.0,KOSDAQ,-0.48
065660,안트로젠,14690.0,15694.0,19523.0,230544860.0,286792870.0,KOSDAQ,1.17
0007C0,아크릴,18300.0,71102.0,71102.0,1301166600.0,1301166600.0,KOSDAQ,-0.44
102120,어보브반도체,8240.0,1044485.0,1044485.0,8606556400.0,8606556400.0,KOSDAQ,5.64
046440,KG파이낸셜,4030.0,37546.0,37546.0,151310380.0,151310380.0,KOSDAQ,-0.49
220260,켐트로스,4555.0,402350.0,402350.0,1832704250.0,1832704250.0,KOSDAQ,4.35
101360,에코앤드림,8190.0,200853.0,1447109.0,1644986070.0,11851822710.0,KOSDAQ,8.62
205500,넥써쓰,1741.0,167482.0,167482.0,291586162.0,291586162.0,KOSDAQ,1.22
023600,삼보판지,9040.0,9745.0,9745.0,88094800.0,88094800.0,KOSDAQ,-0.22
396300,HT로보틱스,5420.0,1998937.0,1998937.0,10834238540.0,10834238540.0,KOSDAQ,-1.81
049960,쎌바이오텍,15170.0,15611.0,15611.0,236818870.0,236818870.0,KOSDAQ,1.2
148150,세경하이테크,4005.0,72512.0,72512.0,290410560.0,290410560.0,KOSDAQ,-3.03
322310,오로스테크놀로지,15190.0,118003.0,118003.0,1792465570.0,1792465570.0,KOSDAQ,2.22
005990,매일홀딩스,10690.0,1606.0,1606.0,17168140.0,17168140.0,KOSDAQ,-1.38
069510,에스텍,13010.0,4147.0,4147.0,53952470.0,53952470.0,KOSDAQ,-1.51
115310,인포바인,9550.0,2660.0,2660.0,25403000.0,25403000.0,KOSDAQ,1.6
264660,씨앤지하이테크,14560.0,63807.0,63807.0,929029920.0,929029920.0,KOSDAQ,0.97
147830,제룡산업,7010.0,103340.0,103340.0,724413400.0,724413400.0,KOSDAQ,0.29
048870,시너지이노베이션,1590.0,260171.0,260171.0,413671890.0,413671890.0,KOSDAQ,-1.12
089600,KT나스미디어,12260.0,7931.0,7931.0,97234060.0,97234060.0,KOSDAQ,-0.65
232680,라온로보틱스,10440.0,100139.0,100139.0,1045451160.0,1045451160.0,KOSDAQ,3.06
228850,레이언스,8340.0,170503.0,170503.0,1421995020.0,1421995020.0,KOSDAQ,0.0
101970,우양에이치씨,9320.0,3482.0,3482.0,32452240.0,32452240.0,KOSDAQ,0.0
146320,비씨엔씨,10770.0,27247.0,27247.0,293450190.0,293450190.0,KOSDAQ,4.56
138360,앤로보틱스,1564.0,534055.0,534055.0,835262020.0,835262020.0,KOSDAQ,1.49
469610,이노테크,15330.0,38236.0,66549.0,586157880.0,1020196170.0,KOSDAQ,-1.29
212560,네오오토,10120.0,38696.0,38696.0,391603520.0,391603520.0,KOSDAQ,-0.3
211270,AP위성,9040.0,76470.0,76470.0,691288800.0,691288800.0,KOSDAQ,0.89
114840,아이패밀리에스씨,8170.0,10047.0,15242.0,82083990.0,124527140.0,KOSDAQ,-0.37
035610,솔본,4980.0,10750.0,10750.0,53535000.0,53535000.0,KOSDAQ,-0.8
003100,선광,20500.0,1630.0,1630.0,33415000.0,33415000.0,KOSDAQ,0.24
321550,티움바이오,4495.0,28672.0,28672.0,128880640.0,128880640.0,KOSDAQ,0.33
060150,인선이엔티,2960.0,14954.0,14954.0,44263840.0,44263840.0,KOSDAQ,0.34
059120,아진엑스텍,7360.0,210110.0,210110.0,1546409600.0,1546409600.0,KOSDAQ,-0.54
0015N0,아로마티카,10690.0,345994.0,345994.0,3698675860.0,3698675860.0,KOSDAQ,-1.75
126640,화신정공,3825.0,494354.0,494354.0,1890904050.0,1890904050.0,KOSDAQ,2.82
451760,컨텍,8120.0,54913.0,54913.0,445893560.0,445893560.0,KOSDAQ,1.37
038290,마크로젠,12340.0,10176.0,10176.0,125571840.0,125571840.0,KOSDAQ,-0.08
156100,엘앤케이바이오,5980.0,112474.0,112474.0,672594520.0,672594520.0,KOSDAQ,-0.33
073010,케이에스피,3325.0,151072.0,151072.0,502314400.0,502314400.0,KOSDAQ,1.99
265740,엔에프씨,7460.0,187705.0,187705.0,1400279300.0,1400279300.0,KOSDAQ,-1.84
0088M0,메쥬,13450.0,97132.0,97132.0,1306425400.0,1306425400.0,KOSDAQ,-0.59
037070,파세코,6640.0,43421.0,43421.0,288315440.0,288315440.0,KOSDAQ,-0.45
136540,윈스테크넷,10770.0,7013.0,7013.0,75530010.0,75530010.0,KOSDAQ,-0.65
142210,유니트론텍,6370.0,155762.0,155762.0,992203940.0,992203940.0,KOSDAQ,-0.93
417500,제이아이테크,4030.0,364340.0,364340.0,1468290200.0,1468290200.0,KOSDAQ,0.0
052860,아이앤씨,7390.0,102816.0,102816.0,759810240.0,759810240.0,KOSDAQ,-7.16
140670,알에스오토메이션,10280.0,24905.0,24905.0,256023400.0,256023400.0,KOSDAQ,0.39
054920,한컴위드,4670.0,671994.0,671994.0,3138211980.0,3138211980.0,KOSDAQ,1.08
049720,고려신용정보,9160.0,13164.0,13164.0,120582240.0,120582240.0,KOSDAQ,0.11
080420,모다이노칩,1641.0,1665.0,1665.0,2732265.0,2732265.0,KOSDAQ,3.53
001540,안국약품,10030.0,15428.0,15428.0,154742840.0,154742840.0,KOSDAQ,0.7
047770,코데즈컴바인,3450.0,1152234.0,1152234.0,3975207300.0,3975207300.0,KOSDAQ,3.92
158430,아톤,5330.0,301543.0,301543.0,1607224190.0,1607224190.0,KOSDAQ,-0.37
418420,라온텍,4230.0,112244.0,112244.0,474792120.0,474792120.0,KOSDAQ,-0.94
105330,케이엔더블유,8120.0,42056.0,42056.0,341494720.0,341494720.0,KOSDAQ,-2.05
240550,동방메디컬,6180.0,149161.0,149161.0,921814980.0,921814980.0,KOSDAQ,1.64
035080,그래디언트,11520.0,22035.0,22035.0,253843200.0,253843200.0,KOSDAQ,-1.29
285490,노바텍,12160.0,16080.0,16080.0,195532800.0,195532800.0,KOSDAQ,0.58
322510,제이엘케이,4995.0,62930.0,62930.0,314335350.0,314335350.0,KOSDAQ,-2.06
071280,로체시스템즈,8400.0,308494.0,308494.0,2591349600.0,2591349600.0,KOSDAQ,6.33
115500,케이씨에스,10670.0,199144.0,199144.0,2124866480.0,2124866480.0,KOSDAQ,0.0
457550,우진엔텍,13720.0,29709.0,29709.0,407607480.0,407607480.0,KOSDAQ,1.55
094840,슈프리마에이치큐,13020.0,29414.0,29414.0,382970280.0,382970280.0,KOSDAQ,1.01
039840,디오,9500.0,18865.0,36153.0,179217500.0,343453500.0,KOSDAQ,2.04
297090,씨에스베어링,4670.0,72370.0,72370.0,337967900.0,337967900.0,KOSDAQ,2.52
079960,동양이엔피,16770.0,18567.0,18567.0,311368590.0,311368590.0,KOSDAQ,0.18
402490,그린리소스,7470.0,123659.0,123659.0,923732730.0,923732730.0,KOSDAQ,-0.53
282880,코윈로보틱스,10780.0,10709.0,10709.0,115443020.0,115443020.0,KOSDAQ,1.6
950190,고스트스튜디오,9680.0,28581.0,28581.0,276664080.0,276664080.0,KOSDAQ,-0.1
141000,비아트론,10350.0,221825.0,221825.0,2295888750.0,2295888750.0,KOSDAQ,6.81
021320,KCC건설,5850.0,3951.0,3951.0,23113350.0,23113350.0,KOSDAQ,1.74
408920,메쎄이상,2895.0,11157.0,11157.0,32299515.0,32299515.0,KOSDAQ,-0.17
115440,우리넷,11590.0,3883374.0,3883374.0,45008304660.0,45008304660.0,KOSDAQ,1.22
361390,제노코,12800.0,8653.0,8653.0,110758400.0,110758400.0,KOSDAQ,0.0
338840,와이바이오로직스,8080.0,17167.0,33743.0,138709360.0,272643440.0,KOSDAQ,0.62
027710,팜스토리,1116.0,91368.0,91368.0,101966688.0,101966688.0,KOSDAQ,0.09
095700,제넥신,2730.0,64329.0,64329.0,175618170.0,175618170.0,KOSDAQ,2.06
474170,루미르,6940.0,35802.0,35802.0,248465880.0,248465880.0,KOSDAQ,-1.42
042510,라온시큐어,11130.0,334469.0,334469.0,3722639970.0,3722639970.0,KOSDAQ,-0.18
009780,엠에스씨,7010.0,18949.0,18949.0,132832490.0,132832490.0,KOSDAQ,3.55
417010,나노팀,6080.0,73575.0,73575.0,447336000.0,447336000.0,KOSDAQ,0.33
351320,넥사다이내믹스,3950.0,192378.0,192378.0,759893100.0,759893100.0,KOSDAQ,1.8
307750,국전,2265.0,57756.0,57756.0,130817340.0,130817340.0,KOSDAQ,-0.44
256940,킵스파마,6090.0,37499.0,37499.0,228368910.0,228368910.0,KOSDAQ,0.5
108230,톱텍,3205.0,117454.0,117454.0,376440070.0,376440070.0,KOSDAQ,0.47
095190,신화프리텍,1864.0,31621.0,31621.0,58941544.0,58941544.0,KOSDAQ,0.87
072950,빛샘전자,15060.0,10370600.0,10370600.0,156181236000.0,156181236000.0,KOSDAQ,11.23
293580,나우IB,1268.0,147857.0,147857.0,187482676.0,187482676.0,KOSDAQ,-0.86
008830,대동기어,6230.0,152401.0,152401.0,949458230.0,949458230.0,KOSDAQ,-0.48
321370,센서뷰,1690.0,1884644.0,1884644.0,3185048360.0,3185048360.0,KOSDAQ,0.54
290740,액트로,11850.0,24132.0,24132.0,285964200.0,285964200.0,KOSDAQ,4.96
054050,NH농우바이오,7420.0,93691.0,93691.0,695187220.0,695187220.0,KOSDAQ,5.25
308080,바이젠셀,5770.0,82058.0,82058.0,473474660.0,473474660.0,KOSDAQ,4.15
037350,성도이엔지,7730.0,49245.0,49245.0,380663850.0,380663850.0,KOSDAQ,0.78
166480,코아스템켐온,2220.0,113466.0,113466.0,251894520.0,251894520.0,KOSDAQ,1.83
259630,엠플러스,9600.0,293176.0,293176.0,2814489600.0,2814489600.0,KOSDAQ,5.84
333430,일승,3790.0,199190.0,199190.0,754930100.0,754930100.0,KOSDAQ,4.12
041440,현대에버다임,6510.0,32128.0,32128.0,209153280.0,209153280.0,KOSDAQ,-0.61
053080,케이엔솔,8930.0,46041.0,46041.0,411146130.0,411146130.0,KOSDAQ,2.29
331920,셀레믹스,10380.0,21616.0,21616.0,224374080.0,224374080.0,KOSDAQ,-2.72
079650,서산,5800.0,862766.0,862766.0,5004042800.0,5004042800.0,KOSDAQ,-3.49
017510,세명전기,7600.0,88215.0,88215.0,670434000.0,670434000.0,KOSDAQ,1.33
336680,탑런토탈솔루션,2955.0,10287.0,10287.0,30398085.0,30398085.0,KOSDAQ,1.03
297890,HB솔루션,1581.0,299895.0,299895.0,474133995.0,474133995.0,KOSDAQ,0.0
443670,에스피소프트,4800.0,232917.0,232917.0,1118001600.0,1118001600.0,KOSDAQ,0.42
049520,유아이엘,3735.0,18032.0,18032.0,67349520.0,67349520.0,KOSDAQ,0.13
172670,에이엘티,12770.0,66602.0,66602.0,850507540.0,850507540.0,KOSDAQ,-1.62
083500,에프엔에스테크,13760.0,83017.0,83017.0,1142313920.0,1142313920.0,KOSDAQ,2.76
474610,RF시스템즈,7920.0,35528.0,35528.0,281381760.0,281381760.0,KOSDAQ,-0.88
299030,하나기술,14260.0,45541.0,80899.0,649414660.0,1153619740.0,KOSDAQ,6.82
290720,푸드나무,2985.0,114898.0,114898.0,342970530.0,342970530.0,KOSDAQ,4.55
122450,KX,2540.0,13030.0,13030.0,33096200.0,33096200.0,KOSDAQ,1.2
047310,파워로직스,3105.0,49460.0,49460.0,153573300.0,153573300.0,KOSDAQ,0.32
067990,도이치모터스,3875.0,47678.0,47678.0,184752250.0,184752250.0,KOSDAQ,0.91
458650,성우,7480.0,11108.0,11108.0,83087840.0,83087840.0,KOSDAQ,-1.19
153890,져스텍,9310.0,255665.0,255665.0,2380241150.0,2380241150.0,KOSDAQ,-4.9
396470,워트,6940.0,106459.0,106459.0,738825460.0,738825460.0,KOSDAQ,0.73
338220,뷰노,7980.0,941937.0,3716780.0,7516657260.0,29659904400.0,KOSDAQ,-4.09
063570,NICE인프라,3270.0,26690.0,26690.0,87276300.0,87276300.0,KOSDAQ,1.87
473980,노머스,10230.0,20426.0,25974.0,208957980.0,265714020.0,KOSDAQ,-0.78
201490,미투온,3400.0,951542.0,951542.0,3235242800.0,3235242800.0,KOSDAQ,0.44
090850,현대이지웰,4920.0,17055.0,17055.0,83910600.0,83910600.0,KOSDAQ,-1.11
018120,진로발효,16670.0,278.0,278.0,4634260.0,4634260.0,KOSDAQ,-1.01
217820,원익피앤이,2310.0,183417.0,183417.0,423693270.0,423693270.0,KOSDAQ,0.22
389020,자람테크놀로지,15870.0,43962.0,43962.0,697676940.0,697676940.0,KOSDAQ,-0.19
101170,우림피티에스,8100.0,26267.0,26267.0,212762700.0,212762700.0,KOSDAQ,-0.61
051360,토비스,11680.0,17104.0,26238.0,199774720.0,306459840.0,KOSDAQ,-1.1
310200,애니플러스,2095.0,293344.0,293344.0,614555680.0,614555680.0,KOSDAQ,2.7
086980,쇼박스,1750.0,94193.0,94193.0,164837750.0,164837750.0,KOSDAQ,-1.96
339950,아이비김영,2415.0,24652.0,24652.0,59534580.0,59534580.0,KOSDAQ,1.05
039560,다산네트웍스,2530.0,66287.0,66287.0,167706110.0,167706110.0,KOSDAQ,2.22
255440,야스,8300.0,116501.0,116501.0,966958300.0,966958300.0,KOSDAQ,4.01
217270,넵튠,2370.0,20306.0,20306.0,48125220.0,48125220.0,KOSDAQ,1.28
067900,와이엔텍,5940.0,6721.0,6721.0,39922740.0,39922740.0,KOSDAQ,0.34
036630,세종텔레콤,7720.0,2341.0,2341.0,18072520.0,18072520.0,KOSDAQ,-0.52
040300,YTN,2265.0,135768.0,135768.0,307514520.0,307514520.0,KOSDAQ,-0.22
242040,나무AX,3115.0,216234.0,216234.0,673568910.0,673568910.0,KOSDAQ,0.48
039340,한국경제TV,4890.0,5966.0,5966.0,29173740.0,29173740.0,KOSDAQ,0.41
129920,대성하이텍,6600.0,137502.0,137502.0,907513200.0,907513200.0,KOSDAQ,-0.75
334970,프레스티지바이오로직스,1375.0,124666.0,124666.0,171415750.0,171415750.0,KOSDAQ,-0.51
120240,대정화금,14790.0,7349.0,7349.0,108691710.0,108691710.0,KOSDAQ,-0.67
131030,옵투스제약,6010.0,13220.0,13220.0,79452200.0,79452200.0,KOSDAQ,1.86
217190,제너셈,8060.0,144064.0,144064.0,1161155840.0,1161155840.0,KOSDAQ,3.07
106190,하이텍팜,9930.0,13039.0,13039.0,129477270.0,129477270.0,KOSDAQ,0.4
0011A0,액스비스,11290.0,700574.0,700574.0,7909480460.0,7909480460.0,KOSDAQ,-3.09
475230,엔알비,9650.0,38803.0,38803.0,374448950.0,374448950.0,KOSDAQ,0.42
311320,지오엘리먼트,8330.0,24706.0,24706.0,205800980.0,205800980.0,KOSDAQ,-1.3
289930,웨이비스,7990.0,33398.0,33398.0,266850020.0,266850020.0,KOSDAQ,-0.12
053350,이니텍,4730.0,31362.0,31362.0,148342260.0,148342260.0,KOSDAQ,0.11
182360,큐브엔터,6700.0,22141.0,22141.0,148344700.0,148344700.0,KOSDAQ,-1.47
130580,나이스디앤비,6750.0,25416.0,25416.0,171558000.0,171558000.0,KOSDAQ,-1.17
419050,삼기에너지솔루션즈,1817.0,2714754.0,2714754.0,4932708018.0,4932708018.0,KOSDAQ,3.71
053700,삼보모터스,3880.0,65314.0,65314.0,253418320.0,253418320.0,KOSDAQ,0.52
073560,우리손에프앤지,1496.0,145897.0,145897.0,218261912.0,218261912.0,KOSDAQ,-1.58
109740,디에스케이,4025.0,35209.0,35209.0,141716225.0,141716225.0,KOSDAQ,-0.98
038540,상상인,1870.0,21597.0,21597.0,40386390.0,40386390.0,KOSDAQ,-0.37
123040,엠에스오토텍,1640.0,21946.0,21946.0,35991440.0,35991440.0,KOSDAQ,0.0
246710,티앤알바이오팹,2150.0,120218.0,120218.0,258468700.0,258468700.0,KOSDAQ,-0.23
091440,한울소재과학,2765.0,933949.0,933949.0,2582368985.0,2582368985.0,KOSDAQ,-14.92
036010,아비코전자,7650.0,143980.0,143980.0,1101447000.0,1101447000.0,KOSDAQ,0.13
125210,아모그린텍,6120.0,61175.0,61175.0,374391000.0,374391000.0,KOSDAQ,-0.16
261780,아리바이오랩,3465.0,866323.0,866323.0,3001809195.0,3001809195.0,KOSDAQ,-7.72
250060,모비스,3115.0,219423.0,219423.0,683502645.0,683502645.0,KOSDAQ,0.81
209640,와이제이링크,3520.0,324288.0,324288.0,1141493760.0,1141493760.0,KOSDAQ,-3.56
100700,세운메디칼,2285.0,27454.0,27454.0,62732390.0,62732390.0,KOSDAQ,-0.44
453450,그리드위즈,12600.0,26353.0,26353.0,332047800.0,332047800.0,KOSDAQ,1.12
006620,동구바이오제약,3510.0,60180.0,60180.0,211231800.0,211231800.0,KOSDAQ,1.59
063170,서울옥션,5620.0,12352.0,12352.0,69418240.0,69418240.0,KOSDAQ,-0.53
059210,메타바이오메드,3660.0,46626.0,46626.0,170651160.0,170651160.0,KOSDAQ,0.27
439580,블루엠텍,2935.0,8594086.0,8594086.0,25223642410.0,25223642410.0,KOSDAQ,9.93
475580,에이럭스,7290.0,24681.0,24681.0,179924490.0,179924490.0,KOSDAQ,-0.82
309960,LB인베스트먼트,4275.0,41443.0,41443.0,177168825.0,177168825.0,KOSDAQ,-0.35
411080,샌즈랩,6500.0,200339.0,200339.0,1302203500.0,1302203500.0,KOSDAQ,-1.66
352090,스톰테크,3690.0,21803.0,21803.0,80453070.0,80453070.0,KOSDAQ,0.54
173130,오파스넷,7580.0,84499.0,84499.0,640502420.0,640502420.0,KOSDAQ,-1.94
323990,박셀바이오,4250.0,55039.0,55039.0,233915750.0,233915750.0,KOSDAQ,-0.23
175250,아이큐어,1600.0,196532.0,196532.0,314451200.0,314451200.0,KOSDAQ,-4.13
357880,SKAI,1822.0,279989.0,279989.0,510139958.0,510139958.0,KOSDAQ,-0.11
235980,메드팩토,2880.0,51093.0,51093.0,147147840.0,147147840.0,KOSDAQ,-1.03
099750,이지케어텍,7220.0,90419.0,90419.0,652825180.0,652825180.0,KOSDAQ,-3.35
021080,에이티넘인베스트,2050.0,67431.0,67431.0,138233550.0,138233550.0,KOSDAQ,-0.49
307930,컴퍼니케이,6300.0,14334.0,14334.0,90304200.0,90304200.0,KOSDAQ,-0.16
306620,지아이에스,2050.0,245020.0,245020.0,502291000.0,502291000.0,KOSDAQ,-2.38
366030,나인앤컴퍼니,4335.0,47354.0,47354.0,205279590.0,205279590.0,KOSDAQ,-4.62
298540,더네이쳐홀딩스,6760.0,3253.0,3253.0,21990280.0,21990280.0,KOSDAQ,0.0
088130,동아엘텍,5600.0,163377.0,163377.0,914911200.0,914911200.0,KOSDAQ,-0.18
048550,SM C&C,1012.0,312726.0,312726.0,316478712.0,316478712.0,KOSDAQ,-3.62
105740,디케이락,9620.0,648603.0,648603.0,6239560860.0,6239560860.0,KOSDAQ,3.44
086960,MDS테크,2300.0,1271050.0,1271050.0,2923415000.0,2923415000.0,KOSDAQ,-4.56
493330,지에프아이,12130.0,36560.0,36560.0,443472800.0,443472800.0,KOSDAQ,-2.96
317770,엑스페릭스,2625.0,74022.0,74022.0,194307750.0,194307750.0,KOSDAQ,2.54
412350,레이저쎌,6650.0,1074906.0,1074906.0,7148124900.0,7148124900.0,KOSDAQ,11.39
049950,미래컴퍼니,10990.0,27654.0,27654.0,303917460.0,303917460.0,KOSDAQ,1.38
205100,엑셈,1427.0,295384.0,295384.0,421512968.0,421512968.0,KOSDAQ,-1.04
045970,코아시아,3660.0,28277.0,28277.0,103493820.0,103493820.0,KOSDAQ,1.81
394420,리센스메디컬,8750.0,279407.0,279407.0,2444811250.0,2444811250.0,KOSDAQ,-8.28
198440,강동씨앤엘,1572.0,552889.0,552889.0,869141508.0,869141508.0,KOSDAQ,-2.78
162300,신스틸,2305.0,7509361.0,7509361.0,17309077105.0,17309077105.0,KOSDAQ,9.5
189330,씨이랩,10130.0,157348.0,157348.0,1593935240.0,1593935240.0,KOSDAQ,-3.15
330350,위더스제약,7180.0,47693.0,47693.0,342435740.0,342435740.0,KOSDAQ,0.28
187790,나노,3045.0,118656.0,118656.0,361307520.0,361307520.0,KOSDAQ,3.22
002230,피에스텍,5090.0,30775.0,30775.0,156644750.0,156644750.0,KOSDAQ,-1.36
091120,이엠텍,5470.0,49241.0,49241.0,269348270.0,269348270.0,KOSDAQ,-1.44
074430,아미노로직스,1048.0,64210.0,64210.0,67292080.0,67292080.0,KOSDAQ,-1.41
052420,오성첨단소재,9580.0,17487.0,17487.0,167525460.0,167525460.0,KOSDAQ,0.0
037030,파워넷,3655.0,271713.0,271713.0,993111015.0,993111015.0,KOSDAQ,-1.08
348350,위드텍,9500.0,69015.0,69015.0,655642500.0,655642500.0,KOSDAQ,3.26
042500,링네트,4165.0,82097.0,82097.0,341934005.0,341934005.0,KOSDAQ,-1.3
005860,한일사료,2345.0,147994.0,147994.0,347045930.0,347045930.0,KOSDAQ,-0.42
357580,아모센스,7830.0,669111.0,669111.0,5239139130.0,5239139130.0,KOSDAQ,8.9
380550,뉴로핏,7510.0,82504.0,82504.0,619605040.0,619605040.0,KOSDAQ,-2.21
065450,빅텍,3105.0,4539921.0,4539921.0,14096454705.0,14096454705.0,KOSDAQ,1.47
040420,정상제이엘에스,5840.0,3876.0,3876.0,22635840.0,22635840.0,KOSDAQ,0.17
052460,아이크래프트,6260.0,121301.0,121301.0,759344260.0,759344260.0,KOSDAQ,-0.95
303810,동국생명과학,2855.0,4877367.0,4877367.0,13924882785.0,13924882785.0,KOSDAQ,-4.83
246960,SCL사이언스,2675.0,253621.0,253621.0,678436175.0,678436175.0,KOSDAQ,-4.29
023900,풍국주정,7220.0,3724.0,3724.0,26887280.0,26887280.0,KOSDAQ,0.84
109610,에스와이,1859.0,53728.0,53728.0,99880352.0,99880352.0,KOSDAQ,-0.27
036220,오상헬스케어,6330.0,33444.0,33444.0,211700520.0,211700520.0,KOSDAQ,-1.71
033560,블루콤,5290.0,10921.0,10921.0,57772090.0,57772090.0,KOSDAQ,1.34
053580,웹케시,6980.0,10808.0,10808.0,75439840.0,75439840.0,KOSDAQ,-2.1
432470,케이엔에스,10280.0,56201.0,56201.0,577746280.0,577746280.0,KOSDAQ,2.19
282720,금양그린파워,7440.0,25761.0,25761.0,191661840.0,191661840.0,KOSDAQ,0.68
052900,KX하이텍,1174.0,1166215.0,1166215.0,1369136410.0,1369136410.0,KOSDAQ,3.16
307870,비투엔,1205.0,214972.0,214972.0,259041260.0,259041260.0,KOSDAQ,0.42
357230,에이치피오,2160.0,20703.0,20703.0,44718480.0,44718480.0,KOSDAQ,0.93
009300,삼아제약,13990.0,622.0,622.0,8701780.0,8701780.0,KOSDAQ,0.21
322180,LS티라유텍,4145.0,44234.0,44234.0,183349930.0,183349930.0,KOSDAQ,1.97
900260,로스웰,1934.0,257098.0,257098.0,497227532.0,497227532.0,KOSDAQ,-1.73
048910,대원미디어,7040.0,55735.0,55735.0,392374400.0,392374400.0,KOSDAQ,-2.49
093920,서원인텍,4760.0,10694.0,10694.0,50903440.0,50903440.0,KOSDAQ,-0.94
047560,이스트소프트,7530.0,17765.0,17765.0,133770450.0,133770450.0,KOSDAQ,-0.92
054540,삼영엠텍,6800.0,146230.0,146230.0,994364000.0,994364000.0,KOSDAQ,3.82
013310,아진산업,2275.0,45272.0,45272.0,102993800.0,102993800.0,KOSDAQ,-0.66
234030,싸이닉솔루션,3730.0,693756.0,693756.0,2587709880.0,2587709880.0,KOSDAQ,-2.99
251120,바이오에프디엔씨,10100.0,42464.0,42464.0,428886400.0,428886400.0,KOSDAQ,6.09
066590,스모트로닉,2270.0,43199.0,43199.0,98061730.0,98061730.0,KOSDAQ,-1.09
234300,에스트래픽,3220.0,81706.0,81706.0,263093320.0,263093320.0,KOSDAQ,0.47
0007J0,인벤테라,11130.0,488123.0,488123.0,5432808990.0,5432808990.0,KOSDAQ,-17.19
048530,인트론바이오,2830.0,39695.0,39695.0,112336850.0,112336850.0,KOSDAQ,0.0
100130,동국S&C,1528.0,419077.0,419077.0,640349656.0,640349656.0,KOSDAQ,1.73
014950,삼익제약,8650.0,1143655.0,1143655.0,9892615750.0,9892615750.0,KOSDAQ,-2.26
062970,한국첨단소재,2890.0,834226.0,834226.0,2410913140.0,2410913140.0,KOSDAQ,-3.02
096240,크레버스,8490.0,3129.0,3129.0,26565210.0,26565210.0,KOSDAQ,0.83
457370,한켐,10730.0,644370.0,644370.0,6914090100.0,6914090100.0,KOSDAQ,-6.94
192410,오늘이엔엠,3420.0,46682.0,46682.0,159652440.0,159652440.0,KOSDAQ,-1.01
362320,청담글로벌,4155.0,53455.0,53455.0,222105525.0,222105525.0,KOSDAQ,-3.37
004650,창해에탄올,9310.0,18583.0,18583.0,173007730.0,173007730.0,KOSDAQ,0.22
033290,로젠,1523.0,15238.0,15238.0,23207474.0,23207474.0,KOSDAQ,0.53
263720,디앤씨미디어,6950.0,6430.0,6430.0,44688500.0,44688500.0,KOSDAQ,1.02
072020,중앙백신,9160.0,4465.0,4465.0,40899400.0,40899400.0,KOSDAQ,0.66
478560,블랙야크아이앤씨,3275.0,35684.0,35684.0,116865100.0,116865100.0,KOSDAQ,1.24
044990,에이치엔에스하이텍,10990.0,3851.0,3851.0,42322490.0,42322490.0,KOSDAQ,1.1
066700,테라젠이텍스,2270.0,48281.0,48281.0,109597870.0,109597870.0,KOSDAQ,1.11
078140,대봉엘에스,7570.0,19472.0,19472.0,147403040.0,147403040.0,KOSDAQ,-2.32
226400,오스테오닉,4060.0,165505.0,165505.0,671950300.0,671950300.0,KOSDAQ,4.1
330730,스톤브릿지벤처스,4595.0,17176.0,17176.0,78923720.0,78923720.0,KOSDAQ,-0.22
185490,아이진,1935.0,44457.0,44457.0,86024295.0,86024295.0,KOSDAQ,0.62
140070,서플러스글로벌,2260.0,60132.0,60132.0,135898320.0,135898320.0,KOSDAQ,0.22
086710,선진뷰티사이언스,6850.0,4736.0,4736.0,32441600.0,32441600.0,KOSDAQ,0.44
058820,CMG제약,562.0,689859.0,689859.0,387700758.0,387700758.0,KOSDAQ,1.63
085670,뉴프렉스,3395.0,232889.0,232889.0,790658155.0,790658155.0,KOSDAQ,-0.15
025950,동신건설,9900.0,10018.0,10018.0,99178200.0,99178200.0,KOSDAQ,1.64
038110,에코플라스틱,2015.0,59302.0,59302.0,119493530.0,119493530.0,KOSDAQ,1.05
094860,네오리진,1560.0,83036.0,83036.0,129536160.0,129536160.0,KOSDAQ,-0.13
097800,윈팩,3035.0,1098717.0,1098717.0,3334606095.0,3334606095.0,KOSDAQ,29.98
123010,MSDI,4095.0,1027178.0,1027178.0,4206293910.0,4206293910.0,KOSDAQ,11.73
223250,드림씨아이에스,3355.0,124821.0,124821.0,418774455.0,418774455.0,KOSDAQ,-1.76
029480,광무,1377.0,42925.0,42925.0,59107725.0,59107725.0,KOSDAQ,-0.65
066430,아이로보틱스,2085.0,206000.0,206000.0,429510000.0,429510000.0,KOSDAQ,1.46
215100,로보로보,4000.0,40755.0,40755.0,163020000.0,163020000.0,KOSDAQ,-0.5
032300,한국파마,7450.0,2760.0,2760.0,20562000.0,20562000.0,KOSDAQ,2.62
100590,머큐리,4740.0,330630.0,330630.0,1567186200.0,1567186200.0,KOSDAQ,2.05
036640,HRS,4965.0,19783.0,19783.0,98222595.0,98222595.0,KOSDAQ,0.3
037760,쎄니트,2400.0,8601.0,8601.0,20642400.0,20642400.0,KOSDAQ,0.0
137950,제이씨케미칼,3640.0,43226.0,43226.0,157342640.0,157342640.0,KOSDAQ,-0.14
101330,모베이스,3500.0,68277.0,68277.0,238969500.0,238969500.0,KOSDAQ,-2.23
067000,조이시티,1157.0,114213.0,114213.0,132144441.0,132144441.0,KOSDAQ,0.78
078890,가온그룹,4375.0,26816.0,26816.0,117320000.0,117320000.0,KOSDAQ,0.57
294630,서남,3030.0,117914.0,117914.0,357279420.0,357279420.0,KOSDAQ,0.66
063080,컴투스홀딩스,12140.0,20213.0,20213.0,245385820.0,245385820.0,KOSDAQ,-2.65
049080,기가레인,9430.0,190450.0,190450.0,1795943500.0,1795943500.0,KOSDAQ,0.21
149980,하이로닉,4635.0,6458.0,6458.0,29932830.0,29932830.0,KOSDAQ,0.43
365330,에스와이스틸텍,1588.0,213963.0,213963.0,339773244.0,339773244.0,KOSDAQ,3.59
418470,KT밀리의서재,9280.0,17587.0,17587.0,163207360.0,163207360.0,KOSDAQ,-0.85
047820,초록뱀미디어,3250.0,19704.0,19704.0,64038000.0,64038000.0,KOSDAQ,1.25
302550,리메드,2625.0,7205.0,7205.0,18913125.0,18913125.0,KOSDAQ,-1.32
040160,누리플렉스,6670.0,12148.0,12148.0,81027160.0,81027160.0,KOSDAQ,6.72
058400,KNN,5970.0,19193.0,19193.0,114582210.0,114582210.0,KOSDAQ,0.51
147760,피엠티,3950.0,189143.0,189143.0,747114850.0,747114850.0,KOSDAQ,-2.23
360070,탑머티리얼,9630.0,24194.0,24194.0,232988220.0,232988220.0,KOSDAQ,7.36
066980,한성크린텍,1467.0,136248.0,136248.0,199875816.0,199875816.0,KOSDAQ,0.48
089230,THE E&M,2000.0,210526.0,210526.0,421052000.0,421052000.0,KOSDAQ,-1.96
389030,지니너스,1998.0,740159.0,740159.0,1478837682.0,1478837682.0,KOSDAQ,-10.4
054670,대한뉴팜,5480.0,16986.0,16986.0,93083280.0,93083280.0,KOSDAQ,1.29
007820,엠엑스로보틱스,3370.0,54196.0,54196.0,182640520.0,182640520.0,KOSDAQ,-1.61
142280,녹십자엠에스,3270.0,265557.0,265557.0,868371390.0,868371390.0,KOSDAQ,3.97
475430,키스트론,4390.0,124745.0,124745.0,547630550.0,547630550.0,KOSDAQ,-0.57
396270,넥스트칩,2380.0,387736.0,387736.0,922811680.0,922811680.0,KOSDAQ,3.48
131370,알서포트,1468.0,32933.0,32933.0,48345644.0,48345644.0,KOSDAQ,-0.61
032540,TJ미디어,3740.0,2735.0,2735.0,10228900.0,10228900.0,KOSDAQ,-1.32
004590,한국가구,5210.0,39338.0,39338.0,204950980.0,204950980.0,KOSDAQ,-0.19
010280,아이티센엔텍,5990.0,647743.0,647743.0,3879980570.0,3879980570.0,KOSDAQ,16.54
382840,원준,5080.0,24100.0,24100.0,122428000.0,122428000.0,KOSDAQ,2.01
024880,케이피에프,3875.0,34772.0,34772.0,134741500.0,134741500.0,KOSDAQ,0.26
000440,중앙에너비스,12390.0,8270.0,8270.0,102465300.0,102465300.0,KOSDAQ,-0.4
381620,제닉스로보틱스,5880.0,23768.0,23768.0,139755840.0,139755840.0,KOSDAQ,0.0
225530,HC보광산업,2115.0,7685.0,7685.0,16253775.0,16253775.0,KOSDAQ,0.71
079810,APS이노베이션,3570.0,38746.0,38746.0,138323220.0,138323220.0,KOSDAQ,1.85
0015S0,페스카로,7780.0,35539.0,35539.0,276493420.0,276493420.0,KOSDAQ,-1.52
030960,양지사,4795.0,10256.0,10256.0,49177520.0,49177520.0,KOSDAQ,0.95
088390,이녹스,8160.0,3802.0,3802.0,31024320.0,31024320.0,KOSDAQ,0.25
0017J0,세미티에스,2535.0,209069.0,209069.0,529989915.0,529989915.0,KOSDAQ,1.0
389140,포바이포,5340.0,60655.0,60655.0,323897700.0,323897700.0,KOSDAQ,-0.93
124560,태웅로직스,1960.0,15708.0,15708.0,30787680.0,30787680.0,KOSDAQ,0.0
303360,프로티아,5890.0,179205.0,179205.0,1055517450.0,1055517450.0,KOSDAQ,2.61
066310,큐에스아이,8180.0,44212.0,44212.0,361654160.0,361654160.0,KOSDAQ,0.0
012700,리드코프,2915.0,7225.0,7225.0,21060875.0,21060875.0,KOSDAQ,0.34
388870,파로스아이바이오,5840.0,60541.0,60541.0,353559440.0,353559440.0,KOSDAQ,2.28
0117P0,피스피스스튜디오,5330.0,234645.0,234645.0,1250657850.0,1250657850.0,KOSDAQ,-6.0
302430,이노메트리,7700.0,195910.0,195910.0,1508507000.0,1508507000.0,KOSDAQ,4.05
041930,SY동아,4945.0,9755.0,9755.0,48238475.0,48238475.0,KOSDAQ,-0.9
950130,엑세스바이오,2135.0,178208.0,178208.0,380474080.0,380474080.0,KOSDAQ,-1.61
102370,케이옥션,2900.0,30880.0,30880.0,89552000.0,89552000.0,KOSDAQ,-3.01
011320,유니크,3880.0,16556.0,16556.0,64237280.0,64237280.0,KOSDAQ,0.52
253840,수젠텍,4465.0,87788.0,87788.0,391973420.0,391973420.0,KOSDAQ,1.59
060570,드림어스컴퍼니,5040.0,3673.0,3673.0,18511920.0,18511920.0,KOSDAQ,0.0
331380,포커스에이아이,2015.0,21636.0,21636.0,43596540.0,43596540.0,KOSDAQ,-2.42
019550,SBI인베스트먼트,923.0,81722.0,81722.0,75429406.0,75429406.0,KOSDAQ,-0.11
040910,아이씨디,4080.0,7807.0,7807.0,31852560.0,31852560.0,KOSDAQ,0.0
060590,씨티씨바이오,3065.0,39991.0,39991.0,122572415.0,122572415.0,KOSDAQ,0.16
170030,현대공업,4825.0,10336.0,10336.0,49871200.0,49871200.0,KOSDAQ,1.37
168330,내츄럴엔도텍,2330.0,7995.0,7995.0,18628350.0,18628350.0,KOSDAQ,0.43
012790,신일제약,6170.0,54981.0,54981.0,339232770.0,339232770.0,KOSDAQ,0.82
208140,정다운,2260.0,38031.0,38031.0,85950060.0,85950060.0,KOSDAQ,0.0
011370,서한,3660.0,5675.0,5675.0,20770500.0,20770500.0,KOSDAQ,0.41
084730,팅크웨어,6640.0,6844.0,6844.0,45444160.0,45444160.0,KOSDAQ,-0.3
323350,다원넥스뷰,9200.0,156342.0,156342.0,1438346400.0,1438346400.0,KOSDAQ,-5.25
487580,폴레드,2925.0,125149.0,125149.0,366060825.0,366060825.0,KOSDAQ,0.17
039610,화성밸브,7070.0,1832786.0,1832786.0,12957797020.0,12957797020.0,KOSDAQ,17.25
058630,엠게임,3920.0,47801.0,47801.0,187379920.0,187379920.0,KOSDAQ,0.38
083790,CG인바이츠,956.0,150913.0,150913.0,144272828.0,144272828.0,KOSDAQ,-4.21
017480,삼현철강,4750.0,14711.0,14711.0,69877250.0,69877250.0,KOSDAQ,0.74
080010,이상네트웍스,7450.0,3353.0,3353.0,24979850.0,24979850.0,KOSDAQ,-1.84
104040,디에스엠,2730.0,77056.0,77056.0,210362880.0,210362880.0,KOSDAQ,3.02
041910,폴라리스AI파마,5510.0,35734.0,35734.0,196894340.0,196894340.0,KOSDAQ,0.92
053280,예스24,2920.0,23869.0,23869.0,69697480.0,69697480.0,KOSDAQ,2.64
347890,엠엑스온,4290.0,4704.0,4704.0,20180160.0,20180160.0,KOSDAQ,0.35
107600,새빗켐,12900.0,13696.0,13696.0,176678400.0,176678400.0,KOSDAQ,4.03
024740,한일단조,2215.0,205894.0,205894.0,456055210.0,456055210.0,KOSDAQ,1.61
065510,휴비츠,6690.0,18886.0,18886.0,126347340.0,126347340.0,KOSDAQ,-0.15
263800,데이타솔루션,4460.0,98329.0,98329.0,438547340.0,438547340.0,KOSDAQ,-1.44
039010,현대에이치티,8380.0,23377.0,23377.0,195899260.0,195899260.0,KOSDAQ,3.2
038680,에스넷,3615.0,82803.0,82803.0,299332845.0,299332845.0,KOSDAQ,-0.41
020710,시공테크,3590.0,91528.0,91528.0,328585520.0,328585520.0,KOSDAQ,-1.1
171120,라이온켐텍,1997.0,34005.0,34005.0,67907985.0,67907985.0,KOSDAQ,-0.89
451250,삐아,7010.0,7871.0,7871.0,55175710.0,55175710.0,KOSDAQ,-1.68
136150,원일티엔아이,8550.0,9982.0,9982.0,85346100.0,85346100.0,KOSDAQ,6.88
067170,오텍,2600.0,172286.0,172286.0,447943600.0,447943600.0,KOSDAQ,2.16
299660,셀리드,2415.0,270909.0,270909.0,654245235.0,654245235.0,KOSDAQ,0.84
377480,마음AI,10020.0,30891.0,30891.0,309527820.0,309527820.0,KOSDAQ,-0.89
347000,센코,1884.0,21975.0,21975.0,41400900.0,41400900.0,KOSDAQ,-0.84
054040,한국컴퓨터,4430.0,10779.0,10779.0,47750970.0,47750970.0,KOSDAQ,0.23
091590,남화토건,6060.0,232071.0,232071.0,1406350260.0,1406350260.0,KOSDAQ,-5.31
217330,싸이토젠,3075.0,27898.0,27898.0,85786350.0,85786350.0,KOSDAQ,1.49
413390,엠오티,6290.0,26917.0,26917.0,169307930.0,169307930.0,KOSDAQ,0.48
208370,셀바스헬스케어,2755.0,814378.0,814378.0,2243611390.0,2243611390.0,KOSDAQ,-4.34
332370,아이디피,5340.0,264.0,264.0,1409760.0,1409760.0,KOSDAQ,0.38
045660,에이텍,8580.0,6326.0,6326.0,54277080.0,54277080.0,KOSDAQ,1.54
277880,티에스아이,3570.0,32443.0,32443.0,115821510.0,115821510.0,KOSDAQ,3.48
090470,제이스로보틱스,4050.0,18991.0,18991.0,76913550.0,76913550.0,KOSDAQ,0.12
038460,바이오스마트,2800.0,57218.0,57218.0,160210400.0,160210400.0,KOSDAQ,0.0
128660,피제이메탈,2845.0,27940.0,27940.0,79489300.0,79489300.0,KOSDAQ,0.89
320000,한울반도체,10170.0,141485.0,141485.0,1438902450.0,1438902450.0,KOSDAQ,-4.24
104460,디와이피엔에프,6680.0,11227.0,11227.0,74996360.0,74996360.0,KOSDAQ,0.0
371950,풍원정밀,2980.0,202719.0,202719.0,604102620.0,604102620.0,KOSDAQ,-5.25
282620,기도산업,11970.0,68300.0,68300.0,817551000.0,817551000.0,KOSDAQ,-2.29
039980,폴라리스AI,4865.0,50355.0,50355.0,244977075.0,244977075.0,KOSDAQ,-0.61
048430,유라테크,6050.0,34072.0,34072.0,206135600.0,206135600.0,KOSDAQ,0.0
212710,아이에스티이,7160.0,28704.0,28704.0,205520640.0,205520640.0,KOSDAQ,-0.42
294140,레몬,2790.0,14089.0,14089.0,39308310.0,39308310.0,KOSDAQ,0.54
024830,세원물산,8320.0,1204.0,1204.0,10017280.0,10017280.0,KOSDAQ,-1.19
110790,크리스에프앤씨,2965.0,1645.0,1645.0,4877425.0,4877425.0,KOSDAQ,0.51
451220,아이엠티,8790.0,37818.0,37818.0,332420220.0,332420220.0,KOSDAQ,3.53
228340,동양파일,3455.0,311614.0,311614.0,1076626370.0,1076626370.0,KOSDAQ,-4.03
032850,비트컴퓨터,4150.0,53375.0,53375.0,221506250.0,221506250.0,KOSDAQ,0.36
067570,엔브이에이치코리아,1634.0,20345.0,20345.0,33243730.0,33243730.0,KOSDAQ,-0.24
054620,APS,3725.0,31818.0,31818.0,118522050.0,118522050.0,KOSDAQ,0.13
096350,대창솔루션,1859.0,62795.0,62795.0,116735905.0,116735905.0,KOSDAQ,0.87
026150,특수건설,3900.0,14296.0,14296.0,55754400.0,55754400.0,KOSDAQ,0.65
117670,알파칩스,10260.0,23512.0,23512.0,241233120.0,241233120.0,KOSDAQ,0.79
076610,해성옵틱스,1122.0,453886.0,453886.0,509260092.0,509260092.0,KOSDAQ,0.0
291650,츌립앤사이언스,2235.0,220350.0,220350.0,492482250.0,492482250.0,KOSDAQ,18.82
417790,트루엔,6510.0,8585.0,8585.0,55888350.0,55888350.0,KOSDAQ,0.0
153710,옵티팜,4640.0,35191.0,35191.0,163286240.0,163286240.0,KOSDAQ,-1.07
228670,레이,4350.0,21491.0,21491.0,93485850.0,93485850.0,KOSDAQ,0.58
460940,피앤에스로보틱스,5050.0,21217.0,21217.0,107145850.0,107145850.0,KOSDAQ,-0.98
109860,동일금속,7440.0,353.0,353.0,2626320.0,2626320.0,KOSDAQ,1.92
337930,젝시믹스,2330.0,91001.0,91001.0,212032330.0,212032330.0,KOSDAQ,-1.89
096250,와이즈넛,5720.0,41792.0,41792.0,239050240.0,239050240.0,KOSDAQ,3.06
019540,일지테크,5000.0,11323.0,11323.0,56615000.0,56615000.0,KOSDAQ,0.0
950220,네오이뮨텍,1972.0,216553.0,216553.0,427042516.0,427042516.0,KOSDAQ,4.06
067370,선바이오,5520.0,503.0,503.0,2776560.0,2776560.0,KOSDAQ,2.41
002800,신신제약,4430.0,8057.0,8057.0,35692510.0,35692510.0,KOSDAQ,0.11
092040,아미코젠,951.0,152488.0,152488.0,145016088.0,145016088.0,KOSDAQ,-1.45
123420,위메이드플레이,6460.0,2521.0,2521.0,16285660.0,16285660.0,KOSDAQ,1.25
204840,지엘팜텍,4330.0,14943.0,14943.0,64703190.0,64703190.0,KOSDAQ,2.73
049550,잉크테크,3425.0,7272.0,7272.0,24906600.0,24906600.0,KOSDAQ,-1.01
318160,셀바이오휴먼텍,7190.0,9699.0,9699.0,69735810.0,69735810.0,KOSDAQ,2.42
137080,나래나노텍,6240.0,6186.0,6186.0,38600640.0,38600640.0,KOSDAQ,2.13
265560,영화테크,6250.0,7505.0,7505.0,46906250.0,46906250.0,KOSDAQ,-0.16
487400,케이앤에스아이앤씨,6510.0,111158.0,111158.0,723638580.0,723638580.0,KOSDAQ,-1.36
061040,알에프텍,7350.0,2800.0,2800.0,20580000.0,20580000.0,KOSDAQ,2.37
155650,와이엠씨,3500.0,52305.0,52305.0,183067500.0,183067500.0,KOSDAQ,1.89
0155E0,해치텍,12090.0,297822.0,297822.0,3600667980.0,3600667980.0,KOSDAQ,0.83
214260,라파스,7400.0,8254.0,8254.0,61079600.0,61079600.0,KOSDAQ,-1.6
040350,크레오에스지,3325.0,71975.0,71975.0,239316875.0,239316875.0,KOSDAQ,-1.77
004780,대륙제관,4140.0,24196.0,24196.0,100171440.0,100171440.0,KOSDAQ,-0.84
347860,알체라,1560.0,818166.0,818166.0,1276338960.0,1276338960.0,KOSDAQ,2.23
262260,에이프로,4355.0,29844.0,29844.0,129970620.0,129970620.0,KOSDAQ,-2.79
187420,HLB제넥스,2010.0,324531.0,324531.0,652307310.0,652307310.0,KOSDAQ,-1.23
0004V0,엔비알모션,5940.0,80762.0,80762.0,479726280.0,479726280.0,KOSDAQ,-0.17
100030,인지소프트,19790.0,7606.0,7606.0,150522740.0,150522740.0,KOSDAQ,-1.79
006140,피제이전자,4355.0,19302.0,19302.0,84060210.0,84060210.0,KOSDAQ,-1.47
456070,이엔셀,5860.0,50485.0,50485.0,295842100.0,295842100.0,KOSDAQ,0.86
014970,삼륭물산,4350.0,12759.0,12759.0,55501650.0,55501650.0,KOSDAQ,1.4
111710,남화산업,3130.0,24252.0,24252.0,75908760.0,75908760.0,KOSDAQ,-2.64
417970,모델솔루션,10040.0,8535.0,8535.0,85691400.0,85691400.0,KOSDAQ,-1.38
067920,이글루,5840.0,34969.0,34969.0,204218960.0,204218960.0,KOSDAQ,1.21
222110,팬젠,4750.0,1521.0,1521.0,7224750.0,7224750.0,KOSDAQ,0.53
089790,제이티,6170.0,112070.0,112070.0,691471900.0,691471900.0,KOSDAQ,2.66
095270,웨이브일렉트로,4420.0,41642.0,41642.0,184057640.0,184057640.0,KOSDAQ,2.55
043650,국순당,3555.0,35931.0,35931.0,127734705.0,127734705.0,KOSDAQ,1.57
049470,비트플래닛,2690.0,85022.0,85022.0,228709180.0,228709180.0,KOSDAQ,4.06
205470,휴마시스,2565.0,29385.0,29385.0,75372525.0,75372525.0,KOSDAQ,0.2
033130,디지틀조선,1702.0,52603.0,52603.0,89530306.0,89530306.0,KOSDAQ,-1.22
041460,한국전자인증,3315.0,13587.0,13587.0,45040905.0,45040905.0,KOSDAQ,1.07
048770,TPC로보틱스,4010.0,222570.0,222570.0,892505700.0,892505700.0,KOSDAQ,-3.49
382480,지아이텍,1599.0,70364.0,70364.0,112512036.0,112512036.0,KOSDAQ,-1.3
089850,유비벨록스,4265.0,6048.0,6048.0,25794720.0,25794720.0,KOSDAQ,2.65
043610,KT지니뮤직,1081.0,105483.0,105483.0,114027123.0,114027123.0,KOSDAQ,-3.31
036000,예림당,2725.0,21206.0,21206.0,57786350.0,57786350.0,KOSDAQ,1.11
0218L0,네오뷰,11890.0,13225.0,13225.0,157245250.0,157245250.0,KOSDAQ,-1.9
0156T0,에이치엘지노믹스,8060.0,79543.0,79543.0,641116580.0,641116580.0,KOSDAQ,-1.1
291230,컴투스엔,2610.0,10800.0,10800.0,28188000.0,28188000.0,KOSDAQ,0.38
424960,스마트레이더시스템,3800.0,9891.0,9891.0,37585800.0,37585800.0,KOSDAQ,0.0
315640,딥노이드,2130.0,164774.0,164774.0,350968620.0,350968620.0,KOSDAQ,2.4
127710,아시아경제,1419.0,88828.0,88828.0,126046932.0,126046932.0,KOSDAQ,2.9
214270,FSN,1381.0,12665.0,12665.0,17490365.0,17490365.0,KOSDAQ,0.8
081150,티플랙스,2575.0,63410.0,63410.0,163280750.0,163280750.0,KOSDAQ,-0.96
241790,티이엠씨씨엔에스,6240.0,45369.0,45369.0,283102560.0,283102560.0,KOSDAQ,-0.16
483350,딜리셔스,2810.0,431419.0,431419.0,1212287390.0,1212287390.0,KOSDAQ,-4.26
331740,아우토크립트,6380.0,16573.0,16573.0,105735740.0,105735740.0,KOSDAQ,0.95
241690,유니테크노,2535.0,27962.0,27962.0,70883670.0,70883670.0,KOSDAQ,0.8
214680,디알텍,3715.0,36682.0,36682.0,136273630.0,136273630.0,KOSDAQ,0.41
126880,제이엔케이글로벌,2675.0,60265.0,60265.0,161208875.0,161208875.0,KOSDAQ,3.28
016250,SGC E&C,12290.0,1583.0,1583.0,19455070.0,19455070.0,KOSDAQ,1.49
352910,오비고,4895.0,4758.0,4758.0,23290410.0,23290410.0,KOSDAQ,0.0
065530,와이어블,1290.0,111203.0,111203.0,143451870.0,143451870.0,KOSDAQ,1.34
104540,코렌텍,4600.0,335131.0,335131.0,1541602600.0,1541602600.0,KOSDAQ,6.6
064240,홈캐스트,1770.0,52753.0,52753.0,93372810.0,93372810.0,KOSDAQ,-0.45
005670,푸드웰,6130.0,49238.0,49238.0,301828940.0,301828940.0,KOSDAQ,-1.92
145170,노브랜드,3625.0,6903760.0,6903760.0,25026130000.0,25026130000.0,KOSDAQ,9.35
082210,옵트론텍,1747.0,24841.0,24841.0,43397227.0,43397227.0,KOSDAQ,2.7
039420,케이엘넷,2660.0,6731.0,6731.0,17904460.0,17904460.0,KOSDAQ,0.76
056360,코위버,6230.0,111523.0,111523.0,694788290.0,694788290.0,KOSDAQ,3.49
065170,비엘팜텍,2185.0,321622.0,321622.0,702744070.0,702744070.0,KOSDAQ,0.69
059270,해성에어로보틱스,5460.0,56287.0,56287.0,307327020.0,307327020.0,KOSDAQ,5.0
008370,원풍,5080.0,2284.0,2284.0,11602720.0,11602720.0,KOSDAQ,-0.39
122350,삼기,1585.0,389468.0,389468.0,617306780.0,617306780.0,KOSDAQ,1.86
010240,흥국,5190.0,3721.0,3721.0,19311990.0,19311990.0,KOSDAQ,0.19
216050,인크로스,4975.0,1775.0,1775.0,8830625.0,8830625.0,KOSDAQ,1.74
066670,디티씨,3245.0,21410.0,21410.0,69475450.0,69475450.0,KOSDAQ,1.09
360350,코셈,11150.0,363082.0,363082.0,4048364300.0,4048364300.0,KOSDAQ,22.53
054300,팬스타엔터프라이즈,1041.0,154859.0,154859.0,161208219.0,161208219.0,KOSDAQ,3.17
014470,부방,1060.0,56397.0,56397.0,59780820.0,59780820.0,KOSDAQ,2.22
463020,뉴엔AI,6710.0,34726.0,34726.0,233011460.0,233011460.0,KOSDAQ,-1.76
900110,딥커머스,5450.0,2349.0,2349.0,12802050.0,12802050.0,KOSDAQ,-0.55
049480,오픈베이스,1918.0,107578.0,107578.0,206334604.0,206334604.0,KOSDAQ,0.1
010470,오리콤,5010.0,1767.0,1767.0,8852670.0,8852670.0,KOSDAQ,-0.4
039020,이건홀딩스,2650.0,103817.0,103817.0,275115050.0,275115050.0,KOSDAQ,-0.38
033310,엠투엔,1497.0,45710.0,45710.0,68427870.0,68427870.0,KOSDAQ,0.74
191420,테고사이언스,7360.0,2983.0,2983.0,21954880.0,21954880.0,KOSDAQ,1.94
046210,HLB파나진,1307.0,425741.0,425741.0,556443487.0,556443487.0,KOSDAQ,1.71
094850,참좋은여행,4250.0,15002.0,15002.0,63758500.0,63758500.0,KOSDAQ,-2.52
221800,지구홀딩스,3635.0,19323.0,19323.0,70239105.0,70239105.0,KOSDAQ,-2.02
025550,한국선재,2320.0,62455.0,62455.0,144895600.0,144895600.0,KOSDAQ,1.98
950200,소마젠,3070.0,89838.0,89838.0,275802660.0,275802660.0,KOSDAQ,1.15
033320,제이씨현시스템,3085.0,35064.0,35064.0,108172440.0,108172440.0,KOSDAQ,0.65
053620,태양,6830.0,903.0,903.0,6167490.0,6167490.0,KOSDAQ,0.74
060310,3S,1106.0,50160.0,50160.0,55476960.0,55476960.0,KOSDAQ,2.31
036090,위지트,1379.0,102107.0,102107.0,140805553.0,140805553.0,KOSDAQ,-0.43
263690,디알젬,5180.0,9076.0,9076.0,47013680.0,47013680.0,KOSDAQ,1.57
448710,코츠테크놀로지,11090.0,14570.0,14570.0,161581300.0,161581300.0,KOSDAQ,1.19
036120,서울평가정보,1663.0,111403.0,111403.0,185263189.0,185263189.0,KOSDAQ,0.6
251630,브이원텍,3665.0,7724.0,7724.0,28308460.0,28308460.0,KOSDAQ,1.1
050960,수산아이앤티,8620.0,339.0,339.0,2922180.0,2922180.0,KOSDAQ,1.41
037440,희림,4175.0,109442.0,109442.0,456920350.0,456920350.0,KOSDAQ,0.85
192250,케이사인,8220.0,36799.0,36799.0,302487780.0,302487780.0,KOSDAQ,1.73
045340,토탈소프트,6780.0,9679.0,9679.0,65623620.0,65623620.0,KOSDAQ,0.3
460870,에스엠씨지,2885.0,25306.0,25306.0,73007810.0,73007810.0,KOSDAQ,-1.54
175140,아고스,2310.0,22994.0,22994.0,53116140.0,53116140.0,KOSDAQ,1.32
299170,더블유에스아이,1387.0,1480706.0,1480706.0,2053739222.0,2053739222.0,KOSDAQ,-3.68
003310,대주산업,1625.0,117019.0,117019.0,190155875.0,190155875.0,KOSDAQ,-1.4
273640,와이엠텍,5210.0,11191.0,11191.0,58305110.0,58305110.0,KOSDAQ,1.36
053050,지에스이,1900.0,57145.0,57145.0,108575500.0,108575500.0,KOSDAQ,0.53
278650,HLB바이오스텝,3255.0,702880.0,702880.0,2287874400.0,2287874400.0,KOSDAQ,-5.38
261520,이지스,5520.0,48217.0,48217.0,266157840.0,266157840.0,KOSDAQ,-2.3
424980,마이크로투나노,9550.0,23213.0,23213.0,221684150.0,221684150.0,KOSDAQ,4.71
081180,쎄크,6400.0,75441.0,75441.0,482822400.0,482822400.0,KOSDAQ,0.79
317530,에피소드컴퍼니,3225.0,21831.0,21831.0,70404975.0,70404975.0,KOSDAQ,-0.77
290660,다이나믹솔루션,1314.0,319274.0,319274.0,419526036.0,419526036.0,KOSDAQ,1.47
333620,엔시스,5110.0,58362.0,58362.0,298229820.0,298229820.0,KOSDAQ,-2.67
215360,우리산업,6150.0,6154.0,6154.0,37847100.0,37847100.0,KOSDAQ,-0.49
007370,진양제약,3970.0,9914.0,9914.0,39358580.0,39358580.0,KOSDAQ,-0.63
238090,앤디포스,1832.0,14105.0,14105.0,25840360.0,25840360.0,KOSDAQ,0.44
365660,레몬헬스케어,4150.0,332113.0,332113.0,1378268950.0,1378268950.0,KOSDAQ,-2.58
033230,인성정보,1102.0,178324.0,178324.0,196513048.0,196513048.0,KOSDAQ,2.42
348150,고바이오랩,2865.0,40694.0,40694.0,116588310.0,116588310.0,KOSDAQ,5.52
464490,쿼드메디슨,4815.0,196065.0,196065.0,944052975.0,944052975.0,KOSDAQ,7.12
036670,삼양케이씨아이,5120.0,1695.0,1695.0,8678400.0,8678400.0,KOSDAQ,0.59
443250,레뷰코퍼레이션,5070.0,9429.0,9429.0,47805030.0,47805030.0,KOSDAQ,-1.36
900300,오가닉티코스메틱,2660.0,80719.0,80719.0,214712540.0,214712540.0,KOSDAQ,-5.0
391710,코닉오토메이션,1278.0,91718.0,91718.0,117215604.0,117215604.0,KOSDAQ,0.31
435570,에르코스,7140.0,3753.0,3753.0,26796420.0,26796420.0,KOSDAQ,0.71
043710,코스리거글로벌,3140.0,5701.0,5701.0,17901140.0,17901140.0,KOSDAQ,5.55
459100,위츠,4030.0,13888.0,13888.0,55968640.0,55968640.0,KOSDAQ,1.26
061250,화일약품,6420.0,6809.0,6809.0,43713780.0,43713780.0,KOSDAQ,0.78
419080,엔젯,4970.0,9842.0,9842.0,48914740.0,48914740.0,KOSDAQ,2.47
263600,덕우전자,3390.0,29463.0,29463.0,99879570.0,99879570.0,KOSDAQ,0.59
040610,SG&G,3150.0,14528.0,14528.0,45763200.0,45763200.0,KOSDAQ,0.16
288180,케이피항공산업,7260.0,14120.0,14120.0,102511200.0,102511200.0,KOSDAQ,-1.36
393210,토마토시스템,3435.0,1792475.0,1792475.0,6157151625.0,6157151625.0,KOSDAQ,-5.11
420570,제이투케이바이오,9140.0,36510.0,36510.0,333701400.0,333701400.0,KOSDAQ,-3.79
088280,쏘닉스,3085.0,62621.0,62621.0,193185785.0,193185785.0,KOSDAQ,-1.75
053270,구영테크,1947.0,14100.0,14100.0,27452700.0,27452700.0,KOSDAQ,-0.15
053160,프리엠스,8870.0,6080.0,6080.0,53929600.0,53929600.0,KOSDAQ,0.34
024950,삼천리자전거,4285.0,11790.0,11790.0,50520150.0,50520150.0,KOSDAQ,1.3
170790,파이오링크,8300.0,6687.0,6687.0,55502100.0,55502100.0,KOSDAQ,-0.6
459550,알트,2105.0,825151.0,825151.0,1736942855.0,1736942855.0,KOSDAQ,-3.66
071670,에이테크솔루션,5280.0,28028.0,28028.0,147987840.0,147987840.0,KOSDAQ,3.13
024910,경창산업,1463.0,32100.0,32100.0,46962300.0,46962300.0,KOSDAQ,-1.22
054930,유신,17400.0,4096.0,4096.0,71270400.0,71270400.0,KOSDAQ,-0.63
457600,벡트,3785.0,95805.0,95805.0,362621925.0,362621925.0,KOSDAQ,-4.18
039240,경남스틸,1922.0,27717.0,27717.0,53272074.0,53272074.0,KOSDAQ,1.85
052790,액토즈소프트,4745.0,61136.0,61136.0,290090320.0,290090320.0,KOSDAQ,0.85
163280,에어레인,3810.0,96067.0,96067.0,366015270.0,366015270.0,KOSDAQ,3.11
317850,대모,6220.0,32222.0,32222.0,200420840.0,200420840.0,KOSDAQ,0.48
109080,옵티시스,9170.0,8410.0,8410.0,77119700.0,77119700.0,KOSDAQ,0.66
104620,노랑풍선,3065.0,37668.0,37668.0,115452420.0,115452420.0,KOSDAQ,-0.65
179530,애드바이오텍,1715.0,146320.0,146320.0,250938800.0,250938800.0,KOSDAQ,-6.69
370090,퓨런티어,5990.0,5601.0,5601.0,33549990.0,33549990.0,KOSDAQ,1.87
355690,에이텀,5350.0,182243.0,182243.0,975000050.0,975000050.0,KOSDAQ,-0.74
314140,알피바이오,5900.0,17573.0,17573.0,103680700.0,103680700.0,KOSDAQ,-0.84
027050,코리아나,1278.0,40107.0,40107.0,51256746.0,51256746.0,KOSDAQ,0.0
064800,포니링크,1998.0,38616.0,38616.0,77154768.0,77154768.0,KOSDAQ,-0.6
105760,포스뱅크,4995.0,5829.0,5829.0,29115855.0,29115855.0,KOSDAQ,-0.5
015710,코콤,2895.0,6566.0,6566.0,19008570.0,19008570.0,KOSDAQ,-0.52
088910,동우팜투테이블,1970.0,50630.0,50630.0,99741100.0,99741100.0,KOSDAQ,-0.86
060560,HC홈센타,1989.0,5700.0,5700.0,11337300.0,11337300.0,KOSDAQ,2.0
340810,시선AI,3610.0,149909.0,149909.0,541171490.0,541171490.0,KOSDAQ,-4.24
092300,현우산업,2490.0,66834.0,66834.0,166416660.0,166416660.0,KOSDAQ,-2.16
246690,TS인베스트먼트,2110.0,46527.0,46527.0,98171970.0,98171970.0,KOSDAQ,-2.99
256630,포인트엔지니어링,4325.0,313.0,313.0,1353725.0,1353725.0,KOSDAQ,0.23
317830,에스피시스템스,4650.0,21100.0,21100.0,98115000.0,98115000.0,KOSDAQ,0.87
347740,피엔케이피부임상연구센타,1668.0,50193.0,50193.0,83721924.0,83721924.0,KOSDAQ,-2.28
0013V0,삼진식품,5030.0,7651.0,7651.0,38484530.0,38484530.0,KOSDAQ,1.0
019990,에너토크,5110.0,23731.0,23731.0,121265410.0,121265410.0,KOSDAQ,1.59
340360,다보링크,923.0,126462.0,126462.0,116724426.0,116724426.0,KOSDAQ,0.0
225190,LK삼양,3510.0,189885.0,189885.0,666496350.0,666496350.0,KOSDAQ,-5.65
063440,SM Life Design,1091.0,55251.0,55251.0,60278841.0,60278841.0,KOSDAQ,1.3
094940,푸른로보틱스,5910.0,35366.0,35366.0,209013060.0,209013060.0,KOSDAQ,0.0
408470,한패스,4670.0,19049.0,19049.0,88958830.0,88958830.0,KOSDAQ,0.43
219550,디와이디,1193.0,18373.0,18373.0,21918989.0,21918989.0,KOSDAQ,0.85
321820,아티스트컴퍼니,3160.0,86315.0,86315.0,272755400.0,272755400.0,KOSDAQ,-0.94
453860,에이에스텍,7640.0,10789.0,10789.0,82427960.0,82427960.0,KOSDAQ,-0.65
046940,우원개발,2720.0,52372.0,52372.0,142451840.0,142451840.0,KOSDAQ,0.93
382150,온코크로스,3735.0,49607.0,49607.0,185282145.0,185282145.0,KOSDAQ,-0.66
376290,씨유테크,2755.0,5310.0,5310.0,14629050.0,14629050.0,KOSDAQ,-4.17
044340,위닉스,2720.0,33521.0,33521.0,91177120.0,91177120.0,KOSDAQ,0.18
122310,제노레이,3330.0,3405.0,3405.0,11338650.0,11338650.0,KOSDAQ,0.76
059100,아이컴포넌트,6850.0,42915.0,42915.0,293967750.0,293967750.0,KOSDAQ,-0.87
311690,CJ 바이오사이언스,3705.0,2117.0,2117.0,7843485.0,7843485.0,KOSDAQ,-0.67
463480,모티브링크,3900.0,11489.0,11489.0,44807100.0,44807100.0,KOSDAQ,0.91
042110,에스씨디,996.0,53337.0,53337.0,53123652.0,53123652.0,KOSDAQ,0.3
348080,큐라티스,3745.0,72869.0,72869.0,272894405.0,272894405.0,KOSDAQ,-2.85
217500,러셀,1509.0,33241.0,33241.0,50160669.0,50160669.0,KOSDAQ,0.67
189860,서전기전,4945.0,58337.0,58337.0,288476465.0,288476465.0,KOSDAQ,3.78
199550,레이저옵텍,3225.0,18977.0,18977.0,61200825.0,61200825.0,KOSDAQ,3.04
452400,이닉스,5270.0,21593.0,21593.0,113795110.0,113795110.0,KOSDAQ,-2.41
179900,유티아이,2215.0,148668.0,148668.0,329299620.0,329299620.0,KOSDAQ,-3.9
014190,원익큐브,1346.0,58784.0,58784.0,79123264.0,79123264.0,KOSDAQ,-1.39
321260,프로이천,1689.0,81510.0,81510.0,137670390.0,137670390.0,KOSDAQ,2.43
033170,시그네틱스,2765.0,215137.0,215137.0,594853805.0,594853805.0,KOSDAQ,1.1
317870,엔바이오니아,5350.0,5186.0,5186.0,27745100.0,27745100.0,KOSDAQ,7.21
232830,아이티센피엔에스,2860.0,203943.0,203943.0,583276980.0,583276980.0,KOSDAQ,4.76
440290,HB인베스트먼트,1714.0,5262.0,5262.0,9019068.0,9019068.0,KOSDAQ,-1.61
053450,세코닉스,3175.0,25119.0,25119.0,79752825.0,79752825.0,KOSDAQ,0.47
471820,셀로맥스사이언스,4145.0,2744.0,2744.0,11373880.0,11373880.0,KOSDAQ,2.85
032960,동일기연,2660.0,96242.0,96242.0,256003720.0,256003720.0,KOSDAQ,-4.32
384470,코어라인소프트,2605.0,68381.0,68381.0,178132505.0,178132505.0,KOSDAQ,-0.19
373200,엑스플러스,1863.0,89973.0,89973.0,167619699.0,167619699.0,KOSDAQ,15.14
083550,케이엠,3425.0,27606.0,27606.0,94550550.0,94550550.0,KOSDAQ,5.06
317690,퀀타매트릭스,2305.0,88080.0,88080.0,203024400.0,203024400.0,KOSDAQ,3.13
189980,흥국에프엔비,1155.0,17079.0,17079.0,19726245.0,19726245.0,KOSDAQ,-1.7
038010,제일테크노스,5150.0,14699.0,14699.0,75699850.0,75699850.0,KOSDAQ,-2.09
263700,케어랩스,2380.0,35150.0,35150.0,83657000.0,83657000.0,KOSDAQ,3.25
051390,YW,4065.0,4380.0,4380.0,17804700.0,17804700.0,KOSDAQ,3.04
050120,ES큐브,3400.0,2713.0,2713.0,9224200.0,9224200.0,KOSDAQ,6.42
073110,엘엠에스,5180.0,1308.0,1308.0,6775440.0,6775440.0,KOSDAQ,-0.58
361570,알비더블유,1601.0,5428.0,5428.0,8690228.0,8690228.0,KOSDAQ,0.38
277070,린드먼아시아,3350.0,21094.0,21094.0,70664900.0,70664900.0,KOSDAQ,-1.03
150900,파수AI,3910.0,52470.0,52470.0,205157700.0,205157700.0,KOSDAQ,-2.01
178780,일월지엠엘,2455.0,6568.0,6568.0,16124440.0,16124440.0,KOSDAQ,0.0
072990,에이치시티,3150.0,16270.0,16270.0,51250500.0,51250500.0,KOSDAQ,1.61
053980,오상자이엘,2405.0,14767.0,14767.0,35514635.0,35514635.0,KOSDAQ,0.0
068330,일신바이오,1030.0,53684.0,53684.0,55294520.0,55294520.0,KOSDAQ,2.59
0010V0,제이피아이헬스케어,8880.0,8531.0,8531.0,75755280.0,75755280.0,KOSDAQ,2.07
065130,탑엔지니어링,2830.0,35974.0,35974.0,101806420.0,101806420.0,KOSDAQ,4.04
373160,데이원컴퍼니,3325.0,5871.0,5871.0,19521075.0,19521075.0,KOSDAQ,-0.3
476040,오가노이드사이언스,6850.0,11407.0,11407.0,78137950.0,78137950.0,KOSDAQ,1.63
094970,제이엠티,2690.0,55718.0,55718.0,149881420.0,149881420.0,KOSDAQ,0.75
143540,영우디에스피,1010.0,31646.0,31646.0,31962460.0,31962460.0,KOSDAQ,0.5
198080,캐프,2090.0,21999.0,21999.0,45977910.0,45977910.0,KOSDAQ,-0.24
072470,우리산업홀딩스,2380.0,4664.0,4664.0,11100320.0,11100320.0,KOSDAQ,-0.63
037950,엘컴텍,2640.0,13836.0,13836.0,36527040.0,36527040.0,KOSDAQ,-1.86
226340,본느,5300.0,393931.0,393931.0,2087834300.0,2087834300.0,KOSDAQ,3.92
258610,케일럼,1216.0,34345.0,34345.0,41763520.0,41763520.0,KOSDAQ,4.47
066130,하츠,3450.0,6682.0,6682.0,23052900.0,23052900.0,KOSDAQ,-0.43
900250,크리스탈신소재,1232.0,44176.0,44176.0,54424832.0,54424832.0,KOSDAQ,0.98
460470,아이빔테크놀로지,2915.0,8854.0,8854.0,25809410.0,25809410.0,KOSDAQ,2.82
114450,그린생명과학,2200.0,57157.0,57157.0,125745400.0,125745400.0,KOSDAQ,-0.9
222420,쎄노텍,904.0,39362.0,39362.0,35583248.0,35583248.0,KOSDAQ,0.0
260930,씨티케이,2260.0,27806.0,27806.0,62841560.0,62841560.0,KOSDAQ,-0.88
196300,HLB펩,4600.0,66947.0,66947.0,307956200.0,307956200.0,KOSDAQ,1.1
042040,케이피엠테크,5010.0,928.0,928.0,4649280.0,4649280.0,KOSDAQ,0.0
099410,동방선기,3100.0,26599.0,26599.0,82456900.0,82456900.0,KOSDAQ,1.14
263020,디케이앤디,3135.0,11745.0,11745.0,36820575.0,36820575.0,KOSDAQ,1.13
479960,위너스일렉,6070.0,7265.0,7265.0,44098550.0,44098550.0,KOSDAQ,0.0
900340,윙입푸드,1212.0,58642.0,58642.0,71074104.0,71074104.0,KOSDAQ,-1.46
466410,사이냅소프트,8550.0,3153.0,3153.0,26958150.0,26958150.0,KOSDAQ,-1.95
082850,우리바이오,4425.0,7194.0,7194.0,31833450.0,31833450.0,KOSDAQ,1.14
307280,원바이오젠,6040.0,12685.0,12685.0,76617400.0,76617400.0,KOSDAQ,2.37
022220,티케이지애강,825.0,2665.0,2665.0,2198625.0,2198625.0,KOSDAQ,-2.37
129890,앱코,934.0,27832.0,27832.0,25995088.0,25995088.0,KOSDAQ,0.86
413640,비아이매트릭스,5890.0,9720.0,9720.0,57250800.0,57250800.0,KOSDAQ,-0.67
140520,대창스틸,2010.0,7777.0,7777.0,15631770.0,15631770.0,KOSDAQ,-0.25
224110,에이텍모빌리티,8300.0,4776.0,4776.0,39640800.0,39640800.0,KOSDAQ,1.47
086060,진바이오텍,4875.0,12529.0,12529.0,61078875.0,61078875.0,KOSDAQ,0.1
256150,한독크린텍,5000.0,6935.0,6935.0,34675000.0,34675000.0,KOSDAQ,0.0
461030,아이엠비디엑스,2925.0,24317.0,24317.0,71127225.0,71127225.0,KOSDAQ,7.93
227950,엔투텍,1210.0,39395.0,39395.0,47667950.0,47667950.0,KOSDAQ,-0.08
261200,덴티스,2640.0,7960.0,7960.0,21014400.0,21014400.0,KOSDAQ,1.73
002290,삼일기업공사,3365.0,8418.0,8418.0,28326570.0,28326570.0,KOSDAQ,1.51
159580,제로투세븐,2080.0,12395.0,12395.0,25781600.0,25781600.0,KOSDAQ,0.0
190650,코리아에셋투자증권,6500.0,1163.0,1163.0,7559500.0,7559500.0,KOSDAQ,0.15
286750,나노실리칸첨단소재,2580.0,22233.0,22233.0,57361140.0,57361140.0,KOSDAQ,-4.8
263810,상신전자,2590.0,32702.0,32702.0,84698180.0,84698180.0,KOSDAQ,0.0
136410,아셈스,3740.0,5393.0,5393.0,20169820.0,20169820.0,KOSDAQ,1.36
056700,신화인터텍,1414.0,17925.0,17925.0,25345950.0,25345950.0,KOSDAQ,-0.14
290670,대보마그네틱,5240.0,4524.0,4524.0,23705760.0,23705760.0,KOSDAQ,0.0
007680,대원,3090.0,10707.0,10707.0,33084630.0,33084630.0,KOSDAQ,-1.12
199480,뱅크웨어글로벌,3995.0,13335.0,13335.0,53273325.0,53273325.0,KOSDAQ,-2.08
189690,포시에스,1482.0,16586.0,16586.0,24580452.0,24580452.0,KOSDAQ,0.14
238120,얼라인드,2835.0,69313.0,69313.0,196502355.0,196502355.0,KOSDAQ,-6.74
452200,민테크,1655.0,55202.0,55202.0,91359310.0,91359310.0,KOSDAQ,0.12
066900,디에이피,1768.0,7437.0,7437.0,13148616.0,13148616.0,KOSDAQ,-1.56
027830,대성창투,743.0,142526.0,142526.0,105896818.0,105896818.0,KOSDAQ,-0.4
465480,인스피언,3945.0,9339.0,9339.0,36842355.0,36842355.0,KOSDAQ,-0.75
203450,유니온바이오메트릭스,2825.0,18156.0,18156.0,51290700.0,51290700.0,KOSDAQ,1.07
037230,한국팩키지,1334.0,15277.0,15277.0,20379518.0,20379518.0,KOSDAQ,0.3
100660,서암기계공업,3155.0,37091.0,37091.0,117022105.0,117022105.0,KOSDAQ,1.77
263770,유에스티,1673.0,35090.0,35090.0,58705570.0,58705570.0,KOSDAQ,1.33
049830,승일,6440.0,1311.0,1311.0,8442840.0,8442840.0,KOSDAQ,1.74
044960,이글벳,3115.0,13581.0,13581.0,42304815.0,42304815.0,KOSDAQ,1.14
221840,하이즈항공,2095.0,10578.0,10578.0,22160910.0,22160910.0,KOSDAQ,2.95
352700,씨앤투스,1486.0,11139.0,11139.0,16552554.0,16552554.0,KOSDAQ,2.13
053950,경남제약,1990.0,80867.0,80867.0,160925330.0,160925330.0,KOSDAQ,-0.35
218150,미래생명자원,1903.0,43478.0,43478.0,82738634.0,82738634.0,KOSDAQ,-0.16
084650,랩지노믹스,2615.0,77929.0,77929.0,203784335.0,203784335.0,KOSDAQ,3.56
065440,이루온,1423.0,112660.0,112660.0,160315180.0,160315180.0,KOSDAQ,1.79
184230,SGA솔루션즈,2060.0,59546.0,59546.0,122664760.0,122664760.0,KOSDAQ,1.48
221980,케이디켐,9610.0,508.0,508.0,4881880.0,4881880.0,KOSDAQ,0.0
250000,보라티알,5740.0,583.0,583.0,3346420.0,3346420.0,KOSDAQ,4.36
450330,하스,4730.0,9184.0,9184.0,43440320.0,43440320.0,KOSDAQ,2.16
025880,케이씨피드,2305.0,26857.0,26857.0,61905385.0,61905385.0,KOSDAQ,0.22
019770,서연탑메탈,3305.0,9854.0,9854.0,32567470.0,32567470.0,KOSDAQ,2.64
097870,효성오앤비,4530.0,3578.0,3578.0,16208340.0,16208340.0,KOSDAQ,4.02
081580,성우전자,2475.0,46703.0,46703.0,115589925.0,115589925.0,KOSDAQ,3.99
050860,아세아텍,1703.0,20672.0,20672.0,35204416.0,35204416.0,KOSDAQ,1.31
052220,iMBC,1659.0,33897.0,33897.0,56235123.0,56235123.0,KOSDAQ,0.06
007530,와이엠,1705.0,20805.0,20805.0,35472525.0,35472525.0,KOSDAQ,-3.94
054780,키이스트,1927.0,126782.0,126782.0,244308914.0,244308914.0,KOSDAQ,8.56
045510,정원엔시스,1196.0,105836.0,105836.0,126579856.0,126579856.0,KOSDAQ,-1.24
234100,폴라리스세원,2575.0,13988.0,13988.0,36019100.0,36019100.0,KOSDAQ,-2.28
046310,백금T&A,2290.0,9042.0,9042.0,20706180.0,20706180.0,KOSDAQ,0.0
101240,씨큐브,3305.0,3905.0,3905.0,12906025.0,12906025.0,KOSDAQ,-0.9
215380,콜마바이오텍,2230.0,26342.0,26342.0,58742660.0,58742660.0,KOSDAQ,0.45
258790,소프트캠프,7480.0,26681.0,26681.0,199573880.0,199573880.0,KOSDAQ,-0.93
273060,와이즈버즈,3800.0,15318.0,15318.0,58208400.0,58208400.0,KOSDAQ,-1.55
037370,EG,4330.0,9332.0,9332.0,40407560.0,40407560.0,KOSDAQ,2.85
219420,링크제니시스,3240.0,17814.0,17814.0,57717360.0,57717360.0,KOSDAQ,1.89
122690,서진오토모티브,1605.0,35477.0,35477.0,56940585.0,56940585.0,KOSDAQ,-1.05
038070,서린바이오,3940.0,6548.0,6548.0,25799120.0,25799120.0,KOSDAQ,1.03
035460,기산텔레콤,2455.0,121291.0,121291.0,297769405.0,297769405.0,KOSDAQ,1.45
208710,포톤,2775.0,37354.0,37354.0,103657350.0,103657350.0,KOSDAQ,-0.89
065500,오리엔트정공,1023.0,58676.0,58676.0,60025548.0,60025548.0,KOSDAQ,0.59
043910,자연과환경,3215.0,9496.0,9496.0,30529640.0,30529640.0,KOSDAQ,0.94
046390,삼화네트웍스,2110.0,9602.0,9602.0,20260220.0,20260220.0,KOSDAQ,2.18
171010,램테크놀러지,2545.0,14122.0,14122.0,35940490.0,35940490.0,KOSDAQ,0.39
121890,에스디시스템,2735.0,61981.0,61981.0,169518035.0,169518035.0,KOSDAQ,0.55
363250,진시스템,4270.0,5544.0,5544.0,23672880.0,23672880.0,KOSDAQ,3.02
123570,이엠넷,1623.0,3320.0,3320.0,5388360.0,5388360.0,KOSDAQ,-0.37
086040,바이오톡스텍,2255.0,13141.0,13141.0,29632955.0,29632955.0,KOSDAQ,0.67
039290,인포뱅크,4120.0,10470.0,10470.0,43136400.0,43136400.0,KOSDAQ,1.1
318410,비비씨,6440.0,1537.0,1537.0,9898280.0,9898280.0,KOSDAQ,-0.16
446840,지슨,3245.0,12435.0,12435.0,40351575.0,40351575.0,KOSDAQ,2.69
387570,파인메딕스,6350.0,9298.0,9298.0,59042300.0,59042300.0,KOSDAQ,1.44
051490,나라엠앤디,2515.0,12706.0,12706.0,31955590.0,31955590.0,KOSDAQ,1.62
066360,체리부로,1485.0,28024.0,28024.0,41615640.0,41615640.0,KOSDAQ,-0.13
045060,오공,2100.0,23540.0,23540.0,49434000.0,49434000.0,KOSDAQ,0.72
239890,피엔에이치테크,3580.0,48093.0,48093.0,172172940.0,172172940.0,KOSDAQ,-0.14
042940,상지건설,5200.0,30482.0,30482.0,158506400.0,158506400.0,KOSDAQ,-1.33
406820,뷰티스킨,2500.0,574347.0,574347.0,1435867500.0,1435867500.0,KOSDAQ,1.63
060850,영림원소프트랩,4345.0,3344.0,3344.0,14529680.0,14529680.0,KOSDAQ,0.12
196450,코아시아씨엠,3895.0,7772.0,7772.0,30271940.0,30271940.0,KOSDAQ,-0.13
106240,파인테크닉스,1328.0,29006.0,29006.0,38519968.0,38519968.0,KOSDAQ,1.84
024120,KB오토시스,3065.0,5726.0,5726.0,17550190.0,17550190.0,KOSDAQ,0.33
260660,알리코제약,2295.0,12930.0,12930.0,29674350.0,29674350.0,KOSDAQ,0.22
332290,누보,4430.0,28731.0,28731.0,127278330.0,127278330.0,KOSDAQ,2.9
014570,고려제약,3190.0,2058.0,2058.0,6565020.0,6565020.0,KOSDAQ,-1.85
026040,제이에스티나,2110.0,35968.0,35968.0,75892480.0,75892480.0,KOSDAQ,2.93
060540,에스에이티,1329.0,38856.0,38856.0,51639624.0,51639624.0,KOSDAQ,-1.41
186230,그린플러스,3175.0,6486.0,6486.0,20593050.0,20593050.0,KOSDAQ,0.47
0010F0,보원케미칼,3110.0,6552578.0,6552578.0,20378517580.0,20378517580.0,KOSDAQ,-1.74
204020,그리티,1781.0,6955.0,6955.0,12386855.0,12386855.0,KOSDAQ,-0.34
169330,엠브레인,1885.0,182189.0,182189.0,343426265.0,343426265.0,KOSDAQ,7.78
075130,플랜티넷,2135.0,7008.0,7008.0,14962080.0,14962080.0,KOSDAQ,0.71
177900,쓰리에이로직스,3575.0,26940.0,26940.0,96310500.0,96310500.0,KOSDAQ,-1.79
452300,캡스톤파트너스,2420.0,32273.0,32273.0,78100660.0,78100660.0,KOSDAQ,0.62
057030,YBM넷,2100.0,20601.0,20601.0,43262100.0,43262100.0,KOSDAQ,1.45
207760,미스터블루,2040.0,10220.0,10220.0,20848800.0,20848800.0,KOSDAQ,-0.24
397810,애드포러스,6560.0,1129.0,1129.0,7406240.0,7406240.0,KOSDAQ,1.86
434480,모니터랩,2750.0,41019.0,41019.0,112802250.0,112802250.0,KOSDAQ,-0.54
310870,디와이씨,1541.0,135429.0,135429.0,208696089.0,208696089.0,KOSDAQ,1.18
432430,와이랩,2045.0,9909.0,9909.0,20263905.0,20263905.0,KOSDAQ,0.25
290120,DH오토리드,2130.0,41762.0,41762.0,88953060.0,88953060.0,KOSDAQ,-2.29
153460,네이블,5160.0,9935.0,9935.0,51264600.0,51264600.0,KOSDAQ,-3.37
206400,베노티앤알,896.0,524426.0,524426.0,469885696.0,469885696.0,KOSDAQ,-2.08
290090,트윔,4515.0,1320.0,1320.0,5959800.0,5959800.0,KOSDAQ,2.27
064520,테크엘,1490.0,22249.0,22249.0,33151010.0,33151010.0,KOSDAQ,-0.47
215090,솔디펜스,1438.0,48289.0,48289.0,69439582.0,69439582.0,KOSDAQ,0.77
131090,시큐브,4345.0,19753.0,19753.0,85826785.0,85826785.0,KOSDAQ,0.35
335810,프리시젼바이오,1515.0,11530.0,11530.0,17467950.0,17467950.0,KOSDAQ,1.2
052600,한네트,2870.0,4705.0,4705.0,13503350.0,13503350.0,KOSDAQ,0.0
220180,폴라리스AI핸디,1384.0,4183.0,4183.0,5789272.0,5789272.0,KOSDAQ,1.62
476080,M83,4090.0,5599.0,5599.0,22899910.0,22899910.0,KOSDAQ,0.25
099220,SDN,5230.0,19371.0,19371.0,101310330.0,101310330.0,KOSDAQ,-0.19
104200,NHN벅스,2215.0,49117.0,49117.0,108794155.0,108794155.0,KOSDAQ,0.68
208860,다산디엠씨,9660.0,2746.0,2746.0,26526360.0,26526360.0,KOSDAQ,-1.02
032790,엠젠솔루션,1273.0,65690.0,65690.0,83623370.0,83623370.0,KOSDAQ,-0.16
431190,케이쓰리아이,4350.0,75065.0,75065.0,326532750.0,326532750.0,KOSDAQ,3.57
068050,팬엔터테인먼트,1175.0,5273.0,5273.0,6195775.0,6195775.0,KOSDAQ,-0.59
311390,네오크레마,2570.0,38563.0,38563.0,99106910.0,99106910.0,KOSDAQ,0.98
270520,앱튼,810.0,14745482.0,14745482.0,11943840420.0,11943840420.0,KOSDAQ,-18.26
087600,픽셀플러스,3970.0,902.0,902.0,3580940.0,3580940.0,KOSDAQ,2.19
089140,넥스턴앤롤코리아,2115.0,6885.0,6885.0,14561775.0,14561775.0,KOSDAQ,3.17
006920,모헨즈,2965.0,23638.0,23638.0,70086670.0,70086670.0,KOSDAQ,-0.5
021650,한국큐빅,1973.0,6909.0,6909.0,13631457.0,13631457.0,KOSDAQ,-1.35
031510,오스템,1152.0,17706.0,17706.0,20397312.0,20397312.0,KOSDAQ,0.35
200780,비씨월드제약,3015.0,5651.0,5651.0,17037765.0,17037765.0,KOSDAQ,0.5
033830,티비씨,1700.0,4360.0,4360.0,7412000.0,7412000.0,KOSDAQ,1.61
462510,라메디텍,3650.0,898931.0,898931.0,3281098150.0,3281098150.0,KOSDAQ,-9.54
900270,헝셩그룹,2575.0,83150.0,83150.0,214111250.0,214111250.0,KOSDAQ,-2.65
408900,스튜디오미르,979.0,35964.0,35964.0,35208756.0,35208756.0,KOSDAQ,-0.41
417860,오브젠,6810.0,4028.0,4028.0,27430680.0,27430680.0,KOSDAQ,0.89
080520,오디텍,2830.0,16857.0,16857.0,47705310.0,47705310.0,KOSDAQ,-2.41
012620,원일특강,7270.0,1794.0,1794.0,13042380.0,13042380.0,KOSDAQ,2.11
065950,웰크론,1131.0,30763.0,30763.0,34792953.0,34792953.0,KOSDAQ,0.53
296640,이노에이엑스,6160.0,3493.0,3493.0,21516880.0,21516880.0,KOSDAQ,-1.91
153490,우리이앤엘하루틴,3095.0,6242.0,6242.0,19318990.0,19318990.0,KOSDAQ,-0.96
093380,풍강,3225.0,56711.0,56711.0,182892975.0,182892975.0,KOSDAQ,0.94
318020,포인트모바일,2590.0,13708.0,13708.0,35503720.0,35503720.0,KOSDAQ,0.97
419120,산돌,2240.0,6604.0,6604.0,14792960.0,14792960.0,KOSDAQ,0.67
025440,DH오토웨어,3250.0,723.0,723.0,2349750.0,2349750.0,KOSDAQ,-0.76
270870,뉴트리,3525.0,4089.0,4089.0,14413725.0,14413725.0,KOSDAQ,-1.4
090410,덕신이피씨,3440.0,28355.0,28355.0,97541200.0,97541200.0,KOSDAQ,-0.58
133750,메가엠디,1352.0,6966.0,6966.0,9418032.0,9418032.0,KOSDAQ,-1.17
226330,신테카바이오,1300.0,84351.0,84351.0,109656300.0,109656300.0,KOSDAQ,-2.55
099390,브레인즈컴퍼니,3820.0,6478.0,6478.0,24745960.0,24745960.0,KOSDAQ,3.52
127980,화인써키트,2645.0,2559.0,2559.0,6768555.0,6768555.0,KOSDAQ,-0.19
091340,S&K폴리텍,2675.0,27175.0,27175.0,72693125.0,72693125.0,KOSDAQ,0.94
159910,에코글로우,2980.0,8991.0,8991.0,26793180.0,26793180.0,KOSDAQ,0.0
263920,휴엠앤씨,3175.0,2332.0,2332.0,7404100.0,7404100.0,KOSDAQ,1.44
271830,팸텍,1054.0,34339.0,34339.0,36193306.0,36193306.0,KOSDAQ,2.33
016600,큐캐피탈,2220.0,34486.0,34486.0,76558920.0,76558920.0,KOSDAQ,-2.2
109820,진매트릭스,1516.0,25802.0,25802.0,39115832.0,39115832.0,KOSDAQ,-1.17
430690,한싹,2830.0,62235.0,62235.0,176125050.0,176125050.0,KOSDAQ,-3.41
038870,에코심플렉스,2200.0,11118.0,11118.0,24459600.0,24459600.0,KOSDAQ,0.0
444530,심플랫폼,4785.0,8111.0,8111.0,38811135.0,38811135.0,KOSDAQ,3.01
075970,동국알앤에스,1669.0,5814.0,5814.0,9703566.0,9703566.0,KOSDAQ,2.39
173940,에프엔씨엔터,1994.0,20682.0,20682.0,41239908.0,41239908.0,KOSDAQ,0.71
070590,인티큐브,2210.0,11896.0,11896.0,26290160.0,26290160.0,KOSDAQ,0.68
197140,디지캡,2355.0,13341.0,13341.0,31418055.0,31418055.0,KOSDAQ,-0.21
148930,에이치와이티씨,3000.0,8980.0,8980.0,26940000.0,26940000.0,KOSDAQ,-3.07
376980,원티드랩,3125.0,8107.0,8107.0,25334375.0,25334375.0,KOSDAQ,1.79
900070,글로벌에스엠,1131.0,9531633.0,9531633.0,10780276923.0,10780276923.0,KOSDAQ,14.47
336060,웨이버스,3155.0,22916.0,22916.0,72299980.0,72299980.0,KOSDAQ,1.94
037330,인지디스플레,691.0,12933.0,12933.0,8936703.0,8936703.0,KOSDAQ,-0.29
064480,브리지텍,2535.0,18658.0,18658.0,47298030.0,47298030.0,KOSDAQ,0.6
038620,위즈코프,2000.0,59688.0,59688.0,119376000.0,119376000.0,KOSDAQ,0.0
356890,싸이버원,2530.0,15710.0,15710.0,39746300.0,39746300.0,KOSDAQ,0.2
462980,아이지넷,1656.0,9991.0,9991.0,16545096.0,16545096.0,KOSDAQ,1.6
464280,티디에스팜,5460.0,3054.0,3054.0,16674840.0,16674840.0,KOSDAQ,0.74
262840,아이퀘스트,2855.0,29188.0,29188.0,83331740.0,83331740.0,KOSDAQ,-0.35
038950,파인디지털,2950.0,94.0,94.0,277300.0,277300.0,KOSDAQ,-1.67
071850,캐스텍코리아,1239.0,12575.0,12575.0,15580425.0,15580425.0,KOSDAQ,0.0
020180,대신정보통신,3905.0,13814.0,13814.0,53943670.0,53943670.0,KOSDAQ,-0.38
462310,뉴키즈온,3795.0,10239.0,10239.0,38857005.0,38857005.0,KOSDAQ,-1.43
369370,블리츠웨이엔터테인먼트,3005.0,15007.0,15007.0,45096035.0,45096035.0,KOSDAQ,0.0
049120,파인디앤씨,2825.0,13034.0,13034.0,36821050.0,36821050.0,KOSDAQ,1.8
073570,리튬포어스,2470.0,76435.0,76435.0,188794450.0,188794450.0,KOSDAQ,-0.8
452160,제이엔비,3090.0,9828.0,9828.0,30368520.0,30368520.0,KOSDAQ,3.87
464580,닷밀,1611.0,67372.0,67372.0,108536292.0,108536292.0,KOSDAQ,4.34
097780,에코볼트,1460.0,10503.0,10503.0,15334380.0,15334380.0,KOSDAQ,-2.54
388610,지에프씨생명과학,5540.0,2105.0,2105.0,11661700.0,11661700.0,KOSDAQ,-0.18
237820,플레이디,2300.0,11014.0,11014.0,25332200.0,25332200.0,KOSDAQ,0.0
073540,에프알텍,2585.0,27660.0,27660.0,71501100.0,71501100.0,KOSDAQ,2.78
033540,파라텍,2805.0,11602.0,11602.0,32543610.0,32543610.0,KOSDAQ,-0.53
079170,한창산업,5630.0,2814.0,2814.0,15842820.0,15842820.0,KOSDAQ,2.36
317240,TS트릴리온,1003.0,56679.0,56679.0,56849037.0,56849037.0,KOSDAQ,0.1
043340,에쎈테크,615.0,30435.0,30435.0,18717525.0,18717525.0,KOSDAQ,-2.38
367000,플래티어,3470.0,2175.0,2175.0,7547250.0,7547250.0,KOSDAQ,4.68
368970,오에스피,2580.0,37717.0,37717.0,97309860.0,97309860.0,KOSDAQ,-3.19
318010,팜스빌,3650.0,556.0,556.0,2029400.0,2029400.0,KOSDAQ,3.99
377030,비트맥스,2025.0,5705.0,5705.0,11552625.0,11552625.0,KOSDAQ,-0.25
128540,에코캡,1080.0,44332.0,44332.0,47878560.0,47878560.0,KOSDAQ,-0.18
045300,성우테크론,2730.0,16194.0,16194.0,44209620.0,44209620.0,KOSDAQ,1.11
072770,멤레이비티,693.0,150742.0,150742.0,104464206.0,104464206.0,KOSDAQ,-1.56
187270,신화콘텍,2835.0,5023.0,5023.0,14240205.0,14240205.0,KOSDAQ,0.71
200350,아티스트스튜디오,2870.0,38273.0,38273.0,109843510.0,109843510.0,KOSDAQ,-2.21
198940,한주라이트메탈,1438.0,80917.0,80917.0,116358646.0,116358646.0,KOSDAQ,-0.07
300120,라온피플,2890.0,49293.0,49293.0,142456770.0,142456770.0,KOSDAQ,-2.36
008470,부스타,1700.0,39147.0,39147.0,66549900.0,66549900.0,KOSDAQ,2.53
109960,앱토크롬,1887.0,670.0,670.0,1264290.0,1264290.0,KOSDAQ,1.23
188260,세니젠,2050.0,21256.0,21256.0,43574800.0,43574800.0,KOSDAQ,-3.76
236810,엔비티,1678.0,16744.0,16744.0,28096432.0,28096432.0,KOSDAQ,-0.77
019570,GMI벤처,2980.0,7256.0,7256.0,21622880.0,21622880.0,KOSDAQ,1.19
364950,에이아이코리아,3410.0,30258.0,30258.0,103179780.0,103179780.0,KOSDAQ,3.81
225220,제놀루션,1472.0,29343.0,29343.0,43192896.0,43192896.0,KOSDAQ,1.38
160550,NEW,1012.0,61245.0,61245.0,61979940.0,61979940.0,KOSDAQ,-1.94
088340,유라클,6470.0,7929.0,7929.0,51300630.0,51300630.0,KOSDAQ,-0.77
333050,이노테나,5730.0,15273.0,15273.0,87514290.0,87514290.0,KOSDAQ,1.96
239610,에이치엘사이언스,5230.0,165.0,165.0,862950.0,862950.0,KOSDAQ,0.0
130500,GH신소재,1937.0,8057.0,8057.0,15606409.0,15606409.0,KOSDAQ,1.52
407400,꿈비,1925.0,19379.0,19379.0,37304575.0,37304575.0,KOSDAQ,0.84
031310,아이즈비전,944.0,54388.0,54388.0,51342272.0,51342272.0,KOSDAQ,0.11
007770,한일화학,8000.0,758.0,758.0,6064000.0,6064000.0,KOSDAQ,2.17
450520,인스웨이브,1909.0,9964.0,9964.0,19021276.0,19021276.0,KOSDAQ,1.65
048470,대동스틸,2905.0,130155.0,130155.0,378100275.0,378100275.0,KOSDAQ,5.83
119500,포메탈,2365.0,13747.0,13747.0,32511655.0,32511655.0,KOSDAQ,0.64
115480,씨유메디칼,2295.0,5676.0,5676.0,13026420.0,13026420.0,KOSDAQ,2.0
290560,파라택시스이더리움,1244.0,52038.0,52038.0,64735272.0,64735272.0,KOSDAQ,1.22
068100,케이웨더,2330.0,7594.0,7594.0,17694020.0,17694020.0,KOSDAQ,-1.48
148250,알엔투테크놀로지,2040.0,25346.0,25346.0,51705840.0,51705840.0,KOSDAQ,1.49
114630,폴라리스우노,1610.0,8440.0,8440.0,13588400.0,13588400.0,KOSDAQ,1.19
089150,케이씨티,1610.0,14264.0,14264.0,22965040.0,22965040.0,KOSDAQ,-0.12
297570,아틀라스링크,3985.0,9269.0,9269.0,36936965.0,36936965.0,KOSDAQ,-0.5
080530,코디,2485.0,4123.0,4123.0,10245655.0,10245655.0,KOSDAQ,3.11
067010,이씨에스,2525.0,43366.0,43366.0,109499150.0,109499150.0,KOSDAQ,0.2
066910,손오공,1783.0,25986.0,25986.0,46333038.0,46333038.0,KOSDAQ,0.0
288620,에스프리즘,3910.0,22821.0,22821.0,89230110.0,89230110.0,KOSDAQ,1.56
195500,마니커에프앤지,1703.0,28018.0,28018.0,47714654.0,47714654.0,KOSDAQ,0.24
351330,이삭엔지니어링,3280.0,14946.0,14946.0,49022880.0,49022880.0,KOSDAQ,-1.8
348030,모비릭스,2820.0,5341.0,5341.0,15061620.0,15061620.0,KOSDAQ,6.02
002680,한탑,3490.0,225838.0,225838.0,788174620.0,788174620.0,KOSDAQ,10.27
096630,에스코넥,1703.0,16499.0,16499.0,28097797.0,28097797.0,KOSDAQ,1.13
101670,하이드로리튬,476.0,407277.0,407277.0,193863852.0,193863852.0,KOSDAQ,0.0
016920,카스,1050.0,16206.0,16206.0,17016300.0,17016300.0,KOSDAQ,-0.76
017000,신원종합개발,2310.0,17788.0,17788.0,41090280.0,41090280.0,KOSDAQ,0.0
359090,씨엔알리서치,2345.0,8729.0,8729.0,20469505.0,20469505.0,KOSDAQ,0.0
373170,엠아이큐브솔루션,1783.0,12096.0,12096.0,21567168.0,21567168.0,KOSDAQ,0.62
322780,코퍼스코리아,1791.0,70519.0,70519.0,126299529.0,126299529.0,KOSDAQ,6.16
078590,휴림에이텍,2685.0,33054.0,33054.0,88749990.0,88749990.0,KOSDAQ,-1.65
900310,컬러레이,2090.0,3760.0,3760.0,7858400.0,7858400.0,KOSDAQ,1.7
057680,티사이언티픽,1693.0,18568.0,18568.0,31435624.0,31435624.0,KOSDAQ,-0.59
016670,디모아,2620.0,19526.0,19526.0,51158120.0,51158120.0,KOSDAQ,3.56
096690,에이루트,6610.0,1833.0,1833.0,12116130.0,12116130.0,KOSDAQ,5.76
069410,엔텔스,2595.0,11921.0,11921.0,30934995.0,30934995.0,KOSDAQ,1.57
013720,청보,2185.0,7199.0,7199.0,15729815.0,15729815.0,KOSDAQ,0.69
139670,키네마스터,1880.0,11239.0,11239.0,21129320.0,21129320.0,KOSDAQ,-0.53
398120,에스지헬스케어,2240.0,112391.0,112391.0,251755840.0,251755840.0,KOSDAQ,9.54
215790,이노인스트루먼트,657.0,609913.0,609913.0,400712841.0,400712841.0,KOSDAQ,-0.9
032750,삼진,2930.0,5292.0,5292.0,15505560.0,15505560.0,KOSDAQ,0.51
140430,카티스,2475.0,69534.0,69534.0,172096650.0,172096650.0,KOSDAQ,-0.8
123840,뉴온,1700.0,3072.0,3072.0,5222400.0,5222400.0,KOSDAQ,1.37
290270,휴네시온,2740.0,16853.0,16853.0,46177220.0,46177220.0,KOSDAQ,-0.54
079000,와토스코리아,3650.0,5005.0,5005.0,18268250.0,18268250.0,KOSDAQ,-0.27
069140,누리플랜,1738.0,11052.0,11052.0,19208376.0,19208376.0,KOSDAQ,-0.97
328380,솔트웨어,3820.0,6289.0,6289.0,24023980.0,24023980.0,KOSDAQ,-1.42
047080,한빛소프트,1050.0,20860.0,20860.0,21903000.0,21903000.0,KOSDAQ,0.29
131220,대한과학,3495.0,2469.0,2469.0,8629155.0,8629155.0,KOSDAQ,-0.99
052300,오션인더블유,1602.0,561446.0,561446.0,899436492.0,899436492.0,KOSDAQ,1.07
091970,LSK아이로봇,3450.0,12015.0,12015.0,41451750.0,41451750.0,KOSDAQ,-1.85
134060,이퓨쳐,5450.0,2495.0,2495.0,13597750.0,13597750.0,KOSDAQ,0.0
138070,신진에스엠,1485.0,10642.0,10642.0,15803370.0,15803370.0,KOSDAQ,0.34
115530,씨엔플러스,3020.0,61317.0,61317.0,185177340.0,185177340.0,KOSDAQ,-4.28
079190,케스피온,1272.0,32729.0,32729.0,41631288.0,41631288.0,KOSDAQ,-4.79
053290,NE능률,1564.0,1830.0,1830.0,2862120.0,2862120.0,KOSDAQ,-0.19
043200,파루,1236.0,56725.0,56725.0,70112100.0,70112100.0,KOSDAQ,-0.96
103840,우양,1577.0,25121.0,25121.0,39615817.0,39615817.0,KOSDAQ,0.06
376180,피코그램,1390.0,11007.0,11007.0,15299730.0,15299730.0,KOSDAQ,1.98
193250,링크드,1927.0,19056.0,19056.0,36720912.0,36720912.0,KOSDAQ,0.26
027040,서울전자통신,1848.0,165271.0,165271.0,305420808.0,305420808.0,KOSDAQ,-0.27
033050,제이엠아이,806.0,12773.0,12773.0,10295038.0,10295038.0,KOSDAQ,0.25
016100,리더스코스메틱,1341.0,27467.0,27467.0,36833247.0,36833247.0,KOSDAQ,4.6
001810,무림SP,1157.0,10734.0,10734.0,12419238.0,12419238.0,KOSDAQ,0.26
363260,모비데이즈,3965.0,12499.0,12499.0,49558535.0,49558535.0,KOSDAQ,-0.87
389680,유디엠텍,3060.0,74248.0,74248.0,227198880.0,227198880.0,KOSDAQ,4.08
083660,CSA 코스믹,1461.0,23521.0,23521.0,34364181.0,34364181.0,KOSDAQ,7.19
101680,한국정밀기계,3010.0,15980.0,15980.0,48099800.0,48099800.0,KOSDAQ,0.33
060380,동양에스텍,1284.0,27750.0,27750.0,35631000.0,35631000.0,KOSDAQ,0.31
054090,삼진엘앤디,1011.0,28615.0,28615.0,28929765.0,28929765.0,KOSDAQ,1.1
146060,율촌,1049.0,41704.0,41704.0,43747496.0,43747496.0,KOSDAQ,1.16
383930,디티앤씨알오,1968.0,57780.0,57780.0,113711040.0,113711040.0,KOSDAQ,4.18
290520,신도기연,1598.0,134116.0,134116.0,214317368.0,214317368.0,KOSDAQ,1.78
238490,힘스,2220.0,6420.0,6420.0,14252400.0,14252400.0,KOSDAQ,-1.11
351870,차이커뮤니케이션,2245.0,19975.0,19975.0,44843875.0,44843875.0,KOSDAQ,-4.06
105550,엣지파운드리,1598.0,13206.0,13206.0,21103188.0,21103188.0,KOSDAQ,-0.68
458350,에스팀,2880.0,32210.0,32210.0,92764800.0,92764800.0,KOSDAQ,-2.7
090150,아이윈,5920.0,9871.0,9871.0,58436320.0,58436320.0,KOSDAQ,1.2
069920,엑시온그룹,1087.0,299722.0,299722.0,325797814.0,325797814.0,KOSDAQ,-6.29
044780,에이치케이,1327.0,32186.0,32186.0,42710822.0,42710822.0,KOSDAQ,-0.08
191410,육일씨엔에쓰,1580.0,176536.0,176536.0,278926880.0,278926880.0,KOSDAQ,12.94
021880,메이슨캐피탈,1154.0,8908.0,8908.0,10279832.0,10279832.0,KOSDAQ,-0.43
083640,인콘,5320.0,6312.0,6312.0,33579840.0,33579840.0,KOSDAQ,-0.19
131180,딜리,4155.0,4786.0,4786.0,19885830.0,19885830.0,KOSDAQ,-0.36
123750,알톤,1757.0,16158.0,16158.0,28389606.0,28389606.0,KOSDAQ,-3.09
101400,엔시트론,1601.0,138704.0,138704.0,222065104.0,222065104.0,KOSDAQ,-0.93
355390,크라우드웍스,1525.0,176483.0,176483.0,269136575.0,269136575.0,KOSDAQ,-1.04
222980,한국맥널티,2190.0,4697.0,4697.0,10286430.0,10286430.0,KOSDAQ,3.55
038880,아이에이,3205.0,17153.0,17153.0,54975365.0,54975365.0,KOSDAQ,-3.9
148780,비큐AI,3820.0,42581.0,42581.0,162659420.0,162659420.0,KOSDAQ,0.13
224060,더코디,4655.0,470021.0,470021.0,2187947755.0,2187947755.0,KOSDAQ,-3.12
415380,스튜디오삼익,2095.0,25013.0,25013.0,52402235.0,52402235.0,KOSDAQ,-0.95
035200,프럼파스트,2600.0,17843.0,17843.0,46391800.0,46391800.0,KOSDAQ,0.0
206560,덱스터,942.0,36411.0,36411.0,34299162.0,34299162.0,KOSDAQ,-0.74
020400,대동금속,2635.0,13255.0,13255.0,34926925.0,34926925.0,KOSDAQ,3.74
060230,제이케이시냅스,1221.0,54538.0,54538.0,66590898.0,66590898.0,KOSDAQ,-0.73
257370,피엔티엠에스,1900.0,16182.0,16182.0,30745800.0,30745800.0,KOSDAQ,4.97
464500,아이언디바이스,1697.0,15251.0,15251.0,25880947.0,25880947.0,KOSDAQ,1.13
076080,웰크론한텍,1049.0,64606.0,64606.0,67771694.0,67771694.0,KOSDAQ,-1.96
208350,지란지교시큐리티,2920.0,10976.0,10976.0,32049920.0,32049920.0,KOSDAQ,-0.85
318000,KBG,2705.0,7713.0,7713.0,20863665.0,20863665.0,KOSDAQ,0.56
177830,파버나인,2085.0,11813.0,11813.0,24630105.0,24630105.0,KOSDAQ,-0.71
058110,멕아이씨에스,1471.0,25806.0,25806.0,37960626.0,37960626.0,KOSDAQ,0.0
405920,나라셀라,1831.0,8542.0,8542.0,15640402.0,15640402.0,KOSDAQ,3.15
039740,한국정보공학,2925.0,7375.0,7375.0,21571875.0,21571875.0,KOSDAQ,-1.85
417180,핑거스토리,4090.0,1489.0,1489.0,6090010.0,6090010.0,KOSDAQ,5.55
188040,바이오포트,4980.0,2844.0,2844.0,14163120.0,14163120.0,KOSDAQ,-0.1
429270,시지트로닉스,3240.0,34092.0,34092.0,110458080.0,110458080.0,KOSDAQ,1.09
032680,소프트센,1010.0,142556.0,142556.0,143981560.0,143981560.0,KOSDAQ,-3.44
267790,배럴,3020.0,4598.0,4598.0,13885960.0,13885960.0,KOSDAQ,0.0
475660,에스켐,2925.0,29423.0,29423.0,86062275.0,86062275.0,KOSDAQ,-5.65
027580,상보,1955.0,47081.0,47081.0,92043355.0,92043355.0,KOSDAQ,5.05
115160,휴맥스,5360.0,4146.0,4146.0,22222560.0,22222560.0,KOSDAQ,0.75
023790,동일스틸럭스,1764.0,3236042.0,3236042.0,5708378088.0,5708378088.0,KOSDAQ,29.99
378800,샤페론,2490.0,92974.0,92974.0,231505260.0,231505260.0,KOSDAQ,-1.58
365590,하이딥,1249.0,35046.0,35046.0,43772454.0,43772454.0,KOSDAQ,-2.04
223310,사토시홀딩스,2825.0,21814.0,21814.0,61624550.0,61624550.0,KOSDAQ,-5.36
051380,피씨디렉트,1489.0,24362.0,24362.0,36275018.0,36275018.0,KOSDAQ,0.54
007720,소노스퀘어,1133.0,12910.0,12910.0,14627030.0,14627030.0,KOSDAQ,0.89
187220,디티앤씨,1979.0,5132.0,5132.0,10156228.0,10156228.0,KOSDAQ,1.8
298060,풍전약품,2360.0,1647.0,1647.0,3886920.0,3886920.0,KOSDAQ,-0.21
018680,서울제약,1950.0,2331.0,2331.0,4545450.0,4545450.0,KOSDAQ,-0.36
054940,엑사이엔씨,3425.0,21909.0,21909.0,75038325.0,75038325.0,KOSDAQ,-1.58
043590,웰킵스하이텍,1673.0,20727.0,20727.0,34676271.0,34676271.0,KOSDAQ,-2.16
065690,파커스,1883.0,21619.0,21619.0,40708577.0,40708577.0,KOSDAQ,0.64
013810,스페코,1538.0,47082.0,47082.0,72412116.0,72412116.0,KOSDAQ,-0.13
215480,토박스코리아,2095.0,85340.0,85340.0,178787300.0,178787300.0,KOSDAQ,7.22
023770,플레이위드,2510.0,54168.0,54168.0,135961680.0,135961680.0,KOSDAQ,0.0
033200,모아텍,2435.0,3888.0,3888.0,9467280.0,9467280.0,KOSDAQ,1.04
032800,판타지오,1482.0,5894.0,5894.0,8734908.0,8734908.0,KOSDAQ,0.75
303530,이노뎁,3050.0,3626.0,3626.0,11059300.0,11059300.0,KOSDAQ,0.66
377330,이지트로닉스,2740.0,6494.0,6494.0,17793560.0,17793560.0,KOSDAQ,1.11
036480,대성미생물,5860.0,5591.0,5591.0,32763260.0,32763260.0,KOSDAQ,-1.84
017250,인터엠,1058.0,1313.0,1313.0,1389154.0,1389154.0,KOSDAQ,0.28
238200,비피도,2690.0,1625.0,1625.0,4371250.0,4371250.0,KOSDAQ,1.32
115570,스타플렉스,2755.0,13666.0,13666.0,37649830.0,37649830.0,KOSDAQ,0.92
219750,한국비티비,1681.0,15681.0,15681.0,26359761.0,26359761.0,KOSDAQ,-0.18
352940,인바이오,2005.0,18985.0,18985.0,38064925.0,38064925.0,KOSDAQ,-2.67
192390,윈하이텍,1818.0,27937.0,27937.0,50789466.0,50789466.0,KOSDAQ,-1.14
065370,위세아이텍,2945.0,3089.0,3089.0,9097105.0,9097105.0,KOSDAQ,2.43
237750,피앤씨테크,3340.0,2854.0,2854.0,9532360.0,9532360.0,KOSDAQ,0.0
032280,삼일,1336.0,61741.0,61741.0,82485976.0,82485976.0,KOSDAQ,0.07
317120,라닉스,1419.0,32455.0,32455.0,46053645.0,46053645.0,KOSDAQ,0.5
053060,세동,1225.0,46762.0,46762.0,57283450.0,57283450.0,KOSDAQ,-0.41
018700,졸스,1293.0,1709.0,1709.0,2209737.0,2209737.0,KOSDAQ,1.33
070300,퀀텀레일,608.0,6461024.0,6461024.0,3928302592.0,3928302592.0,KOSDAQ,-29.71
432980,엠에프씨,2510.0,11594.0,11594.0,29100940.0,29100940.0,KOSDAQ,1.62
424760,벨로크,2135.0,28802.0,28802.0,61492270.0,61492270.0,KOSDAQ,3.14
032860,더라미,2665.0,6006.0,6006.0,16005990.0,16005990.0,KOSDAQ,-0.93
039310,세중,1188.0,36289.0,36289.0,43111332.0,43111332.0,KOSDAQ,-0.5
045520,크린앤사이언스,3310.0,9024.0,9024.0,29869440.0,29869440.0,KOSDAQ,-5.16
200230,텔콘RF제약,2250.0,31072.0,31072.0,69912000.0,69912000.0,KOSDAQ,4.17
277410,인산가,5540.0,5420.0,5420.0,30026800.0,30026800.0,KOSDAQ,0.36
241840,에이스토리,2230.0,16144.0,16144.0,36001120.0,36001120.0,KOSDAQ,0.9
331520,밸로프,2170.0,29786.0,29786.0,64635620.0,64635620.0,KOSDAQ,-1.59
372800,아이티아이즈,3015.0,26616.0,26616.0,80247240.0,80247240.0,KOSDAQ,-2.43
067730,로지시스,2180.0,8411.0,8411.0,18335980.0,18335980.0,KOSDAQ,-0.68
044480,빌리언스,3170.0,10754.0,10754.0,34090180.0,34090180.0,KOSDAQ,-3.65
054220,비츠로시스,1667.0,48891.0,48891.0,81501297.0,81501297.0,KOSDAQ,-2.29
361670,삼영에스앤씨,3695.0,5049.0,5049.0,18656055.0,18656055.0,KOSDAQ,1.23
344860,이노진,1388.0,32952.0,32952.0,45737376.0,45737376.0,KOSDAQ,0.58
247660,나노씨엠에스,3980.0,66373.0,66373.0,264164540.0,264164540.0,KOSDAQ,-4.78
440320,오픈놀,2085.0,30509.0,30509.0,63611265.0,63611265.0,KOSDAQ,-1.42
024940,PN풍년,2060.0,32310.0,32310.0,66558600.0,66558600.0,KOSDAQ,-1.44
130740,티피씨글로벌,1811.0,30635.0,30635.0,55479985.0,55479985.0,KOSDAQ,-2.06
301300,바이브컴퍼니,1547.0,28650.0,28650.0,44321550.0,44321550.0,KOSDAQ,2.31
019660,글로본,1459.0,17304.0,17304.0,25246536.0,25246536.0,KOSDAQ,-1.08
438700,버넥트,1825.0,26392.0,26392.0,48165400.0,48165400.0,KOSDAQ,1.33
048830,엔피케이,1085.0,712473.0,712473.0,773033205.0,773033205.0,KOSDAQ,5.14
021040,대호특수강,935.0,19219.0,19219.0,17969765.0,17969765.0,KOSDAQ,3.2
362990,드림인사이트,1207.0,16343.0,16343.0,19726001.0,19726001.0,KOSDAQ,0.92
043360,디지아이,2250.0,9737.0,9737.0,21908250.0,21908250.0,KOSDAQ,-3.23
038530,케이바이오랩스,3890.0,7538.0,7538.0,29322820.0,29322820.0,KOSDAQ,4.99
069330,유아이디,1186.0,17987.0,17987.0,21332582.0,21332582.0,KOSDAQ,1.37
276730,한울앤제주,848.0,109609.0,109609.0,92948432.0,92948432.0,KOSDAQ,-9.79
009620,삼보산업,5720.0,93498.0,93498.0,534808560.0,534808560.0,KOSDAQ,1.6
289220,자이언트스텝,895.0,37942.0,37942.0,33958090.0,33958090.0,KOSDAQ,0.34
353190,휴럼,2535.0,2295.0,2295.0,5817825.0,5817825.0,KOSDAQ,-1.93
275630,에스에스알,3800.0,4563.0,4563.0,17339400.0,17339400.0,KOSDAQ,-1.81
095910,에스에너지,546.0,153101.0,153101.0,83593146.0,83593146.0,KOSDAQ,-1.62
080470,성창오토텍,2725.0,12575.0,12575.0,34266875.0,34266875.0,KOSDAQ,0.93
405000,플라즈맵,3680.0,2559.0,2559.0,9417120.0,9417120.0,KOSDAQ,4.84
113810,디젠스,3015.0,13106.0,13106.0,39514590.0,39514590.0,KOSDAQ,4.51
098660,에스티오,1566.0,2388.0,2388.0,3739608.0,3739608.0,KOSDAQ,0.0
050760,에스폴리텍,1198.0,21320.0,21320.0,25541360.0,25541360.0,KOSDAQ,0.0
227610,아우딘퓨쳐스,1008.0,14276.0,14276.0,14390208.0,14390208.0,KOSDAQ,0.3
096870,엘디티,2330.0,28303.0,28303.0,65945990.0,65945990.0,KOSDAQ,0.43
154030,아시아종묘,1609.0,3881.0,3881.0,6244529.0,6244529.0,KOSDAQ,3.01
063760,이엘피,2060.0,94212.0,94212.0,194076720.0,194076720.0,KOSDAQ,-6.15
088290,이원컴포텍,2400.0,6397.0,6397.0,15352800.0,15352800.0,KOSDAQ,3.45
110020,전진바이오팜,2105.0,5111.0,5111.0,10758655.0,10758655.0,KOSDAQ,5.46
353590,오토앤,1479.0,8926.0,8926.0,13201554.0,13201554.0,KOSDAQ,3.5
342870,오아,3490.0,2387.0,2387.0,8330630.0,8330630.0,KOSDAQ,-0.71
115610,이미지스,1609.0,28689.0,28689.0,46160601.0,46160601.0,KOSDAQ,-1.53
065150,대산F&B,1192.0,7438.0,7438.0,8866096.0,8866096.0,KOSDAQ,0.93
079950,인베니아,1376.0,70540.0,70540.0,97063040.0,97063040.0,KOSDAQ,1.78
419540,비스토스,3180.0,8464.0,8464.0,26915520.0,26915520.0,KOSDAQ,4.43
347770,핌스,834.0,41852.0,41852.0,34904568.0,34904568.0,KOSDAQ,-2.57
252500,세화피앤씨,2275.0,7715.0,7715.0,17551625.0,17551625.0,KOSDAQ,0.44
083470,이엠앤아이,884.0,26926.0,26926.0,23802584.0,23802584.0,KOSDAQ,0.0
403490,우듬지팜,2050.0,28168.0,28168.0,57744400.0,57744400.0,KOSDAQ,4.81
154040,다산솔루에타,8700.0,11577.0,11577.0,100719900.0,100719900.0,KOSDAQ,0.0
018620,우진비앤지,2710.0,3221.0,3221.0,8728910.0,8728910.0,KOSDAQ,0.37
084440,유비온,4875.0,2085.0,2085.0,10164375.0,10164375.0,KOSDAQ,-2.11
196700,웹스,1295.0,10195.0,10195.0,13202525.0,13202525.0,KOSDAQ,2.21
274400,이노시뮬레이션,2040.0,8505.0,8505.0,17350200.0,17350200.0,KOSDAQ,-0.49
455180,케이지에이,1260.0,10092.0,10092.0,12715920.0,12715920.0,KOSDAQ,0.16
085810,알티캐스트,1308.0,26167.0,26167.0,34226436.0,34226436.0,KOSDAQ,0.23
065060,지엔코,3075.0,3809.0,3809.0,11712675.0,11712675.0,KOSDAQ,0.49
056730,CNT85,1233.0,27909.0,27909.0,34411797.0,34411797.0,KOSDAQ,1.48
195990,루트K,1120.0,15008.0,15008.0,16808960.0,16808960.0,KOSDAQ,-1.58
054410,케이피티유,3180.0,13229.0,13229.0,42068220.0,42068220.0,KOSDAQ,-2.6
131100,티엔엔터테인먼트,2805.0,94565.0,94565.0,265254825.0,265254825.0,KOSDAQ,-0.53
078860,아이오케이이엔엠,2905.0,46896.0,46896.0,136232880.0,136232880.0,KOSDAQ,0.35
014100,메디앙스,1518.0,52755.0,52755.0,80082090.0,80082090.0,KOSDAQ,-3.98
279600,미디어젠,3820.0,1835.0,1835.0,7009700.0,7009700.0,KOSDAQ,-1.29
137940,넥스트아이,1815.0,12953.0,12953.0,23509695.0,23509695.0,KOSDAQ,-0.6
365900,브이씨,2425.0,27835.0,27835.0,67499875.0,67499875.0,KOSDAQ,-3.19
051780,큐로홀딩스,2330.0,70375.0,70375.0,163973750.0,163973750.0,KOSDAQ,10.95
037400,우리엔터프라이즈,3360.0,2783.0,2783.0,9350880.0,9350880.0,KOSDAQ,0.15
210120,캔버스엔,1778.0,82193.0,82193.0,146139154.0,146139154.0,KOSDAQ,-4.25
0197V0,엔에이치스팩34호,1899.0,95882.0,95882.0,182079918.0,182079918.0,KOSDAQ,0.64
373110,엑셀세라퓨틱스,989.0,49227.0,49227.0,48685503.0,48685503.0,KOSDAQ,-1.0
026910,광진실업,2115.0,95913.0,95913.0,202855995.0,202855995.0,KOSDAQ,-10.0
477380,미래에셋비전스팩4호,2065.0,6083.0,6083.0,12561395.0,12561395.0,KOSDAQ,-0.48
009730,이렘,2090.0,52554.0,52554.0,109837860.0,109837860.0,KOSDAQ,2.96
309930,조이웍스앤코,856.0,63195.0,63195.0,54094920.0,54094920.0,KOSDAQ,4.01
0200G0,한국제17호스팩,1890.0,298958.0,298958.0,565030620.0,565030620.0,KOSDAQ,0.21
285800,진영,4415.0,21479.0,21479.0,94829785.0,94829785.0,KOSDAQ,-3.6
034940,조아제약,2560.0,45451.0,45451.0,116354560.0,116354560.0,KOSDAQ,-2.29
0072Z0,KB제33호스팩,1979.0,15967.0,15967.0,31598693.0,31598693.0,KOSDAQ,0.51
065650,하이퍼코퍼레이션,1424.0,23930.0,23930.0,34076320.0,34076320.0,KOSDAQ,-3.78
376930,노을,1514.0,58131.0,58131.0,88010334.0,88010334.0,KOSDAQ,-2.57
477340,에이치엠씨제7호스팩,2060.0,19132.0,19132.0,39411920.0,39411920.0,KOSDAQ,0.0
0130H0,엔에이치스팩33호,1998.0,12321.0,12321.0,24617358.0,24617358.0,KOSDAQ,1.22
0101C0,하나36호스팩,1981.0,12024.0,12024.0,23819544.0,23819544.0,KOSDAQ,0.87
225590,패션플랫폼,2975.0,33009.0,33009.0,98201775.0,98201775.0,KOSDAQ,-2.94
335870,윙스풋,4475.0,9545.0,9545.0,42713875.0,42713875.0,KOSDAQ,2.87
0044K0,삼성스팩10호,1993.0,36539.0,36539.0,72822227.0,72822227.0,KOSDAQ,0.61
418620,E8,580.0,377808.0,377808.0,219128640.0,219128640.0,KOSDAQ,-6.6
475460,미트박스,2625.0,13890.0,13890.0,36461250.0,36461250.0,KOSDAQ,0.96
473050,유안타제15호스팩,2105.0,339354.0,339354.0,714340170.0,714340170.0,KOSDAQ,0.0
0115H0,삼성스팩13호,2005.0,5918.0,5918.0,11865590.0,11865590.0,KOSDAQ,1.11
478440,미래에셋비전스팩6호,2070.0,2836.0,2836.0,5870520.0,5870520.0,KOSDAQ,0.24
050090,비케이홀딩스,608.0,978332.0,978332.0,594825856.0,594825856.0,KOSDAQ,22.58
101000,KS인더스트리,1443.0,156631.0,156631.0,226018533.0,226018533.0,KOSDAQ,-12.55
479880,한국제15호스팩,2070.0,5153.0,5153.0,10666710.0,10666710.0,KOSDAQ,0.0
0165X0,메리츠제2호스팩,1950.0,14712.0,14712.0,28688400.0,28688400.0,KOSDAQ,0.93
306040,에스제이그룹,1499.0,23280.0,23280.0,34896720.0,34896720.0,KOSDAQ,-1.77
060480,국일신동,1250.0,138700.0,138700.0,173375000.0,173375000.0,KOSDAQ,-9.09
0099W0,미래에셋비전스팩11호,1978.0,12183.0,12183.0,24097974.0,24097974.0,KOSDAQ,0.71
239340,이스트에이드,2550.0,7857.0,7857.0,20035350.0,20035350.0,KOSDAQ,-1.92
035620,바른손이앤에이,737.0,114842.0,114842.0,84638554.0,84638554.0,KOSDAQ,-0.41
0209J0,KB제34호스팩,1889.0,436809.0,436809.0,825132201.0,825132201.0,KOSDAQ,0.16
177350,베셀,1357.0,126497.0,126497.0,171656429.0,171656429.0,KOSDAQ,-6.41
092600,앤씨앤,2650.0,127590.0,127590.0,338113500.0,338113500.0,KOSDAQ,-5.36
0134X0,대신밸런스제20호스팩,1967.0,25148.0,25148.0,49466116.0,49466116.0,KOSDAQ,-0.35
0099X0,IBKS제25호스팩,2200.0,427386.0,427386.0,940249200.0,940249200.0,KOSDAQ,0.46
481890,엔에이치스팩31호,2070.0,7561.0,7561.0,15651270.0,15651270.0,KOSDAQ,0.49
0164H0,한국제16호스팩,1944.0,19234.0,19234.0,37390896.0,37390896.0,KOSDAQ,0.0
469480,IBKS제24호스팩,3095.0,242071.0,242071.0,749209745.0,749209745.0,KOSDAQ,-3.58
0096B0,삼성스팩12호,1968.0,6178.0,6178.0,12158304.0,12158304.0,KOSDAQ,-0.61
489730,디비금융제13호스팩,2045.0,14145.0,14145.0,28926525.0,28926525.0,KOSDAQ,0.49
498390,한화플러스제5호스팩,2610.0,512119.0,512119.0,1336630590.0,1336630590.0,KOSDAQ,0.0
0097F0,미래에셋비전스팩10호,1987.0,11956.0,11956.0,23756572.0,23756572.0,KOSDAQ,0.91
478390,KB제29호스팩,2070.0,10110.0,10110.0,20927700.0,20927700.0,KOSDAQ,0.24
492220,KB제31호스팩,2035.0,55801.0,55801.0,113555035.0,113555035.0,KOSDAQ,0.49
0037T0,KB제32호스팩,1993.0,12853.0,12853.0,25616029.0,25616029.0,KOSDAQ,0.45
103230,에스앤더블류,1746.0,102860.0,102860.0,179593560.0,179593560.0,KOSDAQ,-11.1
0093G0,미래에셋비전스팩8호,1962.0,12934.0,12934.0,25376508.0,25376508.0,KOSDAQ,0.2
0054V0,엔에이치스팩32호,2005.0,8592.0,8592.0,17226960.0,17226960.0,KOSDAQ,0.4
0131D0,키움히어로제2호스팩,1958.0,11746.0,11746.0,22998668.0,22998668.0,KOSDAQ,-0.05
0091W0,신영스팩11호,2010.0,21486.0,21486.0,43186860.0,43186860.0,KOSDAQ,-0.25
477760,DB금융스팩12호,2075.0,2506.0,2506.0,5199950.0,5199950.0,KOSDAQ,0.24
0088D0,메리츠제1호스팩,2080.0,10066.0,10066.0,20937280.0,20937280.0,KOSDAQ,1.96
060900,에이전트AI,1828.0,407172.0,407172.0,744310416.0,744310416.0,KOSDAQ,-24.46
0132G0,교보20호스팩,2000.0,5048.0,5048.0,10096000.0,10096000.0,KOSDAQ,1.01
303030,지니틱스,1299.0,37455.0,37455.0,48654045.0,48654045.0,KOSDAQ,-3.06
377220,프롬바이오,2100.0,24612.0,24612.0,51685200.0,51685200.0,KOSDAQ,-2.33
0041L0,하나35호스팩,1964.0,13610.0,13610.0,26730040.0,26730040.0,KOSDAQ,-0.51
469900,하나31호스팩,2100.0,235529.0,235529.0,494610900.0,494610900.0,KOSDAQ,0.0
482690,대신밸런스제19호스팩,2050.0,10960.0,10960.0,22468000.0,22468000.0,KOSDAQ,-0.97
474660,신한제12호스팩,2085.0,11813.0,11813.0,24630105.0,24630105.0,KOSDAQ,-0.24
487360,신한제14호스팩,2035.0,23889.0,23889.0,48614115.0,48614115.0,KOSDAQ,0.0
0071M0,삼성스팩11호,1991.0,40714.0,40714.0,81061574.0,81061574.0,KOSDAQ,0.56
474490,유안타제16호스팩,2075.0,4571.0,4571.0,9484825.0,9484825.0,KOSDAQ,-0.24
208640,썸에이지,816.0,123448.0,123448.0,100733568.0,100733568.0,KOSDAQ,0.87
477470,미래에셋비전스팩5호,2070.0,44354.0,44354.0,91812780.0,91812780.0,KOSDAQ,0.24
0105P0,유진스팩12호,1993.0,9799.0,9799.0,19529407.0,19529407.0,KOSDAQ,1.06
496070,신한제16호스팩,1997.0,7784.0,7784.0,15544648.0,15544648.0,KOSDAQ,-0.4
289010,아이스크림에듀,804.0,330493.0,330493.0,265716372.0,265716372.0,KOSDAQ,-7.59
060260,뉴보텍,835.0,27028.0,27028.0,22568380.0,22568380.0,KOSDAQ,0.6
0129K0,신한제18호스팩,1982.0,13359.0,13359.0,26477538.0,26477538.0,KOSDAQ,0.81
486630,KB제30호스팩,2055.0,14905.0,14905.0,30629775.0,30629775.0,KOSDAQ,0.24
0096D0,미래에셋비전스팩9호,1972.0,13191.0,13191.0,26012652.0,26012652.0,KOSDAQ,0.2
0098T0,교보19호스팩,2000.0,5957.0,5957.0,11914000.0,11914000.0,KOSDAQ,0.3
493790,유안타제17호스팩,2025.0,6431.0,6431.0,13022775.0,13022775.0,KOSDAQ,0.5
006050,국영지앤엠,3065.0,46490.0,46490.0,142491850.0,142491850.0,KOSDAQ,-3.62
489210,교보17호스팩,2050.0,6254.0,6254.0,12820700.0,12820700.0,KOSDAQ,0.49
0004Y0,디비금융제14호스팩,1997.0,15807.0,15807.0,31566579.0,31566579.0,KOSDAQ,-0.1
0130D0,신한제17호스팩,1956.0,6156.0,6156.0,12041136.0,12041136.0,KOSDAQ,-0.46
478110,이베스트스팩6호,2055.0,19160.0,19160.0,39373800.0,39373800.0,KOSDAQ,0.0
142760,모아라이프플러스,485.0,110994.0,110994.0,53832090.0,53832090.0,KOSDAQ,-1.02
466690,키움히어로제1호스팩,2000.0,2961.0,2961.0,5922000.0,5922000.0,KOSDAQ,0.0
0041B0,교보18호스팩,2010.0,2449.0,2449.0,4922490.0,4922490.0,KOSDAQ,0.25
131760,파인텍,1155.0,219888.0,219888.0,253970640.0,253970640.0,KOSDAQ,-4.62
488060,유진스팩11호,2045.0,9681.0,9681.0,19797645.0,19797645.0,KOSDAQ,0.49
484130,하나34호스팩,2040.0,14852.0,14852.0,30298080.0,30298080.0,KOSDAQ,0.74
473950,에스케이증권제13호스팩,2055.0,3748.0,3748.0,7702140.0,7702140.0,KOSDAQ,0.0
065770,CS,854.0,78529.0,78529.0,67063766.0,67063766.0,KOSDAQ,-2.95
012340,뉴인텍,404.0,163495.0,163495.0,66051980.0,66051980.0,KOSDAQ,-2.65
487830,신한제15호스팩,2040.0,12096.0,12096.0,24675840.0,24675840.0,KOSDAQ,0.25
472230,에스케이증권제11호스팩,2105.0,260495.0,260495.0,548341975.0,548341975.0,KOSDAQ,0.0
487720,키움제10호스팩,2050.0,14916.0,14916.0,30577800.0,30577800.0,KOSDAQ,0.24
0068Y0,비엔케이제3호스팩,1985.0,15400.0,15400.0,30569000.0,30569000.0,KOSDAQ,0.25
0041J0,엘에스스팩1호,1991.0,5091.0,5091.0,10136181.0,10136181.0,KOSDAQ,0.56
03481K,해성산업1우,5860.0,1431.0,1431.0,8385660.0,8385660.0,KOSDAQ,-0.68
001000,신라섬유,1639.0,33400.0,33400.0,54742600.0,54742600.0,KOSDAQ,-4.1
240600,유진테크놀로지,937.0,78759.0,78759.0,73797183.0,73797183.0,KOSDAQ,5.04
475250,하나33호스팩,2095.0,7196.0,7196.0,15075620.0,15075620.0,KOSDAQ,0.72
067770,세진티에스,908.0,291478.0,291478.0,264662024.0,264662024.0,KOSDAQ,-13.44
474930,신한제13호스팩,2090.0,8789.0,8789.0,18369010.0,18369010.0,KOSDAQ,0.0
288980,모아데이타,201.0,1178464.0,1178464.0,236871264.0,236871264.0,KOSDAQ,-1.95
354200,엔젠바이오,806.0,920428.0,920428.0,741864968.0,741864968.0,KOSDAQ,-15.6
473000,에스케이증권제12호스팩,2085.0,5327.0,5327.0,11106795.0,11106795.0,KOSDAQ,0.0
475240,하나32호스팩,2090.0,12964.0,12964.0,27094760.0,27094760.0,KOSDAQ,0.0
308100,형지글로벌,257.0,913796.0,913796.0,234845572.0,234845572.0,KOSDAQ,-6.55
291810,핀텔,409.0,86536.0,86536.0,35393224.0,35393224.0,KOSDAQ,-29.97
084180,수성웹툰,210.0,3125411.0,3125411.0,656336310.0,656336310.0,KOSDAQ,-4.11
199730,바이오인프라,678.0,45634.0,45634.0,30939852.0,30939852.0,KOSDAQ,-2.73
250930,예선테크,479.0,145566.0,145566.0,69726114.0,69726114.0,KOSDAQ,-8.59
058450,한주에이알티,559.0,131291.0,131291.0,73391669.0,73391669.0,KOSDAQ,-2.61
011080,형지I&C,362.0,439607.0,439607.0,159137734.0,159137734.0,KOSDAQ,-20.61
021045,대호특수강우,1985.0,1836.0,1836.0,3644460.0,3644460.0,KOSDAQ,-2.46
196490,디에이테크놀로지,99.0,1634287.0,1634287.0,161794413.0,161794413.0,KOSDAQ,-1.0
312610,에이에프더블류,42.0,2421758.0,2421758.0,101713836.0,101713836.0,KOSDAQ,-6.67
032685,소프트센우,5600.0,1390.0,1390.0,7784000.0,7784000.0,KOSDAQ,-4.11
