Code,Name,Close,Volume,VolumeTotal,Amount,AmountTotal,Market,ChangesRatio
005930,삼성전자,269500.0,22563172.0,37076796.0,6080774854000.0,9992196522000.0,KOSPI,-0.19
000660,SK하이닉스,1793000.0,4119139.0,7335576.0,7385616227000.0,13152687768000.0,KOSPI,0.56
005935,삼성전자우,198400.0,3566653.0,3566653.0,707623955200.0,707623955200.0,KOSPI,-0.6
402340,SK스퀘어,1131000.0,560679.0,911604.0,634127949000.0,1031024124000.0,KOSPI,0.53
009150,삼성전기,1370000.0,662079.0,1238635.0,907048230000.0,1696929950000.0,KOSPI,-5.78
373220,LG에너지솔루션,348500.0,388957.0,525997.0,135551514500.0,183309954500.0,KOSPI,-3.86
005380,현대차,385000.0,482373.0,851588.0,185713605000.0,327861380000.0,KOSPI,-2.04
207940,삼성바이오로직스,1440000.0,30349.0,38865.0,43702560000.0,55965600000.0,KOSPI,-1.77
028260,삼성물산,382000.0,396445.0,535814.0,151441990000.0,204680948000.0,KOSPI,-0.52
105560,KB금융,173700.0,582946.0,706364.0,101257720200.0,122695426800.0,KOSPI,-1.25
032830,삼성생명,308000.0,258709.0,337611.0,79682372000.0,103984188000.0,KOSPI,-1.28
034020,두산에너빌리티,89500.0,5754041.0,14592234.0,514986669500.0,1306004943000.0,KOSPI,1.82
055550,신한지주,113200.0,776263.0,863408.0,87872971600.0,97737785600.0,KOSPI,-0.61
012450,한화에어로스페이스,1027000.0,91003.0,134498.0,93460081000.0,138129446000.0,KOSPI,-1.15
000270,기아,125400.0,536778.0,694584.0,67311961200.0,87100833600.0,KOSPI,-2.34
329180,HD현대중공업,444500.0,228874.0,308801.0,101734493000.0,137262044500.0,KOSPI,-1.0
034730,SK,603000.0,117213.0,156330.0,70679439000.0,94266990000.0,KOSPI,-1.31
006400,삼성SDI,530000.0,340796.0,762023.0,180621880000.0,403872190000.0,KOSPI,-2.03
068270,셀트리온,183100.0,481631.0,666561.0,88186636100.0,122047319100.0,KOSPI,-1.72
086790,하나금융지주,136800.0,451499.0,514595.0,61765063200.0,70396596000.0,KOSPI,-1.51
012330,현대모비스,415000.0,289488.0,440464.0,120137520000.0,182792560000.0,KOSPI,-3.94
066570,LG전자,205000.0,596694.0,1350445.0,122322270000.0,276841225000.0,KOSPI,-4.21
035420,NAVER,214500.0,576743.0,915020.0,123711373500.0,196271790000.0,KOSPI,-1.61
010120,LS ELECTRIC,200500.0,381764.0,850176.0,76543682000.0,170460288000.0,KOSPI,-3.14
000810,삼성화재,647000.0,98132.0,116132.0,63491404000.0,75137404000.0,KOSPI,-1.37
298040,효성중공업,2834000.0,38413.0,63258.0,108862442000.0,179273172000.0,KOSPI,-4.42
042660,한화오션,86100.0,668969.0,2156215.0,57598230900.0,185650111500.0,KOSPI,-1.37
267260,HD현대일렉트릭,728000.0,91478.0,138502.0,66595984000.0,100829456000.0,KOSPI,-4.59
005490,POSCO홀딩스,328500.0,195517.0,351612.0,64227334500.0,115504542000.0,KOSPI,-2.09
069500,KODEX 200,110335.0,26882196.0,26882196.0,2966047095660.0,2966047095660.0,KOSPI,-0.44
010130,고려아연,1213000.0,12057.0,27546.0,14625141000.0,33413298000.0,KOSPI,-0.9
316140,우리금융지주,34050.0,2146116.0,2480309.0,73075249800.0,84454521450.0,KOSPI,-0.44
009540,HD한국조선해양,346500.0,147112.0,177945.0,50974308000.0,61657942500.0,KOSPI,-1.42
096770,SK이노베이션,138000.0,830837.0,1392536.0,114655506000.0,192169968000.0,KOSPI,0.07
042700,한미반도체,244500.0,803718.0,1630454.0,196509051000.0,398646003000.0,KOSPI,1.66
015760,한국전력,34100.0,3536667.0,6095499.0,120600344700.0,207856515900.0,KOSPI,4.12
138040,메리츠금융지주,130800.0,185665.0,216670.0,24284982000.0,28340436000.0,KOSPI,-2.17
000150,두산,1247000.0,74547.0,103789.0,92960109000.0,129424883000.0,KOSPI,-1.89
360750,TIGER 미국S&P500,25660.0,35613871.0,35613871.0,913851929860.0,913851929860.0,KOSPI,0.0
011200,HMM,21150.0,821607.0,1449734.0,17376988050.0,30661874100.0,KOSPI,-1.4
017670,SK텔레콤,92400.0,794129.0,1278107.0,73377519600.0,118097086800.0,KOSPI,-1.49
267250,HD현대,246500.0,129805.0,155217.0,31996932500.0,38260990500.0,KOSPI,1.23
051910,LG화학,270000.0,144226.0,202269.0,38941020000.0,54612630000.0,KOSPI,-3.4
006800,미래에셋증권,35050.0,1242360.0,2002873.0,43544718000.0,70200698650.0,KOSPI,1.01
010140,삼성중공업,21300.0,2677456.0,5846962.0,57029812800.0,124540290600.0,KOSPI,-0.47
003550,LG,118900.0,332828.0,381540.0,39573249200.0,45365106000.0,KOSPI,-4.5
010950,S-Oil,159400.0,276192.0,499960.0,44025004800.0,79693624000.0,KOSPI,1.14
018260,삼성에스디에스,230000.0,153877.0,268655.0,35391710000.0,61790650000.0,KOSPI,-5.15
033780,KT&G,169800.0,237312.0,280441.0,40295577600.0,47618881800.0,KOSPI,-0.29
024110,기업은행,20800.0,514283.0,754667.0,10697086400.0,15697073600.0,KOSPI,-0.48
003670,포스코퓨처엠,180600.0,279896.0,479383.0,50549217600.0,86576569800.0,KOSPI,-1.1
035720,카카오,35400.0,1572734.0,1572734.0,55674783600.0,55674783600.0,KOSPI,-3.15
086280,현대글로비스,203000.0,124962.0,156139.0,25367286000.0,31696217000.0,KOSPI,-3.33
079550,LIG디펜스앤에어로스페이스,666000.0,79992.0,126980.0,53274672000.0,84568680000.0,KOSPI,1.06
000720,현대건설,131400.0,1684608.0,2905859.0,221357491200.0,381829872600.0,KOSPI,3.55
278470,에이피알,377000.0,190660.0,334022.0,71878820000.0,125926294000.0,KOSPI,-1.82
064350,현대로템,126300.0,229681.0,346131.0,29008710300.0,43716345300.0,KOSPI,-0.71
030200,KT,54300.0,261720.0,312161.0,14211396000.0,16950342300.0,KOSPI,-1.09
272210,한화시스템,69700.0,252407.0,433546.0,17592767900.0,30218156200.0,KOSPI,-1.27
011070,LG이노텍,545000.0,253970.0,428055.0,138413650000.0,233289975000.0,KOSPI,-7.0
047810,한국항공우주,127800.0,186512.0,272133.0,23836233600.0,34778597400.0,KOSPI,-1.24
005830,DB손해보험,187300.0,197196.0,218161.0,36934810800.0,40861555300.0,KOSPI,-2.65
078930,GS,124500.0,351269.0,420152.0,43732990500.0,52308924000.0,KOSPI,-0.88
133690,TIGER 미국나스닥100,176020.0,5544019.0,5544019.0,975858224380.0,975858224380.0,KOSPI,0.06
003490,대한항공,30100.0,2472599.0,2472599.0,74425229900.0,74425229900.0,KOSPI,-0.82
071050,한국금융지주,192500.0,153876.0,198800.0,29621130000.0,38269000000.0,KOSPI,0.84
307950,현대오토에버,385500.0,60068.0,102288.0,23156214000.0,39432024000.0,KOSPI,-4.1
323410,카카오뱅크,21900.0,576919.0,767172.0,12634526100.0,16801066800.0,KOSPI,-0.68
102110,TIGER 200,110660.0,14503098.0,14503098.0,1604912824680.0,1604912824680.0,KOSPI,-0.33
379800,KODEX 미국S&P500,23330.0,21530142.0,21530142.0,502298212860.0,502298212860.0,KOSPI,0.04
396500,TIGER 반도체TOP10,37230.0,13111357.0,13111357.0,488135821110.0,488135821110.0,KOSPI,0.43
180640,한진칼,148400.0,146398.0,193642.0,21725463200.0,28736472800.0,KOSPI,-0.34
005940,NH투자증권,26650.0,269189.0,345756.0,7173886850.0,9214397400.0,KOSPI,-0.93
259960,크래프톤,213500.0,62282.0,77237.0,13297207000.0,16490099500.0,KOSPI,-2.06
003230,삼양식품,1291000.0,95759.0,148340.0,123624869000.0,191506940000.0,KOSPI,-2.93
028050,삼성E&A,49150.0,3093100.0,3093100.0,152025865000.0,152025865000.0,KOSPI,2.4
047050,포스코인터내셔널,54300.0,403924.0,727070.0,21933073200.0,39479901000.0,KOSPI,-0.73
443060,HD현대마린솔루션,212500.0,50762.0,56740.0,10786925000.0,12057250000.0,KOSPI,0.24
006260,LS,302500.0,117715.0,186209.0,35608787500.0,56328222500.0,KOSPI,-4.42
379810,KODEX 미국나스닥100,26315.0,21851487.0,21851487.0,575021880405.0,575021880405.0,KOSPI,0.06
0126Z0,삼성에피스홀딩스,351000.0,34160.0,54611.0,11990160000.0,19168461000.0,KOSPI,-2.5
047040,대우건설,19970.0,26835543.0,26835543.0,535905793710.0,535905793710.0,KOSPI,8.47
090430,아모레퍼시픽,140000.0,324514.0,385473.0,45431960000.0,53966220000.0,KOSPI,-0.57
007660,이수페타시스,110300.0,390706.0,665041.0,43094871800.0,73354022300.0,KOSPI,-1.43
488770,KODEX 머니마켓액티브,105460.0,528614.0,528614.0,55747632440.0,55747632440.0,KOSPI,0.01
161390,한국타이어앤테크놀로지,64200.0,279203.0,305585.0,17924832600.0,19618557000.0,KOSPI,-1.83
278530,KODEX 200TR,39995.0,1116926.0,1116926.0,44671455370.0,44671455370.0,KOSPI,-0.42
352820,하이브,181400.0,156401.0,248116.0,28371141400.0,45008242400.0,KOSPI,0.33
016360,삼성증권,87300.0,246437.0,384667.0,21513950100.0,33581429100.0,KOSPI,-0.46
000880,한화,138300.0,94656.0,135200.0,13090924800.0,18698160000.0,KOSPI,-0.5
039490,키움증권,273000.0,42029.0,63174.0,11473917000.0,17246502000.0,KOSPI,0.18
064400,LG씨엔에스,73400.0,468522.0,468522.0,34389514800.0,34389514800.0,KOSPI,-3.8
021240,코웨이,99800.0,156126.0,168602.0,15581374800.0,16826479600.0,KOSPI,2.15
000500,가온전선,227500.0,198092.0,517773.0,45065930000.0,117793357500.0,KOSPI,-2.99
267270,HD건설기계,138600.0,284704.0,381448.0,39459974400.0,52868692800.0,KOSPI,-1.0
009830,한화솔루션,29150.0,2124432.0,2124432.0,61927192800.0,61927192800.0,KOSPI,-1.69
459580,KODEX CD금리액티브(합성),1074120.0,740405.0,740405.0,795283818600.0,795283818600.0,KOSPI,0.01
326030,SK바이오팜,83200.0,112608.0,165519.0,9368985600.0,13771180800.0,KOSPI,-2.12
005387,현대차2우B,185600.0,86232.0,86232.0,16004659200.0,16004659200.0,KOSPI,-1.01
032640,LG유플러스,14880.0,744515.0,842884.0,11078383200.0,12542113920.0,KOSPI,-1.39
377300,카카오페이,46500.0,124310.0,198124.0,5780415000.0,9212766000.0,KOSPI,-0.53
122630,KODEX 레버리지,112150.0,17364369.0,17364369.0,1947413983350.0,1947413983350.0,KOSPI,-0.79
062040,산일전기,201000.0,367962.0,678671.0,73960362000.0,136412871000.0,KOSPI,1.06
128940,한미약품,471000.0,99415.0,168477.0,46824465000.0,79352667000.0,KOSPI,-0.95
241560,두산밥캣,62700.0,83372.0,101745.0,5227424400.0,6379411500.0,KOSPI,-1.57
498400,KODEX 200타겟위클리커버드콜,20875.0,7841717.0,7841717.0,163695842375.0,163695842375.0,KOSPI,0.1
175330,JB금융지주,31300.0,436066.0,486494.0,13648865800.0,15227262200.0,KOSPI,-0.32
000100,유한양행,79100.0,163702.0,270779.0,12948828200.0,21418618900.0,KOSPI,-1.98
091160,KODEX 반도체,131535.0,1741409.0,1741409.0,229056232815.0,229056232815.0,KOSPI,0.26
0167A0,SOL AI반도체TOP2플러스,17775.0,14876853.0,14876853.0,264436062075.0,264436062075.0,KOSPI,-1.14
001440,대한전선,28750.0,1656690.0,1656690.0,47629837500.0,47629837500.0,KOSPI,0.35
381180,TIGER 미국필라델피아반도체나스닥,41480.0,1668031.0,1668031.0,69189925880.0,69189925880.0,KOSPI,0.66
052690,한전기술,142600.0,2238809.0,5621716.0,319254163400.0,801656701600.0,KOSPI,16.6
029780,삼성카드,46500.0,46753.0,53256.0,2174014500.0,2476404000.0,KOSPI,-0.32
088350,한화생명,5850.0,2468988.0,2468988.0,14443579800.0,14443579800.0,KOSPI,-0.68
353200,대덕전자,99900.0,896943.0,896943.0,89604605700.0,89604605700.0,KOSPI,-3.57
271560,오리온,121100.0,98466.0,118715.0,11924232600.0,14376386500.0,KOSPI,-1.54
138930,BNK금융지주,15590.0,853129.0,970785.0,13300281110.0,15134538150.0,KOSPI,-1.33
088980,맥쿼리인프라,9940.0,736361.0,736361.0,7319428340.0,7319428340.0,KOSPI,0.3
066970,엘앤에프,113700.0,719452.0,1295291.0,81801692400.0,147274586700.0,KOSPI,-0.7
229200,KODEX 코스닥150,13690.0,23542681.0,23542681.0,322299302890.0,322299302890.0,KOSPI,-2.42
036570,NC,211500.0,129856.0,169956.0,27464544000.0,35945694000.0,KOSPI,-5.16
148020,RISE 200,111230.0,823493.0,823493.0,91597126390.0,91597126390.0,KOSPI,-0.37
000990,DB하이텍,103400.0,896908.0,1732457.0,92740287200.0,179136053800.0,KOSPI,2.58
454910,두산로보틱스,69300.0,332032.0,332032.0,23009817600.0,23009817600.0,KOSPI,-1.56
310970,TIGER MSCI Korea TR,49410.0,14985.0,14985.0,740408850.0,740408850.0,KOSPI,-0.1
034220,LG디스플레이,8940.0,3506249.0,3506249.0,31345866060.0,31345866060.0,KOSPI,-2.93
004020,현대제철,32850.0,843558.0,1423127.0,27710880300.0,46749721950.0,KOSPI,1.39
005385,현대차우,186500.0,34482.0,34482.0,6430893000.0,6430893000.0,KOSPI,-1.06
051900,LG생활건강,290000.0,50834.0,64271.0,14741860000.0,18638590000.0,KOSPI,-1.02
011790,SKC,86700.0,367810.0,977247.0,31889127000.0,84727314900.0,KOSPI,-1.48
002380,KCC,500000.0,28637.0,35167.0,14318500000.0,17583500000.0,KOSPI,0.3
001450,현대해상,50300.0,307574.0,371682.0,15470972200.0,18695604600.0,KOSPI,-1.37
458730,TIGER 미국배당다우존스,14655.0,2468226.0,2468226.0,36171852030.0,36171852030.0,KOSPI,-0.17
0162Z0,RISE 삼성전자SK하이닉스채권혼합50,13680.0,8665365.0,8665365.0,118542193200.0,118542193200.0,KOSPI,0.22
395160,KODEX AI반도체TOP2플러스,40775.0,5515557.0,5515557.0,224896836675.0,224896836675.0,KOSPI,-0.17
010060,OCI홀딩스,215500.0,368570.0,596621.0,79426835000.0,128571825500.0,KOSPI,-2.93
411060,ACE KRX금현물,26700.0,785611.0,785611.0,20975813700.0,20975813700.0,KOSPI,0.13
008930,한미사이언스,57700.0,818252.0,1378184.0,47213140400.0,79521216800.0,KOSPI,6.46
360200,ACE 미국S&P500,25940.0,1227559.0,1227559.0,31842880460.0,31842880460.0,KOSPI,0.02
001040,CJ,131000.0,109387.0,127996.0,14329697000.0,16767476000.0,KOSPI,-1.28
004170,신세계,404500.0,97109.0,129619.0,39280590500.0,52430885500.0,KOSPI,2.02
082740,한화엔진,45650.0,558287.0,1002124.0,25485801550.0,45746960600.0,KOSPI,-0.54
381170,TIGER 미국테크TOP10 INDXX,30275.0,541572.0,541572.0,16396092300.0,16396092300.0,KOSPI,-0.21
395270,HANARO Fn K-반도체,57695.0,1592008.0,1592008.0,91850901560.0,91850901560.0,KOSPI,-0.73
423160,KODEX KOFR금리액티브(합성),110730.0,66060.0,66060.0,7314823800.0,7314823800.0,KOSPI,0.01
357870,TIGER CD금리투자KIS(합성),58025.0,220134.0,220134.0,12773275350.0,12773275350.0,KOSPI,0.01
018880,한온시스템,3450.0,2424504.0,2424504.0,8364538800.0,8364538800.0,KOSPI,-2.95
273130,KODEX 종합채권(AA-이상)액티브,109810.0,15187.0,15187.0,1667684470.0,1667684470.0,KOSPI,-0.03
367380,ACE 미국나스닥100,30250.0,365491.0,365491.0,11056102750.0,11056102750.0,KOSPI,0.05
233740,KODEX 코스닥150레버리지,6570.0,59514902.0,59514902.0,391012906140.0,391012906140.0,KOSPI,-4.78
102780,KODEX 삼성그룹,26275.0,393339.0,393339.0,10334982225.0,10334982225.0,KOSPI,-1.76
023530,롯데쇼핑,117800.0,277095.0,332399.0,32641791000.0,39156602200.0,KOSPI,4.9
161890,한국콜마,141000.0,437182.0,765048.0,61642662000.0,107871768000.0,KOSPI,-2.29
111770,영원무역,74900.0,36430.0,43481.0,2728607000.0,3256726900.0,KOSPI,-0.27
0043B0,TIGER 머니마켓액티브,103585.0,139272.0,139272.0,14426490120.0,14426490120.0,KOSPI,0.01
036460,한국가스공사,35400.0,132005.0,224811.0,4672977000.0,7958309400.0,KOSPI,0.85
022100,포스코DX,21450.0,307498.0,615662.0,6595832100.0,13205949900.0,KOSPI,-2.72
028670,팬오션,6080.0,3403280.0,3403280.0,20691942400.0,20691942400.0,KOSPI,0.33
103590,일진전기,68000.0,282921.0,568248.0,19238628000.0,38640864000.0,KOSPI,-3.68
336260,두산퓨얼셀,49250.0,1054799.0,2427144.0,51948850750.0,119536842000.0,KOSPI,-1.3
035250,강원랜드,14850.0,264555.0,342004.0,3928641750.0,5078759400.0,KOSPI,0.41
011780,금호석유화학,123800.0,72209.0,86203.0,8939474200.0,10671931400.0,KOSPI,-1.75
487240,KODEX AI전력핵심설비,35285.0,3076150.0,3076150.0,108541952750.0,108541952750.0,KOSPI,-3.37
375500,DL이앤씨,78600.0,736123.0,736123.0,57859267800.0,57859267800.0,KOSPI,0.77
031210,서울보증보험,43450.0,21038.0,24749.0,914101100.0,1075344050.0,KOSPI,-0.57
006360,GS건설,35250.0,2250832.0,2250832.0,79341828000.0,79341828000.0,KOSPI,0.14
012750,에스원,79200.0,55841.0,60270.0,4422607200.0,4773384000.0,KOSPI,0.13
192820,코스맥스,265000.0,201589.0,275446.0,53421085000.0,72993190000.0,KOSPI,-3.28
251270,넷마블,35350.0,145125.0,199223.0,5130168750.0,7042533050.0,KOSPI,-2.62
017800,현대엘리베이터,74800.0,59839.0,91868.0,4475957200.0,6871726400.0,KOSPI,-0.93
455890,RISE 머니마켓액티브,55505.0,123692.0,123692.0,6865524460.0,6865524460.0,KOSPI,0.01
139130,iM금융지주,18440.0,321016.0,349956.0,5919535040.0,6453188640.0,KOSPI,-1.13
302440,SK바이오사이언스,36750.0,64129.0,109903.0,2356740750.0,4038935250.0,KOSPI,-2.26
009420,한올바이오파마,54400.0,214441.0,303691.0,11665590400.0,16520790400.0,KOSPI,-1.98
004800,효성,166400.0,37754.0,44648.0,6282265600.0,7429427200.0,KOSPI,-1.65
097950,CJ제일제당,183000.0,35076.0,48525.0,6418908000.0,8880075000.0,KOSPI,0.11
139260,TIGER 200 IT,138595.0,329747.0,329747.0,45701285465.0,45701285465.0,KOSPI,-1.64
085620,미래에셋생명,19860.0,207886.0,207886.0,4128615960.0,4128615960.0,KOSPI,0.0
0193T0,KODEX SK하이닉스단일종목레버리지,11155.0,36800993.0,36800993.0,410515076915.0,410515076915.0,KOSPI,1.73
472150,TIGER 배당커버드콜액티브,20665.0,5560141.0,5560141.0,114900313765.0,114900313765.0,KOSPI,-0.05
003690,코리안리,14610.0,177460.0,212747.0,2592690600.0,3108233670.0,KOSPI,0.0
282330,BGF리테일,148600.0,45289.0,48090.0,6729945400.0,7146174000.0,KOSPI,-1.07
450080,에코프로머티,35950.0,182028.0,182028.0,6543906600.0,6543906600.0,KOSPI,-1.51
007340,DN오토모티브,43500.0,140780.0,208250.0,6123930000.0,9058875000.0,KOSPI,-4.4
026960,동서,25500.0,37791.0,53270.0,963670500.0,1358385000.0,KOSPI,0.0
383220,F&F,66300.0,62420.0,72334.0,4138446000.0,4795744200.0,KOSPI,1.07
004370,농심,417000.0,16313.0,25234.0,6802521000.0,10522578000.0,KOSPI,0.48
481050,KODEX CD1년금리플러스액티브(합성),1022285.0,36841.0,36841.0,37662001685.0,37662001685.0,KOSPI,0.01
426030,TIME 미국나스닥100액티브,45400.0,641478.0,641478.0,29123101200.0,29123101200.0,KOSPI,0.39
011170,롯데케미칼,57400.0,151433.0,202096.0,8692254200.0,11600310400.0,KOSPI,-2.38
489790,한화비전,48050.0,184468.0,276678.0,8863687400.0,13294377900.0,KOSPI,-3.32
004990,롯데지주,24300.0,113627.0,147339.0,2761136100.0,3580337700.0,KOSPI,-2.21
001720,신영증권,147300.0,5925.0,7724.0,872752500.0,1137745200.0,KOSPI,-0.27
161510,PLUS 고배당주,25330.0,826461.0,826461.0,20934257130.0,20934257130.0,KOSPI,-0.86
278540,KODEX MSCI Korea TR,39340.0,41867.0,41867.0,1647047780.0,1647047780.0,KOSPI,-0.18
449170,TIGER KOFR금리액티브(합성),111810.0,48209.0,48209.0,5390248290.0,5390248290.0,KOSPI,0.01
486290,TIGER 미국나스닥100타겟데일리커버드콜,10250.0,3220640.0,3220640.0,33011560000.0,33011560000.0,KOSPI,0.05
005850,에스엘,50800.0,55910.0,82392.0,2840228000.0,4185513600.0,KOSPI,-2.12
279570,케이뱅크,5810.0,898185.0,898185.0,5218454850.0,5218454850.0,KOSPI,1.22
005440,현대지에프홀딩스,12640.0,330916.0,434940.0,4182778240.0,5497641600.0,KOSPI,5.6
483650,달바글로벌,182800.0,158138.0,248115.0,28907626400.0,45355422000.0,KOSPI,-2.09
204320,HL만도,48600.0,349641.0,349641.0,16992552600.0,16992552600.0,KOSPI,-3.19
000240,한국앤컴퍼니,24000.0,83796.0,91801.0,2011104000.0,2203224000.0,KOSPI,-2.24
018670,SK가스,243000.0,8362.0,12031.0,2031966000.0,2923533000.0,KOSPI,1.46
009970,영원무역홀딩스,171600.0,7346.0,8324.0,1260573600.0,1428398400.0,KOSPI,0.53
103140,풍산,78400.0,128810.0,240630.0,10098704000.0,18865392000.0,KOSPI,2.48
081660,미스토홀딩스,41150.0,99480.0,104292.0,4093602000.0,4291615800.0,KOSPI,1.35
051600,한전KPS,48450.0,238369.0,458549.0,11548978050.0,22216699050.0,KOSPI,2.32
030000,제일기획,18930.0,224880.0,258249.0,4256978400.0,4888653570.0,KOSPI,-0.37
069960,현대백화점,100500.0,225891.0,325077.0,22702045500.0,32670238500.0,KOSPI,2.87
014680,한솔케미칼,198000.0,35092.0,43747.0,6948216000.0,8661906000.0,KOSPI,-1.98
007070,GS리테일,25150.0,135777.0,161546.0,3414791550.0,4062881900.0,KOSPI,0.2
139480,이마트,75900.0,135983.0,192061.0,10321109700.0,14577429900.0,KOSPI,2.29
385540,RISE 종합채권(A-이상)액티브,102880.0,3123.0,3123.0,321294240.0,321294240.0,KOSPI,-0.01
073240,금호타이어,7240.0,1687841.0,3496613.0,12219968840.0,25315478120.0,KOSPI,-1.5
292150,TIGER 코리아TOP10,38800.0,601995.0,601995.0,23357406000.0,23357406000.0,KOSPI,-0.1
456600,TIME 글로벌AI인공지능액티브,57280.0,208653.0,208653.0,11951643840.0,11951643840.0,KOSPI,-0.88
112610,씨에스윈드,48350.0,388417.0,388417.0,18779961950.0,18779961950.0,KOSPI,-1.33
284430,KODEX 200미국채혼합50,20800.0,570808.0,570808.0,11872806400.0,11872806400.0,KOSPI,0.0
002790,아모레퍼시픽홀딩스,26100.0,76316.0,102569.0,1991847600.0,2677050900.0,KOSPI,-1.32
181710,NHN,59900.0,748494.0,1082721.0,44834790600.0,64854987900.0,KOSPI,-15.4
457190,이수스페셜티케미컬,64400.0,118141.0,251289.0,7608280400.0,16183011600.0,KOSPI,-2.28
020150,롯데에너지머티리얼즈,36500.0,142058.0,273220.0,5185117000.0,9972530000.0,KOSPI,-3.57
294400,KIWOOM 200TR,144940.0,327698.0,327698.0,47496548120.0,47496548120.0,KOSPI,-0.41
462870,시프트업,31200.0,32300.0,42672.0,1007760000.0,1331366400.0,KOSPI,-1.11
214980,KODEX 단기채권PLUS,114680.0,25804.0,25804.0,2959202720.0,2959202720.0,KOSPI,0.01
089860,롯데렌탈,49600.0,128295.0,191525.0,6363432000.0,9499640000.0,KOSPI,-1.39
439260,대한조선,47250.0,35306.0,73962.0,1668208500.0,3494704500.0,KOSPI,-1.36
442580,PLUS 글로벌HBM반도체,103240.0,843355.0,843355.0,87067970200.0,87067970200.0,KOSPI,0.73
475150,SK이터닉스,51000.0,896134.0,896134.0,45702834000.0,45702834000.0,KOSPI,-2.11
105190,ACE 200,110635.0,138628.0,138628.0,15337108780.0,15337108780.0,KOSPI,-0.39
000155,두산우,429000.0,5679.0,5679.0,2436291000.0,2436291000.0,KOSPI,-0.12
071970,HD현대마린엔진,50200.0,98362.0,198447.0,4937772400.0,9962039400.0,KOSPI,-1.95
305720,KODEX 2차전지산업,14475.0,3623514.0,3623514.0,52450365150.0,52450365150.0,KOSPI,-2.43
000120,CJ대한통운,73600.0,32746.0,44327.0,2410105600.0,3262467200.0,KOSPI,-0.14
441640,KODEX 미국배당커버드콜액티브,12410.0,832443.0,832443.0,10330617630.0,10330617630.0,KOSPI,-0.04
023590,다우기술,38550.0,33676.0,51644.0,1298209800.0,1990876200.0,KOSPI,1.58
477080,RISE CD금리액티브(합성),107520.0,8058.0,8058.0,866396160.0,866396160.0,KOSPI,0.01
006040,동원산업,37650.0,41131.0,48091.0,1548582150.0,1810626150.0,KOSPI,-0.4
008770,호텔신라,42100.0,243200.0,303797.0,10238720000.0,12789853700.0,KOSPI,-1.29
120110,코오롱인더,55100.0,279869.0,428439.0,15420781900.0,23606988900.0,KOSPI,-0.18
020560,아시아나항공,7940.0,172662.0,244998.0,1370936280.0,1945284120.0,KOSPI,-2.1
0193W0,KODEX 삼성전자단일종목레버리지,12550.0,10624015.0,10624015.0,133331388250.0,133331388250.0,KOSPI,-0.2
395400,SK리츠,5270.0,261286.0,261286.0,1376977220.0,1376977220.0,KOSPI,1.35
0195S0,TIGER SK하이닉스단일종목레버리지,9460.0,19694121.0,19694121.0,186306384660.0,186306384660.0,KOSPI,1.67
0177N0,KODEX 삼성전자SK하이닉스채권혼합50,14400.0,5750828.0,5750828.0,82811923200.0,82811923200.0,KOSPI,-0.1
446770,ACE 글로벌반도체TOP4 Plus,77525.0,133370.0,133370.0,10339509250.0,10339509250.0,KOSPI,0.47
368590,RISE 미국나스닥100,29370.0,346590.0,346590.0,10179348300.0,10179348300.0,KOSPI,0.09
001120,LX인터내셔널,39900.0,93321.0,119899.0,3723507900.0,4783970100.0,KOSPI,0.0
329200,TIGER 리츠부동산인프라,4050.0,2115213.0,2115213.0,8566612650.0,8566612650.0,KOSPI,0.25
610063,메리츠 KIS CD금리투자 ETN,55775.0,10.0,10.0,557750.0,557750.0,KOSPI,0.01
001800,오리온홀딩스,25500.0,49203.0,65732.0,1254676500.0,1676166000.0,KOSPI,-0.2
011210,현대위아,56300.0,77158.0,110125.0,4343995400.0,6200037500.0,KOSPI,-3.76
294870,IPARK현대산업개발,23200.0,126268.0,150976.0,2929417600.0,3502643200.0,KOSPI,0.22
152100,PLUS 200,112100.0,451536.0,451536.0,50617185600.0,50617185600.0,KOSPI,-0.32
322000,HD현대에너지솔루션,134000.0,183107.0,183107.0,24536338000.0,24536338000.0,KOSPI,-2.55
226490,KODEX 코스피,71240.0,575330.0,575330.0,40986509200.0,40986509200.0,KOSPI,-0.58
487230,KODEX 미국AI전력핵심인프라,19500.0,1402422.0,1402422.0,27347229000.0,27347229000.0,KOSPI,0.52
453850,ACE 미국30년국채액티브(H),7145.0,878650.0,878650.0,6277954250.0,6277954250.0,KOSPI,0.0
001430,세아베스틸지주,41450.0,118953.0,187066.0,4930601850.0,7753885700.0,KOSPI,3.5
006280,녹십자,127000.0,17150.0,23900.0,2178050000.0,3035300000.0,KOSPI,-0.24
379780,RISE 미국S&P500,22450.0,177435.0,177435.0,3983415750.0,3983415750.0,KOSPI,0.04
466920,SOL 조선TOP3플러스,27520.0,909957.0,909957.0,25042016640.0,25042016640.0,KOSPI,-1.08
298020,효성티앤씨,334500.0,10207.0,14809.0,3414241500.0,4953610500.0,KOSPI,-3.88
009155,삼성전기우,497000.0,23018.0,23018.0,11439946000.0,11439946000.0,KOSPI,-3.87
229640,LS에코에너지,46650.0,71149.0,124501.0,3319100850.0,5807971650.0,KOSPI,-2.1
00680K,미래에셋증권2우B,11220.0,211052.0,211052.0,2368003440.0,2368003440.0,KOSPI,1.45
097230,HJ중공업,15720.0,258290.0,258290.0,4060318800.0,4060318800.0,KOSPI,-0.82
012630,HDC,23350.0,80693.0,112271.0,1884181550.0,2621527850.0,KOSPI,1.52
093370,후성,12970.0,3455644.0,3455644.0,44819702680.0,44819702680.0,KOSPI,0.54
091230,TIGER 반도체,138205.0,202655.0,202655.0,28007934275.0,28007934275.0,KOSPI,-0.21
069620,대웅제약,115600.0,12045.0,16769.0,1392402000.0,1938496400.0,KOSPI,-0.86
007310,오뚜기,332500.0,2298.0,2987.0,764085000.0,993177500.0,KOSPI,0.15
281820,케이씨텍,67300.0,138945.0,232539.0,9350998500.0,15649874700.0,KOSPI,-3.58
361610,SK아이이테크놀로지,16250.0,430286.0,697003.0,6992147500.0,11326298750.0,KOSPI,-0.85
232080,TIGER 코스닥150,13970.0,14460166.0,14460166.0,202008519020.0,202008519020.0,KOSPI,-2.41
157450,TIGER 단기통안채,112590.0,7292.0,7292.0,821006280.0,821006280.0,KOSPI,0.01
448330,KODEX 삼성전자채권혼합,17505.0,667308.0,667308.0,11681226540.0,11681226540.0,KOSPI,0.17
001740,SK네트웍스,6420.0,862203.0,862203.0,5535343260.0,5535343260.0,KOSPI,-1.23
280360,롯데웰푸드,139700.0,18324.0,21565.0,2559862800.0,3012630500.0,KOSPI,0.79
475630,TIGER CD1년금리액티브(합성),1076550.0,98492.0,98492.0,106031562600.0,106031562600.0,KOSPI,0.01
066575,LG전자우,74300.0,83606.0,83606.0,6211925800.0,6211925800.0,KOSPI,-5.11
415640,KB발해인프라,10370.0,166461.0,166461.0,1726200570.0,1726200570.0,KOSPI,-1.14
003540,대신증권,26650.0,42407.0,55777.0,1130146550.0,1486457050.0,KOSPI,0.0
005070,코스모신소재,38150.0,91737.0,148834.0,3499766550.0,5678017100.0,KOSPI,-1.29
436140,SOL 종합채권(AA-이상)액티브,106145.0,293.0,293.0,31100485.0,31100485.0,KOSPI,-0.04
000815,삼성화재우,419000.0,5592.0,5592.0,2343048000.0,2343048000.0,KOSPI,-1.06
390390,KODEX 미국반도체,52330.0,1354989.0,1354989.0,70906574370.0,70906574370.0,KOSPI,0.63
300720,한일시멘트,16660.0,53319.0,74042.0,888294540.0,1233539720.0,KOSPI,-0.66
007810,코리아써키트,51000.0,130459.0,320067.0,6653409000.0,16323417000.0,KOSPI,-2.3
438080,ACE 미국S&P500미국채혼합50액티브,13695.0,330844.0,330844.0,4530908580.0,4530908580.0,KOSPI,-0.65
530031,삼성 레버리지 WTI원유 선물 ETN,2975.0,213762.0,213762.0,635941950.0,635941950.0,KOSPI,2.76
192080,더블유게임즈,56100.0,28073.0,31251.0,1574895300.0,1753181100.0,KOSPI,-0.36
469150,ACE AI반도체TOP3+,60650.0,688050.0,688050.0,41730232500.0,41730232500.0,KOSPI,1.0
030610,교보증권,10400.0,60160.0,71642.0,625664000.0,745076800.0,KOSPI,0.87
0072R0,TIGER KRX금현물,12770.0,819816.0,819816.0,10469050320.0,10469050320.0,KOSPI,0.0
004000,롯데정밀화학,45250.0,64342.0,82338.0,2911475500.0,3725794500.0,KOSPI,-1.2
017960,한국카본,22500.0,144753.0,281608.0,3256942500.0,6336180000.0,KOSPI,-0.44
001820,삼화콘덴서,111700.0,495671.0,495671.0,55366450700.0,55366450700.0,KOSPI,-4.28
330590,롯데리츠,3935.0,148258.0,148258.0,583395230.0,583395230.0,KOSPI,1.29
000210,DL,53900.0,71669.0,94609.0,3862959100.0,5099425100.0,KOSPI,0.19
494890,KODEX 200액티브,31815.0,143510.0,143510.0,4565770650.0,4565770650.0,KOSPI,-0.42
0183J0,TIGER 미국우주테크,7365.0,1489696.0,1489696.0,10971611040.0,10971611040.0,KOSPI,0.2
0139F0,TIGER 12월자동연장금융채(AA-이상)액티브,102165.0,106.0,106.0,10829490.0,10829490.0,KOSPI,0.0
000080,하이트진로,15380.0,53475.0,71849.0,822445500.0,1105037620.0,KOSPI,-0.77
356540,ACE 종합채권(AA-이상)액티브,101225.0,202.0,202.0,20447450.0,20447450.0,KOSPI,0.01
445290,KODEX 로봇액티브,30640.0,279401.0,279401.0,8560846640.0,8560846640.0,KOSPI,-2.36
497570,TIGER 미국필라델피아AI반도체나스닥,21045.0,540359.0,540359.0,11371855155.0,11371855155.0,KOSPI,0.55
455850,SOL AI반도체소부장,25035.0,1854642.0,1854642.0,46430962470.0,46430962470.0,KOSPI,-0.38
003530,한화투자증권,4870.0,1256930.0,1256930.0,6121249100.0,6121249100.0,KOSPI,-0.92
451540,TIGER 종합채권(AA-이상)액티브,52755.0,10050.0,10050.0,530187750.0,530187750.0,KOSPI,-0.07
465580,ACE 미국빅테크TOP7 Plus,23860.0,301566.0,301566.0,7195364760.0,7195364760.0,KOSPI,-0.08
449180,KODEX 미국S&P500(H),17170.0,533471.0,533471.0,9159697070.0,9159697070.0,KOSPI,-0.29
479520,RISE KOFR금리액티브(합성),106425.0,2536.0,2536.0,269893800.0,269893800.0,KOSPI,0.02
295040,SOL 200TR,41415.0,98567.0,98567.0,4082152305.0,4082152305.0,KOSPI,-0.38
494310,KODEX 반도체레버리지,81905.0,3988700.0,3988700.0,326694473500.0,326694473500.0,KOSPI,0.02
006340,대원전선,13050.0,1909854.0,1909854.0,24923594700.0,24923594700.0,KOSPI,-1.81
446720,SOL 미국배당다우존스,13435.0,251869.0,251869.0,3383860015.0,3383860015.0,KOSPI,-0.22
003240,태광산업,909000.0,951.0,1157.0,864459000.0,1051713000.0,KOSPI,-0.33
006110,삼아알미늄,66700.0,173939.0,322535.0,11601731300.0,21513084500.0,KOSPI,-0.3
469830,SOL 초단기채권액티브,54405.0,149085.0,149085.0,8110969425.0,8110969425.0,KOSPI,0.0
494300,KODEX 미국나스닥100데일리커버드콜OTM,8760.0,1286649.0,1286649.0,11271045240.0,11271045240.0,KOSPI,0.0
006120,SK디스커버리,57000.0,27269.0,39777.0,1554333000.0,2267289000.0,KOSPI,1.06
760009,키움 CD금리투자 ETN,107385.0,17.0,17.0,1825545.0,1825545.0,KOSPI,0.0
0195R0,TIGER 삼성전자단일종목레버리지,11415.0,6502420.0,6502420.0,74225124300.0,74225124300.0,KOSPI,-0.57
449450,PLUS K방산,51150.0,216398.0,216398.0,11068757700.0,11068757700.0,KOSPI,-0.68
0117V0,TIGER 코리아AI전력기기TOP3플러스,18465.0,1549851.0,1549851.0,28617998715.0,28617998715.0,KOSPI,-3.15
032350,롯데관광개발,12400.0,194903.0,308009.0,2416797200.0,3819311600.0,KOSPI,0.4
237350,KODEX 코스피100,88230.0,232664.0,232664.0,20527944720.0,20527944720.0,KOSPI,-0.19
192400,쿠쿠홀딩스,27700.0,12367.0,14930.0,342565900.0,413561000.0,KOSPI,0.18
315930,KODEX Top5PlusTR,81530.0,25319.0,25319.0,2064258070.0,2064258070.0,KOSPI,-0.69
003090,대웅,16740.0,37223.0,48903.0,623113020.0,818636220.0,KOSPI,-1.12
495050,RISE 코리아밸류업,32785.0,275218.0,275218.0,9023022130.0,9023022130.0,KOSPI,-0.17
051915,LG화학우,126100.0,18227.0,18227.0,2298424700.0,2298424700.0,KOSPI,-1.02
479080,1Q 머니마켓액티브,53790.0,101102.0,101102.0,5438276580.0,5438276580.0,KOSPI,0.01
451800,한화리츠,5320.0,101728.0,101728.0,541192960.0,541192960.0,KOSPI,1.33
402970,ACE 미국배당다우존스,14935.0,202465.0,202465.0,3023814775.0,3023814775.0,KOSPI,-0.1
003570,SNT다이내믹스,28650.0,15487.0,27265.0,443702550.0,781142250.0,KOSPI,-1.55
000370,한화손해보험,8150.0,593670.0,593670.0,4838410500.0,4838410500.0,KOSPI,-1.45
077970,STX엔진,23450.0,158205.0,271186.0,3709907250.0,6359311700.0,KOSPI,-1.68
030190,NICE평가정보,16090.0,92624.0,106084.0,1490320160.0,1706891560.0,KOSPI,-1.41
185750,종근당,67800.0,11404.0,18620.0,773191200.0,1262436000.0,KOSPI,-0.88
285130,SK케미칼,53800.0,48898.0,63873.0,2630712400.0,3436367400.0,KOSPI,-1.82
034230,파라다이스,10000.0,283875.0,415448.0,2838750000.0,4154480000.0,KOSPI,-0.3
0117L0,KODEX 26-12 금융채(AA-이상)액티브,10165.0,4447.0,4447.0,45203755.0,45203755.0,KOSPI,0.0
305540,TIGER 2차전지테마,18435.0,417489.0,417489.0,7696409715.0,7696409715.0,KOSPI,-2.28
438100,ACE 미국나스닥100미국채혼합50액티브,14840.0,295408.0,295408.0,4383854720.0,4383854720.0,KOSPI,0.27
009240,한샘,38900.0,24317.0,30553.0,945931300.0,1188511700.0,KOSPI,1.83
005300,롯데칠성,98500.0,10636.0,12650.0,1047646000.0,1246025000.0,KOSPI,-0.2
003470,유안타증권,4720.0,283822.0,283822.0,1339639840.0,1339639840.0,KOSPI,0.43
079160,CJ CGV,5350.0,209287.0,209287.0,1119685450.0,1119685450.0,KOSPI,-0.93
071320,지역난방공사,76100.0,8253.0,13193.0,628053300.0,1003987300.0,KOSPI,0.53
071055,한국금융지주우,150100.0,10621.0,10621.0,1594212100.0,1594212100.0,KOSPI,0.27
009450,경동나비엔,60000.0,52473.0,72969.0,3148380000.0,4378140000.0,KOSPI,-2.12
004490,세방전지,62900.0,334061.0,749959.0,21012436900.0,47172421100.0,KOSPI,-2.18
003160,디아이,30200.0,382521.0,833050.0,11552134200.0,25158110000.0,KOSPI,-3.21
195870,해성디에스,49700.0,110738.0,166375.0,5503678600.0,8268837500.0,KOSPI,-2.17
475720,RISE 200위클리커버드콜,12695.0,752836.0,752836.0,9557253020.0,9557253020.0,KOSPI,0.04
466940,TIGER 은행고배당플러스TOP10,27180.0,683193.0,683193.0,18569185740.0,18569185740.0,KOSPI,-0.69
0177R0,TIGER 반도체TOP10커버드콜액티브,11565.0,2396790.0,2396790.0,27718876350.0,27718876350.0,KOSPI,0.13
498410,KODEX 금융고배당TOP10타겟위클리커버드콜,11800.0,1386343.0,1386343.0,16358847400.0,16358847400.0,KOSPI,-0.92
0048J0,KODEX 미국머니마켓액티브,13420.0,401405.0,401405.0,5386855100.0,5386855100.0,KOSPI,0.34
0219E0,KODEX 200커버드콜액티브,8505.0,6834397.0,6834397.0,58126546485.0,58126546485.0,KOSPI,0.0
487340,ACE 머니마켓액티브,105910.0,11487.0,11487.0,1216588170.0,1216588170.0,KOSPI,0.01
441800,TIME Korea플러스배당액티브,29295.0,242386.0,242386.0,7100697870.0,7100697870.0,KOSPI,-0.22
153130,KODEX 단기채권,113350.0,8677.0,8677.0,983537950.0,983537950.0,KOSPI,0.02
100090,SK오션플랜트,12890.0,838871.0,838871.0,10813047190.0,10813047190.0,KOSPI,-2.27
069660,KIWOOM 200,110255.0,168500.0,168500.0,18577967500.0,18577967500.0,KOSPI,-0.46
499790,GS피앤엘,40300.0,41949.0,54861.0,1690544700.0,2210898300.0,KOSPI,-0.62
144600,KODEX 은선물(H),10725.0,944461.0,944461.0,10129344225.0,10129344225.0,KOSPI,0.61
005180,빙그레,84500.0,113834.0,150037.0,9618973000.0,12678126500.0,KOSPI,-1.86
005090,SGC에너지,53800.0,115058.0,211799.0,6190120400.0,11394786200.0,KOSPI,-0.55
365550,ESR켄달스퀘어리츠,3140.0,266476.0,266476.0,836734640.0,836734640.0,KOSPI,2.61
476550,TIGER 미국30년국채커버드콜액티브(H),6760.0,1433803.0,1433803.0,9692508280.0,9692508280.0,KOSPI,0.0
0025N0,TIGER TDF2045 적격,11775.0,167295.0,167295.0,1969898625.0,1969898625.0,KOSPI,0.0
036530,SNT홀딩스,47000.0,9748.0,13433.0,458156000.0,631351000.0,KOSPI,-0.11
490590,RISE 미국AI밸류체인데일리고정커버드콜,13830.0,377815.0,377815.0,5225181450.0,5225181450.0,KOSPI,0.07
481060,KODEX 미국30년국채타겟커버드콜(합성 H),7450.0,856092.0,856092.0,6377885400.0,6377885400.0,KOSPI,0.27
298050,HS효성첨단소재,170800.0,9908.0,12823.0,1692286400.0,2190168400.0,KOSPI,-0.7
272580,TIGER 단기채권액티브,57120.0,21476.0,21476.0,1226709120.0,1226709120.0,KOSPI,0.0
100840,SNT에너지,36600.0,519073.0,1720604.0,18998071800.0,62974106400.0,KOSPI,-2.66
003850,보령,8730.0,45056.0,74027.0,393338880.0,646255710.0,KOSPI,-0.23
214320,이노션,18650.0,44085.0,52399.0,822185250.0,977241350.0,KOSPI,-0.32
137310,에스디바이오센서,6140.0,82714.0,116930.0,507863960.0,717950200.0,KOSPI,-0.49
457480,ACE 테슬라밸류체인액티브,17880.0,393031.0,393031.0,7027394280.0,7027394280.0,KOSPI,0.0
000670,영풍,39250.0,14263.0,19091.0,559822750.0,749321750.0,KOSPI,-0.51
0061Z0,RISE 단기특수은행채액티브,51015.0,918.0,918.0,46831770.0,46831770.0,KOSPI,0.0
456040,OCI,80000.0,50581.0,74213.0,4046480000.0,5937040000.0,KOSPI,-2.2
434730,HANARO 원자력iSelect,60735.0,221039.0,221039.0,13424803665.0,13424803665.0,KOSPI,-0.59
462330,KODEX 2차전지산업레버리지,1004.0,80199659.0,80199659.0,80520457636.0,80520457636.0,KOSPI,-5.01
364980,TIGER 2차전지TOP10,10100.0,3347212.0,3347212.0,33806841200.0,33806841200.0,KOSPI,-3.07
456610,TIGER 미국달러SOFR금리액티브(합성),58440.0,23990.0,23990.0,1401975600.0,1401975600.0,KOSPI,0.32
064960,SNT모티브,26050.0,41498.0,63812.0,1081022900.0,1662302600.0,KOSPI,-2.8
102970,KODEX 증권,18280.0,672936.0,672936.0,12301270080.0,12301270080.0,KOSPI,0.11
458760,TIGER 미국배당다우존스타겟커버드콜2호,10705.0,240468.0,240468.0,2574209940.0,2574209940.0,KOSPI,-0.23
371460,TIGER 차이나전기차SOLACTIVE,9500.0,219464.0,219464.0,2084908000.0,2084908000.0,KOSPI,-1.66
290130,RISE ESG사회책임투자,48275.0,161006.0,161006.0,7772564650.0,7772564650.0,KOSPI,-0.19
700028,하나 레버리지 반도체 ETN,195470.0,347.0,347.0,67828090.0,67828090.0,KOSPI,2.41
495850,KODEX 코리아밸류업,32500.0,172438.0,172438.0,5604235000.0,5604235000.0,KOSPI,-0.23
0167B0,SOL 200타겟위클리커버드콜,11960.0,1461232.0,1461232.0,17476334720.0,17476334720.0,KOSPI,0.13
367760,RISE 네트워크인프라,58085.0,172396.0,172396.0,10013621660.0,10013621660.0,KOSPI,-1.97
005880,대한해운,2095.0,1341836.0,1341836.0,2811146420.0,2811146420.0,KOSPI,-0.95
094800,맵스리얼티,7240.0,183240.0,183240.0,1326657600.0,1326657600.0,KOSPI,0.56
069260,TKG휴켐스,16440.0,32678.0,46665.0,537226320.0,767172600.0,KOSPI,-0.12
114800,KODEX 인버스,994.0,861620500.0,861620500.0,856450777000.0,856450777000.0,KOSPI,0.51
0127P0,ACE 미국대형성장주액티브,10255.0,260519.0,260519.0,2671622345.0,2671622345.0,KOSPI,0.24
017940,E1,97300.0,6773.0,7700.0,659012900.0,749210000.0,KOSPI,-0.21
268280,미원에스씨,133200.0,1501.0,1814.0,199933200.0,241624800.0,KOSPI,0.08
090460,비에이치,19670.0,1531688.0,3574686.0,30128302960.0,70314073620.0,KOSPI,-8.08
314250,KODEX 미국빅테크10(H),62680.0,34972.0,34972.0,2192044960.0,2192044960.0,KOSPI,-0.41
329750,TIGER 미국달러단기채권액티브,12715.0,461064.0,461064.0,5862428760.0,5862428760.0,KOSPI,0.28
138540,TIGER 현대차그룹플러스,50270.0,76023.0,76023.0,3821676210.0,3821676210.0,KOSPI,-1.38
001680,대상,18910.0,92299.0,121925.0,1745374090.0,2305601750.0,KOSPI,0.48
418660,TIGER 미국나스닥100레버리지(합성),38210.0,200422.0,200422.0,7658124620.0,7658124620.0,KOSPI,0.24
002960,한국쉘석유,502000.0,1415.0,1838.0,710330000.0,922676000.0,KOSPI,0.7
293940,신한알파리츠,5390.0,63714.0,63714.0,343418460.0,343418460.0,KOSPI,0.94
093050,LF,22150.0,16892.0,17685.0,374157800.0,391722750.0,KOSPI,-1.34
0091P0,TIGER 코리아원자력,18600.0,6673325.0,6673325.0,124123845000.0,124123845000.0,KOSPI,4.32
482730,TIGER 미국S&P500타겟데일리커버드콜,11495.0,412605.0,412605.0,4742894475.0,4742894475.0,KOSPI,-0.04
317450,명인제약,43950.0,11354.0,19855.0,499008300.0,872627250.0,KOSPI,-1.35
488080,TIGER 반도체TOP10레버리지,35980.0,8844789.0,8844789.0,318235508220.0,318235508220.0,KOSPI,0.69
005690,파미셀,10620.0,451342.0,451342.0,4793252040.0,4793252040.0,KOSPI,-1.12
000400,롯데손해보험,2050.0,319362.0,319362.0,654692100.0,654692100.0,KOSPI,-1.44
001060,JW중외제약,27150.0,69728.0,119574.0,1893115200.0,3246434100.0,KOSPI,-0.18
006650,대한유화,97100.0,32583.0,41759.0,3163809300.0,4054798900.0,KOSPI,-0.41
434060,KODEX TDF2050액티브 적격,16620.0,89357.0,89357.0,1485113340.0,1485113340.0,KOSPI,-0.03
0148J0,TIGER 코리아휴머노이드로봇산업,9145.0,3143514.0,3143514.0,28747435530.0,28747435530.0,KOSPI,-2.61
252670,KODEX 200선물인버스2X,72.0,4216082178.0,4216082178.0,303557916816.0,303557916816.0,KOSPI,0.0
014820,동원시스템즈,21450.0,18808.0,24147.0,403431600.0,517953150.0,KOSPI,-1.61
383800,LX홀딩스,8150.0,39151.0,51217.0,319080650.0,417418550.0,KOSPI,-1.33
491010,TIGER 글로벌AI전력인프라액티브,24690.0,296708.0,296708.0,7325720520.0,7325720520.0,KOSPI,0.53
000640,동아쏘시오홀딩스,91600.0,6701.0,7994.0,613811600.0,732250400.0,KOSPI,-0.54
277630,TIGER 코스피,72495.0,82402.0,82402.0,5973732990.0,5973732990.0,KOSPI,-0.35
0101N0,RISE AI전력인프라,19610.0,243619.0,243619.0,4777368590.0,4777368590.0,KOSPI,-2.19
00088K,한화3우B,41850.0,33823.0,33823.0,1415492550.0,1415492550.0,KOSPI,0.24
033240,자화전자,28300.0,90647.0,160192.0,2565310100.0,4533433600.0,KOSPI,-5.35
453340,현대그린푸드,18620.0,14794.0,17510.0,275464280.0,326036200.0,KOSPI,-0.32
248070,솔루엠,12580.0,109165.0,163170.0,1373295700.0,2052678600.0,KOSPI,-2.4
251600,PLUS 고배당주채권혼합,15500.0,216578.0,216578.0,3356959000.0,3356959000.0,KOSPI,-0.16
484790,KODEX 미국30년국채액티브(H),8225.0,391662.0,391662.0,3221419950.0,3221419950.0,KOSPI,0.18
079900,전진건설로봇,41000.0,134088.0,537640.0,5497608000.0,22043240000.0,KOSPI,-1.2
489250,KODEX 미국배당다우존스,12635.0,495368.0,495368.0,6258974680.0,6258974680.0,KOSPI,-0.08
0015B0,KoAct 미국나스닥성장기업액티브,18120.0,555349.0,555349.0,10062923880.0,10062923880.0,KOSPI,0.47
002840,미원상사,130400.0,1335.0,1900.0,174084000.0,247760000.0,KOSPI,-1.06
075580,세진중공업,10310.0,78101.0,185777.0,805221310.0,1915360870.0,KOSPI,-0.48
114090,GKL,9430.0,44338.0,63237.0,418107340.0,596324910.0,KOSPI,0.11
002990,금호건설,15650.0,5889150.0,5889150.0,92165197500.0,92165197500.0,KOSPI,-2.86
001530,DI동일,28100.0,47060.0,59441.0,1322386000.0,1670292100.0,KOSPI,-0.71
002350,넥센타이어,5880.0,199633.0,199633.0,1173842040.0,1173842040.0,KOSPI,-1.84
108320,LX세미콘,35050.0,175144.0,216726.0,6138797200.0,7596246300.0,KOSPI,-4.1
001510,SK증권,2460.0,4060388.0,4060388.0,9988554480.0,9988554480.0,KOSPI,0.0
449190,KODEX 미국나스닥100(H),22230.0,193757.0,193757.0,4307218110.0,4307218110.0,KOSPI,-0.27
016380,KG스틸,5650.0,112825.0,112825.0,637461250.0,637461250.0,KOSPI,0.0
025540,한국단자,55500.0,18303.0,22550.0,1015816500.0,1251525000.0,KOSPI,-2.46
003300,한일홀딩스,18200.0,6444.0,9710.0,117280800.0,176722000.0,KOSPI,-1.94
058650,세아홀딩스,132100.0,588.0,588.0,77674800.0,77674800.0,KOSPI,0.99
0019K0,TIME 미국나스닥100채권혼합50액티브,13100.0,353550.0,353550.0,4631505000.0,4631505000.0,KOSPI,-0.04
494670,TIGER 조선TOP10,21720.0,408853.0,408853.0,8880287160.0,8880287160.0,KOSPI,-1.0
178920,PI첨단소재,19000.0,33722.0,54302.0,640718000.0,1031738000.0,KOSPI,-1.76
466950,TIGER 글로벌AI액티브,29645.0,92146.0,92146.0,2731668170.0,2731668170.0,KOSPI,-0.05
0007F0,KODEX 27-12 회사채(AA-이상)액티브,10200.0,36724.0,36724.0,374584800.0,374584800.0,KOSPI,0.0
007700,F&F홀딩스,14060.0,5668.0,7658.0,79692080.0,107671480.0,KOSPI,-0.21
491620,RISE 미국테크100데일리고정커버드콜,10210.0,536620.0,536620.0,5478890200.0,5478890200.0,KOSPI,0.2
00104K,CJ4우(전환),128800.0,2318.0,2318.0,298558400.0,298558400.0,KOSPI,-0.77
0220W0,한화머시너리앤서비스홀딩스,6430.0,1684380.0,1684380.0,10830563400.0,10830563400.0,KOSPI,-4.03
003620,KG모빌리티,2670.0,363095.0,363095.0,969463650.0,969463650.0,KOSPI,-2.2
0105E0,SOL 코리아고배당,13055.0,257198.0,257198.0,3357719890.0,3357719890.0,KOSPI,-0.72
371160,TIGER 차이나항셍테크,6545.0,246029.0,246029.0,1610259805.0,1610259805.0,KOSPI,-1.5
005810,풍산홀딩스,37200.0,11295.0,17913.0,420174000.0,666363600.0,KOSPI,-1.33
001270,부국증권,51500.0,8776.0,10621.0,451964000.0,546981500.0,KOSPI,-1.15
423920,TIGER 미국필라델피아반도체레버리지(합성),77855.0,137347.0,137347.0,10693150685.0,10693150685.0,KOSPI,1.67
039130,하나투어,34350.0,75552.0,120307.0,2595211200.0,4132545450.0,KOSPI,4.73
438330,TIGER 우량회사채액티브,115630.0,3947.0,3947.0,456391610.0,456391610.0,KOSPI,0.03
284740,쿠쿠홈시스,23550.0,6515.0,8182.0,153428250.0,192686100.0,KOSPI,0.0
496080,TIGER 코리아밸류업,32560.0,598335.0,598335.0,19481787600.0,19481787600.0,KOSPI,-0.34
396520,TIGER 차이나반도체FACTSET,12755.0,559915.0,559915.0,7141715825.0,7141715825.0,KOSPI,-1.47
315960,RISE 대형고배당10TR,79420.0,66367.0,66367.0,5270867140.0,5270867140.0,KOSPI,-0.19
477050,PLUS 머니마켓액티브,53540.0,7438.0,7438.0,398230520.0,398230520.0,KOSPI,0.0
455030,KODEX 미국달러SOFR금리액티브(합성),11510.0,84661.0,84661.0,974448110.0,974448110.0,KOSPI,-0.04
019170,신풍제약,9940.0,352973.0,1526529.0,3508551620.0,15173698260.0,KOSPI,1.22
462010,TIGER 2차전지소재Fn,4775.0,2570468.0,2570468.0,12273984700.0,12273984700.0,KOSPI,-2.15
365780,ACE 국고채10년,82240.0,4218.0,4218.0,346888320.0,346888320.0,KOSPI,0.04
385560,RISE KIS국고채30년Enhanced,50165.0,17026.0,17026.0,854109290.0,854109290.0,KOSPI,-0.01
444200,SOL 코리아메가테크액티브,45790.0,40961.0,40961.0,1875604190.0,1875604190.0,KOSPI,-1.1
336370,솔루스첨단소재,7250.0,55707.0,102300.0,403875750.0,741675000.0,KOSPI,-0.14
460860,동국제강,10260.0,122136.0,206876.0,1253115360.0,2122547760.0,KOSPI,-2.19
009410,태영건설,1700.0,255886.0,255886.0,435006200.0,435006200.0,KOSPI,0.06
161000,애경케미칼,10390.0,122359.0,333243.0,1271310010.0,3462394770.0,KOSPI,-1.52
249420,일동제약,15940.0,881251.0,4813957.0,14047140940.0,76734474580.0,KOSPI,5.98
361580,RISE 200TR,62785.0,39770.0,39770.0,2496959450.0,2496959450.0,KOSPI,-0.4
003545,대신증권우,20500.0,28387.0,28387.0,581933500.0,581933500.0,KOSPI,0.0
435420,TIGER 미국나스닥100채권혼합50,13880.0,301845.0,301845.0,4189608600.0,4189608600.0,KOSPI,0.0
001500,현대차증권,8010.0,74501.0,133882.0,596753010.0,1072394820.0,KOSPI,-2.32
463250,TIGER K방산&우주,32705.0,267346.0,267346.0,8743550930.0,8743550930.0,KOSPI,-0.2
145990,삼양사,47850.0,13385.0,15169.0,640472250.0,725836650.0,KOSPI,1.7
114260,KODEX 국고채3년,61815.0,8940.0,8940.0,552626100.0,552626100.0,KOSPI,-0.02
251350,KODEX MSCI선진국,38315.0,16757.0,16757.0,642044455.0,642044455.0,KOSPI,0.08
476800,KODEX 한국부동산리츠인프라,4225.0,305441.0,305441.0,1290488225.0,1290488225.0,KOSPI,0.36
0190C0,RISE 현대차고정피지컬AI,8010.0,629603.0,629603.0,5043120030.0,5043120030.0,KOSPI,-2.97
499660,TIGER CD금리플러스액티브(합성),1001050.0,20104.0,20104.0,20125109200.0,20125109200.0,KOSPI,0.01
448730,삼성FN리츠,5290.0,71181.0,71181.0,376547490.0,376547490.0,KOSPI,0.76
004690,삼천리,132500.0,5804.0,6785.0,769030000.0,899012500.0,KOSPI,-0.67
377740,바이오노트,4680.0,45687.0,45687.0,213815160.0,213815160.0,KOSPI,-2.09
090435,아모레퍼시픽우,44900.0,7261.0,7261.0,326018900.0,326018900.0,KOSPI,0.0
017900,광전자,8180.0,14453226.0,14453226.0,118227388680.0,118227388680.0,KOSPI,15.37
010780,아이에스동서,15570.0,115015.0,137311.0,1790783550.0,2137932270.0,KOSPI,-0.89
034310,NICE,12760.0,34657.0,36677.0,442223320.0,467998520.0,KOSPI,1.75
000070,삼양홀딩스,60400.0,6424.0,8491.0,388009600.0,512856400.0,KOSPI,-0.66
004710,한솔테크닉스,8770.0,840287.0,840287.0,7369316990.0,7369316990.0,KOSPI,-4.36
243880,TIGER 200IT레버리지,338800.0,166250.0,166250.0,56325500000.0,56325500000.0,KOSPI,-2.36
490490,SOL 미국배당미국채혼합50,10770.0,239362.0,239362.0,2577928740.0,2577928740.0,KOSPI,0.0
496020,WON 전단채플러스액티브,52500.0,5557.0,5557.0,291742500.0,291742500.0,KOSPI,0.02
484870,엠앤씨솔루션,16850.0,87089.0,174946.0,1467449650.0,2947840100.0,KOSPI,-1.17
002240,고려제강,17090.0,15921.0,18173.0,272089890.0,310576570.0,KOSPI,-0.47
005250,녹십자홀딩스,9810.0,58798.0,102133.0,576808380.0,1001924730.0,KOSPI,-0.1
448290,TIGER 미국S&P500(H),17795.0,99165.0,99165.0,1764641175.0,1764641175.0,KOSPI,-0.28
471230,KODEX 국고채10년액티브,103630.0,9146.0,9146.0,947799980.0,947799980.0,KOSPI,0.02
452260,한화갤러리아,2350.0,1967117.0,1967117.0,4622724950.0,4622724950.0,KOSPI,-1.26
483280,KODEX 미국AI테크TOP10타겟커버드콜,11425.0,161308.0,161308.0,1842943900.0,1842943900.0,KOSPI,-0.22
008060,대덕,14440.0,82411.0,98313.0,1190014840.0,1419639720.0,KOSPI,-2.17
473290,KODEX 26-12 회사채(AA-이상)액티브,10885.0,16972.0,16972.0,184740220.0,184740220.0,KOSPI,-0.05
0163Y0,KoAct 코스닥액티브,8880.0,473167.0,473167.0,4201722960.0,4201722960.0,KOSPI,-1.55
451060,1Q 200액티브,35405.0,122487.0,122487.0,4336652235.0,4336652235.0,KOSPI,-0.21
005945,NH투자증권우,23500.0,27198.0,27198.0,639153000.0,639153000.0,KOSPI,0.43
293180,HANARO 200,110760.0,67236.0,67236.0,7447059360.0,7447059360.0,KOSPI,-0.35
003030,세아제강지주,106300.0,14906.0,18417.0,1584507800.0,1957727100.0,KOSPI,0.76
447770,TIGER 테슬라채권혼합Fn,13655.0,119933.0,119933.0,1637685115.0,1637685115.0,KOSPI,-0.07
009900,명신산업,8270.0,268268.0,656933.0,2218576360.0,5432835910.0,KOSPI,-3.95
130660,한전산업,13270.0,4345108.0,4345108.0,57659583160.0,57659583160.0,KOSPI,4.24
0016X0,SOL 중단기회사채(A-이상)액티브,51530.0,10171.0,10171.0,524111630.0,524111630.0,KOSPI,0.0
072710,농심홀딩스,93200.0,1248.0,2406.0,116313600.0,224239200.0,KOSPI,-0.32
014830,유니드,63700.0,9575.0,12117.0,609927500.0,771852900.0,KOSPI,-1.39
002030,아세아,209000.0,1908.0,2202.0,398772000.0,460218000.0,KOSPI,0.72
148070,KIWOOM 국고채10년,104265.0,7394.0,7394.0,770935410.0,770935410.0,KOSPI,0.0
004700,조광피혁,64200.0,1891.0,1993.0,121402200.0,127950600.0,KOSPI,0.94
0162M0,KODEX 금융채1~2년(AA-이상)PLUS액티브,10070.0,543.0,543.0,5468010.0,5468010.0,KOSPI,-0.1
016610,DB증권,10000.0,58895.0,64606.0,588950000.0,646060000.0,KOSPI,0.2
003280,흥아해운,1760.0,3792073.0,3792073.0,6674048480.0,6674048480.0,KOSPI,1.21
005389,현대차3우B,181800.0,7079.0,7079.0,1286962200.0,1286962200.0,KOSPI,-0.66
403550,쏘카,11120.0,18018.0,24538.0,200360160.0,272862560.0,KOSPI,-0.27
029460,케이씨,38100.0,30067.0,33095.0,1145552700.0,1260919500.0,KOSPI,-1.68
317400,자이에스앤디,10800.0,1109113.0,1109113.0,11978420400.0,11978420400.0,KOSPI,1.69
001200,유진투자증권,4315.0,502930.0,502930.0,2170142950.0,2170142950.0,KOSPI,-0.69
306200,세아제강,147300.0,8517.0,11162.0,1254554100.0,1644162600.0,KOSPI,1.59
016590,신대양제지,10360.0,6663.0,8711.0,69028680.0,90245960.0,KOSPI,-0.48
760013,키움 레버리지 반도체TOP10 ETN,82665.0,13901.0,13901.0,1149126165.0,1149126165.0,KOSPI,0.36
471990,KODEX AI반도체핵심장비,25165.0,1321829.0,1321829.0,33263826785.0,33263826785.0,KOSPI,0.4
474220,TIGER 미국테크TOP10타겟커버드콜,14670.0,61773.0,61773.0,906209910.0,906209910.0,KOSPI,-0.27
302450,RISE 코스피,72075.0,6459.0,6459.0,465532425.0,465532425.0,KOSPI,-0.39
192650,드림텍,6180.0,399190.0,399190.0,2466994200.0,2466994200.0,KOSPI,-4.19
092230,KPX홀딩스,96000.0,2069.0,2541.0,198624000.0,243936000.0,KOSPI,-2.04
002810,삼영무역,21850.0,12794.0,23263.0,279548900.0,508296550.0,KOSPI,-1.58
003000,부광약품,4075.0,267004.0,267004.0,1088041300.0,1088041300.0,KOSPI,-0.73
089590,제주항공,4970.0,679291.0,679291.0,3376076270.0,3376076270.0,KOSPI,7.46
271940,일진하이솔루스,11000.0,42977.0,80242.0,472747000.0,882662000.0,KOSPI,-4.26
480260,TIGER 27-04회사채(A+이상)액티브,53845.0,25404.0,25404.0,1367878380.0,1367878380.0,KOSPI,0.02
385720,TIME 코스피액티브,25590.0,77002.0,77002.0,1970481180.0,1970481180.0,KOSPI,-0.81
357120,코람코라이프인프라리츠,4070.0,34172.0,34172.0,139080040.0,139080040.0,KOSPI,-0.25
344820,KCC글라스,24700.0,21820.0,26548.0,538954000.0,655735600.0,KOSPI,-1.0
015360,INVENI,14440.0,12345.0,21422.0,178261800.0,309333680.0,KOSPI,1.98
241180,TIGER 일본니케이225,34460.0,32022.0,32022.0,1103478120.0,1103478120.0,KOSPI,-0.01
183190,아세아시멘트,10900.0,27315.0,46603.0,297733500.0,507972700.0,KOSPI,-0.18
426020,TIME 미국S&P500액티브,31250.0,53339.0,53339.0,1666843750.0,1666843750.0,KOSPI,-0.03
0060H0,TIGER 토탈월드스탁액티브,12485.0,54255.0,54255.0,677373675.0,677373675.0,KOSPI,0.0
0023A0,SOL 미국양자컴퓨팅TOP10,22905.0,194504.0,194504.0,4455114120.0,4455114120.0,KOSPI,0.88
005420,코스모화학,10160.0,83247.0,135513.0,845789520.0,1376812080.0,KOSPI,-1.93
484880,SOL 금융지주플러스고배당,23120.0,685152.0,685152.0,15840714240.0,15840714240.0,KOSPI,-0.75
029530,신도리코,39800.0,2406.0,3363.0,95758800.0,133847400.0,KOSPI,-1.0
008730,율촌화학,15480.0,42798.0,59607.0,662513040.0,922716360.0,KOSPI,-3.91
458250,TIGER 미국30년국채스트립액티브(합성 H),34520.0,52885.0,52885.0,1825590200.0,1825590200.0,KOSPI,0.07
950210,프레스티지바이오파마,6350.0,58237.0,58237.0,369804950.0,369804950.0,KOSPI,-1.55
091180,KODEX 자동차,27000.0,123453.0,123453.0,3333231000.0,3333231000.0,KOSPI,-2.3
006220,제주은행,9970.0,155592.0,155592.0,1551252240.0,1551252240.0,KOSPI,-0.4
520054,미래에셋 레버리지 코스피200 선물 ETN,188115.0,3723.0,3723.0,700352145.0,700352145.0,KOSPI,-0.36
132030,KODEX 골드선물(H),24675.0,84207.0,84207.0,2077807725.0,2077807725.0,KOSPI,0.12
439860,KODEX ESG종합채권(A-이상)액티브,113775.0,1282.0,1282.0,145859550.0,145859550.0,KOSPI,0.04
0173Y0,KODEX 미국AI광통신네트워크,10360.0,855926.0,855926.0,8867393360.0,8867393360.0,KOSPI,0.97
385550,RISE 단기채권알파액티브,114205.0,4741.0,4741.0,541445905.0,541445905.0,KOSPI,-0.04
126560,현대퓨처넷,3370.0,25948.0,25948.0,87444760.0,87444760.0,KOSPI,-0.59
027410,BGF,3840.0,67336.0,67336.0,258570240.0,258570240.0,KOSPI,-0.65
469070,RISE AI&로봇,10950.0,266199.0,266199.0,2914879050.0,2914879050.0,KOSPI,-2.32
031430,신세계인터내셔날,10440.0,64491.0,88696.0,673286040.0,925986240.0,KOSPI,0.29
005610,삼립,42250.0,5794.0,8162.0,244796500.0,344844500.0,KOSPI,3.3
105630,한세실업,9110.0,26453.0,33271.0,240986830.0,303098810.0,KOSPI,-0.33
0120G0,삼양바이오팜,49000.0,37372.0,78475.0,1831228000.0,3845275000.0,KOSPI,-2.39
194370,제이에스코퍼레이션,12540.0,100061.0,117485.0,1254764940.0,1473261900.0,KOSPI,-1.18
476760,ACE 미국30년국채액티브,8680.0,547743.0,547743.0,4754409240.0,4754409240.0,KOSPI,0.29
001940,KISCO홀딩스,25300.0,12816.0,14203.0,324244800.0,359335900.0,KOSPI,-3.07
060980,HL홀딩스,40000.0,10566.0,13004.0,422640000.0,520160000.0,KOSPI,-0.87
017810,풀무원,9380.0,18093.0,32593.0,169712340.0,305722340.0,KOSPI,-0.42
170900,동아에스티,36500.0,4009.0,9025.0,146328500.0,329412500.0,KOSPI,-0.54
310960,TIGER 200TR,64545.0,45246.0,45246.0,2920403070.0,2920403070.0,KOSPI,-0.28
0040Y0,SOL 팔란티어커버드콜OTM채권혼합,7900.0,296786.0,296786.0,2344609400.0,2344609400.0,KOSPI,-0.19
0046A0,TIGER 미국초단기(3개월이하)국채,9300.0,806393.0,806393.0,7499454900.0,7499454900.0,KOSPI,0.27
0131V0,1Q 미국우주항공테크,10860.0,106492.0,106492.0,1156503120.0,1156503120.0,KOSPI,0.0
002310,아세아제지,8920.0,84661.0,84661.0,755176120.0,755176120.0,KOSPI,-0.67
279530,KODEX 고배당주,17840.0,157471.0,157471.0,2809282640.0,2809282640.0,KOSPI,-0.5
462900,KoAct 바이오헬스케어액티브,13295.0,748560.0,748560.0,9952105200.0,9952105200.0,KOSPI,-2.39
006405,삼성SDI우,216000.0,3893.0,3893.0,840888000.0,840888000.0,KOSPI,-1.59
474590,WON 반도체밸류체인액티브,44190.0,54045.0,54045.0,2388248550.0,2388248550.0,KOSPI,-0.5
007690,국도화학,37550.0,37581.0,46493.0,1411166550.0,1745812150.0,KOSPI,-2.47
0182R0,1Q K반도체TOP2+,10700.0,2128460.0,2128460.0,22774522000.0,22774522000.0,KOSPI,-1.02
104700,한국철강,9460.0,18111.0,20155.0,171330060.0,190666300.0,KOSPI,-0.94
0080G0,KODEX 방산TOP10,9930.0,2384263.0,2384263.0,23675731590.0,23675731590.0,KOSPI,0.0
448300,TIGER 미국나스닥100(H),22950.0,94097.0,94097.0,2159526150.0,2159526150.0,KOSPI,-0.26
0167Z0,KODEX 미국우주항공,7410.0,610367.0,610367.0,4522819470.0,4522819470.0,KOSPI,0.75
0052D0,TIGER 코리아배당다우존스,15595.0,84582.0,84582.0,1319056290.0,1319056290.0,KOSPI,-0.7
092790,넥스틸,13130.0,725920.0,725920.0,9531329600.0,9531329600.0,KOSPI,-0.83
0043Y0,TIME 차이나AI테크액티브,19355.0,48018.0,48018.0,929388390.0,929388390.0,KOSPI,-1.5
011760,현대코퍼레이션,25750.0,11426.0,16384.0,294219500.0,421888000.0,KOSPI,-0.77
442570,RISE TDF2050액티브 적격,17235.0,120989.0,120989.0,2085245415.0,2085245415.0,KOSPI,-0.32
272450,진에어,6500.0,321360.0,321360.0,2088840000.0,2088840000.0,KOSPI,5.18
02826K,삼성물산우B,230500.0,4666.0,4666.0,1075513000.0,1075513000.0,KOSPI,-1.07
0144L0,KODEX 미국성장커버드콜액티브,9275.0,150459.0,150459.0,1395507225.0,1395507225.0,KOSPI,0.05
0228G0,ACE 반도체Plus전략산업,10305.0,941728.0,941728.0,9704507040.0,9704507040.0,KOSPI,0.19
004310,현대약품,10440.0,31962413.0,31962413.0,333687591720.0,333687591720.0,KOSPI,23.99
020000,한섬,15530.0,51127.0,66064.0,794002310.0,1025973920.0,KOSPI,0.19
472170,TIGER 미국테크TOP10채권혼합,13785.0,105169.0,105169.0,1449754665.0,1449754665.0,KOSPI,-0.11
0026S0,1Q 미국S&P500,12550.0,70953.0,70953.0,890460150.0,890460150.0,KOSPI,-0.04
024720,콜마홀딩스,9650.0,26839.0,47861.0,258996350.0,461858650.0,KOSPI,-0.72
453810,KODEX 인도Nifty50,11245.0,116768.0,116768.0,1313056160.0,1313056160.0,KOSPI,-0.53
015860,일진홀딩스,6670.0,68430.0,68430.0,456428100.0,456428100.0,KOSPI,0.0
002020,코오롱,25450.0,23350.0,42490.0,594257500.0,1081370500.0,KOSPI,-0.78
439870,KODEX 국고채30년액티브,86830.0,3388.0,3388.0,294180040.0,294180040.0,KOSPI,-0.02
097520,엠씨넥스,18870.0,15571.0,26041.0,293824770.0,491393670.0,KOSPI,-0.94
011930,신성이엔지,16120.0,110331.0,110331.0,1778535720.0,1778535720.0,KOSPI,-0.74
456880,ACE 미국달러SOFR금리(합성),11830.0,109453.0,109453.0,1294828990.0,1294828990.0,KOSPI,0.38
026890,스틱인베스트먼트,8400.0,30413.0,36418.0,255469200.0,305911200.0,KOSPI,-0.47
448630,RISE 삼성그룹Top3채권혼합,15285.0,88386.0,88386.0,1350980010.0,1350980010.0,KOSPI,-0.26
190620,ACE 단기통안채,102060.0,1952.0,1952.0,199221120.0,199221120.0,KOSPI,0.02
126720,수산인더스트리,22500.0,64607.0,180691.0,1453657500.0,4065547500.0,KOSPI,4.17
145720,덴티움,37200.0,11774.0,17708.0,437992800.0,658737600.0,KOSPI,-2.23
108670,LX하우시스,35350.0,20724.0,26251.0,732593400.0,927972850.0,KOSPI,0.0
0052S0,1Q 미국S&P500미국채혼합50액티브,11280.0,205507.0,205507.0,2318118960.0,2318118960.0,KOSPI,0.13
385510,KODEX 신재생에너지액티브,37665.0,66530.0,66530.0,2505852450.0,2505852450.0,KOSPI,-2.03
381970,케이카,6460.0,136337.0,177954.0,880737020.0,1149582840.0,KOSPI,2.7
009290,광동제약,6320.0,100713.0,100713.0,636506160.0,636506160.0,KOSPI,0.64
0210A0,ACE K반도체TOP2+,7240.0,2880155.0,2880155.0,20852322200.0,20852322200.0,KOSPI,-0.75
012030,DB,1563.0,678300.0,678300.0,1060182900.0,1060182900.0,KOSPI,-6.52
016800,퍼시스,27200.0,2136.0,2498.0,58099200.0,67945600.0,KOSPI,0.18
123890,한국자산신탁,2555.0,171417.0,171417.0,437970435.0,437970435.0,KOSPI,-0.39
005950,이수화학,11880.0,399640.0,399640.0,4747723200.0,4747723200.0,KOSPI,1.37
270810,RISE 코스닥150,13635.0,152775.0,152775.0,2083087125.0,2083087125.0,KOSPI,-2.36
000157,두산2우B,348500.0,385.0,385.0,134172500.0,134172500.0,KOSPI,-0.43
009160,SIMPAC,4755.0,66954.0,66954.0,318366270.0,318366270.0,KOSPI,-1.96
244920,에이플러스에셋,13740.0,27130.0,27130.0,372766200.0,372766200.0,KOSPI,-1.79
096760,JW홀딩스,4200.0,126961.0,126961.0,533236200.0,533236200.0,KOSPI,0.48
025860,남해화학,6210.0,450151.0,450151.0,2795437710.0,2795437710.0,KOSPI,-0.64
018250,애경산업,11620.0,17739.0,17739.0,206127180.0,206127180.0,KOSPI,-0.34
001230,동국홀딩스,1971.0,371409.0,371409.0,732047139.0,732047139.0,KOSPI,-1.3
200880,서연이화,11250.0,55424.0,106396.0,623520000.0,1196955000.0,KOSPI,-2.6
034830,한국토지신탁,1200.0,240349.0,240349.0,288418800.0,288418800.0,KOSPI,0.5
005720,넥센,5760.0,23757.0,23757.0,136840320.0,136840320.0,KOSPI,-2.54
0094K0,TIGER 28-04 회사채(A+이상)액티브,99740.0,4137.0,4137.0,412624380.0,412624380.0,KOSPI,0.02
010955,S-Oil우,75000.0,34356.0,34356.0,2576700000.0,2576700000.0,KOSPI,3.59
485540,KODEX 미국AI테크TOP10,14850.0,184910.0,184910.0,2745913500.0,2745913500.0,KOSPI,-0.07
0098F0,KODEX 원자력SMR,17250.0,2277779.0,2277779.0,39291687750.0,39291687750.0,KOSPI,3.73
483320,ACE 엔비디아밸류체인액티브,24430.0,1642351.0,1642351.0,40122634930.0,40122634930.0,KOSPI,0.78
0111P0,1Q 미국나스닥100미국채혼합50액티브,10530.0,118319.0,118319.0,1245899070.0,1245899070.0,KOSPI,0.14
001390,KG케미칼,4475.0,79396.0,79396.0,355297100.0,355297100.0,KOSPI,-0.89
0008S0,TIGER 미국배당다우존스타겟데일리커버드콜,9740.0,310811.0,310811.0,3027299140.0,3027299140.0,KOSPI,-0.26
084010,대한제강,8610.0,27827.0,35928.0,239590470.0,309340080.0,KOSPI,0.7
003350,한국화장품제조,13010.0,653593.0,653593.0,8503244930.0,8503244930.0,KOSPI,0.15
489030,PLUS 고배당주위클리커버드콜,6400.0,1083329.0,1083329.0,6933305600.0,6933305600.0,KOSPI,-0.7
001750,한양증권,19460.0,18739.0,30986.0,364660940.0,602987560.0,KOSPI,-0.21
433330,SOL 미국S&P500,21420.0,231004.0,231004.0,4948105680.0,4948105680.0,KOSPI,-0.02
091170,KODEX 은행,16650.0,1015675.0,1015675.0,16910988750.0,16910988750.0,KOSPI,-0.48
136340,RISE 중기우량회사채,104195.0,123.0,123.0,12815985.0,12815985.0,KOSPI,0.01
010820,퍼스텍,6000.0,393246.0,393246.0,2359476000.0,2359476000.0,KOSPI,1.69
570022,한투 레버리지S&P500선물 ETN(H),58445.0,32.0,32.0,1870240.0,1870240.0,KOSPI,-0.19
033270,유나이티드제약,18270.0,17270.0,18981.0,315522900.0,346782870.0,KOSPI,0.22
002900,TYM,7010.0,167813.0,167813.0,1176369130.0,1176369130.0,KOSPI,-0.43
454780,KIWOOM 종합채권(AA-이상)액티브,99535.0,13767.0,13767.0,1370298345.0,1370298345.0,KOSPI,-0.01
105840,우진,14350.0,1359397.0,1359397.0,19507346950.0,19507346950.0,KOSPI,4.21
084690,대상홀딩스,7960.0,35910.0,40871.0,285843600.0,325333160.0,KOSPI,-0.87
002710,TCC스틸,10920.0,179035.0,475349.0,1955062200.0,5190811080.0,KOSPI,-1.09
497880,SOL CD금리&머니마켓액티브,50060.0,75239.0,75239.0,3766464340.0,3766464340.0,KOSPI,0.02
307520,TIGER 지주회사,22860.0,223305.0,223305.0,5104752300.0,5104752300.0,KOSPI,-1.15
481190,SOL 미국테크TOP10,16450.0,52172.0,52172.0,858229400.0,858229400.0,KOSPI,-0.18
058430,포스코스틸리온,4725.0,264705.0,264705.0,1250731125.0,1250731125.0,KOSPI,-0.63
475080,KODEX 테슬라커버드콜채권혼합액티브,7785.0,104111.0,104111.0,810504135.0,810504135.0,KOSPI,-0.19
091810,트리니티항공,2770.0,95544.0,95544.0,264656880.0,264656880.0,KOSPI,0.0
123320,TIGER 레버리지,113090.0,239016.0,239016.0,27030319440.0,27030319440.0,KOSPI,-0.8
000430,대원강업,4560.0,133891.0,133891.0,610542960.0,610542960.0,KOSPI,0.0
273140,KODEX 단기변동금리부채권액티브,114765.0,3687.0,3687.0,423138555.0,423138555.0,KOSPI,0.02
461490,RISE 글로벌자산배분액티브,14505.0,30979.0,30979.0,449350395.0,449350395.0,KOSPI,-0.1
004430,송원산업,11600.0,166858.0,166858.0,1935552800.0,1935552800.0,KOSPI,-1.94
471780,TIGER 코리아테크액티브,35890.0,120684.0,120684.0,4331348760.0,4331348760.0,KOSPI,-0.99
286940,롯데이노베이트,18380.0,5583.0,9161.0,102615540.0,168379180.0,KOSPI,-2.18
078520,에이블씨엔씨,10670.0,87802.0,139420.0,936847340.0,1487611400.0,KOSPI,-1.84
475300,SOL 반도체전공정,21910.0,1225160.0,1225160.0,26843255600.0,26843255600.0,KOSPI,-1.2
0038A0,KODEX 미국휴머노이드로봇,14640.0,50424.0,50424.0,738207360.0,738207360.0,KOSPI,0.62
017390,서울가스,55800.0,4036.0,5538.0,225208800.0,309020400.0,KOSPI,-0.18
003120,일성아이에스,20750.0,3445.0,4675.0,71483750.0,97006250.0,KOSPI,0.97
441680,TIGER 미국나스닥100커버드콜(합성),10485.0,104754.0,104754.0,1098345690.0,1098345690.0,KOSPI,-0.19
453870,TIGER 인도니프티50,11020.0,48313.0,48313.0,532409260.0,532409260.0,KOSPI,-0.81
037710,광주신세계,35800.0,27131.0,45403.0,971289800.0,1625427400.0,KOSPI,0.28
473330,SOL 미국30년국채커버드콜(합성),7740.0,137748.0,137748.0,1066169520.0,1066169520.0,KOSPI,0.0
122900,아이마켓코리아,8110.0,33704.0,33704.0,273339440.0,273339440.0,KOSPI,-0.73
228790,TIGER 화장품,4355.0,10303609.0,10303609.0,44872217195.0,44872217195.0,KOSPI,-1.91
0119H0,KODEX 28-12 회사채(AA-이상)액티브,9935.0,12047.0,12047.0,119686945.0,119686945.0,KOSPI,0.05
213610,KODEX 삼성그룹밸류,22545.0,15605.0,15605.0,351814725.0,351814725.0,KOSPI,-0.73
010690,화신,7670.0,151356.0,151356.0,1160900520.0,1160900520.0,KOSPI,-1.67
003960,사조대림,29200.0,3614.0,6122.0,105528800.0,178762400.0,KOSPI,-1.52
196230,RISE 단기통안채,116970.0,2408.0,2408.0,281663760.0,281663760.0,KOSPI,-0.01
0094M0,RISE 코리아밸류업위클리고정커버드콜,17965.0,1322340.0,1322340.0,23755838100.0,23755838100.0,KOSPI,-0.03
136490,선진,10970.0,119208.0,119208.0,1307711760.0,1307711760.0,KOSPI,-2.58
298690,에어부산,1600.0,168301.0,168301.0,269281600.0,269281600.0,KOSPI,2.17
139230,TIGER 200 중공업,13225.0,100153.0,100153.0,1324523425.0,1324523425.0,KOSPI,-0.75
0183V0,KIWOOM 삼성전자&SK하이닉스채권혼합50,11955.0,789727.0,789727.0,9441186285.0,9441186285.0,KOSPI,-0.29
423170,SOL 글로벌AI반도체탑픽액티브,57890.0,48896.0,48896.0,2830589440.0,2830589440.0,KOSPI,0.51
004360,세방,13470.0,24581.0,33372.0,331106070.0,449520840.0,KOSPI,-0.22
364970,TIGER 바이오TOP10,7010.0,730722.0,730722.0,5122361220.0,5122361220.0,KOSPI,-2.37
409820,KODEX 미국나스닥100레버리지(합성 H),19985.0,65182.0,65182.0,1302662270.0,1302662270.0,KOSPI,-0.52
472920,HK 종합채권(AA-이상)액티브,98090.0,25.0,25.0,2452250.0,2452250.0,KOSPI,0.02
471040,KoAct 글로벌AI&로봇액티브,27865.0,36062.0,36062.0,1004867630.0,1004867630.0,KOSPI,0.07
005430,한국공항,80000.0,5615.0,5615.0,449200000.0,449200000.0,KOSPI,0.13
0162Y0,TIME 코스닥액티브,7325.0,256450.0,256450.0,1878496250.0,1878496250.0,KOSPI,-0.88
217590,티엠씨,10490.0,489704.0,489704.0,5136994960.0,5136994960.0,KOSPI,-2.33
053690,한미글로벌,22900.0,392901.0,392901.0,8997432900.0,8997432900.0,KOSPI,-5.37
0053L0,TIGER 차이나휴머노이드로봇,9200.0,532803.0,532803.0,4901787600.0,4901787600.0,KOSPI,-1.23
007160,사조산업,49950.0,1215.0,3228.0,60689250.0,161238600.0,KOSPI,-1.09
005500,삼진제약,18710.0,19807.0,35986.0,370588970.0,673298060.0,KOSPI,-0.37
495230,KoAct 코리아밸류업액티브,31330.0,55023.0,55023.0,1723870590.0,1723870590.0,KOSPI,-0.32
334890,이지스밸류플러스리츠,3565.0,131721.0,131721.0,469585365.0,469585365.0,KOSPI,-0.56
001790,대한제당,2845.0,240741.0,240741.0,684908145.0,684908145.0,KOSPI,-2.07
020120,키다리스튜디오,6600.0,852680.0,852680.0,5627688000.0,5627688000.0,KOSPI,-6.12
283580,KODEX 차이나CSI300,14765.0,33340.0,33340.0,492265100.0,492265100.0,KOSPI,-0.07
003920,남양유업,42950.0,1984.0,2978.0,85212800.0,127905100.0,KOSPI,-2.28
421320,PLUS 우주항공,26040.0,42515.0,42515.0,1107090600.0,1107090600.0,KOSPI,0.4
008490,서흥,21000.0,23259.0,31044.0,488439000.0,651924000.0,KOSPI,-1.41
005680,삼영전자,12140.0,16627.0,16627.0,201851780.0,201851780.0,KOSPI,-0.41
363580,KODEX 200IT TR,56450.0,79348.0,79348.0,4479194600.0,4479194600.0,KOSPI,-1.15
483340,ACE 구글밸류체인액티브,21145.0,116256.0,116256.0,2458233120.0,2458233120.0,KOSPI,0.95
0182S0,1Q K반도체TOP2채권혼합50,12655.0,349969.0,349969.0,4428857695.0,4428857695.0,KOSPI,0.72
448540,ACE 엔비디아채권혼합,26635.0,20418.0,20418.0,543833430.0,543833430.0,KOSPI,0.11
030210,다올투자증권,3915.0,51542.0,51542.0,201786930.0,201786930.0,KOSPI,0.51
03473K,SK우,420500.0,1084.0,1084.0,455822000.0,455822000.0,KOSPI,-3.89
003200,일신방직,10360.0,18799.0,31549.0,194757640.0,326847640.0,KOSPI,-0.38
000540,흥국화재,3700.0,87640.0,87640.0,324268000.0,324268000.0,KOSPI,-0.8
388420,RISE 비메모리반도체액티브,26800.0,65621.0,65621.0,1758642800.0,1758642800.0,KOSPI,-1.11
404990,신한서부티엔디리츠,3840.0,73787.0,73787.0,283342080.0,283342080.0,KOSPI,-1.54
0030R0,대신밸류리츠,3950.0,6463.0,6463.0,25528850.0,25528850.0,KOSPI,0.13
245710,ACE 베트남VN30(합성),28100.0,51090.0,51090.0,1435629000.0,1435629000.0,KOSPI,-1.02
003070,코오롱글로벌,9270.0,14520.0,14520.0,134600400.0,134600400.0,KOSPI,-1.07
025000,KPX케미칼,53800.0,2883.0,2883.0,155105400.0,155105400.0,KOSPI,-0.92
493810,TIGER 미국AI빅테크10타겟데일리커버드콜,11170.0,153987.0,153987.0,1720034790.0,1720034790.0,KOSPI,-0.36
010580,에스엠벡셀,2095.0,13782022.0,13782022.0,28873336090.0,28873336090.0,KOSPI,23.53
363570,KODEX 장기종합채권(AA-이상)액티브,86285.0,144.0,144.0,12425040.0,12425040.0,KOSPI,0.07
452360,SOL 미국배당다우존스(H),13460.0,158954.0,158954.0,2139520840.0,2139520840.0,KOSPI,-0.44
478150,TIME 글로벌우주테크&방산액티브,18390.0,26030.0,26030.0,478691700.0,478691700.0,KOSPI,0.08
475560,더본코리아,15680.0,62414.0,62414.0,978651520.0,978651520.0,KOSPI,1.62
900140,엘브이엠씨홀딩스,1202.0,230821.0,230821.0,277446842.0,277446842.0,KOSPI,-1.07
000680,LS네트웍스,2940.0,60915.0,60915.0,179090100.0,179090100.0,KOSPI,-0.84
329650,KODEX TRF3070,13990.0,69014.0,69014.0,965505860.0,965505860.0,KOSPI,-0.14
000490,대동,8000.0,222243.0,222243.0,1777944000.0,1777944000.0,KOSPI,-1.6
001460,BYC,36800.0,2211.0,2730.0,81364800.0,100464000.0,KOSPI,-2.52
442320,RISE 글로벌원자력,36500.0,10619.0,10619.0,387593500.0,387593500.0,KOSPI,0.41
002320,한진,14720.0,18667.0,22140.0,274778240.0,325900800.0,KOSPI,-1.27
0092C0,SOL 27-12 회사채(AA-이상)액티브,50325.0,67.0,67.0,3371775.0,3371775.0,KOSPI,0.02
432320,KB스타리츠,1512.0,238690.0,238690.0,360899280.0,360899280.0,KOSPI,0.93
0089D0,KODEX 금융고배당TOP10,13560.0,175842.0,175842.0,2384417520.0,2384417520.0,KOSPI,-0.66
000320,노루홀딩스,17120.0,4541.0,6910.0,77741920.0,118299200.0,KOSPI,-0.87
437080,KODEX 미국종합채권ESG액티브(H),96565.0,1168.0,1168.0,112787920.0,112787920.0,KOSPI,0.11
044450,KSS해운,10070.0,33901.0,33901.0,341383070.0,341383070.0,KOSPI,-1.18
117700,KODEX 건설,7230.0,5135749.0,5135749.0,37131465270.0,37131465270.0,KOSPI,3.29
001340,PKC,5030.0,88596.0,88596.0,445637880.0,445637880.0,KOSPI,-1.57
157500,TIGER 증권,12440.0,360836.0,360836.0,4488799840.0,4488799840.0,KOSPI,0.2
003650,미창석유,129900.0,1236.0,1236.0,160556400.0,160556400.0,KOSPI,-0.69
433500,ACE 원자력TOP10,61030.0,228105.0,228105.0,13921248150.0,13921248150.0,KOSPI,3.83
472160,TIGER 미국테크TOP10 INDXX(H),18925.0,65535.0,65535.0,1240249875.0,1240249875.0,KOSPI,-0.32
226320,잇츠한불,10250.0,24825.0,38494.0,254456250.0,394563500.0,KOSPI,-1.44
034120,SBS,12110.0,8924.0,11139.0,108069640.0,134893290.0,KOSPI,-0.08
009680,모토닉,10290.0,7800.0,10137.0,80262000.0,104309730.0,KOSPI,-1.15
000050,경방,8140.0,9474.0,9474.0,77118360.0,77118360.0,KOSPI,-0.49
044820,코스맥스비티아이,23200.0,42888.0,42888.0,995001600.0,995001600.0,KOSPI,-0.85
458260,TIGER 미국투자등급회사채액티브(H),46105.0,5951.0,5951.0,274370855.0,274370855.0,KOSPI,0.01
134380,미원화학,10100.0,5549.0,5549.0,56044900.0,56044900.0,KOSPI,-1.85
0104N0,TIGER 200타겟위클리커버드콜,21310.0,91038.0,91038.0,1940019780.0,1940019780.0,KOSPI,-0.28
051905,LG생활건강우,105600.0,2488.0,2488.0,262732800.0,262732800.0,KOSPI,0.67
500029,신한 레버리지 은 선물 ETN(H),22030.0,1606.0,1606.0,35380180.0,35380180.0,KOSPI,0.09
298000,효성화학,58000.0,50990.0,50990.0,2957420000.0,2957420000.0,KOSPI,1.75
033920,무학,7660.0,10906.0,10906.0,83539960.0,83539960.0,KOSPI,-0.91
092200,디아이씨,5610.0,248982.0,248982.0,1396789020.0,1396789020.0,KOSPI,-3.44
001250,GS글로벌,2635.0,367011.0,367011.0,967073985.0,967073985.0,KOSPI,-0.75
005010,휴스틸,3865.0,333191.0,333191.0,1287783215.0,1287783215.0,KOSPI,-0.13
267770,TIGER 200선물레버리지,86055.0,38684.0,38684.0,3328951620.0,3328951620.0,KOSPI,-0.77
488980,SOL 26-12 회사채(AA-이상)액티브,52150.0,19.0,19.0,990850.0,990850.0,KOSPI,0.01
035150,백산,10840.0,12487.0,16705.0,135359080.0,181082200.0,KOSPI,-0.73
035510,신세계 I&C,15300.0,369497.0,369497.0,5653304100.0,5653304100.0,KOSPI,10.15
003555,LG우,71000.0,6001.0,6001.0,426071000.0,426071000.0,KOSPI,-0.7
486450,SOL 미국AI전력인프라,19590.0,48904.0,48904.0,958029360.0,958029360.0,KOSPI,0.49
422420,RISE 2차전지액티브,6585.0,186299.0,186299.0,1226778915.0,1226778915.0,KOSPI,-2.59
266160,RISE 고배당,33585.0,29788.0,29788.0,1000429980.0,1000429980.0,KOSPI,-0.27
305080,TIGER 미국채10년선물,11890.0,47981.0,47981.0,570494090.0,570494090.0,KOSPI,0.25
244580,KODEX 바이오,8145.0,275286.0,275286.0,2242204470.0,2242204470.0,KOSPI,-1.03
332930,HANARO 200TR,145035.0,965.0,965.0,139958775.0,139958775.0,KOSPI,-0.26
000480,CR홀딩스,4475.0,16324.0,16324.0,73049900.0,73049900.0,KOSPI,-0.67
0233J0,TIGER 삼성전자SK하이닉스미국채혼합50,10485.0,410571.0,410571.0,4304836935.0,4304836935.0,KOSPI,0.24
017860,DS단석,11810.0,62532.0,62532.0,738502920.0,738502920.0,KOSPI,-1.09
490090,TIGER 미국AI빅테크10,15575.0,77298.0,77298.0,1203916350.0,1203916350.0,KOSPI,-0.16
498270,KIWOOM 미국양자컴퓨팅,13850.0,52492.0,52492.0,727014200.0,727014200.0,KOSPI,0.33
530145,삼성 레버리지 천연가스 선물 ETN D,12160.0,92015.0,92015.0,1118902400.0,1118902400.0,KOSPI,0.91
0151S0,KODEX 미국AI반도체TOP3플러스,14960.0,320946.0,320946.0,4801352160.0,4801352160.0,KOSPI,0.98
004980,성신양회,8410.0,86063.0,140396.0,723789830.0,1180730360.0,KOSPI,-0.94
000650,천일고속,143800.0,1583.0,1583.0,227635400.0,227635400.0,KOSPI,0.0
003720,삼영,6030.0,167310.0,167310.0,1008879300.0,1008879300.0,KOSPI,-2.43
520094,미래에셋 CD금리 플러스 ETN,102330.0,5.0,5.0,511650.0,511650.0,KOSPI,0.01
0204D0,KODEX 현대차로보틱스밸류체인TOP3플러스,6065.0,591349.0,591349.0,3586531685.0,3586531685.0,KOSPI,-1.94
011500,한농화성,13050.0,43275.0,43275.0,564738750.0,564738750.0,KOSPI,-1.88
100250,진양홀딩스,3165.0,28489.0,28489.0,90167685.0,90167685.0,KOSPI,-0.31
414780,TIGER 차이나과창판STAR50(합성),12975.0,75018.0,75018.0,973358550.0,973358550.0,KOSPI,-1.33
037270,YG PLUS,3155.0,117065.0,117065.0,369340075.0,369340075.0,KOSPI,-0.63
088260,이리츠코크렙,3165.0,66411.0,66411.0,210190815.0,210190815.0,KOSPI,-0.78
028100,동아지질,17810.0,29424.0,29424.0,524041440.0,524041440.0,KOSPI,-0.61
466930,SOL 자동차TOP3플러스,24630.0,346912.0,346912.0,8544442560.0,8544442560.0,KOSPI,-2.8
495060,TIME 코리아밸류업액티브,28450.0,54618.0,54618.0,1553882100.0,1553882100.0,KOSPI,-0.59
463050,TIME K바이오액티브,11935.0,227669.0,227669.0,2717229515.0,2717229515.0,KOSPI,-2.01
013580,계룡건설,22250.0,99644.0,99644.0,2217079000.0,2217079000.0,KOSPI,1.14
261260,KODEX 미국달러선물인버스2X,5635.0,321468.0,321468.0,1811472180.0,1811472180.0,KOSPI,-0.44
003520,영진약품,1085.0,449094.0,449094.0,487266990.0,487266990.0,KOSPI,-2.08
0005A0,KODEX 미국S&P500데일리커버드콜OTM,9165.0,145678.0,145678.0,1335138870.0,1335138870.0,KOSPI,-0.05
0115D0,KODEX 조선TOP10,7600.0,1007957.0,1007957.0,7660473200.0,7660473200.0,KOSPI,-1.11
039570,HDC랩스,7560.0,5204.0,5204.0,39342240.0,39342240.0,KOSPI,0.0
001130,대한제분,11570.0,17972.0,29458.0,207936040.0,340829060.0,KOSPI,-0.52
117580,대성에너지,7100.0,62223.0,62223.0,441783300.0,441783300.0,KOSPI,-0.14
001630,종근당홀딩스,38800.0,1674.0,3564.0,64951200.0,138283200.0,KOSPI,-0.13
302190,TIGER 중장기국채,50025.0,2070.0,2070.0,103551750.0,103551750.0,KOSPI,-0.02
0192Z0,TIGER 중기종합채권(A-이상)액티브,101035.0,26001.0,26001.0,2627011035.0,2627011035.0,KOSPI,0.07
495550,SOL 코리아밸류업TR,33255.0,12615.0,12615.0,419511825.0,419511825.0,KOSPI,-0.25
053210,스카이라이프,4055.0,33983.0,33983.0,137801065.0,137801065.0,KOSPI,-1.22
377190,디앤디플랫폼리츠,2170.0,166814.0,166814.0,361986380.0,361986380.0,KOSPI,-0.69
480040,ACE 미국반도체데일리타겟커버드콜(합성),14480.0,244924.0,244924.0,3546499520.0,3546499520.0,KOSPI,1.61
016580,환인제약,10250.0,23746.0,23746.0,243396500.0,243396500.0,KOSPI,-1.25
0091C0,KODEX 미국10년국채액티브(H),9530.0,175374.0,175374.0,1671314220.0,1671314220.0,KOSPI,0.0
095570,AJ네트웍스,4190.0,51942.0,51942.0,217636980.0,217636980.0,KOSPI,0.48
128820,대성산업,4185.0,102391.0,102391.0,428506335.0,428506335.0,KOSPI,0.6
339770,교촌에프앤비,3785.0,70936.0,70936.0,268492760.0,268492760.0,KOSPI,-0.39
530104,삼성 레버리지 코스피200 선물 ETN,189115.0,4721.0,4721.0,892811915.0,892811915.0,KOSPI,-1.39
433980,KODEX TDF2040액티브 적격,15680.0,40254.0,40254.0,631182720.0,631182720.0,KOSPI,-0.03
003547,대신증권2우B,19600.0,20626.0,20626.0,404269600.0,404269600.0,KOSPI,-0.61
500069,신한 레버리지 코스피 200 선물 ETN,187825.0,13.0,13.0,2441725.0,2441725.0,KOSPI,-1.4
122090,PLUS 코스피50,83195.0,53691.0,53691.0,4466822745.0,4466822745.0,KOSPI,-0.12
486830,HANARO 머니마켓액티브,53310.0,616.0,616.0,32838960.0,32838960.0,KOSPI,-0.01
0047A0,TIGER 차이나테크TOP10,12310.0,23262.0,23262.0,286355220.0,286355220.0,KOSPI,-1.72
0069M0,1Q 미국나스닥100,13170.0,231903.0,231903.0,3054162510.0,3054162510.0,KOSPI,0.04
000140,하이트진로홀딩스,8000.0,6152.0,6152.0,49216000.0,49216000.0,KOSPI,-0.12
0082V0,KODEX TDF2060액티브 적격,11110.0,45356.0,45356.0,503905160.0,503905160.0,KOSPI,-0.04
429000,TIGER 미국S&P500배당귀족,12960.0,62562.0,62562.0,810803520.0,810803520.0,KOSPI,-0.19
102460,이연제약,9930.0,13125.0,13125.0,130331250.0,130331250.0,KOSPI,-0.1
0093A0,RISE AI반도체TOP10,33520.0,124012.0,124012.0,4156882240.0,4156882240.0,KOSPI,-0.97
002420,우양피앤엘,5910.0,28335.0,28335.0,167459850.0,167459850.0,KOSPI,0.85
102260,동성케미컬,3625.0,83573.0,83573.0,302952125.0,302952125.0,KOSPI,-2.29
494330,ACE 라이프자산주주가치액티브,33060.0,40862.0,40862.0,1350897720.0,1350897720.0,KOSPI,0.18
394670,TIGER 글로벌리튬&2차전지SOLACTIVE(합성),10815.0,25174.0,25174.0,272256810.0,272256810.0,KOSPI,-1.05
487570,HS효성,48850.0,2139.0,2139.0,104490150.0,104490150.0,KOSPI,0.0
500099,신한 WTI원유 선물 ETN,18165.0,1594.0,1594.0,28955010.0,28955010.0,KOSPI,1.09
015230,대창단조,6690.0,108442.0,108442.0,725476980.0,725476980.0,KOSPI,1.83
002150,도화엔지니어링,5380.0,52781.0,52781.0,283961780.0,283961780.0,KOSPI,0.56
014710,사조씨푸드,10520.0,8295.0,8295.0,87263400.0,87263400.0,KOSPI,-3.49
033530,SJG세종,6690.0,49596.0,49596.0,331797240.0,331797240.0,KOSPI,-2.9
002100,경농,9220.0,28208.0,28208.0,260077760.0,260077760.0,KOSPI,-1.18
213500,한솔제지,7530.0,15405.0,15405.0,115999650.0,115999650.0,KOSPI,-0.26
003220,대원제약,7990.0,19784.0,54700.0,158074160.0,437053000.0,KOSPI,-0.12
005960,동부건설,7790.0,57991.0,57991.0,451749890.0,451749890.0,KOSPI,1.43
000390,SP삼화,6560.0,50619.0,50619.0,332060640.0,332060640.0,KOSPI,1.08
0005G0,IBK K-AI반도체코어테크,51700.0,24736.0,24736.0,1278851200.0,1278851200.0,KOSPI,-0.93
007860,서연,7590.0,38387.0,38387.0,291357330.0,291357330.0,KOSPI,-2.06
332500,ACE 200TR,74205.0,28296.0,28296.0,2099704680.0,2099704680.0,KOSPI,-0.46
483290,KODEX 미국배당다우존스타겟커버드콜,9995.0,141613.0,141613.0,1415421935.0,1415421935.0,KOSPI,-0.5
0190G0,KODEX 반도체타겟위클리커버드콜,9070.0,470385.0,470385.0,4266391950.0,4266391950.0,KOSPI,0.22
004560,현대비앤지스틸,11720.0,21074.0,21074.0,246987280.0,246987280.0,KOSPI,0.26
016450,한세예스24홀딩스,4415.0,6100.0,6100.0,26931500.0,26931500.0,KOSPI,-0.45
003610,방림,5490.0,42104.0,42104.0,231150960.0,231150960.0,KOSPI,0.37
530134,삼성 블룸버그 인버스2X WTI원유선물 ETN B,1957.0,2959963.0,2959963.0,5792647591.0,5792647591.0,KOSPI,-2.39
473460,KODEX 미국서학개미,23000.0,13733.0,13733.0,315859000.0,315859000.0,KOSPI,-0.56
234080,JW생명과학,11070.0,9703.0,9703.0,107412210.0,107412210.0,KOSPI,-0.36
241590,화승엔터프라이즈,2890.0,25367.0,25367.0,73310630.0,73310630.0,KOSPI,0.52
0099L0,ACE 우량회사채(AA-이상)액티브,99770.0,425.0,425.0,42402250.0,42402250.0,KOSPI,-0.02
003460,유화증권,3055.0,22927.0,22927.0,70041985.0,70041985.0,KOSPI,-0.49
412570,TIGER 2차전지TOP10레버리지,1191.0,11395793.0,11395793.0,13572389463.0,13572389463.0,KOSPI,-5.48
461950,KODEX 2차전지핵심소재10,4885.0,940455.0,940455.0,4594122675.0,4594122675.0,KOSPI,-1.91
403790,MIDAS 코스피액티브,58500.0,4097.0,4097.0,239674500.0,239674500.0,KOSPI,-0.51
480020,ACE 미국빅테크7+데일리타겟커버드콜(합성),10200.0,429124.0,429124.0,4377064800.0,4377064800.0,KOSPI,-0.2
0040X0,SOL 팔란티어미국채커버드콜혼합,9135.0,164786.0,164786.0,1505320110.0,1505320110.0,KOSPI,-0.05
000700,유수홀딩스,6500.0,13871.0,13871.0,90161500.0,90161500.0,KOSPI,-1.07
013890,지누스,7710.0,3787.0,4836.0,29197770.0,37285560.0,KOSPI,-1.15
494220,UNICORN SK하이닉스밸류체인액티브,47420.0,88061.0,88061.0,4175852620.0,4175852620.0,KOSPI,-1.57
472870,RISE 미국30년국채엔화노출(합성 H),6930.0,342081.0,342081.0,2370621330.0,2370621330.0,KOSPI,1.61
000860,강남제비스코,12900.0,9739.0,9739.0,125633100.0,125633100.0,KOSPI,-0.69
004380,삼익THK,8090.0,22389.0,22389.0,181127010.0,181127010.0,KOSPI,-0.37
025560,미래산업,6010.0,381156.0,381156.0,2290747560.0,2290747560.0,KOSPI,-3.06
337160,KODEX 200ESG,48635.0,18588.0,18588.0,904027380.0,904027380.0,KOSPI,-0.62
490600,RISE 미국배당100데일리고정커버드콜,8830.0,206082.0,206082.0,1819704060.0,1819704060.0,KOSPI,-0.34
160580,TIGER 구리실물,16185.0,82698.0,82698.0,1338467130.0,1338467130.0,KOSPI,2.6
237370,KODEX 코리아배당성장채권혼합,15770.0,37429.0,37429.0,590255330.0,590255330.0,KOSPI,-0.19
200250,KIWOOM 인도Nifty50(합성),20680.0,7865.0,7865.0,162648200.0,162648200.0,KOSPI,-0.7
006805,미래에셋증권우,12140.0,50436.0,50436.0,612293040.0,612293040.0,KOSPI,0.58
0051G0,SOL 미국원자력SMR,13250.0,189343.0,189343.0,2508794750.0,2508794750.0,KOSPI,0.15
233160,TIGER 코스닥150 레버리지,7270.0,1861399.0,1861399.0,13532370730.0,13532370730.0,KOSPI,-4.66
101530,해태제과식품,5560.0,21155.0,21155.0,117621800.0,117621800.0,KOSPI,-0.18
520098,미래에셋 레버리지 반도체 ETN,26875.0,43377.0,43377.0,1165756875.0,1165756875.0,KOSPI,0.39
090350,노루페인트,8050.0,27150.0,27150.0,218557500.0,218557500.0,KOSPI,0.25
097955,CJ제일제당 우,121100.0,2908.0,2908.0,352158800.0,352158800.0,KOSPI,-0.25
0064K0,KODEX 금액티브,12405.0,102901.0,102901.0,1276486905.0,1276486905.0,KOSPI,0.49
002170,SYTS,52900.0,706.0,706.0,37347400.0,37347400.0,KOSPI,-0.75
272560,RISE 단기국공채액티브,114925.0,2756.0,2756.0,316733300.0,316733300.0,KOSPI,0.01
007570,일양약품,8240.0,12603.0,12603.0,103848720.0,103848720.0,KOSPI,-1.08
011785,금호석유화학우,51900.0,1444.0,1444.0,74943600.0,74943600.0,KOSPI,-0.38
001045,CJ우,69300.0,5571.0,5571.0,386070300.0,386070300.0,KOSPI,-0.14
152870,파워 200,111515.0,73.0,73.0,8140595.0,8140595.0,KOSPI,-0.38
491610,1Q CD금리액티브(합성),104920.0,14447.0,14447.0,1515779240.0,1515779240.0,KOSPI,0.01
480030,ACE 미국500데일리타겟커버드콜(합성),9720.0,152548.0,152548.0,1482766560.0,1482766560.0,KOSPI,-0.1
001780,알루코,1601.0,248013.0,248013.0,397068813.0,397068813.0,KOSPI,-0.37
460850,동국씨엠,5130.0,62676.0,62676.0,321527880.0,321527880.0,KOSPI,-2.29
400760,NH올원리츠,2790.0,57936.0,57936.0,161641440.0,161641440.0,KOSPI,-0.36
00279K,아모레퍼시픽홀딩스3우C,21600.0,871.0,871.0,18813600.0,18813600.0,KOSPI,0.93
016880,웅진,1916.0,261701.0,261701.0,501419116.0,501419116.0,KOSPI,-5.38
462520,조선내화,12900.0,5765.0,5765.0,74368500.0,74368500.0,KOSPI,-0.08
077500,유니퀘스트,7080.0,100200.0,100200.0,709416000.0,709416000.0,KOSPI,-1.26
271980,제일약품,10370.0,26450.0,26450.0,274286500.0,274286500.0,KOSPI,-1.24
464240,KIWOOM 26-09회사채(AA-이상)액티브,52015.0,7.0,7.0,364105.0,364105.0,KOSPI,0.01
001210,금호전기,12310.0,5081864.0,5081864.0,62557745840.0,62557745840.0,KOSPI,-2.92
491820,HANARO 전력설비투자,42305.0,74390.0,74390.0,3147068950.0,3147068950.0,KOSPI,-3.15
000970,한국주철관,6660.0,25351.0,25351.0,168837660.0,168837660.0,KOSPI,0.0
003830,대한화섬,114300.0,230.0,230.0,26289000.0,26289000.0,KOSPI,-0.17
025820,이구산업,4520.0,1018047.0,1018047.0,4601572440.0,4601572440.0,KOSPI,5.98
009470,삼화전기,22800.0,28582.0,28582.0,651669600.0,651669600.0,KOSPI,-1.08
0193G0,KoAct 코스피액티브,8585.0,234505.0,234505.0,2013225425.0,2013225425.0,KOSPI,0.0
570051,한투 나스닥100 ETN,30000.0,110.0,110.0,3300000.0,3300000.0,KOSPI,0.08
138520,TIGER 삼성그룹,37105.0,31089.0,31089.0,1153557345.0,1153557345.0,KOSPI,-0.38
293480,하나제약,8430.0,11448.0,11448.0,96506640.0,96506640.0,KOSPI,-0.82
272550,삼양패키징,9910.0,8052.0,8052.0,79795320.0,79795320.0,KOSPI,0.61
219480,KODEX 미국S&P500선물(H),33160.0,1993.0,1993.0,66087880.0,66087880.0,KOSPI,-0.33
071840,롯데하이마트,6320.0,4722.0,4722.0,29843040.0,29843040.0,KOSPI,0.16
0005D0,SOL 전고체배터리&실리콘음극재,14270.0,613843.0,613843.0,8759539610.0,8759539610.0,KOSPI,-3.06
354500,ACE 코스닥150,13805.0,68637.0,68637.0,947533785.0,947533785.0,KOSPI,-2.47
458210,KIWOOM CD금리액티브(합성),110655.0,363.0,363.0,40167765.0,40167765.0,KOSPI,0.01
0153K0,KODEX 주주환원고배당주,12380.0,140940.0,140940.0,1744837200.0,1744837200.0,KOSPI,-0.4
004970,신라교역,9270.0,14153.0,14153.0,131198310.0,131198310.0,KOSPI,-0.64
271050,KODEX WTI원유선물인버스(H),1800.0,5562737.0,5562737.0,10012926600.0,10012926600.0,KOSPI,-1.32
0151P0,RISE 코리아전략산업액티브,14785.0,94567.0,94567.0,1398173095.0,1398173095.0,KOSPI,-1.3
107590,미원홀딩스,63400.0,103.0,103.0,6530200.0,6530200.0,KOSPI,-0.94
488720,WON 종합채권(AA-이상)액티브,48665.0,173.0,173.0,8419045.0,8419045.0,KOSPI,0.03
143860,TIGER 헬스케어,36430.0,18665.0,18665.0,679965950.0,679965950.0,KOSPI,-1.99
0048K0,KODEX 차이나휴머노이드로봇,8045.0,563403.0,563403.0,4532577135.0,4532577135.0,KOSPI,-1.29
004090,한국석유,11530.0,204547.0,204547.0,2358426910.0,2358426910.0,KOSPI,0.26
000020,동화약품,5220.0,88157.0,88157.0,460179540.0,460179540.0,KOSPI,0.0
550089,N2 월간 레버리지 코스피 200 선물 ETN,145330.0,147.0,147.0,21363510.0,21363510.0,KOSPI,-0.78
004150,한솔홀딩스,3510.0,61541.0,61541.0,216008910.0,216008910.0,KOSPI,-1.27
451530,TIGER 국고채30년스트립액티브,34485.0,6235.0,6235.0,215013975.0,215013975.0,KOSPI,-0.29
0127M0,ACE 미국대형가치주액티브,12130.0,3452.0,3452.0,41872760.0,41872760.0,KOSPI,0.04
0180V0,ACE 미국우주테크액티브,7605.0,214981.0,214981.0,1634930505.0,1634930505.0,KOSPI,0.53
002210,동성제약,1487.0,101904.0,101904.0,151531248.0,151531248.0,KOSPI,0.95
004960,한신공영,12290.0,52224.0,52224.0,641832960.0,641832960.0,KOSPI,-1.21
0104H0,KoAct 미국나스닥채권혼합50액티브,11590.0,39914.0,39914.0,462603260.0,462603260.0,KOSPI,0.17
139220,TIGER 200 건설,8270.0,979928.0,979928.0,8104004560.0,8104004560.0,KOSPI,3.12
245340,TIGER 미국다우존스30,34670.0,23825.0,23825.0,826012750.0,826012750.0,KOSPI,-0.17
003480,한진중공업홀딩스,4735.0,14392.0,14392.0,68146120.0,68146120.0,KOSPI,-0.11
500037,신한 레버리지 금 선물 ETN,69870.0,391.0,391.0,27319170.0,27319170.0,KOSPI,1.14
481180,SOL 미국AI소프트웨어,15785.0,74637.0,74637.0,1178145045.0,1178145045.0,KOSPI,-0.57
495330,1Q 코리아밸류업,32410.0,5279.0,5279.0,171092390.0,171092390.0,KOSPI,0.05
081000,일진다이아,9800.0,28614.0,28614.0,280417200.0,280417200.0,KOSPI,0.72
094280,효성ITX,12030.0,2176.0,2176.0,26177280.0,26177280.0,KOSPI,-0.41
015890,태경산업,4745.0,18761.0,18761.0,89020945.0,89020945.0,KOSPI,-0.63
001080,만호제강,3945.0,30402.0,30402.0,119935890.0,119935890.0,KOSPI,-1.37
498180,파워 종합채권(AA-이상)액티브,93255.0,200.0,200.0,18651000.0,18651000.0,KOSPI,0.11
0092B0,SOL 한국원자력SMR,16945.0,580171.0,580171.0,9830997595.0,9830997595.0,KOSPI,3.64
0131W0,1Q 단기특수은행채액티브,102170.0,2097.0,2097.0,214250490.0,214250490.0,KOSPI,0.02
0199C0,ACE 고배당주Plus커버드콜액티브,9290.0,689958.0,689958.0,6409709820.0,6409709820.0,KOSPI,-0.21
0041E0,KODEX 미국S&P500액티브,15695.0,126931.0,126931.0,1992182045.0,1992182045.0,KOSPI,-0.1
457990,PLUS 태양광&ESS,34900.0,235517.0,235517.0,8219543300.0,8219543300.0,KOSPI,-2.53
008350,남선알미늄,1050.0,448395.0,448395.0,470814750.0,470814750.0,KOSPI,-0.66
000520,삼일제약,6210.0,39849.0,39849.0,247462290.0,247462290.0,KOSPI,-1.11
530136,삼성 인버스 2X 천연가스 선물 ETN D,13465.0,54243.0,54243.0,730381995.0,730381995.0,KOSPI,-0.37
760007,키움 코스피 200 TR ETN,33620.0,81.0,81.0,2723220.0,2723220.0,KOSPI,-0.87
024090,디씨엠,11780.0,1183.0,1183.0,13935740.0,13935740.0,KOSPI,1.2
476450,KIWOOM 머니마켓액티브,52795.0,471.0,471.0,24866445.0,24866445.0,KOSPI,-0.01
006060,화승인더,2420.0,30013.0,30013.0,72631460.0,72631460.0,KOSPI,-0.82
520066,미래에셋 KRX금현물 Auto-KO-C 2810-01 ETN,22225.0,42018.0,42018.0,933850050.0,933850050.0,KOSPI,0.29
304660,KODEX 미국30년국채울트라선물(H),7235.0,52217.0,52217.0,377789995.0,377789995.0,KOSPI,0.0
0184L0,PLUS 중기종합채권(A-이상)액티브,100670.0,131.0,131.0,13187770.0,13187770.0,KOSPI,0.0
476030,SOL 미국나스닥100,16685.0,42554.0,42554.0,710013490.0,710013490.0,KOSPI,0.09
012610,경인양행,3145.0,73525.0,73525.0,231236125.0,231236125.0,KOSPI,0.0
267290,경동도시가스,22200.0,6567.0,6567.0,145787400.0,145787400.0,KOSPI,0.45
0123G0,TIGER 미국AI전력SMR,6485.0,87114.0,87114.0,564934290.0,564934290.0,KOSPI,1.01
448100,WON 200,113585.0,33200.0,33200.0,3771022000.0,3771022000.0,KOSPI,-0.31
004080,신흥,14000.0,814.0,814.0,11396000.0,11396000.0,KOSPI,-0.07
471760,TIGER AI반도체핵심공정,14075.0,495207.0,495207.0,6970038525.0,6970038525.0,KOSPI,-3.2
570050,한투 S&P500선물 ETN,25995.0,4.0,4.0,103980.0,103980.0,KOSPI,-0.06
002390,한독,9420.0,17722.0,17722.0,166941240.0,166941240.0,KOSPI,-1.15
463290,1Q 단기금융채액티브,109320.0,796.0,796.0,87018720.0,87018720.0,KOSPI,0.01
214390,경보제약,5390.0,24282.0,24282.0,130879980.0,130879980.0,KOSPI,-2.18
461500,HANARO 종합채권(AA-이상)액티브,105080.0,56.0,56.0,5884480.0,5884480.0,KOSPI,0.16
014280,금강공업,4345.0,41230.0,41230.0,179144350.0,179144350.0,KOSPI,1.76
037560,LG헬로비전,1644.0,64262.0,64262.0,105646728.0,105646728.0,KOSPI,-0.6
009270,신원,1107.0,500597.0,500597.0,554160879.0,554160879.0,KOSPI,-2.04
760011,키움 레버리지 2차전지산업 ETN,8175.0,1613.0,1613.0,13186275.0,13186275.0,KOSPI,-3.77
325010,KODEX 성장주,43615.0,26026.0,26026.0,1135123990.0,1135123990.0,KOSPI,-0.23
210540,디와이파워,11430.0,20022.0,20022.0,228851460.0,228851460.0,KOSPI,-1.38
013520,화승코퍼레이션,2520.0,70361.0,70361.0,177309720.0,177309720.0,KOSPI,-2.89
001360,삼성제약,1339.0,334303.0,334303.0,447631717.0,447631717.0,KOSPI,1.13
078000,텔코웨어,13590.0,1165.0,1165.0,15832350.0,15832350.0,KOSPI,1.34
0074K0,KoAct K수출핵심기업TOP30액티브,16715.0,43901.0,43901.0,733805215.0,733805215.0,KOSPI,-1.21
463680,KODEX 미국S&P500테크놀로지,21720.0,18418.0,18418.0,400038960.0,400038960.0,KOSPI,-0.34
192090,TIGER 차이나CSI300,12005.0,25411.0,25411.0,305059055.0,305059055.0,KOSPI,-0.21
0168K0,TIGER 기술이전바이오액티브,5875.0,988248.0,988248.0,5805957000.0,5805957000.0,KOSPI,-2.0
214420,토니모리,5150.0,59909.0,59909.0,308531350.0,308531350.0,KOSPI,-1.9
114820,TIGER 국채3년,105115.0,1773.0,1773.0,186368895.0,186368895.0,KOSPI,-0.01
089470,HDC현대EP,3875.0,27579.0,27579.0,106868625.0,106868625.0,KOSPI,-0.51
008970,KBI동양철관,1191.0,5546241.0,5546241.0,6605573031.0,6605573031.0,KOSPI,4.2
007540,샘표,42950.0,1076.0,1076.0,46214200.0,46214200.0,KOSPI,-0.12
350520,이지스레지던스리츠,3350.0,114100.0,114100.0,382235000.0,382235000.0,KOSPI,-1.47
491230,PLUS 국공채머니마켓액티브,52530.0,8471.0,8471.0,444981630.0,444981630.0,KOSPI,0.03
182480,TIGER 미국MSCI리츠(합성 H),13490.0,9148.0,9148.0,123406520.0,123406520.0,KOSPI,-0.07
0000Y0,HK 26-12 회사채(AA-이상)액티브,101920.0,31.0,31.0,3159520.0,3159520.0,KOSPI,0.02
411420,KODEX 미국나스닥AI테크액티브,25840.0,10609.0,10609.0,274136560.0,274136560.0,KOSPI,0.14
005800,신영와코루,13570.0,2501.0,2501.0,33938570.0,33938570.0,KOSPI,0.0
447620,SOL 미국TOP5채권혼합50,15645.0,35894.0,35894.0,561561630.0,561561630.0,KOSPI,-0.38
002620,제일파마홀딩스,7620.0,711.0,711.0,5417820.0,5417820.0,KOSPI,0.13
009070,KCTC,4050.0,110400.0,110400.0,447120000.0,447120000.0,KOSPI,-1.58
438560,SOL 국고채3년,100435.0,104.0,104.0,10445240.0,10445240.0,KOSPI,0.0
328370,PLUS 코스피TR,39095.0,1428.0,1428.0,55827660.0,55827660.0,KOSPI,-0.34
079430,현대리바트,5940.0,22506.0,22506.0,133685640.0,133685640.0,KOSPI,-1.33
377990,TIGER Fn신재생에너지,24080.0,81938.0,81938.0,1973067040.0,1973067040.0,KOSPI,-1.99
438570,SOL 국고채10년,97955.0,196.0,196.0,19199180.0,19199180.0,KOSPI,-0.07
332940,HANARO MSCI Korea TR,49425.0,240.0,240.0,11862000.0,11862000.0,KOSPI,0.47
469170,ACE 포스코그룹포커스,5900.0,440510.0,440510.0,2599009000.0,2599009000.0,KOSPI,-1.58
0181B0,HANARO 미국AI메모리반도체TOP4+,9785.0,402179.0,402179.0,3935321515.0,3935321515.0,KOSPI,0.41
227840,현대코퍼레이션홀딩스,12950.0,7262.0,7262.0,94042900.0,94042900.0,KOSPI,-1.52
008040,사조동아원,8310.0,43366.0,43366.0,360371460.0,360371460.0,KOSPI,-4.48
367770,RISE 수소경제테마,22540.0,33382.0,33382.0,752430280.0,752430280.0,KOSPI,-1.21
399110,SOL 미국S&P500ESG,20540.0,14328.0,14328.0,294297120.0,294297120.0,KOSPI,0.1
017550,수산세보틱스,1872.0,281346.0,281346.0,526679712.0,526679712.0,KOSPI,-0.16
034590,인천도시가스,26650.0,297.0,297.0,7915050.0,7915050.0,KOSPI,0.0
011690,와이투솔루션,3175.0,71892.0,71892.0,228257100.0,228257100.0,KOSPI,-1.4
319640,TIGER 골드선물(H),25880.0,26241.0,26241.0,679117080.0,679117080.0,KOSPI,0.12
0008T0,SOL 화장품TOP3플러스,17850.0,1397941.0,1397941.0,24953246850.0,24953246850.0,KOSPI,-1.65
001520,동양,1074.0,136136.0,136136.0,146210064.0,146210064.0,KOSPI,-0.83
013570,디와이,4370.0,41928.0,41928.0,183225360.0,183225360.0,KOSPI,-0.46
0209D0,KODEX 전고체배터리ESS TOP2플러스,7975.0,1053611.0,1053611.0,8402547725.0,8402547725.0,KOSPI,-3.04
0122W0,RISE 26-11 회사채(AA-이상)액티브,51010.0,19.0,19.0,969190.0,969190.0,KOSPI,0.01
083420,그린케미칼,4730.0,37984.0,37984.0,179664320.0,179664320.0,KOSPI,-0.84
014530,극동유화,3250.0,71234.0,71234.0,231510500.0,231510500.0,KOSPI,0.31
016710,대성홀딩스,6960.0,17207.0,17207.0,119760720.0,119760720.0,KOSPI,0.87
550092,N2 월간 레버리지 방위산업 Top5 ETN,111910.0,64.0,64.0,7162240.0,7162240.0,KOSPI,-1.85
488500,TIGER 미국S&P500동일가중,12365.0,27821.0,27821.0,344006665.0,344006665.0,KOSPI,0.0
530055,삼성 레버리지 금 선물 ETN(H),111700.0,364.0,364.0,40658800.0,40658800.0,KOSPI,0.25
530107,삼성 인버스 2X 코스닥150 선물 ETN,1858.0,20015429.0,20015429.0,37188667082.0,37188667082.0,KOSPI,4.32
078935,GS우,62600.0,4095.0,4095.0,256347000.0,256347000.0,KOSPI,-0.16
012320,경동인베스트,47100.0,2358.0,2358.0,111061800.0,111061800.0,KOSPI,-1.46
011280,태림포장,1573.0,67075.0,67075.0,105508975.0,105508975.0,KOSPI,-2.24
0000J0,PLUS 한화그룹주,27825.0,71488.0,71488.0,1989153600.0,1989153600.0,KOSPI,-0.89
023450,동남합성,31800.0,711.0,711.0,22609800.0,22609800.0,KOSPI,0.32
0135Y0,IBK 중기종합채권(AA-이상)액티브,100520.0,63.0,63.0,6332760.0,6332760.0,KOSPI,0.0
326240,RISE IT플러스,43765.0,6453.0,6453.0,282415545.0,282415545.0,KOSPI,-1.41
309230,ACE 미국WideMoat동일가중,30115.0,10475.0,10475.0,315454625.0,315454625.0,KOSPI,0.0
530061,삼성 레버리지 은 선물 ETN(H),36745.0,10520.0,10520.0,386557400.0,386557400.0,KOSPI,1.04
003010,혜인,8660.0,770200.0,770200.0,6669932000.0,6669932000.0,KOSPI,-2.7
266370,KODEX IT,68655.0,25030.0,25030.0,1718434650.0,1718434650.0,KOSPI,-1.07
251340,KODEX 코스닥150선물인버스,2485.0,25975326.0,25975326.0,64548685110.0,64548685110.0,KOSPI,2.69
372330,KODEX 차이나항셍테크,6530.0,77290.0,77290.0,504703700.0,504703700.0,KOSPI,-1.36
002460,HS화성,10790.0,3244.0,3244.0,35002760.0,35002760.0,KOSPI,-1.55
004250,NPC,2970.0,16417.0,16417.0,48758490.0,48758490.0,KOSPI,-0.34
0174B0,KoAct 글로벌AI메모리반도체액티브,14530.0,124482.0,124482.0,1808723460.0,1808723460.0,KOSPI,-0.48
304940,KODEX 미국나스닥100선물(H),32495.0,3506.0,3506.0,113927470.0,113927470.0,KOSPI,-0.2
0080Y0,SOL 조선TOP3플러스레버리지,8525.0,360274.0,360274.0,3071335850.0,3071335850.0,KOSPI,-2.46
0138Y0,PLUS 금채권혼합,9710.0,103139.0,103139.0,1001479690.0,1001479690.0,KOSPI,0.21
010100,한국무브넥스,3545.0,102586.0,102586.0,363667370.0,363667370.0,KOSPI,-0.42
012800,대창,1183.0,583213.0,583213.0,689940979.0,689940979.0,KOSPI,1.2
0221V0,IBK 초단기채권액티브,100500.0,50.0,50.0,5025000.0,5025000.0,KOSPI,0.01
496090,KIWOOM 코리아밸류업,32360.0,1201.0,1201.0,38864360.0,38864360.0,KOSPI,-1.04
0085P0,ACE 미국10년국채액티브,9520.0,194854.0,194854.0,1855010080.0,1855010080.0,KOSPI,0.26
0193M0,BNK 27-12 특수채(AAA이상)액티브,50405.0,9.0,9.0,453645.0,453645.0,KOSPI,0.0
455860,SOL 2차전지소부장Fn,4455.0,533098.0,533098.0,2374951590.0,2374951590.0,KOSPI,-2.09
203780,TIGER 미국나스닥바이오,35380.0,17170.0,17170.0,607474600.0,607474600.0,KOSPI,0.77
37550L,DL이앤씨2우(전환),50200.0,12338.0,12338.0,619367600.0,619367600.0,KOSPI,0.4
464930,TIGER 글로벌혁신블루칩TOP10,20380.0,17999.0,17999.0,366819620.0,366819620.0,KOSPI,-0.73
0091M0,HANARO 27-06 회사채(AA-이상)액티브,10160.0,501059.0,501059.0,5090759440.0,5090759440.0,KOSPI,-0.1
016740,두올,3680.0,17826.0,17826.0,65599680.0,65599680.0,KOSPI,-0.81
120030,조선선재,83800.0,294.0,294.0,24637200.0,24637200.0,KOSPI,-0.12
002450,삼익악기,1163.0,162575.0,162575.0,189074725.0,189074725.0,KOSPI,-0.34
0132K0,PLUS 테슬라위클리커버드콜채권혼합,7955.0,153315.0,153315.0,1219620825.0,1219620825.0,KOSPI,-0.44
014580,태경비케이,3805.0,30676.0,30676.0,116722180.0,116722180.0,KOSPI,-0.13
464310,TIGER 글로벌AI&로보틱스 INDXX,13440.0,13328.0,13328.0,179128320.0,179128320.0,KOSPI,-0.52
0036R0,RISE 미국휴머노이드로봇,18705.0,38157.0,38157.0,713726685.0,713726685.0,KOSPI,0.29
475050,ACE KPOP포커스,7120.0,799308.0,799308.0,5691072960.0,5691072960.0,KOSPI,0.85
570116,한투 레버리지WTI원유선물 ETN B,52315.0,424.0,424.0,22181560.0,22181560.0,KOSPI,2.82
248170,샘표식품,22900.0,2162.0,2162.0,49509800.0,49509800.0,KOSPI,-0.22
092220,KEC,2605.0,285046.0,285046.0,742544830.0,742544830.0,KOSPI,-0.76
0232A0,MIDAS 머니마켓액티브,100135.0,101.0,101.0,10113635.0,10113635.0,KOSPI,0.02
168580,ACE 중국본토CSI300,33340.0,818.0,818.0,27272120.0,27272120.0,KOSPI,0.62
027970,한국제지,2735.0,14779.0,14779.0,40420565.0,40420565.0,KOSPI,-0.73
021820,세원정공,10400.0,6567.0,6567.0,68296800.0,68296800.0,KOSPI,-2.16
004100,태양금속,2830.0,391320.0,391320.0,1107435600.0,1107435600.0,KOSPI,2.17
006660,삼성공조,12770.0,492284.0,492284.0,6286466680.0,6286466680.0,KOSPI,1.03
476850,KoAct 배당성장액티브,21700.0,69853.0,69853.0,1515810100.0,1515810100.0,KOSPI,-0.6
500050,신한 레버리지 S&P500 선물 ETN,51465.0,16.0,16.0,823440.0,823440.0,KOSPI,-0.46
267850,아시아나IDT,9270.0,4151.0,4151.0,38479770.0,38479770.0,KOSPI,0.0
006840,AK홀딩스,7740.0,4112.0,4112.0,31826880.0,31826880.0,KOSPI,2.11
002780,진흥기업,7040.0,270759.0,270759.0,1906143360.0,1906143360.0,KOSPI,-7.0
610037,메리츠 미국채30년 ETN(H),7285.0,2.0,2.0,14570.0,14570.0,KOSPI,0.0
0137V0,KIWOOM 미국S&P500모멘텀,11320.0,55594.0,55594.0,629324080.0,629324080.0,KOSPI,0.62
123690,한국화장품,6320.0,42419.0,42419.0,268088080.0,268088080.0,KOSPI,-1.1
035000,HS애드,6260.0,223389.0,223389.0,1398415140.0,1398415140.0,KOSPI,-4.57
465780,마이티 26-09 특수채(AAA)액티브,106440.0,1.0,1.0,106440.0,106440.0,KOSPI,0.0
475280,ACE 8월만기자동연장회사채AA-이상액티브,10750.0,234.0,234.0,2515500.0,2515500.0,KOSPI,0.05
264900,크라운제과,8060.0,6203.0,6203.0,49996180.0,49996180.0,KOSPI,-0.37
394660,TIGER 글로벌자율주행&전기차SOLACTIVE,15375.0,4413.0,4413.0,67849875.0,67849875.0,KOSPI,-0.03
114100,RISE 국고채3년,106055.0,5031.0,5031.0,533562705.0,533562705.0,KOSPI,0.03
261270,KODEX 미국달러선물인버스,8315.0,51296.0,51296.0,426526240.0,426526240.0,KOSPI,-0.24
0176E0,RISE 미국AI전력인프라액티브,9520.0,18320.0,18320.0,174406400.0,174406400.0,KOSPI,0.42
036580,팜스코,2695.0,67117.0,67117.0,180880315.0,180880315.0,KOSPI,-0.74
009580,무림P&P,1585.0,71550.0,71550.0,113406750.0,113406750.0,KOSPI,-1.25
067830,세이브존I&C,2405.0,10589.0,10589.0,25466545.0,25466545.0,KOSPI,0.21
465610,ACE 미국빅테크TOP7 Plus레버리지(합성),40875.0,8762.0,8762.0,358146750.0,358146750.0,KOSPI,-0.44
012200,계양전기,3600.0,305983.0,305983.0,1101538800.0,1101538800.0,KOSPI,-1.91
008260,NI스틸,3415.0,74447.0,74447.0,254236505.0,254236505.0,KOSPI,0.29
013700,까뮤이앤씨,1629.0,245062.0,245062.0,399205998.0,399205998.0,KOSPI,-1.99
008700,아남전자,1261.0,189001.0,189001.0,238330261.0,238330261.0,KOSPI,-1.94
014790,HL D&I,2560.0,21203.0,21203.0,54279680.0,54279680.0,KOSPI,0.0
0142D0,TIGER 미국AI데이터센터TOP4Plus,10585.0,213869.0,213869.0,2263803365.0,2263803365.0,KOSPI,0.43
0177X0,ACE K휴머노이드로봇산업TOP2+,9340.0,331557.0,331557.0,3096742380.0,3096742380.0,KOSPI,-3.56
070960,모나용평,1990.0,36826.0,36826.0,73283740.0,73283740.0,KOSPI,-1.0
417310,코람코더원리츠,2365.0,92689.0,92689.0,219209485.0,219209485.0,KOSPI,0.0
032560,황금에스티,5610.0,9669.0,9669.0,54243090.0,54243090.0,KOSPI,-0.88
014440,영보화학,4755.0,11394.0,11394.0,54178470.0,54178470.0,KOSPI,-0.63
363280,티와이홀딩스,2090.0,31126.0,31126.0,65053340.0,65053340.0,KOSPI,3.21
195980,PLUS 신흥국MSCI(합성 H),15490.0,13300.0,13300.0,206017000.0,206017000.0,KOSPI,-0.48
580039,KB 레버리지 KOSPI 200 선물 ETN,189180.0,976.0,976.0,184639680.0,184639680.0,KOSPI,0.03
473440,ACE 11월만기자동연장회사채AA-이상액티브,10860.0,390.0,390.0,4235400.0,4235400.0,KOSPI,0.0
0007N0,아이엠에셋 200,111070.0,184.0,184.0,20436880.0,20436880.0,KOSPI,-0.43
433970,KODEX TDF2030액티브 적격,13850.0,35429.0,35429.0,490691650.0,490691650.0,KOSPI,0.0
007210,벽산,1427.0,98675.0,98675.0,140809225.0,140809225.0,KOSPI,-1.79
0052T0,1Q 중단기회사채(A-이상)액티브,50760.0,78.0,78.0,3959280.0,3959280.0,KOSPI,-0.02
454320,HANARO CAPEX설비투자iSelect,43065.0,1800.0,1800.0,77517000.0,77517000.0,KOSPI,-0.79
211900,KODEX 코리아배당성장,28410.0,4497.0,4497.0,127759770.0,127759770.0,KOSPI,-0.42
019180,티에이치엔,5120.0,99993.0,99993.0,511964160.0,511964160.0,KOSPI,-2.66
325020,KODEX 배당가치,29685.0,6785.0,6785.0,201412725.0,201412725.0,KOSPI,-0.72
308620,KODEX 미국10년국채선물,11175.0,13954.0,13954.0,155935950.0,155935950.0,KOSPI,0.27
0035T0,PLUS 글로벌휴머노이드로봇액티브,18810.0,16904.0,16904.0,317964240.0,317964240.0,KOSPI,-1.8
001275,부국증권우,30250.0,238.0,238.0,7199500.0,7199500.0,KOSPI,-0.33
058850,KTcs,2185.0,58683.0,58683.0,128222355.0,128222355.0,KOSPI,0.0
298770,KODEX 한국대만IT프리미어,82200.0,4634.0,4634.0,380914800.0,380914800.0,KOSPI,-0.54
269540,PLUS 미국S&P500(H),29980.0,8925.0,8925.0,267571500.0,267571500.0,KOSPI,-0.4
058860,KTis,2580.0,46584.0,46584.0,120186720.0,120186720.0,KOSPI,0.19
002200,한국수출포장,2680.0,30070.0,30070.0,80587600.0,80587600.0,KOSPI,0.0
453080,KIWOOM 미국나스닥100(H),22900.0,3133.0,3133.0,71745700.0,71745700.0,KOSPI,-0.43
486240,DAISHIN AI반도체&인프라액티브,28800.0,1707.0,1707.0,49161600.0,49161600.0,KOSPI,-1.37
143850,TIGER 미국S&P500선물(H),77415.0,2557.0,2557.0,197950155.0,197950155.0,KOSPI,-0.38
001020,페이퍼코리아,2500.0,11257.0,11257.0,28142500.0,28142500.0,KOSPI,-2.53
468380,KODEX iShares미국하이일드액티브,10625.0,72196.0,72196.0,767082500.0,767082500.0,KOSPI,0.33
449770,KIWOOM 미국S&P500,20510.0,795084.0,795084.0,16307172840.0,16307172840.0,KOSPI,-0.19
015590,DKME,1644.0,168487.0,168487.0,276992628.0,276992628.0,KOSPI,5.93
0066W0,SOL 국제금,12525.0,86015.0,86015.0,1077337875.0,1077337875.0,KOSPI,0.32
108450,ACE 삼성그룹섹터가중,39845.0,14690.0,14690.0,585323050.0,585323050.0,KOSPI,-1.01
004890,동일산업,36000.0,167.0,167.0,6012000.0,6012000.0,KOSPI,-0.41
495040,PLUS 코리아밸류업,32210.0,1052.0,1052.0,33884920.0,33884920.0,KOSPI,-0.39
329670,KODEX TRF7030,21720.0,6407.0,6407.0,139160040.0,139160040.0,KOSPI,0.18
004140,동방,1806.0,60418.0,60418.0,109114908.0,109114908.0,KOSPI,-0.71
444490,WON 미국S&P500,19690.0,6000.0,6000.0,118140000.0,118140000.0,KOSPI,0.05
023000,삼원강재,2180.0,31759.0,31759.0,69234620.0,69234620.0,KOSPI,-0.46
096775,SK이노베이션우,68500.0,3888.0,3888.0,266328000.0,266328000.0,KOSPI,-0.29
011700,한신기계,2630.0,2555760.0,2555760.0,6721648800.0,6721648800.0,KOSPI,10.74
33626K,두산퓨얼셀1우,6350.0,46093.0,46093.0,292690550.0,292690550.0,KOSPI,-3.05
025620,차AI헬스케어,4645.0,10911.0,10911.0,50681595.0,50681595.0,KOSPI,-0.32
460960,ACE 글로벌인컴TOP10,10810.0,226174.0,226174.0,2444940940.0,2444940940.0,KOSPI,0.28
139990,아주스틸,2175.0,10838.0,10838.0,23572650.0,23572650.0,KOSPI,-0.68
204480,TIGER 차이나CSI300레버리지(합성),22570.0,2581.0,2581.0,58253170.0,58253170.0,KOSPI,0.04
005740,크라운해태홀딩스,5650.0,21947.0,21947.0,124000550.0,124000550.0,KOSPI,-0.18
002600,조흥,139800.0,175.0,175.0,24465000.0,24465000.0,KOSPI,0.58
453330,RISE 미국S&P500(H),18205.0,18328.0,18328.0,333661240.0,333661240.0,KOSPI,-0.27
479620,SOL 미국AI반도체칩메이커,24235.0,52745.0,52745.0,1278275075.0,1278275075.0,KOSPI,0.73
002220,한일철강,3130.0,137410.0,137410.0,430093300.0,430093300.0,KOSPI,2.79
003580,HLB글로벌,1649.0,95525.0,95525.0,157520725.0,157520725.0,KOSPI,-4.24
006090,사조오양,8860.0,1932.0,1932.0,17117520.0,17117520.0,KOSPI,0.0
359210,KODEX 코스피TR,36155.0,7722.0,7722.0,279188910.0,279188910.0,KOSPI,-0.04
461460,PLUS 국고채10년액티브,51265.0,14.0,14.0,717710.0,717710.0,KOSPI,0.03
329660,KODEX TRF5050,17675.0,12799.0,12799.0,226222325.0,226222325.0,KOSPI,0.0
0017Y0,1Q 종합채권(AA-이상)액티브,93905.0,3008.0,3008.0,282466240.0,282466240.0,KOSPI,0.12
0162L0,KODEX 차이나AI반도체TOP10,13070.0,641635.0,641635.0,8386169450.0,8386169450.0,KOSPI,-0.46
023800,인지컨트롤스,5160.0,59809.0,59809.0,308614440.0,308614440.0,KOSPI,-2.82
337140,KODEX 코스피대형주,37005.0,16394.0,16394.0,606659970.0,606659970.0,KOSPI,0.39
138530,TIGER LG그룹플러스,12405.0,71289.0,71289.0,884340045.0,884340045.0,KOSPI,-2.4
485690,RISE 미국AI밸류체인TOP3Plus,21625.0,22360.0,22360.0,483535000.0,483535000.0,KOSPI,0.39
0018C0,PLUS 고배당주위클리고정커버드콜,10790.0,110492.0,110492.0,1192208680.0,1192208680.0,KOSPI,-0.55
481430,RISE 국고채10년액티브,97965.0,1240.0,1240.0,121476600.0,121476600.0,KOSPI,-0.01
013360,일성건설,1486.0,304263.0,304263.0,452134818.0,452134818.0,KOSPI,-1.13
111380,동인기연,13100.0,11322.0,11322.0,148318200.0,148318200.0,KOSPI,-0.76
007980,TP,1709.0,71564.0,71564.0,122302876.0,122302876.0,KOSPI,-0.64
0098N0,PLUS 자사주매입고배당주,13240.0,40535.0,40535.0,536683400.0,536683400.0,KOSPI,-0.34
495750,HANARO 코리아밸류업,32555.0,340.0,340.0,11068700.0,11068700.0,KOSPI,0.02
0057H0,PLUS 미국S&P500미국채혼합50액티브,11345.0,157929.0,157929.0,1791704505.0,1791704505.0,KOSPI,0.04
000105,유한양행우,69100.0,394.0,394.0,27225400.0,27225400.0,KOSPI,-1.14
000850,화천기공,36050.0,5824.0,5824.0,209955200.0,209955200.0,KOSPI,-1.5
458030,WON 국공채머니마켓액티브,55065.0,238.0,238.0,13105470.0,13105470.0,KOSPI,0.0
009180,한솔로지스틱스,2775.0,13105.0,13105.0,36366375.0,36366375.0,KOSPI,-0.18
210780,TIGER 코스피고배당,23630.0,10580.0,10580.0,250005400.0,250005400.0,KOSPI,-0.67
004840,DRB동일,4045.0,14187.0,14187.0,57386415.0,57386415.0,KOSPI,0.0
434960,DAISHIN K200,111305.0,415.0,415.0,46191575.0,46191575.0,KOSPI,-0.27
163560,동일고무벨트,5590.0,14498.0,14498.0,81043820.0,81043820.0,KOSPI,-0.89
365040,TIGER AI코리아그로스액티브,36890.0,11295.0,11295.0,416672550.0,416672550.0,KOSPI,0.09
157490,TIGER 소프트웨어,8320.0,79217.0,79217.0,659085440.0,659085440.0,KOSPI,-2.4
000590,CS홀딩스,66700.0,890.0,890.0,59363000.0,59363000.0,KOSPI,-0.89
0049M0,ACE 미국배당퀄리티+커버드콜액티브,10915.0,47114.0,47114.0,514249310.0,514249310.0,KOSPI,-0.05
001260,남광토건,7810.0,43520.0,43520.0,339891200.0,339891200.0,KOSPI,-0.38
069730,DSR제강,5330.0,19308.0,19308.0,102911640.0,102911640.0,KOSPI,-1.11
570120,한투 레버리지천연가스선물 ETN C,15340.0,2592.0,2592.0,39761280.0,39761280.0,KOSPI,0.95
004770,써니전자,2160.0,2843415.0,2843415.0,6141776400.0,6141776400.0,KOSPI,6.67
005750,대림바스,4620.0,30449.0,30449.0,140674380.0,140674380.0,KOSPI,-1.49
550093,N2 전력인프라 Top5 ETN,38100.0,198.0,198.0,7543800.0,7543800.0,KOSPI,-2.28
364960,TIGER BBIG,6370.0,13746.0,13746.0,87562020.0,87562020.0,KOSPI,-2.38
007590,동방아그로,5580.0,3238.0,3238.0,18068040.0,18068040.0,KOSPI,-0.18
055490,테이팩스,15860.0,30463.0,30463.0,483143180.0,483143180.0,KOSPI,-6.15
228810,TIGER 미디어컨텐츠,3130.0,297797.0,297797.0,932104610.0,932104610.0,KOSPI,-0.32
490480,SOL K방산,27825.0,17760.0,17760.0,494172000.0,494172000.0,KOSPI,-0.18
0233A0,ACE 삼성전자SK하이닉스플러스채권혼합50,10545.0,411281.0,411281.0,4336958145.0,4336958145.0,KOSPI,-0.33
500096,신한 인버스2X 천연가스 선물 ETN B,14970.0,264.0,264.0,3952080.0,3952080.0,KOSPI,-0.4
014160,대영포장,690.0,110143.0,110143.0,75998670.0,75998670.0,KOSPI,-0.29
095720,웅진씽크빅,1316.0,9042.0,9042.0,11899272.0,11899272.0,KOSPI,-0.08
469060,RISE 미국반도체NYSE,33910.0,7723.0,7723.0,261886930.0,261886930.0,KOSPI,0.77
473640,HANARO 글로벌금채굴기업,34560.0,24432.0,24432.0,844369920.0,844369920.0,KOSPI,-0.83
272910,ACE 중장기국공채액티브,106125.0,21.0,21.0,2228625.0,2228625.0,KOSPI,0.01
010960,삼호개발,3070.0,92604.0,92604.0,284294280.0,284294280.0,KOSPI,-0.81
063160,종근당바이오,13470.0,3433.0,3433.0,46242510.0,46242510.0,KOSPI,-0.74
0080X0,SOL 미국S&P500미국채혼합50,10665.0,51151.0,51151.0,545525415.0,545525415.0,KOSPI,0.0
013870,지엠비코리아,3850.0,7849.0,7849.0,30218650.0,30218650.0,KOSPI,-0.65
0198A0,KIWOOM 코스닥150커버드콜액티브,8480.0,545116.0,545116.0,4622583680.0,4622583680.0,KOSPI,-2.19
0022T0,SOL 국제금커버드콜액티브,12840.0,52933.0,52933.0,679659720.0,679659720.0,KOSPI,0.43
084680,이월드,516.0,374096.0,374096.0,193033536.0,193033536.0,KOSPI,-0.96
475310,SOL 반도체후공정,27050.0,191700.0,191700.0,5185485000.0,5185485000.0,KOSPI,-1.42
292190,KODEX KRX300,48675.0,6300.0,6300.0,306652500.0,306652500.0,KOSPI,-0.33
000180,성창기업지주,5170.0,3901.0,3901.0,20168170.0,20168170.0,KOSPI,-0.58
011150,CJ씨푸드,1999.0,38447.0,38447.0,76855553.0,76855553.0,KOSPI,-1.04
007610,선도전기,3980.0,165458.0,165458.0,658522840.0,658522840.0,KOSPI,1.14
210980,SK디앤디,3845.0,189477.0,189477.0,728539065.0,728539065.0,KOSPI,-3.51
211560,TIGER 배당성장,35610.0,3251.0,3251.0,115768110.0,115768110.0,KOSPI,-0.35
000230,일동홀딩스,6200.0,11661.0,11661.0,72298200.0,72298200.0,KOSPI,0.81
441540,HANARO Fn조선해운,26460.0,28105.0,28105.0,743658300.0,743658300.0,KOSPI,-1.45
001560,제일연마,9360.0,5176.0,5176.0,48447360.0,48447360.0,KOSPI,0.0
0098Z0,FOCUS 200,94840.0,986.0,986.0,93512240.0,93512240.0,KOSPI,0.49
338100,NH프라임리츠,3810.0,49913.0,49913.0,190168530.0,190168530.0,KOSPI,-0.13
058730,다스코,3510.0,2111042.0,2111042.0,7409757420.0,7409757420.0,KOSPI,-4.75
298340,PLUS 국채선물3년,56545.0,5000.0,5000.0,282725000.0,282725000.0,KOSPI,0.0
002720,국제약품,3355.0,25476.0,25476.0,85471980.0,85471980.0,KOSPI,-1.18
0102A0,TIGER 미국AI소프트웨어TOP4Plus,8705.0,69092.0,69092.0,601445860.0,601445860.0,KOSPI,-0.68
009770,삼정펄프,28350.0,587.0,587.0,16641450.0,16641450.0,KOSPI,1.25
0210E0,PLUS 200커버드콜액티브,7425.0,257304.0,257304.0,1910482200.0,1910482200.0,KOSPI,-0.07
228800,TIGER 여행레저,2730.0,130665.0,130665.0,356715450.0,356715450.0,KOSPI,0.0
002795,아모레퍼시픽홀딩스우,11050.0,3879.0,3879.0,42862950.0,42862950.0,KOSPI,-0.63
010660,화천기계,3185.0,165248.0,165248.0,526314880.0,526314880.0,KOSPI,2.25
155660,DSR,4365.0,8021.0,8021.0,35011665.0,35011665.0,KOSPI,-0.34
120115,코오롱인더우,25200.0,8687.0,8687.0,218912400.0,218912400.0,KOSPI,0.6
412770,TIGER 글로벌AI플랫폼액티브,11920.0,15810.0,15810.0,188455200.0,188455200.0,KOSPI,0.17
0113D0,TIME 글로벌탑픽액티브,11750.0,17508.0,17508.0,205719000.0,205719000.0,KOSPI,-0.25
550091,N2 방위산업 Top5 ETN,34635.0,2947.0,2947.0,102069345.0,102069345.0,KOSPI,-0.01
0225V0,KODEX 미국CPU반도체TOP10,10010.0,201859.0,201859.0,2020608590.0,2020608590.0,KOSPI,1.78
475350,RISE 버크셔포트폴리오TOP10,14075.0,43820.0,43820.0,616766500.0,616766500.0,KOSPI,-0.98
084670,동양고속,23750.0,8398.0,8398.0,199452500.0,199452500.0,KOSPI,-0.84
491700,HK 200,114560.0,123.0,123.0,14090880.0,14090880.0,KOSPI,2.45
214330,금호에이치티,6570.0,291376.0,291376.0,1914340320.0,1914340320.0,KOSPI,-7.85
277640,TIGER 코스피대형주,38105.0,13591.0,13591.0,517885055.0,517885055.0,KOSPI,-0.07
440640,ACE 단기채권알파액티브,112755.0,168.0,168.0,18942840.0,18942840.0,KOSPI,0.01
530126,삼성 코리아 밸류업 TR ETN,34230.0,2.0,2.0,68460.0,68460.0,KOSPI,1.63
004440,삼일씨엔에스,5350.0,10821.0,10821.0,57892350.0,57892350.0,KOSPI,-0.19
130730,KIWOOM 단기자금,103060.0,1297.0,1297.0,133668820.0,133668820.0,KOSPI,0.0
100910,KIWOOM KRX100,17425.0,5874.0,5874.0,102354450.0,102354450.0,KOSPI,-0.88
492500,1Q 현대차그룹채권(A+이상)&국고통안,51390.0,110.0,110.0,5652900.0,5652900.0,KOSPI,0.04
004720,팜젠사이언스,2995.0,29218.0,29218.0,87507910.0,87507910.0,KOSPI,-0.83
085310,엔케이,9120.0,14219.0,14219.0,129677280.0,129677280.0,KOSPI,-0.11
465330,RISE 2차전지TOP10,11225.0,131165.0,131165.0,1472327125.0,1472327125.0,KOSPI,-1.32
002700,신일전자,986.0,434288.0,434288.0,428207968.0,428207968.0,KOSPI,-0.3
550084,N2 코스피 200 TR ETN,33790.0,12.0,12.0,405480.0,405480.0,KOSPI,0.16
031820,아이티센씨티에스,5580.0,35982.0,35982.0,200779560.0,200779560.0,KOSPI,-2.79
007280,한국특강,2350.0,16716.0,16716.0,39282600.0,39282600.0,KOSPI,1.29
570100,한투 일본종합상사TOP5 ETN,22335.0,4744.0,4744.0,105957240.0,105957240.0,KOSPI,0.93
079980,휴비스,1940.0,48497.0,48497.0,94084180.0,94084180.0,KOSPI,-1.17
278620,PLUS 단기채권액티브,119140.0,502.0,502.0,59808280.0,59808280.0,KOSPI,-0.01
0190Y0,TIGER 구글밸류체인,8225.0,189230.0,189230.0,1556416750.0,1556416750.0,KOSPI,-0.24
018500,동원모빌리티,1424.0,89051.0,89051.0,126808624.0,126808624.0,KOSPI,0.14
530131,삼성 인버스0.5X S&P500 VIX S/T선물 ETN B,22150.0,92.0,92.0,2037800.0,2037800.0,KOSPI,0.05
266420,KODEX 헬스케어,16555.0,20891.0,20891.0,345850505.0,345850505.0,KOSPI,-2.04
010040,한국내화,1602.0,12194.0,12194.0,19534788.0,19534788.0,KOSPI,-1.78
458750,TIGER 미국배당다우존스타겟커버드콜1호,12710.0,29928.0,29928.0,380384880.0,380384880.0,KOSPI,-0.24
140700,KODEX 보험,21110.0,156995.0,156995.0,3314164450.0,3314164450.0,KOSPI,-1.7
433880,PLUS TDF2060액티브 적격,18210.0,8374.0,8374.0,152490540.0,152490540.0,KOSPI,-0.27
530115,삼성 레버리지 나스닥 100 TR ETN,65270.0,61.0,61.0,3981470.0,3981470.0,KOSPI,0.47
530067,삼성 KRX 금현물 ETN,32605.0,592.0,592.0,19302160.0,19302160.0,KOSPI,0.29
072130,유엔젤,5120.0,72412.0,72412.0,370749440.0,370749440.0,KOSPI,6.22
014990,인디에프,4305.0,453897.0,453897.0,1954026585.0,1954026585.0,KOSPI,-2.49
453950,TIGER TSMC파운드리밸류체인,32335.0,7887.0,7887.0,255026145.0,255026145.0,KOSPI,0.54
0115E0,KODEX 코리아소버린AI,14550.0,69690.0,69690.0,1013989500.0,1013989500.0,KOSPI,-3.0
017370,우신시스템,3495.0,12074.0,12074.0,42198630.0,42198630.0,KOSPI,-0.14
071090,하이스틸,3165.0,545076.0,545076.0,1725165540.0,1725165540.0,KOSPI,0.32
100220,비상교육,4900.0,23580.0,23580.0,115542000.0,115542000.0,KOSPI,-0.1
016090,대현,1435.0,126690.0,126690.0,181800150.0,181800150.0,KOSPI,-1.03
306950,KODEX KRX300레버리지,79110.0,2156.0,2156.0,170561160.0,170561160.0,KOSPI,0.21
0123S0,HANARO 26-12 은행채(AA+이상)액티브,10185.0,26.0,26.0,264810.0,264810.0,KOSPI,-0.05
580010,KB Wise 분할매매 ETN,10515.0,40.0,40.0,420600.0,420600.0,KOSPI,1.25
520095,미래에셋 레버리지 WTI원유 선물 ETN,25115.0,15.0,15.0,376725.0,376725.0,KOSPI,1.62
520081,미래에셋 2X 미국 테크&반도체 TOP3 ETN,62660.0,24.0,24.0,1503840.0,1503840.0,KOSPI,0.14
252400,RISE 200선물레버리지,104250.0,31319.0,31319.0,3265005750.0,3265005750.0,KOSPI,-0.97
419890,KIWOOM 단기채권ESG액티브,107610.0,2132.0,2132.0,229424520.0,229424520.0,KOSPI,0.01
009200,무림페이퍼,1499.0,10671.0,10671.0,15995829.0,15995829.0,KOSPI,-0.33
005870,휴니드,4410.0,43921.0,43921.0,193691610.0,193691610.0,KOSPI,-0.79
455660,ACE 미국하이일드액티브(H),9410.0,13514.0,13514.0,127166740.0,127166740.0,KOSPI,-0.11
068290,삼성출판사,6210.0,15059.0,15059.0,93516390.0,93516390.0,KOSPI,-1.43
520087,미래에셋 레버리지 KRX 금현물 ETN,31050.0,75763.0,75763.0,2352441150.0,2352441150.0,KOSPI,0.5
520092,미래에셋 레버리지 은 선물 ETN B,31045.0,38416.0,38416.0,1192624720.0,1192624720.0,KOSPI,1.5
0220WL,한화머시너리앤서비스홀딩스3우B,2625.0,737536.0,737536.0,1936032000.0,1936032000.0,KOSPI,-5.06
292770,KODEX 국채선물3년인버스,57730.0,2.0,2.0,115460.0,115460.0,KOSPI,-0.08
520080,미래에셋 미국 테크&반도체 TOP3 ETN,20565.0,3.0,3.0,61695.0,61695.0,KOSPI,-0.17
0197X0,SOL SK하이닉스선물단일종목인버스2X,6045.0,32031879.0,32031879.0,193632708555.0,193632708555.0,KOSPI,-1.71
0000D0,TIGER 엔비디아미국채커버드콜밸런스(합성),8895.0,53640.0,53640.0,477127800.0,477127800.0,KOSPI,0.34
000220,유유제약,3880.0,256997.0,256997.0,997148360.0,997148360.0,KOSPI,-1.52
520086,미래에셋-0.5X S&P500 VIX S/T선물 ETN(H)B,24420.0,12.0,12.0,293040.0,293040.0,KOSPI,0.18
760016,키움 레버리지 조선TOP10 ETN,60665.0,223.0,223.0,13528295.0,13528295.0,KOSPI,-1.47
004450,삼화왕관,28050.0,1817.0,1817.0,50966850.0,50966850.0,KOSPI,-2.77
476750,ACE 미국30년국채엔화노출액티브(H),7455.0,101277.0,101277.0,755020035.0,755020035.0,KOSPI,1.5
002760,보락,1006.0,86184.0,86184.0,86701104.0,86701104.0,KOSPI,-0.2
275980,TIGER 글로벌4차산업혁신기술(합성 H),23595.0,34544.0,34544.0,815065680.0,815065680.0,KOSPI,-0.3
261240,KODEX 미국달러선물,13905.0,85286.0,85286.0,1185901830.0,1185901830.0,KOSPI,0.4
006890,태경케미컬,5150.0,26470.0,26470.0,136320500.0,136320500.0,KOSPI,0.0
520100,미래에셋 레버리지 삼성전자 단일종목 ETN,11945.0,249849.0,249849.0,2984446305.0,2984446305.0,KOSPI,-0.04
453640,KODEX 미국S&P500헬스케어,13880.0,27035.0,27035.0,375245800.0,375245800.0,KOSPI,-0.04
0166S0,PLUS K제조업핵심기업액티브,11120.0,49069.0,49069.0,545647280.0,545647280.0,KOSPI,-0.67
495940,RISE 미국AI테크액티브,18865.0,2194.0,2194.0,41389810.0,41389810.0,KOSPI,0.05
760018,키움 미국달러선물 ETN B,9900.0,27.0,27.0,267300.0,267300.0,KOSPI,0.66
520057,미래에셋 인버스 2X 코스닥150 선물 ETN,1875.0,4165023.0,4165023.0,7809418125.0,7809418125.0,KOSPI,5.28
491220,PLUS 200TR,131070.0,716.0,716.0,93846120.0,93846120.0,KOSPI,-0.46
000725,현대건설우,55500.0,4493.0,4493.0,249361500.0,249361500.0,KOSPI,2.78
0040S0,HANARO 글로벌피지컬AI액티브,22950.0,7328.0,7328.0,168177600.0,168177600.0,KOSPI,-0.91
0172V0,1Q 은액티브,8385.0,76258.0,76258.0,639423330.0,639423330.0,KOSPI,0.78
001465,BYC우,27000.0,2807.0,2807.0,75789000.0,75789000.0,KOSPI,0.19
111110,호전실업,6380.0,10020.0,10020.0,63927600.0,63927600.0,KOSPI,-0.62
092440,기신정기,1979.0,96633.0,96633.0,191236707.0,191236707.0,KOSPI,-0.4
304780,HANARO 200선물레버리지,127095.0,4663.0,4663.0,592643985.0,592643985.0,KOSPI,-0.82
396690,미래에셋글로벌리츠,1443.0,171700.0,171700.0,247763100.0,247763100.0,KOSPI,-3.15
009190,대양금속,1299.0,265766.0,265766.0,345230034.0,345230034.0,KOSPI,0.39
150460,TIGER 중국소비테마,7560.0,94597.0,94597.0,715153320.0,715153320.0,KOSPI,-1.11
225040,TIGER 미국S&P500레버리지(합성 H),67755.0,7474.0,7474.0,506400870.0,506400870.0,KOSPI,-0.61
129260,인터지스,1913.0,7961.0,7961.0,15229393.0,15229393.0,KOSPI,-0.05
479730,TIGER 인도빌리언컨슈머,9630.0,10056.0,10056.0,96839280.0,96839280.0,KOSPI,0.0
385590,ACE ESG액티브,24700.0,1511.0,1511.0,37321700.0,37321700.0,KOSPI,0.63
0194T0,ACE SK하이닉스단일종목레버리지,9500.0,287677.0,287677.0,2732931500.0,2732931500.0,KOSPI,1.6
001550,조비,10830.0,60920.0,60920.0,659763600.0,659763600.0,KOSPI,-2.78
401470,KODEX 메타버스액티브,9605.0,7008.0,7008.0,67311840.0,67311840.0,KOSPI,-2.44
0226A0,PLUS SK하이닉스샌디스크채권혼합50,11190.0,184148.0,184148.0,2060616120.0,2060616120.0,KOSPI,0.36
003465,유화증권우,3200.0,27.0,27.0,86400.0,86400.0,KOSPI,-1.39
075180,새론오토모티브,2910.0,7381.0,7381.0,21478710.0,21478710.0,KOSPI,-1.69
378850,화승알앤에이,2940.0,21788.0,21788.0,64056720.0,64056720.0,KOSPI,-1.84
003475,유안타증권우,4355.0,14774.0,14774.0,64340770.0,64340770.0,KOSPI,0.46
003925,남양유업우,29500.0,1163.0,1163.0,34308500.0,34308500.0,KOSPI,-0.17
580082,KB 레버리지 반도체 TOP10 TR ETN,22310.0,8053.0,8053.0,179662430.0,179662430.0,KOSPI,-0.04
0111J0,HANARO 증권고배당TOP3플러스,12525.0,46829.0,46829.0,586533225.0,586533225.0,KOSPI,0.2
500071,신한 레버리지 코스닥 150 선물 ETN,22285.0,3.0,3.0,66855.0,66855.0,KOSPI,-6.8
520101,미래에셋 레버리지 SK하이닉스 단일종목ETN,11120.0,477996.0,477996.0,5315315520.0,5315315520.0,KOSPI,1.09
0181L0,SOL 미국우주항공TOP10,6815.0,119290.0,119290.0,812961350.0,812961350.0,KOSPI,-0.51
520037,미래에셋 코스피200 선물 ETN,27630.0,5957.0,5957.0,164591910.0,164591910.0,KOSPI,0.04
006980,우성,17880.0,16931.0,16931.0,302726280.0,302726280.0,KOSPI,-2.13
101140,인바이오젠,5490.0,1040.0,1040.0,5709600.0,5709600.0,KOSPI,2.62
024900,디와이덕양,1680.0,31792.0,31792.0,53410560.0,53410560.0,KOSPI,-0.88
007815,코리아써우,18400.0,442.0,442.0,8132800.0,8132800.0,KOSPI,-0.27
012690,모나리자,1491.0,152086.0,152086.0,226760226.0,226760226.0,KOSPI,-0.07
011390,부산산업,51600.0,8069.0,8069.0,416360400.0,416360400.0,KOSPI,-2.64
610088,메리츠 레버리지 WTI원유 선물 ETN(H),54220.0,4030.0,4030.0,218506600.0,218506600.0,KOSPI,2.26
37550K,DL이앤씨우,25600.0,15857.0,15857.0,405939200.0,405939200.0,KOSPI,1.19
090080,평화산업,985.0,30018.0,30018.0,29567730.0,29567730.0,KOSPI,0.1
261070,TIGER 코스닥150바이오테크,11750.0,129754.0,129754.0,1524609500.0,1524609500.0,KOSPI,-2.61
0141S0,SOL 조선기자재,8440.0,94642.0,94642.0,798778480.0,798778480.0,KOSPI,-0.71
455960,RISE 미국달러SOFR금리액티브(합성),11790.0,3863.0,3863.0,45544770.0,45544770.0,KOSPI,-0.38
278240,RISE 코스닥150선물레버리지,7395.0,30849.0,30849.0,228128355.0,228128355.0,KOSPI,-5.19
0197W0,SOL SK하이닉스단일종목레버리지,9345.0,612833.0,612833.0,5726924385.0,5726924385.0,KOSPI,1.36
123700,SJM,3435.0,9820.0,9820.0,33731700.0,33731700.0,KOSPI,-0.15
442560,RISE TDF2040액티브 적격,16220.0,10023.0,10023.0,162573060.0,162573060.0,KOSPI,-0.22
021050,서원,1127.0,238632.0,238632.0,268938264.0,268938264.0,KOSPI,0.36
025530,SJM홀딩스,3575.0,13264.0,13264.0,47418800.0,47418800.0,KOSPI,-0.97
0113P0,HK 머니마켓액티브,102460.0,19.0,19.0,1946740.0,1946740.0,KOSPI,0.0
0046Y0,ACE 미국배당퀄리티,12275.0,6771.0,6771.0,83114025.0,83114025.0,KOSPI,0.0
101280,KODEX 일본TOPIX100,30530.0,4409.0,4409.0,134606770.0,134606770.0,KOSPI,0.1
004830,덕성,3345.0,35849.0,35849.0,119914905.0,119914905.0,KOSPI,-0.59
000950,전방,31200.0,1144.0,1144.0,35692800.0,35692800.0,KOSPI,-2.8
580068,KB S&P 레버리지 WTI원유 선물 ETN B,52300.0,4310.0,4310.0,225413000.0,225413000.0,KOSPI,2.66
530113,삼성 레버리지 S&P500 선물 ETN,52075.0,6.0,6.0,312450.0,312450.0,KOSPI,-0.28
253150,PLUS 200선물레버리지,208275.0,9387.0,9387.0,1955077425.0,1955077425.0,KOSPI,-0.83
275300,KODEX 우량주,30535.0,6534.0,6534.0,199515690.0,199515690.0,KOSPI,0.18
360140,KODEX 200롱코스닥150숏선물,23585.0,33435.0,33435.0,788564475.0,788564475.0,KOSPI,2.19
28513K,SK케미칼우,24500.0,6374.0,6374.0,156163000.0,156163000.0,KOSPI,0.2
445150,KODEX 친환경조선해운액티브,28000.0,6175.0,6175.0,172900000.0,172900000.0,KOSPI,-0.99
700029,하나 S&P 레버리지 WTI원유 선물 ETN B,51765.0,4067.0,4067.0,210528255.0,210528255.0,KOSPI,2.39
530133,삼성 블룸버그 레버리지 WTI원유선물 ETN B,51750.0,1669.0,1669.0,86370750.0,86370750.0,KOSPI,2.54
500093,신한 블룸버그 레버리지 WTI원유선물 ETN B,51630.0,37.0,37.0,1910310.0,1910310.0,KOSPI,2.25
010770,평화홀딩스,3530.0,18843.0,18843.0,66515790.0,66515790.0,KOSPI,0.43
114470,KIWOOM 국고채3년,107480.0,148.0,148.0,15907040.0,15907040.0,KOSPI,-0.05
480370,씨케이솔루션,1588.0,72543.0,72543.0,115198284.0,115198284.0,KOSPI,-0.63
372910,한컴라이프케어,1860.0,39621.0,39621.0,73695060.0,73695060.0,KOSPI,0.0
261220,KODEX WTI원유선물(H),26340.0,119922.0,119922.0,3158745480.0,3158745480.0,KOSPI,1.13
006125,SK디스커버리우,41700.0,1284.0,1284.0,53542800.0,53542800.0,KOSPI,-0.71
530124,삼성 레버리지 일본니케이225선물 ETN(H),51345.0,166.0,166.0,8523270.0,8523270.0,KOSPI,-2.06
005305,롯데칠성우,66100.0,1063.0,1063.0,70264300.0,70264300.0,KOSPI,0.15
440910,WON 미국우주항공방산,23255.0,4464.0,4464.0,103810320.0,103810320.0,KOSPI,-0.15
0041D0,KODEX 미국AI소프트웨어TOP10,12930.0,28936.0,28936.0,374142480.0,374142480.0,KOSPI,-0.39
0118Z0,ACE 미국AI테크핵심산업액티브,8580.0,17811.0,17811.0,152818380.0,152818380.0,KOSPI,0.59
023810,인팩,5090.0,10285.0,10285.0,52350650.0,52350650.0,KOSPI,0.0
002140,고려산업,2040.0,233266.0,233266.0,475862640.0,475862640.0,KOSPI,-0.24
580076,KB 레버리지 미국 나스닥 100 TR ETN B,25420.0,121.0,121.0,3075820.0,3075820.0,KOSPI,-0.12
480310,TIGER 글로벌온디바이스AI,19175.0,34200.0,34200.0,655785000.0,655785000.0,KOSPI,0.76
152500,ACE 레버리지,46110.0,89521.0,89521.0,4127813310.0,4127813310.0,KOSPI,-0.72
475260,ACE 2월만기자동연장회사채AA-이상액티브,10750.0,214.0,214.0,2300500.0,2300500.0,KOSPI,-0.09
007460,에이프로젠,2025.0,266769.0,266769.0,540207225.0,540207225.0,KOSPI,-4.48
003780,진양산업,3865.0,30444.0,30444.0,117666060.0,117666060.0,KOSPI,-0.39
0139P0,ACE 고배당주,13570.0,17178.0,17178.0,233105460.0,233105460.0,KOSPI,-0.88
006880,신송홀딩스,4235.0,21707.0,21707.0,91929145.0,91929145.0,KOSPI,-1.28
0238P0,TIGER 미국S&P500미국채혼합50,9970.0,375805.0,375805.0,3746775850.0,3746775850.0,KOSPI,0.1
520072,미래에셋 미국 AI TOP3 ETN,16570.0,5.0,5.0,82850.0,82850.0,KOSPI,-0.24
0185L0,TIME 글로벌휴머노이드로봇산업액티브,7125.0,31339.0,31339.0,223290375.0,223290375.0,KOSPI,-1.38
218420,KODEX 미국S&P500에너지(합성),20160.0,11116.0,11116.0,224098560.0,224098560.0,KOSPI,0.9
0000Z0,RISE 바이오TOP10액티브,8515.0,63531.0,63531.0,540966465.0,540966465.0,KOSPI,-1.56
011230,삼화전자,2560.0,151112.0,151112.0,386846720.0,386846720.0,KOSPI,-0.78
447430,ACE 주주환원가치주액티브,16540.0,10838.0,10838.0,179260520.0,179260520.0,KOSPI,0.43
140950,파워 코스피100,86890.0,1322.0,1322.0,114868580.0,114868580.0,KOSPI,-0.2
001620,케이비아이동국실업,2180.0,23446.0,23446.0,51112280.0,51112280.0,KOSPI,-3.11
292560,TIGER 일본엔선물,8080.0,145703.0,145703.0,1177280240.0,1177280240.0,KOSPI,1.19
418670,TIGER 글로벌AI사이버보안,16765.0,57647.0,57647.0,966451955.0,966451955.0,KOSPI,-0.5
027740,마니커,1516.0,112600.0,112600.0,170701600.0,170701600.0,KOSPI,-0.13
0118S0,SOL 미국넥스트테크TOP10액티브,10440.0,29737.0,29737.0,310454280.0,310454280.0,KOSPI,0.72
287180,PLUS 미국나스닥테크,53350.0,1121.0,1121.0,59805350.0,59805350.0,KOSPI,0.08
442260,마이티 다이나믹퀀트액티브,38690.0,1363.0,1363.0,52734470.0,52734470.0,KOSPI,-0.33
580056,KB 일본 로보틱스 TOP 10 ETN,23850.0,41.0,41.0,977850.0,977850.0,KOSPI,0.02
041650,상신브레이크,2220.0,4684.0,4684.0,10398480.0,10398480.0,KOSPI,0.68
357250,미래에셋맵스리츠,1905.0,20197.0,20197.0,38475285.0,38475285.0,KOSPI,-0.16
004920,씨아이테크,907.0,186382.0,186382.0,169048474.0,169048474.0,KOSPI,-0.44
305050,ACE 코스피,72315.0,5118.0,5118.0,370108170.0,370108170.0,KOSPI,0.06
336160,RISE 금융채액티브,100190.0,10.0,10.0,1001900.0,1001900.0,KOSPI,0.04
004410,서울식품,1190.0,119110.0,119110.0,141740900.0,141740900.0,KOSPI,-2.06
002920,유성기업,1809.0,126882.0,126882.0,229529538.0,229529538.0,KOSPI,0.5
0132H0,KODEX 미국원자력SMR,8040.0,30722.0,30722.0,247004880.0,247004880.0,KOSPI,0.0
0178H0,IBK 미국AI TOP10국채혼합50,9895.0,9127.0,9127.0,90311665.0,90311665.0,KOSPI,1.33
004910,조광페인트,3625.0,5852.0,5852.0,21213500.0,21213500.0,KOSPI,-0.68
0086B0,TIGER 리츠부동산인프라TOP10액티브,9460.0,43419.0,43419.0,410743740.0,410743740.0,KOSPI,0.64
520102,미래에셋 인버스 2X 코스피200 선물 ETN B,23165.0,1276672.0,1276672.0,29574106880.0,29574106880.0,KOSPI,0.65
316670,KIWOOM 코스닥150,6840.0,18316.0,18316.0,125281440.0,125281440.0,KOSPI,-2.63
123310,TIGER 인버스,1105.0,5624384.0,5624384.0,6214944320.0,6214944320.0,KOSPI,0.36
004540,깨끗한나라,1240.0,56930.0,56930.0,70593200.0,70593200.0,KOSPI,-0.8
610061,메리츠 3X 레버리지 국채30년 ETN,23070.0,345.0,345.0,7959150.0,7959150.0,KOSPI,-0.24
009320,아진전자부품,935.0,54904.0,54904.0,51335240.0,51335240.0,KOSPI,-1.48
008420,문배철강,2240.0,186171.0,186171.0,417023040.0,417023040.0,KOSPI,0.0
453650,KODEX 미국S&P500금융,19125.0,7293.0,7293.0,139478625.0,139478625.0,KOSPI,0.74
0020H0,KoAct 글로벌양자컴퓨팅액티브,21295.0,28511.0,28511.0,607141745.0,607141745.0,KOSPI,1.33
004060,SG세계물산,2260.0,27485.0,27485.0,62116100.0,62116100.0,KOSPI,-1.31
014910,성문전자,2090.0,315842.0,315842.0,660109780.0,660109780.0,KOSPI,-1.18
200030,KODEX 미국S&P500산업재(합성),40510.0,2162.0,2162.0,87582620.0,87582620.0,KOSPI,0.17
000910,유니온,2920.0,18502.0,18502.0,54025840.0,54025840.0,KOSPI,-0.34
35320K,대덕전자1우,21650.0,8704.0,8704.0,188441600.0,188441600.0,KOSPI,0.0
461340,HANARO 글로벌생성형AI액티브,41230.0,1641.0,1641.0,67658430.0,67658430.0,KOSPI,0.63
375770,KODEX 탄소효율그린뉴딜,25115.0,187.0,187.0,4696505.0,4696505.0,KOSPI,-0.53
442090,에셋플러스 코리아대장장이액티브,30115.0,443.0,443.0,13340945.0,13340945.0,KOSPI,0.5
256750,KODEX 차이나심천ChiNext(합성),14750.0,7563.0,7563.0,111554250.0,111554250.0,KOSPI,-0.91
520056,미래에셋 레버리지 코스닥150 선물 ETN,22490.0,8127.0,8127.0,182776230.0,182776230.0,KOSPI,-4.44
023350,한국종합기술,4105.0,4241.0,4241.0,17409305.0,17409305.0,KOSPI,0.12
371470,TIGER 차이나바이오테크SOLACTIVE,8310.0,53592.0,53592.0,445349520.0,445349520.0,KOSPI,0.36
003080,SB성보,2240.0,24661.0,24661.0,55240640.0,55240640.0,KOSPI,-0.44
017180,명문제약,1320.0,1879716.0,1879716.0,2481225120.0,2481225120.0,KOSPI,6.02
026940,부국철강,2240.0,1028469.0,1028469.0,2303770560.0,2303770560.0,KOSPI,0.0
084870,TBH글로벌,2170.0,8398.0,8398.0,18223660.0,18223660.0,KOSPI,-1.81
0194M0,ACE 삼성전자단일종목레버리지,11560.0,52192.0,52192.0,603339520.0,603339520.0,KOSPI,0.57
276990,KODEX 글로벌로봇(합성),24960.0,4519.0,4519.0,112794240.0,112794240.0,KOSPI,0.85
473490,KIWOOM 글로벌AI반도체,29350.0,2355.0,2355.0,69119250.0,69119250.0,KOSPI,0.76
196030,ACE 일본TOPIX레버리지(H),88005.0,202.0,202.0,17777010.0,17777010.0,KOSPI,-3.59
429760,PLUS 미국S&P500,19110.0,14893.0,14893.0,284605230.0,284605230.0,KOSPI,-0.03
011330,유니켐,4370.0,59664.0,59664.0,260731680.0,260731680.0,KOSPI,0.23
473590,ACE 미국주식베스트셀러,18550.0,97531.0,97531.0,1809200050.0,1809200050.0,KOSPI,-0.19
570117,한투 인버스2XWTI원유선물 ETN B,1972.0,954682.0,954682.0,1882632904.0,1882632904.0,KOSPI,-2.38
610078,메리츠 3X 레버리지 미국채30년 ETN,36085.0,4421.0,4421.0,159531785.0,159531785.0,KOSPI,0.22
0186S0,1Q 코스닥150채권혼합50액티브,8285.0,301104.0,301104.0,2494646640.0,2494646640.0,KOSPI,-0.9
520078,미래에셋 미국 제약 TOP3 ETN,14355.0,198.0,198.0,2842290.0,2842290.0,KOSPI,-0.9
487130,KoAct AI인프라액티브,28615.0,16583.0,16583.0,474522545.0,474522545.0,KOSPI,-1.63
440650,ACE 미국달러단기채권액티브,11295.0,43474.0,43474.0,491038830.0,491038830.0,KOSPI,0.4
0192L0,RISE SK하이닉스단일종목레버리지,9630.0,149959.0,149959.0,1444105170.0,1444105170.0,KOSPI,1.0
009835,한화솔루션우,16840.0,7278.0,7278.0,122561520.0,122561520.0,KOSPI,-1.58
401170,RISE 메타버스,10810.0,15148.0,15148.0,163749880.0,163749880.0,KOSPI,-2.04
481850,신한글로벌액티브리츠,982.0,16865.0,16865.0,16561430.0,16561430.0,KOSPI,-0.3
238720,ACE 일본Nikkei225(H),47305.0,3401.0,3401.0,160884305.0,160884305.0,KOSPI,-2.11
472830,RISE 미국30년국채커버드콜(합성),7670.0,13840.0,13840.0,106152800.0,106152800.0,KOSPI,0.33
092780,DYP,3220.0,23455.0,23455.0,75525100.0,75525100.0,KOSPI,-2.13
0089C0,KODEX 미국S&P500변동성확대시커버드콜,11115.0,3350.0,3350.0,37235250.0,37235250.0,KOSPI,-0.22
000215,DL우,25000.0,2976.0,2976.0,74400000.0,74400000.0,KOSPI,1.01
700027,하나 반도체 ETN,42145.0,11801.0,11801.0,497353145.0,497353145.0,KOSPI,0.68
610038,메리츠 레버리지 미국채30년 ETN(H),4205.0,2226.0,2226.0,9360330.0,9360330.0,KOSPI,-0.12
520073,미래에셋 레버리지 미국 AI TOP3 ETN,41975.0,3.0,3.0,125925.0,125925.0,KOSPI,-0.54
520074,미래에셋 미국 방위산업 TOP3 ETN,13960.0,40506.0,40506.0,565463760.0,565463760.0,KOSPI,0.07
0220B0,DS 코스닥액티브,9820.0,224486.0,224486.0,2204452520.0,2204452520.0,KOSPI,-2.53
0112X0,마이티 200TR,41715.0,2056.0,2056.0,85766040.0,85766040.0,KOSPI,-0.51
261120,TIGER 미국달러선물인버스2X,5595.0,26599.0,26599.0,148821405.0,148821405.0,KOSPI,-0.36
011300,우성머티리얼스,2400.0,64229.0,64229.0,154149600.0,154149600.0,KOSPI,-1.44
472840,IBK 200,110250.0,793.0,793.0,87428250.0,87428250.0,KOSPI,0.0
0189B0,TIGER 은액티브,8105.0,34302.0,34302.0,278017710.0,278017710.0,KOSPI,0.5
139320,TIGER 금은선물(H),18345.0,8566.0,8566.0,157143270.0,157143270.0,KOSPI,0.08
448570,FOCUS AI코리아액티브,30560.0,709.0,709.0,21667040.0,21667040.0,KOSPI,-0.41
520091,미래에셋 인버스 천연가스 선물 ETN B,10285.0,46.0,46.0,473110.0,473110.0,KOSPI,-0.05
0007G0,PLUS 글로벌원자력밸류체인,13675.0,8165.0,8165.0,111656375.0,111656375.0,KOSPI,0.37
500094,신한 블룸버그 인버스2X WTI원유선물 ETN B,1950.0,272596.0,272596.0,531562200.0,531562200.0,KOSPI,-1.81
183700,RISE 200채권혼합50,97205.0,9508.0,9508.0,924225140.0,924225140.0,KOSPI,0.28
023960,에쓰씨엔지니어링,1062.0,31334.0,31334.0,33276708.0,33276708.0,KOSPI,1.63
476260,HANARO 반도체핵심공정주도주,12420.0,208194.0,208194.0,2585769480.0,2585769480.0,KOSPI,-3.08
139280,TIGER 경기방어,12590.0,4535.0,4535.0,57095650.0,57095650.0,KOSPI,-0.71
008870,금비,40250.0,243.0,243.0,9780750.0,9780750.0,KOSPI,0.0
005320,온타이드,1175.0,134461.0,134461.0,157991675.0,157991675.0,KOSPI,-1.01
011420,갤럭시아에스엠,1456.0,44039.0,44039.0,64120784.0,64120784.0,KOSPI,-1.22
446070,유니드비티플러스,3780.0,78147.0,78147.0,295395660.0,295395660.0,KOSPI,-0.26
610101,메리츠 인버스 2X 은 선물 ETN(H),39930.0,2591.0,2591.0,103458630.0,103458630.0,KOSPI,-2.6
494840,TIGER 미국방산TOP10,12050.0,15082.0,15082.0,181738100.0,181738100.0,KOSPI,-0.5
000760,이화산업,14190.0,1734.0,1734.0,24605460.0,24605460.0,KOSPI,-2.87
322410,HANARO K고배당,23300.0,4243.0,4243.0,98861900.0,98861900.0,KOSPI,-0.85
500095,신한 S&P500 VIX S/T 선물 ETN E,6595.0,60.0,60.0,395700.0,395700.0,KOSPI,-0.23
0209Z0,ACE 코리아AI전력TOP10,7185.0,2668210.0,2668210.0,19171088850.0,19171088850.0,KOSPI,-1.98
570118,한투 인버스2X천연가스선물 ETN B,9825.0,2343.0,2343.0,23019975.0,23019975.0,KOSPI,-0.76
275280,KODEX 모멘텀주,43445.0,7792.0,7792.0,338523440.0,338523440.0,KOSPI,0.2
570103,한투 인버스2X나스닥100 ETN B,3895.0,1909.0,1909.0,7435555.0,7435555.0,KOSPI,0.26
530143,삼성 인버스 2X 은 선물 ETN,38850.0,4694.0,4694.0,182361900.0,182361900.0,KOSPI,-1.13
428510,KODEX 차이나AI테크액티브,22805.0,8636.0,8636.0,196943980.0,196943980.0,KOSPI,-1.74
147970,TIGER 모멘텀,80600.0,4448.0,4448.0,358508800.0,358508800.0,KOSPI,-0.08
0207G0,SOL 우주항공밸류체인,6545.0,606114.0,606114.0,3967016130.0,3967016130.0,KOSPI,1.08
012280,영화금속,3895.0,10675.0,10675.0,41579125.0,41579125.0,KOSPI,-1.39
134790,시디즈,19210.0,223.0,223.0,4283830.0,4283830.0,KOSPI,-0.52
000890,보해양조,1389.0,561817.0,561817.0,780363813.0,780363813.0,KOSPI,-2.11
145270,케이탑리츠,792.0,14936.0,14936.0,11829312.0,11829312.0,KOSPI,0.0
520082,미래에셋 미국 자율주행대표기업 ETN,12670.0,34.0,34.0,430780.0,430780.0,KOSPI,-2.61
570119,한투 인버스2X은선물 ETN,37990.0,2.0,2.0,75980.0,75980.0,KOSPI,-1.57
570082,한투 인버스2X코스닥150선물 ETN,1893.0,12435.0,12435.0,23539455.0,23539455.0,KOSPI,4.99
047400,유니온머티리얼,901.0,50542.0,50542.0,45538342.0,45538342.0,KOSPI,-1.96
580081,KB 인버스 2X 은 선물 ETN,37810.0,97.0,97.0,3667570.0,3667570.0,KOSPI,-2.3
352540,KODEX 일본부동산리츠(H),11100.0,4344.0,4344.0,48218400.0,48218400.0,KOSPI,-0.27
195930,TIGER 유로스탁스50(합성 H),23475.0,42817.0,42817.0,1005129075.0,1005129075.0,KOSPI,0.32
002870,신풍,1070.0,121131.0,121131.0,129610170.0,129610170.0,KOSPI,-3.08
012160,영흥,2390.0,34913.0,34913.0,83442070.0,83442070.0,KOSPI,-0.42
049800,우진플라임,1865.0,6556.0,6556.0,12226940.0,12226940.0,KOSPI,0.81
006370,대구백화점,3445.0,96579.0,96579.0,332714655.0,332714655.0,KOSPI,0.15
276970,KODEX 미국S&P500배당귀족커버드콜(합성 H),7930.0,5891.0,5891.0,46715630.0,46715630.0,KOSPI,0.32
133820,화인베스틸,998.0,13386.0,13386.0,13359228.0,13359228.0,KOSPI,-0.2
580069,KB S&P 인버스 2X WTI원유 선물 ETN B,1996.0,244832.0,244832.0,488684672.0,488684672.0,KOSPI,-2.63
400970,TIGER Fn메타버스,7380.0,4878.0,4878.0,35999640.0,35999640.0,KOSPI,-2.45
760024,키움 인버스 2X K방산 TOP5 ETN,8185.0,2775.0,2775.0,22713375.0,22713375.0,KOSPI,2.44
452250,ACE 미국30년국채선물레버리지(합성 H),4720.0,5519.0,5519.0,26049680.0,26049680.0,KOSPI,0.11
491830,TIGER 미국AI반도체팹리스,20855.0,42626.0,42626.0,888965230.0,888965230.0,KOSPI,-0.6
365000,TIGER 인터넷TOP10,3575.0,100420.0,100420.0,359001500.0,359001500.0,KOSPI,-1.79
104530,KIWOOM 코리아고배당,17700.0,11748.0,11748.0,207939600.0,207939600.0,KOSPI,-0.17
449690,TIGER 한중반도체(합성),47820.0,894.0,894.0,42751080.0,42751080.0,KOSPI,-0.53
153270,KIWOOM 코스피100,84980.0,3016.0,3016.0,256299680.0,256299680.0,KOSPI,-0.46
464470,PLUS 미국채30년액티브,46575.0,7818.0,7818.0,364123350.0,364123350.0,KOSPI,0.28
0154F0,WON 초대형IB&금융지주,12415.0,30447.0,30447.0,377999505.0,377999505.0,KOSPI,-0.84
500085,신한 코스피 200 TR ETN,35205.0,70.0,70.0,2464350.0,2464350.0,KOSPI,2.88
580077,KB 인버스 2X 미국 나스닥 100 TR ETN B,11725.0,448.0,448.0,5252800.0,5252800.0,KOSPI,-0.97
276650,RISE 글로벌테크놀로지(합성 H),46875.0,1058.0,1058.0,49593750.0,49593750.0,KOSPI,1.07
241390,RISE V&S셀렉트밸류채권혼합,15935.0,10369.0,10369.0,165230015.0,165230015.0,KOSPI,0.57
570102,한투 레버리지나스닥100 ETN B,17525.0,128.0,128.0,2243200.0,2243200.0,KOSPI,-0.37
0085N0,ACE 미국10년국채액티브(H),9705.0,7379.0,7379.0,71613195.0,71613195.0,KOSPI,0.05
381560,HANARO Fn전기&수소차,17440.0,1047168.0,1047168.0,18262609920.0,18262609920.0,KOSPI,-1.94
009140,경인전자,22150.0,1451.0,1451.0,32139650.0,32139650.0,KOSPI,-2.21
520096,미래에셋 인버스 2X WTI원유 선물 ETN,13905.0,36496.0,36496.0,507476880.0,507476880.0,KOSPI,-2.01
004365,세방우,9400.0,517.0,517.0,4859800.0,4859800.0,KOSPI,0.53
450910,SOL 코스닥150,13400.0,15235.0,15235.0,204149000.0,204149000.0,KOSPI,-2.4
520079,미래에셋 레버리지 미국 제약 TOP3 ETN,34490.0,2.0,2.0,68980.0,68980.0,KOSPI,-1.78
0184E0,1Q 200채권혼합50액티브,11120.0,108826.0,108826.0,1210145120.0,1210145120.0,KOSPI,-0.27
013000,세우글로벌,1197.0,33327.0,33327.0,39892419.0,39892419.0,KOSPI,-1.07
090370,메타랩스,1257.0,270051.0,270051.0,339454107.0,339454107.0,KOSPI,3.71
530117,삼성 코스피 200 TR ETN,34290.0,3738.0,3738.0,128176020.0,128176020.0,KOSPI,-0.15
760005,키움 INDXX 미국테크탑10 ETN,34200.0,9.0,9.0,307800.0,307800.0,KOSPI,0.74
322400,HANARO e커머스,10330.0,3803.0,3803.0,39284990.0,39284990.0,KOSPI,-1.01
475070,KoAct 글로벌친환경전력인프라액티브,29610.0,14299.0,14299.0,423393390.0,423393390.0,KOSPI,1.28
005820,원림,14810.0,2130.0,2130.0,31545300.0,31545300.0,KOSPI,-1.33
0100K0,KODEX 방산TOP10레버리지,5850.0,478230.0,478230.0,2797645500.0,2797645500.0,KOSPI,-0.59
0089B0,PLUS 미국나스닥100미국채혼합50,10935.0,12306.0,12306.0,134566110.0,134566110.0,KOSPI,0.18
570065,한투 레버리지베트남VN30선물 ETN(H),33690.0,2033.0,2033.0,68491770.0,68491770.0,KOSPI,-2.36
498860,RISE 코리아금융고배당,16825.0,11709.0,11709.0,197003925.0,197003925.0,KOSPI,-1.03
008250,이건산업,3070.0,60895.0,60895.0,186947650.0,186947650.0,KOSPI,-3.76
105780,RISE 5대그룹주,16780.0,3845.0,3845.0,64519100.0,64519100.0,KOSPI,-1.5
449780,KIWOOM 미국S&P500(H),18640.0,11070.0,11070.0,206344800.0,206344800.0,KOSPI,-0.45
500040,신한 레버리지 구리 선물 ETN,33530.0,667.0,667.0,22364510.0,22364510.0,KOSPI,2.85
491090,KODEX 미국테크TOP3플러스,17645.0,28465.0,28465.0,502264925.0,502264925.0,KOSPI,-0.17
009460,한창제지,2715.0,8510.0,8510.0,23104650.0,23104650.0,KOSPI,-1.27
407830,에셋플러스 글로벌플랫폼액티브,13905.0,4353.0,4353.0,60528465.0,60528465.0,KOSPI,-0.29
385520,KODEX 자율주행액티브,15520.0,3698.0,3698.0,57392960.0,57392960.0,KOSPI,-2.67
261140,TIGER 우선주,24785.0,6720.0,6720.0,166555200.0,166555200.0,KOSPI,-0.22
469050,RISE 미국반도체NYSE(H),31595.0,33303.0,33303.0,1052208285.0,1052208285.0,KOSPI,0.21
099140,KODEX 차이나H,20670.0,12425.0,12425.0,256824750.0,256824750.0,KOSPI,-0.34
570069,한투 레버리지플래티넘선물 ETN,33055.0,569.0,569.0,18808295.0,18808295.0,KOSPI,3.38
474800,KIWOOM 미국원유에너지기업,15735.0,70606.0,70606.0,1110985410.0,1110985410.0,KOSPI,0.22
380340,ACE 코리아AI테크핵심산업,27525.0,8489.0,8489.0,233659725.0,233659725.0,KOSPI,-4.58
465350,RISE 2차전지TOP10인버스(합성),16505.0,37815.0,37815.0,624136575.0,624136575.0,KOSPI,2.17
415920,PLUS 글로벌희토류&전략자원생산기업,7000.0,16842.0,16842.0,117894000.0,117894000.0,KOSPI,-0.57
520077,미래에셋 -1.5X 천연가스 선물 ETN,13095.0,55578.0,55578.0,727793910.0,727793910.0,KOSPI,-0.53
352560,KODEX 미국부동산리츠(H),12115.0,26567.0,26567.0,321859205.0,321859205.0,KOSPI,-0.12
520075,미래에셋 레버리지 미국 방위산업 TOP3 ETN,32635.0,1.0,1.0,32635.0,32635.0,KOSPI,-0.71
117460,KODEX 에너지화학,14085.0,36452.0,36452.0,513426420.0,513426420.0,KOSPI,-1.16
395290,HANARO Fn K-POP&미디어,5080.0,73383.0,73383.0,372785640.0,372785640.0,KOSPI,0.79
010640,진양폴리,1940.0,21911.0,21911.0,42507340.0,42507340.0,KOSPI,-3.48
0023B0,PLUS 미국양자컴퓨팅TOP10,15390.0,17396.0,17396.0,267724440.0,267724440.0,KOSPI,-0.03
122260,KIWOOM 통안채1년,104230.0,2.0,2.0,208460.0,208460.0,KOSPI,0.0
570127,한투 인버스2X코스피200선물 ETN,32205.0,44282.0,44282.0,1426101810.0,1426101810.0,KOSPI,0.22
010400,우진아이엔에스,4210.0,14454.0,14454.0,60851340.0,60851340.0,KOSPI,-1.17
459560,KODEX 테슬라밸류체인FactSet,21365.0,4051.0,4051.0,86549615.0,86549615.0,KOSPI,1.71
139270,TIGER 200 금융,17360.0,25049.0,25049.0,434850640.0,434850640.0,KOSPI,-0.71
275290,KODEX 가치주,35315.0,5919.0,5919.0,209029485.0,209029485.0,KOSPI,0.4
003535,한화투자증권우,6620.0,8143.0,8143.0,53906660.0,53906660.0,KOSPI,-1.63
256440,ACE MSCI인도네시아(합성),5190.0,30912.0,30912.0,160433280.0,160433280.0,KOSPI,0.0
156080,KODEX MSCI Korea,52735.0,1756.0,1756.0,92602660.0,92602660.0,KOSPI,-0.5
138910,KODEX 구리선물(H),10190.0,92851.0,92851.0,946151690.0,946151690.0,KOSPI,1.39
001070,대한방직,5960.0,1572.0,1572.0,9369120.0,9369120.0,KOSPI,-1.49
0138T0,RISE 미국S&P500데일리고정커버드콜,9290.0,48483.0,48483.0,450407070.0,450407070.0,KOSPI,-0.43
227540,TIGER 200 헬스케어,19020.0,10901.0,10901.0,207337020.0,207337020.0,KOSPI,-1.43
0192M0,RISE 삼성전자단일종목레버리지,11685.0,90344.0,90344.0,1055669640.0,1055669640.0,KOSPI,0.17
266360,KODEX K콘텐츠,9850.0,9347.0,9347.0,92067950.0,92067950.0,KOSPI,-1.89
174360,RISE 중국본토대형주CSI100,22510.0,4256.0,4256.0,95802560.0,95802560.0,KOSPI,-0.18
530118,삼성 코스닥 150 TR ETN,10455.0,8.0,8.0,83640.0,83640.0,KOSPI,-1.97
006380,카프로,185.0,4716783.0,4716783.0,872604855.0,872604855.0,KOSPI,-94.95
465660,TIGER 일본반도체FACTSET,23985.0,23679.0,23679.0,567940815.0,567940815.0,KOSPI,-1.98
395170,KODEX Top10동일가중,15550.0,9409.0,9409.0,146309950.0,146309950.0,KOSPI,-1.14
117680,KODEX 철강,12580.0,65691.0,65691.0,826392780.0,826392780.0,KOSPI,-0.87
023150,MH에탄올,4170.0,1450.0,1450.0,6046500.0,6046500.0,KOSPI,1.83
245350,TIGER 유로스탁스배당30,19220.0,2282.0,2282.0,43860040.0,43860040.0,KOSPI,-0.31
426150,WON 대한민국국고채액티브,51065.0,42.0,42.0,2144730.0,2144730.0,KOSPI,0.11
014130,한익스프레스,2600.0,64624.0,64624.0,168022400.0,168022400.0,KOSPI,7.0
476690,TIGER 글로벌비만치료제TOP2Plus,10240.0,10369.0,10369.0,106178560.0,106178560.0,KOSPI,-0.68
459750,RISE 글로벌주식분산액티브,17530.0,3580.0,3580.0,62757400.0,62757400.0,KOSPI,-0.06
500102,신한 블룸버그 2X 천연가스 선물 ETN B,15305.0,14545.0,14545.0,222611225.0,222611225.0,KOSPI,0.89
006740,블루산업개발,5140.0,16934.0,16934.0,87040760.0,87040760.0,KOSPI,-1.72
494410,PLUS 미국S&P500성장주,13900.0,66958.0,66958.0,930716200.0,930716200.0,KOSPI,0.0
192720,파워 고배당저변동성,59780.0,590.0,590.0,35270200.0,35270200.0,KOSPI,-0.11
469790,KIWOOM 코리아테크TOP10,43430.0,1307.0,1307.0,56763010.0,56763010.0,KOSPI,-1.55
0204S0,TIGER 코스닥액티브,6660.0,163793.0,163793.0,1090861380.0,1090861380.0,KOSPI,-1.41
0192T0,SOL 코스닥TOP10,6965.0,305693.0,305693.0,2129151745.0,2129151745.0,KOSPI,-1.9
025750,한솔홈데코,1879.0,30089.0,30089.0,56537231.0,56537231.0,KOSPI,-1.62
0150K0,KoAct 수소전력ESS인프라액티브,10610.0,18529.0,18529.0,196592690.0,196592690.0,KOSPI,-1.21
570072,한투 레버리지구리선물 ETN,30085.0,2.0,2.0,60170.0,60170.0,KOSPI,1.78
248270,TIGER S&P글로벌헬스케어(합성),25890.0,6958.0,6958.0,180142620.0,180142620.0,KOSPI,-0.37
308170,씨티알모빌리티,3485.0,2175.0,2175.0,7579875.0,7579875.0,KOSPI,-1.13
145850,TREX 펀더멘탈 200,119980.0,3.0,3.0,359940.0,359940.0,KOSPI,-0.68
357430,마스턴프리미어리츠,980.0,12271.0,12271.0,12025580.0,12025580.0,KOSPI,0.0
261250,KODEX 미국달러선물레버리지,15090.0,104421.0,104421.0,1575712890.0,1575712890.0,KOSPI,0.5
289480,TIGER 200커버드콜,12975.0,19622.0,19622.0,254595450.0,254595450.0,KOSPI,-0.15
036420,콘텐트리중앙,1549.0,28387.0,28387.0,43971463.0,43971463.0,KOSPI,-0.71
007120,미래아이앤지,1092.0,101610.0,101610.0,110958120.0,110958120.0,KOSPI,-6.75
446690,KODEX 아시아AI반도체exChina액티브,59665.0,5317.0,5317.0,317238805.0,317238805.0,KOSPI,-1.56
253250,KIWOOM 200선물레버리지,102610.0,42036.0,42036.0,4313313960.0,4313313960.0,KOSPI,-0.88
468630,KODEX iShares미국투자등급회사채액티브,10510.0,41251.0,41251.0,433548010.0,433548010.0,KOSPI,0.33
009810,MDS스피어,1875.0,4110.0,4110.0,7706250.0,7706250.0,KOSPI,-1.26
271060,KODEX 3대농산물선물(H),9275.0,35396.0,35396.0,328297900.0,328297900.0,KOSPI,2.37
610075,메리츠 3X 레버리지 미국채10년 ETN,49125.0,262.0,262.0,12870750.0,12870750.0,KOSPI,-0.06
0203S0,WON 삼성전자현대차채권혼합50,8655.0,50941.0,50941.0,440894355.0,440894355.0,KOSPI,-0.52
496770,PLUS 글로벌방산,16340.0,4733.0,4733.0,77337220.0,77337220.0,KOSPI,-0.43
003680,한성기업,4730.0,57960.0,57960.0,274150800.0,274150800.0,KOSPI,-1.56
464920,PLUS 일본반도체소부장,23485.0,26023.0,26023.0,611150155.0,611150155.0,KOSPI,-1.2
0083S0,1Q 미국메디컬AI,10475.0,23806.0,23806.0,249367850.0,249367850.0,KOSPI,-0.38
069640,한세엠케이,1348.0,31392.0,31392.0,42316416.0,42316416.0,KOSPI,-4.4
006570,대림통상,1924.0,22460.0,22460.0,43213040.0,43213040.0,KOSPI,1.26
002690,동일제강,1439.0,162964.0,162964.0,234505196.0,234505196.0,KOSPI,-0.55
024070,WISCOM,1901.0,14669.0,14669.0,27885769.0,27885769.0,KOSPI,0.26
0155N0,HANARO K휴머노이드테마TOP10,7455.0,30385.0,30385.0,226520175.0,226520175.0,KOSPI,-3.37
0155M0,ACE 미국SMR원자력TOP10,6890.0,33943.0,33943.0,233867270.0,233867270.0,KOSPI,-0.07
0218J0,RISE 미국우주&로봇TOP2미국채혼합50,8865.0,85346.0,85346.0,756592290.0,756592290.0,KOSPI,0.06
025890,한국주강,2585.0,8130.0,8130.0,21016050.0,21016050.0,KOSPI,0.78
450190,KODEX 한중반도체(합성),47970.0,745.0,745.0,35737650.0,35737650.0,KOSPI,-1.1
051630,진양화학,1357.0,77508.0,77508.0,105178356.0,105178356.0,KOSPI,-2.93
033250,체시스,4485.0,35824.0,35824.0,160670640.0,160670640.0,KOSPI,2.16
476070,KODEX 글로벌비만치료제TOP2 Plus,10815.0,5660.0,5660.0,61212900.0,61212900.0,KOSPI,-0.83
459790,KIWOOM 미국성장기업30액티브,19740.0,9797.0,9797.0,193392780.0,193392780.0,KOSPI,-0.5
387270,TIGER 글로벌이노베이션액티브,24675.0,33487.0,33487.0,826291725.0,826291725.0,KOSPI,1.38
071950,코아스,1977.0,71848.0,71848.0,142043496.0,142043496.0,KOSPI,6.92
019175,신풍제약우,14300.0,3643.0,3643.0,52094900.0,52094900.0,KOSPI,-1.52
520090,미래에셋 천연가스 선물 ETN B,7115.0,24994.0,24994.0,177832310.0,177832310.0,KOSPI,0.71
001380,SG글로벌,1263.0,107691.0,107691.0,136013733.0,136013733.0,KOSPI,-1.86
118000,메타케어,1286.0,15679.0,15679.0,20163194.0,20163194.0,KOSPI,-2.72
223190,KODEX 200가치저변동,28345.0,1238.0,1238.0,35091110.0,35091110.0,KOSPI,-1.03
0107F0,KIWOOM 미국고배당&AI테크,11110.0,21897.0,21897.0,243275670.0,243275670.0,KOSPI,-0.09
500035,신한 레버리지 미국달러 선물 ETN,14130.0,12.0,12.0,169560.0,169560.0,KOSPI,0.5
088790,진도,2270.0,35778.0,35778.0,81216060.0,81216060.0,KOSPI,-3.81
700013,하나 레버리지 콩 선물 ETN(H),27850.0,11.0,11.0,306350.0,306350.0,KOSPI,0.11
520099,미래에셋 인버스 2X 반도체 ETN,3480.0,9001616.0,9001616.0,31325623680.0,31325623680.0,KOSPI,-0.29
415340,KODEX 차이나과창판STAR50(합성),13380.0,43286.0,43286.0,579166680.0,579166680.0,KOSPI,-0.52
261060,TIGER 코스닥150IT,23855.0,35264.0,35264.0,841222720.0,841222720.0,KOSPI,-0.5
494340,ACE 글로벌AI맞춤형반도체,18380.0,17692.0,17692.0,325178960.0,325178960.0,KOSPI,1.3
0013R0,RISE 테슬라미국채타겟커버드콜혼합(합성),7580.0,14444.0,14444.0,109485520.0,109485520.0,KOSPI,-0.2
003060,에이프로젠바이오로직스,1706.0,467472.0,467472.0,797507232.0,797507232.0,KOSPI,-6.16
570047,한투 FTSE100 ETN,27175.0,1.0,1.0,27175.0,27175.0,KOSPI,-0.09
489290,WON 미국빌리어네어,14615.0,47413.0,47413.0,692940995.0,692940995.0,KOSPI,0.52
760004,키움 인버스 미국달러선물 ETN,10010.0,1.0,1.0,10010.0,10010.0,KOSPI,0.0
610028,메리츠 레버리지 구리 선물 ETN(H),26895.0,79.0,79.0,2124705.0,2124705.0,KOSPI,3.58
0049K0,ACE 미국배당퀄리티채권혼합50,10975.0,13032.0,13032.0,143026200.0,143026200.0,KOSPI,-0.05
0166N0,PLUS 코스닥150액티브,7655.0,13005.0,13005.0,99553275.0,99553275.0,KOSPI,-1.48
475380,RISE 글로벌리얼티인컴,10110.0,2616.0,2616.0,26447760.0,26447760.0,KOSPI,0.0
167860,KIWOOM 국고채10년레버리지,92090.0,2.0,2.0,184180.0,184180.0,KOSPI,0.13
530063,삼성 레버리지 구리 선물 ETN(H),26615.0,5273.0,5273.0,140340895.0,140340895.0,KOSPI,3.0
139250,TIGER 200 에너지화학,18405.0,169604.0,169604.0,3121561620.0,3121561620.0,KOSPI,-0.51
610089,메리츠 인버스 2X WTI원유 선물 ETN(H),2200.0,143678.0,143678.0,316091600.0,316091600.0,KOSPI,-2.44
0224X0,1Q 엔비디아알파벳미국채혼합50,9580.0,88984.0,88984.0,852466720.0,852466720.0,KOSPI,-1.24
0137W0,KIWOOM 미국S&P500&GOLD,10120.0,4468.0,4468.0,45216160.0,45216160.0,KOSPI,-0.1
550069,N2 레버리지 구리 선물 ETN(H),26295.0,2.0,2.0,52590.0,52590.0,KOSPI,1.98
440340,TIGER 글로벌멀티에셋TIF액티브,11665.0,8819.0,8819.0,102873635.0,102873635.0,KOSPI,0.09
520083,미래에셋 2X 미국 자율주행대표기업 ETN,26175.0,26.0,26.0,680550.0,680550.0,KOSPI,-4.35
493420,SOL 미국배당다우존스2호,12440.0,5972.0,5972.0,74291680.0,74291680.0,KOSPI,-0.16
437350,RISE 미국단기투자등급회사채액티브,11865.0,8750.0,8750.0,103818750.0,103818750.0,KOSPI,0.34
0152E0,SOL 배당성향탑픽액티브,10845.0,18124.0,18124.0,196554780.0,196554780.0,KOSPI,-0.5
006345,대원전선우,9910.0,38159.0,38159.0,378155690.0,378155690.0,KOSPI,0.0
004870,티웨이홀딩스,1137.0,56651.0,56651.0,64412187.0,64412187.0,KOSPI,0.62
277540,ACE 아시아TOP50,32140.0,693.0,693.0,22273020.0,22273020.0,KOSPI,-0.16
0223R0,TIGER 미국테크NYSE100액티브,9030.0,108533.0,108533.0,980052990.0,980052990.0,KOSPI,0.39
580057,KB 일본 컨슈머 TOP 10 ETN,12755.0,1.0,1.0,12755.0,12755.0,KOSPI,0.04
0103T0,1Q K소버린AI,8640.0,17080.0,17080.0,147571200.0,147571200.0,KOSPI,-2.81
610069,메리츠 KAP 레버리지 일본 엔화 ETN,16975.0,35175.0,35175.0,597095625.0,597095625.0,KOSPI,3.0
0115C0,RISE 미국고배당다우존스TOP10,10825.0,4233.0,4233.0,45822225.0,45822225.0,KOSPI,-0.6
496120,ACE 코리아밸류업,33870.0,1307.0,1307.0,44268090.0,44268090.0,KOSPI,0.03
0198D0,1Q SK하이닉스선물단일종목레버리지,9840.0,98942.0,98942.0,973589280.0,973589280.0,KOSPI,1.55
002355,넥센타이어1우B,3905.0,6198.0,6198.0,24203190.0,24203190.0,KOSPI,-0.26
580048,KB 차이나 대형주 CSI 300 ETN,12640.0,2.0,2.0,25280.0,25280.0,KOSPI,1.16
610022,메리츠 미국채10년 ETN(H),8400.0,239.0,239.0,2007600.0,2007600.0,KOSPI,0.12
0164G0,RISE 차이나AI반도체TOP4Plus,11990.0,5775.0,5775.0,69242250.0,69242250.0,KOSPI,-1.4
368190,HANARO Fn K-뉴딜디지털플러스,7850.0,235.0,235.0,1844750.0,1844750.0,KOSPI,-2.12
0097L0,KIWOOM 한국고배당&미국AI테크,12555.0,3523.0,3523.0,44231265.0,44231265.0,KOSPI,-0.16
245360,TIGER 차이나HSCEI,11950.0,5061.0,5061.0,60478950.0,60478950.0,KOSPI,-0.29
760026,키움 레버리지 전력 TOP5 ETN,16680.0,125611.0,125611.0,2095191480.0,2095191480.0,KOSPI,-6.82
005360,모나미,1323.0,262977.0,262977.0,347918571.0,347918571.0,KOSPI,-2.29
292500,SOL KRX300,49915.0,51.0,51.0,2545665.0,2545665.0,KOSPI,-0.71
414270,ACE 글로벌자율주행액티브,11340.0,6340.0,6340.0,71895600.0,71895600.0,KOSPI,0.04
185680,KODEX 미국S&P바이오(합성),46770.0,6772.0,6772.0,316726440.0,316726440.0,KOSPI,-0.36
530128,삼성 레버리지 미국다우존스 선물 ETN,24855.0,21.0,21.0,521955.0,521955.0,KOSPI,-0.88
002070,비비안,5170.0,42626.0,42626.0,220376420.0,220376420.0,KOSPI,-0.96
483570,KCGI 미국S&P500 TOP10,15500.0,1025.0,1025.0,15887500.0,15887500.0,KOSPI,-0.29
252710,TIGER 200선물인버스2X,80.0,61380919.0,61380919.0,4910473520.0,4910473520.0,KOSPI,2.56
159800,마이티 코스피100,87810.0,336.0,336.0,29504160.0,29504160.0,KOSPI,-0.09
0047R0,RISE 팔란티어고정테크100,14825.0,6818.0,6818.0,101076850.0,101076850.0,KOSPI,0.07
289250,TIGER MSCI KOREA ESG유니버설,35450.0,1369.0,1369.0,48531050.0,48531050.0,KOSPI,-0.41
479850,HANARO K-뷰티,18115.0,100867.0,100867.0,1827205705.0,1827205705.0,KOSPI,-2.76
003495,대한항공우,22000.0,2524.0,2524.0,55528000.0,55528000.0,KOSPI,0.0
292160,TIGER KRX300,48835.0,5358.0,5358.0,261657930.0,261657930.0,KOSPI,-0.99
225130,ACE 골드선물 레버리지(합성 H),48825.0,5382.0,5382.0,262776150.0,262776150.0,KOSPI,0.3
33637K,솔루스첨단소재1우,1441.0,2729.0,2729.0,3932489.0,3932489.0,KOSPI,-0.28
419430,KODEX 차이나2차전지MSCI(합성),8665.0,7651.0,7651.0,66295915.0,66295915.0,KOSPI,-0.4
610001,메리츠 인플레이션 국채 ETN,12120.0,1.0,1.0,12120.0,12120.0,KOSPI,0.04
295020,RISE 국채선물10년인버스,60850.0,7.0,7.0,425950.0,425950.0,KOSPI,0.1
195970,PLUS 선진국MSCI(합성 H),16465.0,4020.0,4020.0,66189300.0,66189300.0,KOSPI,-0.15
0093D0,KoAct 팔란티어밸류체인액티브,17150.0,4707.0,4707.0,80725050.0,80725050.0,KOSPI,0.15
0206G0,1Q 현대차기아채권혼합50,8095.0,207161.0,207161.0,1676968295.0,1676968295.0,KOSPI,-0.8
481340,RISE 미국30년국채액티브,8355.0,44686.0,44686.0,373351530.0,373351530.0,KOSPI,0.18
388280,RISE K엔터&여행레저,7300.0,27649.0,27649.0,201837700.0,201837700.0,KOSPI,0.69
030720,동원수산,5100.0,110181.0,110181.0,561923100.0,561923100.0,KOSPI,-4.49
610103,메리츠 솔랙티브 레버리지 금 선물 ETN(H),23615.0,763.0,763.0,18018245.0,18018245.0,KOSPI,1.22
367740,HANARO Fn5G산업,42895.0,599.0,599.0,25694105.0,25694105.0,KOSPI,-2.0
520093,미래에셋 인버스 2X 은 선물 ETN B,1966.0,264523.0,264523.0,520052218.0,520052218.0,KOSPI,-0.71
364690,KODEX 혁신기술테마액티브,39180.0,454.0,454.0,17787720.0,17787720.0,KOSPI,-1.1
280930,KODEX 미국러셀2000(H),16700.0,3277.0,3277.0,54725900.0,54725900.0,KOSPI,-0.42
442550,RISE TDF2030액티브 적격,14560.0,10169.0,10169.0,148060640.0,148060640.0,KOSPI,0.45
570124,한투 인버스은선물 ETN,11590.0,2.0,2.0,23180.0,23180.0,KOSPI,-1.28
500100,신한 금 선물 ETN,11570.0,1975.0,1975.0,22850750.0,22850750.0,KOSPI,0.48
0177A0,WON 두산그룹포커스,9225.0,131003.0,131003.0,1208502675.0,1208502675.0,KOSPI,-0.38
760028,키움 인버스 2X 반도체TOP10 ETN,2870.0,3438291.0,3438291.0,9867895170.0,9867895170.0,KOSPI,-1.03
33626L,두산퓨얼셀2우B,7680.0,2855.0,2855.0,21926400.0,21926400.0,KOSPI,-1.03
217770,TIGER 원유선물인버스(H),1138.0,506624.0,506624.0,576538112.0,576538112.0,KOSPI,-1.22
138230,KIWOOM 미국달러선물,15745.0,3908.0,3908.0,61531460.0,61531460.0,KOSPI,0.1
700017,하나 레버리지 코스닥150 선물 ETN,22790.0,4326.0,4326.0,98589540.0,98589540.0,KOSPI,-4.9
461450,KODEX 코스닥글로벌,15190.0,14782.0,14782.0,224538580.0,224538580.0,KOSPI,-1.01
0153X0,PLUS 미국고배당주액티브,11100.0,8396.0,8396.0,93195600.0,93195600.0,KOSPI,-0.09
004270,남성,4985.0,7170.0,7170.0,35742450.0,35742450.0,KOSPI,0.3
570115,한투 인버스0.5X S&P500 VIX S/T선물 ETN B,22700.0,1.0,1.0,22700.0,22700.0,KOSPI,-0.66
570081,한투 레버리지코스닥150선물 ETN,22690.0,2275.0,2275.0,51619750.0,51619750.0,KOSPI,-4.36
300950,KODEX 게임산업,5380.0,63681.0,63681.0,342603780.0,342603780.0,KOSPI,-1.19
580070,KB 레버리지 2차전지 TOP 10 TR ETN,22500.0,4315.0,4315.0,97087500.0,97087500.0,KOSPI,-5.04
012170,아센디오,3080.0,57097.0,57097.0,175858760.0,175858760.0,KOSPI,2.33
530138,삼성 KRX 레버리지 2차전지 TOP10 TR ETN,22360.0,1847.0,1847.0,41298920.0,41298920.0,KOSPI,-5.05
411540,SOL 200 Top10,17190.0,2577.0,2577.0,44298630.0,44298630.0,KOSPI,-0.38
375760,HANARO 탄소효율그린뉴딜,24790.0,104.0,104.0,2578160.0,2578160.0,KOSPI,0.51
530106,삼성 레버리지 코스닥150 선물 ETN,22290.0,1209.0,1209.0,26948610.0,26948610.0,KOSPI,-5.05
520047,미래에셋 인버스 2X 옥수수 선물 ETN,22280.0,233.0,233.0,5191240.0,5191240.0,KOSPI,-2.54
465670,TIGER 미국캐시카우100,16490.0,39477.0,39477.0,650975730.0,650975730.0,KOSPI,-0.57
376410,TIGER 탄소효율그린뉴딜,24710.0,2447.0,2447.0,60465370.0,60465370.0,KOSPI,-0.56
530119,삼성 레버리지 항셍테크 TR ETN(H) B,22215.0,1010.0,1010.0,22437150.0,22437150.0,KOSPI,-3.22
204450,KODEX 차이나H레버리지(H),2290.0,36211.0,36211.0,82923190.0,82923190.0,KOSPI,-1.08
456680,TIGER 차이나전기차레버리지(합성),5430.0,6604.0,6604.0,35859720.0,35859720.0,KOSPI,-2.25
530116,삼성 인버스 2X 나스닥 100 TR ETN,4425.0,35254.0,35254.0,155998950.0,155998950.0,KOSPI,1.14
269420,KODEX S&P글로벌인프라(합성),21410.0,1246.0,1246.0,26676860.0,26676860.0,KOSPI,-0.4
0127R0,RISE 미국AI클라우드인프라,16345.0,9962.0,9962.0,162828890.0,162828890.0,KOSPI,0.06
108590,TREX 200,110075.0,454.0,454.0,49974050.0,49974050.0,KOSPI,-0.4
461600,SOL 미국30년국채액티브(H),8305.0,3163.0,3163.0,26268715.0,26268715.0,KOSPI,-0.06
550088,N2 월간 레버리지 선진국 1등주 ETN,21990.0,1.0,1.0,21990.0,21990.0,KOSPI,-0.95
008775,호텔신라우,29200.0,573.0,573.0,16731600.0,16731600.0,KOSPI,0.17
239660,PLUS 우량회사채50,121810.0,662.0,662.0,80638220.0,80638220.0,KOSPI,0.02
0047P0,RISE 테슬라고정테크100,14130.0,4698.0,4698.0,66382740.0,66382740.0,KOSPI,-0.07
580072,KB 화웨이 밸류체인 ETN,10950.0,17.0,17.0,186150.0,186150.0,KOSPI,0.23
001420,태원물산,2875.0,17429.0,17429.0,50108375.0,50108375.0,KOSPI,2.31
469160,ACE 일본반도체,24240.0,5559.0,5559.0,134750160.0,134750160.0,KOSPI,-1.82
477730,KODEX 인도타타그룹,7270.0,1692.0,1692.0,12300840.0,12300840.0,KOSPI,0.21
093240,형지엘리트,350.0,587612.0,587612.0,205664200.0,205664200.0,KOSPI,-6.17
433220,에셋플러스 글로벌대장장이액티브,28980.0,5158.0,5158.0,149478840.0,149478840.0,KOSPI,-0.19
464600,SOL 자동차소부장Fn,22485.0,7625.0,7625.0,171448125.0,171448125.0,KOSPI,-3.91
0065G0,KODEX 차이나테크TOP10,8325.0,14959.0,14959.0,124533675.0,124533675.0,KOSPI,-0.42
438320,TIGER 차이나항셍테크레버리지(합성 H),4905.0,23522.0,23522.0,115375410.0,115375410.0,KOSPI,-2.87
760012,키움 반도체TOP10 ETN,30220.0,24.0,24.0,725280.0,725280.0,KOSPI,0.85
0026E0,KODEX 미국S&P500버퍼3월액티브,11425.0,47.0,47.0,536975.0,536975.0,KOSPI,-0.13
337120,KODEX 멀티팩터,35205.0,401.0,401.0,14117205.0,14117205.0,KOSPI,0.3
253290,RISE 헬스케어채권혼합,11695.0,4628.0,4628.0,54124460.0,54124460.0,KOSPI,-0.47
447660,PLUS 애플채권혼합,13565.0,17297.0,17297.0,234633805.0,234633805.0,KOSPI,-0.48
0192S0,SOL 코스피200채권혼합50,9550.0,145904.0,145904.0,1393383200.0,1393383200.0,KOSPI,0.0
226980,KODEX 200 중소형,23295.0,5033.0,5033.0,117243735.0,117243735.0,KOSPI,0.67
091220,TIGER 은행,17380.0,35127.0,35127.0,610507260.0,610507260.0,KOSPI,-0.6
530130,삼성 S&P500 VIX S/T 선물 ETN B,6935.0,16475.0,16475.0,114254125.0,114254125.0,KOSPI,1.09
471460,KIWOOM 국고채30년액티브,45220.0,181.0,181.0,8184820.0,8184820.0,KOSPI,0.08
580067,KB 인도 디지털 Select 5 ETN,10385.0,120.0,120.0,1246200.0,1246200.0,KOSPI,-1.94
0234N0,KIWOOM 삼성SK그룹TOP4+,10340.0,769346.0,769346.0,7955037640.0,7955037640.0,KOSPI,-1.24
570125,한투 솔랙티브레버리지금선물 ETN,20625.0,32.0,32.0,660000.0,660000.0,KOSPI,1.68
0231Z0,KODEX 코리아TDF2065액티브 적격,10305.0,57964.0,57964.0,597319020.0,597319020.0,KOSPI,-0.15
0186L0,KoAct 미국로봇피지컬AI액티브,8960.0,14842.0,14842.0,132984320.0,132984320.0,KOSPI,0.5
152380,KODEX 국채선물10년,64730.0,1071.0,1071.0,69325830.0,69325830.0,KOSPI,-0.05
371450,TIGER 글로벌클라우드컴퓨팅INDXX,13185.0,13247.0,13247.0,174661695.0,174661695.0,KOSPI,-0.42
300640,RISE 게임테마,6325.0,2019.0,2019.0,12770175.0,12770175.0,KOSPI,-1.48
289040,KODEX MSCI KOREA ESG유니버설,34245.0,67.0,67.0,2294415.0,2294415.0,KOSPI,-0.26
417630,TIGER KEDI혁신기업ESG30,19520.0,929.0,929.0,18134080.0,18134080.0,KOSPI,-1.61
0067V0,TIGER 차이나글로벌리더스TOP3+,9305.0,2483.0,2483.0,23104315.0,23104315.0,KOSPI,-1.74
580089,KB 솔랙티브 레버리지 금 선물 ETN,20390.0,288.0,288.0,5872320.0,5872320.0,KOSPI,0.74
489000,PLUS 일본엔화초단기국채(합성),9265.0,157444.0,157444.0,1458718660.0,1458718660.0,KOSPI,1.65
463300,RISE 중국본토CSI300,12715.0,424.0,424.0,5391160.0,5391160.0,KOSPI,-0.59
000040,KR모터스,1177.0,160872.0,160872.0,189346344.0,189346344.0,KOSPI,-10.15
520039,미래에셋 코스닥150 선물 ETN,10135.0,8.0,8.0,81080.0,81080.0,KOSPI,-0.25
364990,TIGER 게임TOP10,4595.0,58309.0,58309.0,267929855.0,267929855.0,KOSPI,-2.34
001685,대상우,14750.0,912.0,912.0,13452000.0,13452000.0,KOSPI,0.34
550085,N2 코스닥 150 TR ETN,10085.0,5.0,5.0,50425.0,50425.0,KOSPI,-1.66
00499K,롯데지주우,24950.0,372.0,372.0,9281400.0,9281400.0,KOSPI,1.42
760008,키움 코스닥 150 TR ETN,9950.0,18.0,18.0,179100.0,179100.0,KOSPI,-2.78
0190M0,KIWOOM 미국AI테크하이베타,8120.0,16941.0,16941.0,137560920.0,137560920.0,KOSPI,1.12
404120,TIME K신재생에너지액티브,24830.0,4576.0,4576.0,113622080.0,113622080.0,KOSPI,-1.43
437070,KODEX 아시아달러채권ESG플러스액티브,57330.0,1590.0,1590.0,91154700.0,91154700.0,KOSPI,0.13
610085,메리츠 레버리지 미국채30년 스트립 ETN(H),33040.0,9595.0,9595.0,317018800.0,317018800.0,KOSPI,-0.68
284980,RISE 200금융,23045.0,13319.0,13319.0,306936355.0,306936355.0,KOSPI,-0.67
610087,메리츠 WTI원유 선물 ETN(H),19795.0,6111.0,6111.0,120967245.0,120967245.0,KOSPI,1.43
497780,KoAct 미국천연가스인프라액티브,10415.0,29259.0,29259.0,304732485.0,304732485.0,KOSPI,0.87
169950,KODEX 차이나A50,24600.0,549.0,549.0,13505400.0,13505400.0,KOSPI,-0.93
580071,KB 인버스 2X 천연가스 선물 ETN B,9805.0,76.0,76.0,745180.0,745180.0,KOSPI,-0.25
108675,LX하우시스우,18990.0,280.0,280.0,5317200.0,5317200.0,KOSPI,-0.37
700012,하나 인버스 2X 옥수수 선물 ETN(H),19500.0,3.0,3.0,58500.0,58500.0,KOSPI,-3.47
416090,ACE 중국과창판STAR50,12165.0,10993.0,10993.0,133729845.0,133729845.0,KOSPI,-1.1
213630,PLUS 미국다우존스고배당주(합성 H),21140.0,13498.0,13498.0,285347720.0,285347720.0,KOSPI,0.24
760022,키움 K방산 TOP5 ETN,9720.0,183.0,183.0,1778760.0,1778760.0,KOSPI,-0.41
304770,HANARO 코스닥150,13690.0,2005.0,2005.0,27448450.0,27448450.0,KOSPI,-2.42
404260,KODEX 기후변화솔루션,24205.0,891.0,891.0,21566655.0,21566655.0,KOSPI,-1.1
407310,HANARO 200 TOP10,16815.0,1886.0,1886.0,31713090.0,31713090.0,KOSPI,-0.36
760021,키움 코스피200 선물 달러노출 ETN,27565.0,8.0,8.0,220520.0,220520.0,KOSPI,-0.02
304760,HANARO KRX300,48145.0,73.0,73.0,3514585.0,3514585.0,KOSPI,0.47
379790,RISE 유로스탁스50(H),17375.0,19241.0,19241.0,334312375.0,334312375.0,KOSPI,0.32
002820,SUN&L,1579.0,403770.0,403770.0,637552830.0,637552830.0,KOSPI,-8.94
530112,삼성 S&P500 TR ETN,19040.0,74.0,74.0,1408960.0,1408960.0,KOSPI,0.05
500072,신한 인버스 2X 코스닥 150 선물 ETN,1904.0,104022.0,104022.0,198057888.0,198057888.0,KOSPI,5.54
228820,TIGER KTOP30,19015.0,7751.0,7751.0,147385265.0,147385265.0,KOSPI,-0.45
570122,한투 인버스금선물 ETN,9475.0,42.0,42.0,397950.0,397950.0,KOSPI,-2.57
183710,RISE 주식혼합,94680.0,362.0,362.0,34274160.0,34274160.0,KOSPI,0.36
0104P0,TIGER 코리아배당다우존스위클리커버드콜,11095.0,6271.0,6271.0,69576745.0,69576745.0,KOSPI,-0.49
229720,KODEX KTOP30,37680.0,2489.0,2489.0,93785520.0,93785520.0,KOSPI,-0.44
580074,KB BYD 밸류체인 ETN,9400.0,3.0,3.0,28200.0,28200.0,KOSPI,-2.94
487950,KODEX 대만테크고배당다우존스,12940.0,13931.0,13931.0,180267140.0,180267140.0,KOSPI,-0.61
530132,삼성 블룸버그 WTI원유 선물 ETN B,18720.0,238.0,238.0,4455360.0,4455360.0,KOSPI,1.16
0144M0,KODEX 미국드론UAM TOP10,6805.0,8906.0,8906.0,60605330.0,60605330.0,KOSPI,0.07
445910,TIGER MKF배당귀족,20775.0,1110.0,1110.0,23060250.0,23060250.0,KOSPI,-0.6
445690,BNK 주주가치액티브,30760.0,99.0,99.0,3045240.0,3045240.0,KOSPI,-0.37
530140,삼성 iSelect 레버리지 조선 TOP10 TR ETN,18445.0,1199.0,1199.0,22115555.0,22115555.0,KOSPI,-1.26
0198B0,1Q 삼성전자선물단일종목레버리지,11975.0,43912.0,43912.0,525846200.0,525846200.0,KOSPI,0.38
276000,TIGER 글로벌자원생산기업(합성 H),21630.0,5063.0,5063.0,109512690.0,109512690.0,KOSPI,-13.48
225060,TIGER 이머징마켓MSCI레버리지(합성 H),17275.0,850.0,850.0,14683750.0,14683750.0,KOSPI,-0.03
002360,SH에너지화학,1645.0,52420.0,52420.0,86230900.0,86230900.0,KOSPI,3.65
0105D0,SOL 한국AI소프트웨어,9600.0,60869.0,60869.0,584342400.0,584342400.0,KOSPI,-3.18
0193K0,PLUS 삼성전자단일종목레버리지,12735.0,18183.0,18183.0,231560505.0,231560505.0,KOSPI,1.11
0018Z0,RISE 미국양자컴퓨팅,17225.0,5615.0,5615.0,96718375.0,96718375.0,KOSPI,0.29
227830,PLUS 코스피,71990.0,1390.0,1390.0,100066100.0,100066100.0,KOSPI,-0.12
610036,메리츠 인버스 2X 대표 농산물 선물 ETN(H),17945.0,1832.0,1832.0,32875240.0,32875240.0,KOSPI,-3.68
580066,KB 인도 대형 성장주 Select 5 ETN,8935.0,8.0,8.0,71480.0,71480.0,KOSPI,-1.11
391670,HK 베스트일레븐액티브,29470.0,590.0,590.0,17387300.0,17387300.0,KOSPI,0.94
461910,PLUS 미국테크TOP10레버리지(합성),35170.0,556.0,556.0,19554520.0,19554520.0,KOSPI,-0.26
292050,RISE KRX300,50230.0,580.0,580.0,29133400.0,29133400.0,KOSPI,-0.61
289260,TIGER MSCI KOREA ESG리더스,29295.0,3029.0,3029.0,88734555.0,88734555.0,KOSPI,-1.13
461900,PLUS 미국테크TOP10,21970.0,317.0,317.0,6964490.0,6964490.0,KOSPI,-0.25
449580,RISE 테슬라애플아마존채권혼합,15975.0,6475.0,6475.0,103438125.0,103438125.0,KOSPI,0.0
385600,ACE 2차전지&친환경차액티브,11700.0,5486.0,5486.0,64186200.0,64186200.0,KOSPI,-2.9
570071,한투 구리선물 ETN,17455.0,102.0,102.0,1780410.0,1780410.0,KOSPI,1.48
530123,삼성 일본니케이225선물 ETN(H),17440.0,1.0,1.0,17440.0,17440.0,KOSPI,0.49
195920,TIGER 일본TOPIX(합성 H),34790.0,3150.0,3150.0,109588500.0,109588500.0,KOSPI,-2.15
460660,RISE 미국S&P배당킹,11535.0,6055.0,6055.0,69844425.0,69844425.0,KOSPI,-0.22
468370,KODEX iShares미국인플레이션국채액티브,10350.0,23453.0,23453.0,242738550.0,242738550.0,KOSPI,0.29
0086C0,TIGER 리츠부동산인프라10채권혼합액티브,9820.0,5167.0,5167.0,50739940.0,50739940.0,KOSPI,-0.05
18064K,한진칼우,31750.0,3299.0,3299.0,104743250.0,104743250.0,KOSPI,-1.85
570121,한투 금선물 ETN,8505.0,9.0,9.0,76545.0,76545.0,KOSPI,1.61
457690,KODEX 33-06 국고채액티브,10475.0,10449.0,10449.0,109453275.0,109453275.0,KOSPI,0.0
219390,RISE 미국S&P원유생산기업(합성 H),8415.0,71975.0,71975.0,605669625.0,605669625.0,KOSPI,0.48
250730,RISE 차이나HSCEI(H),9885.0,1388.0,1388.0,13720380.0,13720380.0,KOSPI,0.61
415760,SOL 차이나육성산업액티브(합성),12305.0,9843.0,9843.0,121118115.0,121118115.0,KOSPI,-1.8
006200,한국전자홀딩스,1777.0,46253.0,46253.0,82191581.0,82191581.0,KOSPI,-0.11
477490,에셋플러스 글로벌일등기업포커스10액티브,18445.0,564.0,564.0,10402980.0,10402980.0,KOSPI,-0.35
130680,TIGER 원유선물Enhanced(H),7710.0,29370.0,29370.0,226442700.0,226442700.0,KOSPI,1.05
474920,에셋플러스 차이나일등기업포커스10액티브,17615.0,204.0,204.0,3593460.0,3593460.0,KOSPI,-0.65
700034,하나 레버리지 K방산TOP10 ETN,10910.0,36126.0,36126.0,394134660.0,394134660.0,KOSPI,0.23
610104,메리츠 솔랙티브 인버스 2X 금 선물 ETN(H),16355.0,60.0,60.0,981300.0,981300.0,KOSPI,-1.42
419650,PLUS 글로벌수소&차세대연료전지,5020.0,12285.0,12285.0,61670700.0,61670700.0,KOSPI,0.6
610025,메리츠 인버스 2X 미국채10년 ETN(H),16300.0,1.0,1.0,16300.0,16300.0,KOSPI,0.0
131890,ACE 삼성그룹동일가중,40685.0,365.0,365.0,14850025.0,14850025.0,KOSPI,-0.42
550097,N2 레버리지 코스닥150 선물 ETN,16150.0,1816.0,1816.0,29328400.0,29328400.0,KOSPI,-4.47
332620,PLUS 미국장기우량회사채,85720.0,304.0,304.0,26058880.0,26058880.0,KOSPI,0.23
483330,ACE 마이크로소프트밸류체인액티브,14505.0,8306.0,8306.0,120478530.0,120478530.0,KOSPI,0.0
0223A0,RISE 코스닥커버드콜액티브,10280.0,363134.0,363134.0,3733017520.0,3733017520.0,KOSPI,-1.39
494420,PLUS 미국배당증가성장주데일리커버드콜,8835.0,5858.0,5858.0,51755430.0,51755430.0,KOSPI,0.11
001770,SHD,13070.0,40526.0,40526.0,529674820.0,529674820.0,KOSPI,-10.42
011090,에넥스,1324.0,129482.0,129482.0,171434168.0,171434168.0,KOSPI,1.46
291130,ACE MSCI멕시코(합성),17420.0,496.0,496.0,8640320.0,8640320.0,KOSPI,-0.99
236350,TIGER 인도니프티50레버리지(합성),25250.0,5548.0,5548.0,140087000.0,140087000.0,KOSPI,-2.23
760017,키움 조선TOP10 ETN,22265.0,15.0,15.0,333975.0,333975.0,KOSPI,-0.58
002025,코오롱우,13390.0,880.0,880.0,11783200.0,11783200.0,KOSPI,-0.45
530120,삼성 나스닥 100 TR ETN,15475.0,39.0,39.0,603525.0,603525.0,KOSPI,0.29
432840,HANARO 미국S&P500,19260.0,1125.0,1125.0,21667500.0,21667500.0,KOSPI,-0.05
413930,WON AI ESG액티브,28005.0,2443.0,2443.0,68416215.0,68416215.0,KOSPI,-0.41
005257,녹십자홀딩스2우,18180.0,11.0,11.0,199980.0,199980.0,KOSPI,2.71
438900,HANARO Fn K-푸드,11390.0,113675.0,113675.0,1294758250.0,1294758250.0,KOSPI,-0.96
580086,KB 솔랙티브 레버리지 천연가스 선물 ETN,15305.0,66547.0,66547.0,1018501835.0,1018501835.0,KOSPI,0.99
337150,KODEX 200exTOP,25505.0,600.0,600.0,15303000.0,15303000.0,KOSPI,-1.45
530095,삼성 구리 선물 ETN(H),15280.0,5386.0,5386.0,82298080.0,82298080.0,KOSPI,1.6
491510,파워 K-주주가치액티브,17965.0,432.0,432.0,7760880.0,7760880.0,KOSPI,-1.43
0222D0,KoAct 고배당액티브,10530.0,220964.0,220964.0,2326750920.0,2326750920.0,KOSPI,-0.52
0106J0,대신 KOSPI200인덱스 X클래스,20190.0,78.0,78.0,1574820.0,1574820.0,KOSPI,0.07
580050,KB 차이나 과창판 STAR 50 ETN,15125.0,50.0,50.0,756250.0,756250.0,KOSPI,0.0
015260,에이엔피,320.0,4554222.0,4554222.0,1457351040.0,1457351040.0,KOSPI,-9.09
570063,한투 베트남VN30선물 ETN(H),15070.0,3.0,3.0,45210.0,45210.0,KOSPI,-2.3
114460,ACE 국고채3년,100190.0,700.0,700.0,70133000.0,70133000.0,KOSPI,0.04
0222F0,마이티 AI데이터센터밸류체인,13045.0,2974.0,2974.0,38795830.0,38795830.0,KOSPI,-1.73
0051A0,KoAct 브로드컴밸류체인액티브,23020.0,622.0,622.0,14318440.0,14318440.0,KOSPI,0.88
104520,KIWOOM 블루칩,14960.0,55.0,55.0,822800.0,822800.0,KOSPI,-0.4
272570,RISE 중장기국공채액티브,107905.0,22.0,22.0,2373910.0,2373910.0,KOSPI,0.01
488290,MIDAS 일본테크액티브,42500.0,1054.0,1054.0,44795000.0,44795000.0,KOSPI,-1.64
0207Z0,KIWOOM 미국우주데이터센터인프라,6865.0,6360.0,6360.0,43661400.0,43661400.0,KOSPI,0.22
453010,PLUS KOFR금리,109920.0,960.0,960.0,105523200.0,105523200.0,KOSPI,0.01
580051,KB 레버리지 밀 선물 ETN,9815.0,486.0,486.0,4770090.0,4770090.0,KOSPI,8.15
404650,SOL KRX기후변화솔루션,24490.0,116.0,116.0,2840840.0,2840840.0,KOSPI,0.47
610039,메리츠 인버스 미국채30년 ETN(H),14690.0,4.0,4.0,58760.0,58760.0,KOSPI,-0.31
520076,미래에셋 1.5X 천연가스 선물 ETN,5840.0,18549.0,18549.0,108326160.0,108326160.0,KOSPI,0.6
387280,TIGER 퓨처모빌리티액티브,11450.0,6950.0,6950.0,79577500.0,79577500.0,KOSPI,-2.51
453630,KODEX 미국S&P500필수소비재,11930.0,7064.0,7064.0,84273520.0,84273520.0,KOSPI,-0.42
024890,대원화성,1731.0,19378.0,19378.0,33543318.0,33543318.0,KOSPI,-2.37
0090B0,PLUS K방산소부장,6640.0,29964.0,29964.0,198960960.0,198960960.0,KOSPI,-0.08
234310,RISE V&S셀렉트밸류,28520.0,187.0,187.0,5333240.0,5333240.0,KOSPI,-1.16
570105,한투 인버스일본니케이225선물 ETN(H),4740.0,372.0,372.0,1763280.0,1763280.0,KOSPI,0.0
580090,KB 솔랙티브 인버스 2X 금 선물 ETN,14140.0,69.0,69.0,975660.0,975660.0,KOSPI,-1.7
0194R0,KIWOOM SK하이닉스선물단일종목레버리지,9250.0,60868.0,60868.0,563029000.0,563029000.0,KOSPI,2.04
001795,대한제당우,2175.0,13549.0,13549.0,29469075.0,29469075.0,KOSPI,0.0
484890,SOL 머니마켓액티브,52560.0,8074.0,8074.0,424369440.0,424369440.0,KOSPI,0.0
610035,메리츠 레버리지 대표 농산물 선물 ETN(H),14045.0,1153.0,1153.0,16193885.0,16193885.0,KOSPI,2.82
244620,KODEX 모멘텀Plus,20040.0,1372.0,1372.0,27494880.0,27494880.0,KOSPI,-1.88
760015,키움 레버리지 바이오TOP10 ETN,7005.0,35048.0,35048.0,245511240.0,245511240.0,KOSPI,-5.02
000087,하이트진로2우B,12380.0,237.0,237.0,2934060.0,2934060.0,KOSPI,-0.08
266390,KODEX 경기소비재,15475.0,2823.0,2823.0,43685925.0,43685925.0,KOSPI,0.49
137610,TIGER 농산물선물Enhanced(H),6040.0,22718.0,22718.0,137216720.0,137216720.0,KOSPI,1.77
417450,RISE 글로벌수소경제,16340.0,2531.0,2531.0,41356540.0,41356540.0,KOSPI,1.18
0013P0,RISE 미국은행TOP10,12625.0,10364.0,10364.0,130845500.0,130845500.0,KOSPI,-0.63
496130,TRUSTON 코리아밸류업액티브,25690.0,65.0,65.0,1669850.0,1669850.0,KOSPI,-0.62
453820,KODEX 인도Nifty50레버리지(합성),10665.0,3709.0,3709.0,39556485.0,39556485.0,KOSPI,-1.25
0216Z0,ACE K방산TOP5+,8385.0,32216.0,32216.0,270131160.0,270131160.0,KOSPI,0.0
500097,신한 레버리지 Russell 2000 ETN B,13820.0,2.0,2.0,27640.0,27640.0,KOSPI,0.0
0220A0,KIWOOM 현대차그룹TOP3채권혼합50,9175.0,18889.0,18889.0,173306575.0,173306575.0,KOSPI,-1.08
0088N0,WON K-글로벌수급상위,10965.0,2344.0,2344.0,25701960.0,25701960.0,KOSPI,-0.27
570123,한투 은선물 ETN,6820.0,21.0,21.0,143220.0,143220.0,KOSPI,0.74
373490,KODEX 코리아혁신성장액티브,24785.0,61.0,61.0,1511885.0,1511885.0,KOSPI,-2.54
0153P0,ACE 리츠부동산인프라액티브,9400.0,11221.0,11221.0,105477400.0,105477400.0,KOSPI,-0.37
102960,KODEX 기계장비,13585.0,8568.0,8568.0,116396280.0,116396280.0,KOSPI,-2.3
610062,메리츠 인버스 3X 국채30년 ETN,67890.0,349.0,349.0,23693610.0,23693610.0,KOSPI,-0.52
266410,KODEX 필수소비재,9685.0,217779.0,217779.0,2109189615.0,2109189615.0,KOSPI,-0.51
409810,KODEX 미국나스닥100선물인버스(H),5525.0,30851.0,30851.0,170451775.0,170451775.0,KOSPI,0.36
0084E0,KIWOOM 미국대형주500월간목표헤지액티브,9965.0,752.0,752.0,7493680.0,7493680.0,KOSPI,-0.25
485810,TIME 글로벌바이오액티브,11210.0,2634.0,2634.0,29527140.0,29527140.0,KOSPI,-0.04
472720,TRUSTON 주주가치액티브,25860.0,176.0,176.0,4551360.0,4551360.0,KOSPI,-1.07
0104G0,PLUS K방산레버리지,5600.0,48128.0,48128.0,269516800.0,269516800.0,KOSPI,-1.41
580032,KB 레버리지 구리 선물 ETN(H),26735.0,3421.0,3421.0,91460435.0,91460435.0,KOSPI,2.71
0028X0,KODEX 미국금융테크액티브,11580.0,2113.0,2113.0,24468540.0,24468540.0,KOSPI,-0.9
530129,삼성 인버스 2X 미국다우존스 선물 ETN,13265.0,1.0,1.0,13265.0,13265.0,KOSPI,0.87
760023,키움 레버리지 K방산 TOP5 ETN,13250.0,6204.0,6204.0,82203000.0,82203000.0,KOSPI,-1.05
0004G0,1Q 미국배당TOP30,8800.0,14602.0,14602.0,128497600.0,128497600.0,KOSPI,-0.23
252650,KODEX 200동일가중,18835.0,1144.0,1144.0,21547240.0,21547240.0,KOSPI,-0.13
0127V0,KIWOOM 미국S&P500 TOP10&배당다우비중전환,10525.0,3896.0,3896.0,41005400.0,41005400.0,KOSPI,-0.14
530137,삼성 KRX 2차전지 TOP10 TR ETN,13080.0,914.0,914.0,11955120.0,11955120.0,KOSPI,-0.08
0127T0,KIWOOM 미국S&P500&배당다우존스비중전환,10810.0,2291.0,2291.0,24765710.0,24765710.0,KOSPI,-0.14
520088,미래에셋 S&P500 VIX S/T 선물 ETN(H),6480.0,5072.0,5072.0,32866560.0,32866560.0,KOSPI,0.7
610072,메리츠 KAP 레버리지 중국 위안화 ETN,25830.0,71.0,71.0,1833930.0,1833930.0,KOSPI,-0.17
00806K,대덕1우,10630.0,4744.0,4744.0,50428720.0,50428720.0,KOSPI,-1.21
279540,KODEX 최소변동성,21210.0,263.0,263.0,5578230.0,5578230.0,KOSPI,-1.3
0208N0,IBK 코스피액티브,7695.0,5653.0,5653.0,43499835.0,43499835.0,KOSPI,-0.32
530092,삼성 인버스 코스피 200 선물 ETN,2530.0,51250.0,51250.0,129662500.0,129662500.0,KOSPI,0.4
290080,RISE 200고배당커버드콜ATM,7430.0,42186.0,42186.0,313441980.0,313441980.0,KOSPI,-1.52
580083,KB 레버리지 미국 S&P500 선물 ETN B,25245.0,22.0,22.0,555390.0,555390.0,KOSPI,-0.39
300610,TIGER K게임,5350.0,3092.0,3092.0,16542200.0,16542200.0,KOSPI,-1.56
0015F0,KIWOOM 팔란티어미국30년국채혼합액티브(H),10430.0,4711.0,4711.0,49135730.0,49135730.0,KOSPI,-0.33
363510,SOL KIS단기통안채,112205.0,21.0,21.0,2356305.0,2356305.0,KOSPI,0.0
140580,RISE 우량업종대표주,24825.0,52.0,52.0,1290900.0,1290900.0,KOSPI,-0.06
410870,TIME K컬처액티브,9510.0,70482.0,70482.0,670283820.0,670283820.0,KOSPI,0.21
400570,KODEX 유럽탄소배출권선물ICE(H),11625.0,1553.0,1553.0,18053625.0,18053625.0,KOSPI,0.61
489860,KIWOOM 글로벌전력GRID인프라,14475.0,4958.0,4958.0,71767050.0,71767050.0,KOSPI,-0.17
453060,HANARO KOFR금리액티브(합성),111475.0,236.0,236.0,26308100.0,26308100.0,KOSPI,0.02
520046,미래에셋 레버리지 옥수수 선물 ETN,12250.0,870.0,870.0,10657500.0,10657500.0,KOSPI,2.13
166400,TIGER 200커버드콜OTM,24440.0,1451.0,1451.0,35462440.0,35462440.0,KOSPI,-0.04
251590,PLUS 고배당저변동50,17440.0,403.0,403.0,7028320.0,7028320.0,KOSPI,-0.49
435550,KIWOOM TDF2050액티브 적격,17435.0,3116.0,3116.0,54327460.0,54327460.0,KOSPI,-0.06
487750,BNK 온디바이스AI,30435.0,3377.0,3377.0,102778995.0,102778995.0,KOSPI,-0.78
145995,삼양사우,32850.0,569.0,569.0,18691650.0,18691650.0,KOSPI,-1.05
360150,KODEX 코스닥150롱코스피200숏선물,2960.0,110729.0,110729.0,327757840.0,327757840.0,KOSPI,-1.66
404540,TIGER KRX기후변화솔루션,24210.0,1362.0,1362.0,32974020.0,32974020.0,KOSPI,-1.06
457700,KODEX 53-09 국고채액티브,9090.0,335.0,335.0,3045150.0,3045150.0,KOSPI,-0.05
396510,TIGER 차이나클린에너지SOLACTIVE,6665.0,2535.0,2535.0,16895775.0,16895775.0,KOSPI,-0.52
610071,메리츠 KAP 중국 위안화 ETN,11995.0,8.0,8.0,95960.0,95960.0,KOSPI,0.0
610070,메리츠 KAP 인버스 2X 일본 엔화 ETN,23985.0,63.0,63.0,1511055.0,1511055.0,KOSPI,-2.66
428560,KODEX 미국ETF산업Top10 Indxx,15880.0,1181.0,1181.0,18754280.0,18754280.0,KOSPI,0.06
395760,PLUS ESG성장주액티브,21605.0,349.0,349.0,7540145.0,7540145.0,KOSPI,-0.05
520064,미래에셋 2X 미국채울트라30년 선물 ETN,5935.0,22.0,22.0,130570.0,130570.0,KOSPI,-0.25
580080,KB 인버스 은 선물 ETN,11850.0,418.0,418.0,4953300.0,4953300.0,KOSPI,-0.5
45226K,한화갤러리아우,4060.0,7138.0,7138.0,28980280.0,28980280.0,KOSPI,0.5
580047,KB 레버리지 항셍테크 선물 ETN(H) B,11775.0,8.0,8.0,94200.0,94200.0,KOSPI,-1.92
610086,메리츠 인버스2X 미국채30년 스트립 ETN(H),58660.0,6.0,6.0,351960.0,351960.0,KOSPI,0.09
332610,PLUS 미국단기회사채(AAA~A),122200.0,141.0,141.0,17230200.0,17230200.0,KOSPI,0.27
282000,RISE 국고채3년선물인버스,114850.0,4.0,4.0,459400.0,459400.0,KOSPI,0.07
530127,삼성 미국다우존스 TR ETN,11655.0,3.0,3.0,34965.0,34965.0,KOSPI,-0.34
453660,KODEX 미국S&P500경기소비재,16615.0,1273.0,1273.0,21150895.0,21150895.0,KOSPI,0.33
0000H0,KODEX 인도Nifty미드캡100,10105.0,330.0,330.0,3334650.0,3334650.0,KOSPI,-0.54
269530,PLUS S&P글로벌인프라,19350.0,122.0,122.0,2360700.0,2360700.0,KOSPI,0.42
580088,KB 인버스 2X KOSPI 200 선물 ETN B,23215.0,15981.0,15981.0,370998915.0,370998915.0,KOSPI,0.69
448490,HANARO 32-10 국고채액티브,52695.0,10271.0,10271.0,541230345.0,541230345.0,KOSPI,-0.05
269370,TIGER S&P글로벌인프라(합성),16500.0,574.0,574.0,9471000.0,9471000.0,KOSPI,-0.36
530139,삼성 iSelect 조선 TOP10 TR ETN,11545.0,14.0,14.0,161630.0,161630.0,KOSPI,0.52
044380,주연테크,829.0,522063.0,522063.0,432790227.0,432790227.0,KOSPI,-10.96
700032,하나 인버스 2X 천연가스 선물 ETN(H),11520.0,8.0,8.0,92160.0,92160.0,KOSPI,-0.9
610093,메리츠 인버스 3X 일본 국채 10년 ETN,23020.0,489.0,489.0,11256780.0,11256780.0,KOSPI,0.17
610096,메리츠 인버스 2X 천연가스 선물 ETN(H),11505.0,9203.0,9203.0,105880515.0,105880515.0,KOSPI,-1.54
451600,PLUS 국고채30년액티브,83615.0,176.0,176.0,14716240.0,14716240.0,KOSPI,-0.19
084695,대상홀딩스우,12540.0,1562.0,1562.0,19587480.0,19587480.0,KOSPI,0.8
140710,KODEX 운송,6720.0,82838.0,82838.0,556671360.0,556671360.0,KOSPI,-1.18
0193L0,PLUS 삼성전자선물단일종목인버스2X,8600.0,691859.0,691859.0,5949987400.0,5949987400.0,KOSPI,0.12
500063,신한 인버스 코스닥 150 선물 ETN,5660.0,32.0,32.0,181120.0,181120.0,KOSPI,2.07
520040,미래에셋 인버스 코스닥150 선물 ETN,5650.0,5923.0,5923.0,33464950.0,33464950.0,KOSPI,2.82
435040,ACE 글로벌브랜드TOP10,18820.0,382.0,382.0,7189240.0,7189240.0,KOSPI,0.08
004105,태양금속우,3415.0,26427.0,26427.0,90248205.0,90248205.0,KOSPI,1.19
430500,KIWOOM 물가채KIS,112670.0,173.0,173.0,19491910.0,19491910.0,KOSPI,0.04
700036,하나 인버스 2X 반도체 ETN,2245.0,2230499.0,2230499.0,5007470255.0,5007470255.0,KOSPI,-0.66
580043,KB 레버리지 KOSDAQ 150 선물 ETN,22350.0,656.0,656.0,14661600.0,14661600.0,KOSPI,-4.97
464610,SOL 의료기기소부장Fn,7210.0,16162.0,16162.0,116528020.0,116528020.0,KOSPI,-0.48
354240,RISE 미국고정배당우선증권,10105.0,4685.0,4685.0,47341925.0,47341925.0,KOSPI,-0.54
38380K,LX홀딩스1우,7580.0,1044.0,1044.0,7913520.0,7913520.0,KOSPI,0.4
0008E0,ACE 미국중심중소형제조업,11605.0,400.0,400.0,4642000.0,4642000.0,KOSPI,-0.09
139240,TIGER 200 철강소재,11200.0,23655.0,23655.0,264936000.0,264936000.0,KOSPI,0.72
610102,메리츠 솔랙티브 금 선물 ETN(H),10975.0,11.0,11.0,120725.0,120725.0,KOSPI,0.69
610055,메리츠 3X 레버리지 국채3년 ETN,21920.0,1.0,1.0,21920.0,21920.0,KOSPI,0.0
500086,신한 코스닥 150 TR ETN,10935.0,3.0,3.0,32805.0,32805.0,KOSPI,-0.86
407820,에셋플러스 코리아플랫폼액티브,6070.0,18683.0,18683.0,113405810.0,113405810.0,KOSPI,-1.22
00781K,코리아써키트2우B,13940.0,1184.0,1184.0,16504960.0,16504960.0,KOSPI,0.29
0002C0,에셋플러스 인도일등기업포커스20액티브,10105.0,166.0,166.0,1677430.0,1677430.0,KOSPI,-0.2
0233N0,RISE 글로벌AI낸드메모리반도체,10900.0,565581.0,565581.0,6164832900.0,6164832900.0,KOSPI,1.02
0221Z0,ACE K바이오코스닥액티브,9895.0,21030.0,21030.0,208091850.0,208091850.0,KOSPI,-1.54
0203D0,PLUS 200위클리커버드콜채권혼합,9040.0,15299.0,15299.0,138302960.0,138302960.0,KOSPI,0.11
446700,RISE 배터리 리사이클링,10360.0,2629.0,2629.0,27236440.0,27236440.0,KOSPI,-1.15
700011,하나 레버리지 옥수수 선물 ETN(H),10715.0,4.0,4.0,42860.0,42860.0,KOSPI,1.52
463640,KODEX 미국S&P500유틸리티,13390.0,1585.0,1585.0,21223150.0,21223150.0,KOSPI,0.22
610074,메리츠 미국채10년 ETN,10690.0,33.0,33.0,352770.0,352770.0,KOSPI,-0.33
310080,RISE 중국MSCI China(H),9295.0,11999.0,11999.0,111530705.0,111530705.0,KOSPI,0.16
580065,KB 코스닥 150 TR ETN,10680.0,3004.0,3004.0,32082720.0,32082720.0,KOSPI,-1.79
0093B0,RISE 엔비디아고정테크100,12495.0,2917.0,2917.0,36447915.0,36447915.0,KOSPI,0.04
610112,메리츠 3X 레버리지 일본 국채 30년 ETN(H),21155.0,1.0,1.0,21155.0,21155.0,KOSPI,0.98
280920,PLUS 주도업종,23480.0,7876.0,7876.0,184928480.0,184928480.0,KOSPI,-1.32
570085,한투 인도네시아대표원자재 ETN,10550.0,15.0,15.0,158250.0,158250.0,KOSPI,0.96
419420,KODEX 미국클린에너지나스닥,8780.0,2298.0,2298.0,20176440.0,20176440.0,KOSPI,0.52
451150,에셋플러스 글로벌영에이지액티브,16945.0,5025.0,5025.0,85148625.0,85148625.0,KOSPI,-0.44
140570,RISE 수출주,26180.0,799.0,799.0,20917820.0,20917820.0,KOSPI,-1.04
0189Z0,DAISHIN 금융&지주고배당,10470.0,597.0,597.0,6250590.0,6250590.0,KOSPI,-0.52
001067,JW중외제약2우B,49650.0,256.0,256.0,12710400.0,12710400.0,KOSPI,-1.1
385710,TIME K이노베이션액티브,10415.0,1942.0,1942.0,20225930.0,20225930.0,KOSPI,-3.25
0068M0,KODEX 미국S&P500버퍼6월액티브,11490.0,17.0,17.0,195330.0,195330.0,KOSPI,-0.17
371870,ACE 차이나항셍테크,6410.0,1073.0,1073.0,6877930.0,6877930.0,KOSPI,-1.61
0191S0,IBK 코스닥150,13855.0,711.0,711.0,9850905.0,9850905.0,KOSPI,-1.81
0113G0,KoAct 미국바이오헬스케어액티브,11380.0,26895.0,26895.0,306065100.0,306065100.0,KOSPI,-1.26
760032,키움 모험자본창업투자 ETN,10240.0,13.0,13.0,133120.0,133120.0,KOSPI,0.49
237440,TIGER 경기방어채권혼합,10220.0,15807.0,15807.0,161547540.0,161547540.0,KOSPI,-0.05
550100,N2 인버스 2X 천연가스 선물 ETN,10200.0,5.0,5.0,51000.0,51000.0,KOSPI,-3.59
0120J0,BNK 카카오그룹포커스,8160.0,3314.0,3314.0,27042240.0,27042240.0,KOSPI,0.0
580052,KB 인버스 2X 밀 선물 ETN,20325.0,1994.0,1994.0,40528050.0,40528050.0,KOSPI,-7.38
520038,미래에셋 인버스 코스피200 선물 ETN,2540.0,169608.0,169608.0,430804320.0,430804320.0,KOSPI,0.2
461580,TIGER 코스닥글로벌,15600.0,11302.0,11302.0,176311200.0,176311200.0,KOSPI,-0.51
580054,KB 인버스 2X 콩 선물 ETN,20245.0,186.0,186.0,3765570.0,3765570.0,KOSPI,-1.2
610034,메리츠 대표 농산물 선물 ETN(H),10055.0,251.0,251.0,2523805.0,2523805.0,KOSPI,1.93
610079,메리츠 인버스 3X 미국채30년 ETN,50245.0,10.0,10.0,502450.0,502450.0,KOSPI,-1.55
181480,ACE 미국부동산리츠(합성 H),83675.0,1402.0,1402.0,117312350.0,117312350.0,KOSPI,-0.52
610092,메리츠 인버스 일본 국채 10년 ETN,10030.0,3.0,3.0,30090.0,30090.0,KOSPI,0.96
0094L0,RISE 차이나테크TOP10위클리타겟커버드콜,7100.0,8543.0,8543.0,60655300.0,60655300.0,KOSPI,-1.8
004255,NPC우,1877.0,20127.0,20127.0,37778379.0,37778379.0,KOSPI,-0.48
610077,메리츠 미국채30년 ETN,9910.0,35.0,35.0,346850.0,346850.0,KOSPI,0.0
460270,KIWOOM 미국달러SOFR금리액티브(합성),12225.0,5329.0,5329.0,65147025.0,65147025.0,KOSPI,0.0
0001P0,마이티 바이오시밀러&CDMO액티브,8835.0,1578.0,1578.0,13941630.0,13941630.0,KOSPI,-1.94
760027,키움 인버스 2X 전력 TOP5 ETN,4945.0,137001.0,137001.0,677469945.0,677469945.0,KOSPI,7.03
252000,TIGER 200동일가중,19770.0,558.0,558.0,11031660.0,11031660.0,KOSPI,0.0
498050,HANARO 바이오코리아액티브,10370.0,6700.0,6700.0,69479000.0,69479000.0,KOSPI,-1.98
281990,RISE 중소형고배당,17910.0,945.0,945.0,16924950.0,16924950.0,KOSPI,0.56
230480,KIWOOM 미국달러선물인버스2X,4890.0,14594.0,14594.0,71364660.0,71364660.0,KOSPI,-0.41
610068,메리츠 KAP 일본 엔화 ETN,9805.0,6223.0,6223.0,61016515.0,61016515.0,KOSPI,1.55
570107,한투 인버스2X일본니케이225선물 ETN(H),3900.0,55.0,55.0,214500.0,214500.0,KOSPI,3.17
487910,ACE 인도컨슈머파워액티브,8120.0,815.0,815.0,6617800.0,6617800.0,KOSPI,-0.06
530064,삼성 인버스 2X 구리 선물 ETN(H),648.0,56868.0,56868.0,36850464.0,36850464.0,KOSPI,-3.14
003075,코오롱글로벌우,13120.0,86.0,86.0,1128320.0,1128320.0,KOSPI,0.0
610082,메리츠 인도 루피화 ETN,9680.0,37.0,37.0,358160.0,358160.0,KOSPI,-0.46
0226G0,WON 피지컬AI TOP2플러스액티브,12075.0,3799.0,3799.0,45872925.0,45872925.0,KOSPI,-2.23
456250,KODEX 유럽명품TOP10 STOXX,8385.0,6572.0,6572.0,55106220.0,55106220.0,KOSPI,0.24
354350,HANARO 글로벌럭셔리S&P(합성),18530.0,456.0,456.0,8449680.0,8449680.0,KOSPI,0.16
429010,TIGER 미국나스닥넥스트100,19240.0,104.0,104.0,2000960.0,2000960.0,KOSPI,-0.03
0067Y0,TIGER 차이나AI소프트웨어,10090.0,19246.0,19246.0,194192140.0,194192140.0,KOSPI,-2.84
0194N0,KIWOOM 삼성전자선물단일종목레버리지,11600.0,28409.0,28409.0,329544400.0,329544400.0,KOSPI,0.04
463690,KODEX 미국S&P500커뮤니케이션,17390.0,262.0,262.0,4556180.0,4556180.0,KOSPI,0.14
700014,하나 인버스 2X 콩 선물 ETN(H),9495.0,401.0,401.0,3807495.0,3807495.0,KOSPI,-1.4
550099,N2 레버리지 천연가스 선물 ETN,9490.0,60.0,60.0,569400.0,569400.0,KOSPI,1.61
117690,TIGER 차이나항셍30,18955.0,695.0,695.0,13173725.0,13173725.0,KOSPI,-1.3
0174R0,KIWOOM 미국성장다우존스,11075.0,22406.0,22406.0,248146450.0,248146450.0,KOSPI,0.05
0224D0,KIWOOM 미국CPU반도체TOP4+,9275.0,84815.0,84815.0,786659125.0,786659125.0,KOSPI,1.15
610097,메리츠 미국채30년스트립 커버드콜 ETN(H),9260.0,9.0,9.0,83340.0,83340.0,KOSPI,0.71
399580,RISE 글로벌클린에너지,9260.0,974.0,974.0,9019240.0,9019240.0,KOSPI,2.15
580061,KB 미국채 30년 ETN,9240.0,1.0,1.0,9240.0,9240.0,KOSPI,0.05
580087,KB 솔랙티브 인버스 천연가스 선물 ETN,9205.0,22.0,22.0,202510.0,202510.0,KOSPI,-1.87
482030,KoAct 반도체&2차전지핵심소재액티브,8705.0,11549.0,11549.0,100534045.0,100534045.0,KOSPI,-2.08
341850,TIGER 리츠부동산인프라채권,4560.0,9687.0,9687.0,44172720.0,44172720.0,KOSPI,0.22
001755,한양증권우,19180.0,37151.0,37151.0,712556180.0,712556180.0,KOSPI,-0.62
520097,미래에셋 1.5X S&P500 VIX S/T선물 ETN,9060.0,4022.0,4022.0,36439320.0,36439320.0,KOSPI,1.29
494180,TIME 글로벌소비트렌드액티브,12860.0,711.0,711.0,9143460.0,9143460.0,KOSPI,-1.0
580053,KB 레버리지 콩 선물 ETN,17985.0,75.0,75.0,1348875.0,1348875.0,KOSPI,1.73
301400,PLUS 코스닥150,13800.0,1730.0,1730.0,23874000.0,23874000.0,KOSPI,-2.02
174350,TIGER 로우볼,21270.0,1139.0,1139.0,24226530.0,24226530.0,KOSPI,-0.35
497510,ACE 글로벌빅파마,12760.0,453.0,453.0,5780280.0,5780280.0,KOSPI,-0.12
610095,메리츠 레버리지 천연가스 선물 ETN(H),8925.0,28753.0,28753.0,256620525.0,256620525.0,KOSPI,1.08
610100,메리츠 레버리지 은 선물 ETN(H),8905.0,11385.0,11385.0,101383425.0,101383425.0,KOSPI,1.08
700033,하나 K방산TOP10 ETN,8890.0,22144.0,22144.0,196860160.0,196860160.0,KOSPI,0.11
395150,KODEX 웹툰&드라마,1850.0,53953.0,53953.0,99813050.0,99813050.0,KOSPI,-1.23
700031,하나 레버리지 천연가스 선물 ETN(H),8870.0,133.0,133.0,1179710.0,1179710.0,KOSPI,0.51
0133E0,TIGER 차이나증권,8445.0,3071.0,3071.0,25934595.0,25934595.0,KOSPI,-2.14
610084,메리츠 미국채30년 스트립 ETN(H),8855.0,1.0,1.0,8855.0,8855.0,KOSPI,0.85
700035,하나 인버스 2X K방산TOP10 ETN,8840.0,44125.0,44125.0,390065000.0,390065000.0,KOSPI,1.84
215620,HK S&P코리아로우볼,16320.0,5.0,5.0,81600.0,81600.0,KOSPI,0.59
0084D0,KIWOOM 미국테크100월간목표헤지액티브,11005.0,570.0,570.0,6272850.0,6272850.0,KOSPI,0.23
0227K0,RISE 미국우주위성통신,8800.0,49319.0,49319.0,434007200.0,434007200.0,KOSPI,0.74
217780,TIGER 차이나CSI300인버스(합성),5660.0,183.0,183.0,1035780.0,1035780.0,KOSPI,0.71
105010,TIGER 라틴35,6265.0,2143.0,2143.0,13425895.0,13425895.0,KOSPI,-0.32
0184N0,PLUS 은채권혼합,8755.0,11168.0,11168.0,97775840.0,97775840.0,KOSPI,0.34
33637L,솔루스첨단소재2우B,2310.0,1743.0,1743.0,4026330.0,4026330.0,KOSPI,0.43
449680,TIGER 한중전기차(합성),10242.0,320.0,320.0,3277440.0,3277440.0,KOSPI,-2.04
570094,한투 일본엔선물 ETN C,8695.0,13.0,13.0,113035.0,113035.0,KOSPI,1.76
375270,RISE 글로벌데이터센터리츠(합성),13375.0,132.0,132.0,1765500.0,1765500.0,KOSPI,0.22
466810,BNK 2차전지양극재,5775.0,43047.0,43047.0,248596425.0,248596425.0,KOSPI,-1.62
0214M0,MIDAS 바이오헬스케어액티브,10165.0,1587.0,1587.0,16131855.0,16131855.0,KOSPI,-1.26
610090,메리츠 일본 국채 10년 ETN,8640.0,1134.0,1134.0,9797760.0,9797760.0,KOSPI,2.25
381570,HANARO Fn친환경에너지,10135.0,4119.0,4119.0,41746065.0,41746065.0,KOSPI,-2.03
500101,신한 블룸버그 천연가스 선물 ETN,8595.0,220.0,220.0,1890900.0,1890900.0,KOSPI,0.12
0216K0,KIWOOM 미국우주테크TOP2채권혼합50,8585.0,28218.0,28218.0,242251530.0,242251530.0,KOSPI,0.88
580085,KB 솔랙티브 천연가스 선물 ETN,8575.0,133.0,133.0,1140475.0,1140475.0,KOSPI,-0.17
500068,신한 인버스 2X 10년 국채선물 ETN,12245.0,2.0,2.0,24490.0,24490.0,KOSPI,0.37
500036,신한 인버스 2X 미국달러 선물 ETN,4235.0,53.0,53.0,224455.0,224455.0,KOSPI,-0.47
435540,KIWOOM TDF2040액티브 적격,16935.0,2064.0,2064.0,34953840.0,34953840.0,KOSPI,-0.03
580079,KB 레버리지 은 선물 ETN,8425.0,678.0,678.0,5712150.0,5712150.0,KOSPI,1.75
530135,삼성 인버스 China A50 선물 ETN(H) B,8420.0,1.0,1.0,8420.0,8420.0,KOSPI,0.06
270800,RISE KQ고배당,15300.0,125.0,125.0,1912500.0,1912500.0,KOSPI,-0.78
182490,TIGER 단기선진하이일드(합성 H),13910.0,109.0,109.0,1516190.0,1516190.0,KOSPI,0.0
000225,유유제약1우,3670.0,3197.0,3197.0,11732990.0,11732990.0,KOSPI,-0.41
457930,BNK 미래전략기술액티브,27675.0,16.0,16.0,442800.0,442800.0,KOSPI,-1.16
429980,SOL 한국형글로벌전기차&2차전지액티브,16595.0,3206.0,3206.0,53203570.0,53203570.0,KOSPI,0.39
371150,RISE 차이나항셍테크,6375.0,10931.0,10931.0,69685125.0,69685125.0,KOSPI,-1.16
395750,PLUS ESG가치주액티브,20680.0,2544.0,2544.0,52609920.0,52609920.0,KOSPI,-0.65
610073,메리츠 KAP 인버스 2X 중국 위안화 ETN,16545.0,18.0,18.0,297810.0,297810.0,KOSPI,-0.51
530141,삼성 중국 자동차 TOP5 TR ETN(H),8265.0,521.0,521.0,4306065.0,4306065.0,KOSPI,-1.14
0219B0,KoAct 광통신&위성네트워크액티브,10320.0,30440.0,30440.0,314140800.0,314140800.0,KOSPI,-0.1
497520,ACE 일라이릴리밸류체인,12655.0,1087.0,1087.0,13755985.0,13755985.0,KOSPI,-0.35
610094,메리츠 천연가스 선물 ETN(H),8195.0,3112.0,3112.0,25502840.0,25502840.0,KOSPI,0.24
0226D0,FOCUS 금융반도체지주채권혼합50액티브,10225.0,3948.0,3948.0,40368300.0,40368300.0,KOSPI,0.25
395280,HANARO Fn K-게임,3450.0,7630.0,7630.0,26323500.0,26323500.0,KOSPI,-3.23
0219Z0,HANARO 미국S&P500액티브,10125.0,6400.0,6400.0,64800000.0,64800000.0,KOSPI,0.45
462340,에셋플러스 글로벌다이나믹시니어액티브,16180.0,5221.0,5221.0,84475780.0,84475780.0,KOSPI,-0.31
570097,한투 엔달러선물 ETN(H),8075.0,2607.0,2607.0,21051525.0,21051525.0,KOSPI,1.44
530114,삼성 인버스 2X S&P500 선물 ETN,8050.0,341.0,341.0,2745050.0,2745050.0,KOSPI,0.5
001515,SK증권우,4110.0,12943.0,12943.0,53195730.0,53195730.0,KOSPI,0.24
520085,미래에셋 -2X 미국 AI TOP3 ETN,7980.0,1053.0,1053.0,8402940.0,8402940.0,KOSPI,-0.19
227550,TIGER 200 산업재,11975.0,178.0,178.0,2131550.0,2131550.0,KOSPI,-1.44
189400,PLUS 글로벌MSCI(합성 H),26100.0,62.0,62.0,1618200.0,1618200.0,KOSPI,0.6
760025,키움 전력 TOP5 ETN,11135.0,848.0,848.0,9442480.0,9442480.0,KOSPI,-3.09
0172Y0,ACE K수출핵심TOP10산업액티브,9715.0,10764.0,10764.0,104572260.0,104572260.0,KOSPI,-0.87
700030,하나 S&P 인버스 2X WTI원유 선물 ETN B,1938.0,204712.0,204712.0,396731856.0,396731856.0,KOSPI,-2.22
480460,WON 한국부동산TOP3플러스,9090.0,3591.0,3591.0,32642190.0,32642190.0,KOSPI,-0.87
580062,KB 레버리지 미국채 30년 ETN,15425.0,10.0,10.0,154250.0,154250.0,KOSPI,0.06
001065,JW중외제약우,22400.0,24.0,24.0,537600.0,537600.0,KOSPI,-1.1
487920,ACE 인도시장대표BIG5그룹액티브,7655.0,993.0,993.0,7601415.0,7601415.0,KOSPI,-0.65
570114,한투 S&P500 VIX S/T선물 ETN(H) B,7655.0,17.0,17.0,130135.0,130135.0,KOSPI,0.0
227570,TIGER 우량가치,21230.0,2113.0,2113.0,44858990.0,44858990.0,KOSPI,-1.05
438740,MIDAS 중소형액티브,33690.0,29.0,29.0,977010.0,977010.0,KOSPI,-0.84
261110,TIGER 미국달러선물레버리지,15135.0,1474.0,1474.0,22308990.0,22308990.0,KOSPI,0.53
253280,RISE 헬스케어,12580.0,1616.0,1616.0,20329280.0,20329280.0,KOSPI,-1.33
437370,RISE 글로벌농업경제,10750.0,877.0,877.0,9427750.0,9427750.0,KOSPI,0.42
435530,KIWOOM TDF2030액티브 적격,15020.0,3552.0,3552.0,53351040.0,53351040.0,KOSPI,0.13
139660,KIWOOM 미국달러선물인버스,8625.0,3895.0,3895.0,33594375.0,33594375.0,KOSPI,-0.17
315270,TIGER 200커뮤니케이션서비스,19700.0,5104.0,5104.0,100548800.0,100548800.0,KOSPI,-2.01
0215T0,HANARO 미국AI광통신TOP10,8255.0,24399.0,24399.0,201413745.0,201413745.0,KOSPI,0.43
304670,KODEX 미국30년국채울트라선물인버스(H),12340.0,62.0,62.0,765080.0,765080.0,KOSPI,-0.36
494210,SOL 미국500타겟데일리커버드콜액티브,10570.0,7059.0,7059.0,74613630.0,74613630.0,KOSPI,-0.61
0005C0,RISE 미국S&P500엔화노출(합성 H),11340.0,663.0,663.0,7518420.0,7518420.0,KOSPI,1.16
225050,TIGER 유로스탁스레버리지(합성 H),16360.0,10036.0,10036.0,164188960.0,164188960.0,KOSPI,0.28
760006,키움 KPOP ETN,7330.0,6.0,6.0,43980.0,43980.0,KOSPI,0.55
402460,HANARO Fn K-메타버스MZ,14600.0,471.0,471.0,6876600.0,6876600.0,KOSPI,-2.76
610099,메리츠 은 선물 ETN(H),7285.0,236.0,236.0,1719260.0,1719260.0,KOSPI,1.96
225800,KIWOOM 미국달러선물레버리지,14265.0,2112.0,2112.0,30127680.0,30127680.0,KOSPI,0.81
0094X0,1Q 샤오미밸류체인액티브,8075.0,7282.0,7282.0,58802150.0,58802150.0,KOSPI,-1.64
530142,삼성 중국 AI 테크 TOP5 TR ETN(H),7250.0,452.0,452.0,3277000.0,3277000.0,KOSPI,-0.82
610091,메리츠 3X 레버리지 일본 국채 10년 ETN,14425.0,5.0,5.0,72125.0,72125.0,KOSPI,1.73
326230,RISE 내수주플러스,11265.0,42.0,42.0,473130.0,473130.0,KOSPI,-0.31
0218K0,BNK 스마트카,10285.0,111.0,111.0,1141635.0,1141635.0,KOSPI,-3.52
488480,RISE 일본섹터TOP4Plus,13060.0,11996.0,11996.0,156667760.0,156667760.0,KOSPI,-1.14
368680,KODEX K-뉴딜디지털플러스,7935.0,18.0,18.0,142830.0,142830.0,KOSPI,-1.49
244670,KODEX 밸류Plus,11845.0,584.0,584.0,6917480.0,6917480.0,KOSPI,0.42
0176P0,FOCUS AI반도체위클리고정커버드콜,12840.0,17407.0,17407.0,223505880.0,223505880.0,KOSPI,-2.36
250780,TIGER 코스닥150선물인버스,2510.0,397554.0,397554.0,997860540.0,997860540.0,KOSPI,2.66
256450,PLUS 심천차이넥스트(합성),14000.0,871.0,871.0,12194000.0,12194000.0,KOSPI,-1.89
139290,TIGER 200 경기소비재,25000.0,110.0,110.0,2750000.0,2750000.0,KOSPI,-1.17
0082F0,HANARO 유럽방산,9995.0,1843.0,1843.0,18420785.0,18420785.0,KOSPI,0.45
429740,PLUS K리츠,6050.0,13815.0,13815.0,83580750.0,83580750.0,KOSPI,0.17
400590,SOL 글로벌탄소배출권선물ICE(합성),13860.0,222.0,222.0,3076920.0,3076920.0,KOSPI,0.43
0138D0,RISE 동학개미,12565.0,3601.0,3601.0,45246565.0,45246565.0,KOSPI,-1.33
510043,대신 인버스 천연가스 선물 ETN(H) B,6900.0,4.0,4.0,27600.0,27600.0,KOSPI,-1.08
450180,KODEX 한중전기차(합성),10560.0,29.0,29.0,306240.0,306240.0,KOSPI,-1.49
580078,KB 은 선물 ETN,6810.0,68.0,68.0,463080.0,463080.0,KOSPI,0.89
530056,삼성 인버스 2X 금 선물 ETN(H),1700.0,80191.0,80191.0,136324700.0,136324700.0,KOSPI,-0.12
000325,노루홀딩스우,27900.0,8.0,8.0,223200.0,223200.0,KOSPI,1.82
0036Z0,RISE 미국천연가스밸류체인,12330.0,1048.0,1048.0,12921840.0,12921840.0,KOSPI,0.37
530122,삼성 인버스 2X 항셍테크 TR ETN(H) B,6750.0,63.0,63.0,425250.0,425250.0,KOSPI,2.9
570101,한투 인버스나스닥100 ETN B,6720.0,7.0,7.0,47040.0,47040.0,KOSPI,0.15
550098,N2 인버스 2X 코스닥150 선물 ETN,6710.0,552.0,552.0,3703920.0,3703920.0,KOSPI,2.99
500067,신한 레버리지 10년 국채선물 ETN,9560.0,2.0,2.0,19120.0,19120.0,KOSPI,-0.1
289670,PLUS 국채선물10년,51970.0,281.0,281.0,14603570.0,14603570.0,KOSPI,0.01
570095,한투 레버리지일본엔선물 ETN C,6650.0,10132.0,10132.0,67377800.0,67377800.0,KOSPI,2.54
0047N0,PLUS 차이나AI테크TOP10,9385.0,565.0,565.0,5302525.0,5302525.0,KOSPI,-0.9
0166T0,PLUS 글로벌저작권핵심기업액티브,9375.0,31952.0,31952.0,299550000.0,299550000.0,KOSPI,-1.11
176950,KODEX 국채선물10년인버스,60600.0,401.0,401.0,24300600.0,24300600.0,KOSPI,0.01
570092,한투 인버스2X유로스탁스50 ETN(H) B,6540.0,121.0,121.0,791340.0,791340.0,KOSPI,-0.38
138920,KODEX 콩선물(H),13020.0,5611.0,5611.0,73055220.0,73055220.0,KOSPI,1.4
456200,PLUS 미국달러SOFR금리액티브(합성),58245.0,6.0,6.0,349470.0,349470.0,KOSPI,0.07
570098,한투 레버리지엔달러선물 ETN(H),6350.0,1437.0,1437.0,9124950.0,9124950.0,KOSPI,2.42
291890,KODEX MSCI EM선물(H),12655.0,71.0,71.0,898505.0,898505.0,KOSPI,0.08
004985,성신양회우,8600.0,1100.0,1100.0,9460000.0,9460000.0,KOSPI,-0.46
530096,삼성 인버스 구리 선물 ETN(H),6240.0,44.0,44.0,274560.0,274560.0,KOSPI,-2.04
316300,ACE 싱가포르리츠,12465.0,1283.0,1283.0,15992595.0,15992595.0,KOSPI,0.4
474390,SOL 국고채30년액티브,40240.0,12.0,12.0,482880.0,482880.0,KOSPI,-0.06
469530,RISE 미국달러선물인버스,9680.0,675.0,675.0,6534000.0,6534000.0,KOSPI,0.31
307510,TIGER 의료기기,12290.0,3412.0,3412.0,41933480.0,41933480.0,KOSPI,0.41
012205,계양전기우,5250.0,11911.0,11911.0,62532750.0,62532750.0,KOSPI,2.94
0114X0,RISE 글로벌게임테크TOP3Plus,8710.0,262.0,262.0,2282020.0,2282020.0,KOSPI,0.17
760010,키움 2차전지산업 ETN,8700.0,205.0,205.0,1783500.0,1783500.0,KOSPI,-1.75
580084,KB 인버스 2X 미국 S&P500 선물 ETN B,12060.0,11.0,11.0,132660.0,132660.0,KOSPI,-0.37
004835,덕성우,4305.0,5069.0,5069.0,21822045.0,21822045.0,KOSPI,0.35
451670,RISE 국채30년레버리지(합성),11945.0,19.0,19.0,226955.0,226955.0,KOSPI,-0.33
0191B0,MIDAS 코스닥액티브,29730.0,2672.0,2672.0,79438560.0,79438560.0,KOSPI,-0.65
314700,HANARO 농업융복합산업,10800.0,325.0,325.0,3510000.0,3510000.0,KOSPI,-0.32
610023,메리츠 레버리지 미국채10년 ETN(H),5930.0,9.0,9.0,53370.0,53370.0,KOSPI,0.0
400580,SOL 유럽탄소배출권선물S&P(H),11850.0,23.0,23.0,272550.0,272550.0,KOSPI,0.38
483020,KIWOOM 의료AI,9085.0,2220.0,2220.0,20168700.0,20168700.0,KOSPI,-1.03
0184V0,UNICORN K바이오액티브,5600.0,9807.0,9807.0,54919200.0,54919200.0,KOSPI,-1.93
433250,UNICORN R&D 액티브,23495.0,4.0,4.0,93980.0,93980.0,KOSPI,-0.25
407300,HANARO Fn골프테마,10660.0,14.0,14.0,149240.0,149240.0,KOSPI,0.66
26490K,크라운제과우,7560.0,1099.0,1099.0,8308440.0,8308440.0,KOSPI,-0.66
0229F0,마이티 신약포커스바이오액티브,8930.0,4572.0,4572.0,40827960.0,40827960.0,KOSPI,-2.67
0087F0,ACE 차이나AI빅테크TOP2+액티브,11590.0,1409.0,1409.0,16330310.0,16330310.0,KOSPI,-1.11
002995,금호건설우,19810.0,8776.0,8776.0,173852560.0,173852560.0,KOSPI,-1.44
488200,KIWOOM K-2차전지북미공급망,12790.0,10210.0,10210.0,130585900.0,130585900.0,KOSPI,-2.4
0053M0,더제이 중소형포커스액티브,12780.0,1115.0,1115.0,14249700.0,14249700.0,KOSPI,-1.81
510027,대신 인버스 2X 코스닥 150 선물 ETN,1890.0,1747.0,1747.0,3301830.0,3301830.0,KOSPI,4.54
580044,KB 인버스 2X KOSDAQ 150 선물 ETN,1879.0,141828.0,141828.0,266494812.0,266494812.0,KOSPI,5.44
530094,삼성 인버스 코스닥 150 선물 ETN,5635.0,3.0,3.0,16905.0,16905.0,KOSPI,2.18
401590,HANARO 글로벌탄소배출권선물ICE(합성),11025.0,181.0,181.0,1995525.0,1995525.0,KOSPI,0.36
267450,RISE 미국장기국채선물인버스(H),11200.0,92.0,92.0,1030400.0,1030400.0,KOSPI,0.18
390400,KODEX 미국스마트모빌리티S&P,6960.0,216.0,216.0,1503360.0,1503360.0,KOSPI,0.58
432600,RISE 국채선물3년,55335.0,4.0,4.0,221340.0,221340.0,KOSPI,0.05
090355,노루페인트우,11920.0,46.0,46.0,548320.0,548320.0,KOSPI,-0.08
220130,SOL 차이나강소기업CSI500(합성 H),6870.0,5716.0,5716.0,39268920.0,39268920.0,KOSPI,0.96
499150,SOL 미국S&P500엔화노출(H),10965.0,2816.0,2816.0,30877440.0,30877440.0,KOSPI,2.24
470310,UNICORN 생성형AI강소기업액티브,18205.0,454.0,454.0,8265070.0,8265070.0,KOSPI,-3.52
238670,PLUS 스마트베타Quality채권혼합,13650.0,7054.0,7054.0,96287100.0,96287100.0,KOSPI,-0.07
219900,ACE 중국본토CSI300레버리지(합성),3885.0,1013.0,1013.0,3935505.0,3935505.0,KOSPI,-1.15
570108,한투 레버리지국채30년 ETN,10815.0,1.0,1.0,10815.0,10815.0,KOSPI,0.51
570073,한투 인버스2X구리선물 ETN,5335.0,50.0,50.0,266750.0,266750.0,KOSPI,-3.61
0102X0,ACE 유럽방산TOP10,8890.0,1241.0,1241.0,11032490.0,11032490.0,KOSPI,-0.06
0015E0,KIWOOM 엔비디아미국30년국채혼합액티브(H),10620.0,4842.0,4842.0,51422040.0,51422040.0,KOSPI,0.33
483030,KIWOOM 미국블록버스터바이오테크의약품+,11787.0,421.0,421.0,4962327.0,4962327.0,KOSPI,-0.15
476310,RISE 글로벌비만산업TOP2+,9605.0,654.0,654.0,6281670.0,6281670.0,KOSPI,-0.57
413220,SOL 차이나태양광CSI(합성),4335.0,5136.0,5136.0,22264560.0,22264560.0,KOSPI,0.46
530062,삼성 인버스 2X 은 선물 ETN(H),40.0,170826.0,170826.0,6833040.0,6833040.0,KOSPI,0.0
0174J0,DAISHIN 오피스리츠플러스,8640.0,22059.0,22059.0,190589760.0,190589760.0,KOSPI,0.88
0132D0,KoAct 글로벌K컬처밸류체인액티브,9380.0,256.0,256.0,2401280.0,2401280.0,KOSPI,-0.74
570066,한투 인버스2X베트남VN30 선물 ETN(H),5125.0,1065.0,1065.0,5458125.0,5458125.0,KOSPI,3.02
295000,RISE 국채선물10년,51225.0,4.0,4.0,204900.0,204900.0,KOSPI,-0.01
760014,키움 바이오TOP10 ETN,7200.0,56.0,56.0,403200.0,403200.0,KOSPI,-1.97
500061,신한 인버스 코스피 200 선물 ETN,2520.0,14212.0,14212.0,35814240.0,35814240.0,KOSPI,-0.59
490330,KoAct 미국치매&뇌질환치료제액티브,14355.0,598.0,598.0,8584290.0,8584290.0,KOSPI,-0.03
411860,KIWOOM 독일DAX,16535.0,614.0,614.0,10152490.0,10152490.0,KOSPI,-0.51
498610,RISE 인도디지털성장,8025.0,297.0,297.0,2383425.0,2383425.0,KOSPI,-0.5
291630,KIWOOM 코스닥150선물레버리지,3320.0,45047.0,45047.0,149556040.0,149556040.0,KOSPI,-4.87
0073X0,FOCUS 알리바바미국채커버드콜혼합,8715.0,809.0,809.0,7050435.0,7050435.0,KOSPI,0.75
488210,KIWOOM K-반도체북미공급망,23900.0,4772.0,4772.0,114050800.0,114050800.0,KOSPI,-1.06
267440,RISE 미국장기국채선물(H),7930.0,73.0,73.0,578890.0,578890.0,KOSPI,-1.55
0154H0,KoAct 차이나바이오헬스케어액티브,8645.0,11229.0,11229.0,97074705.0,97074705.0,KOSPI,-0.23
0015K0,TIGER 미국소비트렌드액티브,6950.0,701.0,701.0,4871950.0,4871950.0,KOSPI,0.22
266550,PLUS 중형주저변동50,18840.0,2.0,2.0,37680.0,37680.0,KOSPI,0.8
244660,KODEX 퀄리티Plus,9410.0,62.0,62.0,583420.0,583420.0,KOSPI,-0.74
0078V0,PLUS 미국로보택시,9385.0,348.0,348.0,3265980.0,3265980.0,KOSPI,-0.05
243890,TIGER 200에너지화학레버리지,8915.0,12660.0,12660.0,112863900.0,112863900.0,KOSPI,-2.09
610029,메리츠 인버스 2X 구리 선물 ETN(H),4640.0,147.0,147.0,682080.0,682080.0,KOSPI,-3.73
550070,N2 인버스 레버리지 구리 선물 ETN(H),4630.0,9.0,9.0,41670.0,41670.0,KOSPI,-3.14
227560,TIGER 200 생활소비재,12755.0,4111.0,4111.0,52435805.0,52435805.0,KOSPI,-0.12
391600,ACE 미국친환경그린테마,10185.0,1147.0,1147.0,11682195.0,11682195.0,KOSPI,-0.15
0128D0,PLUS 차이나항셍테크위클리타겟커버드콜,6500.0,2153.0,2153.0,13994500.0,13994500.0,KOSPI,-1.66
205720,ACE 일본TOPIX인버스(합성 H),1462.0,1444.0,1444.0,2111128.0,2111128.0,KOSPI,1.18
000545,흥국화재우,5680.0,733.0,733.0,4163440.0,4163440.0,KOSPI,0.0
530125,삼성 인버스 2X 일본니케이225선물 ETN(H),4350.0,8514.0,8514.0,37035900.0,37035900.0,KOSPI,3.08
000145,하이트진로홀딩스우,9220.0,623.0,623.0,5744060.0,5744060.0,KOSPI,-0.32
373790,KIWOOM 미국방어배당성장나스닥,15300.0,1627.0,1627.0,24893100.0,24893100.0,KOSPI,0.2
277650,TIGER 코스피중형주,21230.0,15.0,15.0,318450.0,318450.0,KOSPI,0.62
0131A0,SOL 차이나소비트렌드,7570.0,457.0,457.0,3459490.0,3459490.0,KOSPI,0.13
009415,태영건설우,6340.0,676.0,676.0,4285840.0,4285840.0,KOSPI,0.0
226380,ACE Fn성장소비주도주,5875.0,275.0,275.0,1615625.0,1615625.0,KOSPI,-1.26
0050E0,PLUS 미국AI에이전트,8180.0,1217.0,1217.0,9955060.0,9955060.0,KOSPI,-0.18
334690,RISE 팔라듐선물(H),6240.0,2044.0,2044.0,12754560.0,12754560.0,KOSPI,-0.64
291680,RISE 차이나H선물인버스(H),7805.0,23.0,23.0,179515.0,179515.0,KOSPI,0.19
005965,동부건설우,17100.0,73.0,73.0,1248300.0,1248300.0,KOSPI,-0.47
014825,동원시스템즈우,14450.0,86.0,86.0,1242700.0,1242700.0,KOSPI,-0.48
252420,RISE 200선물인버스2X,76.0,4777284.0,4777284.0,363073584.0,363073584.0,KOSPI,-1.3
225030,TIGER 미국S&P500선물인버스(H),2255.0,941.0,941.0,2121955.0,2121955.0,KOSPI,0.45
500041,신한 인버스 2X 구리 선물 ETN,708.0,4453.0,4453.0,3152724.0,3152724.0,KOSPI,-4.19
267490,RISE 미국장기국채선물레버리지(합성 H),5010.0,18.0,18.0,90180.0,90180.0,KOSPI,0.0
427120,RISE AI플랫폼,5115.0,12654.0,12654.0,64725210.0,64725210.0,KOSPI,-3.85
007575,일양약품우,7700.0,66.0,66.0,508200.0,508200.0,KOSPI,-0.26
0079X0,ACE BYD밸류체인액티브,9640.0,429.0,429.0,4135560.0,4135560.0,KOSPI,-0.52
570023,한투 인버스2XS&P500선물 ETN(H),673.0,8565.0,8565.0,5764245.0,5764245.0,KOSPI,0.0
36328K,티와이홀딩스우,2770.0,798.0,798.0,2210460.0,2210460.0,KOSPI,-1.25
014285,금강공업우,5360.0,197.0,197.0,1055920.0,1055920.0,KOSPI,1.71
005745,크라운해태홀딩스우,5220.0,376.0,376.0,1962720.0,1962720.0,KOSPI,-2.06
454180,KIWOOM 차이나내수소비TOP CSI,7370.0,4.0,4.0,29480.0,29480.0,KOSPI,-0.87
306530,HANARO 코스닥150선물레버리지,6585.0,12164.0,12164.0,80099940.0,80099940.0,KOSPI,-5.73
014915,성문전자우,4760.0,421.0,421.0,2003960.0,2003960.0,KOSPI,-0.1
476000,UNICORN 포스트IPO액티브,5100.0,38809.0,38809.0,197925900.0,197925900.0,KOSPI,1.09
145670,ACE 인버스,1262.0,172486.0,172486.0,217677332.0,217677332.0,KOSPI,0.08
491630,RISE 미국반도체인버스(합성 H),5270.0,1459.0,1459.0,7688930.0,7688930.0,KOSPI,0.0
280940,KODEX 골드선물인버스(H),3405.0,1073.0,1073.0,3653565.0,3653565.0,KOSPI,-0.29
252410,RISE 200선물인버스,1281.0,20241.0,20241.0,25928721.0,25928721.0,KOSPI,-0.7
291620,KIWOOM 코스닥150선물인버스,4420.0,16190.0,16190.0,71559800.0,71559800.0,KOSPI,2.55
275750,RISE 코스닥150선물인버스,2530.0,5124.0,5124.0,12963720.0,12963720.0,KOSPI,2.43
000227,유유제약2우B,7410.0,952.0,952.0,7054320.0,7054320.0,KOSPI,4.37
580033,KB 인버스 2X 구리 선물 ETN(H),4705.0,3309.0,3309.0,15568845.0,15568845.0,KOSPI,-2.08
001525,동양우,8800.0,115.0,115.0,1012000.0,1012000.0,KOSPI,-0.56
008355,남선알미우,7420.0,249.0,249.0,1847580.0,1847580.0,KOSPI,0.13
500051,신한 인버스 2X S&P500 선물 ETN,1133.0,219.0,219.0,248127.0,248127.0,KOSPI,-0.44
253230,KIWOOM 200선물인버스2X,73.0,4039150.0,4039150.0,294857950.0,294857950.0,KOSPI,0.0
280320,ACE 미국IT인터넷(합성 H),21610.0,259.0,259.0,5596990.0,5596990.0,KOSPI,0.05
334700,RISE 팔라듐선물인버스(H),3135.0,6.0,6.0,18810.0,18810.0,KOSPI,0.48
500030,신한 인버스 2X 은 선물 ETN(H),57.0,19436.0,19436.0,1107852.0,1107852.0,KOSPI,0.0
700018,하나 인버스 2X 코스닥150 선물 ETN,1810.0,40680.0,40680.0,73630800.0,73630800.0,KOSPI,-0.71
570070,한투 인버스2X플래티넘선물 ETN,1589.0,91.0,91.0,144599.0,144599.0,KOSPI,-2.52
253240,KIWOOM 200선물인버스,1290.0,66207.0,66207.0,85407030.0,85407030.0,KOSPI,0.55
004545,깨끗한나라우,4010.0,7557.0,7557.0,30303570.0,30303570.0,KOSPI,-4.52
306520,HANARO 200선물인버스,2320.0,21667.0,21667.0,50267440.0,50267440.0,KOSPI,0.0
011155,CJ씨푸드1우,6360.0,1011.0,1011.0,6429960.0,6429960.0,KOSPI,-1.24
253160,PLUS 200선물인버스2X,149.0,1775390.0,1775390.0,264533110.0,264533110.0,KOSPI,-0.67
001527,동양2우B,5910.0,327.0,327.0,1932570.0,1932570.0,KOSPI,0.34
261920,ACE MSCI필리핀(합성),11920.0,63.0,63.0,750960.0,750960.0,KOSPI,0.0
004415,서울식품우,5130.0,4607.0,4607.0,23633910.0,23633910.0,KOSPI,-0.58
412560,TIGER BBIG레버리지,1657.0,23815.0,23815.0,39461455.0,39461455.0,KOSPI,-6.28
500038,신한 인버스 2X 금 선물 ETN,1061.0,1300.0,1300.0,1379300.0,1379300.0,KOSPI,0.66
002787,진흥기업2우B,27000.0,465.0,465.0,12555000.0,12555000.0,KOSPI,-3.57
465620,ACE 미국빅테크TOP7 Plus인버스(합성),6560.0,86.0,86.0,564160.0,564160.0,KOSPI,0.23
196170,알테오젠,277000.0,657576.0,1238491.0,182148552000.0,343062007000.0,KOSDAQ,-3.15
086520,에코프로,81100.0,477826.0,1048834.0,38751688600.0,85060437400.0,KOSDAQ,-1.7
247540,에코프로비엠,104800.0,250745.0,444886.0,26278076000.0,46624052800.0,KOSDAQ,-1.78
036930,주성엔지니어링,194600.0,2525657.0,2525657.0,491492852200.0,491492852200.0,KOSDAQ,3.95
277810,레인보우로보틱스,433000.0,97222.0,185096.0,42097126000.0,80146568000.0,KOSDAQ,-3.35
240810,원익IPS,115800.0,848309.0,848309.0,98234182200.0,98234182200.0,KOSDAQ,-1.53
039030,이오테크닉스,446500.0,125289.0,157242.0,55941538500.0,70208553000.0,KOSDAQ,-2.08
058470,리노공업,68900.0,739449.0,1306387.0,50948036100.0,90010064300.0,KOSDAQ,0.73
222800,심텍,121800.0,899225.0,1662995.0,109525605000.0,202552791000.0,KOSDAQ,1.67
403870,HPSP,53300.0,2700870.0,2700870.0,143956371000.0,143956371000.0,KOSDAQ,0.0
028300,HLB,31650.0,605825.0,1157476.0,19174361250.0,36634115400.0,KOSDAQ,-3.95
108490,로보티즈,284000.0,565816.0,1571598.0,160691744000.0,446333832000.0,KOSDAQ,-5.8
095340,ISC,183000.0,103448.0,152677.0,18930984000.0,27939891000.0,KOSDAQ,-1.61
214450,파마리서치,369000.0,114969.0,182105.0,42423561000.0,67196745000.0,KOSDAQ,-1.99
000250,삼천당제약,162900.0,81911.0,132589.0,13343301900.0,21598748100.0,KOSDAQ,-0.06
298380,에이비엘바이오,68200.0,192626.0,322816.0,13137093200.0,22016051200.0,KOSDAQ,-4.08
319660,피에스케이,125500.0,339313.0,509796.0,42583781500.0,63979398000.0,KOSDAQ,-2.11
440110,파두,71000.0,487571.0,487571.0,34617541000.0,34617541000.0,KOSDAQ,1.57
087010,펩트론,147200.0,192415.0,332531.0,28323488000.0,48948563200.0,KOSDAQ,-8.11
141080,리가켐바이오,89300.0,265876.0,394980.0,23742726800.0,35271714000.0,KOSDAQ,-3.25
084370,유진테크,138300.0,125204.0,172968.0,17315713200.0,23921474400.0,KOSDAQ,-3.42
031980,피에스케이홀딩스,146500.0,202477.0,285480.0,29662880500.0,41822820000.0,KOSDAQ,-6.09
257720,실리콘투,46250.0,780018.0,1412547.0,36075832500.0,65330298750.0,KOSDAQ,-1.91
145020,휴젤,238000.0,22715.0,32146.0,5406170000.0,7650748000.0,KOSDAQ,-2.06
064760,티씨케이,264500.0,63585.0,83385.0,16818232500.0,22055332500.0,KOSDAQ,-1.49
095610,테스,148100.0,510649.0,830810.0,75627116900.0,123042961000.0,KOSDAQ,-3.01
131290,티에스이,256000.0,169263.0,228199.0,43331328000.0,58418944000.0,KOSDAQ,-2.1
310210,보로노이,149700.0,64320.0,88032.0,9628704000.0,13178390400.0,KOSDAQ,-3.85
357780,솔브레인,325500.0,25474.0,34773.0,8291787000.0,11318611500.0,KOSDAQ,-4.41
080220,제주반도체,73000.0,1224381.0,1224381.0,89379813000.0,89379813000.0,KOSDAQ,-1.08
319400,현대무벡스,21750.0,508010.0,508010.0,11049217500.0,11049217500.0,KOSDAQ,-1.58
214370,케어젠,44600.0,59549.0,105466.0,2655885400.0,4703783600.0,KOSDAQ,-1.33
067310,하나마이크론,35650.0,1355801.0,1355801.0,48334305650.0,48334305650.0,KOSDAQ,-1.93
347850,디앤디파마텍,49300.0,513943.0,513943.0,25337389900.0,25337389900.0,KOSDAQ,-0.8
178320,서진시스템,35000.0,842655.0,842655.0,29492925000.0,29492925000.0,KOSDAQ,-4.37
263750,펄어비스,35250.0,459118.0,839052.0,16183909500.0,29576583000.0,KOSDAQ,5.22
010170,대한광통신,13700.0,16421068.0,16421068.0,224968631600.0,224968631600.0,KOSDAQ,1.71
140410,메지온,69000.0,93495.0,93495.0,6451155000.0,6451155000.0,KOSDAQ,4.23
226950,올릭스,99100.0,182783.0,264580.0,18113795300.0,26219878000.0,KOSDAQ,1.64
005290,동진쎄미켐,40700.0,280763.0,478793.0,11427054100.0,19486875100.0,KOSDAQ,-2.05
214150,클래시스,31350.0,186259.0,309279.0,5839219650.0,9695896650.0,KOSDAQ,-2.03
032820,우리기술,11810.0,12881753.0,12881753.0,152133502930.0,152133502930.0,KOSDAQ,8.15
083650,비에이치아이,65800.0,873913.0,2072334.0,57503475400.0,136359577200.0,KOSDAQ,-2.81
058610,에스피지,91300.0,237401.0,569591.0,21674711300.0,52003658300.0,KOSDAQ,-1.51
237690,에스티팜,91900.0,107031.0,200868.0,9836148900.0,18459769200.0,KOSDAQ,0.22
041510,에스엠,82700.0,205901.0,282836.0,17028012700.0,23390537200.0,KOSDAQ,3.5
098460,고영,27150.0,701447.0,701447.0,19044286050.0,19044286050.0,KOSDAQ,-3.38
140860,파크시스템스,262500.0,17575.0,20187.0,4613437500.0,5299087500.0,KOSDAQ,-1.5
068760,셀트리온제약,40000.0,59182.0,104859.0,2367280000.0,4194360000.0,KOSDAQ,-1.36
030530,원익홀딩스,22550.0,5789330.0,5789330.0,130549391500.0,130549391500.0,KOSDAQ,0.89
089030,테크윙,46200.0,442311.0,442311.0,20434768200.0,20434768200.0,KOSDAQ,-3.95
096530,씨젠,31450.0,178074.0,283591.0,5600427300.0,8918936950.0,KOSDAQ,0.16
060370,LS마린솔루션,30850.0,46314.0,89012.0,1428786900.0,2746020200.0,KOSDAQ,-1.28
007390,네이처셀,24600.0,195576.0,366085.0,4811169600.0,9005691000.0,KOSDAQ,-0.4
131970,두산테스나,81000.0,258568.0,435749.0,20944008000.0,35295669000.0,KOSDAQ,-2.06
0009K0,에임드바이오,23700.0,69355.0,110209.0,1643713500.0,2611953300.0,KOSDAQ,-2.27
950160,코오롱티슈진,17470.0,973663.0,973663.0,17009892610.0,17009892610.0,KOSDAQ,0.29
183300,코미코,27650.0,904458.0,1548753.0,25008263700.0,42823020450.0,KOSDAQ,4.93
035900,JYP Ent.,39550.0,223325.0,381350.0,8832503750.0,15082392500.0,KOSDAQ,0.13
323280,태성,45500.0,298041.0,715005.0,13560865500.0,32532727500.0,KOSDAQ,-4.11
290650,엘앤씨바이오,50600.0,227188.0,414842.0,11495712800.0,20991005200.0,KOSDAQ,8.0
241710,코스메카코리아,126100.0,120617.0,155462.0,15209803700.0,19603758200.0,KOSDAQ,-2.32
089970,브이엠,51100.0,724492.0,1064305.0,37021541200.0,54385985500.0,KOSDAQ,-4.31
039200,오스코텍,35050.0,84729.0,136620.0,2969751450.0,4788531000.0,KOSDAQ,-2.5
078600,대주전자재료,83100.0,85362.0,168048.0,7093582200.0,13964788800.0,KOSDAQ,-3.15
003380,하림지주,11370.0,682844.0,682844.0,7763936280.0,7763936280.0,KOSDAQ,1.34
218410,RFHIC,47400.0,495770.0,822761.0,23499498000.0,38998871400.0,KOSDAQ,-2.17
082920,비츠로셀,27800.0,362556.0,533721.0,10079056800.0,14837443800.0,KOSDAQ,-4.14
420770,기가비스,98500.0,111491.0,148743.0,10981863500.0,14651185500.0,KOSDAQ,-3.24
043260,성호전자,16320.0,2184895.0,2184895.0,35657486400.0,35657486400.0,KOSDAQ,2.84
127120,제이에스링크,31700.0,216410.0,344488.0,6860197000.0,10920269600.0,KOSDAQ,-2.16
204270,제이앤티씨,20150.0,1179571.0,1179571.0,23768355650.0,23768355650.0,KOSDAQ,-2.42
475830,오름테라퓨틱,53000.0,48444.0,88714.0,2567532000.0,4701842000.0,KOSDAQ,-2.03
195940,HK이노엔,40050.0,65524.0,102475.0,2624236200.0,4104123750.0,KOSDAQ,-2.08
437730,삼현,33150.0,138515.0,342418.0,4591772250.0,11351156700.0,KOSDAQ,-2.07
347700,스피어,20200.0,1262143.0,1262143.0,25495288600.0,25495288600.0,KOSDAQ,5.98
166090,하나머티리얼즈,51400.0,120157.0,171466.0,6176069800.0,8813352400.0,KOSDAQ,-1.91
036540,SFA반도체,6040.0,3821651.0,3821651.0,23082772040.0,23082772040.0,KOSDAQ,0.5
293490,카카오게임즈,8940.0,219748.0,219748.0,1964547120.0,1964547120.0,KOSDAQ,0.45
232140,와이씨,11490.0,1339293.0,1339293.0,15388476570.0,15388476570.0,KOSDAQ,-3.69
491000,리브스메드,36050.0,269200.0,269200.0,9704660000.0,9704660000.0,KOSDAQ,6.81
086450,동국제약,19930.0,604857.0,912621.0,12054800010.0,18188536530.0,KOSDAQ,-4.18
356860,티엘비,37150.0,602316.0,1174133.0,22376039400.0,43619040950.0,KOSDAQ,0.0
458870,씨어스,22800.0,243364.0,360988.0,5548699200.0,8230526400.0,KOSDAQ,1.56
101490,에스앤에스텍,40500.0,235277.0,363926.0,9528718500.0,14739003000.0,KOSDAQ,-2.76
014620,성광벤드,32500.0,312257.0,671085.0,10148352500.0,21810262500.0,KOSDAQ,3.83
115180,큐리언트,22950.0,246754.0,350173.0,5663004300.0,8036470350.0,KOSDAQ,-10.87
056190,SFA,23900.0,97016.0,148753.0,2318682400.0,3555196700.0,KOSDAQ,-1.24
036830,솔브레인홀딩스,41500.0,36991.0,62978.0,1535126500.0,2613587000.0,KOSDAQ,-2.24
065350,신성델타테크,30450.0,73668.0,156298.0,2243190600.0,4759274100.0,KOSDAQ,-1.3
100790,미래에셋벤처투자,15680.0,1078731.0,1078731.0,16914502080.0,16914502080.0,KOSDAQ,3.16
161580,필옵틱스,35400.0,1146556.0,5890075.0,40588082400.0,208508655000.0,KOSDAQ,5.67
445680,큐리옥스바이오시스템즈,48100.0,60480.0,102823.0,2909088000.0,4945786300.0,KOSDAQ,-5.13
476830,알지노믹스,28950.0,198470.0,358638.0,5745706500.0,10382570100.0,KOSDAQ,1.05
122870,와이지엔터테인먼트,43450.0,121631.0,167420.0,5284866950.0,7274399000.0,KOSDAQ,-0.34
950260,인제니아테라퓨틱스(Reg.S),16140.0,1528597.0,1528597.0,24671555580.0,24671555580.0,KOSDAQ,-0.55
031330,에스에이엠티,7910.0,516070.0,516070.0,4082113700.0,4082113700.0,KOSDAQ,-1.62
083450,GST,42750.0,72990.0,142221.0,3120322500.0,6079947750.0,KOSDAQ,-2.29
041830,인바디,58400.0,59195.0,81975.0,3456988000.0,4787340000.0,KOSDAQ,-2.67
038500,삼표시멘트,7180.0,331644.0,331644.0,2381203920.0,2381203920.0,KOSDAQ,-0.83
099320,쎄트렉아이,70700.0,36472.0,59996.0,2578570400.0,4241717200.0,KOSDAQ,1.29
252990,샘씨엔에스,12730.0,481430.0,481430.0,6128603900.0,6128603900.0,KOSDAQ,-2.23
213420,덕산네오룩스,30650.0,324671.0,415180.0,9951166150.0,12725267000.0,KOSDAQ,-8.1
032190,다우데이타,19840.0,43579.0,64003.0,864607360.0,1269819520.0,KOSDAQ,-1.78
388720,유일로보틱스,64200.0,16991.0,29029.0,1090822200.0,1863661800.0,KOSDAQ,-3.02
085660,차바이오텍,8130.0,189661.0,295544.0,1541943930.0,2402772720.0,KOSDAQ,0.49
090710,휴림로봇,6270.0,1273233.0,1273233.0,7983170910.0,7983170910.0,KOSDAQ,-0.48
225570,넥슨게임즈,11350.0,175820.0,340868.0,1995557000.0,3868851800.0,KOSDAQ,-1.73
417200,LS머트리얼즈,10930.0,317382.0,317382.0,3468985260.0,3468985260.0,KOSDAQ,-1.8
119850,지엔씨에너지,44800.0,1375081.0,2438871.0,61603628800.0,109261420800.0,KOSDAQ,0.67
035760,CJ ENM,33450.0,88304.0,111818.0,2953768800.0,3740312100.0,KOSDAQ,-0.45
160190,하이젠알앤엠,23650.0,552653.0,552653.0,13070243450.0,13070243450.0,KOSDAQ,8.49
090360,로보스타,74900.0,113735.0,294910.0,8518751500.0,22088759000.0,KOSDAQ,-3.23
466100,클로봇,23550.0,262628.0,595844.0,6184889400.0,14032126200.0,KOSDAQ,-2.89
476060,온코닉테라퓨틱스,16050.0,258389.0,786452.0,4147143450.0,12622554600.0,KOSDAQ,-1.47
124500,아이티센글로벌,31200.0,508934.0,1135680.0,15878740800.0,35433216000.0,KOSDAQ,-8.5
281740,레이크머티리얼즈,11000.0,314081.0,314081.0,3454891000.0,3454891000.0,KOSDAQ,-1.52
033100,제룡전기,45000.0,57365.0,115967.0,2581425000.0,5218515000.0,KOSDAQ,-1.96
041960,코미팜,9630.0,386117.0,386117.0,3718306710.0,3718306710.0,KOSDAQ,-2.92
006730,서부T&D,11040.0,213150.0,213150.0,2353176000.0,2353176000.0,KOSDAQ,-0.36
044490,태웅,34850.0,580339.0,2701189.0,20224814150.0,94136436650.0,KOSDAQ,6.09
074600,원익QnC,26450.0,169482.0,261298.0,4482798900.0,6911332100.0,KOSDAQ,-2.4
023160,태광,26800.0,285541.0,547694.0,7652498800.0,14678199200.0,KOSDAQ,1.13
137400,피엔티,29200.0,70049.0,122332.0,2045430800.0,3572094400.0,KOSDAQ,-2.01
388210,씨엠티엑스,71300.0,26498.0,45239.0,1889307400.0,3225540700.0,KOSDAQ,-5.06
171090,선익시스템,67200.0,30244.0,49950.0,2032396800.0,3356640000.0,KOSDAQ,-2.04
093320,케이아이엔엑스,139000.0,5828.0,7620.0,810092000.0,1059180000.0,KOSDAQ,-3.87
189300,인텔리안테크,62100.0,41892.0,62944.0,2601493200.0,3908822400.0,KOSDAQ,-2.2
033790,피노,7870.0,4955541.0,4955541.0,39000107670.0,39000107670.0,KOSDAQ,-16.81
328130,루닛,8700.0,229014.0,376807.0,1992421800.0,3278220900.0,KOSDAQ,-1.92
253450,스튜디오드래곤,21550.0,45221.0,60533.0,974512550.0,1304486150.0,KOSDAQ,-0.69
251970,펌텍코리아,51900.0,130086.0,167823.0,6751463400.0,8710013700.0,KOSDAQ,-3.35
425420,티에프이,51800.0,45145.0,71457.0,2338511000.0,3701472600.0,KOSDAQ,-1.71
053800,안랩,56700.0,19523.0,33597.0,1106954100.0,1904949900.0,KOSDAQ,-0.7
122640,예스티,29000.0,583702.0,583702.0,16927358000.0,16927358000.0,KOSDAQ,5.65
327260,RF머트리얼즈,34500.0,837683.0,837683.0,28900063500.0,28900063500.0,KOSDAQ,2.22
456160,지투지바이오,37250.0,80116.0,139696.0,2984321000.0,5203676000.0,KOSDAQ,-2.74
032500,케이엠더블유,14680.0,182998.0,310361.0,2686410640.0,4556099480.0,KOSDAQ,-0.34
295310,에이치브이엠,50000.0,146460.0,255388.0,7323000000.0,12769400000.0,KOSDAQ,5.93
102710,이엔에프테크놀로지,42400.0,84263.0,131585.0,3572751200.0,5579204000.0,KOSDAQ,0.47
059090,미코,18090.0,193884.0,316517.0,3507361560.0,5725792530.0,KOSDAQ,-3.31
048410,현대바이오,6260.0,636753.0,636753.0,3986073780.0,3986073780.0,KOSDAQ,-0.32
060250,NHN KCP,14820.0,292686.0,292686.0,4337606520.0,4337606520.0,KOSDAQ,-3.14
094170,동운아나텍,28000.0,107922.0,222362.0,3021816000.0,6226136000.0,KOSDAQ,2.38
222080,SFA넥셀,7430.0,336275.0,336275.0,2498523250.0,2498523250.0,KOSDAQ,-2.24
079940,가비아,42400.0,23604.0,45271.0,1000809600.0,1919490400.0,KOSDAQ,0.47
121600,나노신소재,46250.0,30982.0,57721.0,1432917500.0,2669596250.0,KOSDAQ,-2.22
046890,서울반도체,9620.0,125373.0,216949.0,1206088260.0,2087049380.0,KOSDAQ,-0.93
386380,스카이랩스,29750.0,32322352.0,32322352.0,961589972000.0,961589972000.0,KOSDAQ,-2.62
053610,프로텍,60700.0,27382.0,41653.0,1662087400.0,2528337100.0,KOSDAQ,-6.33
052020,에스티큐브,8030.0,115641.0,115641.0,928597230.0,928597230.0,KOSDAQ,-3.25
358570,지아이이노베이션,8420.0,272951.0,375774.0,2298247420.0,3164017080.0,KOSDAQ,-3.99
036810,에프에스티,25050.0,61845.0,111204.0,1549217250.0,2785660200.0,KOSDAQ,-1.76
490470,세미파이브,15930.0,3994207.0,3994207.0,63627717510.0,63627717510.0,KOSDAQ,10.78
064290,인텍플러스,41250.0,345014.0,345014.0,14231827500.0,14231827500.0,KOSDAQ,1.6
052400,코나아이,36300.0,30253.0,63303.0,1098183900.0,2297898900.0,KOSDAQ,-3.07
045100,한양이엔지,30100.0,66989.0,131281.0,2016368900.0,3951558100.0,KOSDAQ,-4.14
211050,인카금융서비스,10600.0,70515.0,98099.0,747459000.0,1039849400.0,KOSDAQ,-4.07
009520,포스코엠텍,12500.0,161280.0,340693.0,2016000000.0,4258662500.0,KOSDAQ,-1.65
112040,위메이드,15060.0,69168.0,112815.0,1041670080.0,1698993900.0,KOSDAQ,-0.92
033640,네패스,22100.0,124902.0,218238.0,2760334200.0,4823059800.0,KOSDAQ,-2.0
019210,와이지-원,13620.0,400799.0,400799.0,5458882380.0,5458882380.0,KOSDAQ,-4.69
086900,메디톡스,69200.0,12579.0,21716.0,870466800.0,1502747200.0,KOSDAQ,-0.29
033500,동성화인텍,16760.0,83839.0,144172.0,1405141640.0,2416322720.0,KOSDAQ,-2.1
035890,서희건설,2415.0,803957.0,803957.0,1941556155.0,1941556155.0,KOSDAQ,2.11
050890,쏠리드,8230.0,661469.0,661469.0,5443889870.0,5443889870.0,KOSDAQ,-2.02
025980,아난티,5130.0,2617676.0,2617676.0,13428677880.0,13428677880.0,KOSDAQ,-6.22
399720,가온칩스,42050.0,61225.0,128141.0,2574511250.0,5388329050.0,KOSDAQ,-2.32
101160,월덱스,29900.0,38404.0,60413.0,1148279600.0,1806348700.0,KOSDAQ,-0.99
397030,에이프릴바이오,17570.0,125059.0,230279.0,2197286630.0,4046002030.0,KOSDAQ,-3.36
099190,아이센스,16800.0,111839.0,204928.0,1878895200.0,3442790400.0,KOSDAQ,1.94
376900,로킷헬스케어,27600.0,192371.0,395268.0,5309439600.0,10909396800.0,KOSDAQ,2.03
278280,천보,39000.0,17643.0,29175.0,688077000.0,1137825000.0,KOSDAQ,-2.38
253590,네오셈,10870.0,408479.0,408479.0,4440166730.0,4440166730.0,KOSDAQ,-5.15
037460,삼지전자,29200.0,66226.0,66226.0,1933799200.0,1933799200.0,KOSDAQ,-3.47
015750,성우하이텍,5910.0,214218.0,380797.0,1266028380.0,2250510270.0,KOSDAQ,-2.96
460930,현대힘스,13270.0,148984.0,1694854.0,1977017680.0,22490712580.0,KOSDAQ,-0.75
383310,에코프로에이치엔,22450.0,112983.0,112983.0,2536468350.0,2536468350.0,KOSDAQ,-1.32
056080,유진로봇,12290.0,411010.0,411010.0,5051312900.0,5051312900.0,KOSDAQ,0.66
034950,한국기업평가,102900.0,756.0,1055.0,77792400.0,108559500.0,KOSDAQ,-0.29
365340,성일하이텍,36000.0,24482.0,46484.0,881352000.0,1673424000.0,KOSDAQ,-0.83
024850,HLB이노베이션,14590.0,376271.0,376271.0,5489793890.0,5489793890.0,KOSDAQ,-10.49
348370,엔켐,21050.0,220759.0,747930.0,4646976950.0,15743926500.0,KOSDAQ,-0.94
041190,우리기술투자,5760.0,2134156.0,2134156.0,12292738560.0,12292738560.0,KOSDAQ,-4.48
340570,티앤엘,28200.0,102511.0,152375.0,2890810200.0,4296975000.0,KOSDAQ,-2.76
082270,젬백스,10110.0,108641.0,162980.0,1098360510.0,1647727800.0,KOSDAQ,-2.6
126340,비나텍,62200.0,120573.0,206995.0,7499640600.0,12875089000.0,KOSDAQ,-3.12
077360,덕산하이메탈,9820.0,956648.0,956648.0,9394283360.0,9394283360.0,KOSDAQ,-2.48
336570,원텍,4950.0,264916.0,264916.0,1311334200.0,1311334200.0,KOSDAQ,-1.98
067160,SOOP,38150.0,20742.0,35545.0,791307300.0,1356041750.0,KOSDAQ,-0.26
376300,디어유,18360.0,39190.0,58304.0,719528400.0,1070461440.0,KOSDAQ,0.0
241770,메카로,42350.0,101264.0,143987.0,4288530400.0,6097849450.0,KOSDAQ,12.48
214430,아이쓰리시스템,58800.0,16800.0,25351.0,987840000.0,1490638800.0,KOSDAQ,-1.51
348340,뉴로메카,18230.0,402173.0,402173.0,7331613790.0,7331613790.0,KOSDAQ,0.83
018290,브이티,12180.0,209641.0,293100.0,2553427380.0,3569958000.0,KOSDAQ,-1.38
477850,마키나락스,23250.0,573774.0,573774.0,13340245500.0,13340245500.0,KOSDAQ,-0.85
080580,오킨스전자,19480.0,128511.0,128511.0,2503394280.0,2503394280.0,KOSDAQ,-3.33
069540,빛과전자,3640.0,41803412.0,41803412.0,152164419680.0,152164419680.0,KOSDAQ,30.0
174900,앱클론,20450.0,152775.0,152775.0,3124248750.0,3124248750.0,KOSDAQ,-6.41
030520,한컴,16860.0,64696.0,94769.0,1090774560.0,1597805340.0,KOSDAQ,-2.99
439960,코스모로보틱스,12340.0,730648.0,730648.0,9016196320.0,9016196320.0,KOSDAQ,-2.14
104830,원익머트리얼즈,31750.0,35447.0,52513.0,1125442250.0,1667287750.0,KOSDAQ,-1.09
013030,하이록코리아,33950.0,32398.0,48686.0,1099912100.0,1652889700.0,KOSDAQ,0.44
272290,이녹스첨단소재,20000.0,137412.0,185530.0,2748240000.0,3710600000.0,KOSDAQ,-2.91
368770,파이버프로,11990.0,135191.0,135191.0,1620940090.0,1620940090.0,KOSDAQ,1.61
219130,타이거일렉,62300.0,52579.0,52579.0,3275671700.0,3275671700.0,KOSDAQ,3.49
078130,국일제지,3480.0,31604.0,31604.0,109981920.0,109981920.0,KOSDAQ,0.0
027360,아주IB투자,3210.0,1724259.0,1724259.0,5534871390.0,5534871390.0,KOSDAQ,1.9
144960,뉴파워프라즈마,8890.0,952586.0,952586.0,8468489540.0,8468489540.0,KOSDAQ,-0.22
098120,마이크로컨텍솔,46550.0,106385.0,106385.0,4952221750.0,4952221750.0,KOSDAQ,0.0
475960,토모큐브,28600.0,22388.0,48023.0,640296800.0,1373457800.0,KOSDAQ,1.42
042000,카페24,15920.0,58244.0,82613.0,927244480.0,1315198960.0,KOSDAQ,-1.3
125490,한라캐스트,10500.0,695089.0,695089.0,7298434500.0,7298434500.0,KOSDAQ,-3.93
204620,글로벌텍스프리,5440.0,803089.0,803089.0,4368804160.0,4368804160.0,KOSDAQ,2.64
095660,네오위즈,17620.0,39960.0,46048.0,704095200.0,811365760.0,KOSDAQ,-0.4
486990,노타,17810.0,189267.0,615860.0,3370845270.0,10968466600.0,KOSDAQ,0.34
064260,다날,4960.0,913637.0,913637.0,4531639520.0,4531639520.0,KOSDAQ,-2.17
107640,한중엔시에스,41300.0,146388.0,287568.0,6045824400.0,11876558400.0,KOSDAQ,1.98
089890,코세스,22500.0,50784.0,113383.0,1142640000.0,2551117500.0,KOSDAQ,-5.26
089010,켐트로닉스,22200.0,224253.0,765939.0,4978416600.0,17003845800.0,KOSDAQ,-4.1
078340,컴투스,30750.0,111532.0,166592.0,3429609000.0,5122704000.0,KOSDAQ,-3.0
114810,한솔아이원스,13060.0,156817.0,220400.0,2048030020.0,2878424000.0,KOSDAQ,-5.91
078020,LS증권,6610.0,32640.0,32640.0,215750400.0,215750400.0,KOSDAQ,-1.2
170920,엘티씨,34600.0,198591.0,198591.0,6871248600.0,6871248600.0,KOSDAQ,-7.49
187660,페니트리움바이오,5710.0,2230220.0,2230220.0,12734556200.0,12734556200.0,KOSDAQ,-11.75
003800,에이스침대,32900.0,722.0,722.0,23753800.0,23753800.0,KOSDAQ,0.0
215200,메가스터디교육,34950.0,26579.0,35891.0,928936050.0,1254390450.0,KOSDAQ,0.14
006910,보성파워텍,7370.0,4281922.0,4281922.0,31557765140.0,31557765140.0,KOSDAQ,0.55
372320,큐로셀,23700.0,21671.0,47804.0,513602700.0,1132954800.0,KOSDAQ,-1.25
092190,서울바이오시스,7740.0,191694.0,191694.0,1483711560.0,1483711560.0,KOSDAQ,-2.89
092870,엑시콘,27000.0,423404.0,423404.0,11431908000.0,11431908000.0,KOSDAQ,-11.48
025900,동화기업,6960.0,75261.0,156704.0,523816560.0,1090659840.0,KOSDAQ,-2.52
092730,네오팜,21900.0,70189.0,93167.0,1537139100.0,2040357300.0,KOSDAQ,-2.01
025320,시노펙스,3800.0,260568.0,599198.0,990158400.0,2276952400.0,KOSDAQ,-2.19
332570,PS일렉트로닉스,7500.0,1144952.0,1144952.0,8587140000.0,8587140000.0,KOSDAQ,-2.22
236200,슈프리마,49900.0,26434.0,41174.0,1319056600.0,2054582600.0,KOSDAQ,-1.96
078160,메디포스트,8850.0,26568.0,44635.0,235126800.0,395019750.0,KOSDAQ,-2.21
036620,감성코퍼레이션,3815.0,312661.0,407972.0,1192801715.0,1556413180.0,KOSDAQ,-2.68
121440,골프존홀딩스,8000.0,98540.0,98540.0,788320000.0,788320000.0,KOSDAQ,-0.62
389470,인벤티지랩,25750.0,38938.0,60361.0,1002653500.0,1554295750.0,KOSDAQ,-1.72
441270,파인엠텍,8070.0,2105359.0,4293415.0,16990247130.0,34647859050.0,KOSDAQ,-12.85
200710,에이디테크놀로지,25200.0,137656.0,290370.0,3468931200.0,7317324000.0,KOSDAQ,2.86
069080,웹젠,10950.0,39320.0,48256.0,430554000.0,528403200.0,KOSDAQ,-2.32
036800,나이스정보통신,7390.0,63831.0,117906.0,471711090.0,871325340.0,KOSDAQ,1.65
060280,큐렉소,8090.0,113915.0,113915.0,921572350.0,921572350.0,KOSDAQ,-0.49
101730,위메이드맥스,3970.0,81841.0,171848.0,324908770.0,682236560.0,KOSDAQ,-2.1
356680,엑스게이트,11600.0,588407.0,588407.0,6825521200.0,6825521200.0,KOSDAQ,2.38
455900,엔젤로보틱스,21300.0,68720.0,112005.0,1463736000.0,2385706500.0,KOSDAQ,0.0
900290,GRT,3925.0,236436.0,236436.0,928011300.0,928011300.0,KOSDAQ,-2.0
215600,신라젠,2365.0,1025631.0,1025631.0,2425617315.0,2425617315.0,KOSDAQ,-1.05
234340,헥토파이낸셜,23400.0,647563.0,647563.0,15152974200.0,15152974200.0,KOSDAQ,-7.14
033160,엠케이전자,13250.0,544677.0,544677.0,7216970250.0,7216970250.0,KOSDAQ,-2.86
018000,유니슨,1233.0,2107061.0,2107061.0,2598006213.0,2598006213.0,KOSDAQ,-0.64
417840,저스템,13890.0,721774.0,721774.0,10025440860.0,10025440860.0,KOSDAQ,-1.35
468530,프로티나,28600.0,56296.0,105828.0,1610065600.0,3026680800.0,KOSDAQ,-3.87
348210,넥스틴,30250.0,107513.0,124176.0,3252268250.0,3756324000.0,KOSDAQ,-3.04
393890,더블유씨피,9300.0,319478.0,319478.0,2971145400.0,2971145400.0,KOSDAQ,-7.74
093520,매커스,26300.0,10282.0,17865.0,270416600.0,469849500.0,KOSDAQ,-3.13
206650,유바이오로직스,8500.0,88978.0,88978.0,756313000.0,756313000.0,KOSDAQ,-1.39
079370,제우스,10050.0,267649.0,267649.0,2689872450.0,2689872450.0,KOSDAQ,-6.77
159010,아스플로,23300.0,153263.0,153263.0,3571027900.0,3571027900.0,KOSDAQ,-3.32
067630,HLB생명과학,2530.0,158504.0,158504.0,401015120.0,401015120.0,KOSDAQ,-4.89
199800,툴젠,33800.0,13493.0,28581.0,456063400.0,966037800.0,KOSDAQ,-2.87
035810,이지홀딩스,4690.0,147970.0,147970.0,693979300.0,693979300.0,KOSDAQ,-1.16
042520,한스바이오메드,21200.0,172185.0,236005.0,3650322000.0,5003306000.0,KOSDAQ,8.16
039440,에스티아이,19380.0,50175.0,94938.0,972391500.0,1839898440.0,KOSDAQ,-2.12
448900,한국피아이엠,49450.0,67699.0,144711.0,3347715550.0,7155958950.0,KOSDAQ,-0.2
290550,디케이티,15000.0,392945.0,392945.0,5894175000.0,5894175000.0,KOSDAQ,-6.48
200670,휴메딕스,26400.0,20456.0,40549.0,540038400.0,1070493600.0,KOSDAQ,2.33
110990,디아이티,15650.0,41767.0,76349.0,653653550.0,1194861850.0,KOSDAQ,-2.49
025770,한국정보통신,7890.0,13368.0,13368.0,105473520.0,105473520.0,KOSDAQ,-0.5
017890,한국알콜,14250.0,25407.0,25407.0,362049750.0,362049750.0,KOSDAQ,-1.25
377450,리파인,16940.0,140062.0,140062.0,2372650280.0,2372650280.0,KOSDAQ,-0.18
084110,휴온스글로벌,23100.0,35704.0,70111.0,824762400.0,1619564100.0,KOSDAQ,-2.12
101930,인화정공,6390.0,13029.0,28448.0,83255310.0,181782720.0,KOSDAQ,-0.31
049070,인탑스,18540.0,104096.0,256124.0,1929939840.0,4748538960.0,KOSDAQ,-3.84
117730,티로보틱스,12890.0,41429.0,88265.0,534019810.0,1137735850.0,KOSDAQ,-0.92
168360,펨트론,12890.0,54462.0,90475.0,702015180.0,1166222750.0,KOSDAQ,-1.3
330860,네패스아크,23650.0,176723.0,176723.0,4179498950.0,4179498950.0,KOSDAQ,-3.07
294570,쿠콘,28450.0,102042.0,289895.0,2903094900.0,8247512750.0,KOSDAQ,-5.01
092460,한라IMS,16730.0,9608.0,19617.0,160741840.0,328192410.0,KOSDAQ,-0.77
078350,한양디지텍,18750.0,80816.0,115469.0,1515300000.0,2165043750.0,KOSDAQ,-3.35
352480,씨앤씨인터내셔널,20900.0,18254.0,26898.0,381508600.0,562168200.0,KOSDAQ,-4.13
054950,제이브이엠,23400.0,4991.0,8337.0,116789400.0,195085800.0,KOSDAQ,0.0
036890,진성티이씨,12830.0,103283.0,134831.0,1325120890.0,1729881730.0,KOSDAQ,-0.23
136480,하림,2655.0,217753.0,217753.0,578134215.0,578134215.0,KOSDAQ,0.0
265520,AP시스템,18680.0,35093.0,56953.0,655537240.0,1063882040.0,KOSDAQ,-2.1
098070,한텍,25250.0,245161.0,509091.0,6190315250.0,12854547750.0,KOSDAQ,-0.79
035600,KG이니시스,10180.0,72484.0,99930.0,737887120.0,1017287400.0,KOSDAQ,-1.07
472850,폰드그룹,4865.0,17778.0,53188.0,86489970.0,258759620.0,KOSDAQ,1.78
051500,CJ프레시웨이,23450.0,8781.0,9505.0,205914450.0,222892250.0,KOSDAQ,-0.42
448280,에코아이,9380.0,6276.0,12194.0,58868880.0,114379720.0,KOSDAQ,-1.57
317330,덕산테코피아,13570.0,620066.0,2871818.0,8414295620.0,38970570260.0,KOSDAQ,13.27
488900,비츠로넥스텍,9530.0,42141.0,102772.0,401603730.0,979417160.0,KOSDAQ,2.14
484590,삼양컴텍,6700.0,115745.0,115745.0,775491500.0,775491500.0,KOSDAQ,-1.62
061970,LB세미콘,3930.0,332945.0,332945.0,1308473850.0,1308473850.0,KOSDAQ,-0.63
091580,상신이디피,20550.0,218809.0,218809.0,4496524950.0,4496524950.0,KOSDAQ,-0.96
200470,에이팩트,6220.0,606769.0,606769.0,3774103180.0,3774103180.0,KOSDAQ,-0.48
091700,파트론,5440.0,81444.0,81444.0,443055360.0,443055360.0,KOSDAQ,0.37
036200,유니셈,8860.0,140669.0,247051.0,1246327340.0,2188871860.0,KOSDAQ,-1.88
304360,에스바이오메딕스,21900.0,42863.0,72830.0,938699700.0,1594977000.0,KOSDAQ,-0.23
064550,바이오니아,10370.0,1426821.0,3834434.0,14796133770.0,39763080580.0,KOSDAQ,-1.8
043150,바텍,17980.0,32214.0,45178.0,579207720.0,812300440.0,KOSDAQ,-1.43
482630,삼양엔씨켐,12150.0,94190.0,94190.0,1144408500.0,1144408500.0,KOSDAQ,-3.95
376270,HEM파마,36700.0,18792.0,28433.0,689666400.0,1043491100.0,KOSDAQ,-2.39
099440,스맥,3880.0,204216.0,204216.0,792358080.0,792358080.0,KOSDAQ,0.52
287840,인투셀,17520.0,39029.0,55301.0,683788080.0,968873520.0,KOSDAQ,0.98
424870,이뮨온시아,2880.0,82156.0,195510.0,236609280.0,563068800.0,KOSDAQ,-1.03
151860,KG에코솔루션,5520.0,31434.0,31434.0,173515680.0,173515680.0,KOSDAQ,-1.08
452430,사피엔반도체,31650.0,23247.0,36789.0,735767550.0,1164371850.0,KOSDAQ,-2.91
138080,오이솔루션,21100.0,210115.0,210115.0,4433426500.0,4433426500.0,KOSDAQ,-1.4
267980,매일유업,34050.0,1053.0,3271.0,35854650.0,111377550.0,KOSDAQ,0.0
439090,마녀공장,15890.0,58067.0,160806.0,922684630.0,2555207340.0,KOSDAQ,-0.5
060720,KH바텍,10990.0,113292.0,113292.0,1245079080.0,1245079080.0,KOSDAQ,-0.63
228760,지노믹트리,10430.0,42556.0,80400.0,443859080.0,838572000.0,KOSDAQ,-1.14
378340,필에너지,11950.0,48738.0,154307.0,582419100.0,1843968650.0,KOSDAQ,-0.25
461300,아이스크림미디어,18960.0,21817.0,21817.0,413650320.0,413650320.0,KOSDAQ,-0.21
243070,휴온스,21100.0,13135.0,36607.0,277148500.0,772407700.0,KOSDAQ,0.0
389650,넥스트바이오메디컬,30450.0,22154.0,40485.0,674589300.0,1232768250.0,KOSDAQ,-1.93
023410,유진기업,3260.0,214391.0,214391.0,698914660.0,698914660.0,KOSDAQ,0.93
011560,세보엠이씨,24800.0,105190.0,105190.0,2608712000.0,2608712000.0,KOSDAQ,-5.52
0011T0,채비,5310.0,1151626.0,1151626.0,6115134060.0,6115134060.0,KOSDAQ,13.1
389500,에스비비테크,37000.0,83750.0,83750.0,3098750000.0,3098750000.0,KOSDAQ,-4.64
108860,셀바스AI,9110.0,157856.0,673610.0,1438068160.0,6136587100.0,KOSDAQ,-0.65
216080,제테마,6550.0,174344.0,174344.0,1141953200.0,1141953200.0,KOSDAQ,-0.46
045390,대아티아이,3465.0,1180641.0,1180641.0,4090921065.0,4090921065.0,KOSDAQ,-6.48
160980,싸이맥스,22300.0,140500.0,140500.0,3133150000.0,3133150000.0,KOSDAQ,-3.25
354320,알멕,37800.0,293649.0,293649.0,11099932200.0,11099932200.0,KOSDAQ,0.67
100120,뷰웍스,26700.0,7106.0,7106.0,189730200.0,189730200.0,KOSDAQ,-1.11
481070,에이유브랜즈,16570.0,8449.0,15088.0,139999930.0,250008160.0,KOSDAQ,-1.6
065710,서호전기,46100.0,4882.0,4882.0,225060200.0,225060200.0,KOSDAQ,-0.22
114190,강원에너지,9040.0,214571.0,1181687.0,1939721840.0,10682450480.0,KOSDAQ,0.11
089980,상아프론테크,14750.0,9225.0,15273.0,136068750.0,225276750.0,KOSDAQ,-1.99
068930,디지털대성,8510.0,21287.0,21287.0,181152370.0,181152370.0,KOSDAQ,-1.28
064820,케이프,7620.0,29248.0,77408.0,222869760.0,589848960.0,KOSDAQ,-0.52
067390,아스트,5580.0,156974.0,156974.0,875914920.0,875914920.0,KOSDAQ,5.68
200130,콜마비앤에이치,8160.0,196245.0,249386.0,1601359200.0,2034989760.0,KOSDAQ,-2.39
086390,유니테스트,11040.0,117495.0,247963.0,1297144800.0,2737511520.0,KOSDAQ,-4.5
389260,대명에너지,13020.0,183196.0,183196.0,2385211920.0,2385211920.0,KOSDAQ,-0.08
043370,피에이치에이,11030.0,16147.0,17806.0,178101410.0,196400180.0,KOSDAQ,-1.34
012210,삼미금속,10030.0,8745046.0,8745046.0,87712811380.0,87712811380.0,KOSDAQ,-1.67
036030,케이티알파,4710.0,9972.0,9972.0,46968120.0,46968120.0,KOSDAQ,-0.32
047920,HLB제약,7030.0,544002.0,921225.0,3824334060.0,6476211750.0,KOSDAQ,-7.62
298830,슈어소프트테크,4310.0,177270.0,177270.0,764033700.0,764033700.0,KOSDAQ,-0.46
180400,DXVX,2330.0,65470.0,65470.0,152545100.0,152545100.0,KOSDAQ,2.87
0001A0,덕양에너젠,8980.0,45035.0,45035.0,404414300.0,404414300.0,KOSDAQ,-1.54
493280,아이엠바이오로직스,15400.0,174784.0,174784.0,2691673600.0,2691673600.0,KOSDAQ,5.84
290690,아리바이오홀딩스,4295.0,1017253.0,1017253.0,4369101635.0,4369101635.0,KOSDAQ,2.14
144510,지씨셀,14390.0,23174.0,29028.0,333473860.0,417712920.0,KOSDAQ,-4.7
024840,KBI메탈,5230.0,1105453.0,1105453.0,5781519190.0,5781519190.0,KOSDAQ,-1.51
094480,갤럭시아머니트리,5770.0,439801.0,439801.0,2537651770.0,2537651770.0,KOSDAQ,-3.03
215000,골프존,36000.0,10185.0,14564.0,366660000.0,524304000.0,KOSDAQ,-0.96
445090,에이직랜드,20650.0,38204.0,65840.0,788912600.0,1359596000.0,KOSDAQ,1.47
462860,더즌,3130.0,1753954.0,1753954.0,5489876020.0,5489876020.0,KOSDAQ,-6.85
094360,칩스앤미디어,10450.0,70166.0,164732.0,733234700.0,1721449400.0,KOSDAQ,-3.15
046970,우리로,5060.0,1447925.0,1447925.0,7326500500.0,7326500500.0,KOSDAQ,4.22
023760,한국캐피탈,1402.0,46390.0,46390.0,65038780.0,65038780.0,KOSDAQ,0.07
053030,바이넥스,6760.0,32972.0,61131.0,222890720.0,413245560.0,KOSDAQ,-0.59
0008Z0,에스엔시스,23400.0,16027.0,28888.0,375031800.0,675979200.0,KOSDAQ,-2.09
042370,비츠로테크,8420.0,336098.0,336098.0,2829945160.0,2829945160.0,KOSDAQ,2.93
123330,제닉,27650.0,504111.0,504111.0,13938669150.0,13938669150.0,KOSDAQ,-2.47
019010,베뉴지,4550.0,204504.0,204504.0,930493200.0,930493200.0,KOSDAQ,-2.15
416180,신성에스티,24250.0,7176.0,19414.0,174018000.0,470789500.0,KOSDAQ,-3.39
243840,신흥에스이씨,5680.0,175238.0,175238.0,995351840.0,995351840.0,KOSDAQ,0.0
484120,도우인시스,19980.0,45814.0,177976.0,915363720.0,3555960480.0,KOSDAQ,-2.3
254490,미래반도체,15150.0,36816.0,36816.0,557762400.0,557762400.0,KOSDAQ,-2.01
067290,JW신약,3890.0,73244809.0,73244809.0,284922307010.0,284922307010.0,KOSDAQ,8.66
394280,오픈엣지테크놀로지,8270.0,58455.0,109098.0,483422850.0,902240460.0,KOSDAQ,-1.66
456010,아이씨티케이,14900.0,128642.0,128642.0,1916765800.0,1916765800.0,KOSDAQ,-0.67
365270,큐라클,9750.0,61650.0,61650.0,601087500.0,601087500.0,KOSDAQ,-1.61
073490,LIG아큐버,28400.0,28066.0,28066.0,797074400.0,797074400.0,KOSDAQ,-2.91
190510,나무가,15300.0,268804.0,607340.0,4112701200.0,9292302000.0,KOSDAQ,-7.16
241520,DSC인베스트먼트,8090.0,203129.0,203129.0,1643313610.0,1643313610.0,KOSDAQ,1.0
237880,클리오,11900.0,68807.0,143809.0,818803300.0,1711327100.0,KOSDAQ,-2.14
950170,JTC,4390.0,12402.0,12402.0,54444780.0,54444780.0,KOSDAQ,-0.23
125020,티씨머티리얼즈,6110.0,1683987.0,1683987.0,10289160570.0,10289160570.0,KOSDAQ,-2.55
005710,대원산업,10670.0,5717.0,7704.0,61000390.0,82201680.0,KOSDAQ,-0.37
206640,바디텍메드,9730.0,14517.0,30920.0,141250410.0,300851600.0,KOSDAQ,-0.21
314930,바이오다인,7150.0,9980.0,35042.0,71357000.0,250550300.0,KOSDAQ,0.85
446540,메가터치,7310.0,186492.0,186492.0,1363256520.0,1363256520.0,KOSDAQ,3.1
071200,인피니트헬스케어,8700.0,50186.0,50186.0,436618200.0,436618200.0,KOSDAQ,-4.4
065680,우주일렉트로,22950.0,13500.0,17126.0,309825000.0,393041700.0,KOSDAQ,-1.92
095500,미래나노텍,6720.0,69794.0,174587.0,469015680.0,1173224640.0,KOSDAQ,-1.18
052330,코텍,11730.0,12829.0,12829.0,150484170.0,150484170.0,KOSDAQ,-1.26
036190,금화피에스시,34700.0,8769.0,8769.0,304284300.0,304284300.0,KOSDAQ,1.46
014940,오리엔탈정공,4545.0,113484.0,113484.0,515784780.0,515784780.0,KOSDAQ,-1.73
484810,티엑스알로보틱스,13400.0,211450.0,211450.0,2833430000.0,2833430000.0,KOSDAQ,-1.98
203650,드림시큐리티,2035.0,435333.0,435333.0,885902655.0,885902655.0,KOSDAQ,0.99
036710,심텍홀딩스,3910.0,169291.0,169291.0,661927810.0,661927810.0,KOSDAQ,-3.69
388050,지투파워,11040.0,11661975.0,11661975.0,128748204000.0,128748204000.0,KOSDAQ,5.54
217730,강스템바이오텍,2195.0,231798.0,231798.0,508796610.0,508796610.0,KOSDAQ,-1.35
307180,아이엘,5580.0,480113.0,480113.0,2679030540.0,2679030540.0,KOSDAQ,-2.45
061090,세나테크놀로지,37650.0,14500.0,22905.0,545925000.0,862373250.0,KOSDAQ,-3.95
475400,씨메스로보틱스,17430.0,16100.0,31145.0,280623000.0,542857350.0,KOSDAQ,-2.08
099430,바이오플러스,3335.0,145002.0,145002.0,483581670.0,483581670.0,KOSDAQ,-1.62
199430,케이엔알시스템,18300.0,213687.0,572221.0,3910472100.0,10471644300.0,KOSDAQ,-4.64
046120,오르비텍,6050.0,7811295.0,7811295.0,47258334750.0,47258334750.0,KOSDAQ,29.83
067080,대화제약,10980.0,76872.0,220283.0,844054560.0,2418707340.0,KOSDAQ,-0.27
064850,에프앤가이드,17720.0,59480.0,59480.0,1053985600.0,1053985600.0,KOSDAQ,5.79
462350,이노스페이스,5940.0,211550.0,211550.0,1256607000.0,1256607000.0,KOSDAQ,2.59
018310,삼목에스폼,13680.0,4105.0,82623.0,56156400.0,1130282640.0,KOSDAQ,-0.87
353810,이지바이오,6060.0,103060.0,103060.0,624543600.0,624543600.0,KOSDAQ,-1.62
318060,그래피,17900.0,41186.0,41186.0,737229400.0,737229400.0,KOSDAQ,-0.22
304100,솔트룩스,15820.0,149053.0,649136.0,2358018460.0,10269331520.0,KOSDAQ,3.47
272110,케이엔제이,24800.0,58098.0,58098.0,1440830400.0,1440830400.0,KOSDAQ,0.2
052710,아모텍,10620.0,280618.0,280618.0,2980163160.0,2980163160.0,KOSDAQ,-5.18
053300,한국정보인증,4990.0,59564.0,59564.0,297224360.0,297224360.0,KOSDAQ,-1.38
049430,코메론,21800.0,19857.0,19857.0,432882600.0,432882600.0,KOSDAQ,0.23
450950,아스테라시스,5230.0,11522.0,16974.0,60260060.0,88774020.0,KOSDAQ,-0.76
066620,국보디자인,26100.0,3820.0,3820.0,99702000.0,99702000.0,KOSDAQ,1.16
452280,한선엔지니어링,10140.0,461841.0,461841.0,4683067740.0,4683067740.0,KOSDAQ,-0.49
112290,와이씨켐,9630.0,183869.0,183869.0,1770658470.0,1770658470.0,KOSDAQ,-0.31
042420,네오위즈홀딩스,23900.0,5920.0,5920.0,141488000.0,141488000.0,KOSDAQ,0.0
013120,동원개발,2140.0,42879.0,42879.0,91761060.0,91761060.0,KOSDAQ,-0.23
417030,니어스랩,33450.0,1382721.0,1382721.0,46252017450.0,46252017450.0,KOSDAQ,7.73
036560,KZ정밀,12260.0,2695.0,2695.0,33040700.0,33040700.0,KOSDAQ,0.33
058970,엠로,15550.0,29505.0,53510.0,458802750.0,832080500.0,KOSDAQ,-3.72
102940,코오롱생명과학,14590.0,59897.0,101279.0,873897230.0,1477660610.0,KOSDAQ,-1.55
034810,해성산업,6040.0,16553.0,16553.0,99980120.0,99980120.0,KOSDAQ,-0.66
084850,아이티엠반도체,8380.0,30326.0,44897.0,254131880.0,376236860.0,KOSDAQ,0.24
078150,HB테크놀러지,1995.0,6745424.0,6745424.0,13457120880.0,13457120880.0,KOSDAQ,3.96
194700,노바렉스,10350.0,50441.0,81543.0,522064350.0,843970050.0,KOSDAQ,-1.43
082800,비보존 제약,3105.0,134023.0,134023.0,416141415.0,416141415.0,KOSDAQ,-2.2
419530,SAMG엔터,18420.0,52471.0,95425.0,966515820.0,1757728500.0,KOSDAQ,-3.46
194480,데브시스터즈,15420.0,55787.0,81096.0,860235540.0,1250500320.0,KOSDAQ,-4.99
256840,한국비엔씨,2740.0,619737.0,619737.0,1698079380.0,1698079380.0,KOSDAQ,1.67
085910,네오티스,13530.0,400050.0,400050.0,5412676500.0,5412676500.0,KOSDAQ,-4.25
459510,나우로보틱스,14380.0,30229.0,82736.0,434693020.0,1189743680.0,KOSDAQ,-1.78
192440,슈피겐코리아,30000.0,4337.0,4337.0,130110000.0,130110000.0,KOSDAQ,-1.15
214180,헥토이노베이션,14310.0,27021.0,27021.0,386670510.0,386670510.0,KOSDAQ,-1.58
425040,티이엠씨,8460.0,114801.0,114801.0,971216460.0,971216460.0,KOSDAQ,0.12
094820,일진파워,12220.0,259072.0,259072.0,3165859840.0,3165859840.0,KOSDAQ,2.86
357550,석경에이티,33500.0,1631.0,1800.0,54638500.0,60300000.0,KOSDAQ,1.52
143240,사람인,17010.0,11975.0,11975.0,203694750.0,203694750.0,KOSDAQ,1.13
032940,원익,10020.0,627232.0,627232.0,6284864640.0,6284864640.0,KOSDAQ,1.31
0082N0,카나프테라퓨틱스,13660.0,91468.0,91468.0,1249452880.0,1249452880.0,KOSDAQ,-4.68
126600,BGF에코머티리얼즈,2890.0,31413.0,31413.0,90783570.0,90783570.0,KOSDAQ,-1.2
204610,티쓰리,3240.0,106866.0,106866.0,346245840.0,346245840.0,KOSDAQ,-1.37
234690,녹십자웰빙,10050.0,902095.0,902095.0,9066054750.0,9066054750.0,KOSDAQ,-0.99
293780,압타바이오,6420.0,21264.0,21264.0,136514880.0,136514880.0,KOSDAQ,0.31
475040,스트라드비젼,3350.0,10721733.0,10721733.0,35917805550.0,35917805550.0,KOSDAQ,19.22
024060,흥구석유,11990.0,4780218.0,4780218.0,57314813820.0,57314813820.0,KOSDAQ,6.77
464080,에스오에스랩,9980.0,94535.0,94535.0,943459300.0,943459300.0,KOSDAQ,-2.54
115450,HLB테라퓨틱스,2010.0,121533.0,121533.0,244281330.0,244281330.0,KOSDAQ,-3.37
403850,더핑크퐁컴퍼니,12360.0,91473.0,179206.0,1130606280.0,2214986160.0,KOSDAQ,-4.92
108380,대양전기공업,18500.0,39334.0,55237.0,727679000.0,1021884500.0,KOSDAQ,-0.75
264850,이랜시스,5840.0,3139531.0,3139531.0,18334861040.0,18334861040.0,KOSDAQ,3.91
220100,퓨쳐켐,7840.0,36110.0,64657.0,283102400.0,506910880.0,KOSDAQ,-3.21
270660,에브리봇,13850.0,28232.0,74506.0,391013200.0,1031908100.0,KOSDAQ,-2.12
176750,듀켐바이오,6130.0,6451.0,19956.0,39544630.0,122330280.0,KOSDAQ,-1.76
092130,이크레더블,14420.0,2657.0,2657.0,38313940.0,38313940.0,KOSDAQ,-0.28
080160,모두투어,9170.0,36944.0,36944.0,338776480.0,338776480.0,KOSDAQ,0.44
212560,네오오토,12850.0,1902460.0,1902460.0,24446611000.0,24446611000.0,KOSDAQ,8.16
054210,이랜텍,6850.0,62393.0,62393.0,427392050.0,427392050.0,KOSDAQ,-2.14
143160,아이디스,16140.0,4286.0,4286.0,69176040.0,69176040.0,KOSDAQ,0.12
083310,엘오티베큠,9690.0,53384.0,53384.0,517290960.0,517290960.0,KOSDAQ,-1.12
372170,윤성에프앤씨,21600.0,14016.0,31765.0,302745600.0,686124000.0,KOSDAQ,-3.57
314130,지놈앤컴퍼니,3285.0,136945.0,136945.0,449864325.0,449864325.0,KOSDAQ,-4.64
0039P0,매드업,9130.0,3048928.0,3048928.0,27836712640.0,27836712640.0,KOSDAQ,-2.25
402030,코난테크놀로지,13630.0,17599.0,62828.0,239874370.0,856345640.0,KOSDAQ,-0.58
083930,아바코,11590.0,28349.0,28349.0,328564910.0,328564910.0,KOSDAQ,0.43
126730,코칩,19210.0,189340.0,189340.0,3637221400.0,3637221400.0,KOSDAQ,-6.29
138610,나이벡,14790.0,37182.0,77951.0,549921780.0,1152895290.0,KOSDAQ,-2.38
086670,비엠티,16930.0,47835.0,47835.0,809846550.0,809846550.0,KOSDAQ,1.87
038390,레드캡투어,10040.0,13951.0,13951.0,140068040.0,140068040.0,KOSDAQ,0.0
405100,큐알티,13630.0,52159.0,52159.0,710927170.0,710927170.0,KOSDAQ,-3.47
126700,하이비젼시스템,11200.0,30714.0,30714.0,343996800.0,343996800.0,KOSDAQ,-1.23
0015G0,그린광학,14270.0,68768.0,68768.0,981319360.0,981319360.0,KOSDAQ,1.57
024800,유성티엔에스,4730.0,73454.0,73454.0,347437420.0,347437420.0,KOSDAQ,-0.63
086820,바이오솔루션,6400.0,47663.0,47663.0,305043200.0,305043200.0,KOSDAQ,0.0
179290,엠아이텍,5100.0,10400.0,10400.0,53040000.0,53040000.0,KOSDAQ,-0.2
012860,모베이스전자,2250.0,321839.0,321839.0,724137750.0,724137750.0,KOSDAQ,-0.22
308430,셀비온,12760.0,11793.0,17839.0,150478680.0,227625640.0,KOSDAQ,-2.3
199820,제일일렉트릭,7400.0,177131.0,177131.0,1310769400.0,1310769400.0,KOSDAQ,0.41
119830,아이텍,6190.0,95156.0,95156.0,589015640.0,589015640.0,KOSDAQ,1.81
093190,빅솔론,8520.0,13901.0,13901.0,118436520.0,118436520.0,KOSDAQ,-0.47
950140,잉글우드랩,8250.0,50306.0,50306.0,415024500.0,415024500.0,KOSDAQ,-3.62
119610,인터로조,14300.0,51825.0,51825.0,741097500.0,741097500.0,KOSDAQ,1.06
123860,아나패스,13460.0,3944.0,3944.0,53086240.0,53086240.0,KOSDAQ,-0.44
222040,코스맥스엔비티,7880.0,617417.0,617417.0,4865245960.0,4865245960.0,KOSDAQ,-8.48
049630,재영솔루텍,6940.0,274638.0,274638.0,1905987720.0,1905987720.0,KOSDAQ,-1.7
122990,와이솔,6300.0,43715.0,43715.0,275404500.0,275404500.0,KOSDAQ,1.12
123410,코리아에프티,5760.0,48173.0,48173.0,277476480.0,277476480.0,KOSDAQ,-2.7
023910,대한약품,26650.0,3532.0,3532.0,94127800.0,94127800.0,KOSDAQ,-0.37
032580,피델릭스,4815.0,588286.0,588286.0,2832597090.0,2832597090.0,KOSDAQ,-1.73
382800,지앤비에스 에코,5010.0,1078390.0,1078390.0,5402733900.0,5402733900.0,KOSDAQ,-1.38
039830,오로라,14810.0,73542.0,73542.0,1089157020.0,1089157020.0,KOSDAQ,-2.76
489460,바이오비쥬,10780.0,60698.0,60698.0,654324440.0,654324440.0,KOSDAQ,0.19
382900,범한퓨얼셀,17990.0,83074.0,254243.0,1494501260.0,4573831570.0,KOSDAQ,-2.97
011040,경동제약,5120.0,45083.0,45083.0,230824960.0,230824960.0,KOSDAQ,-0.78
032620,GC메디아이,3015.0,21337.0,21337.0,64331055.0,64331055.0,KOSDAQ,-1.95
101970,우양에이치씨,10630.0,7393.0,7393.0,78587590.0,78587590.0,KOSDAQ,0.66
054800,아이디스홀딩스,15170.0,2544.0,2544.0,38592480.0,38592480.0,KOSDAQ,0.46
039860,나노엔텍,4115.0,211309.0,211309.0,869536535.0,869536535.0,KOSDAQ,-0.48
013990,아가방컴퍼니,4765.0,53088.0,53088.0,252964320.0,252964320.0,KOSDAQ,0.74
331920,셀레믹스,13990.0,12045.0,12045.0,168509550.0,168509550.0,KOSDAQ,-1.89
072870,메가스터디,13110.0,15013.0,15013.0,196820430.0,196820430.0,KOSDAQ,-0.61
452450,피아이이,4320.0,359570.0,359570.0,1553342400.0,1553342400.0,KOSDAQ,3.23
104480,티케이케미칼,1711.0,409735.0,409735.0,701056585.0,701056585.0,KOSDAQ,-2.28
126640,화신정공,4415.0,1088484.0,1088484.0,4805656860.0,4805656860.0,KOSDAQ,-2.43
230240,에치에프알,11600.0,118215.0,118215.0,1371294000.0,1371294000.0,KOSDAQ,-3.17
260970,에스앤디,53200.0,20172.0,20172.0,1073150400.0,1073150400.0,KOSDAQ,2.11
079650,서산,7680.0,20456984.0,20456984.0,157109637120.0,157109637120.0,KOSDAQ,14.46
046440,KG파이낸셜,4230.0,52372.0,52372.0,221533560.0,221533560.0,KOSDAQ,0.0
394800,쓰리빌리언,4800.0,90355.0,147098.0,433704000.0,706070400.0,KOSDAQ,-1.84
134580,탑코미디어,3095.0,982533.0,982533.0,3040939635.0,3040939635.0,KOSDAQ,-7.61
041920,메디아나,8200.0,54042.0,54042.0,443144400.0,443144400.0,KOSDAQ,-3.53
007330,푸른저축은행,10110.0,7324.0,7324.0,74045640.0,74045640.0,KOSDAQ,0.1
093640,케이알엠,4630.0,36522.0,36522.0,169096860.0,169096860.0,KOSDAQ,1.76
205500,넥써쓰,1815.0,165605.0,165605.0,300573075.0,300573075.0,KOSDAQ,1.62
289080,SV인베스트먼트,2510.0,11691850.0,11691850.0,29346543500.0,29346543500.0,KOSDAQ,6.81
065660,안트로젠,15020.0,9892.0,13934.0,148577840.0,209288680.0,KOSDAQ,-2.09
051160,지어소프트,9710.0,40116.0,40116.0,389526360.0,389526360.0,KOSDAQ,-1.32
114840,아이패밀리에스씨,8990.0,49055.0,91943.0,441004450.0,826567570.0,KOSDAQ,-1.75
118990,모트렉스,6110.0,75940.0,75940.0,463993400.0,463993400.0,KOSDAQ,-1.45
418550,제이오,4670.0,62553.0,62553.0,292122510.0,292122510.0,KOSDAQ,-0.95
023600,삼보판지,9320.0,14063.0,14063.0,131067160.0,131067160.0,KOSDAQ,-0.32
068790,DMS,6610.0,20394.0,20394.0,134804340.0,134804340.0,KOSDAQ,-1.34
089600,KT나스미디어,12870.0,22761.0,22761.0,292934070.0,292934070.0,KOSDAQ,0.08
264450,유비쿼스,10140.0,15325.0,15325.0,155395500.0,155395500.0,KOSDAQ,-0.98
351320,넥사다이내믹스,5000.0,1565645.0,1565645.0,7828225000.0,7828225000.0,KOSDAQ,15.34
041020,폴라리스오피스,2980.0,89645.0,89645.0,267142100.0,267142100.0,KOSDAQ,-1.16
039840,디오,11020.0,30157.0,35154.0,332330140.0,387397080.0,KOSDAQ,-2.04
389020,자람테크놀로지,21400.0,21634.0,21634.0,462967600.0,462967600.0,KOSDAQ,-2.06
138360,앤로보틱스,1676.0,682936.0,682936.0,1144600736.0,1144600736.0,KOSDAQ,-2.39
355150,코스텍시스,18820.0,56573.0,56573.0,1064703860.0,1064703860.0,KOSDAQ,-2.08
005990,매일홀딩스,11000.0,2301.0,2301.0,25311000.0,25311000.0,KOSDAQ,0.36
300080,플리토,8850.0,81555.0,155096.0,721761750.0,1372599600.0,KOSDAQ,1.14
051370,인터플렉스,6250.0,40388.0,40388.0,252425000.0,252425000.0,KOSDAQ,-2.5
049960,쎌바이오텍,15500.0,12391.0,12391.0,192060500.0,192060500.0,KOSDAQ,-1.52
042600,새로닉스,11650.0,12844.0,12844.0,149632600.0,149632600.0,KOSDAQ,1.04
101360,에코앤드림,8130.0,75433.0,247313.0,613270290.0,2010654690.0,KOSDAQ,-0.61
474650,링크솔루션,25100.0,27610.0,27610.0,693011000.0,693011000.0,KOSDAQ,0.4
148150,세경하이테크,4050.0,87837.0,87837.0,355739850.0,355739850.0,KOSDAQ,-0.49
092070,디엔에프,12400.0,83570.0,83570.0,1036268000.0,1036268000.0,KOSDAQ,2.48
413630,씨피시스템,3935.0,1306004.0,1306004.0,5139125740.0,5139125740.0,KOSDAQ,-3.55
187870,디바이스,10300.0,68656.0,68656.0,707156800.0,707156800.0,KOSDAQ,-2.46
047770,코데즈컴바인,3750.0,1519233.0,1519233.0,5697123750.0,5697123750.0,KOSDAQ,-7.86
069510,에스텍,12930.0,6705.0,6705.0,86695650.0,86695650.0,KOSDAQ,-1.3
054450,텔레칩스,9310.0,35449.0,35449.0,330030190.0,330030190.0,KOSDAQ,-1.48
048870,시너지이노베이션,1597.0,221913.0,221913.0,354395061.0,354395061.0,KOSDAQ,1.27
067280,멀티캠퍼스,23700.0,6408.0,6408.0,151869600.0,151869600.0,KOSDAQ,-0.21
115310,인포바인,9430.0,5484.0,5484.0,51714120.0,51714120.0,KOSDAQ,1.4
078070,유비쿼스홀딩스,8190.0,34729.0,34729.0,284430510.0,284430510.0,KOSDAQ,-5.54
263860,지니언스,15380.0,24838.0,24838.0,382008440.0,382008440.0,KOSDAQ,0.79
086890,이수앱지스,3405.0,33510.0,33510.0,114101550.0,114101550.0,KOSDAQ,-0.15
084990,헬릭스미스,3010.0,55225.0,55225.0,166227250.0,166227250.0,KOSDAQ,1.01
041520,이엘씨,11350.0,17507.0,17507.0,198704450.0,198704450.0,KOSDAQ,-3.49
153890,져스텍,11450.0,225426.0,225426.0,2581127700.0,2581127700.0,KOSDAQ,-1.46
226590,엠디바이스,12860.0,111692.0,111692.0,1436359120.0,1436359120.0,KOSDAQ,6.19
147830,제룡산업,6880.0,166422.0,166422.0,1144983360.0,1144983360.0,KOSDAQ,-0.29
036170,에이치엠넥스,2235.0,224079.0,224079.0,500816565.0,500816565.0,KOSDAQ,0.45
321550,티움바이오,4560.0,203201.0,203201.0,926596560.0,926596560.0,KOSDAQ,-3.49
308080,바이젠셀,6680.0,267077.0,267077.0,1784074360.0,1784074360.0,KOSDAQ,0.6
003100,선광,20700.0,8891.0,8891.0,184043700.0,184043700.0,KOSDAQ,-1.9
338840,와이바이오로직스,8850.0,31191.0,59220.0,276040350.0,524097000.0,KOSDAQ,-1.56
060150,인선이엔티,2990.0,30002.0,30002.0,89705980.0,89705980.0,KOSDAQ,-0.66
274090,켄코아에어로스페이스,9880.0,87383.0,87383.0,863344040.0,863344040.0,KOSDAQ,2.28
005160,동국산업,2505.0,32173.0,32173.0,80593365.0,80593365.0,KOSDAQ,-0.99
293580,나우IB,1430.0,180838.0,180838.0,258598340.0,258598340.0,KOSDAQ,0.85
095700,제넥신,2960.0,352777.0,352777.0,1044219920.0,1044219920.0,KOSDAQ,-3.11
469610,이노테크,15060.0,34861.0,66265.0,525006660.0,997950900.0,KOSDAQ,-2.27
255220,SG,1228.0,1474622.0,1474622.0,1810835816.0,1810835816.0,KOSDAQ,2.25
080420,모다이노칩,1685.0,244.0,244.0,411140.0,411140.0,KOSDAQ,-0.12
387690,레메디,17610.0,2546099.0,2546099.0,44836803390.0,44836803390.0,KOSDAQ,-2.92
457550,우진엔텍,14360.0,389052.0,389052.0,5586786720.0,5586786720.0,KOSDAQ,6.85
445180,퓨릿,7780.0,24674.0,24674.0,191963720.0,191963720.0,KOSDAQ,-2.51
0007C0,아크릴,16650.0,106549.0,106549.0,1774040850.0,1774040850.0,KOSDAQ,3.35
088800,에이스테크,1769.0,106030.0,106030.0,187567070.0,187567070.0,KOSDAQ,-0.11
001540,안국약품,10240.0,43710.0,43710.0,447590400.0,447590400.0,KOSDAQ,-2.29
079960,동양이엔피,17660.0,36749.0,36749.0,648987340.0,648987340.0,KOSDAQ,-2.54
035080,그래디언트,11850.0,18020.0,18020.0,213537000.0,213537000.0,KOSDAQ,-0.25
334970,프레스티지바이오로직스,1700.0,74318.0,74318.0,126340600.0,126340600.0,KOSDAQ,-1.28
136540,윈스테크넷,10690.0,7624.0,7624.0,81500560.0,81500560.0,KOSDAQ,-1.38
140670,알에스오토메이션,10220.0,31375.0,31375.0,320652500.0,320652500.0,KOSDAQ,-1.83
036630,세종텔레콤,9370.0,15096.0,15096.0,141449520.0,141449520.0,KOSDAQ,3.08
035610,솔본,4795.0,52957.0,52957.0,253928815.0,253928815.0,KOSDAQ,0.0
408920,메쎄이상,3030.0,44763.0,44763.0,135631890.0,135631890.0,KOSDAQ,-3.5
0015N0,아로마티카,10410.0,2674319.0,2674319.0,27839660790.0,27839660790.0,KOSDAQ,12.91
038290,마크로젠,12000.0,13519.0,13519.0,162228000.0,162228000.0,KOSDAQ,-1.88
340450,지씨지놈,5500.0,102793.0,102793.0,565361500.0,565361500.0,KOSDAQ,0.0
049720,고려신용정보,9070.0,23002.0,23002.0,208628140.0,208628140.0,KOSDAQ,-0.33
388790,라이콤,4220.0,400499.0,400499.0,1690105780.0,1690105780.0,KOSDAQ,1.08
473980,노머스,11860.0,151600.0,740461.0,1797976000.0,8781867460.0,KOSDAQ,2.68
396300,HT로보틱스,4855.0,1162110.0,1162110.0,5642044050.0,5642044050.0,KOSDAQ,-6.27
059120,아진엑스텍,6980.0,1564777.0,1564777.0,10922143460.0,10922143460.0,KOSDAQ,-1.97
264660,씨앤지하이테크,13140.0,31984.0,31984.0,420269760.0,420269760.0,KOSDAQ,0.69
211270,AP위성,8450.0,91849.0,91849.0,776124050.0,776124050.0,KOSDAQ,2.05
417500,제이아이테크,3885.0,564560.0,564560.0,2193315600.0,2193315600.0,KOSDAQ,-5.82
489500,엘케이켐,19900.0,15353.0,15353.0,305524700.0,305524700.0,KOSDAQ,-3.4
021320,KCC건설,5930.0,74379.0,74379.0,441067470.0,441067470.0,KOSDAQ,5.14
494120,큐리오시스,8260.0,112262.0,168455.0,927284120.0,1391438300.0,KOSDAQ,-5.71
027710,팜스토리,1130.0,238435.0,238435.0,269431550.0,269431550.0,KOSDAQ,-0.7
0088M0,메쥬,12680.0,41163.0,41163.0,521946840.0,521946840.0,KOSDAQ,-4.3
108230,톱텍,3295.0,698992.0,698992.0,2303178640.0,2303178640.0,KOSDAQ,-2.51
053260,금강철강,6660.0,7800579.0,7800579.0,51951856140.0,51951856140.0,KOSDAQ,3.9
285490,노바텍,11780.0,21884.0,21884.0,257793520.0,257793520.0,KOSDAQ,0.0
290740,액트로,12350.0,249634.0,249634.0,3082979900.0,3082979900.0,KOSDAQ,9.0
251370,와이엠티,6880.0,75877.0,75877.0,522033760.0,522033760.0,KOSDAQ,-2.82
267320,나인테크,2150.0,181842.0,181842.0,390960300.0,390960300.0,KOSDAQ,-1.38
307750,국전,2285.0,147394.0,147394.0,336795290.0,336795290.0,KOSDAQ,-1.08
008830,대동기어,6430.0,551026.0,551026.0,3543097180.0,3543097180.0,KOSDAQ,-0.16
265740,엔에프씨,6890.0,523389.0,523389.0,3606150210.0,3606150210.0,KOSDAQ,5.84
095190,신화프리텍,1883.0,90087.0,90087.0,169633821.0,169633821.0,KOSDAQ,2.11
432720,퀄리타스반도체,8650.0,129290.0,129290.0,1118358500.0,1118358500.0,KOSDAQ,-1.93
232680,라온로보틱스,9240.0,63466.0,63466.0,586425840.0,586425840.0,KOSDAQ,-2.43
417010,나노팀,6070.0,158069.0,158069.0,959478830.0,959478830.0,KOSDAQ,-2.25
493330,지에프아이,15190.0,60683.0,60683.0,921774770.0,921774770.0,KOSDAQ,1.4
142210,유니트론텍,5870.0,127876.0,127876.0,750632120.0,750632120.0,KOSDAQ,-2.65
102120,어보브반도체,6840.0,87578.0,87578.0,599033520.0,599033520.0,KOSDAQ,-0.73
220260,켐트로스,3785.0,60736.0,60736.0,229885760.0,229885760.0,KOSDAQ,-0.13
009780,엠에스씨,6880.0,10987.0,10987.0,75590560.0,75590560.0,KOSDAQ,-0.86
056090,시지메드텍,1169.0,837511.0,837511.0,979050359.0,979050359.0,KOSDAQ,-1.18
297890,HB솔루션,1650.0,203090.0,203090.0,335098500.0,335098500.0,KOSDAQ,-1.26
418420,라온텍,3920.0,103432.0,103432.0,405453440.0,405453440.0,KOSDAQ,-1.38
086980,쇼박스,1932.0,38363.0,38363.0,74117316.0,74117316.0,KOSDAQ,-0.51
149950,아바텍,8810.0,45567.0,45567.0,401445270.0,401445270.0,KOSDAQ,-1.89
051980,중앙첨단소재,1083.0,5328312.0,5328312.0,5770561896.0,5770561896.0,KOSDAQ,7.65
041440,현대에버다임,6740.0,161372.0,161372.0,1087647280.0,1087647280.0,KOSDAQ,0.15
240550,동방메디컬,5740.0,84810.0,84810.0,486809400.0,486809400.0,KOSDAQ,-1.88
950190,고스트스튜디오,9210.0,40178.0,40178.0,370039380.0,370039380.0,KOSDAQ,-3.36
052860,아이앤씨,6700.0,188574.0,188574.0,1263445800.0,1263445800.0,KOSDAQ,-3.87
322510,제이엘케이,4640.0,53200.0,53200.0,246848000.0,246848000.0,KOSDAQ,-0.11
361390,제노코,12260.0,27968.0,27968.0,342887680.0,342887680.0,KOSDAQ,2.42
122450,KX,2660.0,15667.0,15667.0,41674220.0,41674220.0,KOSDAQ,-0.19
052260,현대바이오랜드,3970.0,28037.0,28037.0,111306890.0,111306890.0,KOSDAQ,0.13
478340,나라스페이스테크놀로지,10290.0,99622.0,99622.0,1025110380.0,1025110380.0,KOSDAQ,2.18
049520,유아이엘,3860.0,56667.0,56667.0,218734620.0,218734620.0,KOSDAQ,-0.39
037070,파세코,5940.0,86546.0,86546.0,514083240.0,514083240.0,KOSDAQ,-1.16
322310,오로스테크놀로지,12580.0,62003.0,62003.0,779997740.0,779997740.0,KOSDAQ,-0.55
451760,컨텍,7100.0,70148.0,70148.0,498050800.0,498050800.0,KOSDAQ,1.43
094840,슈프리마에이치큐,11950.0,13102.0,13102.0,156568900.0,156568900.0,KOSDAQ,-0.08
198440,강동씨앤엘,1922.0,8356308.0,8356308.0,16060823976.0,16060823976.0,KOSDAQ,-2.44
228850,레이언스,7050.0,25100.0,25100.0,176955000.0,176955000.0,KOSDAQ,-0.28
146320,비씨엔씨,9120.0,10487.0,10487.0,95641440.0,95641440.0,KOSDAQ,-2.56
333430,일승,3795.0,176161.0,176161.0,668530995.0,668530995.0,KOSDAQ,-0.26
458650,성우,7700.0,7254.0,7254.0,55855800.0,55855800.0,KOSDAQ,-0.77
282880,코윈테크,9900.0,26297.0,26297.0,260340300.0,260340300.0,KOSDAQ,-2.37
063570,NICE인프라,3385.0,13892.0,13892.0,47024420.0,47024420.0,KOSDAQ,-1.46
336680,탑런토탈솔루션,2950.0,22167.0,22167.0,65392650.0,65392650.0,KOSDAQ,-0.17
192410,오늘이엔엠,4585.0,109398.0,109398.0,501589830.0,501589830.0,KOSDAQ,-6.43
053080,케이엔솔,8880.0,32931.0,32931.0,292427280.0,292427280.0,KOSDAQ,-0.11
166480,코아스템켐온,2170.0,87354.0,87354.0,189558180.0,189558180.0,KOSDAQ,-0.69
256940,킵스파마,5690.0,11077.0,11077.0,63028130.0,63028130.0,KOSDAQ,-0.35
474170,루미르,6400.0,37340.0,37340.0,238976000.0,238976000.0,KOSDAQ,2.24
109740,디에스케이,4390.0,29487.0,29487.0,129447930.0,129447930.0,KOSDAQ,-1.46
339950,아이비김영,2510.0,26790.0,26790.0,67242900.0,67242900.0,KOSDAQ,0.0
054050,NH농우바이오,7030.0,16614.0,16614.0,116796420.0,116796420.0,KOSDAQ,0.0
017510,세명전기,7370.0,293030.0,293030.0,2159631100.0,2159631100.0,KOSDAQ,1.52
090850,현대이지웰,4980.0,24700.0,24700.0,123006000.0,123006000.0,KOSDAQ,0.4
158430,아톤,4560.0,169553.0,169553.0,773161680.0,773161680.0,KOSDAQ,-1.72
259630,엠플러스,9120.0,64010.0,64010.0,583771200.0,583771200.0,KOSDAQ,-2.98
067900,와이엔텍,6110.0,11588.0,11588.0,70802680.0,70802680.0,KOSDAQ,0.16
037350,성도이엔지,7310.0,286444.0,286444.0,2093905640.0,2093905640.0,KOSDAQ,-1.35
299030,하나기술,13860.0,16933.0,26536.0,234691380.0,367788960.0,KOSDAQ,-3.08
297090,씨에스베어링,4060.0,95593.0,95593.0,388107580.0,388107580.0,KOSDAQ,-1.69
073010,케이에스피,2745.0,91932.0,91932.0,252353340.0,252353340.0,KOSDAQ,-1.79
217270,넵튠,2360.0,13692.0,13692.0,32313120.0,32313120.0,KOSDAQ,-1.05
018120,진로발효,16620.0,1127.0,1127.0,18730740.0,18730740.0,KOSDAQ,-0.3
067990,도이치모터스,3765.0,58111.0,58111.0,218787915.0,218787915.0,KOSDAQ,0.13
051360,토비스,11390.0,14363.0,20331.0,163594570.0,231570090.0,KOSDAQ,-2.9
156100,엘앤케이바이오,4910.0,213674.0,213674.0,1049139340.0,1049139340.0,KOSDAQ,-3.54
047310,파워로직스,2990.0,55132.0,55132.0,164844680.0,164844680.0,KOSDAQ,-1.48
163730,핑거,9080.0,53153.0,53153.0,482629240.0,482629240.0,KOSDAQ,-3.3
106190,하이텍팜,10190.0,25988.0,25988.0,264817720.0,264817720.0,KOSDAQ,-2.39
039340,한국경제TV,4925.0,7508.0,7508.0,36976900.0,36976900.0,KOSDAQ,0.41
038540,상상인,1950.0,102549.0,102549.0,199970550.0,199970550.0,KOSDAQ,-1.52
452190,한빛레이저,4500.0,11158602.0,11158602.0,50213709000.0,50213709000.0,KOSDAQ,10.7
950250,테라뷰,3015.0,3073584.0,3073584.0,9266855760.0,9266855760.0,KOSDAQ,29.96
063170,서울옥션,6050.0,21991.0,21991.0,133045550.0,133045550.0,KOSDAQ,-0.66
100700,세운메디칼,2450.0,62408.0,62408.0,152899600.0,152899600.0,KOSDAQ,0.2
396470,워트,6630.0,571867.0,571867.0,3791478210.0,3791478210.0,KOSDAQ,4.08
071280,로체시스템즈,6980.0,125878.0,125878.0,878628440.0,878628440.0,KOSDAQ,-2.65
073560,우리손에프앤지,1534.0,28461.0,28461.0,43659174.0,43659174.0,KOSDAQ,-0.07
310200,애니플러스,2035.0,139114.0,139114.0,283096990.0,283096990.0,KOSDAQ,0.74
120240,대정화금,14760.0,8667.0,8667.0,127924920.0,127924920.0,KOSDAQ,-0.14
101170,우림피티에스,7860.0,33701.0,33701.0,264889860.0,264889860.0,KOSDAQ,-3.2
242040,나무에이엑스,3065.0,256231.0,256231.0,785348015.0,785348015.0,KOSDAQ,0.16
053700,삼보모터스,3970.0,83183.0,83183.0,330236510.0,330236510.0,KOSDAQ,-1.0
059210,메타바이오메드,3900.0,113881.0,113881.0,444135900.0,444135900.0,KOSDAQ,1.69
115500,케이씨에스,8830.0,52033.0,52033.0,459451390.0,459451390.0,KOSDAQ,0.23
402490,그린리소스,6250.0,132128.0,132128.0,825800000.0,825800000.0,KOSDAQ,-0.79
311320,지오엘리먼트,8390.0,47612.0,47612.0,399464680.0,399464680.0,KOSDAQ,-5.41
246710,티앤알바이오팹,2220.0,94301.0,94301.0,209348220.0,209348220.0,KOSDAQ,0.0
105330,케이엔더블유,6590.0,18279.0,18279.0,120458610.0,120458610.0,KOSDAQ,-1.79
488280,에스투더블유,9730.0,77725.0,219588.0,756264250.0,2136591240.0,KOSDAQ,1.35
189330,씨이랩,11210.0,179667.0,179667.0,2014067070.0,2014067070.0,KOSDAQ,-3.03
394420,리센스메디컬,9550.0,41703.0,41703.0,398263650.0,398263650.0,KOSDAQ,-1.65
123040,엠에스오토텍,1677.0,58249.0,58249.0,97683573.0,97683573.0,KOSDAQ,-1.7
048550,SM C&C,1080.0,278930.0,278930.0,301244400.0,301244400.0,KOSDAQ,-2.26
141000,비아트론,8620.0,42948.0,42948.0,370211760.0,370211760.0,KOSDAQ,-1.15
453450,그리드위즈,13110.0,20344.0,20344.0,266709840.0,266709840.0,KOSDAQ,1.71
323990,박셀바이오,4465.0,131368.0,131368.0,586558120.0,586558120.0,KOSDAQ,1.48
0011A0,액스비스,11110.0,464825.0,464825.0,5164205750.0,5164205750.0,KOSDAQ,29.94
021080,에이티넘인베스트,2155.0,110713.0,110713.0,238586515.0,238586515.0,KOSDAQ,-1.37
290720,푸드나무,2710.0,45997.0,45997.0,124651870.0,124651870.0,KOSDAQ,0.0
366030,나인앤컴퍼니,4545.0,67425.0,67425.0,306446625.0,306446625.0,KOSDAQ,-0.22
162300,신스틸,2470.0,26598597.0,26598597.0,65698534590.0,65698534590.0,KOSDAQ,16.24
330350,위더스제약,7750.0,1215448.0,1215448.0,9419722000.0,9419722000.0,KOSDAQ,2.51
054920,한컴위드,3625.0,130812.0,130812.0,474193500.0,474193500.0,KOSDAQ,-0.96
006620,동구바이오제약,3570.0,54304.0,54304.0,193865280.0,193865280.0,KOSDAQ,-0.7
039560,다산네트웍스,2365.0,123031.0,123031.0,290968315.0,290968315.0,KOSDAQ,-0.63
309960,LB인베스트먼트,4365.0,266559.0,266559.0,1163530035.0,1163530035.0,KOSDAQ,3.44
131030,옵투스제약,5660.0,15077.0,15077.0,85335820.0,85335820.0,KOSDAQ,-1.22
352090,스톰테크,3710.0,22730.0,22730.0,84328300.0,84328300.0,KOSDAQ,0.0
475230,엔알비,9110.0,57525.0,57525.0,524052750.0,524052750.0,KOSDAQ,-4.41
307870,비투엔,1331.0,810397.0,810397.0,1078638407.0,1078638407.0,KOSDAQ,-1.41
474610,RF시스템즈,6800.0,58882.0,58882.0,400397600.0,400397600.0,KOSDAQ,-1.59
109610,에스와이,1999.0,278675.0,278675.0,557071325.0,557071325.0,KOSDAQ,3.04
042510,라온시큐어,8800.0,181078.0,181078.0,1593486400.0,1593486400.0,KOSDAQ,1.5
074430,아미노로직스,1105.0,391835.0,391835.0,432977675.0,432977675.0,KOSDAQ,-1.69
250060,모비스,3020.0,176290.0,176290.0,532395800.0,532395800.0,KOSDAQ,0.67
261780,아리바이오랩,3350.0,2702069.0,2702069.0,9051931150.0,9051931150.0,KOSDAQ,15.52
091440,한울소재과학,2800.0,239658.0,239658.0,671042400.0,671042400.0,KOSDAQ,4.09
475580,에이럭스,7100.0,40942.0,40942.0,290688200.0,290688200.0,KOSDAQ,-0.14
357880,SKAI,1783.0,395629.0,395629.0,705406507.0,705406507.0,KOSDAQ,0.73
099750,이지케어텍,7050.0,27393.0,27393.0,193120650.0,193120650.0,KOSDAQ,3.07
042500,링네트,4315.0,133638.0,133638.0,576647970.0,576647970.0,KOSDAQ,-0.46
052420,오성첨단소재,9800.0,28241.0,28241.0,276761800.0,276761800.0,KOSDAQ,-0.1
419050,삼기에너지솔루션즈,1663.0,347491.0,347491.0,577877533.0,577877533.0,KOSDAQ,0.12
040300,YTN,1993.0,13377.0,13377.0,26660361.0,26660361.0,KOSDAQ,-0.85
182360,큐브엔터,6110.0,17920.0,17920.0,109491200.0,109491200.0,KOSDAQ,2.0
235980,메드팩토,2770.0,55147.0,55147.0,152757190.0,152757190.0,KOSDAQ,-2.98
002230,피에스텍,5120.0,46692.0,46692.0,239063040.0,239063040.0,KOSDAQ,0.0
298540,더네이쳐홀딩스,6510.0,3770.0,3770.0,24542700.0,24542700.0,KOSDAQ,-1.96
130580,나이스디앤비,6120.0,74628.0,74628.0,456723360.0,456723360.0,KOSDAQ,1.66
058820,CMG제약,636.0,1299532.0,1299532.0,826502352.0,826502352.0,KOSDAQ,1.92
443670,에스피소프트,3910.0,1192553.0,1192553.0,4662882230.0,4662882230.0,KOSDAQ,-1.51
005860,한일사료,2375.0,157531.0,157531.0,374136125.0,374136125.0,KOSDAQ,-0.63
017650,대림제지,10650.0,7860.0,7860.0,83709000.0,83709000.0,KOSDAQ,0.09
088130,동아엘텍,5350.0,68817.0,68817.0,368170950.0,368170950.0,KOSDAQ,-1.83
217820,원익피앤이,1970.0,71821.0,71821.0,141487370.0,141487370.0,KOSDAQ,-1.05
187790,나노,3015.0,189053.0,189053.0,569994795.0,569994795.0,KOSDAQ,-1.47
348350,위드텍,9510.0,11742.0,11742.0,111666420.0,111666420.0,KOSDAQ,-0.31
029480,광무,1549.0,216702.0,216702.0,335671398.0,335671398.0,KOSDAQ,5.02
036010,아비코전자,6950.0,80667.0,80667.0,560635650.0,560635650.0,KOSDAQ,-4.14
053580,웹케시,7130.0,6077.0,6077.0,43329010.0,43329010.0,KOSDAQ,-2.06
083500,에프엔에스테크,11080.0,47256.0,47256.0,523596480.0,523596480.0,KOSDAQ,-2.12
023900,풍국주정,7300.0,3279.0,3279.0,23936700.0,23936700.0,KOSDAQ,-0.27
036220,오상헬스케어,6380.0,10809.0,10809.0,68961420.0,68961420.0,KOSDAQ,-3.92
362320,청담글로벌,4410.0,25424.0,25424.0,112119840.0,112119840.0,KOSDAQ,-0.9
040420,정상제이엘에스,5820.0,33453.0,33453.0,194696460.0,194696460.0,KOSDAQ,-0.17
013310,아진산업,2350.0,44196.0,44196.0,103860600.0,103860600.0,KOSDAQ,-0.63
049950,미래컴퍼니,10320.0,13580.0,13580.0,140145600.0,140145600.0,KOSDAQ,-1.34
047560,이스트소프트,7740.0,24521.0,24521.0,189792540.0,189792540.0,KOSDAQ,1.44
234300,에스트래픽,3340.0,151313.0,151313.0,505385420.0,505385420.0,KOSDAQ,1.21
172670,에이엘티,10140.0,23923.0,23923.0,242579220.0,242579220.0,KOSDAQ,0.1
289930,웨이비스,6900.0,43204.0,43204.0,298107600.0,298107600.0,KOSDAQ,-1.57
125210,아모그린텍,5480.0,49498.0,49498.0,271249040.0,271249040.0,KOSDAQ,-1.44
185490,아이진,2090.0,198895.0,198895.0,415690550.0,415690550.0,KOSDAQ,3.47
255440,야스,6910.0,94211.0,94211.0,650998010.0,650998010.0,KOSDAQ,-3.63
093920,서원인텍,4850.0,3534.0,3534.0,17139900.0,17139900.0,KOSDAQ,-0.41
282720,금양그린파워,7400.0,11336.0,11336.0,83886400.0,83886400.0,KOSDAQ,0.68
204840,지엘팜텍,5780.0,156301.0,156301.0,903419780.0,903419780.0,KOSDAQ,0.87
066590,스모트로닉,2315.0,171629.0,171629.0,397321135.0,397321135.0,KOSDAQ,-3.34
307930,컴퍼니케이,5710.0,103499.0,103499.0,590979290.0,590979290.0,KOSDAQ,-4.67
009300,삼아제약,13960.0,1056.0,1056.0,14741760.0,14741760.0,KOSDAQ,0.5
205100,엑셈,1312.0,91352.0,91352.0,119853824.0,119853824.0,KOSDAQ,-1.28
079810,APS이노베이션,4100.0,203263.0,203263.0,833378300.0,833378300.0,KOSDAQ,1.36
014950,삼익제약,8750.0,13007680.0,13007680.0,113817200000.0,113817200000.0,KOSDAQ,-0.34
357230,에이치피오,2115.0,18932.0,18932.0,40041180.0,40041180.0,KOSDAQ,-1.4
096240,크레버스,8520.0,7196.0,7196.0,61309920.0,61309920.0,KOSDAQ,-1.05
025950,동신건설,10370.0,32710.0,32710.0,339202700.0,339202700.0,KOSDAQ,1.37
137950,제이씨케미칼,3905.0,85847.0,85847.0,335232535.0,335232535.0,KOSDAQ,0.13
226400,오스테오닉,4205.0,43017.0,43017.0,180886485.0,180886485.0,KOSDAQ,-0.71
263720,디앤씨미디어,6990.0,8478.0,8478.0,59261220.0,59261220.0,KOSDAQ,-1.69
950130,엑세스바이오,2460.0,69191.0,69191.0,170209860.0,170209860.0,KOSDAQ,0.2
900260,로스웰,1876.0,182900.0,182900.0,343120400.0,343120400.0,KOSDAQ,5.45
048530,인트론바이오,2785.0,52789.0,52789.0,147017365.0,147017365.0,KOSDAQ,-2.96
072020,중앙백신,9290.0,5699.0,5699.0,52943710.0,52943710.0,KOSDAQ,-0.21
228340,동양파일,4295.0,9075338.0,9075338.0,38978576710.0,38978576710.0,KOSDAQ,-0.35
209640,와이제이링크,3020.0,88529.0,88529.0,267357580.0,267357580.0,KOSDAQ,0.17
054540,삼영엠텍,6600.0,73271.0,73271.0,483588600.0,483588600.0,KOSDAQ,0.0
053350,이니텍,3895.0,54184.0,54184.0,211046680.0,211046680.0,KOSDAQ,-2.99
004650,창해에탄올,9330.0,33138.0,33138.0,309177540.0,309177540.0,KOSDAQ,-0.64
078140,대봉엘에스,7700.0,13368.0,13368.0,102933600.0,102933600.0,KOSDAQ,-1.79
032300,한국파마,7820.0,6215.0,6215.0,48601300.0,48601300.0,KOSDAQ,-0.89
007820,엠엑스로보틱스,3655.0,254650.0,254650.0,930745750.0,930745750.0,KOSDAQ,-1.62
033290,로젠,1518.0,12085.0,12085.0,18345030.0,18345030.0,KOSDAQ,-0.46
086710,선진뷰티사이언스,6980.0,7058.0,7058.0,49264840.0,49264840.0,KOSDAQ,-0.57
330730,스톤브릿지벤처스,4670.0,65220.0,65220.0,304577400.0,304577400.0,KOSDAQ,-1.68
223250,드림씨아이에스,3450.0,35840.0,35840.0,123648000.0,123648000.0,KOSDAQ,2.07
091590,남화토건,7220.0,1387899.0,1387899.0,10020630780.0,10020630780.0,KOSDAQ,-2.17
306620,지아이에스,1767.0,270368.0,270368.0,477740256.0,477740256.0,KOSDAQ,-2.11
380550,뉴로핏,6930.0,57368.0,57368.0,397560240.0,397560240.0,KOSDAQ,-1.84
215100,로보로보,4150.0,81042.0,81042.0,336324300.0,336324300.0,KOSDAQ,0.0
058400,KNN,6370.0,22412.0,22412.0,142764440.0,142764440.0,KOSDAQ,2.74
322180,LS티라유텍,3920.0,46514.0,46514.0,182334880.0,182334880.0,KOSDAQ,-2.12
217190,제너셈,6400.0,368376.0,368376.0,2357606400.0,2357606400.0,KOSDAQ,-0.78
048910,대원미디어,6660.0,62102.0,62102.0,413599320.0,413599320.0,KOSDAQ,1.37
086960,MDS테크,1967.0,135548.0,135548.0,266622916.0,266622916.0,KOSDAQ,0.0
107600,새빗켐,14800.0,12951.0,12951.0,191674800.0,191674800.0,KOSDAQ,-2.31
317770,엑스페릭스,2275.0,93735.0,93735.0,213247125.0,213247125.0,KOSDAQ,-3.19
950220,네오이뮨텍,2435.0,626418.0,626418.0,1525327830.0,1525327830.0,KOSDAQ,-2.99
019550,SBI인베스트먼트,1027.0,266053.0,266053.0,273236431.0,273236431.0,KOSDAQ,-1.82
201490,미투온,2540.0,372379.0,372379.0,945842660.0,945842660.0,KOSDAQ,-3.97
091120,이엠텍,4850.0,26882.0,26882.0,130377700.0,130377700.0,KOSDAQ,0.31
044990,에이치엔에스하이텍,10800.0,13911.0,13911.0,150238800.0,150238800.0,KOSDAQ,-1.1
038110,에코플라스틱,2015.0,80730.0,80730.0,162670950.0,162670950.0,KOSDAQ,-1.71
040160,누리플렉스,6970.0,14276.0,14276.0,99503720.0,99503720.0,KOSDAQ,0.58
065450,빅텍,2805.0,220754.0,220754.0,619214970.0,619214970.0,KOSDAQ,1.26
102370,케이옥션,3195.0,38360.0,38360.0,122560200.0,122560200.0,KOSDAQ,-0.93
173130,오파스넷,6320.0,134575.0,134575.0,850514000.0,850514000.0,KOSDAQ,4.64
149980,하이로닉,4790.0,9871.0,9871.0,47282090.0,47282090.0,KOSDAQ,-0.83
129920,대성하이텍,5060.0,151981.0,151981.0,769023860.0,769023860.0,KOSDAQ,-3.44
045970,코아시아,3115.0,34108.0,34108.0,106246420.0,106246420.0,KOSDAQ,-0.8
365330,에스와이스틸텍,1632.0,938559.0,938559.0,1531728288.0,1531728288.0,KOSDAQ,3.68
101330,모베이스,3535.0,75514.0,75514.0,266941990.0,266941990.0,KOSDAQ,-0.14
063080,컴투스홀딩스,12370.0,20471.0,20471.0,253226270.0,253226270.0,KOSDAQ,-3.28
418470,KT밀리의서재,9510.0,18944.0,18944.0,180157440.0,180157440.0,KOSDAQ,-1.25
282620,기도산업,13890.0,411668.0,411668.0,5718068520.0,5718068520.0,KOSDAQ,4.04
054670,대한뉴팜,5670.0,8265.0,8265.0,46862550.0,46862550.0,KOSDAQ,0.53
066980,한성크린텍,1512.0,290590.0,290590.0,439372080.0,439372080.0,KOSDAQ,-3.2
321370,센서뷰,1149.0,2001556.0,2001556.0,2299787844.0,2299787844.0,KOSDAQ,2.96
302550,리메드,2680.0,20402.0,20402.0,54677360.0,54677360.0,KOSDAQ,-0.19
036640,HRS,4940.0,25197.0,25197.0,124473180.0,124473180.0,KOSDAQ,0.51
432470,케이엔에스,9210.0,57994.0,57994.0,534124740.0,534124740.0,KOSDAQ,-3.05
067000,조이시티,1154.0,86789.0,86789.0,100154506.0,100154506.0,KOSDAQ,0.79
066430,아이로보틱스,2060.0,399997.0,399997.0,823993820.0,823993820.0,KOSDAQ,-1.2
0117P0,피스피스스튜디오,5690.0,259151.0,259151.0,1474569190.0,1474569190.0,KOSDAQ,3.83
487400,케이앤에스아이앤씨,7830.0,496830.0,496830.0,3890178900.0,3890178900.0,KOSDAQ,-2.49
105740,디케이락,7880.0,53507.0,53507.0,421635160.0,421635160.0,KOSDAQ,2.34
040350,크레오에스지,4025.0,217561.0,217561.0,875683025.0,875683025.0,KOSDAQ,-12.88
294630,서남,3015.0,391523.0,391523.0,1180441845.0,1180441845.0,KOSDAQ,-1.15
478560,블랙야크아이앤씨,3090.0,138867.0,138867.0,429099030.0,429099030.0,KOSDAQ,-3.13
037760,쎄니트,2355.0,44915.0,44915.0,105774825.0,105774825.0,KOSDAQ,-1.87
131370,알서포트,1495.0,50277.0,50277.0,75164115.0,75164115.0,KOSDAQ,-1.71
389030,지니너스,2020.0,1492421.0,1492421.0,3014690420.0,3014690420.0,KOSDAQ,16.76
011370,서한,3930.0,65796.0,65796.0,258578280.0,258578280.0,KOSDAQ,-0.38
040910,아이씨디,4355.0,5885.0,5885.0,25629175.0,25629175.0,KOSDAQ,-1.8
246960,SCL사이언스,2325.0,58787.0,58787.0,136679775.0,136679775.0,KOSDAQ,3.79
115440,우리넷,7310.0,103102.0,103102.0,753675620.0,753675620.0,KOSDAQ,1.95
094860,네오리진,1484.0,110873.0,110873.0,164535532.0,164535532.0,KOSDAQ,1.02
037030,파워넷,3080.0,198160.0,198160.0,610332800.0,610332800.0,KOSDAQ,-1.75
381620,제닉스로보틱스,5970.0,52180.0,52180.0,311514600.0,311514600.0,KOSDAQ,-1.49
0017J0,세미티에스,2590.0,564743.0,564743.0,1462684370.0,1462684370.0,KOSDAQ,1.37
090470,제이스로보틱스,4465.0,42996.0,42996.0,191977140.0,191977140.0,KOSDAQ,-2.51
066700,테라젠이텍스,2090.0,74956.0,74956.0,156658040.0,156658040.0,KOSDAQ,-2.34
413390,엠오티,6700.0,9253.0,9253.0,61995100.0,61995100.0,KOSDAQ,-2.62
331380,포커스에이아이,2120.0,100891.0,100891.0,213888920.0,213888920.0,KOSDAQ,2.42
053280,예스24,3100.0,3358.0,3358.0,10409800.0,10409800.0,KOSDAQ,-0.32
100130,동국S&C,1355.0,71599.0,71599.0,97016645.0,97016645.0,KOSDAQ,-0.15
041930,SY동아,5080.0,252951.0,252951.0,1284991080.0,1284991080.0,KOSDAQ,-1.74
012700,리드코프,2970.0,10067.0,10067.0,29898990.0,29898990.0,KOSDAQ,-0.67
124560,태웅로직스,1992.0,11169.0,11169.0,22248648.0,22248648.0,KOSDAQ,0.25
078890,가온그룹,4180.0,45053.0,45053.0,188321540.0,188321540.0,KOSDAQ,-1.3
487580,폴레드,3050.0,138671.0,138671.0,422946550.0,422946550.0,KOSDAQ,-1.13
047820,초록뱀미디어,3140.0,6083.0,6083.0,19100620.0,19100620.0,KOSDAQ,0.64
067370,선바이오,6280.0,6328.0,6328.0,39739840.0,39739840.0,KOSDAQ,0.0
033560,블루콤,4485.0,11362.0,11362.0,50958570.0,50958570.0,KOSDAQ,-3.24
205470,휴마시스,3105.0,70199.0,70199.0,217967895.0,217967895.0,KOSDAQ,-4.02
045660,에이텍,9260.0,7579.0,7579.0,70181540.0,70181540.0,KOSDAQ,-0.96
000440,중앙에너비스,12280.0,23731.0,23731.0,291416680.0,291416680.0,KOSDAQ,0.9
032540,TJ미디어,3655.0,21956.0,21956.0,80249180.0,80249180.0,KOSDAQ,0.14
347890,엠엑스온,4485.0,13864.0,13864.0,62180040.0,62180040.0,KOSDAQ,-1.1
337930,젝시믹스,2570.0,205841.0,205841.0,529011370.0,529011370.0,KOSDAQ,-1.53
263800,데이타솔루션,4700.0,106059.0,106059.0,498477300.0,498477300.0,KOSDAQ,-1.05
302430,이노메트리,7770.0,2262944.0,2262944.0,17583074880.0,17583074880.0,KOSDAQ,13.1
104460,디와이피엔에프,7240.0,22144.0,22144.0,160322560.0,160322560.0,KOSDAQ,-3.21
030960,양지사,4760.0,40794.0,40794.0,194179440.0,194179440.0,KOSDAQ,-0.83
225530,HC보광산업,2090.0,10374.0,10374.0,21681660.0,21681660.0,KOSDAQ,0.97
024740,한일단조,2305.0,359230.0,359230.0,828025150.0,828025150.0,KOSDAQ,1.32
0155E0,해치텍,13810.0,3435040.0,3435040.0,47437902400.0,47437902400.0,KOSDAQ,-5.73
024880,케이피에프,3790.0,33692.0,33692.0,127692680.0,127692680.0,KOSDAQ,-2.19
038680,에스넷,3790.0,150639.0,150639.0,570921810.0,570921810.0,KOSDAQ,-0.79
004590,한국가구,5030.0,12341.0,12341.0,62075230.0,62075230.0,KOSDAQ,-0.79
039980,폴라리스AI,5220.0,105231.0,105231.0,549305820.0,549305820.0,KOSDAQ,-2.61
382840,원준,4915.0,31901.0,31901.0,156793415.0,156793415.0,KOSDAQ,-3.25
058630,엠게임,3995.0,56842.0,56842.0,227083790.0,227083790.0,KOSDAQ,-1.72
088390,이녹스,7990.0,7216.0,7216.0,57655840.0,57655840.0,KOSDAQ,-0.12
065510,휴비츠,6890.0,23139.0,23139.0,159427710.0,159427710.0,KOSDAQ,-2.68
451250,삐아,7320.0,11134.0,11134.0,81500880.0,81500880.0,KOSDAQ,-1.74
052900,KX하이텍,974.0,408166.0,408166.0,397553684.0,397553684.0,KOSDAQ,-0.61
417790,트루엔,7120.0,12717.0,12717.0,90545040.0,90545040.0,KOSDAQ,-1.52
253840,수젠텍,4445.0,204312.0,204312.0,908166840.0,908166840.0,KOSDAQ,1.72
463020,뉴엔AI,8250.0,72346.0,72346.0,596854500.0,596854500.0,KOSDAQ,-3.06
251120,바이오에프디엔씨,8520.0,37367.0,37367.0,318366840.0,318366840.0,KOSDAQ,-1.39
017480,삼현철강,4795.0,13103.0,13103.0,62828885.0,62828885.0,KOSDAQ,0.84
089230,THE E&M,1878.0,340593.0,340593.0,639633654.0,639633654.0,KOSDAQ,-6.1
060590,씨티씨바이오,3060.0,22968.0,22968.0,70282080.0,70282080.0,KOSDAQ,-2.24
208140,정다운,2260.0,32843.0,32843.0,74225180.0,74225180.0,KOSDAQ,-0.88
142280,녹십자엠에스,3080.0,340585.0,340585.0,1049001800.0,1049001800.0,KOSDAQ,0.0
083790,CG인바이츠,957.0,98247.0,98247.0,94022379.0,94022379.0,KOSDAQ,3.46
020710,시공테크,3670.0,46284.0,46284.0,169862280.0,169862280.0,KOSDAQ,-0.81
140070,서플러스글로벌,1988.0,90779.0,90779.0,180468652.0,180468652.0,KOSDAQ,-3.02
128660,피제이메탈,2955.0,74352.0,74352.0,219710160.0,219710160.0,KOSDAQ,-0.51
389140,포바이포,5130.0,36468.0,36468.0,187080840.0,187080840.0,KOSDAQ,-0.19
012790,신일제약,6090.0,4369.0,4369.0,26607210.0,26607210.0,KOSDAQ,1.16
170030,현대공업,4745.0,13393.0,13393.0,63549785.0,63549785.0,KOSDAQ,-1.15
067170,오텍,2650.0,182671.0,182671.0,484078150.0,484078150.0,KOSDAQ,4.74
096350,대창솔루션,1974.0,415464.0,415464.0,820125936.0,820125936.0,KOSDAQ,1.91
048430,유라테크,6310.0,29358.0,29358.0,185248980.0,185248980.0,KOSDAQ,-2.92
475430,키스트론,4060.0,114311.0,114311.0,464102660.0,464102660.0,KOSDAQ,-1.46
085670,뉴프렉스,2950.0,45165.0,45165.0,133236750.0,133236750.0,KOSDAQ,-2.64
011320,유니크,3735.0,22767.0,22767.0,85034745.0,85034745.0,KOSDAQ,-1.58
338220,뷰노,5150.0,37057.0,76055.0,190843550.0,391683250.0,KOSDAQ,-1.72
347000,센코,1906.0,33922.0,33922.0,64655332.0,64655332.0,KOSDAQ,-0.31
900300,오가닉티코스메틱,3500.0,133265.0,133265.0,466427500.0,466427500.0,KOSDAQ,-3.58
054620,APS,3915.0,21091.0,21091.0,82571265.0,82571265.0,KOSDAQ,0.38
041910,폴라리스AI파마,5420.0,75175.0,75175.0,407448500.0,407448500.0,KOSDAQ,-0.37
228670,레이,4595.0,52858.0,52858.0,242882510.0,242882510.0,KOSDAQ,-1.29
265560,영화테크,6720.0,7040.0,7040.0,47308800.0,47308800.0,KOSDAQ,-2.04
303810,동국생명과학,2245.0,26883.0,26883.0,60352335.0,60352335.0,KOSDAQ,-0.88
171120,라이온켐텍,1999.0,24379.0,24379.0,48733621.0,48733621.0,KOSDAQ,-0.3
054040,한국컴퓨터,4465.0,23474.0,23474.0,104811410.0,104811410.0,KOSDAQ,-0.33
080010,이상네트웍스,7280.0,1880.0,1880.0,13686400.0,13686400.0,KOSDAQ,-0.27
0156T0,에이치엘지노믹스,9190.0,213722.0,213722.0,1964105180.0,1964105180.0,KOSDAQ,-0.11
052460,아이크래프트,4895.0,252838.0,252838.0,1237642010.0,1237642010.0,KOSDAQ,2.3
067570,엔브이에이치코리아,1694.0,99029.0,99029.0,167755126.0,167755126.0,KOSDAQ,-0.88
039010,현대에이치티,8280.0,93807.0,93807.0,776721960.0,776721960.0,KOSDAQ,4.55
084730,팅크웨어,6420.0,26243.0,26243.0,168480060.0,168480060.0,KOSDAQ,0.16
332370,아이디피,5360.0,471.0,471.0,2524560.0,2524560.0,KOSDAQ,-0.19
217330,싸이토젠,3065.0,45834.0,45834.0,140481210.0,140481210.0,KOSDAQ,0.33
024830,세원물산,8490.0,122.0,122.0,1035780.0,1035780.0,KOSDAQ,0.71
153710,옵티팜,4830.0,1989.0,1989.0,9606870.0,9606870.0,KOSDAQ,0.42
076610,해성옵틱스,1196.0,506890.0,506890.0,606240440.0,606240440.0,KOSDAQ,-0.91
277880,티에스아이,3570.0,16576.0,16576.0,59176320.0,59176320.0,KOSDAQ,-0.14
006140,피제이전자,4760.0,35203.0,35203.0,167566280.0,167566280.0,KOSDAQ,0.42
049080,기가레인,8330.0,2221922.0,2221922.0,18508610260.0,18508610260.0,KOSDAQ,6.93
019540,일지테크,5230.0,26401.0,26401.0,138077230.0,138077230.0,KOSDAQ,-2.97
092040,아미코젠,1000.0,410271.0,410271.0,410271000.0,410271000.0,KOSDAQ,-1.86
377480,마음AI,9890.0,33967.0,33967.0,335933630.0,335933630.0,KOSDAQ,0.2
214260,라파스,7880.0,6257.0,6257.0,49305160.0,49305160.0,KOSDAQ,-0.88
002800,신신제약,4625.0,45521.0,45521.0,210534625.0,210534625.0,KOSDAQ,-0.11
168330,내츄럴엔도텍,2200.0,15855.0,15855.0,34881000.0,34881000.0,KOSDAQ,0.92
270520,앱튼,3015.0,112438.0,112438.0,339000570.0,339000570.0,KOSDAQ,2.73
412350,레이저쎌,4775.0,209711.0,209711.0,1001370025.0,1001370025.0,KOSDAQ,-3.24
212710,아이에스티이,7170.0,55596.0,55596.0,398623320.0,398623320.0,KOSDAQ,-0.42
072950,빛샘전자,8640.0,1875492.0,1875492.0,16204250880.0,16204250880.0,KOSDAQ,3.35
0007J0,인벤테라,8830.0,26686.0,26686.0,235637380.0,235637380.0,KOSDAQ,5.24
483350,딜리셔스,3135.0,2394689.0,2394689.0,7507350015.0,7507350015.0,KOSDAQ,2.96
026150,특수건설,3940.0,35495.0,35495.0,139850300.0,139850300.0,KOSDAQ,1.55
388870,파로스아이바이오,5340.0,26655.0,26655.0,142337700.0,142337700.0,KOSDAQ,0.95
061250,화일약품,8200.0,27486.0,27486.0,225385200.0,225385200.0,KOSDAQ,-9.09
110790,크리스에프앤씨,2945.0,1508.0,1508.0,4441060.0,4441060.0,KOSDAQ,0.17
234030,싸이닉솔루션,2920.0,40417.0,40417.0,118017640.0,118017640.0,KOSDAQ,-1.35
299660,셀리드,2335.0,586517.0,586517.0,1369517195.0,1369517195.0,KOSDAQ,-2.1
360070,탑머티리얼,8400.0,13845.0,13845.0,116298000.0,116298000.0,KOSDAQ,0.12
043610,KT지니뮤직,1182.0,80080.0,80080.0,94654560.0,94654560.0,KOSDAQ,-0.17
320000,한울반도체,9930.0,145378.0,145378.0,1443603540.0,1443603540.0,KOSDAQ,-2.17
290660,다이나믹솔루션,1602.0,895608.0,895608.0,1434764016.0,1434764016.0,KOSDAQ,-6.04
010280,아이티센엔텍,5250.0,57744.0,57744.0,303156000.0,303156000.0,KOSDAQ,-3.85
439580,블루엠텍,2020.0,97309.0,97309.0,196564180.0,196564180.0,KOSDAQ,0.0
371950,풍원정밀,2900.0,184589.0,184589.0,535308100.0,535308100.0,KOSDAQ,0.0
004780,대륙제관,4290.0,55398.0,55398.0,237657420.0,237657420.0,KOSDAQ,2.14
459550,알트,2705.0,15695960.0,15695960.0,42457571800.0,42457571800.0,KOSDAQ,1.88
048770,TPC로보틱스,4315.0,2583922.0,2583922.0,11149623430.0,11149623430.0,KOSDAQ,-1.37
064800,포니링크,2645.0,37880.0,37880.0,100192600.0,100192600.0,KOSDAQ,1.54
038460,바이오스마트,2675.0,134421.0,134421.0,359576175.0,359576175.0,KOSDAQ,0.56
061040,알에프텍,7470.0,4906.0,4906.0,36647820.0,36647820.0,KOSDAQ,-2.48
049550,잉크테크,3445.0,4371.0,4371.0,15058095.0,15058095.0,KOSDAQ,-0.43
109860,동일금속,7420.0,3703.0,3703.0,27476260.0,27476260.0,KOSDAQ,-2.24
0015S0,페스카로,6840.0,6254.0,6254.0,42777360.0,42777360.0,KOSDAQ,-1.3
365660,레몬헬스케어,5010.0,5500932.0,5500932.0,27559669320.0,27559669320.0,KOSDAQ,7.86
036000,예림당,2925.0,11002.0,11002.0,32180850.0,32180850.0,KOSDAQ,0.17
460940,피앤에스로보틱스,5000.0,31633.0,31633.0,158165000.0,158165000.0,KOSDAQ,-1.38
175250,아이큐어,1790.0,662366.0,662366.0,1185635140.0,1185635140.0,KOSDAQ,-6.77
041460,한국전자인증,3530.0,24011.0,24011.0,84758830.0,84758830.0,KOSDAQ,-0.42
417970,모델솔루션,10470.0,10800.0,10800.0,113076000.0,113076000.0,KOSDAQ,-1.04
396270,넥스트칩,2030.0,73151.0,73151.0,148496530.0,148496530.0,KOSDAQ,-0.73
137080,나래나노텍,6220.0,18459.0,18459.0,114814980.0,114814980.0,KOSDAQ,-2.81
222110,팬젠,4925.0,1124.0,1124.0,5535700.0,5535700.0,KOSDAQ,-1.4
054300,팬스타엔터프라이즈,1150.0,246880.0,246880.0,283912000.0,283912000.0,KOSDAQ,-1.54
0218L0,네오뷰,12610.0,73056.0,73056.0,921236160.0,921236160.0,KOSDAQ,-7.82
096250,와이즈넛,5610.0,11175.0,11175.0,62691750.0,62691750.0,KOSDAQ,0.36
033130,디지틀조선,1783.0,28843.0,28843.0,51427069.0,51427069.0,KOSDAQ,-0.06
111710,남화산업,3195.0,231292.0,231292.0,738977940.0,738977940.0,KOSDAQ,-2.89
123420,위메이드플레이,6320.0,8738.0,8738.0,55224160.0,55224160.0,KOSDAQ,0.8
221800,지구홀딩스,4020.0,125558.0,125558.0,504743160.0,504743160.0,KOSDAQ,-1.71
122350,삼기,1709.0,525982.0,525982.0,898903238.0,898903238.0,KOSDAQ,-1.89
457600,벡트,4760.0,128864.0,128864.0,613392640.0,613392640.0,KOSDAQ,3.93
179530,애드바이오텍,2405.0,64341.0,64341.0,154740105.0,154740105.0,KOSDAQ,-4.37
100030,인지소프트,19850.0,6704.0,6704.0,133074400.0,133074400.0,KOSDAQ,-1.0
014970,삼륭물산,4385.0,34467.0,34467.0,151137795.0,151137795.0,KOSDAQ,-0.45
081150,티플랙스,2675.0,63241.0,63241.0,169169675.0,169169675.0,KOSDAQ,-1.47
136150,원일티엔아이,7740.0,11788.0,11788.0,91239120.0,91239120.0,KOSDAQ,2.93
303360,프로티아,5020.0,14212.0,14212.0,71344240.0,71344240.0,KOSDAQ,-0.59
066310,큐에스아이,6930.0,49958.0,49958.0,346208940.0,346208940.0,KOSDAQ,-0.86
104040,디에스엠,2395.0,31988.0,31988.0,76611260.0,76611260.0,KOSDAQ,0.0
065170,비엘팜텍,2300.0,1227306.0,1227306.0,2822803800.0,2822803800.0,KOSDAQ,5.99
043650,국순당,3590.0,47473.0,47473.0,170428070.0,170428070.0,KOSDAQ,-0.28
411080,샌즈랩,4195.0,48617.0,48617.0,203948315.0,203948315.0,KOSDAQ,-0.12
382480,지아이텍,1616.0,93182.0,93182.0,150582112.0,150582112.0,KOSDAQ,-0.12
241690,유니테크노,2595.0,32526.0,32526.0,84404970.0,84404970.0,KOSDAQ,-1.14
005670,푸드웰,6340.0,13995.0,13995.0,88728300.0,88728300.0,KOSDAQ,-0.94
039420,케이엘넷,2760.0,13560.0,13560.0,37425600.0,37425600.0,KOSDAQ,0.73
010240,흥국,5410.0,4077.0,4077.0,22056570.0,22056570.0,KOSDAQ,0.0
451220,아이엠티,8010.0,34962.0,34962.0,280045620.0,280045620.0,KOSDAQ,-0.12
331740,아우토크립트,6460.0,9189.0,9189.0,59360940.0,59360940.0,KOSDAQ,-2.27
443250,레뷰코퍼레이션,5820.0,3806.0,3806.0,22150920.0,22150920.0,KOSDAQ,-1.19
950200,소마젠,3270.0,137322.0,137322.0,449042940.0,449042940.0,KOSDAQ,-1.21
0004V0,엔비알모션,5700.0,159162.0,159162.0,907223400.0,907223400.0,KOSDAQ,2.15
032850,비트컴퓨터,3765.0,26040.0,26040.0,98040600.0,98040600.0,KOSDAQ,-1.44
039610,화성밸브,6010.0,1125078.0,1125078.0,6761718780.0,6761718780.0,KOSDAQ,4.89
208370,셀바스헬스케어,2430.0,37594.0,37594.0,91353420.0,91353420.0,KOSDAQ,-0.41
175140,아고스,2500.0,26070.0,26070.0,65175000.0,65175000.0,KOSDAQ,1.63
216050,인크로스,5110.0,10153.0,10153.0,51881830.0,51881830.0,KOSDAQ,-0.97
060310,3S,1171.0,83639.0,83639.0,97941269.0,97941269.0,KOSDAQ,3.63
053160,프리엠스,10350.0,25887.0,25887.0,267930450.0,267930450.0,KOSDAQ,-3.09
424960,스마트레이더시스템,3750.0,19122.0,19122.0,71707500.0,71707500.0,KOSDAQ,-1.45
241790,티이엠씨씨엔에스,6180.0,38533.0,38533.0,238133940.0,238133940.0,KOSDAQ,0.0
456070,이엔셀,5590.0,33116.0,33116.0,185118440.0,185118440.0,KOSDAQ,0.72
064240,홈캐스트,1777.0,41333.0,41333.0,73448741.0,73448741.0,KOSDAQ,-1.33
352910,오비고,4870.0,21670.0,21670.0,105532900.0,105532900.0,KOSDAQ,-1.52
147760,피엠티,3070.0,95111.0,95111.0,291990770.0,291990770.0,KOSDAQ,-3.46
457370,한켐,7610.0,144176.0,144176.0,1097179360.0,1097179360.0,KOSDAQ,-3.67
094850,참좋은여행,4380.0,33993.0,33993.0,148889340.0,148889340.0,KOSDAQ,2.1
089850,유비벨록스,4140.0,7428.0,7428.0,30751920.0,30751920.0,KOSDAQ,0.36
291230,컴투스엔,2535.0,50818.0,50818.0,128823630.0,128823630.0,KOSDAQ,0.0
191420,테고사이언스,7480.0,1966.0,1966.0,14705680.0,14705680.0,KOSDAQ,-0.8
003310,대주산업,1704.0,144190.0,144190.0,245699760.0,245699760.0,KOSDAQ,0.0
016250,SGC E&C,11970.0,2005.0,2005.0,23999850.0,23999850.0,KOSDAQ,0.5
036120,서울평가정보,1708.0,68171.0,68171.0,116436068.0,116436068.0,KOSDAQ,0.0
008370,원풍,4995.0,1988.0,1988.0,9930060.0,9930060.0,KOSDAQ,0.1
014470,부방,998.0,97974.0,97974.0,97778052.0,97778052.0,KOSDAQ,0.4
187420,HLB제넥스,1834.0,84349.0,84349.0,154696066.0,154696066.0,KOSDAQ,-6.38
323350,다원넥스뷰,7450.0,19385.0,19385.0,144418250.0,144418250.0,KOSDAQ,-1.19
066670,디티씨,3190.0,8795.0,8795.0,28056050.0,28056050.0,KOSDAQ,1.11
037440,희림,4265.0,306668.0,306668.0,1307939020.0,1307939020.0,KOSDAQ,-1.73
357580,아모센스,5030.0,43802.0,43802.0,220324060.0,220324060.0,KOSDAQ,-2.33
448710,코츠테크놀로지,11180.0,11056.0,11056.0,123606080.0,123606080.0,KOSDAQ,-0.18
024950,삼천리자전거,4765.0,158331.0,158331.0,754447215.0,754447215.0,KOSDAQ,2.69
053620,태양,6870.0,2604.0,2604.0,17889480.0,17889480.0,KOSDAQ,-1.15
053050,지에스이,1970.0,122607.0,122607.0,241535790.0,241535790.0,KOSDAQ,0.2
039020,이건홀딩스,2615.0,114078.0,114078.0,298313970.0,298313970.0,KOSDAQ,-1.69
045340,토탈소프트,6900.0,33016.0,33016.0,227810400.0,227810400.0,KOSDAQ,1.47
033320,제이씨현시스템,3085.0,39613.0,39613.0,122206105.0,122206105.0,KOSDAQ,-0.16
033340,좋은사람들,607.0,15836119.0,15836119.0,9612524233.0,9612524233.0,KOSDAQ,-6.47
333620,엔시스,5350.0,6557.0,6557.0,35079950.0,35079950.0,KOSDAQ,0.0
214270,FSN,1300.0,49505.0,49505.0,64356500.0,64356500.0,KOSDAQ,-2.99
155650,와이엠씨,3100.0,9799.0,9799.0,30376900.0,30376900.0,KOSDAQ,-0.96
010470,오리콤,4905.0,6848.0,6848.0,33589440.0,33589440.0,KOSDAQ,0.1
464490,쿼드메디슨,5100.0,127566.0,127566.0,650586600.0,650586600.0,KOSDAQ,3.76
050960,수산아이앤티,8670.0,1018.0,1018.0,8826060.0,8826060.0,KOSDAQ,-0.91
049470,비트플래닛,2480.0,60160.0,60160.0,149196800.0,149196800.0,KOSDAQ,0.61
059270,해성에어로보틱스,5210.0,46935.0,46935.0,244531350.0,244531350.0,KOSDAQ,-0.95
033310,엠투엔,1449.0,47086.0,47086.0,68227614.0,68227614.0,KOSDAQ,-0.07
318160,셀바이오휴먼텍,6200.0,31288.0,31288.0,193985600.0,193985600.0,KOSDAQ,-2.05
067920,이글루,5260.0,18602.0,18602.0,97846520.0,97846520.0,KOSDAQ,-0.38
044340,위닉스,3230.0,61493.0,61493.0,198622390.0,198622390.0,KOSDAQ,-1.22
215360,우리산업,6320.0,14178.0,14178.0,89604960.0,89604960.0,KOSDAQ,-2.02
095270,웨이브일렉트로,4015.0,32116.0,32116.0,128945740.0,128945740.0,KOSDAQ,-2.9
082210,옵트론텍,1650.0,64254.0,64254.0,106019100.0,106019100.0,KOSDAQ,-1.32
062970,한국첨단소재,2020.0,3775780.0,3775780.0,7627075600.0,7627075600.0,KOSDAQ,5.54
036090,위지트,1351.0,240988.0,240988.0,325574788.0,325574788.0,KOSDAQ,-0.22
126880,제이엔케이글로벌,2480.0,31436.0,31436.0,77961280.0,77961280.0,KOSDAQ,-1.39
100590,머큐리,3350.0,101397.0,101397.0,339679950.0,339679950.0,KOSDAQ,-0.45
049480,오픈베이스,1827.0,86306.0,86306.0,157681062.0,157681062.0,KOSDAQ,0.05
263600,덕우전자,3580.0,18101.0,18101.0,64801580.0,64801580.0,KOSDAQ,-1.92
262260,에이프로,3765.0,70894.0,70894.0,266915910.0,266915910.0,KOSDAQ,1.76
060570,드림어스컴퍼니,3820.0,4072.0,4072.0,15555040.0,15555040.0,KOSDAQ,-5.09
007370,진양제약,4005.0,10671.0,10671.0,42737355.0,42737355.0,KOSDAQ,0.13
263690,디알젬,4985.0,6574.0,6574.0,32771390.0,32771390.0,KOSDAQ,-0.3
251630,브이원텍,3535.0,16773.0,16773.0,59292555.0,59292555.0,KOSDAQ,-0.14
054930,유신,18760.0,8803.0,8803.0,165144280.0,165144280.0,KOSDAQ,1.24
452400,이닉스,6200.0,17226.0,17226.0,106801200.0,106801200.0,KOSDAQ,-0.64
065530,와이어블,1175.0,54984.0,54984.0,64606200.0,64606200.0,KOSDAQ,-0.51
294140,레몬,2250.0,15402.0,15402.0,34654500.0,34654500.0,KOSDAQ,-0.22
053270,구영테크,2040.0,18000.0,18000.0,36720000.0,36720000.0,KOSDAQ,0.49
238090,앤디포스,1833.0,11441.0,11441.0,20971353.0,20971353.0,KOSDAQ,5.59
024910,경창산업,1560.0,78072.0,78072.0,121792320.0,121792320.0,KOSDAQ,-1.27
348150,고바이오랩,2875.0,19187.0,19187.0,55162625.0,55162625.0,KOSDAQ,-1.2
460870,에스엠씨지,2780.0,51692.0,51692.0,143703760.0,143703760.0,KOSDAQ,-1.94
189860,서전기전,5750.0,5307586.0,5307586.0,30518619500.0,30518619500.0,KOSDAQ,29.8
419080,엔젯,5100.0,25395.0,25395.0,129514500.0,129514500.0,KOSDAQ,2.41
273640,와이엠텍,5030.0,9997.0,9997.0,50284910.0,50284910.0,KOSDAQ,-2.71
459100,위츠,4080.0,3052.0,3052.0,12452160.0,12452160.0,KOSDAQ,0.62
070300,퀀텀레일,1540.0,204188.0,204188.0,314449520.0,314449520.0,KOSDAQ,-2.96
347860,알체라,1297.0,79331.0,79331.0,102892307.0,102892307.0,KOSDAQ,-0.23
036670,삼양케이씨아이,5060.0,5097.0,5097.0,25790820.0,25790820.0,KOSDAQ,-0.2
288180,케이피항공산업,7360.0,22416.0,22416.0,164981760.0,164981760.0,KOSDAQ,0.96
435570,에르코스,7140.0,6447.0,6447.0,46031580.0,46031580.0,KOSDAQ,0.28
340810,시선AI,3895.0,235997.0,235997.0,919208315.0,919208315.0,KOSDAQ,-5.0
043710,코스리거글로벌,3135.0,4230.0,4230.0,13261050.0,13261050.0,KOSDAQ,-1.57
347740,피엔케이피부임상연구센타,1805.0,10703.0,10703.0,19318915.0,19318915.0,KOSDAQ,-1.31
025550,한국선재,2115.0,53856.0,53856.0,113905440.0,113905440.0,KOSDAQ,0.0
040610,SG&G,3165.0,9760.0,9760.0,30890400.0,30890400.0,KOSDAQ,-0.63
019990,에너토크,5500.0,1230172.0,1230172.0,6765946000.0,6765946000.0,KOSDAQ,13.05
104620,노랑풍선,3190.0,25059.0,25059.0,79938210.0,79938210.0,KOSDAQ,1.27
088910,동우팜투테이블,2080.0,22786.0,22786.0,47394880.0,47394880.0,KOSDAQ,-0.95
408470,한패스,5060.0,36384.0,36384.0,184103040.0,184103040.0,KOSDAQ,-1.94
314140,알피바이오,6170.0,41163.0,41163.0,253975710.0,253975710.0,KOSDAQ,-0.32
219550,디와이디,1288.0,34204.0,34204.0,44054752.0,44054752.0,KOSDAQ,0.16
117670,알파칩스,8000.0,4039.0,4039.0,32312000.0,32312000.0,KOSDAQ,-0.74
097800,윈팩,1951.0,36380.0,36380.0,70977380.0,70977380.0,KOSDAQ,0.67
261520,이지스,5180.0,133385.0,133385.0,690934300.0,690934300.0,KOSDAQ,-1.89
104540,코렌텍,3970.0,4414.0,4414.0,17523580.0,17523580.0,KOSDAQ,0.13
340360,다보링크,1001.0,77879.0,77879.0,77956879.0,77956879.0,KOSDAQ,-1.09
094940,푸른로보틱스,6320.0,92689.0,92689.0,585794480.0,585794480.0,KOSDAQ,-4.39
453860,에이에스텍,8190.0,10691.0,10691.0,87559290.0,87559290.0,KOSDAQ,0.0
170790,파이오링크,8230.0,5592.0,5592.0,46022160.0,46022160.0,KOSDAQ,-0.24
370090,퓨런티어,6140.0,21135.0,21135.0,129768900.0,129768900.0,KOSDAQ,-2.54
027050,코리아나,1313.0,34585.0,34585.0,45410105.0,45410105.0,KOSDAQ,-0.68
246690,TS인베스트먼트,2205.0,136189.0,136189.0,300296745.0,300296745.0,KOSDAQ,3.28
046940,우원개발,2885.0,81242.0,81242.0,234383170.0,234383170.0,KOSDAQ,-0.69
315640,딥노이드,1770.0,66772.0,66772.0,118186440.0,118186440.0,KOSDAQ,-1.12
033230,인성정보,1027.0,189822.0,189822.0,194947194.0,194947194.0,KOSDAQ,-2.47
123010,MSDI,2560.0,92924.0,92924.0,237885440.0,237885440.0,KOSDAQ,1.19
420570,제이투케이바이오,8850.0,34509.0,34509.0,305404650.0,305404650.0,KOSDAQ,-3.07
317850,대모,6160.0,128827.0,128827.0,793574320.0,793574320.0,KOSDAQ,0.33
317530,에피소드컴퍼니,2925.0,5634.0,5634.0,16479450.0,16479450.0,KOSDAQ,-1.02
039240,경남스틸,1894.0,62610.0,62610.0,118583340.0,118583340.0,KOSDAQ,-0.26
046210,HLB파나진,1120.0,66101.0,66101.0,74033120.0,74033120.0,KOSDAQ,-3.03
015710,코콤,2905.0,12856.0,12856.0,37346680.0,37346680.0,KOSDAQ,-0.85
105760,포스뱅크,4995.0,63660.0,63660.0,317981700.0,317981700.0,KOSDAQ,-2.06
311690,CJ 바이오사이언스,3895.0,3324.0,3324.0,12946980.0,12946980.0,KOSDAQ,-3.11
037950,엘컴텍,3010.0,24795.0,24795.0,74632950.0,74632950.0,KOSDAQ,1.01
463480,모티브링크,4075.0,11578.0,11578.0,47180350.0,47180350.0,KOSDAQ,1.49
256630,포인트엔지니어링,4350.0,2775.0,2775.0,12071250.0,12071250.0,KOSDAQ,-0.34
199550,레이저옵텍,3395.0,29279.0,29279.0,99402205.0,99402205.0,KOSDAQ,-2.58
060560,HC홈센타,1983.0,1955.0,1955.0,3876765.0,3876765.0,KOSDAQ,0.46
092300,현우산업,2495.0,248672.0,248672.0,620436640.0,620436640.0,KOSDAQ,-1.58
299170,더블유에스아이,1209.0,202212.0,202212.0,244474308.0,244474308.0,KOSDAQ,-1.87
042110,에스씨디,1038.0,112964.0,112964.0,117256632.0,117256632.0,KOSDAQ,-1.24
192250,케이사인,7030.0,11702.0,11702.0,82265060.0,82265060.0,KOSDAQ,-1.95
071670,에이테크솔루션,4965.0,13604.0,13604.0,67543860.0,67543860.0,KOSDAQ,-0.7
424980,마이크로투나노,8360.0,15216.0,15216.0,127205760.0,127205760.0,KOSDAQ,-2.9
0013V0,삼진식품,4985.0,19725.0,19725.0,98329125.0,98329125.0,KOSDAQ,-0.2
291650,츌립앤사이언스,1620.0,10190.0,10190.0,16507800.0,16507800.0,KOSDAQ,0.25
068330,일신바이오,1118.0,43506.0,43506.0,48639708.0,48639708.0,KOSDAQ,-0.27
376290,씨유테크,2790.0,6943.0,6943.0,19370970.0,19370970.0,KOSDAQ,-0.71
217500,러셀,1546.0,28384.0,28384.0,43881664.0,43881664.0,KOSDAQ,-1.09
056360,코위버,5010.0,51476.0,51476.0,257894760.0,257894760.0,KOSDAQ,-2.15
089790,제이티,4755.0,104606.0,104606.0,497401530.0,497401530.0,KOSDAQ,-4.23
027830,대성창투,899.0,47167.0,47167.0,42403133.0,42403133.0,KOSDAQ,-0.99
082850,우리바이오,5000.0,1257931.0,1257931.0,6289655000.0,6289655000.0,KOSDAQ,-14.24
178780,일월지엠엘,2590.0,121481.0,121481.0,314635790.0,314635790.0,KOSDAQ,5.93
440290,HB인베스트먼트,1755.0,19573.0,19573.0,34350615.0,34350615.0,KOSDAQ,-0.17
317690,퀀타매트릭스,2390.0,47460.0,47460.0,113429400.0,113429400.0,KOSDAQ,-0.62
900340,윙입푸드,1349.0,123743.0,123743.0,166929307.0,166929307.0,KOSDAQ,-4.87
317830,에스피시스템스,4450.0,29532.0,29532.0,131417400.0,131417400.0,KOSDAQ,-2.09
373200,엑스플러스,1909.0,134791.0,134791.0,257316019.0,257316019.0,KOSDAQ,0.21
038010,제일테크노스,5310.0,9904.0,9904.0,52590240.0,52590240.0,KOSDAQ,0.19
163280,에어레인,3505.0,23392.0,23392.0,81988960.0,81988960.0,KOSDAQ,-1.13
122310,제노레이,3275.0,1604.0,1604.0,5253100.0,5253100.0,KOSDAQ,-0.76
226340,본느,5680.0,853551.0,853551.0,4848169680.0,4848169680.0,KOSDAQ,-0.18
059100,아이컴포넌트,6670.0,16444.0,16444.0,109681480.0,109681480.0,KOSDAQ,0.45
189980,흥국에프엔비,1175.0,163543.0,163543.0,192163025.0,192163025.0,KOSDAQ,-1.67
081180,쎄크,5320.0,72388.0,72388.0,385104160.0,385104160.0,KOSDAQ,2.31
355690,에이텀,4900.0,48073.0,48073.0,235557700.0,235557700.0,KOSDAQ,0.62
475460,미트박스,8280.0,47191.0,47191.0,390741480.0,390741480.0,KOSDAQ,-0.12
063440,SM Life Design,1026.0,46895.0,46895.0,48114270.0,48114270.0,KOSDAQ,-0.19
109080,옵티시스,8250.0,8945.0,8945.0,73796250.0,73796250.0,KOSDAQ,0.98
179900,유티아이,2155.0,513928.0,513928.0,1107514840.0,1107514840.0,KOSDAQ,-11.5
391710,코닉오토메이션,1090.0,61132.0,61132.0,66633880.0,66633880.0,KOSDAQ,-3.63
198080,캐프,2155.0,33292.0,33292.0,71744260.0,71744260.0,KOSDAQ,-0.69
022220,티케이지애강,894.0,76123.0,76123.0,68053962.0,68053962.0,KOSDAQ,0.0
143540,영우디에스피,1035.0,105363.0,105363.0,109050705.0,109050705.0,KOSDAQ,-0.29
145170,노브랜드,2725.0,25564.0,25564.0,69661900.0,69661900.0,KOSDAQ,-1.09
053980,오상자이엘,2425.0,52056.0,52056.0,126235800.0,126235800.0,KOSDAQ,-1.42
260930,씨티케이,2380.0,22194.0,22194.0,52821720.0,52821720.0,KOSDAQ,-2.26
099410,동방선기,3275.0,38543.0,38543.0,126228325.0,126228325.0,KOSDAQ,-1.95
471820,셀로맥스사이언스,4055.0,2093.0,2093.0,8487115.0,8487115.0,KOSDAQ,-0.86
131400,이브이첨단소재,766.0,1684446.0,1684446.0,1290285636.0,1290285636.0,KOSDAQ,-7.04
227950,엔투텍,1322.0,117059.0,117059.0,154751998.0,154751998.0,KOSDAQ,-0.23
321260,프로이천,1614.0,83843.0,83843.0,135322602.0,135322602.0,KOSDAQ,-0.43
114450,그린생명과학,2275.0,68366.0,68366.0,155532650.0,155532650.0,KOSDAQ,-2.36
317870,엔바이오니아,5130.0,7532.0,7532.0,38639160.0,38639160.0,KOSDAQ,-1.91
361570,알비더블유,1578.0,49562.0,49562.0,78208836.0,78208836.0,KOSDAQ,0.83
065130,탑엔지니어링,2820.0,31245.0,31245.0,88110900.0,88110900.0,KOSDAQ,-1.4
050120,ES큐브,3325.0,644.0,644.0,2141300.0,2141300.0,KOSDAQ,1.84
129890,앱코,990.0,117094.0,117094.0,115923060.0,115923060.0,KOSDAQ,-1.69
053450,세코닉스,3045.0,29237.0,29237.0,89026665.0,89026665.0,KOSDAQ,-1.46
224110,에이텍모빌리티,8860.0,2556.0,2556.0,22646160.0,22646160.0,KOSDAQ,-0.56
073110,엘엠에스,5040.0,1914.0,1914.0,9646560.0,9646560.0,KOSDAQ,-1.37
136410,아셈스,4060.0,18038.0,18038.0,73234280.0,73234280.0,KOSDAQ,1.88
0010V0,제이피아이헬스케어,8750.0,2026.0,2026.0,17727500.0,17727500.0,KOSDAQ,-0.91
476040,오가노이드사이언스,6780.0,13356.0,13356.0,90553680.0,90553680.0,KOSDAQ,0.15
051390,YW,3930.0,2878.0,2878.0,11310540.0,11310540.0,KOSDAQ,1.55
072470,우리산업홀딩스,2360.0,6426.0,6426.0,15165360.0,15165360.0,KOSDAQ,-1.05
052790,액토즈소프트,4080.0,9560.0,9560.0,39004800.0,39004800.0,KOSDAQ,0.0
290670,대보마그네틱,5670.0,10461.0,10461.0,59313870.0,59313870.0,KOSDAQ,-0.35
083550,케이엠,3280.0,16179.0,16179.0,53067120.0,53067120.0,KOSDAQ,2.66
127710,아시아경제,1005.0,6449.0,6449.0,6481245.0,6481245.0,KOSDAQ,0.2
382150,온코크로스,3390.0,29681.0,29681.0,100618590.0,100618590.0,KOSDAQ,-1.88
159580,제로투세븐,2205.0,31131.0,31131.0,68643855.0,68643855.0,KOSDAQ,-1.56
066130,하츠,3450.0,6314.0,6314.0,21783300.0,21783300.0,KOSDAQ,0.0
094970,제이엠티,2635.0,117806.0,117806.0,310418810.0,310418810.0,KOSDAQ,-3.3
088280,쏘닉스,2535.0,42613.0,42613.0,108023955.0,108023955.0,KOSDAQ,5.41
072990,에이치시티,3015.0,18367.0,18367.0,55376505.0,55376505.0,KOSDAQ,-0.17
007680,대원,3305.0,6432.0,6432.0,21257760.0,21257760.0,KOSDAQ,-1.78
229000,젠큐릭스,1860.0,71495.0,71495.0,132980700.0,132980700.0,KOSDAQ,-2.67
190650,코리아에셋투자증권,6820.0,1141.0,1141.0,7781620.0,7781620.0,KOSDAQ,0.29
014190,원익큐브,1228.0,109286.0,109286.0,134203208.0,134203208.0,KOSDAQ,-4.21
384470,코어라인소프트,2420.0,67542.0,67542.0,163451640.0,163451640.0,KOSDAQ,-0.82
466410,사이냅소프트,8620.0,2888.0,2888.0,24894560.0,24894560.0,KOSDAQ,1.65
053950,경남제약,2210.0,3939086.0,3939086.0,8705380060.0,8705380060.0,KOSDAQ,1.84
479960,위너스일렉,6080.0,13524.0,13524.0,82225920.0,82225920.0,KOSDAQ,1.16
263020,디케이앤디,3110.0,40241.0,40241.0,125149510.0,125149510.0,KOSDAQ,-0.48
900250,크리스탈신소재,1201.0,156839.0,156839.0,188363639.0,188363639.0,KOSDAQ,2.39
140520,대창스틸,2020.0,10171.0,10171.0,20545420.0,20545420.0,KOSDAQ,0.5
258610,케일럼,1166.0,53672.0,53672.0,62581552.0,62581552.0,KOSDAQ,-1.93
460470,아이빔테크놀로지,2810.0,3268.0,3268.0,9183080.0,9183080.0,KOSDAQ,0.0
307280,원바이오젠,5980.0,58199.0,58199.0,348030020.0,348030020.0,KOSDAQ,1.87
413640,비아이매트릭스,5850.0,25407.0,25407.0,148630950.0,148630950.0,KOSDAQ,-2.17
189690,포시에스,1536.0,10542.0,10542.0,16192512.0,16192512.0,KOSDAQ,-0.13
286750,나노실리칸첨단소재,2620.0,47496.0,47496.0,124439520.0,124439520.0,KOSDAQ,-4.2
037230,한국팩키지,1404.0,45474.0,45474.0,63845496.0,63845496.0,KOSDAQ,0.86
373160,데이원컴퍼니,3015.0,2576.0,2576.0,7766640.0,7766640.0,KOSDAQ,1.86
321820,아티스트컴퍼니,2670.0,32748.0,32748.0,87437160.0,87437160.0,KOSDAQ,2.5
056700,신화인터텍,1425.0,46796.0,46796.0,66684300.0,66684300.0,KOSDAQ,0.0
218150,미래생명자원,2030.0,156020.0,156020.0,316720600.0,316720600.0,KOSDAQ,-2.17
450330,하스,5060.0,5903.0,5903.0,29869180.0,29869180.0,KOSDAQ,-1.17
052220,iMBC,1793.0,6538.0,6538.0,11722634.0,11722634.0,KOSDAQ,0.62
002290,삼일기업공사,3320.0,12174.0,12174.0,40417680.0,40417680.0,KOSDAQ,-0.9
277070,린드먼아시아,3000.0,3618.0,3618.0,10854000.0,10854000.0,KOSDAQ,-2.44
086060,진바이오텍,4760.0,14905.0,14905.0,70947800.0,70947800.0,KOSDAQ,-2.66
278650,HLB바이오스텝,2340.0,20630.0,20630.0,48274200.0,48274200.0,KOSDAQ,-2.7
260660,알리코제약,2660.0,679200.0,679200.0,1806672000.0,1806672000.0,KOSDAQ,2.7
150900,파수AI,3480.0,16603.0,16603.0,57778440.0,57778440.0,KOSDAQ,-1.56
042940,상지건설,5950.0,56321.0,56321.0,335109950.0,335109950.0,KOSDAQ,-0.5
234100,폴라리스세원,2780.0,13412.0,13412.0,37285360.0,37285360.0,KOSDAQ,-1.07
461030,아이엠비디엑스,2825.0,34306.0,34306.0,96914450.0,96914450.0,KOSDAQ,-0.7
065500,오리엔트정공,1130.0,64615.0,64615.0,73014950.0,73014950.0,KOSDAQ,-3.0
263810,상신전자,2535.0,14250.0,14250.0,36123750.0,36123750.0,KOSDAQ,0.4
042040,케이피엠테크,4620.0,2338.0,2338.0,10801560.0,10801560.0,KOSDAQ,0.11
044960,이글벳,3165.0,15835.0,15835.0,50117775.0,50117775.0,KOSDAQ,-0.31
261200,덴티스,2530.0,12501.0,12501.0,31627530.0,31627530.0,KOSDAQ,-2.69
222420,쎄노텍,825.0,151345.0,151345.0,124859625.0,124859625.0,KOSDAQ,-1.08
256150,한독크린텍,4745.0,6493.0,6493.0,30809285.0,30809285.0,KOSDAQ,-0.73
238120,얼라인드,2795.0,10545.0,10545.0,29473275.0,29473275.0,KOSDAQ,-1.76
049830,승일,6460.0,1669.0,1669.0,10781740.0,10781740.0,KOSDAQ,1.41
101240,씨큐브,3480.0,4074.0,4074.0,14177520.0,14177520.0,KOSDAQ,-1.97
196300,HLB펩,4160.0,3845.0,3845.0,15995200.0,15995200.0,KOSDAQ,-3.37
043910,자연과환경,3480.0,40915.0,40915.0,142384200.0,142384200.0,KOSDAQ,-0.57
025880,케이씨피드,2360.0,78340.0,78340.0,184882400.0,184882400.0,KOSDAQ,-0.63
250000,보라티알,5840.0,2004.0,2004.0,11703360.0,11703360.0,KOSDAQ,1.92
199480,뱅크웨어글로벌,3865.0,27217.0,27217.0,105193705.0,105193705.0,KOSDAQ,-1.65
452200,민테크,1619.0,65705.0,65705.0,106376395.0,106376395.0,KOSDAQ,1.19
100660,서암기계공업,3110.0,7918.0,7918.0,24624980.0,24624980.0,KOSDAQ,-0.96
038070,서린바이오,4200.0,10911.0,10911.0,45826200.0,45826200.0,KOSDAQ,-1.06
066900,디에이피,1714.0,1901.0,1901.0,3258314.0,3258314.0,KOSDAQ,0.82
207760,미스터블루,2345.0,129389.0,129389.0,303417205.0,303417205.0,KOSDAQ,-5.44
263770,유에스티,1640.0,3764.0,3764.0,6172960.0,6172960.0,KOSDAQ,-0.18
043340,에쎈테크,818.0,27250.0,27250.0,22290500.0,22290500.0,KOSDAQ,-1.21
038060,루멘스,807.0,125928.0,125928.0,101623896.0,101623896.0,KOSDAQ,-0.98
097870,효성오앤비,4555.0,11997.0,11997.0,54646335.0,54646335.0,KOSDAQ,-0.65
352700,씨앤투스,1471.0,20899.0,20899.0,30742429.0,30742429.0,KOSDAQ,-0.14
051490,나라엠앤디,2710.0,16421.0,16421.0,44500910.0,44500910.0,KOSDAQ,0.0
153460,네이블,5880.0,4136.0,4136.0,24319680.0,24319680.0,KOSDAQ,-0.17
221840,하이즈항공,2050.0,8026.0,8026.0,16453300.0,16453300.0,KOSDAQ,0.0
019770,서연탑메탈,3280.0,3736.0,3736.0,12254080.0,12254080.0,KOSDAQ,-1.5
186230,그린플러스,3495.0,12218.0,12218.0,42701910.0,42701910.0,KOSDAQ,-0.71
026040,제이에스티나,2310.0,395284.0,395284.0,913106040.0,913106040.0,KOSDAQ,-8.7
086040,바이오톡스텍,2385.0,10244.0,10244.0,24431940.0,24431940.0,KOSDAQ,0.0
219420,링크제니시스,3315.0,24979.0,24979.0,82805385.0,82805385.0,KOSDAQ,3.76
122690,서진오토모티브,1647.0,23720.0,23720.0,39066840.0,39066840.0,KOSDAQ,-1.38
014570,고려제약,3455.0,3065.0,3065.0,10589575.0,10589575.0,KOSDAQ,-1.29
050860,아세아텍,1687.0,22427.0,22427.0,37834349.0,37834349.0,KOSDAQ,-1.52
006920,모헨즈,3470.0,218036.0,218036.0,756584920.0,756584920.0,KOSDAQ,1.02
104200,NHN벅스,2550.0,62922.0,62922.0,160451100.0,160451100.0,KOSDAQ,-5.2
060850,영림원소프트랩,4630.0,7057.0,7057.0,32673910.0,32673910.0,KOSDAQ,-0.43
032960,동일기연,2135.0,18253.0,18253.0,38970155.0,38970155.0,KOSDAQ,3.89
221980,케이디켐,9280.0,128.0,128.0,1187840.0,1187840.0,KOSDAQ,-1.17
171010,램테크놀러지,2605.0,35010.0,35010.0,91201050.0,91201050.0,KOSDAQ,-1.33
065440,이루온,1359.0,97976.0,97976.0,133149384.0,133149384.0,KOSDAQ,1.65
263700,케어랩스,1907.0,19091.0,19091.0,36406537.0,36406537.0,KOSDAQ,0.32
032790,엠젠솔루션,1441.0,367599.0,367599.0,529710159.0,529710159.0,KOSDAQ,3.0
046390,삼화네트웍스,2135.0,4190.0,4190.0,8945650.0,8945650.0,KOSDAQ,-0.7
387570,파인메딕스,6500.0,6072.0,6072.0,39468000.0,39468000.0,KOSDAQ,-1.52
203450,유니온바이오메트릭스,2595.0,16477.0,16477.0,42757815.0,42757815.0,KOSDAQ,2.98
072770,멤레이비티,880.0,77038.0,77038.0,67793440.0,67793440.0,KOSDAQ,-0.9
046310,백금T&A,2220.0,24188.0,24188.0,53697360.0,53697360.0,KOSDAQ,-0.67
318410,비비씨,6520.0,1125.0,1125.0,7335000.0,7335000.0,KOSDAQ,-0.31
123570,이엠넷,1625.0,655.0,655.0,1064375.0,1064375.0,KOSDAQ,-2.11
465480,인스피언,3555.0,5753.0,5753.0,20451915.0,20451915.0,KOSDAQ,1.72
045060,오공,2125.0,22721.0,22721.0,48282125.0,48282125.0,KOSDAQ,-1.62
060540,에스에이티,1376.0,82047.0,82047.0,112896672.0,112896672.0,KOSDAQ,1.47
045510,정원엔시스,1137.0,49894.0,49894.0,56729478.0,56729478.0,KOSDAQ,3.84
369370,블리츠웨이엔터테인먼트,3585.0,4019.0,4019.0,14408115.0,14408115.0,KOSDAQ,-0.42
393210,토마토시스템,2285.0,7631.0,7631.0,17436835.0,17436835.0,KOSDAQ,0.0
215380,콜마바이오텍,2110.0,18536.0,18536.0,39110960.0,39110960.0,KOSDAQ,-1.63
024120,KB오토시스,3075.0,12166.0,12166.0,37410450.0,37410450.0,KOSDAQ,-1.44
090410,덕신이피씨,3830.0,24243.0,24243.0,92850690.0,92850690.0,KOSDAQ,-1.03
290120,DH오토리드,2225.0,7703.0,7703.0,17139175.0,17139175.0,KOSDAQ,-0.67
081580,성우전자,2260.0,31133.0,31133.0,70360580.0,70360580.0,KOSDAQ,-1.09
007530,와이엠,1570.0,11830.0,11830.0,18573100.0,18573100.0,KOSDAQ,1.03
204020,그리티,1794.0,24719.0,24719.0,44345886.0,44345886.0,KOSDAQ,-4.42
057540,옴니시스템,587.0,119759.0,119759.0,70298533.0,70298533.0,KOSDAQ,-0.17
016600,큐캐피탈,2495.0,35690.0,35690.0,89046550.0,89046550.0,KOSDAQ,-0.99
177900,쓰리에이로직스,3610.0,47630.0,47630.0,171944300.0,171944300.0,KOSDAQ,-5.37
310870,디와이씨,1585.0,243218.0,243218.0,385500530.0,385500530.0,KOSDAQ,2.92
408900,스튜디오미르,1060.0,67636.0,67636.0,71694160.0,71694160.0,KOSDAQ,-5.27
348080,큐라티스,2700.0,21571.0,21571.0,58241700.0,58241700.0,KOSDAQ,0.75
270870,뉴트리,3850.0,3428.0,3428.0,13197800.0,13197800.0,KOSDAQ,0.39
133750,메가엠디,1478.0,4686.0,4686.0,6925908.0,6925908.0,KOSDAQ,-2.05
121890,에스디시스템,2595.0,224826.0,224826.0,583423470.0,583423470.0,KOSDAQ,-8.95
052600,한네트,2975.0,4856.0,4856.0,14446600.0,14446600.0,KOSDAQ,-0.17
419120,산돌,2410.0,8839.0,8839.0,21301990.0,21301990.0,KOSDAQ,2.12
057030,YBM넷,2100.0,36152.0,36152.0,75919200.0,75919200.0,KOSDAQ,-1.41
432430,와이랩,2075.0,2542.0,2542.0,5274650.0,5274650.0,KOSDAQ,-0.95
469750,아이비젼웍스,991.0,189374.0,189374.0,187669634.0,187669634.0,KOSDAQ,1.23
363250,진시스템,4010.0,6644.0,6644.0,26642440.0,26642440.0,KOSDAQ,0.38
075130,플랜티넷,2115.0,17391.0,17391.0,36781965.0,36781965.0,KOSDAQ,-0.47
035460,기산텔레콤,2275.0,50731.0,50731.0,115413025.0,115413025.0,KOSDAQ,-1.09
397810,애드포러스,6570.0,1799.0,1799.0,11819430.0,11819430.0,KOSDAQ,0.15
184230,SGA솔루션즈,1800.0,29862.0,29862.0,53751600.0,53751600.0,KOSDAQ,-1.69
335810,프리시젼바이오,1543.0,9095.0,9095.0,14033585.0,14033585.0,KOSDAQ,-0.9
109670,씨싸이트,5790.0,340407.0,340407.0,1970956530.0,1970956530.0,KOSDAQ,12.87
446840,지슨,3055.0,34310.0,34310.0,104817050.0,104817050.0,KOSDAQ,1.5
452300,캡스톤파트너스,2375.0,52915.0,52915.0,125673125.0,125673125.0,KOSDAQ,3.94
039290,인포뱅크,3845.0,2520.0,2520.0,9689400.0,9689400.0,KOSDAQ,1.05
064520,테크엘,1495.0,994.0,994.0,1486030.0,1486030.0,KOSDAQ,0.07
215090,솔디펜스,1443.0,280659.0,280659.0,404990937.0,404990937.0,KOSDAQ,10.15
066360,체리부로,1391.0,49424.0,49424.0,68748784.0,68748784.0,KOSDAQ,0.51
033540,파라텍,3190.0,8818.0,8818.0,28129420.0,28129420.0,KOSDAQ,-0.78
159910,에코글로우,3170.0,1682.0,1682.0,5331940.0,5331940.0,KOSDAQ,-0.94
064480,브리지텍,2770.0,23579.0,23579.0,65313830.0,65313830.0,KOSDAQ,0.0
220180,폴라리스AI핸디,1380.0,8236.0,8236.0,11365680.0,11365680.0,KOSDAQ,0.58
025440,DH오토웨어,3380.0,9056.0,9056.0,30609280.0,30609280.0,KOSDAQ,-0.59
208710,포톤,2495.0,57204.0,57204.0,142723980.0,142723980.0,KOSDAQ,-3.29
239890,피엔에이치테크,3305.0,37240.0,37240.0,123078200.0,123078200.0,KOSDAQ,-2.79
097780,에코볼트,1617.0,28620.0,28620.0,46278540.0,46278540.0,KOSDAQ,-10.51
109820,진매트릭스,1603.0,57497.0,57497.0,92167691.0,92167691.0,KOSDAQ,-1.66
087600,픽셀플러스,3995.0,659.0,659.0,2632705.0,2632705.0,KOSDAQ,0.13
033830,티비씨,1723.0,14196.0,14196.0,24459708.0,24459708.0,KOSDAQ,-0.86
476080,M83,4030.0,12069.0,12069.0,48638070.0,48638070.0,KOSDAQ,-1.23
068050,팬엔터테인먼트,1175.0,22183.0,22183.0,26065025.0,26065025.0,KOSDAQ,-1.76
021650,한국큐빅,1990.0,4987.0,4987.0,9924130.0,9924130.0,KOSDAQ,-0.35
065950,웰크론,1148.0,14683.0,14683.0,16856084.0,16856084.0,KOSDAQ,-0.09
049120,파인디앤씨,3055.0,8051.0,8051.0,24595805.0,24595805.0,KOSDAQ,-5.12
050110,캠시스,1104.0,173395.0,173395.0,191428080.0,191428080.0,KOSDAQ,-4.58
148930,에이치와이티씨,3165.0,8037.0,8037.0,25437105.0,25437105.0,KOSDAQ,-3.21
434480,모니터랩,2615.0,8398.0,8398.0,21960770.0,21960770.0,KOSDAQ,0.19
226330,신테카바이오,1327.0,227390.0,227390.0,301746530.0,301746530.0,KOSDAQ,2.16
131090,시큐브,4200.0,10187.0,10187.0,42785400.0,42785400.0,KOSDAQ,-0.59
200780,비씨월드제약,3015.0,3958.0,3958.0,11933370.0,11933370.0,KOSDAQ,-0.5
187270,신화콘텍,3155.0,2224.0,2224.0,7016720.0,7016720.0,KOSDAQ,0.0
038950,파인디지털,3125.0,4441.0,4441.0,13878125.0,13878125.0,KOSDAQ,-3.55
417860,오브젠,6770.0,14189.0,14189.0,96059530.0,96059530.0,KOSDAQ,-2.87
318020,포인트모바일,2590.0,14488.0,14488.0,37523920.0,37523920.0,KOSDAQ,-3.18
037330,인지디스플레,725.0,49783.0,49783.0,36092675.0,36092675.0,KOSDAQ,-0.55
089140,넥스턴앤롤코리아,2075.0,36059.0,36059.0,74822425.0,74822425.0,KOSDAQ,-2.12
173940,에프엔씨엔터,2060.0,8862.0,8862.0,18255720.0,18255720.0,KOSDAQ,-2.14
900270,헝셩그룹,2960.0,209346.0,209346.0,619664160.0,619664160.0,KOSDAQ,-7.36
128540,에코캡,1185.0,24724.0,24724.0,29297940.0,29297940.0,KOSDAQ,1.46
031510,오스템,1128.0,79406.0,79406.0,89569968.0,89569968.0,KOSDAQ,-1.48
296640,이노에이엑스,6080.0,6767.0,6767.0,41143360.0,41143360.0,KOSDAQ,-0.49
263920,휴엠앤씨,3205.0,558.0,558.0,1788390.0,1788390.0,KOSDAQ,-0.47
089150,케이씨티,1831.0,42017.0,42017.0,76933127.0,76933127.0,KOSDAQ,-2.45
300120,라온피플,3170.0,335700.0,335700.0,1064169000.0,1064169000.0,KOSDAQ,-8.91
197140,디지캡,2410.0,47363.0,47363.0,114144830.0,114144830.0,KOSDAQ,-0.41
317240,TS트릴리온,1074.0,106967.0,106967.0,114882558.0,114882558.0,KOSDAQ,-1.01
464280,티디에스팜,5660.0,44035.0,44035.0,249238100.0,249238100.0,KOSDAQ,-3.58
254120,자비스,1016.0,49392.0,49392.0,50182272.0,50182272.0,KOSDAQ,-0.78
037370,EG,3620.0,25029.0,25029.0,90604980.0,90604980.0,KOSDAQ,-1.76
373170,엠아이큐브솔루션,2060.0,222376.0,222376.0,458094560.0,458094560.0,KOSDAQ,-5.29
079170,한창산업,5970.0,12206.0,12206.0,72869820.0,72869820.0,KOSDAQ,0.67
099390,브레인즈컴퍼니,3780.0,15011.0,15011.0,56741580.0,56741580.0,KOSDAQ,-3.69
080520,오디텍,2740.0,9219.0,9219.0,25260060.0,25260060.0,KOSDAQ,-0.72
071850,캐스텍코리아,1278.0,5.0,5.0,6390.0,6390.0,KOSDAQ,-0.39
127980,화인써키트,2605.0,31035.0,31035.0,80846175.0,80846175.0,KOSDAQ,-2.98
012620,원일특강,7010.0,2858.0,2858.0,20034580.0,20034580.0,KOSDAQ,-0.57
153490,우리이앤엘하루틴,2995.0,15260.0,15260.0,45703700.0,45703700.0,KOSDAQ,-0.33
033170,시그네틱스,1790.0,70595.0,70595.0,126365050.0,126365050.0,KOSDAQ,-1.27
407400,꿈비,2095.0,16538.0,16538.0,34647110.0,34647110.0,KOSDAQ,-1.41
290090,트윔,4115.0,1111.0,1111.0,4571765.0,4571765.0,KOSDAQ,-1.2
311390,네오크레마,2415.0,23016.0,23016.0,55583640.0,55583640.0,KOSDAQ,0.21
232830,아이티센피엔에스,1841.0,4897.0,4897.0,9015377.0,9015377.0,KOSDAQ,-2.18
093380,풍강,3075.0,8687.0,8687.0,26712525.0,26712525.0,KOSDAQ,0.65
224060,더코디,5860.0,471739.0,471739.0,2764390540.0,2764390540.0,KOSDAQ,29.93
376980,원티드랩,3085.0,15998.0,15998.0,49353830.0,49353830.0,KOSDAQ,1.82
020180,대신정보통신,3920.0,24779.0,24779.0,97133680.0,97133680.0,KOSDAQ,-0.38
452160,제이엔비,3125.0,3069.0,3069.0,9590625.0,9590625.0,KOSDAQ,-0.32
106240,파인테크닉스,1130.0,55676.0,55676.0,62913880.0,62913880.0,KOSDAQ,0.0
066910,손오공,1951.0,35753.0,35753.0,69754103.0,69754103.0,KOSDAQ,-0.56
462310,뉴키즈온,3800.0,13525.0,13525.0,51395000.0,51395000.0,KOSDAQ,-1.68
088340,유라클,6870.0,6554.0,6554.0,45025980.0,45025980.0,KOSDAQ,0.29
078590,휴림에이텍,2990.0,129761.0,129761.0,387985390.0,387985390.0,KOSDAQ,-4.01
236810,엔비티,1758.0,30092.0,30092.0,52901736.0,52901736.0,KOSDAQ,-2.6
075970,동국알앤에스,1617.0,16908.0,16908.0,27340236.0,27340236.0,KOSDAQ,-0.98
271830,팸텍,1003.0,95096.0,95096.0,95381288.0,95381288.0,KOSDAQ,0.0
258790,소프트캠프,5910.0,93972.0,93972.0,555374520.0,555374520.0,KOSDAQ,8.64
237820,플레이디,2300.0,17381.0,17381.0,39976300.0,39976300.0,KOSDAQ,-0.65
091970,LSK아이로봇,3900.0,20712.0,20712.0,80776800.0,80776800.0,KOSDAQ,0.0
031310,아이즈비전,987.0,42670.0,42670.0,42115290.0,42115290.0,KOSDAQ,-1.4
038620,위즈코프,1936.0,27741.0,27741.0,53706576.0,53706576.0,KOSDAQ,-0.31
367000,플래티어,3475.0,774.0,774.0,2689650.0,2689650.0,KOSDAQ,0.72
070590,인티큐브,2100.0,22577.0,22577.0,47411700.0,47411700.0,KOSDAQ,-0.94
091340,S&K폴리텍,2490.0,73097.0,73097.0,182011530.0,182011530.0,KOSDAQ,-1.39
119500,포메탈,2455.0,17158.0,17158.0,42122890.0,42122890.0,KOSDAQ,-1.21
016920,카스,1130.0,196936.0,196936.0,222537680.0,222537680.0,KOSDAQ,0.8
336060,웨이버스,3015.0,8538.0,8538.0,25742070.0,25742070.0,KOSDAQ,-0.5
079000,와토스코리아,4030.0,16415.0,16415.0,66152450.0,66152450.0,KOSDAQ,-0.98
193250,링크드,2170.0,12987.0,12987.0,28181790.0,28181790.0,KOSDAQ,-5.03
188260,세니젠,2085.0,7588.0,7588.0,15820980.0,15820980.0,KOSDAQ,2.46
239610,에이치엘사이언스,5350.0,139.0,139.0,743650.0,743650.0,KOSDAQ,0.0
115480,씨유메디칼,2375.0,45675.0,45675.0,108478125.0,108478125.0,KOSDAQ,-3.06
109960,앱토크롬,1903.0,2936.0,2936.0,5587208.0,5587208.0,KOSDAQ,1.93
368970,오에스피,2550.0,15657.0,15657.0,39925350.0,39925350.0,KOSDAQ,-2.3
290560,파라택시스이더리움,1279.0,115373.0,115373.0,147562067.0,147562067.0,KOSDAQ,-0.78
096630,에스코넥,1800.0,13426.0,13426.0,24166800.0,24166800.0,KOSDAQ,-1.37
348030,모비릭스,2975.0,36520.0,36520.0,108647000.0,108647000.0,KOSDAQ,0.51
101670,하이드로리튬,503.0,1207853.0,1207853.0,607550059.0,607550059.0,KOSDAQ,-0.2
318010,팜스빌,3600.0,2740.0,2740.0,9864000.0,9864000.0,KOSDAQ,-3.61
464580,닷밀,1550.0,4352.0,4352.0,6745600.0,6745600.0,KOSDAQ,-0.83
368600,아이씨에이치,1105.0,11860316.0,11860316.0,13105649180.0,13105649180.0,KOSDAQ,11.17
444530,심플랫폼,4420.0,3618.0,3618.0,15991560.0,15991560.0,KOSDAQ,-1.56
262840,아이퀘스트,2690.0,13600.0,13600.0,36584000.0,36584000.0,KOSDAQ,-1.82
008470,부스타,1691.0,11949.0,11949.0,20205759.0,20205759.0,KOSDAQ,-0.41
080530,코디,2565.0,6655.0,6655.0,17070075.0,17070075.0,KOSDAQ,2.4
195500,마니커에프앤지,1772.0,24432.0,24432.0,43293504.0,43293504.0,KOSDAQ,-0.78
364950,에이아이코리아,3410.0,11230.0,11230.0,38294300.0,38294300.0,KOSDAQ,-3.26
013720,청보,2325.0,6460.0,6460.0,15019500.0,15019500.0,KOSDAQ,-1.27
462980,아이지넷,1550.0,5559.0,5559.0,8616450.0,8616450.0,KOSDAQ,-1.27
105550,엣지파운드리,1802.0,60615.0,60615.0,109228230.0,109228230.0,KOSDAQ,-4.3
160550,NEW,1010.0,30240.0,30240.0,30542400.0,30542400.0,KOSDAQ,0.8
900310,컬러레이,2200.0,1761.0,1761.0,3874200.0,3874200.0,KOSDAQ,-2.65
360350,코셈,5150.0,7972.0,7972.0,41055800.0,41055800.0,KOSDAQ,0.19
017000,신원종합개발,2400.0,75285.0,75285.0,180684000.0,180684000.0,KOSDAQ,-2.24
356890,싸이버원,2340.0,8466.0,8466.0,19810440.0,19810440.0,KOSDAQ,-1.27
130500,GH신소재,1922.0,9422.0,9422.0,18109084.0,18109084.0,KOSDAQ,3.06
131220,대한과학,3745.0,8204.0,8204.0,30723980.0,30723980.0,KOSDAQ,0.0
290270,휴네시온,2900.0,13909.0,13909.0,40336100.0,40336100.0,KOSDAQ,-1.19
068100,케이웨더,2335.0,27645.0,27645.0,64551075.0,64551075.0,KOSDAQ,3.78
351330,이삭엔지니어링,3360.0,16906.0,16906.0,56804160.0,56804160.0,KOSDAQ,-2.33
007770,한일화학,7920.0,5063.0,5063.0,40098960.0,40098960.0,KOSDAQ,-1.74
045300,성우테크론,2630.0,6837.0,6837.0,17981310.0,17981310.0,KOSDAQ,-0.75
067010,이씨에스,2545.0,50636.0,50636.0,128868620.0,128868620.0,KOSDAQ,0.0
021880,메이슨캐피탈,1303.0,22194.0,22194.0,28918782.0,28918782.0,KOSDAQ,-0.76
322780,코퍼스코리아,1839.0,42016.0,42016.0,77267424.0,77267424.0,KOSDAQ,-2.18
276730,한울앤제주,1167.0,181516.0,181516.0,211829172.0,211829172.0,KOSDAQ,-9.81
430690,한싹,2525.0,23538.0,23538.0,59433450.0,59433450.0,KOSDAQ,0.6
139670,키네마스터,1948.0,24517.0,24517.0,47759116.0,47759116.0,KOSDAQ,0.57
048470,대동스틸,2850.0,17912.0,17912.0,51049200.0,51049200.0,KOSDAQ,1.6
057680,티사이언티픽,1741.0,82697.0,82697.0,143975477.0,143975477.0,KOSDAQ,-5.43
054780,키이스트,1396.0,27697.0,27697.0,38665012.0,38665012.0,KOSDAQ,-2.04
019570,GMI벤처,2870.0,13987.0,13987.0,40142690.0,40142690.0,KOSDAQ,2.14
458350,에스팀,3150.0,53325.0,53325.0,167973750.0,167973750.0,KOSDAQ,-2.63
351870,차이커뮤니케이션,2450.0,11236.0,11236.0,27528200.0,27528200.0,KOSDAQ,-4.48
096690,에이루트,6790.0,5189.0,5189.0,35233310.0,35233310.0,KOSDAQ,-3.28
047080,한빛소프트,1099.0,31859.0,31859.0,35013041.0,35013041.0,KOSDAQ,0.37
069140,누리플랜,1803.0,18248.0,18248.0,32901144.0,32901144.0,KOSDAQ,-0.66
328380,솔트웨어,3970.0,30863.0,30863.0,122526110.0,122526110.0,KOSDAQ,-1.37
206400,베노티앤알,725.0,114794.0,114794.0,83225650.0,83225650.0,KOSDAQ,-0.28
103840,우양,1661.0,17919.0,17919.0,29763459.0,29763459.0,KOSDAQ,-1.25
238490,힘스,2400.0,9143.0,9143.0,21943200.0,21943200.0,KOSDAQ,0.42
053290,NE능률,1641.0,1749.0,1749.0,2870109.0,2870109.0,KOSDAQ,-2.03
900070,글로벌에스엠,1008.0,7199.0,7199.0,7256592.0,7256592.0,KOSDAQ,0.5
288620,에스프리즘,3870.0,17389.0,17389.0,67295430.0,67295430.0,KOSDAQ,1.31
035200,프럼파스트,2925.0,12873.0,12873.0,37653525.0,37653525.0,KOSDAQ,0.34
388610,지에프씨생명과학,5060.0,9737.0,9737.0,49269220.0,49269220.0,KOSDAQ,0.0
069410,엔텔스,2630.0,25985.0,25985.0,68340550.0,68340550.0,KOSDAQ,-0.19
198940,한주라이트메탈,1351.0,56370.0,56370.0,76155870.0,76155870.0,KOSDAQ,3.13
363260,모비데이즈,4160.0,385025.0,385025.0,1601704000.0,1601704000.0,KOSDAQ,-9.17
032750,삼진,2955.0,7340.0,7340.0,21689700.0,21689700.0,KOSDAQ,-0.84
215790,이노인스트루먼트,660.0,4668194.0,4668194.0,3081008040.0,3081008040.0,KOSDAQ,1.54
225220,제놀루션,1379.0,17488.0,17488.0,24115952.0,24115952.0,KOSDAQ,0.07
406820,뷰티스킨,1872.0,83101.0,83101.0,155565072.0,155565072.0,KOSDAQ,-0.64
146060,율촌,1099.0,73907.0,73907.0,81223793.0,81223793.0,KOSDAQ,2.04
123840,뉴온,1692.0,5421.0,5421.0,9172332.0,9172332.0,KOSDAQ,0.53
001810,무림SP,1188.0,4938.0,4938.0,5866344.0,5866344.0,KOSDAQ,1.02
475660,에스켐,3315.0,13037.0,13037.0,43217655.0,43217655.0,KOSDAQ,0.0
257370,피엔티엠에스,2100.0,32710.0,32710.0,68691000.0,68691000.0,KOSDAQ,7.69
033050,제이엠아이,824.0,10597.0,10597.0,8731928.0,8731928.0,KOSDAQ,-0.12
138070,신진에스엠,1498.0,22030.0,22030.0,33000940.0,33000940.0,KOSDAQ,-0.79
134060,이퓨쳐,5490.0,1128.0,1128.0,6192720.0,6192720.0,KOSDAQ,-1.44
450520,인스웨이브,1780.0,7048.0,7048.0,12545440.0,12545440.0,KOSDAQ,-7.19
073540,에프알텍,2290.0,12827.0,12827.0,29373830.0,29373830.0,KOSDAQ,1.33
054090,삼진엘앤디,1045.0,115568.0,115568.0,120768560.0,120768560.0,KOSDAQ,0.48
038870,에코심플렉스,1860.0,6559.0,6559.0,12199740.0,12199740.0,KOSDAQ,2.42
044780,에이치케이,1404.0,170037.0,170037.0,238731948.0,238731948.0,KOSDAQ,0.21
377030,비트맥스,1811.0,22492.0,22492.0,40733012.0,40733012.0,KOSDAQ,1.57
044480,빌리언스,3890.0,263692.0,263692.0,1025761880.0,1025761880.0,KOSDAQ,-5.12
016670,디모아,2530.0,3717.0,3717.0,9404010.0,9404010.0,KOSDAQ,0.6
076080,웰크론한텍,1140.0,27306.0,27306.0,31128840.0,31128840.0,KOSDAQ,1.33
054940,엑사이엔씨,3875.0,171382.0,171382.0,664105250.0,664105250.0,KOSDAQ,-2.52
026910,광진실업,3240.0,70339.0,70339.0,227898360.0,227898360.0,KOSDAQ,-1.67
267790,배럴,3335.0,2513.0,2513.0,8380855.0,8380855.0,KOSDAQ,-2.49
090150,아이윈,6110.0,6176.0,6176.0,37735360.0,37735360.0,KOSDAQ,-1.29
376180,피코그램,1370.0,61722.0,61722.0,84559140.0,84559140.0,KOSDAQ,-3.25
114630,폴라리스우노,1472.0,25542.0,25542.0,37597824.0,37597824.0,KOSDAQ,-0.67
0010F0,보원케미칼,2270.0,307737.0,307737.0,698562990.0,698562990.0,KOSDAQ,6.32
060380,동양에스텍,1282.0,7357.0,7357.0,9431674.0,9431674.0,KOSDAQ,0.0
200350,아티스트스튜디오,2525.0,17393.0,17393.0,43917325.0,43917325.0,KOSDAQ,2.43
038880,아이에이,3355.0,37285.0,37285.0,125091175.0,125091175.0,KOSDAQ,0.6
115530,씨엔플러스,2935.0,21108.0,21108.0,61951980.0,61951980.0,KOSDAQ,0.51
043200,파루,1196.0,179309.0,179309.0,214453564.0,214453564.0,KOSDAQ,-0.33
301300,바이브컴퍼니,1899.0,23141.0,23141.0,43944759.0,43944759.0,KOSDAQ,-0.63
333050,이노테나,5050.0,6620.0,6620.0,33431000.0,33431000.0,KOSDAQ,1.1
177830,파버나인,2185.0,17607.0,17607.0,38471295.0,38471295.0,KOSDAQ,-2.02
131180,딜리,4210.0,2057.0,2057.0,8659970.0,8659970.0,KOSDAQ,-0.12
290520,신도기연,1567.0,31497.0,31497.0,49355799.0,49355799.0,KOSDAQ,0.97
148250,알엔투테크놀로지,1801.0,26844.0,26844.0,48346044.0,48346044.0,KOSDAQ,0.17
027040,서울전자통신,1761.0,45781.0,45781.0,80620341.0,80620341.0,KOSDAQ,-1.51
318000,KBG,2795.0,6459.0,6459.0,18052905.0,18052905.0,KOSDAQ,-0.71
058110,멕아이씨에스,1520.0,58496.0,58496.0,88913920.0,88913920.0,KOSDAQ,-3.06
039740,한국정보공학,3035.0,11366.0,11366.0,34495810.0,34495810.0,KOSDAQ,-1.14
208350,지란지교시큐리티,3000.0,7813.0,7813.0,23439000.0,23439000.0,KOSDAQ,-0.99
051380,피씨디렉트,1578.0,10548.0,10548.0,16644744.0,16644744.0,KOSDAQ,-1.13
424760,벨로크,2405.0,96398.0,96398.0,231837190.0,231837190.0,KOSDAQ,-1.84
007720,소노스퀘어,1196.0,32298.0,32298.0,38628408.0,38628408.0,KOSDAQ,-3.63
023770,플레이위드,2690.0,54102.0,54102.0,145534380.0,145534380.0,KOSDAQ,-7.08
123750,알톤,1740.0,4165.0,4165.0,7247100.0,7247100.0,KOSDAQ,0.64
032860,더라미,2975.0,29734.0,29734.0,88458650.0,88458650.0,KOSDAQ,7.01
206560,덱스터,944.0,54053.0,54053.0,51026032.0,51026032.0,KOSDAQ,0.11
052300,오션인더블유,1468.0,45382.0,45382.0,66620776.0,66620776.0,KOSDAQ,0.14
169330,엠브레인,1300.0,3304.0,3304.0,4295200.0,4295200.0,KOSDAQ,-6.2
148780,비큐AI,3770.0,73235.0,73235.0,276095950.0,276095950.0,KOSDAQ,0.13
415380,스튜디오삼익,2060.0,32681.0,32681.0,67322860.0,67322860.0,KOSDAQ,1.23
464500,아이언디바이스,1677.0,48226.0,48226.0,80875002.0,80875002.0,KOSDAQ,-3.23
222980,한국맥널티,2125.0,14547.0,14547.0,30912375.0,30912375.0,KOSDAQ,-5.56
018700,졸스,1400.0,6499.0,6499.0,9098600.0,9098600.0,KOSDAQ,-2.23
036480,대성미생물,6160.0,2269.0,2269.0,13977040.0,13977040.0,KOSDAQ,0.0
060230,제이케이시냅스,1196.0,45319.0,45319.0,54201524.0,54201524.0,KOSDAQ,-3.55
188040,바이오포트,4980.0,8268.0,8268.0,41174640.0,41174640.0,KOSDAQ,1.63
241840,에이스토리,2435.0,5493.0,5493.0,13375455.0,13375455.0,KOSDAQ,-0.2
039310,세중,1277.0,115067.0,115067.0,146940559.0,146940559.0,KOSDAQ,-6.38
289220,자이언트스텝,1037.0,25674.0,25674.0,26623938.0,26623938.0,KOSDAQ,0.39
033200,모아텍,2505.0,1750.0,1750.0,4383750.0,4383750.0,KOSDAQ,-0.99
013810,스페코,1572.0,29406.0,29406.0,46226232.0,46226232.0,KOSDAQ,0.0
016100,리더스코스메틱,1205.0,31347.0,31347.0,37773135.0,37773135.0,KOSDAQ,3.88
018680,서울제약,1974.0,15865.0,15865.0,31317510.0,31317510.0,KOSDAQ,0.15
440320,오픈놀,2305.0,7558.0,7558.0,17421190.0,17421190.0,KOSDAQ,-0.22
060900,에이전트AI,3515.0,22405.0,22405.0,78753575.0,78753575.0,KOSDAQ,-1.95
101680,한국정밀기계,2735.0,11647.0,11647.0,31854545.0,31854545.0,KOSDAQ,-0.55
032080,아즈텍WB,1067.0,2956.0,2956.0,3154052.0,3154052.0,KOSDAQ,-2.73
298060,풍전약품,2370.0,74096.0,74096.0,175607520.0,175607520.0,KOSDAQ,-6.14
187220,디티앤씨,1980.0,6681.0,6681.0,13228380.0,13228380.0,KOSDAQ,0.92
359090,씨엔알리서치,1984.0,7733.0,7733.0,15342272.0,15342272.0,KOSDAQ,0.15
462510,라메디텍,2585.0,9229.0,9229.0,23856965.0,23856965.0,KOSDAQ,-0.77
405920,나라셀라,1762.0,11625.0,11625.0,20483250.0,20483250.0,KOSDAQ,-2.87
095910,에스에너지,619.0,120182.0,120182.0,74392658.0,74392658.0,KOSDAQ,-0.32
065150,대산F&B,1411.0,19723.0,19723.0,27829153.0,27829153.0,KOSDAQ,4.52
115160,휴맥스,5220.0,12606.0,12606.0,65803320.0,65803320.0,KOSDAQ,-0.76
032800,판타지오,1484.0,8317.0,8317.0,12342428.0,12342428.0,KOSDAQ,0.34
130740,티피씨글로벌,1987.0,45548.0,45548.0,90503876.0,90503876.0,KOSDAQ,-0.65
215480,토박스코리아,2085.0,9613.0,9613.0,20043105.0,20043105.0,KOSDAQ,-0.24
275630,에스에스알,4240.0,40539.0,40539.0,171885360.0,171885360.0,KOSDAQ,-0.7
237750,피앤씨테크,3425.0,5120.0,5120.0,17536000.0,17536000.0,KOSDAQ,-0.15
065370,위세아이텍,3010.0,8040.0,8040.0,24200400.0,24200400.0,KOSDAQ,1.86
032280,삼일,1370.0,50258.0,50258.0,68853460.0,68853460.0,KOSDAQ,0.74
377330,이지트로닉스,2725.0,6647.0,6647.0,18113075.0,18113075.0,KOSDAQ,-0.91
065690,파커스,1846.0,42483.0,42483.0,78423618.0,78423618.0,KOSDAQ,0.16
432980,엠에프씨,2580.0,6901.0,6901.0,17804580.0,17804580.0,KOSDAQ,1.78
043360,디지아이,2455.0,40223.0,40223.0,98747465.0,98747465.0,KOSDAQ,-5.58
053060,세동,1244.0,41411.0,41411.0,51515284.0,51515284.0,KOSDAQ,-0.32
067770,세진티에스,2615.0,43005.0,43005.0,112458075.0,112458075.0,KOSDAQ,0.58
303530,이노뎁,2985.0,4748.0,4748.0,14172780.0,14172780.0,KOSDAQ,0.17
331520,밸로프,2235.0,65956.0,65956.0,147411660.0,147411660.0,KOSDAQ,-3.25
431190,케이쓰리아이,2925.0,13348.0,13348.0,39042900.0,39042900.0,KOSDAQ,-1.85
017250,인터엠,1034.0,31065.0,31065.0,32121210.0,32121210.0,KOSDAQ,-2.08
317120,라닉스,1424.0,55899.0,55899.0,79600176.0,79600176.0,KOSDAQ,-1.86
352940,인바이오,1994.0,7885.0,7885.0,15722690.0,15722690.0,KOSDAQ,-0.3
067730,로지시스,2240.0,6385.0,6385.0,14302400.0,14302400.0,KOSDAQ,-0.44
083660,CSA 코스믹,1512.0,73828.0,73828.0,111627936.0,111627936.0,KOSDAQ,-2.39
340440,세림B&G,756.0,247435.0,247435.0,187060860.0,187060860.0,KOSDAQ,-1.05
069330,유아이디,1260.0,30245.0,30245.0,38108700.0,38108700.0,KOSDAQ,-2.7
219750,한국비티비,1624.0,804.0,804.0,1305696.0,1305696.0,KOSDAQ,0.56
353590,오토앤,1646.0,6727.0,6727.0,11072642.0,11072642.0,KOSDAQ,-2.2
192390,윈하이텍,1768.0,22901.0,22901.0,40488968.0,40488968.0,KOSDAQ,-0.56
063760,이엘피,2265.0,24693.0,24693.0,55929645.0,55929645.0,KOSDAQ,-4.43
238200,비피도,2580.0,4034.0,4034.0,10407720.0,10407720.0,KOSDAQ,-3.55
398120,에스지헬스케어,1781.0,10710.0,10710.0,19074510.0,19074510.0,KOSDAQ,1.48
073570,리튬포어스,1751.0,46562.0,46562.0,81530062.0,81530062.0,KOSDAQ,0.06
277410,인산가,5480.0,10222.0,10222.0,56016560.0,56016560.0,KOSDAQ,-2.14
019660,글로본,1501.0,44039.0,44039.0,66102539.0,66102539.0,KOSDAQ,0.07
080470,성창오토텍,2865.0,2630.0,2630.0,7534950.0,7534950.0,KOSDAQ,-0.17
355390,크라우드웍스,1317.0,297028.0,297028.0,391185876.0,391185876.0,KOSDAQ,-7.51
054220,비츠로시스,1660.0,140087.0,140087.0,232544420.0,232544420.0,KOSDAQ,-2.01
353190,휴럼,2650.0,10194.0,10194.0,27014100.0,27014100.0,KOSDAQ,-0.38
115570,스타플렉스,2610.0,10895.0,10895.0,28435950.0,28435950.0,KOSDAQ,-0.38
195990,루트K,1276.0,13703.0,13703.0,17485028.0,17485028.0,KOSDAQ,-1.77
347770,핌스,916.0,44673.0,44673.0,40920468.0,40920468.0,KOSDAQ,-2.35
200230,텔콘RF제약,2185.0,30667.0,30667.0,67007395.0,67007395.0,KOSDAQ,-2.02
050760,에스폴리텍,1258.0,114589.0,114589.0,144152962.0,144152962.0,KOSDAQ,-2.86
227610,아우딘퓨쳐스,1058.0,86000.0,86000.0,90988000.0,90988000.0,KOSDAQ,-1.12
032680,소프트센,887.0,46950.0,46950.0,41644650.0,41644650.0,KOSDAQ,-1.66
362990,드림인사이트,1216.0,14150.0,14150.0,17206400.0,17206400.0,KOSDAQ,-0.65
098660,에스티오,1634.0,13393.0,13393.0,21884162.0,21884162.0,KOSDAQ,3.35
021040,대호특수강,938.0,23290.0,23290.0,21846020.0,21846020.0,KOSDAQ,-2.8
419540,비스토스,3415.0,30640.0,30640.0,104635600.0,104635600.0,KOSDAQ,4.43
085810,알티캐스트,1434.0,22726.0,22726.0,32589084.0,32589084.0,KOSDAQ,-3.76
037400,우리엔터프라이즈,3860.0,79453.0,79453.0,306688580.0,306688580.0,KOSDAQ,-1.03
079950,인베니아,1465.0,108149.0,108149.0,158438285.0,158438285.0,KOSDAQ,-1.68
023790,동일스틸럭스,1546.0,2881712.0,2881712.0,4455126752.0,4455126752.0,KOSDAQ,-3.62
372800,아이티아이즈,2860.0,7560.0,7560.0,21621600.0,21621600.0,KOSDAQ,-4.03
274400,이노시뮬레이션,2210.0,15877.0,15877.0,35088170.0,35088170.0,KOSDAQ,-1.12
065060,지엔코,3350.0,7933.0,7933.0,26575550.0,26575550.0,KOSDAQ,-0.89
191410,육일씨엔에쓰,1791.0,258276.0,258276.0,462572316.0,462572316.0,KOSDAQ,-0.33
154030,아시아종묘,1661.0,13995.0,13995.0,23245695.0,23245695.0,KOSDAQ,-1.72
361670,삼영에스앤씨,3530.0,2620.0,2620.0,9248600.0,9248600.0,KOSDAQ,0.0
096870,엘디티,2390.0,93821.0,93821.0,224232190.0,224232190.0,KOSDAQ,1.06
043590,웰킵스하이텍,1463.0,12192.0,12192.0,17836896.0,17836896.0,KOSDAQ,-0.88
101400,엔시트론,1690.0,227681.0,227681.0,384780890.0,384780890.0,KOSDAQ,0.3
344860,이노진,1370.0,68674.0,68674.0,94083380.0,94083380.0,KOSDAQ,3.63
429270,시지트로닉스,3065.0,59395.0,59395.0,182045675.0,182045675.0,KOSDAQ,-0.65
403490,우듬지팜,2140.0,37487.0,37487.0,80222180.0,80222180.0,KOSDAQ,-4.25
342870,오아,3605.0,1674.0,1674.0,6034770.0,6034770.0,KOSDAQ,0.84
113810,디젠스,3010.0,27498.0,27498.0,82768980.0,82768980.0,KOSDAQ,-3.83
383930,디티앤씨알오,1534.0,12389.0,12389.0,19004726.0,19004726.0,KOSDAQ,0.46
196700,웹스,1359.0,35955.0,35955.0,48862845.0,48862845.0,KOSDAQ,-1.52
056730,CNT85,1317.0,20323.0,20323.0,26765391.0,26765391.0,KOSDAQ,3.05
014100,메디앙스,1647.0,27436.0,27436.0,45187092.0,45187092.0,KOSDAQ,0.18
137940,넥스트아이,1980.0,21989.0,21989.0,43538220.0,43538220.0,KOSDAQ,-0.95
083470,이엠앤아이,908.0,78322.0,78322.0,71116376.0,71116376.0,KOSDAQ,0.11
417180,핑거스토리,4475.0,2935.0,2935.0,13134125.0,13134125.0,KOSDAQ,0.45
054410,케이피티유,3365.0,3461.0,3461.0,11646265.0,11646265.0,KOSDAQ,-1.46
438700,버넥트,1728.0,27877.0,27877.0,48171456.0,48171456.0,KOSDAQ,-1.54
048830,엔피케이,1028.0,53335.0,53335.0,54828380.0,54828380.0,KOSDAQ,-0.29
088290,이원컴포텍,2410.0,2094.0,2094.0,5046540.0,5046540.0,KOSDAQ,-0.62
252500,세화피앤씨,2295.0,15360.0,15360.0,35251200.0,35251200.0,KOSDAQ,0.44
027580,상보,1607.0,45712.0,45712.0,73459184.0,73459184.0,KOSDAQ,-4.8
051780,큐로홀딩스,2500.0,47466.0,47466.0,118665000.0,118665000.0,KOSDAQ,0.0
115610,이미지스,1603.0,35924.0,35924.0,57586172.0,57586172.0,KOSDAQ,0.06
018620,우진비앤지,2720.0,13433.0,13433.0,36537760.0,36537760.0,KOSDAQ,-1.27
050090,비케이홀딩스,798.0,111246.0,111246.0,88774308.0,88774308.0,KOSDAQ,0.5
002680,한탑,2875.0,184742.0,184742.0,531133250.0,531133250.0,KOSDAQ,14.77
024940,PN풍년,1855.0,134865.0,134865.0,250174575.0,250174575.0,KOSDAQ,-2.88
006050,국영지앤엠,5250.0,41739.0,41739.0,219129750.0,219129750.0,KOSDAQ,8.14
140430,카티스,1710.0,9230.0,9230.0,15783300.0,15783300.0,KOSDAQ,-1.44
279600,미디어젠,3900.0,1825.0,1825.0,7117500.0,7117500.0,KOSDAQ,0.0
291810,핀텔,1600.0,381364.0,381364.0,610182400.0,610182400.0,KOSDAQ,-4.53
455180,케이지에이,1232.0,20397.0,20397.0,25129104.0,25129104.0,KOSDAQ,-2.45
405000,플라즈맵,3370.0,6401.0,6401.0,21571370.0,21571370.0,KOSDAQ,-3.71
110020,전진바이오팜,1981.0,2075.0,2075.0,4110575.0,4110575.0,KOSDAQ,-0.35
069920,엑시온그룹,1239.0,121766.0,121766.0,150868074.0,150868074.0,KOSDAQ,2.06
060480,국일신동,1609.0,261365.0,261365.0,420536285.0,420536285.0,KOSDAQ,8.2
373110,엑셀세라퓨틱스,1017.0,456706.0,456706.0,464470002.0,464470002.0,KOSDAQ,-7.96
020400,대동금속,2890.0,7770.0,7770.0,22455300.0,22455300.0,KOSDAQ,0.17
045520,크린앤사이언스,2700.0,75902.0,75902.0,204935400.0,204935400.0,KOSDAQ,4.85
335870,윙스풋,5230.0,805.0,805.0,4210150.0,4210150.0,KOSDAQ,3.36
034940,조아제약,2825.0,80212.0,80212.0,226598900.0,226598900.0,KOSDAQ,-2.75
065650,하이퍼코퍼레이션,1578.0,12571.0,12571.0,19837038.0,19837038.0,KOSDAQ,0.77
309930,조이웍스앤코,889.0,45989.0,45989.0,40884221.0,40884221.0,KOSDAQ,0.0
377220,프롬바이오,3020.0,53548.0,53548.0,161714960.0,161714960.0,KOSDAQ,2.9
103230,에스앤더블류,2370.0,175580.0,175580.0,416124600.0,416124600.0,KOSDAQ,5.33
365900,브이씨,2330.0,38760.0,38760.0,90310800.0,90310800.0,KOSDAQ,-2.92
223310,사토시홀딩스,3260.0,262743.0,262743.0,856542180.0,856542180.0,KOSDAQ,-6.32
477380,미래에셋비전스팩4호,2075.0,45162.0,45162.0,93711150.0,93711150.0,KOSDAQ,-0.48
009730,이렘,2100.0,31475.0,31475.0,66097500.0,66097500.0,KOSDAQ,3.19
078860,아이오케이이엔엠,2690.0,7058.0,7058.0,18986020.0,18986020.0,KOSDAQ,0.19
210120,캔버스엔,1698.0,180216.0,180216.0,306006768.0,306006768.0,KOSDAQ,-0.99
389680,유디엠텍,1977.0,55321.0,55321.0,109369617.0,109369617.0,KOSDAQ,0.2
376930,노을,1594.0,163352.0,163352.0,260383088.0,260383088.0,KOSDAQ,-1.6
306040,에스제이그룹,1756.0,28650.0,28650.0,50309400.0,50309400.0,KOSDAQ,-4.04
225590,패션플랫폼,3120.0,61868.0,61868.0,193028160.0,193028160.0,KOSDAQ,-2.19
177350,베셀,1607.0,45337.0,45337.0,72856559.0,72856559.0,KOSDAQ,0.0
0072Z0,KB제33호스팩,1980.0,1240.0,1240.0,2455200.0,2455200.0,KOSDAQ,-0.3
247660,나노씨엠에스,3580.0,46161.0,46161.0,165256380.0,165256380.0,KOSDAQ,-0.56
477340,에이치엠씨제7호스팩,2060.0,46.0,46.0,94760.0,94760.0,KOSDAQ,0.0
0130H0,엔에이치스팩33호,1992.0,260.0,260.0,517920.0,517920.0,KOSDAQ,0.05
0101C0,하나36호스팩,1975.0,1746.0,1746.0,3448350.0,3448350.0,KOSDAQ,0.0
0044K0,삼성스팩10호,1997.0,10085.0,10085.0,20139745.0,20139745.0,KOSDAQ,0.25
473050,유안타제15호스팩,2100.0,23851.0,23851.0,50087100.0,50087100.0,KOSDAQ,0.0
0115H0,삼성스팩13호,1998.0,3734.0,3734.0,7460532.0,7460532.0,KOSDAQ,-0.35
131100,티엔엔터테인먼트,2265.0,4924.0,4924.0,11152860.0,11152860.0,KOSDAQ,-0.22
303030,지니틱스,1590.0,26006.0,26006.0,41349540.0,41349540.0,KOSDAQ,-2.45
489480,키움제11호스팩,2185.0,41158.0,41158.0,89930230.0,89930230.0,KOSDAQ,-0.23
478440,미래에셋비전스팩6호,2080.0,82805.0,82805.0,172234400.0,172234400.0,KOSDAQ,0.48
479880,한국제15호스팩,2065.0,39723.0,39723.0,82027995.0,82027995.0,KOSDAQ,-0.24
0165X0,메리츠제2호스팩,1950.0,44384.0,44384.0,86548800.0,86548800.0,KOSDAQ,-0.2
0099W0,미래에셋비전스팩11호,1975.0,4939.0,4939.0,9754525.0,9754525.0,KOSDAQ,-0.3
240600,유진테크놀로지,1642.0,15682.0,15682.0,25749844.0,25749844.0,KOSDAQ,-3.75
060260,뉴보텍,1008.0,47880.0,47880.0,48263040.0,48263040.0,KOSDAQ,0.1
0134X0,대신밸런스제20호스팩,1978.0,9130.0,9130.0,18059140.0,18059140.0,KOSDAQ,-0.05
0164H0,한국제16호스팩,1954.0,28082.0,28082.0,54872228.0,54872228.0,KOSDAQ,-0.1
289010,아이스크림에듀,945.0,250709.0,250709.0,236920005.0,236920005.0,KOSDAQ,-2.98
481890,엔에이치스팩31호,2065.0,100903.0,100903.0,208364695.0,208364695.0,KOSDAQ,0.0
0096B0,삼성스팩12호,1986.0,2384.0,2384.0,4734624.0,4734624.0,KOSDAQ,0.0
489730,디비금융제13호스팩,2040.0,84395.0,84395.0,172165800.0,172165800.0,KOSDAQ,-0.24
0097F0,미래에셋비전스팩10호,1987.0,3046.0,3046.0,6052402.0,6052402.0,KOSDAQ,-0.05
028080,휴맥스홀딩스,5090.0,2492.0,2492.0,12684280.0,12684280.0,KOSDAQ,2.83
035620,바른손이앤에이,692.0,26841.0,26841.0,18573972.0,18573972.0,KOSDAQ,1.32
478390,KB제29호스팩,2070.0,82108.0,82108.0,169963560.0,169963560.0,KOSDAQ,0.49
065770,CS,1210.0,79193.0,79193.0,95823530.0,95823530.0,KOSDAQ,0.41
0093G0,미래에셋비전스팩8호,1985.0,1787.0,1787.0,3547195.0,3547195.0,KOSDAQ,-0.2
0037T0,KB제32호스팩,1993.0,57261.0,57261.0,114121173.0,114121173.0,KOSDAQ,0.1
492220,KB제31호스팩,2030.0,110609.0,110609.0,224536270.0,224536270.0,KOSDAQ,-0.25
482520,교보16호스팩,2055.0,50562.0,50562.0,103904910.0,103904910.0,KOSDAQ,-0.24
101000,KS인더스트리,1264.0,419460.0,419460.0,530197440.0,530197440.0,KOSDAQ,-1.48
0054V0,엔에이치스팩32호,2010.0,5423.0,5423.0,10900230.0,10900230.0,KOSDAQ,0.5
0131D0,키움히어로제2호스팩,1970.0,13337.0,13337.0,26273890.0,26273890.0,KOSDAQ,0.25
418620,E8,626.0,5933629.0,5933629.0,3714451754.0,3714451754.0,KOSDAQ,11.19
354200,엔젠바이오,1390.0,223815.0,223815.0,311102850.0,311102850.0,KOSDAQ,-7.27
0091W0,신영스팩11호,2025.0,41144.0,41144.0,83316600.0,83316600.0,KOSDAQ,0.5
477760,DB금융스팩12호,2075.0,163.0,163.0,338225.0,338225.0,KOSDAQ,0.0
288980,모아데이타,333.0,3574871.0,3574871.0,1190432043.0,1190432043.0,KOSDAQ,-1.48
079190,케스피온,1261.0,59371.0,59371.0,74866831.0,74866831.0,KOSDAQ,-1.41
0088D0,메리츠제1호스팩,2080.0,34.0,34.0,70720.0,70720.0,KOSDAQ,0.24
0041L0,하나35호스팩,1993.0,747.0,747.0,1488771.0,1488771.0,KOSDAQ,-0.05
012340,뉴인텍,544.0,169911.0,169911.0,92431584.0,92431584.0,KOSDAQ,-0.73
142760,모아라이프플러스,564.0,738334.0,738334.0,416420376.0,416420376.0,KOSDAQ,-4.41
0132G0,교보20호스팩,1984.0,1310.0,1310.0,2599040.0,2599040.0,KOSDAQ,-0.4
482690,대신밸런스제19호스팩,2095.0,35795.0,35795.0,74990525.0,74990525.0,KOSDAQ,0.72
469900,하나31호스팩,2095.0,10439.0,10439.0,21869705.0,21869705.0,KOSDAQ,0.0
474660,신한제12호스팩,2090.0,2821.0,2821.0,5895890.0,5895890.0,KOSDAQ,0.0
487360,신한제14호스팩,2035.0,6687.0,6687.0,13608045.0,13608045.0,KOSDAQ,0.25
474490,유안타제16호스팩,2080.0,89650.0,89650.0,186472000.0,186472000.0,KOSDAQ,0.0
131760,파인텍,1313.0,402635.0,402635.0,528659755.0,528659755.0,KOSDAQ,-1.5
0071M0,삼성스팩11호,1978.0,4470.0,4470.0,8841660.0,8841660.0,KOSDAQ,-0.1
477470,미래에셋비전스팩5호,2075.0,47660.0,47660.0,98894500.0,98894500.0,KOSDAQ,0.0
496070,신한제16호스팩,2010.0,1528.0,1528.0,3071280.0,3071280.0,KOSDAQ,0.0
0105P0,유진스팩12호,1983.0,5369.0,5369.0,10646727.0,10646727.0,KOSDAQ,-0.1
250930,예선테크,1700.0,57089.0,57089.0,97051300.0,97051300.0,KOSDAQ,-5.76
0129K0,신한제18호스팩,1966.0,9537.0,9537.0,18749742.0,18749742.0,KOSDAQ,-0.3
900100,파이온엑스,2080.0,21982.0,21982.0,45722560.0,45722560.0,KOSDAQ,-1.42
486630,KB제30호스팩,2050.0,40813.0,40813.0,83666650.0,83666650.0,KOSDAQ,0.0
0096D0,미래에셋비전스팩9호,1970.0,4038.0,4038.0,7954860.0,7954860.0,KOSDAQ,-0.25
493790,유안타제17호스팩,2025.0,155.0,155.0,313875.0,313875.0,KOSDAQ,-0.25
0098T0,교보19호스팩,1990.0,2408.0,2408.0,4791920.0,4791920.0,KOSDAQ,-0.35
0004Y0,디비금융제14호스팩,1998.0,22270.0,22270.0,44495460.0,44495460.0,KOSDAQ,0.25
489210,교보17호스팩,2040.0,50469.0,50469.0,102956760.0,102956760.0,KOSDAQ,-0.24
0130D0,신한제17호스팩,1968.0,935.0,935.0,1840080.0,1840080.0,KOSDAQ,-0.4
478110,이베스트스팩6호,2055.0,185.0,185.0,380175.0,380175.0,KOSDAQ,0.0
466690,키움히어로제1호스팩,2000.0,1247.0,1247.0,2494000.0,2494000.0,KOSDAQ,0.0
208640,썸에이지,726.0,1507266.0,1507266.0,1094275116.0,1094275116.0,KOSDAQ,3.27
0041B0,교보18호스팩,2000.0,260.0,260.0,520000.0,520000.0,KOSDAQ,-0.25
472220,신영스팩10호,2110.0,67146.0,67146.0,141678060.0,141678060.0,KOSDAQ,0.0
488060,유진스팩11호,2040.0,1200.0,1200.0,2448000.0,2448000.0,KOSDAQ,-0.24
092600,앤씨앤,1890.0,107607.0,107607.0,203377230.0,203377230.0,KOSDAQ,-0.58
058450,한주에이알티,1736.0,296767.0,296767.0,515187512.0,515187512.0,KOSDAQ,15.5
484130,하나34호스팩,2040.0,8.0,8.0,16320.0,16320.0,KOSDAQ,-0.24
473950,에스케이증권제13호스팩,2055.0,23543.0,23543.0,48380865.0,48380865.0,KOSDAQ,0.24
487830,신한제15호스팩,2045.0,5549.0,5549.0,11347705.0,11347705.0,KOSDAQ,-0.24
084180,수성웹툰,490.0,3057888.0,3057888.0,1498365120.0,1498365120.0,KOSDAQ,-4.48
472230,에스케이증권제11호스팩,2100.0,11172.0,11172.0,23461200.0,23461200.0,KOSDAQ,0.0
308100,형지글로벌,337.0,324540.0,324540.0,109369980.0,109369980.0,KOSDAQ,-5.34
487720,키움제10호스팩,2045.0,980.0,980.0,2004100.0,2004100.0,KOSDAQ,0.0
0068Y0,비엔케이제3호스팩,1976.0,4008.0,4008.0,7919808.0,7919808.0,KOSDAQ,0.36
03481K,해성산업1우,6150.0,917.0,917.0,5639550.0,5639550.0,KOSDAQ,0.0
0041J0,엘에스스팩1호,1990.0,620.0,620.0,1233800.0,1233800.0,KOSDAQ,0.1
465320,교보15호스팩,2135.0,22536.0,22536.0,48114360.0,48114360.0,KOSDAQ,0.0
475250,하나33호스팩,2087.0,6684.0,6684.0,13949508.0,13949508.0,KOSDAQ,-0.14
474930,신한제13호스팩,2100.0,546.0,546.0,1146600.0,1146600.0,KOSDAQ,0.0
473000,에스케이증권제12호스팩,2080.0,20.0,20.0,41600.0,41600.0,KOSDAQ,0.0
199730,바이오인프라,1400.0,28748.0,28748.0,40247200.0,40247200.0,KOSDAQ,4.32
475240,하나32호스팩,2095.0,7501.0,7501.0,15714595.0,15714595.0,KOSDAQ,0.0
011080,형지I&C,808.0,141009.0,141009.0,113935272.0,113935272.0,KOSDAQ,-4.38
035290,골드앤에스,1150.0,892837.0,892837.0,1026762550.0,1026762550.0,KOSDAQ,-3.77
312610,에이에프더블류,259.0,348744.0,348744.0,90324696.0,90324696.0,KOSDAQ,-9.44
008290,원풍물산,248.0,36719230.0,36719230.0,9106369040.0,9106369040.0,KOSDAQ,-17.06
025870,신라에스지,1100.0,986041.0,986041.0,1084645100.0,1084645100.0,KOSDAQ,-26.42
225430,케이엠제약,650.0,1870448.0,1870448.0,1215791200.0,1215791200.0,KOSDAQ,-29.58
021045,대호특수강우,2420.0,1318.0,1318.0,3189560.0,3189560.0,KOSDAQ,-3.01
121850,코이즈,200.0,1265691.0,1265691.0,253138200.0,253138200.0,KOSDAQ,-24.53
032685,소프트센우,8640.0,3003.0,3003.0,25945920.0,25945920.0,KOSDAQ,-0.69
