Code,Name,Close,Volume,VolumeTotal,Amount,AmountTotal,Market,ChangesRatio
005930,삼성전자,277500.0,17921107.0,31086795.0,4973107192500.0,8626585612500.0,KOSPI,1.28
000660,SK하이닉스,1841000.0,3216122.0,5313675.0,5920880602000.0,9782475675000.0,KOSPI,-1.45
005935,삼성전자우,212500.0,5360642.0,5360642.0,1139136425000.0,1139136425000.0,KOSPI,2.16
402340,SK스퀘어,1134000.0,585196.0,782692.0,663612264000.0,887572728000.0,KOSPI,0.62
009150,삼성전기,1489000.0,908255.0,1649030.0,1352391695000.0,2455405670000.0,KOSPI,4.2
373220,LG에너지솔루션,352000.0,259262.0,352576.0,91260224000.0,124106752000.0,KOSPI,0.0
005380,현대차,362000.0,453930.0,842824.0,164322660000.0,305102288000.0,KOSPI,0.84
207940,삼성바이오로직스,1392000.0,29801.0,35946.0,41482992000.0,50036832000.0,KOSPI,-0.71
105560,KB금융,176200.0,682016.0,786707.0,120171219200.0,138617773400.0,KOSPI,-0.73
028260,삼성물산,364500.0,266661.0,414463.0,97197934500.0,151071763500.0,KOSPI,-0.82
032830,삼성생명,290500.0,217843.0,294848.0,63283391500.0,85653344000.0,KOSPI,-0.17
034020,두산에너빌리티,86600.0,3019059.0,6528756.0,261450509400.0,565390269600.0,KOSPI,1.52
012450,한화에어로스페이스,1062000.0,90474.0,116419.0,96083388000.0,123636978000.0,KOSPI,-0.47
055550,신한지주,112800.0,730685.0,789354.0,82421268000.0,89039131200.0,KOSPI,-0.27
329180,HD현대중공업,454000.0,153572.0,225583.0,69721688000.0,102414682000.0,KOSPI,0.78
000270,기아,119000.0,786788.0,952557.0,93627772000.0,113354283000.0,KOSPI,-0.83
006400,삼성SDI,531000.0,209039.0,449562.0,110999709000.0,238717422000.0,KOSPI,-0.38
034730,SK,588000.0,115181.0,154905.0,67726428000.0,91084140000.0,KOSPI,2.26
068270,셀트리온,178300.0,336667.0,474864.0,60027726100.0,84668251200.0,KOSPI,-1.71
086790,하나금융지주,135800.0,492364.0,556170.0,66863031200.0,75527886000.0,KOSPI,0.07
066570,LG전자,215000.0,1625088.0,3319290.0,349393920000.0,713647350000.0,KOSPI,6.17
012330,현대모비스,373500.0,268939.0,409064.0,100448716500.0,152785404000.0,KOSPI,0.13
010120,LS ELECTRIC,211000.0,444006.0,975640.0,93685266000.0,205860040000.0,KOSPI,0.96
035420,NAVER,201000.0,494786.0,1048886.0,99451986000.0,210826086000.0,KOSPI,1.57
000810,삼성화재,652000.0,74675.0,79716.0,48688100000.0,51974832000.0,KOSPI,0.15
298040,효성중공업,2919000.0,34193.0,54982.0,99809367000.0,160492458000.0,KOSPI,0.07
316140,우리금융지주,35850.0,1470362.0,1766083.0,52712477700.0,63314075550.0,KOSPI,-1.65
069500,KODEX 200,111880.0,24328267.0,24328267.0,2721846511960.0,2721846511960.0,KOSPI,0.16
267260,HD현대일렉트릭,715000.0,78931.0,115145.0,56435665000.0,82328675000.0,KOSPI,0.14
005490,POSCO홀딩스,317500.0,169829.0,242332.0,53920707500.0,76940410000.0,KOSPI,0.16
042660,한화오션,82000.0,451411.0,931691.0,37015702000.0,76398662000.0,KOSPI,0.24
009540,HD한국조선해양,340500.0,132159.0,155242.0,45000139500.0,52859901000.0,KOSPI,0.44
096770,SK이노베이션,141300.0,702566.0,1098956.0,99272575800.0,155282482800.0,KOSPI,0.43
000150,두산,1474000.0,88725.0,142316.0,130780650000.0,209773784000.0,KOSPI,2.93
010130,고려아연,1116000.0,19155.0,28362.0,21376980000.0,31651992000.0,KOSPI,-0.62
042700,한미반도체,240500.0,539012.0,1106492.0,129632386000.0,266111326000.0,KOSPI,1.69
138040,메리츠금융지주,128700.0,169345.0,189069.0,21794701500.0,24333180300.0,KOSPI,-0.92
360750,TIGER 미국S&P500,26225.0,38439063.0,38439063.0,1008064427175.0,1008064427175.0,KOSPI,-0.44
011200,HMM,21200.0,385779.0,647958.0,8178514800.0,13736709600.0,KOSPI,0.47
015760,한국전력,30900.0,1159569.0,1884679.0,35830682100.0,58236581100.0,KOSPI,0.16
017670,SK텔레콤,87200.0,795394.0,1501108.0,69358356800.0,130896617600.0,KOSPI,0.23
033780,KT&G,176300.0,368592.0,451565.0,64982769600.0,79610909500.0,KOSPI,1.44
010140,삼성중공업,20700.0,1641316.0,3149166.0,33975241200.0,65187736200.0,KOSPI,0.49
051910,LG화학,256000.0,191258.0,239634.0,48962048000.0,61346304000.0,KOSPI,-0.97
006800,미래에셋증권,32850.0,1937846.0,3165586.0,63658241100.0,103989500100.0,KOSPI,2.82
003550,LG,116200.0,253416.0,292419.0,29446939200.0,33979087800.0,KOSPI,4.4
018260,삼성에스디에스,225000.0,110426.0,173316.0,24845850000.0,38996100000.0,KOSPI,0.22
010950,S-Oil,153200.0,437500.0,579541.0,67025000000.0,88785681200.0,KOSPI,-0.45
003670,포스코퓨처엠,186100.0,365081.0,618762.0,67941574100.0,115151608200.0,KOSPI,4.49
267250,HD현대,208500.0,142945.0,187126.0,29804032500.0,39015771000.0,KOSPI,-1.18
024110,기업은행,20050.0,681609.0,864922.0,13666260450.0,17341686100.0,KOSPI,0.25
079550,LIG디펜스앤에어로스페이스,708000.0,63701.0,105816.0,45100308000.0,74917728000.0,KOSPI,-2.34
086280,현대글로비스,202500.0,153696.0,194384.0,31123440000.0,39362760000.0,KOSPI,-0.25
035720,카카오,34250.0,1587572.0,1587572.0,54374341000.0,54374341000.0,KOSPI,3.16
000720,현대건설,131800.0,1023754.0,1976192.0,134930777200.0,260462105600.0,KOSPI,4.94
272210,한화시스템,77600.0,440247.0,825255.0,34163167200.0,64039788000.0,KOSPI,1.44
278470,에이피알,362000.0,202998.0,291826.0,73485276000.0,105641012000.0,KOSPI,-1.09
030200,KT,53200.0,232268.0,277811.0,12356657600.0,14779545200.0,KOSPI,0.19
064350,현대로템,118100.0,274170.0,400910.0,32379477000.0,47347471000.0,KOSPI,-0.59
011070,LG이노텍,540000.0,224457.0,393093.0,121206780000.0,212270220000.0,KOSPI,4.05
047810,한국항공우주,130100.0,127573.0,170841.0,16597247300.0,22226414100.0,KOSPI,0.39
005830,DB손해보험,185100.0,141995.0,164341.0,26283274500.0,30419519100.0,KOSPI,-1.7
133690,TIGER 미국나스닥100,183340.0,5141550.0,5141550.0,942651777000.0,942651777000.0,KOSPI,0.44
003490,대한항공,31650.0,7326416.0,7326416.0,231881066400.0,231881066400.0,KOSPI,9.71
443060,HD현대마린솔루션,242500.0,65220.0,78237.0,15815850000.0,18972472500.0,KOSPI,3.85
307950,현대오토에버,386000.0,125630.0,219172.0,48493180000.0,84600392000.0,KOSPI,6.93
379800,KODEX 미국S&P500,23800.0,24772237.0,24772237.0,589579240600.0,589579240600.0,KOSPI,-0.58
071050,한국금융지주,185800.0,203353.0,254537.0,37782987400.0,47292974600.0,KOSPI,0.76
102110,TIGER 200,112180.0,13715085.0,13715085.0,1538558235300.0,1538558235300.0,KOSPI,0.21
396500,TIGER 반도체TOP10,38385.0,11451185.0,11451185.0,439553736225.0,439553736225.0,KOSPI,0.37
006260,LS,326500.0,116161.0,188149.0,37926566500.0,61430648500.0,KOSPI,1.24
078930,GS,109600.0,541775.0,618596.0,59378540000.0,67798121600.0,KOSPI,-3.27
028050,삼성E&A,51300.0,1598565.0,1598565.0,82006384500.0,82006384500.0,KOSPI,-1.35
047050,포스코인터내셔널,57100.0,492112.0,845034.0,28099595200.0,48251441400.0,KOSPI,-1.21
379810,KODEX 미국나스닥100,27420.0,31883817.0,31883817.0,874254262140.0,874254262140.0,KOSPI,0.48
005940,NH투자증권,26300.0,583599.0,685410.0,15348653700.0,18026283000.0,KOSPI,0.0
000500,가온전선,324000.0,423015.0,1154731.0,137056860000.0,374132844000.0,KOSPI,1.73
323410,카카오뱅크,20200.0,888978.0,1091417.0,17957355600.0,22046623400.0,KOSPI,0.5
003230,삼양식품,1254000.0,55222.0,79383.0,69248388000.0,99546282000.0,KOSPI,-1.72
180640,한진칼,141400.0,56425.0,91359.0,7978495000.0,12918162600.0,KOSPI,2.09
488770,KODEX 머니마켓액티브,105595.0,902473.0,902473.0,95296636435.0,95296636435.0,KOSPI,0.01
259960,크래프톤,202000.0,54435.0,62337.0,10995870000.0,12592074000.0,KOSPI,1.0
007660,이수페타시스,113500.0,1026184.0,2082249.0,116471884000.0,236335261500.0,KOSPI,2.9
0126Z0,삼성에피스홀딩스,333000.0,31658.0,49350.0,10542114000.0,16433550000.0,KOSPI,1.83
090430,아모레퍼시픽,141600.0,180026.0,222547.0,25491681600.0,31512655200.0,KOSPI,-2.34
016360,삼성증권,90300.0,434628.0,600934.0,39246908400.0,54264340200.0,KOSPI,2.38
278530,KODEX 200TR,40535.0,689342.0,689342.0,27942477970.0,27942477970.0,KOSPI,0.26
047040,대우건설,18910.0,9155369.0,9155369.0,173128027790.0,173128027790.0,KOSPI,3.39
161390,한국타이어앤테크놀로지,57900.0,269159.0,292769.0,15584306100.0,16951325100.0,KOSPI,-1.19
021240,코웨이,99500.0,126495.0,136222.0,12586252500.0,13554089000.0,KOSPI,0.0
000880,한화,131600.0,68258.0,84769.0,8982752800.0,11155600400.0,KOSPI,0.23
459580,KODEX CD금리액티브(합성),1075705.0,826037.0,826037.0,888572131085.0,888572131085.0,KOSPI,0.03
064400,LG씨엔에스,71400.0,726934.0,726934.0,51903087600.0,51903087600.0,KOSPI,2.73
039490,키움증권,262000.0,74699.0,105050.0,19571138000.0,27523100000.0,KOSPI,-0.95
352820,하이브,157100.0,360820.0,523656.0,56684822000.0,82266357600.0,KOSPI,-3.32
267270,HD건설기계,139100.0,261594.0,352316.0,36387725400.0,49007155600.0,KOSPI,1.76
128940,한미약품,504000.0,57667.0,93360.0,29064168000.0,47053440000.0,KOSPI,-0.2
062040,산일전기,206500.0,239074.0,467608.0,49368781000.0,96561052000.0,KOSPI,0.73
001440,대한전선,31900.0,9221371.0,9221371.0,294161734900.0,294161734900.0,KOSPI,7.41
009830,한화솔루션,27600.0,1009032.0,1009032.0,27849283200.0,27849283200.0,KOSPI,0.0
032640,LG유플러스,14560.0,1053339.0,1111584.0,15336615840.0,16184663040.0,KOSPI,0.48
498400,KODEX 200타겟위클리커버드콜,20800.0,5875797.0,5875797.0,122216577600.0,122216577600.0,KOSPI,0.34
122630,KODEX 레버리지,114400.0,15950270.0,15950270.0,1824710888000.0,1824710888000.0,KOSPI,0.3
005387,현대차2우B,176600.0,96953.0,96953.0,17121899800.0,17121899800.0,KOSPI,1.85
326030,SK바이오팜,76700.0,95942.0,143150.0,7358751400.0,10979605000.0,KOSPI,-1.16
381180,TIGER 미국필라델피아반도체나스닥,43670.0,2100207.0,2100207.0,91716039690.0,91716039690.0,KOSPI,0.51
091160,KODEX 반도체,136695.0,1372461.0,1372461.0,187608556395.0,187608556395.0,KOSPI,1.07
0167A0,SOL AI반도체TOP2플러스,18480.0,15975486.0,15975486.0,295226981280.0,295226981280.0,KOSPI,0.87
175330,JB금융지주,30650.0,427825.0,473583.0,13112836250.0,14515318950.0,KOSPI,-1.13
000990,DB하이텍,130300.0,559817.0,1076341.0,72944155100.0,140247232300.0,KOSPI,-1.21
241560,두산밥캣,58300.0,149775.0,168912.0,8731882500.0,9847569600.0,KOSPI,0.34
377300,카카오페이,40950.0,315263.0,559351.0,12910019850.0,22905423450.0,KOSPI,2.63
353200,대덕전자,111700.0,2888270.0,2888270.0,322619759000.0,322619759000.0,KOSPI,9.62
000100,유한양행,74800.0,184474.0,242184.0,13798655200.0,18115363200.0,KOSPI,-1.06
052690,한전기술,137400.0,2023424.0,4130496.0,278018457600.0,567530150400.0,KOSPI,6.02
029780,삼성카드,42850.0,154767.0,188266.0,6631765950.0,8067198100.0,KOSPI,-0.92
088350,한화생명,5610.0,4271060.0,4271060.0,23960646600.0,23960646600.0,KOSPI,-2.94
036570,NC,223500.0,131544.0,175419.0,29400084000.0,39206146500.0,KOSPI,8.23
138930,BNK금융지주,15600.0,522631.0,597102.0,8153043600.0,9314791200.0,KOSPI,-0.95
004020,현대제철,35600.0,685605.0,900425.0,24407538000.0,32055130000.0,KOSPI,1.42
088980,맥쿼리인프라,9820.0,605786.0,605786.0,5948818520.0,5948818520.0,KOSPI,0.41
310970,TIGER MSCI Korea TR,50300.0,16493.0,16493.0,829597900.0,829597900.0,KOSPI,0.61
229200,KODEX 코스닥150,13920.0,18431160.0,18431160.0,256561747200.0,256561747200.0,KOSPI,-0.89
454910,두산로보틱스,71500.0,328368.0,328368.0,23478312000.0,23478312000.0,KOSPI,2.73
148020,RISE 200,112715.0,1008278.0,1008278.0,113648054770.0,113648054770.0,KOSPI,0.16
066970,엘앤에프,109300.0,495830.0,811760.0,54194219000.0,88725368000.0,KOSPI,1.67
051900,LG생활건강,296000.0,58953.0,68120.0,17450088000.0,20163520000.0,KOSPI,-1.0
011790,SKC,88800.0,138571.0,237892.0,12305104800.0,21124809600.0,KOSPI,0.91
271560,오리온,110700.0,99266.0,107665.0,10988746200.0,11918515500.0,KOSPI,-0.45
034220,LG디스플레이,8520.0,2924118.0,2924118.0,24913485360.0,24913485360.0,KOSPI,0.0
458730,TIGER 미국배당다우존스,14520.0,2978976.0,2978976.0,43254731520.0,43254731520.0,KOSPI,-1.56
0162Z0,RISE 삼성전자SK하이닉스채권혼합50,13890.0,6953624.0,6953624.0,96585837360.0,96585837360.0,KOSPI,-0.07
395160,KODEX AI반도체TOP2플러스,41895.0,4892436.0,4892436.0,204968606220.0,204968606220.0,KOSPI,0.59
082740,한화엔진,49400.0,669643.0,1084218.0,33080364200.0,53560369200.0,KOSPI,-1.0
001450,현대해상,47450.0,425380.0,504270.0,20184281000.0,23927611500.0,KOSPI,-3.36
002380,KCC,467500.0,23993.0,32570.0,11216727500.0,15226475000.0,KOSPI,0.54
005385,현대차우,175700.0,67486.0,67486.0,11857290200.0,11857290200.0,KOSPI,1.15
360200,ACE 미국S&P500,26480.0,711816.0,711816.0,18848887680.0,18848887680.0,KOSPI,-0.6
411060,ACE KRX금현물,26445.0,776289.0,776289.0,20528962605.0,20528962605.0,KOSPI,-2.24
381170,TIGER 미국테크TOP10 INDXX,31880.0,774023.0,774023.0,24675853240.0,24675853240.0,KOSPI,0.39
001040,CJ,129100.0,98171.0,113711.0,12673876100.0,14680090100.0,KOSPI,0.31
395270,HANARO Fn K-반도체,59945.0,1472102.0,1472102.0,88245154390.0,88245154390.0,KOSPI,0.83
103590,일진전기,77400.0,735406.0,1404395.0,56920424400.0,108700173000.0,KOSPI,6.03
423160,KODEX KOFR금리액티브(합성),110860.0,139830.0,139830.0,15501553800.0,15501553800.0,KOSPI,0.01
367380,ACE 미국나스닥100,31525.0,444310.0,444310.0,14006872750.0,14006872750.0,KOSPI,0.49
273130,KODEX 종합채권(AA-이상)액티브,109600.0,11768.0,11768.0,1289772800.0,1289772800.0,KOSPI,-0.05
010060,OCI홀딩스,188200.0,307520.0,459903.0,57875264000.0,86553744600.0,KOSPI,-1.47
008930,한미사이언스,50600.0,83261.0,122591.0,4213006600.0,6203104600.0,KOSPI,-0.39
161890,한국콜마,146000.0,266921.0,362876.0,38970466000.0,52979896000.0,KOSPI,0.34
018880,한온시스템,3335.0,2948199.0,2948199.0,9832243665.0,9832243665.0,KOSPI,-0.3
102780,KODEX 삼성그룹,26620.0,397778.0,397778.0,10588850360.0,10588850360.0,KOSPI,1.06
357870,TIGER CD금리투자KIS(합성),58115.0,275808.0,275808.0,16028581920.0,16028581920.0,KOSPI,0.04
004170,신세계,357500.0,50589.0,64975.0,18085567500.0,23228562500.0,KOSPI,0.0
233740,KODEX 코스닥150레버리지,6775.0,43038631.0,43038631.0,291586725025.0,291586725025.0,KOSPI,-1.88
036460,한국가스공사,35850.0,118544.0,153777.0,4249802400.0,5512905450.0,KOSPI,0.84
487240,KODEX AI전력핵심설비,37420.0,3489332.0,3489332.0,130570803440.0,130570803440.0,KOSPI,0.88
375500,DL이앤씨,84900.0,284798.0,284798.0,24179350200.0,24179350200.0,KOSPI,-0.24
006360,GS건설,37500.0,1420155.0,1420155.0,53255812500.0,53255812500.0,KOSPI,2.46
0043B0,TIGER 머니마켓액티브,103760.0,146586.0,146586.0,15209763360.0,15209763360.0,KOSPI,0.04
111770,영원무역,71800.0,70371.0,76565.0,5052637800.0,5497367000.0,KOSPI,0.56
012750,에스원,83700.0,36410.0,37991.0,3047517000.0,3179846700.0,KOSPI,0.12
336260,두산퓨얼셀,47550.0,718619.0,1396339.0,34170333450.0,66395919450.0,KOSPI,-1.25
455890,RISE 머니마켓액티브,55590.0,291277.0,291277.0,16192088430.0,16192088430.0,KOSPI,0.04
028670,팬오션,5780.0,1108933.0,1108933.0,6409632740.0,6409632740.0,KOSPI,-0.17
023530,롯데쇼핑,109100.0,128491.0,148001.0,14018368100.0,16146909100.0,KOSPI,-0.37
035250,강원랜드,14400.0,182116.0,214319.0,2622470400.0,3086193600.0,KOSPI,0.49
022100,포스코DX,20250.0,215540.0,347290.0,4364685000.0,7032622500.0,KOSPI,-0.49
192820,코스맥스,270500.0,64088.0,84045.0,17335804000.0,22734172500.0,KOSPI,-1.64
011780,금호석유화학,117500.0,73716.0,86477.0,8661630000.0,10161047500.0,KOSPI,-1.59
017800,현대엘리베이터,74300.0,100758.0,128998.0,7486319400.0,9584551400.0,KOSPI,0.41
251270,넷마블,34800.0,96768.0,113563.0,3367526400.0,3951992400.0,KOSPI,0.72
007340,DN오토모티브,49450.0,161405.0,201687.0,7981477250.0,9973422150.0,KOSPI,0.51
031210,서울보증보험,41350.0,37995.0,46652.0,1571093250.0,1929060200.0,KOSPI,-0.24
139130,iM금융지주,18060.0,208263.0,227741.0,3761229780.0,4113002460.0,KOSPI,-0.06
302440,SK바이오사이언스,35750.0,51840.0,67032.0,1853280000.0,2396394000.0,KOSPI,0.28
004800,효성,164900.0,18282.0,21929.0,3014701800.0,3616092100.0,KOSPI,1.17
139260,TIGER 200 IT,142620.0,215779.0,215779.0,30774400980.0,30774400980.0,KOSPI,1.01
085620,미래에셋생명,19960.0,128415.0,128415.0,2563163400.0,2563163400.0,KOSPI,3.15
011170,롯데케미칼,62900.0,153366.0,195637.0,9646721400.0,12305567300.0,KOSPI,-1.1
472150,TIGER 배당커버드콜액티브,21005.0,5341805.0,5341805.0,112204614025.0,112204614025.0,KOSPI,0.19
097950,CJ제일제당,174500.0,56873.0,68384.0,9924338500.0,11933008000.0,KOSPI,-0.06
426030,TIME 미국나스닥100액티브,47830.0,847322.0,847322.0,40527411260.0,40527411260.0,KOSPI,-0.25
383220,F&F,68200.0,35342.0,38352.0,2410324400.0,2615606400.0,KOSPI,-0.29
003690,코리안리,14670.0,192376.0,223197.0,2822155920.0,3274299990.0,KOSPI,-1.94
486290,TIGER 미국나스닥100타겟데일리커버드콜,10645.0,2210712.0,2210712.0,23533029240.0,23533029240.0,KOSPI,0.19
481050,KODEX CD1년금리플러스액티브(합성),1023975.0,36174.0,36174.0,37041271650.0,37041271650.0,KOSPI,0.05
026960,동서,25400.0,31570.0,39610.0,801878000.0,1006094000.0,KOSPI,0.0
450080,에코프로머티,35300.0,219533.0,219533.0,7749514900.0,7749514900.0,KOSPI,3.07
278540,KODEX MSCI Korea TR,39935.0,28980.0,28980.0,1157316300.0,1157316300.0,KOSPI,0.28
004990,롯데지주,24450.0,81339.0,93932.0,1988738550.0,2296637400.0,KOSPI,0.2
005440,현대지에프홀딩스,13240.0,375968.0,416228.0,4977816320.0,5510858720.0,KOSPI,0.46
014680,한솔케미칼,224500.0,72631.0,87834.0,16305659500.0,19718733000.0,KOSPI,4.18
489790,한화비전,47800.0,204611.0,400230.0,9780405800.0,19130994000.0,KOSPI,2.25
009420,한올바이오파마,46100.0,157939.0,239152.0,7280987900.0,11024907200.0,KOSPI,-1.5
0193T0,KODEX SK하이닉스단일종목레버리지,11550.0,25880256.0,25880256.0,298916956800.0,298916956800.0,KOSPI,-3.39
161510,PLUS 고배당주,24965.0,576124.0,576124.0,14382935660.0,14382935660.0,KOSPI,-0.14
449170,TIGER KOFR금리액티브(합성),111960.0,58149.0,58149.0,6510362040.0,6510362040.0,KOSPI,0.03
004370,농심,390500.0,13325.0,17905.0,5203412500.0,6991902500.0,KOSPI,-1.01
000240,한국앤컴퍼니,24550.0,87821.0,91941.0,2156005550.0,2257151550.0,KOSPI,0.2
282330,BGF리테일,134400.0,33487.0,37953.0,4500652800.0,5100883200.0,KOSPI,-3.1
001720,신영증권,139100.0,6962.0,11988.0,968414200.0,1667530800.0,KOSPI,-0.64
005850,에스엘,49200.0,58410.0,77445.0,2873772000.0,3810294000.0,KOSPI,-0.1
483650,달바글로벌,178500.0,141383.0,201335.0,25236865500.0,35938297500.0,KOSPI,-2.51
018670,SK가스,239500.0,15048.0,18276.0,3603996000.0,4377102000.0,KOSPI,-1.84
103140,풍산,78900.0,64901.0,107621.0,5120688900.0,8491296900.0,KOSPI,1.15
385540,RISE 종합채권(A-이상)액티브,102755.0,8655.0,8655.0,889344525.0,889344525.0,KOSPI,0.0
279570,케이뱅크,5360.0,518730.0,518730.0,2780392800.0,2780392800.0,KOSPI,-0.37
204320,HL만도,46050.0,385429.0,385429.0,17749005450.0,17749005450.0,KOSPI,-2.64
009970,영원무역홀딩스,166000.0,12176.0,13625.0,2021216000.0,2261750000.0,KOSPI,0.06
456600,TIME 글로벌AI인공지능액티브,59690.0,238654.0,238654.0,14245257260.0,14245257260.0,KOSPI,-0.15
069960,현대백화점,99000.0,78908.0,104689.0,7811892000.0,10364211000.0,KOSPI,-0.9
112610,씨에스윈드,50200.0,215128.0,215128.0,10799425600.0,10799425600.0,KOSPI,-0.4
020150,롯데에너지머티리얼즈,40350.0,282064.0,465436.0,11381282400.0,18780342600.0,KOSPI,-2.54
051600,한전KPS,46800.0,133649.0,180233.0,6254773200.0,8434904400.0,KOSPI,1.41
030000,제일기획,17620.0,224745.0,285062.0,3960006900.0,5022792440.0,KOSPI,1.09
284430,KODEX 200미국채혼합50,20885.0,394826.0,394826.0,8245941010.0,8245941010.0,KOSPI,-0.85
081660,미스토홀딩스,37850.0,105442.0,119493.0,3990979700.0,4522810050.0,KOSPI,-1.69
139480,이마트,72700.0,89482.0,131365.0,6505341400.0,9550235500.0,KOSPI,-0.55
002790,아모레퍼시픽홀딩스,26150.0,61510.0,71395.0,1608486500.0,1866979250.0,KOSPI,-1.69
292150,TIGER 코리아TOP10,39100.0,613103.0,613103.0,23972327300.0,23972327300.0,KOSPI,-0.51
457190,이수스페셜티케미컬,64400.0,85170.0,154205.0,5484948000.0,9930802000.0,KOSPI,0.78
007070,GS리테일,23200.0,134792.0,158222.0,3127174400.0,3670750400.0,KOSPI,-0.43
000155,두산우,484000.0,13186.0,13186.0,6382024000.0,6382024000.0,KOSPI,1.89
073240,금호타이어,6690.0,884728.0,1746796.0,5918830320.0,11686065240.0,KOSPI,-1.33
294400,KIWOOM 200TR,146895.0,67848.0,67848.0,9966531960.0,9966531960.0,KOSPI,0.14
229640,LS에코에너지,60200.0,250400.0,555799.0,15074080000.0,33459099800.0,KOSPI,0.5
181710,NHN,57000.0,170517.0,251389.0,9719469000.0,14329173000.0,KOSPI,1.24
462870,시프트업,30900.0,39905.0,49787.0,1233064500.0,1538418300.0,KOSPI,0.32
214980,KODEX 단기채권PLUS,114425.0,44657.0,44657.0,5109877225.0,5109877225.0,KOSPI,0.0
089860,롯데렌탈,49650.0,59314.0,80911.0,2944940100.0,4017231150.0,KOSPI,0.91
442580,PLUS 글로벌HBM반도체,105455.0,417659.0,417659.0,44044229845.0,44044229845.0,KOSPI,0.08
439260,대한조선,46050.0,24192.0,42489.0,1114041600.0,1956618450.0,KOSPI,-0.75
475150,SK이터닉스,51000.0,765566.0,765566.0,39043866000.0,39043866000.0,KOSPI,1.59
105190,ACE 200,112140.0,188675.0,188675.0,21158014500.0,21158014500.0,KOSPI,0.17
020560,아시아나항공,8330.0,607129.0,847057.0,5057384570.0,7055984810.0,KOSPI,8.18
023590,다우기술,39450.0,29445.0,38194.0,1161605250.0,1506753300.0,KOSPI,0.13
071970,HD현대마린엔진,50200.0,190253.0,300390.0,9550700600.0,15079578000.0,KOSPI,-1.76
441640,KODEX 미국배당커버드콜액티브,12345.0,1214781.0,1214781.0,14996471445.0,14996471445.0,KOSPI,-1.08
305720,KODEX 2차전지산업,14305.0,2363007.0,2363007.0,33802815135.0,33802815135.0,KOSPI,-0.49
475630,TIGER CD1년금리액티브(합성),1078300.0,120297.0,120297.0,129716255100.0,129716255100.0,KOSPI,0.04
120110,코오롱인더,55500.0,136394.0,235574.0,7569867000.0,13074357000.0,KOSPI,-2.8
001430,세아베스틸지주,45550.0,139300.0,205981.0,6345115000.0,9382434550.0,KOSPI,4.0
000120,CJ대한통운,71100.0,26888.0,35989.0,1911736800.0,2558817900.0,KOSPI,0.57
368590,RISE 미국나스닥100,30620.0,207993.0,207993.0,6368745660.0,6368745660.0,KOSPI,0.57
395400,SK리츠,5370.0,223987.0,223987.0,1202810190.0,1202810190.0,KOSPI,1.9
446770,ACE 글로벌반도체TOP4 Plus,79625.0,105158.0,105158.0,8373205750.0,8373205750.0,KOSPI,-0.16
001120,LX인터내셔널,41400.0,87419.0,102849.0,3619146600.0,4257948600.0,KOSPI,-0.6
281820,케이씨텍,80600.0,286876.0,550975.0,23122205600.0,44408585000.0,KOSPI,4.54
007810,코리아써키트,66400.0,2974905.0,7095373.0,197533692000.0,471132767200.0,KOSPI,26.96
008770,호텔신라,40450.0,78884.0,109653.0,3190857800.0,4435463850.0,KOSPI,0.87
0193W0,KODEX 삼성전자단일종목레버리지,13200.0,9179393.0,9179393.0,121167987600.0,121167987600.0,KOSPI,2.56
329200,TIGER 리츠부동산인프라,4090.0,3580330.0,3580330.0,14643549700.0,14643549700.0,KOSPI,0.25
0195S0,TIGER SK하이닉스단일종목레버리지,9830.0,14753187.0,14753187.0,145023828210.0,145023828210.0,KOSPI,-3.3
0177N0,KODEX 삼성전자SK하이닉스채권혼합50,14620.0,3611600.0,3611600.0,52801592000.0,52801592000.0,KOSPI,0.03
294870,IPARK현대산업개발,23600.0,155188.0,174090.0,3662436800.0,4108524000.0,KOSPI,0.43
006040,동원산업,35050.0,27037.0,36428.0,947646850.0,1276801400.0,KOSPI,-1.27
477080,RISE CD금리액티브(합성),107685.0,5377.0,5377.0,579022245.0,579022245.0,KOSPI,0.04
012630,HDC,25800.0,65668.0,87816.0,1694234400.0,2265652800.0,KOSPI,-0.39
001820,삼화콘덴서,147600.0,1426070.0,1426070.0,210487932000.0,210487932000.0,KOSPI,1.1
152100,PLUS 200,113615.0,199033.0,199033.0,22613134295.0,22613134295.0,KOSPI,0.22
379780,RISE 미국S&P500,22875.0,334783.0,334783.0,7658161125.0,7658161125.0,KOSPI,-0.67
009155,삼성전기우,514000.0,59831.0,59831.0,30753134000.0,30753134000.0,KOSPI,0.98
453850,ACE 미국30년국채액티브(H),7125.0,539838.0,539838.0,3846345750.0,3846345750.0,KOSPI,-0.14
226490,KODEX 코스피,72000.0,447038.0,447038.0,32186736000.0,32186736000.0,KOSPI,0.18
487230,KODEX 미국AI전력핵심인프라,19510.0,766098.0,766098.0,14946571980.0,14946571980.0,KOSPI,-2.69
093370,후성,13580.0,2931423.0,2931423.0,39808724340.0,39808724340.0,KOSPI,-2.3
011210,현대위아,53500.0,57491.0,74641.0,3075768500.0,3993293500.0,KOSPI,-0.19
466920,SOL 조선TOP3플러스,27220.0,571328.0,571328.0,15551548160.0,15551548160.0,KOSPI,-0.11
006280,녹십자,123400.0,18851.0,23736.0,2326213400.0,2929022400.0,KOSPI,-1.83
001800,오리온홀딩스,23900.0,77471.0,92196.0,1851556900.0,2203484400.0,KOSPI,-0.42
091230,TIGER 반도체,144855.0,143986.0,143986.0,20857092030.0,20857092030.0,KOSPI,1.52
00680K,미래에셋증권2우B,10910.0,187148.0,187148.0,2041784680.0,2041784680.0,KOSPI,1.58
232080,TIGER 코스닥150,14175.0,8144341.0,8144341.0,115446033675.0,115446033675.0,KOSPI,-0.98
097230,HJ중공업,15160.0,355981.0,355981.0,5396671960.0,5396671960.0,KOSPI,-0.26
298020,효성티앤씨,314000.0,22251.0,30833.0,6986814000.0,9681562000.0,KOSPI,-1.1
005070,코스모신소재,40450.0,91400.0,161335.0,3697130000.0,6526000750.0,KOSPI,-0.61
361610,SK아이이테크놀로지,16300.0,234294.0,395923.0,3818992200.0,6453544900.0,KOSPI,0.56
390390,KODEX 미국반도체,54660.0,779941.0,779941.0,42631575060.0,42631575060.0,KOSPI,0.52
322000,HD현대에너지솔루션,117700.0,223498.0,223498.0,26305714600.0,26305714600.0,KOSPI,-0.76
448330,KODEX 삼성전자채권혼합,17625.0,492149.0,492149.0,8674126125.0,8674126125.0,KOSPI,0.51
530031,삼성 레버리지 WTI원유 선물 ETN,3210.0,301397.0,301397.0,967484370.0,967484370.0,KOSPI,-2.13
157450,TIGER 단기통안채,112710.0,6315.0,6315.0,711763650.0,711763650.0,KOSPI,0.04
436140,SOL 종합채권(AA-이상)액티브,106175.0,46.0,46.0,4884050.0,4884050.0,KOSPI,0.15
415640,KB발해인프라,10340.0,224129.0,224129.0,2317493860.0,2317493860.0,KOSPI,0.58
003540,대신증권,26450.0,56675.0,80493.0,1499053750.0,2129039850.0,KOSPI,0.19
069620,대웅제약,108600.0,15299.0,19113.0,1661471400.0,2075671800.0,KOSPI,0.28
007310,오뚜기,313000.0,4099.0,5386.0,1282987000.0,1685818000.0,KOSPI,-0.32
438080,ACE 미국S&P500미국채혼합50액티브,13915.0,511002.0,511002.0,7110592830.0,7110592830.0,KOSPI,-1.07
192080,더블유게임즈,58600.0,30630.0,31265.0,1794918000.0,1832129000.0,KOSPI,0.51
066575,LG전자우,72200.0,154927.0,154927.0,11185729400.0,11185729400.0,KOSPI,3.59
001740,SK네트웍스,6170.0,688533.0,688533.0,4248248610.0,4248248610.0,KOSPI,1.31
000815,삼성화재우,409500.0,6272.0,6272.0,2568384000.0,2568384000.0,KOSPI,0.0
300720,한일시멘트,16120.0,35456.0,44094.0,571550720.0,710795280.0,KOSPI,-0.86
0072R0,TIGER KRX금현물,12615.0,1029680.0,1029680.0,12989413200.0,12989413200.0,KOSPI,-2.4
469150,ACE AI반도체TOP3+,62400.0,300901.0,300901.0,18776222400.0,18776222400.0,KOSPI,1.5
330590,롯데리츠,4055.0,170270.0,170270.0,690444850.0,690444850.0,KOSPI,1.12
487340,ACE 머니마켓액티브,106095.0,34834.0,34834.0,3695713230.0,3695713230.0,KOSPI,0.05
494310,KODEX 반도체레버리지,88040.0,3285022.0,3285022.0,289213336880.0,289213336880.0,KOSPI,1.8
0183J0,TIGER 미국우주테크,7805.0,1985622.0,1985622.0,15497779710.0,15497779710.0,KOSPI,1.83
280360,롯데웰푸드,124500.0,9592.0,11535.0,1194204000.0,1436107500.0,KOSPI,-2.28
356540,ACE 종합채권(AA-이상)액티브,101130.0,48711.0,48711.0,4926143430.0,4926143430.0,KOSPI,-0.02
030610,교보증권,10020.0,22816.0,31687.0,228616320.0,317503740.0,KOSPI,0.2
004000,롯데정밀화학,43800.0,73391.0,92386.0,3214525800.0,4046506800.0,KOSPI,-1.57
497570,TIGER 미국필라델피아AI반도체나스닥,22175.0,497889.0,497889.0,11040688575.0,11040688575.0,KOSPI,1.0
455850,SOL AI반도체소부장,26520.0,2404700.0,2404700.0,63772644000.0,63772644000.0,KOSPI,2.37
465580,ACE 미국빅테크TOP7 Plus,24670.0,886644.0,886644.0,21873507480.0,21873507480.0,KOSPI,-0.42
494890,KODEX 200액티브,32235.0,162189.0,162189.0,5228162415.0,5228162415.0,KOSPI,0.2
445290,KODEX 로봇액티브,31155.0,346745.0,346745.0,10802840475.0,10802840475.0,KOSPI,0.83
000210,DL,51700.0,30194.0,41923.0,1561029800.0,2167419100.0,KOSPI,-0.39
0139F0,TIGER 12월자동연장금융채(AA-이상)액티브,102300.0,1535.0,1535.0,157030500.0,157030500.0,KOSPI,0.04
006340,대원전선,13750.0,7439697.0,7439697.0,102295833750.0,102295833750.0,KOSPI,1.55
017960,한국카본,20600.0,103352.0,164234.0,2129051200.0,3383220400.0,KOSPI,0.24
449180,KODEX 미국S&P500(H),17340.0,596450.0,596450.0,10342443000.0,10342443000.0,KOSPI,1.05
000080,하이트진로,15060.0,56590.0,70273.0,852245400.0,1058311380.0,KOSPI,-0.07
0117V0,TIGER 코리아AI전력기기TOP3플러스,19525.0,1631435.0,1631435.0,31853768375.0,31853768375.0,KOSPI,0.59
295040,SOL 200TR,41955.0,80265.0,80265.0,3367518075.0,3367518075.0,KOSPI,0.13
469830,SOL 초단기채권액티브,54490.0,260906.0,260906.0,14216767940.0,14216767940.0,KOSPI,0.04
451540,TIGER 종합채권(AA-이상)액티브,52715.0,5353.0,5353.0,282183395.0,282183395.0,KOSPI,-0.02
494300,KODEX 미국나스닥100데일리커버드콜OTM,9020.0,2110718.0,2110718.0,19038676360.0,19038676360.0,KOSPI,-1.2
0195R0,TIGER 삼성전자단일종목레버리지,11990.0,5506313.0,5506313.0,66020692870.0,66020692870.0,KOSPI,2.48
479520,RISE KOFR금리액티브(합성),106580.0,2849.0,2849.0,303646420.0,303646420.0,KOSPI,0.06
195870,해성디에스,60100.0,329818.0,681421.0,19822061800.0,40953402100.0,KOSPI,6.75
446720,SOL 미국배당다우존스,13305.0,572882.0,572882.0,7622195010.0,7622195010.0,KOSPI,-1.63
003240,태광산업,901000.0,1214.0,1405.0,1093814000.0,1265905000.0,KOSPI,0.9
003530,한화투자증권,4660.0,2463624.0,2463624.0,11480487840.0,11480487840.0,KOSPI,0.11
006120,SK디스커버리,57200.0,21495.0,22741.0,1229514000.0,1300785200.0,KOSPI,0.88
760009,키움 CD금리투자 ETN,107515.0,3.0,3.0,322545.0,322545.0,KOSPI,0.0
449450,PLUS K방산,51235.0,353409.0,353409.0,18106910115.0,18106910115.0,KOSPI,-1.21
003160,디아이,34850.0,710771.0,1549888.0,24770369350.0,54013596800.0,KOSPI,-1.55
315930,KODEX Top5PlusTR,81245.0,8627.0,8627.0,700900615.0,700900615.0,KOSPI,0.06
495050,RISE 코리아밸류업,32830.0,129867.0,129867.0,4263533610.0,4263533610.0,KOSPI,0.08
237350,KODEX 코스피100,89330.0,162720.0,162720.0,14535777600.0,14535777600.0,KOSPI,0.28
192400,쿠쿠홀딩스,26850.0,19354.0,22790.0,519654900.0,611911500.0,KOSPI,-0.56
451800,한화리츠,5300.0,131332.0,131332.0,696059600.0,696059600.0,KOSPI,-0.93
402970,ACE 미국배당다우존스,14740.0,461521.0,461521.0,6802819540.0,6802819540.0,KOSPI,-1.63
438100,ACE 미국나스닥100미국채혼합50액티브,15195.0,295213.0,295213.0,4485761535.0,4485761535.0,KOSPI,-0.75
003090,대웅,16030.0,64233.0,74094.0,1029654990.0,1187726820.0,KOSPI,0.82
009240,한샘,39400.0,19327.0,23675.0,761483800.0,932795000.0,KOSPI,0.38
077970,STX엔진,23050.0,131339.0,237203.0,3027363950.0,5467529150.0,KOSPI,0.0
032350,롯데관광개발,11560.0,247026.0,307488.0,2855620560.0,3554561280.0,KOSPI,-1.11
305540,TIGER 2차전지테마,18285.0,206713.0,206713.0,3779747205.0,3779747205.0,KOSPI,-0.19
0048J0,KODEX 미국머니마켓액티브,13560.0,1166163.0,1166163.0,15813170280.0,15813170280.0,KOSPI,-1.74
003570,SNT다이내믹스,27300.0,25474.0,38494.0,695440200.0,1050886200.0,KOSPI,-0.55
000370,한화손해보험,7770.0,701760.0,701760.0,5452675200.0,5452675200.0,KOSPI,-3.72
030190,NICE평가정보,15490.0,27685.0,30963.0,428840650.0,479616870.0,KOSPI,0.78
071320,지역난방공사,77800.0,15465.0,28428.0,1203177000.0,2211698400.0,KOSPI,-0.26
009450,경동나비엔,61300.0,29024.0,39986.0,1779171200.0,2451141800.0,KOSPI,1.66
051915,LG화학우,115900.0,15356.0,15356.0,1779760400.0,1779760400.0,KOSPI,0.0
185750,종근당,64500.0,21011.0,26728.0,1355209500.0,1723956000.0,KOSPI,-0.15
034230,파라다이스,9560.0,170778.0,229608.0,1632637680.0,2195052480.0,KOSPI,0.21
479080,1Q 머니마켓액티브,53885.0,27058.0,27058.0,1458020330.0,1458020330.0,KOSPI,0.05
005300,롯데칠성,94700.0,13092.0,14606.0,1239812400.0,1383188200.0,KOSPI,0.21
079160,CJ CGV,5270.0,220488.0,220488.0,1161971760.0,1161971760.0,KOSPI,-0.19
0117L0,KODEX 26-12 금융채(AA-이상)액티브,10175.0,13708.0,13708.0,139478900.0,139478900.0,KOSPI,0.0
0177R0,TIGER 반도체TOP10커버드콜액티브,11785.0,2110480.0,2110480.0,24872006800.0,24872006800.0,KOSPI,0.73
475720,RISE 200위클리커버드콜,12900.0,692226.0,692226.0,8929715400.0,8929715400.0,KOSPI,0.51
285130,SK케미칼,49800.0,85782.0,111366.0,4271943600.0,5546026800.0,KOSPI,-2.92
003470,유안타증권,4465.0,378005.0,378005.0,1687792325.0,1687792325.0,KOSPI,-1.54
071055,한국금융지주우,145800.0,12938.0,12938.0,1886360400.0,1886360400.0,KOSPI,0.48
0219E0,KODEX 200커버드콜액티브,8615.0,5447442.0,5447442.0,46929712830.0,46929712830.0,KOSPI,0.35
466940,TIGER 은행고배당플러스TOP10,27135.0,818483.0,818483.0,22209536205.0,22209536205.0,KOSPI,-0.71
069660,KIWOOM 200,111835.0,50924.0,50924.0,5695085540.0,5695085540.0,KOSPI,0.21
006110,삼아알미늄,55100.0,116881.0,194111.0,6440143100.0,10695516100.0,KOSPI,-2.48
498410,KODEX 금융고배당TOP10타겟위클리커버드콜,11830.0,1811490.0,1811490.0,21429926700.0,21429926700.0,KOSPI,-0.38
004490,세방전지,59000.0,62597.0,81138.0,3693223000.0,4787142000.0,KOSPI,0.0
490590,RISE 미국AI밸류체인데일리고정커버드콜,14595.0,768588.0,768588.0,11217541860.0,11217541860.0,KOSPI,0.69
000670,영풍,43700.0,189579.0,288182.0,8284602300.0,12593553400.0,KOSPI,-0.34
100840,SNT에너지,38900.0,589505.0,1186549.0,22931744500.0,46156756100.0,KOSPI,5.85
441800,TIME Korea플러스배당액티브,29265.0,166097.0,166097.0,4860828705.0,4860828705.0,KOSPI,-0.05
153130,KODEX 단기채권,113185.0,6574.0,6574.0,744078190.0,744078190.0,KOSPI,0.03
272580,TIGER 단기채권액티브,57190.0,27238.0,27238.0,1557741220.0,1557741220.0,KOSPI,0.03
0025N0,TIGER TDF2045 적격,11950.0,279112.0,279112.0,3335388400.0,3335388400.0,KOSPI,-0.58
365550,ESR켄달스퀘어리츠,3175.0,188839.0,188839.0,599563825.0,599563825.0,KOSPI,1.93
144600,KODEX 은선물(H),10580.0,378062.0,378062.0,3999895960.0,3999895960.0,KOSPI,-1.08
476550,TIGER 미국30년국채커버드콜액티브(H),6765.0,804396.0,804396.0,5441738940.0,5441738940.0,KOSPI,0.07
457480,ACE 테슬라밸류체인액티브,18700.0,194166.0,194166.0,3630904200.0,3630904200.0,KOSPI,0.03
005090,SGC에너지,52700.0,87529.0,145813.0,4612778300.0,7684345100.0,KOSPI,-1.68
005690,파미셀,12650.0,2136135.0,2136135.0,27022107750.0,27022107750.0,KOSPI,2.26
114800,KODEX 인버스,978.0,527918179.0,527918179.0,516303979062.0,516303979062.0,KOSPI,0.0
036530,SNT홀딩스,46050.0,13112.0,19827.0,603807600.0,913033350.0,KOSPI,-0.54
005180,빙그레,84400.0,36740.0,46366.0,3100856000.0,3913290400.0,KOSPI,-0.12
481060,KODEX 미국30년국채타겟커버드콜(합성 H),7305.0,793354.0,793354.0,5795450970.0,5795450970.0,KOSPI,-0.2
252670,KODEX 200선물인버스2X,70.0,3966392618.0,3966392618.0,277647483260.0,277647483260.0,KOSPI,1.45
137310,에스디바이오센서,6110.0,58528.0,78339.0,357606080.0,478651290.0,KOSPI,-0.65
700028,하나 레버리지 반도체 ETN,209275.0,2079.0,2079.0,435082725.0,435082725.0,KOSPI,2.94
418660,TIGER 미국나스닥100레버리지(합성),41140.0,429230.0,429230.0,17658522200.0,17658522200.0,KOSPI,0.6
0061Z0,RISE 단기특수은행채액티브,51085.0,4443.0,4443.0,226970655.0,226970655.0,KOSPI,0.03
214320,이노션,18100.0,81249.0,88149.0,1470606900.0,1595496900.0,KOSPI,-0.17
499790,GS피앤엘,36500.0,147413.0,184387.0,5380574500.0,6730125500.0,KOSPI,-3.82
100090,SK오션플랜트,11560.0,345190.0,345190.0,3990396400.0,3990396400.0,KOSPI,-0.09
094800,맵스리얼티,7760.0,56645.0,56645.0,439565200.0,439565200.0,KOSPI,-1.15
456610,TIGER 미국달러SOFR금리액티브(합성),59090.0,55824.0,55824.0,3298640160.0,3298640160.0,KOSPI,-1.65
298050,HS효성첨단소재,159500.0,11491.0,15825.0,1832814500.0,2524087500.0,KOSPI,-0.99
003850,보령,8290.0,324362.0,632107.0,2688960980.0,5240167030.0,KOSPI,0.85
367760,RISE 네트워크인프라,61260.0,151481.0,151481.0,9279726060.0,9279726060.0,KOSPI,1.71
434730,HANARO 원자력iSelect,60255.0,619772.0,619772.0,37344361860.0,37344361860.0,KOSPI,1.17
462330,KODEX 2차전지산업레버리지,976.0,45048411.0,45048411.0,43967249136.0,43967249136.0,KOSPI,-0.91
0127P0,ACE 미국대형성장주액티브,10580.0,76840.0,76840.0,812967200.0,812967200.0,KOSPI,0.52
329750,TIGER 미국달러단기채권액티브,12855.0,333995.0,333995.0,4293505725.0,4293505725.0,KOSPI,-1.61
290130,RISE ESG사회책임투자,48925.0,126313.0,126313.0,6179863525.0,6179863525.0,KOSPI,0.24
364980,TIGER 2차전지TOP10,10020.0,1425104.0,1425104.0,14279542080.0,14279542080.0,KOSPI,-0.1
495850,KODEX 코리아밸류업,32625.0,56411.0,56411.0,1840408875.0,1840408875.0,KOSPI,0.25
488080,TIGER 반도체TOP10레버리지,37555.0,5442615.0,5442615.0,204397406325.0,204397406325.0,KOSPI,0.28
090460,비에이치,20100.0,924004.0,2231428.0,18572480400.0,44851702800.0,KOSPI,3.24
458760,TIGER 미국배당다우존스타겟커버드콜2호,10625.0,375028.0,375028.0,3984672500.0,3984672500.0,KOSPI,-1.71
064960,SNT모티브,25500.0,72732.0,93647.0,1854666000.0,2387998500.0,KOSPI,-0.2
314250,KODEX 미국빅테크10(H),64860.0,65401.0,65401.0,4241908860.0,4241908860.0,KOSPI,2.42
371460,TIGER 차이나전기차SOLACTIVE,9420.0,87657.0,87657.0,825728940.0,825728940.0,KOSPI,-0.69
0101N0,RISE AI전력인프라,21405.0,573059.0,573059.0,12266327895.0,12266327895.0,KOSPI,1.35
293940,신한알파리츠,5550.0,119051.0,119051.0,660733050.0,660733050.0,KOSPI,1.28
0167B0,SOL 200타겟위클리커버드콜,12110.0,629412.0,629412.0,7622179320.0,7622179320.0,KOSPI,0.17
102970,KODEX 증권,17835.0,711105.0,711105.0,12682557675.0,12682557675.0,KOSPI,0.93
482730,TIGER 미국S&P500타겟데일리커버드콜,11605.0,555638.0,555638.0,6448178990.0,6448178990.0,KOSPI,-0.85
069260,TKG휴켐스,16190.0,31074.0,35921.0,503088060.0,581560990.0,KOSPI,-0.18
0091P0,TIGER 코리아원자력,18425.0,4743775.0,4743775.0,87404054375.0,87404054375.0,KOSPI,2.7
005880,대한해운,2045.0,975251.0,975251.0,1994388295.0,1994388295.0,KOSPI,0.74
0148J0,TIGER 코리아휴머노이드로봇산업,9720.0,2989667.0,2989667.0,29059563240.0,29059563240.0,KOSPI,-0.66
456040,OCI,73600.0,21890.0,33575.0,1611104000.0,2471120000.0,KOSPI,-0.94
268280,미원에스씨,131700.0,1080.0,1388.0,142236000.0,182799600.0,KOSPI,0.92
002960,한국쉘석유,503000.0,816.0,1104.0,410448000.0,555312000.0,KOSPI,-0.98
0007F0,KODEX 27-12 회사채(AA-이상)액티브,10185.0,31846.0,31846.0,324351510.0,324351510.0,KOSPI,-0.05
434060,KODEX TDF2050액티브 적격,16835.0,97018.0,97018.0,1633298030.0,1633298030.0,KOSPI,0.12
017940,E1,92200.0,9401.0,11466.0,866772200.0,1057165200.0,KOSPI,-2.33
000400,롯데손해보험,2035.0,209236.0,209236.0,425795260.0,425795260.0,KOSPI,-1.93
491010,TIGER 글로벌AI전력인프라액티브,24955.0,228473.0,228473.0,5701543715.0,5701543715.0,KOSPI,-1.13
093050,LF,21500.0,14189.0,17266.0,305063500.0,371219000.0,KOSPI,-0.46
079900,전진건설로봇,43000.0,104705.0,281261.0,4502315000.0,12094223000.0,KOSPI,5.01
138540,TIGER 현대차그룹플러스,48245.0,141719.0,141719.0,6837233155.0,6837233155.0,KOSPI,0.09
248070,솔루엠,13060.0,177883.0,243904.0,2323151980.0,3185386240.0,KOSPI,2.35
0015B0,KoAct 미국나스닥성장기업액티브,19385.0,535819.0,535819.0,10386851315.0,10386851315.0,KOSPI,0.15
000640,동아쏘시오홀딩스,92700.0,12531.0,13113.0,1161623700.0,1215575100.0,KOSPI,0.11
006650,대한유화,95900.0,47784.0,69721.0,4582485600.0,6686243900.0,KOSPI,-0.83
001060,JW중외제약,26650.0,28879.0,52945.0,769625350.0,1410984250.0,KOSPI,-2.02
383800,LX홀딩스,8090.0,70066.0,86430.0,566833940.0,699218700.0,KOSPI,0.37
317450,명인제약,42200.0,4384.0,9472.0,185004800.0,399718400.0,KOSPI,-0.12
002840,미원상사,136900.0,1276.0,1348.0,174684400.0,184541200.0,KOSPI,0.51
001680,대상,17760.0,41127.0,55953.0,730415520.0,993725280.0,KOSPI,0.0
453340,현대그린푸드,18870.0,23185.0,29192.0,437500950.0,550853040.0,KOSPI,-1.41
014820,동원시스템즈,21050.0,25647.0,31349.0,539869350.0,659896450.0,KOSPI,0.0
277630,TIGER 코스피,73080.0,144410.0,144410.0,10553482800.0,10553482800.0,KOSPI,0.21
489250,KODEX 미국배당다우존스,12490.0,663609.0,663609.0,8288476410.0,8288476410.0,KOSPI,-1.65
251600,PLUS 고배당주채권혼합,15330.0,267469.0,267469.0,4100299770.0,4100299770.0,KOSPI,-0.03
00088K,한화3우B,40300.0,10491.0,10491.0,422787300.0,422787300.0,KOSPI,1.77
017900,광전자,10200.0,4148459.0,4148459.0,42314281800.0,42314281800.0,KOSPI,-7.78
484790,KODEX 미국30년국채액티브(H),8175.0,170051.0,170051.0,1390166925.0,1390166925.0,KOSPI,-0.18
108320,LX세미콘,36050.0,51484.0,76511.0,1855998200.0,2758221550.0,KOSPI,0.28
466950,TIGER 글로벌AI액티브,31675.0,289439.0,289439.0,9167980325.0,9167980325.0,KOSPI,1.67
423920,TIGER 미국필라델피아반도체레버리지(합성),86345.0,369898.0,369898.0,31938842810.0,31938842810.0,KOSPI,1.4
491620,RISE 미국테크100데일리고정커버드콜,10580.0,609484.0,609484.0,6448340720.0,6448340720.0,KOSPI,0.0
449190,KODEX 미국나스닥100(H),22925.0,643063.0,643063.0,14742219275.0,14742219275.0,KOSPI,2.09
033240,자화전자,26750.0,99844.0,158177.0,2670827000.0,4231234750.0,KOSPI,-3.43
0019K0,TIME 미국나스닥100채권혼합50액티브,13395.0,334840.0,334840.0,4485181800.0,4485181800.0,KOSPI,-0.37
075580,세진중공업,10090.0,83966.0,156519.0,847216940.0,1579276710.0,KOSPI,-0.69
025540,한국단자,56600.0,15709.0,19225.0,889129400.0,1088135000.0,KOSPI,0.71
192650,드림텍,8540.0,2413660.0,2413660.0,20612656400.0,20612656400.0,KOSPI,4.15
016380,KG스틸,5620.0,130012.0,130012.0,730667440.0,730667440.0,KOSPI,-0.35
451000,PLUS 종합채권(AA-이상)액티브,107165.0,552.0,552.0,59155080.0,59155080.0,KOSPI,0.07
396520,TIGER 차이나반도체FACTSET,13550.0,587798.0,587798.0,7964662900.0,7964662900.0,KOSPI,-0.55
477050,PLUS 머니마켓액티브,53605.0,18928.0,18928.0,1014635440.0,1014635440.0,KOSPI,0.04
0220W0,한화머시너리앤서비스홀딩스,6540.0,1593008.0,1593008.0,10418272320.0,10418272320.0,KOSPI,2.19
494670,TIGER 조선TOP10,21650.0,338582.0,338582.0,7330300300.0,7330300300.0,KOSPI,0.32
114090,GKL,8910.0,65504.0,93557.0,583640640.0,833592870.0,KOSPI,-0.34
002350,넥센타이어,5580.0,102912.0,102912.0,574248960.0,574248960.0,KOSPI,2.01
336370,솔루스첨단소재,7760.0,166615.0,263772.0,1292932400.0,2046870720.0,KOSPI,-2.88
003300,한일홀딩스,17650.0,12697.0,15394.0,224102050.0,271704100.0,KOSPI,0.51
007700,F&F홀딩스,13870.0,13568.0,15837.0,188188160.0,219659190.0,KOSPI,2.89
001510,SK증권,2340.0,3492728.0,3492728.0,8172983520.0,8172983520.0,KOSPI,-1.68
00104K,CJ4우(전환),127800.0,2812.0,2812.0,359373600.0,359373600.0,KOSPI,0.95
005810,풍산홀딩스,37450.0,10810.0,14742.0,404834500.0,552087900.0,KOSPI,0.27
371160,TIGER 차이나항셍테크,6585.0,178969.0,178969.0,1178510865.0,1178510865.0,KOSPI,-0.68
178920,PI첨단소재,18250.0,41218.0,59426.0,752228500.0,1084524500.0,KOSPI,-2.14
455030,KODEX 미국달러SOFR금리액티브(합성),11665.0,191322.0,191322.0,2231771130.0,2231771130.0,KOSPI,-1.85
284740,쿠쿠홈시스,23800.0,9149.0,11312.0,217746200.0,269225600.0,KOSPI,-0.42
0105E0,SOL 코리아고배당,12870.0,194900.0,194900.0,2508363000.0,2508363000.0,KOSPI,0.16
001270,부국증권,51100.0,1033.0,1478.0,52786300.0,75525800.0,KOSPI,-0.97
058650,세아홀딩스,130300.0,903.0,903.0,117660900.0,117660900.0,KOSPI,0.08
001530,DI동일,25400.0,30941.0,40731.0,785901400.0,1034567400.0,KOSPI,0.2
315960,RISE 대형고배당10TR,79570.0,46369.0,46369.0,3689581330.0,3689581330.0,KOSPI,-0.01
009410,태영건설,1641.0,134727.0,134727.0,221087007.0,221087007.0,KOSPI,0.18
452260,한화갤러리아,2680.0,1071061.0,1071061.0,2870443480.0,2870443480.0,KOSPI,-1.47
361580,RISE 200TR,63650.0,211146.0,211146.0,13439442900.0,13439442900.0,KOSPI,0.27
004710,한솔테크닉스,9760.0,676979.0,676979.0,6607315040.0,6607315040.0,KOSPI,-0.1
462010,TIGER 2차전지소재Fn,4730.0,1662211.0,1662211.0,7862258030.0,7862258030.0,KOSPI,1.18
365780,ACE 국고채10년,81895.0,6335.0,6335.0,518804825.0,518804825.0,KOSPI,-0.12
003620,KG모빌리티,2525.0,602204.0,602204.0,1520565100.0,1520565100.0,KOSPI,-1.75
444200,SOL 코리아메가테크액티브,46035.0,49463.0,49463.0,2277029205.0,2277029205.0,KOSPI,0.38
435420,TIGER 미국나스닥100채권혼합50,14140.0,315065.0,315065.0,4455019100.0,4455019100.0,KOSPI,0.21
496080,TIGER 코리아밸류업,32630.0,197559.0,197559.0,6446350170.0,6446350170.0,KOSPI,-0.21
438330,TIGER 우량회사채액티브,115330.0,6019.0,6019.0,694171270.0,694171270.0,KOSPI,0.1
463250,TIGER K방산&우주,33460.0,190709.0,190709.0,6381123140.0,6381123140.0,KOSPI,-1.04
114260,KODEX 국고채3년,61630.0,9840.0,9840.0,606439200.0,606439200.0,KOSPI,0.04
496020,WON 전단채플러스액티브,52575.0,3462.0,3462.0,182014650.0,182014650.0,KOSPI,0.04
003545,대신증권우,20350.0,15635.0,15635.0,318172250.0,318172250.0,KOSPI,0.74
251350,KODEX MSCI선진국,38660.0,38959.0,38959.0,1506154940.0,1506154940.0,KOSPI,-0.91
002990,금호건설,13270.0,1895575.0,1895575.0,25154280250.0,25154280250.0,KOSPI,2.39
448290,TIGER 미국S&P500(H),17975.0,96719.0,96719.0,1738524025.0,1738524025.0,KOSPI,1.07
460860,동국제강,9940.0,105499.0,152154.0,1048660060.0,1512410760.0,KOSPI,-1.19
484870,엠앤씨솔루션,17900.0,88225.0,141930.0,1579227500.0,2540547000.0,KOSPI,-1.38
001500,현대차증권,7910.0,48643.0,80887.0,384766130.0,639816170.0,KOSPI,0.25
161000,애경케미칼,10010.0,119843.0,340805.0,1199628430.0,3411458050.0,KOSPI,2.04
476800,KODEX 한국부동산리츠인프라,4210.0,390126.0,390126.0,1642430460.0,1642430460.0,KOSPI,0.24
019170,신풍제약,9270.0,141108.0,329631.0,1308071160.0,3055679370.0,KOSPI,-0.86
0163Y0,KoAct 코스닥액티브,9715.0,550829.0,550829.0,5351303735.0,5351303735.0,KOSPI,1.25
029460,케이씨,43500.0,33597.0,60349.0,1461469500.0,2625181500.0,KOSPI,-2.47
483280,KODEX 미국AI테크TOP10타겟커버드콜,12025.0,225607.0,225607.0,2712924175.0,2712924175.0,KOSPI,0.04
004690,삼천리,130600.0,2958.0,3943.0,386314800.0,514955800.0,KOSPI,-0.53
039130,하나투어,30550.0,21967.0,36163.0,671091850.0,1104779650.0,KOSPI,0.33
377740,바이오노트,4640.0,44620.0,44620.0,207036800.0,207036800.0,KOSPI,-0.22
145990,삼양사,45500.0,7668.0,8373.0,348894000.0,380971500.0,KOSPI,-1.09
0190C0,RISE 현대차고정피지컬AI,7740.0,661117.0,661117.0,5117045580.0,5117045580.0,KOSPI,1.18
490490,SOL 미국배당미국채혼합50,10715.0,242710.0,242710.0,2600637650.0,2600637650.0,KOSPI,-1.65
243880,TIGER 200IT레버리지,352010.0,144558.0,144558.0,50885861580.0,50885861580.0,KOSPI,2.48
010780,아이에스동서,15390.0,56729.0,68021.0,873059310.0,1046843190.0,KOSPI,1.65
002240,고려제강,16860.0,15744.0,22099.0,265443840.0,372589140.0,KOSPI,-0.59
008060,대덕,14520.0,103284.0,138047.0,1499683680.0,2004442440.0,KOSPI,1.97
000070,삼양홀딩스,58500.0,5804.0,7605.0,339534000.0,444892500.0,KOSPI,0.0
451060,1Q 200액티브,35870.0,132272.0,132272.0,4744596640.0,4744596640.0,KOSPI,0.31
499660,TIGER CD금리플러스액티브(합성),1002670.0,22030.0,22030.0,22088820100.0,22088820100.0,KOSPI,0.05
471230,KODEX 국고채10년액티브,103050.0,23545.0,23545.0,2426312250.0,2426312250.0,KOSPI,-0.1
005250,녹십자홀딩스,9520.0,33365.0,58225.0,317634800.0,554302000.0,KOSPI,-1.04
003030,세아제강지주,107500.0,12736.0,14557.0,1369120000.0,1564877500.0,KOSPI,0.56
090435,아모레퍼시픽우,42100.0,46102.0,46102.0,1940894200.0,1940894200.0,KOSPI,-1.64
471990,KODEX AI반도체핵심장비,26530.0,1275373.0,1275373.0,33835645690.0,33835645690.0,KOSPI,3.11
293180,HANARO 200,112180.0,21373.0,21373.0,2397623140.0,2397623140.0,KOSPI,0.18
249420,일동제약,13990.0,136089.0,278082.0,1903885110.0,3890367180.0,KOSPI,-1.06
448730,삼성FN리츠,4860.0,314468.0,314468.0,1528314480.0,1528314480.0,KOSPI,-2.8
004700,조광피혁,66200.0,363.0,520.0,24030600.0,34424000.0,KOSPI,-2.93
447770,TIGER 테슬라채권혼합Fn,13890.0,154426.0,154426.0,2144977140.0,2144977140.0,KOSPI,0.36
002030,아세아,213000.0,1491.0,1644.0,317583000.0,350172000.0,KOSPI,-1.62
034310,NICE,11910.0,31007.0,34569.0,369293370.0,411716790.0,KOSPI,-1.0
009900,명신산업,8340.0,336577.0,841667.0,2807052180.0,7019502780.0,KOSPI,-4.14
016610,DB증권,10250.0,23314.0,33741.0,238968500.0,345845250.0,KOSPI,-0.58
005945,NH투자증권우,23050.0,29080.0,29080.0,670294000.0,670294000.0,KOSPI,0.22
760013,키움 레버리지 반도체TOP10 ETN,86800.0,11146.0,11146.0,967472800.0,967472800.0,KOSPI,0.12
003280,흥아해운,1798.0,2467030.0,2467030.0,4435719940.0,4435719940.0,KOSPI,0.45
385560,RISE KIS국고채30년Enhanced,50015.0,26428.0,26428.0,1321796420.0,1321796420.0,KOSPI,-0.72
474220,TIGER 미국테크TOP10타겟커버드콜,15180.0,156081.0,156081.0,2369309580.0,2369309580.0,KOSPI,-0.59
020000,한섬,19960.0,353277.0,499316.0,7051408920.0,9966347360.0,KOSPI,7.54
448300,TIGER 미국나스닥100(H),23675.0,108228.0,108228.0,2562297900.0,2562297900.0,KOSPI,2.22
130660,한전산업,13040.0,727079.0,727079.0,9481110160.0,9481110160.0,KOSPI,1.16
0016X0,SOL 중단기회사채(A-이상)액티브,51510.0,426.0,426.0,21943260.0,21943260.0,KOSPI,0.07
0023A0,SOL 미국양자컴퓨팅TOP10,24215.0,215631.0,215631.0,5221504665.0,5221504665.0,KOSPI,-1.18
0162M0,KODEX 금융채1~2년(AA-이상)PLUS액티브,10050.0,4225.0,4225.0,42461250.0,42461250.0,KOSPI,0.0
072710,농심홀딩스,89700.0,1662.0,2492.0,149081400.0,223532400.0,KOSPI,0.22
0210A0,ACE K반도체TOP2+,7640.0,3445999.0,3445999.0,26327432360.0,26327432360.0,KOSPI,2.21
403550,쏘카,10770.0,12342.0,15425.0,132923340.0,166127250.0,KOSPI,-0.83
271940,일진하이솔루스,11240.0,42530.0,68511.0,478037200.0,770063640.0,KOSPI,0.81
426020,TIME 미국S&P500액티브,32135.0,114198.0,114198.0,3669752730.0,3669752730.0,KOSPI,-0.4
092230,KPX홀딩스,96300.0,2791.0,3211.0,268773300.0,309219300.0,KOSPI,-0.41
302450,RISE 코스피,72640.0,80977.0,80977.0,5882169280.0,5882169280.0,KOSPI,0.35
014830,유니드,60000.0,8255.0,11930.0,495300000.0,715800000.0,KOSPI,-0.5
001200,유진투자증권,4180.0,350291.0,350291.0,1464216380.0,1464216380.0,KOSPI,0.12
0173Y0,KODEX 미국AI광통신네트워크,11215.0,1139130.0,1139130.0,12775342950.0,12775342950.0,KOSPI,-1.97
357120,코람코라이프인프라리츠,4155.0,71145.0,71145.0,295607475.0,295607475.0,KOSPI,1.59
306200,세아제강,142500.0,4919.0,7845.0,700957500.0,1117912500.0,KOSPI,-1.86
005389,현대차3우B,173600.0,5647.0,5647.0,980319200.0,980319200.0,KOSPI,1.22
148070,KIWOOM 국고채10년,103820.0,10644.0,10644.0,1105060080.0,1105060080.0,KOSPI,-0.07
385720,TIME 코스피액티브,25950.0,50581.0,50581.0,1312576950.0,1312576950.0,KOSPI,-0.02
480260,TIGER 27-04회사채(A+이상)액티브,53875.0,2537.0,2537.0,136680875.0,136680875.0,KOSPI,0.03
015360,INVENI,14510.0,5218.0,8109.0,75713180.0,117661590.0,KOSPI,0.76
0060H0,TIGER 토탈월드스탁액티브,12580.0,136081.0,136081.0,1711898980.0,1711898980.0,KOSPI,-1.02
016590,신대양제지,9790.0,10930.0,14707.0,107004700.0,143981530.0,KOSPI,0.93
241180,TIGER 일본니케이225,34440.0,18222.0,18222.0,627565680.0,627565680.0,KOSPI,-0.61
002810,삼영무역,21300.0,5442.0,6614.0,115914600.0,140878200.0,KOSPI,0.24
473290,KODEX 26-12 회사채(AA-이상)액티브,10895.0,57148.0,57148.0,622627460.0,622627460.0,KOSPI,0.0
003000,부광약품,3970.0,178294.0,178294.0,707827180.0,707827180.0,KOSPI,-1.24
005420,코스모화학,10150.0,75212.0,111628.0,763401800.0,1133024200.0,KOSPI,-1.36
317400,자이에스앤디,10050.0,749859.0,749859.0,7536082950.0,7536082950.0,KOSPI,2.66
520054,미래에셋 레버리지 코스피200 선물 ETN,192555.0,1105.0,1105.0,212773275.0,212773275.0,KOSPI,1.05
476760,ACE 미국30년국채액티브,8745.0,516091.0,516091.0,4513215795.0,4513215795.0,KOSPI,-1.85
029530,신도리코,39150.0,3145.0,3343.0,123126750.0,130878450.0,KOSPI,1.56
458250,TIGER 미국30년국채스트립액티브(합성 H),34465.0,43307.0,43307.0,1492575755.0,1492575755.0,KOSPI,-0.39
484880,SOL 금융지주플러스고배당,23240.0,382397.0,382397.0,8886906280.0,8886906280.0,KOSPI,-0.62
183190,아세아시멘트,10510.0,14012.0,23818.0,147266120.0,250327180.0,KOSPI,-0.19
001940,KISCO홀딩스,26650.0,4395.0,4875.0,117126750.0,129918750.0,KOSPI,0.0
194370,제이에스코퍼레이션,12940.0,29843.0,35501.0,386168420.0,459382940.0,KOSPI,1.41
344820,KCC글라스,23500.0,14989.0,22642.0,352241500.0,532087000.0,KOSPI,-1.26
474590,WON 반도체밸류체인액티브,48100.0,109202.0,109202.0,5252616200.0,5252616200.0,KOSPI,2.09
385550,RISE 단기채권알파액티브,114330.0,34273.0,34273.0,3918432090.0,3918432090.0,KOSPI,0.06
089590,제주항공,4625.0,460238.0,460238.0,2128600750.0,2128600750.0,KOSPI,7.06
0046A0,TIGER 미국초단기(3개월이하)국채,9405.0,1177983.0,1177983.0,11078930115.0,11078930115.0,KOSPI,-1.72
439860,KODEX ESG종합채권(A-이상)액티브,113530.0,40.0,40.0,4541200.0,4541200.0,KOSPI,0.12
245710,ACE 베트남VN30(합성),28635.0,9699.0,9699.0,277730865.0,277730865.0,KOSPI,-0.66
469070,RISE AI&로봇,11000.0,219184.0,219184.0,2411024000.0,2411024000.0,KOSPI,0.46
092790,넥스틸,14130.0,1088473.0,1088473.0,15380123490.0,15380123490.0,KOSPI,1.29
031430,신세계인터내셔날,10490.0,24204.0,35647.0,253899960.0,373937030.0,KOSPI,0.0
126560,현대퓨처넷,3360.0,37690.0,37690.0,126638400.0,126638400.0,KOSPI,-0.15
310960,TIGER 200TR,65345.0,39545.0,39545.0,2584068025.0,2584068025.0,KOSPI,0.17
132030,KODEX 골드선물(H),24200.0,63233.0,63233.0,1530238600.0,1530238600.0,KOSPI,-0.58
0040Y0,SOL 팔란티어커버드콜OTM채권혼합,8080.0,315750.0,315750.0,2551260000.0,2551260000.0,KOSPI,0.37
006220,제주은행,9620.0,66570.0,66570.0,640403400.0,640403400.0,KOSPI,-0.52
008730,율촌화학,14620.0,54672.0,75732.0,799304640.0,1107201840.0,KOSPI,-3.11
091180,KODEX 자동차,25435.0,106444.0,106444.0,2707403140.0,2707403140.0,KOSPI,-0.7
0131V0,1Q 미국우주항공테크,10980.0,237732.0,237732.0,2610297360.0,2610297360.0,KOSPI,0.14
0080G0,KODEX 방산TOP10,10165.0,1149565.0,1149565.0,11685328225.0,11685328225.0,KOSPI,-0.83
027410,BGF,3715.0,45399.0,45399.0,168657285.0,168657285.0,KOSPI,0.13
950210,프레스티지바이오파마,5890.0,23746.0,23746.0,139863940.0,139863940.0,KOSPI,1.2
217590,티엠씨,14650.0,1097073.0,1097073.0,16072119450.0,16072119450.0,KOSPI,1.52
000157,두산2우B,395000.0,778.0,778.0,307310000.0,307310000.0,KOSPI,-0.88
0144L0,KODEX 미국성장커버드콜액티브,9630.0,153187.0,153187.0,1475190810.0,1475190810.0,KOSPI,-0.26
060980,HL홀딩스,39050.0,22025.0,26387.0,860076250.0,1030412350.0,KOSPI,-2.25
0120G0,삼양바이오팜,46950.0,22503.0,44992.0,1056515850.0,2112374400.0,KOSPI,-0.21
0167Z0,KODEX 미국우주항공,7710.0,935253.0,935253.0,7210800630.0,7210800630.0,KOSPI,1.98
02826K,삼성물산우B,237500.0,5367.0,5367.0,1274662500.0,1274662500.0,KOSPI,-0.63
0094M0,RISE 코리아밸류업위클리고정커버드콜,17470.0,651187.0,651187.0,11376236890.0,11376236890.0,KOSPI,0.34
105630,한세실업,8700.0,39042.0,52863.0,339665400.0,459908100.0,KOSPI,0.35
442570,RISE TDF2050액티브 적격,17480.0,131933.0,131933.0,2306188840.0,2306188840.0,KOSPI,-0.14
007690,국도화학,37500.0,5802.0,8890.0,217575000.0,333375000.0,KOSPI,-0.79
0182R0,1Q K반도체TOP2+,11095.0,1865988.0,1865988.0,20703136860.0,20703136860.0,KOSPI,1.14
006405,삼성SDI우,214000.0,3595.0,3595.0,769330000.0,769330000.0,KOSPI,-0.47
011760,현대코퍼레이션,26150.0,25361.0,36510.0,663190150.0,954736500.0,KOSPI,0.0
0026S0,1Q 미국S&P500,12775.0,333075.0,333075.0,4255033125.0,4255033125.0,KOSPI,-0.62
104700,한국철강,9460.0,13317.0,18279.0,125978820.0,172919340.0,KOSPI,-0.53
279530,KODEX 고배당주,17410.0,174974.0,174974.0,3046297340.0,3046297340.0,KOSPI,-0.46
015860,일진홀딩스,6960.0,109502.0,109502.0,762133920.0,762133920.0,KOSPI,1.61
170900,동아에스티,35100.0,7423.0,9170.0,260547300.0,321867000.0,KOSPI,-1.27
472170,TIGER 미국테크TOP10채권혼합,14135.0,116294.0,116294.0,1643815690.0,1643815690.0,KOSPI,0.46
012030,DB,1692.0,874069.0,874069.0,1478924748.0,1478924748.0,KOSPI,3.61
0043Y0,TIME 차이나AI테크액티브,19750.0,88540.0,88540.0,1748665000.0,1748665000.0,KOSPI,-0.4
003350,한국화장품제조,14890.0,857810.0,857810.0,12772790900.0,12772790900.0,KOSPI,-2.42
005610,삼립,39100.0,1824.0,2589.0,71318400.0,101229900.0,KOSPI,-1.39
017810,풀무원,8840.0,15189.0,23743.0,134270760.0,209888120.0,KOSPI,0.34
011930,신성이엔지,16530.0,143889.0,143889.0,2378485170.0,2378485170.0,KOSPI,-1.37
0052D0,TIGER 코리아배당다우존스,15355.0,103538.0,103538.0,1589825990.0,1589825990.0,KOSPI,-0.55
001230,동국홀딩스,2130.0,448547.0,448547.0,955405110.0,955405110.0,KOSPI,-1.62
456880,ACE 미국달러SOFR금리(합성),11960.0,128142.0,128142.0,1532578320.0,1532578320.0,KOSPI,-1.69
385510,KODEX 신재생에너지액티브,37845.0,33680.0,33680.0,1274619600.0,1274619600.0,KOSPI,0.09
448630,RISE 삼성그룹Top3채권혼합,15290.0,81219.0,81219.0,1241838510.0,1241838510.0,KOSPI,0.07
002310,아세아제지,8290.0,50657.0,50657.0,419946530.0,419946530.0,KOSPI,-0.6
462900,KoAct 바이오헬스케어액티브,12440.0,609904.0,609904.0,7587205760.0,7587205760.0,KOSPI,-1.85
270810,RISE 코스닥150,13855.0,196658.0,196658.0,2724696590.0,2724696590.0,KOSPI,-0.89
0052S0,1Q 미국S&P500미국채혼합50액티브,11460.0,235775.0,235775.0,2701981500.0,2701981500.0,KOSPI,-1.08
453810,KODEX 인도Nifty50,11135.0,79207.0,79207.0,881969945.0,881969945.0,KOSPI,-1.89
145720,덴티움,37350.0,7605.0,11708.0,284046750.0,437293800.0,KOSPI,-0.13
024720,콜마홀딩스,9380.0,14494.0,20076.0,135953720.0,188312880.0,KOSPI,-1.26
097520,엠씨넥스,18420.0,42738.0,48460.0,787233960.0,892633200.0,KOSPI,1.21
009290,광동제약,6430.0,188084.0,188084.0,1209380120.0,1209380120.0,KOSPI,0.47
096760,JW홀딩스,4325.0,56827.0,56827.0,245776775.0,245776775.0,KOSPI,-0.8
485540,KODEX 미국AI테크TOP10,15660.0,275047.0,275047.0,4307236020.0,4307236020.0,KOSPI,0.68
272450,진에어,6030.0,153945.0,153945.0,928288350.0,928288350.0,KOSPI,4.51
009160,SIMPAC,4790.0,44553.0,44553.0,213408870.0,213408870.0,KOSPI,1.48
000430,대원강업,5050.0,104021.0,104021.0,525306050.0,525306050.0,KOSPI,0.2
010955,S-Oil우,77700.0,21873.0,21873.0,1699532100.0,1699532100.0,KOSPI,2.64
002710,TCC스틸,11850.0,198527.0,393190.0,2352544950.0,4659301500.0,KOSPI,3.31
381970,케이카,6360.0,27057.0,45742.0,172082520.0,290919120.0,KOSPI,0.16
002020,코오롱,23950.0,19946.0,31602.0,477706700.0,756867900.0,KOSPI,-1.64
0111P0,1Q 미국나스닥100미국채혼합50액티브,10800.0,199581.0,199581.0,2155474800.0,2155474800.0,KOSPI,-0.69
010820,퍼스텍,6330.0,430432.0,430432.0,2724634560.0,2724634560.0,KOSPI,-1.56
126720,수산인더스트리,21600.0,17400.0,28691.0,375840000.0,619725600.0,KOSPI,0.47
025860,남해화학,6190.0,255176.0,255176.0,1579539440.0,1579539440.0,KOSPI,1.81
026890,스틱인베스트먼트,7900.0,40921.0,54052.0,323275900.0,427010800.0,KOSPI,5.9
475300,SOL 반도체전공정,23330.0,1138629.0,1138629.0,26564214570.0,26564214570.0,KOSPI,0.3
481190,SOL 미국테크TOP10,17305.0,293295.0,293295.0,5075469975.0,5075469975.0,KOSPI,0.35
454780,KIWOOM 종합채권(AA-이상)액티브,99540.0,38.0,38.0,3782520.0,3782520.0,KOSPI,0.17
0008S0,TIGER 미국배당다우존스타겟데일리커버드콜,9535.0,351054.0,351054.0,3347299890.0,3347299890.0,KOSPI,-1.75
0098F0,KODEX 원자력SMR,16985.0,2541742.0,2541742.0,43171487870.0,43171487870.0,KOSPI,2.32
010580,에스엠벡셀,2695.0,1894931.0,1894931.0,5106839045.0,5106839045.0,KOSPI,-5.27
433330,SOL 미국S&P500,21865.0,50166.0,50166.0,1096879590.0,1096879590.0,KOSPI,-0.55
483320,ACE 엔비디아밸류체인액티브,25575.0,476087.0,476087.0,12175925025.0,12175925025.0,KOSPI,0.04
123890,한국자산신탁,2435.0,157156.0,157156.0,382674860.0,382674860.0,KOSPI,-0.2
108670,LX하우시스,33150.0,12423.0,20134.0,411822450.0,667442100.0,KOSPI,0.61
570022,한투 레버리지S&P500선물 ETN(H),59440.0,106.0,106.0,6300640.0,6300640.0,KOSPI,2.44
190620,ACE 단기통안채,102115.0,19236.0,19236.0,1964284140.0,1964284140.0,KOSPI,0.03
091170,KODEX 은행,16710.0,631123.0,631123.0,10546065330.0,10546065330.0,KOSPI,-0.15
489030,PLUS 고배당주위클리커버드콜,6290.0,1158993.0,1158993.0,7290065970.0,7290065970.0,KOSPI,-0.16
200880,서연이화,10890.0,26187.0,50667.0,285176430.0,551763630.0,KOSPI,-0.64
105840,우진,14570.0,491890.0,491890.0,7166837300.0,7166837300.0,KOSPI,0.14
471780,TIGER 코리아테크액티브,38175.0,230560.0,230560.0,8801628000.0,8801628000.0,KOSPI,0.2
018250,애경산업,11120.0,7841.0,7841.0,87191920.0,87191920.0,KOSPI,0.91
0038A0,KODEX 미국휴머노이드로봇,15420.0,105721.0,105721.0,1630217820.0,1630217820.0,KOSPI,0.16
001750,한양증권,19320.0,9180.0,13672.0,177357600.0,264143040.0,KOSPI,0.99
034830,한국토지신탁,1155.0,193891.0,193891.0,223944105.0,223944105.0,KOSPI,-0.43
005720,넥센,5550.0,22383.0,22383.0,124225650.0,124225650.0,KOSPI,0.36
497880,SOL CD금리&머니마켓액티브,50140.0,101537.0,101537.0,5091065180.0,5091065180.0,KOSPI,0.06
003120,일성아이에스,21850.0,385.0,993.0,8412250.0,21697050.0,KOSPI,-0.23
475080,KODEX 테슬라커버드콜채권혼합액티브,7970.0,145180.0,145180.0,1157084600.0,1157084600.0,KOSPI,0.5
016800,퍼시스,24850.0,686.0,1097.0,17047100.0,27260450.0,KOSPI,-1.97
136340,RISE 중기우량회사채,103960.0,372.0,372.0,38673120.0,38673120.0,KOSPI,0.02
004310,현대약품,8910.0,1967729.0,1967729.0,17532465390.0,17532465390.0,KOSPI,-3.88
441680,TIGER 미국나스닥100커버드콜(합성),10830.0,79690.0,79690.0,863042700.0,863042700.0,KOSPI,-0.96
244920,에이플러스에셋,12530.0,52987.0,52987.0,663927110.0,663927110.0,KOSPI,-3.98
084690,대상홀딩스,7780.0,31340.0,44304.0,243825200.0,344685120.0,KOSPI,-0.64
001390,KG케미칼,4240.0,83887.0,83887.0,355680880.0,355680880.0,KOSPI,-0.35
033270,유나이티드제약,17670.0,37303.0,44210.0,659144010.0,781190700.0,KOSPI,-1.51
461490,RISE 글로벌자산배분액티브,14580.0,39093.0,39093.0,569975940.0,569975940.0,KOSPI,-0.48
273140,KODEX 단기변동금리부채권액티브,114565.0,5283.0,5283.0,605246895.0,605246895.0,KOSPI,-0.04
0094K0,TIGER 28-04 회사채(A+이상)액티브,99515.0,13934.0,13934.0,1386642010.0,1386642010.0,KOSPI,0.05
122900,아이마켓코리아,8340.0,12823.0,12823.0,106943820.0,106943820.0,KOSPI,0.0
005950,이수화학,10600.0,250014.0,250014.0,2650148400.0,2650148400.0,KOSPI,0.0
020120,키다리스튜디오,7510.0,824656.0,824656.0,6193166560.0,6193166560.0,KOSPI,-10.49
058430,포스코스틸리온,4625.0,157187.0,157187.0,726989875.0,726989875.0,KOSPI,-0.22
439870,KODEX 국고채30년액티브,86700.0,2279.0,2279.0,197589300.0,197589300.0,KOSPI,-0.45
002900,TYM,6680.0,154966.0,154966.0,1035172880.0,1035172880.0,KOSPI,0.45
084010,대한제강,8040.0,12448.0,16443.0,100081920.0,132201720.0,KOSPI,-1.35
473330,SOL 미국30년국채커버드콜(합성),7800.0,303594.0,303594.0,2368033200.0,2368033200.0,KOSPI,-1.76
307520,TIGER 지주회사,22305.0,259657.0,259657.0,5791649385.0,5791649385.0,KOSPI,0.65
453870,TIGER 인도니프티50,10900.0,40220.0,40220.0,438398000.0,438398000.0,KOSPI,-1.98
004430,송원산업,11360.0,72749.0,72749.0,826428640.0,826428640.0,KOSPI,-0.26
421320,PLUS 우주항공,28285.0,52758.0,52758.0,1492260030.0,1492260030.0,KOSPI,-0.21
0183V0,KIWOOM 삼성전자&SK하이닉스채권혼합50,12025.0,979154.0,979154.0,11774326850.0,11774326850.0,KOSPI,-0.04
017390,서울가스,54600.0,4502.0,6964.0,245809200.0,380234400.0,KOSPI,0.0
471040,KoAct 글로벌AI&로봇액티브,29860.0,21388.0,21388.0,638645680.0,638645680.0,KOSPI,0.2
286940,롯데이노베이트,17850.0,8116.0,12082.0,144870600.0,215663700.0,KOSPI,0.17
409820,KODEX 미국나스닥100레버리지(합성 H),21230.0,164366.0,164366.0,3489490180.0,3489490180.0,KOSPI,4.32
213610,KODEX 삼성그룹밸류,22535.0,57766.0,57766.0,1301756810.0,1301756810.0,KOSPI,0.63
423170,SOL 글로벌AI반도체탑픽액티브,59995.0,28596.0,28596.0,1715617020.0,1715617020.0,KOSPI,-0.01
091810,트리니티항공,2620.0,75732.0,75732.0,198417840.0,198417840.0,KOSPI,2.75
078520,에이블씨엔씨,10700.0,71049.0,92260.0,760224300.0,987182000.0,KOSPI,0.85
486830,HANARO 머니마켓액티브,53400.0,746.0,746.0,39836400.0,39836400.0,KOSPI,0.05
123320,TIGER 레버리지,115475.0,134494.0,134494.0,15530694650.0,15530694650.0,KOSPI,0.4
010690,화신,7540.0,168601.0,168601.0,1271251540.0,1271251540.0,KOSPI,-0.4
0162Y0,TIME 코스닥액티브,7730.0,422513.0,422513.0,3266025490.0,3266025490.0,KOSPI,1.38
037710,광주신세계,34400.0,16827.0,31152.0,578848800.0,1071628800.0,KOSPI,-0.58
044450,KSS해운,11540.0,658877.0,658877.0,7603440580.0,7603440580.0,KOSPI,15.05
0228G0,ACE 반도체Plus전략산업,10385.0,480208.0,480208.0,4986960080.0,4986960080.0,KOSPI,0.19
196230,RISE 단기통안채,117040.0,1003.0,1003.0,117391120.0,117391120.0,KOSPI,0.02
005430,한국공항,81400.0,4372.0,4372.0,355880800.0,355880800.0,KOSPI,0.74
139230,TIGER 200 중공업,13135.0,78377.0,78377.0,1029481895.0,1029481895.0,KOSPI,0.54
004360,세방,13400.0,7005.0,11069.0,93867000.0,148324600.0,KOSPI,-0.37
483340,ACE 구글밸류체인액티브,22630.0,93688.0,93688.0,2120159440.0,2120159440.0,KOSPI,0.44
003200,일신방직,11050.0,70546.0,102704.0,779533300.0,1134879200.0,KOSPI,-3.66
472920,HK 종합채권(AA-이상)액티브,98035.0,53.0,53.0,5195855.0,5195855.0,KOSPI,0.09
005680,삼영전자,12660.0,24581.0,24581.0,311195460.0,311195460.0,KOSPI,-0.16
388420,RISE 비메모리반도체액티브,28595.0,47569.0,47569.0,1360235555.0,1360235555.0,KOSPI,1.73
298690,에어부산,1537.0,65062.0,65062.0,100000294.0,100000294.0,KOSPI,1.92
495230,KoAct 코리아밸류업액티브,31870.0,40079.0,40079.0,1277317730.0,1277317730.0,KOSPI,-0.08
0232A0,MIDAS 머니마켓액티브,100295.0,15.0,15.0,1504425.0,1504425.0,KOSPI,0.04
432320,KB스타리츠,1647.0,606720.0,606720.0,999267840.0,999267840.0,KOSPI,-1.38
448540,ACE 엔비디아채권혼합,26630.0,22455.0,22455.0,597976650.0,597976650.0,KOSPI,0.24
007160,사조산업,49450.0,649.0,1039.0,32093050.0,51378550.0,KOSPI,1.33
334890,이지스밸류플러스리츠,3560.0,48696.0,48696.0,173357760.0,173357760.0,KOSPI,-0.97
364970,TIGER 바이오TOP10,6630.0,651203.0,651203.0,4317475890.0,4317475890.0,KOSPI,-1.19
005500,삼진제약,18500.0,16834.0,23029.0,311429000.0,426036500.0,KOSPI,0.11
228790,TIGER 화장품,4250.0,3560608.0,3560608.0,15132584000.0,15132584000.0,KOSPI,-1.51
283580,KODEX 차이나CSI300,14925.0,137896.0,137896.0,2058097800.0,2058097800.0,KOSPI,-1.45
0053L0,TIGER 차이나휴머노이드로봇,9120.0,215743.0,215743.0,1967576160.0,1967576160.0,KOSPI,-1.14
493810,TIGER 미국AI빅테크10타겟데일리커버드콜,11485.0,112642.0,112642.0,1293693370.0,1293693370.0,KOSPI,-0.13
001790,대한제당,2835.0,78803.0,78803.0,223406505.0,223406505.0,KOSPI,0.53
053690,한미글로벌,22300.0,239138.0,239138.0,5332777400.0,5332777400.0,KOSPI,1.13
003960,사조대림,26650.0,3147.0,4759.0,83867550.0,126827350.0,KOSPI,-0.56
136490,선진,10230.0,57997.0,57997.0,593309310.0,593309310.0,KOSPI,1.09
003920,남양유업,42550.0,9779.0,10251.0,416096450.0,436180050.0,KOSPI,0.12
0182S0,1Q K반도체TOP2채권혼합50,12900.0,330828.0,330828.0,4267681200.0,4267681200.0,KOSPI,0.12
363580,KODEX 200IT TR,58005.0,59237.0,59237.0,3436042185.0,3436042185.0,KOSPI,1.46
044820,코스맥스비티아이,24900.0,12851.0,12851.0,319989900.0,319989900.0,KOSPI,-0.99
404990,신한서부티엔디리츠,3865.0,36299.0,36299.0,140295635.0,140295635.0,KOSPI,1.18
030210,다올투자증권,3895.0,32762.0,32762.0,127607990.0,127607990.0,KOSPI,1.43
472160,TIGER 미국테크TOP10 INDXX(H),19705.0,562168.0,562168.0,11077520440.0,11077520440.0,KOSPI,2.05
025000,KPX케미칼,56600.0,4187.0,4187.0,236984200.0,236984200.0,KOSPI,1.07
003070,코오롱글로벌,9220.0,6651.0,6651.0,61322220.0,61322220.0,KOSPI,-2.23
008490,서흥,20200.0,11462.0,15432.0,231532400.0,311726400.0,KOSPI,1.0
363570,KODEX 장기종합채권(AA-이상)액티브,86070.0,1809.0,1809.0,155700630.0,155700630.0,KOSPI,0.0
000680,LS네트웍스,2950.0,32094.0,32094.0,94677300.0,94677300.0,KOSPI,0.34
433500,ACE 원자력TOP10,61155.0,101095.0,101095.0,6182464725.0,6182464725.0,KOSPI,3.0
329650,KODEX TRF3070,13985.0,47900.0,47900.0,669881500.0,669881500.0,KOSPI,-0.39
117700,KODEX 건설,7300.0,3537596.0,3537596.0,25824450800.0,25824450800.0,KOSPI,1.46
0092C0,SOL 27-12 회사채(AA-이상)액티브,50300.0,10.0,10.0,503000.0,503000.0,KOSPI,0.02
226320,잇츠한불,10450.0,13668.0,24636.0,142830600.0,257446200.0,KOSPI,-2.34
005010,휴스틸,4025.0,504173.0,504173.0,2029296325.0,2029296325.0,KOSPI,0.0
0089D0,KODEX 금융고배당TOP10,13480.0,133402.0,133402.0,1798258960.0,1798258960.0,KOSPI,-0.74
452360,SOL 미국배당다우존스(H),13200.0,122762.0,122762.0,1620458400.0,1620458400.0,KOSPI,0.11
478150,TIME 글로벌우주테크&방산액티브,18205.0,40542.0,40542.0,738067110.0,738067110.0,KOSPI,-1.11
035510,신세계 I&C,15930.0,185193.0,185193.0,2950124490.0,2950124490.0,KOSPI,4.39
001460,BYC,35650.0,3323.0,4583.0,118464950.0,163383950.0,KOSPI,-0.42
498270,KIWOOM 미국양자컴퓨팅,14765.0,55507.0,55507.0,819560855.0,819560855.0,KOSPI,0.24
437080,KODEX 미국종합채권ESG액티브(H),95975.0,9898.0,9898.0,949960550.0,949960550.0,KOSPI,-0.11
0030R0,대신밸류리츠,3710.0,7189.0,7189.0,26671190.0,26671190.0,KOSPI,0.0
002320,한진,14250.0,25771.0,34826.0,367236750.0,496270500.0,KOSPI,-2.2
000490,대동,7670.0,106580.0,106580.0,817468600.0,817468600.0,KOSPI,-0.52
000540,흥국화재,3440.0,31769.0,31769.0,109285360.0,109285360.0,KOSPI,-1.29
134380,미원화학,10030.0,10894.0,10894.0,109266820.0,109266820.0,KOSPI,-1.28
034120,SBS,11890.0,3207.0,6416.0,38131230.0,76286240.0,KOSPI,0.17
000050,경방,8040.0,30272.0,30272.0,243386880.0,243386880.0,KOSPI,0.63
003650,미창석유,126700.0,1518.0,1518.0,192330600.0,192330600.0,KOSPI,-0.71
0104N0,TIGER 200타겟위클리커버드콜,21390.0,148797.0,148797.0,3182767830.0,3182767830.0,KOSPI,-0.05
458260,TIGER 미국투자등급회사채액티브(H),45875.0,14952.0,14952.0,685923000.0,685923000.0,KOSPI,-0.02
442320,RISE 글로벌원자력,35065.0,12277.0,12277.0,430493005.0,430493005.0,KOSPI,0.26
009680,모토닉,10110.0,12268.0,30993.0,124029480.0,313339230.0,KOSPI,-0.3
0151S0,KODEX 미국AI반도체TOP3플러스,16090.0,531727.0,531727.0,8555487430.0,8555487430.0,KOSPI,1.07
092200,디아이씨,5640.0,194572.0,194572.0,1097386080.0,1097386080.0,KOSPI,-2.59
488980,SOL 26-12 회사채(AA-이상)액티브,52230.0,16.0,16.0,835680.0,835680.0,KOSPI,0.07
003720,삼영,6420.0,96947.0,96947.0,622399740.0,622399740.0,KOSPI,-1.23
001340,PKC,4830.0,96370.0,96370.0,465467100.0,465467100.0,KOSPI,-2.23
475560,더본코리아,14660.0,14677.0,14677.0,215164820.0,215164820.0,KOSPI,-0.14
422420,RISE 2차전지액티브,6620.0,111238.0,111238.0,736395560.0,736395560.0,KOSPI,-0.08
03473K,SK우,383000.0,626.0,626.0,239758000.0,239758000.0,KOSPI,0.0
271050,KODEX WTI원유선물인버스(H),1720.0,4419859.0,4419859.0,7602157480.0,7602157480.0,KOSPI,0.0
500029,신한 레버리지 은 선물 ETN(H),21565.0,1136.0,1136.0,24497840.0,24497840.0,KOSPI,-1.98
157500,TIGER 증권,12115.0,521172.0,521172.0,6313998780.0,6313998780.0,KOSPI,1.08
0233J0,TIGER 삼성전자SK하이닉스미국채혼합50,10745.0,701744.0,701744.0,7540239280.0,7540239280.0,KOSPI,-0.46
900140,엘브이엠씨홀딩스,1112.0,150685.0,150685.0,167561720.0,167561720.0,KOSPI,0.45
033920,무학,7530.0,13128.0,13128.0,98853840.0,98853840.0,KOSPI,0.94
266160,RISE 고배당,33750.0,18913.0,18913.0,638313750.0,638313750.0,KOSPI,-0.15
017860,DS단석,12100.0,60736.0,60736.0,734905600.0,734905600.0,KOSPI,4.04
028100,동아지질,19030.0,45608.0,45608.0,867920240.0,867920240.0,KOSPI,-2.06
305080,TIGER 미국채10년선물,11860.0,76332.0,76332.0,905297520.0,905297520.0,KOSPI,-1.78
332930,HANARO 200TR,146890.0,174.0,174.0,25558860.0,25558860.0,KOSPI,0.29
490090,TIGER 미국AI빅테크10,16220.0,225690.0,225690.0,3660691800.0,3660691800.0,KOSPI,0.03
000320,노루홀딩스,15900.0,7131.0,9800.0,113382900.0,155820000.0,KOSPI,-0.25
001250,GS글로벌,2560.0,198590.0,198590.0,508390400.0,508390400.0,KOSPI,-0.19
088260,이리츠코크렙,3330.0,36244.0,36244.0,120692520.0,120692520.0,KOSPI,1.22
0119H0,KODEX 28-12 회사채(AA-이상)액티브,9910.0,42825.0,42825.0,424395750.0,424395750.0,KOSPI,0.1
267770,TIGER 200선물레버리지,87720.0,92620.0,92620.0,8124626400.0,8124626400.0,KOSPI,0.4
051905,LG생활건강우,99200.0,17681.0,17681.0,1753955200.0,1753955200.0,KOSPI,-0.2
000650,천일고속,144500.0,1118.0,1118.0,161551000.0,161551000.0,KOSPI,-1.63
486450,SOL 미국AI전력인프라,18840.0,52301.0,52301.0,985350840.0,985350840.0,KOSPI,-1.54
003555,LG우,68400.0,8308.0,8308.0,568267200.0,568267200.0,KOSPI,3.01
520094,미래에셋 CD금리 플러스 ETN,102495.0,80.0,80.0,8199600.0,8199600.0,KOSPI,0.05
035150,백산,10350.0,27480.0,31544.0,284418000.0,326480400.0,KOSPI,-2.36
013580,계룡건설,22900.0,43955.0,43955.0,1006569500.0,1006569500.0,KOSPI,-0.65
011500,한농화성,13070.0,27261.0,27261.0,356301270.0,356301270.0,KOSPI,0.15
0005A0,KODEX 미국S&P500데일리커버드콜OTM,9335.0,433250.0,433250.0,4044388750.0,4044388750.0,KOSPI,-1.11
000480,CR홀딩스,4320.0,5265.0,5265.0,22744800.0,22744800.0,KOSPI,0.7
244580,KODEX 바이오,7750.0,307931.0,307931.0,2386465250.0,2386465250.0,KOSPI,-1.65
002420,우양피앤엘,6400.0,25408.0,25408.0,162611200.0,162611200.0,KOSPI,4.75
004980,성신양회,8120.0,44135.0,84091.0,358376200.0,682818920.0,KOSPI,-1.34
005960,동부건설,8660.0,33132.0,33132.0,286923120.0,286923120.0,KOSPI,1.05
377190,디앤디플랫폼리츠,2240.0,79031.0,79031.0,177029440.0,177029440.0,KOSPI,-0.44
298000,효성화학,52200.0,10068.0,10068.0,525549600.0,525549600.0,KOSPI,0.77
463050,TIME K바이오액티브,11080.0,119907.0,119907.0,1328569560.0,1328569560.0,KOSPI,-1.03
530145,삼성 레버리지 천연가스 선물 ETN D,11605.0,93199.0,93199.0,1081574395.0,1081574395.0,KOSPI,-2.48
0069M0,1Q 미국나스닥100,13700.0,360238.0,360238.0,4935260600.0,4935260600.0,KOSPI,0.4
037270,YG PLUS,3095.0,91815.0,91815.0,284167425.0,284167425.0,KOSPI,0.0
100250,진양홀딩스,3075.0,18543.0,18543.0,57019725.0,57019725.0,KOSPI,-0.16
480040,ACE 미국반도체데일리타겟커버드콜(합성),14400.0,158025.0,158025.0,2275560000.0,2275560000.0,KOSPI,-0.24
495060,TIME 코리아밸류업액티브,28715.0,39239.0,39239.0,1126747885.0,1126747885.0,KOSPI,0.45
0093A0,RISE AI반도체TOP10,35390.0,202133.0,202133.0,7153486870.0,7153486870.0,KOSPI,1.03
039570,HDC랩스,7490.0,4489.0,4489.0,33622610.0,33622610.0,KOSPI,-0.27
0115D0,KODEX 조선TOP10,7520.0,541965.0,541965.0,4075576800.0,4075576800.0,KOSPI,0.0
117580,대성에너지,7050.0,133274.0,133274.0,939581700.0,939581700.0,KOSPI,-0.56
302190,TIGER 중장기국채,49870.0,1766.0,1766.0,88070420.0,88070420.0,KOSPI,0.03
0204D0,KODEX 현대차로보틱스밸류체인TOP3플러스,5690.0,617204.0,617204.0,3511890760.0,3511890760.0,KOSPI,-0.09
530104,삼성 레버리지 코스피200 선물 ETN,193125.0,1053.0,1053.0,203360625.0,203360625.0,KOSPI,0.87
500069,신한 레버리지 코스피 200 선물 ETN,192735.0,39.0,39.0,7516665.0,7516665.0,KOSPI,0.46
000390,SP삼화,7070.0,92473.0,92473.0,653784110.0,653784110.0,KOSPI,-0.7
433980,KODEX TDF2040액티브 적격,15820.0,33654.0,33654.0,532406280.0,532406280.0,KOSPI,-0.16
500099,신한 WTI원유 선물 ETN,19210.0,380.0,380.0,7299800.0,7299800.0,KOSPI,-2.29
495550,SOL 코리아밸류업TR,33405.0,19562.0,19562.0,653468610.0,653468610.0,KOSPI,0.06
0047A0,TIGER 차이나테크TOP10,12650.0,53114.0,53114.0,671892100.0,671892100.0,KOSPI,-1.06
414780,TIGER 차이나과창판STAR50(합성),13820.0,402135.0,402135.0,5557505700.0,5557505700.0,KOSPI,-1.14
339770,교촌에프앤비,3805.0,22117.0,22117.0,84155185.0,84155185.0,KOSPI,0.0
053210,스카이라이프,4000.0,22358.0,22358.0,89432000.0,89432000.0,KOSPI,0.0
095570,AJ네트웍스,4185.0,99988.0,99988.0,418449780.0,418449780.0,KOSPI,0.84
0082V0,KODEX TDF2060액티브 적격,11280.0,63672.0,63672.0,718220160.0,718220160.0,KOSPI,0.18
004560,현대비앤지스틸,12530.0,41024.0,41024.0,514030720.0,514030720.0,KOSPI,-1.42
001630,종근당홀딩스,37650.0,2417.0,3271.0,91000050.0,123153150.0,KOSPI,0.0
003547,대신증권2우B,19620.0,4302.0,4302.0,84405240.0,84405240.0,KOSPI,0.46
003520,영진약품,1028.0,584889.0,584889.0,601265892.0,601265892.0,KOSPI,-0.48
494330,ACE 라이프자산주주가치액티브,32965.0,35161.0,35161.0,1159082365.0,1159082365.0,KOSPI,0.52
0005G0,IBK K-AI반도체코어테크,54430.0,26487.0,26487.0,1441687410.0,1441687410.0,KOSPI,2.25
0091C0,KODEX 미국10년국채액티브(H),9385.0,53135.0,53135.0,498671975.0,498671975.0,KOSPI,-0.05
466930,SOL 자동차TOP3플러스,23600.0,152274.0,152274.0,3593666400.0,3593666400.0,KOSPI,0.94
001130,대한제분,11030.0,18190.0,21895.0,200635700.0,241501850.0,KOSPI,1.19
102460,이연제약,10010.0,10962.0,10962.0,109729620.0,109729620.0,KOSPI,-0.79
016580,환인제약,10000.0,41076.0,41076.0,410760000.0,410760000.0,KOSPI,0.6
015230,대창단조,6830.0,42890.0,42890.0,292938700.0,292938700.0,KOSPI,0.74
473460,KODEX 미국서학개미,24205.0,65239.0,65239.0,1579109995.0,1579109995.0,KOSPI,-0.14
0192Z0,TIGER 중기종합채권(A-이상)액티브,100870.0,6002.0,6002.0,605421740.0,605421740.0,KOSPI,0.09
261260,KODEX 미국달러선물인버스2X,5495.0,325170.0,325170.0,1786809150.0,1786809150.0,KOSPI,3.19
003610,방림,5690.0,73852.0,73852.0,420217880.0,420217880.0,KOSPI,0.35
102260,동성케미컬,3600.0,72730.0,72730.0,261828000.0,261828000.0,KOSPI,0.7
128820,대성산업,4030.0,61741.0,61741.0,248816230.0,248816230.0,KOSPI,0.12
429000,TIGER 미국S&P500배당귀족,12745.0,141891.0,141891.0,1808400795.0,1808400795.0,KOSPI,-2.04
077500,유니퀘스트,8420.0,494624.0,494624.0,4164734080.0,4164734080.0,KOSPI,1.45
000140,하이트진로홀딩스,7820.0,5473.0,5473.0,42798860.0,42798860.0,KOSPI,0.26
332500,ACE 200TR,75340.0,23040.0,23040.0,1735833600.0,1735833600.0,KOSPI,0.27
033530,SJG세종,6680.0,22106.0,22106.0,147668080.0,147668080.0,KOSPI,-0.74
480020,ACE 미국빅테크7+데일리타겟커버드콜(합성),10065.0,210734.0,210734.0,2121037710.0,2121037710.0,KOSPI,-1.8
122090,PLUS 코스피50,84300.0,33298.0,33298.0,2807021400.0,2807021400.0,KOSPI,0.07
0190G0,KODEX 반도체타겟위클리커버드콜,9440.0,310010.0,310010.0,2926494400.0,2926494400.0,KOSPI,1.07
025560,미래산업,6410.0,404316.0,404316.0,2591665560.0,2591665560.0,KOSPI,3.89
213500,한솔제지,7480.0,24658.0,24658.0,184441840.0,184441840.0,KOSPI,-0.27
487570,HS효성,47650.0,1012.0,1012.0,48221800.0,48221800.0,KOSPI,-0.73
494220,UNICORN SK하이닉스밸류체인액티브,50470.0,75181.0,75181.0,3794385070.0,3794385070.0,KOSPI,-0.23
003220,대원제약,7830.0,32153.0,55906.0,251757990.0,437743980.0,KOSPI,-0.51
520098,미래에셋 레버리지 반도체 ETN,29240.0,12621.0,12621.0,369038040.0,369038040.0,KOSPI,2.45
009470,삼화전기,26500.0,104113.0,104113.0,2758994500.0,2758994500.0,KOSPI,-1.85
002100,경농,8970.0,16391.0,16391.0,147027270.0,147027270.0,KOSPI,-0.11
000700,유수홀딩스,6710.0,22496.0,22496.0,150948160.0,150948160.0,KOSPI,0.15
0099L0,ACE 우량회사채(AA-이상)액티브,99510.0,772.0,772.0,76821720.0,76821720.0,KOSPI,0.04
483290,KODEX 미국배당다우존스타겟커버드콜,9970.0,421781.0,421781.0,4205156570.0,4205156570.0,KOSPI,-2.11
000520,삼일제약,8040.0,101277.0,101277.0,814267080.0,814267080.0,KOSPI,-2.19
016450,한세예스24홀딩스,4360.0,11954.0,11954.0,52119440.0,52119440.0,KOSPI,0.81
234080,JW생명과학,10970.0,9287.0,9287.0,101878390.0,101878390.0,KOSPI,0.27
0040X0,SOL 팔란티어미국채커버드콜혼합,9370.0,178300.0,178300.0,1670671000.0,1670671000.0,KOSPI,-0.48
403790,MIDAS 코스피액티브,58970.0,2047.0,2047.0,120711590.0,120711590.0,KOSPI,0.37
007860,서연,7300.0,32580.0,32580.0,237834000.0,237834000.0,KOSPI,-0.14
461950,KODEX 2차전지핵심소재10,4785.0,585451.0,585451.0,2801383035.0,2801383035.0,KOSPI,0.53
002150,도화엔지니어링,5050.0,22711.0,22711.0,114690550.0,114690550.0,KOSPI,-0.39
412570,TIGER 2차전지TOP10레버리지,1164.0,4745796.0,4745796.0,5524106544.0,5524106544.0,KOSPI,-0.43
233160,TIGER 코스닥150 레버리지,7490.0,1366092.0,1366092.0,10232029080.0,10232029080.0,KOSPI,-1.71
003460,유화증권,2975.0,89700.0,89700.0,266857500.0,266857500.0,KOSPI,-0.17
337160,KODEX 200ESG,49150.0,10951.0,10951.0,538241650.0,538241650.0,KOSPI,0.17
014710,사조씨푸드,9600.0,9648.0,9648.0,92620800.0,92620800.0,KOSPI,-2.83
490600,RISE 미국배당100데일리고정커버드콜,8600.0,451881.0,451881.0,3886176600.0,3886176600.0,KOSPI,-2.49
013890,지누스,7490.0,15786.0,23900.0,118237140.0,179011000.0,KOSPI,3.03
472870,RISE 미국30년국채엔화노출(합성 H),6770.0,252816.0,252816.0,1711564320.0,1711564320.0,KOSPI,-1.88
241590,화승엔터프라이즈,2705.0,61237.0,61237.0,165646085.0,165646085.0,KOSPI,-2.35
491820,HANARO 전력설비투자,44795.0,107608.0,107608.0,4820300360.0,4820300360.0,KOSPI,0.8
0193G0,KoAct 코스피액티브,8630.0,274152.0,274152.0,2365931760.0,2365931760.0,KOSPI,0.35
480030,ACE 미국500데일리타겟커버드콜(합성),9645.0,98352.0,98352.0,948605040.0,948605040.0,KOSPI,-1.18
237370,KODEX 코리아배당성장채권혼합,15575.0,50818.0,50818.0,791490350.0,791490350.0,KOSPI,-0.13
006805,미래에셋증권우,11990.0,22058.0,22058.0,264475420.0,264475420.0,KOSPI,2.04
200250,KIWOOM 인도Nifty50(합성),20410.0,16095.0,16095.0,328498950.0,328498950.0,KOSPI,-1.64
000860,강남제비스코,12330.0,3349.0,3349.0,41293170.0,41293170.0,KOSPI,-0.64
002170,SYTS,53400.0,773.0,773.0,41278200.0,41278200.0,KOSPI,0.38
0064K0,KODEX 금액티브,12260.0,101338.0,101338.0,1242403880.0,1242403880.0,KOSPI,-2.5
160580,TIGER 구리실물,16430.0,68160.0,68160.0,1119868800.0,1119868800.0,KOSPI,-1.26
488720,WON 종합채권(AA-이상)액티브,48555.0,438.0,438.0,21267090.0,21267090.0,KOSPI,-0.07
460850,동국씨엠,5320.0,29167.0,29167.0,155168440.0,155168440.0,KOSPI,0.76
004380,삼익THK,7680.0,24086.0,24086.0,184980480.0,184980480.0,KOSPI,2.4
530134,삼성 블룸버그 인버스2X WTI원유선물 ETN B,1766.0,3319933.0,3319933.0,5863001678.0,5863001678.0,KOSPI,-1.29
152870,파워 200,112985.0,9401.0,9401.0,1062171985.0,1062171985.0,KOSPI,0.25
272560,RISE 단기국공채액티브,114930.0,5112.0,5112.0,587522160.0,587522160.0,KOSPI,0.05
570051,한투 나스닥100 ETN,31175.0,3181.0,3181.0,99167675.0,99167675.0,KOSPI,0.27
090350,노루페인트,7790.0,20802.0,20802.0,162047580.0,162047580.0,KOSPI,0.13
00279K,아모레퍼시픽홀딩스3우C,21900.0,873.0,873.0,19118700.0,19118700.0,KOSPI,0.92
400760,NH올원리츠,2800.0,67496.0,67496.0,188988800.0,188988800.0,KOSPI,-0.88
394670,TIGER 글로벌리튬&2차전지SOLACTIVE(합성),10525.0,12247.0,12247.0,128899675.0,128899675.0,KOSPI,-1.13
0180V0,ACE 미국우주테크액티브,8055.0,236291.0,236291.0,1903324005.0,1903324005.0,KOSPI,1.32
0005D0,SOL 전고체배터리&실리콘음극재,14425.0,399800.0,399800.0,5767115000.0,5767115000.0,KOSPI,-0.72
011785,금호석유화학우,50000.0,8796.0,8796.0,439800000.0,439800000.0,KOSPI,-1.96
0051G0,SOL 미국원자력SMR,12180.0,128576.0,128576.0,1566055680.0,1566055680.0,KOSPI,-0.61
462520,조선내화,12720.0,13461.0,13461.0,171223920.0,171223920.0,KOSPI,0.55
219480,KODEX 미국S&P500선물(H),33485.0,9339.0,9339.0,312716415.0,312716415.0,KOSPI,1.13
000970,한국주철관,6580.0,7484.0,7484.0,49244720.0,49244720.0,KOSPI,-0.15
0151P0,RISE 코리아전략산업액티브,15120.0,73092.0,73092.0,1105151040.0,1105151040.0,KOSPI,0.47
354500,ACE 코스닥150,14070.0,82265.0,82265.0,1157468550.0,1157468550.0,KOSPI,-0.85
138520,TIGER 삼성그룹,36900.0,14168.0,14168.0,522799200.0,522799200.0,KOSPI,0.7
007570,일양약품,7810.0,9464.0,9464.0,73913840.0,73913840.0,KOSPI,-1.01
001780,알루코,1538.0,669816.0,669816.0,1030177008.0,1030177008.0,KOSPI,-0.65
458210,KIWOOM CD금리액티브(합성),110825.0,187.0,187.0,20724275.0,20724275.0,KOSPI,0.05
001045,CJ우,65800.0,2329.0,2329.0,153248200.0,153248200.0,KOSPI,0.3
550089,N2 월간 레버리지 코스피 200 선물 ETN,148630.0,15.0,15.0,2229450.0,2229450.0,KOSPI,0.35
003830,대한화섬,111700.0,22.0,22.0,2457400.0,2457400.0,KOSPI,-0.09
016880,웅진,1843.0,69714.0,69714.0,128482902.0,128482902.0,KOSPI,-0.11
438560,SOL 국고채3년,100275.0,1659.0,1659.0,166356225.0,166356225.0,KOSPI,0.13
271980,제일약품,9940.0,8060.0,8060.0,80116400.0,80116400.0,KOSPI,0.0
0153K0,KODEX 주주환원고배당주,12180.0,129486.0,129486.0,1577139480.0,1577139480.0,KOSPI,-0.61
0104H0,KoAct 미국나스닥채권혼합50액티브,11960.0,80123.0,80123.0,958271080.0,958271080.0,KOSPI,0.63
097955,CJ제일제당 우,109900.0,6645.0,6645.0,730285500.0,730285500.0,KOSPI,-0.63
272550,삼양패키징,9680.0,8840.0,8840.0,85571200.0,85571200.0,KOSPI,-0.72
071840,롯데하이마트,6170.0,7438.0,7438.0,45892460.0,45892460.0,KOSPI,2.83
0127M0,ACE 미국대형가치주액티브,12125.0,115689.0,115689.0,1402729125.0,1402729125.0,KOSPI,-1.06
491610,1Q CD금리액티브(합성),105070.0,4919.0,4919.0,516839330.0,516839330.0,KOSPI,0.05
293480,하나제약,8160.0,13821.0,13821.0,112779360.0,112779360.0,KOSPI,-0.97
004090,한국석유,11410.0,153856.0,153856.0,1755496960.0,1755496960.0,KOSPI,-2.23
464240,KIWOOM 26-09회사채(AA-이상)액티브,52060.0,110.0,110.0,5726600.0,5726600.0,KOSPI,0.03
004970,신라교역,9040.0,7401.0,7401.0,66905040.0,66905040.0,KOSPI,-0.44
025820,이구산업,4325.0,90213.0,90213.0,390171225.0,390171225.0,KOSPI,0.82
481180,SOL 미국AI소프트웨어,16645.0,111272.0,111272.0,1852122440.0,1852122440.0,KOSPI,0.73
530136,삼성 인버스 2X 천연가스 선물 ETN D,14310.0,24459.0,24459.0,350008290.0,350008290.0,KOSPI,-1.07
004150,한솔홀딩스,3485.0,27717.0,27717.0,96593745.0,96593745.0,KOSPI,0.72
0048K0,KODEX 차이나휴머노이드로봇,7970.0,264834.0,264834.0,2110726980.0,2110726980.0,KOSPI,-1.73
498180,파워 종합채권(AA-이상)액티브,93330.0,1.0,1.0,93330.0,93330.0,KOSPI,0.21
000020,동화약품,5020.0,72444.0,72444.0,363668880.0,363668880.0,KOSPI,0.2
107590,미원홀딩스,60400.0,44.0,44.0,2657600.0,2657600.0,KOSPI,0.33
003480,한진중공업홀딩스,4745.0,16935.0,16935.0,80356575.0,80356575.0,KOSPI,0.74
0041E0,KODEX 미국S&P500액티브,16265.0,310087.0,310087.0,5043565055.0,5043565055.0,KOSPI,-0.31
245340,TIGER 미국다우존스30,34450.0,40788.0,40788.0,1405146600.0,1405146600.0,KOSPI,-1.33
0199C0,ACE 고배당주Plus커버드콜액티브,9255.0,628554.0,628554.0,5817267270.0,5817267270.0,KOSPI,-0.05
471760,TIGER AI반도체핵심공정,15095.0,1466485.0,1466485.0,22136591075.0,22136591075.0,KOSPI,3.89
495330,1Q 코리아밸류업,32385.0,7048.0,7048.0,228249480.0,228249480.0,KOSPI,-0.08
0092B0,SOL 한국원자력SMR,16740.0,223136.0,223136.0,3735296640.0,3735296640.0,KOSPI,2.45
015890,태경산업,4750.0,13426.0,13426.0,63773500.0,63773500.0,KOSPI,-0.42
094280,효성ITX,12010.0,3261.0,3261.0,39164610.0,39164610.0,KOSPI,0.25
139220,TIGER 200 건설,8220.0,447056.0,447056.0,3674800320.0,3674800320.0,KOSPI,1.23
0131W0,1Q 단기특수은행채액티브,102290.0,10035.0,10035.0,1026480150.0,1026480150.0,KOSPI,0.03
143860,TIGER 헬스케어,34480.0,11062.0,11062.0,381417760.0,381417760.0,KOSPI,-1.78
008350,남선알미늄,1063.0,687784.0,687784.0,731114392.0,731114392.0,KOSPI,-0.37
760007,키움 코스피 200 TR ETN,34165.0,84.0,84.0,2869860.0,2869860.0,KOSPI,0.01
451530,TIGER 국고채30년스트립액티브,34555.0,12447.0,12447.0,430106085.0,430106085.0,KOSPI,-0.96
476030,SOL 미국나스닥100,17380.0,36282.0,36282.0,630581160.0,630581160.0,KOSPI,0.49
001080,만호제강,3860.0,10804.0,10804.0,41703440.0,41703440.0,KOSPI,1.85
500037,신한 레버리지 금 선물 ETN,67745.0,46.0,46.0,3116270.0,3116270.0,KOSPI,-2.87
004080,신흥,14540.0,5012.0,5012.0,72874480.0,72874480.0,KOSPI,-1.09
007540,샘표,46650.0,24417.0,24417.0,1139053050.0,1139053050.0,KOSPI,-1.37
012610,경인양행,3215.0,110178.0,110178.0,354222270.0,354222270.0,KOSPI,1.42
570050,한투 S&P500선물 ETN,26650.0,3.0,3.0,79950.0,79950.0,KOSPI,-0.28
520066,미래에셋 KRX금현물 Auto-KO-C 2810-01 ETN,21980.0,15506.0,15506.0,340821880.0,340821880.0,KOSPI,-2.38
081000,일진다이아,9270.0,25950.0,25950.0,240556500.0,240556500.0,KOSPI,-1.38
463680,KODEX 미국S&P500테크놀로지,22810.0,19016.0,19016.0,433754960.0,433754960.0,KOSPI,0.09
024090,디씨엠,11500.0,1928.0,1928.0,22172000.0,22172000.0,KOSPI,0.09
014280,금강공업,4450.0,1124705.0,1124705.0,5004937250.0,5004937250.0,KOSPI,0.91
476450,KIWOOM 머니마켓액티브,52880.0,1297.0,1297.0,68585360.0,68585360.0,KOSPI,0.07
0091M0,HANARO 27-06 회사채(AA-이상)액티브,10160.0,665.0,665.0,6756400.0,6756400.0,KOSPI,0.0
411420,KODEX 미국나스닥AI테크액티브,27370.0,61344.0,61344.0,1678985280.0,1678985280.0,KOSPI,0.7
304660,KODEX 미국30년국채울트라선물(H),7210.0,78253.0,78253.0,564204130.0,564204130.0,KOSPI,-0.07
004960,한신공영,11200.0,13915.0,13915.0,155848000.0,155848000.0,KOSPI,0.0
214390,경보제약,5420.0,17320.0,17320.0,93874400.0,93874400.0,KOSPI,1.31
018470,조일알미늄,5100.0,58290.0,58290.0,297279000.0,297279000.0,KOSPI,-0.39
461500,HANARO 종합채권(AA-이상)액티브,104980.0,63.0,63.0,6613740.0,6613740.0,KOSPI,0.08
009270,신원,1122.0,273872.0,273872.0,307284384.0,307284384.0,KOSPI,0.18
325010,KODEX 성장주,44385.0,14672.0,14672.0,651216720.0,651216720.0,KOSPI,0.53
001210,금호전기,10230.0,1668187.0,1668187.0,17065553010.0,17065553010.0,KOSPI,-1.16
570106,한투 레버리지일본니케이225선물 ETN(H),51150.0,20.0,20.0,1023000.0,1023000.0,KOSPI,3.31
457990,PLUS 태양광&ESS,33130.0,159046.0,159046.0,5269193980.0,5269193980.0,KOSPI,-0.76
267290,경동도시가스,21500.0,7030.0,7030.0,151145000.0,151145000.0,KOSPI,0.0
448100,WON 200,115105.0,7585.0,7585.0,873071425.0,873071425.0,KOSPI,0.3
002210,동성제약,1310.0,102410.0,102410.0,134157100.0,134157100.0,KOSPI,-0.83
463290,1Q 단기금융채액티브,109430.0,1730.0,1730.0,189313900.0,189313900.0,KOSPI,0.03
192090,TIGER 차이나CSI300,12190.0,13130.0,13130.0,160054700.0,160054700.0,KOSPI,-1.46
0123G0,TIGER 미국AI전력SMR,6095.0,197744.0,197744.0,1205249680.0,1205249680.0,KOSPI,-0.73
003010,혜인,9890.0,469426.0,469426.0,4642623140.0,4642623140.0,KOSPI,-2.94
0074K0,KoAct K수출핵심기업TOP30액티브,16990.0,56937.0,56937.0,967359630.0,967359630.0,KOSPI,-0.06
447620,SOL 미국TOP5채권혼합50,16020.0,50056.0,50056.0,801897120.0,801897120.0,KOSPI,0.13
009070,KCTC,4160.0,103997.0,103997.0,432627520.0,432627520.0,KOSPI,-0.72
005800,신영와코루,13850.0,9579.0,9579.0,132669150.0,132669150.0,KOSPI,2.29
001520,동양,1162.0,2873807.0,2873807.0,3339363734.0,3339363734.0,KOSPI,-3.81
006060,화승인더,2240.0,89344.0,89344.0,200130560.0,200130560.0,KOSPI,0.67
210540,디와이파워,11220.0,8219.0,8219.0,92217180.0,92217180.0,KOSPI,0.45
001360,삼성제약,1314.0,187578.0,187578.0,246477492.0,246477492.0,KOSPI,-0.9
0000Y0,HK 26-12 회사채(AA-이상)액티브,102050.0,125.0,125.0,12756250.0,12756250.0,KOSPI,0.04
078000,텔코웨어,13350.0,2367.0,2367.0,31599450.0,31599450.0,KOSPI,-0.89
350520,이지스레지던스리츠,3345.0,13158.0,13158.0,44013510.0,44013510.0,KOSPI,-1.04
011690,와이투솔루션,3350.0,81540.0,81540.0,273159000.0,273159000.0,KOSPI,0.0
760011,키움 레버리지 2차전지산업 ETN,7930.0,550.0,550.0,4361500.0,4361500.0,KOSPI,0.06
114820,TIGER 국채3년,104870.0,16782.0,16782.0,1759928340.0,1759928340.0,KOSPI,0.11
013520,화승코퍼레이션,2445.0,135978.0,135978.0,332466210.0,332466210.0,KOSPI,-0.81
328370,PLUS 코스피TR,39380.0,5647.0,5647.0,222378860.0,222378860.0,KOSPI,-0.05
002620,제일파마홀딩스,7640.0,283.0,283.0,2162120.0,2162120.0,KOSPI,-0.13
438570,SOL 국고채10년,97765.0,330.0,330.0,32262450.0,32262450.0,KOSPI,0.19
089470,HDC현대EP,3820.0,32647.0,32647.0,124711540.0,124711540.0,KOSPI,1.06
092220,KEC,3025.0,812397.0,812397.0,2457500925.0,2457500925.0,KOSPI,-4.27
0184L0,PLUS 중기종합채권(A-이상)액티브,100600.0,5.0,5.0,503000.0,503000.0,KOSPI,0.08
008970,KBI동양철관,1169.0,1388569.0,1388569.0,1623237161.0,1623237161.0,KOSPI,1.83
469170,ACE 포스코그룹포커스,5920.0,397392.0,397392.0,2352560640.0,2352560640.0,KOSPI,0.42
214420,토니모리,5020.0,27238.0,27238.0,136734760.0,136734760.0,KOSPI,0.2
332940,HANARO MSCI Korea TR,50240.0,2113.0,2113.0,106157120.0,106157120.0,KOSPI,1.2
037560,LG헬로비전,1556.0,100823.0,100823.0,156880588.0,156880588.0,KOSPI,-1.39
550092,N2 월간 레버리지 방위산업 Top5 ETN,120035.0,23.0,23.0,2760805.0,2760805.0,KOSPI,-0.15
0181B0,HANARO 미국AI메모리반도체TOP4+,9840.0,462541.0,462541.0,4551403440.0,4551403440.0,KOSPI,-1.8
491230,PLUS 국공채머니마켓액티브,52597.0,1872.0,1872.0,98461584.0,98461584.0,KOSPI,0.02
399110,SOL 미국S&P500ESG,20640.0,14917.0,14917.0,307886880.0,307886880.0,KOSPI,-0.79
227840,현대코퍼레이션홀딩스,12920.0,10464.0,10464.0,135194880.0,135194880.0,KOSPI,0.0
377990,TIGER Fn신재생에너지,23735.0,66535.0,66535.0,1579208225.0,1579208225.0,KOSPI,0.19
182480,TIGER 미국MSCI리츠(합성 H),13290.0,13628.0,13628.0,181116120.0,181116120.0,KOSPI,1.06
079430,현대리바트,5800.0,10960.0,10960.0,63568000.0,63568000.0,KOSPI,2.65
319640,TIGER 골드선물(H),25325.0,9056.0,9056.0,229343200.0,229343200.0,KOSPI,-0.88
016740,두올,4050.0,21224.0,21224.0,85957200.0,85957200.0,KOSPI,1.25
251340,KODEX 코스닥150선물인버스,2425.0,20754794.0,20754794.0,50330375450.0,50330375450.0,KOSPI,1.04
002390,한독,8400.0,2822.0,2822.0,23704800.0,23704800.0,KOSPI,0.72
034590,인천도시가스,26350.0,802.0,802.0,21132700.0,21132700.0,KOSPI,-0.19
0085P0,ACE 미국10년국채액티브,9520.0,331792.0,331792.0,3158659840.0,3158659840.0,KOSPI,-1.81
014530,극동유화,3300.0,111540.0,111540.0,368082000.0,368082000.0,KOSPI,-0.75
017550,수산세보틱스,1839.0,202885.0,202885.0,373105515.0,373105515.0,KOSPI,2.05
0209D0,KODEX 전고체배터리ESS TOP2플러스,7880.0,802180.0,802180.0,6321178400.0,6321178400.0,KOSPI,-1.19
367770,RISE 수소경제테마,22255.0,12401.0,12401.0,275984255.0,275984255.0,KOSPI,0.09
326240,RISE IT플러스,44960.0,4111.0,4111.0,184830560.0,184830560.0,KOSPI,1.47
304940,KODEX 미국나스닥100선물(H),33475.0,10124.0,10124.0,338900900.0,338900900.0,KOSPI,2.14
015590,DKME,2125.0,120721.0,120721.0,256532125.0,256532125.0,KOSPI,-4.06
570116,한투 레버리지WTI원유선물 ETN B,56710.0,402.0,402.0,22797420.0,22797420.0,KOSPI,-1.89
37550L,DL이앤씨2우(전환),53700.0,2400.0,2400.0,128880000.0,128880000.0,KOSPI,0.75
016710,대성홀딩스,7040.0,1568.0,1568.0,11038720.0,11038720.0,KOSPI,0.14
0168K0,TIGER 기술이전바이오액티브,5385.0,1311940.0,1311940.0,7064796900.0,7064796900.0,KOSPI,-2.18
083420,그린케미칼,4680.0,24341.0,24341.0,113915880.0,113915880.0,KOSPI,-0.43
004100,태양금속,3055.0,658597.0,658597.0,2012013835.0,2012013835.0,KOSPI,4.62
0036R0,RISE 미국휴머노이드로봇,20020.0,13983.0,13983.0,279939660.0,279939660.0,KOSPI,0.73
023450,동남합성,32000.0,378.0,378.0,12096000.0,12096000.0,KOSPI,-0.93
0000J0,PLUS 한화그룹주,27950.0,65840.0,65840.0,1840228000.0,1840228000.0,KOSPI,-0.14
0135Y0,IBK 중기종합채권(AA-이상)액티브,100280.0,41.0,41.0,4111480.0,4111480.0,KOSPI,0.16
009580,무림P&P,1775.0,11874644.0,11874644.0,21077493100.0,21077493100.0,KOSPI,8.83
488500,TIGER 미국S&P500동일가중,12220.0,69930.0,69930.0,854544600.0,854544600.0,KOSPI,-1.41
266370,KODEX IT,71150.0,67131.0,67131.0,4776370650.0,4776370650.0,KOSPI,1.65
002460,HS화성,10830.0,5238.0,5238.0,56727540.0,56727540.0,KOSPI,-2.34
372330,KODEX 차이나항셍테크,6565.0,152818.0,152818.0,1003250170.0,1003250170.0,KOSPI,-1.06
013570,디와이,4160.0,26487.0,26487.0,110185920.0,110185920.0,KOSPI,0.97
309230,ACE 미국WideMoat동일가중,29705.0,11326.0,11326.0,336438830.0,336438830.0,KOSPI,-0.72
0162L0,KODEX 차이나AI반도체TOP10,13640.0,879254.0,879254.0,11993024560.0,11993024560.0,KOSPI,-1.48
476850,KoAct 배당성장액티브,22220.0,133113.0,133113.0,2957770860.0,2957770860.0,KOSPI,0.34
0174B0,KoAct 글로벌AI메모리반도체액티브,14750.0,128437.0,128437.0,1894445750.0,1894445750.0,KOSPI,-0.37
0132K0,PLUS 테슬라위클리커버드콜채권혼합,7970.0,100340.0,100340.0,799709800.0,799709800.0,KOSPI,0.38
496090,KIWOOM 코리아밸류업,32670.0,102.0,102.0,3332340.0,3332340.0,KOSPI,0.29
0221V0,IBK 초단기채권액티브,100675.0,1010.0,1010.0,101681750.0,101681750.0,KOSPI,0.05
0138Y0,PLUS 금채권혼합,9650.0,159994.0,159994.0,1543942100.0,1543942100.0,KOSPI,-1.18
530055,삼성 레버리지 금 선물 ETN(H),107000.0,138.0,138.0,14766000.0,14766000.0,KOSPI,-1.64
500050,신한 레버리지 S&P500 선물 ETN,53500.0,25.0,25.0,1337500.0,1337500.0,KOSPI,1.63
464930,TIGER 글로벌혁신블루칩TOP10,20560.0,16606.0,16606.0,341419360.0,341419360.0,KOSPI,-0.32
012800,대창,1170.0,366994.0,366994.0,429382980.0,429382980.0,KOSPI,0.09
0193M0,BNK 27-12 특수채(AAA이상)액티브,50370.0,1.0,1.0,50370.0,50370.0,KOSPI,0.01
530061,삼성 레버리지 은 선물 ETN(H),35405.0,7483.0,7483.0,264935615.0,264935615.0,KOSPI,-2.75
570019,한투 코스피양매도5%OTM ETN,7080.0,822.0,822.0,5819760.0,5819760.0,KOSPI,-0.98
078935,GS우,59600.0,4642.0,4642.0,276663200.0,276663200.0,KOSPI,-0.33
530107,삼성 인버스 2X 코스닥150 선물 ETN,1765.0,20285682.0,20285682.0,35804228730.0,35804228730.0,KOSPI,1.32
012320,경동인베스트,44700.0,6561.0,6561.0,293276700.0,293276700.0,KOSPI,0.11
008040,사조동아원,7480.0,17899.0,17899.0,133884520.0,133884520.0,KOSPI,-1.45
168580,ACE 중국본토CSI300,33810.0,1271.0,1271.0,42972510.0,42972510.0,KOSPI,-1.17
004250,NPC,2870.0,6765.0,6765.0,19415550.0,19415550.0,KOSPI,0.7
464310,TIGER 글로벌AI&로보틱스 INDXX,13495.0,20132.0,20132.0,271681340.0,271681340.0,KOSPI,-0.59
0080Y0,SOL 조선TOP3플러스레버리지,8280.0,364707.0,364707.0,3019773960.0,3019773960.0,KOSPI,-0.6
014580,태경비케이,3800.0,26728.0,26728.0,101566400.0,101566400.0,KOSPI,-0.13
455860,SOL 2차전지소부장Fn,4340.0,215671.0,215671.0,936012140.0,936012140.0,KOSPI,-0.69
120030,조선선재,83000.0,483.0,483.0,40089000.0,40089000.0,KOSPI,-1.07
465610,ACE 미국빅테크TOP7 Plus레버리지(합성),43400.0,6870.0,6870.0,298158000.0,298158000.0,KOSPI,-1.5
458030,WON 국공채머니마켓액티브,55140.0,136.0,136.0,7499040.0,7499040.0,KOSPI,0.03
021820,세원정공,10390.0,5287.0,5287.0,54931930.0,54931930.0,KOSPI,-0.38
203780,TIGER 미국나스닥바이오,34570.0,19971.0,19971.0,690397470.0,690397470.0,KOSPI,-1.58
012200,계양전기,3805.0,825968.0,825968.0,3142808240.0,3142808240.0,KOSPI,-1.04
027970,한국제지,2720.0,24085.0,24085.0,65511200.0,65511200.0,KOSPI,0.0
0137V0,KIWOOM 미국S&P500모멘텀,11540.0,120409.0,120409.0,1389519860.0,1389519860.0,KOSPI,-0.69
010100,한국무브넥스,3385.0,58144.0,58144.0,196817440.0,196817440.0,KOSPI,1.04
006660,삼성공조,12640.0,199597.0,199597.0,2522906080.0,2522906080.0,KOSPI,-3.81
0176E0,RISE 미국AI전력인프라액티브,9715.0,24879.0,24879.0,241699485.0,241699485.0,KOSPI,-0.97
035000,HS애드,6310.0,10511.0,10511.0,66324410.0,66324410.0,KOSPI,0.16
123690,한국화장품,6350.0,37020.0,37020.0,235077000.0,235077000.0,KOSPI,0.16
248170,샘표식품,22300.0,29183.0,29183.0,650780900.0,650780900.0,KOSPI,-0.45
0122W0,RISE 26-11 회사채(AA-이상)액티브,51080.0,787.0,787.0,40199960.0,40199960.0,KOSPI,0.02
610037,메리츠 미국채30년 ETN(H),7265.0,104.0,104.0,755560.0,755560.0,KOSPI,0.14
267850,아시아나IDT,9160.0,8629.0,8629.0,79041640.0,79041640.0,KOSPI,0.88
0177X0,ACE K휴머노이드로봇산업TOP2+,9805.0,306778.0,306778.0,3007958290.0,3007958290.0,KOSPI,-0.81
394660,TIGER 글로벌자율주행&전기차SOLACTIVE,15315.0,2872.0,2872.0,43984680.0,43984680.0,KOSPI,-0.49
002780,진흥기업,6850.0,42469.0,42469.0,290912650.0,290912650.0,KOSPI,0.44
475050,ACE KPOP포커스,6750.0,392098.0,392098.0,2646661500.0,2646661500.0,KOSPI,-2.39
011280,태림포장,1396.0,345911.0,345911.0,482891756.0,482891756.0,KOSPI,-3.26
0142D0,TIGER 미국AI데이터센터TOP4Plus,10570.0,235934.0,235934.0,2493822380.0,2493822380.0,KOSPI,-1.9
0008T0,SOL 화장품TOP3플러스,17390.0,814889.0,814889.0,14170919710.0,14170919710.0,KOSPI,-1.17
002450,삼익악기,1084.0,106829.0,106829.0,115802636.0,115802636.0,KOSPI,-1.45
114100,RISE 국고채3년,105765.0,25534.0,25534.0,2700603510.0,2700603510.0,KOSPI,0.09
013700,까뮤이앤씨,1627.0,183338.0,183338.0,298290926.0,298290926.0,KOSPI,-2.87
264900,크라운제과,7750.0,7691.0,7691.0,59605250.0,59605250.0,KOSPI,0.0
417310,코람코더원리츠,2400.0,165458.0,165458.0,397099200.0,397099200.0,KOSPI,0.84
008700,아남전자,1257.0,236732.0,236732.0,297572124.0,297572124.0,KOSPI,-0.08
580039,KB 레버리지 KOSPI 200 선물 ETN,192600.0,515.0,515.0,99189000.0,99189000.0,KOSPI,1.17
195980,PLUS 신흥국MSCI(합성 H),15640.0,12629.0,12629.0,197517560.0,197517560.0,KOSPI,0.84
475280,ACE 8월만기자동연장회사채AA-이상액티브,10735.0,31.0,31.0,332785.0,332785.0,KOSPI,0.0
070960,모나용평,1989.0,58958.0,58958.0,117267462.0,117267462.0,KOSPI,4.41
002200,한국수출포장,2855.0,33040.0,33040.0,94329200.0,94329200.0,KOSPI,0.88
486240,DAISHIN AI반도체&인프라액티브,30665.0,1031.0,1031.0,31615615.0,31615615.0,KOSPI,2.05
433970,KODEX TDF2030액티브 적격,13945.0,29983.0,29983.0,418112935.0,418112935.0,KOSPI,-0.04
067830,세이브존I&C,2305.0,96474.0,96474.0,222372570.0,222372570.0,KOSPI,0.0
473440,ACE 11월만기자동연장회사채AA-이상액티브,10860.0,834.0,834.0,9057240.0,9057240.0,KOSPI,0.05
014790,HL D&I,2485.0,14992.0,14992.0,37255120.0,37255120.0,KOSPI,0.81
008260,NI스틸,3285.0,26045.0,26045.0,85557825.0,85557825.0,KOSPI,0.31
0035T0,PLUS 글로벌휴머노이드로봇액티브,19350.0,23468.0,23468.0,454105800.0,454105800.0,KOSPI,-0.57
032560,황금에스티,5510.0,10801.0,10801.0,59513510.0,59513510.0,KOSPI,0.36
479620,SOL 미국AI반도체칩메이커,27135.0,89239.0,89239.0,2421500265.0,2421500265.0,KOSPI,2.13
014440,영보화학,4665.0,4658.0,4658.0,21729570.0,21729570.0,KOSPI,-0.85
454320,HANARO CAPEX설비투자iSelect,43370.0,806.0,806.0,34956220.0,34956220.0,KOSPI,0.81
007210,벽산,1425.0,57832.0,57832.0,82410600.0,82410600.0,KOSPI,-0.28
298770,KODEX 한국대만IT프리미어,84235.0,35120.0,35120.0,2958333200.0,2958333200.0,KOSPI,-0.33
363280,티와이홀딩스,2035.0,18101.0,18101.0,36835535.0,36835535.0,KOSPI,-1.21
308620,KODEX 미국10년국채선물,11155.0,46197.0,46197.0,515327535.0,515327535.0,KOSPI,-1.72
006840,AK홀딩스,6980.0,2922.0,2922.0,20395560.0,20395560.0,KOSPI,1.31
453080,KIWOOM 미국나스닥100(H),23680.0,16982.0,16982.0,402133760.0,402133760.0,KOSPI,2.09
143850,TIGER 미국S&P500선물(H),78200.0,1274.0,1274.0,99626800.0,99626800.0,KOSPI,1.19
036580,팜스코,2500.0,19595.0,19595.0,48987500.0,48987500.0,KOSPI,-0.79
325020,KODEX 배당가치,29605.0,3198.0,3198.0,94676790.0,94676790.0,KOSPI,0.24
269540,PLUS 미국S&P500(H),30400.0,4821.0,4821.0,146558400.0,146558400.0,KOSPI,1.06
0197X0,SOL SK하이닉스선물단일종목인버스2X,5580.0,19215209.0,19215209.0,107220866220.0,107220866220.0,KOSPI,3.53
211900,KODEX 코리아배당성장,28000.0,5370.0,5370.0,150360000.0,150360000.0,KOSPI,-0.18
0052T0,1Q 중단기회사채(A-이상)액티브,50780.0,596.0,596.0,30264880.0,30264880.0,KOSPI,0.1
261270,KODEX 미국달러선물인버스,8225.0,108747.0,108747.0,894444075.0,894444075.0,KOSPI,1.61
001275,부국증권우,30100.0,247.0,247.0,7434700.0,7434700.0,KOSPI,0.17
0066W0,SOL 국제금,12420.0,54653.0,54653.0,678790260.0,678790260.0,KOSPI,-2.28
019180,티에이치엔,5000.0,89955.0,89955.0,449775000.0,449775000.0,KOSPI,-0.4
0007N0,아이엠에셋 200,112500.0,81.0,81.0,9112500.0,9112500.0,KOSPI,0.14
444490,WON 미국S&P500,20095.0,17164.0,17164.0,344910580.0,344910580.0,KOSPI,-0.54
468380,KODEX iShares미국하이일드액티브,10660.0,96461.0,96461.0,1028274260.0,1028274260.0,KOSPI,-1.84
495040,PLUS 코리아밸류업,32445.0,2384.0,2384.0,77348880.0,77348880.0,KOSPI,0.53
001290,상상인증권,4040.0,43676.0,43676.0,176451040.0,176451040.0,KOSPI,-1.34
025620,차AI헬스케어,4805.0,6612.0,6612.0,31770660.0,31770660.0,KOSPI,-0.1
329670,KODEX TRF7030,21765.0,8394.0,8394.0,182695410.0,182695410.0,KOSPI,-0.46
058850,KTcs,2100.0,118604.0,118604.0,249068400.0,249068400.0,KOSPI,-0.71
33626K,두산퓨얼셀1우,6440.0,23343.0,23343.0,150328920.0,150328920.0,KOSPI,-2.28
004140,동방,1789.0,61099.0,61099.0,109306111.0,109306111.0,KOSPI,-0.72
058860,KTis,2465.0,26786.0,26786.0,66027490.0,66027490.0,KOSPI,0.61
096775,SK이노베이션우,68400.0,1379.0,1379.0,94323600.0,94323600.0,KOSPI,0.0
004890,동일산업,35100.0,316.0,316.0,11091600.0,11091600.0,KOSPI,0.86
023000,삼원강재,2140.0,9527.0,9527.0,20387780.0,20387780.0,KOSPI,-2.28
460960,ACE 글로벌인컴TOP10,10840.0,194211.0,194211.0,2105247240.0,2105247240.0,KOSPI,-0.46
453330,RISE 미국S&P500(H),18370.0,30145.0,30145.0,553763650.0,553763650.0,KOSPI,1.07
000850,화천기공,38200.0,5612.0,5612.0,214378400.0,214378400.0,KOSPI,-1.55
359210,KODEX 코스피TR,36475.0,6694.0,6694.0,244163650.0,244163650.0,KOSPI,0.52
475310,SOL 반도체후공정,28810.0,477722.0,477722.0,13763170820.0,13763170820.0,KOSPI,2.16
469060,RISE 미국반도체NYSE,36285.0,40646.0,40646.0,1474840110.0,1474840110.0,KOSPI,2.24
329660,KODEX TRF5050,17705.0,12646.0,12646.0,223897430.0,223897430.0,KOSPI,-0.23
485690,RISE 미국AI밸류체인TOP3Plus,22780.0,44850.0,44850.0,1021683000.0,1021683000.0,KOSPI,0.71
006090,사조오양,8820.0,2037.0,2037.0,17966340.0,17966340.0,KOSPI,-2.43
461460,PLUS 국고채10년액티브,51150.0,86.0,86.0,4398900.0,4398900.0,KOSPI,0.3
002600,조흥,138000.0,12.0,12.0,1656000.0,1656000.0,KOSPI,0.07
139990,아주스틸,2130.0,12581.0,12581.0,26797530.0,26797530.0,KOSPI,0.0
0017Y0,1Q 종합채권(AA-이상)액티브,93960.0,23.0,23.0,2161080.0,2161080.0,KOSPI,0.05
337140,KODEX 코스피대형주,37025.0,15992.0,15992.0,592103800.0,592103800.0,KOSPI,0.05
007610,선도전기,4510.0,1236584.0,1236584.0,5576993840.0,5576993840.0,KOSPI,-4.45
003580,HLB글로벌,1595.0,31575.0,31575.0,50362125.0,50362125.0,KOSPI,0.44
108450,ACE 삼성그룹섹터가중,40295.0,3693.0,3693.0,148809435.0,148809435.0,KOSPI,0.72
023800,인지컨트롤스,5090.0,13356.0,13356.0,67982040.0,67982040.0,KOSPI,0.59
007980,TP,1715.0,141177.0,141177.0,242118555.0,242118555.0,KOSPI,0.76
111380,동인기연,13110.0,1444.0,1444.0,18930840.0,18930840.0,KOSPI,0.85
495750,HANARO 코리아밸류업,32700.0,64.0,64.0,2092800.0,2092800.0,KOSPI,0.46
011700,한신기계,2460.0,204332.0,204332.0,502656720.0,502656720.0,KOSPI,0.0
0018C0,PLUS 고배당주위클리고정커버드콜,10475.0,98899.0,98899.0,1035967025.0,1035967025.0,KOSPI,0.19
449770,KIWOOM 미국S&P500,20935.0,29164.0,29164.0,610548340.0,610548340.0,KOSPI,-0.69
500096,신한 인버스2X 천연가스 선물 ETN B,15905.0,38.0,38.0,604390.0,604390.0,KOSPI,-1.06
0225V0,KODEX 미국CPU반도체TOP10,12220.0,1112847.0,1112847.0,13598990340.0,13598990340.0,KOSPI,5.76
0198A0,KIWOOM 코스닥150커버드콜액티브,8615.0,793781.0,793781.0,6838423315.0,6838423315.0,KOSPI,-0.75
550093,N2 전력인프라 Top5 ETN,39620.0,2632.0,2632.0,104279840.0,104279840.0,KOSPI,1.86
138530,TIGER LG그룹플러스,12220.0,101997.0,101997.0,1246403340.0,1246403340.0,KOSPI,1.41
002220,한일철강,2950.0,103866.0,103866.0,306404700.0,306404700.0,KOSPI,1.37
000590,CS홀딩스,68000.0,382.0,382.0,25976000.0,25976000.0,KOSPI,1.49
0057H0,PLUS 미국S&P500미국채혼합50액티브,11540.0,73557.0,73557.0,848847780.0,848847780.0,KOSPI,-1.11
0049M0,ACE 미국배당퀄리티+커버드콜액티브,11095.0,36755.0,36755.0,407796725.0,407796725.0,KOSPI,-0.8
365040,TIGER AI코리아그로스액티브,37190.0,9001.0,9001.0,334747190.0,334747190.0,KOSPI,1.21
069730,DSR제강,5400.0,20997.0,20997.0,113383800.0,113383800.0,KOSPI,0.0
0098N0,PLUS 자사주매입고배당주,12960.0,46527.0,46527.0,602989920.0,602989920.0,KOSPI,0.04
009180,한솔로지스틱스,2755.0,12269.0,12269.0,33801095.0,33801095.0,KOSPI,0.18
005740,크라운해태홀딩스,5220.0,18258.0,18258.0,95306760.0,95306760.0,KOSPI,0.58
210780,TIGER 코스피고배당,23240.0,18854.0,18854.0,438166960.0,438166960.0,KOSPI,-0.3
007590,동방아그로,5610.0,3697.0,3697.0,20740170.0,20740170.0,KOSPI,0.9
490480,SOL K방산,28270.0,23836.0,23836.0,673843720.0,673843720.0,KOSPI,-0.93
004840,DRB동일,3950.0,96683.0,96683.0,381897850.0,381897850.0,KOSPI,-0.13
204480,TIGER 차이나CSI300레버리지(합성),23295.0,3451.0,3451.0,80391045.0,80391045.0,KOSPI,-1.42
000105,유한양행우,65500.0,918.0,918.0,60129000.0,60129000.0,KOSPI,-0.3
0080X0,SOL 미국S&P500미국채혼합50,10725.0,158962.0,158962.0,1704867450.0,1704867450.0,KOSPI,-1.2
272910,ACE 중장기국공채액티브,105835.0,120.0,120.0,12700200.0,12700200.0,KOSPI,0.06
163560,동일고무벨트,5380.0,9730.0,9730.0,52347400.0,52347400.0,KOSPI,-0.37
013360,일성건설,1383.0,130432.0,130432.0,180387456.0,180387456.0,KOSPI,-0.29
005750,대림바스,4500.0,10229.0,10229.0,46030500.0,46030500.0,KOSPI,2.97
0240J0,RISE 삼성SK그룹,10640.0,734013.0,734013.0,7809898320.0,7809898320.0,KOSPI,0.66
157490,TIGER 소프트웨어,8005.0,62104.0,62104.0,497142520.0,497142520.0,KOSPI,2.1
001020,페이퍼코리아,2085.0,6295.0,6295.0,13125075.0,13125075.0,KOSPI,3.47
412770,TIGER 글로벌AI플랫폼액티브,12780.0,15184.0,15184.0,194051520.0,194051520.0,KOSPI,1.47
292190,KODEX KRX300,49330.0,24461.0,24461.0,1206661130.0,1206661130.0,KOSPI,0.07
001260,남광토건,7520.0,16929.0,16929.0,127306080.0,127306080.0,KOSPI,-0.4
010960,삼호개발,3060.0,136086.0,136086.0,416423160.0,416423160.0,KOSPI,0.0
0210E0,PLUS 200커버드콜액티브,7510.0,253270.0,253270.0,1902057700.0,1902057700.0,KOSPI,0.47
013870,지엠비코리아,3850.0,6684.0,6684.0,25733400.0,25733400.0,KOSPI,0.79
364960,TIGER BBIG,6165.0,19028.0,19028.0,117307620.0,117307620.0,KOSPI,0.57
570120,한투 레버리지천연가스선물 ETN C,14640.0,4180.0,4180.0,61195200.0,61195200.0,KOSPI,-2.17
228810,TIGER 미디어컨텐츠,2990.0,278558.0,278558.0,832888420.0,832888420.0,KOSPI,-3.39
0238F0,KODEX 미국AI메모리TOP2플러스,10455.0,654926.0,654926.0,6847251330.0,6847251330.0,KOSPI,-2.38
0102A0,TIGER 미국AI소프트웨어TOP4Plus,8875.0,102073.0,102073.0,905897875.0,905897875.0,KOSPI,0.06
002795,아모레퍼시픽홀딩스우,11400.0,27039.0,27039.0,308244600.0,308244600.0,KOSPI,2.15
0022T0,SOL 국제금커버드콜액티브,12735.0,108774.0,108774.0,1385236890.0,1385236890.0,KOSPI,-2.26
298340,PLUS 국채선물3년,56345.0,5881.0,5881.0,331364945.0,331364945.0,KOSPI,0.04
475350,RISE 버크셔포트폴리오TOP10,14325.0,68367.0,68367.0,979357275.0,979357275.0,KOSPI,-2.35
0098Z0,FOCUS 200,95850.0,33.0,33.0,3163050.0,3163050.0,KOSPI,0.85
441540,HANARO Fn조선해운,26585.0,8684.0,8684.0,230864140.0,230864140.0,KOSPI,-0.06
338100,NH프라임리츠,3830.0,35313.0,35313.0,135248790.0,135248790.0,KOSPI,0.92
055490,테이팩스,14930.0,15591.0,15591.0,232773630.0,232773630.0,KOSPI,1.01
071090,하이스틸,3535.0,6382775.0,6382775.0,22563109625.0,22563109625.0,KOSPI,8.1
550091,N2 방위산업 Top5 ETN,35325.0,942.0,942.0,33276150.0,33276150.0,KOSPI,-1.68
063160,종근당바이오,12870.0,6530.0,6530.0,84041100.0,84041100.0,KOSPI,-0.08
001560,제일연마,9290.0,1137.0,1137.0,10562730.0,10562730.0,KOSPI,5.33
024900,디와이덕양,2165.0,306133.0,306133.0,662777945.0,662777945.0,KOSPI,7.44
211560,TIGER 배당성장,35000.0,16027.0,16027.0,560945000.0,560945000.0,KOSPI,0.13
0190Y0,TIGER 구글밸류체인,8685.0,38865.0,38865.0,337542525.0,337542525.0,KOSPI,-0.4
473640,HANARO 글로벌금채굴기업,33450.0,25653.0,25653.0,858092850.0,858092850.0,KOSPI,-3.13
095720,웅진씽크빅,1236.0,11890.0,11890.0,14696040.0,14696040.0,KOSPI,-0.8
000180,성창기업지주,5010.0,6927.0,6927.0,34704270.0,34704270.0,KOSPI,0.2
009770,삼정펄프,27950.0,857.0,857.0,23953150.0,23953150.0,KOSPI,0.18
530115,삼성 레버리지 나스닥 100 TR ETN,69780.0,2986.0,2986.0,208363080.0,208363080.0,KOSPI,3.0
120115,코오롱인더우,25200.0,2702.0,2702.0,68090400.0,68090400.0,KOSPI,-0.79
155660,DSR,4355.0,10857.0,10857.0,47282235.0,47282235.0,KOSPI,-0.34
084670,동양고속,24000.0,13796.0,13796.0,331104000.0,331104000.0,KOSPI,-1.64
530126,삼성 코리아 밸류업 TR ETN,34505.0,2.0,2.0,69010.0,69010.0,KOSPI,1.17
491700,HK 200,114910.0,9.0,9.0,1034190.0,1034190.0,KOSPI,2.18
031820,아이티센씨티에스,5690.0,25136.0,25136.0,143023840.0,143023840.0,KOSPI,0.18
0233A0,ACE 삼성전자SK하이닉스플러스채권혼합50,10730.0,382045.0,382045.0,4099342850.0,4099342850.0,KOSPI,0.23
550084,N2 코스피 200 TR ETN,34225.0,11.0,11.0,376475.0,376475.0,KOSPI,0.38
000230,일동홀딩스,5930.0,20747.0,20747.0,123029710.0,123029710.0,KOSPI,-2.15
0113D0,TIME 글로벌탑픽액티브,11890.0,37450.0,37450.0,445280500.0,445280500.0,KOSPI,-0.88
002720,국제약품,3230.0,31618.0,31618.0,102126140.0,102126140.0,KOSPI,-0.77
465330,RISE 2차전지TOP10,11130.0,89351.0,89351.0,994476630.0,994476630.0,KOSPI,0.36
130730,KIWOOM 단기자금,103150.0,467.0,467.0,48171050.0,48171050.0,KOSPI,0.04
011150,CJ씨푸드,1892.0,28796.0,28796.0,54482032.0,54482032.0,KOSPI,0.0
004770,써니전자,1913.0,1331752.0,1331752.0,2547641576.0,2547641576.0,KOSPI,-5.06
228800,TIGER 여행레저,2645.0,99761.0,99761.0,263867845.0,263867845.0,KOSPI,1.93
492500,1Q 현대차그룹채권(A+이상)&국고통안,51315.0,287.0,287.0,14727405.0,14727405.0,KOSPI,0.01
520095,미래에셋 레버리지 WTI원유 선물 ETN,27100.0,218901.0,218901.0,5932217100.0,5932217100.0,KOSPI,-3.01
007280,한국특강,2365.0,4999.0,4999.0,11822635.0,11822635.0,KOSPI,0.64
214330,금호에이치티,6470.0,49443.0,49443.0,319896210.0,319896210.0,KOSPI,-0.15
530131,삼성 인버스0.5X S&P500 VIX S/T선물 ETN B,22450.0,189.0,189.0,4243050.0,4243050.0,KOSPI,-1.79
266420,KODEX 헬스케어,15650.0,15447.0,15447.0,241745550.0,241745550.0,KOSPI,-2.07
433880,PLUS TDF2060액티브 적격,18570.0,10250.0,10250.0,190342500.0,190342500.0,KOSPI,-0.05
278620,PLUS 단기채권액티브,119125.0,18517.0,18517.0,2205837625.0,2205837625.0,KOSPI,0.02
019680,대교,1644.0,12820.0,12820.0,21076080.0,21076080.0,KOSPI,0.12
014990,인디에프,4390.0,572489.0,572489.0,2513226710.0,2513226710.0,KOSPI,8.13
079980,휴비스,1908.0,39141.0,39141.0,74681028.0,74681028.0,KOSPI,-0.62
010660,화천기계,2990.0,31341.0,31341.0,93709590.0,93709590.0,KOSPI,-0.83
570100,한투 일본종합상사TOP5 ETN,21900.0,3380.0,3380.0,74022000.0,74022000.0,KOSPI,-2.88
520081,미래에셋 2X 미국 테크&반도체 TOP3 ETN,65595.0,317.0,317.0,20793615.0,20793615.0,KOSPI,1.49
277640,TIGER 코스피대형주,38560.0,18972.0,18972.0,731560320.0,731560320.0,KOSPI,0.53
004440,삼일씨엔에스,5140.0,33774.0,33774.0,173598360.0,173598360.0,KOSPI,-1.53
085310,엔케이,8800.0,11992.0,11992.0,105529600.0,105529600.0,KOSPI,0.8
100220,비상교육,5020.0,26859.0,26859.0,134832180.0,134832180.0,KOSPI,0.4
418670,TIGER 글로벌AI사이버보안,18930.0,132738.0,132738.0,2512730340.0,2512730340.0,KOSPI,1.66
458750,TIGER 미국배당다우존스타겟커버드콜1호,12520.0,53431.0,53431.0,668956120.0,668956120.0,KOSPI,-1.92
530067,삼성 KRX 금현물 ETN,32240.0,700.0,700.0,22568000.0,22568000.0,KOSPI,-2.26
010040,한국내화,1569.0,10164.0,10164.0,15947316.0,15947316.0,KOSPI,0.32
058730,다스코,3180.0,253607.0,253607.0,806470260.0,806470260.0,KOSPI,0.79
306950,KODEX KRX300레버리지,80160.0,1673.0,1673.0,134107680.0,134107680.0,KOSPI,0.75
004720,팜젠사이언스,2825.0,17512.0,17512.0,49471400.0,49471400.0,KOSPI,-0.7
261240,KODEX 미국달러선물,14065.0,190190.0,190190.0,2675022350.0,2675022350.0,KOSPI,-1.54
520080,미래에셋 미국 테크&반도체 TOP3 ETN,21275.0,2.0,2.0,42550.0,42550.0,KOSPI,-0.12
252400,RISE 200선물레버리지,106270.0,1271.0,1271.0,135069170.0,135069170.0,KOSPI,0.35
453950,TIGER TSMC파운드리밸류체인,32635.0,37885.0,37885.0,1236376975.0,1236376975.0,KOSPI,-0.58
002700,신일전자,928.0,522361.0,522361.0,484751008.0,484751008.0,KOSPI,-0.64
580010,KB Wise 분할매매 ETN,10545.0,31.0,31.0,326895.0,326895.0,KOSPI,0.57
0123S0,HANARO 26-12 은행채(AA+이상)액티브,10200.0,1459.0,1459.0,14881800.0,14881800.0,KOSPI,0.05
210980,SK디앤디,3385.0,118546.0,118546.0,401278210.0,401278210.0,KOSPI,1.35
017370,우신시스템,3435.0,8708.0,8708.0,29911980.0,29911980.0,KOSPI,1.63
016090,대현,1410.0,24219.0,24219.0,34148790.0,34148790.0,KOSPI,0.79
419890,KIWOOM 단기채권ESG액티브,107535.0,63.0,63.0,6774705.0,6774705.0,KOSPI,0.07
520100,미래에셋 레버리지 삼성전자 단일종목 ETN,12465.0,165320.0,165320.0,2060713800.0,2060713800.0,KOSPI,2.17
018500,동원모빌리티,1330.0,53840.0,53840.0,71607200.0,71607200.0,KOSPI,-0.08
009200,무림페이퍼,1494.0,1290169.0,1290169.0,1927512486.0,1927512486.0,KOSPI,2.89
005870,휴니드,4400.0,24466.0,24466.0,107650400.0,107650400.0,KOSPI,0.23
140700,KODEX 보험,20635.0,77752.0,77752.0,1604412520.0,1604412520.0,KOSPI,-0.63
068290,삼성출판사,6190.0,6820.0,6820.0,42215800.0,42215800.0,KOSPI,0.32
0115E0,KODEX 코리아소버린AI,14210.0,18539.0,18539.0,263439190.0,263439190.0,KOSPI,1.43
495940,RISE 미국AI테크액티브,19620.0,3322.0,3322.0,65177640.0,65177640.0,KOSPI,-0.3
455660,ACE 미국하이일드액티브(H),9355.0,17110.0,17110.0,160064050.0,160064050.0,KOSPI,-0.05
480370,씨케이솔루션,1896.0,165665.0,165665.0,314100840.0,314100840.0,KOSPI,0.05
520086,미래에셋-0.5X S&P500 VIX S/T선물 ETN(H)B,24455.0,10002.0,10002.0,244598910.0,244598910.0,KOSPI,0.12
0166S0,PLUS K제조업핵심기업액티브,11635.0,27754.0,27754.0,322917790.0,322917790.0,KOSPI,1.13
072130,유엔젤,4795.0,32658.0,32658.0,156595110.0,156595110.0,KOSPI,-1.13
520092,미래에셋 레버리지 은 선물 ETN B,30355.0,24047.0,24047.0,729946685.0,729946685.0,KOSPI,-3.79
520087,미래에셋 레버리지 KRX 금현물 ETN,30290.0,58111.0,58111.0,1760182190.0,1760182190.0,KOSPI,-4.55
0222D0,KoAct 고배당액티브,10325.0,164944.0,164944.0,1703046800.0,1703046800.0,KOSPI,-0.15
0181L0,SOL 미국우주항공TOP10,7215.0,131180.0,131180.0,946463700.0,946463700.0,KOSPI,1.48
491220,PLUS 200TR,132895.0,368.0,368.0,48905360.0,48905360.0,KOSPI,0.13
580082,KB 레버리지 반도체 TOP10 TR ETN,23905.0,3383.0,3383.0,80870615.0,80870615.0,KOSPI,1.51
760018,키움 미국달러선물 ETN B,9960.0,4.0,4.0,39840.0,39840.0,KOSPI,-2.4
440640,ACE 단기채권알파액티브,112835.0,304.0,304.0,34301840.0,34301840.0,KOSPI,0.02
453640,KODEX 미국S&P500헬스케어,13880.0,23364.0,23364.0,324292320.0,324292320.0,KOSPI,-1.42
0220WL,한화머시너리앤서비스홀딩스3우B,2520.0,253430.0,253430.0,638643600.0,638643600.0,KOSPI,2.02
480310,TIGER 글로벌온디바이스AI,22055.0,89522.0,89522.0,1974407710.0,1974407710.0,KOSPI,4.03
004450,삼화왕관,27600.0,684.0,684.0,18878400.0,18878400.0,KOSPI,0.0
0040S0,HANARO 글로벌피지컬AI액티브,23745.0,7671.0,7671.0,182147895.0,182147895.0,KOSPI,-0.08
0172V0,1Q 은액티브,8360.0,109738.0,109738.0,917409680.0,917409680.0,KOSPI,-2.85
476750,ACE 미국30년국채엔화노출액티브(H),7325.0,101976.0,101976.0,746974200.0,746974200.0,KOSPI,-2.14
760016,키움 레버리지 조선TOP10 ETN,59290.0,104.0,104.0,6166160.0,6166160.0,KOSPI,0.04
275980,TIGER 글로벌4차산업혁신기술(합성 H),23650.0,2832.0,2832.0,66976800.0,66976800.0,KOSPI,0.96
002760,보락,987.0,65818.0,65818.0,64962366.0,64962366.0,KOSPI,0.1
003925,남양유업우,31250.0,3709.0,3709.0,115906250.0,115906250.0,KOSPI,2.63
000220,유유제약,3735.0,64428.0,64428.0,240638580.0,240638580.0,KOSPI,-1.06
500071,신한 레버리지 코스닥 150 선물 ETN,23450.0,98.0,98.0,2298100.0,2298100.0,KOSPI,-1.86
006890,태경케미컬,5050.0,23539.0,23539.0,118871950.0,118871950.0,KOSPI,0.0
520101,미래에셋 레버리지 SK하이닉스 단일종목ETN,11700.0,87786.0,87786.0,1027096200.0,1027096200.0,KOSPI,-1.52
001465,BYC우,27150.0,1059.0,1059.0,28751850.0,28751850.0,KOSPI,0.93
000725,현대건설우,55300.0,2918.0,2918.0,161365400.0,161365400.0,KOSPI,3.56
304780,HANARO 200선물레버리지,129430.0,316.0,316.0,40899880.0,40899880.0,KOSPI,0.48
111110,호전실업,6420.0,3904.0,3904.0,25063680.0,25063680.0,KOSPI,-0.16
610088,메리츠 레버리지 WTI원유 선물 ETN(H),58055.0,1367.0,1367.0,79361185.0,79361185.0,KOSPI,-0.96
225040,TIGER 미국S&P500레버리지(합성 H),68915.0,4553.0,4553.0,313769995.0,313769995.0,KOSPI,2.12
37550K,DL이앤씨우,27350.0,3271.0,3271.0,89461850.0,89461850.0,KOSPI,1.11
075180,새론오토모티브,3010.0,30325.0,30325.0,91278250.0,91278250.0,KOSPI,1.01
372910,한컴라이프케어,2065.0,486692.0,486692.0,1005018980.0,1005018980.0,KOSPI,-4.4
396690,미래에셋글로벌리츠,1437.0,136637.0,136637.0,196347369.0,196347369.0,KOSPI,-0.96
092440,기신정기,1945.0,126554.0,126554.0,246147530.0,246147530.0,KOSPI,4.01
385590,ACE ESG액티브,24600.0,1706.0,1706.0,41967600.0,41967600.0,KOSPI,0.84
580068,KB S&P 레버리지 WTI원유 선물 ETN B,56515.0,7977.0,7977.0,450820155.0,450820155.0,KOSPI,-2.48
479730,TIGER 인도빌리언컨슈머,9575.0,15636.0,15636.0,149714700.0,149714700.0,KOSPI,-1.24
434960,DAISHIN K200,112760.0,1270.0,1270.0,143205200.0,143205200.0,KOSPI,0.14
007815,코리아써우,19000.0,7034.0,7034.0,133646000.0,133646000.0,KOSPI,11.11
0226A0,PLUS SK하이닉스샌디스크채권혼합50,11260.0,175103.0,175103.0,1971659780.0,1971659780.0,KOSPI,-1.7
129260,인터지스,1887.0,8718.0,8718.0,16450866.0,16450866.0,KOSPI,0.75
520057,미래에셋 인버스 2X 코스닥150 선물 ETN,1778.0,4454467.0,4454467.0,7920042326.0,7920042326.0,KOSPI,1.95
003780,진양산업,4305.0,40760.0,40760.0,175471800.0,175471800.0,KOSPI,0.0
530133,삼성 블룸버그 레버리지 WTI원유선물 ETN B,55880.0,5086.0,5086.0,284205680.0,284205680.0,KOSPI,-3.14
442560,RISE TDF2040액티브 적격,16430.0,23024.0,23024.0,378284320.0,378284320.0,KOSPI,-0.18
0000D0,TIGER 엔비디아미국채커버드콜밸런스(합성),8910.0,33122.0,33122.0,295117020.0,295117020.0,KOSPI,-1.11
001550,조비,10700.0,33159.0,33159.0,354801300.0,354801300.0,KOSPI,2.88
700029,하나 S&P 레버리지 WTI원유 선물 ETN B,55505.0,85.0,85.0,4717925.0,4717925.0,KOSPI,-4.6
580034,KB 레버리지 FANG 플러스 ETN(H),110365.0,5.0,5.0,551825.0,551825.0,KOSPI,6.05
500093,신한 블룸버그 레버리지 WTI원유선물 ETN B,55175.0,240.0,240.0,13242000.0,13242000.0,KOSPI,-5.0
025530,SJM홀딩스,3690.0,1975.0,1975.0,7287750.0,7287750.0,KOSPI,2.36
002630,오리엔트바이오,1853.0,184192.0,184192.0,341307776.0,341307776.0,KOSPI,-4.29
003475,유안타증권우,4280.0,10016.0,10016.0,42868480.0,42868480.0,KOSPI,0.71
455960,RISE 미국달러SOFR금리액티브(합성),11945.0,5661.0,5661.0,67620645.0,67620645.0,KOSPI,-1.97
006980,우성,17690.0,2605.0,2605.0,46082450.0,46082450.0,KOSPI,0.11
0194T0,ACE SK하이닉스단일종목레버리지,9845.0,91117.0,91117.0,897046865.0,897046865.0,KOSPI,-3.43
0141S0,SOL 조선기자재,8660.0,236822.0,236822.0,2050878520.0,2050878520.0,KOSPI,0.12
28513K,SK케미칼우,25700.0,4036.0,4036.0,103725200.0,103725200.0,KOSPI,0.78
278240,RISE 코스닥150선물레버리지,7660.0,63901.0,63901.0,489481660.0,489481660.0,KOSPI,-2.05
401470,KODEX 메타버스액티브,9350.0,3793.0,3793.0,35464550.0,35464550.0,KOSPI,-0.16
378850,화승알앤에이,2855.0,32247.0,32247.0,92065185.0,92065185.0,KOSPI,-0.87
150460,TIGER 중국소비테마,7340.0,2915.0,2915.0,21396100.0,21396100.0,KOSPI,-0.74
530113,삼성 레버리지 S&P500 선물 ETN,53440.0,284.0,284.0,15176960.0,15176960.0,KOSPI,0.46
090080,평화산업,972.0,96394.0,96394.0,93694968.0,93694968.0,KOSPI,-1.32
481430,RISE 국고채10년액티브,97490.0,4982.0,4982.0,485695180.0,485695180.0,KOSPI,-0.05
0041D0,KODEX 미국AI소프트웨어TOP10,14025.0,189003.0,189003.0,2650767075.0,2650767075.0,KOSPI,1.78
0113P0,HK 머니마켓액티브,102625.0,93.0,93.0,9544125.0,9544125.0,KOSPI,0.05
0046Y0,ACE 미국배당퀄리티,12355.0,12969.0,12969.0,160231995.0,160231995.0,KOSPI,-1.12
253150,PLUS 200선물레버리지,211985.0,6374.0,6374.0,1351192390.0,1351192390.0,KOSPI,0.37
0111J0,HANARO 증권고배당TOP3플러스,12170.0,81024.0,81024.0,986062080.0,986062080.0,KOSPI,0.87
006125,SK디스커버리우,42900.0,229.0,229.0,9824100.0,9824100.0,KOSPI,2.51
011390,부산산업,49950.0,3820.0,3820.0,190809000.0,190809000.0,KOSPI,-0.5
123700,SJM,3380.0,10914.0,10914.0,36889320.0,36889320.0,KOSPI,1.2
261220,KODEX WTI원유선물(H),27345.0,77412.0,77412.0,2116831140.0,2116831140.0,KOSPI,-0.29
0238P0,TIGER 미국S&P500미국채혼합50,10160.0,312671.0,312671.0,3176737360.0,3176737360.0,KOSPI,-1.26
570104,한투 일본니케이225선물 ETN(H),17535.0,7.0,7.0,122745.0,122745.0,KOSPI,1.98
0118Z0,ACE 미국AI테크핵심산업액티브,8815.0,15531.0,15531.0,136905765.0,136905765.0,KOSPI,0.51
003465,유화증권우,3000.0,467.0,467.0,1401000.0,1401000.0,KOSPI,1.35
101280,KODEX 일본TOPIX100,30455.0,4386.0,4386.0,133575630.0,133575630.0,KOSPI,-0.41
530124,삼성 레버리지 일본니케이225선물 ETN(H),52205.0,73.0,73.0,3810965.0,3810965.0,KOSPI,2.49
275300,KODEX 우량주,30690.0,3748.0,3748.0,115026120.0,115026120.0,KOSPI,-0.31
440910,WON 미국우주항공방산,22675.0,9523.0,9523.0,215934025.0,215934025.0,KOSPI,-0.35
011230,삼화전자,2715.0,283967.0,283967.0,770970405.0,770970405.0,KOSPI,-1.63
012690,모나리자,1421.0,97953.0,97953.0,139191213.0,139191213.0,KOSPI,-0.21
000950,전방,30700.0,1270.0,1270.0,38989000.0,38989000.0,KOSPI,1.66
360140,KODEX 200롱코스닥150숏선물,23345.0,7873.0,7873.0,183795185.0,183795185.0,KOSPI,1.28
023810,인팩,5130.0,14335.0,14335.0,73538550.0,73538550.0,KOSPI,-0.77
152500,ACE 레버리지,46620.0,29026.0,29026.0,1353192120.0,1353192120.0,KOSPI,-0.43
004830,덕성,3270.0,19320.0,19320.0,63176400.0,63176400.0,KOSPI,0.62
021050,서원,1080.0,126657.0,126657.0,136789560.0,136789560.0,KOSPI,0.0
445150,KODEX 친환경조선해운액티브,27700.0,4387.0,4387.0,121519900.0,121519900.0,KOSPI,-0.31
010770,평화홀딩스,3490.0,22457.0,22457.0,78374930.0,78374930.0,KOSPI,0.43
007460,에이프로젠,2050.0,90867.0,90867.0,186277350.0,186277350.0,KOSPI,0.49
006880,신송홀딩스,4290.0,22443.0,22443.0,96280470.0,96280470.0,KOSPI,0.12
005305,롯데칠성우,65200.0,234.0,234.0,15256800.0,15256800.0,KOSPI,0.0
520072,미래에셋 미국 AI TOP3 ETN,16790.0,9.0,9.0,151110.0,151110.0,KOSPI,-0.06
287180,PLUS 미국나스닥테크,55955.0,2640.0,2640.0,147721200.0,147721200.0,KOSPI,1.41
0185L0,TIME 글로벌휴머노이드로봇산업액티브,7225.0,38914.0,38914.0,281153650.0,281153650.0,KOSPI,-1.03
261070,TIGER 코스닥150바이오테크,10820.0,141971.0,141971.0,1536126220.0,1536126220.0,KOSPI,-3.0
0118S0,SOL 미국넥스트테크TOP10액티브,10905.0,27481.0,27481.0,299680305.0,299680305.0,KOSPI,-0.27
35320K,대덕전자1우,23800.0,29208.0,29208.0,695150400.0,695150400.0,KOSPI,9.93
475260,ACE 2월만기자동연장회사채AA-이상액티브,10760.0,17.0,17.0,182920.0,182920.0,KOSPI,0.0
0139P0,ACE 고배당주,13355.0,15992.0,15992.0,213573160.0,213573160.0,KOSPI,-0.11
140950,파워 코스피100,88065.0,1056.0,1056.0,92996640.0,92996640.0,KOSPI,0.19
001620,케이비아이동국실업,2215.0,13264.0,13264.0,29379760.0,29379760.0,KOSPI,0.0
009320,아진전자부품,998.0,283522.0,283522.0,282954956.0,282954956.0,KOSPI,3.21
0220B0,DS 코스닥액티브,11310.0,250499.0,250499.0,2833143690.0,2833143690.0,KOSPI,1.89
218420,KODEX 미국S&P500에너지(합성),19945.0,66889.0,66889.0,1334101105.0,1334101105.0,KOSPI,-3.25
292560,TIGER 일본엔선물,7995.0,159142.0,159142.0,1272340290.0,1272340290.0,KOSPI,-1.6
442260,마이티 다이나믹퀀트액티브,39275.0,2261.0,2261.0,88800775.0,88800775.0,KOSPI,0.31
461340,HANARO 글로벌생성형AI액티브,44085.0,3741.0,3741.0,164921985.0,164921985.0,KOSPI,0.62
002140,고려산업,1936.0,117862.0,117862.0,228180832.0,228180832.0,KOSPI,-0.92
114470,KIWOOM 국고채3년,107240.0,203.0,203.0,21769720.0,21769720.0,KOSPI,0.12
002920,유성기업,1854.0,68408.0,68408.0,126828432.0,126828432.0,KOSPI,0.0
0178H0,IBK 미국AI TOP10국채혼합50,10225.0,11603.0,11603.0,118640675.0,118640675.0,KOSPI,1.69
473490,KIWOOM 글로벌AI반도체,31965.0,4472.0,4472.0,142947480.0,142947480.0,KOSPI,2.34
004410,서울식품,1215.0,100698.0,100698.0,122348070.0,122348070.0,KOSPI,1.5
473590,ACE 미국주식베스트셀러,19965.0,142351.0,142351.0,2842037715.0,2842037715.0,KOSPI,1.55
316670,KIWOOM 코스닥150,6950.0,350724.0,350724.0,2437531800.0,2437531800.0,KOSPI,-0.93
357250,미래에셋맵스리츠,1900.0,43223.0,43223.0,82123700.0,82123700.0,KOSPI,2.15
101140,인바이오젠,4715.0,10622.0,10622.0,50082730.0,50082730.0,KOSPI,-3.97
305050,ACE 코스피,72695.0,3981.0,3981.0,289398795.0,289398795.0,KOSPI,0.13
580056,KB 일본 로보틱스 TOP 10 ETN,23600.0,34.0,34.0,802400.0,802400.0,KOSPI,-1.54
041650,상신브레이크,2190.0,5697.0,5697.0,12476430.0,12476430.0,KOSPI,1.39
0000Z0,RISE 바이오TOP10액티브,8025.0,108341.0,108341.0,869436525.0,869436525.0,KOSPI,-1.53
336160,RISE 금융채액티브,100025.0,137.0,137.0,13703425.0,13703425.0,KOSPI,0.13
0020H0,KoAct 글로벌양자컴퓨팅액티브,22285.0,11723.0,11723.0,261247055.0,261247055.0,KOSPI,0.36
000910,유니온,2995.0,313985.0,313985.0,940385075.0,940385075.0,KOSPI,1.18
453650,KODEX 미국S&P500금융,18595.0,16155.0,16155.0,300402225.0,300402225.0,KOSPI,-1.98
092780,DYP,3530.0,225197.0,225197.0,794945410.0,794945410.0,KOSPI,-3.81
011300,우성머티리얼스,2690.0,879371.0,879371.0,2365507990.0,2365507990.0,KOSPI,17.21
0086B0,TIGER 리츠부동산인프라TOP10액티브,9440.0,17821.0,17821.0,168230240.0,168230240.0,KOSPI,-0.05
123310,TIGER 인버스,1088.0,2675936.0,2675936.0,2911418368.0,2911418368.0,KOSPI,-0.09
256750,KODEX 차이나심천ChiNext(합성),15105.0,3957.0,3957.0,59770485.0,59770485.0,KOSPI,-1.47
447430,ACE 주주환원가치주액티브,16190.0,4734.0,4734.0,76643460.0,76643460.0,KOSPI,-0.74
375770,KODEX 탄소효율그린뉴딜,25565.0,29.0,29.0,741385.0,741385.0,KOSPI,0.91
520056,미래에셋 레버리지 코스닥150 선물 ETN,23005.0,1372.0,1372.0,31562860.0,31562860.0,KOSPI,-1.77
371470,TIGER 차이나바이오테크SOLACTIVE,8700.0,18997.0,18997.0,165273900.0,165273900.0,KOSPI,-2.03
610061,메리츠 3X 레버리지 국채30년 ETN,22855.0,1924.0,1924.0,43973020.0,43973020.0,KOSPI,-1.89
442090,에셋플러스 코리아대장장이액티브,30465.0,881.0,881.0,26839665.0,26839665.0,KOSPI,0.15
003080,SB성보,2280.0,18473.0,18473.0,42118440.0,42118440.0,KOSPI,2.47
196030,ACE 일본TOPIX레버리지(H),91070.0,107.0,107.0,9744490.0,9744490.0,KOSPI,0.82
004540,깨끗한나라,1218.0,31887.0,31887.0,38838366.0,38838366.0,KOSPI,-0.08
014910,성문전자,2065.0,302167.0,302167.0,623974855.0,623974855.0,KOSPI,0.98
200030,KODEX 미국S&P500산업재(합성),39890.0,5081.0,5081.0,202681090.0,202681090.0,KOSPI,-1.94
429760,PLUS 미국S&P500,19485.0,5603.0,5603.0,109174455.0,109174455.0,KOSPI,-0.64
0141T0,SOL 중기종합채권(AA-이상)액티브,50235.0,2006.0,2006.0,100771410.0,100771410.0,KOSPI,0.11
004910,조광페인트,3500.0,15317.0,15317.0,53609500.0,53609500.0,KOSPI,1.45
520102,미래에셋 인버스 2X 코스피200 선물 ETN B,22390.0,1457101.0,1457101.0,32624491390.0,32624491390.0,KOSPI,-0.29
084870,TBH글로벌,2175.0,14470.0,14470.0,31472250.0,31472250.0,KOSPI,-0.68
0132H0,KODEX 미국원자력SMR,7555.0,78925.0,78925.0,596278375.0,596278375.0,KOSPI,-0.53
700027,하나 반도체 ETN,44175.0,4052.0,4052.0,178997100.0,178997100.0,KOSPI,1.65
0197W0,SOL SK하이닉스단일종목레버리지,9705.0,170131.0,170131.0,1651121355.0,1651121355.0,KOSPI,-2.95
276990,KODEX 글로벌로봇(합성),24780.0,6570.0,6570.0,162804600.0,162804600.0,KOSPI,-0.68
023350,한국종합기술,4000.0,5964.0,5964.0,23856000.0,23856000.0,KOSPI,-1.48
520078,미래에셋 미국 제약 TOP3 ETN,14595.0,147.0,147.0,2145465.0,2145465.0,KOSPI,-0.92
0194M0,ACE 삼성전자단일종목레버리지,12160.0,59105.0,59105.0,718716800.0,718716800.0,KOSPI,3.01
008420,문배철강,2120.0,43577.0,43577.0,92383240.0,92383240.0,KOSPI,0.71
487130,KoAct AI인프라액티브,29915.0,10906.0,10906.0,326252990.0,326252990.0,KOSPI,0.05
004060,SG세계물산,2140.0,36493.0,36493.0,78095020.0,78095020.0,KOSPI,0.0
440650,ACE 미국달러단기채권액티브,11390.0,81689.0,81689.0,930437710.0,930437710.0,KOSPI,-1.77
0089C0,KODEX 미국S&P500변동성확대시커버드콜,11350.0,16647.0,16647.0,188943450.0,188943450.0,KOSPI,-0.92
238720,ACE 일본Nikkei225(H),47805.0,4402.0,4402.0,210437610.0,210437610.0,KOSPI,0.41
472830,RISE 미국30년국채커버드콜(합성),7720.0,25305.0,25305.0,195354600.0,195354600.0,KOSPI,-1.66
610078,메리츠 3X 레버리지 미국채30년 ETN,35670.0,952.0,952.0,33957840.0,33957840.0,KOSPI,-2.14
520091,미래에셋 인버스 천연가스 선물 ETN B,10680.0,9332.0,9332.0,99665760.0,99665760.0,KOSPI,-1.34
026940,부국철강,2130.0,103002.0,103002.0,219394260.0,219394260.0,KOSPI,0.24
481850,신한글로벌액티브리츠,977.0,21141.0,21141.0,20654757.0,20654757.0,KOSPI,-0.51
520074,미래에셋 미국 방위산업 TOP3 ETN,14130.0,4.0,4.0,56520.0,56520.0,KOSPI,-2.25
0186S0,1Q 코스닥150채권혼합50액티브,8305.0,206924.0,206924.0,1718503820.0,1718503820.0,KOSPI,-0.36
520073,미래에셋 레버리지 미국 AI TOP3 ETN,42315.0,161.0,161.0,6812715.0,6812715.0,KOSPI,1.2
0207G0,SOL 우주항공밸류체인,7285.0,383309.0,383309.0,2792406065.0,2792406065.0,KOSPI,-0.14
017180,명문제약,1244.0,110905.0,110905.0,137965820.0,137965820.0,KOSPI,-0.64
000215,DL우,25050.0,1570.0,1570.0,39328500.0,39328500.0,KOSPI,0.2
0112X0,마이티 200TR,42185.0,26312.0,26312.0,1109971720.0,1109971720.0,KOSPI,0.04
100910,KIWOOM KRX100,17540.0,2411.0,2411.0,42288940.0,42288940.0,KOSPI,0.09
005320,온타이드,1227.0,233857.0,233857.0,286942539.0,286942539.0,KOSPI,-4.14
011330,유니켐,4185.0,921654.0,921654.0,3857121990.0,3857121990.0,KOSPI,2.95
570118,한투 인버스2X천연가스선물 ETN B,10465.0,3.0,3.0,31395.0,31395.0,KOSPI,-0.66
009835,한화솔루션우,16450.0,6547.0,6547.0,107698150.0,107698150.0,KOSPI,-1.38
472840,IBK 200,111315.0,442.0,442.0,49201230.0,49201230.0,KOSPI,0.46
476260,HANARO 반도체핵심공정주도주,13440.0,575450.0,575450.0,7734048000.0,7734048000.0,KOSPI,1.55
0189B0,TIGER 은액티브,8080.0,114969.0,114969.0,928949520.0,928949520.0,KOSPI,-2.42
610038,메리츠 레버리지 미국채30년 ETN(H),4155.0,281.0,281.0,1167555.0,1167555.0,KOSPI,-0.12
610101,메리츠 인버스 2X 은 선물 ETN(H),41520.0,4956.0,4956.0,205773120.0,205773120.0,KOSPI,1.86
002870,신풍,1186.0,376879.0,376879.0,446978494.0,446978494.0,KOSPI,-2.79
448570,FOCUS AI코리아액티브,30590.0,470.0,470.0,14377300.0,14377300.0,KOSPI,0.58
401170,RISE 메타버스,10555.0,3376.0,3376.0,35633680.0,35633680.0,KOSPI,1.05
446070,유니드비티플러스,3875.0,51986.0,51986.0,201445750.0,201445750.0,KOSPI,-0.26
183700,RISE 200채권혼합50,97740.0,5224.0,5224.0,510593760.0,510593760.0,KOSPI,0.43
008870,금비,41000.0,80.0,80.0,3280000.0,3280000.0,KOSPI,3.4
047400,유니온머티리얼,972.0,3465665.0,3465665.0,3368626380.0,3368626380.0,KOSPI,6.46
491830,TIGER 미국AI반도체팹리스,23310.0,160950.0,160950.0,3751744500.0,3751744500.0,KOSPI,2.48
139320,TIGER 금은선물(H),18005.0,7701.0,7701.0,138656505.0,138656505.0,KOSPI,-0.77
494840,TIGER 미국방산TOP10,12080.0,14715.0,14715.0,177757200.0,177757200.0,KOSPI,-1.67
475270,ACE 5월만기자동연장회사채AA-이상액티브,10735.0,27.0,27.0,289845.0,289845.0,KOSPI,0.05
520099,미래에셋 인버스 2X 반도체 ETN,3100.0,5972360.0,5972360.0,18514316000.0,18514316000.0,KOSPI,-1.9
428510,KODEX 차이나AI테크액티브,23665.0,17808.0,17808.0,421426320.0,421426320.0,KOSPI,-0.32
0192L0,RISE SK하이닉스단일종목레버리지,10030.0,50786.0,50786.0,509383580.0,509383580.0,KOSPI,-2.86
322410,HANARO K고배당,22830.0,6082.0,6082.0,138852060.0,138852060.0,KOSPI,0.07
009810,MDS스피어,1963.0,2487.0,2487.0,4881981.0,4881981.0,KOSPI,1.71
023960,에쓰씨엔지니어링,1050.0,35982.0,35982.0,37781100.0,37781100.0,KOSPI,1.84
580081,KB 인버스 2X 은 선물 ETN,39875.0,288.0,288.0,11484000.0,11484000.0,KOSPI,0.42
530143,삼성 인버스 2X 은 선물 ETN,39790.0,5905.0,5905.0,234959950.0,234959950.0,KOSPI,0.56
570119,한투 인버스2X은선물 ETN,39740.0,1827.0,1827.0,72604980.0,72604980.0,KOSPI,0.28
275280,KODEX 모멘텀주,44055.0,1921.0,1921.0,84629655.0,84629655.0,KOSPI,0.52
500095,신한 S&P500 VIX S/T 선물 ETN E,6605.0,4.0,4.0,26420.0,26420.0,KOSPI,-1.93
520082,미래에셋 미국 자율주행대표기업 ETN,13095.0,3727.0,3727.0,48805065.0,48805065.0,KOSPI,-0.27
011420,갤럭시아에스엠,1424.0,17363.0,17363.0,24724912.0,24724912.0,KOSPI,0.99
570117,한투 인버스2XWTI원유선물 ETN B,1779.0,441870.0,441870.0,786086730.0,786086730.0,KOSPI,-1.17
0007G0,PLUS 글로벌원자력밸류체인,12830.0,12479.0,12479.0,160105570.0,160105570.0,KOSPI,-1.72
139280,TIGER 경기방어,12170.0,16914.0,16914.0,205843380.0,205843380.0,KOSPI,-0.73
449690,TIGER 한중반도체(합성),50800.0,306.0,306.0,15544800.0,15544800.0,KOSPI,0.69
134790,시디즈,18990.0,247.0,247.0,4690530.0,4690530.0,KOSPI,-0.31
133820,화인베스틸,1019.0,17925.0,17925.0,18265575.0,18265575.0,KOSPI,2.21
145270,케이탑리츠,784.0,13067.0,13067.0,10244528.0,10244528.0,KOSPI,-0.13
570102,한투 레버리지나스닥100 ETN B,18720.0,118.0,118.0,2208960.0,2208960.0,KOSPI,2.02
027740,마니커,1178.0,89417.0,89417.0,105333226.0,105333226.0,KOSPI,-3.76
500094,신한 블룸버그 인버스2X WTI원유선물 ETN B,1774.0,329289.0,329289.0,584158686.0,584158686.0,KOSPI,-0.34
570103,한투 인버스2X나스닥100 ETN B,3715.0,10748.0,10748.0,39928820.0,39928820.0,KOSPI,-6.07
352540,KODEX 일본부동산리츠(H),10905.0,9584.0,9584.0,104513520.0,104513520.0,KOSPI,-0.18
195930,TIGER 유로스탁스50(합성 H),23080.0,10409.0,10409.0,240239720.0,240239720.0,KOSPI,0.57
0234N0,KIWOOM 삼성SK그룹TOP4+,10545.0,302364.0,302364.0,3188428380.0,3188428380.0,KOSPI,0.57
469050,RISE 미국반도체NYSE(H),33490.0,98661.0,98661.0,3304156890.0,3304156890.0,KOSPI,3.48
147970,TIGER 모멘텀,80070.0,2178.0,2178.0,174392460.0,174392460.0,KOSPI,1.19
049800,우진플라임,1840.0,8252.0,8252.0,15183680.0,15183680.0,KOSPI,1.83
760024,키움 인버스 2X K방산 TOP5 ETN,8130.0,922.0,922.0,7495860.0,7495860.0,KOSPI,2.01
276650,RISE 글로벌테크놀로지(합성 H),48535.0,221.0,221.0,10726235.0,10726235.0,KOSPI,3.01
0100K0,KODEX 방산TOP10레버리지,6055.0,407537.0,407537.0,2467636535.0,2467636535.0,KOSPI,-2.18
452250,ACE 미국30년국채선물레버리지(합성 H),4650.0,6455.0,6455.0,30015750.0,30015750.0,KOSPI,0.54
570082,한투 인버스2X코스닥150선물 ETN,1801.0,7630.0,7630.0,13741630.0,13741630.0,KOSPI,2.1
012280,영화금속,3635.0,31640.0,31640.0,115011400.0,115011400.0,KOSPI,-0.55
000890,보해양조,1299.0,227994.0,227994.0,296164206.0,296164206.0,KOSPI,-0.99
450910,SOL 코스닥150,13645.0,10502.0,10502.0,143299790.0,143299790.0,KOSPI,-0.8
464470,PLUS 미국채30년액티브,46670.0,7968.0,7968.0,371866560.0,371866560.0,KOSPI,-1.87
276970,KODEX 미국S&P500배당귀족커버드콜(합성 H),7585.0,3788.0,3788.0,28731980.0,28731980.0,KOSPI,0.33
760005,키움 INDXX 미국테크탑10 ETN,35645.0,7.0,7.0,249515.0,249515.0,KOSPI,0.08
000760,이화산업,12720.0,227.0,227.0,2887440.0,2887440.0,KOSPI,-0.24
407830,에셋플러스 글로벌플랫폼액티브,14840.0,1253.0,1253.0,18594520.0,18594520.0,KOSPI,1.57
400970,TIGER Fn메타버스,7115.0,8595.0,8595.0,61153425.0,61153425.0,KOSPI,0.64
009140,케이아이이,22550.0,4930.0,4930.0,111171500.0,111171500.0,KOSPI,-2.17
365000,TIGER 인터넷TOP10,3505.0,44522.0,44522.0,156049610.0,156049610.0,KOSPI,0.43
500085,신한 코스피 200 TR ETN,35340.0,18.0,18.0,636120.0,636120.0,KOSPI,2.32
0154F0,WON 초대형IB&금융지주,12330.0,10124.0,10124.0,124828920.0,124828920.0,KOSPI,-0.04
104530,KIWOOM 코리아고배당,17095.0,8880.0,8880.0,151803600.0,151803600.0,KOSPI,-0.52
241390,RISE V&S셀렉트밸류채권혼합,15875.0,5445.0,5445.0,86439375.0,86439375.0,KOSPI,1.05
0184E0,1Q 200채권혼합50액티브,11205.0,103636.0,103636.0,1161241380.0,1161241380.0,KOSPI,0.36
261250,KODEX 미국달러선물레버리지,15425.0,318696.0,318696.0,4915885800.0,4915885800.0,KOSPI,-3.32
0085N0,ACE 미국10년국채액티브(H),9620.0,34495.0,34495.0,331841900.0,331841900.0,KOSPI,-0.05
530117,삼성 코스피 200 TR ETN,34615.0,1397.0,1397.0,48357155.0,48357155.0,KOSPI,0.14
266360,KODEX K콘텐츠,9340.0,17610.0,17610.0,164477400.0,164477400.0,KOSPI,0.59
520077,미래에셋 -1.5X 천연가스 선물 ETN,13795.0,7146.0,7146.0,98579070.0,98579070.0,KOSPI,-1.04
012160,영흥,2205.0,5078.0,5078.0,11196990.0,11196990.0,KOSPI,1.38
013000,세우글로벌,1195.0,80793.0,80793.0,96547635.0,96547635.0,KOSPI,2.31
051630,진양화학,1617.0,247469.0,247469.0,400157373.0,400157373.0,KOSPI,3.79
010640,진양폴리,2050.0,47978.0,47978.0,98354900.0,98354900.0,KOSPI,-0.24
491090,KODEX 미국테크TOP3플러스,18490.0,45112.0,45112.0,834120880.0,834120880.0,KOSPI,-0.05
0023B0,PLUS 미국양자컴퓨팅TOP10,16285.0,12645.0,12645.0,205923825.0,205923825.0,KOSPI,-0.21
500040,신한 레버리지 구리 선물 ETN,34170.0,17.0,17.0,580890.0,580890.0,KOSPI,0.71
449780,KIWOOM 미국S&P500(H),18875.0,9146.0,9146.0,172630750.0,172630750.0,KOSPI,1.02
004365,세방우,9200.0,2049.0,2049.0,18850800.0,18850800.0,KOSPI,-0.11
138910,KODEX 구리선물(H),10265.0,53941.0,53941.0,553704365.0,553704365.0,KOSPI,1.08
580077,KB 인버스 2X 미국 나스닥 100 TR ETN B,11270.0,1232.0,1232.0,13884640.0,13884640.0,KOSPI,-6.4
005820,원림,14660.0,1557.0,1557.0,22825620.0,22825620.0,KOSPI,-0.07
385520,KODEX 자율주행액티브,15665.0,2364.0,2364.0,37032060.0,37032060.0,KOSPI,0.87
580069,KB S&P 인버스 2X WTI원유 선물 ETN B,1817.0,184325.0,184325.0,334918525.0,334918525.0,KOSPI,-0.11
380340,ACE 코리아AI테크핵심산업,27960.0,4978.0,4978.0,139184880.0,139184880.0,KOSPI,2.27
105780,RISE 5대그룹주,16720.0,3562.0,3562.0,59556640.0,59556640.0,KOSPI,0.94
008250,이건산업,3050.0,25748.0,25748.0,78531400.0,78531400.0,KOSPI,-1.61
474800,KIWOOM 미국원유에너지기업,15515.0,69303.0,69303.0,1075236045.0,1075236045.0,KOSPI,-2.64
610007,메리츠 국채30년 ETN,6665.0,400043.0,400043.0,2666286595.0,2666286595.0,KOSPI,-1.62
099140,KODEX 차이나H,20820.0,8268.0,8268.0,172139760.0,172139760.0,KOSPI,-1.05
0083S0,1Q 미국메디컬AI,11850.0,45279.0,45279.0,536556150.0,536556150.0,KOSPI,-0.75
498860,RISE 코리아금융고배당,16450.0,12206.0,12206.0,200788700.0,200788700.0,KOSPI,-0.3
465350,RISE 2차전지TOP10인버스(합성),16445.0,22631.0,22631.0,372166795.0,372166795.0,KOSPI,-0.48
0204S0,TIGER 코스닥액티브,7405.0,220862.0,220862.0,1635483110.0,1635483110.0,KOSPI,1.23
0138T0,RISE 미국S&P500데일리고정커버드콜,9345.0,24252.0,24252.0,226634940.0,226634940.0,KOSPI,-1.01
006370,대구백화점,3020.0,79835.0,79835.0,241101700.0,241101700.0,KOSPI,-3.51
459560,KODEX 테슬라밸류체인FactSet,21785.0,2400.0,2400.0,52284000.0,52284000.0,KOSPI,-0.95
475070,KoAct 글로벌친환경전력인프라액티브,29665.0,4415.0,4415.0,130970975.0,130970975.0,KOSPI,-0.72
0089B0,PLUS 미국나스닥100미국채혼합50,11215.0,77075.0,77075.0,864396125.0,864396125.0,KOSPI,-0.66
090370,메타랩스,1188.0,37199.0,37199.0,44192412.0,44192412.0,KOSPI,0.17
122260,KIWOOM 통안채1년,104225.0,387.0,387.0,40335075.0,40335075.0,KOSPI,0.02
117460,KODEX 에너지화학,13495.0,27747.0,27747.0,374445765.0,374445765.0,KOSPI,-0.15
156080,KODEX MSCI Korea,53195.0,3325.0,3325.0,176873375.0,176873375.0,KOSPI,0.0
009460,한창제지,2585.0,7703.0,7703.0,19912255.0,19912255.0,KOSPI,0.0
530118,삼성 코스닥 150 TR ETN,10615.0,49.0,49.0,520135.0,520135.0,KOSPI,-0.7
322400,HANARO e커머스,9650.0,2977.0,2977.0,28728050.0,28728050.0,KOSPI,0.0
275290,KODEX 가치주,35350.0,10429.0,10429.0,368665150.0,368665150.0,KOSPI,-0.1
002880,디와이에이,3400.0,7787.0,7787.0,26475800.0,26475800.0,KOSPI,-0.44
174360,RISE 중국본토대형주CSI100,22700.0,808.0,808.0,18341600.0,18341600.0,KOSPI,-1.39
261140,TIGER 우선주,24805.0,12891.0,12891.0,319761255.0,319761255.0,KOSPI,1.37
520096,미래에셋 인버스 2X WTI원유 선물 ETN,12675.0,584753.0,584753.0,7411744275.0,7411744275.0,KOSPI,-1.09
0192M0,RISE 삼성전자단일종목레버리지,12305.0,38432.0,38432.0,472905760.0,472905760.0,KOSPI,3.62
139270,TIGER 200 금융,17205.0,11189.0,11189.0,192506745.0,192506745.0,KOSPI,-0.23
010400,우진아이엔에스,4150.0,12170.0,12170.0,50505500.0,50505500.0,KOSPI,1.47
352560,KODEX 미국부동산리츠(H),11845.0,8955.0,8955.0,106071975.0,106071975.0,KOSPI,0.68
217770,TIGER 원유선물인버스(H),1087.0,467548.0,467548.0,508224676.0,508224676.0,KOSPI,0.09
003535,한화투자증권우,6530.0,22682.0,22682.0,148113460.0,148113460.0,KOSPI,0.62
570072,한투 레버리지구리선물 ETN,31335.0,2.0,2.0,62670.0,62670.0,KOSPI,1.9
494340,ACE 글로벌AI맞춤형반도체,20880.0,30819.0,30819.0,643500720.0,643500720.0,KOSPI,3.8
014130,한익스프레스,2650.0,9551.0,9551.0,25310150.0,25310150.0,KOSPI,0.95
024070,WISCOM,2035.0,8836.0,8836.0,17981260.0,17981260.0,KOSPI,2.78
459750,RISE 글로벌주식분산액티브,17750.0,5982.0,5982.0,106180500.0,106180500.0,KOSPI,-0.34
570069,한투 레버리지플래티넘선물 ETN,31000.0,3838.0,3838.0,118978000.0,118978000.0,KOSPI,-4.17
395170,KODEX Top10동일가중,15500.0,10219.0,10219.0,158394500.0,158394500.0,KOSPI,0.36
001070,대한방직,5840.0,1295.0,1295.0,7562800.0,7562800.0,KOSPI,0.52
570127,한투 인버스2X코스피200선물 ETN,30940.0,1719.0,1719.0,53185860.0,53185860.0,KOSPI,-1.56
153270,KIWOOM 코스피100,85885.0,1317.0,1317.0,113110545.0,113110545.0,KOSPI,0.06
469790,KIWOOM 코리아테크TOP10,44105.0,2349.0,2349.0,103602645.0,103602645.0,KOSPI,1.12
450190,KODEX 한중반도체(합성),51410.0,558.0,558.0,28686780.0,28686780.0,KOSPI,0.7
0218J0,RISE 미국우주&로봇TOP2미국채혼합50,9165.0,171713.0,171713.0,1573749645.0,1573749645.0,KOSPI,-1.56
426150,WON 대한민국국고채액티브,50935.0,437.0,437.0,22258595.0,22258595.0,KOSPI,-0.14
395290,HANARO Fn K-POP&미디어,4825.0,42523.0,42523.0,205173475.0,205173475.0,KOSPI,-2.23
025750,한솔홈데코,1900.0,21305.0,21305.0,40479500.0,40479500.0,KOSPI,-0.16
0150K0,KoAct 수소전력ESS인프라액티브,10915.0,14559.0,14559.0,158911485.0,158911485.0,KOSPI,0.05
245350,TIGER 유로스탁스배당30,19080.0,1176.0,1176.0,22438080.0,22438080.0,KOSPI,-1.9
446690,KODEX 아시아AI반도체exChina액티브,60985.0,3389.0,3389.0,206678165.0,206678165.0,KOSPI,0.04
415920,PLUS 글로벌희토류&전략자원생산기업,6470.0,30136.0,30136.0,194979920.0,194979920.0,KOSPI,-1.22
227540,TIGER 200 헬스케어,18300.0,34341.0,34341.0,628440300.0,628440300.0,KOSPI,-0.41
0155N0,HANARO K휴머노이드테마TOP10,7785.0,29907.0,29907.0,232825995.0,232825995.0,KOSPI,0.26
465660,TIGER 일본반도체FACTSET,24265.0,17382.0,17382.0,421774230.0,421774230.0,KOSPI,0.43
253250,KIWOOM 200선물레버리지,104580.0,789.0,789.0,82513620.0,82513620.0,KOSPI,0.46
256440,ACE MSCI인도네시아(합성),4970.0,112002.0,112002.0,556649940.0,556649940.0,KOSPI,-2.26
494410,PLUS 미국S&P500성장주,14400.0,28164.0,28164.0,405561600.0,405561600.0,KOSPI,-0.31
387270,TIGER 글로벌이노베이션액티브,26025.0,1238.0,1238.0,32218950.0,32218950.0,KOSPI,0.93
476690,TIGER 글로벌비만치료제TOP2Plus,10010.0,19136.0,19136.0,191551360.0,191551360.0,KOSPI,-3.38
117680,KODEX 철강,12600.0,30951.0,30951.0,389982600.0,389982600.0,KOSPI,-0.4
025890,한국주강,2690.0,75481.0,75481.0,203043890.0,203043890.0,KOSPI,0.37
088790,진도,2405.0,32789.0,32789.0,78857545.0,78857545.0,KOSPI,-0.21
459790,KIWOOM 미국성장기업30액티브,20645.0,77.0,77.0,1589665.0,1589665.0,KOSPI,0.46
248270,TIGER S&P글로벌헬스케어(합성),25780.0,3961.0,3961.0,102114580.0,102114580.0,KOSPI,-1.3
145850,TREX 펀더멘탈 200,119140.0,4.0,4.0,476560.0,476560.0,KOSPI,0.51
036420,콘텐트리중앙,1546.0,22297.0,22297.0,34471162.0,34471162.0,KOSPI,-1.53
468630,KODEX iShares미국투자등급회사채액티브,10565.0,81231.0,81231.0,858205515.0,858205515.0,KOSPI,-1.81
500023,신한 콩 선물 ETN(H),14840.0,3.0,3.0,44520.0,44520.0,KOSPI,1.4
496770,PLUS 글로벌방산,16445.0,3825.0,3825.0,62902125.0,62902125.0,KOSPI,-1.64
002690,동일제강,1458.0,20576.0,20576.0,29999808.0,29999808.0,KOSPI,1.96
261060,TIGER 코스닥150IT,25905.0,25027.0,25027.0,648324435.0,648324435.0,KOSPI,1.35
118000,메타케어,1337.0,12515.0,12515.0,16732555.0,16732555.0,KOSPI,3.32
530148,삼성 인버스 2X 코스피200 선물 ETN B,29445.0,5602.0,5602.0,164950890.0,164950890.0,KOSPI,-1.19
192720,파워 고배당저변동성,57615.0,1131.0,1131.0,65162565.0,65162565.0,KOSPI,-0.1
308170,씨티알모빌리티,3410.0,8055.0,8055.0,27467550.0,27467550.0,KOSPI,-0.87
0192T0,SOL 코스닥TOP10,6820.0,469039.0,469039.0,3198845980.0,3198845980.0,KOSPI,-0.66
500102,신한 블룸버그 2X 천연가스 선물 ETN B,14605.0,8193.0,8193.0,119658765.0,119658765.0,KOSPI,-2.41
069640,한세엠케이,1343.0,35965.0,35965.0,48300995.0,48300995.0,KOSPI,-2.89
415340,KODEX 차이나과창판STAR50(합성),14070.0,61866.0,61866.0,870454620.0,870454620.0,KOSPI,-1.16
006570,대림통상,1907.0,13870.0,13870.0,26450090.0,26450090.0,KOSPI,0.0
0155M0,ACE 미국SMR원자력TOP10,6425.0,42694.0,42694.0,274308950.0,274308950.0,KOSPI,-0.16
0166N0,PLUS 코스닥150액티브,8245.0,37986.0,37986.0,313194570.0,313194570.0,KOSPI,0.67
006740,블루산업개발,4845.0,15296.0,15296.0,74109120.0,74109120.0,KOSPI,-2.12
500035,신한 레버리지 미국달러 선물 ETN,14405.0,636.0,636.0,9161580.0,9161580.0,KOSPI,-3.65
610075,메리츠 3X 레버리지 미국채10년 ETN,47755.0,255.0,255.0,12177525.0,12177525.0,KOSPI,-1.74
489290,WON 미국빌리어네어,15025.0,7316.0,7316.0,109922900.0,109922900.0,KOSPI,-0.27
003680,한성기업,4570.0,74311.0,74311.0,339601270.0,339601270.0,KOSPI,-1.4
271060,KODEX 3대농산물선물(H),9155.0,28165.0,28165.0,257850575.0,257850575.0,KOSPI,1.16
007120,미래아이앤지,1035.0,13995.0,13995.0,14484825.0,14484825.0,KOSPI,-0.1
0223R0,TIGER 미국테크NYSE100액티브,9695.0,100401.0,100401.0,973387695.0,973387695.0,KOSPI,0.88
0107F0,KIWOOM 미국고배당&AI테크,11060.0,7680.0,7680.0,84940800.0,84940800.0,KOSPI,-1.43
0013R0,RISE 테슬라미국채타겟커버드콜혼합(합성),7815.0,14392.0,14392.0,112473480.0,112473480.0,KOSPI,-0.38
223190,KODEX 200가치저변동,28055.0,1798.0,1798.0,50442890.0,50442890.0,KOSPI,0.18
520090,미래에셋 천연가스 선물 ETN B,6995.0,39518.0,39518.0,276428410.0,276428410.0,KOSPI,-1.96
289480,TIGER 200커버드콜,13270.0,25488.0,25488.0,338225760.0,338225760.0,KOSPI,0.3
019175,신풍제약우,13990.0,2173.0,2173.0,30400270.0,30400270.0,KOSPI,0.65
476070,KODEX 글로벌비만치료제TOP2 Plus,10460.0,12956.0,12956.0,135519760.0,135519760.0,KOSPI,-1.97
520083,미래에셋 2X 미국 자율주행대표기업 ETN,27700.0,3.0,3.0,83100.0,83100.0,KOSPI,1.65
464920,PLUS 일본반도체소부장,22955.0,16103.0,16103.0,369644365.0,369644365.0,KOSPI,-0.52
357430,마스턴프리미어리츠,895.0,24402.0,24402.0,21839790.0,21839790.0,KOSPI,-1.1
610028,메리츠 레버리지 구리 선물 ETN(H),27255.0,32.0,32.0,872160.0,872160.0,KOSPI,2.93
570047,한투 FTSE100 ETN,27140.0,2.0,2.0,54280.0,54280.0,KOSPI,-0.79
139250,TIGER 200 에너지화학,17530.0,21675.0,21675.0,379962750.0,379962750.0,KOSPI,0.09
0049K0,ACE 미국배당퀄리티채권혼합50,11015.0,14376.0,14376.0,158351640.0,158351640.0,KOSPI,-0.63
0137W0,KIWOOM 미국S&P500&GOLD,10350.0,3404.0,3404.0,35231400.0,35231400.0,KOSPI,-0.62
252710,TIGER 200선물인버스2X,77.0,55108045.0,55108045.0,4243319465.0,4243319465.0,KOSPI,1.32
530063,삼성 레버리지 구리 선물 ETN(H),26805.0,2063.0,2063.0,55298715.0,55298715.0,KOSPI,2.39
006345,대원전선우,10220.0,100175.0,100175.0,1023788500.0,1023788500.0,KOSPI,0.1
550069,N2 레버리지 구리 선물 ETN(H),26765.0,2.0,2.0,53530.0,53530.0,KOSPI,2.35
033250,체시스,4180.0,61616.0,61616.0,257554880.0,257554880.0,KOSPI,-1.18
760004,키움 인버스 미국달러선물 ETN,9905.0,4.0,4.0,39620.0,39620.0,KOSPI,1.8
760026,키움 레버리지 전력 TOP5 ETN,17720.0,113299.0,113299.0,2007658280.0,2007658280.0,KOSPI,1.55
167860,KIWOOM 국고채10년레버리지,91160.0,2.0,2.0,182320.0,182320.0,KOSPI,0.44
475380,RISE 글로벌리얼티인컴,9975.0,9229.0,9229.0,92059275.0,92059275.0,KOSPI,-0.89
001380,SG글로벌,1172.0,80851.0,80851.0,94757372.0,94757372.0,KOSPI,-1.84
277540,ACE 아시아TOP50,32905.0,668.0,668.0,21980540.0,21980540.0,KOSPI,-0.65
0203S0,WON 삼성전자현대차채권혼합50,8620.0,38886.0,38886.0,335197320.0,335197320.0,KOSPI,0.76
440340,TIGER 글로벌멀티에셋TIF액티브,11680.0,5801.0,5801.0,67755680.0,67755680.0,KOSPI,-1.89
0164G0,RISE 차이나AI반도체TOP4Plus,12490.0,239335.0,239335.0,2989294150.0,2989294150.0,KOSPI,-3.25
437350,RISE 미국단기투자등급회사채액티브,11900.0,26920.0,26920.0,320348000.0,320348000.0,KOSPI,-1.77
0198D0,1Q SK하이닉스선물단일종목레버리지,10335.0,64569.0,64569.0,667320615.0,667320615.0,KOSPI,-1.9
003060,에이프로젠바이오로직스,1601.0,135740.0,135740.0,217319740.0,217319740.0,KOSPI,-0.06
0209Z0,ACE 코리아AI전력TOP10,7300.0,199017.0,199017.0,1452824100.0,1452824100.0,KOSPI,0.0
071950,코아스,1787.0,46525.0,46525.0,83140175.0,83140175.0,KOSPI,-0.72
493420,SOL 미국배당다우존스2호,12275.0,18876.0,18876.0,231702900.0,231702900.0,KOSPI,-1.68
580048,KB 차이나 대형주 CSI 300 ETN,12860.0,1.0,1.0,12860.0,12860.0,KOSPI,0.63
002355,넥센타이어1우B,3945.0,31740.0,31740.0,125214300.0,125214300.0,KOSPI,0.38
483570,KCGI 미국S&P500 TOP10,16025.0,3200.0,3200.0,51280000.0,51280000.0,KOSPI,-0.22
0047R0,RISE 팔란티어고정테크100,15470.0,23853.0,23853.0,369005910.0,369005910.0,KOSPI,0.52
496120,ACE 코리아밸류업,34030.0,5769.0,5769.0,196319070.0,196319070.0,KOSPI,0.55
0224X0,1Q 엔비디아알파벳미국채혼합50,9815.0,55792.0,55792.0,547598480.0,547598480.0,KOSPI,-0.81
023150,MH에탄올,4105.0,942.0,942.0,3866910.0,3866910.0,KOSPI,0.0
33637K,솔루스첨단소재1우,1500.0,10387.0,10387.0,15580500.0,15580500.0,KOSPI,0.87
004270,남성,5540.0,8371.0,8371.0,46375340.0,46375340.0,KOSPI,2.59
292500,SOL KRX300,50420.0,152.0,152.0,7663840.0,7663840.0,KOSPI,0.51
0177A0,WON 두산그룹포커스,9690.0,116519.0,116519.0,1129069110.0,1129069110.0,KOSPI,1.73
245360,TIGER 차이나HSCEI,11965.0,6115.0,6115.0,73165975.0,73165975.0,KOSPI,-1.28
0152E0,SOL 배당성향탑픽액티브,10680.0,2935.0,2935.0,31345800.0,31345800.0,KOSPI,-0.19
0115C0,RISE 미국고배당다우존스TOP10,10665.0,28716.0,28716.0,306256140.0,306256140.0,KOSPI,-1.61
414270,ACE 글로벌자율주행액티브,11605.0,3388.0,3388.0,39317740.0,39317740.0,KOSPI,0.26
610022,메리츠 미국채10년 ETN(H),8305.0,17.0,17.0,141185.0,141185.0,KOSPI,0.24
159800,마이티 코스피100,88640.0,450.0,450.0,39888000.0,39888000.0,KOSPI,0.42
292160,TIGER KRX300,49455.0,18960.0,18960.0,937666800.0,937666800.0,KOSPI,0.42
003495,대한항공우,22200.0,8765.0,8765.0,194583000.0,194583000.0,KOSPI,2.3
610069,메리츠 KAP 레버리지 일본 엔화 ETN,16435.0,65688.0,65688.0,1079582280.0,1079582280.0,KOSPI,-4.67
481340,RISE 미국30년국채액티브,8355.0,65156.0,65156.0,544378380.0,544378380.0,KOSPI,-1.82
006490,프리티,1381.0,177256.0,177256.0,244790536.0,244790536.0,KOSPI,-6.37
0103T0,1Q K소버린AI,8255.0,48768.0,48768.0,402579840.0,402579840.0,KOSPI,1.04
0097L0,KIWOOM 한국고배당&미국AI테크,12485.0,1317.0,1317.0,16442745.0,16442745.0,KOSPI,-0.2
368190,HANARO Fn K-뉴딜디지털플러스,7605.0,39.0,39.0,296595.0,296595.0,KOSPI,-0.07
0238C0,IBK 한미대표기업TOP2+채권혼합50액티브,10110.0,9309.0,9309.0,94113990.0,94113990.0,KOSPI,-0.1
530128,삼성 레버리지 미국다우존스 선물 ETN,24255.0,1675.0,1675.0,40627125.0,40627125.0,KOSPI,-1.12
185680,KODEX 미국S&P바이오(합성),45575.0,1308.0,1308.0,59612100.0,59612100.0,KOSPI,-1.62
295020,RISE 국채선물10년인버스,61200.0,7.0,7.0,428400.0,428400.0,KOSPI,0.08
610001,메리츠 인플레이션 국채 ETN,12110.0,2.0,2.0,24220.0,24220.0,KOSPI,0.0
367740,HANARO Fn5G산업,43605.0,1208.0,1208.0,52674840.0,52674840.0,KOSPI,0.24
520093,미래에셋 인버스 2X 은 선물 ETN B,1996.0,94276.0,94276.0,188174896.0,188174896.0,KOSPI,-0.2
030720,동원수산,5140.0,16550.0,16550.0,85067000.0,85067000.0,KOSPI,1.78
479850,HANARO K-뷰티,17675.0,32704.0,32704.0,578043200.0,578043200.0,KOSPI,-1.64
364690,KODEX 혁신기술테마액티브,39715.0,301.0,301.0,11954215.0,11954215.0,KOSPI,1.02
0093D0,KoAct 팔란티어밸류체인액티브,18310.0,18085.0,18085.0,331136350.0,331136350.0,KOSPI,1.47
195970,PLUS 선진국MSCI(합성 H),16215.0,5216.0,5216.0,84577440.0,84577440.0,KOSPI,0.4
419430,KODEX 차이나2차전지MSCI(합성),8425.0,2178.0,2178.0,18349650.0,18349650.0,KOSPI,-0.65
002360,SH에너지화학,2120.0,292486.0,292486.0,620070320.0,620070320.0,KOSPI,14.59
610089,메리츠 인버스 2X WTI원유 선물 ETN(H),1963.0,1638767.0,1638767.0,3216899621.0,3216899621.0,KOSPI,0.15
570124,한투 인버스은선물 ETN,11770.0,4.0,4.0,47080.0,47080.0,KOSPI,-1.18
225130,ACE 골드선물 레버리지(합성 H),46995.0,911.0,911.0,42812445.0,42812445.0,KOSPI,-1.35
700017,하나 레버리지 코스닥150 선물 ETN,23360.0,2244.0,2244.0,52419840.0,52419840.0,KOSPI,-1.95
500100,신한 금 선물 ETN,11650.0,1054.0,1054.0,12279100.0,12279100.0,KOSPI,-1.27
570081,한투 레버리지코스닥150선물 ETN,23300.0,10.0,10.0,233000.0,233000.0,KOSPI,-0.43
33626L,두산퓨얼셀2우B,7800.0,120.0,120.0,936000.0,936000.0,KOSPI,0.91
138230,KIWOOM 미국달러선물,15975.0,3932.0,3932.0,62813700.0,62813700.0,KOSPI,-1.48
570115,한투 인버스0.5X S&P500 VIX S/T선물 ETN B,23110.0,40.0,40.0,924400.0,924400.0,KOSPI,-1.62
005360,모나미,1222.0,176499.0,176499.0,215681778.0,215681778.0,KOSPI,-0.65
530106,삼성 레버리지 코스닥150 선물 ETN,23005.0,1237.0,1237.0,28457185.0,28457185.0,KOSPI,-1.83
0047P0,RISE 테슬라고정테크100,14770.0,9216.0,9216.0,136120320.0,136120320.0,KOSPI,0.2
388280,RISE K엔터&여행레저,7010.0,3676.0,3676.0,25768760.0,25768760.0,KOSPI,0.43
004870,티웨이홀딩스,1009.0,509865.0,509865.0,514453785.0,514453785.0,KOSPI,11.12
442550,RISE TDF2030액티브 적격,14725.0,11451.0,11451.0,168615975.0,168615975.0,KOSPI,-0.03
610103,메리츠 솔랙티브 레버리지 금 선물 ETN(H),22760.0,3.0,3.0,68280.0,68280.0,KOSPI,-0.57
280930,KODEX 미국러셀2000(H),16220.0,1083.0,1083.0,17566260.0,17566260.0,KOSPI,0.0
580072,KB 화웨이 밸류체인 ETN,11310.0,17.0,17.0,192270.0,192270.0,KOSPI,-0.66
376410,TIGER 탄소효율그린뉴딜,25100.0,156.0,156.0,3915600.0,3915600.0,KOSPI,0.82
0127R0,RISE 미국AI클라우드인프라,16720.0,13134.0,13134.0,219600480.0,219600480.0,KOSPI,-0.39
375760,HANARO 탄소효율그린뉴딜,25015.0,93.0,93.0,2326395.0,2326395.0,KOSPI,1.03
300950,KODEX 게임산업,5340.0,59190.0,59190.0,316074600.0,316074600.0,KOSPI,0.85
001420,태원물산,2950.0,25830.0,25830.0,76198500.0,76198500.0,KOSPI,-1.17
0206G0,1Q 현대차기아채권혼합50,7845.0,260477.0,260477.0,2043442065.0,2043442065.0,KOSPI,-0.19
520047,미래에셋 인버스 2X 옥수수 선물 ETN,22335.0,237.0,237.0,5293395.0,5293395.0,KOSPI,-5.84
108590,TREX 200,111520.0,23.0,23.0,2564960.0,2564960.0,KOSPI,0.17
580073,KB 레버리지 화웨이 밸류체인 ETN,22300.0,4001.0,4001.0,89222300.0,89222300.0,KOSPI,1.57
411540,SOL 200 Top10,17065.0,1590.0,1590.0,27133350.0,27133350.0,KOSPI,-0.09
0239Z0,PLUS AI반도체소부장액티브,11090.0,579667.0,579667.0,6428507030.0,6428507030.0,KOSPI,1.19
530119,삼성 레버리지 항셍테크 TR ETN(H) B,21930.0,424.0,424.0,9298320.0,9298320.0,KOSPI,2.07
461600,SOL 미국30년국채액티브(H),8275.0,3360.0,3360.0,27804000.0,27804000.0,KOSPI,-0.06
239660,PLUS 우량회사채50,121800.0,417.0,417.0,50790600.0,50790600.0,KOSPI,0.06
261120,TIGER 미국달러선물인버스2X,5470.0,7810.0,7810.0,42720700.0,42720700.0,KOSPI,3.5
371450,TIGER 글로벌클라우드컴퓨팅INDXX,13990.0,7861.0,7861.0,109975390.0,109975390.0,KOSPI,2.15
433220,에셋플러스 글로벌대장장이액티브,29445.0,201.0,201.0,5918445.0,5918445.0,KOSPI,0.24
269420,KODEX S&P글로벌인프라(합성),21100.0,3048.0,3048.0,64312800.0,64312800.0,KOSPI,-1.88
0186L0,KoAct 미국로봇피지컬AI액티브,9460.0,33351.0,33351.0,315500460.0,315500460.0,KOSPI,0.53
456680,TIGER 차이나전기차레버리지(합성),5330.0,16499.0,16499.0,87939670.0,87939670.0,KOSPI,0.0
760012,키움 반도체TOP10 ETN,31000.0,12.0,12.0,372000.0,372000.0,KOSPI,0.29
580070,KB 레버리지 2차전지 TOP 10 TR ETN,21685.0,1603.0,1603.0,34761055.0,34761055.0,KOSPI,-1.14
0065G0,KODEX 차이나테크TOP10,8500.0,17426.0,17426.0,148121000.0,148121000.0,KOSPI,0.35
530138,삼성 KRX 레버리지 2차전지 TOP10 TR ETN,21665.0,343.0,343.0,7431095.0,7431095.0,KOSPI,-0.34
447660,PLUS 애플채권혼합,13905.0,29309.0,29309.0,407541645.0,407541645.0,KOSPI,-0.14
204450,KODEX 차이나H레버리지(H),2245.0,31740.0,31740.0,71256300.0,71256300.0,KOSPI,0.45
0026E0,KODEX 미국S&P500버퍼3월액티브,11600.0,27.0,27.0,313200.0,313200.0,KOSPI,-1.69
760028,키움 인버스 2X 반도체TOP10 ETN,2650.0,2254023.0,2254023.0,5973160950.0,5973160950.0,KOSPI,-0.38
461450,KODEX 코스닥글로벌,15110.0,3520.0,3520.0,53187200.0,53187200.0,KOSPI,-0.46
337120,KODEX 멀티팩터,35210.0,109.0,109.0,3837890.0,3837890.0,KOSPI,-0.09
0192S0,SOL 코스피200채권혼합50,9590.0,158128.0,158128.0,1516447520.0,1516447520.0,KOSPI,0.1
008775,호텔신라우,28050.0,1364.0,1364.0,38260200.0,38260200.0,KOSPI,0.36
438320,TIGER 차이나항셍테크레버리지(합성 H),4845.0,92288.0,92288.0,447135360.0,447135360.0,KOSPI,1.36
530116,삼성 인버스 2X 나스닥 100 TR ETN,4185.0,90100.0,90100.0,377068500.0,377068500.0,KOSPI,-6.38
477730,KODEX 인도타타그룹,7085.0,2588.0,2588.0,18335980.0,18335980.0,KOSPI,-1.87
580071,KB 인버스 2X 천연가스 선물 ETN B,10430.0,372.0,372.0,3879960.0,3879960.0,KOSPI,-1.74
0231Z0,KODEX 코리아TDF2065액티브 적격,10430.0,95794.0,95794.0,999131420.0,999131420.0,KOSPI,0.58
091220,TIGER 은행,17375.0,18551.0,18551.0,322323625.0,322323625.0,KOSPI,-0.43
464600,SOL 자동차소부장Fn,23125.0,3982.0,3982.0,92083750.0,92083750.0,KOSPI,2.12
289040,KODEX MSCI KOREA ESG유니버설,34655.0,47.0,47.0,1628785.0,1628785.0,KOSPI,1.01
471460,KIWOOM 국고채30년액티브,45090.0,495.0,495.0,22319550.0,22319550.0,KOSPI,-0.31
463300,RISE 중국본토CSI300,12935.0,1993.0,1993.0,25779455.0,25779455.0,KOSPI,-1.45
530130,삼성 S&P500 VIX S/T 선물 ETN B,6875.0,23404.0,23404.0,160902500.0,160902500.0,KOSPI,-2.0
012170,아센디오,2820.0,43679.0,43679.0,123174780.0,123174780.0,KOSPI,-11.87
226980,KODEX 200 중소형,22860.0,3172.0,3172.0,72511920.0,72511920.0,KOSPI,0.11
416090,ACE 중국과창판STAR50,12850.0,15410.0,15410.0,198018500.0,198018500.0,KOSPI,-1.31
0190M0,KIWOOM 미국AI테크하이베타,8560.0,23563.0,23563.0,201699280.0,201699280.0,KOSPI,-0.52
0067V0,TIGER 차이나글로벌리더스TOP3+,9320.0,14429.0,14429.0,134478280.0,134478280.0,KOSPI,-1.01
0239Y0,PLUS 코리아HBM반도체,10250.0,93039.0,93039.0,953649750.0,953649750.0,KOSPI,1.18
152380,KODEX 국채선물10년,64465.0,442.0,442.0,28493530.0,28493530.0,KOSPI,0.09
300640,RISE 게임테마,6305.0,5065.0,5065.0,31934825.0,31934825.0,KOSPI,0.96
610087,메리츠 WTI원유 선물 ETN(H),20490.0,21.0,21.0,430290.0,430290.0,KOSPI,-0.56
289250,TIGER MSCI KOREA ESG유니버설,35945.0,9543.0,9543.0,343023135.0,343023135.0,KOSPI,0.49
520106,미래에셋 인버스 코스닥150 선물 ETN B,10230.0,2.0,2.0,20460.0,20460.0,KOSPI,0.15
253290,RISE 헬스케어채권혼합,11355.0,7174.0,7174.0,81460770.0,81460770.0,KOSPI,-0.57
550085,N2 코스닥 150 TR ETN,10205.0,4.0,4.0,40820.0,40820.0,KOSPI,-0.63
417630,TIGER KEDI혁신기업ESG30,19400.0,321.0,321.0,6227400.0,6227400.0,KOSPI,0.47
364990,TIGER 게임TOP10,4525.0,117179.0,117179.0,530234975.0,530234975.0,KOSPI,2.38
469160,ACE 일본반도체,23900.0,22167.0,22167.0,529791300.0,529791300.0,KOSPI,-1.71
760008,키움 코스닥 150 TR ETN,10140.0,59.0,59.0,598260.0,598260.0,KOSPI,-1.41
0153X0,PLUS 미국고배당주액티브,10915.0,91649.0,91649.0,1000348835.0,1000348835.0,KOSPI,-1.98
580074,KB BYD 밸류체인 ETN,10035.0,13.0,13.0,130455.0,130455.0,KOSPI,0.7
0241R0,TIGER 현대차LG전자고정피지컬AI밸류체인,10030.0,1041682.0,1041682.0,10448070460.0,10448070460.0,KOSPI,1.72
489000,PLUS 일본엔화초단기국채(합성),9115.0,234212.0,234212.0,2134842380.0,2134842380.0,KOSPI,-2.09
570122,한투 인버스금선물 ETN,10015.0,3.0,3.0,30045.0,30045.0,KOSPI,-1.28
610085,메리츠 레버리지 미국채30년 스트립 ETN(H),33380.0,119.0,119.0,3972220.0,3972220.0,KOSPI,0.17
570125,한투 솔랙티브레버리지금선물 ETN,20025.0,18.0,18.0,360450.0,360450.0,KOSPI,-2.79
169950,KODEX 차이나A50,25030.0,734.0,734.0,18372020.0,18372020.0,KOSPI,-1.63
00499K,롯데지주우,24850.0,57.0,57.0,1416450.0,1416450.0,KOSPI,0.0
465670,TIGER 미국캐시카우100,15990.0,12544.0,12544.0,200578560.0,200578560.0,KOSPI,-2.23
011090,에넥스,1683.0,108408.0,108408.0,182450664.0,182450664.0,KOSPI,2.94
437070,KODEX 아시아달러채권ESG플러스액티브,57580.0,1632.0,1632.0,93970560.0,93970560.0,KOSPI,-1.9
000040,KR모터스,1010.0,34430.0,34430.0,34774300.0,34774300.0,KOSPI,-3.16
520104,미래에셋 인버스 코스피200 선물 ETN B,9920.0,1736.0,1736.0,17221120.0,17221120.0,KOSPI,-0.4
001685,대상우,14440.0,1351.0,1351.0,19508440.0,19508440.0,KOSPI,0.0
580089,KB 솔랙티브 레버리지 금 선물 ETN,19760.0,4948.0,4948.0,97772480.0,97772480.0,KOSPI,-3.14
304770,HANARO 코스닥150,13915.0,20096.0,20096.0,279635840.0,279635840.0,KOSPI,-1.1
404120,TIME K신재생에너지액티브,24605.0,696.0,696.0,17125080.0,17125080.0,KOSPI,0.55
284980,RISE 200금융,22870.0,4422.0,4422.0,101131140.0,101131140.0,KOSPI,-0.13
760021,키움 코스피200 선물 달러노출 ETN,28095.0,7.0,7.0,196665.0,196665.0,KOSPI,-2.26
379790,RISE 유로스탁스50(H),16990.0,6069.0,6069.0,103112310.0,103112310.0,KOSPI,-0.47
530132,삼성 블룸버그 WTI원유 선물 ETN B,19530.0,10496.0,10496.0,204986880.0,204986880.0,KOSPI,-2.74
304760,HANARO KRX300,48715.0,185.0,185.0,9012275.0,9012275.0,KOSPI,1.07
530112,삼성 S&P500 TR ETN,19395.0,5318.0,5318.0,103142610.0,103142610.0,KOSPI,-0.87
461910,PLUS 미국테크TOP10레버리지(합성),38755.0,851.0,851.0,32980505.0,32980505.0,KOSPI,1.37
700012,하나 인버스 2X 옥수수 선물 ETN(H),19310.0,2.0,2.0,38620.0,38620.0,KOSPI,-4.85
465770,STX그린로지스,2675.0,281715.0,281715.0,753587625.0,753587625.0,KOSPI,0.75
760022,키움 K방산 TOP5 ETN,9645.0,191.0,191.0,1842195.0,1842195.0,KOSPI,-1.38
228820,TIGER KTOP30,19170.0,24894.0,24894.0,477217980.0,477217980.0,KOSPI,1.43
487950,KODEX 대만테크고배당다우존스,13210.0,9032.0,9032.0,119312720.0,119312720.0,KOSPI,-0.64
183710,RISE 주식혼합,95190.0,486.0,486.0,46262340.0,46262340.0,KOSPI,0.54
108675,LX하우시스우,18400.0,252.0,252.0,4636800.0,4636800.0,KOSPI,1.1
404260,KODEX 기후변화솔루션,23690.0,336.0,336.0,7959840.0,7959840.0,KOSPI,-0.21
229720,KODEX KTOP30,37815.0,2372.0,2372.0,89697180.0,89697180.0,KOSPI,0.63
213630,PLUS 미국다우존스고배당주(합성 H),20455.0,2467.0,2467.0,50462485.0,50462485.0,KOSPI,-1.18
497780,KoAct 미국천연가스인프라액티브,10165.0,39979.0,39979.0,406386535.0,406386535.0,KOSPI,-2.17
0198B0,1Q 삼성전자선물단일종목레버리지,12570.0,35065.0,35065.0,440767050.0,440767050.0,KOSPI,3.58
0104P0,TIGER 코리아배당다우존스위클리커버드콜,10940.0,23116.0,23116.0,252889040.0,252889040.0,KOSPI,-0.09
276000,TIGER 글로벌자원생산기업(합성 H),20645.0,2548.0,2548.0,52603460.0,52603460.0,KOSPI,-2.04
445690,BNK 주주가치액티브,30885.0,43.0,43.0,1328055.0,1328055.0,KOSPI,-0.13
002070,비비안,3855.0,66059.0,66059.0,254657445.0,254657445.0,KOSPI,-3.62
461900,PLUS 미국테크TOP10,23055.0,1576.0,1576.0,36334680.0,36334680.0,KOSPI,0.15
407310,HANARO 200 TOP10,16705.0,373.0,373.0,6230965.0,6230965.0,KOSPI,0.42
445910,TIGER MKF배당귀족,20390.0,1463.0,1463.0,29830570.0,29830570.0,KOSPI,-0.66
0144M0,KODEX 미국드론UAM TOP10,6655.0,23704.0,23704.0,157750120.0,157750120.0,KOSPI,0.0
580075,KB 레버리지 BYD 밸류체인 ETN,18300.0,2.0,2.0,36600.0,36600.0,KOSPI,-1.53
610036,메리츠 인버스 2X 대표 농산물 선물 ETN(H),18260.0,1444.0,1444.0,26367440.0,26367440.0,KOSPI,-2.22
227830,PLUS 코스피,72715.0,1501.0,1501.0,109145215.0,109145215.0,KOSPI,0.6
093240,형지엘리트,296.0,1056336.0,1056336.0,312675456.0,312675456.0,KOSPI,-1.33
006200,한국전자홀딩스,1935.0,11327.0,11327.0,21917745.0,21917745.0,KOSPI,-0.36
381560,HANARO Fn전기&수소차,17225.0,1162.0,1162.0,20015450.0,20015450.0,KOSPI,0.03
0018Z0,RISE 미국양자컴퓨팅,18060.0,3884.0,3884.0,70145040.0,70145040.0,KOSPI,-0.17
225060,TIGER 이머징마켓MSCI레버리지(합성 H),17035.0,242.0,242.0,4122470.0,4122470.0,KOSPI,1.25
530140,삼성 iSelect 레버리지 조선 TOP10 TR ETN,17980.0,18408.0,18408.0,330975840.0,330975840.0,KOSPI,0.87
500072,신한 인버스 2X 코스닥 150 선물 ETN,1796.0,53289.0,53289.0,95707044.0,95707044.0,KOSPI,1.7
449580,RISE 테슬라애플아마존채권혼합,16285.0,9178.0,9178.0,149463730.0,149463730.0,KOSPI,-0.03
391670,HK 베스트일레븐액티브,29785.0,486.0,486.0,14475510.0,14475510.0,KOSPI,1.21
0223A0,RISE 코스닥커버드콜액티브,11165.0,154503.0,154503.0,1725025995.0,1725025995.0,KOSPI,0.36
580066,KB 인도 대형 성장주 Select 5 ETN,8910.0,36.0,36.0,320760.0,320760.0,KOSPI,-1.82
415760,SOL 차이나육성산업액티브(합성),13080.0,202382.0,202382.0,2647156560.0,2647156560.0,KOSPI,-1.28
570071,한투 구리선물 ETN,17785.0,37.0,37.0,658045.0,658045.0,KOSPI,-1.17
292050,RISE KRX300,50785.0,559.0,559.0,28388815.0,28388815.0,KOSPI,0.65
289260,TIGER MSCI KOREA ESG리더스,29460.0,5130.0,5130.0,151129800.0,151129800.0,KOSPI,0.1
195920,TIGER 일본TOPIX(합성 H),35270.0,1450.0,1450.0,51141500.0,51141500.0,KOSPI,0.01
530123,삼성 일본니케이225선물 ETN(H),17475.0,11.0,11.0,192225.0,192225.0,KOSPI,1.92
0105D0,SOL 한국AI소프트웨어,9150.0,48666.0,48666.0,445293900.0,445293900.0,KOSPI,2.23
385600,ACE 2차전지&친환경차액티브,11555.0,2805.0,2805.0,32411775.0,32411775.0,KOSPI,0.39
468370,KODEX iShares미국인플레이션국채액티브,10315.0,25934.0,25934.0,267509210.0,267509210.0,KOSPI,-1.67
610104,메리츠 솔랙티브 인버스 2X 금 선물 ETN(H),17215.0,3498.0,3498.0,60218070.0,60218070.0,KOSPI,1.74
0086C0,TIGER 리츠부동산인프라10채권혼합액티브,9810.0,5427.0,5427.0,53238870.0,53238870.0,KOSPI,0.1
002820,SUN&L,1423.0,41013.0,41013.0,58361499.0,58361499.0,KOSPI,-1.93
460660,RISE 미국S&P배당킹,11305.0,3151.0,3151.0,35622055.0,35622055.0,KOSPI,-1.82
474920,에셋플러스 차이나일등기업포커스10액티브,18025.0,254.0,254.0,4578350.0,4578350.0,KOSPI,-0.22
700034,하나 레버리지 K방산TOP10 ETN,11280.0,8846.0,8846.0,99782880.0,99782880.0,KOSPI,-1.74
457690,KODEX 33-06 국고채액티브,10445.0,6107.0,6107.0,63787615.0,63787615.0,KOSPI,0.14
550097,N2 레버리지 코스닥150 선물 ETN,16905.0,887.0,887.0,14994735.0,14994735.0,KOSPI,-1.0
570121,한투 금선물 ETN,8440.0,48.0,48.0,405120.0,405120.0,KOSPI,-2.48
483330,ACE 마이크로소프트밸류체인액티브,15325.0,52647.0,52647.0,806815275.0,806815275.0,KOSPI,1.52
477490,에셋플러스 글로벌일등기업포커스10액티브,18695.0,151.0,151.0,2822945.0,2822945.0,KOSPI,-0.51
250730,RISE 차이나HSCEI(H),9870.0,233.0,233.0,2299710.0,2299710.0,KOSPI,1.49
130680,TIGER 원유선물Enhanced(H),7965.0,31142.0,31142.0,248046030.0,248046030.0,KOSPI,-0.5
419650,PLUS 글로벌수소&차세대연료전지,5030.0,10299.0,10299.0,51803970.0,51803970.0,KOSPI,-0.4
18064K,한진칼우,30950.0,2011.0,2011.0,62240450.0,62240450.0,KOSPI,1.98
451600,PLUS 국고채30년액티브,84340.0,3.0,3.0,253020.0,253020.0,KOSPI,0.36
0233N0,RISE 글로벌AI낸드메모리반도체,10900.0,199535.0,199535.0,2174931500.0,2174931500.0,KOSPI,-0.82
332620,PLUS 미국장기우량회사채,86485.0,402.0,402.0,34766970.0,34766970.0,KOSPI,-1.74
530120,삼성 나스닥 100 TR ETN,16160.0,167.0,167.0,2698720.0,2698720.0,KOSPI,0.75
219390,RISE 미국S&P원유생산기업(합성 H),8050.0,31631.0,31631.0,254629550.0,254629550.0,KOSPI,-1.41
131890,ACE 삼성그룹동일가중,39960.0,1284.0,1284.0,51308640.0,51308640.0,KOSPI,0.31
580050,KB 차이나 과창판 STAR 50 ETN,15950.0,2.0,2.0,31900.0,31900.0,KOSPI,-0.19
432840,HANARO 미국S&P500,19600.0,5802.0,5802.0,113719200.0,113719200.0,KOSPI,-1.16
494420,PLUS 미국배당증가성장주데일리커버드콜,8705.0,9236.0,9236.0,80399380.0,80399380.0,KOSPI,-0.91
005257,녹십자홀딩스2우,18490.0,11.0,11.0,203390.0,203390.0,KOSPI,1.37
413930,WON AI ESG액티브,28215.0,46.0,46.0,1297890.0,1297890.0,KOSPI,0.0
005725,넥센우,4300.0,5.0,5.0,21500.0,21500.0,KOSPI,1.18
760017,키움 조선TOP10 ETN,22080.0,8.0,8.0,176640.0,176640.0,KOSPI,-0.11
0207Z0,KIWOOM 미국우주데이터센터인프라,7175.0,9054.0,9054.0,64962450.0,64962450.0,KOSPI,0.14
0106J0,대신 KOSPI200인덱스 X클래스,20525.0,51.0,51.0,1046775.0,1046775.0,KOSPI,0.34
530095,삼성 구리 선물 ETN(H),15380.0,273.0,273.0,4198740.0,4198740.0,KOSPI,1.08
0193K0,PLUS 삼성전자단일종목레버리지,13225.0,13225.0,13225.0,174900625.0,174900625.0,KOSPI,2.52
002025,코오롱우,13090.0,5683.0,5683.0,74390470.0,74390470.0,KOSPI,1.47
0222F0,마이티 AI데이터센터밸류체인,13205.0,5436.0,5436.0,71782380.0,71782380.0,KOSPI,1.42
491510,파워 K-주주가치액티브,17810.0,68.0,68.0,1211080.0,1211080.0,KOSPI,-0.11
337150,KODEX 200exTOP,25210.0,244.0,244.0,6151240.0,6151240.0,KOSPI,0.68
236350,TIGER 인도니프티50레버리지(합성),24370.0,7952.0,7952.0,193790240.0,193790240.0,KOSPI,-4.13
114460,ACE 국고채3년,99925.0,55.0,55.0,5495875.0,5495875.0,KOSPI,0.09
580090,KB 솔랙티브 인버스 2X 금 선물 ETN,14960.0,5.0,5.0,74800.0,74800.0,KOSPI,-1.19
484890,SOL 머니마켓액티브,52630.0,19692.0,19692.0,1036389960.0,1036389960.0,KOSPI,0.03
488290,MIDAS 일본테크액티브,42580.0,7377.0,7377.0,314112660.0,314112660.0,KOSPI,-1.78
453010,PLUS KOFR금리,110035.0,1225.0,1225.0,134792875.0,134792875.0,KOSPI,0.01
387280,TIGER 퓨처모빌리티액티브,11580.0,1409.0,1409.0,16316220.0,16316220.0,KOSPI,0.39
0051A0,KoAct 브로드컴밸류체인액티브,24460.0,16482.0,16482.0,403149720.0,403149720.0,KOSPI,1.28
570099,한투 인버스2X엔달러 선물 ETN(H),14615.0,1.0,1.0,14615.0,14615.0,KOSPI,0.55
104520,KIWOOM 블루칩,14580.0,120.0,120.0,1749600.0,1749600.0,KOSPI,0.07
580086,KB 솔랙티브 레버리지 천연가스 선물 ETN,14575.0,8038.0,8038.0,117153850.0,117153850.0,KOSPI,-2.18
0084E0,KIWOOM 미국대형주500월간목표헤지액티브,10050.0,149.0,149.0,1497450.0,1497450.0,KOSPI,-0.89
244620,KODEX 모멘텀Plus,20735.0,528.0,528.0,10948080.0,10948080.0,KOSPI,0.73
234310,RISE V&S셀렉트밸류,28630.0,11.0,11.0,314930.0,314930.0,KOSPI,0.79
453630,KODEX 미국S&P500필수소비재,11805.0,45460.0,45460.0,536655300.0,536655300.0,KOSPI,-2.76
404650,SOL KRX기후변화솔루션,23555.0,33.0,33.0,777315.0,777315.0,KOSPI,-0.57
520076,미래에셋 1.5X 천연가스 선물 ETN,5645.0,6073.0,6073.0,34282085.0,34282085.0,KOSPI,-2.34
570105,한투 인버스일본니케이225선물 ETN(H),4695.0,5019.0,5019.0,23564205.0,23564205.0,KOSPI,-2.19
024890,대원화성,1707.0,47023.0,47023.0,80268261.0,80268261.0,KOSPI,1.25
438900,HANARO Fn K-푸드,10820.0,29779.0,29779.0,322208780.0,322208780.0,KOSPI,-0.51
000087,하이트진로2우B,12350.0,224.0,224.0,2766400.0,2766400.0,KOSPI,0.0
530129,삼성 인버스 2X 미국다우존스 선물 ETN,13885.0,10.0,10.0,138850.0,138850.0,KOSPI,-2.73
485810,TIME 글로벌바이오액티브,11540.0,27698.0,27698.0,319634920.0,319634920.0,KOSPI,-0.6
496130,TRUSTON 코리아밸류업액티브,25645.0,12.0,12.0,307740.0,307740.0,KOSPI,-0.14
0153P0,ACE 리츠부동산인프라액티브,9530.0,4422.0,4422.0,42141660.0,42141660.0,KOSPI,0.53
0088N0,WON K-글로벌수급상위,11050.0,4349.0,4349.0,48056450.0,48056450.0,KOSPI,-0.58
610035,메리츠 레버리지 대표 농산물 선물 ETN(H),13770.0,1969.0,1969.0,27113130.0,27113130.0,KOSPI,2.15
373490,KODEX 코리아혁신성장액티브,24900.0,691.0,691.0,17205900.0,17205900.0,KOSPI,-0.06
137610,TIGER 농산물선물Enhanced(H),5950.0,11619.0,11619.0,69133050.0,69133050.0,KOSPI,1.28
001795,대한제당우,2110.0,7672.0,7672.0,16187920.0,16187920.0,KOSPI,0.72
0090B0,PLUS K방산소부장,7005.0,18744.0,18744.0,131301720.0,131301720.0,KOSPI,0.5
580051,KB 레버리지 밀 선물 ETN,9050.0,733.0,733.0,6633650.0,6633650.0,KOSPI,-1.47
610062,메리츠 인버스 3X 국채30년 ETN,67805.0,254.0,254.0,17222470.0,17222470.0,KOSPI,0.43
570123,한투 은선물 ETN,6775.0,25.0,25.0,169375.0,169375.0,KOSPI,-3.83
102960,KODEX 기계장비,13530.0,4819.0,4819.0,65201070.0,65201070.0,KOSPI,0.41
0013P0,RISE 미국은행TOP10,12295.0,28560.0,28560.0,351145200.0,351145200.0,KOSPI,-1.13
580032,KB 레버리지 구리 선물 ETN(H),27035.0,1655.0,1655.0,44742925.0,44742925.0,KOSPI,2.12
453820,KODEX 인도Nifty50레버리지(합성),10385.0,2196.0,2196.0,22805460.0,22805460.0,KOSPI,-3.84
487750,BNK 온디바이스AI,33710.0,10255.0,10255.0,345696050.0,345696050.0,KOSPI,2.46
0127V0,KIWOOM 미국S&P500 TOP10&배당다우비중전환,10780.0,4736.0,4736.0,51054080.0,51054080.0,KOSPI,-0.83
472720,TRUSTON 주주가치액티브,25900.0,318.0,318.0,8236200.0,8236200.0,KOSPI,0.12
417450,RISE 글로벌수소경제,15825.0,1777.0,1777.0,28121025.0,28121025.0,KOSPI,-2.41
610072,메리츠 KAP 레버리지 중국 위안화 ETN,26570.0,8.0,8.0,212560.0,212560.0,KOSPI,-3.63
500097,신한 레버리지 Russell 2000 ETN B,13250.0,2.0,2.0,26500.0,26500.0,KOSPI,-0.38
45226K,한화갤러리아우,4550.0,4944.0,4944.0,22495200.0,22495200.0,KOSPI,-1.83
610080,메리츠 멕시코 페소화 ETN,13155.0,1.0,1.0,13155.0,13155.0,KOSPI,-1.31
0127T0,KIWOOM 미국S&P500&배당다우존스비중전환,10940.0,4207.0,4207.0,46024580.0,46024580.0,KOSPI,-0.91
0104G0,PLUS K방산레버리지,5585.0,14527.0,14527.0,81133295.0,81133295.0,KOSPI,-2.45
409810,KODEX 미국나스닥100선물인버스(H),5350.0,81107.0,81107.0,433922450.0,433922450.0,KOSPI,-2.46
760023,키움 레버리지 K방산 TOP5 ETN,13015.0,27228.0,27228.0,354372420.0,354372420.0,KOSPI,-2.4
580083,KB 레버리지 미국 S&P500 선물 ETN B,25950.0,3813.0,3813.0,98947350.0,98947350.0,KOSPI,0.7
0194R0,KIWOOM SK하이닉스선물단일종목레버리지,9600.0,32528.0,32528.0,312268800.0,312268800.0,KOSPI,-2.98
0004G0,1Q 미국배당TOP30,8640.0,11953.0,11953.0,103273920.0,103273920.0,KOSPI,-1.76
0028X0,KODEX 미국금융테크액티브,11270.0,14306.0,14306.0,161228620.0,161228620.0,KOSPI,-0.88
0208N0,IBK 코스피액티브,7795.0,866.0,866.0,6750470.0,6750470.0,KOSPI,0.39
363510,SOL KIS단기통안채,112305.0,4.0,4.0,449220.0,449220.0,KOSPI,0.03
760015,키움 레버리지 바이오TOP10 ETN,6400.0,17055.0,17055.0,109152000.0,109152000.0,KOSPI,-3.03
520088,미래에셋 S&P500 VIX S/T 선물 ETN(H),6385.0,132.0,132.0,842820.0,842820.0,KOSPI,0.0
279540,KODEX 최소변동성,21270.0,162.0,162.0,3445740.0,3445740.0,KOSPI,0.61
00806K,대덕1우,10520.0,3757.0,3757.0,39523640.0,39523640.0,KOSPI,0.96
0015F0,KIWOOM 팔란티어미국30년국채혼합액티브(H),10580.0,2701.0,2701.0,28576580.0,28576580.0,KOSPI,1.15
272570,RISE 중장기국공채액티브,107530.0,261.0,261.0,28065330.0,28065330.0,KOSPI,0.23
530137,삼성 KRX 2차전지 TOP10 TR ETN,12675.0,38.0,38.0,481650.0,481650.0,KOSPI,0.04
140710,KODEX 운송,6670.0,33688.0,33688.0,224698960.0,224698960.0,KOSPI,2.3
410870,TIME K컬처액티브,9000.0,3612.0,3612.0,32508000.0,32508000.0,KOSPI,-0.61
166400,TIGER 200커버드콜OTM,25200.0,1830.0,1830.0,46116000.0,46116000.0,KOSPI,0.12
400570,KODEX 유럽탄소배출권선물ICE(H),11850.0,5661.0,5661.0,67082850.0,67082850.0,KOSPI,-0.38
489860,KIWOOM 글로벌전력GRID인프라,14770.0,1900.0,1900.0,28063000.0,28063000.0,KOSPI,-0.44
520046,미래에셋 레버리지 옥수수 선물 ETN,12460.0,1130.0,1130.0,14079800.0,14079800.0,KOSPI,2.21
0220A0,KIWOOM 현대차그룹TOP3채권혼합50,8870.0,16415.0,16415.0,145601050.0,145601050.0,KOSPI,0.0
610070,메리츠 KAP 인버스 2X 일본 엔화 ETN,24790.0,101.0,101.0,2503790.0,2503790.0,KOSPI,5.71
015260,에이엔피,263.0,935160.0,935160.0,245947080.0,245947080.0,KOSPI,-4.01
396510,TIGER 차이나클린에너지SOLACTIVE,6880.0,5706.0,5706.0,39257280.0,39257280.0,KOSPI,-1.71
530092,삼성 인버스 코스피 200 선물 ETN,2475.0,25431.0,25431.0,62941725.0,62941725.0,KOSPI,-0.8
300610,TIGER K게임,5375.0,19274.0,19274.0,103597750.0,103597750.0,KOSPI,0.84
435550,KIWOOM TDF2050액티브 적격,17570.0,1596.0,1596.0,28041720.0,28041720.0,KOSPI,-1.01
453060,HANARO KOFR금리액티브(합성),111635.0,93.0,93.0,10382055.0,10382055.0,KOSPI,0.04
145995,삼양사우,33050.0,20.0,20.0,661000.0,661000.0,KOSPI,0.0
360150,KODEX 코스닥150롱코스피200숏선물,2980.0,31842.0,31842.0,94889160.0,94889160.0,KOSPI,-1.0
610096,메리츠 인버스 2X 천연가스 선물 ETN(H),12215.0,2049.0,2049.0,25028535.0,25028535.0,KOSPI,0.62
700032,하나 인버스 2X 천연가스 선물 ETN(H),12200.0,2632.0,2632.0,32110400.0,32110400.0,KOSPI,1.54
610071,메리츠 KAP 중국 위안화 ETN,12190.0,326.0,326.0,3973940.0,3973940.0,KOSPI,-1.85
38380K,LX홀딩스1우,8300.0,1455.0,1455.0,12076500.0,12076500.0,KOSPI,12.16
004105,태양금속우,3680.0,78058.0,78058.0,287253440.0,287253440.0,KOSPI,5.6
580080,KB 인버스 은 선물 ETN,12100.0,194.0,194.0,2347400.0,2347400.0,KOSPI,-0.82
140580,RISE 우량업종대표주,24160.0,66.0,66.0,1594560.0,1594560.0,KOSPI,0.69
290080,RISE 200고배당커버드콜ATM,7320.0,52249.0,52249.0,382462680.0,382462680.0,KOSPI,-0.48
457700,KODEX 53-09 국고채액티브,9090.0,3971.0,3971.0,36096390.0,36096390.0,KOSPI,-0.55
395760,PLUS ESG성장주액티브,21810.0,117.0,117.0,2551770.0,2551770.0,KOSPI,0.6
251590,PLUS 고배당저변동50,17065.0,801.0,801.0,13669065.0,13669065.0,KOSPI,-0.73
084695,대상홀딩스우,13050.0,1137.0,1137.0,14837850.0,14837850.0,KOSPI,0.31
404540,TIGER KRX기후변화솔루션,23795.0,54.0,54.0,1284930.0,1284930.0,KOSPI,0.27
332610,PLUS 미국단기회사채(AAA~A),123100.0,531.0,531.0,65366100.0,65366100.0,KOSPI,-1.85
520064,미래에셋 2X 미국채울트라30년 선물 ETN,5905.0,571.0,571.0,3371755.0,3371755.0,KOSPI,-2.15
0203D0,PLUS 200위클리커버드콜채권혼합,9080.0,24862.0,24862.0,225746960.0,225746960.0,KOSPI,0.06
282000,RISE 국고채3년선물인버스,115395.0,4.0,4.0,461580.0,461580.0,KOSPI,0.03
610093,메리츠 인버스 3X 일본 국채 10년 ETN,23280.0,227.0,227.0,5284560.0,5284560.0,KOSPI,-2.68
580043,KB 레버리지 KOSDAQ 150 선물 ETN,23185.0,199.0,199.0,4613815.0,4613815.0,KOSPI,-1.72
610086,메리츠 인버스2X 미국채30년 스트립 ETN(H),57925.0,2.0,2.0,115850.0,115850.0,KOSPI,-1.4
428560,KODEX 미국ETF산업Top10 Indxx,15430.0,28235.0,28235.0,435666050.0,435666050.0,KOSPI,-1.63
453660,KODEX 미국S&P500경기소비재,16505.0,18748.0,18748.0,309435740.0,309435740.0,KOSPI,-0.48
0000H0,KODEX 인도Nifty미드캡100,10040.0,688.0,688.0,6907520.0,6907520.0,KOSPI,-1.76
266410,KODEX 필수소비재,9575.0,9924.0,9924.0,95022300.0,95022300.0,KOSPI,-0.16
435040,ACE 글로벌브랜드TOP10,19115.0,1869.0,1869.0,35725935.0,35725935.0,KOSPI,0.26
269370,TIGER S&P글로벌인프라(합성),16320.0,421.0,421.0,6870720.0,6870720.0,KOSPI,-1.72
269530,PLUS S&P글로벌인프라,18995.0,1668.0,1668.0,31683660.0,31683660.0,KOSPI,-1.63
580047,KB 레버리지 항셍테크 선물 ETN(H) B,11390.0,810.0,810.0,9225900.0,9225900.0,KOSPI,1.97
530139,삼성 iSelect 조선 TOP10 TR ETN,11370.0,124.0,124.0,1409880.0,1409880.0,KOSPI,0.66
0193L0,PLUS 삼성전자선물단일종목인버스2X,7985.0,896509.0,896509.0,7158624365.0,7158624365.0,KOSPI,-2.02
354240,RISE 미국고정배당우선증권,10260.0,2681.0,2681.0,27507060.0,27507060.0,KOSPI,-1.96
430500,KIWOOM 물가채KIS,112735.0,84.0,84.0,9469740.0,9469740.0,KOSPI,0.01
580052,KB 인버스 2X 밀 선물 ETN,22465.0,100.0,100.0,2246500.0,2246500.0,KOSPI,-2.28
00781K,코리아써키트2우B,14330.0,11117.0,11117.0,159306610.0,159306610.0,KOSPI,6.15
550100,N2 인버스 2X 천연가스 선물 ETN,11200.0,2.0,2.0,22400.0,22400.0,KOSPI,-1.06
580088,KB 인버스 2X KOSPI 200 선물 ETN B,22390.0,9637.0,9637.0,215772430.0,215772430.0,KOSPI,-0.51
407820,에셋플러스 코리아플랫폼액티브,6185.0,53858.0,53858.0,333111730.0,333111730.0,KOSPI,1.31
0216Z0,ACE K방산TOP5+,8875.0,43310.0,43310.0,384376250.0,384376250.0,KOSPI,-0.11
252650,KODEX 200동일가중,18470.0,298.0,298.0,5504060.0,5504060.0,KOSPI,0.16
448490,HANARO 32-10 국고채액티브,52685.0,236.0,236.0,12433660.0,12433660.0,KOSPI,0.25
0224D0,KIWOOM 미국CPU반도체TOP4+,10990.0,208033.0,208033.0,2286282670.0,2286282670.0,KOSPI,4.37
0002C0,에셋플러스 인도일등기업포커스20액티브,10130.0,343.0,343.0,3474590.0,3474590.0,KOSPI,-0.64
500086,신한 코스닥 150 TR ETN,10935.0,4.0,4.0,43740.0,43740.0,KOSPI,-1.0
0093B0,RISE 엔비디아고정테크100,12845.0,1862.0,1862.0,23917390.0,23917390.0,KOSPI,0.51
580065,KB 코스닥 150 TR ETN,10865.0,3.0,3.0,32595.0,32595.0,KOSPI,-0.32
610102,메리츠 솔랙티브 금 선물 ETN(H),10790.0,3.0,3.0,32370.0,32370.0,KOSPI,0.23
700011,하나 레버리지 옥수수 선물 ETN(H),10790.0,255.0,255.0,2751450.0,2751450.0,KOSPI,4.25
610074,메리츠 미국채10년 ETN,10730.0,4.0,4.0,42920.0,42920.0,KOSPI,-1.51
0120X0,유진 챔피언중단기크레딧 X클래스,10095.0,1.0,1.0,10095.0,10095.0,KOSPI,0.1
310080,RISE 중국MSCI China(H),9270.0,1062.0,1062.0,9844740.0,9844740.0,KOSPI,1.2
0227L0,HANARO 미국에이전틱AI TOP2+,10655.0,64598.0,64598.0,688291690.0,688291690.0,KOSPI,0.95
451150,에셋플러스 글로벌영에이지액티브,17140.0,181.0,181.0,3102340.0,3102340.0,KOSPI,-0.29
446700,RISE 배터리 리사이클링,10210.0,1327.0,1327.0,13548670.0,13548670.0,KOSPI,-0.34
760032,키움 모험자본창업투자 ETN,10595.0,33.0,33.0,349635.0,349635.0,KOSPI,1.44
280920,PLUS 주도업종,23540.0,115.0,115.0,2707100.0,2707100.0,KOSPI,1.68
001067,JW중외제약2우B,50400.0,1.0,1.0,50400.0,50400.0,KOSPI,0.6
419420,KODEX 미국클린에너지나스닥,8790.0,33294.0,33294.0,292654260.0,292654260.0,KOSPI,0.34
0068M0,KODEX 미국S&P500버퍼6월액티브,11710.0,141.0,141.0,1651110.0,1651110.0,KOSPI,-0.26
0191S0,IBK 코스닥150,14075.0,3715.0,3715.0,52288625.0,52288625.0,KOSPI,-0.88
140570,RISE 수출주,25930.0,49.0,49.0,1270570.0,1270570.0,KOSPI,1.77
0189Z0,DAISHIN 금융&지주고배당,10360.0,1262.0,1262.0,13074320.0,13074320.0,KOSPI,-0.19
464610,SOL 의료기기소부장Fn,6680.0,14891.0,14891.0,99471880.0,99471880.0,KOSPI,-1.33
371870,ACE 차이나항셍테크,6455.0,653.0,653.0,4215115.0,4215115.0,KOSPI,-1.0
291130,ACE MSCI멕시코(합성),17135.0,340.0,340.0,5825900.0,5825900.0,KOSPI,-1.41
580059,KB 미국채 10년 ETN,10265.0,36.0,36.0,369540.0,369540.0,KOSPI,-1.49
463640,KODEX 미국S&P500유틸리티,12825.0,3652.0,3652.0,46836900.0,46836900.0,KOSPI,-3.24
570085,한투 인도네시아대표원자재 ETN,10200.0,3055.0,3055.0,31161000.0,31161000.0,KOSPI,-4.67
0113G0,KoAct 미국바이오헬스케어액티브,11280.0,7829.0,7829.0,88311120.0,88311120.0,KOSPI,-0.92
237440,TIGER 경기방어채권혼합,10150.0,1119.0,1119.0,11357850.0,11357850.0,KOSPI,0.4
610076,메리츠 인버스 3X 미국채10년 ETN,50745.0,10.0,10.0,507450.0,507450.0,KOSPI,-2.12
610112,메리츠 3X 레버리지 일본 국채 30년 ETN(H),20255.0,2.0,2.0,40510.0,40510.0,KOSPI,-0.07
385710,TIME K이노베이션액티브,10110.0,1546.0,1546.0,15630060.0,15630060.0,KOSPI,0.35
700036,하나 인버스 2X 반도체 ETN,2010.0,937697.0,937697.0,1884770970.0,1884770970.0,KOSPI,-1.71
460270,KIWOOM 미국달러SOFR금리액티브(합성),12380.0,807.0,807.0,9990660.0,9990660.0,KOSPI,-1.71
580054,KB 인버스 2X 콩 선물 ETN,20030.0,140.0,140.0,2804200.0,2804200.0,KOSPI,-4.39
610092,메리츠 인버스 일본 국채 10년 ETN,9995.0,1.0,1.0,9995.0,9995.0,KOSPI,-2.2
610077,메리츠 미국채30년 ETN,9985.0,846.0,846.0,8447310.0,8447310.0,KOSPI,-2.06
610034,메리츠 대표 농산물 선물 ETN(H),9965.0,203.0,203.0,2022895.0,2022895.0,KOSPI,1.22
004255,NPC우,1885.0,1174.0,1174.0,2212990.0,2212990.0,KOSPI,-0.37
463690,KODEX 미국S&P500커뮤니케이션,18060.0,1453.0,1453.0,26241180.0,26241180.0,KOSPI,1.78
0094L0,RISE 차이나테크TOP10위클리타겟커버드콜,7060.0,3441.0,3441.0,24293460.0,24293460.0,KOSPI,-0.49
139240,TIGER 200 철강소재,11220.0,5654.0,5654.0,63437880.0,63437880.0,KOSPI,0.54
181480,ACE 미국부동산리츠(합성 H),82050.0,99.0,99.0,8122950.0,8122950.0,KOSPI,0.8
0219B0,KoAct 광통신&위성네트워크액티브,12280.0,242348.0,242348.0,2976033440.0,2976033440.0,KOSPI,-0.04
610082,메리츠 인도 루피화 ETN,9745.0,34.0,34.0,331330.0,331330.0,KOSPI,-1.32
281990,RISE 중소형고배당,17710.0,1192.0,1192.0,21110320.0,21110320.0,KOSPI,0.63
580087,KB 솔랙티브 인버스 천연가스 선물 ETN,9725.0,13.0,13.0,126425.0,126425.0,KOSPI,-1.42
0174R0,KIWOOM 미국성장다우존스,11375.0,21609.0,21609.0,245802375.0,245802375.0,KOSPI,-0.39
610068,메리츠 KAP 일본 엔화 ETN,9655.0,10189.0,10189.0,98374795.0,98374795.0,KOSPI,-2.33
003075,코오롱글로벌우,13020.0,188.0,188.0,2447760.0,2447760.0,KOSPI,-1.66
487910,ACE 인도컨슈머파워액티브,8010.0,1242.0,1242.0,9948420.0,9948420.0,KOSPI,-2.2
0120J0,BNK 카카오그룹포커스,7685.0,7937.0,7937.0,60995845.0,60995845.0,KOSPI,0.2
019685,대교우B,988.0,34885.0,34885.0,34466380.0,34466380.0,KOSPI,-0.1
117690,TIGER 차이나항셍30,19190.0,6096.0,6096.0,116982240.0,116982240.0,KOSPI,-0.83
429010,TIGER 미국나스닥넥스트100,19150.0,3367.0,3367.0,64478050.0,64478050.0,KOSPI,-1.24
482030,KoAct 반도체&2차전지핵심소재액티브,9085.0,12076.0,12076.0,109710460.0,109710460.0,KOSPI,0.61
230480,KIWOOM 미국달러선물인버스2X,4740.0,2693.0,2693.0,12764820.0,12764820.0,KOSPI,2.93
0001P0,마이티 바이오시밀러&CDMO액티브,8480.0,1971.0,1971.0,16714080.0,16714080.0,KOSPI,0.0
0194N0,KIWOOM 삼성전자선물단일종목레버리지,12215.0,15259.0,15259.0,186388685.0,186388685.0,KOSPI,3.56
530064,삼성 인버스 2X 구리 선물 ETN(H),631.0,58054.0,58054.0,36632074.0,36632074.0,KOSPI,-2.62
0242S0,파워 SK그룹,10475.0,191642.0,191642.0,2007449950.0,2007449950.0,KOSPI,0.72
399580,RISE 글로벌클린에너지,9340.0,6690.0,6690.0,62484600.0,62484600.0,KOSPI,-1.32
570107,한투 인버스2X일본니케이225선물 ETN(H),3730.0,800.0,800.0,2984000.0,2984000.0,KOSPI,-3.99
580061,KB 미국채 30년 ETN,9315.0,4.0,4.0,37260.0,37260.0,KOSPI,-1.64
354350,HANARO 글로벌럭셔리S&P(합성),17860.0,566.0,566.0,10108760.0,10108760.0,KOSPI,-1.03
461580,TIGER 코스닥글로벌,15445.0,776.0,776.0,11985320.0,11985320.0,KOSPI,0.65
0227K0,RISE 미국우주위성통신,9245.0,3378.0,3378.0,31229610.0,31229610.0,KOSPI,-0.86
610097,메리츠 미국채30년스트립 커버드콜 ETN(H),9230.0,15.0,15.0,138450.0,138450.0,KOSPI,0.27
341850,TIGER 리츠부동산인프라채권,4610.0,5753.0,5753.0,26521330.0,26521330.0,KOSPI,0.11
580053,KB 레버리지 콩 선물 ETN,18435.0,105.0,105.0,1935675.0,1935675.0,KOSPI,1.15
498050,HANARO 바이오코리아액티브,9685.0,3350.0,3350.0,32444750.0,32444750.0,KOSPI,-1.37
001755,한양증권우,19360.0,577.0,577.0,11170720.0,11170720.0,KOSPI,0.57
456250,KODEX 유럽명품TOP10 STOXX,7945.0,7433.0,7433.0,59055185.0,59055185.0,KOSPI,-0.75
301400,PLUS 코스닥150,14035.0,3688.0,3688.0,51761080.0,51761080.0,KOSPI,-0.99
700033,하나 K방산TOP10 ETN,9115.0,107.0,107.0,975305.0,975305.0,KOSPI,-0.76
0084D0,KIWOOM 미국테크100월간목표헤지액티브,11350.0,26.0,26.0,295100.0,295100.0,KOSPI,-0.26
494180,TIME 글로벌소비트렌드액티브,12955.0,521.0,521.0,6749555.0,6749555.0,KOSPI,-0.12
266390,KODEX 경기소비재,15085.0,1346.0,1346.0,20304410.0,20304410.0,KOSPI,2.13
550099,N2 레버리지 천연가스 선물 ETN,8965.0,6121.0,6121.0,54874765.0,54874765.0,KOSPI,-2.13
0067Y0,TIGER 차이나AI소프트웨어,9950.0,28052.0,28052.0,279117400.0,279117400.0,KOSPI,0.0
0133E0,TIGER 차이나증권,8490.0,1629.0,1629.0,13830210.0,13830210.0,KOSPI,0.12
760027,키움 인버스 2X 전력 TOP5 ETN,4455.0,345457.0,345457.0,1539010935.0,1539010935.0,KOSPI,-2.73
520097,미래에셋 1.5X S&P500 VIX S/T선물 ETN,8900.0,6067.0,6067.0,53996300.0,53996300.0,KOSPI,-1.98
105010,TIGER 라틴35,6350.0,2706.0,2706.0,17183100.0,17183100.0,KOSPI,-1.01
497510,ACE 글로벌빅파마,12675.0,964.0,964.0,12218700.0,12218700.0,KOSPI,-1.29
375270,RISE 글로벌데이터센터리츠(합성),13650.0,592.0,592.0,8080800.0,8080800.0,KOSPI,-0.29
610084,메리츠 미국채30년 스트립 ETN(H),8855.0,1.0,1.0,8855.0,8855.0,KOSPI,0.23
0216K0,KIWOOM 미국우주테크TOP2채권혼합50,8805.0,28069.0,28069.0,247147545.0,247147545.0,KOSPI,0.0
395150,KODEX 웹툰&드라마,1831.0,18912.0,18912.0,34627872.0,34627872.0,KOSPI,-1.35
0184N0,PLUS 은채권혼합,8720.0,13456.0,13456.0,117336320.0,117336320.0,KOSPI,-1.3
252000,TIGER 200동일가중,19355.0,1905.0,1905.0,36871275.0,36871275.0,KOSPI,0.21
610083,메리츠 레버리지 인도 루피화 ETN,17340.0,123.0,123.0,2132820.0,2132820.0,KOSPI,-3.96
466810,BNK 2차전지양극재,5780.0,3355.0,3355.0,19391900.0,19391900.0,KOSPI,0.61
500068,신한 인버스 2X 10년 국채선물 ETN,12355.0,2.0,2.0,24710.0,24710.0,KOSPI,-0.8
0226G0,WON 피지컬AI TOP2플러스액티브,12335.0,2198.0,2198.0,27112330.0,27112330.0,KOSPI,1.44
33637L,솔루스첨단소재2우B,2285.0,604.0,604.0,1380140.0,1380140.0,KOSPI,-1.08
610100,메리츠 레버리지 은 선물 ETN(H),8630.0,2668.0,2668.0,23024840.0,23024840.0,KOSPI,-2.32
217780,TIGER 차이나CSI300인버스(합성),5560.0,7352.0,7352.0,40877120.0,40877120.0,KOSPI,1.37
215620,HK S&P코리아로우볼,15890.0,1.0,1.0,15890.0,15890.0,KOSPI,-0.31
0008E0,ACE 미국중심중소형제조업,11425.0,6226.0,6226.0,71132050.0,71132050.0,KOSPI,-2.27
610059,메리츠 3X 레버리지 국채10년 ETN,17105.0,18.0,18.0,307890.0,307890.0,KOSPI,0.68
270800,RISE KQ고배당,15530.0,2794.0,2794.0,43390820.0,43390820.0,KOSPI,-0.8
570094,한투 일본엔선물 ETN C,8535.0,258.0,258.0,2202030.0,2202030.0,KOSPI,-2.46
435540,KIWOOM TDF2040액티브 적격,17055.0,2218.0,2218.0,37827990.0,37827990.0,KOSPI,-0.67
449680,TIGER 한중전기차(합성),9970.0,115.0,115.0,1146550.0,1146550.0,KOSPI,-0.35
580085,KB 솔랙티브 천연가스 선물 ETN,8465.0,323.0,323.0,2734195.0,2734195.0,KOSPI,-1.91
0221Z0,ACE K바이오코스닥액티브,8900.0,5827.0,5827.0,51860300.0,51860300.0,KOSPI,-1.77
500101,신한 블룸버그 천연가스 선물 ETN,8445.0,245.0,245.0,2069025.0,2069025.0,KOSPI,-2.14
429980,SOL 한국형글로벌전기차&2차전지액티브,16875.0,483.0,483.0,8150625.0,8150625.0,KOSPI,1.14
395750,PLUS ESG가치주액티브,21090.0,18.0,18.0,379620.0,379620.0,KOSPI,0.91
610090,메리츠 일본 국채 10년 ETN,8430.0,1.0,1.0,8430.0,8430.0,KOSPI,-1.98
457930,BNK 미래전략기술액티브,28080.0,105.0,105.0,2948400.0,2948400.0,KOSPI,0.25
610095,메리츠 레버리지 천연가스 선물 ETN(H),8410.0,7221.0,7221.0,60728610.0,60728610.0,KOSPI,-0.53
530135,삼성 인버스 China A50 선물 ETN(H) B,8400.0,1.0,1.0,8400.0,8400.0,KOSPI,-1.29
371150,RISE 차이나항셍테크,6435.0,602.0,602.0,3873870.0,3873870.0,KOSPI,-0.39
700031,하나 레버리지 천연가스 선물 ETN(H),8355.0,355.0,355.0,2966025.0,2966025.0,KOSPI,-0.89
381570,HANARO Fn친환경에너지,9825.0,8715.0,8715.0,85624875.0,85624875.0,KOSPI,-0.96
497520,ACE 일라이릴리밸류체인,12845.0,6625.0,6625.0,85098125.0,85098125.0,KOSPI,-0.62
500036,신한 인버스 2X 미국달러 선물 ETN,4170.0,34.0,34.0,141780.0,141780.0,KOSPI,5.04
0219Z0,HANARO 미국S&P500액티브,10390.0,119789.0,119789.0,1244607710.0,1244607710.0,KOSPI,-1.38
462340,에셋플러스 글로벌다이나믹시니어액티브,16530.0,6.0,6.0,99180.0,99180.0,KOSPI,0.18
182490,TIGER 단기선진하이일드(합성 H),13770.0,223.0,223.0,3070710.0,3070710.0,KOSPI,-0.33
580079,KB 레버리지 은 선물 ETN,8250.0,2295.0,2295.0,18933750.0,18933750.0,KOSPI,-3.73
000225,유유제약1우,3635.0,4433.0,4433.0,16113955.0,16113955.0,KOSPI,-1.09
0226D0,FOCUS 금융반도체지주채권혼합50액티브,10270.0,5310.0,5310.0,54533700.0,54533700.0,KOSPI,-0.19
700035,하나 인버스 2X K방산TOP10 ETN,8210.0,10859.0,10859.0,89152390.0,89152390.0,KOSPI,1.42
0215T0,HANARO 미국AI광통신TOP10,9055.0,67698.0,67698.0,613005390.0,613005390.0,KOSPI,-0.71
395280,HANARO Fn K-게임,3445.0,6196.0,6196.0,21345220.0,21345220.0,KOSPI,2.99
610073,메리츠 KAP 인버스 2X 중국 위안화 ETN,16115.0,12.0,12.0,193380.0,193380.0,KOSPI,3.37
760025,키움 전력 TOP5 ETN,11500.0,327.0,327.0,3760500.0,3760500.0,KOSPI,0.39
610094,메리츠 천연가스 선물 ETN(H),7980.0,906.0,906.0,7229880.0,7229880.0,KOSPI,-0.5
530114,삼성 인버스 2X S&P500 선물 ETN,7970.0,15319.0,15319.0,122092430.0,122092430.0,KOSPI,-3.98
0214M0,MIDAS 바이오헬스케어액티브,9340.0,463.0,463.0,4324420.0,4324420.0,KOSPI,-1.27
227550,TIGER 200 산업재,12390.0,39353.0,39353.0,487583670.0,487583670.0,KOSPI,0.94
174350,TIGER 로우볼,20720.0,13957.0,13957.0,289189040.0,289189040.0,KOSPI,0.17
001515,SK증권우,4010.0,1832.0,1832.0,7346320.0,7346320.0,KOSPI,0.12
480460,WON 한국부동산TOP3플러스,9185.0,102.0,102.0,936870.0,936870.0,KOSPI,0.99
261110,TIGER 미국달러선물레버리지,15550.0,3565.0,3565.0,55435750.0,55435750.0,KOSPI,-2.87
189400,PLUS 글로벌MSCI(합성 H),25890.0,219.0,219.0,5669910.0,5669910.0,KOSPI,0.12
580062,KB 레버리지 미국채 30년 ETN,15510.0,9.0,9.0,139590.0,139590.0,KOSPI,-0.74
438740,MIDAS 중소형액티브,34200.0,4.0,4.0,136800.0,136800.0,KOSPI,1.27
530142,삼성 중국 AI 테크 TOP5 TR ETN(H),7690.0,690.0,690.0,5306100.0,5306100.0,KOSPI,3.71
530141,삼성 중국 자동차 TOP5 TR ETN(H),7685.0,45.0,45.0,345825.0,345825.0,KOSPI,-0.13
570114,한투 S&P500 VIX S/T선물 ETN(H) B,7605.0,101.0,101.0,768105.0,768105.0,KOSPI,0.2
285690,FOCUS ESG리더스,21685.0,1.0,1.0,21685.0,21685.0,KOSPI,0.7
494210,SOL 미국500타겟데일리커버드콜액티브,10820.0,133668.0,133668.0,1446287760.0,1446287760.0,KOSPI,-0.6
0172Y0,ACE K수출핵심TOP10산업액티브,9460.0,2756.0,2756.0,26071760.0,26071760.0,KOSPI,0.42
001065,JW중외제약우,22100.0,54.0,54.0,1193400.0,1193400.0,KOSPI,-2.64
487920,ACE 인도시장대표BIG5그룹액티브,7540.0,6827.0,6827.0,51475580.0,51475580.0,KOSPI,-2.27
0176P0,FOCUS AI반도체위클리고정커버드콜,13710.0,17595.0,17595.0,241227450.0,241227450.0,KOSPI,1.26
227570,TIGER 우량가치,20925.0,748.0,748.0,15651900.0,15651900.0,KOSPI,0.1
435530,KIWOOM TDF2030액티브 적격,15025.0,567.0,567.0,8519175.0,8519175.0,KOSPI,-1.86
304670,KODEX 미국30년국채울트라선물인버스(H),12455.0,33.0,33.0,411015.0,411015.0,KOSPI,-0.12
225800,KIWOOM 미국달러선물레버리지,14640.0,1796.0,1796.0,26293440.0,26293440.0,KOSPI,-2.79
0094X0,1Q 샤오미밸류체인액티브,8290.0,2482.0,2482.0,20575780.0,20575780.0,KOSPI,-0.9
139660,KIWOOM 미국달러선물인버스,8540.0,759.0,759.0,6481860.0,6481860.0,KOSPI,1.85
0218K0,BNK 스마트카,10575.0,9.0,9.0,95175.0,95175.0,KOSPI,0.95
256450,PLUS 심천차이넥스트(합성),14775.0,914.0,914.0,13504350.0,13504350.0,KOSPI,0.1
437370,RISE 글로벌농업경제,10450.0,6110.0,6110.0,63849500.0,63849500.0,KOSPI,-3.11
0005C0,RISE 미국S&P500엔화노출(합성 H),11240.0,621.0,621.0,6980040.0,6980040.0,KOSPI,-1.4
402460,HANARO Fn K-메타버스MZ,14465.0,102.0,102.0,1475430.0,1475430.0,KOSPI,1.65
610099,메리츠 은 선물 ETN(H),7220.0,5.0,5.0,36100.0,36100.0,KOSPI,0.56
225050,TIGER 유로스탁스레버리지(합성 H),15980.0,136.0,136.0,2173280.0,2173280.0,KOSPI,2.27
0138D0,RISE 동학개미,13055.0,3511.0,3511.0,45836105.0,45836105.0,KOSPI,1.28
315270,TIGER 200커뮤니케이션서비스,18880.0,110.0,110.0,2076800.0,2076800.0,KOSPI,1.42
530056,삼성 인버스 2X 금 선물 ETN(H),1771.0,1870.0,1870.0,3311770.0,3311770.0,KOSPI,1.43
253280,RISE 헬스케어,11805.0,6435.0,6435.0,75965175.0,75965175.0,KOSPI,-1.5
700030,하나 S&P 인버스 2X WTI원유 선물 ETN B,1764.0,48513.0,48513.0,85576932.0,85576932.0,KOSPI,-1.51
488480,RISE 일본섹터TOP4Plus,12815.0,3449.0,3449.0,44198935.0,44198935.0,KOSPI,-1.39
0082F0,HANARO 유럽방산,10000.0,171.0,171.0,1710000.0,1710000.0,KOSPI,-1.19
326230,RISE 내수주플러스,10900.0,51.0,51.0,555900.0,555900.0,KOSPI,0.41
610091,메리츠 3X 레버리지 일본 국채 10년 ETN,13875.0,45.0,45.0,624375.0,624375.0,KOSPI,-2.63
760006,키움 KPOP ETN,6925.0,9.0,9.0,62325.0,62325.0,KOSPI,-1.91
244670,KODEX 밸류Plus,11535.0,38.0,38.0,438330.0,438330.0,KOSPI,-0.09
400590,SOL 글로벌탄소배출권선물ICE(합성),13820.0,511.0,511.0,7062020.0,7062020.0,KOSPI,-2.98
520084,미래에셋 -2X 미국 자율주행대표기업 ETN,6830.0,7.0,7.0,47810.0,47810.0,KOSPI,-5.47
500098,신한 인버스 2X Russell 2000 ETN B,6820.0,1.0,1.0,6820.0,6820.0,KOSPI,-0.94
530122,삼성 인버스 2X 항셍테크 TR ETN(H) B,6815.0,2105.0,2105.0,14345575.0,14345575.0,KOSPI,-2.22
580078,KB 은 선물 ETN,6780.0,1089.0,1089.0,7383420.0,7383420.0,KOSPI,-3.42
000325,노루홀딩스우,27750.0,22.0,22.0,610500.0,610500.0,KOSPI,2.4
004985,성신양회우,9170.0,488.0,488.0,4474960.0,4474960.0,KOSPI,2.8
250780,TIGER 코스닥150선물인버스,2440.0,251851.0,251851.0,614516440.0,614516440.0,KOSPI,0.62
570092,한투 인버스2X유로스탁스50 ETN(H) B,6685.0,66.0,66.0,441210.0,441210.0,KOSPI,-1.33
450180,KODEX 한중전기차(합성),10285.0,22.0,22.0,226270.0,226270.0,KOSPI,-0.39
500067,신한 레버리지 10년 국채선물 ETN,9490.0,2.0,2.0,18980.0,18980.0,KOSPI,0.8
289670,PLUS 국채선물10년,51865.0,240.0,240.0,12447600.0,12447600.0,KOSPI,0.24
0047N0,PLUS 차이나AI테크TOP10,9450.0,1206.0,1206.0,11396700.0,11396700.0,KOSPI,-0.89
0036Z0,RISE 미국천연가스밸류체인,12000.0,2267.0,2267.0,27204000.0,27204000.0,KOSPI,-3.46
570101,한투 인버스나스닥100 ETN B,6570.0,206.0,206.0,1353420.0,1353420.0,KOSPI,-4.09
139290,TIGER 200 경기소비재,23460.0,18065.0,18065.0,423804900.0,423804900.0,KOSPI,0.02
176950,KODEX 국채선물10년인버스,60795.0,1.0,1.0,60795.0,60795.0,KOSPI,-0.29
138920,KODEX 콩선물(H),13095.0,687.0,687.0,8996265.0,8996265.0,KOSPI,1.47
456200,PLUS 미국달러SOFR금리액티브(합성),59050.0,512.0,512.0,30233600.0,30233600.0,KOSPI,-1.82
550098,N2 인버스 2X 코스닥150 선물 ETN,6470.0,27372.0,27372.0,177096840.0,177096840.0,KOSPI,2.21
570095,한투 레버리지일본엔선물 ETN C,6445.0,15873.0,15873.0,102301485.0,102301485.0,KOSPI,-4.02
0191B0,MIDAS 코스닥액티브,31345.0,7057.0,7057.0,221201665.0,221201665.0,KOSPI,1.98
530096,삼성 인버스 구리 선물 ETN(H),6180.0,469.0,469.0,2898420.0,2898420.0,KOSPI,-1.28
316300,ACE 싱가포르리츠,12240.0,565.0,565.0,6915600.0,6915600.0,KOSPI,-2.04
429740,PLUS K리츠,6120.0,577.0,577.0,3531240.0,3531240.0,KOSPI,-0.49
368680,KODEX K-뉴딜디지털플러스,7645.0,64.0,64.0,489280.0,489280.0,KOSPI,0.72
469530,RISE 미국달러선물인버스,9550.0,1891.0,1891.0,18059050.0,18059050.0,KOSPI,1.76
0166T0,PLUS 글로벌저작권핵심기업액티브,9375.0,348.0,348.0,3262500.0,3262500.0,KOSPI,-0.32
400580,SOL 유럽탄소배출권선물S&P(H),12155.0,82.0,82.0,996710.0,996710.0,KOSPI,-0.25
012205,계양전기우,5170.0,12418.0,12418.0,64201060.0,64201060.0,KOSPI,-0.96
570098,한투 레버리지엔달러선물 ETN(H),6035.0,13.0,13.0,78455.0,78455.0,KOSPI,-0.82
580084,KB 인버스 2X 미국 S&P500 선물 ETN B,12065.0,513.0,513.0,6189345.0,6189345.0,KOSPI,-4.44
004835,덕성우,4320.0,17639.0,17639.0,76200480.0,76200480.0,KOSPI,-2.26
760010,키움 2차전지산업 ETN,8565.0,106.0,106.0,907890.0,907890.0,KOSPI,-0.81
307510,TIGER 의료기기,11890.0,4093.0,4093.0,48665770.0,48665770.0,KOSPI,-0.79
451670,RISE 국채30년레버리지(합성),11875.0,117.0,117.0,1389375.0,1389375.0,KOSPI,-1.04
044380,주연테크,427.0,477285.0,477285.0,203800695.0,203800695.0,KOSPI,-11.78
433250,UNICORN R&D 액티브,23600.0,14.0,14.0,330400.0,330400.0,KOSPI,0.43
0114X0,RISE 글로벌게임테크TOP3Plus,9000.0,819.0,819.0,7371000.0,7371000.0,KOSPI,-0.06
0087F0,ACE 차이나AI빅테크TOP2+액티브,11635.0,1442.0,1442.0,16777670.0,16777670.0,KOSPI,-1.27
483020,KIWOOM 의료AI,8950.0,1310.0,1310.0,11724500.0,11724500.0,KOSPI,-1.1
314700,HANARO 농업융복합산업,10520.0,570.0,570.0,5996400.0,5996400.0,KOSPI,-0.24
610023,메리츠 레버리지 미국채10년 ETN(H),5775.0,511.0,511.0,2951025.0,2951025.0,KOSPI,0.35
0053M0,더제이 중소형포커스액티브,12790.0,636.0,636.0,8134440.0,8134440.0,KOSPI,-0.35
407300,HANARO Fn골프테마,10455.0,8.0,8.0,83640.0,83640.0,KOSPI,1.46
26490K,크라운제과우,7420.0,24.0,24.0,178080.0,178080.0,KOSPI,-0.4
001770,SHD,4700.0,80815.0,80815.0,379830500.0,379830500.0,KOSPI,-9.62
291890,KODEX MSCI EM선물(H),12540.0,5704.0,5704.0,71528160.0,71528160.0,KOSPI,0.32
267450,RISE 미국장기국채선물인버스(H),11285.0,1.0,1.0,11285.0,11285.0,KOSPI,0.31
219900,ACE 중국본토CSI300레버리지(합성),4000.0,2006.0,2006.0,8024000.0,8024000.0,KOSPI,-2.79
401590,HANARO 글로벌탄소배출권선물ICE(합성),10970.0,3020.0,3020.0,33129400.0,33129400.0,KOSPI,-3.26
0229F0,마이티 신약포커스바이오액티브,7950.0,8687.0,8687.0,69061650.0,69061650.0,KOSPI,-2.33
220130,SOL 차이나강소기업CSI500(합성 H),6930.0,5941.0,5941.0,41171130.0,41171130.0,KOSPI,0.36
432600,RISE 국채선물3년,55170.0,4.0,4.0,220680.0,220680.0,KOSPI,0.09
530094,삼성 인버스 코스닥 150 선물 ETN,5495.0,10.0,10.0,54950.0,54950.0,KOSPI,0.37
470310,UNICORN 생성형AI강소기업액티브,18200.0,61.0,61.0,1110200.0,1110200.0,KOSPI,0.64
499150,SOL 미국S&P500엔화노출(H),10855.0,586.0,586.0,6361030.0,6361030.0,KOSPI,-0.5
238670,PLUS 스마트베타Quality채권혼합,13555.0,1512.0,1512.0,20495160.0,20495160.0,KOSPI,0.11
390400,KODEX 미국스마트모빌리티S&P,6775.0,2018.0,2018.0,13671950.0,13671950.0,KOSPI,-0.95
0184V0,UNICORN K바이오액티브,5155.0,52321.0,52321.0,269714755.0,269714755.0,KOSPI,-2.83
510027,대신 인버스 2X 코스닥 150 선물 ETN,1803.0,908.0,908.0,1637124.0,1637124.0,KOSPI,2.39
0102X0,ACE 유럽방산TOP10,8980.0,714.0,714.0,6411720.0,6411720.0,KOSPI,-1.21
580044,KB 인버스 2X KOSDAQ 150 선물 ETN,1779.0,99029.0,99029.0,176172591.0,176172591.0,KOSPI,1.83
0015E0,KIWOOM 엔비디아미국30년국채혼합액티브(H),10545.0,1535.0,1535.0,16186575.0,16186575.0,KOSPI,0.72
090355,노루페인트우,11350.0,391.0,391.0,4437850.0,4437850.0,KOSPI,-5.26
413220,SOL 차이나태양광CSI(합성),4370.0,2041.0,2041.0,8919170.0,8919170.0,KOSPI,-1.69
0174J0,DAISHIN 오피스리츠플러스,8720.0,20069.0,20069.0,175001680.0,175001680.0,KOSPI,0.58
483030,KIWOOM 미국블록버스터바이오테크의약품+,11590.0,1642.0,1642.0,19030780.0,19030780.0,KOSPI,-1.61
295000,RISE 국채선물10년,51005.0,4.0,4.0,204020.0,204020.0,KOSPI,0.02
530062,삼성 인버스 2X 은 선물 ETN(H),39.0,298007.0,298007.0,11622273.0,11622273.0,KOSPI,0.0
476310,RISE 글로벌비만산업TOP2+,9215.0,1140.0,1140.0,10505100.0,10505100.0,KOSPI,-3.2
0132D0,KoAct 글로벌K컬처밸류체인액티브,9060.0,1165.0,1165.0,10554900.0,10554900.0,KOSPI,-1.36
291630,KIWOOM 코스닥150선물레버리지,3435.0,66019.0,66019.0,226775265.0,226775265.0,KOSPI,-1.86
0154H0,KoAct 차이나바이오헬스케어액티브,9035.0,822.0,822.0,7426770.0,7426770.0,KOSPI,-3.11
002995,금호건설우,17000.0,4613.0,4613.0,78421000.0,78421000.0,KOSPI,1.67
411860,KIWOOM 독일DAX,16280.0,599.0,599.0,9751720.0,9751720.0,KOSPI,-1.63
0015K0,TIGER 미국소비트렌드액티브,6935.0,6235.0,6235.0,43239725.0,43239725.0,KOSPI,-0.29
0073X0,FOCUS 알리바바미국채커버드콜혼합,8800.0,356.0,356.0,3132800.0,3132800.0,KOSPI,-1.07
760014,키움 바이오TOP10 ETN,6860.0,47.0,47.0,322420.0,322420.0,KOSPI,-2.28
267440,RISE 미국장기국채선물(H),7995.0,151.0,151.0,1207245.0,1207245.0,KOSPI,-0.06
490330,KoAct 미국치매&뇌질환치료제액티브,13585.0,1204.0,1204.0,16356340.0,16356340.0,KOSPI,-2.37
498610,RISE 인도디지털성장,7810.0,85.0,85.0,663850.0,663850.0,KOSPI,-2.01
474390,SOL 국고채30년액티브,40465.0,129.0,129.0,5219985.0,5219985.0,KOSPI,0.0
0128D0,PLUS 차이나항셍테크위클리타겟커버드콜,6585.0,2128.0,2128.0,14012880.0,14012880.0,KOSPI,-0.68
266550,PLUS 중형주저변동50,18410.0,2.0,2.0,36820.0,36820.0,KOSPI,0.38
391600,ACE 미국친환경그린테마,10115.0,161.0,161.0,1628515.0,1628515.0,KOSPI,-1.7
0078V0,PLUS 미국로보택시,9100.0,541.0,541.0,4923100.0,4923100.0,KOSPI,-0.33
610029,메리츠 인버스 2X 구리 선물 ETN(H),4545.0,3915.0,3915.0,17793675.0,17793675.0,KOSPI,-3.09
550070,N2 인버스 레버리지 구리 선물 ETN(H),4535.0,10.0,10.0,45350.0,45350.0,KOSPI,-2.99
227560,TIGER 200 생활소비재,12520.0,29238.0,29238.0,366059760.0,366059760.0,KOSPI,0.36
000545,흥국화재우,5790.0,348.0,348.0,2014920.0,2014920.0,KOSPI,-0.34
488200,KIWOOM K-2차전지북미공급망,12550.0,1452.0,1452.0,18222600.0,18222600.0,KOSPI,1.05
205720,ACE 일본TOPIX인버스(합성 H),1442.0,12271.0,12271.0,17694782.0,17694782.0,KOSPI,-0.89
000145,하이트진로홀딩스우,9190.0,501.0,501.0,4604190.0,4604190.0,KOSPI,0.0
530125,삼성 인버스 2X 일본니케이225선물 ETN(H),4225.0,2654.0,2654.0,11213150.0,11213150.0,KOSPI,-2.76
277650,TIGER 코스피중형주,21060.0,151.0,151.0,3180060.0,3180060.0,KOSPI,0.31
373790,KIWOOM 미국방어배당성장나스닥,14945.0,231.0,231.0,3452295.0,3452295.0,KOSPI,-2.16
0050E0,PLUS 미국AI에이전트,8235.0,3393.0,3393.0,27941355.0,27941355.0,KOSPI,0.06
334690,RISE 팔라듐선물(H),5835.0,8095.0,8095.0,47234325.0,47234325.0,KOSPI,-0.85
009415,태영건설우,6270.0,378.0,378.0,2370060.0,2370060.0,KOSPI,-1.88
0131A0,SOL 차이나소비트렌드,7210.0,25430.0,25430.0,183350300.0,183350300.0,KOSPI,-2.9
226380,ACE Fn성장소비주도주,5660.0,90.0,90.0,509400.0,509400.0,KOSPI,-0.09
005965,동부건설우,17300.0,124.0,124.0,2145200.0,2145200.0,KOSPI,-0.69
291680,RISE 차이나H선물인버스(H),7785.0,20.0,20.0,155700.0,155700.0,KOSPI,-1.33
36328K,티와이홀딩스우,3200.0,3119.0,3119.0,9980800.0,9980800.0,KOSPI,16.79
225030,TIGER 미국S&P500선물인버스(H),2240.0,11414.0,11414.0,25567360.0,25567360.0,KOSPI,-1.1
252420,RISE 200선물인버스2X,73.0,5115084.0,5115084.0,373401132.0,373401132.0,KOSPI,-1.35
243890,TIGER 200에너지화학레버리지,8080.0,50221.0,50221.0,405785680.0,405785680.0,KOSPI,-0.8
014825,동원시스템즈우,13310.0,182.0,182.0,2422420.0,2422420.0,KOSPI,1.6
500041,신한 인버스 2X 구리 선물 ETN,700.0,40530.0,40530.0,28371000.0,28371000.0,KOSPI,-4.89
427120,RISE AI플랫폼,5120.0,12515.0,12515.0,64076800.0,64076800.0,KOSPI,1.89
267490,RISE 미국장기국채선물레버리지(합성 H),4910.0,8.0,8.0,39280.0,39280.0,KOSPI,-0.1
007575,일양약품우,7650.0,195.0,195.0,1491750.0,1491750.0,KOSPI,-0.39
570023,한투 인버스2XS&P500선물 ETN(H),664.0,10629.0,10629.0,7057656.0,7057656.0,KOSPI,-2.21
0079X0,ACE BYD밸류체인액티브,9430.0,3514.0,3514.0,33137020.0,33137020.0,KOSPI,-2.28
014285,금강공업우,5490.0,413.0,413.0,2267370.0,2267370.0,KOSPI,6.4
321410,KODEX 멀티에셋하이인컴(H),10535.0,58.0,58.0,611030.0,611030.0,KOSPI,0.05
005745,크라운해태홀딩스우,5250.0,137.0,137.0,719250.0,719250.0,KOSPI,1.16
306530,HANARO 코스닥150선물레버리지,6840.0,11389.0,11389.0,77900760.0,77900760.0,KOSPI,-1.72
454180,KIWOOM 차이나내수소비TOP CSI,7330.0,903.0,903.0,6618990.0,6618990.0,KOSPI,-0.41
014915,성문전자우,4850.0,1324.0,1324.0,6421400.0,6421400.0,KOSPI,3.08
491630,RISE 미국반도체인버스(합성 H),4975.0,14158.0,14158.0,70436050.0,70436050.0,KOSPI,-2.45
476000,UNICORN 포스트IPO액티브,5095.0,492.0,492.0,2506740.0,2506740.0,KOSPI,1.39
280940,KODEX 골드선물인버스(H),3455.0,928.0,928.0,3206240.0,3206240.0,KOSPI,0.44
145670,ACE 인버스,1245.0,131763.0,131763.0,164044935.0,164044935.0,KOSPI,-0.16
252410,RISE 200선물인버스,1265.0,24444.0,24444.0,30921660.0,30921660.0,KOSPI,-0.39
488210,KIWOOM K-반도체북미공급망,25860.0,3243.0,3243.0,83863980.0,83863980.0,KOSPI,0.92
000227,유유제약2우B,7690.0,421.0,421.0,3237490.0,3237490.0,KOSPI,-2.29
291620,KIWOOM 코스닥150선물인버스,4315.0,7036.0,7036.0,30360340.0,30360340.0,KOSPI,0.82
275750,RISE 코스닥150선물인버스,2460.0,2061.0,2061.0,5070060.0,5070060.0,KOSPI,0.61
253230,KIWOOM 200선물인버스2X,70.0,4868587.0,4868587.0,340801090.0,340801090.0,KOSPI,-1.41
580033,KB 인버스 2X 구리 선물 ETN(H),4585.0,3638.0,3638.0,16680230.0,16680230.0,KOSPI,-2.76
500051,신한 인버스 2X S&P500 선물 ETN,1138.0,2.0,2.0,2276.0,2276.0,KOSPI,-3.48
001525,동양우,8430.0,6311.0,6311.0,53201730.0,53201730.0,KOSPI,-1.06
280320,ACE 미국IT인터넷(합성 H),22110.0,5858.0,5858.0,129520380.0,129520380.0,KOSPI,3.39
008355,남선알미우,7100.0,152.0,152.0,1079200.0,1079200.0,KOSPI,1.57
334700,RISE 팔라듐선물인버스(H),3340.0,162.0,162.0,541080.0,541080.0,KOSPI,1.37
500030,신한 인버스 2X 은 선물 ETN(H),57.0,114564.0,114564.0,6530148.0,6530148.0,KOSPI,1.79
700018,하나 인버스 2X 코스닥150 선물 ETN,1794.0,6823.0,6823.0,12240462.0,12240462.0,KOSPI,1.36
570070,한투 인버스2X플래티넘선물 ETN,1652.0,5.0,5.0,8260.0,8260.0,KOSPI,-1.14
253240,KIWOOM 200선물인버스,1260.0,17845.0,17845.0,22484700.0,22484700.0,KOSPI,-0.47
306520,HANARO 200선물인버스,2290.0,30395.0,30395.0,69604550.0,69604550.0,KOSPI,-0.65
253160,PLUS 200선물인버스2X,142.0,1570562.0,1570562.0,223019804.0,223019804.0,KOSPI,-3.4
004545,깨끗한나라우,3305.0,935.0,935.0,3090175.0,3090175.0,KOSPI,-6.37
011155,CJ씨푸드1우,5890.0,1062.0,1062.0,6255180.0,6255180.0,KOSPI,4.06
261920,ACE MSCI필리핀(합성),11550.0,649.0,649.0,7495950.0,7495950.0,KOSPI,-1.62
500038,신한 인버스 2X 금 선물 ETN,1098.0,13.0,13.0,14274.0,14274.0,KOSPI,-0.99
001527,동양2우B,5180.0,3543.0,3543.0,18352740.0,18352740.0,KOSPI,-1.15
412560,TIGER BBIG레버리지,1553.0,12227.0,12227.0,18988531.0,18988531.0,KOSPI,1.11
004415,서울식품우,4305.0,1049.0,1049.0,4515945.0,4515945.0,KOSPI,-0.12
002785,진흥기업우B,10390.0,1170.0,1170.0,12156300.0,12156300.0,KOSPI,-0.29
465620,ACE 미국빅테크TOP7 Plus인버스(합성),6395.0,26.0,26.0,166270.0,166270.0,KOSPI,0.87
002787,진흥기업2우B,14120.0,1357.0,1357.0,19160840.0,19160840.0,KOSPI,-3.55
196170,알테오젠,249500.0,276847.0,574977.0,69073326500.0,143456761500.0,KOSDAQ,-2.16
086520,에코프로,80200.0,337516.0,642640.0,27068783200.0,51539728000.0,KOSDAQ,0.38
247540,에코프로비엠,104600.0,274754.0,400132.0,28739268400.0,41853807200.0,KOSDAQ,1.16
036930,주성엔지니어링,203500.0,894576.0,894576.0,182046216000.0,182046216000.0,KOSDAQ,-0.97
277810,레인보우로보틱스,442000.0,59474.0,109708.0,26287508000.0,48490936000.0,KOSDAQ,0.57
240810,원익IPS,130500.0,1374219.0,1374219.0,179335579500.0,179335579500.0,KOSDAQ,1.16
039030,이오테크닉스,476500.0,80702.0,119686.0,38454503000.0,57030379000.0,KOSDAQ,-1.55
058470,리노공업,75500.0,1795192.0,3082455.0,135536996000.0,232725352500.0,KOSDAQ,8.17
222800,심텍,148900.0,1870126.0,3725486.0,278461761400.0,554724865400.0,KOSDAQ,13.93
403870,HPSP,54100.0,1276316.0,1276316.0,69048695600.0,69048695600.0,KOSDAQ,-1.1
108490,로보티즈,302500.0,280855.0,618391.0,84958637500.0,187063277500.0,KOSDAQ,-1.14
095340,ISC,207500.0,226430.0,367519.0,46984225000.0,76260192500.0,KOSDAQ,4.22
028300,HLB,31150.0,576275.0,1127527.0,17950966250.0,35122466050.0,KOSDAQ,-2.5
319660,피에스케이,131900.0,222893.0,429914.0,29399586700.0,56705656600.0,KOSDAQ,-3.65
000250,삼천당제약,161800.0,65829.0,113037.0,10651132200.0,18289386600.0,KOSDAQ,0.06
440110,파두,72300.0,638496.0,638496.0,46163260800.0,46163260800.0,KOSDAQ,10.38
084370,유진테크,150200.0,151003.0,245750.0,22680650600.0,36911650000.0,KOSDAQ,6.98
031980,피에스케이홀딩스,158200.0,174414.0,174414.0,27592294800.0,27592294800.0,KOSDAQ,-6.94
214450,파마리서치,323500.0,60271.0,89501.0,19497668500.0,28953573500.0,KOSDAQ,-0.46
087010,펩트론,143800.0,244757.0,411498.0,35196056600.0,59173412400.0,KOSDAQ,-10.9
131290,티에스이,281000.0,97212.0,97212.0,27316572000.0,27316572000.0,KOSDAQ,4.27
064760,티씨케이,273500.0,36106.0,51700.0,9874991000.0,14139950000.0,KOSDAQ,2.24
067310,하나마이크론,45950.0,3844529.0,3844529.0,176656107550.0,176656107550.0,KOSDAQ,2.57
141080,리가켐바이오,80100.0,152873.0,249948.0,12245127300.0,20020834800.0,KOSDAQ,-2.2
095610,테스,148600.0,173613.0,173613.0,25798891800.0,25798891800.0,KOSDAQ,-0.67
298380,에이비엘바이오,51100.0,457081.0,927125.0,23356839100.0,47376087500.0,KOSDAQ,-5.19
010170,대한광통신,17850.0,10766623.0,10766623.0,192184220550.0,192184220550.0,KOSDAQ,0.73
310210,보로노이,149600.0,102351.0,146172.0,15311709600.0,21867331200.0,KOSDAQ,-3.23
357780,솔브레인,338000.0,15954.0,23634.0,5392452000.0,7988292000.0,KOSDAQ,-0.88
080220,제주반도체,76300.0,1444233.0,1444233.0,110194977900.0,110194977900.0,KOSDAQ,1.46
257720,실리콘투,39950.0,859673.0,1392043.0,34343936350.0,55612117850.0,KOSDAQ,-2.68
140410,메지온,78800.0,101901.0,101901.0,8029798800.0,8029798800.0,KOSDAQ,-0.63
145020,휴젤,190300.0,204511.0,278741.0,38918443300.0,53044412300.0,KOSDAQ,-7.62
319400,현대무벡스,21350.0,843151.0,843151.0,18001273850.0,18001273850.0,KOSDAQ,-0.7
226950,올릭스,102800.0,181195.0,280211.0,18626846000.0,28805690800.0,KOSDAQ,-3.11
032820,우리기술,13430.0,5641883.0,5641883.0,75770488690.0,75770488690.0,KOSDAQ,0.22
005290,동진쎄미켐,43150.0,329055.0,736837.0,14198723250.0,31794516550.0,KOSDAQ,1.41
058610,에스피지,99100.0,200795.0,494072.0,19898784500.0,48962535200.0,KOSDAQ,-0.7
263750,펄어비스,33950.0,218977.0,358732.0,7434269150.0,12178951400.0,KOSDAQ,-2.3
214370,케어젠,39050.0,55039.0,90930.0,2149272950.0,3550816500.0,KOSDAQ,-3.1
043260,성호전자,27050.0,5476915.0,5476915.0,148150550750.0,148150550750.0,KOSDAQ,0.74
030530,원익홀딩스,26350.0,1212583.0,1212583.0,31951562050.0,31951562050.0,KOSDAQ,-2.04
178320,서진시스템,31800.0,998177.0,998177.0,31742028600.0,31742028600.0,KOSDAQ,-2.15
214150,클래시스,30700.0,90066.0,137922.0,2765026200.0,4234205400.0,KOSDAQ,-0.81
083650,비에이치아이,64200.0,609616.0,1144815.0,39137347200.0,73497123000.0,KOSDAQ,4.39
347850,디앤디파마텍,43000.0,638823.0,638823.0,27469389000.0,27469389000.0,KOSDAQ,-3.59
098460,고영,28900.0,1221883.0,1221883.0,35312418700.0,35312418700.0,KOSDAQ,1.4
041510,에스엠,82400.0,127540.0,154924.0,10509296000.0,12765737600.0,KOSDAQ,-1.44
237690,에스티팜,90200.0,42996.0,86107.0,3878239200.0,7766851400.0,KOSDAQ,-0.88
131970,두산테스나,93200.0,433364.0,1027600.0,40389524800.0,95772320000.0,KOSDAQ,-1.89
089030,테크윙,47850.0,680695.0,680695.0,32571255750.0,32571255750.0,KOSDAQ,-0.31
140860,파크시스템스,252500.0,42138.0,48892.0,10639845000.0,12345230000.0,KOSDAQ,0.2
036540,SFA반도체,10630.0,15069092.0,15069092.0,160184447960.0,160184447960.0,KOSDAQ,0.76
068760,셀트리온제약,39050.0,37004.0,62626.0,1445006200.0,2445545300.0,KOSDAQ,-1.14
060370,LS마린솔루션,33050.0,113089.0,211761.0,3737591450.0,6998701050.0,KOSDAQ,1.38
437730,삼현,53700.0,466358.0,1352217.0,25043424600.0,72614052900.0,KOSDAQ,-3.59
007390,네이처셀,24850.0,115822.0,235824.0,2878176700.0,5860226400.0,KOSDAQ,-0.6
096530,씨젠,34200.0,210566.0,304580.0,7201357200.0,10416636000.0,KOSDAQ,0.29
183300,코미코,30950.0,697800.0,1040386.0,21596910000.0,32199946700.0,KOSDAQ,-2.52
218410,RFHIC,58700.0,582477.0,1302169.0,34191399900.0,76437320300.0,KOSDAQ,-1.68
420770,기가비스,118900.0,376016.0,479809.0,44708302400.0,57049290100.0,KOSDAQ,8.19
089970,브이엠,57200.0,671798.0,1208957.0,38426845600.0,69152340400.0,KOSDAQ,4.76
204270,제이앤티씨,25250.0,1955632.0,1955632.0,49379708000.0,49379708000.0,KOSDAQ,0.2
323280,태성,46550.0,392962.0,857669.0,18292381100.0,39924491950.0,KOSDAQ,2.31
039200,오스코텍,36100.0,68511.0,96189.0,2473247100.0,3472422900.0,KOSDAQ,0.7
0009K0,에임드바이오,21100.0,133603.0,194656.0,2819023300.0,4107241600.0,KOSDAQ,-2.54
078600,대주전자재료,87200.0,108366.0,218611.0,9449515200.0,19062879200.0,KOSDAQ,-1.91
241710,코스메카코리아,127500.0,68370.0,84974.0,8717175000.0,10834185000.0,KOSDAQ,-1.85
035900,JYP Ent.,37750.0,189361.0,292694.0,7148377750.0,11049198500.0,KOSDAQ,-1.18
082920,비츠로셀,29100.0,208083.0,327180.0,6055215300.0,9520938000.0,KOSDAQ,-0.68
950160,코오롱티슈진,15380.0,513023.0,513023.0,7890293740.0,7890293740.0,KOSDAQ,0.92
290650,엘앤씨바이오,46750.0,124256.0,216478.0,5808968000.0,10120346500.0,KOSDAQ,2.07
003380,하림지주,10780.0,343031.0,343031.0,3697874180.0,3697874180.0,KOSDAQ,-0.65
127120,제이에스링크,32450.0,135842.0,274982.0,4408072900.0,8923165900.0,KOSDAQ,-5.53
232140,와이씨,14300.0,7897833.0,7897833.0,112939011900.0,112939011900.0,KOSDAQ,0.35
347700,스피어,22600.0,956085.0,956085.0,21607521000.0,21607521000.0,KOSDAQ,-3.0
950260,인제니아테라퓨틱스(Reg.S),22850.0,5185167.0,5185167.0,118481065950.0,118481065950.0,KOSDAQ,6.28
166090,하나머티리얼즈,57000.0,89873.0,154810.0,5122761000.0,8824170000.0,KOSDAQ,-0.7
195940,HK이노엔,38500.0,97005.0,124786.0,3734692500.0,4804261000.0,KOSDAQ,-0.39
356860,티엘비,44600.0,2484354.0,5045807.0,110802188400.0,225042992200.0,KOSDAQ,17.06
252990,샘씨엔에스,17350.0,697494.0,697494.0,12101520900.0,12101520900.0,KOSDAQ,-4.09
056190,SFA,28000.0,114219.0,211841.0,3198132000.0,5931548000.0,KOSDAQ,-1.75
458870,씨어스,25450.0,214972.0,454873.0,5471037400.0,11576517850.0,KOSDAQ,2.62
293490,카카오게임즈,8920.0,200722.0,200722.0,1790440240.0,1790440240.0,KOSDAQ,0.11
086450,동국제약,20400.0,376760.0,573962.0,7685904000.0,11708824800.0,KOSDAQ,-3.32
101490,에스앤에스텍,43050.0,214304.0,502836.0,9225787200.0,21647089800.0,KOSDAQ,-1.37
417200,LS머트리얼즈,13490.0,1176001.0,1176001.0,15864253490.0,15864253490.0,KOSDAQ,-1.89
100790,미래에셋벤처투자,17180.0,648477.0,648477.0,11140834860.0,11140834860.0,KOSDAQ,2.26
160190,하이젠알앤엠,29300.0,292831.0,292831.0,8579948300.0,8579948300.0,KOSDAQ,-1.84
083450,GST,48950.0,159723.0,326089.0,7818440850.0,15962056550.0,KOSDAQ,1.35
119850,지엔씨에너지,54600.0,776165.0,1559728.0,42378609000.0,85161148800.0,KOSDAQ,4.4
099320,쎄트렉아이,78500.0,67538.0,108156.0,5301733000.0,8490246000.0,KOSDAQ,4.67
327260,RF머트리얼즈,47750.0,794340.0,794340.0,37929735000.0,37929735000.0,KOSDAQ,-2.85
014620,성광벤드,32200.0,173010.0,295712.0,5570922000.0,9521926400.0,KOSDAQ,-1.68
065350,신성델타테크,31000.0,74502.0,144576.0,2309562000.0,4481856000.0,KOSDAQ,1.31
388210,씨엠티엑스,86500.0,99327.0,158732.0,8591785500.0,13730318000.0,KOSDAQ,5.49
035760,CJ ENM,38000.0,62300.0,82848.0,2367400000.0,3148224000.0,KOSDAQ,-1.55
031330,에스에이엠티,8280.0,575845.0,575845.0,4767996600.0,4767996600.0,KOSDAQ,-0.12
115180,큐리언트,22050.0,90826.0,120561.0,2002713300.0,2658370050.0,KOSDAQ,-0.68
445680,큐리옥스바이오시스템즈,47450.0,28415.0,51831.0,1348291750.0,2459380950.0,KOSDAQ,-1.66
032500,케이엠더블유,19340.0,234800.0,500086.0,4541032000.0,9671663240.0,KOSDAQ,0.99
388720,유일로보틱스,68700.0,16246.0,34638.0,1116100200.0,2379630600.0,KOSDAQ,-1.01
036830,솔브레인홀딩스,39400.0,48005.0,62571.0,1891397000.0,2465297400.0,KOSDAQ,-1.75
044490,태웅,40250.0,572188.0,1255437.0,23030567000.0,50531339250.0,KOSDAQ,6.2
053800,안랩,71800.0,119576.0,196855.0,8585556800.0,14134189000.0,KOSDAQ,3.91
122870,와이지엔터테인먼트,42700.0,131351.0,177645.0,5608687700.0,7585441500.0,KOSDAQ,-2.29
425420,티에프이,64400.0,538356.0,859067.0,34670126400.0,55323914800.0,KOSDAQ,10.65
090710,휴림로봇,6430.0,1218855.0,1218855.0,7837237650.0,7837237650.0,KOSDAQ,-1.23
090360,로보스타,78700.0,120607.0,278440.0,9491770900.0,21913228000.0,KOSDAQ,1.68
033100,제룡전기,47750.0,96429.0,188116.0,4604484750.0,8982539000.0,KOSDAQ,1.49
032190,다우데이타,19830.0,36026.0,46894.0,714395580.0,929908020.0,KOSDAQ,-0.6
161580,필옵틱스,32250.0,169895.0,549135.0,5479113750.0,17709603750.0,KOSDAQ,0.16
074600,원익QnC,28750.0,188519.0,327535.0,5419921250.0,9416631250.0,KOSDAQ,0.0
041830,인바디,55100.0,146623.0,184392.0,8078927300.0,10159999200.0,KOSDAQ,-3.84
059090,미코,22200.0,1556517.0,2720552.0,34554677400.0,60396254400.0,KOSDAQ,11.11
189300,인텔리안테크,68700.0,61132.0,102264.0,4199768400.0,7025536800.0,KOSDAQ,0.73
491000,리브스메드,29200.0,121847.0,121847.0,3557932400.0,3557932400.0,KOSDAQ,-1.68
041960,코미팜,9850.0,119451.0,119451.0,1176592350.0,1176592350.0,KOSDAQ,1.34
085660,차바이오텍,7830.0,203083.0,292422.0,1590139890.0,2289664260.0,KOSDAQ,-2.61
064290,인텍플러스,56100.0,695711.0,695711.0,39029387100.0,39029387100.0,KOSDAQ,10.43
295310,에이치브이엠,58300.0,194005.0,349595.0,11310491500.0,20381388500.0,KOSDAQ,-2.18
038500,삼표시멘트,6700.0,284309.0,284309.0,1904870300.0,1904870300.0,KOSDAQ,0.15
213420,덕산네오룩스,28800.0,94678.0,143809.0,2726726400.0,4141699200.0,KOSDAQ,-2.21
251970,펌텍코리아,57600.0,69151.0,81503.0,3983097600.0,4694572800.0,KOSDAQ,-3.52
328130,루닛,9590.0,854510.0,2136530.0,8194750900.0,20489322700.0,KOSDAQ,-8.23
225570,넥슨게임즈,10830.0,119406.0,154174.0,1293166980.0,1669704420.0,KOSDAQ,0.28
476830,알지노믹스,25400.0,200236.0,366276.0,5085994400.0,9303410400.0,KOSDAQ,-4.33
466100,클로봇,22950.0,161827.0,418265.0,3713929650.0,9599181750.0,KOSDAQ,-1.92
023160,태광,27350.0,205539.0,319132.0,5621491650.0,8728260200.0,KOSDAQ,0.18
171090,선익시스템,69700.0,24880.0,42723.0,1734136000.0,2977793100.0,KOSDAQ,-0.29
281740,레이크머티리얼즈,10590.0,250850.0,250850.0,2656501500.0,2656501500.0,KOSDAQ,-0.75
006730,서부T&D,10740.0,298130.0,298130.0,3201916200.0,3201916200.0,KOSDAQ,-2.27
122640,예스티,31600.0,382025.0,382025.0,12071990000.0,12071990000.0,KOSDAQ,-2.77
137400,피엔티,28850.0,142043.0,247694.0,4097940550.0,7145971900.0,KOSDAQ,-1.2
093320,케이아이엔엑스,140000.0,10380.0,11881.0,1453200000.0,1663340000.0,KOSDAQ,1.74
124500,아이티센글로벌,29100.0,184224.0,518970.0,5360918400.0,15102027000.0,KOSDAQ,-3.8
476060,온코닉테라퓨틱스,14710.0,163340.0,379672.0,2402731400.0,5584975120.0,KOSDAQ,-2.26
053610,프로텍,72900.0,97497.0,172607.0,7107531300.0,12583050300.0,KOSDAQ,6.58
048410,현대바이오,6790.0,1016184.0,1016184.0,6899889360.0,6899889360.0,KOSDAQ,-4.23
036810,에프에스티,30250.0,159839.0,291965.0,4835129750.0,8831941250.0,KOSDAQ,0.17
033640,네패스,27500.0,324428.0,582720.0,8921770000.0,16024800000.0,KOSDAQ,-0.18
121600,나노신소재,51400.0,47721.0,73560.0,2452859400.0,3780984000.0,KOSDAQ,-1.15
033790,피노,7520.0,1005538.0,1005538.0,7561645760.0,7561645760.0,KOSDAQ,-2.97
102710,이엔에프테크놀로지,43650.0,54939.0,96111.0,2398087350.0,4195245150.0,KOSDAQ,1.51
253450,스튜디오드래곤,20350.0,41204.0,62536.0,838501400.0,1272607600.0,KOSDAQ,-2.16
046890,서울반도체,10360.0,1567749.0,5978504.0,16241879640.0,61937301440.0,KOSDAQ,2.07
126340,비나텍,83000.0,138954.0,300447.0,11533182000.0,24937101000.0,KOSDAQ,-0.6
222080,SFA넥셀,7600.0,326346.0,326346.0,2480229600.0,2480229600.0,KOSDAQ,-1.3
077360,덕산하이메탈,12930.0,1039077.0,1039077.0,13435265610.0,13435265610.0,KOSDAQ,4.7
253590,네오셈,13240.0,1254338.0,1254338.0,16607435120.0,16607435120.0,KOSDAQ,1.69
050890,쏠리드,9470.0,1355931.0,1355931.0,12840666570.0,12840666570.0,KOSDAQ,1.94
094170,동운아나텍,27500.0,53181.0,130020.0,1462477500.0,3575550000.0,KOSDAQ,-0.9
358570,지아이이노베이션,8840.0,339364.0,527460.0,2999977760.0,4662746400.0,KOSDAQ,-5.86
475830,오름테라퓨틱,25600.0,1450215.0,3605231.0,37125504000.0,92293913600.0,KOSDAQ,-6.23
399720,가온칩스,46750.0,334151.0,1589645.0,15621559250.0,74315903750.0,KOSDAQ,6.49
079940,가비아,41050.0,13128.0,15690.0,538904400.0,644074500.0,KOSDAQ,-1.2
045100,한양이엔지,31450.0,43312.0,90747.0,1362162400.0,2853993150.0,KOSDAQ,-1.26
052400,코나아이,37750.0,35439.0,58426.0,1337822250.0,2205581500.0,KOSDAQ,-0.53
025980,아난티,5520.0,2889184.0,2889184.0,15948295680.0,15948295680.0,KOSDAQ,5.95
490470,세미파이브,15740.0,362466.0,362466.0,5705214840.0,5705214840.0,KOSDAQ,0.96
456160,지투지바이오,31900.0,97411.0,190886.0,3107410900.0,6089263400.0,KOSDAQ,-0.62
144960,뉴파워프라즈마,12080.0,1290477.0,1290477.0,15588962160.0,15588962160.0,KOSDAQ,0.67
060250,NHN KCP,13120.0,200913.0,200913.0,2635978560.0,2635978560.0,KOSDAQ,-0.83
052020,에스티큐브,7700.0,218191.0,218191.0,1680070700.0,1680070700.0,KOSDAQ,-0.13
009520,포스코엠텍,12510.0,87290.0,148924.0,1091997900.0,1863039240.0,KOSDAQ,-0.48
112040,위메이드,15020.0,84445.0,144154.0,1268363900.0,2165193080.0,KOSDAQ,-1.18
101160,월덱스,30650.0,43035.0,73531.0,1319022750.0,2253725150.0,KOSDAQ,-1.92
214430,아이쓰리시스템,69000.0,38359.0,49590.0,2646771000.0,3421710000.0,KOSDAQ,4.55
037460,삼지전자,30550.0,67032.0,67032.0,2047827600.0,2047827600.0,KOSDAQ,0.0
092870,엑시콘,38000.0,281428.0,281428.0,10694264000.0,10694264000.0,KOSDAQ,-0.39
086900,메디톡스,67700.0,18815.0,23862.0,1273775500.0,1615457400.0,KOSDAQ,-0.59
376900,로킷헬스케어,28300.0,94368.0,198617.0,2670614400.0,5620861100.0,KOSDAQ,-3.9
211050,인카금융서비스,10010.0,75265.0,88235.0,753402650.0,883232350.0,KOSDAQ,-1.96
397030,에이프릴바이오,17830.0,113333.0,198105.0,2020727390.0,3532212150.0,KOSDAQ,-3.1
033500,동성화인텍,16290.0,108242.0,144060.0,1763262180.0,2346737400.0,KOSDAQ,-0.97
080580,오킨스전자,23050.0,389292.0,389292.0,8973180600.0,8973180600.0,KOSDAQ,0.0
219130,타이거일렉,76900.0,17496.0,17496.0,1345442400.0,1345442400.0,KOSDAQ,1.59
486990,노타,22550.0,2447794.0,6249131.0,55197754700.0,140917904050.0,KOSDAQ,29.97
041190,우리기술투자,6020.0,11535793.0,11535793.0,69445473860.0,69445473860.0,KOSDAQ,2.73
027360,아주IB투자,3950.0,3114178.0,3114178.0,12301003100.0,12301003100.0,KOSDAQ,-1.25
356680,엑스게이트,16740.0,2544205.0,2544205.0,42589991700.0,42589991700.0,KOSDAQ,-6.17
035890,서희건설,2300.0,308708.0,308708.0,710028400.0,710028400.0,KOSDAQ,0.66
082270,젬백스,10420.0,88292.0,138320.0,920002640.0,1441294400.0,KOSDAQ,-1.61
098120,마이크로컨텍솔,56900.0,123709.0,123709.0,7039042100.0,7039042100.0,KOSDAQ,-1.22
099190,아이센스,15970.0,25085.0,40271.0,400607450.0,643127870.0,KOSDAQ,0.0
034950,한국기업평가,103900.0,574.0,966.0,59638600.0,100367400.0,KOSDAQ,0.39
019210,와이지-원,12670.0,485014.0,485014.0,6145127380.0,6145127380.0,KOSDAQ,-0.08
056080,유진로봇,12310.0,376352.0,376352.0,4632893120.0,4632893120.0,KOSDAQ,-3.75
460930,현대힘스,13120.0,61976.0,134739.0,813125120.0,1767775680.0,KOSDAQ,0.38
015750,성우하이텍,5810.0,208412.0,359194.0,1210873720.0,2086917140.0,KOSDAQ,-1.02
348340,뉴로메카,19800.0,364532.0,364532.0,7217733600.0,7217733600.0,KOSDAQ,-0.55
383310,에코프로에이치엔,21850.0,99353.0,99353.0,2170863050.0,2170863050.0,KOSDAQ,-0.23
386380,스카이랩스,24200.0,4740256.0,4740256.0,114714195200.0,114714195200.0,KOSDAQ,-4.16
024850,HLB이노베이션,14270.0,73780.0,73780.0,1052840600.0,1052840600.0,KOSDAQ,-2.46
125490,한라캐스트,12410.0,3012621.0,3012621.0,37386626610.0,37386626610.0,KOSDAQ,-1.51
089890,코세스,27050.0,138448.0,241417.0,3745018400.0,6530329850.0,KOSDAQ,-1.46
340570,티앤엘,27900.0,73987.0,101238.0,2064237300.0,2824540200.0,KOSDAQ,-1.24
365340,성일하이텍,34600.0,26091.0,55395.0,902748600.0,1916667000.0,KOSDAQ,-1.0
348370,엔켐,20300.0,105769.0,207212.0,2147110700.0,4206403600.0,KOSDAQ,0.5
013030,하이록코리아,37700.0,35414.0,50703.0,1335107800.0,1911503100.0,KOSDAQ,2.17
468530,프로티나,39950.0,96440.0,215176.0,3852778000.0,8596281200.0,KOSDAQ,1.27
069540,빛과전자,3930.0,5129014.0,5129014.0,20157025020.0,20157025020.0,KOSDAQ,-4.38
368770,파이버프로,13460.0,196178.0,196178.0,2640555880.0,2640555880.0,KOSDAQ,0.6
336570,원텍,4920.0,291115.0,291115.0,1432285800.0,1432285800.0,KOSDAQ,0.1
078350,한양디지텍,28700.0,597525.0,928958.0,17148967500.0,26661094600.0,KOSDAQ,1.77
104830,원익머트리얼즈,34700.0,48267.0,78404.0,1674864900.0,2720618800.0,KOSDAQ,-1.28
290550,디케이티,21450.0,291920.0,291920.0,6261684000.0,6261684000.0,KOSDAQ,-1.15
187660,페니트리움바이오,6630.0,1189141.0,1189141.0,7884004830.0,7884004830.0,KOSDAQ,3.59
078340,컴투스,34950.0,83879.0,118352.0,2931571050.0,4136402400.0,KOSDAQ,1.3
278280,천보,34450.0,65001.0,86142.0,2239284450.0,2967591900.0,KOSDAQ,-3.09
067160,SOOP,36700.0,26445.0,36578.0,970531500.0,1342412600.0,KOSDAQ,-0.27
272290,이녹스첨단소재,21050.0,114005.0,213956.0,2399805250.0,4503773800.0,KOSDAQ,0.96
241770,메카로,40650.0,22820.0,37876.0,927633000.0,1539659400.0,KOSDAQ,1.63
204620,글로벌텍스프리,5850.0,706909.0,706909.0,4135417650.0,4135417650.0,KOSDAQ,0.17
332570,PS일렉트로닉스,8880.0,2717234.0,2717234.0,24129037920.0,24129037920.0,KOSDAQ,-4.52
030520,한컴,16530.0,105883.0,145907.0,1750245990.0,2411842710.0,KOSDAQ,-0.84
018290,브이티,11370.0,118279.0,175127.0,1344832230.0,1991193990.0,KOSDAQ,-0.09
376300,디어유,16700.0,47571.0,71280.0,794435700.0,1190376000.0,KOSDAQ,-2.91
477850,마키나락스,22300.0,706251.0,706251.0,15749397300.0,15749397300.0,KOSDAQ,7.47
033160,엠케이전자,15810.0,2188127.0,2188127.0,34594287870.0,34594287870.0,KOSDAQ,7.33
174900,앱클론,19440.0,133396.0,133396.0,2593218240.0,2593218240.0,KOSDAQ,-0.1
101730,위메이드맥스,4625.0,353701.0,1060214.0,1635867125.0,4903489750.0,KOSDAQ,-8.05
089010,켐트로닉스,23050.0,90339.0,204738.0,2082313950.0,4719210900.0,KOSDAQ,-0.43
095660,네오위즈,17800.0,35999.0,42072.0,640782200.0,748881600.0,KOSDAQ,0.51
078130,국일제지,3410.0,66971.0,66971.0,228371110.0,228371110.0,KOSDAQ,-0.73
114810,한솔아이원스,13510.0,105857.0,181075.0,1430128070.0,2446323250.0,KOSDAQ,-2.6
215200,메가스터디교육,36200.0,29526.0,35807.0,1068841200.0,1296213400.0,KOSDAQ,0.0
092730,네오팜,23400.0,53367.0,74835.0,1248787800.0,1751139000.0,KOSDAQ,-0.64
006910,보성파워텍,7620.0,1335928.0,1335928.0,10179771360.0,10179771360.0,KOSDAQ,2.83
170920,엘티씨,35400.0,180155.0,180155.0,6377487000.0,6377487000.0,KOSDAQ,2.02
439960,코스모로보틱스,11510.0,547006.0,547006.0,6296039060.0,6296039060.0,KOSDAQ,-0.35
475960,토모큐브,27500.0,14562.0,30401.0,400455000.0,836027500.0,KOSDAQ,-0.36
092190,서울바이오시스,8000.0,255245.0,255245.0,2041960000.0,2041960000.0,KOSDAQ,-4.99
417840,저스템,16040.0,1407419.0,1407419.0,22575000760.0,22575000760.0,KOSDAQ,7.29
078020,LS증권,6580.0,59677.0,59677.0,392674660.0,392674660.0,KOSDAQ,0.15
042000,카페24,15080.0,60768.0,88067.0,916381440.0,1328050360.0,KOSDAQ,-0.85
0161M0,네오사피엔스,29800.0,13497922.0,13497922.0,402238075600.0,402238075600.0,KOSDAQ,-13.12
052710,아모텍,19370.0,2837584.0,2837584.0,54964002080.0,54964002080.0,KOSDAQ,14.62
003800,에이스침대,32600.0,1700.0,1700.0,55420000.0,55420000.0,KOSDAQ,-0.15
236200,슈프리마,51800.0,29818.0,34619.0,1544572400.0,1793264200.0,KOSDAQ,1.17
018000,유니슨,1234.0,1454483.0,1454483.0,1794832022.0,1794832022.0,KOSDAQ,-0.4
200710,에이디테크놀로지,26400.0,133186.0,440014.0,3516110400.0,11616369600.0,KOSDAQ,0.38
138080,오이솔루션,28550.0,578279.0,578279.0,16509865450.0,16509865450.0,KOSDAQ,4.77
441270,파인엠텍,8340.0,435544.0,812702.0,3632436960.0,6777934680.0,KOSDAQ,-2.57
107640,한중엔시에스,38900.0,101221.0,194616.0,3937496900.0,7570562400.0,KOSDAQ,-4.07
078160,메디포스트,8960.0,58543.0,89889.0,524545280.0,805405440.0,KOSDAQ,-0.33
079370,제우스,11320.0,225278.0,225278.0,2550146960.0,2550146960.0,KOSDAQ,-0.44
025320,시노펙스,3785.0,350477.0,601065.0,1326555445.0,2275031025.0,KOSDAQ,-0.79
348210,넥스틴,33300.0,60434.0,98527.0,2012452200.0,3280949100.0,KOSDAQ,0.91
200470,에이팩트,7950.0,955846.0,955846.0,7598975700.0,7598975700.0,KOSDAQ,-1.24
069080,웹젠,11110.0,65306.0,68233.0,725549660.0,758068630.0,KOSDAQ,0.54
036800,나이스정보통신,7540.0,123755.0,243570.0,933112700.0,1836517800.0,KOSDAQ,-2.08
330860,네패스아크,28050.0,206223.0,206223.0,5784555150.0,5784555150.0,KOSDAQ,1.08
025900,동화기업,6750.0,38350.0,89177.0,258862500.0,601944750.0,KOSDAQ,0.3
448900,한국피아이엠,55800.0,55659.0,128424.0,3105772200.0,7166059200.0,KOSDAQ,-1.41
046970,우리로,7710.0,1942894.0,1942894.0,14979712740.0,14979712740.0,KOSDAQ,-1.41
393890,더블유씨피,9980.0,135533.0,135533.0,1352619340.0,1352619340.0,KOSDAQ,-1.96
452430,사피엔반도체,40900.0,166144.0,510072.0,6795289600.0,20861944800.0,KOSDAQ,7.63
093520,매커스,28350.0,58134.0,105171.0,1648098900.0,2981597850.0,KOSDAQ,2.72
389470,인벤티지랩,25100.0,75412.0,204016.0,1892841200.0,5120801600.0,KOSDAQ,-2.14
064260,다날,4385.0,1705597.0,1705597.0,7479042845.0,7479042845.0,KOSDAQ,-0.45
036620,감성코퍼레이션,3675.0,158795.0,221863.0,583571625.0,815346525.0,KOSDAQ,-2.0
121440,골프존홀딩스,7700.0,6429.0,6429.0,49503300.0,49503300.0,KOSDAQ,-1.16
900290,GRT,3550.0,244385.0,244385.0,867566750.0,867566750.0,KOSDAQ,-3.27
060280,큐렉소,7970.0,199137.0,199137.0,1587121890.0,1587121890.0,KOSDAQ,0.13
455900,엔젤로보틱스,21350.0,21478.0,60317.0,458555300.0,1287767950.0,KOSDAQ,-2.06
456010,아이씨티케이,22650.0,926747.0,926747.0,20990819550.0,20990819550.0,KOSDAQ,6.84
110990,디아이티,17110.0,92051.0,173153.0,1574992610.0,2962647830.0,KOSDAQ,-2.51
159010,아스플로,24250.0,207524.0,207524.0,5032457000.0,5032457000.0,KOSDAQ,8.02
039440,에스티아이,20850.0,95634.0,204772.0,1993968900.0,4269496200.0,KOSDAQ,-2.57
067630,HLB생명과학,2625.0,194750.0,194750.0,511218750.0,511218750.0,KOSDAQ,-1.87
168360,펨트론,14290.0,159462.0,307944.0,2278711980.0,4400519760.0,KOSDAQ,0.7
372320,큐로셀,20950.0,17546.0,32592.0,367588700.0,682802400.0,KOSDAQ,-0.48
215600,신라젠,2240.0,545483.0,545483.0,1221881920.0,1221881920.0,KOSDAQ,1.13
488900,비츠로넥스텍,10640.0,75768.0,153419.0,806171520.0,1632378160.0,KOSDAQ,-1.12
206650,유바이오로직스,8370.0,81082.0,81082.0,678656340.0,678656340.0,KOSDAQ,0.0
012210,삼미금속,13330.0,23219113.0,23219113.0,309510776290.0,309510776290.0,KOSDAQ,19.87
199800,툴젠,34000.0,43410.0,63007.0,1475940000.0,2142238000.0,KOSDAQ,4.29
061970,LB세미콘,4330.0,438401.0,438401.0,1898276330.0,1898276330.0,KOSDAQ,0.0
352480,씨앤씨인터내셔널,22100.0,10431.0,12248.0,230525100.0,270680800.0,KOSDAQ,0.0
482630,삼양엔씨켐,13700.0,117473.0,117473.0,1609380100.0,1609380100.0,KOSDAQ,-0.8
017890,한국알콜,14450.0,65113.0,65113.0,940882850.0,940882850.0,KOSDAQ,2.12
117730,티로보틱스,13230.0,54266.0,127910.0,717939180.0,1692249300.0,KOSDAQ,-0.6
234340,헥토파이낸셜,21300.0,602486.0,602486.0,12832951800.0,12832951800.0,KOSDAQ,0.95
025770,한국정보통신,7940.0,14672.0,14672.0,116495680.0,116495680.0,KOSDAQ,-0.75
035810,이지홀딩스,4585.0,155753.0,155753.0,714127505.0,714127505.0,KOSDAQ,-0.54
071200,인피니트헬스케어,11990.0,53913.0,53913.0,646416870.0,646416870.0,KOSDAQ,-0.42
101930,인화정공,6380.0,9346.0,18385.0,59627480.0,117296300.0,KOSDAQ,-0.62
389500,에스비비테크,43700.0,183217.0,183217.0,8006582900.0,8006582900.0,KOSDAQ,3.07
042370,비츠로테크,11080.0,1656046.0,1656046.0,18348989680.0,18348989680.0,KOSDAQ,1.56
098070,한텍,26050.0,330338.0,597808.0,8605304900.0,15572898400.0,KOSDAQ,6.98
424870,이뮨온시아,3155.0,853385.0,2114710.0,2692429675.0,6671910050.0,KOSDAQ,-4.97
160980,싸이맥스,26350.0,109495.0,109495.0,2885193250.0,2885193250.0,KOSDAQ,0.38
099440,스맥,4185.0,120808.0,120808.0,505581480.0,505581480.0,KOSDAQ,-0.83
036200,유니셈,9300.0,233014.0,517782.0,2167030200.0,4815372600.0,KOSDAQ,-1.9
049070,인탑스,18100.0,76355.0,105310.0,1382025500.0,1906111000.0,KOSDAQ,-0.22
265520,AP시스템,18880.0,60418.0,81508.0,1140691840.0,1538871040.0,KOSDAQ,-0.63
472850,폰드그룹,4930.0,17444.0,35067.0,85998920.0,172880310.0,KOSDAQ,-0.5
054950,제이브이엠,23200.0,8615.0,12237.0,199868000.0,283898400.0,KOSDAQ,0.87
136480,하림,2640.0,134321.0,134321.0,354607440.0,354607440.0,KOSDAQ,0.0
024840,KBI메탈,6440.0,8529670.0,8529670.0,54931074800.0,54931074800.0,KOSDAQ,2.06
091580,상신이디피,20950.0,166236.0,166236.0,3482644200.0,3482644200.0,KOSDAQ,-1.87
203650,드림시큐리티,2710.0,3785438.0,3785438.0,10258536980.0,10258536980.0,KOSDAQ,0.93
446540,메가터치,9470.0,560570.0,560570.0,5308597900.0,5308597900.0,KOSDAQ,3.61
092460,한라IMS,16060.0,27328.0,37781.0,438887680.0,606762860.0,KOSDAQ,-1.41
035600,KG이니시스,9970.0,41722.0,59626.0,415968340.0,594471220.0,KOSDAQ,0.0
425040,티이엠씨,12520.0,2260746.0,2260746.0,28304539920.0,28304539920.0,KOSDAQ,-2.34
200670,휴메딕스,24250.0,26951.0,45056.0,653561750.0,1092608000.0,KOSDAQ,-1.62
084110,휴온스글로벌,21500.0,40873.0,57570.0,878769500.0,1237755000.0,KOSDAQ,-1.83
448280,에코아이,9150.0,10248.0,15525.0,93769200.0,142053750.0,KOSDAQ,0.22
228760,지노믹트리,10830.0,159534.0,230248.0,1727753220.0,2493585840.0,KOSDAQ,-3.9
216080,제테마,7210.0,136051.0,136051.0,980927710.0,980927710.0,KOSDAQ,-1.77
484590,삼양컴텍,6470.0,64405.0,64405.0,416700350.0,416700350.0,KOSDAQ,-0.46
294570,쿠콘,26400.0,179611.0,627955.0,4741730400.0,16578012000.0,KOSDAQ,-1.31
036890,진성티이씨,12050.0,38727.0,64065.0,466660350.0,771983250.0,KOSDAQ,0.0
068930,디지털대성,9540.0,411748.0,411748.0,3928075920.0,3928075920.0,KOSDAQ,9.15
086390,유니테스트,12450.0,239365.0,502446.0,2980094250.0,6255452700.0,KOSDAQ,-3.19
043150,바텍,17650.0,14129.0,19722.0,249376850.0,348093300.0,KOSDAQ,0.28
151860,KG에코솔루션,5500.0,45361.0,45361.0,249485500.0,249485500.0,KOSDAQ,0.55
091700,파트론,5230.0,68954.0,68954.0,360629420.0,360629420.0,KOSDAQ,0.19
317330,덕산테코피아,12760.0,29830.0,65516.0,380630800.0,835984160.0,KOSDAQ,0.47
0011T0,채비,5560.0,206176.0,206176.0,1146338560.0,1146338560.0,KOSDAQ,0.72
060720,KH바텍,11020.0,243068.0,243068.0,2678609360.0,2678609360.0,KOSDAQ,0.18
287840,인투셀,17300.0,72000.0,128290.0,1245600000.0,2219417000.0,KOSDAQ,0.0
267980,매일유업,33850.0,2518.0,3113.0,85234300.0,105375050.0,KOSDAQ,-0.29
051500,CJ프레시웨이,21850.0,7649.0,10865.0,167130650.0,237400250.0,KOSDAQ,0.46
378340,필에너지,11970.0,35605.0,77240.0,426191850.0,924562800.0,KOSDAQ,-2.68
452280,한선엔지니어링,13440.0,896092.0,896092.0,12043476480.0,12043476480.0,KOSDAQ,-0.07
439090,마녀공장,15550.0,55695.0,130885.0,866057250.0,2035261750.0,KOSDAQ,-0.45
394280,오픈엣지테크놀로지,9640.0,251560.0,1298172.0,2425038400.0,12514378080.0,KOSDAQ,4.9
377450,리파인,14620.0,15190.0,15190.0,222077800.0,222077800.0,KOSDAQ,0.07
067390,아스트,6000.0,90491.0,90491.0,542946000.0,542946000.0,KOSDAQ,1.18
461300,아이스크림미디어,18900.0,14385.0,14385.0,271876500.0,271876500.0,KOSDAQ,1.72
304360,에스바이오메딕스,20150.0,18621.0,27844.0,375213150.0,561056600.0,KOSDAQ,-2.66
023410,유진기업,3245.0,182227.0,182227.0,591326615.0,591326615.0,KOSDAQ,-0.31
094360,칩스앤미디어,11670.0,142792.0,349512.0,1666382640.0,4078805040.0,KOSDAQ,-2.51
484120,도우인시스,22700.0,65464.0,93301.0,1486032800.0,2117932700.0,KOSDAQ,-3.2
089980,상아프론테크,15490.0,42218.0,96446.0,653956820.0,1493948540.0,KOSDAQ,-2.33
042520,한스바이오메드,17350.0,94081.0,120331.0,1632305350.0,2087742850.0,KOSDAQ,-2.09
073490,LIG아큐버,32300.0,42301.0,42301.0,1366322300.0,1366322300.0,KOSDAQ,1.73
376270,HEM파마,33750.0,2634.0,6037.0,88897500.0,203748750.0,KOSDAQ,-0.59
011560,세보엠이씨,24100.0,47952.0,47952.0,1155643200.0,1155643200.0,KOSDAQ,-2.23
064820,케이프,7850.0,31053.0,58370.0,243766050.0,458204500.0,KOSDAQ,-1.01
047920,HLB제약,7370.0,341751.0,1233628.0,2518704870.0,9091838360.0,KOSDAQ,-3.66
036030,케이티알파,4920.0,40026.0,40026.0,196927920.0,196927920.0,KOSDAQ,1.44
272110,케이엔제이,29950.0,94412.0,94412.0,2827639400.0,2827639400.0,KOSDAQ,0.17
108860,셀바스AI,8910.0,308869.0,1836326.0,2752022790.0,16361664660.0,KOSDAQ,1.95
445090,에이직랜드,21900.0,30564.0,105158.0,669351600.0,2302960200.0,KOSDAQ,2.1
019010,베뉴지,4950.0,257908.0,257908.0,1276644600.0,1276644600.0,KOSDAQ,1.23
354320,알멕,37200.0,128115.0,128115.0,4765878000.0,4765878000.0,KOSDAQ,6.74
493280,아이엠바이오로직스,15910.0,478429.0,478429.0,7611805390.0,7611805390.0,KOSDAQ,14.46
389650,넥스트바이오메디컬,28450.0,25180.0,37794.0,716371000.0,1075239300.0,KOSDAQ,-0.7
254490,미래반도체,16270.0,126711.0,126711.0,2061587970.0,2061587970.0,KOSDAQ,0.25
043370,피에이치에이,11140.0,23987.0,27968.0,267215180.0,311563520.0,KOSDAQ,-0.09
065680,우주일렉트로,25300.0,147693.0,220759.0,3736632900.0,5585202700.0,KOSDAQ,14.48
180400,DXVX,2370.0,31766.0,31766.0,75285420.0,75285420.0,KOSDAQ,2.16
045390,대아티아이,3295.0,1995929.0,1995929.0,6576586055.0,6576586055.0,KOSDAQ,-1.05
065710,서호전기,44700.0,11065.0,11065.0,494605500.0,494605500.0,KOSDAQ,-1.11
389260,대명에너지,12780.0,72500.0,72500.0,926550000.0,926550000.0,KOSDAQ,-1.92
100120,뷰웍스,25400.0,24511.0,24511.0,622579400.0,622579400.0,KOSDAQ,0.0
243070,휴온스,19000.0,63191.0,103861.0,1200629000.0,1973359000.0,KOSDAQ,-2.51
215000,골프존,35750.0,29613.0,39062.0,1058664750.0,1396466500.0,KOSDAQ,0.28
085910,네오티스,16150.0,781638.0,781638.0,12623453700.0,12623453700.0,KOSDAQ,14.46
0008Z0,에스엔시스,23550.0,11196.0,20450.0,263665800.0,481597500.0,KOSDAQ,0.86
200130,콜마비앤에이치,7720.0,36909.0,47606.0,284937480.0,367518320.0,KOSDAQ,0.0
036710,심텍홀딩스,4205.0,1394389.0,1394389.0,5863405745.0,5863405745.0,KOSDAQ,7.0
481070,에이유브랜즈,15490.0,14680.0,24184.0,227393200.0,374610160.0,KOSDAQ,-4.38
023760,한국캐피탈,1404.0,62856.0,62856.0,88249824.0,88249824.0,KOSDAQ,-0.5
114190,강원에너지,8480.0,47679.0,101913.0,404317920.0,864222240.0,KOSDAQ,-0.12
144510,지씨셀,13970.0,56306.0,73217.0,786594820.0,1022841490.0,KOSDAQ,-1.83
314130,지놈앤컴퍼니,4215.0,807851.0,807851.0,3405091965.0,3405091965.0,KOSDAQ,5.64
190510,나무가,15640.0,72996.0,178352.0,1141657440.0,2789425280.0,KOSDAQ,-2.19
462350,이노스페이스,6500.0,203019.0,203019.0,1319623500.0,1319623500.0,KOSDAQ,-1.66
416180,신성에스티,24350.0,9721.0,23235.0,236706350.0,565772250.0,KOSDAQ,2.1
005710,대원산업,10960.0,10691.0,13173.0,117173360.0,144376080.0,KOSDAQ,0.37
237880,클리오,12030.0,45406.0,78563.0,546234180.0,945112890.0,KOSDAQ,-1.23
094480,갤럭시아머니트리,5540.0,531127.0,531127.0,2942443580.0,2942443580.0,KOSDAQ,-2.46
241520,DSC인베스트먼트,8170.0,132230.0,132230.0,1080319100.0,1080319100.0,KOSDAQ,1.24
125020,티씨머티리얼즈,6200.0,926827.0,926827.0,5746327400.0,5746327400.0,KOSDAQ,-1.12
298830,슈어소프트테크,4045.0,122619.0,122619.0,495993855.0,495993855.0,KOSDAQ,-1.1
462860,더즌,3005.0,3250164.0,3250164.0,9766742820.0,9766742820.0,KOSDAQ,-3.06
0001A0,덕양에너젠,8440.0,66637.0,66637.0,562416280.0,562416280.0,KOSDAQ,-0.35
475400,씨메스로보틱스,18110.0,33016.0,72056.0,597919760.0,1304934160.0,KOSDAQ,-2.21
018310,삼목에스폼,14520.0,12103.0,15538.0,175735560.0,225611760.0,KOSDAQ,-1.22
064850,에프앤가이드,18680.0,38971.0,38971.0,727978280.0,727978280.0,KOSDAQ,-1.68
307180,아이엘,5770.0,283191.0,283191.0,1634012070.0,1634012070.0,KOSDAQ,0.35
064550,바이오니아,8240.0,318987.0,536148.0,2628452880.0,4417859520.0,KOSDAQ,-3.4
243840,신흥에스이씨,5510.0,92090.0,92090.0,507415900.0,507415900.0,KOSDAQ,-0.18
290690,아리바이오홀딩스,3970.0,609639.0,609639.0,2420266830.0,2420266830.0,KOSDAQ,1.02
032580,피델릭스,6350.0,1043677.0,1043677.0,6627348950.0,6627348950.0,KOSDAQ,-3.05
950170,JTC,4280.0,23299.0,23299.0,99719720.0,99719720.0,KOSDAQ,0.23
112290,와이씨켐,10300.0,121881.0,121881.0,1255374300.0,1255374300.0,KOSDAQ,0.59
036190,금화피에스시,34650.0,3276.0,3276.0,113513400.0,113513400.0,KOSDAQ,1.91
365270,큐라클,9360.0,84514.0,84514.0,791051040.0,791051040.0,KOSDAQ,2.63
049430,코메론,22900.0,26135.0,26135.0,598491500.0,598491500.0,KOSDAQ,-0.22
014940,오리엔탈정공,4545.0,60791.0,60791.0,276295095.0,276295095.0,KOSDAQ,0.11
353810,이지바이오,6250.0,58977.0,58977.0,368606250.0,368606250.0,KOSDAQ,-0.32
067080,대화제약,11090.0,34554.0,83414.0,383203860.0,925061260.0,KOSDAQ,2.02
206640,바디텍메드,9390.0,36289.0,56191.0,340753710.0,527633490.0,KOSDAQ,-0.63
382900,범한퓨얼셀,23450.0,105469.0,304037.0,2473248050.0,7129667650.0,KOSDAQ,-3.3
199430,케이엔알시스템,18270.0,78852.0,185840.0,1440626040.0,3395296800.0,KOSDAQ,-2.3
058970,엠로,16470.0,27862.0,109903.0,458887140.0,1810102410.0,KOSDAQ,0.24
388050,지투파워,10880.0,2726581.0,2726581.0,29665201280.0,29665201280.0,KOSDAQ,5.73
126730,코칩,23200.0,587760.0,587760.0,13636032000.0,13636032000.0,KOSDAQ,-0.85
061090,세나테크놀로지,37200.0,6002.0,15737.0,223274400.0,585416400.0,KOSDAQ,-1.06
099430,바이오플러스,3290.0,96538.0,96538.0,317610020.0,317610020.0,KOSDAQ,-0.75
459510,나우로보틱스,15610.0,24636.0,64092.0,384567960.0,1000476120.0,KOSDAQ,-0.89
095500,미래나노텍,6520.0,56456.0,110355.0,368093120.0,719514600.0,KOSDAQ,-0.31
053300,한국정보인증,5060.0,134515.0,134515.0,680645900.0,680645900.0,KOSDAQ,-0.78
046120,오르비텍,5880.0,1382828.0,1382828.0,8131028640.0,8131028640.0,KOSDAQ,5.57
314930,바이오다인,6670.0,30594.0,58628.0,204061980.0,391048760.0,KOSDAQ,-2.2
053030,바이넥스,6010.0,88561.0,136201.0,532251610.0,818568010.0,KOSDAQ,-2.12
450950,아스테라시스,5200.0,23522.0,31698.0,122314400.0,164829600.0,KOSDAQ,0.97
417030,니어스랩,33750.0,281894.0,281894.0,9513922500.0,9513922500.0,KOSDAQ,-2.32
217730,강스템바이오텍,2065.0,292770.0,292770.0,604570050.0,604570050.0,KOSDAQ,-2.59
078150,HB테크놀러지,2035.0,1300526.0,1300526.0,2646570410.0,2646570410.0,KOSDAQ,-1.45
123330,제닉,24200.0,237120.0,237120.0,5738304000.0,5738304000.0,KOSDAQ,0.21
304100,솔트룩스,15270.0,128995.0,525496.0,1969753650.0,8024323920.0,KOSDAQ,2.41
005160,동국산업,3540.0,12346663.0,12346663.0,43707187020.0,43707187020.0,KOSDAQ,9.26
013120,동원개발,2100.0,40277.0,40277.0,84581700.0,84581700.0,KOSDAQ,0.48
036560,KZ정밀,12090.0,9266.0,9266.0,112025940.0,112025940.0,KOSDAQ,0.25
452450,피아이이,5280.0,247424.0,247424.0,1306398720.0,1306398720.0,KOSDAQ,1.73
034810,해성산업,5980.0,12023.0,12023.0,71897540.0,71897540.0,KOSDAQ,0.0
042420,네오위즈홀딩스,23150.0,8494.0,8494.0,196636100.0,196636100.0,KOSDAQ,2.21
115450,HLB테라퓨틱스,1990.0,198099.0,198099.0,394217010.0,394217010.0,KOSDAQ,-1.0
192440,슈피겐코리아,30250.0,4825.0,4825.0,145956250.0,145956250.0,KOSDAQ,1.85
052330,코텍,10570.0,10256.0,10256.0,108405920.0,108405920.0,KOSDAQ,-0.28
066620,국보디자인,25000.0,2836.0,2836.0,70900000.0,70900000.0,KOSDAQ,2.04
024060,흥구석유,12490.0,1514783.0,1514783.0,18919639670.0,18919639670.0,KOSDAQ,-2.8
484810,티엑스알로보틱스,12120.0,89269.0,89269.0,1081940280.0,1081940280.0,KOSDAQ,-1.3
126600,BGF에코머티리얼즈,2980.0,46966.0,46966.0,139958680.0,139958680.0,KOSDAQ,-2.77
086670,비엠티,18820.0,117406.0,117406.0,2209580920.0,2209580920.0,KOSDAQ,1.73
083310,엘오티베큠,10460.0,117923.0,117923.0,1233474580.0,1233474580.0,KOSDAQ,1.45
256840,한국비엔씨,2700.0,1581899.0,1581899.0,4271127300.0,4271127300.0,KOSDAQ,-7.22
094820,일진파워,12240.0,98945.0,98945.0,1211086800.0,1211086800.0,KOSDAQ,1.58
194700,노바렉스,10090.0,49610.0,83335.0,500564900.0,840850150.0,KOSDAQ,-1.37
143240,사람인,17150.0,5435.0,5435.0,93210250.0,93210250.0,KOSDAQ,-0.75
084850,아이티엠반도체,8060.0,26350.0,39332.0,212381000.0,317015920.0,KOSDAQ,-0.25
230240,에치에프알,13720.0,173556.0,173556.0,2381188320.0,2381188320.0,KOSDAQ,5.05
308430,셀비온,14100.0,19205.0,45128.0,270790500.0,636304800.0,KOSDAQ,4.21
214180,헥토이노베이션,13960.0,30066.0,30066.0,419721360.0,419721360.0,KOSDAQ,0.07
108380,대양전기공업,18940.0,23098.0,29828.0,437476120.0,564942320.0,KOSDAQ,-0.79
176750,듀켐바이오,6360.0,162198.0,1353749.0,1031579280.0,8609843640.0,KOSDAQ,5.82
067290,JW신약,3220.0,3954562.0,3954562.0,12733689640.0,12733689640.0,KOSDAQ,-0.62
102940,코오롱생명과학,13740.0,25608.0,46028.0,351853920.0,632424720.0,KOSDAQ,-0.94
318060,그래피,16050.0,42615.0,42615.0,683970750.0,683970750.0,KOSDAQ,-0.06
051160,지어소프트,11530.0,173405.0,173405.0,1999359650.0,1999359650.0,KOSDAQ,-3.11
293780,압타바이오,6320.0,41199.0,41199.0,260377680.0,260377680.0,KOSDAQ,0.16
403850,더핑크퐁컴퍼니,12340.0,96757.0,214934.0,1193981380.0,2652285560.0,KOSDAQ,-4.78
419530,SAMG엔터,17320.0,29016.0,47089.0,502557120.0,815581480.0,KOSDAQ,-0.29
083930,아바코,12040.0,49078.0,49078.0,590899120.0,590899120.0,KOSDAQ,1.86
464080,에스오에스랩,9750.0,100252.0,100252.0,977457000.0,977457000.0,KOSDAQ,-1.52
138610,나이벡,15300.0,90160.0,366196.0,1379448000.0,5602798800.0,KOSDAQ,3.03
264850,이랜시스,5740.0,211614.0,211614.0,1214664360.0,1214664360.0,KOSDAQ,-0.69
068790,DMS,7800.0,192367.0,192367.0,1500462600.0,1500462600.0,KOSDAQ,7.44
488280,에스투더블유,15980.0,1051258.0,3093397.0,16799102840.0,49432484060.0,KOSDAQ,15.3
405100,큐알티,14020.0,30285.0,30285.0,424595700.0,424595700.0,KOSDAQ,0.5
149950,아바텍,12600.0,402240.0,402240.0,5068224000.0,5068224000.0,KOSDAQ,2.11
340450,지씨지놈,7280.0,808005.0,808005.0,5882276400.0,5882276400.0,KOSDAQ,7.53
194480,데브시스터즈,14130.0,88635.0,107830.0,1252412550.0,1523637900.0,KOSDAQ,-0.7
054210,이랜텍,6780.0,150010.0,150010.0,1017067800.0,1017067800.0,KOSDAQ,-0.73
092130,이크레더블,14230.0,3337.0,3337.0,47485510.0,47485510.0,KOSDAQ,-0.28
143160,아이디스,15940.0,2714.0,2714.0,43261160.0,43261160.0,KOSDAQ,0.19
082800,비보존 제약,2810.0,185182.0,185182.0,520361420.0,520361420.0,KOSDAQ,-2.26
039830,오로라,15780.0,66185.0,66185.0,1044399300.0,1044399300.0,KOSDAQ,-3.9
270660,에브리봇,13370.0,20601.0,43744.0,275435370.0,584857280.0,KOSDAQ,-0.45
274090,켄코아에어로스페이스,12280.0,2832861.0,2832861.0,34787533080.0,34787533080.0,KOSDAQ,0.16
122990,와이솔,6590.0,38096.0,38096.0,251052640.0,251052640.0,KOSDAQ,1.23
199820,제일일렉트릭,7600.0,197909.0,197909.0,1504108400.0,1504108400.0,KOSDAQ,-1.55
032940,원익,9280.0,343662.0,343662.0,3189183360.0,3189183360.0,KOSDAQ,-1.8
086820,바이오솔루션,6480.0,80605.0,80605.0,522320400.0,522320400.0,KOSDAQ,2.05
475040,스트라드비젼,3115.0,695561.0,695561.0,2166672515.0,2166672515.0,KOSDAQ,-2.35
051370,인터플렉스,7180.0,2331316.0,2331316.0,16738848880.0,16738848880.0,KOSDAQ,14.7
038390,레드캡투어,10010.0,5466.0,5466.0,54714660.0,54714660.0,KOSDAQ,0.5
118990,모트렉스,6820.0,86209.0,86209.0,587945380.0,587945380.0,KOSDAQ,0.0
489460,바이오비쥬,11310.0,21505.0,21505.0,243221550.0,243221550.0,KOSDAQ,-0.44
049630,재영솔루텍,7130.0,203570.0,203570.0,1451454100.0,1451454100.0,KOSDAQ,-1.25
0015G0,그린광학,14200.0,55606.0,55606.0,789605200.0,789605200.0,KOSDAQ,-1.39
088800,에이스테크,2200.0,330556.0,330556.0,727223200.0,727223200.0,KOSDAQ,-5.17
204610,티쓰리,2980.0,63078.0,63078.0,187972440.0,187972440.0,KOSDAQ,0.34
012860,모베이스전자,2260.0,307804.0,307804.0,695637040.0,695637040.0,KOSDAQ,-0.44
104480,티케이케미칼,1819.0,154282.0,154282.0,280638958.0,280638958.0,KOSDAQ,-0.87
119830,아이텍,6220.0,96682.0,96682.0,601362040.0,601362040.0,KOSDAQ,0.48
382800,지앤비에스 에코,5170.0,691100.0,691100.0,3572987000.0,3572987000.0,KOSDAQ,-3.36
357550,석경에이티,30150.0,2007.0,3879.0,60511050.0,116951850.0,KOSDAQ,-2.11
0007C0,아크릴,20450.0,1509486.0,1509486.0,30868988700.0,30868988700.0,KOSDAQ,7.29
119610,인터로조,14380.0,39310.0,39310.0,565277800.0,565277800.0,KOSDAQ,3.45
402030,코난테크놀로지,13080.0,18114.0,63053.0,236931120.0,824733240.0,KOSDAQ,1.47
123410,코리아에프티,5870.0,76443.0,76443.0,448720410.0,448720410.0,KOSDAQ,1.03
950140,잉글우드랩,8220.0,6842.0,6842.0,56241240.0,56241240.0,KOSDAQ,-1.2
263860,지니언스,17930.0,237679.0,237679.0,4261584470.0,4261584470.0,KOSDAQ,5.47
260970,에스앤디,56200.0,7090.0,7090.0,398458000.0,398458000.0,KOSDAQ,0.18
123860,아나패스,13350.0,10504.0,10504.0,140228400.0,140228400.0,KOSDAQ,0.0
134580,탑코미디어,3275.0,556662.0,556662.0,1823068050.0,1823068050.0,KOSDAQ,-4.93
355150,코스텍시스,20600.0,130765.0,130765.0,2693759000.0,2693759000.0,KOSDAQ,-1.9
289080,SV인베스트먼트,2665.0,1322201.0,1322201.0,3523665665.0,3523665665.0,KOSDAQ,-0.93
080160,모두투어,8470.0,129851.0,129851.0,1099837970.0,1099837970.0,KOSDAQ,-2.76
234690,녹십자웰빙,8890.0,116124.0,116124.0,1032342360.0,1032342360.0,KOSDAQ,-1.98
474650,링크솔루션,27750.0,28371.0,28371.0,787295250.0,787295250.0,KOSDAQ,-0.89
372170,윤성에프앤씨,20000.0,5212.0,11828.0,104240000.0,236560000.0,KOSDAQ,-0.99
388790,라이콤,5210.0,1199475.0,1199475.0,6249264750.0,6249264750.0,KOSDAQ,-3.52
039860,나노엔텍,4185.0,136039.0,136039.0,569323215.0,569323215.0,KOSDAQ,-0.12
036170,에이치엠넥스,2595.0,465283.0,465283.0,1207409385.0,1207409385.0,KOSDAQ,-9.42
032620,GC메디아이,3050.0,27718.0,27718.0,84539900.0,84539900.0,KOSDAQ,-0.81
041920,메디아나,8560.0,81635.0,81635.0,698795600.0,698795600.0,KOSDAQ,-0.47
024800,유성티엔에스,4500.0,38055.0,38055.0,171247500.0,171247500.0,KOSDAQ,-2.39
0082N0,카나프테라퓨틱스,11910.0,48522.0,48522.0,577897020.0,577897020.0,KOSDAQ,1.62
126700,하이비젼시스템,10590.0,33270.0,33270.0,352329300.0,352329300.0,KOSDAQ,-0.94
013990,아가방컴퍼니,4800.0,49138.0,49138.0,235862400.0,235862400.0,KOSDAQ,1.27
093190,빅솔론,8200.0,11363.0,11363.0,93176600.0,93176600.0,KOSDAQ,0.0
023910,대한약품,26250.0,1133.0,1133.0,29741250.0,29741250.0,KOSDAQ,0.0
072870,메가스터디,13200.0,18990.0,18990.0,250668000.0,250668000.0,KOSDAQ,0.76
093640,케이알엠,4790.0,11530.0,11530.0,55228700.0,55228700.0,KOSDAQ,1.05
264450,유비쿼스,10690.0,105570.0,105570.0,1128543300.0,1128543300.0,KOSDAQ,1.33
226590,엠디바이스,14540.0,100921.0,100921.0,1467391340.0,1467391340.0,KOSDAQ,-1.09
187870,디바이스,11220.0,182478.0,182478.0,2047403160.0,2047403160.0,KOSDAQ,7.16
011040,경동제약,5040.0,21123.0,21123.0,106459920.0,106459920.0,KOSDAQ,0.2
413630,씨피시스템,4245.0,1057758.0,1057758.0,4490182710.0,4490182710.0,KOSDAQ,-3.08
054800,아이디스홀딩스,14910.0,2316.0,2316.0,34531560.0,34531560.0,KOSDAQ,0.88
418550,제이오,4805.0,29979.0,29979.0,144049095.0,144049095.0,KOSDAQ,0.63
432720,퀄리타스반도체,10830.0,281587.0,281587.0,3049587210.0,3049587210.0,KOSDAQ,1.12
054450,텔레칩스,10080.0,143584.0,143584.0,1447326720.0,1447326720.0,KOSDAQ,1.31
163730,핑거,11930.0,406266.0,406266.0,4846753380.0,4846753380.0,KOSDAQ,10.06
222040,코스맥스엔비티,7360.0,95085.0,95085.0,699825600.0,699825600.0,KOSDAQ,-0.94
041520,이엘씨,12440.0,33460.0,33460.0,416242400.0,416242400.0,KOSDAQ,-0.8
041020,폴라리스오피스,3045.0,203318.0,203318.0,619103310.0,619103310.0,KOSDAQ,1.0
007330,푸른저축은행,10010.0,12719.0,12719.0,127317190.0,127317190.0,KOSDAQ,-0.1
205500,넥써쓰,1806.0,113930.0,113930.0,205757580.0,205757580.0,KOSDAQ,-1.58
394800,쓰리빌리언,4730.0,386634.0,807533.0,1828778820.0,3819631090.0,KOSDAQ,0.53
067280,멀티캠퍼스,25300.0,80171.0,80171.0,2028326300.0,2028326300.0,KOSDAQ,9.29
078070,유비쿼스홀딩스,8750.0,24967.0,24967.0,218461250.0,218461250.0,KOSDAQ,0.69
478340,나라스페이스테크놀로지,12820.0,1162479.0,1162479.0,14902980780.0,14902980780.0,KOSDAQ,-7.57
138360,앤로보틱스,1687.0,372247.0,372247.0,627980689.0,627980689.0,KOSDAQ,-1.86
023600,삼보판지,9250.0,4912.0,4912.0,45436000.0,45436000.0,KOSDAQ,2.21
092070,디엔에프,12790.0,22557.0,22557.0,288504030.0,288504030.0,KOSDAQ,1.75
046440,KG파이낸셜,4060.0,52822.0,52822.0,214457320.0,214457320.0,KOSDAQ,0.0
179290,엠아이텍,4525.0,30579.0,30579.0,138369975.0,138369975.0,KOSDAQ,0.44
086890,이수앱지스,3560.0,31877.0,31877.0,113482120.0,113482120.0,KOSDAQ,0.99
069510,에스텍,13300.0,9442.0,9442.0,125578600.0,125578600.0,KOSDAQ,2.23
469610,이노테크,16210.0,174213.0,436421.0,2823992730.0,7074384410.0,KOSDAQ,2.99
049960,쎌바이오텍,15420.0,9406.0,9406.0,145040520.0,145040520.0,KOSDAQ,0.06
047770,코데즈컴바인,3830.0,1139771.0,1139771.0,4365322930.0,4365322930.0,KOSDAQ,2.96
0015N0,아로마티카,11500.0,791937.0,791937.0,9107275500.0,9107275500.0,KOSDAQ,-6.88
042600,새로닉스,11620.0,5306.0,5306.0,61655720.0,61655720.0,KOSDAQ,0.26
489500,엘케이켐,22550.0,18450.0,18450.0,416047500.0,416047500.0,KOSDAQ,-0.22
005990,매일홀딩스,10800.0,272.0,272.0,2937600.0,2937600.0,KOSDAQ,-0.18
101970,우양에이치씨,9700.0,5818.0,5818.0,56434600.0,56434600.0,KOSDAQ,-1.52
065660,안트로젠,14300.0,19511.0,33173.0,279007300.0,474373900.0,KOSDAQ,-1.85
147830,제룡산업,7150.0,148908.0,148908.0,1064692200.0,1064692200.0,KOSDAQ,2.14
300080,플리토,8610.0,59901.0,118386.0,515747610.0,1019303460.0,KOSDAQ,-2.27
035610,솔본,5180.0,20984.0,20984.0,108697120.0,108697120.0,KOSDAQ,-0.58
148150,세경하이테크,3980.0,64919.0,64919.0,258377620.0,258377620.0,KOSDAQ,-1.24
089600,KT나스미디어,12400.0,8505.0,8505.0,105462000.0,105462000.0,KOSDAQ,-1.2
115310,인포바인,9500.0,3963.0,3963.0,37648500.0,37648500.0,KOSDAQ,0.0
0039P0,매드업,7460.0,685464.0,685464.0,5113561440.0,5113561440.0,KOSDAQ,-1.97
114840,아이패밀리에스씨,8400.0,8794.0,14132.0,73869600.0,118708800.0,KOSDAQ,0.72
212560,네오오토,10340.0,94014.0,94014.0,972104760.0,972104760.0,KOSDAQ,-0.86
073010,케이에스피,3455.0,346980.0,346980.0,1198815900.0,1198815900.0,KOSDAQ,-1.43
084990,헬릭스미스,3000.0,56252.0,56252.0,168756000.0,168756000.0,KOSDAQ,0.0
445180,퓨릿,8010.0,21082.0,21082.0,168866820.0,168866820.0,KOSDAQ,-0.37
102120,어보브반도체,7740.0,252442.0,252442.0,1953901080.0,1953901080.0,KOSDAQ,-0.13
126640,화신정공,3910.0,1027887.0,1027887.0,4019038170.0,4019038170.0,KOSDAQ,0.26
053260,금강철강,7280.0,2707237.0,2707237.0,19708685360.0,19708685360.0,KOSDAQ,0.41
054920,한컴위드,4800.0,1283793.0,1283793.0,6162206400.0,6162206400.0,KOSDAQ,-3.42
251370,와이엠티,7500.0,48203.0,48203.0,361522500.0,361522500.0,KOSDAQ,0.27
220100,퓨쳐켐,6020.0,172762.0,223146.0,1040027240.0,1343338920.0,KOSDAQ,-2.27
321550,티움바이오,4490.0,49293.0,49293.0,221325570.0,221325570.0,KOSDAQ,-3.75
140670,알에스오토메이션,10500.0,47655.0,47655.0,500377500.0,500377500.0,KOSDAQ,0.86
146320,비씨엔씨,10530.0,35659.0,35659.0,375489270.0,375489270.0,KOSDAQ,0.29
003100,선광,20400.0,5839.0,5839.0,119115600.0,119115600.0,KOSDAQ,0.0
232680,라온로보틱스,10150.0,181645.0,181645.0,1843696750.0,1843696750.0,KOSDAQ,3.05
451760,컨텍,8150.0,85396.0,85396.0,695977400.0,695977400.0,KOSDAQ,1.12
211270,AP위성,8920.0,111543.0,111543.0,994963560.0,994963560.0,KOSDAQ,-1.44
457550,우진엔텍,14420.0,77541.0,77541.0,1118141220.0,1118141220.0,KOSDAQ,1.48
059120,아진엑스텍,7310.0,601991.0,601991.0,4400554210.0,4400554210.0,KOSDAQ,2.38
136540,윈스테크넷,10830.0,10208.0,10208.0,110552640.0,110552640.0,KOSDAQ,0.46
228850,레이언스,8010.0,97034.0,97034.0,777242340.0,777242340.0,KOSDAQ,-4.98
158430,아톤,5420.0,918238.0,918238.0,4976849960.0,4976849960.0,KOSDAQ,-2.52
265740,엔에프씨,7420.0,575025.0,575025.0,4266685500.0,4266685500.0,KOSDAQ,-5.96
035080,그래디언트,11790.0,29259.0,29259.0,344963610.0,344963610.0,KOSDAQ,-1.26
417500,제이아이테크,4000.0,165195.0,165195.0,660780000.0,660780000.0,KOSDAQ,-0.74
001540,안국약품,10030.0,14417.0,14417.0,144602510.0,144602510.0,KOSDAQ,0.3
322310,오로스테크놀로지,13960.0,105318.0,105318.0,1470239280.0,1470239280.0,KOSDAQ,2.12
049720,고려신용정보,9120.0,33212.0,33212.0,302893440.0,302893440.0,KOSDAQ,0.11
101360,에코앤드림,7320.0,39835.0,76282.0,291592200.0,558384240.0,KOSDAQ,-1.21
264660,씨앤지하이테크,13360.0,24836.0,24836.0,331808960.0,331808960.0,KOSDAQ,-0.15
048870,시너지이노베이션,1473.0,170800.0,170800.0,251588400.0,251588400.0,KOSDAQ,-1.21
285490,노바텍,12250.0,28771.0,28771.0,352444750.0,352444750.0,KOSDAQ,0.08
039840,디오,9640.0,58911.0,79411.0,567902040.0,765522040.0,KOSDAQ,-3.5
290740,액트로,12840.0,48182.0,48182.0,618656880.0,618656880.0,KOSDAQ,-2.43
240550,동방메디컬,6170.0,373206.0,373206.0,2302681020.0,2302681020.0,KOSDAQ,-3.29
142210,유니트론텍,6220.0,154659.0,154659.0,961978980.0,961978980.0,KOSDAQ,1.14
038290,마크로젠,11900.0,13273.0,13273.0,157948700.0,157948700.0,KOSDAQ,-0.08
0088M0,메쥬,13050.0,186416.0,186416.0,2432728800.0,2432728800.0,KOSDAQ,6.97
950190,고스트스튜디오,9900.0,39065.0,39065.0,386743500.0,386743500.0,KOSDAQ,-0.9
418420,라온텍,4185.0,399028.0,399028.0,1669932180.0,1669932180.0,KOSDAQ,4.1
080420,모다이노칩,1613.0,714.0,714.0,1151682.0,1151682.0,KOSDAQ,1.13
156100,엘앤케이바이오,5750.0,274851.0,274851.0,1580393250.0,1580393250.0,KOSDAQ,0.88
417010,나노팀,6360.0,157565.0,157565.0,1002113400.0,1002113400.0,KOSDAQ,-1.7
021320,KCC건설,5980.0,9190.0,9190.0,54956200.0,54956200.0,KOSDAQ,2.05
282880,코윈로보틱스,10920.0,29110.0,29110.0,317881200.0,317881200.0,KOSDAQ,-0.64
037070,파세코,6380.0,37720.0,37720.0,240653600.0,240653600.0,KOSDAQ,-0.31
079960,동양이엔피,16840.0,41889.0,41889.0,705410760.0,705410760.0,KOSDAQ,0.6
474170,루미르,7110.0,49683.0,49683.0,353246130.0,353246130.0,KOSDAQ,0.57
105330,케이엔더블유,7900.0,29460.0,29460.0,232734000.0,232734000.0,KOSDAQ,-1.62
408920,메쎄이상,2920.0,8486.0,8486.0,24779120.0,24779120.0,KOSDAQ,0.17
060150,인선이엔티,2770.0,82807.0,82807.0,229375390.0,229375390.0,KOSDAQ,-0.72
153890,져스텍,10400.0,306039.0,306039.0,3182805600.0,3182805600.0,KOSDAQ,2.67
267320,나인테크,2180.0,189837.0,189837.0,413844660.0,413844660.0,KOSDAQ,-1.13
027710,팜스토리,1123.0,137103.0,137103.0,153966669.0,153966669.0,KOSDAQ,0.0
361390,제노코,12840.0,16196.0,16196.0,207956640.0,207956640.0,KOSDAQ,0.16
095700,제넥신,2740.0,439623.0,439623.0,1204567020.0,1204567020.0,KOSDAQ,-8.36
297090,씨에스베어링,4550.0,105666.0,105666.0,480780300.0,480780300.0,KOSDAQ,-0.22
402490,그린리소스,7320.0,240967.0,240967.0,1763878440.0,1763878440.0,KOSDAQ,-3.3
255220,SG,1128.0,1418731.0,1418731.0,1600328568.0,1600328568.0,KOSDAQ,2.64
338840,와이바이오로직스,8010.0,36057.0,63748.0,288816570.0,510621480.0,KOSDAQ,-2.32
220260,켐트로스,3845.0,69137.0,69137.0,265831765.0,265831765.0,KOSDAQ,-1.03
322510,제이엘케이,4790.0,73308.0,73308.0,351145320.0,351145320.0,KOSDAQ,-2.24
095190,신화프리텍,1884.0,41146.0,41146.0,77519064.0,77519064.0,KOSDAQ,2.73
201490,미투온,3750.0,4270918.0,4270918.0,16015942500.0,16015942500.0,KOSDAQ,-7.52
108230,톱텍,3225.0,181928.0,181928.0,586717800.0,586717800.0,KOSDAQ,-0.92
396300,HT로보틱스,4620.0,2698355.0,2698355.0,12466400100.0,12466400100.0,KOSDAQ,0.98
307750,국전,2265.0,66233.0,66233.0,150017745.0,150017745.0,KOSDAQ,-1.74
494120,큐리오시스,8010.0,57596.0,78285.0,461343960.0,627062850.0,KOSDAQ,-0.62
052860,아이앤씨,6840.0,35774.0,35774.0,244694160.0,244694160.0,KOSDAQ,-2.15
041440,현대에버다임,6840.0,57140.0,57140.0,390837600.0,390837600.0,KOSDAQ,1.48
443670,에스피소프트,5070.0,519893.0,519893.0,2635857510.0,2635857510.0,KOSDAQ,-1.36
331920,셀레믹스,10830.0,14314.0,14314.0,155020620.0,155020620.0,KOSDAQ,-0.28
008830,대동기어,6310.0,210665.0,210665.0,1329296150.0,1329296150.0,KOSDAQ,1.61
321370,센서뷰,1713.0,11911067.0,11911067.0,20403657771.0,20403657771.0,KOSDAQ,1.18
017510,세명전기,7890.0,283357.0,283357.0,2235686730.0,2235686730.0,KOSDAQ,0.77
256940,킵스파마,5980.0,23780.0,23780.0,142204400.0,142204400.0,KOSDAQ,1.36
042510,라온시큐어,10790.0,484644.0,484644.0,5229308760.0,5229308760.0,KOSDAQ,-3.92
950250,테라뷰,3345.0,542806.0,542806.0,1815686070.0,1815686070.0,KOSDAQ,-4.29
172670,에이엘티,13310.0,78980.0,78980.0,1051223800.0,1051223800.0,KOSDAQ,-0.67
009780,엠에스씨,6750.0,7914.0,7914.0,53419500.0,53419500.0,KOSDAQ,-0.44
094840,슈프리마에이치큐,12100.0,9795.0,9795.0,118519500.0,118519500.0,KOSDAQ,2.98
115500,케이씨에스,9870.0,136755.0,136755.0,1349771850.0,1349771850.0,KOSDAQ,-1.4
290720,푸드나무,3095.0,113726.0,113726.0,351981970.0,351981970.0,KOSDAQ,7.28
387690,레메디,15430.0,544283.0,544283.0,8398286690.0,8398286690.0,KOSDAQ,-9.66
052260,현대바이오랜드,3920.0,31132.0,31132.0,122037440.0,122037440.0,KOSDAQ,1.16
049520,유아이엘,3810.0,40191.0,40191.0,153127710.0,153127710.0,KOSDAQ,0.0
079650,서산,5850.0,617981.0,617981.0,3615188850.0,3615188850.0,KOSDAQ,-2.66
037350,성도이엔지,7650.0,203277.0,203277.0,1555069050.0,1555069050.0,KOSDAQ,0.26
336680,탑런토탈솔루션,2970.0,8567.0,8567.0,25443990.0,25443990.0,KOSDAQ,-0.17
047310,파워로직스,3170.0,69255.0,69255.0,219538350.0,219538350.0,KOSDAQ,0.96
122450,KX,2585.0,30881.0,30881.0,79827385.0,79827385.0,KOSDAQ,-1.52
333430,일승,3770.0,61902.0,61902.0,233370540.0,233370540.0,KOSDAQ,-1.18
293580,나우IB,1218.0,288830.0,288830.0,351794940.0,351794940.0,KOSDAQ,1.08
297890,HB솔루션,1578.0,450527.0,450527.0,710931606.0,710931606.0,KOSDAQ,-1.62
458650,성우,7610.0,5249.0,5249.0,39944890.0,39944890.0,KOSDAQ,-0.39
308080,바이젠셀,5580.0,93840.0,93840.0,523627200.0,523627200.0,KOSDAQ,0.36
051360,토비스,11840.0,14581.0,16806.0,172639040.0,198983040.0,KOSDAQ,0.0
101170,우림피티에스,8450.0,33030.0,33030.0,279103500.0,279103500.0,KOSDAQ,-3.21
053080,케이엔솔,8760.0,47554.0,47554.0,416573040.0,416573040.0,KOSDAQ,-0.23
141000,비아트론,9360.0,35338.0,35338.0,330763680.0,330763680.0,KOSDAQ,1.41
0011A0,액스비스,12130.0,373888.0,373888.0,4535261440.0,4535261440.0,KOSDAQ,-6.55
086980,쇼박스,1804.0,132133.0,132133.0,238367932.0,238367932.0,KOSDAQ,-0.88
054050,NH농우바이오,7020.0,15420.0,15420.0,108248400.0,108248400.0,KOSDAQ,-0.71
389020,자람테크놀로지,16260.0,108670.0,108670.0,1766974200.0,1766974200.0,KOSDAQ,0.49
475230,엔알비,10290.0,86356.0,86356.0,888603240.0,888603240.0,KOSDAQ,0.39
452190,한빛레이저,4680.0,475053.0,475053.0,2223248040.0,2223248040.0,KOSDAQ,-2.7
071280,로체시스템즈,7270.0,204268.0,204268.0,1485028360.0,1485028360.0,KOSDAQ,0.41
067990,도이치모터스,3800.0,26614.0,26614.0,101133200.0,101133200.0,KOSDAQ,0.26
018120,진로발효,16740.0,241.0,241.0,4034340.0,4034340.0,KOSDAQ,0.12
473980,노머스,10180.0,26949.0,41394.0,274340820.0,421390920.0,KOSDAQ,-3.69
259630,엠플러스,9050.0,56211.0,56211.0,508709550.0,508709550.0,KOSDAQ,-0.44
166480,코아스템켐온,2090.0,74305.0,74305.0,155297450.0,155297450.0,KOSDAQ,0.97
474610,RF시스템즈,7660.0,113529.0,113529.0,869632140.0,869632140.0,KOSDAQ,-1.54
090850,현대이지웰,4910.0,41713.0,41713.0,204810830.0,204810830.0,KOSDAQ,-1.21
036630,세종텔레콤,7870.0,4100.0,4100.0,32267000.0,32267000.0,KOSDAQ,-0.25
175250,아이큐어,1780.0,320248.0,320248.0,570041440.0,570041440.0,KOSDAQ,4.58
0007J0,인벤테라,13900.0,2771404.0,2771404.0,38522515600.0,38522515600.0,KOSDAQ,19.72
063570,NICE인프라,3200.0,16236.0,16236.0,51955200.0,51955200.0,KOSDAQ,-1.84
217270,넵튠,2385.0,25904.0,25904.0,61781040.0,61781040.0,KOSDAQ,-0.42
091440,한울소재과학,2955.0,418450.0,418450.0,1236519750.0,1236519750.0,KOSDAQ,4.42
396470,워트,6740.0,60664.0,60664.0,408875360.0,408875360.0,KOSDAQ,-0.59
246710,티앤알바이오팹,2275.0,105674.0,105674.0,240408350.0,240408350.0,KOSDAQ,2.02
351320,넥사다이내믹스,3650.0,262521.0,262521.0,958201650.0,958201650.0,KOSDAQ,-2.41
067900,와이엔텍,5930.0,24884.0,24884.0,147562120.0,147562120.0,KOSDAQ,-0.67
039340,한국경제TV,4880.0,3148.0,3148.0,15362240.0,15362240.0,KOSDAQ,-0.91
039560,다산네트웍스,2500.0,139619.0,139619.0,349047500.0,349047500.0,KOSDAQ,-0.4
115440,우리넷,9900.0,714593.0,714593.0,7074470700.0,7074470700.0,KOSDAQ,0.0
040300,YTN,2240.0,188228.0,188228.0,421630720.0,421630720.0,KOSDAQ,-1.1
299030,하나기술,13350.0,19410.0,32453.0,259123500.0,433247550.0,KOSDAQ,0.6
339950,아이비김영,2370.0,39222.0,39222.0,92956140.0,92956140.0,KOSDAQ,0.0
120240,대정화금,14800.0,16438.0,16438.0,243282400.0,243282400.0,KOSDAQ,1.16
394420,리센스메디컬,9660.0,126543.0,126543.0,1222405380.0,1222405380.0,KOSDAQ,-2.52
334970,프레스티지바이오로직스,1365.0,296469.0,296469.0,404680185.0,404680185.0,KOSDAQ,3.1
217820,원익피앤이,2235.0,254429.0,254429.0,568648815.0,568648815.0,KOSDAQ,-1.97
289930,웨이비스,8060.0,75468.0,75468.0,608272080.0,608272080.0,KOSDAQ,4.27
189330,씨이랩,11290.0,133003.0,133003.0,1501603870.0,1501603870.0,KOSDAQ,2.45
073560,우리손에프앤지,1528.0,58843.0,58843.0,89912104.0,89912104.0,KOSDAQ,-0.39
242040,나무AX,3045.0,230734.0,230734.0,702585030.0,702585030.0,KOSDAQ,1.16
106190,하이텍팜,9900.0,108828.0,108828.0,1077397200.0,1077397200.0,KOSDAQ,-1.69
130580,나이스디앤비,6780.0,33904.0,33904.0,229869120.0,229869120.0,KOSDAQ,0.15
109740,디에스케이,4060.0,52636.0,52636.0,213702160.0,213702160.0,KOSDAQ,1.88
063170,서울옥션,5870.0,16723.0,16723.0,98164010.0,98164010.0,KOSDAQ,1.21
311320,지오엘리먼트,8270.0,15656.0,15656.0,129475120.0,129475120.0,KOSDAQ,-1.9
038540,상상인,1884.0,79237.0,79237.0,149282508.0,149282508.0,KOSDAQ,-1.77
053700,삼보모터스,3890.0,143869.0,143869.0,559650410.0,559650410.0,KOSDAQ,1.3
048550,SM C&C,1074.0,249565.0,249565.0,268032810.0,268032810.0,KOSDAQ,-0.19
123040,엠에스오토텍,1652.0,76251.0,76251.0,125966652.0,125966652.0,KOSDAQ,-1.61
357880,SKAI,1907.0,1301064.0,1301064.0,2481129048.0,2481129048.0,KOSDAQ,1.33
209640,와이제이링크,3625.0,861437.0,861437.0,3122709125.0,3122709125.0,KOSDAQ,-2.82
072950,빛샘전자,12800.0,962008.0,962008.0,12313702400.0,12313702400.0,KOSDAQ,-6.5
475580,에이럭스,7530.0,50132.0,50132.0,377493960.0,377493960.0,KOSDAQ,-1.18
131030,옵투스제약,5810.0,28911.0,28911.0,167972910.0,167972910.0,KOSDAQ,0.87
125210,아모그린텍,6160.0,312974.0,312974.0,1927919840.0,1927919840.0,KOSDAQ,3.53
100700,세운메디칼,2315.0,194617.0,194617.0,450538355.0,450538355.0,KOSDAQ,0.22
307930,컴퍼니케이,6480.0,78701.0,78701.0,509982480.0,509982480.0,KOSDAQ,1.25
059210,메타바이오메드,3710.0,55288.0,55288.0,205118480.0,205118480.0,KOSDAQ,0.27
021080,에이티넘인베스트,2100.0,228877.0,228877.0,480641700.0,480641700.0,KOSDAQ,0.0
310200,애니플러스,1925.0,143243.0,143243.0,275742775.0,275742775.0,KOSDAQ,0.26
006620,동구바이오제약,3510.0,74817.0,74817.0,262607670.0,262607670.0,KOSDAQ,0.57
366030,나인앤컴퍼니,4410.0,30800.0,30800.0,135828000.0,135828000.0,KOSDAQ,-2.22
439580,블루엠텍,2950.0,8973030.0,8973030.0,26470438500.0,26470438500.0,KOSDAQ,7.66
099750,이지케어텍,7300.0,213953.0,213953.0,1561856900.0,1561856900.0,KOSDAQ,-5.93
453450,그리드위즈,12550.0,11760.0,11760.0,147588000.0,147588000.0,KOSDAQ,0.0
309960,LB인베스트먼트,4285.0,20860.0,20860.0,89385100.0,89385100.0,KOSDAQ,-0.7
198440,강동씨앤엘,1627.0,727214.0,727214.0,1183177178.0,1183177178.0,KOSDAQ,-1.45
352090,스톰테크,3670.0,28842.0,28842.0,105850140.0,105850140.0,KOSDAQ,-0.54
053350,이니텍,4475.0,46649.0,46649.0,208754275.0,208754275.0,KOSDAQ,0.22
182360,큐브엔터,6300.0,12455.0,12455.0,78466500.0,78466500.0,KOSDAQ,1.29
083500,에프엔에스테크,11770.0,65769.0,65769.0,774101130.0,774101130.0,KOSDAQ,0.09
250060,모비스,3035.0,103678.0,103678.0,314662730.0,314662730.0,KOSDAQ,-0.16
036010,아비코전자,7340.0,209619.0,209619.0,1538603460.0,1538603460.0,KOSDAQ,2.66
088130,동아엘텍,5580.0,63114.0,63114.0,352176120.0,352176120.0,KOSDAQ,-1.41
323990,박셀바이오,4195.0,170007.0,170007.0,713179365.0,713179365.0,KOSDAQ,-3.89
306620,지아이에스,2030.0,427939.0,427939.0,868716170.0,868716170.0,KOSDAQ,0.25
303810,동국생명과학,3035.0,14286739.0,14286739.0,43360252865.0,43360252865.0,KOSDAQ,29.98
411080,샌즈랩,6350.0,332751.0,332751.0,2112968850.0,2112968850.0,KOSDAQ,2.58
317770,엑스페릭스,2620.0,233569.0,233569.0,611950780.0,611950780.0,KOSDAQ,1.16
217190,제너셈,7360.0,75635.0,75635.0,556673600.0,556673600.0,KOSDAQ,0.14
298540,더네이쳐홀딩스,6680.0,6951.0,6951.0,46432680.0,46432680.0,KOSDAQ,-0.74
052420,오성첨단소재,9930.0,22006.0,22006.0,218519580.0,218519580.0,KOSDAQ,1.33
235980,메드팩토,2770.0,120913.0,120913.0,334929010.0,334929010.0,KOSDAQ,1.47
192410,오늘이엔엠,3750.0,33116.0,33116.0,124185000.0,124185000.0,KOSDAQ,-4.34
173130,오파스넷,7220.0,56053.0,56053.0,404702660.0,404702660.0,KOSDAQ,2.41
282720,금양그린파워,7770.0,17450.0,17450.0,135586500.0,135586500.0,KOSDAQ,5.0
330350,위더스제약,7130.0,120945.0,120945.0,862337850.0,862337850.0,KOSDAQ,-3.12
348350,위드텍,9620.0,60947.0,60947.0,586310140.0,586310140.0,KOSDAQ,0.31
049950,미래컴퍼니,10650.0,18786.0,18786.0,200070900.0,200070900.0,KOSDAQ,0.19
261780,아리바이오랩,3240.0,1043303.0,1043303.0,3380301720.0,3380301720.0,KOSDAQ,-6.9
074430,아미노로직스,1049.0,88802.0,88802.0,93153298.0,93153298.0,KOSDAQ,3.86
014950,삼익제약,9300.0,584025.0,584025.0,5431432500.0,5431432500.0,KOSDAQ,-4.12
042500,링네트,4200.0,38984.0,38984.0,163732800.0,163732800.0,KOSDAQ,-0.24
205100,엑셈,1381.0,682786.0,682786.0,942927466.0,942927466.0,KOSDAQ,-2.75
036220,오상헬스케어,6510.0,29561.0,29561.0,192442110.0,192442110.0,KOSDAQ,-1.36
037030,파워넷,3650.0,288462.0,288462.0,1052886300.0,1052886300.0,KOSDAQ,1.25
109610,에스와이,1902.0,89832.0,89832.0,170860464.0,170860464.0,KOSDAQ,1.98
162300,신스틸,2240.0,2604581.0,2604581.0,5834261440.0,5834261440.0,KOSDAQ,-5.88
187790,나노,2995.0,1739897.0,1739897.0,5210991515.0,5210991515.0,KOSDAQ,-0.99
005860,한일사료,2340.0,288329.0,288329.0,674689860.0,674689860.0,KOSDAQ,-0.85
255440,야스,7060.0,35588.0,35588.0,251251280.0,251251280.0,KOSDAQ,0.14
002230,피에스텍,5000.0,54263.0,54263.0,271315000.0,271315000.0,KOSDAQ,-0.99
040420,정상제이엘에스,5830.0,4585.0,4585.0,26730550.0,26730550.0,KOSDAQ,0.34
045970,코아시아,3470.0,79317.0,79317.0,275229990.0,275229990.0,KOSDAQ,0.14
419050,삼기에너지솔루션즈,1595.0,8027349.0,8027349.0,12803621655.0,12803621655.0,KOSDAQ,4.66
457370,한켐,11300.0,1650165.0,1650165.0,18646864500.0,18646864500.0,KOSDAQ,0.36
493330,지에프아이,11330.0,34132.0,34132.0,386715560.0,386715560.0,KOSDAQ,-0.61
093920,서원인텍,4890.0,1721.0,1721.0,8415690.0,8415690.0,KOSDAQ,0.93
023900,풍국주정,7200.0,15672.0,15672.0,112838400.0,112838400.0,KOSDAQ,0.7
380550,뉴로핏,7410.0,247708.0,247708.0,1835516280.0,1835516280.0,KOSDAQ,1.51
129920,대성하이텍,5560.0,352171.0,352171.0,1958070760.0,1958070760.0,KOSDAQ,7.54
900260,로스웰,1960.0,29498.0,29498.0,57816080.0,57816080.0,KOSDAQ,4.76
009300,삼아제약,14140.0,735.0,735.0,10392900.0,10392900.0,KOSDAQ,0.57
047560,이스트소프트,7660.0,24869.0,24869.0,190496540.0,190496540.0,KOSDAQ,2.27
062970,한국첨단소재,2985.0,2270203.0,2270203.0,6776555955.0,6776555955.0,KOSDAQ,1.53
357230,에이치피오,2175.0,14794.0,14794.0,32176950.0,32176950.0,KOSDAQ,0.0
048530,인트론바이오,2900.0,34223.0,34223.0,99246700.0,99246700.0,KOSDAQ,0.35
362320,청담글로벌,4310.0,35231.0,35231.0,151845610.0,151845610.0,KOSDAQ,-1.26
066590,스모트로닉,2300.0,70567.0,70567.0,162304100.0,162304100.0,KOSDAQ,0.66
053580,웹케시,6860.0,7481.0,7481.0,51319660.0,51319660.0,KOSDAQ,-0.29
086960,MDS테크,2085.0,1057198.0,1057198.0,2204257830.0,2204257830.0,KOSDAQ,-1.65
013310,아진산업,2280.0,57270.0,57270.0,130575600.0,130575600.0,KOSDAQ,0.44
432470,케이엔에스,10050.0,65891.0,65891.0,662204550.0,662204550.0,KOSDAQ,-2.14
054540,삼영엠텍,6760.0,77330.0,77330.0,522750800.0,522750800.0,KOSDAQ,0.9
096240,크레버스,8550.0,8499.0,8499.0,72666450.0,72666450.0,KOSDAQ,1.54
307870,비투엔,1178.0,449943.0,449943.0,530032854.0,530032854.0,KOSDAQ,-3.6
052460,아이크래프트,5960.0,154462.0,154462.0,920593520.0,920593520.0,KOSDAQ,0.0
033290,로젠,1542.0,6175.0,6175.0,9521850.0,9521850.0,KOSDAQ,1.25
322180,LS티라유텍,4010.0,42821.0,42821.0,171712210.0,171712210.0,KOSDAQ,-1.72
052900,KX하이텍,1123.0,1632123.0,1632123.0,1832874129.0,1832874129.0,KOSDAQ,5.05
223250,드림씨아이에스,3480.0,1146469.0,1146469.0,3989712120.0,3989712120.0,KOSDAQ,-4.13
226400,오스테오닉,4140.0,182904.0,182904.0,757222560.0,757222560.0,KOSDAQ,-2.59
004650,창해에탄올,9280.0,8102.0,8102.0,75186560.0,75186560.0,KOSDAQ,0.0
299660,셀리드,2885.0,1991482.0,1991482.0,5745425570.0,5745425570.0,KOSDAQ,29.95
065450,빅텍,2885.0,213684.0,213684.0,616478340.0,616478340.0,KOSDAQ,0.0
029480,광무,1420.0,99968.0,99968.0,141954560.0,141954560.0,KOSDAQ,0.71
049080,기가레인,9990.0,323126.0,323126.0,3228028740.0,3228028740.0,KOSDAQ,-0.7
072020,중앙백신,9150.0,10281.0,10281.0,94071150.0,94071150.0,KOSDAQ,0.22
330730,스톤브릿지벤처스,4635.0,16513.0,16513.0,76537755.0,76537755.0,KOSDAQ,0.43
263720,디앤씨미디어,6890.0,13073.0,13073.0,90072970.0,90072970.0,KOSDAQ,-0.58
048910,대원미디어,6700.0,35263.0,35263.0,236262100.0,236262100.0,KOSDAQ,1.36
100590,머큐리,4910.0,490718.0,490718.0,2409425380.0,2409425380.0,KOSDAQ,-1.6
025950,동신건설,10000.0,10443.0,10443.0,104430000.0,104430000.0,KOSDAQ,0.5
089230,THE E&M,2130.0,242691.0,242691.0,516931830.0,516931830.0,KOSDAQ,-0.7
044990,에이치엔에스하이텍,10880.0,21221.0,21221.0,230884480.0,230884480.0,KOSDAQ,2.93
185490,아이진,1931.0,65480.0,65480.0,126441880.0,126441880.0,KOSDAQ,-1.73
066430,아이로보틱스,2130.0,472086.0,472086.0,1005543180.0,1005543180.0,KOSDAQ,-0.47
234300,에스트래픽,3060.0,156503.0,156503.0,478899180.0,478899180.0,KOSDAQ,-3.92
100130,동국S&C,1456.0,3254744.0,3254744.0,4738907264.0,4738907264.0,KOSDAQ,1.96
246960,SCL사이언스,2445.0,127444.0,127444.0,311600580.0,311600580.0,KOSDAQ,0.82
357580,아모센스,7050.0,244672.0,244672.0,1724937600.0,1724937600.0,KOSDAQ,0.43
078890,가온그룹,4495.0,61201.0,61201.0,275098495.0,275098495.0,KOSDAQ,0.11
478560,블랙야크아이앤씨,3195.0,59531.0,59531.0,190201545.0,190201545.0,KOSDAQ,0.95
215100,로보로보,4045.0,47962.0,47962.0,194006290.0,194006290.0,KOSDAQ,-0.86
101330,모베이스,3555.0,36329.0,36329.0,129149595.0,129149595.0,KOSDAQ,0.57
036640,HRS,5030.0,25363.0,25363.0,127575890.0,127575890.0,KOSDAQ,0.2
038110,에코플라스틱,1991.0,111368.0,111368.0,221733688.0,221733688.0,KOSDAQ,-0.25
091120,이엠텍,4775.0,33624.0,33624.0,160554600.0,160554600.0,KOSDAQ,-2.65
032300,한국파마,7500.0,4285.0,4285.0,32137500.0,32137500.0,KOSDAQ,4.02
078140,대봉엘에스,7370.0,15531.0,15531.0,114463470.0,114463470.0,KOSDAQ,-0.41
294630,서남,3080.0,121392.0,121392.0,373887360.0,373887360.0,KOSDAQ,-2.53
086710,선진뷰티사이언스,6680.0,4169.0,4169.0,27848920.0,27848920.0,KOSDAQ,-1.18
037760,쎄니트,2405.0,77904.0,77904.0,187359120.0,187359120.0,KOSDAQ,1.91
105740,디케이락,8000.0,30976.0,30976.0,247808000.0,247808000.0,KOSDAQ,0.25
058820,CMG제약,549.0,858349.0,858349.0,471233601.0,471233601.0,KOSDAQ,-4.85
033560,블루콤,4750.0,3145.0,3145.0,14938750.0,14938750.0,KOSDAQ,0.11
418470,KT밀리의서재,9460.0,28077.0,28077.0,265608420.0,265608420.0,KOSDAQ,0.11
234030,싸이닉솔루션,3430.0,520012.0,520012.0,1783641160.0,1783641160.0,KOSDAQ,-0.58
007820,엠엑스로보틱스,3455.0,95569.0,95569.0,330190895.0,330190895.0,KOSDAQ,-1.14
381620,제닉스로보틱스,6110.0,36739.0,36739.0,224475290.0,224475290.0,KOSDAQ,-0.65
149980,하이로닉,4655.0,23893.0,23893.0,111221915.0,111221915.0,KOSDAQ,-0.64
032540,TJ미디어,3830.0,4359.0,4359.0,16694970.0,16694970.0,KOSDAQ,1.32
365330,에스와이스틸텍,1594.0,348512.0,348512.0,555528128.0,555528128.0,KOSDAQ,3.37
067000,조이시티,1142.0,246930.0,246930.0,281994060.0,281994060.0,KOSDAQ,-0.44
040160,누리플렉스,6700.0,22147.0,22147.0,148384900.0,148384900.0,KOSDAQ,-1.9
137950,제이씨케미칼,3575.0,95390.0,95390.0,341019250.0,341019250.0,KOSDAQ,-0.83
302550,리메드,2625.0,25312.0,25312.0,66444000.0,66444000.0,KOSDAQ,-0.94
004590,한국가구,5290.0,20300.0,20300.0,107387000.0,107387000.0,KOSDAQ,0.57
412350,레이저쎌,5430.0,343409.0,343409.0,1864710870.0,1864710870.0,KOSDAQ,5.44
047820,초록뱀미디어,3240.0,17785.0,17785.0,57623400.0,57623400.0,KOSDAQ,-0.15
066700,테라젠이텍스,2130.0,42383.0,42383.0,90275790.0,90275790.0,KOSDAQ,0.0
066980,한성크린텍,1469.0,212323.0,212323.0,311902487.0,311902487.0,KOSDAQ,-1.54
950130,엑세스바이오,2245.0,77393.0,77393.0,173747285.0,173747285.0,KOSDAQ,1.35
0015S0,페스카로,7970.0,467384.0,467384.0,3725050480.0,3725050480.0,KOSDAQ,-2.69
389140,포바이포,5500.0,71075.0,71075.0,390912500.0,390912500.0,KOSDAQ,1.1
063080,컴투스홀딩스,11880.0,7608.0,7608.0,90383040.0,90383040.0,KOSDAQ,-1.0
0117P0,피스피스스튜디오,5520.0,50227.0,50227.0,277253040.0,277253040.0,KOSDAQ,0.0
389030,지니너스,1976.0,87230.0,87230.0,172366480.0,172366480.0,KOSDAQ,0.3
079810,APS이노베이션,3615.0,43036.0,43036.0,155575140.0,155575140.0,KOSDAQ,-0.28
225530,HC보광산업,2140.0,7954.0,7954.0,17021560.0,17021560.0,KOSDAQ,1.66
131370,알서포트,1459.0,51127.0,51127.0,74594293.0,74594293.0,KOSDAQ,-1.75
102370,케이옥션,3000.0,70290.0,70290.0,210870000.0,210870000.0,KOSDAQ,0.67
000440,중앙에너비스,12450.0,13457.0,13457.0,167539650.0,167539650.0,KOSDAQ,-1.74
140070,서플러스글로벌,2095.0,53127.0,53127.0,111301065.0,111301065.0,KOSDAQ,-3.23
054670,대한뉴팜,5380.0,11118.0,11118.0,59814840.0,59814840.0,KOSDAQ,-2.18
251120,바이오에프디엔씨,8880.0,17735.0,17735.0,157486800.0,157486800.0,KOSDAQ,-2.52
019550,SBI인베스트먼트,958.0,168946.0,168946.0,161850268.0,161850268.0,KOSDAQ,0.84
024880,케이피에프,3870.0,46256.0,46256.0,179010720.0,179010720.0,KOSDAQ,-0.26
475430,키스트론,4320.0,180860.0,180860.0,781315200.0,781315200.0,KOSDAQ,1.17
085670,뉴프렉스,3140.0,1360465.0,1360465.0,4271860100.0,4271860100.0,KOSDAQ,8.46
142280,녹십자엠에스,3210.0,475635.0,475635.0,1526788350.0,1526788350.0,KOSDAQ,-3.02
058400,KNN,5790.0,25082.0,25082.0,145224780.0,145224780.0,KOSDAQ,0.52
124560,태웅로직스,1980.0,23148.0,23148.0,45833040.0,45833040.0,KOSDAQ,0.0
0017J0,세미티에스,2535.0,268395.0,268395.0,680381325.0,680381325.0,KOSDAQ,0.2
382840,원준,4995.0,46874.0,46874.0,234135630.0,234135630.0,KOSDAQ,-2.06
030960,양지사,4770.0,27951.0,27951.0,133326270.0,133326270.0,KOSDAQ,0.21
041930,SY동아,5010.0,29787.0,29787.0,149232870.0,149232870.0,KOSDAQ,-0.4
396270,넥스트칩,2310.0,435923.0,435923.0,1006982130.0,1006982130.0,KOSDAQ,1.76
117670,알파칩스,11380.0,69807.0,69807.0,794403660.0,794403660.0,KOSDAQ,-1.9
253840,수젠텍,4520.0,90769.0,90769.0,410275880.0,410275880.0,KOSDAQ,0.44
040910,아이씨디,4160.0,10888.0,10888.0,45294080.0,45294080.0,KOSDAQ,1.71
090470,제이스로보틱스,4310.0,34841.0,34841.0,150164710.0,150164710.0,KOSDAQ,0.23
323350,다원넥스뷰,9400.0,193593.0,193593.0,1819774200.0,1819774200.0,KOSDAQ,15.48
012700,리드코프,2895.0,20876.0,20876.0,60436020.0,60436020.0,KOSDAQ,-0.17
088390,이녹스,8010.0,5942.0,5942.0,47595420.0,47595420.0,KOSDAQ,-1.35
263800,데이타솔루션,4630.0,138708.0,138708.0,642218040.0,642218040.0,KOSDAQ,-0.64
331380,포커스에이아이,2030.0,5058.0,5058.0,10267740.0,10267740.0,KOSDAQ,-1.46
040350,크레오에스지,3775.0,102181.0,102181.0,385733275.0,385733275.0,KOSDAQ,-4.79
282620,기도산업,12760.0,75581.0,75581.0,964413560.0,964413560.0,KOSDAQ,-2.89
084730,팅크웨어,6730.0,8305.0,8305.0,55892650.0,55892650.0,KOSDAQ,-2.46
017480,삼현철강,4840.0,5483.0,5483.0,26537720.0,26537720.0,KOSDAQ,-0.1
094860,네오리진,1406.0,98665.0,98665.0,138722990.0,138722990.0,KOSDAQ,-4.48
020710,시공테크,3720.0,1050391.0,1050391.0,3907454520.0,3907454520.0,KOSDAQ,0.4
066310,큐에스아이,8040.0,48660.0,48660.0,391226400.0,391226400.0,KOSDAQ,1.01
011320,유니크,3855.0,23427.0,23427.0,90311085.0,90311085.0,KOSDAQ,2.25
107600,새빗켐,13180.0,16217.0,16217.0,213740060.0,213740060.0,KOSDAQ,-2.08
168330,내츄럴엔도텍,2340.0,15986.0,15986.0,37407240.0,37407240.0,KOSDAQ,-1.68
377480,마음AI,10450.0,141246.0,141246.0,1476020700.0,1476020700.0,KOSDAQ,5.56
011370,서한,3675.0,21489.0,21489.0,78972075.0,78972075.0,KOSDAQ,-1.21
487400,케이앤에스아이앤씨,7220.0,487460.0,487460.0,3519461200.0,3519461200.0,KOSDAQ,0.56
083790,CG인바이츠,963.0,85043.0,85043.0,81896409.0,81896409.0,KOSDAQ,-1.13
208140,정다운,2265.0,17974.0,17974.0,40711110.0,40711110.0,KOSDAQ,0.44
012790,신일제약,6170.0,4722.0,4722.0,29134740.0,29134740.0,KOSDAQ,0.49
039010,현대에이치티,8560.0,82698.0,82698.0,707894880.0,707894880.0,KOSDAQ,7.27
060570,드림어스컴퍼니,4980.0,2507.0,2507.0,12484860.0,12484860.0,KOSDAQ,1.84
060590,씨티씨바이오,3050.0,31383.0,31383.0,95718150.0,95718150.0,KOSDAQ,-0.33
451250,삐아,7200.0,4854.0,4854.0,34948800.0,34948800.0,KOSDAQ,-0.69
039980,폴라리스AI,5110.0,147680.0,147680.0,754644800.0,754644800.0,KOSDAQ,1.59
360070,탑머티리얼,8960.0,13074.0,13074.0,117143040.0,117143040.0,KOSDAQ,1.36
080010,이상네트웍스,7460.0,2140.0,2140.0,15964400.0,15964400.0,KOSDAQ,1.5
058630,엠게임,3905.0,39945.0,39945.0,155985225.0,155985225.0,KOSDAQ,0.77
170030,현대공업,4770.0,8607.0,8607.0,41055390.0,41055390.0,KOSDAQ,0.53
136150,원일티엔아이,8720.0,65085.0,65085.0,567541200.0,567541200.0,KOSDAQ,6.86
487580,폴레드,2900.0,137245.0,137245.0,398010500.0,398010500.0,KOSDAQ,0.35
038680,에스넷,3655.0,56017.0,56017.0,204742135.0,204742135.0,KOSDAQ,-2.4
024740,한일단조,2210.0,61061.0,61061.0,134944810.0,134944810.0,KOSDAQ,-1.12
048430,유라테크,6270.0,70067.0,70067.0,439320090.0,439320090.0,KOSDAQ,-1.57
049470,비트플래닛,3065.0,4410725.0,4410725.0,13518872125.0,13518872125.0,KOSDAQ,11.25
065510,휴비츠,6630.0,28969.0,28969.0,192064470.0,192064470.0,KOSDAQ,-0.45
338220,뷰노,5150.0,130772.0,373345.0,673475800.0,1922726750.0,KOSDAQ,-6.02
110790,크리스에프앤씨,3075.0,1009.0,1009.0,3102675.0,3102675.0,KOSDAQ,3.54
038460,바이오스마트,2850.0,69459.0,69459.0,197958150.0,197958150.0,KOSDAQ,-0.7
320000,한울반도체,10400.0,290630.0,290630.0,3022552000.0,3022552000.0,KOSDAQ,-1.79
347890,엠엑스온,4225.0,20879.0,20879.0,88213775.0,88213775.0,KOSDAQ,0.24
171120,라이온켐텍,1998.0,57238.0,57238.0,114361524.0,114361524.0,KOSDAQ,0.0
371950,풍원정밀,3025.0,129714.0,129714.0,392384850.0,392384850.0,KOSDAQ,-6.06
045660,에이텍,8600.0,9117.0,9117.0,78406200.0,78406200.0,KOSDAQ,-0.92
388870,파로스아이바이오,5480.0,34701.0,34701.0,190161480.0,190161480.0,KOSDAQ,-0.36
054040,한국컴퓨터,4400.0,47920.0,47920.0,210848000.0,210848000.0,KOSDAQ,0.34
337930,젝시믹스,2380.0,96542.0,96542.0,229769960.0,229769960.0,KOSDAQ,-0.63
026150,특수건설,4025.0,38810.0,38810.0,156210250.0,156210250.0,KOSDAQ,-0.49
096350,대창솔루션,1911.0,132700.0,132700.0,253589700.0,253589700.0,KOSDAQ,1.38
302430,이노메트리,7170.0,62934.0,62934.0,451236780.0,451236780.0,KOSDAQ,-0.69
104460,디와이피엔에프,6670.0,18779.0,18779.0,125255930.0,125255930.0,KOSDAQ,3.73
053280,예스24,2805.0,99804.0,99804.0,279950220.0,279950220.0,KOSDAQ,1.26
024830,세원물산,8390.0,1326.0,1326.0,11125140.0,11125140.0,KOSDAQ,-0.12
041910,폴라리스AI파마,5270.0,21253.0,21253.0,112003310.0,112003310.0,KOSDAQ,-1.86
049550,잉크테크,3565.0,827.0,827.0,2948255.0,2948255.0,KOSDAQ,3.63
0155E0,해치텍,12710.0,1396821.0,1396821.0,17753594910.0,17753594910.0,KOSDAQ,-5.64
128660,피제이메탈,2810.0,56409.0,56409.0,158509290.0,158509290.0,KOSDAQ,-0.71
091590,남화토건,5930.0,120123.0,120123.0,712329390.0,712329390.0,KOSDAQ,-0.84
217330,싸이토젠,3005.0,38021.0,38021.0,114253105.0,114253105.0,KOSDAQ,-1.96
076610,해성옵틱스,1141.0,936081.0,936081.0,1068068421.0,1068068421.0,KOSDAQ,-2.14
0004V0,엔비알모션,6310.0,331134.0,331134.0,2089455540.0,2089455540.0,KOSDAQ,-2.92
067570,엔브이에이치코리아,1645.0,43170.0,43170.0,71014650.0,71014650.0,KOSDAQ,1.54
413390,엠오티,6140.0,27195.0,27195.0,166977300.0,166977300.0,KOSDAQ,-0.81
204840,지엘팜텍,4465.0,35705.0,35705.0,159422825.0,159422825.0,KOSDAQ,0.11
347000,센코,1830.0,23154.0,23154.0,42371820.0,42371820.0,KOSDAQ,-2.14
294140,레몬,2775.0,25246.0,25246.0,70057650.0,70057650.0,KOSDAQ,3.35
265560,영화테크,6460.0,4403.0,4403.0,28443380.0,28443380.0,KOSDAQ,0.94
054620,APS,3750.0,26654.0,26654.0,99952500.0,99952500.0,KOSDAQ,-0.92
303360,프로티아,5350.0,15824.0,15824.0,84658400.0,84658400.0,KOSDAQ,0.0
228340,동양파일,3440.0,344285.0,344285.0,1184340400.0,1184340400.0,KOSDAQ,-0.86
332370,아이디피,5180.0,2648.0,2648.0,13716640.0,13716640.0,KOSDAQ,-0.38
277880,티에스아이,3465.0,27425.0,27425.0,95027625.0,95027625.0,KOSDAQ,-0.72
153710,옵티팜,4680.0,9911.0,9911.0,46383480.0,46383480.0,KOSDAQ,0.43
067370,선바이오,5610.0,12240.0,12240.0,68666400.0,68666400.0,KOSDAQ,0.72
460940,피앤에스로보틱스,5090.0,44552.0,44552.0,226769680.0,226769680.0,KOSDAQ,-1.74
417790,트루엔,6540.0,4506.0,4506.0,29469240.0,29469240.0,KOSDAQ,-1.36
483350,딜리셔스,3085.0,308066.0,308066.0,950383610.0,950383610.0,KOSDAQ,-0.96
228670,레이,4360.0,77352.0,77352.0,337254720.0,337254720.0,KOSDAQ,-2.46
214260,라파스,7640.0,8679.0,8679.0,66307560.0,66307560.0,KOSDAQ,-0.13
032850,비트컴퓨터,4100.0,51449.0,51449.0,210940900.0,210940900.0,KOSDAQ,-1.56
262260,에이프로,4515.0,40872.0,40872.0,184537080.0,184537080.0,KOSDAQ,-1.85
109860,동일금속,7470.0,416.0,416.0,3107520.0,3107520.0,KOSDAQ,0.54
123010,MSDI,3360.0,704153.0,704153.0,2365954080.0,2365954080.0,KOSDAQ,11.26
004780,대륙제관,4260.0,39112.0,39112.0,166617120.0,166617120.0,KOSDAQ,-0.35
019540,일지테크,5000.0,22685.0,22685.0,113425000.0,113425000.0,KOSDAQ,-1.38
043610,KT지니뮤직,1161.0,72969.0,72969.0,84717009.0,84717009.0,KOSDAQ,-1.69
067170,오텍,2455.0,234972.0,234972.0,576856260.0,576856260.0,KOSDAQ,3.15
417970,모델솔루션,10540.0,13582.0,13582.0,143154280.0,143154280.0,KOSDAQ,0.57
123420,위메이드플레이,6470.0,13517.0,13517.0,87454990.0,87454990.0,KOSDAQ,-0.46
002800,신신제약,4435.0,18114.0,18114.0,80335590.0,80335590.0,KOSDAQ,0.34
097800,윈팩,2465.0,233014.0,233014.0,574379510.0,574379510.0,KOSDAQ,-1.4
061040,알에프텍,7430.0,5742.0,5742.0,42663060.0,42663060.0,KOSDAQ,-1.33
318160,셀바이오휴먼텍,7180.0,9102.0,9102.0,65352360.0,65352360.0,KOSDAQ,0.56
048770,TPC로보틱스,4255.0,438023.0,438023.0,1863787865.0,1863787865.0,KOSDAQ,-1.96
137080,나래나노텍,6190.0,6423.0,6423.0,39758370.0,39758370.0,KOSDAQ,0.98
214680,디알텍,3970.0,91616.0,91616.0,363715520.0,363715520.0,KOSDAQ,5.03
006140,피제이전자,4455.0,37595.0,37595.0,167485725.0,167485725.0,KOSDAQ,-0.67
147760,피엠티,3310.0,80608.0,80608.0,266812480.0,266812480.0,KOSDAQ,-0.3
010280,아이티센엔텍,5060.0,12360.0,12360.0,62541600.0,62541600.0,KOSDAQ,-0.59
104040,디에스엠,2450.0,42170.0,42170.0,103316500.0,103316500.0,KOSDAQ,0.82
212710,아이에스티이,6750.0,100413.0,100413.0,677787750.0,677787750.0,KOSDAQ,1.35
033130,디지틀조선,1765.0,21121.0,21121.0,37278565.0,37278565.0,KOSDAQ,0.8
0218L0,네오뷰,12410.0,12952.0,12952.0,160734320.0,160734320.0,KOSDAQ,1.06
014970,삼륭물산,4415.0,27702.0,27702.0,122304330.0,122304330.0,KOSDAQ,-0.23
222110,팬젠,4840.0,1316.0,1316.0,6369440.0,6369440.0,KOSDAQ,2.54
950220,네오이뮨텍,1900.0,280469.0,280469.0,532891100.0,532891100.0,KOSDAQ,-2.81
0156T0,에이치엘지노믹스,8350.0,65828.0,65828.0,549663800.0,549663800.0,KOSDAQ,-1.42
111710,남화산업,3155.0,24083.0,24083.0,75981865.0,75981865.0,KOSDAQ,-0.32
067920,이글루,5900.0,40138.0,40138.0,236814200.0,236814200.0,KOSDAQ,0.68
100030,인지소프트,19750.0,10227.0,10227.0,201983250.0,201983250.0,KOSDAQ,-4.59
008370,원풍,5400.0,15501.0,15501.0,83705400.0,83705400.0,KOSDAQ,1.31
096250,와이즈넛,5480.0,28755.0,28755.0,157577400.0,157577400.0,KOSDAQ,0.37
456070,이엔셀,5870.0,520631.0,520631.0,3056103970.0,3056103970.0,KOSDAQ,-1.68
424960,스마트레이더시스템,3925.0,6155.0,6155.0,24158375.0,24158375.0,KOSDAQ,1.03
041460,한국전자인증,3405.0,17741.0,17741.0,60408105.0,60408105.0,KOSDAQ,0.44
290660,다이나믹솔루션,1507.0,555233.0,555233.0,836736131.0,836736131.0,KOSDAQ,-5.28
043650,국순당,3610.0,36470.0,36470.0,131656700.0,131656700.0,KOSDAQ,-0.55
205470,휴마시스,2605.0,45558.0,45558.0,118678590.0,118678590.0,KOSDAQ,-1.88
451220,아이엠티,8150.0,46154.0,46154.0,376155100.0,376155100.0,KOSDAQ,0.0
299170,더블유에스아이,1545.0,3851327.0,3851327.0,5950300215.0,5950300215.0,KOSDAQ,29.94
039610,화성밸브,6150.0,329597.0,329597.0,2027021550.0,2027021550.0,KOSDAQ,1.49
082210,옵트론텍,1817.0,35516.0,35516.0,64532572.0,64532572.0,KOSDAQ,0.17
092040,아미코젠,899.0,229117.0,229117.0,205976183.0,205976183.0,KOSDAQ,1.24
382480,지아이텍,1610.0,56929.0,56929.0,91655690.0,91655690.0,KOSDAQ,1.58
081150,티플랙스,2605.0,93298.0,93298.0,243041290.0,243041290.0,KOSDAQ,0.58
036000,예림당,2740.0,12296.0,12296.0,33691040.0,33691040.0,KOSDAQ,-0.18
241790,티이엠씨씨엔에스,6300.0,150390.0,150390.0,947457000.0,947457000.0,KOSDAQ,-1.25
065170,비엘팜텍,2250.0,1047239.0,1047239.0,2356287750.0,2356287750.0,KOSDAQ,1.81
900300,오가닉티코스메틱,3030.0,62878.0,62878.0,190520340.0,190520340.0,KOSDAQ,0.33
347860,알체라,1477.0,112733.0,112733.0,166506641.0,166506641.0,KOSDAQ,1.16
054300,팬스타엔터프라이즈,1065.0,144330.0,144330.0,153711450.0,153711450.0,KOSDAQ,-1.39
010240,흥국,5280.0,10775.0,10775.0,56892000.0,56892000.0,KOSDAQ,0.19
241690,유니테크노,2525.0,12634.0,12634.0,31900850.0,31900850.0,KOSDAQ,1.2
291230,컴투스엔,2570.0,32813.0,32813.0,84329410.0,84329410.0,KOSDAQ,1.38
064240,홈캐스트,1778.0,60036.0,60036.0,106744008.0,106744008.0,KOSDAQ,0.85
214270,FSN,1363.0,47291.0,47291.0,64457633.0,64457633.0,KOSDAQ,1.56
126880,제이엔케이글로벌,2655.0,133931.0,133931.0,355586805.0,355586805.0,KOSDAQ,4.12
005670,푸드웰,6150.0,21138.0,21138.0,129998700.0,129998700.0,KOSDAQ,-0.32
155650,와이엠씨,3240.0,97406.0,97406.0,315595440.0,315595440.0,KOSDAQ,-3.14
460870,에스엠씨지,3055.0,115997.0,115997.0,354370835.0,354370835.0,KOSDAQ,1.16
036090,위지트,1438.0,1095760.0,1095760.0,1575702880.0,1575702880.0,KOSDAQ,0.14
089790,제이티,5930.0,136605.0,136605.0,810067650.0,810067650.0,KOSDAQ,1.54
039420,케이엘넷,2665.0,4080.0,4080.0,10873200.0,10873200.0,KOSDAQ,0.0
122350,삼기,1592.0,2204423.0,2204423.0,3509441416.0,3509441416.0,KOSDAQ,2.78
352910,오비고,4825.0,5173.0,5173.0,24959725.0,24959725.0,KOSDAQ,0.73
331740,아우토크립트,6250.0,27121.0,27121.0,169506250.0,169506250.0,KOSDAQ,-2.19
016250,SGC E&C,12090.0,1401.0,1401.0,16938090.0,16938090.0,KOSDAQ,1.6
457600,벡트,4435.0,50532.0,50532.0,224109420.0,224109420.0,KOSDAQ,0.34
463020,뉴엔AI,6740.0,229747.0,229747.0,1548494780.0,1548494780.0,KOSDAQ,1.2
094850,참좋은여행,4325.0,18860.0,18860.0,81569500.0,81569500.0,KOSDAQ,1.76
089850,유비벨록스,4110.0,5103.0,5103.0,20973330.0,20973330.0,KOSDAQ,0.0
065530,와이어블,1265.0,137354.0,137354.0,173752810.0,173752810.0,KOSDAQ,-1.94
340810,시선AI,4335.0,310930.0,310930.0,1347881550.0,1347881550.0,KOSDAQ,-6.77
066670,디티씨,3230.0,10619.0,10619.0,34299370.0,34299370.0,KOSDAQ,0.31
216050,인크로스,4925.0,6757.0,6757.0,33278225.0,33278225.0,KOSDAQ,-0.1
049480,오픈베이스,1905.0,139981.0,139981.0,266663805.0,266663805.0,KOSDAQ,-0.05
950200,소마젠,3110.0,76091.0,76091.0,236643010.0,236643010.0,KOSDAQ,2.81
208370,셀바스헬스케어,2320.0,164005.0,164005.0,380491600.0,380491600.0,KOSDAQ,-1.07
238090,앤디포스,1954.0,15617.0,15617.0,30515618.0,30515618.0,KOSDAQ,2.46
037440,희림,4275.0,176750.0,176750.0,755606250.0,755606250.0,KOSDAQ,3.01
010470,오리콤,4940.0,2155.0,2155.0,10645700.0,10645700.0,KOSDAQ,0.82
095270,웨이브일렉트로,4110.0,32599.0,32599.0,133981890.0,133981890.0,KOSDAQ,-2.61
365660,레몬헬스케어,4390.0,261854.0,261854.0,1149539060.0,1149539060.0,KOSDAQ,-1.46
014470,부방,1034.0,67663.0,67663.0,69963542.0,69963542.0,KOSDAQ,0.0
191420,테고사이언스,7270.0,1816.0,1816.0,13202320.0,13202320.0,KOSDAQ,0.14
060310,3S,1109.0,237667.0,237667.0,263572703.0,263572703.0,KOSDAQ,-3.23
273640,와이엠텍,5360.0,25593.0,25593.0,137178480.0,137178480.0,KOSDAQ,2.29
033320,제이씨현시스템,3070.0,63089.0,63089.0,193683230.0,193683230.0,KOSDAQ,-0.97
317530,에피소드컴퍼니,3345.0,6927.0,6927.0,23170815.0,23170815.0,KOSDAQ,3.72
448710,코츠테크놀로지,11070.0,17247.0,17247.0,190924290.0,190924290.0,KOSDAQ,-2.89
053620,태양,6800.0,3574.0,3574.0,24303200.0,24303200.0,KOSDAQ,-0.29
033310,엠투엔,1460.0,46834.0,46834.0,68377640.0,68377640.0,KOSDAQ,0.9
187420,HLB제넥스,1783.0,156764.0,156764.0,279510212.0,279510212.0,KOSDAQ,-1.49
045340,토탈소프트,6800.0,16210.0,16210.0,110228000.0,110228000.0,KOSDAQ,0.29
050960,수산아이앤티,8600.0,2383.0,2383.0,20493800.0,20493800.0,KOSDAQ,0.0
036120,서울평가정보,1651.0,71169.0,71169.0,117500019.0,117500019.0,KOSDAQ,1.6
056360,코위버,5880.0,69815.0,69815.0,410512200.0,410512200.0,KOSDAQ,-1.01
003310,대주산업,1619.0,90897.0,90897.0,147162243.0,147162243.0,KOSDAQ,-0.74
221800,지구홀딩스,3510.0,69963.0,69963.0,245570130.0,245570130.0,KOSDAQ,-3.04
175140,아고스,2295.0,16571.0,16571.0,38030445.0,38030445.0,KOSDAQ,1.55
059270,해성에어로보틱스,5120.0,36182.0,36182.0,185251840.0,185251840.0,KOSDAQ,-1.16
088280,쏘닉스,3300.0,201243.0,201243.0,664101900.0,664101900.0,KOSDAQ,4.6
043710,코스리거글로벌,3290.0,4154.0,4154.0,13666660.0,13666660.0,KOSDAQ,7.34
263690,디알젬,5000.0,12301.0,12301.0,61505000.0,61505000.0,KOSDAQ,1.52
215360,우리산업,6180.0,8753.0,8753.0,54093540.0,54093540.0,KOSDAQ,0.16
025550,한국선재,2210.0,63197.0,63197.0,139665370.0,139665370.0,KOSDAQ,0.23
053160,프리엠스,9370.0,5527.0,5527.0,51787990.0,51787990.0,KOSDAQ,1.85
251630,브이원텍,3520.0,52214.0,52214.0,183793280.0,183793280.0,KOSDAQ,1.44
270520,앱튼,2415.0,563953.0,563953.0,1361946495.0,1361946495.0,KOSDAQ,-11.86
315640,딥노이드,1903.0,104668.0,104668.0,199183204.0,199183204.0,KOSDAQ,-2.31
007370,진양제약,3945.0,7330.0,7330.0,28916850.0,28916850.0,KOSDAQ,0.38
333620,엔시스,5060.0,32072.0,32072.0,162284320.0,162284320.0,KOSDAQ,-1.75
053050,지에스이,1853.0,58257.0,58257.0,107950221.0,107950221.0,KOSDAQ,-0.91
192250,케이사인,7860.0,37089.0,37089.0,291519540.0,291519540.0,KOSDAQ,-1.01
054930,유신,18490.0,37415.0,37415.0,691803350.0,691803350.0,KOSDAQ,-1.96
288180,케이피항공산업,7500.0,28039.0,28039.0,210292500.0,210292500.0,KOSDAQ,-0.92
443250,레뷰코퍼레이션,5110.0,10888.0,10888.0,55637680.0,55637680.0,KOSDAQ,-0.97
039020,이건홀딩스,2435.0,18624.0,18624.0,45349440.0,45349440.0,KOSDAQ,-2.01
040610,SG&G,3210.0,14489.0,14489.0,46509690.0,46509690.0,KOSDAQ,-0.77
024910,경창산업,1521.0,12750.0,12750.0,19392750.0,19392750.0,KOSDAQ,1.06
459100,위츠,4030.0,6927.0,6927.0,27915810.0,27915810.0,KOSDAQ,1.64
036670,삼양케이씨아이,5040.0,14095.0,14095.0,71038800.0,71038800.0,KOSDAQ,-0.59
064800,포니링크,2120.0,100778.0,100778.0,213649360.0,213649360.0,KOSDAQ,-5.15
053270,구영테크,1977.0,18032.0,18032.0,35649264.0,35649264.0,KOSDAQ,1.07
024950,삼천리자전거,4370.0,13813.0,13813.0,60362810.0,60362810.0,KOSDAQ,-1.47
263600,덕우전자,3400.0,29247.0,29247.0,99439800.0,99439800.0,KOSDAQ,-2.3
391710,코닉오토메이션,1268.0,126993.0,126993.0,161027124.0,161027124.0,KOSDAQ,-1.78
061250,화일약품,6390.0,19267.0,19267.0,123116130.0,123116130.0,KOSDAQ,-0.62
435570,에르코스,7050.0,1016.0,1016.0,7162800.0,7162800.0,KOSDAQ,0.0
291650,츌립앤사이언스,1759.0,21694.0,21694.0,38159746.0,38159746.0,KOSDAQ,0.06
104540,코렌텍,4000.0,8596.0,8596.0,34384000.0,34384000.0,KOSDAQ,0.13
420570,제이투케이바이오,9160.0,26250.0,26250.0,240450000.0,240450000.0,KOSDAQ,-0.54
179530,애드바이오텍,1809.0,356469.0,356469.0,644852421.0,644852421.0,KOSDAQ,-2.48
317850,대모,6390.0,138077.0,138077.0,882312030.0,882312030.0,KOSDAQ,3.73
081180,쎄크,6020.0,55510.0,55510.0,334170200.0,334170200.0,KOSDAQ,-3.83
170790,파이오링크,8300.0,9188.0,9188.0,76260400.0,76260400.0,KOSDAQ,-0.36
370090,퓨런티어,6200.0,9192.0,9192.0,56990400.0,56990400.0,KOSDAQ,0.81
408470,한패스,4995.0,49696.0,49696.0,248231520.0,248231520.0,KOSDAQ,2.88
109080,옵티시스,9360.0,29492.0,29492.0,276045120.0,276045120.0,KOSDAQ,0.32
104620,노랑풍선,3130.0,71986.0,71986.0,225316180.0,225316180.0,KOSDAQ,-1.26
019990,에너토크,5380.0,156680.0,156680.0,842938400.0,842938400.0,KOSDAQ,3.26
261520,이지스,5100.0,26557.0,26557.0,135440700.0,135440700.0,KOSDAQ,-1.92
046210,HLB파나진,1149.0,44382.0,44382.0,50994918.0,50994918.0,KOSDAQ,-0.26
340360,다보링크,986.0,127587.0,127587.0,125800782.0,125800782.0,KOSDAQ,0.0
127710,아시아경제,1179.0,46554.0,46554.0,54887166.0,54887166.0,KOSDAQ,-12.41
027050,코리아나,1298.0,92699.0,92699.0,120323302.0,120323302.0,KOSDAQ,-1.59
314140,알피바이오,5990.0,13039.0,13039.0,78103610.0,78103610.0,KOSDAQ,-0.17
459550,알트,2055.0,791220.0,791220.0,1625957100.0,1625957100.0,KOSDAQ,-2.84
347740,피엔케이피부임상연구센타,1726.0,37946.0,37946.0,65494796.0,65494796.0,KOSDAQ,0.47
393210,토마토시스템,3315.0,4435367.0,4435367.0,14703241605.0,14703241605.0,KOSDAQ,30.0
094940,푸른로보틱스,6190.0,48791.0,48791.0,302016290.0,302016290.0,KOSDAQ,-0.8
088910,동우팜투테이블,2010.0,38134.0,38134.0,76649340.0,76649340.0,KOSDAQ,-0.5
311690,CJ 바이오사이언스,3950.0,3586.0,3586.0,14164700.0,14164700.0,KOSDAQ,8.82
105760,포스뱅크,5060.0,16749.0,16749.0,84749940.0,84749940.0,KOSDAQ,1.0
246690,TS인베스트먼트,2165.0,43344.0,43344.0,93839760.0,93839760.0,KOSDAQ,-1.14
453860,에이에스텍,7970.0,10256.0,10256.0,81740320.0,81740320.0,KOSDAQ,-0.5
039240,경남스틸,1902.0,28016.0,28016.0,53286432.0,53286432.0,KOSDAQ,0.32
109670,씨싸이트,8770.0,344401.0,344401.0,3020396770.0,3020396770.0,KOSDAQ,29.93
317830,에스피시스템스,4745.0,78531.0,78531.0,372629595.0,372629595.0,KOSDAQ,-0.21
070300,퀀텀레일,1438.0,258491.0,258491.0,371710058.0,371710058.0,KOSDAQ,-1.57
348150,고바이오랩,2630.0,17979.0,17979.0,47284770.0,47284770.0,KOSDAQ,0.0
015710,코콤,2910.0,3826.0,3826.0,11133660.0,11133660.0,KOSDAQ,-1.02
256630,포인트엔지니어링,4395.0,11096.0,11096.0,48766920.0,48766920.0,KOSDAQ,-0.11
464490,쿼드메디슨,4420.0,36741.0,36741.0,162395220.0,162395220.0,KOSDAQ,0.11
419080,엔젯,4675.0,65048.0,65048.0,304099400.0,304099400.0,KOSDAQ,0.65
033230,인성정보,1004.0,147233.0,147233.0,147821932.0,147821932.0,KOSDAQ,-1.95
424980,마이크로투나노,8550.0,24589.0,24589.0,210235950.0,210235950.0,KOSDAQ,1.06
376290,씨유테크,2850.0,6912.0,6912.0,19699200.0,19699200.0,KOSDAQ,0.0
179900,유티아이,2320.0,222311.0,222311.0,515761520.0,515761520.0,KOSDAQ,-0.64
122310,제노레이,3435.0,3297.0,3297.0,11325195.0,11325195.0,KOSDAQ,4.25
452400,이닉스,5510.0,3152.0,3152.0,17367520.0,17367520.0,KOSDAQ,-1.61
071670,에이테크솔루션,4995.0,15270.0,15270.0,76273650.0,76273650.0,KOSDAQ,1.11
348080,큐라티스,3885.0,241697.0,241697.0,938992845.0,938992845.0,KOSDAQ,-11.7
463480,모티브링크,4020.0,41967.0,41967.0,168707340.0,168707340.0,KOSDAQ,-0.74
0013V0,삼진식품,5020.0,45856.0,45856.0,230197120.0,230197120.0,KOSDAQ,-3.46
060560,HC홈센타,1956.0,6188.0,6188.0,12103728.0,12103728.0,KOSDAQ,-0.76
189860,서전기전,5120.0,714280.0,714280.0,3657113600.0,3657113600.0,KOSDAQ,-0.58
163280,에어레인,3650.0,78470.0,78470.0,286415500.0,286415500.0,KOSDAQ,-0.95
046940,우원개발,2740.0,90098.0,90098.0,246868520.0,246868520.0,KOSDAQ,-1.44
044340,위닉스,2770.0,65475.0,65475.0,181365750.0,181365750.0,KOSDAQ,0.36
092300,현우산업,2450.0,117274.0,117274.0,287321300.0,287321300.0,KOSDAQ,1.24
033170,시그네틱스,2875.0,3404683.0,3404683.0,9788463625.0,9788463625.0,KOSDAQ,2.86
063440,SM Life Design,1084.0,73771.0,73771.0,79967764.0,79967764.0,KOSDAQ,0.56
059100,아이컴포넌트,6930.0,38119.0,38119.0,264164670.0,264164670.0,KOSDAQ,3.43
038010,제일테크노스,5440.0,62688.0,62688.0,341022720.0,341022720.0,KOSDAQ,6.88
217500,러셀,1515.0,34085.0,34085.0,51638775.0,51638775.0,KOSDAQ,1.68
361570,알비더블유,1673.0,13506.0,13506.0,22595538.0,22595538.0,KOSDAQ,-1.01
355690,에이텀,5020.0,24407.0,24407.0,122523140.0,122523140.0,KOSDAQ,2.24
042110,에스씨디,994.0,195079.0,195079.0,193908526.0,193908526.0,KOSDAQ,-0.7
150900,파수AI,4095.0,85511.0,85511.0,350167545.0,350167545.0,KOSDAQ,0.0
382150,온코크로스,3655.0,88752.0,88752.0,324388560.0,324388560.0,KOSDAQ,-2.01
199550,레이저옵텍,3205.0,44981.0,44981.0,144164105.0,144164105.0,KOSDAQ,2.4
440290,HB인베스트먼트,1727.0,50656.0,50656.0,87482912.0,87482912.0,KOSDAQ,0.12
178780,일월지엠엘,2540.0,4176.0,4176.0,10607040.0,10607040.0,KOSDAQ,3.67
321260,프로이천,1678.0,92772.0,92772.0,155671416.0,155671416.0,KOSDAQ,-0.65
014190,원익큐브,1318.0,91295.0,91295.0,120326810.0,120326810.0,KOSDAQ,2.73
219550,디와이디,1125.0,16925.0,16925.0,19040625.0,19040625.0,KOSDAQ,0.81
189980,흥국에프엔비,1155.0,35106.0,35106.0,40547430.0,40547430.0,KOSDAQ,-0.43
900340,윙입푸드,1296.0,56226.0,56226.0,72868896.0,72868896.0,KOSDAQ,-1.82
277070,린드먼아시아,3360.0,6842.0,6842.0,22989120.0,22989120.0,KOSDAQ,4.51
471820,셀로맥스사이언스,4055.0,607.0,607.0,2461385.0,2461385.0,KOSDAQ,0.12
073110,엘엠에스,5150.0,1859.0,1859.0,9573850.0,9573850.0,KOSDAQ,-0.39
037950,엘컴텍,2710.0,19256.0,19256.0,52183760.0,52183760.0,KOSDAQ,0.37
384470,코어라인소프트,2550.0,108097.0,108097.0,275647350.0,275647350.0,KOSDAQ,-4.32
198080,캐프,2125.0,22858.0,22858.0,48573250.0,48573250.0,KOSDAQ,-0.47
232830,아이티센피엔에스,2765.0,1558918.0,1558918.0,4310408270.0,4310408270.0,KOSDAQ,1.65
068330,일신바이오,1032.0,28374.0,28374.0,29281968.0,29281968.0,KOSDAQ,0.78
072470,우리산업홀딩스,2410.0,6471.0,6471.0,15595110.0,15595110.0,KOSDAQ,2.55
053980,오상자이엘,2395.0,34467.0,34467.0,82548465.0,82548465.0,KOSDAQ,0.0
260930,씨티케이,2350.0,8964.0,8964.0,21065400.0,21065400.0,KOSDAQ,1.51
051390,YW,3985.0,7781.0,7781.0,31007285.0,31007285.0,KOSDAQ,1.14
042040,케이피엠테크,5200.0,4280.0,4280.0,22256000.0,22256000.0,KOSDAQ,0.78
083550,케이엠,3310.0,5224.0,5224.0,17291440.0,17291440.0,KOSDAQ,0.0
222420,쎄노텍,925.0,121031.0,121031.0,111953675.0,111953675.0,KOSDAQ,-0.54
466410,사이냅소프트,8890.0,7806.0,7806.0,69395340.0,69395340.0,KOSDAQ,3.98
0010V0,제이피아이헬스케어,8770.0,2789.0,2789.0,24459530.0,24459530.0,KOSDAQ,0.8
258610,케일럼,1226.0,19657.0,19657.0,24099482.0,24099482.0,KOSDAQ,1.91
900250,크리스탈신소재,1248.0,60155.0,60155.0,75073440.0,75073440.0,KOSDAQ,0.32
224110,에이텍모빌리티,8790.0,2296.0,2296.0,20181840.0,20181840.0,KOSDAQ,2.21
143540,영우디에스피,1000.0,115146.0,115146.0,115146000.0,115146000.0,KOSDAQ,0.0
321820,아티스트컴퍼니,2860.0,79860.0,79860.0,228399600.0,228399600.0,KOSDAQ,1.6
094970,제이엠티,2655.0,44976.0,44976.0,119411280.0,119411280.0,KOSDAQ,-1.48
082850,우리바이오,4560.0,33033.0,33033.0,150630480.0,150630480.0,KOSDAQ,-0.33
072990,에이치시티,3040.0,53837.0,53837.0,163664480.0,163664480.0,KOSDAQ,-2.25
373200,엑스플러스,1759.0,43729.0,43729.0,76919311.0,76919311.0,KOSDAQ,0.51
114450,그린생명과학,2200.0,37150.0,37150.0,81730000.0,81730000.0,KOSDAQ,1.15
145170,노브랜드,2600.0,194642.0,194642.0,506069200.0,506069200.0,KOSDAQ,1.36
476040,오가노이드사이언스,6670.0,77805.0,77805.0,518959350.0,518959350.0,KOSDAQ,7.58
278650,HLB바이오스텝,2510.0,48685.0,48685.0,122199350.0,122199350.0,KOSDAQ,-3.28
099410,동방선기,3125.0,20694.0,20694.0,64668750.0,64668750.0,KOSDAQ,-1.26
053450,세코닉스,2950.0,42576.0,42576.0,125599200.0,125599200.0,KOSDAQ,0.17
052790,액토즈소프트,3990.0,12511.0,12511.0,49918890.0,49918890.0,KOSDAQ,-1.12
317690,퀀타매트릭스,2160.0,70353.0,70353.0,151962480.0,151962480.0,KOSDAQ,-2.92
065130,탑엔지니어링,2710.0,21323.0,21323.0,57785330.0,57785330.0,KOSDAQ,0.37
050120,ES큐브,3190.0,5537.0,5537.0,17663030.0,17663030.0,KOSDAQ,-2.15
066130,하츠,3380.0,9414.0,9414.0,31819320.0,31819320.0,KOSDAQ,0.0
022220,티케이지애강,835.0,8485.0,8485.0,7084975.0,7084975.0,KOSDAQ,0.85
317870,엔바이오니아,4885.0,6462.0,6462.0,31566870.0,31566870.0,KOSDAQ,-1.81
479960,위너스일렉,6050.0,8051.0,8051.0,48708550.0,48708550.0,KOSDAQ,-0.49
307280,원바이오젠,6070.0,111691.0,111691.0,677964370.0,677964370.0,KOSDAQ,2.19
263020,디케이앤디,3110.0,25528.0,25528.0,79392080.0,79392080.0,KOSDAQ,0.48
290670,대보마그네틱,5450.0,14464.0,14464.0,78828800.0,78828800.0,KOSDAQ,-1.98
027830,대성창투,793.0,138281.0,138281.0,109656833.0,109656833.0,KOSDAQ,-1.98
450330,하스,5220.0,5684.0,5684.0,29670480.0,29670480.0,KOSDAQ,2.15
007680,대원,3215.0,1268.0,1268.0,4076620.0,4076620.0,KOSDAQ,-0.31
413640,비아이매트릭스,5890.0,10361.0,10361.0,61026290.0,61026290.0,KOSDAQ,0.34
140520,대창스틸,2005.0,7970.0,7970.0,15979850.0,15979850.0,KOSDAQ,0.5
129890,앱코,928.0,69333.0,69333.0,64341024.0,64341024.0,KOSDAQ,-0.11
452200,민테크,1730.0,48571.0,48571.0,84027830.0,84027830.0,KOSDAQ,2.61
190650,코리아에셋투자증권,6580.0,1971.0,1971.0,12969180.0,12969180.0,KOSDAQ,1.39
227950,엔투텍,1209.0,96972.0,96972.0,117239148.0,117239148.0,KOSDAQ,-3.43
256150,한독크린텍,4965.0,6046.0,6046.0,30018390.0,30018390.0,KOSDAQ,0.61
159580,제로투세븐,2075.0,51122.0,51122.0,106078150.0,106078150.0,KOSDAQ,-2.81
373160,데이원컴퍼니,3060.0,10983.0,10983.0,33607980.0,33607980.0,KOSDAQ,-2.7
263810,상신전자,2600.0,12978.0,12978.0,33742800.0,33742800.0,KOSDAQ,0.78
136410,아셈스,3755.0,21102.0,21102.0,79238010.0,79238010.0,KOSDAQ,2.88
056700,신화인터텍,1417.0,21268.0,21268.0,30136756.0,30136756.0,KOSDAQ,0.07
261200,덴티스,2610.0,12126.0,12126.0,31648860.0,31648860.0,KOSDAQ,0.38
189690,포시에스,1510.0,67313.0,67313.0,101642630.0,101642630.0,KOSDAQ,-2.52
199480,뱅크웨어글로벌,4040.0,11526.0,11526.0,46565040.0,46565040.0,KOSDAQ,1.25
238120,얼라인드,2885.0,12987.0,12987.0,37467495.0,37467495.0,KOSDAQ,-3.51
086060,진바이오텍,4760.0,11814.0,11814.0,56234640.0,56234640.0,KOSDAQ,-1.45
037230,한국팩키지,1369.0,23223.0,23223.0,31792287.0,31792287.0,KOSDAQ,-2.0
002290,삼일기업공사,3280.0,7457.0,7457.0,24458960.0,24458960.0,KOSDAQ,0.61
196300,HLB펩,4265.0,9009.0,9009.0,38423385.0,38423385.0,KOSDAQ,-0.47
460470,아이빔테크놀로지,2675.0,27050.0,27050.0,72358750.0,72358750.0,KOSDAQ,0.56
007530,와이엠,1812.0,25792.0,25792.0,46735104.0,46735104.0,KOSDAQ,0.06
053950,경남제약,2055.0,143169.0,143169.0,294212295.0,294212295.0,KOSDAQ,-2.61
263700,케어랩스,2070.0,21762.0,21762.0,45047340.0,45047340.0,KOSDAQ,0.49
465480,인스피언,3955.0,16028.0,16028.0,63390740.0,63390740.0,KOSDAQ,2.2
286750,나노실리칸첨단소재,2495.0,21295.0,21295.0,53131025.0,53131025.0,KOSDAQ,0.4
360350,코셈,7340.0,30343.0,30343.0,222717620.0,222717620.0,KOSDAQ,1.1
184230,SGA솔루션즈,2110.0,103413.0,103413.0,218201430.0,218201430.0,KOSDAQ,-0.71
218150,미래생명자원,1940.0,59480.0,59480.0,115391200.0,115391200.0,KOSDAQ,0.88
226340,본느,4720.0,182475.0,182475.0,861282000.0,861282000.0,KOSDAQ,-4.74
066900,디에이피,1736.0,26352.0,26352.0,45747072.0,45747072.0,KOSDAQ,-1.92
044960,이글벳,3120.0,8410.0,8410.0,26239200.0,26239200.0,KOSDAQ,0.65
049830,승일,6400.0,1203.0,1203.0,7699200.0,7699200.0,KOSDAQ,0.95
263770,유에스티,1654.0,2076.0,2076.0,3433704.0,3433704.0,KOSDAQ,-0.12
042940,상지건설,5740.0,25174.0,25174.0,144498760.0,144498760.0,KOSDAQ,1.06
221840,하이즈항공,2085.0,6344.0,6344.0,13227240.0,13227240.0,KOSDAQ,0.24
065440,이루온,1428.0,170368.0,170368.0,243285504.0,243285504.0,KOSDAQ,-1.52
100660,서암기계공업,3090.0,12099.0,12099.0,37385910.0,37385910.0,KOSDAQ,1.31
461030,아이엠비디엑스,2710.0,16613.0,16613.0,45021230.0,45021230.0,KOSDAQ,4.43
234100,폴라리스세원,2655.0,6488.0,6488.0,17225640.0,17225640.0,KOSDAQ,0.38
032960,동일기연,2200.0,21146.0,21146.0,46521200.0,46521200.0,KOSDAQ,3.29
221980,케이디켐,9590.0,1247.0,1247.0,11958730.0,11958730.0,KOSDAQ,1.48
352700,씨앤투스,1470.0,15677.0,15677.0,23045190.0,23045190.0,KOSDAQ,1.03
025880,케이씨피드,2310.0,59760.0,59760.0,138045600.0,138045600.0,KOSDAQ,0.22
052220,iMBC,1664.0,49030.0,49030.0,81585920.0,81585920.0,KOSDAQ,0.42
273060,와이즈버즈,3885.0,24086.0,24086.0,93574110.0,93574110.0,KOSDAQ,1.97
050860,아세아텍,1690.0,20386.0,20386.0,34452340.0,34452340.0,KOSDAQ,-0.24
203450,유니온바이오메트릭스,2700.0,23096.0,23096.0,62359200.0,62359200.0,KOSDAQ,0.56
250000,보라티알,5620.0,2070.0,2070.0,11633400.0,11633400.0,KOSDAQ,-1.58
363250,진시스템,4455.0,4208.0,4208.0,18746640.0,18746640.0,KOSDAQ,8.66
101240,씨큐브,3320.0,5184.0,5184.0,17210880.0,17210880.0,KOSDAQ,1.07
035460,기산텔레콤,2520.0,77014.0,77014.0,194075280.0,194075280.0,KOSDAQ,0.0
046310,백금T&A,2290.0,14412.0,14412.0,33003480.0,33003480.0,KOSDAQ,-0.43
171010,램테크놀러지,2625.0,19276.0,19276.0,50599500.0,50599500.0,KOSDAQ,2.54
051490,나라엠앤디,2640.0,48805.0,48805.0,128845200.0,128845200.0,KOSDAQ,5.18
122690,서진오토모티브,1620.0,4398.0,4398.0,7124760.0,7124760.0,KOSDAQ,0.75
026040,제이에스티나,2260.0,120178.0,120178.0,271602280.0,271602280.0,KOSDAQ,2.03
037370,EG,4315.0,14054.0,14054.0,60643010.0,60643010.0,KOSDAQ,-2.82
038070,서린바이오,4000.0,8876.0,8876.0,35504000.0,35504000.0,KOSDAQ,0.25
219420,링크제니시스,3235.0,30183.0,30183.0,97642005.0,97642005.0,KOSDAQ,-3.0
014570,고려제약,3370.0,1176.0,1176.0,3963120.0,3963120.0,KOSDAQ,-1.32
081580,성우전자,2390.0,65713.0,65713.0,157054070.0,157054070.0,KOSDAQ,0.42
019770,서연탑메탈,3180.0,15584.0,15584.0,49557120.0,49557120.0,KOSDAQ,-0.62
208710,포톤,2800.0,39247.0,39247.0,109891600.0,109891600.0,KOSDAQ,1.08
060540,에스에이티,1409.0,31061.0,31061.0,43764949.0,43764949.0,KOSDAQ,0.07
123570,이엠넷,1652.0,897.0,897.0,1481844.0,1481844.0,KOSDAQ,1.1
215380,콜마바이오텍,2185.0,22338.0,22338.0,48808530.0,48808530.0,KOSDAQ,3.55
097870,효성오앤비,4330.0,24170.0,24170.0,104656100.0,104656100.0,KOSDAQ,0.46
153460,네이블,5600.0,9772.0,9772.0,54723200.0,54723200.0,KOSDAQ,-2.27
086040,바이오톡스텍,2290.0,11576.0,11576.0,26509040.0,26509040.0,KOSDAQ,0.0
060850,영림원소프트랩,4485.0,13426.0,13426.0,60215610.0,60215610.0,KOSDAQ,-0.33
065500,오리엔트정공,1020.0,57977.0,57977.0,59136540.0,59136540.0,KOSDAQ,0.2
043910,자연과환경,3210.0,14424.0,14424.0,46301040.0,46301040.0,KOSDAQ,0.31
066360,체리부로,1511.0,16178.0,16178.0,24444958.0,24444958.0,KOSDAQ,1.34
121890,에스디시스템,2705.0,13522.0,13522.0,36577010.0,36577010.0,KOSDAQ,-2.17
039290,인포뱅크,4135.0,9420.0,9420.0,38951700.0,38951700.0,KOSDAQ,7.26
446840,지슨,3260.0,9407.0,9407.0,30666820.0,30666820.0,KOSDAQ,0.77
057540,옴니시스템,602.0,175811.0,175811.0,105838222.0,105838222.0,KOSDAQ,-0.33
260660,알리코제약,2320.0,33691.0,33691.0,78163120.0,78163120.0,KOSDAQ,-1.28
196450,코아시아씨엠,3920.0,9341.0,9341.0,36616720.0,36616720.0,KOSDAQ,0.13
318410,비비씨,6390.0,3481.0,3481.0,22243590.0,22243590.0,KOSDAQ,2.9
258790,소프트캠프,7090.0,101514.0,101514.0,719734260.0,719734260.0,KOSDAQ,1.58
387570,파인메딕스,6290.0,4980.0,4980.0,31324200.0,31324200.0,KOSDAQ,0.0
045060,오공,2085.0,6123.0,6123.0,12766455.0,12766455.0,KOSDAQ,-0.24
024120,KB오토시스,3070.0,2975.0,2975.0,9133250.0,9133250.0,KOSDAQ,0.0
434480,모니터랩,2865.0,54693.0,54693.0,156695445.0,156695445.0,KOSDAQ,0.88
106240,파인테크닉스,1326.0,38367.0,38367.0,50874642.0,50874642.0,KOSDAQ,1.22
045510,정원엔시스,1112.0,14172.0,14172.0,15759264.0,15759264.0,KOSDAQ,-0.71
075130,플랜티넷,2170.0,26611.0,26611.0,57745870.0,57745870.0,KOSDAQ,-0.91
215090,솔디펜스,1510.0,44103.0,44103.0,66595530.0,66595530.0,KOSDAQ,1.27
239890,피엔에이치테크,3500.0,5589.0,5589.0,19561500.0,19561500.0,KOSDAQ,-0.99
186230,그린플러스,3180.0,26835.0,26835.0,85335300.0,85335300.0,KOSDAQ,-1.24
452300,캡스톤파트너스,2450.0,115047.0,115047.0,281865150.0,281865150.0,KOSDAQ,3.16
432430,와이랩,2095.0,13176.0,13176.0,27603720.0,27603720.0,KOSDAQ,0.72
046390,삼화네트웍스,2000.0,4203.0,4203.0,8406000.0,8406000.0,KOSDAQ,-4.76
290090,트윔,4640.0,3090.0,3090.0,14337600.0,14337600.0,KOSDAQ,6.42
177900,쓰리에이로직스,3585.0,27641.0,27641.0,99092985.0,99092985.0,KOSDAQ,-0.14
204020,그리티,1773.0,29047.0,29047.0,51500331.0,51500331.0,KOSDAQ,0.17
332290,누보,4325.0,11090.0,11090.0,47964250.0,47964250.0,KOSDAQ,-0.8
207760,미스터블루,2065.0,14716.0,14716.0,30388540.0,30388540.0,KOSDAQ,-0.48
064520,테크엘,1531.0,4991.0,4991.0,7641221.0,7641221.0,KOSDAQ,3.73
335810,프리시젼바이오,1540.0,14070.0,14070.0,21667800.0,21667800.0,KOSDAQ,0.65
080520,오디텍,2975.0,12220.0,12220.0,36354500.0,36354500.0,KOSDAQ,0.51
290120,DH오토리드,2120.0,7305.0,7305.0,15486600.0,15486600.0,KOSDAQ,0.0
220180,폴라리스AI핸디,1400.0,2283.0,2283.0,3196200.0,3196200.0,KOSDAQ,1.97
417860,오브젠,7100.0,19819.0,19819.0,140714900.0,140714900.0,KOSDAQ,-1.39
052600,한네트,2890.0,10161.0,10161.0,29365290.0,29365290.0,KOSDAQ,-1.03
270870,뉴트리,3695.0,2741.0,2741.0,10127995.0,10127995.0,KOSDAQ,1.93
016600,큐캐피탈,2380.0,14192.0,14192.0,33776960.0,33776960.0,KOSDAQ,-2.66
057030,YBM넷,2030.0,37050.0,37050.0,75211500.0,75211500.0,KOSDAQ,-2.4
072770,멤레이비티,796.0,171971.0,171971.0,136888916.0,136888916.0,KOSDAQ,1.92
006920,모헨즈,3025.0,62968.0,62968.0,190478200.0,190478200.0,KOSDAQ,0.0
131090,시큐브,4305.0,25317.0,25317.0,108989685.0,108989685.0,KOSDAQ,-0.23
406820,뷰티스킨,2330.0,631939.0,631939.0,1472417870.0,1472417870.0,KOSDAQ,-3.92
397810,애드포러스,6360.0,11551.0,11551.0,73464360.0,73464360.0,KOSDAQ,-1.09
310870,디와이씨,1492.0,57126.0,57126.0,85231992.0,85231992.0,KOSDAQ,-0.47
087600,픽셀플러스,4005.0,1391.0,1391.0,5570955.0,5570955.0,KOSDAQ,1.52
068050,팬엔터테인먼트,1180.0,21025.0,21025.0,24809500.0,24809500.0,KOSDAQ,1.55
033830,티비씨,1725.0,25215.0,25215.0,43495875.0,43495875.0,KOSDAQ,2.74
296640,이노에이엑스,6290.0,9542.0,9542.0,60019180.0,60019180.0,KOSDAQ,3.11
318020,포인트모바일,2645.0,8887.0,8887.0,23506115.0,23506115.0,KOSDAQ,0.0
159910,에코글로우,3105.0,11126.0,11126.0,34546230.0,34546230.0,KOSDAQ,1.47
408900,스튜디오미르,992.0,54434.0,54434.0,53998528.0,53998528.0,KOSDAQ,0.3
031510,오스템,1160.0,98604.0,98604.0,114380640.0,114380640.0,KOSDAQ,2.47
089140,넥스턴앤롤코리아,2120.0,15695.0,15695.0,33273400.0,33273400.0,KOSDAQ,-1.62
021650,한국큐빅,1985.0,1447.0,1447.0,2872295.0,2872295.0,KOSDAQ,0.05
200780,비씨월드제약,3040.0,7471.0,7471.0,22711840.0,22711840.0,KOSDAQ,2.53
109820,진매트릭스,1587.0,33320.0,33320.0,52878840.0,52878840.0,KOSDAQ,0.83
065950,웰크론,1145.0,22224.0,22224.0,25446480.0,25446480.0,KOSDAQ,1.06
099220,SDN,5130.0,16205.0,16205.0,83131650.0,83131650.0,KOSDAQ,-4.11
271830,팸텍,1090.0,106046.0,106046.0,115590140.0,115590140.0,KOSDAQ,1.77
369370,블리츠웨이엔터테인먼트,3210.0,10025.0,10025.0,32180250.0,32180250.0,KOSDAQ,-0.16
104200,NHN벅스,2155.0,66218.0,66218.0,142699790.0,142699790.0,KOSDAQ,-2.27
025440,DH오토웨어,3275.0,8103.0,8103.0,26537325.0,26537325.0,KOSDAQ,0.92
300120,라온피플,3225.0,477560.0,477560.0,1540131000.0,1540131000.0,KOSDAQ,-0.77
032790,엠젠솔루션,1243.0,135375.0,135375.0,168271125.0,168271125.0,KOSDAQ,-2.74
127980,화인써키트,2695.0,11656.0,11656.0,31412920.0,31412920.0,KOSDAQ,3.06
263920,휴엠앤씨,3250.0,2369.0,2369.0,7699250.0,7699250.0,KOSDAQ,1.25
173940,에프엔씨엔터,2070.0,16406.0,16406.0,33960420.0,33960420.0,KOSDAQ,1.47
133750,메가엠디,1360.0,3355.0,3355.0,4562800.0,4562800.0,KOSDAQ,-1.09
476080,M83,3930.0,8142.0,8142.0,31998060.0,31998060.0,KOSDAQ,-0.38
090410,덕신이피씨,3440.0,6184.0,6184.0,21272960.0,21272960.0,KOSDAQ,-0.43
148930,에이치와이티씨,3115.0,20118.0,20118.0,62667570.0,62667570.0,KOSDAQ,-2.2
368970,오에스피,2810.0,68079.0,68079.0,191301990.0,191301990.0,KOSDAQ,2.18
376980,원티드랩,3225.0,4071.0,4071.0,13128975.0,13128975.0,KOSDAQ,2.22
153490,우리이앤엘하루틴,3055.0,13113.0,13113.0,40060215.0,40060215.0,KOSDAQ,0.66
043340,에쎈테크,662.0,404778.0,404778.0,267963036.0,267963036.0,KOSDAQ,-13.91
064480,브리지텍,2630.0,20719.0,20719.0,54490970.0,54490970.0,KOSDAQ,-0.19
419120,산돌,2210.0,35910.0,35910.0,79361100.0,79361100.0,KOSDAQ,-2.0
226330,신테카바이오,1292.0,250188.0,250188.0,323242896.0,323242896.0,KOSDAQ,4.62
099390,브레인즈컴퍼니,3795.0,4487.0,4487.0,17028165.0,17028165.0,KOSDAQ,0.13
197140,디지캡,2390.0,19662.0,19662.0,46992180.0,46992180.0,KOSDAQ,-1.65
079170,한창산업,5960.0,7402.0,7402.0,44115920.0,44115920.0,KOSDAQ,-4.18
012620,원일특강,7040.0,7316.0,7316.0,51504640.0,51504640.0,KOSDAQ,2.33
430690,한싹,2825.0,62562.0,62562.0,176737650.0,176737650.0,KOSDAQ,-0.35
020180,대신정보통신,4000.0,9963.0,9963.0,39852000.0,39852000.0,KOSDAQ,0.25
037330,인지디스플레,700.0,56184.0,56184.0,39328800.0,39328800.0,KOSDAQ,-1.41
187270,신화콘텍,3025.0,4895.0,4895.0,14807375.0,14807375.0,KOSDAQ,1.51
093380,풍강,3100.0,75840.0,75840.0,235104000.0,235104000.0,KOSDAQ,-0.64
097780,에코볼트,1509.0,1808.0,1808.0,2728272.0,2728272.0,KOSDAQ,0.94
462310,뉴키즈온,3860.0,6179.0,6179.0,23850940.0,23850940.0,KOSDAQ,1.58
038870,에코심플렉스,2175.0,729247.0,729247.0,1586112225.0,1586112225.0,KOSDAQ,5.07
070590,인티큐브,2190.0,18556.0,18556.0,40637640.0,40637640.0,KOSDAQ,3.55
049120,파인디앤씨,2865.0,12992.0,12992.0,37222080.0,37222080.0,KOSDAQ,3.62
038620,위즈코프,2000.0,45767.0,45767.0,91534000.0,91534000.0,KOSDAQ,1.27
388610,지에프씨생명과학,5680.0,7021.0,7021.0,39879280.0,39879280.0,KOSDAQ,-1.05
464280,티디에스팜,5460.0,7756.0,7756.0,42347760.0,42347760.0,KOSDAQ,-1.27
038950,파인디지털,2940.0,1030.0,1030.0,3028200.0,3028200.0,KOSDAQ,-1.01
900270,헝셩그룹,2800.0,160847.0,160847.0,450371600.0,450371600.0,KOSDAQ,-3.61
075970,동국알앤에스,1630.0,32047.0,32047.0,52236610.0,52236610.0,KOSDAQ,1.12
290560,파라택시스이더리움,1335.0,496695.0,496695.0,663087825.0,663087825.0,KOSDAQ,-0.6
462980,아이지넷,1636.0,74167.0,74167.0,121337212.0,121337212.0,KOSDAQ,1.43
237820,플레이디,2325.0,15472.0,15472.0,35972400.0,35972400.0,KOSDAQ,1.09
311390,네오크레마,2355.0,4343.0,4343.0,10227765.0,10227765.0,KOSDAQ,1.51
091340,S&K폴리텍,2540.0,10004.0,10004.0,25410160.0,25410160.0,KOSDAQ,2.21
071850,캐스텍코리아,1225.0,5036.0,5036.0,6169100.0,6169100.0,KOSDAQ,0.0
351330,이삭엔지니어링,3585.0,290456.0,290456.0,1041284760.0,1041284760.0,KOSDAQ,8.64
073540,에프알텍,2605.0,31724.0,31724.0,82641020.0,82641020.0,KOSDAQ,-3.52
160550,NEW,1062.0,29294.0,29294.0,31110228.0,31110228.0,KOSDAQ,0.19
078590,휴림에이텍,2965.0,53214.0,53214.0,157779510.0,157779510.0,KOSDAQ,-0.17
444530,심플랫폼,4600.0,2821.0,2821.0,12976600.0,12976600.0,KOSDAQ,-2.23
356890,싸이버원,2475.0,19189.0,19189.0,47492775.0,47492775.0,KOSDAQ,-1.59
317240,TS트릴리온,1011.0,128902.0,128902.0,130319922.0,130319922.0,KOSDAQ,-1.37
336060,웨이버스,3060.0,9727.0,9727.0,29764620.0,29764620.0,KOSDAQ,2.0
367000,플래티어,3510.0,1647.0,1647.0,5780970.0,5780970.0,KOSDAQ,1.15
031310,아이즈비전,988.0,39763.0,39763.0,39285844.0,39285844.0,KOSDAQ,-0.8
088340,유라클,6720.0,16624.0,16624.0,111713280.0,111713280.0,KOSDAQ,-0.3
236810,엔비티,1719.0,21333.0,21333.0,36671427.0,36671427.0,KOSDAQ,-0.06
139670,키네마스터,2065.0,6747.0,6747.0,13932555.0,13932555.0,KOSDAQ,-2.36
452160,제이엔비,3025.0,6772.0,6772.0,20485300.0,20485300.0,KOSDAQ,1.68
128540,에코캡,1083.0,41964.0,41964.0,45447012.0,45447012.0,KOSDAQ,-2.96
008470,부스타,1719.0,16271.0,16271.0,27969849.0,27969849.0,KOSDAQ,1.72
318010,팜스빌,3640.0,126.0,126.0,458640.0,458640.0,KOSDAQ,4.3
288620,에스프리즘,4125.0,17353.0,17353.0,71581125.0,71581125.0,KOSDAQ,-2.71
431190,케이쓰리아이,3845.0,117685.0,117685.0,452498825.0,452498825.0,KOSDAQ,1.85
048470,대동스틸,2980.0,12370.0,12370.0,36862600.0,36862600.0,KOSDAQ,8.17
033540,파라텍,2745.0,17084.0,17084.0,46895580.0,46895580.0,KOSDAQ,1.29
169330,엠브레인,1560.0,49040.0,49040.0,76502400.0,76502400.0,KOSDAQ,5.26
239610,에이치엘사이언스,5290.0,2422.0,2422.0,12812380.0,12812380.0,KOSDAQ,1.93
109960,앱토크롬,1884.0,859.0,859.0,1618356.0,1618356.0,KOSDAQ,1.56
080530,코디,2575.0,10594.0,10594.0,27279550.0,27279550.0,KOSDAQ,4.25
115480,씨유메디칼,2345.0,6980.0,6980.0,16368100.0,16368100.0,KOSDAQ,2.4
191410,육일씨엔에쓰,1833.0,23200.0,23200.0,42525600.0,42525600.0,KOSDAQ,-1.13
450520,인스웨이브,1930.0,5259.0,5259.0,10149870.0,10149870.0,KOSDAQ,3.21
045300,성우테크론,2690.0,27068.0,27068.0,72812920.0,72812920.0,KOSDAQ,-0.19
096630,에스코넥,1785.0,55498.0,55498.0,99063930.0,99063930.0,KOSDAQ,0.0
322780,코퍼스코리아,1888.0,14133.0,14133.0,26683104.0,26683104.0,KOSDAQ,0.59
262840,아이퀘스트,2680.0,5551.0,5551.0,14876680.0,14876680.0,KOSDAQ,-1.83
119500,포메탈,2390.0,42721.0,42721.0,102103190.0,102103190.0,KOSDAQ,-0.83
007770,한일화학,8060.0,343.0,343.0,2764580.0,2764580.0,KOSDAQ,0.62
057680,티사이언티픽,1787.0,202206.0,202206.0,361342122.0,361342122.0,KOSDAQ,2.29
089150,케이씨티,1645.0,36751.0,36751.0,60455395.0,60455395.0,KOSDAQ,-0.9
333050,이노테나,5700.0,8372.0,8372.0,47720400.0,47720400.0,KOSDAQ,0.18
016920,카스,1088.0,41840.0,41840.0,45521920.0,45521920.0,KOSDAQ,0.74
377030,비트맥스,1955.0,114484.0,114484.0,223816220.0,223816220.0,KOSDAQ,-1.56
364950,에이아이코리아,3365.0,10635.0,10635.0,35786775.0,35786775.0,KOSDAQ,0.0
079000,와토스코리아,3875.0,11223.0,11223.0,43489125.0,43489125.0,KOSDAQ,-1.77
254120,자비스,905.0,65281.0,65281.0,59079305.0,59079305.0,KOSDAQ,-1.95
066910,손오공,1807.0,13189.0,13189.0,23832523.0,23832523.0,KOSDAQ,-0.33
464580,닷밀,1510.0,13634.0,13634.0,20587340.0,20587340.0,KOSDAQ,-1.24
188260,세니젠,1998.0,4376.0,4376.0,8743248.0,8743248.0,KOSDAQ,-0.6
225220,제놀루션,1445.0,18873.0,18873.0,27271485.0,27271485.0,KOSDAQ,1.76
215790,이노인스트루먼트,687.0,1565371.0,1565371.0,1075409877.0,1075409877.0,KOSDAQ,-4.72
101670,하이드로리튬,487.0,240659.0,240659.0,117200933.0,117200933.0,KOSDAQ,1.67
363260,모비데이즈,4295.0,6620.0,6620.0,28432900.0,28432900.0,KOSDAQ,0.23
373170,엠아이큐브솔루션,1827.0,28430.0,28430.0,51941610.0,51941610.0,KOSDAQ,-3.84
067010,이씨에스,2535.0,33941.0,33941.0,86040435.0,86040435.0,KOSDAQ,0.6
407400,꿈비,1886.0,40540.0,40540.0,76458440.0,76458440.0,KOSDAQ,-4.26
114630,폴라리스우노,1601.0,37398.0,37398.0,59874198.0,59874198.0,KOSDAQ,1.14
130500,GH신소재,1897.0,2315.0,2315.0,4391555.0,4391555.0,KOSDAQ,1.34
123840,뉴온,1773.0,9790.0,9790.0,17357670.0,17357670.0,KOSDAQ,-4.11
148250,알엔투테크놀로지,2025.0,43906.0,43906.0,88909650.0,88909650.0,KOSDAQ,-3.8
091970,LSK아이로봇,3655.0,15624.0,15624.0,57105720.0,57105720.0,KOSDAQ,1.53
348030,모비릭스,2865.0,2910.0,2910.0,8337150.0,8337150.0,KOSDAQ,0.0
013720,청보,2260.0,11089.0,11089.0,25061140.0,25061140.0,KOSDAQ,2.96
068100,케이웨더,2305.0,10940.0,10940.0,25216700.0,25216700.0,KOSDAQ,0.0
017000,신원종합개발,2350.0,8364.0,8364.0,19655400.0,19655400.0,KOSDAQ,0.21
069920,엑시온그룹,1206.0,182366.0,182366.0,219933396.0,219933396.0,KOSDAQ,-4.66
105550,엣지파운드리,1747.0,25731.0,25731.0,44952057.0,44952057.0,KOSDAQ,0.52
195500,마니커에프앤지,1711.0,25542.0,25542.0,43702362.0,43702362.0,KOSDAQ,-1.61
297570,아틀라스링크,3940.0,10149.0,10149.0,39987060.0,39987060.0,KOSDAQ,-3.43
083660,CSA 코스믹,1564.0,36115.0,36115.0,56483860.0,56483860.0,KOSDAQ,-3.22
290270,휴네시온,2830.0,11549.0,11549.0,32683670.0,32683670.0,KOSDAQ,0.0
138070,신진에스엠,1546.0,10798.0,10798.0,16693708.0,16693708.0,KOSDAQ,3.41
900070,글로벌에스엠,1000.0,18927.0,18927.0,18927000.0,18927000.0,KOSDAQ,1.01
052300,오션인더블유,1650.0,83665.0,83665.0,138047250.0,138047250.0,KOSDAQ,-0.54
032750,삼진,2965.0,3629.0,3629.0,10759985.0,10759985.0,KOSDAQ,0.68
131220,대한과학,3590.0,2632.0,2632.0,9448880.0,9448880.0,KOSDAQ,0.28
193250,링크드,2000.0,26801.0,26801.0,53602000.0,53602000.0,KOSDAQ,-4.31
140430,카티스,2500.0,164025.0,164025.0,410062500.0,410062500.0,KOSDAQ,-6.02
376180,피코그램,1436.0,122521.0,122521.0,175940156.0,175940156.0,KOSDAQ,5.67
359090,씨엔알리서치,2310.0,17722.0,17722.0,40937820.0,40937820.0,KOSDAQ,0.22
198940,한주라이트메탈,1331.0,15558.0,15558.0,20707698.0,20707698.0,KOSDAQ,-1.04
019570,GMI벤처,2770.0,11178.0,11178.0,30963060.0,30963060.0,KOSDAQ,1.28
096690,에이루트,6560.0,69462.0,69462.0,455670720.0,455670720.0,KOSDAQ,-1.8
900310,컬러레이,2055.0,5833.0,5833.0,11986815.0,11986815.0,KOSDAQ,-1.67
047080,한빛소프트,1060.0,41586.0,41586.0,44081160.0,44081160.0,KOSDAQ,-0.93
458350,에스팀,3020.0,19151.0,19151.0,57836020.0,57836020.0,KOSDAQ,0.0
054780,키이스트,1332.0,15406.0,15406.0,20520792.0,20520792.0,KOSDAQ,1.29
103840,우양,1595.0,13041.0,13041.0,20800395.0,20800395.0,KOSDAQ,0.95
069140,누리플랜,1727.0,13498.0,13498.0,23311046.0,23311046.0,KOSDAQ,-0.4
053290,NE능률,1576.0,9828.0,9828.0,15488928.0,15488928.0,KOSDAQ,-1.38
069410,엔텔스,2540.0,24053.0,24053.0,61094620.0,61094620.0,KOSDAQ,-1.55
290520,신도기연,1650.0,7624.0,7624.0,12579600.0,12579600.0,KOSDAQ,2.61
043200,파루,1239.0,117340.0,117340.0,145384260.0,145384260.0,KOSDAQ,-0.64
001810,무림SP,1164.0,460754.0,460754.0,536317656.0,536317656.0,KOSDAQ,0.17
328380,솔트웨어,3750.0,8527.0,8527.0,31976250.0,31976250.0,KOSDAQ,-0.27
033050,제이엠아이,807.0,19782.0,19782.0,15964074.0,15964074.0,KOSDAQ,-3.24
238490,힘스,2270.0,12113.0,12113.0,27496510.0,27496510.0,KOSDAQ,-2.78
054090,삼진엘앤디,1028.0,106532.0,106532.0,109514896.0,109514896.0,KOSDAQ,0.1
131180,딜리,4370.0,6289.0,6289.0,27482930.0,27482930.0,KOSDAQ,2.7
016670,디모아,2515.0,11634.0,11634.0,29259510.0,29259510.0,KOSDAQ,3.07
0010F0,보원케미칼,2300.0,62056.0,62056.0,142728800.0,142728800.0,KOSDAQ,3.6
115530,씨엔플러스,2975.0,35608.0,35608.0,105933800.0,105933800.0,KOSDAQ,-2.3
027040,서울전자통신,1830.0,174913.0,174913.0,320090790.0,320090790.0,KOSDAQ,7.96
044780,에이치케이,1373.0,16872.0,16872.0,23165256.0,23165256.0,KOSDAQ,-0.07
267790,배럴,3295.0,3744.0,3744.0,12336480.0,12336480.0,KOSDAQ,6.46
060380,동양에스텍,1285.0,6161.0,6161.0,7916885.0,7916885.0,KOSDAQ,-0.77
101400,엔시트론,1668.0,304573.0,304573.0,508027764.0,508027764.0,KOSDAQ,-0.12
134060,이퓨쳐,5300.0,2459.0,2459.0,13032700.0,13032700.0,KOSDAQ,0.57
076080,웰크론한텍,1118.0,22886.0,22886.0,25586548.0,25586548.0,KOSDAQ,-0.97
073570,리튬포어스,2095.0,34009.0,34009.0,71248855.0,71248855.0,KOSDAQ,1.7
101680,한국정밀기계,3000.0,10295.0,10295.0,30885000.0,30885000.0,KOSDAQ,0.17
123750,알톤,1821.0,8507.0,8507.0,15491247.0,15491247.0,KOSDAQ,-0.22
021880,메이슨캐피탈,1185.0,29294.0,29294.0,34713390.0,34713390.0,KOSDAQ,-0.42
146060,율촌,1045.0,54347.0,54347.0,56792615.0,56792615.0,KOSDAQ,-2.34
222980,한국맥널티,2275.0,9786.0,9786.0,22263150.0,22263150.0,KOSDAQ,3.88
200350,아티스트스튜디오,2510.0,31388.0,31388.0,78783880.0,78783880.0,KOSDAQ,1.41
083640,인콘,5450.0,4601.0,4601.0,25075450.0,25075450.0,KOSDAQ,-0.73
039740,한국정보공학,3115.0,5140.0,5140.0,16011100.0,16011100.0,KOSDAQ,2.13
090150,아이윈,5960.0,13261.0,13261.0,79035560.0,79035560.0,KOSDAQ,-1.16
351870,차이커뮤니케이션,2235.0,2381.0,2381.0,5321535.0,5321535.0,KOSDAQ,0.45
054940,엑사이엔씨,3740.0,48073.0,48073.0,179793020.0,179793020.0,KOSDAQ,-0.8
475660,에스켐,3125.0,29962.0,29962.0,93631250.0,93631250.0,KOSDAQ,-4.14
177830,파버나인,2185.0,5353.0,5353.0,11696305.0,11696305.0,KOSDAQ,1.16
417180,핑거스토리,4315.0,1105.0,1105.0,4768075.0,4768075.0,KOSDAQ,0.47
016100,리더스코스메틱,1290.0,12984.0,12984.0,16749360.0,16749360.0,KOSDAQ,4.03
298060,풍전약품,2545.0,57093.0,57093.0,145301685.0,145301685.0,KOSDAQ,8.99
035200,프럼파스트,2655.0,66436.0,66436.0,176387580.0,176387580.0,KOSDAQ,-2.93
206400,베노티앤알,652.0,40018.0,40018.0,26091736.0,26091736.0,KOSDAQ,-0.46
405920,나라셀라,1895.0,1718.0,1718.0,3255610.0,3255610.0,KOSDAQ,-0.16
398120,에스지헬스케어,2055.0,22894.0,22894.0,47047170.0,47047170.0,KOSDAQ,0.98
148780,비큐AI,3860.0,253234.0,253234.0,977483240.0,977483240.0,KOSDAQ,-4.1
020400,대동금속,2675.0,4110.0,4110.0,10994250.0,10994250.0,KOSDAQ,1.13
060230,제이케이시냅스,1233.0,91209.0,91209.0,112460697.0,112460697.0,KOSDAQ,-2.91
415380,스튜디오삼익,2100.0,5199.0,5199.0,10917900.0,10917900.0,KOSDAQ,-2.55
208350,지란지교시큐리티,2955.0,5115.0,5115.0,15114825.0,15114825.0,KOSDAQ,-2.48
058110,멕아이씨에스,1490.0,45833.0,45833.0,68291170.0,68291170.0,KOSDAQ,-3.75
464500,아이언디바이스,1706.0,71095.0,71095.0,121288070.0,121288070.0,KOSDAQ,2.46
115160,휴맥스,5540.0,11690.0,11690.0,64762600.0,64762600.0,KOSDAQ,0.36
318000,KBG,2720.0,3543.0,3543.0,9636960.0,9636960.0,KOSDAQ,-1.09
462510,라메디텍,2695.0,19863.0,19863.0,53530785.0,53530785.0,KOSDAQ,-0.37
023770,플레이위드,2650.0,9432.0,9432.0,24994800.0,24994800.0,KOSDAQ,0.0
188040,바이오포트,5060.0,1735.0,1735.0,8779100.0,8779100.0,KOSDAQ,0.6
033200,모아텍,2565.0,6442.0,6442.0,16523730.0,16523730.0,KOSDAQ,1.38
038880,아이에이,3140.0,34648.0,34648.0,108794720.0,108794720.0,KOSDAQ,-3.98
036480,대성미생물,6190.0,3494.0,3494.0,21627860.0,21627860.0,KOSDAQ,0.65
365590,하이딥,1275.0,75014.0,75014.0,95642850.0,95642850.0,KOSDAQ,0.39
051380,피씨디렉트,1528.0,19906.0,19906.0,30416368.0,30416368.0,KOSDAQ,-0.13
352940,인바이오,2150.0,17883.0,17883.0,38448450.0,38448450.0,KOSDAQ,0.7
257370,피엔티엠에스,1859.0,14045.0,14045.0,26109655.0,26109655.0,KOSDAQ,1.47
389680,유디엠텍,2785.0,139240.0,139240.0,387783400.0,387783400.0,KOSDAQ,-2.62
007720,소노스퀘어,1147.0,12781.0,12781.0,14659807.0,14659807.0,KOSDAQ,-0.52
206560,덱스터,907.0,340012.0,340012.0,308390884.0,308390884.0,KOSDAQ,2.72
044480,빌리언스,3465.0,14598.0,14598.0,50582070.0,50582070.0,KOSDAQ,0.43
013810,스페코,1562.0,17422.0,17422.0,27213164.0,27213164.0,KOSDAQ,0.0
026910,광진실업,2880.0,481070.0,481070.0,1385481600.0,1385481600.0,KOSDAQ,-17.71
027580,상보,1929.0,78010.0,78010.0,150481290.0,150481290.0,KOSDAQ,-0.16
187220,디티앤씨,1981.0,4456.0,4456.0,8827336.0,8827336.0,KOSDAQ,1.43
018680,서울제약,1958.0,1269.0,1269.0,2484702.0,2484702.0,KOSDAQ,0.31
039310,세중,1259.0,27429.0,27429.0,34533111.0,34533111.0,KOSDAQ,1.45
038530,케이바이오랩스,4390.0,16782.0,16782.0,73672980.0,73672980.0,KOSDAQ,6.55
377330,이지트로닉스,2785.0,1874.0,1874.0,5219090.0,5219090.0,KOSDAQ,4.7
192390,윈하이텍,1889.0,24637.0,24637.0,46539293.0,46539293.0,KOSDAQ,1.72
032860,더라미,2785.0,4135.0,4135.0,11515975.0,11515975.0,KOSDAQ,-0.18
032680,소프트센,975.0,139276.0,139276.0,135794100.0,135794100.0,KOSDAQ,-2.4
032800,판타지오,1483.0,26998.0,26998.0,40038034.0,40038034.0,KOSDAQ,1.99
331520,밸로프,2285.0,24189.0,24189.0,55271865.0,55271865.0,KOSDAQ,1.33
017250,인터엠,1063.0,12384.0,12384.0,13164192.0,13164192.0,KOSDAQ,-0.28
065690,파커스,1857.0,30420.0,30420.0,56489940.0,56489940.0,KOSDAQ,-0.16
362990,드림인사이트,1326.0,30135.0,30135.0,39959010.0,39959010.0,KOSDAQ,2.0
289220,자이언트스텝,994.0,12885.0,12885.0,12807690.0,12807690.0,KOSDAQ,1.53
238200,비피도,2710.0,7906.0,7906.0,21425260.0,21425260.0,KOSDAQ,1.12
303530,이노뎁,3020.0,5663.0,5663.0,17102260.0,17102260.0,KOSDAQ,-0.33
130740,티피씨글로벌,1964.0,13967.0,13967.0,27431188.0,27431188.0,KOSDAQ,1.45
241840,에이스토리,2320.0,11510.0,11510.0,26703200.0,26703200.0,KOSDAQ,0.87
355390,크라우드웍스,1393.0,262847.0,262847.0,366145871.0,366145871.0,KOSDAQ,-2.72
063760,이엘피,2370.0,7476.0,7476.0,17718120.0,17718120.0,KOSDAQ,0.42
065370,위세아이텍,2990.0,10815.0,10815.0,32336850.0,32336850.0,KOSDAQ,1.01
432980,엠에프씨,2565.0,18172.0,18172.0,46611180.0,46611180.0,KOSDAQ,-1.54
277410,인산가,5720.0,3770.0,3770.0,21564400.0,21564400.0,KOSDAQ,0.7
115570,스타플렉스,2750.0,15574.0,15574.0,42828500.0,42828500.0,KOSDAQ,0.73
043590,웰킵스하이텍,1617.0,75626.0,75626.0,122287242.0,122287242.0,KOSDAQ,2.67
276730,한울앤제주,928.0,159233.0,159233.0,147768224.0,147768224.0,KOSDAQ,-6.55
018700,졸스,1308.0,9992.0,9992.0,13069536.0,13069536.0,KOSDAQ,2.99
301300,바이브컴퍼니,1662.0,56585.0,56585.0,94044270.0,94044270.0,KOSDAQ,-4.1
237750,피앤씨테크,3360.0,6229.0,6229.0,20929440.0,20929440.0,KOSDAQ,-0.88
372800,아이티아이즈,3100.0,46315.0,46315.0,143576500.0,143576500.0,KOSDAQ,4.03
440320,오픈놀,2185.0,15479.0,15479.0,33821615.0,33821615.0,KOSDAQ,-1.13
053060,세동,1233.0,22876.0,22876.0,28206108.0,28206108.0,KOSDAQ,0.08
032280,삼일,1340.0,9615.0,9615.0,12884100.0,12884100.0,KOSDAQ,0.53
429270,시지트로닉스,3365.0,75190.0,75190.0,253014350.0,253014350.0,KOSDAQ,1.05
317120,라닉스,1416.0,32250.0,32250.0,45666000.0,45666000.0,KOSDAQ,-3.41
224060,더코디,4180.0,889648.0,889648.0,3718728640.0,3718728640.0,KOSDAQ,-20.08
215480,토박스코리아,2005.0,8566.0,8566.0,17174830.0,17174830.0,KOSDAQ,0.25
054220,비츠로시스,1710.0,63358.0,63358.0,108342180.0,108342180.0,KOSDAQ,-1.67
383930,디티앤씨알오,1680.0,21100.0,21100.0,35448000.0,35448000.0,KOSDAQ,1.02
247660,나노씨엠에스,4100.0,17565.0,17565.0,72016500.0,72016500.0,KOSDAQ,-3.87
067730,로지시스,2205.0,13895.0,13895.0,30638475.0,30638475.0,KOSDAQ,-1.12
043360,디지아이,2365.0,11834.0,11834.0,27987410.0,27987410.0,KOSDAQ,-0.42
219750,한국비티비,1620.0,14595.0,14595.0,23643900.0,23643900.0,KOSDAQ,-0.55
438700,버넥트,1902.0,19535.0,19535.0,37155570.0,37155570.0,KOSDAQ,0.16
275630,에스에스알,4020.0,3864.0,3864.0,15533280.0,15533280.0,KOSDAQ,4.42
227610,아우딘퓨쳐스,1089.0,27916.0,27916.0,30400524.0,30400524.0,KOSDAQ,3.91
342870,오아,3870.0,8235.0,8235.0,31869450.0,31869450.0,KOSDAQ,4.74
344860,이노진,1402.0,50736.0,50736.0,71131872.0,71131872.0,KOSDAQ,-1.13
019660,글로본,1509.0,26125.0,26125.0,39422625.0,39422625.0,KOSDAQ,0.07
095910,에스에너지,575.0,246164.0,246164.0,141544300.0,141544300.0,KOSDAQ,0.7
200230,텔콘RF제약,2205.0,6135.0,6135.0,13527675.0,13527675.0,KOSDAQ,0.68
900110,딥커머스,5650.0,8025.0,8025.0,45341250.0,45341250.0,KOSDAQ,-0.18
021040,대호특수강,959.0,12634.0,12634.0,12116006.0,12116006.0,KOSDAQ,1.91
045520,크린앤사이언스,3200.0,41979.0,41979.0,134332800.0,134332800.0,KOSDAQ,-0.93
069330,유아이디,1222.0,21898.0,21898.0,26759356.0,26759356.0,KOSDAQ,-0.24
078860,아이오케이이엔엠,3350.0,280453.0,280453.0,939517550.0,939517550.0,KOSDAQ,13.56
353190,휴럼,2615.0,6294.0,6294.0,16458810.0,16458810.0,KOSDAQ,0.19
002680,한탑,2650.0,65338.0,65338.0,173145700.0,173145700.0,KOSDAQ,0.0
085810,알티캐스트,1451.0,14026.0,14026.0,20351726.0,20351726.0,KOSDAQ,0.76
403490,우듬지팜,2225.0,11149.0,11149.0,24806525.0,24806525.0,KOSDAQ,5.7
424760,벨로크,2030.0,49520.0,49520.0,100525600.0,100525600.0,KOSDAQ,-2.17
196700,웹스,1420.0,29255.0,29255.0,41542100.0,41542100.0,KOSDAQ,5.11
361670,삼영에스앤씨,3590.0,2916.0,2916.0,10468440.0,10468440.0,KOSDAQ,-0.55
024940,PN풍년,2030.0,11664.0,11664.0,23677920.0,23677920.0,KOSDAQ,-0.25
353590,오토앤,1575.0,5840.0,5840.0,9198000.0,9198000.0,KOSDAQ,0.77
274400,이노시뮬레이션,2220.0,22862.0,22862.0,50753640.0,50753640.0,KOSDAQ,2.07
098660,에스티오,1606.0,23342.0,23342.0,37487252.0,37487252.0,KOSDAQ,0.38
365900,브이씨,2740.0,8630.0,8630.0,23646200.0,23646200.0,KOSDAQ,3.4
060900,에이전트AI,3060.0,10325.0,10325.0,31594500.0,31594500.0,KOSDAQ,-0.16
154030,아시아종묘,1656.0,17916.0,17916.0,29668896.0,29668896.0,KOSDAQ,-0.84
084440,유비온,5210.0,2763.0,2763.0,14395230.0,14395230.0,KOSDAQ,-1.88
050090,비케이홀딩스,847.0,53334.0,53334.0,45173898.0,45173898.0,KOSDAQ,-1.05
048830,엔피케이,1056.0,102891.0,102891.0,108652896.0,108652896.0,KOSDAQ,3.53
113810,디젠스,3025.0,15232.0,15232.0,46076800.0,46076800.0,KOSDAQ,-0.49
080470,성창오토텍,2700.0,7350.0,7350.0,19845000.0,19845000.0,KOSDAQ,-1.1
096870,엘디티,2350.0,50477.0,50477.0,118620950.0,118620950.0,KOSDAQ,-0.84
054410,케이피티유,3400.0,6891.0,6891.0,23429400.0,23429400.0,KOSDAQ,-0.73
050760,에스폴리텍,1187.0,28174.0,28174.0,33442538.0,33442538.0,KOSDAQ,0.0
083470,이엠앤아이,906.0,61598.0,61598.0,55807788.0,55807788.0,KOSDAQ,-0.98
065150,대산F&B,1212.0,25931.0,25931.0,31428372.0,31428372.0,KOSDAQ,-4.87
018620,우진비앤지,2780.0,72304.0,72304.0,201005120.0,201005120.0,KOSDAQ,2.21
405000,플라즈맵,3585.0,65766.0,65766.0,235771110.0,235771110.0,KOSDAQ,7.66
347770,핌스,850.0,55307.0,55307.0,47010950.0,47010950.0,KOSDAQ,-0.7
252500,세화피앤씨,2320.0,8262.0,8262.0,19167840.0,19167840.0,KOSDAQ,1.31
023790,동일스틸럭스,1462.0,196877.0,196877.0,287834174.0,287834174.0,KOSDAQ,-1.15
056730,CNT85,1275.0,7321.0,7321.0,9334275.0,9334275.0,KOSDAQ,0.0
051780,큐로홀딩스,2485.0,27381.0,27381.0,68041785.0,68041785.0,KOSDAQ,-6.93
065060,지엔코,3150.0,13091.0,13091.0,41236650.0,41236650.0,KOSDAQ,-1.25
110020,전진바이오팜,2080.0,3869.0,3869.0,8047520.0,8047520.0,KOSDAQ,-2.35
195990,루트K,1149.0,28735.0,28735.0,33016515.0,33016515.0,KOSDAQ,-2.38
419540,비스토스,3130.0,13261.0,13261.0,41506930.0,41506930.0,KOSDAQ,-2.19
455180,케이지에이,1261.0,33494.0,33494.0,42235934.0,42235934.0,KOSDAQ,0.48
115610,이미지스,1563.0,25091.0,25091.0,39217233.0,39217233.0,KOSDAQ,-2.68
137940,넥스트아이,1880.0,24761.0,24761.0,46550680.0,46550680.0,KOSDAQ,-2.49
210120,캔버스엔,1902.0,732471.0,732471.0,1393159842.0,1393159842.0,KOSDAQ,-16.4
037400,우리엔터프라이즈,3470.0,7453.0,7453.0,25861910.0,25861910.0,KOSDAQ,-2.12
279600,미디어젠,3855.0,6098.0,6098.0,23507790.0,23507790.0,KOSDAQ,-3.14
079950,인베니아,1308.0,50042.0,50042.0,65454936.0,65454936.0,KOSDAQ,-4.18
014100,메디앙스,1520.0,20129.0,20129.0,30596080.0,30596080.0,KOSDAQ,-0.65
060480,국일신동,1605.0,131935.0,131935.0,211755675.0,211755675.0,KOSDAQ,-0.12
009620,삼보산업,5030.0,26174.0,26174.0,131655220.0,131655220.0,KOSDAQ,5.01
335870,윙스풋,5200.0,1142.0,1142.0,5938400.0,5938400.0,KOSDAQ,-0.38
0197V0,엔에이치스팩34호,1920.0,622586.0,622586.0,1195365120.0,1195365120.0,KOSDAQ,-0.26
373110,엑셀세라퓨틱스,1000.0,59059.0,59059.0,59059000.0,59059000.0,KOSDAQ,0.0
131100,티엔엔터테인먼트,2635.0,20935.0,20935.0,55163725.0,55163725.0,KOSDAQ,10.25
088290,이원컴포텍,2115.0,4000.0,4000.0,8460000.0,8460000.0,KOSDAQ,-3.2
0200G0,한국제17호스팩,1937.0,222365814.0,222365814.0,430722581718.0,430722581718.0,KOSDAQ,-3.15
477380,미래에셋비전스팩4호,2075.0,19437.0,19437.0,40331775.0,40331775.0,KOSDAQ,0.24
291810,핀텔,1193.0,2648242.0,2648242.0,3159352706.0,3159352706.0,KOSDAQ,-12.92
034940,조아제약,2695.0,27488.0,27488.0,74080160.0,74080160.0,KOSDAQ,-0.19
225590,패션플랫폼,3215.0,12600.0,12600.0,40509000.0,40509000.0,KOSDAQ,-1.53
285800,진영,4550.0,149135.0,149135.0,678564250.0,678564250.0,KOSDAQ,-8.17
289010,아이스크림에듀,1168.0,198680.0,198680.0,232058240.0,232058240.0,KOSDAQ,0.26
223310,사토시홀딩스,3105.0,28133.0,28133.0,87352965.0,87352965.0,KOSDAQ,2.48
309930,조이웍스앤코,838.0,46114.0,46114.0,38643532.0,38643532.0,KOSDAQ,-1.87
376930,노을,1567.0,77474.0,77474.0,121401758.0,121401758.0,KOSDAQ,-4.51
103230,에스앤더블류,2230.0,27501.0,27501.0,61327230.0,61327230.0,KOSDAQ,0.0
009730,이렘,1998.0,95300.0,95300.0,190409400.0,190409400.0,KOSDAQ,0.0
377220,프롬바이오,2770.0,79374.0,79374.0,219865980.0,219865980.0,KOSDAQ,-2.81
0072Z0,KB제33호스팩,1965.0,61237.0,61237.0,120330705.0,120330705.0,KOSDAQ,0.05
477340,에이치엠씨제7호스팩,2055.0,144.0,144.0,295920.0,295920.0,KOSDAQ,-0.24
065650,하이퍼코퍼레이션,1408.0,14269.0,14269.0,20090752.0,20090752.0,KOSDAQ,-5.82
0101C0,하나36호스팩,1970.0,4053.0,4053.0,7984410.0,7984410.0,KOSDAQ,0.15
0130H0,엔에이치스팩33호,1962.0,3936.0,3936.0,7722432.0,7722432.0,KOSDAQ,-1.21
177350,베셀,1509.0,58876.0,58876.0,88843884.0,88843884.0,KOSDAQ,-0.79
0044K0,삼성스팩10호,1984.0,40513.0,40513.0,80377792.0,80377792.0,KOSDAQ,0.3
306040,에스제이그룹,1599.0,11797.0,11797.0,18863403.0,18863403.0,KOSDAQ,2.63
473050,유안타제15호스팩,2100.0,16199.0,16199.0,34017900.0,34017900.0,KOSDAQ,0.0
0115H0,삼성스팩13호,1974.0,7499.0,7499.0,14803026.0,14803026.0,KOSDAQ,0.0
475460,미트박스,2560.0,35042.0,35042.0,89707520.0,89707520.0,KOSDAQ,-3.03
478440,미래에셋비전스팩6호,2060.0,2203.0,2203.0,4538180.0,4538180.0,KOSDAQ,-0.24
067770,세진티에스,1700.0,167911.0,167911.0,285448700.0,285448700.0,KOSDAQ,-29.9
479880,한국제15호스팩,2065.0,44642.0,44642.0,92185730.0,92185730.0,KOSDAQ,0.0
0165X0,메리츠제2호스팩,1946.0,44129.0,44129.0,85875034.0,85875034.0,KOSDAQ,0.0
092600,앤씨앤,2800.0,1206902.0,1206902.0,3379325600.0,3379325600.0,KOSDAQ,-12.5
006050,국영지앤엠,3975.0,178959.0,178959.0,711362025.0,711362025.0,KOSDAQ,-26.25
0209J0,KB제34호스팩,1905.0,118773329.0,118773329.0,226263191745.0,226263191745.0,KOSDAQ,-4.75
0099W0,미래에셋비전스팩11호,1961.0,2228.0,2228.0,4369108.0,4369108.0,KOSDAQ,-0.25
101000,KS인더스트리,1379.0,146976.0,146976.0,202679904.0,202679904.0,KOSDAQ,-30.0
0134X0,대신밸런스제20호스팩,1978.0,4484.0,4484.0,8869352.0,8869352.0,KOSDAQ,0.15
303030,지니틱스,1454.0,40911.0,40911.0,59484594.0,59484594.0,KOSDAQ,-0.62
079190,케스피온,1382.0,16412.0,16412.0,22681384.0,22681384.0,KOSDAQ,-1.92
481890,엔에이치스팩31호,2070.0,1145.0,1145.0,2370150.0,2370150.0,KOSDAQ,0.0
0164H0,한국제16호스팩,1944.0,44063.0,44063.0,85658472.0,85658472.0,KOSDAQ,-0.31
418620,E8,652.0,693638.0,693638.0,452251976.0,452251976.0,KOSDAQ,-0.15
0096B0,삼성스팩12호,1960.0,3553.0,3553.0,6963880.0,6963880.0,KOSDAQ,-1.36
489730,디비금융제13호스팩,2030.0,1523.0,1523.0,3091690.0,3091690.0,KOSDAQ,0.0
478390,KB제29호스팩,2060.0,3536.0,3536.0,7284160.0,7284160.0,KOSDAQ,-0.48
0097F0,미래에셋비전스팩10호,1964.0,12809.0,12809.0,25156876.0,25156876.0,KOSDAQ,-0.05
028080,휴맥스홀딩스,5200.0,3911.0,3911.0,20337200.0,20337200.0,KOSDAQ,0.39
492220,KB제31호스팩,2030.0,12959.0,12959.0,26306770.0,26306770.0,KOSDAQ,0.0
0037T0,KB제32호스팩,1987.0,53112.0,53112.0,105533544.0,105533544.0,KOSDAQ,-0.05
0093G0,미래에셋비전스팩8호,1961.0,12114.0,12114.0,23755554.0,23755554.0,KOSDAQ,0.05
0054V0,엔에이치스팩32호,1999.0,2563.0,2563.0,5123437.0,5123437.0,KOSDAQ,0.0
208640,썸에이지,888.0,569473.0,569473.0,505692024.0,505692024.0,KOSDAQ,-8.83
035620,바른손이앤에이,664.0,169654.0,169654.0,112650256.0,112650256.0,KOSDAQ,4.4
0131D0,키움히어로제2호스팩,1955.0,11056.0,11056.0,21614480.0,21614480.0,KOSDAQ,-0.76
0091W0,신영스팩11호,2030.0,2266.0,2266.0,4599980.0,4599980.0,KOSDAQ,0.0
239340,이스트에이드,2245.0,6285.0,6285.0,14109825.0,14109825.0,KOSDAQ,-1.54
477760,DB금융스팩12호,2065.0,16191.0,16191.0,33434415.0,33434415.0,KOSDAQ,0.24
0088D0,메리츠제1호스팩,2065.0,4277.0,4277.0,8832005.0,8832005.0,KOSDAQ,0.0
0041L0,하나35호스팩,1970.0,45519.0,45519.0,89672430.0,89672430.0,KOSDAQ,-0.91
354200,엔젠바이오,1329.0,207399.0,207399.0,275633271.0,275633271.0,KOSDAQ,-4.04
0132G0,교보20호스팩,1985.0,1352.0,1352.0,2683720.0,2683720.0,KOSDAQ,-0.05
469900,하나31호스팩,2095.0,52088.0,52088.0,109124360.0,109124360.0,KOSDAQ,0.0
060260,뉴보텍,875.0,31120.0,31120.0,27230000.0,27230000.0,KOSDAQ,-0.91
482690,대신밸런스제19호스팩,2070.0,15831.0,15831.0,32770170.0,32770170.0,KOSDAQ,-0.24
0071M0,삼성스팩11호,1994.0,7573.0,7573.0,15100562.0,15100562.0,KOSDAQ,1.06
474660,신한제12호스팩,2080.0,253.0,253.0,526240.0,526240.0,KOSDAQ,0.0
487360,신한제14호스팩,2030.0,3686.0,3686.0,7482580.0,7482580.0,KOSDAQ,0.25
474490,유안타제16호스팩,2075.0,178.0,178.0,369350.0,369350.0,KOSDAQ,0.0
496070,신한제16호스팩,2030.0,2079.0,2079.0,4220370.0,4220370.0,KOSDAQ,2.22
477470,미래에셋비전스팩5호,2075.0,112.0,112.0,232400.0,232400.0,KOSDAQ,0.0
0105P0,유진스팩12호,1986.0,250.0,250.0,496500.0,496500.0,KOSDAQ,-0.2
0129K0,신한제18호스팩,1962.0,4484.0,4484.0,8797608.0,8797608.0,KOSDAQ,-0.61
0096D0,미래에셋비전스팩9호,1972.0,4180.0,4180.0,8242960.0,8242960.0,KOSDAQ,0.0
486630,KB제30호스팩,2040.0,14984.0,14984.0,30567360.0,30567360.0,KOSDAQ,-0.49
0098T0,교보19호스팩,1991.0,11172.0,11172.0,22243452.0,22243452.0,KOSDAQ,0.56
493790,유안타제17호스팩,2020.0,1633.0,1633.0,3298660.0,3298660.0,KOSDAQ,0.0
489210,교보17호스팩,2060.0,17158.0,17158.0,35345480.0,35345480.0,KOSDAQ,1.23
0004Y0,디비금융제14호스팩,2000.0,738.0,738.0,1476000.0,1476000.0,KOSDAQ,0.0
131760,파인텍,1213.0,190499.0,190499.0,231075287.0,231075287.0,KOSDAQ,0.92
0130D0,신한제17호스팩,1950.0,6808.0,6808.0,13275600.0,13275600.0,KOSDAQ,-0.46
478110,이베스트스팩6호,2055.0,44.0,44.0,90420.0,90420.0,KOSDAQ,0.0
466690,키움히어로제1호스팩,2010.0,1504.0,1504.0,3023040.0,3023040.0,KOSDAQ,0.25
0041B0,교보18호스팩,2005.0,2039.0,2039.0,4088195.0,4088195.0,KOSDAQ,0.0
142760,모아라이프플러스,470.0,114728.0,114728.0,53922160.0,53922160.0,KOSDAQ,0.0
488060,유진스팩11호,2045.0,207.0,207.0,423315.0,423315.0,KOSDAQ,-0.24
240600,유진테크놀로지,1156.0,64365.0,64365.0,74405940.0,74405940.0,KOSDAQ,-8.47
012340,뉴인텍,434.0,331185.0,331185.0,143734290.0,143734290.0,KOSDAQ,-7.86
065770,CS,909.0,61046.0,61046.0,55490814.0,55490814.0,KOSDAQ,-0.33
288980,모아데이타,252.0,796141.0,796141.0,200627532.0,200627532.0,KOSDAQ,-4.18
484130,하나34호스팩,2020.0,17088.0,17088.0,34517760.0,34517760.0,KOSDAQ,0.0
473950,에스케이증권제13호스팩,2045.0,9784.0,9784.0,20008280.0,20008280.0,KOSDAQ,-0.24
487830,신한제15호스팩,2075.0,2244.0,2244.0,4656300.0,4656300.0,KOSDAQ,1.97
472230,에스케이증권제11호스팩,2100.0,4703.0,4703.0,9876300.0,9876300.0,KOSDAQ,0.0
487720,키움제10호스팩,2040.0,10873.0,10873.0,22180920.0,22180920.0,KOSDAQ,0.0
0068Y0,비엔케이제3호스팩,1975.0,276.0,276.0,545100.0,545100.0,KOSDAQ,-0.15
001000,신라섬유,1710.0,26237.0,26237.0,44865270.0,44865270.0,KOSDAQ,-1.33
03481K,해성산업1우,6020.0,373.0,373.0,2245460.0,2245460.0,KOSDAQ,0.67
0041J0,엘에스스팩1호,1900.0,7915.0,7915.0,15038500.0,15038500.0,KOSDAQ,-4.38
475250,하나33호스팩,2085.0,15.0,15.0,31275.0,31275.0,KOSDAQ,0.0
474930,신한제13호스팩,2090.0,13111.0,13111.0,27401990.0,27401990.0,KOSDAQ,-0.24
308100,형지글로벌,277.0,127838.0,127838.0,35411126.0,35411126.0,KOSDAQ,-4.15
473000,에스케이증권제12호스팩,2080.0,15785.0,15785.0,32832800.0,32832800.0,KOSDAQ,0.24
475240,하나32호스팩,2090.0,20933.0,20933.0,43749970.0,43749970.0,KOSDAQ,0.0
250930,예선테크,981.0,126065.0,126065.0,123669765.0,123669765.0,KOSDAQ,-17.28
058450,한주에이알티,910.0,15155.0,15155.0,13791050.0,13791050.0,KOSDAQ,-0.66
900100,파이온엑스,801.0,241101.0,241101.0,193121901.0,193121901.0,KOSDAQ,-28.48
199730,바이오인프라,795.0,108594.0,108594.0,86332230.0,86332230.0,KOSDAQ,2.19
084180,수성웹툰,210.0,4978518.0,4978518.0,1045488780.0,1045488780.0,KOSDAQ,29.63
011080,형지I&C,501.0,520491.0,520491.0,260765991.0,260765991.0,KOSDAQ,-17.46
021045,대호특수강우,2210.0,6882.0,6882.0,15209220.0,15209220.0,KOSDAQ,-10.34
032685,소프트센우,6660.0,510.0,510.0,3396600.0,3396600.0,KOSDAQ,-4.86
